session,label,activity,level,key,enb,t_start,t_end,dwell_s,censored,n_rows,n_cells,n_intra_ho,straight_m,path_m,coord_share,speed_mean,rsrp_mean,rsrp_min,rsrp_first,rsrp_last,nr_share,arfcn,end_type,end_pp
network_log_20260804_222034_unknown,8/4 차량,car,cell,52480270,205001,0.0,5.0,5.0,1,2,1,0,,,0.0,,-76.0,-76.0,-76.0,-76.0,1.0,100,inter,0
network_log_20260804_222034_unknown,8/4 차량,car,cell,52491782,205046,5.0,19.3,14.3,0,3,1,0,,,0.0,,-71.3,-76.0,-76.0,-71.0,1.0,100,inter,0
network_log_20260804_222034_unknown,8/4 차량,car,cell,50951697,199030,19.3,29.5,10.2,0,3,1,0,,,0.0,,-78.0,-78.0,-78.0,-78.0,1.0,100,sector,0
network_log_20260804_222034_unknown,8/4 차량,car,cell,50951684,199030,29.5,67.6,38.2,0,9,1,0,,,0.0,,-79.4,-81.0,-80.0,-81.0,1.0,100,inter,0
network_log_20260804_222034_unknown,8/4 차량,car,cell,52491791,205046,67.6,79.3,11.7,0,3,1,0,,,0.0,,-78.7,-81.0,-81.0,-74.0,1.0,100,inter,0
network_log_20260804_222034_unknown,8/4 차량,car,cell,52478991,204996,79.3,83.7,4.3,0,2,1,0,0.0,0.0,1.0,15.13,-85.0,-85.0,-85.0,-85.0,1.0,100,sector,0
network_log_20260804_222034_unknown,8/4 차량,car,cell,52478992,204996,83.7,84.7,1.0,0,1,1,0,,,0.0,,-75.0,-75.0,-75.0,-75.0,1.0,100,sector,1
network_log_20260804_222034_unknown,8/4 차량,car,cell,52478991,204996,84.7,92.0,7.3,0,3,1,0,36.6,36.6,0.33,18.23,-78.3,-79.0,-78.0,-79.0,1.0,100,sector,0
network_log_20260804_222034_unknown,8/4 차량,car,cell,52478990,204996,92.0,94.6,2.7,0,1,1,0,36.7,36.7,1.0,18.15,-79.0,-79.0,-79.0,-79.0,1.0,100,sector,0
network_log_20260804_222034_unknown,8/4 차량,car,cell,52479007,204996,94.6,96.7,2.1,0,2,1,0,36.6,36.6,1.0,17.98,-73.0,-73.0,-73.0,-73.0,1.0,100,inter,0
network_log_20260804_222034_unknown,8/4 차량,car,cell,52503818,205093,96.7,109.4,12.7,0,3,1,0,210.7,211.6,1.0,17.8,-68.3,-77.0,-77.0,-51.0,1.0,100,inter,0
network_log_20260804_222034_unknown,8/4 차량,car,cell,52478993,204996,109.4,110.2,0.8,0,1,1,0,33.6,33.6,1.0,17.19,-87.0,-87.0,-87.0,-87.0,1.0,100,inter,0
network_log_20260804_222034_unknown,8/4 차량,car,cell,52481294,205005,110.2,121.5,11.2,0,3,1,0,196.8,197.7,1.0,16.49,-83.3,-86.0,-86.0,-80.0,1.0,100,inter,0
network_log_20260804_222034_unknown,8/4 차량,car,cell,52481041,205004,121.5,123.9,2.4,0,1,1,0,30.5,30.5,1.0,15.8,-70.0,-70.0,-70.0,-70.0,1.0,100,sector,0
network_log_20260804_222034_unknown,8/4 차량,car,cell,52481036,205004,123.9,125.3,1.4,0,1,1,0,0.0,0.0,1.0,15.67,-80.0,-80.0,-80.0,-80.0,1.0,100,sector,1
network_log_20260804_222034_unknown,8/4 차량,car,cell,52481041,205004,125.3,130.0,4.7,0,1,1,0,94.1,94.1,1.0,15.67,-79.0,-79.0,-79.0,-79.0,1.0,100,sector,1
network_log_20260804_222034_unknown,8/4 차량,car,cell,52481036,205004,130.0,132.9,3.0,0,2,1,0,32.7,32.7,1.0,15.52,-83.0,-83.0,-83.0,-83.0,1.0,100,inter,0
network_log_20260804_222034_unknown,8/4 차량,car,cell,52481296,205005,132.9,146.7,13.7,0,4,1,0,172.0,172.1,1.0,12.84,-82.0,-87.0,-87.0,-80.0,1.0,100,inter,0
network_log_20260804_222034_unknown,8/4 차량,car,cell,52499717,205077,146.7,212.9,66.2,0,14,1,0,170.3,170.8,0.79,3.46,-66.2,-79.0,-79.0,-70.0,1.0,100,inter,0
network_log_20260804_222034_unknown,8/4 차량,car,cell,52503055,205090,212.9,230.5,17.6,0,4,1,0,156.4,156.5,1.0,7.8,-72.5,-78.0,-78.0,-61.0,1.0,100,sector,0
network_log_20260804_222034_unknown,8/4 차량,car,cell,52503053,205090,230.5,235.2,4.7,0,1,1,0,45.4,45.4,1.0,11.75,-68.0,-68.0,-68.0,-68.0,1.0,100,sector,0
network_log_20260804_222034_unknown,8/4 차량,car,cell,52503052,205090,235.2,239.0,3.8,0,2,1,0,43.9,43.9,1.0,11.05,-63.0,-63.0,-63.0,-63.0,1.0,100,sector,0
network_log_20260804_222034_unknown,8/4 차량,car,cell,52503056,205090,239.0,240.6,1.7,0,1,1,0,21.6,21.6,1.0,10.79,-74.0,-74.0,-74.0,-74.0,1.0,100,sector,1
network_log_20260804_222034_unknown,8/4 차량,car,cell,52503052,205090,240.6,244.7,4.1,0,1,1,0,42.7,42.7,1.0,10.43,-68.0,-68.0,-68.0,-68.0,1.0,100,sector,0
network_log_20260804_222034_unknown,8/4 차량,car,cell,52503057,205090,244.7,245.6,1.0,0,1,1,0,19.8,19.8,1.0,10.27,-81.0,-81.0,-81.0,-81.0,1.0,100,inter,0
network_log_20260804_222034_unknown,8/4 차량,car,cell,52497936,205070,245.6,255.2,9.5,0,2,1,0,79.1,79.1,1.0,9.6,-77.0,-78.0,-76.0,-78.0,1.0,100,inter,0
network_log_20260804_222034_unknown,8/4 차량,car,cell,52493836,205054,255.2,255.7,0.5,0,1,1,0,20.5,20.5,1.0,9.96,-79.0,-79.0,-79.0,-79.0,1.0,100,inter,1
network_log_20260804_222034_unknown,8/4 차량,car,cell,52497936,205070,255.7,260.7,5.0,0,1,1,0,46.9,46.9,1.0,10.39,-71.0,-71.0,-71.0,-71.0,1.0,100,inter,1
network_log_20260804_222034_unknown,8/4 차량,car,cell,52493836,205054,260.7,267.1,6.5,0,2,1,0,85.4,85.4,1.0,14.07,-79.0,-88.0,-70.0,-88.0,1.0,100,inter,0
network_log_20260804_222034_unknown,8/4 차량,car,cell,52497933,205070,267.1,268.7,1.5,0,1,1,0,32.7,32.7,1.0,15.36,-82.0,-82.0,-82.0,-82.0,1.0,100,inter,0
network_log_20260804_222034_unknown,8/4 차량,car,cell,52497681,205069,268.7,280.7,12.0,0,3,1,0,191.3,191.3,1.0,15.99,-80.3,-81.0,-81.0,-79.0,1.0,100,inter,0
network_log_20260804_222034_unknown,8/4 차량,car,cell,52499724,205077,280.7,283.9,3.2,0,1,1,0,61.5,61.5,1.0,15.24,-66.0,-66.0,-66.0,-66.0,1.0,100,inter,0
network_log_20260804_222034_unknown,8/4 차량,car,cell,52493603,205053,283.9,289.4,5.5,0,2,1,0,60.9,60.9,1.0,14.95,-83.0,-83.0,-83.0,-83.0,1.0,100,sector,0
network_log_20260804_222034_unknown,8/4 차량,car,cell,52493585,205053,289.4,293.2,3.8,0,2,1,0,59.8,59.8,1.0,14.87,-90.0,-90.0,-90.0,-90.0,1.0,100,sector,0
network_log_20260804_222034_unknown,8/4 차량,car,cell,52493582,205053,293.2,298.4,5.2,0,2,1,0,84.5,84.5,1.0,14.38,-82.0,-82.0,-82.0,-82.0,1.0,100,inter,0
network_log_20260804_222034_unknown,8/4 차량,car,cell,52494348,205056,298.4,315.7,17.3,0,4,1,0,189.2,189.2,1.0,11.62,-70.8,-72.0,-71.0,-69.0,1.0,100,inter,0
network_log_20260804_222034_unknown,8/4 차량,car,cell,52493583,205053,315.7,319.1,3.5,0,2,1,0,18.3,18.3,1.0,9.47,-68.0,-68.0,-68.0,-68.0,1.0,100,inter,0
network_log_20260804_222034_unknown,8/4 차량,car,cell,50824721,198534,319.1,328.1,8.9,0,3,1,0,95.7,95.8,1.0,9.34,-67.7,-69.0,-69.0,-65.0,1.0,100,inter,1
network_log_20260804_222034_unknown,8/4 차량,car,cell,52493583,205053,328.1,335.8,7.7,0,2,1,0,19.4,19.4,1.0,10.15,-72.5,-74.0,-71.0,-74.0,1.0,100,inter,1
network_log_20260804_222034_unknown,8/4 차량,car,cell,50824721,198534,335.8,338.4,2.5,0,1,1,0,,,0.0,,-66.0,-66.0,-66.0,-66.0,1.0,100,inter,0
network_log_20260804_222034_unknown,8/4 차량,car,cell,51246095,200180,338.4,357.4,19.1,0,5,1,0,,,0.0,,-66.6,-81.0,-81.0,-52.0,1.0,100,inter,0
network_log_20260804_222034_unknown,8/4 차량,car,cell,51246864,200183,357.4,410.6,53.2,0,11,1,0,,,0.0,,-82.5,-93.0,-81.0,-82.0,1.0,100,inter,0
network_log_20260804_222034_unknown,8/4 차량,car,cell,51246093,200180,410.6,423.2,12.6,0,4,1,0,,,0.0,,-76.0,-77.0,-77.0,-73.0,1.0,100,sector,0
network_log_20260804_222034_unknown,8/4 차량,car,cell,51246097,200180,423.2,437.2,14.0,0,4,1,0,,,0.0,,-68.0,-78.0,-78.0,-58.0,1.0,100,sector,0
network_log_20260804_222034_unknown,8/4 차량,car,cell,51246096,200180,437.2,450.6,13.4,0,3,1,0,,,0.0,,-71.3,-82.0,-82.0,-50.0,1.0,100,inter,0
network_log_20260804_222034_unknown,8/4 차량,car,cell,51217420,200068,450.6,463.0,12.4,0,4,1,0,,,0.0,,-81.5,-87.0,-87.0,-65.0,1.0,100,sector,0
network_log_20260804_222034_unknown,8/4 차량,car,cell,51217421,200068,463.0,469.7,6.7,0,2,1,0,,,0.0,,-69.0,-69.0,-69.0,-69.0,1.0,100,sector,0
network_log_20260804_222034_unknown,8/4 차량,car,cell,51217422,200068,469.7,483.8,14.0,0,4,1,0,,,0.0,,-73.2,-76.0,-75.0,-76.0,1.0,100,sector,1
network_log_20260804_222034_unknown,8/4 차량,car,cell,51217421,200068,483.8,486.1,2.4,0,1,1,0,,,0.0,,-100.0,-100.0,-100.0,-100.0,1.0,100,sector,0
network_log_20260804_222034_unknown,8/4 차량,car,cell,51217423,200068,486.1,591.4,105.2,1,22,1,0,,,0.0,,-69.5,-93.0,-93.0,-57.0,1.0,100,,0
network_log_20260816_122412_unknown,8/16 차량,car,cell,51457552,201006,0.0,12.3,12.3,1,4,1,0,493.4,514.9,1.0,6.7,-87.0,-87.0,-87.0,-87.0,1.0,100,sector,0
network_log_20260816_122412_unknown,8/16 차량,car,cell,51457550,201006,12.3,42.8,30.5,0,7,1,0,275.2,300.4,1.0,10.04,-80.7,-90.0,-76.0,-80.0,1.0,100,inter,0
network_log_20260816_122412_unknown,8/16 차량,car,cell,51454993,200996,42.8,47.0,4.2,0,2,1,0,4.8,4.8,1.0,1.31,-81.0,-81.0,-81.0,-81.0,1.0,100,inter,1
network_log_20260816_122412_unknown,8/16 차량,car,cell,51457550,201006,47.0,60.2,13.2,0,3,1,0,108.9,108.9,1.0,5.35,-88.0,-88.0,-88.0,-88.0,1.0,100,inter,1
network_log_20260816_122412_unknown,8/16 차량,car,cell,51454993,200996,60.2,90.2,30.1,0,6,1,0,634.2,634.3,1.0,19.12,-92.0,-96.0,-96.0,-89.0,1.0,100,inter,0
network_log_20260816_122412_unknown,8/16 차량,car,cell,51457295,201005,90.2,120.3,30.1,0,6,1,0,609.1,609.4,1.0,21.35,-99.7,-111.0,-96.0,-111.0,1.0,100,sector,0
network_log_20260816_122412_unknown,8/16 차량,car,cell,51457300,201005,120.3,210.6,90.3,0,18,1,0,190.3,190.4,0.28,10.51,-105.3,-108.0,-104.0,-106.0,0.61,100,inter,0
network_log_20260816_122412_unknown,8/16 차량,car,cell,51858945,202574,210.6,230.7,20.1,0,4,1,0,,,0.0,,-102.5,-104.0,-101.0,-104.0,0.25,3050,inter,0
network_log_20260816_122412_unknown,8/16 차량,car,cell,51457281,201005,230.7,231.7,1.0,0,1,1,0,,,0.0,,-103.0,-103.0,-103.0,-103.0,0.0,3050,inter,1
network_log_20260816_122412_unknown,8/16 차량,car,cell,51858945,202574,231.7,240.7,9.0,0,2,1,0,78.3,78.3,0.5,6.15,-99.0,-99.0,-99.0,-99.0,1.0,3050,inter,1
network_log_20260816_122412_unknown,8/16 차량,car,cell,51457281,201005,240.7,260.7,20.1,0,4,1,0,316.8,318.6,1.0,15.99,-94.5,-96.0,-93.0,-96.0,0.25,3050,inter,0
network_log_20260816_122412_unknown,8/16 차량,car,cell,51858947,202574,260.7,270.8,10.0,0,2,1,0,135.9,135.9,1.0,12.96,-99.0,-99.0,-99.0,-99.0,0.0,3050,inter,0
network_log_20260816_122412_unknown,8/16 차량,car,cell,51400735,200784,270.8,290.8,20.1,0,4,1,0,243.2,243.2,1.0,13.23,-102.5,-104.0,-101.0,-104.0,0.0,3050,sector,0
network_log_20260816_122412_unknown,8/16 차량,car,cell,51400704,200784,290.8,331.0,40.1,0,8,1,0,452.4,452.5,1.0,10.85,-97.8,-106.0,-106.0,-89.0,0.37,3050,band,0
network_log_20260816_122412_unknown,8/16 차량,car,cell,51400737,200784,331.0,351.0,20.1,0,4,1,0,257.4,257.4,1.0,14.55,-99.5,-104.0,-95.0,-104.0,0.0,100,sector,0
network_log_20260816_122412_unknown,8/16 차량,car,cell,51400719,200784,351.0,361.1,10.0,0,2,1,0,13.7,13.7,1.0,2.92,-90.0,-90.0,-90.0,-90.0,1.0,100,band,0
network_log_20260816_122412_unknown,8/16 차량,car,cell,51400706,200784,361.1,411.2,50.1,0,10,1,0,117.2,117.2,0.7,2.84,-105.6,-107.0,-106.0,-107.0,0.3,3050,band,0
network_log_20260816_122412_unknown,8/16 차량,car,cell,51400719,200784,411.2,471.4,60.2,0,12,1,0,998.2,998.3,1.0,16.3,-93.7,-111.0,-93.0,-111.0,0.67,100,band,0
network_log_20260816_122412_unknown,8/16 차량,car,cell,51400712,200784,471.4,481.4,10.0,0,2,1,0,141.0,141.0,1.0,15.29,-105.0,-105.0,-105.0,-105.0,0.5,2600,sector,0
network_log_20260816_122412_unknown,8/16 차량,car,cell,51400715,200784,481.4,501.5,20.1,0,4,1,0,316.6,317.1,1.0,15.33,-105.0,-108.0,-108.0,-102.0,0.25,2600,band,0
network_log_20260816_122412_unknown,8/16 차량,car,cell,51400721,200784,501.5,551.6,50.2,0,10,1,0,851.4,852.0,1.0,16.97,-92.6,-107.0,-94.0,-107.0,0.7,100,sector,0
network_log_20260816_122412_unknown,8/16 차량,car,cell,51400720,200784,551.6,571.7,20.1,0,4,1,0,348.4,348.4,1.0,17.36,-94.0,-98.0,-98.0,-90.0,0.5,100,inter,0
network_log_20260816_122412_unknown,8/16 차량,car,cell,51870209,202618,571.7,601.8,30.1,0,6,1,0,521.6,542.0,1.0,18.37,-107.0,-110.0,-110.0,-109.0,0.5,100,band,0
network_log_20260816_122412_unknown,8/16 차량,car,cell,51870215,202618,601.8,652.0,50.2,0,10,1,0,445.5,445.6,1.0,8.97,-100.4,-104.0,-96.0,-102.0,0.4,2600,inter,0
network_log_20260816_122412_unknown,8/16 차량,car,cell,51869962,202617,652.0,662.0,10.0,0,2,1,0,111.1,111.1,1.0,11.14,-98.0,-98.0,-98.0,-98.0,0.0,2600,inter,0
network_log_20260816_122412_unknown,8/16 차량,car,cell,51870223,202618,662.0,692.1,30.1,0,6,1,0,249.7,251.3,1.0,9.28,-84.3,-91.0,-88.0,-91.0,0.33,100,sector,0
network_log_20260816_122412_unknown,8/16 차량,car,cell,51870224,202618,692.1,732.2,40.1,0,8,1,0,118.9,119.0,0.38,6.05,-95.8,-99.0,-94.0,-93.0,0.75,100,band,0
network_log_20260816_122412_unknown,8/16 차량,car,cell,51870212,202618,732.2,762.3,30.1,0,6,1,0,320.5,320.8,1.0,10.91,-94.0,-96.0,-94.0,-96.0,0.67,3050,band,0
network_log_20260816_122412_unknown,8/16 차량,car,cell,51870224,202618,762.3,792.4,30.1,0,6,1,0,333.2,348.2,1.0,11.14,-99.7,-101.0,-98.0,-101.0,0.33,100,inter,0
network_log_20260816_122412_unknown,8/16 차량,car,cell,51892224,202704,792.4,812.4,20.1,0,4,1,0,162.1,162.2,1.0,8.92,-93.0,-96.0,-96.0,-90.0,0.5,2600,band,0
network_log_20260816_122412_unknown,8/16 차량,car,cell,51892225,202704,812.4,862.6,50.1,0,10,1,0,786.0,786.1,1.0,15.07,-91.4,-102.0,-102.0,-90.0,0.6,3050,sector,0
network_log_20260816_122412_unknown,8/16 차량,car,cell,51892231,202704,862.6,868.8,6.2,0,2,1,0,124.5,124.5,1.0,20.48,-92.0,-92.0,-92.0,-92.0,0.0,3050,inter,0
network_log_20260816_122412_unknown,8/16 차량,car,cell,52147203,203700,868.8,877.0,8.2,0,2,1,0,156.4,157.1,1.0,20.34,-110.0,-110.0,-110.0,-110.0,0.0,3050,inter,0
network_log_20260816_122412_unknown,8/16 차량,car,cell,51907846,202765,877.0,892.7,15.7,0,4,1,0,355.2,355.3,1.0,20.7,-102.0,-105.0,-99.0,-105.0,0.0,2600,inter,0
network_log_20260816_122412_unknown,8/16 차량,car,cell,52147209,203700,892.7,912.7,20.1,0,4,1,0,386.2,413.8,1.0,21.82,-92.0,-97.0,-97.0,-87.0,0.5,2600,band,0
network_log_20260816_122412_unknown,8/16 차량,car,cell,52147215,203700,912.7,922.8,10.0,0,2,1,0,209.6,209.6,1.0,20.04,-108.0,-108.0,-108.0,-108.0,0.0,100,sector,0
network_log_20260816_122412_unknown,8/16 차량,car,cell,52147214,203700,922.8,952.9,30.1,0,6,1,0,552.9,553.9,1.0,18.88,-107.0,-108.0,-107.0,-108.0,0.5,100,band,0
network_log_20260816_122412_unknown,8/16 차량,car,cell,52147208,203700,952.9,962.9,10.0,0,2,1,0,171.2,171.2,1.0,17.62,-99.0,-99.0,-99.0,-99.0,0.0,2600,inter,0
network_log_20260816_122412_unknown,8/16 차량,car,cell,51907339,202763,962.9,982.9,20.1,0,4,1,0,343.8,343.8,1.0,17.18,-105.0,-106.0,-106.0,-104.0,0.0,2600,sector,0
network_log_20260816_122412_unknown,8/16 차량,car,cell,51907335,202763,982.9,993.0,10.0,0,2,1,0,179.3,179.3,1.0,18.11,-98.0,-98.0,-98.0,-98.0,0.0,2600,band,0
network_log_20260816_122412_unknown,8/16 차량,car,cell,51907341,202763,993.0,1023.1,30.1,0,6,1,0,518.1,518.1,1.0,17.37,-97.0,-107.0,-85.0,-107.0,0.33,100,sector,0
network_log_20260816_122412_unknown,8/16 차량,car,cell,51907342,202763,1023.1,1063.2,40.1,0,8,1,0,651.7,652.0,1.0,16.22,-94.5,-98.0,-98.0,-89.0,0.5,100,sector,0
network_log_20260816_122412_unknown,8/16 차량,car,cell,51907343,202763,1063.2,1113.3,50.1,0,10,1,0,825.9,825.9,1.0,16.48,-88.8,-103.0,-98.0,-103.0,0.2,100,inter,0
network_log_20260816_122412_unknown,8/16 차량,car,cell,52238864,204058,1113.3,1133.4,20.1,0,4,1,0,330.4,330.6,1.0,16.74,-84.0,-90.0,-90.0,-78.0,1.0,100,inter,0
network_log_20260816_122412_unknown,8/16 차량,car,cell,52237346,204052,1133.4,1143.4,10.0,0,2,1,0,160.4,160.4,1.0,16.19,-95.0,-95.0,-95.0,-95.0,0.5,100,inter,0
network_log_20260816_122412_unknown,8/16 차량,car,cell,52239117,204059,1143.4,1153.4,10.0,0,2,1,0,159.7,159.7,1.0,16.25,-102.0,-102.0,-102.0,-102.0,0.0,100,inter,0
network_log_20260816_122412_unknown,8/16 차량,car,cell,52236556,204049,1153.4,1213.6,60.2,0,12,1,0,696.0,696.0,1.0,11.69,-95.7,-104.0,-100.0,-104.0,0.5,100,sector,0
network_log_20260816_122412_unknown,8/16 차량,car,cell,52236558,204049,1213.6,1243.7,30.1,0,6,1,0,345.2,345.2,1.0,11.39,-97.0,-102.0,-102.0,-100.0,0.33,100,sector,0
network_log_20260816_122412_unknown,8/16 차량,car,cell,52236560,204049,1243.7,1263.8,20.1,0,4,1,0,279.1,279.1,1.0,13.57,-93.0,-98.0,-88.0,-98.0,0.25,100,inter,0
network_log_20260816_122412_unknown,8/16 차량,car,cell,52233233,204036,1263.8,1293.9,30.1,0,6,1,0,481.7,481.7,1.0,16.07,-94.3,-98.0,-91.0,-98.0,0.33,100,sector,0
network_log_20260816_122412_unknown,8/16 차량,car,cell,52233232,204036,1293.9,1303.9,10.0,0,2,1,0,161.3,161.3,1.0,16.34,-93.0,-93.0,-93.0,-93.0,1.0,100,sector,0
network_log_20260816_122412_unknown,8/16 차량,car,cell,52233229,204036,1303.9,1324.0,20.1,0,4,1,0,262.3,262.3,1.0,13.77,-90.0,-101.0,-79.0,-101.0,0.25,100,sector,0
network_log_20260816_122412_unknown,8/16 차량,car,cell,52233248,204036,1324.0,1363.6,39.6,0,8,1,0,218.7,218.7,1.0,5.58,-88.8,-95.0,-85.0,-95.0,0.49,100,inter,0
network_log_20260816_122412_unknown,8/16 차량,car,cell,50893326,198802,1363.6,1374.1,10.5,0,3,1,0,105.8,105.8,1.0,8.48,-107.0,-107.0,-107.0,-107.0,0.52,100,inter,0
network_log_20260816_122412_unknown,8/16 차량,car,cell,52231715,204030,1374.1,1421.1,46.9,0,10,1,0,354.8,355.2,1.0,7.88,-85.2,-103.0,-103.0,-89.0,0.21,100,inter,0
network_log_20260816_122412_unknown,8/16 차량,car,cell,50893326,198802,1421.1,1434.3,13.3,0,3,1,0,132.3,132.3,1.0,8.8,-106.0,-106.0,-106.0,-106.0,0.0,100,inter,0
network_log_20260816_122412_unknown,8/16 차량,car,cell,52231692,204030,1434.3,1458.9,24.6,0,5,1,0,286.0,286.0,1.0,11.61,-100.2,-107.0,-107.0,-91.0,0.2,100,inter,0
network_log_20260816_122412_unknown,8/16 차량,car,cell,52022028,203211,1458.9,1474.4,15.5,0,4,1,0,168.6,168.6,1.0,11.66,-112.0,-113.0,-111.0,-113.0,0.0,100,inter,0
network_log_20260816_122412_unknown,8/16 차량,car,cell,52231693,204030,1474.4,1494.5,20.1,0,4,1,0,328.3,329.4,1.0,15.04,-97.0,-97.0,-97.0,-97.0,0.25,100,sector,0
network_log_20260816_122412_unknown,8/16 차량,car,cell,52231695,204030,1494.5,1514.6,20.1,0,4,1,0,339.2,340.3,1.0,17.18,-84.0,-87.0,-81.0,-87.0,0.0,100,inter,0
network_log_20260816_122412_unknown,8/16 차량,car,cell,52022028,203211,1514.6,1534.6,20.1,0,4,1,0,373.1,375.9,1.0,18.8,-94.5,-96.0,-96.0,-93.0,0.5,100,band,0
network_log_20260816_122412_unknown,8/16 차량,car,cell,52022016,203211,1534.6,1584.8,50.2,0,10,1,0,714.2,730.5,1.0,15.25,-88.6,-93.0,-79.0,-93.0,0.4,3050,sector,0
network_log_20260816_122412_unknown,8/16 차량,car,cell,52022020,203211,1584.8,1614.9,30.1,0,6,1,0,162.7,217.1,1.0,7.91,-95.7,-99.0,-99.0,-97.0,0.0,3050,sector,0
network_log_20260816_122412_unknown,8/16 차량,car,cell,52022021,203211,1614.9,1624.9,10.0,0,2,1,0,109.4,109.4,1.0,10.05,-92.0,-92.0,-92.0,-92.0,1.0,3050,sector,1
network_log_20260816_122412_unknown,8/16 차량,car,cell,52022020,203211,1624.9,1655.0,30.1,0,6,1,0,273.0,278.9,1.0,10.22,-90.3,-96.0,-86.0,-89.0,0.17,3050,inter,0
network_log_20260816_122412_unknown,8/16 차량,car,cell,51737602,202100,1655.0,1693.4,38.3,0,8,1,0,262.1,262.4,1.0,6.44,-78.0,-84.0,-84.0,-72.0,0.78,3050,inter,0
network_log_20260816_122412_unknown,8/16 차량,car,cell,52022016,203211,1693.4,1728.8,35.4,0,8,1,0,392.9,392.9,1.0,11.27,-100.0,-105.0,-97.0,-105.0,0.14,3050,inter,0
network_log_20260816_122412_unknown,8/16 차량,car,cell,50896133,198813,1728.8,1735.2,6.5,0,2,1,0,50.1,50.1,1.0,8.43,-104.0,-104.0,-104.0,-104.0,0.0,3050,sector,0
network_log_20260816_122412_unknown,8/16 차량,car,cell,50896129,198813,1735.2,1785.4,50.2,0,10,1,0,321.4,321.5,1.0,6.75,-95.0,-104.0,-104.0,-80.0,0.3,3050,band,0
network_log_20260816_122412_unknown,8/16 차량,car,cell,50896141,198813,1785.4,1805.5,20.1,0,4,1,0,98.9,99.0,1.0,4.82,-68.5,-69.0,-68.0,-69.0,0.75,100,band,1
network_log_20260816_122412_unknown,8/16 차량,car,cell,50896129,198813,1805.5,1875.7,70.2,0,14,1,0,302.0,302.4,1.0,4.51,-90.3,-105.0,-74.0,-103.0,0.29,3050,sector,0
network_log_20260816_122412_unknown,8/16 차량,car,cell,50896132,198813,1875.7,1955.9,80.3,0,16,1,0,209.6,214.6,1.0,2.81,-90.9,-105.0,-105.0,-85.0,0.31,3050,inter,0
network_log_20260816_122412_unknown,8/16 차량,car,cell,50895875,198812,1955.9,2026.2,70.2,0,14,1,0,520.9,522.8,1.0,6.66,-79.6,-101.0,-77.0,-101.0,0.57,3050,sector,0
network_log_20260816_122412_unknown,8/16 차량,car,cell,50895877,198812,2026.2,2036.2,10.0,0,2,1,0,161.9,161.9,1.0,14.88,-103.0,-103.0,-103.0,-103.0,0.5,3050,sector,0
network_log_20260816_122412_unknown,8/16 차량,car,cell,50895874,198812,2036.2,2046.2,10.1,0,2,1,0,197.9,197.9,1.0,18.32,-78.0,-78.0,-78.0,-78.0,0.0,3050,inter,0
network_log_20260816_122412_unknown,8/16 차량,car,cell,50895382,198810,2046.2,2056.3,10.0,0,2,1,0,227.5,227.5,1.0,22.57,-80.0,-80.0,-80.0,-80.0,0.0,3050,sector,0
network_log_20260816_122412_unknown,8/16 차량,car,cell,50895379,198810,2056.3,2066.3,10.0,0,2,1,0,223.7,223.7,1.0,22.74,-80.0,-80.0,-80.0,-80.0,0.0,3050,inter,0
network_log_20260816_122412_unknown,8/16 차량,car,cell,50894848,198808,2066.3,2076.3,10.0,0,2,1,0,198.5,198.5,1.0,21.14,-102.0,-102.0,-102.0,-102.0,0.0,3050,inter,0
network_log_20260816_122412_unknown,8/16 차량,car,cell,50895361,198810,2076.3,2081.1,4.8,0,1,1,0,79.4,79.4,1.0,20.07,-74.0,-74.0,-74.0,-74.0,0.0,3050,sector,0
network_log_20260816_122412_unknown,8/16 차량,car,cell,50895360,198810,2081.1,2106.4,25.3,0,6,1,0,548.8,557.5,1.0,20.96,-94.3,-99.0,-92.0,-99.0,0.41,3050,inter,0
network_log_20260816_122412_unknown,8/16 차량,car,cell,50942723,198995,2106.4,2116.4,10.0,0,2,1,0,212.7,212.8,1.0,21.63,-102.0,-102.0,-102.0,-102.0,0.0,3050,inter,0
network_log_20260816_122412_unknown,8/16 차량,car,cell,50802946,198449,2116.4,2126.5,10.0,0,2,1,0,178.0,178.0,1.0,19.68,-87.0,-87.0,-87.0,-87.0,0.0,3050,inter,1
network_log_20260816_122412_unknown,8/16 차량,car,cell,50942723,198995,2126.5,2156.5,30.1,0,6,1,0,287.5,287.6,1.0,9.97,-95.3,-107.0,-83.0,-107.0,0.33,3050,inter,0
network_log_20260816_122412_unknown,8/16 차량,car,cell,50850309,198634,2156.5,2176.6,20.1,0,4,1,0,269.8,270.1,1.0,12.92,-96.0,-97.0,-95.0,-97.0,0.5,3050,sector,0
network_log_20260816_122412_unknown,8/16 차량,car,cell,50850307,198634,2176.6,2206.7,30.1,0,6,1,0,482.4,482.5,1.0,15.76,-86.7,-95.0,-82.0,-95.0,0.5,3050,inter,0
network_log_20260816_122412_unknown,8/16 차량,car,cell,50944258,199001,2206.7,2226.8,20.1,0,4,1,0,346.3,347.0,1.0,17.27,-88.8,-94.0,-94.0,-87.0,1.0,3050,inter,0
network_log_20260816_122412_unknown,8/16 차량,car,cell,50802176,198446,2226.8,2256.9,30.1,0,6,1,0,440.3,490.5,1.0,16.4,-91.3,-99.0,-94.0,-99.0,1.0,3050,sector,0
network_log_20260816_122412_unknown,8/16 차량,car,cell,50802180,198446,2256.9,2266.9,10.0,0,2,1,0,166.7,167.1,1.0,16.52,-92.0,-92.0,-92.0,-92.0,1.0,3050,inter,0
network_log_20260816_122412_unknown,8/16 차량,car,cell,50939917,198984,2266.9,2276.9,10.0,0,2,1,0,171.6,171.7,1.0,17.16,-93.0,-93.0,-93.0,-93.0,1.0,3050,inter,0
network_log_20260816_122412_unknown,8/16 차량,car,cell,50839808,198593,2276.9,2286.9,10.0,0,2,1,0,170.8,172.6,1.0,17.31,-84.0,-84.0,-84.0,-84.0,1.0,3050,inter,0
network_log_20260816_122412_unknown,8/16 차량,car,cell,50939908,198984,2286.9,2297.0,10.0,0,2,1,0,151.5,152.3,1.0,16.66,-86.0,-86.0,-86.0,-86.0,1.0,3050,sector,0
network_log_20260816_122412_unknown,8/16 차량,car,cell,50939906,198984,2297.0,2298.3,1.4,0,1,1,0,17.3,17.3,1.0,11.39,-85.0,-85.0,-85.0,-85.0,1.0,3050,inter,0
network_log_20260816_122412_unknown,8/16 차량,car,cell,50917152,198895,2298.3,2327.1,28.7,0,6,1,0,219.9,220.0,1.0,8.3,-84.0,-92.0,-92.0,-79.0,1.0,3050,inter,0
network_log_20260816_122412_unknown,8/16 차량,car,cell,50915841,198890,2327.1,2357.2,30.1,0,6,1,0,117.3,120.9,1.0,4.99,-96.0,-99.0,-93.0,-99.0,0.83,3050,inter,0
network_log_20260816_122412_unknown,8/16 차량,car,cell,50917152,198895,2357.2,2447.4,90.3,0,18,1,0,106.0,106.1,0.22,4.33,-102.2,-108.0,-101.0,-108.0,0.44,3050,inter,0
network_log_20260816_122412_unknown,8/16 차량,car,cell,50915845,198890,2447.4,2607.9,160.5,0,32,1,0,436.8,494.9,0.38,7.71,-88.8,-107.0,-107.0,-89.0,0.53,3050,sector,0
network_log_20260816_122412_unknown,8/16 차량,car,cell,50915844,198890,2607.9,2638.0,30.1,0,6,1,0,19.9,19.9,0.17,3.43,-87.7,-89.0,-89.0,-89.0,0.67,3050,band,0
network_log_20260816_122412_unknown,8/16 차량,car,cell,50915854,198890,2638.0,2658.1,20.0,0,4,1,0,140.6,140.9,1.0,6.36,-80.0,-81.0,-81.0,-79.0,0.5,100,inter,0
network_log_20260816_122412_unknown,8/16 차량,car,cell,50916612,198893,2658.1,2668.1,10.0,0,2,1,0,98.5,98.8,1.0,9.66,-82.0,-82.0,-82.0,-82.0,0.0,3050,inter,0
network_log_20260816_122412_unknown,8/16 차량,car,cell,50915844,198890,2668.1,2678.1,10.0,0,2,1,0,116.6,116.6,1.0,11.1,-89.0,-89.0,-89.0,-89.0,0.0,3050,inter,1
network_log_20260816_122412_unknown,8/16 차량,car,cell,50916612,198893,2678.1,2688.2,10.0,0,2,1,0,126.0,126.6,1.0,12.66,-88.0,-88.0,-88.0,-88.0,1.0,3050,inter,0
network_log_20260816_122412_unknown,8/16 차량,car,cell,51006466,199244,2688.2,2718.3,30.1,0,6,1,0,305.6,309.1,1.0,10.28,-76.0,-84.0,-62.0,-82.0,0.5,3050,inter,0
network_log_20260816_122412_unknown,8/16 차량,car,cell,52450562,204885,2718.3,2758.4,40.1,0,8,1,0,342.4,345.6,1.0,9.24,-85.2,-93.0,-93.0,-87.0,0.5,3050,sector,0
network_log_20260816_122412_unknown,8/16 차량,car,cell,52450561,204885,2758.4,2838.6,80.3,0,16,1,0,360.6,368.3,0.44,9.6,-77.8,-94.0,-71.0,-91.0,0.25,3050,inter,0
network_log_20260816_122412_unknown,8/16 차량,car,cell,52450838,204886,2838.6,2848.7,10.0,0,2,1,0,137.6,137.6,1.0,13.45,-68.0,-68.0,-68.0,-68.0,0.0,3050,inter,0
network_log_20260816_122412_unknown,8/16 차량,car,cell,51006725,199245,2848.7,2857.7,9.0,0,2,1,0,123.6,123.6,1.0,13.32,-90.0,-90.0,-90.0,-90.0,0.44,3050,inter,0
network_log_20260816_122412_unknown,8/16 차량,car,cell,50796544,198424,2857.7,2868.7,11.0,0,3,1,0,41.4,44.5,1.0,6.48,-84.0,-84.0,-84.0,-84.0,0.55,3050,inter,0
network_log_20260816_122412_unknown,8/16 차량,car,cell,51186179,199946,2868.7,2878.7,10.0,0,2,1,0,86.1,86.1,1.0,8.38,-79.0,-79.0,-79.0,-79.0,0.0,3050,inter,1
network_log_20260816_122412_unknown,8/16 차량,car,cell,51006725,199245,2878.7,2892.2,13.4,0,3,1,0,15.2,20.1,1.0,2.84,-99.7,-103.0,-98.0,-103.0,0.0,3050,inter,1
network_log_20260816_122412_unknown,8/16 차량,car,cell,50796544,198424,2892.2,2908.8,16.6,0,4,1,0,20.2,38.7,1.0,2.76,-106.0,-107.0,-105.0,-107.0,0.0,3050,inter,0
network_log_20260816_122412_unknown,8/16 차량,car,cell,51186179,199946,2908.8,2951.0,42.2,0,9,1,0,114.9,156.8,1.0,3.72,-91.6,-102.0,-102.0,-82.0,0.52,3050,inter,0
network_log_20260816_122412_unknown,8/16 차량,car,cell,50796544,198424,2951.0,3069.3,118.2,0,24,1,0,47.6,84.4,0.88,0.73,-83.7,-94.0,-86.0,-78.0,0.66,3050,band,0
network_log_20260816_122412_unknown,8/16 차량,car,cell,50796556,198424,3069.3,3159.6,90.3,0,18,1,0,100.7,103.0,1.0,1.02,-82.8,-109.0,-109.0,-84.0,0.39,100,inter,0
network_log_20260816_122412_unknown,8/16 차량,car,cell,50811407,198482,3159.6,3169.6,10.0,0,2,1,0,12.6,12.6,1.0,1.1,-85.0,-85.0,-85.0,-85.0,0.0,100,inter,0
network_log_20260816_122412_unknown,8/16 차량,car,cell,52450318,204884,3169.6,3172.2,2.5,0,1,1,0,2.6,2.6,1.0,1.06,-82.0,-82.0,-82.0,-82.0,0.0,100,inter,1
network_log_20260816_122412_unknown,8/16 차량,car,cell,50796556,198424,3172.2,3189.7,17.5,0,4,1,0,20.0,20.6,1.0,1.07,-85.0,-87.0,-87.0,-83.0,0.0,100,inter,1
network_log_20260816_122412_unknown,8/16 차량,car,cell,52450318,204884,3189.7,3199.7,10.0,0,2,1,0,10.3,10.3,1.0,1.12,-74.0,-74.0,-74.0,-74.0,0.0,100,sector,0
network_log_20260816_122412_unknown,8/16 차량,car,cell,52450317,204884,3199.7,3229.8,30.1,0,6,1,0,20.7,29.5,1.0,0.81,-78.3,-84.0,-78.0,-84.0,0.17,100,sector,0
network_log_20260816_122412_unknown,8/16 차량,car,cell,52450318,204884,3229.8,3239.8,10.0,0,2,1,0,,,0.5,1.0,-88.0,-88.0,-88.0,-88.0,0.5,100,band,0
network_log_20260816_122412_unknown,8/16 차량,car,cell,52450306,204884,3239.8,3274.5,34.7,0,7,1,0,,,0.0,,-92.1,-94.0,-94.0,-93.0,0.58,3050,inter,0
network_log_20260816_122412_unknown,8/16 차량,car,cell,50796544,198424,3274.5,3290.0,15.4,0,4,1,0,6.3,9.0,1.0,1.48,-101.0,-101.0,-101.0,-101.0,0.65,3050,inter,0
network_log_20260816_122412_unknown,8/16 차량,car,cell,52450312,204884,3290.0,3300.0,10.0,0,2,1,0,,,0.5,0.53,-117.0,-117.0,-117.0,-117.0,1.0,2600,sector,0
network_log_20260816_122412_unknown,8/16 차량,car,cell,52450311,204884,3300.0,3302.8,2.8,0,1,1,0,,,0.0,,-113.0,-113.0,-113.0,-113.0,1.0,2600,inter,0
network_log_20260816_122412_unknown,8/16 차량,car,cell,50796550,198424,3302.8,3330.1,27.3,0,6,1,0,,,0.0,,-89.3,-90.0,-90.0,-88.0,0.45,2600,inter,1
network_log_20260816_122412_unknown,8/16 차량,car,cell,52450311,204884,3330.1,3333.0,2.9,0,1,1,0,,,0.0,,-114.0,-114.0,-114.0,-114.0,0.0,2600,inter,1
network_log_20260816_122412_unknown,8/16 차량,car,cell,50796550,198424,3333.0,3350.2,17.1,0,4,1,0,,,0.0,,-93.0,-99.0,-99.0,-87.0,0.0,2600,inter,1
network_log_20260816_122412_unknown,8/16 차량,car,cell,52450311,204884,3350.2,3355.2,5.0,0,1,1,0,,,0.0,,-111.0,-111.0,-111.0,-111.0,0.0,2600,inter,1
network_log_20260816_122412_unknown,8/16 차량,car,cell,50796550,198424,3355.2,3356.6,1.4,0,1,1,0,,,0.0,,-81.0,-81.0,-81.0,-81.0,1.0,2600,band,0
network_log_20260816_122412_unknown,8/16 차량,car,cell,50796544,198424,3356.6,3475.5,118.9,1,25,1,0,77.0,155.6,0.84,0.61,-90.7,-99.0,-99.0,-86.0,0.64,3050,,0
network_log_20260909_165646_subway,9/9 지하철,subway,cell,51234820,200136,0.0,36.6,36.6,1,10,1,0,268.5,268.5,0.8,1.23,-95.4,-101.0,-96.0,-84.0,1.0,3050,inter,0
network_log_20260909_165646_subway,9/9 지하철,subway,cell,51235331,200138,36.6,39.3,2.6,0,1,1,0,42.7,42.7,1.0,,-106.0,-106.0,-106.0,-106.0,1.0,3050,sector,0
network_log_20260909_165646_subway,9/9 지하철,subway,cell,51235332,200138,39.3,44.6,5.3,0,2,1,0,86.6,86.6,1.0,,-98.0,-98.0,-98.0,-98.0,1.0,3050,sector,1
network_log_20260909_165646_subway,9/9 지하철,subway,cell,51235331,200138,44.6,51.4,6.8,0,3,1,0,110.5,110.5,1.0,,-77.3,-81.0,-81.0,-70.0,1.0,3050,sector,0
network_log_20260909_165646_subway,9/9 지하철,subway,cell,51235330,200138,51.4,64.3,12.9,0,3,1,0,209.7,209.7,1.0,,-94.0,-99.0,-99.0,-86.0,1.0,3050,sector,0
network_log_20260909_165646_subway,9/9 지하철,subway,cell,51235329,200138,64.3,77.6,13.3,0,4,1,0,175.5,175.5,1.0,,-73.0,-97.0,-65.0,-97.0,1.0,3050,inter,0
network_log_20260909_165646_subway,9/9 지하철,subway,cell,51235584,200139,77.6,150.4,72.8,0,16,1,0,318.6,318.6,1.0,,-90.2,-100.0,-100.0,-86.0,1.0,3050,sector,0
network_log_20260909_165646_subway,9/9 지하철,subway,cell,51235587,200139,150.4,153.3,2.9,0,1,1,0,45.5,45.5,1.0,,-85.0,-85.0,-85.0,-85.0,1.0,3050,inter,0
network_log_20260909_165646_subway,9/9 지하철,subway,cell,52504580,205096,153.3,159.5,6.2,0,2,1,0,99.2,99.2,1.0,,-90.0,-90.0,-90.0,-90.0,1.0,3050,sector,0
network_log_20260909_165646_subway,9/9 지하철,subway,cell,52504578,205096,159.5,164.8,5.3,0,2,1,0,84.2,84.2,1.0,,-87.0,-87.0,-87.0,-87.0,1.0,3050,sector,0
network_log_20260909_165646_subway,9/9 지하철,subway,cell,52504576,205096,164.8,167.2,2.4,0,2,1,0,38.2,38.2,1.0,,-80.0,-80.0,-80.0,-80.0,1.0,3050,sector,1
network_log_20260909_165646_subway,9/9 지하철,subway,cell,52504578,205096,167.2,168.3,1.1,0,1,1,0,17.1,17.1,1.0,,-97.0,-97.0,-97.0,-97.0,1.0,3050,sector,1
network_log_20260909_165646_subway,9/9 지하철,subway,cell,52504576,205096,168.3,174.2,5.9,0,2,1,0,34.4,34.4,1.0,,-92.0,-92.0,-92.0,-92.0,1.0,3050,inter,0
network_log_20260909_165646_subway,9/9 지하철,subway,cell,51235073,200137,174.2,190.1,15.8,0,4,1,0,0.0,0.0,1.0,,-84.5,-90.0,-90.0,-79.0,1.0,3050,sector,0
network_log_20260909_165646_subway,9/9 지하철,subway,cell,51235074,200137,190.1,250.8,60.7,0,13,1,0,224.5,224.5,1.0,,-81.5,-89.0,-89.0,-81.0,1.0,3050,sector,0
network_log_20260909_165646_subway,9/9 지하철,subway,cell,51235072,200137,250.8,267.6,16.9,0,6,1,0,252.3,252.3,1.0,,-93.7,-98.0,-98.0,-89.0,1.0,3050,sector,0
network_log_20260909_165646_subway,9/9 지하철,subway,cell,51235076,200137,267.6,277.9,10.3,0,3,1,0,154.0,154.0,1.0,,-84.3,-90.0,-90.0,-83.0,1.0,3050,inter,0
network_log_20260909_165646_subway,9/9 지하철,subway,cell,51249667,200194,277.9,284.6,6.7,0,2,1,0,100.1,100.1,1.0,,-74.5,-77.0,-77.0,-72.0,1.0,3050,sector,0
network_log_20260909_165646_subway,9/9 지하철,subway,cell,51249669,200194,284.6,299.7,15.1,0,4,1,0,225.7,225.7,1.0,,-88.0,-91.0,-91.0,-89.0,1.0,3050,sector,0
network_log_20260909_165646_subway,9/9 지하철,subway,cell,51249665,200194,299.7,300.9,1.2,0,1,1,0,18.5,18.5,1.0,,-96.0,-96.0,-96.0,-96.0,1.0,3050,sector,0
network_log_20260909_165646_subway,9/9 지하철,subway,cell,51249664,200194,300.9,302.9,2.0,0,1,1,0,29.9,29.9,1.0,,-91.0,-91.0,-91.0,-91.0,1.0,3050,sector,1
network_log_20260909_165646_subway,9/9 지하철,subway,cell,51249665,200194,302.9,310.9,8.0,0,2,1,0,45.1,45.1,1.0,,-85.0,-87.0,-87.0,-83.0,1.0,3050,sector,1
network_log_20260909_165646_subway,9/9 지하철,subway,cell,51249664,200194,310.9,374.2,63.2,0,14,1,0,140.4,140.4,1.0,,-92.4,-109.0,-109.0,-94.0,1.0,3050,inter,0
network_log_20260909_165646_subway,9/9 지하철,subway,cell,52505093,205098,374.2,376.1,1.9,0,1,1,0,20.4,20.4,1.0,,-107.0,-107.0,-107.0,-107.0,1.0,3050,sector,0
network_log_20260909_165646_subway,9/9 지하철,subway,cell,52505092,205098,376.1,382.8,6.7,0,3,1,0,71.8,71.8,1.0,,-100.0,-102.0,-102.0,-96.0,1.0,3050,sector,1
network_log_20260909_165646_subway,9/9 지하철,subway,cell,52505093,205098,382.8,391.0,8.2,0,2,1,0,88.5,88.5,1.0,,-89.0,-89.0,-89.0,-89.0,1.0,3050,sector,1
network_log_20260909_165646_subway,9/9 지하철,subway,cell,52505092,205098,391.0,404.0,13.0,0,4,1,0,139.4,139.4,1.0,,-80.2,-84.0,-84.0,-74.0,1.0,3050,sector,0
network_log_20260909_165646_subway,9/9 지하철,subway,cell,52505090,205098,404.0,418.1,14.1,0,4,1,0,137.7,137.7,1.0,,-75.2,-87.0,-87.0,-82.0,1.0,3050,inter,0
network_log_20260909_165646_subway,9/9 지하철,subway,cell,51249410,200193,418.1,488.5,70.4,0,15,1,0,223.7,223.7,1.0,,-86.4,-94.0,-92.0,-94.0,1.0,3050,inter,0
network_log_20260909_165646_subway,9/9 지하철,subway,cell,51264257,200251,488.5,507.4,18.9,0,4,1,0,259.7,259.7,1.0,,-91.8,-94.0,-94.0,-89.0,1.0,3050,inter,0
network_log_20260909_165646_subway,9/9 지하철,subway,cell,51264004,200250,507.4,518.6,11.2,0,3,1,0,69.1,69.1,1.0,,-96.7,-104.0,-97.0,-104.0,1.0,3050,sector,0
network_log_20260909_165646_subway,9/9 지하철,subway,cell,51264002,200250,518.6,523.0,4.4,1,3,1,0,0.0,0.0,1.0,,-98.0,-106.0,-96.0,-106.0,1.0,3050,,0
network_log_20260914_165631_car,9/14 차량,car,cell,52546577,205260,0.0,40.1,40.1,1,9,1,0,103.1,107.9,1.0,1.06,-77.1,-80.0,-76.0,-79.0,1.0,100,inter,0
network_log_20260914_165631_car,9/14 차량,car,cell,52549135,205270,40.1,70.3,30.1,0,6,1,0,299.8,300.2,1.0,9.38,-75.5,-88.0,-71.0,-88.0,1.0,100,inter,0
network_log_20260914_165631_car,9/14 차량,car,cell,52558862,205308,70.3,75.0,4.8,0,1,1,0,41.3,41.3,1.0,9.94,-90.0,-90.0,-90.0,-90.0,1.0,100,inter,0
network_log_20260914_165631_car,9/14 차량,car,cell,52559136,205309,75.0,80.3,5.3,0,2,1,0,72.6,72.6,1.0,11.08,-84.0,-84.0,-84.0,-84.0,1.0,100,inter,1
network_log_20260914_165631_car,9/14 차량,car,cell,52558862,205308,80.3,95.2,14.8,0,3,1,0,136.8,137.2,1.0,10.61,-77.7,-85.0,-85.0,-73.0,1.0,100,inter,1
network_log_20260914_165631_car,9/14 차량,car,cell,52559136,205309,95.2,100.4,5.2,0,2,1,0,23.8,23.8,1.0,7.24,-79.0,-79.0,-79.0,-79.0,1.0,100,inter,1
network_log_20260914_165631_car,9/14 차량,car,cell,52558862,205308,100.4,103.5,3.1,0,1,1,0,6.8,6.8,1.0,3.41,-83.0,-83.0,-83.0,-83.0,1.0,100,inter,1
network_log_20260914_165631_car,9/14 차량,car,cell,52559136,205309,103.5,105.4,1.9,0,1,1,0,4.2,4.2,1.0,3.35,-82.0,-82.0,-82.0,-82.0,1.0,100,inter,1
network_log_20260914_165631_car,9/14 차량,car,cell,52558862,205308,105.4,122.9,17.5,0,4,1,0,0.7,0.8,0.75,0.54,-83.8,-86.0,-82.0,-83.0,1.0,100,sector,0
network_log_20260914_165631_car,9/14 차량,car,cell,52558861,205308,122.9,130.5,7.6,0,2,1,0,0.0,0.1,1.0,0.0,-84.0,-84.0,-84.0,-84.0,1.0,100,inter,1
network_log_20260914_165631_car,9/14 차량,car,cell,52559136,205309,130.5,133.3,2.8,0,1,1,0,9.4,9.4,1.0,0.0,-83.0,-83.0,-83.0,-83.0,1.0,100,inter,0
network_log_20260914_165631_car,9/14 차량,car,cell,52558879,205308,133.3,138.2,5.0,0,2,1,0,43.5,43.5,1.0,5.27,-84.0,-84.0,-84.0,-84.0,1.0,100,sector,1
network_log_20260914_165631_car,9/14 차량,car,cell,52558861,205308,138.2,152.3,14.1,0,4,1,0,12.9,13.3,1.0,2.48,-79.0,-81.0,-77.0,-81.0,1.0,100,sector,1
network_log_20260914_165631_car,9/14 차량,car,cell,52558879,205308,152.3,183.4,31.1,0,7,1,0,238.6,238.8,1.0,6.53,-80.4,-85.0,-78.0,-85.0,1.0,100,sector,0
network_log_20260914_165631_car,9/14 차량,car,cell,52558861,205308,183.4,216.7,33.4,0,7,1,0,99.3,103.5,1.0,3.66,-82.4,-86.0,-80.0,-84.0,1.0,100,sector,0
network_log_20260914_165631_car,9/14 차량,car,cell,52558860,205308,216.7,245.6,28.9,0,7,1,0,34.6,34.9,1.0,0.97,-84.9,-88.0,-84.0,-88.0,1.0,100,inter,0
network_log_20260914_165631_car,9/14 차량,car,cell,52558604,205307,245.6,357.3,111.6,0,23,1,0,153.0,153.8,1.0,1.25,-77.9,-88.0,-88.0,-77.0,1.0,100,sector,0
network_log_20260914_165631_car,9/14 차량,car,cell,52558607,205307,357.3,392.1,34.9,0,8,1,0,0.1,0.3,1.0,0.0,-77.1,-80.0,-75.0,-77.0,1.0,100,sector,0
network_log_20260914_165631_car,9/14 차량,car,cell,52558604,205307,392.1,448.1,56.0,0,12,1,0,62.7,66.0,0.83,0.92,-77.5,-80.0,-80.0,-77.0,1.0,100,sector,0
network_log_20260914_165631_car,9/14 차량,car,cell,52558607,205307,448.1,469.9,21.8,0,6,1,0,170.2,177.5,1.0,6.91,-74.3,-82.0,-73.0,-82.0,1.0,100,inter,0
network_log_20260914_165631_car,9/14 차량,car,cell,51024909,199316,469.9,518.8,48.9,0,10,1,0,263.7,264.2,1.0,6.07,-78.0,-83.0,-77.0,-83.0,1.0,100,sector,0
network_log_20260914_165631_car,9/14 차량,car,cell,51024931,199316,518.8,522.0,3.2,0,1,1,0,42.1,42.1,1.0,9.49,-79.0,-79.0,-79.0,-79.0,1.0,100,sector,0
network_log_20260914_165631_car,9/14 차량,car,cell,51024910,199316,522.0,542.0,19.9,0,5,1,0,277.3,277.4,1.0,13.08,-74.0,-78.0,-74.0,-78.0,1.0,100,inter,0
network_log_20260914_165631_car,9/14 차량,car,cell,52544785,205253,542.0,546.7,4.7,0,2,1,0,63.1,63.1,1.0,15.75,-84.0,-84.0,-84.0,-84.0,1.0,100,inter,0
network_log_20260914_165631_car,9/14 차량,car,cell,51024913,199316,546.7,555.8,9.1,0,3,1,0,151.3,151.9,1.0,15.41,-77.7,-79.0,-79.0,-75.0,1.0,100,sector,0
network_log_20260914_165631_car,9/14 차량,car,cell,51024912,199316,555.8,557.9,2.1,0,1,1,0,31.2,31.2,1.0,15.77,-77.0,-77.0,-77.0,-77.0,1.0,100,inter,0
network_log_20260914_165631_car,9/14 차량,car,cell,51025422,199318,557.9,653.9,96.0,0,20,1,0,609.8,612.7,1.0,6.81,-72.5,-86.0,-86.0,-77.0,1.0,100,band,0
network_log_20260914_165631_car,9/14 차량,car,cell,51025410,199318,653.9,690.8,36.9,0,9,1,0,166.5,167.9,1.0,5.92,-87.8,-94.0,-83.0,-89.0,1.0,3050,inter,0
network_log_20260914_165631_car,9/14 차량,car,cell,51019010,199293,690.8,694.1,3.4,0,1,1,0,39.5,39.5,1.0,9.09,-91.0,-91.0,-91.0,-91.0,1.0,3050,inter,1
network_log_20260914_165631_car,9/14 차량,car,cell,51025410,199318,694.1,701.6,7.5,0,3,1,0,83.7,83.7,1.0,10.46,-88.0,-88.0,-88.0,-88.0,1.0,3050,inter,1
network_log_20260914_165631_car,9/14 차량,car,cell,51019010,199293,701.6,775.8,74.2,0,15,1,0,162.1,164.4,1.0,2.54,-85.1,-90.0,-84.0,-83.0,1.0,3050,sector,0
network_log_20260914_165631_car,9/14 차량,car,cell,51019008,199293,775.8,787.9,12.1,0,3,1,0,129.0,129.0,1.0,9.12,-81.0,-81.0,-81.0,-81.0,1.0,3050,sector,0
network_log_20260914_165631_car,9/14 차량,car,cell,51019013,199293,787.9,799.4,11.5,0,3,1,0,103.7,103.7,1.0,10.53,-77.7,-85.0,-85.0,-70.0,1.0,3050,inter,0
network_log_20260914_165631_car,9/14 차량,car,cell,50810884,198480,799.4,841.1,41.7,0,9,1,0,211.0,211.4,0.89,5.39,-76.3,-79.0,-75.0,-75.0,1.0,3050,inter,0
network_log_20260914_165631_car,9/14 차량,car,cell,51019269,199294,841.1,850.0,8.9,0,3,1,0,136.0,136.0,1.0,12.72,-79.3,-81.0,-81.0,-76.0,1.0,3050,sector,0
network_log_20260914_165631_car,9/14 차량,car,cell,51019266,199294,850.0,933.5,83.6,0,17,1,0,289.7,291.0,1.0,3.87,-84.1,-93.0,-84.0,-85.0,1.0,3050,inter,0
network_log_20260914_165631_car,9/14 차량,car,cell,50810629,198479,933.5,935.9,2.4,0,1,1,0,54.4,54.4,1.0,12.9,-77.0,-77.0,-77.0,-77.0,1.0,3050,inter,1
network_log_20260914_165631_car,9/14 차량,car,cell,51019266,199294,935.9,941.9,6.0,0,2,1,0,90.4,90.4,1.0,14.61,-88.0,-88.0,-88.0,-88.0,1.0,3050,inter,0
network_log_20260914_165631_car,9/14 차량,car,cell,50789393,198396,941.9,946.4,4.4,0,2,1,0,0.0,0.0,1.0,14.94,-100.0,-100.0,-100.0,-100.0,1.0,3050,inter,0
network_log_20260914_165631_car,9/14 차량,car,cell,51019272,199294,946.4,948.6,2.2,0,1,1,0,,,0.0,,-101.0,-101.0,-101.0,-101.0,1.0,2600,inter,0
network_log_20260914_165631_car,9/14 차량,car,cell,50810634,198479,948.6,958.6,10.0,0,2,1,0,,,0.0,,-99.5,-100.0,-99.0,-100.0,1.0,2600,band,0
network_log_20260914_165631_car,9/14 차량,car,cell,50810628,198479,958.6,977.5,18.9,0,4,1,0,233.1,233.1,1.0,12.96,-76.5,-86.0,-86.0,-83.0,1.0,3050,inter,0
network_log_20260914_165631_car,9/14 차량,car,cell,50789379,198396,977.5,978.7,1.2,0,1,1,0,15.7,15.7,1.0,9.95,-95.0,-95.0,-95.0,-95.0,1.0,3050,inter,1
network_log_20260914_165631_car,9/14 차량,car,cell,50810628,198479,978.7,1000.7,22.0,0,5,1,0,63.2,63.4,1.0,3.64,-95.6,-96.0,-95.0,-96.0,1.0,3050,inter,0
network_log_20260914_165631_car,9/14 차량,car,cell,51208962,200035,1000.7,1003.8,3.1,0,1,1,0,36.3,36.3,1.0,7.75,-90.0,-90.0,-90.0,-90.0,1.0,3050,inter,0
network_log_20260914_165631_car,9/14 차량,car,cell,51017475,199287,1003.8,1008.6,4.8,0,2,1,0,43.5,43.5,1.0,9.96,-96.0,-96.0,-96.0,-96.0,1.0,3050,sector,0
network_log_20260914_165631_car,9/14 차량,car,cell,51017474,199287,1008.6,1019.3,10.7,0,3,1,0,133.2,133.2,1.0,12.33,-96.7,-100.0,-95.0,-100.0,1.0,3050,sector,1
network_log_20260914_165631_car,9/14 차량,car,cell,51017475,199287,1019.3,1092.2,72.9,0,15,1,0,330.6,335.1,0.93,5.21,-82.6,-98.0,-98.0,-83.0,1.0,3050,inter,0
network_log_20260914_165631_car,9/14 차량,car,cell,51017987,199289,1092.2,1102.4,10.2,0,3,1,0,1.8,2.2,1.0,0.0,-83.0,-83.0,-83.0,-83.0,1.0,3050,inter,1
network_log_20260914_165631_car,9/14 차량,car,cell,51017475,199287,1102.4,1109.0,6.6,0,2,1,0,24.3,24.3,1.0,2.2,-82.5,-84.0,-84.0,-81.0,1.0,3050,inter,1
network_log_20260914_165631_car,9/14 차량,car,cell,51017987,199289,1109.0,1118.5,9.5,0,3,1,0,86.0,86.4,1.0,6.73,-75.7,-76.0,-76.0,-75.0,1.0,3050,sector,0
network_log_20260914_165631_car,9/14 차량,car,cell,51017989,199289,1118.5,1126.8,8.4,0,3,1,0,101.8,101.8,1.0,12.09,-76.3,-77.0,-76.0,-77.0,1.0,3050,inter,0
network_log_20260914_165631_car,9/14 차량,car,cell,51019780,199296,1126.8,1134.6,7.8,0,2,1,0,111.5,111.5,1.0,13.93,-95.0,-95.0,-95.0,-95.0,1.0,3050,sector,0
network_log_20260914_165631_car,9/14 차량,car,cell,51019777,199296,1134.6,1148.2,13.5,0,4,1,0,196.2,196.2,1.0,13.9,-75.2,-76.0,-76.0,-73.0,1.0,3050,sector,1
network_log_20260914_165631_car,9/14 차량,car,cell,51019780,199296,1148.2,1149.2,1.1,0,1,1,0,0.0,0.0,1.0,14.33,-85.0,-85.0,-85.0,-85.0,1.0,3050,inter,0
network_log_20260914_165631_car,9/14 차량,car,cell,51019521,199295,1149.2,1263.2,114.0,0,24,1,0,251.9,255.1,1.0,2.85,-78.8,-83.0,-78.0,-76.0,1.0,3050,inter,0
network_log_20260914_165631_car,9/14 차량,car,cell,51019776,199296,1263.2,1265.6,2.3,0,1,1,0,20.7,20.7,1.0,10.15,-86.0,-86.0,-86.0,-86.0,1.0,3050,inter,1
network_log_20260914_165631_car,9/14 차량,car,cell,51019521,199295,1265.6,1273.7,8.1,0,2,1,0,118.1,118.1,1.0,11.39,-84.5,-85.0,-85.0,-84.0,1.0,3050,inter,0
network_log_20260914_165631_car,9/14 차량,car,cell,51206149,200024,1273.7,1279.1,5.5,0,2,1,0,46.7,46.7,1.0,12.81,-82.0,-82.0,-82.0,-82.0,1.0,3050,sector,0
network_log_20260914_165631_car,9/14 차량,car,cell,51206144,200024,1279.1,1283.3,4.2,0,2,1,0,46.7,46.7,1.0,11.71,-88.0,-88.0,-88.0,-88.0,1.0,3050,inter,0
network_log_20260914_165631_car,9/14 차량,car,cell,50992130,199188,1283.3,1300.7,17.4,0,4,1,0,144.1,146.5,1.0,9.76,-73.5,-77.0,-71.0,-75.0,1.0,3050,sector,0
network_log_20260914_165631_car,9/14 차량,car,cell,50992132,199188,1300.7,1319.7,19.0,0,4,1,0,7.2,8.1,1.0,0.0,-78.5,-88.0,-71.0,-88.0,1.0,3050,sector,1
network_log_20260914_165631_car,9/14 차량,car,cell,50992130,199188,1319.7,1373.6,53.9,0,12,1,0,191.8,194.0,1.0,3.24,-78.0,-83.0,-80.0,-80.0,1.0,3050,sector,0
network_log_20260914_165631_car,9/14 차량,car,cell,50992129,199188,1373.6,1398.4,24.7,0,6,1,0,108.3,116.9,1.0,3.33,-79.3,-82.0,-80.0,-80.0,1.0,3050,inter,0
network_log_20260914_165631_car,9/14 차량,car,cell,50992386,199189,1398.4,1403.6,5.3,0,2,1,0,54.1,54.1,1.0,9.14,-83.0,-83.0,-83.0,-83.0,1.0,3050,inter,0
network_log_20260914_165631_car,9/14 차량,car,cell,50997505,199209,1403.6,1465.0,61.4,0,13,1,0,336.9,341.0,1.0,5.58,-83.2,-94.0,-77.0,-94.0,1.0,3050,inter,0
network_log_20260914_165631_car,9/14 차량,car,cell,50990597,199182,1465.0,1475.4,10.4,0,3,1,0,111.3,111.4,1.0,10.1,-95.3,-97.0,-97.0,-92.0,1.0,3050,sector,0
network_log_20260914_165631_car,9/14 차량,car,cell,50990595,199182,1475.4,1480.7,5.3,0,2,1,0,74.3,74.3,1.0,12.58,-78.0,-78.0,-78.0,-78.0,1.0,3050,sector,1
network_log_20260914_165631_car,9/14 차량,car,cell,50990597,199182,1480.7,1501.7,21.0,0,5,1,0,218.5,218.8,1.0,10.68,-74.2,-76.0,-74.0,-76.0,1.0,3050,inter,0
network_log_20260914_165631_car,9/14 차량,car,cell,50991621,199186,1501.7,1502.8,1.1,0,1,1,0,0.0,0.0,1.0,9.61,-84.0,-84.0,-84.0,-84.0,1.0,3050,inter,0
network_log_20260914_165631_car,9/14 차량,car,cell,50990596,199182,1502.8,1510.1,7.3,0,2,1,0,72.3,72.3,1.0,9.22,-75.0,-75.0,-75.0,-75.0,1.0,3050,inter,1
network_log_20260914_165631_car,9/14 차량,car,cell,50991621,199186,1510.1,1544.7,34.6,0,8,1,0,104.2,105.2,1.0,3.75,-81.1,-82.0,-82.0,-82.0,1.0,3050,band,0
network_log_20260914_165631_car,9/14 차량,car,cell,50991633,199186,1544.7,1569.0,24.3,0,6,1,0,227.6,227.7,1.0,8.93,-76.5,-79.0,-79.0,-76.0,1.0,100,sector,0
network_log_20260914_165631_car,9/14 차량,car,cell,50991629,199186,1569.0,1598.1,29.1,0,7,1,0,230.7,233.4,1.0,8.12,-72.9,-79.0,-79.0,-64.0,1.0,100,sector,0
network_log_20260914_165631_car,9/14 차량,car,cell,50991631,199186,1598.1,1634.3,36.2,0,8,1,0,112.8,114.0,1.0,3.48,-68.9,-73.0,-73.0,-67.0,1.0,100,inter,0
network_log_20260914_165631_car,9/14 차량,car,cell,50992640,199190,1634.3,1635.7,1.4,0,1,1,0,9.9,9.9,1.0,7.1,-91.0,-91.0,-91.0,-91.0,1.0,3050,inter,0
network_log_20260914_165631_car,9/14 차량,car,cell,50991873,199187,1635.7,1680.4,44.7,0,10,1,0,116.8,118.5,1.0,2.71,-87.7,-90.0,-88.0,-86.0,1.0,3050,band,0
network_log_20260914_165631_car,9/14 차량,car,cell,50991885,199187,1680.4,1692.4,12.0,0,3,1,0,112.6,112.7,1.0,9.62,-79.7,-81.0,-81.0,-77.0,1.0,100,inter,0
network_log_20260914_165631_car,9/14 차량,car,cell,50991647,199186,1692.4,1695.7,3.3,0,1,1,0,31.8,31.8,1.0,8.95,-82.0,-82.0,-82.0,-82.0,1.0,100,inter,0
network_log_20260914_165631_car,9/14 차량,car,cell,50991887,199187,1695.7,1750.3,54.6,0,12,1,0,233.3,236.6,1.0,4.65,-71.6,-80.0,-80.0,-71.0,1.0,100,inter,0
network_log_20260914_165631_car,9/14 차량,car,cell,50990863,199183,1750.3,1778.5,28.1,0,6,1,0,50.6,53.2,1.0,2.22,-74.0,-77.0,-71.0,-77.0,1.0,100,sector,0
network_log_20260914_165631_car,9/14 차량,car,cell,50990864,199183,1778.5,1793.0,14.6,0,3,1,0,127.1,127.1,1.0,7.29,-68.0,-73.0,-73.0,-72.0,1.0,100,sector,0
network_log_20260914_165631_car,9/14 차량,car,cell,50990865,199183,1793.0,1810.1,17.1,0,5,1,0,174.7,174.7,1.0,9.5,-77.0,-86.0,-72.0,-86.0,1.0,100,sector,0
network_log_20260914_165631_car,9/14 차량,car,cell,50990860,199183,1810.1,1865.2,55.1,0,12,1,0,204.4,205.1,1.0,4.27,-79.1,-84.0,-84.0,-75.0,1.0,100,inter,0
network_log_20260914_165631_car,9/14 차량,car,cell,51189772,199960,1865.2,1873.1,7.9,0,2,1,0,60.8,60.9,1.0,7.84,-74.0,-74.0,-74.0,-74.0,1.0,100,sector,0
network_log_20260914_165631_car,9/14 차량,car,cell,51189776,199960,1873.1,1964.7,91.6,0,19,1,0,169.0,173.0,1.0,1.91,-68.6,-73.0,-73.0,-72.0,1.0,100,sector,0
network_log_20260914_165631_car,9/14 차량,car,cell,51189775,199960,1964.7,1970.1,5.3,0,2,1,0,48.7,48.7,1.0,8.1,-78.0,-78.0,-78.0,-78.0,1.0,100,sector,0
network_log_20260914_165631_car,9/14 차량,car,cell,51189777,199960,1970.1,1980.1,10.0,0,2,1,0,51.2,51.5,1.0,6.15,-70.0,-73.0,-73.0,-67.0,1.0,100,sector,0
network_log_20260914_165631_car,9/14 차량,car,cell,51189773,199960,1980.1,1985.2,5.0,0,1,1,0,4.3,4.3,1.0,2.91,-68.0,-68.0,-68.0,-68.0,1.0,100,sector,0
network_log_20260914_165631_car,9/14 차량,car,cell,51189774,199960,1985.2,1990.2,5.0,0,1,1,0,1.3,1.3,1.0,0.0,-69.0,-69.0,-69.0,-69.0,1.0,100,sector,1
network_log_20260914_165631_car,9/14 차량,car,cell,51189777,199960,1990.2,2010.4,20.2,0,4,1,0,4.0,4.1,1.0,0.0,-75.5,-78.0,-75.0,-74.0,1.0,100,sector,1
network_log_20260914_165631_car,9/14 차량,car,cell,51189774,199960,2010.4,2203.5,193.1,0,40,1,0,183.6,185.9,1.0,0.94,-77.5,-87.0,-73.0,-87.0,1.0,100,inter,0
network_log_20260914_165631_car,9/14 차량,car,cell,50859277,198669,2203.5,2204.6,1.1,0,1,1,0,10.3,10.3,1.0,5.02,-85.0,-85.0,-85.0,-85.0,1.0,100,sector,0
network_log_20260914_165631_car,9/14 차량,car,cell,50859281,198669,2204.6,2255.7,51.1,0,11,1,0,119.9,124.6,1.0,2.49,-74.5,-81.0,-80.0,-70.0,1.0,100,sector,0
network_log_20260914_165631_car,9/14 차량,car,cell,50859276,198669,2255.7,2323.9,68.2,0,15,1,0,135.5,136.8,1.0,1.84,-64.1,-67.0,-65.0,-61.0,1.0,100,sector,0
network_log_20260914_165631_car,9/14 차량,car,cell,50859280,198669,2323.9,2337.1,13.2,0,3,1,0,118.6,118.6,1.0,9.58,-65.0,-67.0,-67.0,-61.0,1.0,100,inter,0
network_log_20260914_165631_car,9/14 차량,car,cell,51189516,199959,2337.1,2354.8,17.7,0,5,1,0,151.9,151.9,1.0,9.05,-81.4,-83.0,-83.0,-83.0,1.0,100,inter,0
network_log_20260914_165631_car,9/14 차량,car,cell,50862348,198681,2354.8,2361.6,6.9,0,2,1,0,6.2,7.4,1.0,1.92,-89.0,-89.0,-89.0,-89.0,1.0,100,inter,1
network_log_20260914_165631_car,9/14 차량,car,cell,51189516,199959,2361.6,2372.7,11.1,0,3,1,0,0.4,0.5,1.0,0.0,-87.7,-89.0,-87.0,-89.0,1.0,100,inter,1
network_log_20260914_165631_car,9/14 차량,car,cell,50862348,198681,2372.7,2392.4,19.7,0,4,1,0,101.7,101.7,1.0,3.92,-86.5,-91.0,-91.0,-82.0,1.0,100,sector,0
network_log_20260914_165631_car,9/14 차량,car,cell,50862349,198681,2392.4,2410.0,17.6,0,5,1,0,186.6,186.6,1.0,9.51,-74.2,-78.0,-78.0,-73.0,1.0,100,inter,0
network_log_20260914_165631_car,9/14 차량,car,cell,50857486,198662,2410.0,2415.4,5.4,0,2,1,0,35.0,35.0,1.0,9.61,-80.0,-80.0,-80.0,-80.0,1.0,100,inter,0
network_log_20260914_165631_car,9/14 차량,car,cell,50862353,198681,2415.4,2440.3,25.0,0,6,1,0,34.7,34.9,1.0,2.22,-75.5,-77.0,-75.0,-76.0,1.0,100,inter,1
network_log_20260914_165631_car,9/14 차량,car,cell,50857486,198662,2440.3,2442.9,2.6,0,1,1,0,7.0,7.0,1.0,1.76,-77.0,-77.0,-77.0,-77.0,1.0,100,inter,1
network_log_20260914_165631_car,9/14 차량,car,cell,50862353,198681,2442.9,2449.2,6.3,0,3,1,0,23.1,23.1,1.0,3.21,-68.7,-69.0,-69.0,-68.0,1.0,100,inter,1
network_log_20260914_165631_car,9/14 차량,car,cell,50857486,198662,2449.2,2475.3,26.1,0,6,1,0,1.6,2.5,1.0,0.23,-77.7,-79.0,-75.0,-79.0,1.0,100,band,0
network_log_20260914_165631_car,9/14 차량,car,cell,50857474,198662,2475.3,2527.4,52.1,0,11,1,0,16.3,16.6,1.0,0.15,-80.8,-87.0,-77.0,-82.0,1.0,3050,inter,0
network_log_20260914_165631_car,9/14 차량,car,cell,50862341,198681,2527.4,2529.6,2.1,0,2,1,0,10.8,10.8,1.0,5.05,-87.0,-87.0,-87.0,-87.0,1.0,3050,sector,0
network_log_20260914_165631_car,9/14 차량,car,cell,50862338,198681,2529.6,2543.1,13.6,0,3,1,0,139.9,139.9,1.0,8.41,-81.7,-85.0,-85.0,-75.0,1.0,3050,band,0
network_log_20260914_165631_car,9/14 차량,car,cell,50862350,198681,2543.1,2552.4,9.3,0,3,1,0,128.8,129.0,1.0,12.66,-74.0,-74.0,-74.0,-74.0,1.0,100,sector,0
network_log_20260914_165631_car,9/14 차량,car,cell,50862352,198681,2552.4,2553.6,1.2,0,1,1,0,0.0,0.0,1.0,12.41,-86.0,-86.0,-86.0,-86.0,1.0,100,sector,1
network_log_20260914_165631_car,9/14 차량,car,cell,50862350,198681,2553.6,2558.6,5.0,0,1,1,0,72.5,72.5,1.0,12.41,-82.0,-82.0,-82.0,-82.0,1.0,100,sector,1
network_log_20260914_165631_car,9/14 차량,car,cell,50862352,198681,2558.6,2564.9,6.4,0,2,1,0,72.6,72.6,1.0,12.34,-79.0,-82.0,-82.0,-76.0,1.0,100,inter,0
network_log_20260914_165631_car,9/14 차량,car,cell,52490001,205039,2564.9,2570.3,5.4,0,2,1,0,55.9,56.2,1.0,9.89,-79.0,-79.0,-79.0,-79.0,1.0,100,inter,0
network_log_20260914_165631_car,9/14 차량,car,cell,50813709,198491,2570.3,2572.3,2.0,0,1,1,0,19.0,19.0,1.0,9.54,-83.0,-83.0,-83.0,-83.0,1.0,100,sector,0
network_log_20260914_165631_car,9/14 차량,car,cell,50813708,198491,2572.3,2581.0,8.7,0,3,1,0,70.8,70.9,1.0,8.96,-84.0,-86.0,-83.0,-86.0,1.0,100,inter,0
network_log_20260914_165631_car,9/14 차량,car,cell,50860301,198673,2581.0,2649.0,68.0,0,14,1,0,103.3,105.1,0.93,1.95,-77.9,-84.0,-84.0,-82.0,1.0,100,sector,0
network_log_20260914_165631_car,9/14 차량,car,cell,50860300,198673,2649.0,2700.8,51.8,0,11,1,0,371.7,374.6,1.0,7.17,-73.5,-81.0,-78.0,-81.0,1.0,100,inter,0
network_log_20260914_165631_car,9/14 차량,car,cell,50830350,198556,2700.8,2761.5,60.7,0,13,1,0,46.9,50.7,0.92,1.22,-77.8,-82.0,-81.0,-79.0,1.0,100,sector,0
network_log_20260914_165631_car,9/14 차량,car,cell,50830353,198556,2761.5,2799.9,38.4,0,8,1,0,316.9,320.0,1.0,6.54,-72.1,-78.0,-75.0,-66.0,1.0,100,sector,0
network_log_20260914_165631_car,9/14 차량,car,cell,50830349,198556,2799.9,2864.2,64.3,0,13,1,0,205.9,212.4,1.0,3.55,-75.5,-81.0,-75.0,-76.0,1.0,100,inter,0
network_log_20260914_165631_car,9/14 차량,car,cell,50841357,198599,2864.2,2914.3,50.1,0,11,1,0,296.4,296.7,1.0,5.97,-77.0,-81.0,-76.0,-79.0,1.0,100,inter,0
network_log_20260914_165631_car,9/14 차량,car,cell,50863374,198685,2914.3,2937.7,23.4,0,6,1,0,209.8,210.0,1.0,7.98,-74.7,-80.0,-80.0,-71.0,1.0,100,inter,0
network_log_20260914_165631_car,9/14 차량,car,cell,50841359,198599,2937.7,2985.9,48.2,0,10,1,0,196.6,198.9,1.0,4.72,-74.9,-83.0,-73.0,-79.0,1.0,100,inter,0
network_log_20260914_165631_car,9/14 차량,car,cell,50947342,199013,2985.9,3131.4,145.6,0,29,1,0,251.0,251.5,0.55,3.0,-74.9,-84.0,-82.0,-77.0,1.0,100,sector,0
network_log_20260914_165631_car,9/14 차량,car,cell,50947341,199013,3131.4,3134.7,3.2,0,1,1,0,35.3,35.3,1.0,6.66,-74.0,-74.0,-74.0,-74.0,1.0,100,inter,0
network_log_20260914_165631_car,9/14 차량,car,cell,50972686,199112,3134.7,3138.3,3.6,0,2,1,0,16.7,16.7,1.0,8.67,-74.0,-74.0,-74.0,-74.0,1.0,100,inter,0
network_log_20260914_165631_car,9/14 차량,car,cell,50947340,199013,3138.3,3161.5,23.2,0,5,1,0,200.1,200.2,1.0,8.64,-74.6,-79.0,-79.0,-71.0,1.0,100,inter,0
network_log_20260914_165631_car,9/14 차량,car,cell,50972687,199112,3161.5,3224.0,62.5,0,14,1,0,182.3,190.8,0.79,4.35,-77.4,-82.0,-82.0,-80.0,1.0,100,sector,0
network_log_20260914_165631_car,9/14 차량,car,cell,50972688,199112,3224.0,3239.4,15.4,0,4,1,0,147.1,147.1,1.0,10.06,-82.5,-86.0,-86.0,-73.0,1.0,100,sector,0
network_log_20260914_165631_car,9/14 차량,car,cell,50972689,199112,3239.4,3250.6,11.2,0,3,1,0,125.6,125.6,1.0,10.7,-76.3,-79.0,-75.0,-79.0,1.0,100,sector,0
network_log_20260914_165631_car,9/14 차량,car,cell,50972685,199112,3250.6,3268.2,17.7,0,5,1,0,87.7,96.6,1.0,6.02,-72.4,-79.0,-71.0,-79.0,1.0,100,inter,0
network_log_20260914_165631_car,9/14 차량,car,cell,50902800,198839,3268.2,3355.9,87.7,0,18,1,0,129.8,137.7,1.0,1.59,-67.1,-77.0,-75.0,-71.0,1.0,100,band,0
network_log_20260914_165631_car,9/14 차량,car,cell,50902788,198839,3355.9,3370.8,14.8,0,4,1,0,134.2,134.4,1.0,7.96,-73.8,-84.0,-68.0,-84.0,1.0,3050,inter,0
network_log_20260914_165631_car,9/14 차량,car,cell,50777088,198348,3370.8,3388.6,17.9,0,5,1,0,203.5,203.5,1.0,11.42,-86.8,-90.0,-87.0,-90.0,1.0,3050,inter,0
network_log_20260914_165631_car,9/14 차량,car,cell,50776836,198347,3388.6,3390.6,2.0,0,1,1,0,11.2,11.2,1.0,11.24,-85.0,-85.0,-85.0,-85.0,1.0,3050,inter,1
network_log_20260914_165631_car,9/14 차량,car,cell,50777088,198348,3390.6,3394.5,3.9,0,2,1,0,39.8,39.8,1.0,10.64,-87.0,-87.0,-87.0,-87.0,1.0,3050,sector,0
network_log_20260914_165631_car,9/14 차량,car,cell,50777092,198348,3394.5,3395.5,1.0,0,1,1,0,9.4,9.4,1.0,9.37,-86.0,-86.0,-86.0,-86.0,1.0,3050,sector,0
network_log_20260914_165631_car,9/14 차량,car,cell,50777089,198348,3395.5,3402.5,6.9,0,2,1,0,68.8,69.0,1.0,9.97,-81.0,-81.0,-81.0,-81.0,1.0,3050,sector,1
network_log_20260914_165631_car,9/14 차량,car,cell,50777092,198348,3402.5,3474.7,72.3,0,15,1,0,189.5,190.3,0.6,4.72,-80.0,-84.0,-84.0,-82.0,1.0,3050,sector,0
network_log_20260914_165631_car,9/14 차량,car,cell,50777090,198348,3474.7,3477.3,2.6,0,1,1,0,9.3,9.3,1.0,4.54,-82.0,-82.0,-82.0,-82.0,1.0,3050,inter,0
network_log_20260914_165631_car,9/14 차량,car,cell,50902528,198838,3477.3,3542.6,65.3,0,14,1,0,162.4,172.7,1.0,2.91,-72.8,-84.0,-84.0,-75.0,1.0,3050,sector,0
network_log_20260914_165631_car,9/14 차량,car,cell,50902530,198838,3542.6,3551.1,8.5,0,3,1,0,69.9,70.1,1.0,6.73,-69.7,-71.0,-69.0,-71.0,1.0,3050,sector,0
network_log_20260914_165631_car,9/14 차량,car,cell,50902533,198838,3551.1,3586.7,35.6,0,8,1,0,117.4,117.5,0.88,4.46,-71.5,-82.0,-70.0,-82.0,1.0,3050,sector,0
network_log_20260914_165631_car,9/14 차량,car,cell,50902532,198838,3586.7,3623.5,36.8,0,8,1,0,40.0,40.6,0.62,3.14,-80.5,-86.0,-79.0,-81.0,1.0,3050,band,0
network_log_20260914_165631_car,9/14 차량,car,cell,50902544,198838,3623.5,3713.4,90.0,0,19,1,0,290.6,291.0,0.63,5.03,-71.5,-78.0,-75.0,-77.0,1.0,100,inter,0
network_log_20260914_165631_car,9/14 차량,car,cell,50853137,198645,3713.4,3723.1,9.6,0,3,1,0,113.7,113.8,1.0,10.58,-82.3,-84.0,-84.0,-79.0,1.0,100,sector,0
network_log_20260914_165631_car,9/14 차량,car,cell,50853132,198645,3723.1,3734.8,11.7,1,4,1,0,78.3,78.3,1.0,8.56,-73.8,-74.0,-74.0,-74.0,1.0,100,,0
network_log_20260915_165206_subway,9/15 지하철,subway,cell,52550178,205274,0.0,5.0,5.0,1,2,1,0,,,0.0,0.0,-70.0,-70.0,-70.0,-70.0,1.0,100,sector,0
network_log_20260915_165206_subway,9/15 지하철,subway,cell,52550160,205274,5.0,11.5,6.5,0,3,1,0,,,0.0,7.79,-63.0,-63.0,-63.0,-63.0,1.0,100,inter,0
network_log_20260915_165206_subway,9/15 지하철,subway,cell,52549898,205273,11.5,12.7,1.2,0,1,1,0,,,0.0,21.32,-58.0,-58.0,-58.0,-58.0,1.0,2600,band,0
network_log_20260915_165206_subway,9/15 지하철,subway,cell,52549904,205273,12.7,14.5,1.8,0,1,1,0,33.4,33.4,1.0,15.68,-74.0,-74.0,-74.0,-74.0,1.0,100,inter,0
network_log_20260915_165206_subway,9/15 지하철,subway,cell,52544016,205250,14.5,23.1,8.5,0,3,1,0,149.3,149.3,1.0,17.22,-77.7,-79.0,-79.0,-75.0,1.0,100,band,0
network_log_20260915_165206_subway,9/15 지하철,subway,cell,52544011,205250,23.1,24.2,1.2,0,1,1,0,42.6,42.6,1.0,19.19,-75.0,-75.0,-75.0,-75.0,1.0,2600,band,0
network_log_20260915_165206_subway,9/15 지하철,subway,cell,52544017,205250,24.2,31.9,7.7,0,3,1,0,179.2,179.2,1.0,21.31,-71.3,-72.0,-71.0,-72.0,1.0,100,inter,0
network_log_20260915_165206_subway,9/15 지하철,subway,cell,52543247,205247,31.9,34.1,2.1,0,1,1,0,44.0,44.0,1.0,21.84,-76.0,-76.0,-76.0,-76.0,1.0,100,inter,0
network_log_20260915_165206_subway,9/15 지하철,subway,cell,52551950,205281,34.1,42.0,7.9,0,3,1,0,155.5,155.5,1.0,20.09,-77.3,-78.0,-78.0,-76.0,1.0,100,inter,0
network_log_20260915_165206_subway,9/15 지하철,subway,cell,52543246,205247,42.0,43.8,1.8,0,1,1,0,0.0,0.0,1.0,17.56,-90.0,-90.0,-90.0,-90.0,1.0,100,sector,0
network_log_20260915_165206_subway,9/15 지하철,subway,cell,52543244,205247,43.8,54.8,11.0,0,3,1,0,210.2,210.3,1.0,17.57,-83.7,-85.0,-85.0,-81.0,1.0,100,inter,0
network_log_20260915_165206_subway,9/15 지하철,subway,cell,52542733,205245,54.8,135.5,80.8,0,17,1,0,200.8,202.4,1.0,3.53,-79.8,-88.0,-88.0,-84.0,1.0,100,sector,0
network_log_20260915_165206_subway,9/15 지하철,subway,cell,52542732,205245,135.5,137.7,2.2,0,2,1,0,7.6,7.6,1.0,1.35,-79.0,-79.0,-79.0,-79.0,1.0,100,sector,0
network_log_20260915_165206_subway,9/15 지하철,subway,cell,52542735,205245,137.7,142.8,5.2,0,2,1,0,85.8,86.1,1.0,5.62,-78.0,-78.0,-78.0,-78.0,1.0,100,sector,0
network_log_20260915_165206_subway,9/15 지하철,subway,cell,52542724,205245,142.8,148.6,5.7,0,2,1,0,139.5,139.5,1.0,13.81,-65.0,-65.0,-65.0,-65.0,1.0,100,inter,0
network_log_20260915_165206_subway,9/15 지하철,subway,cell,52552462,205283,148.6,154.3,5.7,0,2,1,0,95.9,95.9,1.0,15.66,-78.0,-78.0,-78.0,-78.0,1.0,100,inter,0
network_log_20260915_165206_subway,9/15 지하철,subway,cell,52541716,205241,154.3,159.4,5.1,0,2,1,0,113.3,113.3,1.0,17.05,-82.0,-82.0,-82.0,-82.0,1.0,100,inter,0
network_log_20260915_165206_subway,9/15 지하철,subway,cell,52556817,205300,159.4,168.6,9.2,0,3,1,0,154.0,154.0,1.0,18.29,-77.3,-78.0,-78.0,-76.0,1.0,100,inter,0
network_log_20260915_165206_subway,9/15 지하철,subway,cell,52541709,205241,168.6,175.9,7.3,0,2,1,0,114.8,114.8,1.0,15.61,-79.0,-79.0,-79.0,-79.0,1.0,100,inter,0
network_log_20260915_165206_subway,9/15 지하철,subway,cell,52556813,205300,175.9,182.9,7.0,0,2,1,0,66.2,66.2,1.0,9.46,-80.0,-82.0,-78.0,-82.0,1.0,100,inter,0
network_log_20260915_165206_subway,9/15 지하철,subway,cell,52552991,205285,182.9,246.2,63.3,0,13,1,0,65.0,68.2,1.0,0.76,-80.8,-84.0,-84.0,-80.0,0.84,100,inter,0
network_log_20260915_165206_subway,9/15 지하철,subway,cell,52541713,205241,246.2,256.3,10.0,0,2,1,0,68.2,74.2,1.0,2.76,-84.0,-84.0,-84.0,-84.0,0.0,100,inter,0
network_log_20260915_165206_subway,9/15 지하철,subway,cell,52556812,205300,256.3,266.3,10.1,0,2,1,0,75.0,75.0,1.0,0.0,-84.0,-84.0,-84.0,-84.0,0.0,100,inter,0
network_log_20260915_165206_subway,9/15 지하철,subway,cell,52541712,205241,266.3,286.4,20.1,0,4,1,0,150.0,150.0,1.0,8.11,-84.0,-84.0,-84.0,-84.0,0.0,100,inter,0
network_log_20260915_165206_subway,9/15 지하철,subway,cell,52556560,205299,286.4,296.5,10.1,0,2,1,0,260.2,267.4,1.0,9.44,-90.0,-90.0,-90.0,-90.0,0.0,100,inter,0
network_log_20260915_165206_subway,9/15 지하철,subway,cell,52541966,205242,296.5,316.6,20.1,0,4,1,0,144.5,290.4,1.0,,-79.5,-85.0,-74.0,-85.0,0.0,100,inter,0
network_log_20260915_165206_subway,9/15 지하철,subway,cell,52541456,205240,316.6,328.9,12.3,0,3,1,0,241.9,244.8,1.0,6.99,-91.3,-94.0,-90.0,-94.0,0.18,100,inter,0
network_log_20260915_165206_subway,9/15 지하철,subway,cell,52556560,205299,328.9,336.6,7.7,0,2,1,0,61.5,61.6,1.0,7.75,-86.0,-86.0,-86.0,-86.0,1.0,100,inter,0
network_log_20260915_165206_subway,9/15 지하철,subway,cell,52553228,205286,336.6,341.4,4.7,0,2,1,0,27.9,27.9,1.0,7.36,-78.0,-78.0,-78.0,-78.0,1.0,100,inter,0
network_log_20260915_165206_subway,9/15 지하철,subway,cell,52541967,205242,341.4,349.4,8.0,0,3,1,0,67.4,67.4,1.0,7.71,-76.7,-77.0,-77.0,-76.0,1.0,100,inter,0
network_log_20260915_165206_subway,9/15 지하철,subway,cell,52546062,205258,349.4,420.4,71.0,0,15,1,0,379.0,551.6,1.0,7.89,-70.7,-86.0,-81.0,-86.0,0.81,100,inter,0
network_log_20260915_165206_subway,9/15 지하철,subway,cell,51224589,200096,420.4,435.6,15.2,0,4,1,0,113.4,113.4,1.0,,-88.5,-97.0,-97.0,-65.0,0.23,100,sector,0
network_log_20260915_165206_subway,9/15 지하철,subway,cell,51224593,200096,435.6,445.9,10.3,0,3,1,0,77.0,77.0,1.0,,-74.3,-83.0,-83.0,-57.0,1.0,100,sector,0
network_log_20260915_165206_subway,9/15 지하철,subway,cell,51224591,200096,445.9,463.8,17.9,0,5,1,0,133.4,133.4,1.0,,-76.8,-80.0,-77.0,-80.0,1.0,100,sector,0
network_log_20260915_165206_subway,9/15 지하철,subway,cell,51224592,200096,463.8,534.8,71.0,0,15,1,0,520.7,529.0,1.0,,-84.5,-90.0,-82.0,-86.0,1.0,100,inter,0
network_log_20260915_165206_subway,9/15 지하철,subway,cell,51224845,200097,534.8,552.5,17.7,0,4,1,0,132.1,132.1,1.0,,-68.5,-70.0,-70.0,-64.0,1.0,100,sector,0
network_log_20260915_165206_subway,9/15 지하철,subway,cell,51224847,200097,552.5,561.2,8.7,0,2,1,0,64.7,64.7,1.0,,-82.0,-89.0,-89.0,-75.0,1.0,100,sector,0
network_log_20260915_165206_subway,9/15 지하철,subway,cell,51224848,200097,561.2,571.9,10.7,0,3,1,0,79.8,79.8,1.0,,-79.7,-83.0,-78.0,-83.0,1.0,100,sector,0
network_log_20260915_165206_subway,9/15 지하철,subway,cell,51224846,200097,571.9,582.2,10.3,0,3,1,0,76.9,76.9,1.0,,-77.7,-80.0,-80.0,-73.0,1.0,100,inter,0
network_log_20260915_165206_subway,9/15 지하철,subway,cell,51224332,200095,582.2,640.5,58.3,0,13,1,0,430.7,434.8,1.0,,-70.2,-89.0,-89.0,-69.0,1.0,100,sector,0
network_log_20260915_165206_subway,9/15 지하철,subway,cell,51224336,200095,640.5,656.1,15.6,0,4,1,0,116.2,116.2,1.0,,-79.5,-88.0,-76.0,-78.0,1.0,100,sector,0
network_log_20260915_165206_subway,9/15 지하철,subway,cell,51224334,200095,656.1,662.5,6.5,0,2,1,0,48.3,48.3,1.0,,-75.0,-75.0,-75.0,-75.0,1.0,100,sector,1
network_log_20260915_165206_subway,9/15 지하철,subway,cell,51224336,200095,662.5,665.7,3.1,0,2,1,0,23.4,23.4,1.0,,-100.0,-100.0,-100.0,-100.0,1.0,100,sector,0
network_log_20260915_165206_subway,9/15 지하철,subway,cell,51224337,200095,665.7,674.8,9.1,0,3,1,0,68.1,68.1,1.0,,-87.0,-91.0,-91.0,-85.0,1.0,100,inter,0
network_log_20260915_165206_subway,9/15 지하철,subway,cell,51244302,200173,674.8,693.0,18.2,0,4,1,0,136.0,136.0,1.0,,-72.8,-80.0,-77.0,-80.0,1.0,100,sector,0
network_log_20260915_165206_subway,9/15 지하철,subway,cell,51244304,200173,693.0,757.3,64.3,0,13,1,0,478.1,479.6,1.0,,-83.0,-88.0,-84.0,-75.0,1.0,100,sector,0
network_log_20260915_165206_subway,9/15 지하철,subway,cell,51244303,200173,757.3,771.7,14.4,0,4,1,0,107.5,107.5,1.0,,-75.5,-79.0,-77.0,-79.0,1.0,100,sector,0
network_log_20260915_165206_subway,9/15 지하철,subway,cell,51244301,200173,771.7,781.2,9.5,0,3,1,0,70.8,70.8,1.0,,-75.0,-90.0,-80.0,-90.0,1.0,100,sector,0
network_log_20260915_165206_subway,9/15 지하철,subway,cell,51244300,200173,781.2,790.9,9.7,0,3,1,0,72.3,72.3,1.0,,-81.7,-87.0,-84.0,-87.0,1.0,100,inter,0
network_log_20260915_165206_subway,9/15 지하철,subway,cell,51243532,200170,790.9,802.4,11.5,0,3,1,0,85.9,85.9,1.0,,-84.3,-90.0,-90.0,-80.0,1.0,100,sector,0
network_log_20260915_165206_subway,9/15 지하철,subway,cell,51243535,200170,802.4,878.2,75.7,0,16,1,0,563.9,564.8,1.0,,-80.5,-86.0,-80.0,-80.0,1.0,100,sector,0
network_log_20260915_165206_subway,9/15 지하철,subway,cell,51243537,200170,878.2,892.2,14.1,0,4,1,0,104.9,104.9,1.0,,-80.5,-92.0,-85.0,-92.0,1.0,100,sector,0
network_log_20260915_165206_subway,9/15 지하철,subway,cell,51243534,200170,892.2,902.2,10.0,0,3,1,0,74.3,74.3,1.0,,-83.0,-94.0,-94.0,-74.0,1.0,100,sector,0
network_log_20260915_165206_subway,9/15 지하철,subway,cell,51243533,200170,902.2,912.0,9.9,0,3,1,0,73.5,73.5,1.0,,-83.7,-85.0,-85.0,-83.0,1.0,100,inter,0
network_log_20260915_165206_subway,9/15 지하철,subway,cell,51225357,200099,912.0,924.9,12.9,0,3,1,0,96.1,96.1,1.0,,-84.3,-88.0,-88.0,-83.0,1.0,100,sector,0
network_log_20260915_165206_subway,9/15 지하철,subway,cell,51225358,200099,924.9,987.6,62.7,0,14,1,0,466.7,467.8,1.0,,-71.6,-91.0,-91.0,-78.0,1.0,100,sector,0
network_log_20260915_165206_subway,9/15 지하철,subway,cell,51225360,200099,987.6,1007.2,19.6,0,5,1,0,146.4,146.4,1.0,,-78.4,-96.0,-83.0,-96.0,1.0,100,sector,0
network_log_20260915_165206_subway,9/15 지하철,subway,cell,51225356,200099,1007.2,1014.1,6.9,0,2,1,0,51.3,51.3,1.0,,-76.5,-86.0,-86.0,-67.0,1.0,100,inter,0
network_log_20260915_165206_subway,9/15 지하철,subway,cell,51225101,200098,1014.1,1023.5,9.4,0,3,1,0,69.8,69.8,1.0,,-80.0,-83.0,-83.0,-80.0,1.0,100,sector,0
network_log_20260915_165206_subway,9/15 지하철,subway,cell,51225103,200098,1023.5,1036.7,13.2,0,4,1,0,98.5,98.5,1.0,,-74.2,-90.0,-75.0,-90.0,1.0,100,sector,0
network_log_20260915_165206_subway,9/15 지하철,subway,cell,51225104,200098,1036.7,1038.4,1.8,0,1,1,0,13.1,13.1,1.0,,-92.0,-92.0,-92.0,-92.0,1.0,100,sector,0
network_log_20260915_165206_subway,9/15 지하철,subway,cell,51225102,200098,1038.4,1040.4,2.0,0,1,1,0,14.7,14.7,1.0,,-86.0,-86.0,-86.0,-86.0,1.0,100,sector,1
network_log_20260915_165206_subway,9/15 지하철,subway,cell,51225104,200098,1040.4,1047.3,6.9,0,3,1,0,51.8,51.8,1.0,,-88.7,-90.0,-88.0,-90.0,1.0,100,sector,1
network_log_20260915_165206_subway,9/15 지하철,subway,cell,51225102,200098,1047.3,1049.5,2.1,0,1,1,0,15.9,15.9,1.0,,-91.0,-91.0,-91.0,-91.0,1.0,100,sector,1
network_log_20260915_165206_subway,9/15 지하철,subway,cell,51225104,200098,1049.5,1102.9,53.4,0,12,1,0,398.3,398.3,1.0,,-82.2,-89.0,-87.0,-71.0,1.0,100,sector,0
network_log_20260915_165206_subway,9/15 지하철,subway,cell,51225100,200098,1102.9,1113.2,10.4,0,3,1,0,77.5,77.5,1.0,,-82.7,-88.0,-88.0,-85.0,1.0,100,inter,0
network_log_20260915_165206_subway,9/15 지하철,subway,cell,51217933,200070,1113.2,1117.5,4.2,0,2,1,0,31.6,31.6,1.0,,-61.0,-61.0,-61.0,-61.0,1.0,100,sector,0
network_log_20260915_165206_subway,9/15 지하철,subway,cell,51217932,200070,1117.5,1129.0,11.5,0,3,1,0,86.1,86.1,1.0,,-75.7,-78.0,-78.0,-71.0,1.0,100,sector,0
network_log_20260915_165206_subway,9/15 지하철,subway,cell,51217937,200070,1129.0,1198.7,69.7,0,15,1,0,511.9,519.3,1.0,,-76.6,-83.0,-77.0,-83.0,1.0,100,inter,0
network_log_20260915_165206_subway,9/15 지하철,subway,cell,51218188,200071,1198.7,1215.6,17.0,0,4,1,0,126.5,126.5,1.0,,-75.5,-78.0,-76.0,-75.0,1.0,100,inter,0
network_log_20260915_165206_subway,9/15 지하철,subway,cell,51217676,200069,1215.6,1234.9,19.3,0,5,1,0,143.9,143.9,1.0,,-87.0,-94.0,-94.0,-83.0,1.0,100,sector,0
network_log_20260915_165206_subway,9/15 지하철,subway,cell,51217679,200069,1234.9,1247.2,12.3,0,4,1,0,91.9,91.9,1.0,,-83.0,-89.0,-89.0,-89.0,1.0,100,sector,0
network_log_20260915_165206_subway,9/15 지하철,subway,cell,51217680,200069,1247.2,1316.4,69.1,0,14,1,0,515.7,515.7,1.0,,-86.0,-95.0,-92.0,-85.0,1.0,100,sector,0
network_log_20260915_165206_subway,9/15 지하철,subway,cell,51217678,200069,1316.4,1333.2,16.9,0,5,1,0,125.8,125.8,1.0,,-86.8,-94.0,-90.0,-94.0,1.0,100,sector,0
network_log_20260915_165206_subway,9/15 지하철,subway,cell,51217677,200069,1333.2,1343.2,10.0,0,3,1,0,74.7,74.7,1.0,,-81.3,-85.0,-85.0,-75.0,1.0,100,inter,0
network_log_20260915_165206_subway,9/15 지하철,subway,cell,51267088,200262,1343.2,1350.5,7.3,0,2,1,0,54.6,54.6,1.0,,-76.0,-86.0,-66.0,-86.0,1.0,100,sector,0
network_log_20260915_165206_subway,9/15 지하철,subway,cell,51267085,200262,1350.5,1357.1,6.5,0,2,1,0,48.5,48.5,1.0,,-66.0,-71.0,-61.0,-71.0,1.0,100,sector,0
network_log_20260915_165206_subway,9/15 지하철,subway,cell,51267089,200262,1357.1,1357.8,0.8,0,1,1,0,5.9,5.9,1.0,,-85.0,-85.0,-85.0,-85.0,1.0,100,sector,1
network_log_20260915_165206_subway,9/15 지하철,subway,cell,51267085,200262,1357.8,1361.2,3.4,0,1,1,0,25.2,25.2,1.0,,-81.0,-81.0,-81.0,-81.0,1.0,100,sector,1
network_log_20260915_165206_subway,9/15 지하철,subway,cell,51267089,200262,1361.2,1365.8,4.6,0,2,1,0,34.2,34.2,1.0,,-66.0,-66.0,-66.0,-66.0,1.0,100,sector,0
network_log_20260915_165206_subway,9/15 지하철,subway,cell,51267087,200262,1365.8,1379.2,13.4,0,4,1,0,100.2,100.2,1.0,,-77.0,-79.0,-77.0,-79.0,1.0,100,inter,0
network_log_20260915_165206_subway,9/15 지하철,subway,cell,51267340,200263,1379.2,1385.9,6.7,0,2,1,0,49.9,49.9,1.0,,-70.5,-82.0,-82.0,-59.0,1.0,100,sector,0
network_log_20260915_165206_subway,9/15 지하철,subway,cell,51267342,200263,1385.9,1444.3,58.4,0,13,1,0,435.6,435.6,1.0,,-84.7,-93.0,-83.0,-64.0,1.0,100,inter,0
network_log_20260915_165206_subway,9/15 지하철,subway,cell,51267855,200265,1444.3,1450.0,5.7,0,2,1,0,42.7,42.7,1.0,,-84.0,-88.0,-88.0,-80.0,1.0,100,inter,0
network_log_20260915_165206_subway,9/15 지하철,subway,cell,51267343,200263,1450.0,1455.6,5.5,0,2,1,0,41.2,41.2,1.0,,-63.0,-65.0,-61.0,-65.0,1.0,100,inter,0
network_log_20260915_165206_subway,9/15 지하철,subway,cell,51267854,200265,1455.6,1465.4,9.9,0,3,1,0,73.7,73.7,1.0,,-80.0,-85.0,-77.0,-85.0,1.0,100,inter,0
network_log_20260915_165206_subway,9/15 지하철,subway,cell,51226382,200103,1465.4,1477.9,12.4,0,3,1,0,92.7,92.7,1.0,,-89.7,-95.0,-95.0,-86.0,1.0,100,sector,0
network_log_20260915_165206_subway,9/15 지하철,subway,cell,51226381,200103,1477.9,1492.6,14.8,0,4,1,0,110.1,110.1,1.0,,-80.5,-87.0,-87.0,-81.0,1.0,100,sector,0
network_log_20260915_165206_subway,9/15 지하철,subway,cell,51226384,200103,1492.6,1495.5,2.8,0,2,1,0,5.2,5.2,1.0,,-92.0,-92.0,-92.0,-92.0,1.0,100,sector,1
network_log_20260915_165206_subway,9/15 지하철,subway,cell,51226381,200103,1495.5,1501.2,5.7,0,2,1,0,0.0,0.0,1.0,,-98.0,-99.0,-99.0,-97.0,1.0,100,sector,1
network_log_20260915_165206_subway,9/15 지하철,subway,cell,51226384,200103,1501.2,1511.1,9.9,0,3,1,0,17.4,17.4,1.0,,-90.0,-93.0,-87.0,-90.0,1.0,100,sector,1
network_log_20260915_165206_subway,9/15 지하철,subway,cell,51226381,200103,1511.1,1513.8,2.7,0,1,1,0,20.1,20.1,1.0,,-99.0,-99.0,-99.0,-99.0,1.0,100,sector,1
network_log_20260915_165206_subway,9/15 지하철,subway,cell,51226384,200103,1513.8,1522.9,9.2,0,2,1,0,68.4,68.4,1.0,,-95.0,-96.0,-94.0,-96.0,1.0,100,sector,1
network_log_20260915_165206_subway,9/15 지하철,subway,cell,51226381,200103,1522.9,1534.8,11.9,0,4,1,0,88.7,88.7,1.0,,-98.5,-99.0,-97.0,-99.0,1.0,100,sector,1
network_log_20260915_165206_subway,9/15 지하철,subway,cell,51226384,200103,1534.8,1561.9,27.1,0,6,1,0,202.3,202.3,1.0,,-86.8,-101.0,-96.0,-73.0,1.0,100,sector,0
network_log_20260915_165206_subway,9/15 지하철,subway,cell,51226380,200103,1561.9,1569.9,8.0,0,2,1,0,59.9,59.9,1.0,,-74.0,-74.0,-74.0,-74.0,1.0,100,inter,0
network_log_20260915_165206_subway,9/15 지하철,subway,cell,51226892,200105,1569.9,1584.0,14.2,0,4,1,0,105.7,105.7,1.0,,-81.8,-84.0,-82.0,-84.0,1.0,100,sector,0
network_log_20260915_165206_subway,9/15 지하철,subway,cell,51226893,200105,1584.0,1588.3,4.2,0,2,1,0,31.7,31.7,1.0,,-72.0,-72.0,-72.0,-72.0,1.0,100,sector,0
network_log_20260915_165206_subway,9/15 지하철,subway,cell,51226894,200105,1588.3,1658.1,69.8,0,15,1,0,520.3,521.5,1.0,,-82.6,-87.0,-82.0,-80.0,1.0,100,inter,0
network_log_20260915_165206_subway,9/15 지하철,subway,cell,51226638,200104,1658.1,1660.2,2.1,0,1,1,0,15.6,15.6,1.0,,-85.0,-85.0,-85.0,-85.0,1.0,100,inter,1
network_log_20260915_165206_subway,9/15 지하철,subway,cell,51226894,200105,1660.2,1662.2,2.0,0,1,1,0,14.7,14.7,1.0,,-83.0,-83.0,-83.0,-83.0,1.0,100,inter,1
network_log_20260915_165206_subway,9/15 지하철,subway,cell,51226638,200104,1662.2,1682.5,20.3,0,5,1,0,151.6,151.6,1.0,,-82.2,-84.0,-79.0,-80.0,1.0,100,sector,0
network_log_20260915_165206_subway,9/15 지하철,subway,cell,51226637,200104,1682.5,1688.5,6.0,0,2,1,0,45.1,45.1,1.0,,-69.0,-69.0,-69.0,-69.0,1.0,100,sector,0
network_log_20260915_165206_subway,9/15 지하철,subway,cell,51226640,200104,1688.5,1698.9,10.4,0,3,1,0,77.4,77.4,1.0,,-72.7,-82.0,-82.0,-54.0,1.0,100,inter,0
network_log_20260915_165206_subway,9/15 지하철,subway,cell,51225870,200101,1698.9,1710.4,11.5,0,3,1,0,85.9,85.9,1.0,,-83.7,-88.0,-88.0,-75.0,1.0,100,sector,0
network_log_20260915_165206_subway,9/15 지하철,subway,cell,51225873,200101,1710.4,1801.3,90.9,0,19,1,0,669.1,678.6,1.0,,-80.4,-93.0,-80.0,-76.0,1.0,100,band,0
network_log_20260915_165206_subway,9/15 지하철,subway,cell,51225866,200101,1801.3,1804.6,3.3,0,2,1,0,24.5,24.5,1.0,,-69.0,-69.0,-69.0,-69.0,1.0,2600,band,0
network_log_20260915_165206_subway,9/15 지하철,subway,cell,51225860,200101,1804.6,1805.8,1.2,0,1,1,0,8.8,8.8,1.0,,-76.0,-76.0,-76.0,-76.0,1.0,3050,inter,0
network_log_20260915_165206_subway,9/15 지하철,subway,cell,51226116,200102,1805.8,1815.4,9.6,0,3,1,0,71.9,71.9,1.0,,-70.3,-71.0,-70.0,-71.0,1.0,3050,sector,0
network_log_20260915_165206_subway,9/15 지하철,subway,cell,51226112,200102,1815.4,1824.4,9.0,0,3,1,0,67.3,67.3,1.0,,-84.3,-86.0,-86.0,-81.0,1.0,3050,sector,1
network_log_20260915_165206_subway,9/15 지하철,subway,cell,51226116,200102,1824.4,1826.5,2.1,0,1,1,0,15.8,15.8,1.0,,-100.0,-100.0,-100.0,-100.0,1.0,3050,sector,1
network_log_20260915_165206_subway,9/15 지하철,subway,cell,51226112,200102,1826.5,1831.5,5.0,0,1,1,0,37.5,37.5,1.0,,-94.0,-94.0,-94.0,-94.0,1.0,3050,sector,0
network_log_20260915_165206_subway,9/15 지하철,subway,cell,51226114,200102,1831.5,1840.1,8.6,0,2,1,0,63.9,63.9,1.0,,-85.5,-93.0,-93.0,-78.0,1.0,3050,sector,0
network_log_20260915_165206_subway,9/15 지하철,subway,cell,51226113,200102,1840.1,1853.8,13.7,0,4,1,0,102.6,102.6,1.0,,-85.5,-99.0,-99.0,-72.0,1.0,3050,sector,0
network_log_20260915_165206_subway,9/15 지하철,subway,cell,51226115,200102,1853.8,1870.9,17.1,0,4,1,0,127.6,127.6,1.0,,-85.5,-94.0,-92.0,-94.0,1.0,3050,inter,0
network_log_20260915_165206_subway,9/15 지하철,subway,cell,51228928,200113,1870.9,1881.5,10.6,0,3,1,0,79.5,79.5,1.0,,-86.0,-86.0,-86.0,-86.0,1.0,3050,sector,0
network_log_20260915_165206_subway,9/15 지하철,subway,cell,51228931,200113,1881.5,1896.8,15.2,1,6,1,0,111.0,111.0,0.83,,-78.2,-85.0,-80.0,-85.0,1.0,3050,,0
network_log_20260915_200513_car,9/15 차량,car,cell,50895618,198811,0.0,46.6,46.6,1,10,1,0,268.9,271.5,1.0,5.41,-75.3,-91.0,-70.0,-91.0,1.0,3050,inter,0
network_log_20260915_200513_car,9/15 차량,car,cell,50894593,198807,46.6,52.9,6.3,0,2,1,0,70.1,70.1,1.0,12.68,-80.5,-82.0,-79.0,-82.0,1.0,3050,sector,0
network_log_20260915_200513_car,9/15 차량,car,cell,50894597,198807,52.9,90.4,37.4,0,8,1,0,196.3,202.6,1.0,6.52,-89.1,-94.0,-94.0,-88.0,1.0,3050,inter,0
network_log_20260915_200513_car,9/15 차량,car,cell,50834689,198573,90.4,91.9,1.5,0,1,1,0,3.8,3.8,1.0,4.54,-92.0,-92.0,-92.0,-92.0,1.0,3050,inter,0
network_log_20260915_200513_car,9/15 차량,car,cell,50895872,198812,91.9,145.5,53.6,0,11,1,0,10.3,13.3,1.0,0.51,-89.7,-92.0,-87.0,-90.0,1.0,3050,inter,0
network_log_20260915_200513_car,9/15 차량,car,cell,50834689,198573,145.5,148.3,2.8,0,2,1,0,0.2,0.2,1.0,0.07,-93.0,-93.0,-93.0,-93.0,1.0,3050,inter,1
network_log_20260915_200513_car,9/15 차량,car,cell,50895872,198812,148.3,186.7,38.4,0,8,1,0,0.8,1.1,1.0,0.07,-89.6,-93.0,-90.0,-88.0,1.0,3050,inter,0
network_log_20260915_200513_car,9/15 차량,car,cell,50834689,198573,186.7,206.8,20.1,0,4,1,0,19.3,19.9,1.0,0.08,-93.5,-96.0,-96.0,-91.0,1.0,3050,inter,1
network_log_20260915_200513_car,9/15 차량,car,cell,50895872,198812,206.8,226.9,20.1,0,4,1,0,219.4,220.4,1.0,10.3,-86.0,-87.0,-87.0,-85.0,1.0,3050,sector,0
network_log_20260915_200513_car,9/15 차량,car,cell,50895873,198812,226.9,237.0,10.0,0,2,1,0,78.3,78.6,1.0,9.65,-88.0,-88.0,-88.0,-88.0,1.0,3050,sector,0
network_log_20260915_200513_car,9/15 차량,car,cell,50895874,198812,237.0,283.3,46.4,0,10,1,0,216.3,226.5,1.0,4.98,-83.1,-87.0,-86.0,-77.0,1.0,3050,inter,0
network_log_20260915_200513_car,9/15 차량,car,cell,50895382,198810,283.3,295.8,12.5,0,3,1,0,1.2,1.2,1.0,0.0,-77.7,-78.0,-78.0,-77.0,1.0,3050,inter,1
network_log_20260915_200513_car,9/15 차량,car,cell,50895874,198812,295.8,303.6,7.8,0,3,1,0,2.1,2.1,1.0,0.0,-78.3,-79.0,-78.0,-79.0,1.0,3050,inter,1
network_log_20260915_200513_car,9/15 차량,car,cell,50895382,198810,303.6,320.9,17.3,0,4,1,0,126.4,126.8,1.0,6.01,-75.5,-78.0,-78.0,-73.0,1.0,3050,inter,0
network_log_20260915_200513_car,9/15 차량,car,cell,52484867,205019,320.9,332.3,11.4,0,3,1,0,123.4,123.4,1.0,10.84,-77.0,-77.0,-77.0,-77.0,1.0,3050,sector,0
network_log_20260915_200513_car,9/15 차량,car,cell,52484864,205019,332.3,342.4,10.0,0,2,1,0,90.8,90.9,1.0,9.82,-76.0,-76.0,-76.0,-76.0,1.0,3050,sector,1
network_log_20260915_200513_car,9/15 차량,car,cell,52484867,205019,342.4,382.6,40.2,0,8,1,0,165.7,166.8,1.0,4.06,-84.2,-90.0,-85.0,-90.0,1.0,3050,inter,0
network_log_20260915_200513_car,9/15 차량,car,cell,50854657,198651,382.6,395.7,13.1,0,3,1,0,95.1,95.2,1.0,6.75,-81.3,-82.0,-81.0,-82.0,1.0,3050,sector,0
network_log_20260915_200513_car,9/15 차량,car,cell,50854656,198651,395.7,521.9,126.2,0,26,1,0,216.6,218.4,0.96,1.86,-76.6,-88.0,-88.0,-82.0,1.0,3050,inter,0
network_log_20260915_200513_car,9/15 차량,car,cell,50904577,198846,521.9,548.4,26.5,0,6,1,0,287.0,287.4,1.0,8.88,-81.7,-86.0,-84.0,-77.0,1.0,3050,inter,0
network_log_20260915_200513_car,9/15 차량,car,cell,50780180,198360,548.4,553.4,5.0,0,1,1,0,41.8,41.8,1.0,10.64,-77.0,-77.0,-77.0,-77.0,1.0,3050,inter,0
network_log_20260915_200513_car,9/15 차량,car,cell,50904579,198846,553.4,663.9,110.5,0,22,1,0,193.7,199.9,0.95,1.8,-77.2,-88.0,-88.0,-84.0,1.0,3050,inter,0
network_log_20260915_200513_car,9/15 차량,car,cell,50904324,198845,663.9,684.0,20.1,0,4,1,0,123.4,123.4,1.0,6.44,-77.0,-81.0,-81.0,-73.0,1.0,3050,inter,0
network_log_20260915_200513_car,9/15 차량,car,cell,50903813,198843,684.0,744.3,60.3,0,12,1,0,292.1,293.1,1.0,5.08,-78.7,-86.0,-78.0,-82.0,1.0,3050,sector,0
network_log_20260915_200513_car,9/15 차량,car,cell,50903810,198843,744.3,754.3,10.0,0,2,1,0,0.5,0.6,1.0,0.0,-85.0,-85.0,-85.0,-85.0,1.0,3050,sector,0
network_log_20260915_200513_car,9/15 차량,car,cell,50903812,198843,754.3,773.3,18.9,0,4,1,0,0.1,0.1,1.0,0.0,-85.0,-86.0,-85.0,-84.0,1.0,3050,sector,1
network_log_20260915_200513_car,9/15 차량,car,cell,50903813,198843,773.3,789.5,16.2,0,4,1,0,0.1,0.3,1.0,0.0,-87.0,-87.0,-87.0,-87.0,1.0,3050,sector,0
network_log_20260915_200513_car,9/15 차량,car,cell,50903810,198843,789.5,804.6,15.1,0,3,1,0,38.8,38.9,1.0,1.11,-84.7,-85.0,-84.0,-85.0,1.0,3050,sector,0
network_log_20260915_200513_car,9/15 차량,car,cell,50903812,198843,804.6,814.6,10.1,0,2,1,0,60.3,67.6,1.0,6.19,-85.0,-85.0,-85.0,-85.0,1.0,3050,sector,1
network_log_20260915_200513_car,9/15 차량,car,cell,50903810,198843,814.6,824.7,10.1,0,2,1,0,100.2,100.2,1.0,9.86,-75.0,-75.0,-75.0,-75.0,1.0,3050,sector,1
network_log_20260915_200513_car,9/15 차량,car,cell,50903812,198843,824.7,834.7,10.1,0,2,1,0,31.7,32.2,1.0,6.42,-80.0,-80.0,-80.0,-80.0,1.0,3050,inter,0
network_log_20260915_200513_car,9/15 차량,car,cell,50901509,198834,834.7,854.9,20.1,0,4,1,0,14.2,15.6,1.0,0.84,-90.0,-96.0,-96.0,-84.0,1.0,3050,inter,0
network_log_20260915_200513_car,9/15 차량,car,cell,50899715,198827,854.9,875.0,20.1,0,4,1,0,21.2,30.2,1.0,0.98,-86.5,-87.0,-86.0,-87.0,0.75,3050,inter,0
network_log_20260915_200513_car,9/15 차량,car,cell,51379456,200701,875.0,945.3,70.4,0,14,1,0,32.1,129.4,1.0,0.82,-79.9,-98.0,-98.0,-89.0,0.0,3050,sector,0
network_log_20260915_200513_car,9/15 차량,car,cell,51379459,200701,945.3,955.4,10.1,1,3,1,0,13.4,13.4,1.0,0.98,-73.3,-74.0,-74.0,-72.0,0.0,3050,,0
network_log_20260920_123732_subway,9/20 지하철,subway,cell,52550178,205274,0.0,45.2,45.2,1,10,1,0,32.7,145.4,0.8,0.1,-77.8,-82.0,-68.0,-82.0,1.0,100,sector,0
network_log_20260920_123732_subway,9/20 지하철,subway,cell,52550160,205274,45.2,55.3,10.0,0,2,1,0,269.8,269.8,1.0,0.08,-76.0,-76.0,-76.0,-76.0,1.0,100,inter,0
network_log_20260920_123732_subway,9/20 지하철,subway,cell,52549898,205273,55.3,65.3,10.1,0,2,1,0,191.1,191.2,1.0,20.5,-58.0,-58.0,-58.0,-58.0,1.0,2600,inter,0
network_log_20260920_123732_subway,9/20 지하철,subway,cell,52544030,205250,65.3,75.4,10.1,0,2,1,0,220.5,220.9,1.0,22.16,-86.0,-86.0,-86.0,-86.0,0.0,100,inter,0
network_log_20260920_123732_subway,9/20 지하철,subway,cell,52543247,205247,75.4,85.4,10.0,0,2,1,0,179.7,179.7,1.0,18.84,-78.0,-78.0,-78.0,-78.0,0.0,100,sector,0
network_log_20260920_123732_subway,9/20 지하철,subway,cell,52543246,205247,85.4,95.5,10.1,0,2,1,0,164.4,164.4,1.0,17.23,-87.0,-87.0,-87.0,-87.0,0.0,100,sector,0
network_log_20260920_123732_subway,9/20 지하철,subway,cell,52543244,205247,95.5,105.5,10.0,0,2,1,0,109.6,109.7,1.0,11.38,-87.0,-87.0,-87.0,-87.0,0.0,100,inter,0
network_log_20260920_123732_subway,9/20 지하철,subway,cell,52542733,205245,105.5,175.9,70.4,0,14,1,0,150.0,222.8,1.0,2.08,-79.6,-86.0,-86.0,-85.0,0.0,100,sector,0
network_log_20260920_123732_subway,9/20 지하철,subway,cell,52542735,205245,175.9,185.9,10.0,0,2,1,0,32.7,32.7,1.0,,-91.0,-91.0,-91.0,-91.0,0.0,100,sector,0
network_log_20260920_123732_subway,9/20 지하철,subway,cell,52542724,205245,185.9,196.0,10.0,0,2,1,0,349.9,349.9,1.0,17.02,-92.0,-92.0,-92.0,-92.0,0.0,100,inter,0
network_log_20260920_123732_subway,9/20 지하철,subway,cell,52541716,205241,196.0,206.0,10.0,0,2,1,0,188.7,188.7,1.0,19.96,-96.0,-96.0,-96.0,-96.0,0.0,100,inter,0
network_log_20260920_123732_subway,9/20 지하철,subway,cell,52556817,205300,206.0,216.0,10.0,0,2,1,0,116.9,116.9,1.0,14.04,-93.0,-93.0,-93.0,-93.0,0.0,100,sector,0
network_log_20260920_123732_subway,9/20 지하철,subway,cell,52556813,205300,216.0,236.1,20.1,0,4,1,0,60.6,77.6,1.0,6.25,-95.5,-101.0,-90.0,-101.0,0.0,100,inter,0
network_log_20260920_123732_subway,9/20 지하철,subway,cell,52552991,205285,236.1,306.5,70.4,0,14,1,0,70.0,839.4,1.0,0.58,-94.6,-101.0,-101.0,-89.0,0.0,100,inter,0
network_log_20260920_123732_subway,9/20 지하철,subway,cell,52541713,205241,306.5,326.6,20.1,0,4,1,0,130.9,130.9,1.0,,-81.0,-86.0,-86.0,-76.0,0.0,100,inter,0
network_log_20260920_123732_subway,9/20 지하철,subway,cell,52556812,205300,326.6,336.6,10.0,0,2,1,0,65.5,65.5,1.0,,-93.0,-93.0,-93.0,-93.0,0.0,100,inter,0
network_log_20260920_123732_subway,9/20 지하철,subway,cell,52541712,205241,336.6,356.7,20.1,0,4,1,0,249.1,272.5,1.0,8.09,-87.5,-88.0,-87.0,-88.0,0.0,100,inter,0
network_log_20260920_123732_subway,9/20 지하철,subway,cell,52541966,205242,356.7,376.8,20.1,0,4,1,0,185.9,187.5,1.0,8.2,-84.5,-87.0,-87.0,-82.0,0.0,100,sector,0
network_log_20260920_123732_subway,9/20 지하철,subway,cell,52541965,205242,376.8,386.9,10.0,0,2,1,0,69.2,69.6,1.0,7.33,-94.0,-94.0,-94.0,-94.0,0.0,100,inter,0
network_log_20260920_123732_subway,9/20 지하철,subway,cell,52556560,205299,386.9,396.9,10.0,0,2,1,0,79.7,79.7,1.0,8.31,-96.0,-96.0,-96.0,-96.0,0.0,100,sector,0
network_log_20260920_123732_subway,9/20 지하철,subway,cell,52556559,205299,396.9,406.9,10.0,0,2,1,0,79.1,79.1,1.0,8.2,-92.0,-92.0,-92.0,-92.0,0.0,100,inter,0
network_log_20260920_123732_subway,9/20 지하철,subway,cell,52541967,205242,406.9,427.0,20.1,0,4,1,0,142.6,142.9,1.0,7.53,-86.5,-89.0,-84.0,-89.0,0.0,100,inter,0
network_log_20260920_123732_subway,9/20 지하철,subway,cell,52546062,205258,427.0,506.7,79.7,0,16,1,0,212.1,471.6,1.0,,-66.0,-83.0,-62.0,-83.0,0.0,100,inter,0
network_log_20260920_123732_subway,9/20 지하철,subway,cell,51224589,200096,506.7,527.5,20.8,0,5,1,0,306.3,306.3,1.0,,-87.0,-93.0,-93.0,-78.0,0.0,100,sector,0
network_log_20260920_123732_subway,9/20 지하철,subway,cell,51224593,200096,527.5,537.5,10.0,0,2,1,0,148.0,148.0,1.0,,-89.0,-89.0,-89.0,-89.0,0.0,100,sector,0
network_log_20260920_123732_subway,9/20 지하철,subway,cell,51224591,200096,537.5,557.6,20.1,0,4,1,0,222.1,222.1,1.0,,-86.0,-87.0,-85.0,-87.0,0.0,100,sector,0
network_log_20260920_123732_subway,9/20 지하철,subway,cell,51224592,200096,557.6,567.7,10.0,0,2,1,0,0.0,0.0,1.0,,-82.0,-82.0,-82.0,-82.0,0.0,100,sector,1
network_log_20260920_123732_subway,9/20 지하철,subway,cell,51224591,200096,567.7,597.8,30.2,0,6,1,0,177.8,177.8,1.0,,-98.3,-100.0,-100.0,-97.0,0.0,100,sector,0
network_log_20260920_123732_subway,9/20 지하철,subway,cell,51224592,200096,597.8,617.9,20.1,0,4,1,0,177.3,177.3,1.0,,-97.5,-98.0,-98.0,-97.0,0.0,100,inter,0
network_log_20260920_123732_subway,9/20 지하철,subway,cell,51224845,200097,617.9,627.9,10.0,0,2,1,0,88.7,88.7,1.0,,-89.0,-89.0,-89.0,-89.0,0.0,100,sector,0
network_log_20260920_123732_subway,9/20 지하철,subway,cell,51224847,200097,627.9,648.0,20.1,0,4,1,0,177.3,177.3,1.0,,-91.0,-91.0,-91.0,-91.0,0.0,100,sector,0
network_log_20260920_123732_subway,9/20 지하철,subway,cell,51224846,200097,648.0,668.1,20.1,0,4,1,0,133.1,133.1,1.0,,-91.5,-93.0,-90.0,-93.0,0.0,100,inter,0
network_log_20260920_123732_subway,9/20 지하철,subway,cell,51224332,200095,668.1,718.3,50.2,0,10,1,0,248.8,248.8,1.0,,-75.8,-81.0,-70.0,-77.0,0.0,100,sector,0
network_log_20260920_123732_subway,9/20 지하철,subway,cell,51224336,200095,718.3,728.4,10.0,0,2,1,0,124.3,124.3,1.0,,-80.0,-80.0,-80.0,-80.0,0.0,100,sector,0
network_log_20260920_123732_subway,9/20 지하철,subway,cell,51224334,200095,728.4,738.4,10.0,0,2,1,0,124.2,124.2,1.0,,-84.0,-84.0,-84.0,-84.0,0.0,100,sector,0
network_log_20260920_123732_subway,9/20 지하철,subway,cell,51224337,200095,738.4,748.5,10.1,0,2,1,0,124.7,124.7,1.0,,-85.0,-85.0,-85.0,-85.0,0.0,100,inter,0
network_log_20260920_123732_subway,9/20 지하철,subway,cell,51244302,200173,748.5,757.9,9.4,0,2,1,0,116.9,116.9,1.0,,-77.0,-82.0,-82.0,-72.0,1.0,100,sector,0
network_log_20260920_123732_subway,9/20 지하철,subway,cell,51244304,200173,757.9,816.9,59.0,0,14,1,0,356.7,357.9,1.0,,-74.4,-87.0,-83.0,-87.0,1.0,100,sector,0
network_log_20260920_123732_subway,9/20 지하철,subway,cell,51244303,200173,816.9,826.1,9.2,0,3,1,0,113.3,113.3,1.0,,-85.0,-85.0,-85.0,-85.0,1.0,100,sector,0
network_log_20260920_123732_subway,9/20 지하철,subway,cell,51244301,200173,826.1,837.3,11.2,0,3,1,0,138.9,138.9,1.0,,-77.0,-86.0,-86.0,-81.0,1.0,100,sector,0
network_log_20260920_123732_subway,9/20 지하철,subway,cell,51244300,200173,837.3,847.2,9.9,0,3,1,0,122.7,122.7,1.0,,-76.3,-78.0,-78.0,-73.0,1.0,100,inter,0
network_log_20260920_123732_subway,9/20 지하철,subway,cell,51243532,200170,847.2,861.9,14.7,0,4,1,0,181.8,181.8,1.0,,-77.0,-79.0,-79.0,-71.0,1.0,100,sector,0
network_log_20260920_123732_subway,9/20 지하철,subway,cell,51243535,200170,861.9,938.4,76.4,0,16,1,0,580.0,580.7,1.0,,-67.0,-83.0,-71.0,-83.0,1.0,100,sector,0
network_log_20260920_123732_subway,9/20 지하철,subway,cell,51243537,200170,938.4,946.6,8.3,0,3,1,0,65.8,65.8,1.0,,-73.7,-75.0,-75.0,-71.0,1.0,100,sector,0
network_log_20260920_123732_subway,9/20 지하철,subway,cell,51243534,200170,946.6,957.7,11.1,0,3,1,0,87.9,87.9,1.0,,-76.7,-84.0,-84.0,-67.0,1.0,100,sector,0
network_log_20260920_123732_subway,9/20 지하철,subway,cell,51243533,200170,957.7,967.2,9.5,0,3,1,0,75.8,75.8,1.0,,-73.0,-75.0,-75.0,-69.0,1.0,100,inter,0
network_log_20260920_123732_subway,9/20 지하철,subway,cell,51225357,200099,967.2,984.1,16.9,0,4,1,0,134.4,134.4,1.0,,-74.0,-76.0,-76.0,-72.0,1.0,100,sector,0
network_log_20260920_123732_subway,9/20 지하철,subway,cell,51225358,200099,984.1,1036.4,52.3,0,11,1,0,305.8,306.8,1.0,,-67.3,-89.0,-89.0,-64.0,1.0,100,sector,0
network_log_20260920_123732_subway,9/20 지하철,subway,cell,51225360,200099,1036.4,1051.6,15.2,0,4,1,0,134.1,134.1,1.0,,-75.5,-86.0,-80.0,-56.0,1.0,100,sector,0
network_log_20260920_123732_subway,9/20 지하철,subway,cell,51225356,200099,1051.6,1063.6,12.0,0,3,1,0,105.7,105.7,1.0,,-80.0,-87.0,-87.0,-71.0,1.0,100,inter,0
network_log_20260920_123732_subway,9/20 지하철,subway,cell,51225101,200098,1063.6,1072.0,8.4,0,3,1,0,74.0,74.0,1.0,,-61.0,-73.0,-55.0,-73.0,1.0,100,sector,0
network_log_20260920_123732_subway,9/20 지하철,subway,cell,51225103,200098,1072.0,1142.6,70.7,0,16,1,0,63.4,177.2,1.0,1.13,-67.0,-83.0,-69.0,-83.0,1.0,100,inter,0
network_log_20260920_123732_subway,9/20 지하철,subway,cell,51249420,200193,1142.6,1214.6,71.9,0,15,1,0,61.3,90.3,1.0,1.19,-73.0,-82.0,-82.0,-60.0,0.79,100,sector,0
network_log_20260920_123732_subway,9/20 지하철,subway,cell,51249422,200193,1214.6,1218.4,3.9,0,2,1,0,3.9,4.0,1.0,1.07,-64.0,-64.0,-64.0,-64.0,1.0,100,sector,1
network_log_20260920_123732_subway,9/20 지하철,subway,cell,51249420,200193,1218.4,1224.4,6.0,0,2,1,0,2.7,2.8,1.0,1.19,-71.0,-71.0,-71.0,-71.0,1.0,100,sector,1
network_log_20260920_123732_subway,9/20 지하철,subway,cell,51249422,200193,1224.4,1483.9,259.5,0,53,1,0,467.2,510.1,1.0,0.33,-49.7,-66.0,-66.0,-59.0,0.72,100,inter,0
network_log_20260920_123732_subway,9/20 지하철,subway,cell,51264269,200251,1483.9,1507.1,23.1,0,5,1,0,39.4,39.4,1.0,1.14,-70.6,-75.0,-75.0,-64.0,0.0,100,inter,0
network_log_20260920_123732_subway,9/20 지하철,subway,cell,51264016,200250,1507.1,1527.2,20.1,0,4,1,0,17.1,17.1,1.0,0.13,-75.5,-85.0,-66.0,-85.0,0.0,100,sector,0
network_log_20260920_123732_subway,9/20 지하철,subway,cell,51264014,200250,1527.2,1584.9,57.7,0,12,1,0,233.1,702.5,1.0,1.21,-58.8,-84.0,-73.0,-84.0,0.3,100,inter,0
network_log_20260920_123732_subway,9/20 지하철,subway,cell,51231503,200123,1584.9,1592.3,7.4,0,2,1,0,76.6,76.6,1.0,,-67.5,-68.0,-67.0,-68.0,1.0,100,sector,0
network_log_20260920_123732_subway,9/20 지하철,subway,cell,51231501,200123,1592.3,1617.1,24.8,0,6,1,0,256.9,256.9,1.0,,-68.3,-78.0,-71.0,-78.0,1.0,100,sector,0
network_log_20260920_123732_subway,9/20 지하철,subway,cell,51231502,200123,1617.1,1637.3,20.2,0,5,1,0,209.0,209.0,1.0,,-67.8,-73.0,-73.0,-71.0,1.0,100,inter,0
network_log_20260920_123732_subway,9/20 지하철,subway,cell,52506636,205104,1637.3,1641.2,3.9,0,2,1,0,3.2,3.2,1.0,,-91.0,-91.0,-91.0,-91.0,1.0,100,inter,0
network_log_20260920_123732_subway,9/20 지하철,subway,cell,51231759,200124,1641.2,1659.5,18.2,0,5,1,0,0.0,0.0,0.6,,-77.2,-89.0,-89.0,-64.0,1.0,100,inter,0
network_log_20260920_123732_subway,9/20 지하철,subway,cell,52506641,205104,1659.5,1676.3,16.9,1,5,1,0,,,0.0,,-67.8,-81.0,-81.0,-56.0,1.0,100,,0
network_log_20260921_141259_subway,9/21 지하철,subway,cell,51243523,200170,0.0,9.1,9.1,1,4,1,0,77.8,77.8,0.5,,-81.0,-82.0,-82.0,-80.0,1.0,3050,sector,0
network_log_20260921_141259_subway,9/21 지하철,subway,cell,51243520,200170,9.1,21.9,12.8,0,4,1,0,119.6,119.6,1.0,,-80.5,-83.0,-82.0,-75.0,1.0,3050,inter,0
network_log_20260921_141259_subway,9/21 지하철,subway,cell,51244288,200173,21.9,31.8,9.9,0,3,1,0,92.6,92.6,1.0,,-82.7,-88.0,-88.0,-80.0,1.0,3050,sector,0
network_log_20260921_141259_subway,9/21 지하철,subway,cell,51244289,200173,31.8,42.0,10.2,0,3,1,0,94.8,94.8,1.0,,-84.0,-87.0,-87.0,-78.0,1.0,3050,sector,0
network_log_20260921_141259_subway,9/21 지하철,subway,cell,51244291,200173,42.0,54.6,12.7,0,3,1,0,118.1,118.1,1.0,,-86.0,-90.0,-90.0,-84.0,1.0,3050,sector,0
network_log_20260921_141259_subway,9/21 지하철,subway,cell,51244292,200173,54.6,130.4,75.8,0,16,1,0,690.8,693.1,1.0,,-81.8,-89.0,-86.0,-65.0,1.0,3050,sector,0
network_log_20260921_141259_subway,9/21 지하철,subway,cell,51244290,200173,130.4,142.3,11.9,0,4,1,0,158.1,158.1,1.0,,-84.8,-88.0,-88.0,-86.0,1.0,3050,inter,0
network_log_20260921_141259_subway,9/21 지하철,subway,cell,51224325,200095,142.3,152.2,9.9,0,3,1,0,131.9,131.9,1.0,,-81.0,-84.0,-84.0,-75.0,1.0,3050,sector,0
network_log_20260921_141259_subway,9/21 지하철,subway,cell,51224322,200095,152.2,162.1,9.9,0,3,1,0,131.6,131.6,1.0,,-81.0,-87.0,-81.0,-75.0,1.0,3050,sector,0
network_log_20260921_141259_subway,9/21 지하철,subway,cell,51224324,200095,162.1,174.2,12.2,0,3,1,0,162.0,162.0,1.0,,-79.3,-87.0,-85.0,-87.0,1.0,3050,sector,0
network_log_20260921_141259_subway,9/21 지하철,subway,cell,51224320,200095,174.2,230.0,55.8,0,12,1,0,170.3,171.2,1.0,,-77.0,-90.0,-90.0,-74.0,1.0,3050,inter,0
network_log_20260921_141259_subway,9/21 지하철,subway,cell,51224834,200097,230.0,244.3,14.3,0,4,1,0,153.4,153.4,1.0,,-80.2,-85.0,-83.0,-71.0,1.0,3050,sector,0
network_log_20260921_141259_subway,9/21 지하철,subway,cell,51224836,200097,244.3,254.3,10.0,0,3,1,0,107.2,107.2,1.0,,-79.3,-80.0,-79.0,-80.0,1.0,3050,sector,0
network_log_20260921_141259_subway,9/21 지하철,subway,cell,51224835,200097,254.3,262.3,8.0,0,3,1,0,86.0,86.0,1.0,,-82.7,-84.0,-84.0,-80.0,1.0,3050,sector,0
network_log_20260921_141259_subway,9/21 지하철,subway,cell,51224833,200097,262.3,275.7,13.4,0,3,1,0,144.0,144.0,1.0,,-83.0,-90.0,-90.0,-79.0,1.0,3050,inter,0
network_log_20260921_141259_subway,9/21 지하철,subway,cell,51224580,200096,275.7,345.4,69.7,0,15,1,0,284.7,289.3,1.0,,-81.3,-88.0,-77.0,-75.0,1.0,3050,sector,0
network_log_20260921_141259_subway,9/21 지하철,subway,cell,51224579,200096,345.4,364.3,18.9,0,5,1,0,238.9,238.9,1.0,,-80.6,-87.0,-86.0,-77.0,1.0,3050,sector,0
network_log_20260921_141259_subway,9/21 지하철,subway,cell,51224581,200096,364.3,376.3,12.0,0,3,1,0,151.6,151.6,1.0,,-81.3,-86.0,-79.0,-86.0,1.0,3050,sector,0
network_log_20260921_141259_subway,9/21 지하철,subway,cell,51224577,200096,376.3,389.9,13.6,0,4,1,0,171.9,171.9,1.0,,-76.5,-86.0,-75.0,-86.0,1.0,3050,inter,0
network_log_20260921_141259_subway,9/21 지하철,subway,cell,52546048,205258,389.9,401.6,11.7,0,3,1,0,147.9,147.9,1.0,,-79.7,-88.0,-88.0,-63.0,1.0,3050,sector,0
network_log_20260921_141259_subway,9/21 지하철,subway,cell,52546050,205258,401.6,455.5,53.8,0,12,1,0,80.9,121.4,1.0,0.32,-77.0,-84.0,-84.0,-73.0,1.0,3050,inter,0
network_log_20260921_141259_subway,9/21 지하철,subway,cell,52541955,205242,455.5,467.0,11.5,0,3,1,0,162.9,163.1,1.0,11.48,-78.7,-79.0,-79.0,-78.0,1.0,3050,inter,0
network_log_20260921_141259_subway,9/21 지하철,subway,cell,52553216,205286,467.0,473.3,6.3,0,3,1,0,99.8,99.8,1.0,15.74,-80.0,-80.0,-80.0,-80.0,1.0,3050,inter,0
network_log_20260921_141259_subway,9/21 지하철,subway,cell,52546058,205258,473.3,478.2,5.0,0,2,1,0,73.2,73.2,1.0,18.02,-90.0,-90.0,-90.0,-90.0,1.0,3050,inter,0
network_log_20260921_141259_subway,9/21 지하철,subway,cell,52556553,205299,478.2,479.4,1.2,0,1,1,0,38.1,38.1,1.0,18.64,-83.0,-83.0,-83.0,-83.0,1.0,2600,inter,0
network_log_20260921_141259_subway,9/21 지하철,subway,cell,52541966,205242,479.4,489.3,9.8,0,3,1,0,177.9,178.0,1.0,18.48,-83.7,-87.0,-87.0,-77.0,1.0,100,inter,0
network_log_20260921_141259_subway,9/21 지하철,subway,cell,52556560,205299,489.3,497.2,8.0,0,2,1,0,129.6,130.3,1.0,16.02,-85.0,-85.0,-85.0,-85.0,1.0,100,inter,0
network_log_20260921_141259_subway,9/21 지하철,subway,cell,52541712,205241,497.2,501.9,4.7,0,1,1,0,67.5,67.5,1.0,15.73,-78.0,-78.0,-78.0,-78.0,1.0,100,inter,0
network_log_20260921_141259_subway,9/21 지하철,subway,cell,52556812,205300,501.9,507.0,5.1,0,2,1,0,96.1,96.1,1.0,16.23,-77.0,-77.0,-77.0,-77.0,1.0,100,inter,0
network_log_20260921_141259_subway,9/21 지하철,subway,cell,52541713,205241,507.0,516.5,9.5,0,3,1,0,104.8,104.9,1.0,15.16,-65.7,-66.0,-66.0,-65.0,1.0,100,inter,0
network_log_20260921_141259_subway,9/21 지하철,subway,cell,52552991,205285,516.5,581.6,65.1,0,14,1,0,95.5,105.1,1.0,2.18,-77.9,-81.0,-69.0,-80.0,1.0,100,inter,0
network_log_20260921_141259_subway,9/21 지하철,subway,cell,52556813,205300,581.6,596.0,14.4,0,4,1,0,171.8,171.9,1.0,8.26,-84.8,-89.0,-86.0,-78.0,1.0,100,inter,0
network_log_20260921_141259_subway,9/21 지하철,subway,cell,52541709,205241,596.0,599.8,3.9,0,2,1,0,66.7,66.7,1.0,15.36,-78.0,-78.0,-78.0,-78.0,1.0,100,inter,0
network_log_20260921_141259_subway,9/21 지하철,subway,cell,52556817,205300,599.8,612.8,13.0,0,3,1,0,205.0,205.0,1.0,16.62,-78.7,-80.0,-78.0,-80.0,1.0,100,inter,0
network_log_20260921_141259_subway,9/21 지하철,subway,cell,52541716,205241,612.8,614.0,1.2,0,1,1,0,34.2,34.2,1.0,17.57,-82.0,-82.0,-82.0,-82.0,1.0,100,inter,0
network_log_20260921_141259_subway,9/21 지하철,subway,cell,52552462,205283,614.0,622.8,8.8,0,2,1,0,129.7,129.7,1.0,16.75,-77.0,-77.0,-77.0,-77.0,1.0,100,inter,0
network_log_20260921_141259_subway,9/21 지하철,subway,cell,52542724,205245,622.8,623.9,1.1,0,1,1,0,26.3,26.3,1.0,15.12,-77.0,-77.0,-77.0,-77.0,1.0,100,sector,0
network_log_20260921_141259_subway,9/21 지하철,subway,cell,52542735,205245,623.9,637.5,13.6,0,3,1,0,131.0,131.2,1.0,11.05,-68.3,-79.0,-63.0,-79.0,1.0,100,sector,0
network_log_20260921_141259_subway,9/21 지하철,subway,cell,52542733,205245,637.5,713.5,76.0,0,16,1,0,118.4,122.4,1.0,1.58,-72.6,-82.0,-82.0,-72.0,1.0,100,sector,0
network_log_20260921_141259_subway,9/21 지하철,subway,cell,52542732,205245,713.5,715.0,1.5,0,1,1,0,52.6,52.6,1.0,10.44,-74.0,-74.0,-74.0,-74.0,1.0,100,sector,1
network_log_20260921_141259_subway,9/21 지하철,subway,cell,52542733,205245,715.0,720.1,5.1,0,2,1,0,60.6,60.6,1.0,14.49,-91.0,-91.0,-91.0,-91.0,1.0,100,sector,1
network_log_20260921_141259_subway,9/21 지하철,subway,cell,52542732,205245,720.1,721.2,1.0,0,1,1,0,33.2,33.2,1.0,15.52,-94.0,-94.0,-94.0,-94.0,1.0,100,inter,0
network_log_20260921_141259_subway,9/21 지하철,subway,cell,52543244,205247,721.2,731.3,10.1,0,3,1,0,189.7,189.8,1.0,17.8,-82.0,-87.0,-87.0,-72.0,1.0,100,sector,0
network_log_20260921_141259_subway,9/21 지하철,subway,cell,52543246,205247,731.3,733.6,2.3,0,1,1,0,42.0,42.0,1.0,19.72,-87.0,-87.0,-87.0,-87.0,1.0,100,inter,0
network_log_20260921_141259_subway,9/21 지하철,subway,cell,52551950,205281,733.6,743.1,9.5,0,3,1,0,215.6,215.6,1.0,21.28,-76.0,-76.0,-76.0,-76.0,1.0,100,inter,0
network_log_20260921_141259_subway,9/21 지하철,subway,cell,52544017,205250,743.1,745.1,2.0,0,2,1,0,45.2,45.2,1.0,22.0,-76.0,-76.0,-76.0,-76.0,1.0,100,sector,0
network_log_20260921_141259_subway,9/21 지하철,subway,cell,52544030,205250,745.1,751.8,6.7,0,2,1,0,132.9,132.9,1.0,22.25,-74.0,-74.0,-74.0,-74.0,1.0,100,sector,0
network_log_20260921_141259_subway,9/21 지하철,subway,cell,52544016,205250,751.8,758.2,6.4,0,2,1,0,152.3,152.3,1.0,22.16,-85.0,-85.0,-85.0,-85.0,1.0,100,inter,0
network_log_20260921_141259_subway,9/21 지하철,subway,cell,52546320,205259,758.2,761.9,3.7,0,2,1,0,55.9,55.9,1.0,19.82,-80.0,-80.0,-80.0,-80.0,1.0,100,inter,0
network_log_20260921_141259_subway,9/21 지하철,subway,cell,52550154,205274,761.9,778.7,16.9,0,4,1,0,348.5,518.5,1.0,17.8,-56.0,-58.0,-54.0,-58.0,1.0,2600,sector,0
network_log_20260921_141259_subway,9/21 지하철,subway,cell,52550177,205274,778.7,822.4,43.7,1,10,1,0,527.3,581.3,1.0,2.22,-65.9,-77.0,-64.0,-57.0,1.0,2600,,0
network_log_20260921_142715_walking,9/21 도보,walking,cell,52550147,205274,0.0,35.2,35.2,1,8,1,0,32.0,35.1,1.0,0.67,-84.5,-86.0,-85.0,-86.0,1.0,3050,inter,0
network_log_20260921_142715_walking,9/21 도보,walking,cell,52549888,205273,35.2,105.6,70.4,0,14,1,0,53.3,88.5,1.0,1.04,-75.9,-86.0,-86.0,-72.0,0.64,3050,sector,0
network_log_20260921_142715_walking,9/21 도보,walking,cell,52549918,205273,105.6,186.1,80.5,0,16,1,0,97.2,99.1,1.0,1.18,-69.9,-78.0,-72.0,-78.0,0.0,3050,inter,0
network_log_20260921_142715_walking,9/21 도보,walking,cell,52545540,205256,186.1,216.3,30.2,0,6,1,0,34.6,35.0,1.0,1.16,-75.3,-77.0,-76.0,-73.0,0.0,3050,inter,0
network_log_20260921_142715_walking,9/21 도보,walking,cell,52549918,205273,216.3,226.4,10.1,0,2,1,0,10.5,11.1,1.0,1.13,-77.0,-77.0,-77.0,-77.0,0.0,3050,inter,1
network_log_20260921_142715_walking,9/21 도보,walking,cell,52545540,205256,226.4,337.1,110.7,0,22,1,0,114.0,132.4,1.0,1.15,-79.4,-90.0,-71.0,-90.0,0.0,3050,inter,0
network_log_20260921_142715_walking,9/21 도보,walking,cell,52543491,205248,337.1,357.3,20.1,0,4,1,0,27.4,28.7,1.0,1.19,-93.0,-96.0,-90.0,-96.0,0.0,3050,inter,0
network_log_20260921_142715_walking,9/21 도보,walking,cell,52548866,205269,357.3,377.4,20.1,0,4,1,0,22.2,22.3,1.0,1.13,-85.5,-89.0,-89.0,-82.0,0.0,3050,inter,0
network_log_20260921_142715_walking,9/21 도보,walking,cell,52543746,205249,377.4,387.4,10.1,0,2,1,0,11.7,11.7,1.0,1.13,-86.0,-86.0,-86.0,-86.0,0.0,3050,inter,0
network_log_20260921_142715_walking,9/21 도보,walking,cell,52548885,205269,387.4,548.4,161.0,0,32,1,0,178.7,187.9,1.0,1.18,-76.1,-83.0,-83.0,-82.0,0.0,3050,inter,0
network_log_20260921_142715_walking,9/21 도보,walking,cell,52543746,205249,548.4,729.6,181.2,0,36,1,0,213.5,216.0,1.0,1.17,-78.1,-87.0,-83.0,-82.0,0.0,3050,sector,0
network_log_20260921_142715_walking,9/21 도보,walking,cell,52543744,205249,729.6,840.3,110.7,0,22,1,0,32.0,72.4,1.0,0.61,-87.2,-99.0,-88.0,-80.0,0.0,3050,inter,0
network_log_20260921_142715_walking,9/21 도보,walking,cell,52544257,205251,840.3,850.4,10.1,0,2,1,0,13.7,13.7,1.0,1.14,-92.0,-92.0,-92.0,-92.0,0.0,3050,inter,1
network_log_20260921_142715_walking,9/21 도보,walking,cell,52543744,205249,850.4,910.8,60.4,0,12,1,0,40.6,50.6,1.0,0.96,-87.3,-97.0,-91.0,-97.0,0.0,3050,inter,0
network_log_20260921_142715_walking,9/21 도보,walking,cell,52545041,205254,910.8,920.8,10.0,0,2,1,0,0.4,0.5,1.0,0.22,-112.0,-112.0,-112.0,-112.0,0.0,100,band,0
network_log_20260921_142715_walking,9/21 도보,walking,cell,52545035,205254,920.8,940.9,20.1,0,4,1,0,11.4,12.5,1.0,0.19,-112.5,-122.0,-122.0,-103.0,0.0,2600,inter,0
network_log_20260921_142715_walking,9/21 도보,walking,cell,52543750,205249,940.9,950.9,10.0,1,3,1,0,0.6,1.4,1.0,0.48,-86.3,-89.0,-85.0,-89.0,0.0,2600,,0
network_log_20260924_140453_subway,9/24 지하철,subway,cell,51280641,200315,0.0,27.7,27.7,1,8,1,0,235.6,235.6,0.75,,-81.6,-92.0,-88.0,-92.0,1.0,3050,sector,0
network_log_20260924_140453_subway,9/24 지하철,subway,cell,51280645,200315,27.7,30.1,2.4,0,1,1,0,21.1,21.1,1.0,,-99.0,-99.0,-99.0,-99.0,1.0,3050,sector,0
network_log_20260924_140453_subway,9/24 지하철,subway,cell,51280644,200315,30.1,38.6,8.5,0,2,1,0,73.9,73.9,1.0,,-94.0,-95.0,-93.0,-95.0,1.0,3050,inter,0
network_log_20260924_140453_subway,9/24 지하철,subway,cell,51280896,200316,38.6,55.2,16.6,0,4,1,0,144.9,144.9,1.0,,-90.0,-93.0,-90.0,-93.0,1.0,3050,sector,0
network_log_20260924_140453_subway,9/24 지하철,subway,cell,51280897,200316,55.2,61.6,6.5,0,3,1,0,56.5,56.5,1.0,,-80.0,-80.0,-80.0,-80.0,1.0,3050,inter,0
network_log_20260924_140453_subway,9/24 지하철,subway,cell,52545025,205254,61.6,67.1,5.4,0,2,1,0,47.5,47.5,1.0,,-71.0,-71.0,-71.0,-71.0,1.0,3050,inter,0
network_log_20260924_140453_subway,9/24 지하철,subway,cell,52544522,205252,67.1,79.4,12.4,0,3,1,0,257.1,257.2,1.0,17.31,-73.3,-74.0,-74.0,-72.0,1.0,3050,inter,0
network_log_20260924_140453_subway,9/24 지하철,subway,cell,52548383,205267,79.4,87.1,7.6,0,3,1,0,120.3,120.6,1.0,16.08,-77.0,-79.0,-76.0,-79.0,1.0,3050,inter,0
network_log_20260924_140453_subway,9/24 지하철,subway,cell,50832385,198564,87.1,91.9,4.8,0,2,1,0,44.9,44.9,1.0,12.65,-87.0,-87.0,-87.0,-87.0,1.0,3050,sector,0
network_log_20260924_140453_subway,9/24 지하철,subway,cell,50832387,198564,91.9,149.5,57.6,0,12,1,0,51.8,78.7,1.0,1.36,-79.3,-85.0,-82.0,-76.0,1.0,3050,sector,0
network_log_20260924_140453_subway,9/24 지하철,subway,cell,50832388,198564,149.5,170.7,21.2,0,5,1,0,315.1,316.9,1.0,7.68,-77.2,-80.0,-80.0,-76.0,1.0,3050,sector,0
network_log_20260924_140453_subway,9/24 지하철,subway,cell,50832389,198564,170.7,180.7,10.0,0,2,1,0,169.9,169.9,1.0,16.78,-77.0,-82.0,-72.0,-82.0,1.0,3050,sector,0
network_log_20260924_140453_subway,9/24 지하철,subway,cell,50832415,198564,180.7,190.2,9.5,0,2,1,0,164.4,164.5,1.0,15.69,-77.5,-83.0,-83.0,-72.0,1.0,3050,sector,0
network_log_20260924_140453_subway,9/24 지하철,subway,cell,50832418,198564,190.2,207.8,17.7,0,5,1,0,298.2,298.2,1.0,16.08,-85.6,-91.0,-91.0,-87.0,1.0,3050,inter,0
network_log_20260924_140453_subway,9/24 지하철,subway,cell,52115211,203575,207.8,212.5,4.6,0,2,1,0,66.8,66.9,1.0,16.77,-85.0,-85.0,-85.0,-85.0,1.0,2600,inter,0
network_log_20260924_140453_subway,9/24 지하철,subway,cell,52419593,204764,212.5,215.3,2.9,0,1,1,0,33.8,33.8,1.0,17.48,-83.0,-83.0,-83.0,-83.0,1.0,2600,inter,0
network_log_20260924_140453_subway,9/24 지하철,subway,cell,51279882,200312,215.3,220.9,5.5,0,2,1,0,100.6,100.6,1.0,17.22,-82.0,-82.0,-82.0,-82.0,1.0,2600,band,0
network_log_20260924_140453_subway,9/24 지하철,subway,cell,51279876,200312,220.9,233.4,12.5,0,3,1,0,382.9,457.9,1.0,16.61,-82.3,-92.0,-92.0,-84.0,1.0,3050,sector,0
network_log_20260924_140453_subway,9/24 지하철,subway,cell,51279877,200312,233.4,247.8,14.4,0,4,1,0,126.1,126.1,1.0,,-87.5,-88.0,-88.0,-86.0,1.0,3050,sector,0
network_log_20260924_140453_subway,9/24 지하철,subway,cell,51279875,200312,247.8,267.4,19.6,0,5,1,0,171.4,171.4,1.0,,-80.4,-90.0,-90.0,-79.0,1.0,3050,sector,0
network_log_20260924_140453_subway,9/24 지하철,subway,cell,51279872,200312,267.4,270.7,3.2,0,1,1,0,28.2,28.2,1.0,,-89.0,-89.0,-89.0,-89.0,1.0,3050,sector,1
network_log_20260924_140453_subway,9/24 지하철,subway,cell,51279875,200312,270.7,273.7,3.0,0,2,1,0,26.3,26.3,1.0,,-92.0,-92.0,-92.0,-92.0,1.0,3050,sector,1
network_log_20260924_140453_subway,9/24 지하철,subway,cell,51279872,200312,273.7,335.8,62.1,0,13,1,0,535.9,542.1,1.0,,-78.8,-92.0,-75.0,-84.0,1.0,3050,inter,0
network_log_20260924_140453_subway,9/24 지하철,subway,cell,51280132,200313,335.8,349.2,13.4,0,4,1,0,116.9,116.9,1.0,,-72.5,-80.0,-80.0,-65.0,1.0,3050,sector,0
network_log_20260924_140453_subway,9/24 지하철,subway,cell,51280128,200313,349.2,364.0,14.8,0,4,1,0,129.5,129.5,1.0,,-79.0,-82.0,-82.0,-81.0,1.0,3050,sector,0
network_log_20260924_140453_subway,9/24 지하철,subway,cell,51280131,200313,364.0,376.5,12.5,0,3,1,0,109.0,109.0,1.0,,-70.7,-79.0,-79.0,-54.0,1.0,3050,sector,0
network_log_20260924_140453_subway,9/24 지하철,subway,cell,51280130,200313,376.5,380.0,3.6,0,1,1,0,31.1,31.1,1.0,,-81.0,-81.0,-81.0,-81.0,1.0,3050,sector,0
network_log_20260924_140453_subway,9/24 지하철,subway,cell,51280129,200313,380.0,389.6,9.6,0,3,1,0,84.1,84.1,1.0,,-83.0,-83.0,-83.0,-83.0,1.0,3050,inter,0
network_log_20260924_140453_subway,9/24 지하철,subway,cell,51279616,200311,389.6,399.6,10.0,0,3,1,0,87.1,87.1,1.0,,-77.3,-81.0,-81.0,-70.0,1.0,3050,sector,0
network_log_20260924_140453_subway,9/24 지하철,subway,cell,51279617,200311,399.6,414.1,14.5,0,4,1,0,126.9,126.9,1.0,,-77.0,-86.0,-83.0,-86.0,1.0,3050,sector,0
network_log_20260924_140453_subway,9/24 지하철,subway,cell,51279618,200311,414.1,475.8,61.7,0,13,1,0,409.8,410.1,1.0,,-79.2,-94.0,-84.0,-94.0,1.0,3050,sector,0
network_log_20260924_140453_subway,9/24 지하철,subway,cell,51279619,200311,475.8,485.0,9.2,0,3,1,0,87.7,87.7,1.0,,-82.3,-88.0,-88.0,-71.0,1.0,3050,sector,0
network_log_20260924_140453_subway,9/24 지하철,subway,cell,51279620,200311,485.0,494.1,9.1,0,3,1,0,86.5,86.5,1.0,,-74.0,-77.0,-77.0,-77.0,1.0,3050,sector,0
network_log_20260924_140453_subway,9/24 지하철,subway,cell,51279621,200311,494.1,503.2,9.1,0,3,1,0,86.5,86.5,1.0,,-70.0,-78.0,-78.0,-54.0,1.0,3050,inter,0
network_log_20260924_140453_subway,9/24 지하철,subway,cell,51280384,200314,503.2,514.1,10.9,0,3,1,0,103.6,103.6,1.0,,-76.3,-79.0,-79.0,-78.0,1.0,3050,sector,0
network_log_20260924_140453_subway,9/24 지하철,subway,cell,51280385,200314,514.1,528.7,14.6,0,4,1,0,139.5,139.5,1.0,,-70.8,-80.0,-80.0,-55.0,1.0,3050,sector,0
network_log_20260924_140453_subway,9/24 지하철,subway,cell,51280388,200314,528.7,596.2,67.5,0,14,1,0,458.1,458.1,1.0,,-84.8,-99.0,-80.0,-84.0,1.0,3050,sector,0
network_log_20260924_140453_subway,9/24 지하철,subway,cell,51280387,200314,596.2,604.5,8.4,0,3,1,0,40.4,40.4,1.0,,-76.7,-86.0,-86.0,-58.0,1.0,3050,sector,0
network_log_20260924_140453_subway,9/24 지하철,subway,cell,51280386,200314,604.5,616.7,12.2,0,3,1,0,58.6,58.6,1.0,,-84.0,-93.0,-93.0,-69.0,1.0,3050,inter,0
network_log_20260924_140453_subway,9/24 지하철,subway,cell,51282179,200321,616.7,627.3,10.6,0,3,1,0,50.9,50.9,1.0,,-76.0,-76.0,-76.0,-76.0,1.0,3050,sector,0
network_log_20260924_140453_subway,9/24 지하철,subway,cell,51282180,200321,627.3,641.5,14.2,0,4,1,0,68.6,68.6,1.0,,-80.0,-82.0,-82.0,-76.0,1.0,3050,sector,0
network_log_20260924_140453_subway,9/24 지하철,subway,cell,51282181,200321,641.5,657.6,16.1,0,4,1,0,77.8,77.8,1.0,,-69.5,-82.0,-82.0,-57.0,1.0,3050,sector,0
network_log_20260924_140453_subway,9/24 지하철,subway,cell,51282176,200321,657.6,699.3,41.7,0,9,1,0,200.8,200.8,1.0,,-80.0,-87.0,-77.0,-87.0,1.0,3050,sector,0
network_log_20260924_140453_subway,9/24 지하철,subway,cell,51282181,200321,699.3,701.7,2.4,0,1,1,0,11.6,11.6,1.0,,-95.0,-95.0,-95.0,-95.0,1.0,3050,sector,1
network_log_20260924_140453_subway,9/24 지하철,subway,cell,51282176,200321,701.7,710.2,8.6,0,3,1,0,41.3,41.3,1.0,,-96.3,-101.0,-94.0,-101.0,1.0,3050,sector,0
network_log_20260924_140453_subway,9/24 지하철,subway,cell,51282178,200321,710.2,716.9,6.7,0,2,1,0,32.3,32.3,1.0,,-68.0,-84.0,-84.0,-52.0,1.0,3050,sector,0
network_log_20260924_140453_subway,9/24 지하철,subway,cell,51282177,200321,716.9,726.1,9.2,0,3,1,0,44.2,44.2,1.0,,-77.3,-78.0,-78.0,-76.0,1.0,3050,inter,0
network_log_20260924_140453_subway,9/24 지하철,subway,cell,51281925,200320,726.1,734.1,8.0,0,3,1,0,38.5,38.5,1.0,,-73.3,-77.0,-77.0,-66.0,1.0,3050,sector,0
network_log_20260924_140453_subway,9/24 지하철,subway,cell,51281923,200320,734.1,744.1,10.1,0,3,1,0,48.5,48.5,1.0,,-64.3,-79.0,-79.0,-57.0,1.0,3050,sector,0
network_log_20260924_140453_subway,9/24 지하철,subway,cell,51281924,200320,744.1,761.9,17.7,0,4,1,0,85.4,85.4,1.0,,-73.2,-78.0,-78.0,-78.0,1.0,3050,inter,0
network_log_20260924_140453_subway,9/24 지하철,subway,cell,51282432,200322,761.9,824.6,62.7,0,14,1,0,992.3,992.3,1.0,,-75.6,-89.0,-72.0,-89.0,1.0,3050,sector,0
network_log_20260924_140453_subway,9/24 지하철,subway,cell,51282434,200322,824.6,837.2,12.6,0,3,1,0,119.6,119.6,1.0,,-83.7,-86.0,-86.0,-79.0,1.0,3050,sector,0
network_log_20260924_140453_subway,9/24 지하철,subway,cell,51282433,200322,837.2,854.5,17.3,0,5,1,0,163.7,163.7,1.0,,-84.6,-89.0,-85.0,-89.0,1.0,3050,inter,0
network_log_20260924_140453_subway,9/24 지하철,subway,cell,51281669,200319,854.5,867.2,12.7,0,3,1,0,120.3,120.3,1.0,,-86.3,-88.0,-88.0,-86.0,1.0,3050,sector,0
network_log_20260924_140453_subway,9/24 지하철,subway,cell,51281667,200319,867.2,881.1,13.8,0,4,1,0,130.7,130.7,1.0,,-73.5,-86.0,-75.0,-86.0,1.0,3050,sector,0
network_log_20260924_140453_subway,9/24 지하철,subway,cell,51281665,200319,881.1,950.0,68.9,0,15,1,0,535.4,541.7,1.0,,-85.2,-96.0,-82.0,-96.0,1.0,3050,sector,0
network_log_20260924_140453_subway,9/24 지하철,subway,cell,51281664,200319,950.0,968.2,18.3,0,4,1,0,164.2,164.2,1.0,,-83.2,-86.0,-86.0,-83.0,1.0,3050,sector,0
network_log_20260924_140453_subway,9/24 지하철,subway,cell,51281668,200319,968.2,987.9,19.7,0,5,1,0,176.6,176.6,1.0,,-83.2,-89.0,-87.0,-89.0,1.0,3050,inter,0
network_log_20260924_140453_subway,9/24 지하철,subway,cell,51281922,200320,987.9,998.9,10.9,0,3,1,0,98.2,98.2,1.0,,-76.0,-76.0,-76.0,-76.0,1.0,3050,sector,0
network_log_20260924_140453_subway,9/24 지하철,subway,cell,51281921,200320,998.9,1006.5,7.6,0,2,1,0,68.5,68.5,1.0,,-77.5,-78.0,-77.0,-78.0,1.0,3050,sector,0
network_log_20260924_140453_subway,9/24 지하철,subway,cell,51281920,200320,1006.5,1021.9,15.4,0,4,1,0,137.9,137.9,1.0,,-80.5,-88.0,-88.0,-73.0,1.0,3050,inter,0
network_log_20260924_140453_subway,9/24 지하철,subway,cell,51282944,200324,1021.9,1036.0,14.1,0,4,1,0,126.9,126.9,1.0,,-82.2,-88.0,-88.0,-84.0,1.0,3050,sector,0
network_log_20260924_140453_subway,9/24 지하철,subway,cell,51282947,200324,1036.0,1047.4,11.4,0,3,1,0,101.9,101.9,1.0,,-87.3,-92.0,-92.0,-85.0,1.0,3050,sector,0
network_log_20260924_140453_subway,9/24 지하철,subway,cell,51282949,200324,1047.4,1063.5,16.1,0,4,1,0,144.9,144.9,1.0,,-81.2,-88.0,-86.0,-88.0,1.0,3050,sector,0
network_log_20260924_140453_subway,9/24 지하철,subway,cell,51282946,200324,1063.5,1071.4,7.9,0,3,1,0,70.7,70.7,1.0,,-73.0,-73.0,-73.0,-73.0,1.0,3050,sector,0
network_log_20260924_140453_subway,9/24 지하철,subway,cell,51282948,200324,1071.4,1081.6,10.2,0,3,1,0,91.9,91.9,1.0,,-81.7,-88.0,-88.0,-69.0,1.0,3050,sector,0
network_log_20260924_140453_subway,9/24 지하철,subway,cell,51282945,200324,1081.6,1099.2,17.5,0,4,1,0,157.5,157.5,1.0,,-70.5,-84.0,-84.0,-58.0,1.0,3050,inter,0
network_log_20260924_140453_subway,9/24 지하철,subway,cell,51283202,200325,1099.2,1138.4,39.2,0,8,1,0,351.9,351.9,1.0,,-89.9,-101.0,-101.0,-88.0,1.0,3050,inter,0
network_log_20260924_140453_subway,9/24 지하철,subway,cell,51282945,200324,1138.4,1142.5,4.1,0,2,1,0,36.8,36.8,1.0,,-101.0,-101.0,-101.0,-101.0,1.0,3050,inter,1
network_log_20260924_140453_subway,9/24 지하철,subway,cell,51283202,200325,1142.5,1153.3,10.8,0,3,1,0,16.8,16.8,1.0,,-105.3,-109.0,-109.0,-98.0,1.0,3050,sector,0
network_log_20260924_140453_subway,9/24 지하철,subway,cell,51283203,200325,1153.3,1164.4,11.2,0,3,1,0,57.0,57.0,1.0,,-82.0,-82.0,-82.0,-82.0,1.0,3050,sector,0
network_log_20260924_140453_subway,9/24 지하철,subway,cell,51283204,200325,1164.4,1178.3,13.8,0,3,1,0,157.7,157.7,1.0,,-83.7,-89.0,-86.0,-89.0,1.0,3050,sector,0
network_log_20260924_140453_subway,9/24 지하철,subway,cell,51283200,200325,1178.3,1188.3,10.0,0,3,1,0,114.3,114.3,1.0,,-84.0,-84.0,-84.0,-84.0,1.0,3050,sector,0
network_log_20260924_140453_subway,9/24 지하철,subway,cell,51283201,200325,1188.3,1202.1,13.8,0,4,1,0,157.2,157.2,1.0,,-79.0,-86.0,-80.0,-86.0,1.0,3050,inter,0
network_log_20260924_140453_subway,9/24 지하철,subway,cell,51283969,200328,1202.1,1269.2,67.1,0,14,1,0,598.4,598.4,1.0,,-85.4,-98.0,-87.0,-98.0,1.0,3050,sector,0
network_log_20260924_140453_subway,9/24 지하철,subway,cell,51283970,200328,1269.2,1280.8,11.6,0,4,1,0,119.2,119.2,1.0,,-78.0,-81.0,-81.0,-75.0,1.0,3050,inter,0
network_log_20260924_140453_subway,9/24 지하철,subway,cell,51282691,200323,1280.8,1292.9,12.1,0,3,1,0,129.8,129.8,1.0,,-74.7,-77.0,-77.0,-70.0,1.0,3050,sector,0
network_log_20260924_140453_subway,9/24 지하철,subway,cell,51282692,200323,1292.9,1304.0,11.1,0,3,1,0,119.5,119.5,1.0,,-77.0,-80.0,-80.0,-73.0,1.0,3050,sector,0
network_log_20260924_140453_subway,9/24 지하철,subway,cell,51282689,200323,1304.0,1319.5,15.5,0,4,1,0,166.8,166.8,1.0,,-73.2,-80.0,-72.0,-80.0,1.0,3050,sector,0
network_log_20260924_140453_subway,9/24 지하철,subway,cell,51282693,200323,1319.5,1338.7,19.2,0,5,1,0,206.1,206.1,1.0,,-75.6,-81.0,-81.0,-60.0,1.0,3050,sector,0
network_log_20260924_140453_subway,9/24 지하철,subway,cell,51282688,200323,1338.7,1404.0,65.3,0,14,1,0,479.8,512.9,1.0,,-84.4,-94.0,-94.0,-92.0,1.0,3050,sector,0
network_log_20260924_140453_subway,9/24 지하철,subway,cell,51282690,200323,1404.0,1420.2,16.2,0,4,1,0,160.6,160.6,1.0,,-83.5,-90.0,-90.0,-77.0,1.0,3050,inter,0
network_log_20260924_140453_subway,9/24 지하철,subway,cell,51283717,200327,1420.2,1426.3,6.1,0,2,1,0,60.9,60.9,1.0,,-74.0,-81.0,-81.0,-67.0,1.0,3050,sector,0
network_log_20260924_140453_subway,9/24 지하철,subway,cell,51283716,200327,1426.3,1445.3,19.0,0,4,1,0,188.5,188.5,1.0,,-77.8,-84.0,-84.0,-83.0,1.0,3050,sector,0
network_log_20260924_140453_subway,9/24 지하철,subway,cell,51283714,200327,1445.3,1457.0,11.8,0,3,1,0,116.9,116.9,1.0,,-77.7,-83.0,-83.0,-80.0,1.0,3050,sector,0
network_log_20260924_140453_subway,9/24 지하철,subway,cell,51283715,200327,1457.0,1467.9,10.9,0,3,1,0,108.4,108.4,1.0,,-81.3,-85.0,-80.0,-85.0,1.0,3050,sector,0
network_log_20260924_140453_subway,9/24 지하철,subway,cell,51283713,200327,1467.9,1483.5,15.6,0,4,1,0,155.3,155.3,1.0,,-77.2,-79.0,-79.0,-77.0,1.0,3050,sector,0
network_log_20260924_140453_subway,9/24 지하철,subway,cell,51283712,200327,1483.5,1495.5,11.9,0,3,1,0,118.3,118.3,1.0,,-64.7,-88.0,-53.0,-88.0,1.0,3050,inter,0
network_log_20260924_140453_subway,9/24 지하철,subway,cell,51283461,200326,1495.5,1507.3,11.8,0,3,1,0,117.4,117.4,1.0,,-77.3,-84.0,-82.0,-84.0,1.0,3050,sector,0
network_log_20260924_140453_subway,9/24 지하철,subway,cell,51283460,200326,1507.3,1600.8,93.5,0,19,1,0,735.4,738.9,1.0,,-92.6,-102.0,-82.0,-102.0,1.0,3050,sector,0
network_log_20260924_140453_subway,9/24 지하철,subway,cell,51283458,200326,1600.8,1609.2,8.4,0,2,1,0,90.1,90.1,1.0,,-82.5,-97.0,-97.0,-68.0,1.0,3050,sector,0
network_log_20260924_140453_subway,9/24 지하철,subway,cell,51283457,200326,1609.2,1619.3,10.1,0,3,1,0,109.0,109.0,1.0,,-80.7,-82.0,-82.0,-80.0,1.0,3050,inter,0
network_log_20260924_140453_subway,9/24 지하철,subway,cell,51292675,200362,1619.3,1638.4,19.2,0,5,1,0,206.3,206.3,1.0,,-79.2,-95.0,-86.0,-95.0,1.0,3050,sector,0
network_log_20260924_140453_subway,9/24 지하철,subway,cell,51292676,200362,1638.4,1662.8,24.3,0,6,1,0,262.0,262.0,1.0,,-84.3,-92.0,-92.0,-85.0,1.0,3050,inter,0
network_log_20260924_140453_subway,9/24 지하철,subway,cell,51293185,200364,1662.8,1719.4,56.7,0,12,1,0,256.9,272.4,1.0,,-77.8,-81.0,-78.0,-78.0,1.0,3050,inter,0
network_log_20260924_140453_subway,9/24 지하철,subway,cell,51292676,200362,1719.4,1724.6,5.2,0,2,1,0,28.8,28.8,1.0,,-89.0,-89.0,-89.0,-89.0,1.0,3050,sector,0
network_log_20260924_140453_subway,9/24 지하철,subway,cell,51292673,200362,1724.6,1741.0,16.3,0,4,1,0,90.5,90.5,1.0,,-84.8,-92.0,-85.0,-70.0,1.0,3050,sector,0
network_log_20260924_140453_subway,9/24 지하철,subway,cell,51292674,200362,1741.0,1763.8,22.9,0,6,1,0,126.7,126.7,1.0,,-85.3,-93.0,-93.0,-83.0,1.0,3050,sector,0
network_log_20260924_140453_subway,9/24 지하철,subway,cell,51292672,200362,1763.8,1778.1,14.3,0,4,1,0,79.1,79.1,1.0,,-79.8,-90.0,-90.0,-81.0,1.0,3050,inter,0
network_log_20260924_140453_subway,9/24 지하철,subway,cell,51293443,200365,1778.1,1795.9,17.8,0,4,1,0,98.7,98.7,1.0,,-83.2,-90.0,-90.0,-67.0,1.0,3050,inter,0
network_log_20260924_140453_subway,9/24 지하철,subway,cell,51293184,200364,1795.9,1861.7,65.8,0,14,1,0,253.3,253.3,1.0,,-84.5,-94.0,-94.0,-90.0,1.0,3050,inter,0
network_log_20260924_140453_subway,9/24 지하철,subway,cell,51293442,200365,1861.7,1871.6,9.8,0,3,1,0,39.0,39.0,1.0,,-84.3,-95.0,-95.0,-63.0,1.0,3050,sector,0
network_log_20260924_140453_subway,9/24 지하철,subway,cell,51293441,200365,1871.6,1880.9,9.3,0,3,1,0,75.8,75.8,1.0,,-65.0,-65.0,-65.0,-65.0,1.0,3050,sector,0
network_log_20260924_140453_subway,9/24 지하철,subway,cell,51293440,200365,1880.9,1898.6,17.7,0,5,1,0,144.2,144.2,1.0,,-77.0,-83.0,-80.0,-83.0,1.0,3050,sector,0
network_log_20260924_140453_subway,9/24 지하철,subway,cell,51293445,200365,1898.6,1916.8,18.3,0,4,1,0,148.9,148.9,1.0,,-82.2,-90.0,-90.0,-64.0,1.0,3050,sector,0
network_log_20260924_140453_subway,9/24 지하철,subway,cell,51293444,200365,1916.8,1930.3,13.5,0,4,1,0,109.7,109.7,1.0,,-81.8,-84.0,-84.0,-75.0,1.0,3050,inter,0
network_log_20260924_140453_subway,9/24 지하철,subway,cell,51292932,200363,1930.3,1935.7,5.4,0,2,1,0,43.9,43.9,1.0,,-73.0,-73.0,-73.0,-73.0,1.0,3050,sector,0
network_log_20260924_140453_subway,9/24 지하철,subway,cell,51292929,200363,1935.7,1937.0,1.3,0,1,1,0,10.6,10.6,1.0,,-78.0,-78.0,-78.0,-78.0,1.0,3050,sector,1
network_log_20260924_140453_subway,9/24 지하철,subway,cell,51292932,200363,1937.0,1940.5,3.5,0,1,1,0,28.4,28.4,1.0,,-77.0,-77.0,-77.0,-77.0,1.0,3050,sector,1
network_log_20260924_140453_subway,9/24 지하철,subway,cell,51292929,200363,1940.5,1952.0,11.6,0,3,1,0,94.2,94.2,1.0,,-65.0,-65.0,-65.0,-65.0,1.0,3050,sector,0
network_log_20260924_140453_subway,9/24 지하철,subway,cell,51292930,200363,1952.0,1993.3,41.3,0,9,1,0,336.5,336.5,1.0,,-83.2,-89.0,-75.0,-85.0,1.0,3050,sector,0
network_log_20260924_140453_subway,9/24 지하철,subway,cell,51292932,200363,1993.3,1996.4,3.0,0,1,1,0,24.7,24.7,1.0,,-95.0,-95.0,-95.0,-95.0,1.0,3050,sector,0
network_log_20260924_140453_subway,9/24 지하철,subway,cell,51292931,200363,1996.4,2009.6,13.2,0,4,1,0,103.5,106.1,1.0,,-80.8,-85.0,-85.0,-68.0,1.0,3050,sector,0
network_log_20260924_140453_subway,9/24 지하철,subway,cell,51292928,200363,2009.6,2015.6,6.1,0,2,1,0,49.3,49.3,1.0,,-64.0,-64.0,-64.0,-64.0,1.0,3050,sector,0
network_log_20260924_140453_subway,9/24 지하철,subway,cell,51292933,200363,2015.6,2027.3,11.7,0,3,1,0,95.1,95.1,1.0,,-87.0,-89.0,-89.0,-86.0,1.0,3050,inter,0
network_log_20260924_140453_subway,9/24 지하철,subway,cell,51291396,200357,2027.3,2034.6,7.3,0,2,1,0,59.2,59.2,1.0,,-74.0,-83.0,-83.0,-65.0,1.0,3050,sector,0
network_log_20260924_140453_subway,9/24 지하철,subway,cell,51291395,200357,2034.6,2045.8,11.2,0,3,1,0,91.5,91.5,1.0,,-71.3,-74.0,-70.0,-74.0,1.0,3050,sector,0
network_log_20260924_140453_subway,9/24 지하철,subway,cell,51291397,200357,2045.8,2110.5,64.7,0,14,1,0,527.0,527.0,1.0,,-78.7,-90.0,-90.0,-81.0,1.0,3050,sector,0
network_log_20260924_140453_subway,9/24 지하철,subway,cell,51291392,200357,2110.5,2122.5,12.1,0,3,1,0,98.5,98.5,1.0,,-76.7,-88.0,-71.0,-88.0,1.0,3050,sector,0
network_log_20260924_140453_subway,9/24 지하철,subway,cell,51291393,200357,2122.5,2124.2,1.7,0,2,1,0,13.6,13.6,1.0,,-85.0,-85.0,-85.0,-85.0,1.0,3050,sector,0
network_log_20260924_140453_subway,9/24 지하철,subway,cell,51291394,200357,2124.2,2129.8,5.6,0,2,1,0,45.5,45.5,1.0,,-82.0,-82.0,-82.0,-82.0,1.0,3050,inter,0
network_log_20260924_140453_subway,9/24 지하철,subway,cell,51291652,200358,2129.8,2139.3,9.5,0,3,1,0,77.2,77.2,1.0,,-89.0,-93.0,-87.0,-93.0,1.0,3050,sector,0
network_log_20260924_140453_subway,9/24 지하철,subway,cell,51291649,200358,2139.3,2142.1,2.9,0,1,1,0,23.5,23.5,1.0,,-84.0,-84.0,-84.0,-84.0,1.0,3050,sector,1
network_log_20260924_140453_subway,9/24 지하철,subway,cell,51291652,200358,2142.1,2147.5,5.4,0,2,1,0,43.7,43.7,1.0,,-87.0,-87.0,-87.0,-87.0,1.0,3050,sector,1
network_log_20260924_140453_subway,9/24 지하철,subway,cell,51291649,200358,2147.5,2155.5,8.0,0,3,1,0,65.0,65.0,1.0,,-69.0,-69.0,-69.0,-69.0,1.0,3050,sector,0
network_log_20260924_140453_subway,9/24 지하철,subway,cell,51291650,200358,2155.5,2199.4,44.0,0,10,1,0,358.2,358.2,1.0,,-83.5,-88.0,-76.0,-87.0,1.0,3050,sector,0
network_log_20260924_140453_subway,9/24 지하철,subway,cell,51291649,200358,2199.4,2200.5,1.0,0,1,1,0,8.5,8.5,1.0,,-88.0,-88.0,-88.0,-88.0,1.0,3050,sector,1
network_log_20260924_140453_subway,9/24 지하철,subway,cell,51291650,200358,2200.5,2207.4,6.9,0,2,1,0,19.7,19.7,1.0,,-85.0,-85.0,-85.0,-85.0,1.0,3050,sector,1
network_log_20260924_140453_subway,9/24 지하철,subway,cell,51291649,200358,2207.4,2209.6,2.2,0,2,1,0,0.0,0.0,1.0,,-87.0,-87.0,-87.0,-87.0,1.0,3050,sector,1
network_log_20260924_140453_subway,9/24 지하철,subway,cell,51291650,200358,2209.6,2244.7,35.1,0,8,1,0,0.0,0.0,1.0,,-87.6,-91.0,-89.0,-88.0,1.0,3050,sector,0
network_log_20260924_140453_subway,9/24 지하철,subway,cell,51291648,200358,2244.7,2257.7,13.0,0,3,1,0,117.3,117.3,1.0,,-74.7,-82.0,-82.0,-71.0,1.0,3050,sector,0
network_log_20260924_140453_subway,9/24 지하철,subway,cell,51291651,200358,2257.7,2272.4,14.7,0,4,1,0,133.2,133.2,1.0,,-83.8,-85.0,-85.0,-82.0,1.0,3050,sector,0
network_log_20260924_140453_subway,9/24 지하철,subway,cell,51291653,200358,2272.4,2286.7,14.3,0,4,1,0,129.3,129.3,1.0,,-79.5,-88.0,-81.0,-61.0,1.0,3050,inter,0
network_log_20260924_140453_subway,9/24 지하철,subway,cell,51291138,200356,2286.7,2296.8,10.1,0,3,1,0,91.5,91.5,1.0,,-78.0,-87.0,-87.0,-60.0,1.0,3050,sector,0
network_log_20260924_140453_subway,9/24 지하철,subway,cell,51291136,200356,2296.8,2308.3,11.5,0,3,1,0,103.8,103.8,1.0,,-83.0,-85.0,-85.0,-82.0,1.0,3050,sector,0
network_log_20260924_140453_subway,9/24 지하철,subway,cell,51291137,200356,2308.3,2312.0,3.7,0,1,1,0,33.8,33.8,1.0,,-93.0,-93.0,-93.0,-93.0,1.0,3050,sector,0
network_log_20260924_140453_subway,9/24 지하철,subway,cell,51291139,200356,2312.0,2322.5,10.5,0,3,1,0,94.8,94.8,1.0,,-79.7,-82.0,-82.0,-75.0,1.0,3050,inter,0
network_log_20260924_140453_subway,9/24 지하철,subway,cell,51290882,200355,2322.5,2391.8,69.3,0,15,1,0,626.3,626.3,1.0,,-76.5,-83.0,-82.0,-83.0,1.0,3050,sector,0
network_log_20260924_140453_subway,9/24 지하철,subway,cell,51290880,200355,2391.8,2403.4,11.6,0,3,1,0,104.3,104.4,1.0,,-87.0,-89.0,-86.0,-89.0,1.0,3050,sector,0
network_log_20260924_140453_subway,9/24 지하철,subway,cell,51290885,200355,2403.4,2416.0,12.6,0,4,1,0,114.3,114.3,1.0,,-86.8,-91.0,-91.0,-77.0,1.0,3050,sector,0
network_log_20260924_140453_subway,9/24 지하철,subway,cell,51290883,200355,2416.0,2421.0,5.0,0,2,1,0,45.0,45.0,1.0,,-75.0,-75.0,-75.0,-75.0,1.0,3050,sector,0
network_log_20260924_140453_subway,9/24 지하철,subway,cell,51290884,200355,2421.0,2428.0,7.0,0,2,1,0,63.6,63.6,1.0,,-74.5,-83.0,-83.0,-66.0,1.0,3050,inter,0
network_log_20260924_140453_subway,9/24 지하철,subway,cell,51279362,200310,2428.0,2436.1,8.1,0,3,1,0,72.8,72.8,1.0,,-80.7,-82.0,-80.0,-82.0,1.0,3050,sector,0
network_log_20260924_140453_subway,9/24 지하철,subway,cell,51279365,200310,2436.1,2447.7,11.6,0,3,1,0,104.7,104.7,1.0,,-78.0,-78.0,-78.0,-78.0,1.0,3050,sector,0
network_log_20260924_140453_subway,9/24 지하철,subway,cell,51279361,200310,2447.7,2456.1,8.4,0,3,1,0,75.9,75.9,1.0,,-62.0,-62.0,-62.0,-62.0,1.0,3050,sector,1
network_log_20260924_140453_subway,9/24 지하철,subway,cell,51279365,200310,2456.1,2466.9,10.9,0,3,1,0,98.4,98.4,1.0,,-88.7,-90.0,-88.0,-90.0,1.0,3050,sector,1
network_log_20260924_140453_subway,9/24 지하철,subway,cell,51279361,200310,2466.9,2468.8,1.9,0,1,1,0,17.2,17.2,1.0,,-89.0,-89.0,-89.0,-89.0,1.0,3050,sector,1
network_log_20260924_140453_subway,9/24 지하철,subway,cell,51279365,200310,2468.8,2498.1,29.3,0,6,1,0,264.5,264.5,1.0,,-87.3,-95.0,-86.0,-95.0,1.0,3050,sector,0
network_log_20260924_140453_subway,9/24 지하철,subway,cell,51279364,200310,2498.1,2500.6,2.5,0,2,1,0,22.4,22.4,1.0,,-97.0,-99.0,-99.0,-95.0,1.0,3050,sector,1
network_log_20260924_140453_subway,9/24 지하철,subway,cell,51279365,200310,2500.6,2502.1,1.6,0,1,1,0,14.1,14.1,1.0,,-104.0,-104.0,-104.0,-104.0,1.0,3050,sector,1
network_log_20260924_140453_subway,9/24 지하철,subway,cell,51279364,200310,2502.1,2511.5,9.3,0,3,1,0,84.2,84.2,1.0,,-103.3,-105.0,-105.0,-100.0,1.0,3050,sector,0
network_log_20260924_140453_subway,9/24 지하철,subway,cell,51279363,200310,2511.5,2518.5,7.0,0,2,1,0,63.4,63.4,1.0,,-75.0,-75.0,-75.0,-75.0,1.0,3050,sector,0
network_log_20260924_140453_subway,9/24 지하철,subway,cell,51279360,200310,2518.5,2533.2,14.8,0,4,1,0,132.2,133.0,1.0,,-80.0,-85.0,-85.0,-65.0,1.0,3050,inter,0
network_log_20260924_140453_subway,9/24 지하철,subway,cell,51278849,200308,2533.2,2550.5,17.2,0,5,1,0,155.8,155.8,1.0,,-83.0,-88.0,-87.0,-88.0,1.0,3050,sector,0
network_log_20260924_140453_subway,9/24 지하철,subway,cell,51278850,200308,2550.5,2626.8,76.3,0,16,1,0,584.1,596.0,1.0,,-78.8,-90.0,-90.0,-82.0,1.0,3050,sector,0
network_log_20260924_140453_subway,9/24 지하철,subway,cell,51278853,200308,2626.8,2643.9,17.1,0,4,1,0,147.6,147.6,1.0,,-80.8,-83.0,-83.0,-76.0,1.0,3050,sector,0
network_log_20260924_140453_subway,9/24 지하철,subway,cell,51278848,200308,2643.9,2651.6,7.7,0,3,1,0,66.6,66.6,1.0,,-86.3,-88.0,-88.0,-83.0,1.0,3050,inter,0
network_log_20260924_140453_subway,9/24 지하철,subway,cell,51279105,200309,2651.6,2657.7,6.0,0,2,1,0,52.1,52.1,1.0,,-88.0,-88.0,-88.0,-88.0,1.0,3050,sector,0
network_log_20260924_140453_subway,9/24 지하철,subway,cell,51279106,200309,2657.7,2664.0,6.4,0,2,1,0,54.9,54.9,1.0,,-84.0,-84.0,-84.0,-84.0,1.0,3050,sector,0
network_log_20260924_140453_subway,9/24 지하철,subway,cell,51279107,200309,2664.0,2679.4,15.3,0,4,1,0,132.3,132.3,1.0,,-78.8,-91.0,-84.0,-91.0,1.0,3050,sector,0
network_log_20260924_140453_subway,9/24 지하철,subway,cell,51279104,200309,2679.4,2689.5,10.2,0,3,1,0,87.9,87.9,1.0,,-59.0,-59.0,-59.0,-59.0,1.0,3050,inter,0
network_log_20260924_140453_subway,9/24 지하철,subway,cell,51278592,200307,2689.5,2693.6,4.1,0,1,1,0,35.1,35.1,1.0,,-81.0,-81.0,-81.0,-81.0,1.0,3050,sector,0
network_log_20260924_140453_subway,9/24 지하철,subway,cell,51278594,200307,2693.6,2705.9,12.3,0,4,1,0,105.8,105.8,1.0,,-68.0,-80.0,-80.0,-56.0,1.0,3050,sector,0
network_log_20260924_140453_subway,9/24 지하철,subway,cell,51278596,200307,2705.9,2773.8,67.9,0,14,1,0,586.2,586.2,1.0,,-86.4,-94.0,-81.0,-90.0,1.0,3050,sector,0
network_log_20260924_140453_subway,9/24 지하철,subway,cell,51278597,200307,2773.8,2781.8,8.0,0,3,1,0,52.9,52.9,1.0,,-94.0,-95.0,-95.0,-92.0,1.0,3050,sector,0
network_log_20260924_140453_subway,9/24 지하철,subway,cell,51278593,200307,2781.8,2794.4,12.6,0,3,1,0,0.0,0.0,1.0,,-80.0,-80.0,-80.0,-80.0,1.0,3050,sector,0
network_log_20260924_140453_subway,9/24 지하철,subway,cell,51278595,200307,2794.4,2819.0,24.6,0,6,1,0,152.0,152.0,1.0,,-80.7,-88.0,-88.0,-87.0,1.0,3050,inter,0
network_log_20260924_140453_subway,9/24 지하철,subway,cell,51293952,200367,2819.0,2837.3,18.3,0,5,1,0,200.0,200.0,1.0,,-81.0,-96.0,-87.0,-96.0,1.0,3050,sector,0
network_log_20260924_140453_subway,9/24 지하철,subway,cell,51293953,200367,2837.3,2846.4,9.2,0,3,1,0,99.8,99.8,1.0,,-85.3,-92.0,-82.0,-92.0,1.0,3050,sector,0
network_log_20260924_140453_subway,9/24 지하철,subway,cell,51293954,200367,2846.4,2860.2,13.7,0,3,1,0,149.6,149.6,1.0,,-79.7,-80.0,-80.0,-79.0,1.0,3050,inter,0
network_log_20260924_140453_subway,9/24 지하철,subway,cell,51293701,200366,2860.2,2947.3,87.1,0,18,1,0,752.6,755.6,1.0,,-71.4,-85.0,-83.0,-83.0,1.0,3050,sector,0
network_log_20260924_140453_subway,9/24 지하철,subway,cell,51293700,200366,2947.3,2964.0,16.8,0,4,1,0,152.8,152.8,1.0,,-84.2,-88.0,-85.0,-76.0,1.0,3050,sector,0
network_log_20260924_140453_subway,9/24 지하철,subway,cell,51293698,200366,2964.0,2977.2,13.2,0,4,1,0,120.6,120.6,1.0,,-78.5,-99.0,-99.0,-58.0,1.0,3050,sector,0
network_log_20260924_140453_subway,9/24 지하철,subway,cell,51293696,200366,2977.2,2989.5,12.3,0,3,1,0,111.9,111.9,1.0,,-91.3,-95.0,-95.0,-84.0,1.0,3050,sector,0
network_log_20260924_140453_subway,9/24 지하철,subway,cell,51293697,200366,2989.5,3005.7,16.2,0,4,1,0,147.7,147.7,1.0,,-69.5,-85.0,-85.0,-54.0,1.0,3050,inter,0
network_log_20260924_140453_subway,9/24 지하철,subway,cell,51293956,200367,3005.7,3025.8,20.1,0,4,1,0,182.8,182.8,1.0,,-85.0,-95.0,-92.0,-95.0,1.0,3050,sector,0
network_log_20260924_140453_subway,9/24 지하철,subway,cell,51293957,200367,3025.8,3038.0,12.2,0,3,1,0,111.3,111.3,1.0,,-83.7,-98.0,-98.0,-90.0,1.0,3050,sector,0
network_log_20260924_140453_subway,9/24 지하철,subway,cell,51293955,200367,3038.0,3043.2,5.2,0,2,1,0,47.8,47.8,1.0,,-94.0,-94.0,-94.0,-94.0,1.0,3050,inter,0
network_log_20260924_140453_subway,9/24 지하철,subway,cell,51294208,200368,3043.2,3058.1,14.8,0,4,1,0,135.2,135.2,1.0,,-68.0,-78.0,-78.0,-59.0,1.0,3050,sector,0
network_log_20260924_140453_subway,9/24 지하철,subway,cell,51294209,200368,3058.1,3059.9,1.8,0,1,1,0,16.4,16.4,1.0,,-96.0,-96.0,-96.0,-96.0,1.0,3050,sector,1
network_log_20260924_140453_subway,9/24 지하철,subway,cell,51294208,200368,3059.9,3062.2,2.4,0,2,1,0,21.5,21.5,1.0,,-97.0,-97.0,-97.0,-97.0,1.0,3050,sector,1
network_log_20260924_140453_subway,9/24 지하철,subway,cell,51294209,200368,3062.2,3082.3,20.1,0,5,1,0,182.9,182.9,1.0,,-96.0,-100.0,-94.0,-96.0,1.0,3050,sector,1
network_log_20260924_140453_subway,9/24 지하철,subway,cell,51294208,200368,3082.3,3112.7,30.4,0,7,1,0,261.7,261.7,1.0,,-95.1,-103.0,-96.0,-103.0,1.0,3050,sector,0
network_log_20260924_140453_subway,9/24 지하철,subway,cell,51294209,200368,3112.7,3120.8,8.1,0,2,1,0,0.0,0.0,1.0,,-96.5,-97.0,-97.0,-96.0,1.0,3050,sector,0
network_log_20260924_140453_subway,9/24 지하철,subway,cell,51294210,200368,3120.8,3140.4,19.6,0,5,1,0,343.1,343.1,1.0,,-81.2,-84.0,-82.0,-84.0,1.0,3050,sector,0
network_log_20260924_140453_subway,9/24 지하철,subway,cell,51294212,200368,3140.4,3153.6,13.2,0,4,1,0,234.6,234.6,1.0,,-69.0,-81.0,-65.0,-81.0,1.0,3050,sector,0
network_log_20260924_140453_subway,9/24 지하철,subway,cell,51294211,200368,3153.6,3173.8,20.2,0,5,1,0,358.9,358.9,1.0,,-77.4,-85.0,-78.0,-85.0,1.0,3050,inter,0
network_log_20260924_140453_subway,9/24 지하철,subway,cell,51294464,200369,3173.8,3208.8,35.0,0,8,1,0,574.8,574.8,1.0,,-84.0,-90.0,-90.0,-90.0,1.0,3050,sector,0
network_log_20260924_140453_subway,9/24 지하철,subway,cell,51294467,200369,3208.8,3225.4,16.6,0,4,1,0,0.0,0.0,1.0,,-86.2,-97.0,-97.0,-73.0,1.0,3050,sector,0
network_log_20260924_140453_subway,9/24 지하철,subway,cell,51294465,200369,3225.4,3227.9,2.5,0,2,1,0,0.0,0.0,1.0,,-83.0,-83.0,-83.0,-83.0,1.0,3050,sector,0
network_log_20260924_140453_subway,9/24 지하철,subway,cell,51294466,200369,3227.9,3230.5,2.6,0,1,1,0,0.0,0.0,1.0,,-87.0,-87.0,-87.0,-87.0,1.0,3050,sector,1
network_log_20260924_140453_subway,9/24 지하철,subway,cell,51294465,200369,3230.5,3235.3,4.8,0,2,1,0,0.0,0.0,1.0,,-82.0,-82.0,-82.0,-82.0,1.0,3050,sector,1
network_log_20260924_140453_subway,9/24 지하철,subway,cell,51294466,200369,3235.3,3247.8,12.5,0,4,1,0,86.3,86.3,1.0,,-66.5,-74.0,-74.0,-59.0,1.0,3050,sector,1
network_log_20260924_140453_subway,9/24 지하철,subway,cell,51294467,200369,3247.8,3253.2,5.4,0,2,1,0,41.1,41.1,1.0,,-79.0,-79.0,-79.0,-79.0,1.0,3050,sector,1
network_log_20260924_140453_subway,9/24 지하철,subway,cell,51294466,200369,3253.2,3264.7,11.6,0,3,1,0,87.8,87.8,1.0,,-87.7,-88.0,-88.0,-87.0,1.0,3050,sector,1
network_log_20260924_140453_subway,9/24 지하철,subway,cell,51294465,200369,3264.7,3266.3,1.6,0,1,1,0,12.1,12.1,1.0,,-87.0,-87.0,-87.0,-87.0,1.0,3050,sector,1
network_log_20260924_140453_subway,9/24 지하철,subway,cell,51294466,200369,3266.3,3280.7,14.4,0,4,1,0,109.3,109.3,1.0,,-89.0,-90.0,-90.0,-86.0,1.0,3050,sector,1
network_log_20260924_140453_subway,9/24 지하철,subway,cell,51294465,200369,3280.7,3281.6,0.8,0,1,1,0,6.3,6.3,1.0,,-98.0,-98.0,-98.0,-98.0,1.0,3050,sector,1
network_log_20260924_140453_subway,9/24 지하철,subway,cell,51294467,200369,3281.6,3293.7,12.2,0,3,1,0,92.5,92.5,1.0,,-87.3,-89.0,-89.0,-87.0,1.0,3050,sector,0
network_log_20260924_140453_subway,9/24 지하철,subway,cell,51294468,200369,3293.7,3304.2,10.4,0,3,1,0,79.1,79.1,1.0,,-82.3,-97.0,-75.0,-97.0,1.0,3050,inter,0
network_log_20260924_140453_subway,9/24 지하철,subway,cell,51288581,200346,3304.2,3315.9,11.8,0,3,1,0,89.3,89.3,1.0,,-84.0,-97.0,-97.0,-65.0,1.0,3050,inter,0
network_log_20260924_140453_subway,9/24 지하철,subway,cell,51289603,200350,3315.9,3331.3,15.4,0,4,1,0,116.8,116.8,1.0,,-79.5,-87.0,-87.0,-57.0,1.0,3050,inter,0
network_log_20260924_140453_subway,9/24 지하철,subway,cell,51288579,200346,3331.3,3336.5,5.2,0,2,1,0,39.1,39.1,1.0,,-76.0,-76.0,-76.0,-76.0,1.0,3050,sector,0
network_log_20260924_140453_subway,9/24 지하철,subway,cell,51288578,200346,3336.5,3346.2,9.7,0,3,1,0,74.0,74.0,1.0,,-74.0,-85.0,-85.0,-52.0,1.0,3050,sector,0
network_log_20260924_140453_subway,9/24 지하철,subway,cell,51288576,200346,3346.2,3354.3,8.1,0,3,1,0,61.2,61.2,1.0,,-78.0,-81.0,-81.0,-72.0,1.0,3050,inter,0
network_log_20260924_140453_subway,9/24 지하철,subway,cell,51288325,200345,3354.3,3364.3,10.1,0,3,1,0,76.4,76.4,1.0,,-73.3,-85.0,-85.0,-50.0,1.0,3050,sector,0
network_log_20260924_140453_subway,9/24 지하철,subway,cell,51288323,200345,3364.3,3378.6,14.3,0,4,1,0,108.4,108.4,1.0,,-70.5,-86.0,-86.0,-57.0,1.0,3050,sector,0
network_log_20260924_140453_subway,9/24 지하철,subway,cell,51288321,200345,3378.6,3389.9,11.2,0,3,1,0,85.3,85.3,1.0,,-75.7,-81.0,-81.0,-65.0,1.0,3050,inter,0
network_log_20260924_140453_subway,9/24 지하철,subway,cell,51288069,200344,3389.9,3398.5,8.6,0,3,1,0,65.3,65.3,1.0,,-72.7,-78.0,-78.0,-70.0,1.0,3050,sector,0
network_log_20260924_140453_subway,9/24 지하철,subway,cell,51288067,200344,3398.5,3408.5,10.1,0,3,1,0,76.6,76.6,1.0,,-74.7,-80.0,-80.0,-64.0,1.0,3050,sector,0
network_log_20260924_140453_subway,9/24 지하철,subway,cell,51288065,200344,3408.5,3426.0,17.5,0,4,1,0,132.8,132.8,1.0,,-72.2,-80.0,-80.0,-72.0,1.0,3050,inter,0
network_log_20260924_140453_subway,9/24 지하철,subway,cell,51287808,200343,3426.0,3469.2,43.1,0,10,1,0,327.3,327.3,1.0,,-83.6,-93.0,-93.0,-88.0,1.0,3050,sector,0
network_log_20260924_140453_subway,9/24 지하철,subway,cell,51287809,200343,3469.2,3485.7,16.6,0,4,1,0,125.9,125.9,1.0,,-83.2,-90.0,-79.0,-90.0,1.0,3050,sector,0
network_log_20260924_140453_subway,9/24 지하철,subway,cell,51287811,200343,3485.7,3491.9,6.1,0,2,1,0,44.5,45.1,1.0,,-63.0,-63.0,-63.0,-63.0,1.0,3050,sector,0
network_log_20260924_140453_subway,9/24 지하철,subway,cell,51287810,200343,3491.9,3494.8,2.9,0,2,1,0,22.0,22.0,1.0,,-86.0,-86.0,-86.0,-86.0,1.0,3050,sector,0
network_log_20260924_140453_subway,9/24 지하철,subway,cell,51287813,200343,3494.8,3503.8,9.1,0,3,1,0,68.8,68.8,1.0,,-83.7,-92.0,-92.0,-67.0,1.0,3050,inter,0
network_log_20260924_140453_subway,9/24 지하철,subway,cell,51289093,200348,3503.8,3513.8,10.0,0,3,1,0,75.8,75.8,1.0,,-82.3,-87.0,-87.0,-73.0,1.0,3050,sector,0
network_log_20260924_140453_subway,9/24 지하철,subway,cell,51289091,200348,3513.8,3525.3,11.5,0,3,1,0,87.3,87.3,1.0,,-84.3,-91.0,-91.0,-72.0,1.0,3050,sector,0
network_log_20260924_140453_subway,9/24 지하철,subway,cell,51289089,200348,3525.3,3541.3,16.0,0,4,1,0,121.5,121.5,1.0,,-88.5,-94.0,-92.0,-74.0,1.0,3050,inter,0
network_log_20260924_140453_subway,9/24 지하철,subway,cell,51288834,200347,3541.3,3600.8,59.5,0,13,1,0,451.7,451.7,1.0,,-88.1,-95.0,-92.0,-85.0,1.0,3050,sector,0
network_log_20260924_140453_subway,9/24 지하철,subway,cell,51288836,200347,3600.8,3615.7,14.9,0,4,1,0,113.2,113.2,1.0,,-90.0,-98.0,-98.0,-76.0,1.0,3050,sector,0
network_log_20260924_140453_subway,9/24 지하철,subway,cell,51288837,200347,3615.7,3626.3,10.6,0,3,1,0,80.5,80.5,1.0,,-89.3,-94.0,-87.0,-94.0,1.0,3050,inter,0
network_log_20260924_140453_subway,9/24 지하철,subway,cell,51289602,200350,3626.3,3637.3,11.0,0,3,1,0,83.2,83.2,1.0,,-87.0,-88.0,-88.0,-85.0,1.0,3050,sector,0
network_log_20260924_140453_subway,9/24 지하철,subway,cell,51289601,200350,3637.3,3651.9,14.6,0,4,1,0,110.6,110.8,1.0,,-82.5,-89.0,-89.0,-81.0,1.0,3050,inter,0
network_log_20260924_140453_subway,9/24 지하철,subway,cell,51289345,200349,3651.9,3655.9,4.0,0,2,1,0,30.1,30.1,1.0,,-90.0,-90.0,-90.0,-90.0,1.0,3050,inter,1
network_log_20260924_140453_subway,9/24 지하철,subway,cell,51289601,200350,3655.9,3694.9,39.0,0,9,1,0,296.2,296.2,1.0,,-91.0,-93.0,-93.0,-91.0,1.0,3050,inter,0
network_log_20260924_140453_subway,9/24 지하철,subway,cell,51289345,200349,3694.9,3707.7,12.8,0,3,1,0,97.5,97.5,1.0,,-86.3,-91.0,-91.0,-84.0,1.0,3050,sector,0
network_log_20260924_140453_subway,9/24 지하철,subway,cell,51289349,200349,3707.7,3730.6,22.9,0,6,1,0,174.0,174.0,1.0,,-79.7,-91.0,-85.0,-58.0,1.0,3050,inter,0
network_log_20260924_140453_subway,9/24 지하철,subway,cell,51287555,200342,3730.6,3756.0,25.4,0,6,1,0,192.8,192.8,1.0,,-79.0,-85.0,-81.0,-66.0,1.0,3050,sector,0
network_log_20260924_140453_subway,9/24 지하철,subway,cell,51287556,200342,3756.0,3801.3,45.3,0,10,1,0,343.3,343.8,1.0,,-88.5,-93.0,-84.0,-90.0,1.0,3050,sector,0
network_log_20260924_140453_subway,9/24 지하철,subway,cell,51287555,200342,3801.3,3804.7,3.4,0,2,1,0,25.7,25.7,1.0,,-96.0,-96.0,-96.0,-96.0,1.0,3050,sector,1
network_log_20260924_140453_subway,9/24 지하철,subway,cell,51287556,200342,3804.7,3813.3,8.6,0,2,1,0,65.4,65.4,1.0,,-89.0,-91.0,-87.0,-91.0,1.0,3050,inter,0
network_log_20260924_140453_subway,9/24 지하철,subway,cell,51287298,200341,3813.3,3826.0,12.6,0,4,1,0,96.0,96.0,1.0,,-69.0,-81.0,-81.0,-57.0,1.0,3050,sector,0
network_log_20260924_140453_subway,9/24 지하철,subway,cell,51287300,200341,3826.0,3836.3,10.3,0,3,1,0,78.0,78.0,1.0,,-68.7,-73.0,-73.0,-60.0,1.0,3050,inter,0
network_log_20260924_140453_subway,9/24 지하철,subway,cell,51287045,200340,3836.3,3845.8,9.6,0,3,1,0,72.6,72.6,1.0,,-75.0,-79.0,-73.0,-79.0,1.0,3050,sector,0
network_log_20260924_140453_subway,9/24 지하철,subway,cell,51287043,200340,3845.8,3856.8,11.0,0,3,1,0,83.3,83.3,1.0,,-76.7,-80.0,-80.0,-75.0,1.0,3050,sector,0
network_log_20260924_140453_subway,9/24 지하철,subway,cell,51287041,200340,3856.8,3871.9,15.1,0,4,1,0,114.6,114.6,1.0,,-73.8,-90.0,-75.0,-90.0,1.0,3050,inter,0
network_log_20260924_140453_subway,9/24 지하철,subway,cell,51286785,200339,3871.9,3885.9,14.0,0,4,1,0,106.3,106.3,1.0,,-84.0,-87.0,-86.0,-87.0,1.0,3050,inter,1
network_log_20260924_140453_subway,9/24 지하철,subway,cell,51287041,200340,3885.9,3888.7,2.8,0,1,1,0,21.0,21.0,1.0,,-92.0,-92.0,-92.0,-92.0,1.0,3050,inter,1
network_log_20260924_140453_subway,9/24 지하철,subway,cell,51286785,200339,3888.7,3905.2,16.6,0,4,1,0,124.9,125.4,1.0,,-81.0,-89.0,-89.0,-79.0,1.0,3050,inter,1
network_log_20260924_140453_subway,9/24 지하철,subway,cell,51287041,200340,3905.2,3908.8,3.5,0,1,1,0,26.9,26.9,1.0,,-91.0,-91.0,-91.0,-91.0,1.0,3050,inter,1
network_log_20260924_140453_subway,9/24 지하철,subway,cell,51286785,200339,3908.8,3917.0,8.2,0,2,1,0,62.3,62.3,1.0,,-84.5,-85.0,-84.0,-85.0,1.0,3050,inter,1
network_log_20260924_140453_subway,9/24 지하철,subway,cell,51287041,200340,3917.0,3920.9,3.9,0,2,1,0,29.6,29.6,1.0,,-89.5,-90.0,-90.0,-89.0,1.0,3050,inter,1
network_log_20260924_140453_subway,9/24 지하철,subway,cell,51286785,200339,3920.9,3933.3,12.5,0,3,1,0,94.6,94.6,1.0,,-83.7,-85.0,-83.0,-85.0,1.0,3050,band,0
network_log_20260924_140453_subway,9/24 지하철,subway,cell,51286793,200339,3933.3,3937.3,3.9,0,2,1,0,29.8,29.8,1.0,,-60.0,-60.0,-60.0,-60.0,1.0,2600,band,0
network_log_20260924_140453_subway,9/24 지하철,subway,cell,51286801,200339,3937.3,3952.9,15.6,0,4,1,0,118.4,118.4,1.0,,-72.0,-75.0,-69.0,-75.0,1.0,100,inter,0
network_log_20260924_140453_subway,9/24 지하철,subway,cell,51286543,200338,3952.9,3978.3,25.4,0,6,1,0,193.0,193.0,1.0,,-71.2,-83.0,-83.0,-59.0,1.0,100,inter,0
network_log_20260924_140453_subway,9/24 지하철,subway,cell,51286287,200337,3978.3,4042.3,64.0,0,14,1,0,1364.0,1374.2,1.0,0.35,-70.2,-82.0,-81.0,-71.0,1.0,100,sector,0
network_log_20260924_140453_subway,9/24 지하철,subway,cell,51286289,200337,4042.3,4148.1,105.8,0,22,1,0,41.0,110.1,1.0,0.52,-70.6,-78.0,-70.0,-76.0,1.0,100,inter,0
network_log_20260924_140453_subway,9/24 지하철,subway,cell,51466254,201040,4148.1,4174.2,26.1,0,6,1,0,21.0,26.6,1.0,0.22,-74.5,-81.0,-81.0,-70.0,1.0,100,inter,0
network_log_20260924_140453_subway,9/24 지하철,subway,cell,51466519,201041,4174.2,4180.6,6.4,0,2,1,0,10.3,10.3,1.0,0.86,-71.5,-72.0,-71.0,-72.0,1.0,100,inter,1
network_log_20260924_140453_subway,9/24 지하철,subway,cell,51466254,201040,4180.6,4207.4,26.8,1,8,1,0,33.8,36.8,1.0,1.05,-68.5,-70.0,-69.0,-64.0,1.0,100,,0
network_log_20260925_072530_car,9/25 07:25 차량,car,cell,51456768,201003,0.0,40.2,40.2,1,8,1,0,76.3,90.2,1.0,1.72,-93.8,-101.0,-90.0,-101.0,1.0,100,inter,0
network_log_20260925_072530_car,9/25 07:25 차량,car,cell,51457550,201006,40.2,70.3,30.1,0,6,1,0,240.8,249.5,1.0,7.95,-101.0,-101.0,-101.0,-101.0,1.0,100,inter,0
network_log_20260925_072530_car,9/25 07:25 차량,car,cell,51454993,200996,70.3,110.5,40.2,0,8,1,0,555.9,560.0,1.0,12.07,-95.2,-103.0,-103.0,-88.0,1.0,100,inter,0
network_log_20260925_072530_car,9/25 07:25 차량,car,cell,51457295,201005,110.5,140.6,30.1,0,6,1,0,609.4,609.4,1.0,20.6,-90.3,-95.0,-95.0,-95.0,1.0,100,sector,0
network_log_20260925_072530_car,9/25 07:25 차량,car,cell,51457300,201005,140.6,241.0,100.4,0,20,1,0,752.9,777.5,0.75,10.54,-94.2,-103.0,-100.0,-97.0,1.0,100,inter,0
network_log_20260925_072530_car,9/25 07:25 차량,car,cell,51457571,201006,241.0,251.0,10.0,0,2,1,0,173.7,173.7,1.0,14.5,-108.0,-108.0,-108.0,-108.0,1.0,100,inter,0
network_log_20260925_072530_car,9/25 07:25 차량,car,cell,51400736,200784,251.0,271.1,20.1,0,4,1,0,321.8,322.1,1.0,15.09,-99.0,-99.0,-99.0,-99.0,1.0,100,sector,0
network_log_20260925_072530_car,9/25 07:25 차량,car,cell,51400737,200784,271.1,311.2,40.1,0,8,1,0,681.5,682.5,1.0,15.07,-104.0,-110.0,-110.0,-110.0,1.0,100,sector,0
network_log_20260925_072530_car,9/25 07:25 차량,car,cell,51400719,200784,311.2,411.6,100.4,0,20,1,0,954.5,956.9,0.8,11.39,-98.8,-105.0,-100.0,-97.0,0.4,100,sector,0
network_log_20260925_072530_car,9/25 07:25 차량,car,cell,51400721,200784,411.6,522.0,110.4,0,22,1,0,1529.2,1544.1,1.0,13.86,-97.6,-108.0,-108.0,-106.0,0.0,100,sector,0
network_log_20260925_072530_car,9/25 07:25 차량,car,cell,51400720,200784,522.0,532.1,10.1,0,2,1,0,213.6,213.6,1.0,20.95,-79.0,-79.0,-79.0,-79.0,0.0,100,inter,0
network_log_20260925_072530_car,9/25 07:25 차량,car,cell,51870209,202618,532.1,567.0,34.9,0,7,1,0,683.0,714.3,1.0,20.58,-105.9,-108.0,-106.0,-107.0,0.0,100,band,0
network_log_20260925_072530_car,9/25 07:25 차량,car,cell,51870215,202618,567.0,579.2,12.3,0,4,1,0,248.8,248.8,1.0,20.55,-96.8,-99.0,-99.0,-92.0,0.98,2600,inter,0
network_log_20260925_072530_car,9/25 07:25 차량,car,cell,51869962,202617,579.2,583.3,4.1,0,2,1,0,78.6,78.6,1.0,19.58,-88.0,-88.0,-88.0,-88.0,1.0,2600,inter,0
network_log_20260925_072530_car,9/25 07:25 차량,car,cell,51870223,202618,583.3,612.3,29.0,0,6,1,0,395.7,399.1,1.0,14.4,-75.2,-88.0,-88.0,-71.0,1.0,100,sector,0
network_log_20260925_072530_car,9/25 07:25 차량,car,cell,51870224,202618,612.3,672.6,60.3,0,12,1,0,755.2,780.4,1.0,12.11,-90.2,-103.0,-78.0,-103.0,1.0,100,inter,0
network_log_20260925_072530_car,9/25 07:25 차량,car,cell,51892224,202704,672.6,682.7,10.0,0,2,1,0,134.5,134.6,1.0,14.79,-90.0,-90.0,-90.0,-90.0,0.0,2600,band,0
network_log_20260925_072530_car,9/25 07:25 차량,car,cell,51892225,202704,682.7,783.0,100.4,0,20,1,0,867.0,867.4,1.0,8.22,-88.4,-97.0,-93.0,-97.0,0.0,3050,sector,0
network_log_20260925_072530_car,9/25 07:25 차량,car,cell,51892231,202704,783.0,789.4,6.4,0,2,1,0,119.6,119.8,1.0,20.2,-100.0,-100.0,-100.0,-100.0,0.0,3050,sector,1
network_log_20260925_072530_car,9/25 07:25 차량,car,cell,51892225,202704,789.4,797.1,7.7,0,2,1,0,170.9,171.2,1.0,20.95,-109.0,-109.0,-109.0,-109.0,0.0,3050,band,0
network_log_20260925_072530_car,9/25 07:25 차량,car,cell,51892230,202704,797.1,813.2,16.0,0,4,1,0,311.0,311.0,1.0,19.87,-96.5,-100.0,-100.0,-93.0,0.0,2600,inter,0
network_log_20260925_072530_car,9/25 07:25 차량,car,cell,52147209,203700,813.2,843.3,30.1,0,6,1,0,429.6,531.1,1.0,18.22,-89.3,-92.0,-89.0,-92.0,0.0,2600,band,0
network_log_20260925_072530_car,9/25 07:25 차량,car,cell,52147214,203700,843.3,873.4,30.1,0,6,1,0,526.4,528.0,1.0,17.67,-99.3,-100.0,-99.0,-100.0,0.0,100,band,0
network_log_20260925_072530_car,9/25 07:25 차량,car,cell,52147208,203700,873.4,883.4,10.0,0,2,1,0,193.0,193.0,1.0,18.77,-103.0,-103.0,-103.0,-103.0,0.0,2600,inter,0
network_log_20260925_072530_car,9/25 07:25 차량,car,cell,51907339,202763,883.4,903.5,20.1,0,4,1,0,423.3,423.3,1.0,21.11,-104.5,-105.0,-105.0,-104.0,0.0,2600,sector,0
network_log_20260925_072530_car,9/25 07:25 차량,car,cell,51907335,202763,903.5,913.5,10.0,0,2,1,0,217.7,217.7,1.0,21.81,-97.0,-97.0,-97.0,-97.0,0.0,2600,band,0
network_log_20260925_072530_car,9/25 07:25 차량,car,cell,51907329,202763,913.5,933.6,20.1,0,4,1,0,439.9,439.9,1.0,21.82,-94.5,-102.0,-87.0,-102.0,0.0,3050,sector,0
network_log_20260925_072530_car,9/25 07:25 차량,car,cell,51907330,202763,933.6,963.7,30.1,0,6,1,0,683.0,683.4,1.0,22.79,-94.7,-100.0,-100.0,-92.0,0.0,3050,sector,0
network_log_20260925_072530_car,9/25 07:25 차량,car,cell,51907331,202763,963.7,992.7,29.0,0,6,1,0,651.6,651.7,1.0,21.87,-87.0,-92.0,-92.0,-86.0,0.0,3050,inter,0
network_log_20260925_072530_car,9/25 07:25 차량,car,cell,52238850,204058,992.7,1003.8,11.1,0,3,1,0,223.9,223.9,1.0,22.99,-102.0,-102.0,-102.0,-102.0,0.0,3050,sector,0
network_log_20260925_072530_car,9/25 07:25 차량,car,cell,52238852,204058,1003.8,1013.9,10.0,0,2,1,0,215.3,215.3,1.0,21.6,-82.0,-82.0,-82.0,-82.0,0.0,3050,inter,0
network_log_20260925_072530_car,9/25 07:25 차량,car,cell,52237347,204052,1013.9,1023.9,10.0,0,2,1,0,214.1,214.1,1.0,21.31,-83.0,-83.0,-83.0,-83.0,0.0,3050,inter,1
network_log_20260925_072530_car,9/25 07:25 차량,car,cell,52238852,204058,1023.9,1033.9,10.0,0,2,1,0,214.3,214.3,1.0,21.3,-106.0,-106.0,-106.0,-106.0,0.0,3050,inter,0
network_log_20260925_072530_car,9/25 07:25 차량,car,cell,52236544,204049,1033.9,1064.1,30.1,0,6,1,0,638.0,638.0,1.0,21.38,-101.3,-106.0,-106.0,-106.0,0.0,3050,sector,0
network_log_20260925_072530_car,9/25 07:25 차량,car,cell,52236545,204049,1064.1,1074.1,10.0,0,2,1,0,216.5,216.5,1.0,21.39,-108.0,-108.0,-108.0,-108.0,0.0,3050,band,0
network_log_20260925_072530_car,9/25 07:25 차량,car,cell,52236558,204049,1074.1,1084.1,10.0,0,2,1,0,214.8,214.8,1.0,21.4,-95.0,-95.0,-95.0,-95.0,0.0,100,sector,0
network_log_20260925_072530_car,9/25 07:25 차량,car,cell,52236560,204049,1084.1,1094.2,10.0,0,2,1,0,210.6,210.6,1.0,21.53,-101.0,-101.0,-101.0,-101.0,0.0,100,inter,0
network_log_20260925_072530_car,9/25 07:25 차량,car,cell,52233233,204036,1094.2,1114.3,20.1,0,4,1,0,361.4,363.7,1.0,17.26,-91.0,-93.0,-89.0,-93.0,0.0,100,sector,0
network_log_20260925_072530_car,9/25 07:25 차량,car,cell,52233232,204036,1114.3,1134.3,20.1,0,4,1,0,162.9,252.3,1.0,13.54,-97.5,-102.0,-93.0,-102.0,0.0,100,sector,0
network_log_20260925_072530_car,9/25 07:25 차량,car,cell,52233229,204036,1134.3,1154.4,20.1,0,4,1,0,199.3,214.0,1.0,11.57,-98.5,-105.0,-92.0,-105.0,0.0,100,sector,0
network_log_20260925_072530_car,9/25 07:25 차량,car,cell,52233231,204036,1154.4,1184.5,30.1,0,6,1,0,404.6,404.8,1.0,12.1,-88.7,-94.0,-90.0,-94.0,0.0,100,inter,0
network_log_20260925_072530_car,9/25 07:25 차량,car,cell,50893327,198802,1184.5,1204.6,20.0,0,4,1,0,340.4,340.4,1.0,17.55,-72.8,-95.0,-95.0,-65.0,1.0,100,sector,0
network_log_20260925_072530_car,9/25 07:25 차량,car,cell,50893328,198802,1204.6,1229.6,25.1,0,5,1,0,453.4,454.9,1.0,18.19,-79.6,-88.0,-88.0,-72.0,1.0,100,sector,0
network_log_20260925_072530_car,9/25 07:25 차량,car,cell,50893331,198802,1229.6,1239.7,10.0,0,2,1,0,202.7,203.1,1.0,20.2,-93.0,-93.0,-93.0,-93.0,1.0,100,inter,0
network_log_20260925_072530_car,9/25 07:25 차량,car,cell,50846988,198621,1239.7,1242.1,2.5,0,1,1,0,39.7,39.7,1.0,20.25,-103.0,-103.0,-103.0,-103.0,1.0,100,inter,0
network_log_20260925_072530_car,9/25 07:25 차량,car,cell,51097611,199600,1242.1,1249.7,7.6,0,2,1,0,164.0,164.3,1.0,20.26,-89.0,-89.0,-89.0,-89.0,1.0,2600,sector,0
network_log_20260925_072530_car,9/25 07:25 차량,car,cell,51097607,199600,1249.7,1259.8,10.0,0,2,1,0,210.4,210.4,1.0,21.2,-94.0,-94.0,-94.0,-94.0,0.5,2600,inter,0
network_log_20260925_072530_car,9/25 07:25 차량,car,cell,50846726,198620,1259.8,1269.8,10.0,0,2,1,0,176.9,177.0,1.0,19.37,-92.0,-92.0,-92.0,-92.0,0.0,2600,sector,0
network_log_20260925_072530_car,9/25 07:25 차량,car,cell,50846730,198620,1269.8,1279.8,10.0,0,2,1,0,79.2,79.2,1.0,10.38,-91.0,-91.0,-91.0,-91.0,0.0,2600,band,0
network_log_20260925_072530_car,9/25 07:25 차량,car,cell,50846732,198620,1279.8,1310.0,30.1,0,6,1,0,267.1,267.2,1.0,7.94,-105.7,-107.0,-105.0,-105.0,0.0,100,sector,0
network_log_20260925_072530_car,9/25 07:25 차량,car,cell,50846736,198620,1310.0,1320.0,10.0,0,2,1,0,163.9,163.9,1.0,15.98,-92.0,-92.0,-92.0,-92.0,0.0,100,sector,1
network_log_20260925_072530_car,9/25 07:25 차량,car,cell,50846732,198620,1320.0,1340.1,20.1,0,4,1,0,327.1,327.3,1.0,16.57,-89.0,-96.0,-82.0,-96.0,0.0,100,inter,0
network_log_20260925_072530_car,9/25 07:25 차량,car,cell,50892563,198799,1340.1,1350.1,10.0,0,2,1,0,99.8,99.8,1.0,11.72,-106.0,-106.0,-106.0,-106.0,0.0,100,inter,0
network_log_20260925_072530_car,9/25 07:25 차량,car,cell,50893587,198803,1350.1,1380.2,30.1,0,6,1,0,93.7,96.3,1.0,2.85,-95.3,-96.0,-96.0,-95.0,0.0,100,inter,0
network_log_20260925_072530_car,9/25 07:25 차량,car,cell,50892822,198800,1380.2,1390.2,10.0,0,2,1,0,139.1,139.1,1.0,10.38,-92.0,-92.0,-92.0,-92.0,0.0,100,inter,0
network_log_20260925_072530_car,9/25 07:25 차량,car,cell,50898707,198823,1390.2,1400.3,10.0,0,2,1,0,116.2,116.2,1.0,12.82,-102.0,-102.0,-102.0,-102.0,0.0,100,inter,0
network_log_20260925_072530_car,9/25 07:25 차량,car,cell,50892819,198800,1400.3,1410.3,10.0,0,2,1,0,22.9,22.9,1.0,3.57,-106.0,-106.0,-106.0,-106.0,0.0,100,inter,0
network_log_20260925_072530_car,9/25 07:25 차량,car,cell,50898708,198823,1410.3,1420.4,10.0,0,2,1,0,44.3,44.3,1.0,3.88,-102.0,-102.0,-102.0,-102.0,0.0,100,sector,0
network_log_20260925_072530_car,9/25 07:25 차량,car,cell,50898711,198823,1420.4,1429.4,9.0,0,2,1,0,61.6,62.5,1.0,6.39,-93.0,-93.0,-93.0,-93.0,0.0,100,sector,0
network_log_20260925_072530_car,9/25 07:25 차량,car,cell,50898700,198823,1429.4,1434.0,4.6,0,2,1,0,44.0,44.1,1.0,11.09,-56.0,-56.0,-56.0,-56.0,0.78,100,sector,0
network_log_20260925_072530_car,9/25 07:25 차량,car,cell,50898701,198823,1434.0,1453.4,19.5,0,5,1,0,168.7,189.4,1.0,10.27,-67.2,-75.0,-66.0,-72.0,1.0,100,inter,0
network_log_20260925_072530_car,9/25 07:25 차량,car,cell,50896385,198814,1453.4,1459.4,6.0,0,2,1,0,70.7,70.7,1.0,11.5,-79.0,-79.0,-79.0,-79.0,1.0,100,sector,0
network_log_20260925_072530_car,9/25 07:25 차량,car,cell,50896384,198814,1459.4,1463.5,4.1,0,2,1,0,38.4,38.8,1.0,10.8,-83.0,-83.0,-83.0,-83.0,1.0,100,inter,0
network_log_20260925_072530_car,9/25 07:25 차량,car,cell,52506893,205105,1463.5,1469.0,5.5,0,2,1,0,47.0,47.2,1.0,8.29,-84.0,-84.0,-84.0,-84.0,1.0,100,inter,1
network_log_20260925_072530_car,9/25 07:25 차량,car,cell,50896384,198814,1469.0,1470.7,1.7,0,1,1,0,4.9,4.9,1.0,4.69,-79.0,-79.0,-79.0,-79.0,1.0,100,inter,1
network_log_20260925_072530_car,9/25 07:25 차량,car,cell,52506893,205105,1470.7,1471.3,0.7,1,2,1,0,0.0,0.0,1.0,1.76,-84.0,-84.0,-84.0,-84.0,1.0,100,,0
network_log_20260925_154924_car,9/25 15:49 차량,car,cell,50944517,199002,0.0,20.0,20.0,1,5,1,0,34.7,74.0,0.6,4.09,-81.4,-94.0,-94.0,-80.0,1.0,3050,sector,0
network_log_20260925_154924_car,9/25 15:49 차량,car,cell,50944514,199002,20.0,22.8,2.8,0,2,1,0,5.3,5.3,1.0,3.45,-76.0,-76.0,-76.0,-76.0,1.0,3050,sector,1
network_log_20260925_154924_car,9/25 15:49 차량,car,cell,50944517,199002,22.8,34.2,11.3,0,3,1,0,36.3,38.6,1.0,3.29,-83.0,-83.0,-83.0,-83.0,1.0,3050,sector,0
network_log_20260925_154924_car,9/25 15:49 차량,car,cell,50944515,199002,34.2,37.8,3.7,0,2,1,0,25.0,25.0,1.0,4.87,-74.0,-74.0,-74.0,-74.0,1.0,3050,sector,1
network_log_20260925_154924_car,9/25 15:49 차량,car,cell,50944517,199002,37.8,40.2,2.3,0,1,1,0,10.5,10.5,1.0,3.69,-78.0,-78.0,-78.0,-78.0,1.0,3050,sector,1
network_log_20260925_154924_car,9/25 15:49 차량,car,cell,50944515,199002,40.2,42.4,2.2,0,1,1,0,6.2,6.2,1.0,3.51,-74.0,-74.0,-74.0,-74.0,1.0,3050,sector,1
network_log_20260925_154924_car,9/25 15:49 차량,car,cell,50944517,199002,42.4,69.1,26.7,0,6,1,0,63.8,79.1,1.0,2.73,-69.0,-74.0,-71.0,-74.0,1.0,3050,sector,0
network_log_20260925_154924_car,9/25 15:49 차량,car,cell,50944514,199002,69.1,74.6,5.6,0,2,1,0,55.4,55.5,1.0,8.39,-93.0,-93.0,-93.0,-93.0,1.0,3050,sector,0
network_log_20260925_154924_car,9/25 15:49 차량,car,cell,50944513,199002,74.6,123.6,48.9,0,11,1,0,233.6,234.8,1.0,5.26,-85.9,-88.0,-87.0,-86.0,1.0,3050,inter,0
network_log_20260925_154924_car,9/25 15:49 차량,car,cell,50941954,198992,123.6,164.8,41.2,0,9,1,0,175.7,177.7,1.0,5.02,-84.9,-91.0,-89.0,-83.0,1.0,3050,sector,0
network_log_20260925_154924_car,9/25 15:49 차량,car,cell,50941957,198992,164.8,213.5,48.7,0,11,1,0,226.3,227.4,1.0,4.87,-71.5,-80.0,-80.0,-79.0,1.0,3050,sector,0
network_log_20260925_154924_car,9/25 15:49 차량,car,cell,50941952,198992,213.5,257.7,44.3,0,10,1,0,121.3,152.3,1.0,3.93,-76.1,-84.0,-84.0,-79.0,1.0,3050,sector,0
network_log_20260925_154924_car,9/25 15:49 차량,car,cell,50941955,198992,257.7,329.1,71.4,0,15,1,0,280.4,280.8,1.0,4.27,-85.2,-96.0,-82.0,-87.0,1.0,3050,inter,0
network_log_20260925_154924_car,9/25 15:49 차량,car,cell,50941696,198991,329.1,331.9,2.8,0,1,1,0,36.3,36.3,1.0,9.14,-93.0,-93.0,-93.0,-93.0,1.0,3050,inter,0
network_log_20260925_154924_car,9/25 15:49 차량,car,cell,50839297,198591,331.9,390.5,58.6,0,12,1,0,172.9,173.0,0.75,4.37,-78.8,-86.0,-86.0,-82.0,1.0,3050,inter,0
network_log_20260925_154924_car,9/25 15:49 차량,car,cell,50778371,198353,390.5,418.9,28.5,0,7,1,0,251.0,251.3,1.0,9.13,-78.3,-84.0,-81.0,-84.0,1.0,3050,inter,0
network_log_20260925_154924_car,9/25 15:49 차량,car,cell,50943236,198997,418.9,449.1,30.1,0,7,1,0,217.7,223.0,1.0,7.88,-89.3,-92.0,-91.0,-86.0,1.0,3050,sector,0
network_log_20260925_154924_car,9/25 15:49 차량,car,cell,50943232,198997,449.1,452.5,3.4,0,1,1,0,11.6,11.6,1.0,3.63,-93.0,-93.0,-93.0,-93.0,1.0,3050,sector,1
network_log_20260925_154924_car,9/25 15:49 차량,car,cell,50943236,198997,452.5,453.8,1.3,0,1,1,0,5.2,5.2,1.0,2.46,-89.0,-89.0,-89.0,-89.0,1.0,3050,sector,1
network_log_20260925_154924_car,9/25 15:49 차량,car,cell,50943232,198997,453.8,455.6,1.8,0,1,1,0,4.0,4.0,1.0,2.74,-92.0,-92.0,-92.0,-92.0,1.0,3050,sector,1
network_log_20260925_154924_car,9/25 15:49 차량,car,cell,50943236,198997,455.6,531.4,75.8,0,16,1,0,8.2,9.6,1.0,0.17,-83.8,-89.0,-87.0,-82.0,1.0,3050,sector,0
network_log_20260925_154924_car,9/25 15:49 차량,car,cell,50943232,198997,531.4,544.9,13.5,0,4,1,0,10.8,11.2,1.0,0.73,-84.0,-87.0,-81.0,-87.0,1.0,3050,sector,1
network_log_20260925_154924_car,9/25 15:49 차량,car,cell,50943236,198997,544.9,567.1,22.2,0,5,1,0,18.7,24.3,1.0,0.84,-85.6,-87.0,-87.0,-85.0,1.0,3050,sector,1
network_log_20260925_154924_car,9/25 15:49 차량,car,cell,50943232,198997,567.1,706.7,139.6,0,29,1,0,535.3,541.2,1.0,3.68,-72.9,-95.0,-87.0,-95.0,1.0,3050,inter,0
network_log_20260925_154924_car,9/25 15:49 차량,car,cell,50898946,198824,706.7,812.9,106.2,0,22,1,0,256.9,257.8,1.0,2.72,-78.8,-96.0,-96.0,-77.0,1.0,3050,sector,0
network_log_20260925_154924_car,9/25 15:49 차량,car,cell,50898947,198824,812.9,861.4,48.5,0,11,1,0,490.7,491.9,1.0,9.65,-79.3,-90.0,-78.0,-90.0,1.0,3050,inter,0
network_log_20260925_154924_car,9/25 15:49 차량,car,cell,50898689,198823,861.4,862.6,1.2,0,1,1,0,0.0,0.0,1.0,8.23,-89.0,-89.0,-89.0,-89.0,1.0,3050,inter,1
network_log_20260925_154924_car,9/25 15:49 차량,car,cell,50898947,198824,862.6,864.3,1.7,0,1,1,0,16.4,16.4,1.0,8.23,-87.0,-87.0,-87.0,-87.0,1.0,3050,inter,1
network_log_20260925_154924_car,9/25 15:49 차량,car,cell,50898689,198823,864.3,889.4,25.1,0,5,1,0,164.5,164.5,1.0,6.39,-84.8,-89.0,-89.0,-83.0,1.0,3050,sector,0
network_log_20260925_154924_car,9/25 15:49 차량,car,cell,50898688,198823,889.4,918.2,28.8,0,6,1,0,127.0,128.0,1.0,4.63,-71.7,-81.0,-81.0,-67.0,1.0,3050,sector,0
network_log_20260925_154924_car,9/25 15:49 차량,car,cell,50898693,198823,918.2,919.5,1.3,0,1,1,0,14.5,14.5,1.0,7.54,-82.0,-82.0,-82.0,-82.0,1.0,3050,sector,1
network_log_20260925_154924_car,9/25 15:49 차량,car,cell,50898688,198823,919.5,920.6,1.1,0,1,1,0,0.0,0.0,1.0,7.23,-82.0,-82.0,-82.0,-82.0,1.0,3050,sector,1
network_log_20260925_154924_car,9/25 15:49 차량,car,cell,50898693,198823,920.6,929.6,9.0,0,2,1,0,101.2,101.2,1.0,8.51,-80.0,-80.0,-80.0,-80.0,1.0,3050,sector,1
network_log_20260925_154924_car,9/25 15:49 차량,car,cell,50898688,198823,929.6,934.6,5.0,0,1,1,0,45.9,45.9,1.0,11.79,-85.0,-85.0,-85.0,-85.0,1.0,3050,inter,0
network_log_20260925_154924_car,9/25 15:49 차량,car,cell,50892801,198800,934.6,938.2,3.6,0,1,1,0,45.0,45.0,1.0,11.32,-81.0,-81.0,-81.0,-81.0,1.0,3050,sector,0
network_log_20260925_154924_car,9/25 15:49 차량,car,cell,50892804,198800,938.2,1017.7,79.5,0,17,1,0,377.4,377.5,0.53,9.97,-93.8,-102.0,-93.0,-99.0,1.0,3050,inter,0
network_log_20260925_154924_car,9/25 15:49 차량,car,cell,50846720,198620,1017.7,1029.8,12.2,0,3,1,0,,,0.0,,-98.3,-99.0,-98.0,-99.0,1.0,3050,inter,1
network_log_20260925_154924_car,9/25 15:49 차량,car,cell,50892804,198800,1029.8,1058.8,29.0,0,6,1,0,,,0.0,,-99.0,-101.0,-98.0,-101.0,1.0,3050,inter,1
network_log_20260925_154924_car,9/25 15:49 차량,car,cell,50846720,198620,1058.8,1072.1,13.2,0,4,1,0,6.3,6.3,0.25,0.63,-97.8,-98.0,-97.0,-98.0,1.0,3050,sector,0
network_log_20260925_154924_car,9/25 15:49 차량,car,cell,50846722,198620,1072.1,1073.2,1.2,0,1,1,0,12.3,12.3,1.0,4.95,-92.0,-92.0,-92.0,-92.0,1.0,3050,sector,1
network_log_20260925_154924_car,9/25 15:49 차량,car,cell,50846720,198620,1073.2,1106.7,33.5,0,8,1,0,416.8,417.0,1.0,11.93,-87.5,-94.0,-94.0,-82.0,1.0,3050,sector,0
network_log_20260925_154924_car,9/25 15:49 차량,car,cell,50846724,198620,1106.7,1117.9,11.2,0,3,1,0,94.9,94.9,1.0,8.93,-86.0,-94.0,-82.0,-94.0,1.0,3050,sector,0
network_log_20260925_154924_car,9/25 15:49 차량,car,cell,50846723,198620,1117.9,1218.3,100.4,0,21,1,0,66.0,66.1,0.24,3.53,-87.3,-91.0,-90.0,-82.0,1.0,3050,inter,0
network_log_20260925_154924_car,9/25 15:49 차량,car,cell,50846977,198621,1218.3,1221.0,2.7,0,1,1,0,16.7,16.7,1.0,8.27,-91.0,-91.0,-91.0,-91.0,1.0,3050,inter,1
network_log_20260925_154924_car,9/25 15:49 차량,car,cell,50846723,198620,1221.0,1230.0,9.0,0,3,1,0,85.7,85.7,1.0,8.81,-85.7,-87.0,-87.0,-83.0,1.0,3050,inter,1
network_log_20260925_154924_car,9/25 15:49 차량,car,cell,50846977,198621,1230.0,1237.9,7.9,0,3,1,0,76.3,76.4,1.0,9.12,-93.7,-95.0,-93.0,-95.0,1.0,3050,inter,0
network_log_20260925_154924_car,9/25 15:49 차량,car,cell,50894353,198806,1237.9,1254.4,16.5,0,4,1,0,201.1,201.6,1.0,12.48,-96.8,-98.0,-96.0,-98.0,1.0,3050,inter,0
network_log_20260925_154924_car,9/25 15:49 차량,car,cell,50846720,198620,1254.4,1256.6,2.2,0,1,1,0,27.4,27.4,1.0,13.55,-91.0,-91.0,-91.0,-91.0,1.0,3050,inter,0
network_log_20260925_154924_car,9/25 15:49 차량,car,cell,50846976,198621,1256.6,1301.8,45.1,0,10,1,0,676.8,691.6,1.0,15.29,-93.2,-101.0,-95.0,-90.0,1.0,3050,inter,0
network_log_20260925_154924_car,9/25 15:49 차량,car,cell,50893316,198802,1301.8,1461.6,159.8,0,32,1,0,418.7,419.2,1.0,2.65,-76.2,-100.0,-92.0,-88.0,1.0,3050,sector,0
network_log_20260925_154924_car,9/25 15:49 차량,car,cell,50893315,198802,1461.6,1566.3,104.7,0,22,1,0,382.9,383.1,1.0,3.53,-72.8,-90.0,-87.0,-89.0,1.0,3050,inter,0
network_log_20260925_154924_car,9/25 15:49 차량,car,cell,52233219,204036,1566.3,1640.1,73.8,0,16,1,0,286.5,287.4,1.0,4.13,-81.1,-95.0,-95.0,-83.0,1.0,3050,sector,0
network_log_20260925_154924_car,9/25 15:49 차량,car,cell,52233221,204036,1640.1,1658.7,18.6,0,4,1,0,12.6,12.7,1.0,0.37,-88.0,-90.0,-88.0,-90.0,1.0,3050,sector,1
network_log_20260925_154924_car,9/25 15:49 차량,car,cell,52233219,204036,1658.7,1668.7,10.0,0,2,1,0,17.5,17.5,1.0,1.65,-90.5,-91.0,-90.0,-91.0,1.0,3050,sector,1
network_log_20260925_154924_car,9/25 15:49 차량,car,cell,52233221,204036,1668.7,1700.6,31.8,0,7,1,0,64.3,65.7,1.0,2.01,-85.0,-89.0,-87.0,-86.0,1.0,3050,sector,0
network_log_20260925_154924_car,9/25 15:49 차량,car,cell,52233219,204036,1700.6,1727.3,26.7,0,6,1,0,51.0,52.3,1.0,1.86,-80.5,-85.0,-85.0,-78.0,1.0,3050,sector,1
network_log_20260925_154924_car,9/25 15:49 차량,car,cell,52233221,204036,1727.3,2024.8,297.5,0,60,1,0,583.4,588.2,1.0,1.92,-80.9,-94.0,-84.0,-94.0,1.0,3050,inter,0
network_log_20260925_154924_car,9/25 15:49 차량,car,cell,52236548,204049,2024.8,2041.2,16.5,0,4,1,0,210.8,210.8,1.0,11.18,-88.5,-98.0,-88.0,-79.0,1.0,3050,inter,1
network_log_20260925_154924_car,9/25 15:49 차량,car,cell,52233221,204036,2041.2,2047.8,6.6,0,2,1,0,83.9,83.9,1.0,13.39,-92.0,-92.0,-92.0,-92.0,1.0,3050,inter,0
network_log_20260925_154924_car,9/25 15:49 차량,car,cell,52239107,204059,2047.8,2054.8,7.1,0,2,1,0,87.6,87.6,1.0,14.63,-97.0,-97.0,-97.0,-97.0,1.0,3050,inter,0
network_log_20260925_154924_car,9/25 15:49 차량,car,cell,52236544,204049,2054.8,2099.3,44.4,0,9,1,0,741.5,741.5,1.0,15.87,-89.2,-105.0,-93.0,-91.0,1.0,3050,inter,0
network_log_20260925_154924_car,9/25 15:49 차량,car,cell,52239107,204059,2099.3,2102.5,3.2,0,2,1,0,36.6,36.6,1.0,18.33,-91.0,-91.0,-91.0,-91.0,1.0,3050,sector,0
network_log_20260925_154924_car,9/25 15:49 차량,car,cell,52239105,204059,2102.5,2106.7,4.2,0,2,1,0,74.8,74.8,1.0,18.62,-86.0,-86.0,-86.0,-86.0,1.0,3050,inter,0
network_log_20260925_154924_car,9/25 15:49 차량,car,cell,52238856,204058,2106.7,2109.2,2.5,0,1,1,0,75.9,75.9,1.0,18.77,-90.0,-90.0,-90.0,-90.0,1.0,2600,sector,0
network_log_20260925_154924_car,9/25 15:49 차량,car,cell,52238858,204058,2109.2,2114.0,4.8,0,2,1,0,73.6,73.6,1.0,18.89,-86.0,-86.0,-86.0,-86.0,1.0,2600,inter,0
network_log_20260925_154924_car,9/25 15:49 차량,car,cell,52237322,204052,2114.0,2115.0,0.9,0,1,1,0,0.0,0.0,1.0,18.14,-76.0,-76.0,-76.0,-76.0,1.0,2600,sector,0
network_log_20260925_154924_car,9/25 15:49 차량,car,cell,52237345,204052,2115.0,2120.0,5.0,0,1,1,0,108.3,108.3,1.0,18.14,-73.0,-73.0,-73.0,-73.0,1.0,2600,band,0
network_log_20260925_154924_car,9/25 15:49 차량,car,cell,52237346,204052,2120.0,2126.6,6.6,0,2,1,0,105.7,105.7,1.0,17.79,-69.5,-71.0,-71.0,-68.0,1.0,100,sector,0
network_log_20260925_154924_car,9/25 15:49 차량,car,cell,52237328,204052,2126.6,2129.0,2.4,0,1,1,0,35.9,35.9,1.0,17.92,-76.0,-76.0,-76.0,-76.0,1.0,100,inter,0
network_log_20260925_154924_car,9/25 15:49 차량,car,cell,52238864,204058,2129.0,2142.7,13.7,0,4,1,0,230.5,230.5,1.0,16.89,-73.0,-79.0,-73.0,-79.0,1.0,100,inter,0
network_log_20260925_154924_car,9/25 15:49 차량,car,cell,51907343,202763,2142.7,2143.8,1.1,0,1,1,0,33.8,33.8,1.0,16.65,-92.0,-92.0,-92.0,-92.0,1.0,100,inter,0
network_log_20260925_154924_car,9/25 15:49 차량,car,cell,52238862,204058,2143.8,2150.1,6.3,0,2,1,0,106.9,106.9,1.0,16.73,-91.0,-91.0,-91.0,-91.0,1.0,100,inter,1
network_log_20260925_154924_car,9/25 15:49 차량,car,cell,51907343,202763,2150.1,2189.0,38.9,0,8,1,0,708.6,708.7,1.0,18.77,-75.4,-87.0,-87.0,-82.0,1.0,100,sector,0
network_log_20260925_154924_car,9/25 15:49 차량,car,cell,51907342,202763,2189.0,2224.2,35.2,0,8,1,0,640.0,641.0,1.0,17.5,-86.4,-91.0,-83.0,-91.0,1.0,100,sector,0
network_log_20260925_154924_car,9/25 15:49 차량,car,cell,51907341,202763,2224.2,2268.1,43.9,0,10,1,0,683.2,683.2,1.0,15.72,-84.0,-98.0,-96.0,-98.0,1.0,100,sector,0
network_log_20260925_154924_car,9/25 15:49 차량,car,cell,51907345,202763,2268.1,2290.1,22.0,0,5,1,0,334.5,334.5,1.0,14.9,-101.6,-107.0,-99.0,-107.0,1.0,100,inter,0
network_log_20260925_154924_car,9/25 15:49 차량,car,cell,52147214,203700,2290.1,2356.9,66.9,0,14,1,0,905.6,1017.3,1.0,15.17,-93.3,-107.0,-107.0,-96.0,1.0,100,sector,0
network_log_20260925_154924_car,9/25 15:49 차량,car,cell,52147215,203700,2356.9,2722.2,365.2,0,73,1,0,558.5,560.5,0.99,1.57,-93.6,-105.0,-91.0,-103.0,1.0,100,inter,0
network_log_20260925_154924_car,9/25 15:49 차량,car,cell,51907852,202765,2722.2,2747.8,25.7,1,7,1,0,69.5,69.5,0.86,2.46,-100.9,-102.0,-102.0,-98.0,1.0,100,,0
network_log_20260925_163819_car,9/25 16:38 차량,car,cell,51870224,202618,0.0,12.6,12.6,1,4,1,0,105.0,105.0,0.5,16.47,-94.2,-108.0,-108.0,-82.0,1.0,100,sector,0
network_log_20260925_163819_car,9/25 16:38 차량,car,cell,51870223,202618,12.6,36.5,23.9,0,6,1,0,362.5,364.7,1.0,15.57,-76.2,-88.0,-78.0,-88.0,1.0,100,sector,0
network_log_20260925_163819_car,9/25 16:38 차량,car,cell,51870209,202618,36.5,87.1,50.6,0,11,1,0,1027.6,1081.0,1.0,20.53,-95.8,-100.0,-98.0,-94.0,1.0,100,inter,0
network_log_20260925_163819_car,9/25 16:38 차량,car,cell,51400720,200784,87.1,110.3,23.1,0,5,1,0,499.3,499.3,1.0,22.06,-80.8,-92.0,-92.0,-79.0,1.0,100,sector,0
network_log_20260925_163819_car,9/25 16:38 차량,car,cell,51400721,200784,110.3,263.1,152.9,0,31,1,0,1212.9,1226.8,1.0,7.98,-87.2,-104.0,-90.0,-102.0,1.0,100,sector,0
network_log_20260925_163819_car,9/25 16:38 차량,car,cell,51400719,200784,263.1,420.9,157.8,0,32,1,0,897.2,897.3,0.78,8.12,-93.8,-102.0,-97.0,-101.0,1.0,100,sector,0
network_log_20260925_163819_car,9/25 16:38 차량,car,cell,51400737,200784,420.9,915.1,494.2,0,99,1,0,636.1,640.6,0.44,2.69,-89.1,-100.0,-99.0,-82.0,1.0,100,sector,0
network_log_20260925_163819_car,9/25 16:38 차량,car,cell,51400736,200784,915.1,920.0,4.9,0,2,1,0,40.9,40.9,1.0,10.5,-90.0,-90.0,-90.0,-90.0,1.0,100,sector,1
network_log_20260925_163819_car,9/25 16:38 차량,car,cell,51400737,200784,920.0,930.9,10.9,0,3,1,0,77.4,77.4,1.0,8.51,-86.3,-87.0,-87.0,-85.0,1.0,100,sector,1
network_log_20260925_163819_car,9/25 16:38 차량,car,cell,51400736,200784,930.9,962.0,31.1,0,7,1,0,152.8,152.8,1.0,5.03,-89.3,-93.0,-93.0,-90.0,1.0,100,inter,0
network_log_20260925_163819_car,9/25 16:38 차량,car,cell,51457571,201006,962.0,1012.3,50.4,0,11,1,0,3.7,3.7,0.27,0.79,-90.5,-92.0,-92.0,-88.0,1.0,100,inter,0
network_log_20260925_163819_car,9/25 16:38 차량,car,cell,51400736,200784,1012.3,1052.4,40.1,0,8,1,0,178.3,178.4,1.0,4.55,-90.4,-93.0,-92.0,-92.0,1.0,100,inter,0
network_log_20260925_163819_car,9/25 16:38 차량,car,cell,51457571,201006,1052.4,1061.3,8.9,0,2,1,0,56.4,56.4,1.0,3.92,-86.5,-89.0,-89.0,-84.0,1.0,100,inter,0
network_log_20260925_163819_car,9/25 16:38 차량,car,cell,51858960,202574,1061.3,1067.5,6.2,0,2,1,0,58.2,58.2,1.0,10.25,-88.0,-88.0,-88.0,-88.0,1.0,100,inter,0
network_log_20260925_163819_car,9/25 16:38 차량,car,cell,51457300,201005,1067.5,1207.7,140.2,0,28,1,0,613.0,617.4,0.5,8.27,-75.9,-96.0,-85.0,-96.0,1.0,100,sector,0
network_log_20260925_163819_car,9/25 16:38 차량,car,cell,51457313,201005,1207.7,1209.7,1.9,0,2,1,0,38.3,38.3,1.0,19.04,-95.0,-95.0,-95.0,-95.0,1.0,100,sector,0
network_log_20260925_163819_car,9/25 16:38 차량,car,cell,51457302,201005,1209.7,1212.4,2.7,0,1,1,0,39.2,39.2,1.0,19.18,-100.0,-100.0,-100.0,-100.0,1.0,100,sector,0
network_log_20260925_163819_car,9/25 16:38 차량,car,cell,51457295,201005,1212.4,1219.6,7.2,0,3,1,0,164.3,164.3,1.0,20.08,-95.3,-96.0,-96.0,-94.0,1.0,100,sector,1
network_log_20260925_163819_car,9/25 16:38 차량,car,cell,51457302,201005,1219.6,1222.6,3.1,0,1,1,0,40.4,40.4,1.0,20.43,-83.0,-83.0,-83.0,-83.0,1.0,100,inter,0
network_log_20260925_163819_car,9/25 16:38 차량,car,cell,51454991,200996,1222.6,1224.2,1.6,0,2,1,0,39.4,39.4,1.0,19.97,-89.0,-89.0,-89.0,-89.0,1.0,100,inter,1
network_log_20260925_163819_car,9/25 16:38 차량,car,cell,51457295,201005,1224.2,1257.4,33.2,0,7,1,0,482.1,482.3,1.0,15.14,-81.1,-95.0,-81.0,-95.0,1.0,100,inter,0
network_log_20260925_163819_car,9/25 16:38 차량,car,cell,51454993,200996,1257.4,1284.9,27.5,0,7,1,0,326.0,326.4,1.0,12.7,-82.3,-92.0,-92.0,-79.0,1.0,100,inter,0
network_log_20260925_163819_car,9/25 16:38 차량,car,cell,51457550,201006,1284.9,1451.3,166.4,0,34,1,0,385.8,416.1,0.44,5.91,-81.0,-86.0,-82.0,-77.0,1.0,100,inter,0
network_log_20260925_163819_car,9/25 16:38 차량,car,cell,51456768,201003,1451.3,1531.0,79.7,0,17,1,0,438.8,440.4,0.82,7.16,-81.6,-87.0,-87.0,-82.0,1.0,100,inter,0
network_log_20260925_163819_car,9/25 16:38 차량,car,cell,51466757,201042,1531.0,1536.6,5.6,0,2,1,0,44.6,48.0,1.0,8.88,-91.0,-91.0,-91.0,-91.0,1.0,100,inter,0
network_log_20260925_163819_car,9/25 16:38 차량,car,cell,51457551,201006,1536.6,1538.6,2.1,0,1,1,0,20.1,20.1,1.0,9.21,-85.0,-85.0,-85.0,-85.0,1.0,100,inter,1
network_log_20260925_163819_car,9/25 16:38 차량,car,cell,51466757,201042,1538.6,1546.1,7.5,0,3,1,0,77.4,77.4,1.0,9.66,-92.0,-92.0,-92.0,-92.0,1.0,100,inter,1
network_log_20260925_163819_car,9/25 16:38 차량,car,cell,51457551,201006,1546.1,1558.7,12.6,0,3,1,0,89.5,89.5,1.0,8.45,-85.0,-87.0,-84.0,-87.0,1.0,100,inter,1
network_log_20260925_163819_car,9/25 16:38 차량,car,cell,51466757,201042,1558.7,1625.8,67.1,0,14,1,0,178.9,206.4,1.0,3.07,-82.4,-87.0,-86.0,-79.0,1.0,100,sector,0
network_log_20260925_163819_car,9/25 16:38 차량,car,cell,51466766,201042,1625.8,2089.0,463.2,0,93,1,0,239.3,273.8,1.0,0.66,-83.1,-88.0,-88.0,-75.0,1.0,100,sector,0
network_log_20260925_163819_car,9/25 16:38 차량,car,cell,51466768,201042,2089.0,2098.7,9.7,0,3,1,0,11.4,11.4,1.0,0.67,-81.0,-81.0,-81.0,-81.0,1.0,100,sector,1
network_log_20260925_163819_car,9/25 16:38 차량,car,cell,51466766,201042,2098.7,2219.8,121.1,0,25,1,0,270.2,292.9,1.0,2.33,-75.8,-79.0,-78.0,-79.0,1.0,100,sector,0
network_log_20260925_163819_car,9/25 16:38 차량,car,cell,51466757,201042,2219.8,2244.0,24.1,0,6,1,0,165.6,191.2,1.0,8.79,-80.7,-86.0,-86.0,-83.0,1.0,100,inter,0
network_log_20260925_163819_car,9/25 16:38 차량,car,cell,51457551,201006,2244.0,2417.4,173.5,1,36,1,0,112.6,378.0,1.0,2.33,-78.1,-94.0,-87.0,-79.0,1.0,100,,0
network_log_20260927_205144_car,9/27 차량,car,cell,51457545,201006,0.0,5.0,5.0,1,2,1,0,,,0.0,0.0,-91.0,-91.0,-91.0,-91.0,1.0,2600,band,0
network_log_20260927_205144_car,9/27 차량,car,cell,51457551,201006,5.0,39.6,34.5,0,7,1,0,110.8,192.1,1.0,5.0,-84.4,-91.0,-84.0,-91.0,1.0,100,inter,0
network_log_20260927_205144_car,9/27 차량,car,cell,51466757,201042,39.6,52.5,13.0,0,4,1,0,80.0,82.1,1.0,4.94,-82.8,-83.0,-83.0,-83.0,1.0,100,inter,1
network_log_20260927_205144_car,9/27 차량,car,cell,51457551,201006,52.5,56.8,4.3,0,2,1,0,33.4,33.4,1.0,8.82,-81.0,-81.0,-81.0,-81.0,1.0,100,inter,1
network_log_20260927_205144_car,9/27 차량,car,cell,51466757,201042,56.8,69.8,13.0,0,3,1,0,73.2,73.3,1.0,6.9,-88.7,-90.0,-88.0,-90.0,1.0,100,inter,0
network_log_20260927_205144_car,9/27 차량,car,cell,51457552,201006,69.8,73.8,4.0,0,2,1,0,23.8,23.8,1.0,7.17,-99.0,-99.0,-99.0,-99.0,1.0,100,inter,1
network_log_20260927_205144_car,9/27 차량,car,cell,51466757,201042,73.8,80.3,6.5,0,2,1,0,19.4,19.9,1.0,4.21,-98.0,-98.0,-98.0,-98.0,1.0,100,inter,0
network_log_20260927_205144_car,9/27 차량,car,cell,51456768,201003,80.3,110.3,30.0,0,6,1,0,305.2,305.5,1.0,8.89,-83.8,-88.0,-86.0,-77.0,1.0,100,inter,0
network_log_20260927_205144_car,9/27 차량,car,cell,51457552,201006,110.3,113.3,3.0,0,2,1,0,24.7,24.7,1.0,12.74,-69.0,-69.0,-69.0,-69.0,1.0,100,inter,1
network_log_20260927_205144_car,9/27 차량,car,cell,51456768,201003,113.3,127.0,13.7,0,4,1,0,154.3,154.7,1.0,11.38,-80.5,-83.0,-79.0,-83.0,1.0,100,inter,0
network_log_20260927_205144_car,9/27 차량,car,cell,51457550,201006,127.0,154.5,27.5,0,6,1,0,328.2,334.3,1.0,11.3,-84.0,-90.0,-83.0,-78.0,1.0,100,inter,0
network_log_20260927_205144_car,9/27 차량,car,cell,51454990,200996,154.5,160.7,6.2,0,2,1,0,82.9,82.9,1.0,13.82,-87.0,-87.0,-87.0,-87.0,1.0,100,sector,0
network_log_20260927_205144_car,9/27 차량,car,cell,51454993,200996,160.7,189.1,28.4,0,6,1,0,186.8,244.5,1.0,9.58,-76.0,-84.0,-84.0,-70.0,1.0,100,sector,0
network_log_20260927_205144_car,9/27 차량,car,cell,51454989,200996,189.1,270.4,81.3,0,17,1,0,166.5,167.7,1.0,1.94,-77.9,-81.0,-78.0,-77.0,1.0,100,inter,0
network_log_20260927_205144_car,9/27 차량,car,cell,51455520,200998,270.4,495.1,224.7,0,46,1,0,544.8,617.9,1.0,2.98,-77.7,-84.0,-79.0,-75.0,1.0,100,inter,0
network_log_20260927_205144_car,9/27 차량,car,cell,51456287,201001,495.1,522.0,26.9,0,6,1,0,320.8,336.4,1.0,12.89,-82.3,-89.0,-82.0,-77.0,1.0,100,inter,0
network_log_20260927_205144_car,9/27 차량,car,cell,51455500,200998,522.0,526.8,4.9,0,1,1,0,92.7,92.7,1.0,14.09,-74.0,-74.0,-74.0,-74.0,1.0,100,sector,0
network_log_20260927_205144_car,9/27 차량,car,cell,51455504,200998,526.8,530.4,3.6,0,2,1,0,55.6,55.6,1.0,15.04,-78.0,-78.0,-78.0,-78.0,1.0,100,sector,0
network_log_20260927_205144_car,9/27 차량,car,cell,51455505,200998,530.4,701.1,170.7,0,35,1,0,372.9,406.0,1.0,2.86,-68.9,-81.0,-81.0,-74.0,1.0,100,inter,0
network_log_20260927_205144_car,9/27 차량,car,cell,51852577,202549,701.1,706.0,4.9,0,2,1,0,71.6,71.6,1.0,16.83,-74.0,-74.0,-74.0,-74.0,1.0,100,inter,0
network_log_20260927_205144_car,9/27 차량,car,cell,51455774,200999,706.0,709.8,3.8,0,2,1,0,82.7,82.7,1.0,19.74,-78.0,-78.0,-78.0,-78.0,1.0,100,sector,0
network_log_20260927_205144_car,9/27 차량,car,cell,51455760,200999,709.8,714.2,4.4,0,2,1,0,93.8,93.8,1.0,23.14,-64.0,-64.0,-64.0,-64.0,1.0,100,sector,1
network_log_20260927_205144_car,9/27 차량,car,cell,51455774,200999,714.2,724.3,10.1,0,3,1,0,289.9,289.9,1.0,23.95,-66.3,-68.0,-68.0,-63.0,1.0,100,sector,0
network_log_20260927_205144_car,9/27 차량,car,cell,51455756,200999,724.3,731.2,6.9,0,2,1,0,141.5,141.5,1.0,23.39,-79.0,-79.0,-79.0,-79.0,1.0,100,sector,0
network_log_20260927_205144_car,9/27 차량,car,cell,51455759,200999,731.2,743.8,12.7,0,4,1,0,292.5,292.5,1.0,24.34,-76.8,-77.0,-77.0,-76.0,1.0,100,inter,0
network_log_20260927_205144_car,9/27 차량,car,cell,51446017,200961,743.8,764.7,20.8,0,5,1,0,551.7,551.7,1.0,25.1,-76.2,-81.0,-77.0,-81.0,1.0,100,inter,0
network_log_20260927_205144_car,9/27 차량,car,cell,51448096,200969,764.7,767.7,3.1,0,1,1,0,49.7,49.7,1.0,24.75,-84.0,-84.0,-84.0,-84.0,1.0,100,inter,0
network_log_20260927_205144_car,9/27 차량,car,cell,51446800,200964,767.7,794.5,26.8,0,6,1,0,699.0,699.8,1.0,25.1,-72.7,-81.0,-81.0,-79.0,1.0,100,inter,0
network_log_20260927_205144_car,9/27 차량,car,cell,52260109,204141,794.5,806.4,11.9,0,3,1,0,293.7,293.9,1.0,24.34,-76.3,-81.0,-74.0,-81.0,1.0,100,inter,0
network_log_20260927_205144_car,9/27 차량,car,cell,51447310,200966,806.4,809.9,3.5,0,2,1,0,48.3,48.3,1.0,24.4,-73.0,-73.0,-73.0,-73.0,1.0,100,sector,0
network_log_20260927_205144_car,9/27 차량,car,cell,51447308,200966,809.9,811.9,1.9,0,1,1,0,47.3,47.3,1.0,23.83,-73.0,-73.0,-73.0,-73.0,1.0,100,sector,1
network_log_20260927_205144_car,9/27 차량,car,cell,51447310,200966,811.9,812.9,1.0,0,1,1,0,47.5,47.5,1.0,23.77,-72.0,-72.0,-72.0,-72.0,1.0,100,inter,0
network_log_20260927_205144_car,9/27 차량,car,cell,51449615,200975,812.9,820.5,7.6,0,2,1,0,180.1,180.1,1.0,22.93,-67.5,-68.0,-67.0,-68.0,1.0,100,inter,0
network_log_20260927_205144_car,9/27 차량,car,cell,51852301,202548,820.5,826.8,6.3,0,2,1,0,134.0,134.0,1.0,22.18,-81.0,-81.0,-81.0,-81.0,1.0,100,sector,0
network_log_20260927_205144_car,9/27 차량,car,cell,51852293,202548,826.8,837.5,10.6,0,3,1,0,250.2,250.2,1.0,22.84,-81.3,-82.0,-81.0,-82.0,1.0,100,inter,0
network_log_20260927_205144_car,9/27 차량,car,cell,51449609,200975,837.5,843.0,5.5,0,2,1,0,103.1,103.1,1.0,22.08,-75.0,-75.0,-75.0,-75.0,1.0,100,inter,1
network_log_20260927_205144_car,9/27 차량,car,cell,51852293,202548,843.0,853.0,10.0,0,2,1,0,179.5,179.5,1.0,20.18,-76.0,-77.0,-75.0,-77.0,1.0,100,inter,0
network_log_20260927_205144_car,9/27 차량,car,cell,51866129,202602,853.0,880.7,27.7,0,6,1,0,554.9,554.9,1.0,19.8,-75.8,-83.0,-83.0,-70.0,1.0,100,inter,0
network_log_20260927_205144_car,9/27 차량,car,cell,51449101,200973,880.7,891.5,10.8,0,3,1,0,226.1,226.2,1.0,19.62,-76.7,-78.0,-78.0,-74.0,1.0,100,inter,0
network_log_20260927_205144_car,9/27 차량,car,cell,51995149,203106,891.5,893.1,1.6,0,1,1,0,0.0,0.0,1.0,17.88,-77.0,-77.0,-77.0,-77.0,1.0,100,inter,0
network_log_20260927_205144_car,9/27 차량,car,cell,51996689,203112,893.1,943.4,50.3,0,10,1,0,712.6,712.7,1.0,13.89,-75.5,-83.0,-83.0,-83.0,1.0,100,sector,0
network_log_20260927_205144_car,9/27 차량,car,cell,51996685,203112,943.4,962.0,18.6,0,5,1,0,253.0,253.1,1.0,15.08,-83.8,-87.0,-87.0,-82.0,1.0,100,inter,0
network_log_20260927_205144_car,9/27 차량,car,cell,51639839,201718,962.0,966.4,4.4,0,2,1,0,69.0,69.0,1.0,16.14,-85.0,-85.0,-85.0,-85.0,1.0,100,inter,1
network_log_20260927_205144_car,9/27 차량,car,cell,51996685,203112,966.4,971.1,4.7,0,2,1,0,73.1,73.1,1.0,18.06,-87.0,-87.0,-87.0,-87.0,1.0,100,inter,0
network_log_20260927_205144_car,9/27 차량,car,cell,51705121,201973,971.1,1001.3,30.1,0,7,1,0,,,0.14,19.01,-83.7,-95.0,-95.0,-77.0,1.0,100,sector,0
network_log_20260927_205144_car,9/27 차량,car,cell,51705119,201973,1001.3,1022.8,21.5,0,5,1,0,,,0.0,,-71.0,-78.0,-78.0,-67.0,1.0,100,inter,0
network_log_20260927_205144_car,9/27 차량,car,cell,51640837,201722,1022.8,1032.7,10.0,0,3,1,0,,,0.0,,-67.7,-71.0,-71.0,-61.0,1.0,100,sector,0
network_log_20260927_205144_car,9/27 차량,car,cell,51640836,201722,1032.7,1054.4,21.7,0,5,1,0,,,0.0,,-70.4,-78.0,-73.0,-78.0,1.0,100,sector,0
network_log_20260927_205144_car,9/27 차량,car,cell,51640835,201722,1054.4,1074.2,19.8,0,5,1,0,,,0.0,,-79.0,-85.0,-85.0,-80.0,1.0,100,inter,0
network_log_20260927_205144_car,9/27 차량,car,cell,51701521,201959,1074.2,1095.0,20.8,0,5,1,0,,,0.0,,-75.4,-80.0,-74.0,-80.0,1.0,100,sector,0
network_log_20260927_205144_car,9/27 차량,car,cell,51701519,201959,1095.0,1113.6,18.5,0,4,1,0,,,0.0,,-77.8,-83.0,-81.0,-83.0,1.0,100,sector,0
network_log_20260927_205144_car,9/27 차량,car,cell,51701517,201959,1113.6,1138.3,24.7,0,6,1,0,,,0.0,,-75.3,-85.0,-82.0,-63.0,1.0,100,sector,0
network_log_20260927_205144_car,9/27 차량,car,cell,51701508,201959,1138.3,1152.6,14.3,0,4,1,0,,,0.0,,-65.8,-73.0,-73.0,-62.0,1.0,100,sector,0
network_log_20260927_205144_car,9/27 차량,car,cell,51701507,201959,1152.6,1178.4,25.9,0,6,1,0,,,0.0,,-66.0,-79.0,-68.0,-79.0,1.0,100,inter,0
network_log_20260927_205144_car,9/27 차량,car,cell,52204032,203922,1178.4,1204.2,25.8,0,6,1,0,,,0.0,,-73.2,-80.0,-80.0,-68.0,1.0,100,sector,0
network_log_20260927_205144_car,9/27 차량,car,cell,52204033,203922,1204.2,1224.3,20.0,0,5,1,0,,,0.0,,-68.8,-73.0,-71.0,-73.0,1.0,100,sector,0
network_log_20260927_205144_car,9/27 차량,car,cell,52204034,203922,1224.3,1252.5,28.2,0,7,1,0,,,0.0,,-78.0,-89.0,-89.0,-53.0,1.0,100,sector,0
network_log_20260927_205144_car,9/27 차량,car,cell,52204035,203922,1252.5,1266.2,13.7,0,3,1,0,,,0.0,,-79.3,-81.0,-81.0,-76.0,1.0,100,sector,0
network_log_20260927_205144_car,9/27 차량,car,cell,52204036,203922,1266.2,1280.9,14.8,0,4,1,0,,,0.0,,-72.0,-78.0,-78.0,-61.0,1.0,100,sector,0
network_log_20260927_205144_car,9/27 차량,car,cell,52204037,203922,1280.9,1288.7,7.8,0,3,1,0,,,0.0,,-75.0,-75.0,-75.0,-75.0,1.0,100,inter,0
network_log_20260927_205144_car,9/27 차량,car,cell,52204292,203923,1288.7,1324.5,35.8,0,8,1,0,,,0.0,,-74.6,-92.0,-74.0,-92.0,1.0,100,inter,0
network_log_20260927_205144_car,9/27 차량,car,cell,52025870,203226,1324.5,1331.9,7.3,0,2,1,0,,,0.0,,-89.5,-90.0,-90.0,-89.0,1.0,100,inter,0
network_log_20260927_205144_car,9/27 차량,car,cell,52160013,203750,1331.9,1340.7,8.8,0,3,1,0,142.3,142.3,1.0,16.07,-90.0,-91.0,-91.0,-88.0,1.0,100,sector,0
network_log_20260927_205144_car,9/27 차량,car,cell,52160017,203750,1340.7,1357.2,16.5,0,4,1,0,297.7,299.4,1.0,18.71,-76.8,-78.0,-78.0,-74.0,1.0,100,sector,0
network_log_20260927_205144_car,9/27 차량,car,cell,52160015,203750,1357.2,1364.0,6.8,0,2,1,0,136.3,136.6,1.0,17.6,-71.5,-75.0,-75.0,-68.0,1.0,100,inter,0
network_log_20260927_205144_car,9/27 차량,car,cell,52035084,203262,1364.0,1367.2,3.2,0,1,1,0,34.2,34.2,1.0,17.19,-94.0,-94.0,-94.0,-94.0,1.0,100,inter,0
network_log_20260927_205144_car,9/27 차량,car,cell,52031756,203249,1367.2,1374.6,7.4,0,3,1,0,147.9,147.9,1.0,17.9,-68.7,-69.0,-69.0,-68.0,1.0,100,inter,0
network_log_20260927_205144_car,9/27 차량,car,cell,52160012,203750,1374.6,1384.6,10.0,0,3,1,0,188.7,188.7,1.0,18.95,-65.7,-69.0,-64.0,-69.0,1.0,100,inter,0
network_log_20260927_205144_car,9/27 차량,car,cell,52035345,203263,1384.6,1386.6,2.1,0,1,1,0,36.7,36.7,1.0,18.64,-74.0,-74.0,-74.0,-74.0,1.0,100,inter,0
network_log_20260927_205144_car,9/27 차량,car,cell,52030988,203246,1386.6,1412.4,25.8,0,6,1,0,459.5,461.5,1.0,17.28,-69.0,-75.0,-75.0,-65.0,1.0,100,sector,0
network_log_20260927_205144_car,9/27 차량,car,cell,52030990,203246,1412.4,1413.4,1.0,0,1,1,0,0.0,0.0,1.0,18.28,-78.0,-78.0,-78.0,-78.0,1.0,100,sector,1
network_log_20260927_205144_car,9/27 차량,car,cell,52030988,203246,1413.4,1416.6,3.1,0,1,1,0,72.9,72.9,1.0,18.28,-90.0,-90.0,-90.0,-90.0,1.0,100,sector,1
network_log_20260927_205144_car,9/27 차량,car,cell,52030990,203246,1416.6,1420.7,4.1,0,2,1,0,76.8,76.8,1.0,18.56,-81.0,-81.0,-81.0,-81.0,1.0,100,inter,0
network_log_20260927_205144_car,9/27 차량,car,cell,52062734,203370,1420.7,1451.4,30.7,0,7,1,0,574.1,576.2,1.0,19.3,-82.0,-91.0,-91.0,-75.0,1.0,100,inter,0
network_log_20260927_205144_car,9/27 차량,car,cell,51642143,201727,1451.4,1455.9,4.5,0,2,1,0,69.9,69.9,1.0,17.09,-91.0,-91.0,-91.0,-91.0,1.0,100,inter,0
network_log_20260927_205144_car,9/27 차량,car,cell,52061199,203364,1455.9,1462.8,6.9,0,2,1,0,128.8,128.8,1.0,18.07,-88.5,-94.0,-83.0,-94.0,1.0,100,inter,0
network_log_20260927_205144_car,9/27 차량,car,cell,51998224,203118,1462.8,1482.3,19.5,0,4,1,0,386.7,386.7,1.0,19.34,-82.2,-90.0,-90.0,-80.0,1.0,100,sector,0
network_log_20260927_205144_car,9/27 차량,car,cell,51998222,203118,1482.3,1492.8,10.5,0,3,1,0,164.6,164.6,1.0,17.88,-94.0,-94.0,-94.0,-94.0,1.0,100,inter,0
network_log_20260927_205144_car,9/27 차량,car,cell,51998734,203120,1492.8,1496.5,3.7,0,1,1,0,66.0,66.0,1.0,15.16,-93.0,-93.0,-93.0,-93.0,1.0,100,inter,0
network_log_20260927_205144_car,9/27 차량,car,cell,51998218,203118,1496.5,1502.8,6.4,0,2,1,0,106.3,106.3,1.0,16.93,-96.0,-96.0,-96.0,-96.0,1.0,2600,sector,0
network_log_20260927_205144_car,9/27 차량,car,cell,51998216,203118,1502.8,1510.7,7.8,0,2,1,0,156.1,156.5,1.0,19.41,-98.0,-98.0,-98.0,-98.0,0.64,2600,inter,0
network_log_20260927_205144_car,9/27 차량,car,cell,52062482,203369,1510.7,1522.9,12.2,0,3,1,0,230.8,232.2,1.0,20.2,-95.0,-95.0,-95.0,-95.0,0.0,2600,band,0
network_log_20260927_205144_car,9/27 차량,car,cell,52062483,203369,1522.9,1526.5,3.6,0,1,1,0,68.6,68.6,1.0,17.79,-92.0,-92.0,-92.0,-92.0,0.0,3050,inter,0
network_log_20260927_205144_car,9/27 차량,car,cell,51748610,202143,1526.5,1530.3,3.8,0,2,1,0,63.7,63.7,1.0,16.49,-107.0,-107.0,-107.0,-107.0,0.0,3050,inter,0
network_log_20260927_205144_car,9/27 차량,car,cell,52490755,205042,1530.3,1542.9,12.7,0,3,1,0,179.7,179.8,1.0,15.02,-92.0,-92.0,-92.0,-92.0,0.0,3050,inter,0
network_log_20260927_205144_car,9/27 차량,car,cell,52062469,203369,1542.9,1563.0,20.0,0,4,1,0,257.1,257.1,1.0,12.64,-87.0,-93.0,-93.0,-81.0,0.0,3050,inter,0
network_log_20260927_205144_car,9/27 차량,car,cell,51748609,202143,1563.0,1583.1,20.1,0,4,1,0,384.8,385.2,1.0,18.71,-90.5,-91.0,-90.0,-91.0,0.0,3050,sector,0
network_log_20260927_205144_car,9/27 차량,car,cell,51748610,202143,1583.1,1593.1,10.0,0,2,1,0,188.6,188.6,1.0,19.72,-86.0,-86.0,-86.0,-86.0,0.0,3050,sector,0
network_log_20260927_205144_car,9/27 차량,car,cell,51748611,202143,1593.1,1613.2,20.1,0,4,1,0,308.5,308.6,1.0,15.64,-87.0,-96.0,-78.0,-96.0,0.0,3050,inter,0
network_log_20260927_205144_car,9/27 차량,car,cell,52066562,203385,1613.2,1653.3,40.1,0,8,1,0,815.5,817.8,1.0,19.47,-82.8,-95.0,-66.0,-95.0,0.0,3050,inter,0
network_log_20260927_205144_car,9/27 차량,car,cell,52385795,204632,1653.3,1663.3,10.0,0,2,1,0,176.7,176.8,1.0,17.65,-81.0,-81.0,-81.0,-81.0,0.0,3050,inter,0
network_log_20260927_205144_car,9/27 차량,car,cell,52382721,204620,1663.3,1693.5,30.1,0,6,1,0,598.0,613.3,1.0,19.92,-78.3,-81.0,-81.0,-81.0,0.0,3050,inter,0
network_log_20260927_205144_car,9/27 차량,car,cell,52385537,204631,1693.5,1706.0,12.5,0,3,1,0,279.6,279.8,1.0,23.16,-98.0,-110.0,-92.0,-110.0,0.0,3050,inter,0
network_log_20260927_205144_car,9/27 차량,car,cell,51636488,201705,1706.0,1733.6,27.6,0,6,1,0,611.0,611.3,1.0,22.56,-82.0,-94.0,-72.0,-94.0,0.27,2600,inter,0
network_log_20260927_205144_car,9/27 차량,car,cell,51645214,201739,1733.6,1760.9,27.4,0,6,1,0,507.6,508.1,1.0,19.43,-80.3,-93.0,-93.0,-75.0,0.0,2600,inter,0
network_log_20260927_205144_car,9/27 차량,car,cell,52413961,204742,1760.9,1773.7,12.8,0,3,1,0,186.8,186.8,1.0,14.4,-81.0,-81.0,-81.0,-81.0,0.0,2600,sector,0
network_log_20260927_205144_car,9/27 차량,car,cell,52413964,204742,1773.7,1783.7,10.0,0,2,1,0,141.9,141.9,1.0,13.3,-85.0,-85.0,-85.0,-85.0,0.0,2600,inter,0
network_log_20260927_205144_car,9/27 차량,car,cell,52415494,204748,1783.7,1813.8,30.1,0,6,1,0,367.3,367.4,1.0,12.99,-88.7,-92.0,-83.0,-91.0,0.0,2600,sector,0
network_log_20260927_205144_car,9/27 차량,car,cell,52415497,204748,1813.8,1825.1,11.3,0,3,1,0,141.0,141.1,1.0,13.17,-88.7,-89.0,-89.0,-88.0,0.0,2600,inter,0
network_log_20260927_205144_car,9/27 차량,car,cell,51646218,201743,1825.1,1853.9,28.8,0,6,1,0,523.4,523.8,1.0,17.27,-84.0,-90.0,-90.0,-75.0,0.0,2600,sector,0
network_log_20260927_205144_car,9/27 차량,car,cell,51646214,201743,1853.9,1863.9,10.0,0,2,1,0,170.3,170.4,1.0,18.2,-76.0,-76.0,-76.0,-76.0,0.0,2600,band,0
network_log_20260927_205144_car,9/27 차량,car,cell,51646213,201743,1863.9,1884.0,20.1,0,4,1,0,333.8,333.8,1.0,16.7,-78.0,-81.0,-75.0,-81.0,0.0,3050,inter,0
network_log_20260927_205144_car,9/27 차량,car,cell,51674641,201854,1884.0,1891.7,7.7,0,2,1,0,135.0,135.0,1.0,16.51,-96.0,-96.0,-96.0,-96.0,0.0,3050,inter,0
network_log_20260927_205144_car,9/27 차량,car,cell,52094724,203495,1891.7,1914.0,22.3,0,5,1,0,382.1,382.1,1.0,17.37,-87.6,-88.0,-88.0,-87.0,0.0,3050,sector,0
network_log_20260927_205144_car,9/27 차량,car,cell,52094720,203495,1914.0,1920.6,6.6,0,2,1,0,105.3,105.3,1.0,17.3,-92.0,-92.0,-92.0,-92.0,0.0,3050,sector,0
network_log_20260927_205144_car,9/27 차량,car,cell,52094723,203495,1920.6,1937.9,17.3,0,4,1,0,271.7,271.8,1.0,15.03,-92.8,-104.0,-85.0,-97.0,1.0,3050,inter,0
network_log_20260927_205144_car,9/27 차량,car,cell,52106245,203540,1937.9,1969.1,31.2,0,7,1,0,474.4,476.6,1.0,15.84,-90.0,-98.0,-98.0,-86.0,1.0,3050,sector,0
network_log_20260927_205144_car,9/27 차량,car,cell,52106240,203540,1969.1,1979.2,10.0,0,2,1,0,154.1,154.2,1.0,15.5,-91.0,-91.0,-91.0,-91.0,1.0,3050,inter,0
network_log_20260927_205144_car,9/27 차량,car,cell,52106752,203542,1979.2,1999.2,20.0,0,4,1,0,306.1,306.2,1.0,15.3,-92.5,-96.0,-96.0,-89.0,1.0,3050,sector,0
network_log_20260927_205144_car,9/27 차량,car,cell,52106755,203542,1999.2,2029.3,30.1,0,6,1,0,442.8,458.7,1.0,14.79,-86.7,-95.0,-79.0,-95.0,1.0,3050,sector,0
network_log_20260927_205144_car,9/27 차량,car,cell,52106757,203542,2029.3,2041.0,11.7,0,3,1,0,128.8,129.2,1.0,12.88,-85.0,-89.0,-83.0,-89.0,1.0,3050,inter,0
network_log_20260927_205144_car,9/27 차량,car,cell,52532481,205205,2041.0,2047.3,6.3,0,2,1,0,113.3,113.5,1.0,13.8,-91.0,-91.0,-91.0,-91.0,1.0,3050,inter,0
network_log_20260927_205144_car,9/27 차량,car,cell,52105986,203539,2047.3,2086.9,39.5,0,9,1,0,733.8,734.3,1.0,18.82,-90.1,-97.0,-97.0,-97.0,1.0,3050,inter,0
network_log_20260927_205144_car,9/27 차량,car,cell,52532480,205205,2086.9,2094.4,7.6,0,2,1,0,188.2,188.2,1.0,22.97,-105.0,-105.0,-105.0,-105.0,1.0,3050,sector,0
network_log_20260927_205144_car,9/27 차량,car,cell,52532484,205205,2094.4,2103.1,8.7,0,2,1,0,201.0,201.1,1.0,24.88,-103.0,-103.0,-103.0,-103.0,1.0,3050,inter,0
network_log_20260927_205144_car,9/27 차량,car,cell,52547843,205265,2103.1,2114.5,11.3,0,3,1,0,304.8,304.8,1.0,25.64,-105.0,-105.0,-105.0,-105.0,1.0,3050,inter,0
network_log_20260927_205144_car,9/27 차량,car,cell,52114688,203573,2114.5,2126.7,12.2,0,3,1,0,264.9,264.9,1.0,22.44,-82.3,-95.0,-76.0,-95.0,1.0,3050,inter,0
network_log_20260927_205144_car,9/27 차량,car,cell,52533535,205209,2126.7,2134.5,7.8,0,2,1,0,165.4,165.4,1.0,21.23,-110.0,-110.0,-110.0,-110.0,1.0,3050,inter,0
network_log_20260927_205144_car,9/27 차량,car,cell,52114692,203573,2134.5,2159.6,25.1,0,5,1,0,359.7,367.0,1.0,15.45,-90.4,-103.0,-103.0,-98.0,1.0,3050,inter,0
network_log_20260927_205144_car,9/27 차량,car,cell,52540679,205237,2159.6,2164.6,5.0,0,1,1,0,50.0,50.0,1.0,10.96,-102.0,-102.0,-102.0,-102.0,1.0,3050,inter,0
network_log_20260927_205144_car,9/27 차량,car,cell,52115205,203575,2164.6,2174.6,10.0,0,2,1,0,149.9,150.0,1.0,14.55,-105.0,-105.0,-105.0,-105.0,1.0,3050,sector,0
network_log_20260927_205144_car,9/27 차량,car,cell,52115200,203575,2174.6,2184.7,10.0,0,2,1,0,136.2,136.3,1.0,14.45,-85.0,-85.0,-85.0,-85.0,1.0,3050,sector,1
network_log_20260927_205144_car,9/27 차량,car,cell,52115205,203575,2184.7,2194.7,10.0,0,2,1,0,64.9,85.0,1.0,9.97,-79.0,-79.0,-79.0,-79.0,1.0,3050,sector,1
network_log_20260927_205144_car,9/27 차량,car,cell,52115200,203575,2194.7,2199.5,4.8,0,1,1,0,69.2,69.2,1.0,10.15,-95.0,-95.0,-95.0,-95.0,1.0,3050,sector,1
network_log_20260927_205144_car,9/27 차량,car,cell,52115205,203575,2199.5,2203.1,3.5,0,2,1,0,24.2,24.2,1.0,12.04,-88.0,-88.0,-88.0,-88.0,1.0,3050,sector,1
network_log_20260927_205144_car,9/27 차량,car,cell,52115200,203575,2203.1,2212.9,9.8,0,3,1,0,124.8,127.5,1.0,12.28,-82.7,-86.0,-81.0,-86.0,1.0,3050,inter,0
network_log_20260927_205144_car,9/27 차량,car,cell,52114947,203574,2212.9,2219.8,6.9,0,2,1,0,116.4,117.2,1.0,14.04,-87.0,-87.0,-87.0,-87.0,1.0,3050,inter,0
network_log_20260927_205144_car,9/27 차량,car,cell,52540679,205237,2219.8,2244.8,25.1,0,5,1,0,447.4,447.5,1.0,18.12,-81.0,-95.0,-79.0,-95.0,0.8,3050,sector,0
network_log_20260927_205144_car,9/27 차량,car,cell,52540678,205237,2244.8,2274.9,30.1,0,6,1,0,469.6,469.6,1.0,16.2,-97.3,-107.0,-88.0,-107.0,0.0,3050,sector,0
network_log_20260927_205144_car,9/27 차량,car,cell,52540675,205237,2274.9,2305.0,30.1,0,6,1,0,467.0,467.2,1.0,15.33,-95.7,-103.0,-96.0,-103.0,0.0,3050,inter,0
network_log_20260927_205144_car,9/27 차량,car,cell,52540930,205238,2305.0,2315.0,10.0,0,2,1,0,115.1,115.1,1.0,12.08,-85.0,-85.0,-85.0,-85.0,0.5,3050,inter,0
network_log_20260927_205144_car,9/27 차량,car,cell,52550149,205274,2315.0,2359.6,44.6,0,9,1,0,165.3,166.1,1.0,4.43,-78.7,-85.0,-81.0,-82.0,1.0,3050,inter,0
network_log_20260927_205144_car,9/27 차량,car,cell,52544018,205250,2359.6,2361.2,1.6,0,2,1,0,,,0.0,,-81.0,-81.0,-81.0,-81.0,1.0,3050,inter,1
network_log_20260927_205144_car,9/27 차량,car,cell,52550149,205274,2361.2,2385.3,24.0,0,5,1,0,5.3,5.4,0.8,0.29,-84.6,-90.0,-81.0,-90.0,1.0,3050,inter,0
network_log_20260927_205144_car,9/27 차량,car,cell,52543235,205247,2385.3,2402.3,17.0,0,4,1,0,5.9,7.2,1.0,0.22,-90.0,-94.0,-86.0,-94.0,1.0,3050,inter,0
network_log_20260927_205144_car,9/27 차량,car,cell,52544005,205250,2402.3,2424.9,22.7,0,5,1,0,207.1,207.2,1.0,8.06,-79.0,-87.0,-87.0,-73.0,1.0,3050,sector,0
network_log_20260927_205144_car,9/27 차량,car,cell,52544019,205250,2424.9,2428.4,3.5,0,2,1,0,43.4,43.4,1.0,10.48,-71.0,-71.0,-71.0,-71.0,1.0,3050,inter,0
network_log_20260927_205144_car,9/27 차량,car,cell,52544257,205251,2428.4,2447.9,19.5,0,5,1,0,255.8,255.8,1.0,12.49,-77.4,-88.0,-72.0,-88.0,1.0,3050,inter,0
network_log_20260927_205144_car,9/27 차량,car,cell,52543754,205249,2447.9,2463.6,15.7,0,4,1,0,128.2,131.5,1.0,9.89,-87.5,-89.0,-89.0,-83.0,1.0,3050,sector,0
network_log_20260927_205144_car,9/27 차량,car,cell,52543747,205249,2463.6,2471.9,8.3,0,3,1,0,44.0,44.0,1.0,4.97,-89.0,-93.0,-87.0,-93.0,1.0,3050,sector,0
network_log_20260927_205144_car,9/27 차량,car,cell,52543744,205249,2471.9,2474.8,2.9,0,1,1,0,12.1,12.1,1.0,4.69,-91.0,-91.0,-91.0,-91.0,1.0,3050,inter,1
network_log_20260927_205144_car,9/27 차량,car,cell,52544257,205251,2474.8,2476.6,1.8,0,2,1,0,6.7,6.7,1.0,3.33,-88.0,-88.0,-88.0,-88.0,1.0,3050,inter,1
network_log_20260927_205144_car,9/27 차량,car,cell,52543744,205249,2476.6,2530.8,54.2,1,12,1,0,63.5,68.5,1.0,1.31,-83.4,-85.0,-83.0,-83.0,1.0,3050,,0
network_log_20260927_213901_home,9/27 정지,home,cell,52543750,205249,0.0,177.7,177.7,1,36,1,0,4.0,17.9,1.0,0.15,-90.8,-98.0,-96.0,-89.0,1.0,2600,inter,0
network_log_20260927_213901_home,9/27 정지,home,cell,52545035,205254,177.7,187.4,9.7,0,3,1,0,0.2,0.2,1.0,0.05,-93.7,-95.0,-93.0,-95.0,1.0,2600,inter,1
network_log_20260927_213901_home,9/27 정지,home,cell,52543750,205249,187.4,188.5,1.1,0,1,1,0,,,0.0,,-92.0,-92.0,-92.0,-92.0,1.0,2600,inter,1
network_log_20260927_213901_home,9/27 정지,home,cell,52545035,205254,188.5,244.6,56.0,0,12,1,0,0.2,0.7,0.83,0.02,-95.2,-96.0,-91.0,-95.0,1.0,2600,inter,0
network_log_20260927_213901_home,9/27 정지,home,cell,52543750,205249,244.6,696.8,452.2,0,91,1,0,1.1,45.6,1.0,0.43,-88.8,-93.0,-88.0,-90.0,1.0,2600,inter,0
network_log_20260927_213901_home,9/27 정지,home,cell,52545035,205254,696.8,771.1,74.3,0,15,1,0,1.1,6.8,1.0,0.39,-93.9,-95.0,-90.0,-93.0,1.0,2600,inter,0
network_log_20260927_213901_home,9/27 정지,home,cell,52543750,205249,771.1,879.3,108.2,0,23,1,0,0.4,6.8,1.0,0.41,-91.7,-94.0,-92.0,-91.0,1.0,2600,inter,0
network_log_20260927_213901_home,9/27 정지,home,cell,52545035,205254,879.3,946.1,66.9,0,14,1,0,1.5,5.4,1.0,0.4,-92.1,-95.0,-88.0,-93.0,1.0,2600,inter,0
network_log_20260927_213901_home,9/27 정지,home,cell,52543750,205249,946.1,1121.2,175.0,0,36,1,0,0.7,14.4,1.0,0.32,-88.9,-92.0,-88.0,-90.0,1.0,2600,inter,0
network_log_20260927_213901_home,9/27 정지,home,cell,52545035,205254,1121.2,1150.0,28.8,0,7,1,0,0.9,2.1,1.0,0.38,-92.0,-94.0,-92.0,-91.0,1.0,2600,inter,1
network_log_20260927_213901_home,9/27 정지,home,cell,52543750,205249,1150.0,1153.0,3.1,1,2,1,0,0.1,0.1,1.0,0.38,-90.0,-90.0,-90.0,-90.0,1.0,2600,,0
network_log_20260928_171804_subway,9/28 17:18 지하철,subway,cell,52550178,205274,0.0,3.3,3.3,1,2,1,0,,,0.0,0.96,-75.0,-75.0,-75.0,-75.0,1.0,100,sector,0
network_log_20260928_171804_subway,9/28 17:18 지하철,subway,cell,52550160,205274,3.3,11.8,8.5,0,4,1,0,15.5,37.5,1.0,2.19,-69.2,-72.0,-72.0,-61.0,1.0,100,inter,0
network_log_20260928_171804_subway,9/28 17:18 지하철,subway,cell,52549904,205273,11.8,16.4,4.6,0,2,1,0,167.2,167.2,1.0,5.94,-64.0,-66.0,-66.0,-62.0,1.0,100,inter,0
network_log_20260928_171804_subway,9/28 17:18 지하철,subway,cell,52544016,205250,16.4,23.2,6.8,0,2,1,0,168.9,168.9,1.0,14.59,-73.0,-73.0,-73.0,-73.0,1.0,100,sector,0
network_log_20260928_171804_subway,9/28 17:18 지하철,subway,cell,52544030,205250,23.2,29.8,6.6,0,2,1,0,127.9,127.9,1.0,20.36,-82.0,-82.0,-82.0,-82.0,1.0,100,sector,0
network_log_20260928_171804_subway,9/28 17:18 지하철,subway,cell,52544017,205250,29.8,34.1,4.4,0,2,1,0,89.4,89.4,1.0,21.71,-75.0,-75.0,-75.0,-75.0,1.0,100,inter,0
network_log_20260928_171804_subway,9/28 17:18 지하철,subway,cell,52543247,205247,34.1,36.3,2.1,0,2,1,0,44.5,44.5,1.0,21.99,-81.0,-81.0,-81.0,-81.0,1.0,100,inter,0
network_log_20260928_171804_subway,9/28 17:18 지하철,subway,cell,52551950,205281,36.3,43.6,7.3,0,2,1,0,157.7,157.8,1.0,21.15,-78.0,-78.0,-78.0,-78.0,1.0,100,inter,0
network_log_20260928_171804_subway,9/28 17:18 지하철,subway,cell,52543246,205247,43.6,46.5,2.9,0,2,1,0,35.1,35.1,1.0,18.07,-83.0,-83.0,-83.0,-83.0,1.0,100,sector,0
network_log_20260928_171804_subway,9/28 17:18 지하철,subway,cell,52543244,205247,46.5,58.8,12.3,0,3,1,0,234.1,234.2,1.0,17.48,-82.7,-83.0,-83.0,-82.0,1.0,100,inter,0
network_log_20260928_171804_subway,9/28 17:18 지하철,subway,cell,52542732,205245,58.8,61.9,3.1,0,2,1,0,27.1,27.1,1.0,13.96,-92.0,-92.0,-92.0,-92.0,1.0,100,sector,0
network_log_20260928_171804_subway,9/28 17:18 지하철,subway,cell,52542733,205245,61.9,63.9,2.0,0,1,1,0,26.0,26.0,1.0,13.57,-86.0,-86.0,-86.0,-86.0,1.0,100,sector,1
network_log_20260928_171804_subway,9/28 17:18 지하철,subway,cell,52542732,205245,63.9,68.8,4.9,0,2,1,0,64.6,64.6,1.0,12.02,-78.0,-78.0,-78.0,-78.0,1.0,100,sector,1
network_log_20260928_171804_subway,9/28 17:18 지하철,subway,cell,52542733,205245,68.8,128.8,60.0,0,13,1,0,52.9,59.2,1.0,1.62,-74.8,-81.0,-67.0,-81.0,1.0,100,sector,0
network_log_20260928_171804_subway,9/28 17:18 지하철,subway,cell,52542735,205245,128.8,139.7,10.9,0,3,1,0,94.4,94.9,1.0,4.58,-82.7,-85.0,-85.0,-78.0,1.0,100,sector,0
network_log_20260928_171804_subway,9/28 17:18 지하철,subway,cell,52542724,205245,139.7,144.9,5.2,0,2,1,0,135.0,135.0,1.0,11.25,-70.0,-70.0,-70.0,-70.0,1.0,100,inter,0
network_log_20260928_171804_subway,9/28 17:18 지하철,subway,cell,52552462,205283,144.9,150.4,5.5,0,2,1,0,77.9,78.0,1.0,15.71,-83.0,-83.0,-83.0,-83.0,1.0,100,inter,0
network_log_20260928_171804_subway,9/28 17:18 지하철,subway,cell,52541716,205241,150.4,155.6,5.2,0,2,1,0,109.0,109.0,1.0,16.9,-84.0,-84.0,-84.0,-84.0,1.0,100,inter,0
network_log_20260928_171804_subway,9/28 17:18 지하철,subway,cell,52556817,205300,155.6,163.5,7.9,0,3,1,0,153.6,153.6,1.0,18.74,-81.3,-82.0,-82.0,-80.0,1.0,100,inter,0
network_log_20260928_171804_subway,9/28 17:18 지하철,subway,cell,52551697,205280,163.5,165.7,2.3,0,1,1,0,32.2,32.2,1.0,17.49,-83.0,-83.0,-83.0,-83.0,1.0,100,inter,0
network_log_20260928_171804_subway,9/28 17:18 지하철,subway,cell,52541709,205241,165.7,167.9,2.2,0,1,1,0,32.7,32.7,1.0,16.23,-79.0,-79.0,-79.0,-79.0,1.0,100,inter,0
network_log_20260928_171804_subway,9/28 17:18 지하철,subway,cell,52556813,205300,167.9,180.7,12.8,0,3,1,0,131.8,131.9,1.0,12.66,-79.0,-80.0,-80.0,-77.0,1.0,100,inter,0
network_log_20260928_171804_subway,9/28 17:18 지하철,subway,cell,52552991,205285,180.7,234.2,53.6,0,13,1,0,64.0,69.8,1.0,1.26,-83.8,-86.0,-86.0,-81.0,1.0,100,inter,0
network_log_20260928_171804_subway,9/28 17:18 지하철,subway,cell,52541713,205241,234.2,244.1,9.8,0,3,1,0,126.6,126.7,1.0,4.68,-82.7,-85.0,-85.0,-78.0,1.0,100,inter,0
network_log_20260928_171804_subway,9/28 17:18 지하철,subway,cell,52556812,205300,244.1,261.1,17.1,0,4,1,0,165.0,168.0,1.0,6.99,-76.8,-85.0,-73.0,-85.0,1.0,100,inter,0
network_log_20260928_171804_subway,9/28 17:18 지하철,subway,cell,52541712,205241,261.1,274.7,13.6,0,3,1,0,119.3,120.3,1.0,8.1,-78.0,-80.0,-80.0,-80.0,1.0,100,inter,0
network_log_20260928_171804_subway,9/28 17:18 지하철,subway,cell,52556560,205299,274.7,279.0,4.3,0,2,1,0,32.6,32.6,1.0,7.29,-85.0,-85.0,-85.0,-85.0,1.0,100,inter,0
network_log_20260928_171804_subway,9/28 17:18 지하철,subway,cell,52541966,205242,279.0,300.1,21.1,0,5,1,0,167.0,167.2,1.0,8.07,-75.6,-79.0,-79.0,-74.0,1.0,100,sector,0
network_log_20260928_171804_subway,9/28 17:18 지하철,subway,cell,52541965,205242,300.1,311.4,11.3,0,3,1,0,103.0,103.1,1.0,7.94,-83.3,-85.0,-85.0,-80.0,1.0,100,inter,0
network_log_20260928_171804_subway,9/28 17:18 지하철,subway,cell,52541456,205240,311.4,314.6,3.2,0,1,1,0,17.7,17.7,1.0,8.3,-92.0,-92.0,-92.0,-92.0,1.0,100,inter,0
network_log_20260928_171804_subway,9/28 17:18 지하철,subway,cell,52556559,205299,314.6,319.6,5.1,0,2,1,0,52.0,52.0,1.0,8.4,-85.0,-85.0,-85.0,-85.0,1.0,100,inter,1
network_log_20260928_171804_subway,9/28 17:18 지하철,subway,cell,52541456,205240,319.6,323.1,3.4,0,2,1,0,34.7,34.7,1.0,8.5,-84.0,-84.0,-84.0,-84.0,1.0,100,inter,0
network_log_20260928_171804_subway,9/28 17:18 지하철,subway,cell,52553228,205286,323.1,325.7,2.6,0,1,1,0,16.4,16.4,1.0,8.19,-84.0,-84.0,-84.0,-84.0,1.0,100,inter,0
network_log_20260928_171804_subway,9/28 17:18 지하철,subway,cell,52556560,205299,325.7,326.4,0.8,0,1,1,0,0.0,0.0,1.0,8.2,-83.0,-83.0,-83.0,-83.0,1.0,100,inter,1
network_log_20260928_171804_subway,9/28 17:18 지하철,subway,cell,52553228,205286,326.4,334.0,7.5,0,2,1,0,65.7,65.7,1.0,8.24,-83.5,-84.0,-83.0,-84.0,1.0,100,inter,0
network_log_20260928_171804_subway,9/28 17:18 지하철,subway,cell,52541967,205242,334.0,335.8,1.9,0,1,1,0,15.4,15.4,1.0,8.17,-70.0,-70.0,-70.0,-70.0,1.0,100,inter,1
network_log_20260928_171804_subway,9/28 17:18 지하철,subway,cell,52553228,205286,335.8,341.5,5.6,0,2,1,0,48.5,48.5,1.0,7.59,-76.0,-76.0,-76.0,-76.0,1.0,100,inter,1
network_log_20260928_171804_subway,9/28 17:18 지하철,subway,cell,52541967,205242,341.5,345.5,4.1,0,1,1,0,34.7,34.7,1.0,7.91,-74.0,-74.0,-74.0,-74.0,1.0,100,inter,0
network_log_20260928_171804_subway,9/28 17:18 지하철,subway,cell,52546062,205258,345.5,410.0,64.5,0,14,1,0,367.0,411.5,1.0,7.73,-70.9,-80.0,-80.0,-76.0,1.0,100,sector,0
network_log_20260928_171804_subway,9/28 17:18 지하철,subway,cell,52546060,205258,410.0,414.9,4.9,0,2,1,0,51.0,51.0,1.0,,-83.0,-83.0,-83.0,-83.0,1.0,100,inter,0
network_log_20260928_171804_subway,9/28 17:18 지하철,subway,cell,51224589,200096,414.9,429.4,14.4,0,4,1,0,150.3,150.3,1.0,,-81.0,-87.0,-87.0,-87.0,1.0,100,sector,0
network_log_20260928_171804_subway,9/28 17:18 지하철,subway,cell,51224593,200096,429.4,438.3,8.9,0,3,1,0,92.8,92.8,1.0,,-79.7,-81.0,-81.0,-79.0,1.0,100,sector,0
network_log_20260928_171804_subway,9/28 17:18 지하철,subway,cell,51224591,200096,438.3,461.9,23.6,0,5,1,0,246.0,246.0,1.0,,-84.2,-89.0,-88.0,-89.0,1.0,100,sector,0
network_log_20260928_171804_subway,9/28 17:18 지하철,subway,cell,51224592,200096,461.9,525.3,63.4,0,14,1,0,220.6,223.3,1.0,,-79.6,-89.0,-88.0,-80.0,1.0,100,inter,0
network_log_20260928_171804_subway,9/28 17:18 지하철,subway,cell,51224845,200097,525.3,538.6,13.3,0,4,1,0,124.9,124.9,1.0,,-70.0,-76.0,-71.0,-62.0,1.0,100,sector,0
network_log_20260928_171804_subway,9/28 17:18 지하철,subway,cell,51224847,200097,538.6,551.3,12.6,0,3,1,0,118.5,118.5,1.0,,-85.0,-91.0,-91.0,-85.0,1.0,100,sector,0
network_log_20260928_171804_subway,9/28 17:18 지하철,subway,cell,51224848,200097,551.3,558.6,7.3,0,3,1,0,68.6,68.6,1.0,,-73.7,-76.0,-76.0,-69.0,1.0,100,sector,0
network_log_20260928_171804_subway,9/28 17:18 지하철,subway,cell,51224846,200097,558.6,572.1,13.6,0,3,1,0,127.6,127.6,1.0,,-81.3,-91.0,-91.0,-71.0,1.0,100,inter,0
network_log_20260928_171804_subway,9/28 17:18 지하철,subway,cell,51224332,200095,572.1,634.4,62.2,0,14,1,0,321.4,325.3,1.0,,-73.3,-93.0,-93.0,-69.0,1.0,100,sector,0
network_log_20260928_171804_subway,9/28 17:18 지하철,subway,cell,51224336,200095,634.4,646.9,12.6,0,3,1,0,136.3,136.3,1.0,,-83.0,-85.0,-82.0,-85.0,1.0,100,sector,0
network_log_20260928_171804_subway,9/28 17:18 지하철,subway,cell,51224334,200095,646.9,660.2,13.3,0,4,1,0,144.1,144.1,1.0,,-78.8,-90.0,-86.0,-90.0,1.0,100,sector,0
network_log_20260928_171804_subway,9/28 17:18 지하철,subway,cell,51224337,200095,660.2,672.8,12.6,0,3,1,0,136.5,136.5,1.0,,-81.0,-89.0,-89.0,-65.0,1.0,100,inter,0
network_log_20260928_171804_subway,9/28 17:18 지하철,subway,cell,51244302,200173,672.8,682.5,9.7,0,2,1,0,104.9,104.9,1.0,,-82.0,-88.0,-88.0,-76.0,1.0,100,sector,0
network_log_20260928_171804_subway,9/28 17:18 지하철,subway,cell,51244304,200173,682.5,749.1,66.6,0,15,1,0,352.5,353.7,1.0,,-75.4,-93.0,-93.0,-90.0,1.0,100,sector,0
network_log_20260928_171804_subway,9/28 17:18 지하철,subway,cell,51244303,200173,749.1,761.8,12.7,0,3,1,0,147.6,147.6,1.0,,-76.0,-85.0,-81.0,-62.0,1.0,100,sector,0
network_log_20260928_171804_subway,9/28 17:18 지하철,subway,cell,51244301,200173,761.8,771.8,10.0,0,3,1,0,116.0,116.0,1.0,,-91.3,-92.0,-92.0,-91.0,1.0,100,sector,0
network_log_20260928_171804_subway,9/28 17:18 지하철,subway,cell,51244300,200173,771.8,781.8,10.0,0,3,1,0,115.6,115.6,1.0,,-86.3,-92.0,-92.0,-75.0,1.0,100,inter,0
network_log_20260928_171804_subway,9/28 17:18 지하철,subway,cell,51243532,200170,781.8,798.0,16.2,0,4,1,0,188.0,188.0,1.0,,-86.2,-93.0,-93.0,-91.0,1.0,100,sector,0
network_log_20260928_171804_subway,9/28 17:18 지하철,subway,cell,51243535,200170,798.0,872.1,74.1,0,16,1,0,406.3,406.9,1.0,,-68.0,-78.0,-74.0,-78.0,1.0,100,sector,0
network_log_20260928_171804_subway,9/28 17:18 지하철,subway,cell,51243537,200170,872.1,887.8,15.7,0,4,1,0,193.0,193.0,1.0,,-80.0,-83.0,-80.0,-83.0,1.0,100,sector,0
network_log_20260928_171804_subway,9/28 17:18 지하철,subway,cell,51243534,200170,887.8,896.0,8.2,0,3,1,0,100.7,100.7,1.0,,-78.0,-78.0,-78.0,-78.0,1.0,100,sector,0
network_log_20260928_171804_subway,9/28 17:18 지하철,subway,cell,51243533,200170,896.0,906.5,10.6,0,3,1,0,129.8,129.8,1.0,,-80.7,-83.0,-83.0,-76.0,1.0,100,inter,0
network_log_20260928_171804_subway,9/28 17:18 지하철,subway,cell,51225357,200099,906.5,917.5,11.0,0,3,1,0,134.9,134.9,1.0,,-85.3,-88.0,-84.0,-88.0,1.0,100,sector,0
network_log_20260928_171804_subway,9/28 17:18 지하철,subway,cell,51225358,200099,917.5,977.3,59.8,0,13,1,0,401.9,403.4,1.0,,-71.8,-94.0,-94.0,-78.0,1.0,100,sector,0
network_log_20260928_171804_subway,9/28 17:18 지하철,subway,cell,51225360,200099,977.3,993.9,16.5,0,4,1,0,98.4,98.4,1.0,,-79.2,-88.0,-88.0,-68.0,1.0,100,sector,0
network_log_20260928_171804_subway,9/28 17:18 지하철,subway,cell,51225356,200099,993.9,1002.6,8.8,0,3,1,0,52.2,52.2,1.0,,-80.3,-94.0,-93.0,-54.0,1.0,100,inter,0
network_log_20260928_171804_subway,9/28 17:18 지하철,subway,cell,51225101,200098,1002.6,1011.4,8.8,0,3,1,0,52.2,52.2,1.0,,-78.3,-85.0,-85.0,-75.0,1.0,100,sector,0
network_log_20260928_171804_subway,9/28 17:18 지하철,subway,cell,51225103,200098,1011.4,1085.4,74.0,0,16,1,0,252.0,252.0,1.0,,-81.6,-86.0,-85.0,-85.0,1.0,100,sector,0
network_log_20260928_171804_subway,9/28 17:18 지하철,subway,cell,51225102,200098,1085.4,1087.9,2.5,0,2,1,0,19.1,19.1,1.0,,-80.0,-80.0,-80.0,-80.0,1.0,100,sector,0
network_log_20260928_171804_subway,9/28 17:18 지하철,subway,cell,51225104,200098,1087.9,1103.0,15.1,0,4,1,0,114.9,114.9,1.0,,-84.8,-89.0,-89.0,-76.0,1.0,100,sector,0
network_log_20260928_171804_subway,9/28 17:18 지하철,subway,cell,51225100,200098,1103.0,1116.0,13.1,0,3,1,0,99.3,99.3,1.0,,-82.3,-87.0,-87.0,-86.0,1.0,100,inter,0
network_log_20260928_171804_subway,9/28 17:18 지하철,subway,cell,51217933,200070,1116.0,1117.6,1.6,0,1,1,0,12.2,12.2,1.0,,-85.0,-85.0,-85.0,-85.0,1.0,100,sector,0
network_log_20260928_171804_subway,9/28 17:18 지하철,subway,cell,51217932,200070,1117.6,1128.8,11.2,0,3,1,0,85.2,85.2,1.0,,-81.0,-85.0,-85.0,-73.0,1.0,100,sector,0
network_log_20260928_171804_subway,9/28 17:18 지하철,subway,cell,51217937,200070,1128.8,1209.9,81.1,0,17,1,0,534.0,541.8,1.0,,-78.1,-85.0,-81.0,-80.0,1.0,100,inter,0
network_log_20260928_171804_subway,9/28 17:18 지하철,subway,cell,51218188,200071,1209.9,1232.1,22.2,0,5,1,0,215.8,215.8,1.0,,-81.4,-87.0,-87.0,-80.0,1.0,100,inter,0
network_log_20260928_171804_subway,9/28 17:18 지하철,subway,cell,51217676,200069,1232.1,1245.1,13.0,0,3,1,0,126.4,126.4,1.0,,-85.3,-94.0,-94.0,-85.0,1.0,100,sector,0
network_log_20260928_171804_subway,9/28 17:18 지하철,subway,cell,51217679,200069,1245.1,1261.6,16.5,0,4,1,0,160.4,160.4,1.0,,-91.5,-97.0,-97.0,-84.0,1.0,100,sector,0
network_log_20260928_171804_subway,9/28 17:18 지하철,subway,cell,51217680,200069,1261.6,1297.3,35.7,1,9,1,0,47.7,61.3,1.0,0.62,-79.8,-99.0,-99.0,-76.0,1.0,100,,0
network_log_20260928_174322_subway,9/28 17:43 지하철,subway,cell,51217423,200068,0.0,33.6,33.6,1,9,1,0,46.4,50.7,0.78,0.57,-90.6,-100.0,-81.0,-87.0,1.0,100,sector,0
network_log_20260928_174322_subway,9/28 17:43 지하철,subway,cell,51217421,200068,33.6,36.9,3.3,0,2,1,0,0.0,0.0,1.0,,-96.0,-96.0,-96.0,-96.0,1.0,100,sector,0
network_log_20260928_174322_subway,9/28 17:43 지하철,subway,cell,51217422,200068,36.9,49.5,12.6,0,3,1,0,134.7,137.6,1.0,,-95.3,-99.0,-99.0,-88.0,1.0,100,sector,1
network_log_20260928_174322_subway,9/28 17:43 지하철,subway,cell,51217421,200068,49.5,57.0,7.5,0,3,1,0,92.7,92.7,1.0,,-66.7,-67.0,-67.0,-66.0,1.0,100,sector,0
network_log_20260928_174322_subway,9/28 17:43 지하철,subway,cell,51217420,200068,57.0,66.3,9.4,0,3,1,0,116.2,116.2,1.0,,-62.3,-67.0,-67.0,-60.0,1.0,100,inter,0
network_log_20260928_174322_subway,9/28 17:43 지하철,subway,cell,51246096,200180,66.3,81.7,15.4,0,4,1,0,190.9,190.9,1.0,,-84.0,-91.0,-87.0,-71.0,1.0,100,sector,0
network_log_20260928_174322_subway,9/28 17:43 지하철,subway,cell,51246097,200180,81.7,103.5,21.8,0,5,1,0,270.6,270.6,1.0,,-84.0,-91.0,-91.0,-89.0,1.0,100,sector,0
network_log_20260928_174322_subway,9/28 17:43 지하철,subway,cell,51246093,200180,103.5,124.8,21.3,0,5,1,0,264.1,264.1,1.0,,-84.6,-90.0,-87.0,-83.0,1.0,100,inter,0
network_log_20260928_174322_subway,9/28 17:43 지하철,subway,cell,51246864,200183,124.8,207.6,82.8,0,19,1,0,277.7,279.4,1.0,,-92.6,-109.0,-98.0,-95.0,1.0,100,inter,0
network_log_20260928_174322_subway,9/28 17:43 지하철,subway,cell,51246095,200180,207.6,220.1,12.5,0,3,1,0,145.5,145.5,1.0,,-89.0,-96.0,-96.0,-75.0,1.0,100,inter,0
network_log_20260928_174322_subway,9/28 17:43 지하철,subway,cell,50824721,198534,220.1,234.4,14.3,0,4,1,0,165.5,165.5,1.0,,-87.0,-90.0,-88.0,-82.0,1.0,100,inter,0
network_log_20260928_174322_subway,9/28 17:43 지하철,subway,cell,52494348,205056,234.4,241.9,7.5,0,3,1,0,87.2,87.2,1.0,,-81.3,-82.0,-82.0,-80.0,1.0,100,inter,0
network_log_20260928_174322_subway,9/28 17:43 지하철,subway,cell,52493582,205053,241.9,244.6,2.8,0,1,1,0,32.1,32.1,1.0,,-80.0,-80.0,-80.0,-80.0,1.0,100,sector,0
network_log_20260928_174322_subway,9/28 17:43 지하철,subway,cell,52493585,205053,244.6,250.4,5.7,0,2,1,0,154.5,154.7,1.0,,-94.0,-94.0,-94.0,-94.0,1.0,100,sector,0
network_log_20260928_174322_subway,9/28 17:43 지하철,subway,cell,52493603,205053,250.4,260.4,10.0,0,3,1,0,171.1,171.3,1.0,17.42,-98.3,-99.0,-99.0,-97.0,1.0,100,inter,0
network_log_20260928_174322_subway,9/28 17:43 지하철,subway,cell,52499724,205077,260.4,262.2,1.8,0,2,1,0,35.2,35.2,1.0,17.09,-81.0,-81.0,-81.0,-81.0,1.0,100,inter,0
network_log_20260928_174322_subway,9/28 17:43 지하철,subway,cell,52497681,205069,262.2,264.5,2.3,0,1,1,0,36.8,36.8,1.0,17.23,-77.0,-77.0,-77.0,-77.0,1.0,100,sector,0
network_log_20260928_174322_subway,9/28 17:43 지하철,subway,cell,52497680,205069,264.5,267.4,2.9,0,2,1,0,33.7,33.7,1.0,17.34,-90.0,-91.0,-89.0,-91.0,1.0,100,inter,0
network_log_20260928_174322_subway,9/28 17:43 지하철,subway,cell,52493836,205054,267.4,272.4,5.0,0,2,1,0,103.0,103.0,1.0,17.68,-100.0,-100.0,-100.0,-100.0,1.0,100,inter,0
network_log_20260928_174322_subway,9/28 17:43 지하철,subway,cell,52497933,205070,272.4,274.4,2.1,0,1,1,0,34.5,34.5,1.0,17.54,-91.0,-91.0,-91.0,-91.0,1.0,100,inter,0
network_log_20260928_174322_subway,9/28 17:43 지하철,subway,cell,52493830,205054,274.4,275.7,1.3,0,1,1,0,0.0,0.0,1.0,,-77.0,-77.0,-77.0,-77.0,1.0,2600,band,0
network_log_20260928_174322_subway,9/28 17:43 지하철,subway,cell,52493824,205054,275.7,277.9,2.2,0,2,1,0,37.1,37.1,1.0,,-79.0,-79.0,-79.0,-79.0,1.0,3050,inter,0
network_log_20260928_174322_subway,9/28 17:43 지하철,subway,cell,52503045,205090,277.9,280.2,2.3,0,1,1,0,76.7,76.7,1.0,18.1,-90.0,-90.0,-90.0,-90.0,1.0,3050,inter,0
network_log_20260928_174322_subway,9/28 17:43 지하철,subway,cell,52497924,205070,280.2,280.8,0.6,0,1,1,0,0.0,0.0,1.0,17.92,-85.0,-85.0,-85.0,-85.0,1.0,3050,inter,1
network_log_20260928_174322_subway,9/28 17:43 지하철,subway,cell,52503045,205090,280.8,284.8,4.0,0,1,1,0,70.6,70.6,1.0,17.92,-84.0,-84.0,-84.0,-84.0,1.0,3050,sector,0
network_log_20260928_174322_subway,9/28 17:43 지하철,subway,cell,52503044,205090,284.8,287.1,2.3,0,2,1,0,35.4,35.4,1.0,17.64,-87.0,-87.0,-87.0,-87.0,1.0,3050,sector,0
network_log_20260928_174322_subway,9/28 17:43 지하철,subway,cell,52503040,205090,287.1,289.1,2.0,0,1,1,0,37.1,37.1,1.0,17.29,-84.0,-84.0,-84.0,-84.0,1.0,3050,sector,0
network_log_20260928_174322_subway,9/28 17:43 지하철,subway,cell,52503041,205090,289.1,295.5,6.4,0,2,1,0,99.8,99.8,1.0,17.65,-85.0,-85.0,-85.0,-85.0,1.0,3050,inter,0
network_log_20260928_174322_subway,9/28 17:43 지하철,subway,cell,52497665,205069,295.5,300.9,5.4,0,2,1,0,78.2,78.2,1.0,15.37,-76.0,-76.0,-76.0,-76.0,1.0,3050,inter,0
network_log_20260928_174322_subway,9/28 17:43 지하철,subway,cell,52503043,205090,300.9,303.7,2.8,0,1,1,0,21.8,21.8,1.0,11.31,-82.0,-82.0,-82.0,-82.0,1.0,3050,inter,0
network_log_20260928_174322_subway,9/28 17:43 지하철,subway,cell,52499723,205077,303.7,305.2,1.5,0,1,1,0,19.1,19.1,1.0,10.26,-90.0,-90.0,-90.0,-90.0,1.0,3050,inter,0
network_log_20260928_174322_subway,9/28 17:43 지하철,subway,cell,52503042,205090,305.2,307.0,1.8,0,2,1,0,20.7,20.7,1.0,9.56,-89.0,-89.0,-89.0,-89.0,1.0,3050,inter,1
network_log_20260928_174322_subway,9/28 17:43 지하철,subway,cell,52499723,205077,307.0,314.1,7.1,0,2,1,0,44.8,44.8,1.0,8.12,-89.0,-89.0,-89.0,-89.0,1.0,3050,inter,1
network_log_20260928_174322_subway,9/28 17:43 지하철,subway,cell,52503042,205090,314.1,315.7,1.5,0,1,1,0,12.7,12.7,1.0,5.73,-83.0,-83.0,-83.0,-83.0,1.0,3050,inter,1
network_log_20260928_174322_subway,9/28 17:43 지하철,subway,cell,52499723,205077,315.7,370.7,55.0,0,12,1,0,102.8,108.2,1.0,1.74,-76.2,-83.0,-83.0,-74.0,1.0,3050,inter,0
network_log_20260928_174322_subway,9/28 17:43 지하철,subway,cell,52481284,205005,370.7,379.1,8.4,0,3,1,0,115.7,115.8,1.0,11.76,-90.3,-91.0,-91.0,-89.0,1.0,3050,inter,0
network_log_20260928_174322_subway,9/28 17:43 지하철,subway,cell,52481024,205004,379.1,382.9,3.8,0,2,1,0,75.1,75.1,1.0,17.05,-100.0,-100.0,-100.0,-100.0,1.0,3050,inter,0
network_log_20260928_174322_subway,9/28 17:43 지하철,subway,cell,52481282,205005,382.9,386.2,3.3,0,1,1,0,75.7,75.7,1.0,18.1,-105.0,-105.0,-105.0,-105.0,1.0,3050,inter,0
network_log_20260928_174322_subway,9/28 17:43 지하철,subway,cell,52481028,205004,386.2,388.1,1.9,0,1,1,0,0.0,0.0,1.0,18.92,-92.0,-92.0,-92.0,-92.0,1.0,3050,band,0
network_log_20260928_174322_subway,9/28 17:43 지하철,subway,cell,52481035,205004,388.1,389.9,1.8,0,1,1,0,39.5,39.5,1.0,18.92,-82.0,-82.0,-82.0,-82.0,1.0,2600,inter,0
network_log_20260928_174322_subway,9/28 17:43 지하철,subway,cell,52481288,205005,389.9,391.1,1.2,0,1,1,0,40.5,40.5,1.0,19.64,-77.0,-77.0,-77.0,-77.0,1.0,2600,band,0
network_log_20260928_174322_subway,9/28 17:43 지하철,subway,cell,52481294,205005,391.1,395.5,4.5,0,2,1,0,86.2,86.2,1.0,19.62,-86.0,-86.0,-86.0,-86.0,1.0,100,inter,0
network_log_20260928_174322_subway,9/28 17:43 지하철,subway,cell,52478993,204996,395.5,398.6,3.0,0,2,1,0,84.8,84.9,1.0,20.81,-86.0,-86.0,-86.0,-86.0,1.0,100,inter,0
network_log_20260928_174322_subway,9/28 17:43 지하철,subway,cell,52503818,205093,398.6,410.8,12.3,0,3,1,0,212.5,212.9,1.0,20.87,-90.0,-91.0,-91.0,-88.0,1.0,100,inter,0
network_log_20260928_174322_subway,9/28 17:43 지하철,subway,cell,52479007,204996,410.8,412.9,2.0,0,2,1,0,0.0,0.0,1.0,,-87.0,-87.0,-87.0,-87.0,1.0,100,sector,0
network_log_20260928_174322_subway,9/28 17:43 지하철,subway,cell,52478990,204996,412.9,414.7,1.8,0,1,1,0,125.5,125.5,1.0,,-91.0,-91.0,-91.0,-91.0,1.0,100,sector,0
network_log_20260928_174322_subway,9/28 17:43 지하철,subway,cell,52478991,204996,414.7,424.4,9.7,0,3,1,0,208.2,208.3,1.0,20.6,-86.3,-88.0,-88.0,-83.0,1.0,100,sector,1
network_log_20260928_174322_subway,9/28 17:43 지하철,subway,cell,52479007,204996,424.4,425.8,1.4,0,1,1,0,0.0,0.0,1.0,18.35,-93.0,-93.0,-93.0,-93.0,1.0,100,inter,0
network_log_20260928_174322_subway,9/28 17:43 지하철,subway,cell,50950156,199024,425.8,431.4,5.5,0,2,1,0,67.3,67.4,1.0,17.64,-96.0,-96.0,-96.0,-96.0,1.0,100,inter,0
network_log_20260928_174322_subway,9/28 17:43 지하철,subway,cell,52491791,205046,431.4,433.4,2.0,0,1,1,0,0.0,0.0,1.0,,-84.0,-84.0,-84.0,-84.0,1.0,100,sector,0
network_log_20260928_174322_subway,9/28 17:43 지하철,subway,cell,52491783,205046,433.4,435.7,2.3,0,1,1,0,98.7,98.7,1.0,,-82.0,-82.0,-82.0,-82.0,1.0,100,inter,0
network_log_20260928_174322_subway,9/28 17:43 지하철,subway,cell,50951684,199030,435.7,439.7,4.1,0,2,1,0,47.0,47.0,1.0,,-85.0,-86.0,-86.0,-84.0,1.0,100,sector,0
network_log_20260928_174322_subway,9/28 17:43 지하철,subway,cell,50951697,199030,439.7,441.4,1.7,0,1,1,0,19.2,19.2,1.0,,-88.0,-88.0,-88.0,-88.0,1.0,100,sector,1
network_log_20260928_174322_subway,9/28 17:43 지하철,subway,cell,50951684,199030,441.4,443.3,1.9,0,1,1,0,21.5,21.5,1.0,,-89.0,-89.0,-89.0,-89.0,1.0,100,sector,1
network_log_20260928_174322_subway,9/28 17:43 지하철,subway,cell,50951697,199030,443.3,451.8,8.6,1,4,1,0,99.4,99.4,1.0,,-82.8,-85.0,-82.0,-85.0,1.0,100,,0
network_log_20260928_195736_subway,9/28 19:57 지하철,subway,cell,51217679,200069,0.0,25.1,25.1,1,7,1,0,0.2,0.2,0.29,0.04,-80.1,-84.0,-81.0,-84.0,1.0,100,sector,0
network_log_20260928_195736_subway,9/28 19:57 지하철,subway,cell,51217676,200069,25.1,45.2,20.1,0,4,1,0,0.0,0.0,0.5,,-70.0,-70.0,-70.0,-70.0,1.0,100,inter,0
network_log_20260928_195736_subway,9/28 19:57 지하철,subway,cell,51218188,200071,45.2,55.2,10.1,0,2,1,0,739.1,741.0,1.0,,-77.0,-77.0,-77.0,-77.0,1.0,100,inter,0
network_log_20260928_195736_subway,9/28 19:57 지하철,subway,cell,51217937,200070,55.2,102.1,46.9,0,10,1,0,304.0,304.0,1.0,,-70.6,-78.0,-78.0,-75.0,1.0,100,sector,0
network_log_20260928_195736_subway,9/28 19:57 지하철,subway,cell,51217932,200070,102.1,114.4,12.3,0,3,1,0,79.9,79.9,1.0,,-70.3,-74.0,-74.0,-63.0,1.0,100,sector,0
network_log_20260928_195736_subway,9/28 19:57 지하철,subway,cell,51217933,200070,114.4,122.3,7.9,0,3,1,0,51.0,51.0,1.0,,-81.3,-84.0,-84.0,-76.0,1.0,100,inter,0
network_log_20260928_195736_subway,9/28 19:57 지하철,subway,cell,51225100,200098,122.3,138.9,16.6,0,4,1,0,107.7,107.7,1.0,,-67.0,-82.0,-82.0,-52.0,1.0,100,sector,0
network_log_20260928_195736_subway,9/28 19:57 지하철,subway,cell,51225101,200098,138.9,140.5,1.6,0,1,1,0,10.1,10.1,1.0,,-96.0,-96.0,-96.0,-96.0,1.0,100,sector,0
network_log_20260928_195736_subway,9/28 19:57 지하철,subway,cell,51225104,200098,140.5,144.1,3.6,0,2,1,0,23.3,23.3,1.0,,-91.0,-91.0,-91.0,-91.0,1.0,100,sector,0
network_log_20260928_195736_subway,9/28 19:57 지하철,subway,cell,51225103,200098,144.1,198.9,54.8,0,12,1,0,329.9,329.9,1.0,,-75.3,-78.0,-77.0,-77.0,1.0,100,sector,0
network_log_20260928_195736_subway,9/28 19:57 지하철,subway,cell,51225101,200098,198.9,208.7,9.8,0,3,1,0,117.0,117.0,1.0,,-75.7,-78.0,-78.0,-71.0,1.0,100,inter,0
network_log_20260928_195736_subway,9/28 19:57 지하철,subway,cell,51225356,200099,208.7,217.5,8.9,0,3,1,0,106.0,106.0,1.0,,-73.7,-77.0,-72.0,-77.0,1.0,100,sector,0
network_log_20260928_195736_subway,9/28 19:57 지하철,subway,cell,51225360,200099,217.5,232.3,14.7,0,4,1,0,160.1,160.1,1.0,,-82.2,-86.0,-84.0,-86.0,1.0,100,sector,0
network_log_20260928_195736_subway,9/28 19:57 지하철,subway,cell,51225358,200099,232.3,295.1,62.8,0,13,1,0,173.8,173.8,1.0,,-72.6,-88.0,-88.0,-81.0,1.0,100,sector,0
network_log_20260928_195736_subway,9/28 19:57 지하철,subway,cell,51225357,200099,295.1,305.8,10.7,0,3,1,0,132.4,132.4,1.0,,-69.0,-76.0,-76.0,-55.0,1.0,100,inter,0
network_log_20260928_195736_subway,9/28 19:57 지하철,subway,cell,51243533,200170,305.8,314.9,9.1,0,3,1,0,112.7,112.7,1.0,,-81.0,-81.0,-81.0,-81.0,1.0,100,sector,0
network_log_20260928_195736_subway,9/28 19:57 지하철,subway,cell,51243534,200170,314.9,325.6,10.7,0,3,1,0,133.1,133.1,1.0,,-80.0,-80.0,-80.0,-80.0,1.0,100,sector,0
network_log_20260928_195736_subway,9/28 19:57 지하철,subway,cell,51243537,200170,325.6,338.2,12.6,0,4,1,0,156.9,156.9,1.0,,-83.0,-87.0,-87.0,-87.0,1.0,100,sector,0
network_log_20260928_195736_subway,9/28 19:57 지하철,subway,cell,51243535,200170,338.2,399.5,61.3,0,14,1,0,488.2,489.0,1.0,,-74.1,-89.0,-89.0,-74.0,1.0,100,sector,0
network_log_20260928_195736_subway,9/28 19:57 지하철,subway,cell,51243532,200170,399.5,421.6,22.1,0,5,1,0,341.4,341.4,1.0,,-75.8,-85.0,-78.0,-69.0,1.0,100,inter,0
network_log_20260928_195736_subway,9/28 19:57 지하철,subway,cell,51244300,200173,421.6,431.7,10.0,0,2,1,0,155.2,155.2,1.0,,-73.0,-73.0,-73.0,-73.0,1.0,100,sector,0
network_log_20260928_195736_subway,9/28 19:57 지하철,subway,cell,51244301,200173,431.7,441.7,10.0,0,2,1,0,155.2,155.2,1.0,,-82.0,-82.0,-82.0,-82.0,1.0,100,sector,0
network_log_20260928_195736_subway,9/28 19:57 지하철,subway,cell,51244303,200173,441.7,446.7,5.0,0,1,1,0,77.5,77.5,1.0,,-84.0,-84.0,-84.0,-84.0,1.0,100,sector,0
network_log_20260928_195736_subway,9/28 19:57 지하철,subway,cell,51244304,200173,446.7,504.4,57.7,0,13,1,0,281.8,281.8,1.0,,-74.5,-83.0,-83.0,-65.0,1.0,100,sector,0
network_log_20260928_195736_subway,9/28 19:57 지하철,subway,cell,51244302,200173,504.4,516.9,12.5,0,3,1,0,107.9,107.9,1.0,,-79.0,-82.0,-81.0,-74.0,1.0,100,inter,0
network_log_20260928_195736_subway,9/28 19:57 지하철,subway,cell,51224337,200095,516.9,526.1,9.2,0,3,1,0,79.4,79.4,1.0,,-75.7,-80.0,-80.0,-67.0,1.0,100,sector,0
network_log_20260928_195736_subway,9/28 19:57 지하철,subway,cell,51224334,200095,526.1,536.3,10.2,0,3,1,0,88.3,88.3,1.0,,-90.0,-90.0,-90.0,-90.0,1.0,100,sector,0
network_log_20260928_195736_subway,9/28 19:57 지하철,subway,cell,51224336,200095,536.3,549.7,13.3,0,4,1,0,115.1,115.1,1.0,,-81.2,-83.0,-83.0,-78.0,1.0,100,sector,0
network_log_20260928_195736_subway,9/28 19:57 지하철,subway,cell,51224332,200095,549.7,611.1,61.5,0,13,1,0,362.6,367.0,1.0,,-76.9,-87.0,-87.0,-71.0,1.0,100,inter,0
network_log_20260928_195736_subway,9/28 19:57 지하철,subway,cell,51224846,200097,611.1,627.7,16.6,0,4,1,0,208.2,208.2,1.0,,-93.2,-100.0,-94.0,-79.0,1.0,100,sector,0
network_log_20260928_195736_subway,9/28 19:57 지하철,subway,cell,51224848,200097,627.7,635.0,7.2,0,2,1,0,90.4,90.4,1.0,,-83.5,-93.0,-93.0,-74.0,1.0,100,sector,0
network_log_20260928_195736_subway,9/28 19:57 지하철,subway,cell,51224847,200097,635.0,646.5,11.5,0,3,1,0,144.2,144.2,1.0,,-83.0,-91.0,-91.0,-67.0,1.0,100,sector,0
network_log_20260928_195736_subway,9/28 19:57 지하철,subway,cell,51224845,200097,646.5,662.0,15.5,0,4,1,0,142.2,142.2,1.0,,-82.8,-84.0,-84.0,-83.0,1.0,100,inter,0
network_log_20260928_195736_subway,9/28 19:57 지하철,subway,cell,51224592,200096,662.0,721.5,59.5,0,13,1,0,363.4,363.4,1.0,,-86.5,-92.0,-81.0,-91.0,1.0,100,sector,0
network_log_20260928_195736_subway,9/28 19:57 지하철,subway,cell,51224591,200096,721.5,740.3,18.8,0,5,1,0,177.4,177.4,1.0,,-76.6,-87.0,-77.0,-61.0,1.0,100,sector,0
network_log_20260928_195736_subway,9/28 19:57 지하철,subway,cell,51224593,200096,740.3,746.7,6.4,0,2,1,0,60.5,60.5,1.0,,-76.0,-76.0,-76.0,-76.0,1.0,100,sector,0
network_log_20260928_195736_subway,9/28 19:57 지하철,subway,cell,51224589,200096,746.7,766.5,19.8,0,5,1,0,186.7,186.7,1.0,,-82.6,-86.0,-86.0,-86.0,1.0,100,inter,0
network_log_20260928_195736_subway,9/28 19:57 지하철,subway,cell,52546060,205258,766.5,775.2,8.7,0,3,1,0,81.7,81.7,1.0,,-84.3,-87.0,-87.0,-83.0,1.0,100,sector,0
network_log_20260928_195736_subway,9/28 19:57 지하철,subway,cell,52546063,205258,775.2,777.2,2.0,0,1,1,0,18.4,18.4,1.0,,-92.0,-92.0,-92.0,-92.0,1.0,100,sector,1
network_log_20260928_195736_subway,9/28 19:57 지하철,subway,cell,52546060,205258,777.2,781.0,3.9,0,2,1,0,0.0,0.0,1.0,,-97.0,-97.0,-97.0,-97.0,1.0,100,sector,0
network_log_20260928_195736_subway,9/28 19:57 지하철,subway,cell,52546062,205258,781.0,831.8,50.8,0,11,1,0,35.2,35.2,1.0,,-82.8,-96.0,-96.0,-64.0,1.0,100,inter,0
network_log_20260928_195736_subway,9/28 19:57 지하철,subway,cell,52541967,205242,831.8,843.3,11.5,0,3,1,0,186.3,186.9,1.0,10.65,-81.7,-83.0,-83.0,-81.0,1.0,100,inter,0
network_log_20260928_195736_subway,9/28 19:57 지하철,subway,cell,52556560,205299,843.3,846.5,3.2,0,2,1,0,65.5,65.5,1.0,14.73,-88.0,-88.0,-88.0,-88.0,1.0,100,sector,0
network_log_20260928_195736_subway,9/28 19:57 지하철,subway,cell,52556559,205299,846.5,851.0,4.5,0,2,1,0,69.4,69.4,1.0,16.37,-86.0,-86.0,-86.0,-86.0,1.0,100,inter,0
network_log_20260928_195736_subway,9/28 19:57 지하철,subway,cell,52541456,205240,851.0,852.1,1.1,0,1,1,0,18.3,18.3,1.0,17.81,-99.0,-99.0,-99.0,-99.0,1.0,100,inter,1
network_log_20260928_195736_subway,9/28 19:57 지하철,subway,cell,52556560,205299,852.1,856.0,4.0,0,2,1,0,55.5,55.5,1.0,17.86,-98.0,-98.0,-98.0,-98.0,1.0,100,inter,0
network_log_20260928_195736_subway,9/28 19:57 지하철,subway,cell,52541966,205242,856.0,865.8,9.8,0,3,1,0,184.6,184.7,1.0,18.46,-93.3,-97.0,-97.0,-86.0,1.0,100,inter,1
network_log_20260928_195736_subway,9/28 19:57 지하철,subway,cell,52556560,205299,865.8,868.1,2.2,0,1,1,0,29.4,29.4,1.0,18.11,-94.0,-94.0,-94.0,-94.0,1.0,100,inter,0
network_log_20260928_195736_subway,9/28 19:57 지하철,subway,cell,52541712,205241,868.1,877.4,9.3,0,3,1,0,171.1,172.5,1.0,16.09,-90.3,-91.0,-90.0,-91.0,1.0,100,sector,0
network_log_20260928_195736_subway,9/28 19:57 지하철,subway,cell,52541713,205241,877.4,883.6,6.2,0,2,1,0,98.4,99.0,1.0,16.47,-89.0,-89.0,-89.0,-89.0,1.0,100,inter,0
network_log_20260928_195736_subway,9/28 19:57 지하철,subway,cell,52556812,205300,883.6,888.6,5.0,0,1,1,0,96.9,96.9,1.0,16.1,-88.0,-88.0,-88.0,-88.0,1.0,100,inter,1
network_log_20260928_195736_subway,9/28 19:57 지하철,subway,cell,52541713,205241,888.6,892.7,4.1,0,1,1,0,42.0,42.0,1.0,16.03,-69.0,-69.0,-69.0,-69.0,1.0,100,inter,0
network_log_20260928_195736_subway,9/28 19:57 지하철,subway,cell,52552991,205285,892.7,955.1,62.4,0,14,1,0,65.7,122.0,1.0,3.06,-82.3,-91.0,-78.0,-78.0,1.0,100,inter,0
network_log_20260928_195736_subway,9/28 19:57 지하철,subway,cell,52556813,205300,955.1,968.4,13.3,0,3,1,0,174.3,174.7,1.0,7.4,-91.3,-92.0,-92.0,-91.0,1.0,100,inter,0
network_log_20260928_195736_subway,9/28 19:57 지하철,subway,cell,52541709,205241,968.4,978.9,10.6,0,3,1,0,171.5,171.5,1.0,15.02,-83.0,-83.0,-83.0,-83.0,1.0,100,inter,0
network_log_20260928_195736_subway,9/28 19:57 지하철,subway,cell,52556817,205300,978.9,981.2,2.3,0,1,1,0,37.0,37.0,1.0,18.08,-84.0,-84.0,-84.0,-84.0,1.0,100,inter,0
network_log_20260928_195736_subway,9/28 19:57 지하철,subway,cell,52541716,205241,981.2,987.6,6.4,0,2,1,0,110.3,110.3,1.0,18.76,-92.0,-92.0,-92.0,-92.0,1.0,100,inter,0
network_log_20260928_195736_subway,9/28 19:57 지하철,subway,cell,52552462,205283,987.6,990.9,3.3,0,2,1,0,70.3,70.3,1.0,17.59,-83.0,-83.0,-83.0,-83.0,1.0,100,inter,0
network_log_20260928_195736_subway,9/28 19:57 지하철,subway,cell,52542724,205245,990.9,996.8,5.9,0,2,1,0,90.9,90.9,1.0,16.38,-84.0,-84.0,-84.0,-84.0,1.0,100,sector,0
network_log_20260928_195736_subway,9/28 19:57 지하철,subway,cell,52542735,205245,996.8,1014.0,17.3,0,4,1,0,160.9,161.1,1.0,12.06,-76.5,-91.0,-71.0,-91.0,1.0,100,sector,0
network_log_20260928_195736_subway,9/28 19:57 지하철,subway,cell,52542725,205245,1014.0,1015.6,1.5,0,1,1,0,8.1,8.1,1.0,7.05,-93.0,-93.0,-93.0,-93.0,1.0,100,sector,0
network_log_20260928_195736_subway,9/28 19:57 지하철,subway,cell,52542733,205245,1015.6,1079.2,63.7,0,13,1,0,234.5,279.0,1.0,3.51,-80.9,-84.0,-82.0,-84.0,1.0,100,inter,0
network_log_20260928_195736_subway,9/28 19:57 지하철,subway,cell,52543244,205247,1079.2,1086.9,7.7,0,2,1,0,130.7,130.7,1.0,17.95,-81.5,-93.0,-93.0,-70.0,1.0,100,sector,0
network_log_20260928_195736_subway,9/28 19:57 지하철,subway,cell,52543246,205247,1086.9,1094.3,7.4,0,2,1,0,171.3,171.3,1.0,20.16,-83.0,-83.0,-83.0,-83.0,1.0,100,inter,0
network_log_20260928_195736_subway,9/28 19:57 지하철,subway,cell,52551950,205281,1094.3,1096.2,1.9,0,1,1,0,44.5,44.5,1.0,21.86,-72.0,-72.0,-72.0,-72.0,1.0,100,inter,0
network_log_20260928_195736_subway,9/28 19:57 지하철,subway,cell,52543247,205247,1096.2,1102.4,6.1,0,2,1,0,133.8,133.8,1.0,22.09,-75.0,-75.0,-75.0,-75.0,1.0,100,inter,0
network_log_20260928_195736_subway,9/28 19:57 지하철,subway,cell,52544030,205250,1102.4,1108.7,6.3,0,2,1,0,136.1,136.1,1.0,22.24,-75.0,-75.0,-75.0,-75.0,1.0,100,sector,0
network_log_20260928_195736_subway,9/28 19:57 지하철,subway,cell,52544016,205250,1108.7,1118.5,9.8,0,3,1,0,203.6,203.6,1.0,21.6,-85.0,-86.0,-86.0,-83.0,1.0,100,inter,0
network_log_20260928_195736_subway,9/28 19:57 지하철,subway,cell,52550160,205274,1118.5,1126.9,8.4,0,3,1,0,126.9,126.9,1.0,17.41,-61.7,-63.0,-63.0,-59.0,1.0,100,sector,0
network_log_20260928_195736_subway,9/28 19:57 지하철,subway,cell,52550178,205274,1126.9,1139.5,12.6,1,5,1,0,78.7,251.7,1.0,10.66,-70.2,-74.0,-68.0,-74.0,1.0,100,,0
network_log_20260929_135542_car,9/29 13:55 차량,car,cell,52543760,205249,0.0,1.7,1.7,1,2,1,0,3.6,3.6,1.0,0.0,-68.0,-68.0,-68.0,-68.0,0.99,100,inter,0
network_log_20260929_135542_car,9/29 13:55 차량,car,cell,52544265,205251,1.7,25.2,23.5,0,5,1,0,3.5,7.5,1.0,0.14,-70.2,-73.0,-73.0,-66.0,1.0,100,inter,1
network_log_20260929_135542_car,9/29 13:55 차량,car,cell,52543760,205249,25.2,155.9,130.7,0,26,1,0,465.6,470.2,1.0,2.71,-69.3,-78.0,-72.0,-78.0,1.0,100,sector,0
network_log_20260929_135542_car,9/29 13:55 차량,car,cell,52543755,205249,155.9,165.9,10.1,0,2,1,0,85.1,85.1,1.0,9.36,-78.0,-78.0,-78.0,-78.0,1.0,100,inter,0
network_log_20260929_135542_car,9/29 13:55 차량,car,cell,52550415,205275,165.9,206.1,40.2,0,8,1,0,269.2,269.7,1.0,6.25,-86.0,-88.0,-84.0,-88.0,1.0,100,inter,0
network_log_20260929_135542_car,9/29 13:55 차량,car,cell,52544527,205252,206.1,226.2,20.1,0,4,1,0,85.6,86.8,1.0,5.7,-74.5,-79.0,-70.0,-79.0,1.0,100,inter,0
network_log_20260929_135542_car,9/29 13:55 차량,car,cell,52544783,205253,226.2,246.4,20.1,0,4,1,0,180.4,180.4,1.0,6.79,-79.5,-83.0,-83.0,-76.0,1.0,100,sector,0
network_log_20260929_135542_car,9/29 13:55 차량,car,cell,52544780,205253,246.4,257.5,11.1,0,3,1,0,180.8,180.8,1.0,14.62,-75.3,-84.0,-71.0,-84.0,1.0,100,sector,0
network_log_20260929_135542_car,9/29 13:55 차량,car,cell,52544784,205253,257.5,269.2,11.7,0,3,1,0,164.4,164.5,1.0,14.96,-78.0,-79.0,-79.0,-76.0,1.0,100,inter,0
network_log_20260929_135542_car,9/29 13:55 차량,car,cell,51024931,199316,269.2,275.5,6.3,0,2,1,0,53.4,53.4,1.0,13.29,-93.0,-98.0,-88.0,-98.0,1.0,100,sector,0
network_log_20260929_135542_car,9/29 13:55 차량,car,cell,51024910,199316,275.5,321.7,46.2,0,10,1,0,440.8,441.7,1.0,8.64,-82.7,-89.0,-86.0,-89.0,1.0,100,sector,0
network_log_20260929_135542_car,9/29 13:55 차량,car,cell,51024911,199316,321.7,341.8,20.1,0,4,1,0,307.0,307.0,1.0,15.5,-85.5,-86.0,-86.0,-85.0,1.0,100,inter,0
network_log_20260929_135542_car,9/29 13:55 차량,car,cell,51023374,199310,341.8,351.9,10.1,0,2,1,0,83.6,83.6,1.0,10.75,-90.0,-90.0,-90.0,-90.0,1.0,100,sector,0
network_log_20260929_135542_car,9/29 13:55 차량,car,cell,51023377,199310,351.9,382.0,30.2,0,6,1,0,193.8,195.5,1.0,4.94,-84.3,-88.0,-80.0,-88.0,1.0,100,sector,0
network_log_20260929_135542_car,9/29 13:55 차량,car,cell,51023372,199310,382.0,402.1,20.1,0,4,1,0,225.6,225.7,1.0,13.72,-94.5,-95.0,-94.0,-95.0,1.0,100,sector,0
network_log_20260929_135542_car,9/29 13:55 차량,car,cell,51023375,199310,402.1,433.4,31.3,0,7,1,0,58.0,58.7,1.0,1.3,-86.1,-95.0,-85.0,-95.0,1.0,100,inter,0
network_log_20260929_135542_car,9/29 13:55 차량,car,cell,50869775,198710,433.4,546.8,113.4,0,23,1,0,371.1,375.7,1.0,3.44,-78.7,-91.0,-89.0,-91.0,1.0,100,sector,0
network_log_20260929_135542_car,9/29 13:55 차량,car,cell,50869772,198710,546.8,578.0,31.2,0,7,1,0,85.8,89.0,1.0,2.16,-94.1,-98.0,-91.0,-98.0,1.0,100,inter,0
network_log_20260929_135542_car,9/29 13:55 차량,car,cell,50867472,198701,578.0,633.3,55.3,0,11,1,0,419.4,424.0,1.0,7.36,-82.5,-99.0,-99.0,-78.0,1.0,100,sector,0
network_log_20260929_135542_car,9/29 13:55 차량,car,cell,50867471,198701,633.3,643.3,10.0,0,2,1,0,166.4,166.5,1.0,16.34,-84.0,-84.0,-84.0,-84.0,1.0,100,inter,0
network_log_20260929_135542_car,9/29 13:55 차량,car,cell,51211020,200043,643.3,658.4,15.1,0,3,1,0,133.0,133.0,1.0,12.04,-96.0,-97.0,-97.0,-94.0,1.0,100,inter,0
network_log_20260929_135542_car,9/29 13:55 차량,car,cell,50834959,198574,658.4,673.4,15.1,0,3,1,0,30.8,30.8,1.0,2.58,-95.0,-98.0,-89.0,-98.0,1.0,100,inter,1
network_log_20260929_135542_car,9/29 13:55 차량,car,cell,51211020,200043,673.4,690.9,17.5,0,4,1,0,0.1,0.1,1.0,0.0,-95.0,-96.0,-94.0,-96.0,0.0,100,inter,1
network_log_20260929_135542_car,9/29 13:55 차량,car,cell,50834959,198574,690.9,703.6,12.6,0,3,1,0,0.1,0.1,1.0,0.0,-94.0,-94.0,-94.0,-94.0,0.0,100,inter,1
network_log_20260929_135542_car,9/29 13:55 차량,car,cell,51211020,200043,703.6,762.9,59.4,0,12,1,0,40.9,41.1,1.0,0.5,-95.0,-98.0,-98.0,-94.0,0.0,100,inter,0
network_log_20260929_135542_car,9/29 13:55 차량,car,cell,50834959,198574,762.9,771.2,8.3,0,3,1,0,75.8,75.8,1.0,8.24,-84.0,-84.0,-84.0,-84.0,0.0,100,inter,0
network_log_20260929_135542_car,9/29 13:55 차량,car,cell,51203343,200013,771.2,794.0,22.8,0,5,1,0,110.9,111.0,1.0,6.15,-90.6,-93.0,-89.0,-93.0,0.0,100,inter,0
network_log_20260929_135542_car,9/29 13:55 차량,car,cell,50970129,199102,794.0,814.1,20.1,0,4,1,0,81.5,81.5,1.0,2.74,-88.0,-91.0,-91.0,-85.0,0.0,100,sector,0
network_log_20260929_135542_car,9/29 13:55 차량,car,cell,50970127,199102,814.1,824.2,10.0,0,2,1,0,99.2,99.2,1.0,10.12,-87.0,-87.0,-87.0,-87.0,0.0,100,sector,1
network_log_20260929_135542_car,9/29 13:55 차량,car,cell,50970129,199102,824.2,834.2,10.0,0,2,1,0,80.7,80.8,1.0,9.72,-70.0,-70.0,-70.0,-70.0,0.0,100,inter,0
network_log_20260929_135542_car,9/29 13:55 차량,car,cell,50851601,198639,834.2,927.0,92.8,0,19,1,0,111.8,112.6,1.0,1.18,-81.1,-85.0,-85.0,-77.0,0.3,100,inter,0
network_log_20260929_135542_car,9/29 13:55 차량,car,cell,50970128,199102,927.0,943.1,16.2,0,4,1,0,91.1,91.1,1.0,5.63,-78.5,-79.0,-79.0,-78.0,1.0,100,inter,0
network_log_20260929_135542_car,9/29 13:55 차량,car,cell,50970387,199103,943.1,983.4,40.3,0,9,1,0,167.1,168.1,1.0,4.06,-76.9,-80.0,-80.0,-77.0,1.0,100,sector,0
network_log_20260929_135542_car,9/29 13:55 차량,car,cell,50970380,199103,983.4,996.5,13.1,0,4,1,0,104.0,104.1,1.0,8.29,-71.2,-81.0,-68.0,-81.0,1.0,100,sector,0
network_log_20260929_135542_car,9/29 13:55 차량,car,cell,50970382,199103,996.5,1026.5,29.9,0,7,1,0,85.2,86.8,1.0,3.25,-82.1,-86.0,-80.0,-86.0,1.0,100,inter,0
network_log_20260929_135542_car,9/29 13:55 차량,car,cell,50851871,198640,1026.5,1105.4,79.0,0,16,1,0,134.8,135.6,1.0,1.31,-80.7,-85.0,-77.0,-85.0,1.0,100,inter,0
network_log_20260929_135542_car,9/29 13:55 차량,car,cell,50969107,199098,1105.4,1125.5,20.1,0,4,1,0,51.4,51.4,1.0,3.54,-89.0,-98.0,-80.0,-98.0,1.0,100,inter,0
network_log_20260929_135542_car,9/29 13:55 차량,car,cell,50969891,199101,1125.5,1155.7,30.2,0,6,1,0,387.4,387.5,1.0,11.23,-84.3,-94.0,-94.0,-74.0,0.67,100,inter,0
network_log_20260929_135542_car,9/29 13:55 차량,car,cell,50788368,198392,1155.7,1165.7,10.0,0,2,1,0,126.5,126.6,1.0,14.61,-96.0,-96.0,-96.0,-96.0,0.0,100,sector,0
network_log_20260929_135542_car,9/29 13:55 차량,car,cell,50788366,198392,1165.7,1175.8,10.0,0,2,1,0,125.2,125.2,1.0,12.53,-75.0,-75.0,-75.0,-75.0,0.0,100,inter,0
network_log_20260929_135542_car,9/29 13:55 차량,car,cell,52531747,205202,1175.8,1185.8,10.1,0,2,1,0,108.7,108.7,1.0,11.71,-78.0,-78.0,-78.0,-78.0,0.0,100,inter,0
network_log_20260929_135542_car,9/29 13:55 차량,car,cell,50967316,199091,1185.8,1312.2,126.3,0,25,1,0,209.3,211.4,1.0,1.52,-77.4,-84.0,-80.0,-73.0,0.8,100,inter,0
network_log_20260929_135542_car,9/29 13:55 차량,car,cell,50966805,199089,1312.2,1314.7,2.5,0,1,1,0,9.7,9.7,1.0,7.21,-77.0,-77.0,-77.0,-77.0,1.0,100,inter,0
network_log_20260929_135542_car,9/29 13:55 차량,car,cell,50851342,198638,1314.7,1334.4,19.7,0,5,1,0,179.1,181.6,1.0,7.62,-72.8,-80.0,-78.0,-64.0,1.0,100,sector,0
network_log_20260929_135542_car,9/29 13:55 차량,car,cell,50851341,198638,1334.4,1378.5,44.2,0,10,1,0,257.5,258.9,1.0,6.22,-84.2,-87.0,-82.0,-84.0,1.0,100,inter,0
network_log_20260929_135542_car,9/29 13:55 차량,car,cell,50873868,198726,1378.5,1402.6,24.0,0,5,1,0,168.3,168.5,1.0,7.82,-80.6,-83.0,-83.0,-77.0,1.0,100,sector,0
network_log_20260929_135542_car,9/29 13:55 차량,car,cell,50873872,198726,1402.6,1495.3,92.7,0,19,1,0,249.9,250.3,1.0,2.69,-75.8,-90.0,-90.0,-72.0,0.84,100,sector,0
network_log_20260929_135542_car,9/29 13:55 차량,car,cell,50873888,198726,1495.3,1497.0,1.8,0,1,1,0,19.1,19.1,1.0,7.76,-72.0,-72.0,-72.0,-72.0,1.0,100,sector,1
network_log_20260929_135542_car,9/29 13:55 차량,car,cell,50873872,198726,1497.0,1499.7,2.7,0,2,1,0,32.3,32.4,1.0,10.05,-81.0,-81.0,-81.0,-81.0,1.0,100,sector,1
network_log_20260929_135542_car,9/29 13:55 차량,car,cell,50873888,198726,1499.7,1508.2,8.4,0,2,1,0,59.3,59.3,1.0,9.65,-80.0,-80.0,-80.0,-80.0,1.0,100,inter,0
network_log_20260929_135542_car,9/29 13:55 차량,car,cell,50800160,198438,1508.2,1508.7,0.6,0,1,1,0,0.8,0.8,1.0,2.79,-88.0,-88.0,-88.0,-88.0,1.0,100,inter,0
network_log_20260929_135542_car,9/29 13:55 차량,car,cell,50873612,198725,1508.7,1546.9,38.1,0,8,1,0,311.3,313.7,1.0,7.49,-79.5,-89.0,-89.0,-66.0,1.0,100,sector,0
network_log_20260929_135542_car,9/29 13:55 차량,car,cell,50873617,198725,1546.9,1548.7,1.9,0,1,1,0,28.3,28.3,1.0,14.35,-66.0,-66.0,-66.0,-66.0,1.0,100,sector,1
network_log_20260929_135542_car,9/29 13:55 차량,car,cell,50873612,198725,1548.7,1562.2,13.5,0,4,1,0,140.5,140.8,1.0,12.17,-77.0,-81.0,-76.0,-81.0,1.0,100,sector,1
network_log_20260929_135542_car,9/29 13:55 차량,car,cell,50873617,198725,1562.2,1569.2,7.0,0,2,1,0,1.9,3.4,1.0,1.5,-85.0,-85.0,-85.0,-85.0,1.0,100,sector,1
network_log_20260929_135542_car,9/29 13:55 차량,car,cell,50873612,198725,1569.2,1599.3,30.2,0,6,1,0,151.9,153.5,1.0,3.95,-93.3,-98.0,-89.0,-98.0,1.0,100,inter,0
network_log_20260929_135542_car,9/29 13:55 차량,car,cell,50873876,198726,1599.3,1609.4,10.1,0,2,1,0,38.5,38.5,1.0,5.91,-80.0,-80.0,-80.0,-80.0,1.0,100,inter,0
network_log_20260929_135542_car,9/29 13:55 차량,car,cell,52534798,205214,1609.4,1686.5,77.1,0,16,1,0,64.3,72.1,1.0,0.82,-75.6,-80.0,-80.0,-71.0,1.0,100,inter,0
network_log_20260929_135542_car,9/29 13:55 차량,car,cell,50873635,198725,1686.5,1694.9,8.3,0,2,1,0,12.2,13.8,1.0,1.22,-73.0,-73.0,-73.0,-73.0,1.0,100,inter,1
network_log_20260929_135542_car,9/29 13:55 차량,car,cell,52534798,205214,1694.9,1715.0,20.1,1,5,1,0,24.6,27.6,1.0,1.24,-79.0,-83.0,-79.0,-77.0,1.0,100,,0
network_log_20260929_143147_car,9/29 14:31 차량,car,cell,52534784,205214,0.0,18.4,18.4,1,5,1,0,106.0,106.0,0.6,5.02,-88.4,-98.0,-87.0,-85.0,1.0,3050,inter,0
network_log_20260929_143147_car,9/29 14:31 차량,car,cell,52539396,205232,18.4,70.3,51.9,0,11,1,0,368.5,371.9,1.0,8.21,-79.2,-95.0,-78.0,-95.0,1.0,3050,inter,0
network_log_20260929_143147_car,9/29 14:31 차량,car,cell,52537858,205226,70.3,101.8,31.5,0,7,1,0,89.9,90.4,1.0,2.57,-92.0,-96.0,-93.0,-96.0,1.0,3050,sector,0
network_log_20260929_143147_car,9/29 14:31 차량,car,cell,52537857,205226,101.8,125.3,23.4,0,5,1,0,0.4,1.1,1.0,0.0,-100.0,-102.0,-101.0,-98.0,1.0,3050,sector,1
network_log_20260929_143147_car,9/29 14:31 차량,car,cell,52537858,205226,125.3,135.6,10.3,0,3,1,0,0.2,0.3,1.0,0.0,-95.0,-95.0,-95.0,-95.0,1.0,3050,sector,1
network_log_20260929_143147_car,9/29 14:31 차량,car,cell,52537857,205226,135.6,146.8,11.3,0,3,1,0,1.5,1.6,1.0,0.0,-97.7,-98.0,-97.0,-98.0,1.0,3050,sector,0
network_log_20260929_143147_car,9/29 14:31 차량,car,cell,52537860,205226,146.8,155.6,8.8,0,2,1,0,50.1,50.1,1.0,3.98,-94.0,-94.0,-94.0,-94.0,1.0,3050,sector,1
network_log_20260929_143147_car,9/29 14:31 차량,car,cell,52537857,205226,155.6,165.4,9.7,0,2,1,0,109.5,109.5,1.0,10.07,-94.0,-95.0,-93.0,-95.0,1.0,3050,sector,0
network_log_20260929_143147_car,9/29 14:31 차량,car,cell,52537859,205226,165.4,175.3,9.9,0,3,1,0,113.0,113.0,1.0,12.28,-89.7,-91.0,-91.0,-87.0,1.0,3050,inter,0
network_log_20260929_143147_car,9/29 14:31 차량,car,cell,52533762,205210,175.3,179.3,4.0,0,2,1,0,13.8,13.8,1.0,6.47,-96.0,-96.0,-96.0,-96.0,1.0,3050,inter,1
network_log_20260929_143147_car,9/29 14:31 차량,car,cell,52537859,205226,179.3,185.4,6.2,0,2,1,0,28.1,31.5,1.0,3.21,-90.0,-90.0,-90.0,-90.0,1.0,3050,inter,1
network_log_20260929_143147_car,9/29 14:31 차량,car,cell,52533762,205210,185.4,189.0,3.6,0,2,1,0,36.7,36.7,1.0,7.24,-100.0,-100.0,-100.0,-100.0,1.0,3050,inter,1
network_log_20260929_143147_car,9/29 14:31 차량,car,cell,52537857,205226,189.0,198.7,9.7,0,3,1,0,123.6,123.7,1.0,11.16,-99.0,-100.0,-100.0,-97.0,1.0,3050,inter,0
network_log_20260929_143147_car,9/29 14:31 차량,car,cell,51212800,200050,198.7,212.4,13.7,0,4,1,0,197.3,201.8,1.0,13.75,-94.5,-97.0,-97.0,-92.0,1.0,3050,inter,0
network_log_20260929_143147_car,9/29 14:31 차량,car,cell,50805762,198460,212.4,220.8,8.5,0,2,1,0,129.7,129.7,1.0,15.93,-96.0,-96.0,-96.0,-96.0,1.0,3050,inter,1
network_log_20260929_143147_car,9/29 14:31 차량,car,cell,51212800,200050,220.8,229.4,8.5,0,2,1,0,131.1,131.1,1.0,16.37,-93.0,-95.0,-91.0,-95.0,1.0,3050,inter,0
network_log_20260929_143147_car,9/29 14:31 차량,car,cell,50806017,198461,229.4,234.3,4.9,0,2,1,0,96.4,96.4,1.0,16.12,-87.0,-87.0,-87.0,-87.0,1.0,3050,inter,1
network_log_20260929_143147_car,9/29 14:31 차량,car,cell,51212800,200050,234.3,235.6,1.3,0,1,1,0,0.0,0.0,1.0,16.08,-95.0,-95.0,-95.0,-95.0,1.0,3050,inter,0
network_log_20260929_143147_car,9/29 14:31 차량,car,cell,50806016,198461,235.6,237.8,2.1,0,2,1,0,32.2,32.2,1.0,16.2,-83.0,-83.0,-83.0,-83.0,1.0,3050,sector,1
network_log_20260929_143147_car,9/29 14:31 차량,car,cell,50806017,198461,237.8,242.0,4.3,0,2,1,0,99.0,99.0,1.0,16.29,-73.0,-73.0,-73.0,-73.0,1.0,3050,sector,1
network_log_20260929_143147_car,9/29 14:31 차량,car,cell,50806016,198461,242.0,250.8,8.7,0,2,1,0,125.5,125.5,1.0,16.36,-85.0,-85.0,-85.0,-85.0,1.0,3050,sector,0
network_log_20260929_143147_car,9/29 14:31 차량,car,cell,50806021,198461,250.8,292.7,42.0,0,9,1,0,509.0,509.2,1.0,12.7,-85.7,-97.0,-95.0,-75.0,1.0,3050,inter,0
network_log_20260929_143147_car,9/29 14:31 차량,car,cell,50873088,198723,292.7,296.7,4.0,0,2,1,0,61.5,61.5,1.0,15.61,-81.0,-81.0,-81.0,-81.0,1.0,3050,sector,0
network_log_20260929_143147_car,9/29 14:31 차량,car,cell,50873091,198723,296.7,300.7,4.0,0,2,1,0,60.9,60.9,1.0,15.06,-85.0,-85.0,-85.0,-85.0,1.0,3050,sector,0
network_log_20260929_143147_car,9/29 14:31 차량,car,cell,50873093,198723,300.7,329.3,28.5,0,6,1,0,451.2,451.8,1.0,16.29,-87.3,-97.0,-87.0,-97.0,1.0,3050,inter,0
network_log_20260929_143147_car,9/29 14:31 차량,car,cell,50872866,198722,329.3,369.4,40.1,0,8,1,0,619.9,621.4,1.0,15.75,-98.0,-102.0,-98.0,-102.0,1.0,3050,sector,0
network_log_20260929_143147_car,9/29 14:31 차량,car,cell,50872864,198722,369.4,399.5,30.1,0,6,1,0,393.7,396.3,1.0,13.55,-102.7,-112.0,-94.0,-112.0,0.33,3050,band,0
network_log_20260929_143147_car,9/29 14:31 차량,car,cell,50872840,198722,399.5,409.6,10.0,0,2,1,0,14.3,14.3,1.0,10.05,-102.0,-102.0,-102.0,-102.0,0.0,2600,inter,0
network_log_20260929_143147_car,9/29 14:31 차량,car,cell,51181855,199929,409.6,419.6,10.0,0,2,1,0,0.0,0.0,0.5,8.48,-93.0,-93.0,-93.0,-93.0,0.0,2600,band,0
network_log_20260929_143147_car,9/29 14:31 차량,car,cell,51181859,199929,419.6,429.6,10.0,0,2,1,0,163.3,163.3,1.0,8.99,-109.0,-109.0,-109.0,-109.0,0.0,100,inter,0
network_log_20260929_143147_car,9/29 14:31 차량,car,cell,51192844,199972,429.6,439.7,10.0,0,2,1,0,150.9,151.0,1.0,10.14,-101.0,-101.0,-101.0,-101.0,0.0,2600,inter,0
network_log_20260929_143147_car,9/29 14:31 차량,car,cell,51192588,199971,439.7,449.7,10.0,0,2,1,0,172.0,172.0,1.0,15.43,-98.0,-98.0,-98.0,-98.0,0.0,2600,band,0
network_log_20260929_143147_car,9/29 14:31 차량,car,cell,51192610,199971,449.7,470.9,21.2,0,5,1,0,351.2,354.1,1.0,16.07,-85.8,-89.0,-89.0,-81.0,0.06,100,inter,0
network_log_20260929_143147_car,9/29 14:31 차량,car,cell,51181840,199929,470.9,479.8,8.9,0,2,1,0,123.7,124.0,1.0,16.0,-79.0,-79.0,-79.0,-79.0,1.0,100,sector,0
network_log_20260929_143147_car,9/29 14:31 차량,car,cell,51181854,199929,479.8,483.4,3.6,0,1,1,0,61.7,61.7,1.0,15.4,-91.0,-91.0,-91.0,-91.0,1.0,100,inter,1
network_log_20260929_143147_car,9/29 14:31 차량,car,cell,51192610,199971,483.4,485.8,2.4,0,2,1,0,47.8,47.8,1.0,15.84,-94.0,-94.0,-94.0,-94.0,1.0,100,sector,0
network_log_20260929_143147_car,9/29 14:31 차량,car,cell,51192590,199971,485.8,501.1,15.3,0,4,1,0,235.0,235.1,1.0,15.66,-79.0,-88.0,-88.0,-72.0,1.0,100,inter,0
network_log_20260929_143147_car,9/29 14:31 차량,car,cell,51202829,200011,501.1,504.9,3.7,0,1,1,0,64.3,64.3,1.0,15.73,-90.0,-90.0,-90.0,-90.0,1.0,100,sector,0
network_log_20260929_143147_car,9/29 14:31 차량,car,cell,51202828,200011,504.9,561.1,56.2,0,12,1,0,917.2,917.2,1.0,16.38,-88.4,-96.0,-89.0,-96.0,1.0,100,inter,0
network_log_20260929_143147_car,9/29 14:31 차량,car,cell,51184673,199940,561.1,574.6,13.6,0,3,1,0,202.8,202.9,1.0,15.94,-81.7,-86.0,-86.0,-73.0,1.0,100,inter,0
network_log_20260929_143147_car,9/29 14:31 차량,car,cell,52655649,205686,574.6,588.1,13.4,0,4,1,0,194.2,194.2,1.0,14.51,-80.5,-82.0,-80.0,-80.0,1.0,100,inter,0
network_log_20260929_143147_car,9/29 14:31 차량,car,cell,52636707,205612,588.1,737.0,148.9,0,31,1,0,247.8,405.7,1.0,2.94,-79.9,-95.0,-81.0,-95.0,1.0,100,inter,0
network_log_20260929_143147_car,9/29 14:31 차량,car,cell,52635912,205609,737.0,804.5,67.5,0,14,1,0,87.4,88.5,1.0,1.74,-83.9,-91.0,-90.0,-83.0,1.0,100,inter,0
network_log_20260929_143147_car,9/29 14:31 차량,car,cell,52680991,205785,804.5,815.9,11.4,0,3,1,0,88.8,88.8,1.0,7.58,-86.3,-88.0,-88.0,-83.0,1.0,100,inter,0
network_log_20260929_143147_car,9/29 14:31 차량,car,cell,52653835,205679,815.9,821.0,5.0,1,2,1,0,2.3,2.3,1.0,2.15,-87.0,-92.0,-92.0,-82.0,1.0,100,,0
network_log_20260929_183716_car,9/29 18:37 차량,car,cell,52636681,205612,0.0,74.3,74.3,1,16,1,0,153.8,223.3,1.0,2.22,-86.0,-90.0,-90.0,-90.0,1.0,3050,inter,0
network_log_20260929_183716_car,9/29 18:37 차량,car,cell,52660237,205704,74.3,85.3,11.0,0,3,1,0,60.0,60.0,1.0,5.82,-94.3,-97.0,-93.0,-97.0,1.0,3050,inter,0
network_log_20260929_183716_car,9/29 18:37 차량,car,cell,52634115,205602,85.3,180.7,95.4,0,20,1,0,355.0,372.3,1.0,3.49,-97.0,-104.0,-91.0,-93.0,1.0,3050,inter,0
network_log_20260929_183716_car,9/29 18:37 차량,car,cell,52633877,205601,180.7,190.8,10.0,0,2,1,0,68.5,68.5,1.0,6.99,-101.0,-101.0,-101.0,-101.0,1.0,3050,sector,0
network_log_20260929_183716_car,9/29 18:37 차량,car,cell,52633878,205601,190.8,350.9,160.1,0,32,1,0,293.7,297.2,1.0,1.8,-92.5,-101.0,-73.0,-95.0,1.0,3050,inter,0
network_log_20260929_183716_car,9/29 18:37 차량,car,cell,52660232,205704,350.9,419.8,68.9,0,15,1,0,224.8,368.1,1.0,5.44,-86.5,-95.0,-94.0,-76.0,1.0,3050,inter,0
network_log_20260929_183716_car,9/29 18:37 차량,car,cell,52634116,205602,419.8,421.3,1.5,0,1,1,0,7.2,7.2,1.0,7.07,-83.0,-83.0,-83.0,-83.0,1.0,3050,inter,1
network_log_20260929_183716_car,9/29 18:37 차량,car,cell,52660232,205704,421.3,425.1,3.8,0,2,1,0,22.4,22.4,1.0,6.82,-93.0,-93.0,-93.0,-93.0,1.0,3050,sector,0
network_log_20260929_183716_car,9/29 18:37 차량,car,cell,52660235,205704,425.1,523.0,97.9,0,20,1,0,466.6,470.8,1.0,4.7,-84.5,-97.0,-90.0,-92.0,1.0,3050,inter,0
network_log_20260929_183716_car,9/29 18:37 차량,car,cell,52633856,205601,523.0,543.1,20.1,0,4,1,0,57.1,63.3,1.0,3.92,-93.0,-95.0,-95.0,-91.0,1.0,3050,inter,1
network_log_20260929_183716_car,9/29 18:37 차량,car,cell,52660235,205704,543.1,553.1,10.0,0,2,1,0,45.7,45.7,1.0,3.25,-91.0,-91.0,-91.0,-91.0,1.0,3050,inter,1
network_log_20260929_183716_car,9/29 18:37 차량,car,cell,52633856,205601,553.1,619.4,66.3,0,14,1,0,335.9,344.8,1.0,5.07,-92.3,-101.0,-90.0,-101.0,0.45,3050,inter,0
network_log_20260929_183716_car,9/29 18:37 차량,car,cell,50840576,198596,619.4,695.9,76.5,0,16,1,0,441.0,450.3,1.0,5.65,-87.1,-101.0,-101.0,-88.0,0.75,3050,inter,0
network_log_20260929_183716_car,9/29 18:37 차량,car,cell,52636425,205611,695.9,726.8,30.9,0,7,1,0,257.5,263.3,1.0,8.13,-85.0,-88.0,-88.0,-84.0,1.0,3050,inter,0
network_log_20260929_183716_car,9/29 18:37 차량,car,cell,52660234,205704,726.8,738.8,12.0,0,3,1,0,119.8,119.9,1.0,9.74,-94.0,-94.0,-94.0,-94.0,1.0,3050,inter,1
network_log_20260929_183716_car,9/29 18:37 차량,car,cell,52636425,205611,738.8,756.6,17.8,0,4,1,0,91.2,91.5,1.0,5.76,-87.2,-91.0,-85.0,-91.0,1.0,3050,inter,1
network_log_20260929_183716_car,9/29 18:37 차량,car,cell,52660234,205704,756.6,788.7,32.0,0,7,1,0,14.3,18.4,1.0,0.81,-87.4,-88.0,-88.0,-87.0,1.0,3050,inter,0
network_log_20260929_183716_car,9/29 18:37 차량,car,cell,52636425,205611,788.7,794.1,5.4,0,2,1,0,0.0,0.0,1.0,0.0,-88.0,-88.0,-88.0,-88.0,1.0,3050,inter,1
network_log_20260929_183716_car,9/29 18:37 차량,car,cell,52660234,205704,794.1,859.7,65.6,0,13,1,0,162.2,162.9,1.0,2.47,-87.4,-96.0,-86.0,-93.0,1.0,3050,sector,0
network_log_20260929_183716_car,9/29 18:37 차량,car,cell,52660233,205704,859.7,862.6,2.9,0,1,1,0,8.7,8.7,1.0,1.98,-94.0,-94.0,-94.0,-94.0,1.0,3050,sector,1
network_log_20260929_183716_car,9/29 18:37 차량,car,cell,52660234,205704,862.6,879.8,17.2,0,4,1,0,133.5,133.5,1.0,5.24,-90.0,-93.0,-89.0,-93.0,1.0,3050,sector,1
network_log_20260929_183716_car,9/29 18:37 차량,car,cell,52660233,205704,879.8,916.1,36.3,0,8,1,0,254.6,254.7,1.0,7.04,-91.6,-95.0,-95.0,-95.0,1.0,3050,inter,0
network_log_20260929_183716_car,9/29 18:37 차량,car,cell,52635656,205608,916.1,919.9,3.8,0,1,1,0,0.4,0.4,1.0,0.0,-94.0,-94.0,-94.0,-94.0,1.0,3050,inter,1
network_log_20260929_183716_car,9/29 18:37 차량,car,cell,52660233,205704,919.9,931.5,11.6,0,4,1,0,0.0,0.1,1.0,0.0,-92.8,-95.0,-92.0,-95.0,1.0,3050,inter,1
network_log_20260929_183716_car,9/29 18:37 차량,car,cell,52635656,205608,931.5,943.8,12.3,0,3,1,0,5.0,5.1,1.0,0.16,-93.3,-94.0,-93.0,-94.0,1.0,3050,inter,1
network_log_20260929_183716_car,9/29 18:37 차량,car,cell,52660233,205704,943.8,954.9,11.1,0,3,1,0,18.4,18.5,1.0,1.9,-90.3,-91.0,-90.0,-91.0,1.0,3050,inter,1
network_log_20260929_183716_car,9/29 18:37 차량,car,cell,52635656,205608,954.9,1125.8,170.9,0,35,1,0,789.8,800.7,0.91,4.75,-90.7,-97.0,-94.0,-97.0,0.85,3050,inter,0
network_log_20260929_183716_car,9/29 18:37 차량,car,cell,51115038,199668,1125.8,1171.0,45.2,0,9,1,0,468.6,472.7,1.0,10.13,-81.9,-91.0,-91.0,-91.0,0.0,3050,sector,0
network_log_20260929_183716_car,9/29 18:37 차량,car,cell,51115039,199668,1171.0,1247.8,76.7,0,16,1,0,1070.5,1073.5,1.0,14.16,-96.0,-106.0,-83.0,-106.0,0.0,3050,inter,0
network_log_20260929_183716_car,9/29 18:37 차량,car,cell,51191557,199967,1247.8,1281.5,33.7,0,7,1,0,458.4,458.4,1.0,13.63,-97.6,-98.0,-97.0,-98.0,0.0,3050,sector,0
network_log_20260929_183716_car,9/29 18:37 차량,car,cell,51191555,199967,1281.5,1321.6,40.2,0,8,1,0,501.4,508.7,1.0,13.01,-103.0,-111.0,-94.0,-105.0,0.0,3050,sector,0
network_log_20260929_183716_car,9/29 18:37 차량,car,cell,51191556,199967,1321.6,1446.9,125.3,0,25,1,0,801.9,803.5,0.96,6.51,-86.6,-102.0,-102.0,-90.0,0.12,3050,sector,0
network_log_20260929_183716_car,9/29 18:37 차량,car,cell,51191559,199967,1446.9,1490.0,43.1,0,10,1,0,591.7,595.2,1.0,14.02,-93.4,-99.0,-99.0,-95.0,1.0,3050,inter,0
network_log_20260929_183716_car,9/29 18:37 차량,car,cell,51651585,201764,1490.0,1502.5,12.5,0,3,1,0,165.6,165.6,1.0,13.67,-95.0,-95.0,-95.0,-95.0,1.0,3050,inter,0
network_log_20260929_183716_car,9/29 18:37 차량,car,cell,51193093,199973,1502.5,1532.7,30.1,0,6,1,0,489.5,490.5,1.0,15.05,-96.0,-102.0,-97.0,-102.0,1.0,3050,sector,0
network_log_20260929_183716_car,9/29 18:37 차량,car,cell,51193090,199973,1532.7,1542.7,10.0,0,2,1,0,169.4,169.4,1.0,17.07,-103.0,-103.0,-103.0,-103.0,1.0,3050,sector,0
network_log_20260929_183716_car,9/29 18:37 차량,car,cell,51193088,199973,1542.7,1552.7,10.0,0,2,1,0,163.6,163.6,1.0,16.37,-91.0,-91.0,-91.0,-91.0,1.0,3050,sector,1
network_log_20260929_183716_car,9/29 18:37 차량,car,cell,51193090,199973,1552.7,1572.8,20.1,0,4,1,0,320.4,320.5,1.0,16.64,-92.0,-94.0,-90.0,-94.0,1.0,3050,inter,0
network_log_20260929_183716_car,9/29 18:37 차량,car,cell,51204883,200019,1572.8,1606.5,33.7,0,7,1,0,596.7,597.4,1.0,17.5,-95.4,-99.0,-93.0,-96.0,1.0,3050,inter,0
network_log_20260929_183716_car,9/29 18:37 차량,car,cell,51193091,199973,1606.5,1644.5,37.9,0,9,1,0,671.9,674.0,1.0,17.76,-93.2,-99.0,-97.0,-98.0,1.0,3050,inter,0
network_log_20260929_183716_car,9/29 18:37 차량,car,cell,50958879,199058,1644.5,1655.1,10.7,0,3,1,0,194.1,194.3,1.0,17.73,-90.7,-91.0,-91.0,-90.0,1.0,3050,sector,0
network_log_20260929_183716_car,9/29 18:37 차량,car,cell,50958848,199058,1655.1,1703.8,48.6,0,10,1,0,810.4,813.5,1.0,16.96,-88.9,-98.0,-97.0,-92.0,1.0,3050,inter,0
network_log_20260929_183716_car,9/29 18:37 차량,car,cell,50958596,199057,1703.8,1707.5,3.8,0,1,1,0,65.3,65.3,1.0,16.87,-90.0,-90.0,-90.0,-90.0,1.0,3050,inter,0
network_log_20260929_183716_car,9/29 18:37 차량,car,cell,50958850,199058,1707.5,1716.2,8.7,0,3,1,0,91.3,91.3,1.0,12.2,-96.0,-98.0,-95.0,-98.0,1.0,3050,inter,1
network_log_20260929_183716_car,9/29 18:37 차량,car,cell,50958596,199057,1716.2,1777.0,60.8,0,13,1,0,111.1,112.5,1.0,2.22,-88.9,-99.0,-99.0,-87.0,1.0,3050,inter,0
network_log_20260929_183716_car,9/29 18:37 차량,car,cell,51962627,202979,1777.0,1781.6,4.7,0,2,1,0,1.0,1.2,1.0,0.0,-88.0,-88.0,-88.0,-88.0,1.0,3050,inter,1
network_log_20260929_183716_car,9/29 18:37 차량,car,cell,50958596,199057,1781.6,1785.4,3.8,0,2,1,0,0.3,0.3,1.0,0.0,-91.0,-91.0,-91.0,-91.0,1.0,3050,inter,1
network_log_20260929_183716_car,9/29 18:37 차량,car,cell,51962627,202979,1785.4,1788.1,2.7,0,1,1,0,0.3,0.3,1.0,0.0,-90.0,-90.0,-90.0,-90.0,1.0,3050,inter,1
network_log_20260929_183716_car,9/29 18:37 차량,car,cell,50958596,199057,1788.1,1804.1,16.0,0,4,1,0,0.1,0.1,1.0,0.0,-92.5,-94.0,-92.0,-94.0,1.0,3050,inter,1
network_log_20260929_183716_car,9/29 18:37 차량,car,cell,51962627,202979,1804.1,1808.4,4.3,0,2,1,0,0.0,0.0,1.0,0.0,-89.0,-89.0,-89.0,-89.0,1.0,3050,inter,1
network_log_20260929_183716_car,9/29 18:37 차량,car,cell,50958596,199057,1808.4,1852.3,43.9,0,10,1,0,69.1,69.2,0.7,1.99,-92.0,-98.0,-94.0,-92.0,1.0,3050,inter,0
network_log_20260929_183716_car,9/29 18:37 차량,car,cell,51962627,202979,1852.3,1861.2,8.9,0,3,1,0,37.9,38.0,1.0,3.69,-94.3,-95.0,-95.0,-93.0,1.0,3050,inter,1
network_log_20260929_183716_car,9/29 18:37 차량,car,cell,50958596,199057,1861.2,1871.0,9.8,0,3,1,0,51.6,51.6,1.0,5.08,-88.7,-93.0,-93.0,-80.0,1.0,3050,sector,0
network_log_20260929_183716_car,9/29 18:37 차량,car,cell,50958592,199057,1871.0,1890.8,19.8,0,5,1,0,21.6,23.7,1.0,1.44,-89.2,-91.0,-88.0,-90.0,1.0,3050,sector,1
network_log_20260929_183716_car,9/29 18:37 차량,car,cell,50958596,199057,1890.8,1940.2,49.4,0,10,1,0,123.7,130.0,1.0,2.61,-80.1,-92.0,-91.0,-77.0,1.0,3050,inter,0
network_log_20260929_183716_car,9/29 18:37 차량,car,cell,50959616,199061,1940.2,2010.2,70.0,0,14,1,0,6.1,8.0,1.0,0.26,-91.3,-94.0,-93.0,-90.0,1.0,3050,inter,0
network_log_20260929_183716_car,9/29 18:37 차량,car,cell,50958593,199057,2010.2,2025.5,15.3,0,4,1,0,0.1,0.1,1.0,0.0,-90.5,-95.0,-89.0,-95.0,1.0,3050,inter,1
network_log_20260929_183716_car,9/29 18:37 차량,car,cell,50959616,199061,2025.5,2102.3,76.7,0,16,1,0,290.7,345.3,1.0,4.25,-84.2,-95.0,-93.0,-80.0,1.0,3050,inter,0
network_log_20260929_183716_car,9/29 18:37 차량,car,cell,50958593,199057,2102.3,2113.9,11.6,0,3,1,0,79.4,79.4,1.0,5.59,-75.7,-76.0,-76.0,-75.0,1.0,3050,inter,0
network_log_20260929_183716_car,9/29 18:37 차량,car,cell,50958093,199055,2113.9,2115.0,1.1,0,1,1,0,8.3,8.3,1.0,8.09,-76.0,-76.0,-76.0,-76.0,1.0,3050,inter,0
network_log_20260929_183716_car,9/29 18:37 차량,car,cell,50958625,199057,2115.0,2131.6,16.6,1,5,1,0,92.2,92.5,1.0,5.86,-71.0,-79.0,-73.0,-79.0,1.0,3050,,0
network_log_20260929_191910_car,9/29 19:19 차량,car,cell,50958625,199057,0.0,40.2,40.2,1,9,1,0,112.4,120.8,0.78,1.83,-81.3,-85.0,-80.0,-85.0,1.0,3050,sector,0
network_log_20260929_191910_car,9/29 19:19 차량,car,cell,50958595,199057,40.2,80.3,40.2,0,8,1,0,234.5,235.1,1.0,5.15,-89.5,-92.0,-88.0,-90.0,1.0,3050,inter,0
network_log_20260929_191910_car,9/29 19:19 차량,car,cell,50958085,199055,80.3,160.7,80.3,0,16,1,0,496.5,509.1,1.0,6.24,-83.0,-87.0,-86.0,-87.0,1.0,3050,sector,0
network_log_20260929_191910_car,9/29 19:19 차량,car,cell,50958103,199055,160.7,180.8,20.1,0,4,1,0,50.5,51.1,1.0,3.61,-82.5,-84.0,-81.0,-84.0,1.0,3050,inter,0
network_log_20260929_191910_car,9/29 19:19 차량,car,cell,50956032,199047,180.8,241.1,60.3,0,12,1,0,225.7,226.5,1.0,3.49,-76.5,-78.0,-78.0,-74.0,1.0,3050,inter,0
network_log_20260929_191910_car,9/29 19:19 차량,car,cell,50957058,199051,241.1,341.6,100.5,0,20,1,0,265.2,269.9,0.75,3.71,-86.8,-92.0,-83.0,-82.0,1.0,3050,sector,0
network_log_20260929_191910_car,9/29 19:19 차량,car,cell,50957057,199051,341.6,462.2,120.6,0,24,1,0,306.7,307.9,1.0,2.29,-78.8,-91.0,-84.0,-91.0,1.0,3050,inter,0
network_log_20260929_191910_car,9/29 19:19 차량,car,cell,50957573,199053,462.2,472.2,10.0,0,2,1,0,95.3,95.3,1.0,9.23,-91.0,-91.0,-91.0,-91.0,1.0,3050,inter,0
network_log_20260929_191910_car,9/29 19:19 차량,car,cell,50956835,199050,472.2,482.3,10.1,0,2,1,0,88.3,88.3,1.0,9.25,-99.0,-99.0,-99.0,-99.0,1.0,3050,inter,0
network_log_20260929_191910_car,9/29 19:19 차량,car,cell,51207199,200028,482.3,484.4,2.1,0,1,1,0,13.6,13.6,1.0,7.79,-75.0,-75.0,-75.0,-75.0,1.0,3050,inter,0
network_log_20260929_191910_car,9/29 19:19 차량,car,cell,50959906,199062,484.4,490.9,6.6,0,2,1,0,67.3,67.9,1.0,8.32,-85.0,-85.0,-85.0,-85.0,1.0,3050,inter,0
network_log_20260929_191910_car,9/29 19:19 차량,car,cell,50956554,199049,490.9,507.4,16.4,0,4,1,0,73.3,73.4,1.0,5.91,-72.5,-73.0,-73.0,-72.0,1.0,3050,inter,0
network_log_20260929_191910_car,9/29 19:19 차량,car,cell,50957056,199051,507.4,587.8,80.4,0,16,1,0,267.5,268.7,0.75,4.12,-88.8,-95.0,-83.0,-90.0,1.0,3050,inter,0
network_log_20260929_191910_car,9/29 19:19 차량,car,cell,52545792,205257,587.8,606.5,18.7,0,4,1,0,92.3,93.3,1.0,6.08,-85.0,-90.0,-90.0,-80.0,1.0,3050,sector,0
network_log_20260929_191910_car,9/29 19:19 차량,car,cell,52545793,205257,606.5,643.0,36.5,0,8,1,0,307.7,309.0,1.0,7.13,-82.8,-83.0,-83.0,-82.0,1.0,3050,inter,0
network_log_20260929_191910_car,9/29 19:19 차량,car,cell,52545282,205255,643.0,673.2,30.2,0,6,1,0,47.2,55.8,1.0,2.75,-86.3,-89.0,-82.0,-88.0,1.0,3050,sector,0
network_log_20260929_191910_car,9/29 19:19 차량,car,cell,52545281,205255,673.2,683.2,10.1,0,2,1,0,20.5,20.5,1.0,2.13,-84.0,-84.0,-84.0,-84.0,1.0,3050,sector,1
network_log_20260929_191910_car,9/29 19:19 차량,car,cell,52545282,205255,683.2,713.4,30.1,0,6,1,0,6.6,13.1,1.0,0.65,-68.3,-76.0,-58.0,-71.0,1.0,3050,sector,0
network_log_20260929_191910_car,9/29 19:19 차량,car,cell,52545281,205255,713.4,780.3,66.9,0,14,1,0,66.1,70.2,1.0,1.04,-74.5,-77.0,-76.0,-77.0,1.0,3050,sector,0
network_log_20260929_191910_car,9/29 19:19 차량,car,cell,52545283,205255,780.3,794.8,14.5,0,4,1,0,18.7,18.8,1.0,1.19,-70.5,-74.0,-74.0,-67.0,1.0,3050,sector,1
network_log_20260929_191910_car,9/29 19:19 차량,car,cell,52545281,205255,794.8,797.7,2.9,0,1,1,0,3.4,3.4,1.0,1.39,-69.0,-69.0,-69.0,-69.0,1.0,3050,sector,1
network_log_20260929_191910_car,9/29 19:19 차량,car,cell,52545283,205255,797.7,798.7,1.0,1,2,1,0,1.1,1.1,1.0,1.46,-64.0,-64.0,-64.0,-64.0,1.0,3050,,0
network_log_20261001_133919_car,10/1 13:39 차량,car,cell,52549135,205270,0.0,173.1,173.1,1,36,1,0,268.3,278.2,1.0,1.87,-74.2,-89.0,-73.0,-89.0,1.0,100,inter,0
network_log_20261001_133919_car,10/1 13:39 차량,car,cell,52558862,205308,173.1,178.4,5.4,0,2,1,0,51.6,51.6,1.0,11.44,-88.0,-88.0,-88.0,-88.0,1.0,100,inter,0
network_log_20261001_133919_car,10/1 13:39 차량,car,cell,52559136,205309,178.4,185.7,7.2,0,2,1,0,107.6,107.6,1.0,12.97,-79.0,-79.0,-79.0,-79.0,1.0,100,inter,1
network_log_20261001_133919_car,10/1 13:39 차량,car,cell,52558862,205308,185.7,196.8,11.1,0,3,1,0,130.5,130.5,1.0,13.02,-74.3,-76.0,-73.0,-76.0,1.0,100,sector,0
network_log_20261001_133919_car,10/1 13:39 차량,car,cell,52558879,205308,196.8,269.8,73.0,0,15,1,0,334.8,340.0,1.0,4.8,-79.9,-85.0,-83.0,-82.0,1.0,100,sector,0
network_log_20261001_133919_car,10/1 13:39 차량,car,cell,52558861,205308,269.8,289.6,19.8,0,5,1,0,110.5,110.7,1.0,6.4,-82.6,-86.0,-82.0,-86.0,1.0,100,inter,0
network_log_20261001_133919_car,10/1 13:39 차량,car,cell,52558604,205307,289.6,412.8,123.3,0,26,1,0,230.7,234.3,1.0,1.88,-77.1,-84.0,-81.0,-78.0,1.0,100,sector,0
network_log_20261001_133919_car,10/1 13:39 차량,car,cell,52558607,205307,412.8,431.8,18.9,0,4,1,0,211.8,214.4,1.0,10.44,-76.0,-83.0,-76.0,-83.0,1.0,100,inter,0
network_log_20261001_133919_car,10/1 13:39 차량,car,cell,51024909,199316,431.8,461.0,29.2,0,6,1,0,170.8,170.8,1.0,6.4,-77.8,-84.0,-84.0,-82.0,1.0,100,sector,0
network_log_20261001_133919_car,10/1 13:39 차량,car,cell,51024931,199316,461.0,471.0,9.9,0,3,1,0,112.7,112.7,1.0,9.09,-76.0,-77.0,-77.0,-74.0,1.0,100,sector,1
network_log_20261001_133919_car,10/1 13:39 차량,car,cell,51024909,199316,471.0,477.0,6.0,0,2,1,0,78.8,78.8,1.0,13.0,-80.0,-80.0,-80.0,-80.0,1.0,100,sector,0
network_log_20261001_133919_car,10/1 13:39 차량,car,cell,51024910,199316,477.0,488.9,12.0,0,3,1,0,157.5,157.5,1.0,13.17,-71.3,-75.0,-75.0,-69.0,1.0,100,sector,0
network_log_20261001_133919_car,10/1 13:39 차량,car,cell,51024913,199316,488.9,503.6,14.7,0,4,1,0,183.3,184.2,1.0,13.08,-79.0,-83.0,-79.0,-75.0,1.0,100,sector,0
network_log_20261001_133919_car,10/1 13:39 차량,car,cell,51024908,199316,503.6,511.3,7.7,0,2,1,0,104.7,104.7,1.0,13.18,-81.0,-81.0,-81.0,-81.0,1.0,100,inter,0
network_log_20261001_133919_car,10/1 13:39 차량,car,cell,51025422,199318,511.3,615.7,104.4,0,22,1,0,473.1,473.2,0.73,6.91,-70.6,-84.0,-84.0,-70.0,1.0,100,sector,0
network_log_20261001_133919_car,10/1 13:39 차량,car,cell,51025423,199318,615.7,666.8,51.1,0,11,1,0,345.2,345.3,1.0,7.47,-79.4,-86.0,-75.0,-86.0,1.0,100,inter,0
network_log_20261001_133919_car,10/1 13:39 차량,car,cell,51019022,199293,666.8,746.2,79.4,0,17,1,0,192.4,196.0,0.35,9.07,-76.5,-85.0,-85.0,-74.0,1.0,100,sector,0
network_log_20261001_133919_car,10/1 13:39 차량,car,cell,51019020,199293,746.2,758.1,11.9,0,3,1,0,153.4,153.4,1.0,11.99,-78.3,-79.0,-79.0,-77.0,1.0,100,sector,0
network_log_20261001_133919_car,10/1 13:39 차량,car,cell,51019025,199293,758.1,765.5,7.4,0,2,1,0,105.7,105.7,1.0,13.51,-78.0,-83.0,-83.0,-73.0,1.0,100,inter,0
network_log_20261001_133919_car,10/1 13:39 차량,car,cell,50810896,198480,765.5,787.1,21.6,0,5,1,0,75.1,75.2,0.8,6.96,-74.8,-77.0,-73.0,-77.0,1.0,100,inter,0
network_log_20261001_133919_car,10/1 13:39 차량,car,cell,51019281,199294,787.1,790.7,3.6,0,2,1,0,,,0.0,,-74.0,-74.0,-74.0,-74.0,1.0,100,inter,1
network_log_20261001_133919_car,10/1 13:39 차량,car,cell,50810896,198480,790.7,881.9,91.3,0,19,1,0,86.3,86.3,0.11,9.66,-73.8,-76.0,-72.0,-76.0,1.0,100,inter,0
network_log_20261001_133919_car,10/1 13:39 차량,car,cell,51019281,199294,881.9,903.7,21.8,0,5,1,0,289.5,290.0,1.0,13.0,-75.8,-82.0,-76.0,-82.0,1.0,100,sector,0
network_log_20261001_133919_car,10/1 13:39 차량,car,cell,51019278,199294,903.7,911.1,7.4,0,2,1,0,105.0,105.0,1.0,13.07,-85.0,-86.0,-86.0,-84.0,1.0,100,inter,0
network_log_20261001_133919_car,10/1 13:39 차량,car,cell,50810647,198479,911.1,920.5,9.4,0,3,1,0,106.3,106.3,1.0,13.25,-78.0,-78.0,-78.0,-78.0,1.0,100,inter,1
network_log_20261001_133919_car,10/1 13:39 차량,car,cell,51019278,199294,920.5,925.0,4.5,0,2,1,0,80.5,80.5,1.0,13.43,-86.0,-86.0,-86.0,-86.0,1.0,100,inter,0
network_log_20261001_133919_car,10/1 13:39 차량,car,cell,50810655,198479,925.0,932.1,7.1,0,2,1,0,79.0,79.0,1.0,13.26,-95.0,-95.0,-95.0,-95.0,1.0,100,sector,0
network_log_20261001_133919_car,10/1 13:39 차량,car,cell,50810639,198479,932.1,966.9,34.8,0,8,1,0,404.2,405.2,1.0,11.85,-86.8,-102.0,-102.0,-88.0,1.0,100,sector,0
network_log_20261001_133919_car,10/1 13:39 차량,car,cell,50810642,198479,966.9,1003.3,36.4,0,8,1,0,108.9,109.5,0.5,4.47,-88.5,-90.0,-90.0,-90.0,1.0,100,inter,0
network_log_20261001_133919_car,10/1 13:39 차량,car,cell,50811149,198481,1003.3,1022.5,19.2,0,5,1,0,231.6,231.7,1.0,12.67,-90.2,-95.0,-91.0,-95.0,1.0,100,sector,0
network_log_20261001_133919_car,10/1 13:39 차량,car,cell,50811153,198481,1022.5,1029.1,6.6,0,2,1,0,103.9,103.9,1.0,12.73,-80.0,-80.0,-80.0,-80.0,1.0,100,sector,0
network_log_20261001_133919_car,10/1 13:39 차량,car,cell,50811167,198481,1029.1,1036.0,6.9,0,2,1,0,78.3,78.3,1.0,12.95,-79.0,-84.0,-84.0,-74.0,1.0,100,inter,0
network_log_20261001_133919_car,10/1 13:39 차량,car,cell,51017488,199287,1036.0,1044.1,8.1,0,2,1,0,78.0,78.0,1.0,11.59,-85.0,-85.0,-85.0,-85.0,1.0,100,inter,0
network_log_20261001_133919_car,10/1 13:39 차량,car,cell,51018014,199289,1044.1,1067.7,23.6,0,5,1,0,,,0.2,4.43,-90.2,-91.0,-89.0,-90.0,1.0,100,inter,1
network_log_20261001_133919_car,10/1 13:39 차량,car,cell,51017488,199287,1067.7,1077.0,9.3,0,3,1,0,,,0.0,,-89.3,-90.0,-89.0,-90.0,1.0,100,inter,1
network_log_20261001_133919_car,10/1 13:39 차량,car,cell,51018014,199289,1077.0,1107.9,30.9,0,7,1,0,,,0.0,,-90.6,-91.0,-91.0,-90.0,1.0,100,inter,0
network_log_20261001_133919_car,10/1 13:39 차량,car,cell,51017488,199287,1107.9,1148.3,40.4,0,9,1,0,181.8,183.1,0.44,8.77,-86.8,-92.0,-89.0,-78.0,1.0,100,inter,0
network_log_20261001_133919_car,10/1 13:39 차량,car,cell,51019792,199296,1148.3,1165.9,17.6,0,5,1,0,237.5,237.5,1.0,13.22,-86.2,-94.0,-94.0,-73.0,1.0,100,sector,0
network_log_20261001_133919_car,10/1 13:39 차량,car,cell,51019789,199296,1165.9,1183.4,17.4,0,4,1,0,219.2,219.2,1.0,12.78,-74.2,-88.0,-67.0,-88.0,1.0,100,sector,0
network_log_20261001_133919_car,10/1 13:39 차량,car,cell,51019807,199296,1183.4,1188.7,5.4,0,2,1,0,17.4,17.4,1.0,7.67,-86.0,-86.0,-86.0,-86.0,1.0,100,sector,0
network_log_20261001_133919_car,10/1 13:39 차량,car,cell,51019811,199296,1188.7,1272.6,83.9,0,18,1,0,8.2,8.4,0.17,0.91,-83.6,-88.0,-85.0,-84.0,1.0,100,inter,0
network_log_20261001_133919_car,10/1 13:39 차량,car,cell,51019534,199295,1272.6,1284.1,11.5,0,3,1,0,117.3,117.4,1.0,7.95,-85.3,-88.0,-84.0,-88.0,1.0,100,inter,0
network_log_20261001_133919_car,10/1 13:39 차량,car,cell,51019807,199296,1284.1,1290.0,5.9,0,2,1,0,78.9,78.9,1.0,13.22,-94.0,-94.0,-94.0,-94.0,1.0,100,inter,0
network_log_20261001_133919_car,10/1 13:39 차량,car,cell,51206161,200024,1290.0,1292.7,2.7,0,2,1,0,26.8,26.8,1.0,13.31,-86.0,-86.0,-86.0,-86.0,1.0,100,sector,0
network_log_20261001_133919_car,10/1 13:39 차량,car,cell,51206158,200024,1292.7,1296.2,3.5,0,2,1,0,52.6,52.6,1.0,13.22,-79.0,-79.0,-79.0,-79.0,1.0,100,sector,0
network_log_20261001_133919_car,10/1 13:39 차량,car,cell,51206156,200024,1296.2,1298.9,2.7,0,1,1,0,52.0,52.0,1.0,13.19,-87.0,-87.0,-87.0,-87.0,1.0,100,inter,0
network_log_20261001_133919_car,10/1 13:39 차량,car,cell,50992142,199188,1298.9,1357.4,58.5,0,13,1,0,366.2,368.3,1.0,6.93,-76.1,-83.0,-83.0,-70.0,1.0,100,sector,0
network_log_20261001_133919_car,10/1 13:39 차량,car,cell,50992141,199188,1357.4,1368.3,10.9,0,3,1,0,75.8,79.3,1.0,8.38,-72.7,-78.0,-70.0,-78.0,1.0,100,inter,0
network_log_20261001_133919_car,10/1 13:39 차량,car,cell,50992398,199189,1368.3,1371.6,3.3,0,2,1,0,42.0,42.0,1.0,10.07,-86.0,-86.0,-86.0,-86.0,1.0,100,inter,0
network_log_20261001_133919_car,10/1 13:39 차량,car,cell,50997517,199209,1371.6,1449.7,78.2,0,16,1,0,266.3,266.9,0.5,7.51,-79.4,-84.0,-82.0,-83.0,1.0,100,sector,0
network_log_20261001_133919_car,10/1 13:39 차량,car,cell,50997516,199209,1449.7,1470.9,21.1,0,5,1,0,168.1,168.3,1.0,7.77,-76.0,-80.0,-79.0,-70.0,1.0,100,inter,0
network_log_20261001_133919_car,10/1 13:39 차량,car,cell,50990861,199183,1470.9,1531.1,60.2,0,12,1,0,204.0,204.3,0.58,5.21,-71.8,-76.0,-76.0,-69.0,1.0,100,inter,0
network_log_20261001_133919_car,10/1 13:39 차량,car,cell,50990609,199182,1531.1,1539.3,8.2,0,2,1,0,82.4,82.4,1.0,9.81,-73.5,-75.0,-72.0,-75.0,1.0,100,sector,0
network_log_20261001_133919_car,10/1 13:39 차량,car,cell,50990608,199182,1539.3,1554.9,15.6,0,4,1,0,152.6,152.8,1.0,10.05,-76.2,-79.0,-79.0,-71.0,1.0,100,inter,0
network_log_20261001_133919_car,10/1 13:39 차량,car,cell,50991633,199186,1554.9,1669.7,114.8,0,24,1,0,284.8,285.5,0.67,4.1,-72.8,-82.0,-75.0,-82.0,1.0,100,sector,0
network_log_20261001_133919_car,10/1 13:39 차량,car,cell,50991629,199186,1669.7,1705.2,35.5,0,8,1,0,229.6,231.7,1.0,5.99,-74.1,-77.0,-77.0,-70.0,1.0,100,sector,0
network_log_20261001_133919_car,10/1 13:39 차량,car,cell,50991631,199186,1705.2,1721.9,16.7,0,4,1,0,133.1,133.1,1.0,9.05,-69.0,-73.0,-69.0,-73.0,1.0,100,inter,0
network_log_20261001_133919_car,10/1 13:39 차량,car,cell,50991885,199187,1721.9,1739.7,17.9,0,4,1,0,19.2,19.3,1.0,1.16,-79.2,-80.0,-79.0,-80.0,1.0,100,inter,0
network_log_20261001_133919_car,10/1 13:39 차량,car,cell,50992652,199190,1739.7,1741.1,1.4,0,1,1,0,13.4,13.4,1.0,5.73,-83.0,-83.0,-83.0,-83.0,1.0,100,inter,1
network_log_20261001_133919_car,10/1 13:39 차량,car,cell,50991885,199187,1741.1,1743.9,2.8,0,2,1,0,23.8,23.8,1.0,7.5,-80.0,-80.0,-80.0,-80.0,1.0,100,inter,1
network_log_20261001_133919_car,10/1 13:39 차량,car,cell,50992652,199190,1743.9,1750.5,6.6,0,2,1,0,57.9,57.9,1.0,9.23,-75.0,-75.0,-75.0,-75.0,1.0,100,inter,1
network_log_20261001_133919_car,10/1 13:39 차량,car,cell,50991885,199187,1750.5,1758.1,7.6,0,3,1,0,68.5,68.5,1.0,8.96,-77.7,-81.0,-81.0,-73.0,1.0,100,inter,0
network_log_20261001_133919_car,10/1 13:39 차량,car,cell,50992675,199190,1758.1,1765.7,7.7,0,2,1,0,42.1,42.1,1.0,7.25,-76.0,-80.0,-72.0,-80.0,1.0,100,inter,0
network_log_20261001_133919_car,10/1 13:39 차량,car,cell,50991647,199186,1765.7,1766.9,1.2,0,1,1,0,13.6,13.6,1.0,6.87,-80.0,-80.0,-80.0,-80.0,1.0,100,inter,1
network_log_20261001_133919_car,10/1 13:39 차량,car,cell,50991885,199187,1766.9,1769.6,2.6,0,2,1,0,12.3,12.3,1.0,6.69,-79.0,-79.0,-79.0,-79.0,1.0,100,sector,0
network_log_20261001_133919_car,10/1 13:39 차량,car,cell,50991887,199187,1769.6,1859.0,89.4,0,19,1,0,236.0,236.3,0.42,6.73,-72.1,-76.0,-76.0,-72.0,1.0,100,inter,0
network_log_20261001_133919_car,10/1 13:39 차량,car,cell,50990863,199183,1859.0,1865.3,6.3,0,2,1,0,37.4,37.4,1.0,6.7,-70.0,-70.0,-70.0,-70.0,1.0,100,sector,0
network_log_20261001_133919_car,10/1 13:39 차량,car,cell,50990864,199183,1865.3,1981.6,116.3,0,24,1,0,190.2,191.0,0.5,3.22,-68.2,-76.0,-75.0,-76.0,1.0,100,sector,0
network_log_20261001_133919_car,10/1 13:39 차량,car,cell,50990865,199183,1981.6,1992.7,11.1,0,3,1,0,101.9,101.9,1.0,9.89,-82.7,-84.0,-82.0,-84.0,1.0,100,sector,0
network_log_20261001_133919_car,10/1 13:39 차량,car,cell,50990860,199183,1992.7,2033.0,40.3,0,9,1,0,234.8,235.3,1.0,6.02,-75.4,-82.0,-78.0,-70.0,1.0,100,inter,0
network_log_20261001_133919_car,10/1 13:39 차량,car,cell,51189772,199960,2033.0,2034.4,1.4,0,2,1,0,24.4,24.4,1.0,,-83.0,-83.0,-83.0,-83.0,1.0,100,sector,0
network_log_20261001_133919_car,10/1 13:39 차량,car,cell,51189776,199960,2034.4,2123.5,89.1,0,18,1,0,195.1,196.0,1.0,2.24,-71.7,-79.0,-79.0,-72.0,1.0,100,sector,0
network_log_20261001_133919_car,10/1 13:39 차량,car,cell,51189777,199960,2123.5,2132.3,8.8,0,3,1,0,111.5,111.6,1.0,11.72,-75.3,-78.0,-78.0,-70.0,1.0,100,sector,0
network_log_20261001_133919_car,10/1 13:39 차량,car,cell,51189774,199960,2132.3,2143.7,11.4,1,4,1,0,19.8,19.9,1.0,4.63,-73.2,-76.0,-76.0,-67.0,1.0,100,,0
network_log_20261001_143101_car,10/1 14:31 차량,car,cell,51189774,199960,0.0,44.7,44.7,1,10,1,0,208.1,226.3,1.0,2.41,-75.2,-78.0,-69.0,-78.0,1.0,100,sector,0
network_log_20261001_143101_car,10/1 14:31 차량,car,cell,51189776,199960,44.7,59.6,14.9,0,4,1,0,191.5,191.6,1.0,13.92,-71.5,-74.0,-71.0,-74.0,1.0,100,sector,0
network_log_20261001_143101_car,10/1 14:31 차량,car,cell,51189772,199960,59.6,63.5,3.9,0,2,1,0,36.3,36.3,1.0,12.83,-77.0,-77.0,-77.0,-77.0,1.0,100,inter,0
network_log_20261001_143101_car,10/1 14:31 차량,car,cell,50990860,199183,63.5,110.4,46.9,0,10,1,0,216.4,217.0,1.0,5.81,-75.1,-87.0,-80.0,-87.0,1.0,100,inter,0
network_log_20261001_143101_car,10/1 14:31 차량,car,cell,50992657,199190,110.4,112.4,2.0,0,1,1,0,6.0,6.0,1.0,3.18,-86.0,-86.0,-86.0,-86.0,1.0,100,inter,0
network_log_20261001_143101_car,10/1 14:31 차량,car,cell,52513034,205129,112.4,131.7,19.3,0,5,1,0,36.1,36.2,1.0,1.86,-86.2,-88.0,-85.0,-86.0,1.0,100,inter,0
network_log_20261001_143101_car,10/1 14:31 차량,car,cell,50990865,199183,131.7,145.4,13.7,0,3,1,0,85.5,85.6,1.0,4.36,-85.3,-86.0,-86.0,-84.0,1.0,100,sector,0
network_log_20261001_143101_car,10/1 14:31 차량,car,cell,50990864,199183,145.4,187.3,42.0,0,10,1,0,161.7,165.9,1.0,4.39,-69.2,-73.0,-71.0,-63.0,1.0,100,inter,0
network_log_20261001_143101_car,10/1 14:31 차량,car,cell,50991887,199187,187.3,300.0,112.6,0,23,1,0,318.8,329.3,1.0,3.03,-72.1,-79.0,-79.0,-73.0,1.0,100,inter,0
network_log_20261001_143101_car,10/1 14:31 차량,car,cell,50992675,199190,300.0,304.4,4.4,0,2,1,0,33.1,33.1,1.0,9.46,-69.0,-69.0,-69.0,-69.0,1.0,100,inter,0
network_log_20261001_143101_car,10/1 14:31 차량,car,cell,50991885,199187,304.4,337.8,33.4,0,8,1,0,48.5,54.3,1.0,2.63,-79.0,-84.0,-74.0,-80.0,1.0,100,inter,0
network_log_20261001_143101_car,10/1 14:31 차량,car,cell,50992652,199190,337.8,344.4,6.6,0,2,1,0,58.3,58.3,1.0,8.65,-69.0,-69.0,-69.0,-69.0,1.0,100,inter,1
network_log_20261001_143101_car,10/1 14:31 차량,car,cell,50991885,199187,344.4,356.4,12.0,0,3,1,0,138.6,138.7,1.0,11.16,-76.0,-78.0,-78.0,-72.0,1.0,100,inter,0
network_log_20261001_143101_car,10/1 14:31 차량,car,cell,50991631,199186,356.4,360.3,3.9,0,1,1,0,40.6,40.6,1.0,11.1,-76.0,-76.0,-76.0,-76.0,1.0,100,sector,0
network_log_20261001_143101_car,10/1 14:31 차량,car,cell,50991629,199186,360.3,476.0,115.7,0,24,1,0,281.0,285.7,0.96,2.86,-73.7,-76.0,-74.0,-74.0,1.0,100,sector,0
network_log_20261001_143101_car,10/1 14:31 차량,car,cell,50991633,199186,476.0,513.0,37.0,0,9,1,0,301.3,302.1,1.0,8.1,-76.7,-80.0,-80.0,-77.0,1.0,100,inter,0
network_log_20261001_143101_car,10/1 14:31 차량,car,cell,50990608,199182,513.0,594.3,81.3,0,17,1,0,105.3,108.6,1.0,1.45,-75.8,-82.0,-78.0,-82.0,1.0,100,sector,0
network_log_20261001_143101_car,10/1 14:31 차량,car,cell,50990609,199182,594.3,625.4,31.1,0,7,1,0,26.7,26.8,0.57,1.33,-84.7,-85.0,-85.0,-85.0,1.0,100,inter,0
network_log_20261001_143101_car,10/1 14:31 차량,car,cell,50997264,199208,625.4,629.5,4.1,0,2,1,0,26.1,26.1,1.0,5.85,-73.0,-73.0,-73.0,-73.0,1.0,100,inter,1
network_log_20261001_143101_car,10/1 14:31 차량,car,cell,50990609,199182,629.5,642.4,12.9,0,3,1,0,116.6,116.6,1.0,8.99,-72.3,-73.0,-73.0,-71.0,1.0,100,inter,0
network_log_20261001_143101_car,10/1 14:31 차량,car,cell,50990861,199183,642.4,658.8,16.4,0,4,1,0,186.7,186.9,1.0,10.5,-72.8,-77.0,-68.0,-77.0,1.0,100,inter,0
network_log_20261001_143101_car,10/1 14:31 차량,car,cell,50997516,199209,658.8,669.2,10.4,0,3,1,0,96.6,96.6,1.0,9.09,-74.0,-76.0,-76.0,-70.0,1.0,100,inter,0
network_log_20261001_143101_car,10/1 14:31 차량,car,cell,50993424,199193,669.2,670.3,1.1,0,1,1,0,0.0,0.0,1.0,10.62,-80.0,-80.0,-80.0,-80.0,1.0,100,inter,0
network_log_20261001_143101_car,10/1 14:31 차량,car,cell,50997517,199209,670.3,746.1,75.9,0,16,1,0,295.5,295.9,1.0,4.12,-72.1,-78.0,-75.0,-78.0,1.0,100,inter,0
network_log_20261001_143101_car,10/1 14:31 차량,car,cell,50990861,199183,746.1,749.7,3.6,0,2,1,0,33.1,33.1,1.0,8.11,-91.0,-91.0,-91.0,-91.0,1.0,100,inter,0
network_log_20261001_143101_car,10/1 14:31 차량,car,cell,50992142,199188,749.7,751.2,1.4,0,1,1,0,18.5,18.5,1.0,8.84,-85.0,-85.0,-85.0,-85.0,1.0,100,sector,0
network_log_20261001_143101_car,10/1 14:31 차량,car,cell,50992141,199188,751.2,755.6,4.5,0,2,1,0,27.9,27.9,1.0,7.77,-78.0,-78.0,-78.0,-78.0,1.0,100,sector,1
network_log_20261001_143101_car,10/1 14:31 차량,car,cell,50992142,199188,755.6,757.8,2.2,0,1,1,0,10.5,10.5,1.0,5.9,-79.0,-79.0,-79.0,-79.0,1.0,100,sector,1
network_log_20261001_143101_car,10/1 14:31 차량,car,cell,50992141,199188,757.8,781.0,23.1,0,6,1,0,27.4,27.5,0.5,3.86,-76.5,-81.0,-75.0,-78.0,1.0,100,sector,1
network_log_20261001_143101_car,10/1 14:31 차량,car,cell,50992142,199188,781.0,830.3,49.3,0,11,1,0,167.7,168.2,1.0,3.61,-76.5,-80.0,-78.0,-79.0,1.0,100,sector,0
network_log_20261001_143101_car,10/1 14:31 차량,car,cell,50992144,199188,830.3,832.8,2.5,0,1,1,0,29.6,29.6,1.0,7.24,-70.0,-70.0,-70.0,-70.0,1.0,100,sector,1
network_log_20261001_143101_car,10/1 14:31 차량,car,cell,50992142,199188,832.8,850.1,17.3,0,5,1,0,129.4,132.0,1.0,7.89,-76.2,-78.0,-76.0,-78.0,1.0,100,inter,0
network_log_20261001_143101_car,10/1 14:31 차량,car,cell,51206158,200024,850.1,852.5,2.4,0,1,1,0,19.4,19.4,1.0,9.58,-85.0,-85.0,-85.0,-85.0,1.0,100,inter,1
network_log_20261001_143101_car,10/1 14:31 차량,car,cell,50992142,199188,852.5,856.4,3.9,0,2,1,0,40.3,40.3,1.0,9.96,-87.0,-87.0,-87.0,-87.0,1.0,100,inter,1
network_log_20261001_143101_car,10/1 14:31 차량,car,cell,51206158,200024,856.4,862.6,6.2,0,2,1,0,67.1,67.1,1.0,9.07,-75.0,-75.0,-75.0,-75.0,1.0,100,sector,0
network_log_20261001_143101_car,10/1 14:31 차량,car,cell,51206156,200024,862.6,867.4,4.8,0,2,1,0,34.6,34.6,1.0,8.49,-87.0,-87.0,-87.0,-87.0,1.0,100,inter,0
network_log_20261001_143101_car,10/1 14:31 차량,car,cell,51019807,199296,867.4,878.3,10.9,0,3,1,0,95.7,95.7,1.0,8.88,-82.0,-83.0,-83.0,-80.0,1.0,100,inter,0
network_log_20261001_143101_car,10/1 14:31 차량,car,cell,51019534,199295,878.3,885.2,6.9,0,2,1,0,77.2,77.2,1.0,10.0,-92.5,-96.0,-96.0,-89.0,1.0,100,band,0
network_log_20261001_143101_car,10/1 14:31 차량,car,cell,51019527,199295,885.2,887.5,2.4,0,1,1,0,8.9,8.9,1.0,5.63,-68.0,-68.0,-68.0,-68.0,1.0,2600,inter,1
network_log_20261001_143101_car,10/1 14:31 차량,car,cell,51019807,199296,887.5,890.7,3.1,0,2,1,0,12.2,12.2,1.0,3.22,-95.0,-95.0,-95.0,-95.0,1.0,100,sector,0
network_log_20261001_143101_car,10/1 14:31 차량,car,cell,51019789,199296,890.7,971.6,80.9,0,17,1,0,235.0,235.5,0.76,3.77,-86.9,-92.0,-92.0,-78.0,1.0,100,sector,0
network_log_20261001_143101_car,10/1 14:31 차량,car,cell,51019792,199296,971.6,987.3,15.7,0,4,1,0,207.1,207.1,1.0,13.42,-76.0,-83.0,-74.0,-83.0,1.0,100,inter,0
network_log_20261001_143101_car,10/1 14:31 차량,car,cell,51017488,199287,987.3,1015.1,27.8,0,7,1,0,181.9,183.4,1.0,7.15,-85.6,-92.0,-91.0,-82.0,1.0,100,inter,0
network_log_20261001_143101_car,10/1 14:31 차량,car,cell,51018014,199289,1015.1,1018.6,3.5,0,1,1,0,46.4,46.4,1.0,10.95,-86.0,-86.0,-86.0,-86.0,1.0,100,inter,1
network_log_20261001_143101_car,10/1 14:31 차량,car,cell,51017488,199287,1018.6,1028.8,10.2,0,3,1,0,93.5,93.5,1.0,11.51,-87.3,-88.0,-88.0,-86.0,1.0,100,inter,0
network_log_20261001_143101_car,10/1 14:31 차량,car,cell,50811167,198481,1028.8,1097.7,68.9,0,14,1,0,89.9,90.0,0.36,3.99,-79.4,-84.0,-84.0,-73.0,1.0,100,sector,0
network_log_20261001_143101_car,10/1 14:31 차량,car,cell,50811153,198481,1097.7,1101.0,3.3,0,2,1,0,28.5,28.5,1.0,7.0,-76.0,-76.0,-76.0,-76.0,1.0,100,sector,1
network_log_20261001_143101_car,10/1 14:31 차량,car,cell,50811167,198481,1101.0,1104.0,3.1,0,1,1,0,17.2,17.2,1.0,7.89,-88.0,-88.0,-88.0,-88.0,1.0,100,sector,0
network_log_20261001_143101_car,10/1 14:31 차량,car,cell,50811149,198481,1104.0,1118.0,13.9,0,4,1,0,160.0,160.0,1.0,10.42,-83.8,-85.0,-85.0,-82.0,1.0,100,sector,1
network_log_20261001_143101_car,10/1 14:31 차량,car,cell,50811167,198481,1118.0,1120.9,2.9,0,2,1,0,48.4,48.4,1.0,12.43,-82.0,-82.0,-82.0,-82.0,1.0,100,sector,1
network_log_20261001_143101_car,10/1 14:31 차량,car,cell,50811149,198481,1120.9,1123.4,2.5,0,1,1,0,20.9,20.9,1.0,11.11,-86.0,-86.0,-86.0,-86.0,1.0,100,sector,1
network_log_20261001_143101_car,10/1 14:31 차량,car,cell,50811167,198481,1123.4,1127.2,3.8,0,2,1,0,32.1,32.1,1.0,9.73,-93.0,-93.0,-93.0,-93.0,1.0,100,inter,0
network_log_20261001_143101_car,10/1 14:31 차량,car,cell,51208993,200035,1127.2,1146.6,19.4,0,5,1,0,24.4,24.4,0.4,4.92,-88.8,-92.0,-86.0,-90.0,1.0,100,inter,0
network_log_20261001_143101_car,10/1 14:31 차량,car,cell,52528927,205191,1146.6,1150.8,4.2,0,2,1,0,25.4,25.4,1.0,5.22,-88.0,-88.0,-88.0,-88.0,1.0,100,inter,0
network_log_20261001_143101_car,10/1 14:31 차량,car,cell,50810639,198479,1150.8,1189.3,38.5,0,8,1,0,519.4,522.5,1.0,12.95,-83.5,-93.0,-90.0,-93.0,1.0,100,sector,0
network_log_20261001_143101_car,10/1 14:31 차량,car,cell,50810655,198479,1189.3,1191.4,2.0,0,1,1,0,28.4,28.4,1.0,13.59,-99.0,-99.0,-99.0,-99.0,1.0,100,sector,0
network_log_20261001_143101_car,10/1 14:31 차량,car,cell,50810642,198479,1191.4,1194.4,3.0,0,1,1,0,27.0,27.0,1.0,13.46,-96.0,-96.0,-96.0,-96.0,1.0,100,sector,0
network_log_20261001_143101_car,10/1 14:31 차량,car,cell,50810647,198479,1194.4,1203.9,9.5,0,2,1,0,139.0,139.0,1.0,13.73,-92.0,-94.0,-94.0,-90.0,1.0,100,inter,0
network_log_20261001_143101_car,10/1 14:31 차량,car,cell,51019278,199294,1203.9,1239.2,35.3,0,8,1,0,87.7,87.9,0.62,7.51,-85.6,-89.0,-82.0,-88.0,1.0,100,inter,0
network_log_20261001_143101_car,10/1 14:31 차량,car,cell,50810647,198479,1239.2,1265.9,26.7,0,7,1,0,29.0,30.0,1.0,1.2,-80.1,-82.0,-80.0,-81.0,1.0,100,inter,1
network_log_20261001_143101_car,10/1 14:31 차량,car,cell,51019278,199294,1265.9,1278.7,12.8,0,3,1,0,169.1,169.1,1.0,10.74,-81.7,-82.0,-82.0,-81.0,1.0,100,sector,0
network_log_20261001_143101_car,10/1 14:31 차량,car,cell,51019281,199294,1278.7,1289.1,10.4,0,3,1,0,110.1,110.1,1.0,12.61,-80.7,-81.0,-81.0,-80.0,1.0,100,inter,0
network_log_20261001_143101_car,10/1 14:31 차량,car,cell,50810896,198480,1289.1,1319.7,30.6,0,7,1,0,30.1,33.3,1.0,2.06,-72.0,-75.0,-74.0,-70.0,1.0,100,inter,0
network_log_20261001_143101_car,10/1 14:31 차량,car,cell,51019281,199294,1319.7,1328.4,8.7,0,3,1,0,86.0,86.0,1.0,7.91,-69.0,-69.0,-69.0,-69.0,1.0,100,inter,1
network_log_20261001_143101_car,10/1 14:31 차량,car,cell,50810896,198480,1328.4,1331.4,3.0,0,2,1,0,53.4,53.4,1.0,13.46,-77.0,-77.0,-77.0,-77.0,1.0,100,inter,0
network_log_20261001_143101_car,10/1 14:31 차량,car,cell,51019025,199293,1331.4,1349.9,18.5,0,4,1,0,202.5,202.6,1.0,12.24,-77.2,-79.0,-77.0,-79.0,1.0,100,sector,0
network_log_20261001_143101_car,10/1 14:31 차량,car,cell,51019020,199293,1349.9,1413.2,63.2,0,13,1,0,65.5,66.7,1.0,1.11,-78.8,-82.0,-79.0,-81.0,1.0,100,sector,0
network_log_20261001_143101_car,10/1 14:31 차량,car,cell,51019022,199293,1413.2,1433.8,20.6,0,5,1,0,238.7,242.9,1.0,11.2,-80.0,-84.0,-83.0,-84.0,1.0,100,inter,0
network_log_20261001_143101_car,10/1 14:31 차량,car,cell,51025423,199318,1433.8,1456.9,23.2,0,6,1,0,71.3,71.4,1.0,4.02,-92.2,-95.0,-95.0,-90.0,1.0,100,sector,0
network_log_20261001_143101_car,10/1 14:31 차량,car,cell,51025422,199318,1456.9,1458.6,1.6,0,1,1,0,21.1,21.1,1.0,10.19,-86.0,-86.0,-86.0,-86.0,1.0,100,sector,1
network_log_20261001_143101_car,10/1 14:31 차량,car,cell,51025423,199318,1458.6,1463.4,4.8,0,2,1,0,48.5,48.5,1.0,11.35,-84.0,-84.0,-84.0,-84.0,1.0,100,sector,1
network_log_20261001_143101_car,10/1 14:31 차량,car,cell,51025422,199318,1463.4,1465.0,1.6,0,1,1,0,25.5,25.5,1.0,12.77,-84.0,-84.0,-84.0,-84.0,1.0,100,sector,1
network_log_20261001_143101_car,10/1 14:31 차량,car,cell,51025423,199318,1465.0,1474.3,9.3,0,3,1,0,93.2,93.2,1.0,12.63,-85.0,-85.0,-85.0,-85.0,1.0,100,sector,1
network_log_20261001_143101_car,10/1 14:31 차량,car,cell,51025422,199318,1474.3,1477.4,3.2,0,2,1,0,30.9,30.9,1.0,8.52,-81.0,-81.0,-81.0,-81.0,1.0,100,sector,1
network_log_20261001_143101_car,10/1 14:31 차량,car,cell,51025423,199318,1477.4,1510.1,32.7,0,7,1,0,46.8,46.8,0.57,4.31,-81.9,-86.0,-80.0,-86.0,1.0,100,sector,0
network_log_20261001_143101_car,10/1 14:31 차량,car,cell,51025443,199318,1510.1,1510.6,0.5,0,1,1,0,,,0.0,,-86.0,-86.0,-86.0,-86.0,1.0,100,sector,0
network_log_20261001_143101_car,10/1 14:31 차량,car,cell,51025422,199318,1510.6,1585.8,75.3,0,15,1,0,500.3,500.5,0.87,7.25,-74.5,-82.0,-80.0,-80.0,1.0,100,inter,0
network_log_20261001_143101_car,10/1 14:31 차량,car,cell,51024913,199316,1585.8,1587.1,1.3,0,1,1,0,0.0,0.0,1.0,13.44,-82.0,-82.0,-82.0,-82.0,1.0,100,sector,0
network_log_20261001_143101_car,10/1 14:31 차량,car,cell,51024908,199316,1587.1,1590.0,2.9,0,1,1,0,52.8,52.8,1.0,13.44,-72.0,-72.0,-72.0,-72.0,1.0,100,sector,1
network_log_20261001_143101_car,10/1 14:31 차량,car,cell,51024913,199316,1590.0,1603.9,13.8,0,4,1,0,178.3,178.5,1.0,13.18,-69.8,-76.0,-69.0,-76.0,1.0,100,inter,0
network_log_20261001_143101_car,10/1 14:31 차량,car,cell,52544784,205253,1603.9,1608.0,4.1,0,2,1,0,34.8,34.8,1.0,9.41,-77.0,-77.0,-77.0,-77.0,1.0,100,inter,0
network_log_20261001_143101_car,10/1 14:31 차량,car,cell,51024910,199316,1608.0,1680.0,72.0,0,15,1,0,165.5,165.9,0.8,3.04,-73.9,-83.0,-83.0,-71.0,1.0,100,sector,0
network_log_20261001_143101_car,10/1 14:31 차량,car,cell,51024909,199316,1680.0,1690.7,10.7,0,3,1,0,69.7,69.7,1.0,9.45,-79.3,-82.0,-78.0,-82.0,1.0,100,sector,0
network_log_20261001_143101_car,10/1 14:31 차량,car,cell,51024931,199316,1690.7,1695.6,4.9,0,2,1,0,0.0,0.0,1.0,1.22,-77.0,-77.0,-77.0,-77.0,1.0,100,sector,1
network_log_20261001_143101_car,10/1 14:31 차량,car,cell,51024909,199316,1695.6,1708.1,12.5,0,4,1,0,13.0,13.0,0.25,5.55,-77.2,-78.0,-77.0,-78.0,1.0,100,sector,1
network_log_20261001_143101_car,10/1 14:31 차량,car,cell,51024931,199316,1708.1,1714.4,6.3,0,2,1,0,50.4,50.4,1.0,7.67,-79.0,-79.0,-79.0,-79.0,1.0,100,sector,1
network_log_20261001_143101_car,10/1 14:31 차량,car,cell,51024909,199316,1714.4,1727.6,13.3,0,4,1,0,117.0,117.1,1.0,8.58,-79.5,-81.0,-81.0,-75.0,1.0,100,inter,0
network_log_20261001_143101_car,10/1 14:31 차량,car,cell,52559116,205309,1727.6,1736.4,8.7,0,2,1,0,61.1,61.1,1.0,6.22,-70.0,-70.0,-70.0,-70.0,1.0,100,inter,1
network_log_20261001_143101_car,10/1 14:31 차량,car,cell,51024909,199316,1736.4,1739.9,3.5,0,1,1,0,43.0,43.0,1.0,9.52,-80.0,-80.0,-80.0,-80.0,1.0,100,inter,0
network_log_20261001_143101_car,10/1 14:31 차량,car,cell,52558604,205307,1739.9,1741.4,1.5,0,1,1,0,0.0,0.0,1.0,11.61,-86.0,-86.0,-86.0,-86.0,1.0,100,sector,0
network_log_20261001_143101_car,10/1 14:31 차량,car,cell,52558607,205307,1741.4,1768.6,27.2,0,6,1,0,146.4,179.5,1.0,6.89,-75.8,-83.0,-83.0,-75.0,1.0,100,sector,1
network_log_20261001_143101_car,10/1 14:31 차량,car,cell,52558604,205307,1768.6,1849.2,80.5,0,17,1,0,155.3,156.1,0.59,3.94,-77.5,-82.0,-73.0,-79.0,1.0,100,inter,0
network_log_20261001_143101_car,10/1 14:31 차량,car,cell,52558860,205308,1849.2,1852.9,3.7,0,2,1,0,44.7,44.7,1.0,11.0,-84.0,-84.0,-84.0,-84.0,1.0,100,sector,0
network_log_20261001_143101_car,10/1 14:31 차량,car,cell,52558861,205308,1852.9,1859.3,6.4,0,2,1,0,76.8,76.8,1.0,12.5,-84.0,-84.0,-84.0,-84.0,1.0,100,sector,0
network_log_20261001_143101_car,10/1 14:31 차량,car,cell,52558879,205308,1859.3,1940.0,80.7,0,17,1,0,350.1,351.3,1.0,4.7,-74.4,-85.0,-85.0,-75.0,1.0,100,sector,0
network_log_20261001_143101_car,10/1 14:31 차량,car,cell,52558862,205308,1940.0,1948.5,8.6,0,3,1,0,119.3,119.3,1.0,13.15,-70.0,-74.0,-74.0,-62.0,1.0,100,inter,0
network_log_20261001_143101_car,10/1 14:31 차량,car,cell,52559136,205309,1948.5,1957.3,8.7,0,2,1,0,70.4,70.4,1.0,11.96,-76.0,-76.0,-76.0,-76.0,1.0,100,inter,1
network_log_20261001_143101_car,10/1 14:31 차량,car,cell,52558862,205308,1957.3,1962.3,5.0,0,1,1,0,16.0,16.0,1.0,3.68,-77.0,-77.0,-77.0,-77.0,1.0,100,inter,0
network_log_20261001_143101_car,10/1 14:31 차량,car,cell,52549135,205270,1962.3,2156.2,193.9,0,39,1,0,348.9,420.2,0.97,2.13,-71.9,-83.0,-82.0,-67.0,1.0,100,sector,0
network_log_20261001_143101_car,10/1 14:31 차량,car,cell,52549131,205270,2156.2,2157.9,1.7,0,1,1,0,2.7,2.7,1.0,1.19,-67.0,-67.0,-67.0,-67.0,1.0,100,sector,1
network_log_20261001_143101_car,10/1 14:31 차량,car,cell,52549135,205270,2157.9,2161.3,3.4,0,1,1,0,3.9,3.9,1.0,1.17,-63.0,-63.0,-63.0,-63.0,1.0,100,sector,1
network_log_20261001_143101_car,10/1 14:31 차량,car,cell,52549131,205270,2161.3,2308.4,147.2,1,31,1,0,185.7,187.5,1.0,1.12,-65.9,-70.0,-64.0,-70.0,1.0,100,,0
