session,label,activity,level,key,enb,t_start,t_end,dwell_s,censored,n_rows,n_cells,n_intra_ho,straight_m,path_m,coord_share,speed_mean,rsrp_mean,rsrp_min,rsrp_first,rsrp_last,nr_share,arfcn,end_type,end_pp
network_log_20260804_222034_unknown,8/4 차량,car,enb,205001,205001,0.0,5.0,5.0,1,2,1,0,,,0.0,,-76.0,-76.0,-76.0,-76.0,1.0,100,inter,0
network_log_20260804_222034_unknown,8/4 차량,car,enb,205046,205046,5.0,19.3,14.3,0,3,1,0,,,0.0,,-71.3,-76.0,-76.0,-71.0,1.0,100,inter,0
network_log_20260804_222034_unknown,8/4 차량,car,enb,199030,199030,19.3,67.6,48.4,0,12,2,1,,,0.0,,-79.1,-81.0,-78.0,-81.0,1.0,100,inter,0
network_log_20260804_222034_unknown,8/4 차량,car,enb,205046,205046,67.6,79.3,11.7,0,3,1,0,,,0.0,,-78.7,-81.0,-81.0,-74.0,1.0,100,inter,0
network_log_20260804_222034_unknown,8/4 차량,car,enb,204996,204996,79.3,96.7,17.3,0,9,4,4,322.8,322.9,0.67,17.1,-78.3,-85.0,-85.0,-73.0,1.0,100,inter,0
network_log_20260804_222034_unknown,8/4 차량,car,enb,205093,205093,96.7,109.4,12.7,0,3,1,0,210.7,211.6,1.0,17.8,-68.3,-77.0,-77.0,-51.0,1.0,100,inter,0
network_log_20260804_222034_unknown,8/4 차량,car,enb,204996,204996,109.4,110.2,0.8,0,1,1,0,33.6,33.6,1.0,17.19,-87.0,-87.0,-87.0,-87.0,1.0,100,inter,0
network_log_20260804_222034_unknown,8/4 차량,car,enb,205005,205005,110.2,121.5,11.2,0,3,1,0,196.8,197.7,1.0,16.49,-83.3,-86.0,-86.0,-80.0,1.0,100,inter,0
network_log_20260804_222034_unknown,8/4 차량,car,enb,205004,205004,121.5,132.9,11.5,0,5,2,3,157.2,157.3,1.0,15.64,-79.0,-83.0,-70.0,-83.0,1.0,100,inter,0
network_log_20260804_222034_unknown,8/4 차량,car,enb,205005,205005,132.9,146.7,13.7,0,4,1,0,172.0,172.1,1.0,12.84,-82.0,-87.0,-87.0,-80.0,1.0,100,inter,0
network_log_20260804_222034_unknown,8/4 차량,car,enb,205077,205077,146.7,212.9,66.2,0,14,1,0,170.3,170.8,0.79,3.46,-66.2,-79.0,-79.0,-70.0,1.0,100,inter,0
network_log_20260804_222034_unknown,8/4 차량,car,enb,205090,205090,212.9,245.6,32.8,0,10,5,5,329.6,329.8,1.0,9.65,-70.7,-81.0,-78.0,-81.0,1.0,100,inter,0
network_log_20260804_222034_unknown,8/4 차량,car,enb,205070,205070,245.6,255.2,9.5,0,2,1,0,79.1,79.1,1.0,9.6,-77.0,-78.0,-76.0,-78.0,1.0,100,inter,0
network_log_20260804_222034_unknown,8/4 차량,car,enb,205054,205054,255.2,255.7,0.5,0,1,1,0,20.5,20.5,1.0,9.96,-79.0,-79.0,-79.0,-79.0,1.0,100,inter,1
network_log_20260804_222034_unknown,8/4 차량,car,enb,205070,205070,255.7,260.7,5.0,0,1,1,0,46.9,46.9,1.0,10.39,-71.0,-71.0,-71.0,-71.0,1.0,100,inter,1
network_log_20260804_222034_unknown,8/4 차량,car,enb,205054,205054,260.7,267.1,6.5,0,2,1,0,85.4,85.4,1.0,14.07,-79.0,-88.0,-70.0,-88.0,1.0,100,inter,0
network_log_20260804_222034_unknown,8/4 차량,car,enb,205070,205070,267.1,268.7,1.5,0,1,1,0,32.7,32.7,1.0,15.36,-82.0,-82.0,-82.0,-82.0,1.0,100,inter,0
network_log_20260804_222034_unknown,8/4 차량,car,enb,205069,205069,268.7,280.7,12.0,0,3,1,0,191.3,191.3,1.0,15.99,-80.3,-81.0,-81.0,-79.0,1.0,100,inter,0
network_log_20260804_222034_unknown,8/4 차량,car,enb,205077,205077,280.7,283.9,3.2,0,1,1,0,61.5,61.5,1.0,15.24,-66.0,-66.0,-66.0,-66.0,1.0,100,inter,0
network_log_20260804_222034_unknown,8/4 차량,car,enb,205053,205053,283.9,298.4,14.5,0,6,3,2,205.1,205.2,1.0,14.73,-85.0,-90.0,-83.0,-82.0,1.0,100,inter,0
network_log_20260804_222034_unknown,8/4 차량,car,enb,205056,205056,298.4,315.7,17.3,0,4,1,0,189.2,189.2,1.0,11.62,-70.8,-72.0,-71.0,-69.0,1.0,100,inter,0
network_log_20260804_222034_unknown,8/4 차량,car,enb,205053,205053,315.7,319.1,3.5,0,2,1,0,18.3,18.3,1.0,9.47,-68.0,-68.0,-68.0,-68.0,1.0,100,inter,0
network_log_20260804_222034_unknown,8/4 차량,car,enb,198534,198534,319.1,328.1,8.9,0,3,1,0,95.7,95.8,1.0,9.34,-67.7,-69.0,-69.0,-65.0,1.0,100,inter,1
network_log_20260804_222034_unknown,8/4 차량,car,enb,205053,205053,328.1,335.8,7.7,0,2,1,0,19.4,19.4,1.0,10.15,-72.5,-74.0,-71.0,-74.0,1.0,100,inter,1
network_log_20260804_222034_unknown,8/4 차량,car,enb,198534,198534,335.8,338.4,2.5,0,1,1,0,,,0.0,,-66.0,-66.0,-66.0,-66.0,1.0,100,inter,0
network_log_20260804_222034_unknown,8/4 차량,car,enb,200180,200180,338.4,357.4,19.1,0,5,1,0,,,0.0,,-66.6,-81.0,-81.0,-52.0,1.0,100,inter,0
network_log_20260804_222034_unknown,8/4 차량,car,enb,200183,200183,357.4,410.6,53.2,0,11,1,0,,,0.0,,-82.5,-93.0,-81.0,-82.0,1.0,100,inter,0
network_log_20260804_222034_unknown,8/4 차량,car,enb,200180,200180,410.6,450.6,40.0,0,11,3,2,,,0.0,,-71.8,-82.0,-77.0,-50.0,1.0,100,inter,0
network_log_20260804_222034_unknown,8/4 차량,car,enb,200068,200068,450.6,591.4,140.8,1,33,4,4,,,0.0,,-72.3,-100.0,-87.0,-57.0,1.0,100,,0
network_log_20260816_122412_unknown,8/16 차량,car,enb,201006,201006,0.0,42.8,42.8,1,11,2,1,709.7,815.3,1.0,8.83,-83.0,-90.0,-87.0,-80.0,1.0,100,inter,0
network_log_20260816_122412_unknown,8/16 차량,car,enb,200996,200996,42.8,47.0,4.2,0,2,1,0,4.8,4.8,1.0,1.31,-81.0,-81.0,-81.0,-81.0,1.0,100,inter,1
network_log_20260816_122412_unknown,8/16 차량,car,enb,201006,201006,47.0,60.2,13.2,0,3,1,0,108.9,108.9,1.0,5.35,-88.0,-88.0,-88.0,-88.0,1.0,100,inter,1
network_log_20260816_122412_unknown,8/16 차량,car,enb,200996,200996,60.2,90.2,30.1,0,6,1,0,634.2,634.3,1.0,19.12,-92.0,-96.0,-96.0,-89.0,1.0,100,inter,0
network_log_20260816_122412_unknown,8/16 차량,car,enb,201005,201005,90.2,210.6,120.4,0,24,2,1,799.4,799.8,0.46,16.43,-103.9,-111.0,-96.0,-106.0,0.71,100,inter,0
network_log_20260816_122412_unknown,8/16 차량,car,enb,202574,202574,210.6,230.7,20.1,0,4,1,0,,,0.0,,-102.5,-104.0,-101.0,-104.0,0.25,3050,inter,0
network_log_20260816_122412_unknown,8/16 차량,car,enb,201005,201005,230.7,231.7,1.0,0,1,1,0,,,0.0,,-103.0,-103.0,-103.0,-103.0,0.0,3050,inter,1
network_log_20260816_122412_unknown,8/16 차량,car,enb,202574,202574,231.7,240.7,9.0,0,2,1,0,78.3,78.3,0.5,6.15,-99.0,-99.0,-99.0,-99.0,1.0,3050,inter,1
network_log_20260816_122412_unknown,8/16 차량,car,enb,201005,201005,240.7,260.7,20.1,0,4,1,0,316.8,318.6,1.0,15.99,-94.5,-96.0,-93.0,-96.0,0.25,3050,inter,0
network_log_20260816_122412_unknown,8/16 차량,car,enb,202574,202574,260.7,270.8,10.0,0,2,1,0,135.9,135.9,1.0,12.96,-99.0,-99.0,-99.0,-99.0,0.0,3050,inter,0
network_log_20260816_122412_unknown,8/16 차량,car,enb,200784,200784,270.8,571.7,300.9,0,60,9,9,3705.7,3740.8,0.95,13.16,-98.0,-111.0,-101.0,-90.0,0.45,3050,inter,0
network_log_20260816_122412_unknown,8/16 차량,car,enb,202618,202618,571.7,652.0,80.3,0,16,2,1,960.2,987.5,1.0,12.49,-102.9,-110.0,-110.0,-102.0,0.44,100,inter,0
network_log_20260816_122412_unknown,8/16 차량,car,enb,202617,202617,652.0,662.0,10.0,0,2,1,0,111.1,111.1,1.0,11.14,-98.0,-98.0,-98.0,-98.0,0.0,2600,inter,0
network_log_20260816_122412_unknown,8/16 차량,car,enb,202618,202618,662.0,792.4,130.4,0,26,3,3,1024.0,1045.9,0.81,9.82,-93.6,-101.0,-88.0,-101.0,0.54,100,inter,0
network_log_20260816_122412_unknown,8/16 차량,car,enb,202704,202704,792.4,868.8,76.4,0,16,3,2,1072.7,1072.8,1.0,14.21,-91.9,-102.0,-96.0,-92.0,0.52,2600,inter,0
network_log_20260816_122412_unknown,8/16 차량,car,enb,203700,203700,868.8,877.0,8.2,0,2,1,0,156.4,157.1,1.0,20.34,-110.0,-110.0,-110.0,-110.0,0.0,3050,inter,0
network_log_20260816_122412_unknown,8/16 차량,car,enb,202765,202765,877.0,892.7,15.7,0,4,1,0,355.2,355.3,1.0,20.7,-102.0,-105.0,-99.0,-105.0,0.0,2600,inter,0
network_log_20260816_122412_unknown,8/16 차량,car,enb,203700,203700,892.7,962.9,70.2,0,14,4,3,1148.9,1348.5,1.0,19.71,-101.7,-108.0,-97.0,-99.0,0.36,2600,inter,0
network_log_20260816_122412_unknown,8/16 차량,car,enb,202763,202763,962.9,1113.3,150.4,0,30,5,4,2514.3,2519.0,1.0,16.79,-94.7,-107.0,-106.0,-103.0,0.27,2600,inter,0
network_log_20260816_122412_unknown,8/16 차량,car,enb,204058,204058,1113.3,1133.4,20.1,0,4,1,0,330.4,330.6,1.0,16.74,-84.0,-90.0,-90.0,-78.0,1.0,100,inter,0
network_log_20260816_122412_unknown,8/16 차량,car,enb,204052,204052,1133.4,1143.4,10.0,0,2,1,0,160.4,160.4,1.0,16.19,-95.0,-95.0,-95.0,-95.0,0.5,100,inter,0
network_log_20260816_122412_unknown,8/16 차량,car,enb,204059,204059,1143.4,1153.4,10.0,0,2,1,0,159.7,159.7,1.0,16.25,-102.0,-102.0,-102.0,-102.0,0.0,100,inter,0
network_log_20260816_122412_unknown,8/16 차량,car,enb,204049,204049,1153.4,1263.8,110.3,0,22,3,2,1320.3,1320.3,1.0,11.95,-95.5,-104.0,-100.0,-98.0,0.41,100,inter,0
network_log_20260816_122412_unknown,8/16 차량,car,enb,204036,204036,1263.8,1363.6,99.9,0,20,4,3,1124.0,1124.0,1.0,11.44,-91.1,-101.0,-91.0,-95.0,0.45,100,inter,0
network_log_20260816_122412_unknown,8/16 차량,car,enb,198802,198802,1363.6,1374.1,10.5,0,3,1,0,105.8,105.8,1.0,8.48,-107.0,-107.0,-107.0,-107.0,0.52,100,inter,0
network_log_20260816_122412_unknown,8/16 차량,car,enb,204030,204030,1374.1,1421.1,46.9,0,10,1,0,354.8,355.2,1.0,7.88,-85.2,-103.0,-103.0,-89.0,0.21,100,inter,0
network_log_20260816_122412_unknown,8/16 차량,car,enb,198802,198802,1421.1,1434.3,13.3,0,3,1,0,132.3,132.3,1.0,8.8,-106.0,-106.0,-106.0,-106.0,0.0,100,inter,0
network_log_20260816_122412_unknown,8/16 차량,car,enb,204030,204030,1434.3,1458.9,24.6,0,5,1,0,286.0,286.0,1.0,11.61,-100.2,-107.0,-107.0,-91.0,0.2,100,inter,0
network_log_20260816_122412_unknown,8/16 차량,car,enb,203211,203211,1458.9,1474.4,15.5,0,4,1,0,168.6,168.6,1.0,11.66,-112.0,-113.0,-111.0,-113.0,0.0,100,inter,0
network_log_20260816_122412_unknown,8/16 차량,car,enb,204030,204030,1474.4,1514.6,40.1,0,8,2,1,659.3,669.7,1.0,16.11,-90.5,-97.0,-97.0,-87.0,0.12,100,inter,0
network_log_20260816_122412_unknown,8/16 차량,car,enb,203211,203211,1514.6,1655.0,140.5,0,28,4,4,898.9,1711.8,1.0,12.74,-91.6,-99.0,-96.0,-89.0,0.32,100,inter,0
network_log_20260816_122412_unknown,8/16 차량,car,enb,202100,202100,1655.0,1693.4,38.3,0,8,1,0,262.1,262.4,1.0,6.44,-78.0,-84.0,-84.0,-72.0,0.78,3050,inter,0
network_log_20260816_122412_unknown,8/16 차량,car,enb,203211,203211,1693.4,1728.8,35.4,0,8,1,0,392.9,392.9,1.0,11.27,-100.0,-105.0,-97.0,-105.0,0.14,3050,inter,0
network_log_20260816_122412_unknown,8/16 차량,car,enb,198813,198813,1728.8,1955.9,227.2,0,46,4,4,973.2,987.6,1.0,4.6,-90.2,-105.0,-104.0,-85.0,0.33,3050,inter,0
network_log_20260816_122412_unknown,8/16 차량,car,enb,198812,198812,1955.9,2046.2,90.3,0,18,3,2,877.9,882.6,1.0,8.87,-82.0,-103.0,-77.0,-78.0,0.5,3050,inter,0
network_log_20260816_122412_unknown,8/16 차량,car,enb,198810,198810,2046.2,2066.3,20.1,0,4,2,1,451.1,451.1,1.0,22.65,-80.0,-80.0,-80.0,-80.0,0.0,3050,inter,0
network_log_20260816_122412_unknown,8/16 차량,car,enb,198808,198808,2066.3,2076.3,10.0,0,2,1,0,198.5,198.5,1.0,21.14,-102.0,-102.0,-102.0,-102.0,0.0,3050,inter,0
network_log_20260816_122412_unknown,8/16 차량,car,enb,198810,198810,2076.3,2106.4,30.1,0,7,2,1,623.3,636.8,1.0,20.83,-91.4,-99.0,-74.0,-99.0,0.34,3050,inter,0
network_log_20260816_122412_unknown,8/16 차량,car,enb,198995,198995,2106.4,2116.4,10.0,0,2,1,0,212.7,212.8,1.0,21.63,-102.0,-102.0,-102.0,-102.0,0.0,3050,inter,0
network_log_20260816_122412_unknown,8/16 차량,car,enb,198449,198449,2116.4,2126.5,10.0,0,2,1,0,178.0,178.0,1.0,19.68,-87.0,-87.0,-87.0,-87.0,0.0,3050,inter,1
network_log_20260816_122412_unknown,8/16 차량,car,enb,198995,198995,2126.5,2156.5,30.1,0,6,1,0,287.5,287.6,1.0,9.97,-95.3,-107.0,-83.0,-107.0,0.33,3050,inter,0
network_log_20260816_122412_unknown,8/16 차량,car,enb,198634,198634,2156.5,2206.7,50.2,0,10,2,1,749.4,752.6,1.0,14.63,-90.4,-97.0,-95.0,-95.0,0.5,3050,inter,0
network_log_20260816_122412_unknown,8/16 차량,car,enb,199001,199001,2206.7,2226.8,20.1,0,4,1,0,346.3,347.0,1.0,17.27,-88.8,-94.0,-94.0,-87.0,1.0,3050,inter,0
network_log_20260816_122412_unknown,8/16 차량,car,enb,198446,198446,2226.8,2266.9,40.1,0,8,2,1,540.8,657.6,1.0,16.43,-91.5,-99.0,-94.0,-92.0,1.0,3050,inter,0
network_log_20260816_122412_unknown,8/16 차량,car,enb,198984,198984,2266.9,2276.9,10.0,0,2,1,0,171.6,171.7,1.0,17.16,-93.0,-93.0,-93.0,-93.0,1.0,3050,inter,0
network_log_20260816_122412_unknown,8/16 차량,car,enb,198593,198593,2276.9,2286.9,10.0,0,2,1,0,170.8,172.6,1.0,17.31,-84.0,-84.0,-84.0,-84.0,1.0,3050,inter,0
network_log_20260816_122412_unknown,8/16 차량,car,enb,198984,198984,2286.9,2298.3,11.4,0,3,2,1,168.0,169.6,1.0,14.9,-85.7,-86.0,-86.0,-85.0,1.0,3050,inter,0
network_log_20260816_122412_unknown,8/16 차량,car,enb,198895,198895,2298.3,2327.1,28.7,0,6,1,0,219.9,220.0,1.0,8.3,-84.0,-92.0,-92.0,-79.0,1.0,3050,inter,0
network_log_20260816_122412_unknown,8/16 차량,car,enb,198890,198890,2327.1,2357.2,30.1,0,6,1,0,117.3,120.9,1.0,4.99,-96.0,-99.0,-93.0,-99.0,0.83,3050,inter,0
network_log_20260816_122412_unknown,8/16 차량,car,enb,198895,198895,2357.2,2447.4,90.3,0,18,1,0,106.0,106.1,0.22,4.33,-102.2,-108.0,-101.0,-108.0,0.44,3050,inter,0
network_log_20260816_122412_unknown,8/16 차량,car,enb,198890,198890,2447.4,2658.1,210.7,0,42,3,2,561.1,655.7,0.4,7.14,-87.8,-107.0,-107.0,-79.0,0.55,3050,inter,0
network_log_20260816_122412_unknown,8/16 차량,car,enb,198893,198893,2658.1,2668.1,10.0,0,2,1,0,98.5,98.8,1.0,9.66,-82.0,-82.0,-82.0,-82.0,0.0,3050,inter,0
network_log_20260816_122412_unknown,8/16 차량,car,enb,198890,198890,2668.1,2678.1,10.0,0,2,1,0,116.6,116.6,1.0,11.1,-89.0,-89.0,-89.0,-89.0,0.0,3050,inter,1
network_log_20260816_122412_unknown,8/16 차량,car,enb,198893,198893,2678.1,2688.2,10.0,0,2,1,0,126.0,126.6,1.0,12.66,-88.0,-88.0,-88.0,-88.0,1.0,3050,inter,0
network_log_20260816_122412_unknown,8/16 차량,car,enb,199244,199244,2688.2,2718.3,30.1,0,6,1,0,305.6,309.1,1.0,10.28,-76.0,-84.0,-62.0,-82.0,0.5,3050,inter,0
network_log_20260816_122412_unknown,8/16 차량,car,enb,204885,204885,2718.3,2838.6,120.4,0,24,2,1,701.5,713.9,0.62,9.41,-80.2,-94.0,-93.0,-91.0,0.33,3050,inter,0
network_log_20260816_122412_unknown,8/16 차량,car,enb,204886,204886,2838.6,2848.7,10.0,0,2,1,0,137.6,137.6,1.0,13.45,-68.0,-68.0,-68.0,-68.0,0.0,3050,inter,0
network_log_20260816_122412_unknown,8/16 차량,car,enb,199245,199245,2848.7,2857.7,9.0,0,2,1,0,123.6,123.6,1.0,13.32,-90.0,-90.0,-90.0,-90.0,0.44,3050,inter,0
network_log_20260816_122412_unknown,8/16 차량,car,enb,198424,198424,2857.7,2868.7,11.0,0,3,1,0,41.4,44.5,1.0,6.48,-84.0,-84.0,-84.0,-84.0,0.55,3050,inter,0
network_log_20260816_122412_unknown,8/16 차량,car,enb,199946,199946,2868.7,2878.7,10.0,0,2,1,0,86.1,86.1,1.0,8.38,-79.0,-79.0,-79.0,-79.0,0.0,3050,inter,1
network_log_20260816_122412_unknown,8/16 차량,car,enb,199245,199245,2878.7,2892.2,13.4,0,3,1,0,15.2,20.1,1.0,2.84,-99.7,-103.0,-98.0,-103.0,0.0,3050,inter,1
network_log_20260816_122412_unknown,8/16 차량,car,enb,198424,198424,2892.2,2908.8,16.6,0,4,1,0,20.2,38.7,1.0,2.76,-106.0,-107.0,-105.0,-107.0,0.0,3050,inter,0
network_log_20260816_122412_unknown,8/16 차량,car,enb,199946,199946,2908.8,2951.0,42.2,0,9,1,0,114.9,156.8,1.0,3.72,-91.6,-102.0,-102.0,-82.0,0.52,3050,inter,0
network_log_20260816_122412_unknown,8/16 차량,car,enb,198424,198424,2951.0,3159.6,208.5,0,42,2,1,144.3,187.4,0.93,0.86,-83.3,-109.0,-86.0,-84.0,0.54,3050,inter,0
network_log_20260816_122412_unknown,8/16 차량,car,enb,198482,198482,3159.6,3169.6,10.0,0,2,1,0,12.6,12.6,1.0,1.1,-85.0,-85.0,-85.0,-85.0,0.0,100,inter,0
network_log_20260816_122412_unknown,8/16 차량,car,enb,204884,204884,3169.6,3172.2,2.5,0,1,1,0,2.6,2.6,1.0,1.06,-82.0,-82.0,-82.0,-82.0,0.0,100,inter,1
network_log_20260816_122412_unknown,8/16 차량,car,enb,198424,198424,3172.2,3189.7,17.5,0,4,1,0,20.0,20.6,1.0,1.07,-85.0,-87.0,-87.0,-83.0,0.0,100,inter,1
network_log_20260816_122412_unknown,8/16 차량,car,enb,204884,204884,3189.7,3274.5,84.9,0,17,3,3,34.7,45.7,0.53,0.9,-84.6,-94.0,-74.0,-93.0,0.35,100,inter,0
network_log_20260816_122412_unknown,8/16 차량,car,enb,198424,198424,3274.5,3290.0,15.4,0,4,1,0,6.3,9.0,1.0,1.48,-101.0,-101.0,-101.0,-101.0,0.65,3050,inter,0
network_log_20260816_122412_unknown,8/16 차량,car,enb,204884,204884,3290.0,3302.8,12.8,0,3,2,1,,,0.33,0.53,-115.7,-117.0,-117.0,-113.0,1.0,2600,inter,0
network_log_20260816_122412_unknown,8/16 차량,car,enb,198424,198424,3302.8,3330.1,27.3,0,6,1,0,,,0.0,,-89.3,-90.0,-90.0,-88.0,0.45,2600,inter,1
network_log_20260816_122412_unknown,8/16 차량,car,enb,204884,204884,3330.1,3333.0,2.9,0,1,1,0,,,0.0,,-114.0,-114.0,-114.0,-114.0,0.0,2600,inter,1
network_log_20260816_122412_unknown,8/16 차량,car,enb,198424,198424,3333.0,3350.2,17.1,0,4,1,0,,,0.0,,-93.0,-99.0,-99.0,-87.0,0.0,2600,inter,1
network_log_20260816_122412_unknown,8/16 차량,car,enb,204884,204884,3350.2,3355.2,5.0,0,1,1,0,,,0.0,,-111.0,-111.0,-111.0,-111.0,0.0,2600,inter,1
network_log_20260816_122412_unknown,8/16 차량,car,enb,198424,198424,3355.2,3475.5,120.3,1,26,2,1,77.0,155.6,0.81,0.61,-90.3,-99.0,-81.0,-86.0,0.64,2600,,0
network_log_20260909_165646_subway,9/9 지하철,subway,enb,200136,200136,0.0,36.6,36.6,1,10,1,0,268.5,268.5,0.8,1.23,-95.4,-101.0,-96.0,-84.0,1.0,3050,inter,0
network_log_20260909_165646_subway,9/9 지하철,subway,enb,200138,200138,36.6,77.6,41.0,0,13,4,4,624.9,624.9,1.0,,-85.2,-106.0,-106.0,-97.0,1.0,3050,inter,0
network_log_20260909_165646_subway,9/9 지하철,subway,enb,200139,200139,77.6,153.3,75.6,0,17,2,1,364.1,364.1,1.0,,-89.9,-100.0,-100.0,-85.0,1.0,3050,inter,0
network_log_20260909_165646_subway,9/9 지하철,subway,enb,205096,205096,153.3,174.2,21.0,0,9,3,4,273.2,273.2,1.0,,-88.3,-97.0,-90.0,-92.0,1.0,3050,inter,0
network_log_20260909_165646_subway,9/9 지하철,subway,enb,200137,200137,174.2,277.9,103.7,0,26,4,3,630.8,630.8,1.0,,-85.1,-98.0,-90.0,-83.0,1.0,3050,inter,0
network_log_20260909_165646_subway,9/9 지하철,subway,enb,200194,200194,277.9,374.2,96.3,0,24,4,5,500.1,559.8,1.0,,-89.6,-109.0,-77.0,-94.0,1.0,3050,inter,0
network_log_20260909_165646_subway,9/9 지하철,subway,enb,205098,205098,374.2,418.1,43.9,0,14,3,4,457.7,457.7,1.0,,-86.2,-107.0,-107.0,-82.0,1.0,3050,inter,0
network_log_20260909_165646_subway,9/9 지하철,subway,enb,200193,200193,418.1,488.5,70.4,0,15,1,0,223.7,223.7,1.0,,-86.4,-94.0,-92.0,-94.0,1.0,3050,inter,0
network_log_20260909_165646_subway,9/9 지하철,subway,enb,200251,200251,488.5,507.4,18.9,0,4,1,0,259.7,259.7,1.0,,-91.8,-94.0,-94.0,-89.0,1.0,3050,inter,0
network_log_20260909_165646_subway,9/9 지하철,subway,enb,200250,200250,507.4,523.0,15.6,1,6,2,1,69.1,69.1,1.0,,-97.3,-106.0,-97.0,-106.0,1.0,3050,,0
network_log_20260914_165631_car,9/14 차량,car,enb,205260,205260,0.0,40.1,40.1,1,9,1,0,103.1,107.9,1.0,1.06,-77.1,-80.0,-76.0,-79.0,1.0,100,inter,0
network_log_20260914_165631_car,9/14 차량,car,enb,205270,205270,40.1,70.3,30.1,0,6,1,0,299.8,300.2,1.0,9.38,-75.5,-88.0,-71.0,-88.0,1.0,100,inter,0
network_log_20260914_165631_car,9/14 차량,car,enb,205308,205308,70.3,75.0,4.8,0,1,1,0,41.3,41.3,1.0,9.94,-90.0,-90.0,-90.0,-90.0,1.0,100,inter,0
network_log_20260914_165631_car,9/14 차량,car,enb,205309,205309,75.0,80.3,5.3,0,2,1,0,72.6,72.6,1.0,11.08,-84.0,-84.0,-84.0,-84.0,1.0,100,inter,1
network_log_20260914_165631_car,9/14 차량,car,enb,205308,205308,80.3,95.2,14.8,0,3,1,0,136.8,137.2,1.0,10.61,-77.7,-85.0,-85.0,-73.0,1.0,100,inter,1
network_log_20260914_165631_car,9/14 차량,car,enb,205309,205309,95.2,100.4,5.2,0,2,1,0,23.8,23.8,1.0,7.24,-79.0,-79.0,-79.0,-79.0,1.0,100,inter,1
network_log_20260914_165631_car,9/14 차량,car,enb,205308,205308,100.4,103.5,3.1,0,1,1,0,6.8,6.8,1.0,3.41,-83.0,-83.0,-83.0,-83.0,1.0,100,inter,1
network_log_20260914_165631_car,9/14 차량,car,enb,205309,205309,103.5,105.4,1.9,0,1,1,0,4.2,4.2,1.0,3.35,-82.0,-82.0,-82.0,-82.0,1.0,100,inter,1
network_log_20260914_165631_car,9/14 차량,car,enb,205308,205308,105.4,130.5,25.1,0,6,2,1,0.8,1.0,0.83,0.32,-83.8,-86.0,-82.0,-84.0,1.0,100,inter,1
network_log_20260914_165631_car,9/14 차량,car,enb,205309,205309,130.5,133.3,2.8,0,1,1,0,9.4,9.4,1.0,0.0,-83.0,-83.0,-83.0,-83.0,1.0,100,inter,0
network_log_20260914_165631_car,9/14 차량,car,enb,205308,205308,133.3,245.6,112.4,0,27,3,4,428.2,434.0,1.0,3.65,-82.1,-88.0,-84.0,-88.0,1.0,100,inter,0
network_log_20260914_165631_car,9/14 차량,car,enb,205307,205307,245.6,469.9,224.3,0,49,2,3,297.7,397.5,0.96,1.71,-77.2,-88.0,-88.0,-82.0,1.0,100,inter,0
network_log_20260914_165631_car,9/14 차량,car,enb,199316,199316,469.9,542.0,72.0,0,16,3,2,583.0,583.6,1.0,8.47,-76.8,-83.0,-77.0,-78.0,1.0,100,inter,0
network_log_20260914_165631_car,9/14 차량,car,enb,205253,205253,542.0,546.7,4.7,0,2,1,0,63.1,63.1,1.0,15.75,-84.0,-84.0,-84.0,-84.0,1.0,100,inter,0
network_log_20260914_165631_car,9/14 차량,car,enb,199316,199316,546.7,557.9,11.2,0,4,2,1,182.2,183.1,1.0,15.5,-77.5,-79.0,-79.0,-77.0,1.0,100,inter,0
network_log_20260914_165631_car,9/14 차량,car,enb,199318,199318,557.9,690.8,132.9,0,29,2,1,776.1,780.6,1.0,6.53,-77.3,-94.0,-86.0,-89.0,1.0,100,inter,0
network_log_20260914_165631_car,9/14 차량,car,enb,199293,199293,690.8,694.1,3.4,0,1,1,0,39.5,39.5,1.0,9.09,-91.0,-91.0,-91.0,-91.0,1.0,3050,inter,1
network_log_20260914_165631_car,9/14 차량,car,enb,199318,199318,694.1,701.6,7.5,0,3,1,0,83.7,83.7,1.0,10.46,-88.0,-88.0,-88.0,-88.0,1.0,3050,inter,1
network_log_20260914_165631_car,9/14 차량,car,enb,199293,199293,701.6,799.4,97.7,0,21,3,2,393.1,397.1,1.0,4.62,-83.5,-90.0,-84.0,-70.0,1.0,3050,inter,0
network_log_20260914_165631_car,9/14 차량,car,enb,198480,198480,799.4,841.1,41.7,0,9,1,0,211.0,211.4,0.89,5.39,-76.3,-79.0,-75.0,-75.0,1.0,3050,inter,0
network_log_20260914_165631_car,9/14 차량,car,enb,199294,199294,841.1,933.5,92.4,0,20,2,1,425.6,427.0,1.0,5.2,-83.3,-93.0,-81.0,-85.0,1.0,3050,inter,0
network_log_20260914_165631_car,9/14 차량,car,enb,198479,198479,933.5,935.9,2.4,0,1,1,0,54.4,54.4,1.0,12.9,-77.0,-77.0,-77.0,-77.0,1.0,3050,inter,1
network_log_20260914_165631_car,9/14 차량,car,enb,199294,199294,935.9,941.9,6.0,0,2,1,0,90.4,90.4,1.0,14.61,-88.0,-88.0,-88.0,-88.0,1.0,3050,inter,0
network_log_20260914_165631_car,9/14 차량,car,enb,198396,198396,941.9,946.4,4.4,0,2,1,0,0.0,0.0,1.0,14.94,-100.0,-100.0,-100.0,-100.0,1.0,3050,inter,0
network_log_20260914_165631_car,9/14 차량,car,enb,199294,199294,946.4,948.6,2.2,0,1,1,0,,,0.0,,-101.0,-101.0,-101.0,-101.0,1.0,2600,inter,0
network_log_20260914_165631_car,9/14 차량,car,enb,198479,198479,948.6,977.5,28.9,0,6,2,1,233.1,233.1,0.67,12.96,-84.2,-100.0,-99.0,-83.0,1.0,2600,inter,0
network_log_20260914_165631_car,9/14 차량,car,enb,198396,198396,977.5,978.7,1.2,0,1,1,0,15.7,15.7,1.0,9.95,-95.0,-95.0,-95.0,-95.0,1.0,3050,inter,1
network_log_20260914_165631_car,9/14 차량,car,enb,198479,198479,978.7,1000.7,22.0,0,5,1,0,63.2,63.4,1.0,3.64,-95.6,-96.0,-95.0,-96.0,1.0,3050,inter,0
network_log_20260914_165631_car,9/14 차량,car,enb,200035,200035,1000.7,1003.8,3.1,0,1,1,0,36.3,36.3,1.0,7.75,-90.0,-90.0,-90.0,-90.0,1.0,3050,inter,0
network_log_20260914_165631_car,9/14 차량,car,enb,199287,199287,1003.8,1092.2,88.4,0,20,2,2,506.9,511.9,0.95,6.84,-86.0,-100.0,-96.0,-83.0,1.0,3050,inter,0
network_log_20260914_165631_car,9/14 차량,car,enb,199289,199289,1092.2,1102.4,10.2,0,3,1,0,1.8,2.2,1.0,0.0,-83.0,-83.0,-83.0,-83.0,1.0,3050,inter,1
network_log_20260914_165631_car,9/14 차량,car,enb,199287,199287,1102.4,1109.0,6.6,0,2,1,0,24.3,24.3,1.0,2.2,-82.5,-84.0,-84.0,-81.0,1.0,3050,inter,1
network_log_20260914_165631_car,9/14 차량,car,enb,199289,199289,1109.0,1126.8,17.8,0,6,2,1,187.4,188.2,1.0,9.41,-76.0,-77.0,-76.0,-77.0,1.0,3050,inter,0
network_log_20260914_165631_car,9/14 차량,car,enb,199296,199296,1126.8,1149.2,22.4,0,7,2,2,307.7,307.7,1.0,13.97,-82.3,-95.0,-95.0,-85.0,1.0,3050,inter,0
network_log_20260914_165631_car,9/14 차량,car,enb,199295,199295,1149.2,1263.2,114.0,0,24,1,0,251.9,255.1,1.0,2.85,-78.8,-83.0,-78.0,-76.0,1.0,3050,inter,0
network_log_20260914_165631_car,9/14 차량,car,enb,199296,199296,1263.2,1265.6,2.3,0,1,1,0,20.7,20.7,1.0,10.15,-86.0,-86.0,-86.0,-86.0,1.0,3050,inter,1
network_log_20260914_165631_car,9/14 차량,car,enb,199295,199295,1265.6,1273.7,8.1,0,2,1,0,118.1,118.1,1.0,11.39,-84.5,-85.0,-85.0,-84.0,1.0,3050,inter,0
network_log_20260914_165631_car,9/14 차량,car,enb,200024,200024,1273.7,1283.3,9.7,0,4,2,1,93.4,93.4,1.0,12.26,-85.0,-88.0,-82.0,-88.0,1.0,3050,inter,0
network_log_20260914_165631_car,9/14 차량,car,enb,199188,199188,1283.3,1398.4,115.0,0,26,3,3,439.3,465.4,1.0,3.76,-77.7,-88.0,-71.0,-80.0,1.0,3050,inter,0
network_log_20260914_165631_car,9/14 차량,car,enb,199189,199189,1398.4,1403.6,5.3,0,2,1,0,54.1,54.1,1.0,9.14,-83.0,-83.0,-83.0,-83.0,1.0,3050,inter,0
network_log_20260914_165631_car,9/14 차량,car,enb,199209,199209,1403.6,1465.0,61.4,0,13,1,0,336.9,341.0,1.0,5.58,-83.2,-94.0,-77.0,-94.0,1.0,3050,inter,0
network_log_20260914_165631_car,9/14 차량,car,enb,199182,199182,1465.0,1501.7,36.7,0,10,2,2,403.9,404.4,1.0,10.89,-81.3,-97.0,-97.0,-76.0,1.0,3050,inter,0
network_log_20260914_165631_car,9/14 차량,car,enb,199186,199186,1501.7,1502.8,1.1,0,1,1,0,0.0,0.0,1.0,9.61,-84.0,-84.0,-84.0,-84.0,1.0,3050,inter,0
network_log_20260914_165631_car,9/14 차량,car,enb,199182,199182,1502.8,1510.1,7.3,0,2,1,0,72.3,72.3,1.0,9.22,-75.0,-75.0,-75.0,-75.0,1.0,3050,inter,1
network_log_20260914_165631_car,9/14 차량,car,enb,199186,199186,1510.1,1634.3,124.2,0,29,4,3,672.5,680.4,1.0,5.8,-74.8,-82.0,-82.0,-67.0,1.0,3050,inter,0
network_log_20260914_165631_car,9/14 차량,car,enb,199190,199190,1634.3,1635.7,1.4,0,1,1,0,9.9,9.9,1.0,7.1,-91.0,-91.0,-91.0,-91.0,1.0,3050,inter,0
network_log_20260914_165631_car,9/14 차량,car,enb,199187,199187,1635.7,1692.4,56.7,0,13,2,1,229.4,231.2,1.0,4.31,-85.8,-90.0,-88.0,-77.0,1.0,3050,inter,0
network_log_20260914_165631_car,9/14 차량,car,enb,199186,199186,1692.4,1695.7,3.3,0,1,1,0,31.8,31.8,1.0,8.95,-82.0,-82.0,-82.0,-82.0,1.0,100,inter,0
network_log_20260914_165631_car,9/14 차량,car,enb,199187,199187,1695.7,1750.3,54.6,0,12,1,0,233.3,236.6,1.0,4.65,-71.6,-80.0,-80.0,-71.0,1.0,100,inter,0
network_log_20260914_165631_car,9/14 차량,car,enb,199183,199183,1750.3,1865.2,114.9,0,26,4,3,556.3,560.2,1.0,5.15,-76.2,-86.0,-71.0,-75.0,1.0,100,inter,0
network_log_20260914_165631_car,9/14 차량,car,enb,199960,199960,1865.2,2203.5,338.3,0,71,6,7,520.2,529.8,1.0,1.7,-74.4,-87.0,-74.0,-87.0,1.0,100,inter,0
network_log_20260914_165631_car,9/14 차량,car,enb,198669,198669,2203.5,2337.1,133.6,0,30,4,3,384.3,390.3,1.0,2.96,-68.7,-85.0,-85.0,-61.0,1.0,100,inter,0
network_log_20260914_165631_car,9/14 차량,car,enb,199959,199959,2337.1,2354.8,17.7,0,5,1,0,151.9,151.9,1.0,9.05,-81.4,-83.0,-83.0,-83.0,1.0,100,inter,0
network_log_20260914_165631_car,9/14 차량,car,enb,198681,198681,2354.8,2361.6,6.9,0,2,1,0,6.2,7.4,1.0,1.92,-89.0,-89.0,-89.0,-89.0,1.0,100,inter,1
network_log_20260914_165631_car,9/14 차량,car,enb,199959,199959,2361.6,2372.7,11.1,0,3,1,0,0.4,0.5,1.0,0.0,-87.7,-89.0,-87.0,-89.0,1.0,100,inter,1
network_log_20260914_165631_car,9/14 차량,car,enb,198681,198681,2372.7,2410.0,37.3,0,9,2,1,288.2,288.4,1.0,7.03,-79.7,-91.0,-91.0,-73.0,1.0,100,inter,0
network_log_20260914_165631_car,9/14 차량,car,enb,198662,198662,2410.0,2415.4,5.4,0,2,1,0,35.0,35.0,1.0,9.61,-80.0,-80.0,-80.0,-80.0,1.0,100,inter,0
network_log_20260914_165631_car,9/14 차량,car,enb,198681,198681,2415.4,2440.3,25.0,0,6,1,0,34.7,34.9,1.0,2.22,-75.5,-77.0,-75.0,-76.0,1.0,100,inter,1
network_log_20260914_165631_car,9/14 차량,car,enb,198662,198662,2440.3,2442.9,2.6,0,1,1,0,7.0,7.0,1.0,1.76,-77.0,-77.0,-77.0,-77.0,1.0,100,inter,1
network_log_20260914_165631_car,9/14 차량,car,enb,198681,198681,2442.9,2449.2,6.3,0,3,1,0,23.1,23.1,1.0,3.21,-68.7,-69.0,-69.0,-68.0,1.0,100,inter,1
network_log_20260914_165631_car,9/14 차량,car,enb,198662,198662,2449.2,2527.4,78.2,0,17,2,1,16.5,19.1,1.0,0.18,-79.7,-87.0,-75.0,-82.0,1.0,100,inter,0
network_log_20260914_165631_car,9/14 차량,car,enb,198681,198681,2527.4,2564.9,37.5,0,12,4,5,424.3,424.7,1.0,10.23,-80.6,-87.0,-87.0,-76.0,1.0,3050,inter,0
network_log_20260914_165631_car,9/14 차량,car,enb,205039,205039,2564.9,2570.3,5.4,0,2,1,0,55.9,56.2,1.0,9.89,-79.0,-79.0,-79.0,-79.0,1.0,100,inter,0
network_log_20260914_165631_car,9/14 차량,car,enb,198491,198491,2570.3,2581.0,10.7,0,4,2,1,89.1,89.9,1.0,9.11,-83.8,-86.0,-83.0,-86.0,1.0,100,inter,0
network_log_20260914_165631_car,9/14 차량,car,enb,198673,198673,2581.0,2700.8,119.8,0,25,2,1,474.2,479.8,0.96,4.34,-76.0,-84.0,-84.0,-81.0,1.0,100,inter,0
network_log_20260914_165631_car,9/14 차량,car,enb,198556,198556,2700.8,2864.2,163.5,0,34,3,2,568.3,583.2,0.97,3.43,-75.6,-82.0,-81.0,-76.0,1.0,100,inter,0
network_log_20260914_165631_car,9/14 차량,car,enb,198599,198599,2864.2,2914.3,50.1,0,11,1,0,296.4,296.7,1.0,5.97,-77.0,-81.0,-76.0,-79.0,1.0,100,inter,0
network_log_20260914_165631_car,9/14 차량,car,enb,198685,198685,2914.3,2937.7,23.4,0,6,1,0,209.8,210.0,1.0,7.98,-74.7,-80.0,-80.0,-71.0,1.0,100,inter,0
network_log_20260914_165631_car,9/14 차량,car,enb,198599,198599,2937.7,2985.9,48.2,0,10,1,0,196.6,198.9,1.0,4.72,-74.9,-83.0,-73.0,-79.0,1.0,100,inter,0
network_log_20260914_165631_car,9/14 차량,car,enb,199013,199013,2985.9,3134.7,148.8,0,30,2,1,286.3,286.8,0.57,3.22,-74.9,-84.0,-82.0,-74.0,1.0,100,inter,0
network_log_20260914_165631_car,9/14 차량,car,enb,199112,199112,3134.7,3138.3,3.6,0,2,1,0,16.7,16.7,1.0,8.67,-74.0,-74.0,-74.0,-74.0,1.0,100,inter,0
network_log_20260914_165631_car,9/14 차량,car,enb,199013,199013,3138.3,3161.5,23.2,0,5,1,0,200.1,200.2,1.0,8.64,-74.6,-79.0,-79.0,-71.0,1.0,100,inter,0
network_log_20260914_165631_car,9/14 차량,car,enb,199112,199112,3161.5,3268.2,106.7,0,26,4,3,542.0,560.2,0.88,6.53,-77.1,-86.0,-82.0,-79.0,1.0,100,inter,0
network_log_20260914_165631_car,9/14 차량,car,enb,198839,198839,3268.2,3370.8,102.5,0,22,2,1,263.8,272.1,1.0,2.8,-68.3,-84.0,-75.0,-84.0,1.0,100,inter,0
network_log_20260914_165631_car,9/14 차량,car,enb,198348,198348,3370.8,3388.6,17.9,0,5,1,0,203.5,203.5,1.0,11.42,-86.8,-90.0,-87.0,-90.0,1.0,3050,inter,0
network_log_20260914_165631_car,9/14 차량,car,enb,198347,198347,3388.6,3390.6,2.0,0,1,1,0,11.2,11.2,1.0,11.24,-85.0,-85.0,-85.0,-85.0,1.0,3050,inter,1
network_log_20260914_165631_car,9/14 차량,car,enb,198348,198348,3390.6,3477.3,86.7,0,21,4,4,314.7,317.8,0.71,6.51,-81.1,-87.0,-87.0,-82.0,1.0,3050,inter,0
network_log_20260914_165631_car,9/14 차량,car,enb,198838,198838,3477.3,3713.4,236.1,0,52,5,4,650.7,691.8,0.79,4.13,-73.1,-86.0,-84.0,-77.0,1.0,3050,inter,0
network_log_20260914_165631_car,9/14 차량,car,enb,198645,198645,3713.4,3734.8,21.4,1,7,2,1,192.0,192.1,1.0,9.42,-77.4,-84.0,-84.0,-74.0,1.0,100,,0
network_log_20260915_165206_subway,9/15 지하철,subway,enb,205274,205274,0.0,11.5,11.5,1,5,2,1,,,0.0,4.67,-65.8,-70.0,-70.0,-63.0,1.0,100,inter,0
network_log_20260915_165206_subway,9/15 지하철,subway,enb,205273,205273,11.5,14.5,3.0,0,2,2,1,33.4,33.4,0.5,18.5,-66.0,-74.0,-58.0,-74.0,1.0,2600,inter,0
network_log_20260915_165206_subway,9/15 지하철,subway,enb,205250,205250,14.5,31.9,17.4,0,7,3,2,371.1,371.1,1.0,19.26,-74.6,-79.0,-79.0,-72.0,1.0,100,inter,0
network_log_20260915_165206_subway,9/15 지하철,subway,enb,205247,205247,31.9,34.1,2.1,0,1,1,0,44.0,44.0,1.0,21.84,-76.0,-76.0,-76.0,-76.0,1.0,100,inter,0
network_log_20260915_165206_subway,9/15 지하철,subway,enb,205281,205281,34.1,42.0,7.9,0,3,1,0,155.5,155.5,1.0,20.09,-77.3,-78.0,-78.0,-76.0,1.0,100,inter,0
network_log_20260915_165206_subway,9/15 지하철,subway,enb,205247,205247,42.0,54.8,12.8,0,4,2,1,210.2,210.3,1.0,17.57,-85.2,-90.0,-90.0,-81.0,1.0,100,inter,0
network_log_20260915_165206_subway,9/15 지하철,subway,enb,205245,205245,54.8,148.6,93.8,0,23,4,3,433.6,435.6,1.0,4.42,-78.3,-88.0,-88.0,-65.0,1.0,100,inter,0
network_log_20260915_165206_subway,9/15 지하철,subway,enb,205283,205283,148.6,154.3,5.7,0,2,1,0,95.9,95.9,1.0,15.66,-78.0,-78.0,-78.0,-78.0,1.0,100,inter,0
network_log_20260915_165206_subway,9/15 지하철,subway,enb,205241,205241,154.3,159.4,5.1,0,2,1,0,113.3,113.3,1.0,17.05,-82.0,-82.0,-82.0,-82.0,1.0,100,inter,0
network_log_20260915_165206_subway,9/15 지하철,subway,enb,205300,205300,159.4,168.6,9.2,0,3,1,0,154.0,154.0,1.0,18.29,-77.3,-78.0,-78.0,-76.0,1.0,100,inter,0
network_log_20260915_165206_subway,9/15 지하철,subway,enb,205241,205241,168.6,175.9,7.3,0,2,1,0,114.8,114.8,1.0,15.61,-79.0,-79.0,-79.0,-79.0,1.0,100,inter,0
network_log_20260915_165206_subway,9/15 지하철,subway,enb,205300,205300,175.9,182.9,7.0,0,2,1,0,66.2,66.2,1.0,9.46,-80.0,-82.0,-78.0,-82.0,1.0,100,inter,0
network_log_20260915_165206_subway,9/15 지하철,subway,enb,205285,205285,182.9,246.2,63.3,0,13,1,0,65.0,68.2,1.0,0.76,-80.8,-84.0,-84.0,-80.0,0.84,100,inter,0
network_log_20260915_165206_subway,9/15 지하철,subway,enb,205241,205241,246.2,256.3,10.0,0,2,1,0,68.2,74.2,1.0,2.76,-84.0,-84.0,-84.0,-84.0,0.0,100,inter,0
network_log_20260915_165206_subway,9/15 지하철,subway,enb,205300,205300,256.3,266.3,10.1,0,2,1,0,75.0,75.0,1.0,0.0,-84.0,-84.0,-84.0,-84.0,0.0,100,inter,0
network_log_20260915_165206_subway,9/15 지하철,subway,enb,205241,205241,266.3,286.4,20.1,0,4,1,0,150.0,150.0,1.0,8.11,-84.0,-84.0,-84.0,-84.0,0.0,100,inter,0
network_log_20260915_165206_subway,9/15 지하철,subway,enb,205299,205299,286.4,296.5,10.1,0,2,1,0,260.2,267.4,1.0,9.44,-90.0,-90.0,-90.0,-90.0,0.0,100,inter,0
network_log_20260915_165206_subway,9/15 지하철,subway,enb,205242,205242,296.5,316.6,20.1,0,4,1,0,144.5,290.4,1.0,,-79.5,-85.0,-74.0,-85.0,0.0,100,inter,0
network_log_20260915_165206_subway,9/15 지하철,subway,enb,205240,205240,316.6,328.9,12.3,0,3,1,0,241.9,244.8,1.0,6.99,-91.3,-94.0,-90.0,-94.0,0.18,100,inter,0
network_log_20260915_165206_subway,9/15 지하철,subway,enb,205299,205299,328.9,336.6,7.7,0,2,1,0,61.5,61.6,1.0,7.75,-86.0,-86.0,-86.0,-86.0,1.0,100,inter,0
network_log_20260915_165206_subway,9/15 지하철,subway,enb,205286,205286,336.6,341.4,4.7,0,2,1,0,27.9,27.9,1.0,7.36,-78.0,-78.0,-78.0,-78.0,1.0,100,inter,0
network_log_20260915_165206_subway,9/15 지하철,subway,enb,205242,205242,341.4,349.4,8.0,0,3,1,0,67.4,67.4,1.0,7.71,-76.7,-77.0,-77.0,-76.0,1.0,100,inter,0
network_log_20260915_165206_subway,9/15 지하철,subway,enb,205258,205258,349.4,420.4,71.0,0,15,1,0,379.0,551.6,1.0,7.89,-70.7,-86.0,-81.0,-86.0,0.81,100,inter,0
network_log_20260915_165206_subway,9/15 지하철,subway,enb,200096,200096,420.4,534.8,114.4,0,27,4,3,841.1,852.8,1.0,,-82.5,-97.0,-97.0,-86.0,0.9,100,inter,0
network_log_20260915_165206_subway,9/15 지하철,subway,enb,200097,200097,534.8,582.2,47.4,0,12,4,3,353.5,353.5,1.0,,-75.8,-89.0,-70.0,-73.0,1.0,100,inter,0
network_log_20260915_165206_subway,9/15 지하철,subway,enb,200095,200095,582.2,674.8,92.6,0,24,4,4,686.0,690.8,1.0,,-76.7,-100.0,-89.0,-85.0,1.0,100,inter,0
network_log_20260915_165206_subway,9/15 지하철,subway,enb,200173,200173,674.8,790.9,116.1,0,27,5,4,863.6,866.3,1.0,,-79.3,-90.0,-77.0,-87.0,1.0,100,inter,0
network_log_20260915_165206_subway,9/15 지하철,subway,enb,200170,200170,790.9,912.0,121.1,0,29,5,4,902.1,903.4,1.0,,-81.5,-94.0,-90.0,-83.0,1.0,100,inter,0
network_log_20260915_165206_subway,9/15 지하철,subway,enb,200099,200099,912.0,1014.1,102.1,0,24,4,3,759.0,761.6,1.0,,-75.0,-96.0,-88.0,-67.0,1.0,100,inter,0
network_log_20260915_165206_subway,9/15 지하철,subway,enb,200098,200098,1014.1,1113.2,99.1,0,28,5,7,739.5,739.6,1.0,,-82.4,-92.0,-83.0,-85.0,1.0,100,inter,0
network_log_20260915_165206_subway,9/15 지하철,subway,enb,200070,200070,1113.2,1198.7,85.4,0,20,3,2,627.1,637.0,1.0,,-74.9,-83.0,-61.0,-83.0,1.0,100,inter,0
network_log_20260915_165206_subway,9/15 지하철,subway,enb,200071,200071,1198.7,1215.6,17.0,0,4,1,0,126.5,126.5,1.0,,-75.5,-78.0,-76.0,-75.0,1.0,100,inter,0
network_log_20260915_165206_subway,9/15 지하철,subway,enb,200069,200069,1215.6,1343.2,127.6,0,31,5,4,952.0,952.0,1.0,,-85.5,-95.0,-94.0,-75.0,1.0,100,inter,0
network_log_20260915_165206_subway,9/15 지하철,subway,enb,200262,200262,1343.2,1379.2,36.0,0,12,4,5,268.6,268.6,1.0,,-74.2,-86.0,-66.0,-79.0,1.0,100,inter,0
network_log_20260915_165206_subway,9/15 지하철,subway,enb,200263,200263,1379.2,1444.3,65.1,0,15,2,1,485.4,485.5,1.0,,-82.8,-93.0,-82.0,-64.0,1.0,100,inter,0
network_log_20260915_165206_subway,9/15 지하철,subway,enb,200265,200265,1444.3,1450.0,5.7,0,2,1,0,42.7,42.7,1.0,,-84.0,-88.0,-88.0,-80.0,1.0,100,inter,0
network_log_20260915_165206_subway,9/15 지하철,subway,enb,200263,200263,1450.0,1455.6,5.5,0,2,1,0,41.2,41.2,1.0,,-63.0,-65.0,-61.0,-65.0,1.0,100,inter,0
network_log_20260915_165206_subway,9/15 지하철,subway,enb,200265,200265,1455.6,1465.4,9.9,0,3,1,0,73.7,73.7,1.0,,-80.0,-85.0,-77.0,-85.0,1.0,100,inter,0
network_log_20260915_165206_subway,9/15 지하철,subway,enb,200103,200103,1465.4,1569.9,104.5,0,29,4,9,659.5,664.7,1.0,,-89.4,-101.0,-95.0,-74.0,1.0,100,inter,0
network_log_20260915_165206_subway,9/15 지하철,subway,enb,200105,200105,1569.9,1658.1,88.2,0,21,3,2,657.5,658.9,1.0,,-81.4,-87.0,-82.0,-80.0,1.0,100,inter,0
network_log_20260915_165206_subway,9/15 지하철,subway,enb,200104,200104,1658.1,1660.2,2.1,0,1,1,0,15.6,15.6,1.0,,-85.0,-85.0,-85.0,-85.0,1.0,100,inter,1
network_log_20260915_165206_subway,9/15 지하철,subway,enb,200105,200105,1660.2,1662.2,2.0,0,1,1,0,14.7,14.7,1.0,,-83.0,-83.0,-83.0,-83.0,1.0,100,inter,1
network_log_20260915_165206_subway,9/15 지하철,subway,enb,200104,200104,1662.2,1698.9,36.7,0,10,3,2,274.1,274.1,1.0,,-76.7,-84.0,-79.0,-54.0,1.0,100,inter,0
network_log_20260915_165206_subway,9/15 지하철,subway,enb,200101,200101,1698.9,1805.8,106.9,0,25,4,3,785.4,797.9,1.0,,-79.7,-93.0,-88.0,-76.0,1.0,100,inter,0
network_log_20260915_165206_subway,9/15 지하철,subway,enb,200102,200102,1805.8,1870.9,65.1,0,18,5,6,486.6,486.6,1.0,,-84.1,-100.0,-70.0,-94.0,1.0,3050,inter,0
network_log_20260915_165206_subway,9/15 지하철,subway,enb,200113,200113,1870.9,1896.8,25.9,1,9,2,1,190.4,190.4,0.89,,-80.8,-86.0,-86.0,-85.0,1.0,3050,,0
network_log_20260915_200513_car,9/15 차량,car,enb,198811,198811,0.0,46.6,46.6,1,10,1,0,268.9,271.5,1.0,5.41,-75.3,-91.0,-70.0,-91.0,1.0,3050,inter,0
network_log_20260915_200513_car,9/15 차량,car,enb,198807,198807,46.6,90.4,43.8,0,10,2,1,265.1,272.7,1.0,7.75,-87.4,-94.0,-79.0,-88.0,1.0,3050,inter,0
network_log_20260915_200513_car,9/15 차량,car,enb,198573,198573,90.4,91.9,1.5,0,1,1,0,3.8,3.8,1.0,4.54,-92.0,-92.0,-92.0,-92.0,1.0,3050,inter,0
network_log_20260915_200513_car,9/15 차량,car,enb,198812,198812,91.9,145.5,53.6,0,11,1,0,10.3,13.3,1.0,0.51,-89.7,-92.0,-87.0,-90.0,1.0,3050,inter,0
network_log_20260915_200513_car,9/15 차량,car,enb,198573,198573,145.5,148.3,2.8,0,2,1,0,0.2,0.2,1.0,0.07,-93.0,-93.0,-93.0,-93.0,1.0,3050,inter,1
network_log_20260915_200513_car,9/15 차량,car,enb,198812,198812,148.3,186.7,38.4,0,8,1,0,0.8,1.1,1.0,0.07,-89.6,-93.0,-90.0,-88.0,1.0,3050,inter,0
network_log_20260915_200513_car,9/15 차량,car,enb,198573,198573,186.7,206.8,20.1,0,4,1,0,19.3,19.9,1.0,0.08,-93.5,-96.0,-96.0,-91.0,1.0,3050,inter,1
network_log_20260915_200513_car,9/15 차량,car,enb,198812,198812,206.8,283.3,76.5,0,16,3,2,496.9,525.4,1.0,7.02,-84.4,-88.0,-87.0,-77.0,1.0,3050,inter,0
network_log_20260915_200513_car,9/15 차량,car,enb,198810,198810,283.3,295.8,12.5,0,3,1,0,1.2,1.2,1.0,0.0,-77.7,-78.0,-78.0,-77.0,1.0,3050,inter,1
network_log_20260915_200513_car,9/15 차량,car,enb,198812,198812,295.8,303.6,7.8,0,3,1,0,2.1,2.1,1.0,0.0,-78.3,-79.0,-78.0,-79.0,1.0,3050,inter,1
network_log_20260915_200513_car,9/15 차량,car,enb,198810,198810,303.6,320.9,17.3,0,4,1,0,126.4,126.8,1.0,6.01,-75.5,-78.0,-78.0,-73.0,1.0,3050,inter,0
network_log_20260915_200513_car,9/15 차량,car,enb,205019,205019,320.9,382.6,61.7,0,13,2,2,379.9,381.1,1.0,6.51,-81.3,-90.0,-77.0,-90.0,1.0,3050,inter,0
network_log_20260915_200513_car,9/15 차량,car,enb,198651,198651,382.6,521.9,139.3,0,29,2,1,311.8,313.6,0.97,2.38,-77.1,-88.0,-81.0,-82.0,1.0,3050,inter,0
network_log_20260915_200513_car,9/15 차량,car,enb,198846,198846,521.9,548.4,26.5,0,6,1,0,287.0,287.4,1.0,8.88,-81.7,-86.0,-84.0,-77.0,1.0,3050,inter,0
network_log_20260915_200513_car,9/15 차량,car,enb,198360,198360,548.4,553.4,5.0,0,1,1,0,41.8,41.8,1.0,10.64,-77.0,-77.0,-77.0,-77.0,1.0,3050,inter,0
network_log_20260915_200513_car,9/15 차량,car,enb,198846,198846,553.4,663.9,110.5,0,22,1,0,193.7,199.9,0.95,1.8,-77.2,-88.0,-88.0,-84.0,1.0,3050,inter,0
network_log_20260915_200513_car,9/15 차량,car,enb,198845,198845,663.9,684.0,20.1,0,4,1,0,123.4,123.4,1.0,6.44,-77.0,-81.0,-81.0,-73.0,1.0,3050,inter,0
network_log_20260915_200513_car,9/15 차량,car,enb,198843,198843,684.0,834.7,150.7,0,31,3,7,331.8,533.0,1.0,3.53,-81.8,-87.0,-78.0,-80.0,1.0,3050,inter,0
network_log_20260915_200513_car,9/15 차량,car,enb,198834,198834,834.7,854.9,20.1,0,4,1,0,14.2,15.6,1.0,0.84,-90.0,-96.0,-96.0,-84.0,1.0,3050,inter,0
network_log_20260915_200513_car,9/15 차량,car,enb,198827,198827,854.9,875.0,20.1,0,4,1,0,21.2,30.2,1.0,0.98,-86.5,-87.0,-86.0,-87.0,0.75,3050,inter,0
network_log_20260915_200513_car,9/15 차량,car,enb,200701,200701,875.0,955.4,80.4,1,17,2,1,21.1,142.8,1.0,0.85,-78.7,-98.0,-98.0,-72.0,0.0,3050,,0
network_log_20260920_123732_subway,9/20 지하철,subway,enb,205274,205274,0.0,55.3,55.3,1,12,2,1,244.0,415.2,0.83,0.1,-77.5,-82.0,-68.0,-76.0,1.0,100,inter,0
network_log_20260920_123732_subway,9/20 지하철,subway,enb,205273,205273,55.3,65.3,10.1,0,2,1,0,191.1,191.2,1.0,20.5,-58.0,-58.0,-58.0,-58.0,1.0,2600,inter,0
network_log_20260920_123732_subway,9/20 지하철,subway,enb,205250,205250,65.3,75.4,10.1,0,2,1,0,220.5,220.9,1.0,22.16,-86.0,-86.0,-86.0,-86.0,0.0,100,inter,0
network_log_20260920_123732_subway,9/20 지하철,subway,enb,205247,205247,75.4,105.5,30.1,0,6,3,2,453.6,453.7,1.0,15.82,-84.0,-87.0,-78.0,-87.0,0.0,100,inter,0
network_log_20260920_123732_subway,9/20 지하철,subway,enb,205245,205245,105.5,196.0,90.4,0,18,3,2,532.5,605.5,1.0,3.95,-82.2,-92.0,-86.0,-92.0,0.0,100,inter,0
network_log_20260920_123732_subway,9/20 지하철,subway,enb,205241,205241,196.0,206.0,10.0,0,2,1,0,188.7,188.7,1.0,19.96,-96.0,-96.0,-96.0,-96.0,0.0,100,inter,0
network_log_20260920_123732_subway,9/20 지하철,subway,enb,205300,205300,206.0,236.1,30.1,0,6,2,1,177.4,194.6,1.0,8.84,-94.7,-101.0,-93.0,-101.0,0.0,100,inter,0
network_log_20260920_123732_subway,9/20 지하철,subway,enb,205285,205285,236.1,306.5,70.4,0,14,1,0,70.0,839.4,1.0,0.58,-94.6,-101.0,-101.0,-89.0,0.0,100,inter,0
network_log_20260920_123732_subway,9/20 지하철,subway,enb,205241,205241,306.5,326.6,20.1,0,4,1,0,130.9,130.9,1.0,,-81.0,-86.0,-86.0,-76.0,0.0,100,inter,0
network_log_20260920_123732_subway,9/20 지하철,subway,enb,205300,205300,326.6,336.6,10.0,0,2,1,0,65.5,65.5,1.0,,-93.0,-93.0,-93.0,-93.0,0.0,100,inter,0
network_log_20260920_123732_subway,9/20 지하철,subway,enb,205241,205241,336.6,356.7,20.1,0,4,1,0,249.1,272.5,1.0,8.09,-87.5,-88.0,-87.0,-88.0,0.0,100,inter,0
network_log_20260920_123732_subway,9/20 지하철,subway,enb,205242,205242,356.7,386.9,30.1,0,6,2,1,254.2,257.1,1.0,7.91,-87.7,-94.0,-87.0,-94.0,0.0,100,inter,0
network_log_20260920_123732_subway,9/20 지하철,subway,enb,205299,205299,386.9,406.9,20.1,0,4,2,1,158.8,158.8,1.0,8.26,-94.0,-96.0,-96.0,-92.0,0.0,100,inter,0
network_log_20260920_123732_subway,9/20 지하철,subway,enb,205242,205242,406.9,427.0,20.1,0,4,1,0,142.6,142.9,1.0,7.53,-86.5,-89.0,-84.0,-89.0,0.0,100,inter,0
network_log_20260920_123732_subway,9/20 지하철,subway,enb,205258,205258,427.0,506.7,79.7,0,16,1,0,212.1,471.6,1.0,,-66.0,-83.0,-62.0,-83.0,0.0,100,inter,0
network_log_20260920_123732_subway,9/20 지하철,subway,enb,200096,200096,506.7,617.9,111.2,0,23,4,5,1015.9,1031.5,1.0,,-91.3,-100.0,-93.0,-97.0,0.0,100,inter,0
network_log_20260920_123732_subway,9/20 지하철,subway,enb,200097,200097,617.9,668.1,50.2,0,10,3,2,399.1,399.1,1.0,,-90.8,-93.0,-89.0,-93.0,0.0,100,inter,0
network_log_20260920_123732_subway,9/20 지하철,subway,enb,200095,200095,668.1,748.5,80.4,0,16,4,3,622.1,622.1,1.0,,-78.5,-85.0,-70.0,-85.0,0.0,100,inter,0
network_log_20260920_123732_subway,9/20 지하철,subway,enb,200173,200173,748.5,847.2,98.8,0,25,5,4,847.2,849.7,1.0,,-76.4,-87.0,-82.0,-73.0,1.0,100,inter,0
network_log_20260920_123732_subway,9/20 지하철,subway,enb,200170,200170,847.2,967.2,120.0,0,29,5,4,990.6,992.0,1.0,,-70.7,-84.0,-79.0,-69.0,1.0,100,inter,0
network_log_20260920_123732_subway,9/20 지하철,subway,enb,200099,200099,967.2,1063.6,96.3,0,22,4,3,678.5,681.0,1.0,,-71.7,-89.0,-76.0,-71.0,1.0,100,inter,0
network_log_20260920_123732_subway,9/20 지하철,subway,enb,200098,200098,1063.6,1142.6,79.0,0,19,2,1,137.4,251.2,1.0,1.13,-66.1,-83.0,-55.0,-83.0,1.0,100,inter,0
network_log_20260920_123732_subway,9/20 지하철,subway,enb,200193,200193,1142.6,1483.9,341.3,0,72,2,3,529.6,607.3,1.0,0.55,-55.5,-82.0,-82.0,-59.0,0.74,100,inter,0
network_log_20260920_123732_subway,9/20 지하철,subway,enb,200251,200251,1483.9,1507.1,23.1,0,5,1,0,39.4,39.4,1.0,1.14,-70.6,-75.0,-75.0,-64.0,0.0,100,inter,0
network_log_20260920_123732_subway,9/20 지하철,subway,enb,200250,200250,1507.1,1584.9,77.8,0,16,2,1,245.1,719.6,1.0,1.12,-63.0,-85.0,-66.0,-84.0,0.23,100,inter,0
network_log_20260920_123732_subway,9/20 지하철,subway,enb,200123,200123,1584.9,1637.3,52.4,0,13,3,2,542.5,542.5,1.0,,-68.0,-78.0,-67.0,-71.0,1.0,100,inter,0
network_log_20260920_123732_subway,9/20 지하철,subway,enb,205104,205104,1637.3,1641.2,3.9,0,2,1,0,3.2,3.2,1.0,,-91.0,-91.0,-91.0,-91.0,1.0,100,inter,0
network_log_20260920_123732_subway,9/20 지하철,subway,enb,200124,200124,1641.2,1659.5,18.2,0,5,1,0,0.0,0.0,0.6,,-77.2,-89.0,-89.0,-64.0,1.0,100,inter,0
network_log_20260920_123732_subway,9/20 지하철,subway,enb,205104,205104,1659.5,1676.3,16.9,1,5,1,0,,,0.0,,-67.8,-81.0,-81.0,-56.0,1.0,100,,0
network_log_20260921_141259_subway,9/21 지하철,subway,enb,200170,200170,0.0,21.9,21.9,1,8,2,1,197.4,197.4,0.75,,-80.8,-83.0,-82.0,-75.0,1.0,3050,inter,0
network_log_20260921_141259_subway,9/21 지하철,subway,enb,200173,200173,21.9,142.3,120.4,0,29,5,4,1152.9,1156.7,1.0,,-82.9,-90.0,-88.0,-86.0,1.0,3050,inter,0
network_log_20260921_141259_subway,9/21 지하철,subway,enb,200095,200095,142.3,230.0,87.7,0,21,4,3,591.3,596.7,1.0,,-78.5,-90.0,-84.0,-74.0,1.0,3050,inter,0
network_log_20260921_141259_subway,9/21 지하철,subway,enb,200097,200097,230.0,275.7,45.7,0,13,4,3,490.5,490.5,1.0,,-81.2,-90.0,-83.0,-79.0,1.0,3050,inter,0
network_log_20260921_141259_subway,9/21 지하철,subway,enb,200096,200096,275.7,389.9,114.2,0,27,4,3,845.2,851.7,1.0,,-80.5,-88.0,-77.0,-86.0,1.0,3050,inter,0
network_log_20260921_141259_subway,9/21 지하철,subway,enb,205258,205258,389.9,455.5,65.5,0,15,2,1,220.9,269.3,1.0,0.32,-77.5,-88.0,-88.0,-73.0,1.0,3050,inter,0
network_log_20260921_141259_subway,9/21 지하철,subway,enb,205242,205242,455.5,467.0,11.5,0,3,1,0,162.9,163.1,1.0,11.48,-78.7,-79.0,-79.0,-78.0,1.0,3050,inter,0
network_log_20260921_141259_subway,9/21 지하철,subway,enb,205286,205286,467.0,473.3,6.3,0,3,1,0,99.8,99.8,1.0,15.74,-80.0,-80.0,-80.0,-80.0,1.0,3050,inter,0
network_log_20260921_141259_subway,9/21 지하철,subway,enb,205258,205258,473.3,478.2,5.0,0,2,1,0,73.2,73.2,1.0,18.02,-90.0,-90.0,-90.0,-90.0,1.0,3050,inter,0
network_log_20260921_141259_subway,9/21 지하철,subway,enb,205299,205299,478.2,479.4,1.2,0,1,1,0,38.1,38.1,1.0,18.64,-83.0,-83.0,-83.0,-83.0,1.0,2600,inter,0
network_log_20260921_141259_subway,9/21 지하철,subway,enb,205242,205242,479.4,489.3,9.8,0,3,1,0,177.9,178.0,1.0,18.48,-83.7,-87.0,-87.0,-77.0,1.0,100,inter,0
network_log_20260921_141259_subway,9/21 지하철,subway,enb,205299,205299,489.3,497.2,8.0,0,2,1,0,129.6,130.3,1.0,16.02,-85.0,-85.0,-85.0,-85.0,1.0,100,inter,0
network_log_20260921_141259_subway,9/21 지하철,subway,enb,205241,205241,497.2,501.9,4.7,0,1,1,0,67.5,67.5,1.0,15.73,-78.0,-78.0,-78.0,-78.0,1.0,100,inter,0
network_log_20260921_141259_subway,9/21 지하철,subway,enb,205300,205300,501.9,507.0,5.1,0,2,1,0,96.1,96.1,1.0,16.23,-77.0,-77.0,-77.0,-77.0,1.0,100,inter,0
network_log_20260921_141259_subway,9/21 지하철,subway,enb,205241,205241,507.0,516.5,9.5,0,3,1,0,104.8,104.9,1.0,15.16,-65.7,-66.0,-66.0,-65.0,1.0,100,inter,0
network_log_20260921_141259_subway,9/21 지하철,subway,enb,205285,205285,516.5,581.6,65.1,0,14,1,0,95.5,105.1,1.0,2.18,-77.9,-81.0,-69.0,-80.0,1.0,100,inter,0
network_log_20260921_141259_subway,9/21 지하철,subway,enb,205300,205300,581.6,596.0,14.4,0,4,1,0,171.8,171.9,1.0,8.26,-84.8,-89.0,-86.0,-78.0,1.0,100,inter,0
network_log_20260921_141259_subway,9/21 지하철,subway,enb,205241,205241,596.0,599.8,3.9,0,2,1,0,66.7,66.7,1.0,15.36,-78.0,-78.0,-78.0,-78.0,1.0,100,inter,0
network_log_20260921_141259_subway,9/21 지하철,subway,enb,205300,205300,599.8,612.8,13.0,0,3,1,0,205.0,205.0,1.0,16.62,-78.7,-80.0,-78.0,-80.0,1.0,100,inter,0
network_log_20260921_141259_subway,9/21 지하철,subway,enb,205241,205241,612.8,614.0,1.2,0,1,1,0,34.2,34.2,1.0,17.57,-82.0,-82.0,-82.0,-82.0,1.0,100,inter,0
network_log_20260921_141259_subway,9/21 지하철,subway,enb,205283,205283,614.0,622.8,8.8,0,2,1,0,129.7,129.7,1.0,16.75,-77.0,-77.0,-77.0,-77.0,1.0,100,inter,0
network_log_20260921_141259_subway,9/21 지하철,subway,enb,205245,205245,622.8,721.2,98.4,0,24,4,5,421.7,426.3,1.0,5.36,-74.8,-94.0,-77.0,-94.0,1.0,100,inter,0
network_log_20260921_141259_subway,9/21 지하철,subway,enb,205247,205247,721.2,733.6,12.4,0,4,2,1,231.7,231.8,1.0,18.28,-83.2,-87.0,-87.0,-87.0,1.0,100,inter,0
network_log_20260921_141259_subway,9/21 지하철,subway,enb,205281,205281,733.6,743.1,9.5,0,3,1,0,215.6,215.6,1.0,21.28,-76.0,-76.0,-76.0,-76.0,1.0,100,inter,0
network_log_20260921_141259_subway,9/21 지하철,subway,enb,205250,205250,743.1,758.2,15.0,0,6,3,2,330.4,330.4,1.0,22.14,-78.3,-85.0,-76.0,-85.0,1.0,100,inter,0
network_log_20260921_141259_subway,9/21 지하철,subway,enb,205259,205259,758.2,761.9,3.7,0,2,1,0,55.9,55.9,1.0,19.82,-80.0,-80.0,-80.0,-80.0,1.0,100,inter,0
network_log_20260921_141259_subway,9/21 지하철,subway,enb,205274,205274,761.9,822.4,60.6,1,14,2,1,179.5,1099.8,1.0,3.63,-63.1,-77.0,-54.0,-57.0,1.0,2600,,0
network_log_20260921_142715_walking,9/21 도보,walking,enb,205274,205274,0.0,35.2,35.2,1,8,1,0,32.0,35.1,1.0,0.67,-84.5,-86.0,-85.0,-86.0,1.0,3050,inter,0
network_log_20260921_142715_walking,9/21 도보,walking,enb,205273,205273,35.2,186.1,151.0,0,30,2,1,144.9,187.5,1.0,1.11,-72.7,-86.0,-86.0,-78.0,0.3,3050,inter,0
network_log_20260921_142715_walking,9/21 도보,walking,enb,205256,205256,186.1,216.3,30.2,0,6,1,0,34.6,35.0,1.0,1.16,-75.3,-77.0,-76.0,-73.0,0.0,3050,inter,0
network_log_20260921_142715_walking,9/21 도보,walking,enb,205273,205273,216.3,226.4,10.1,0,2,1,0,10.5,11.1,1.0,1.13,-77.0,-77.0,-77.0,-77.0,0.0,3050,inter,1
network_log_20260921_142715_walking,9/21 도보,walking,enb,205256,205256,226.4,337.1,110.7,0,22,1,0,114.0,132.4,1.0,1.15,-79.4,-90.0,-71.0,-90.0,0.0,3050,inter,0
network_log_20260921_142715_walking,9/21 도보,walking,enb,205248,205248,337.1,357.3,20.1,0,4,1,0,27.4,28.7,1.0,1.19,-93.0,-96.0,-90.0,-96.0,0.0,3050,inter,0
network_log_20260921_142715_walking,9/21 도보,walking,enb,205269,205269,357.3,377.4,20.1,0,4,1,0,22.2,22.3,1.0,1.13,-85.5,-89.0,-89.0,-82.0,0.0,3050,inter,0
network_log_20260921_142715_walking,9/21 도보,walking,enb,205249,205249,377.4,387.4,10.1,0,2,1,0,11.7,11.7,1.0,1.13,-86.0,-86.0,-86.0,-86.0,0.0,3050,inter,0
network_log_20260921_142715_walking,9/21 도보,walking,enb,205269,205269,387.4,548.4,161.0,0,32,1,0,178.7,187.9,1.0,1.18,-76.1,-83.0,-83.0,-82.0,0.0,3050,inter,0
network_log_20260921_142715_walking,9/21 도보,walking,enb,205249,205249,548.4,840.3,291.9,0,58,2,1,244.3,288.3,1.0,0.96,-81.5,-99.0,-83.0,-80.0,0.0,3050,inter,0
network_log_20260921_142715_walking,9/21 도보,walking,enb,205251,205251,840.3,850.4,10.1,0,2,1,0,13.7,13.7,1.0,1.14,-92.0,-92.0,-92.0,-92.0,0.0,3050,inter,1
network_log_20260921_142715_walking,9/21 도보,walking,enb,205249,205249,850.4,910.8,60.4,0,12,1,0,40.6,50.6,1.0,0.96,-87.3,-97.0,-91.0,-97.0,0.0,3050,inter,0
network_log_20260921_142715_walking,9/21 도보,walking,enb,205254,205254,910.8,940.9,30.1,0,6,2,1,11.8,13.1,1.0,0.2,-112.3,-122.0,-112.0,-103.0,0.0,100,inter,0
network_log_20260921_142715_walking,9/21 도보,walking,enb,205249,205249,940.9,950.9,10.0,1,3,1,0,0.6,1.4,1.0,0.48,-86.3,-89.0,-85.0,-89.0,0.0,2600,,0
network_log_20260924_140453_subway,9/24 지하철,subway,enb,200315,200315,0.0,38.6,38.6,1,11,3,2,330.7,330.7,0.82,,-85.5,-99.0,-88.0,-95.0,1.0,3050,inter,0
network_log_20260924_140453_subway,9/24 지하철,subway,enb,200316,200316,38.6,61.6,23.1,0,7,2,1,201.5,201.5,1.0,,-85.7,-93.0,-90.0,-80.0,1.0,3050,inter,0
network_log_20260924_140453_subway,9/24 지하철,subway,enb,205254,205254,61.6,67.1,5.4,0,2,1,0,47.5,47.5,1.0,,-71.0,-71.0,-71.0,-71.0,1.0,3050,inter,0
network_log_20260924_140453_subway,9/24 지하철,subway,enb,205252,205252,67.1,79.4,12.4,0,3,1,0,257.1,257.2,1.0,17.31,-73.3,-74.0,-74.0,-72.0,1.0,3050,inter,0
network_log_20260924_140453_subway,9/24 지하철,subway,enb,205267,205267,79.4,87.1,7.6,0,3,1,0,120.3,120.6,1.0,16.08,-77.0,-79.0,-76.0,-79.0,1.0,3050,inter,0
network_log_20260924_140453_subway,9/24 지하철,subway,enb,198564,198564,87.1,207.8,120.7,0,28,6,5,1043.0,1073.1,1.0,8.05,-80.3,-91.0,-87.0,-87.0,1.0,3050,inter,0
network_log_20260924_140453_subway,9/24 지하철,subway,enb,203575,203575,207.8,212.5,4.6,0,2,1,0,66.8,66.9,1.0,16.77,-85.0,-85.0,-85.0,-85.0,1.0,2600,inter,0
network_log_20260924_140453_subway,9/24 지하철,subway,enb,204764,204764,212.5,215.3,2.9,0,1,1,0,33.8,33.8,1.0,17.48,-83.0,-83.0,-83.0,-83.0,1.0,2600,inter,0
network_log_20260924_140453_subway,9/24 지하철,subway,enb,200312,200312,215.3,335.8,120.4,0,30,5,6,956.4,1452.5,1.0,17.02,-82.0,-92.0,-82.0,-84.0,1.0,2600,inter,0
network_log_20260924_140453_subway,9/24 지하철,subway,enb,200313,200313,335.8,389.6,53.9,0,15,5,4,470.4,470.4,1.0,,-76.5,-83.0,-80.0,-83.0,1.0,3050,inter,0
network_log_20260924_140453_subway,9/24 지하철,subway,enb,200311,200311,389.6,503.2,113.6,0,29,6,5,882.7,884.8,1.0,,-77.5,-94.0,-81.0,-54.0,1.0,3050,inter,0
network_log_20260924_140453_subway,9/24 지하철,subway,enb,200314,200314,503.2,616.7,113.5,0,27,5,4,800.2,800.2,1.0,,-80.8,-99.0,-79.0,-69.0,1.0,3050,inter,0
network_log_20260924_140453_subway,9/24 지하철,subway,enb,200321,200321,616.7,726.1,109.4,0,29,6,7,527.5,527.5,1.0,,-79.2,-101.0,-76.0,-76.0,1.0,3050,inter,0
network_log_20260924_140453_subway,9/24 지하철,subway,enb,200320,200320,726.1,761.9,35.8,0,10,3,2,172.4,172.4,1.0,,-70.6,-79.0,-77.0,-78.0,1.0,3050,inter,0
network_log_20260924_140453_subway,9/24 지하철,subway,enb,200322,200322,761.9,854.5,92.7,0,22,3,2,1260.1,1275.6,1.0,,-78.7,-89.0,-72.0,-89.0,1.0,3050,inter,0
network_log_20260924_140453_subway,9/24 지하철,subway,enb,200319,200319,854.5,987.9,133.4,0,31,5,4,1120.5,1133.6,1.0,,-83.2,-96.0,-88.0,-89.0,1.0,3050,inter,0
network_log_20260924_140453_subway,9/24 지하철,subway,enb,200320,200320,987.9,1021.9,33.9,0,9,3,2,304.6,304.6,1.0,,-78.3,-88.0,-76.0,-73.0,1.0,3050,inter,0
network_log_20260924_140453_subway,9/24 지하철,subway,enb,200324,200324,1021.9,1099.2,77.3,0,21,6,5,693.7,693.7,1.0,,-79.1,-92.0,-88.0,-58.0,1.0,3050,inter,0
network_log_20260924_140453_subway,9/24 지하철,subway,enb,200325,200325,1099.2,1138.4,39.2,0,8,1,0,351.9,351.9,1.0,,-89.9,-101.0,-101.0,-88.0,1.0,3050,inter,0
network_log_20260924_140453_subway,9/24 지하철,subway,enb,200324,200324,1138.4,1142.5,4.1,0,2,1,0,36.8,36.8,1.0,,-101.0,-101.0,-101.0,-101.0,1.0,3050,inter,1
network_log_20260924_140453_subway,9/24 지하철,subway,enb,200325,200325,1142.5,1202.1,59.6,0,16,5,4,498.2,503.0,1.0,,-86.3,-109.0,-109.0,-86.0,1.0,3050,inter,0
network_log_20260924_140453_subway,9/24 지하철,subway,enb,200328,200328,1202.1,1280.8,78.7,0,18,2,1,716.0,717.6,1.0,,-83.7,-98.0,-87.0,-75.0,1.0,3050,inter,0
network_log_20260924_140453_subway,9/24 지하철,subway,enb,200323,200323,1280.8,1420.2,139.4,0,33,6,5,1207.4,1295.6,1.0,,-80.1,-94.0,-77.0,-77.0,1.0,3050,inter,0
network_log_20260924_140453_subway,9/24 지하철,subway,enb,200327,200327,1420.2,1495.5,75.3,0,19,6,5,748.3,748.3,1.0,,-75.7,-88.0,-81.0,-88.0,1.0,3050,inter,0
network_log_20260924_140453_subway,9/24 지하철,subway,enb,200326,200326,1495.5,1619.3,123.8,0,27,4,3,1047.1,1055.4,1.0,,-88.9,-102.0,-82.0,-80.0,1.0,3050,inter,0
network_log_20260924_140453_subway,9/24 지하철,subway,enb,200362,200362,1619.3,1662.8,43.5,0,11,2,1,468.3,468.3,1.0,,-82.0,-95.0,-86.0,-85.0,1.0,3050,inter,0
network_log_20260924_140453_subway,9/24 지하철,subway,enb,200364,200364,1662.8,1719.4,56.7,0,12,1,0,256.9,272.4,1.0,,-77.8,-81.0,-78.0,-78.0,1.0,3050,inter,0
network_log_20260924_140453_subway,9/24 지하철,subway,enb,200362,200362,1719.4,1778.1,58.7,0,16,4,3,325.1,325.1,1.0,,-84.2,-93.0,-89.0,-81.0,1.0,3050,inter,0
network_log_20260924_140453_subway,9/24 지하철,subway,enb,200365,200365,1778.1,1795.9,17.8,0,4,1,0,98.7,98.7,1.0,,-83.2,-90.0,-90.0,-67.0,1.0,3050,inter,0
network_log_20260924_140453_subway,9/24 지하철,subway,enb,200364,200364,1795.9,1861.7,65.8,0,14,1,0,253.3,253.3,1.0,,-84.5,-94.0,-94.0,-90.0,1.0,3050,inter,0
network_log_20260924_140453_subway,9/24 지하철,subway,enb,200365,200365,1861.7,1930.3,68.6,0,19,5,4,517.6,517.6,1.0,,-78.4,-95.0,-95.0,-75.0,1.0,3050,inter,0
network_log_20260924_140453_subway,9/24 지하철,subway,enb,200363,200363,1930.3,2027.3,97.0,0,26,6,8,767.4,788.8,1.0,,-78.9,-95.0,-73.0,-86.0,1.0,3050,inter,0
network_log_20260924_140453_subway,9/24 지하철,subway,enb,200357,200357,2027.3,2129.8,102.5,0,26,6,5,835.2,835.2,1.0,,-78.0,-90.0,-83.0,-82.0,1.0,3050,inter,0
network_log_20260924_140453_subway,9/24 지하철,subway,enb,200358,200358,2129.8,2286.7,156.9,0,43,6,11,929.7,975.4,1.0,,-83.2,-93.0,-87.0,-61.0,1.0,3050,inter,0
network_log_20260924_140453_subway,9/24 지하철,subway,enb,200356,200356,2286.7,2322.5,35.8,0,10,4,3,323.8,323.8,1.0,,-81.5,-93.0,-87.0,-75.0,1.0,3050,inter,0
network_log_20260924_140453_subway,9/24 지하철,subway,enb,200355,200355,2322.5,2428.0,105.5,0,26,5,4,952.2,953.6,1.0,,-79.0,-91.0,-82.0,-66.0,1.0,3050,inter,0
network_log_20260924_140453_subway,9/24 지하철,subway,enb,200310,200310,2428.0,2533.2,105.2,0,31,6,10,948.7,950.6,1.0,,-84.5,-105.0,-80.0,-65.0,1.0,3050,inter,0
network_log_20260924_140453_subway,9/24 지하철,subway,enb,200308,200308,2533.2,2651.6,118.4,0,28,4,3,924.5,966.0,1.0,,-80.6,-90.0,-87.0,-83.0,1.0,3050,inter,0
network_log_20260924_140453_subway,9/24 지하철,subway,enb,200309,200309,2651.6,2689.5,37.9,0,11,4,3,327.1,327.1,1.0,,-76.0,-91.0,-88.0,-59.0,1.0,3050,inter,0
network_log_20260924_140453_subway,9/24 지하철,subway,enb,200307,200307,2689.5,2819.0,129.4,0,31,6,5,905.6,932.1,1.0,,-82.9,-95.0,-81.0,-87.0,1.0,3050,inter,0
network_log_20260924_140453_subway,9/24 지하철,subway,enb,200367,200367,2819.0,2860.2,41.2,0,11,3,2,449.4,449.4,1.0,,-81.8,-96.0,-87.0,-79.0,1.0,3050,inter,0
network_log_20260924_140453_subway,9/24 지하철,subway,enb,200366,200366,2860.2,3005.7,145.6,0,33,5,4,1280.7,1288.6,1.0,,-75.4,-99.0,-83.0,-54.0,1.0,3050,inter,0
network_log_20260924_140453_subway,9/24 지하철,subway,enb,200367,200367,3005.7,3043.2,37.5,0,9,3,2,341.9,341.9,1.0,,-86.6,-98.0,-92.0,-94.0,1.0,3050,inter,0
network_log_20260924_140453_subway,9/24 지하철,subway,enb,200368,200368,3043.2,3173.8,130.6,0,35,5,8,1552.2,1554.4,1.0,,-84.9,-103.0,-78.0,-85.0,1.0,3050,inter,0
network_log_20260924_140453_subway,9/24 지하철,subway,enb,200369,200369,3173.8,3304.2,130.3,0,38,5,12,1046.8,1089.3,1.0,,-83.4,-98.0,-90.0,-97.0,1.0,3050,inter,0
network_log_20260924_140453_subway,9/24 지하철,subway,enb,200346,200346,3304.2,3315.9,11.8,0,3,1,0,89.3,89.3,1.0,,-84.0,-97.0,-97.0,-65.0,1.0,3050,inter,0
network_log_20260924_140453_subway,9/24 지하철,subway,enb,200350,200350,3315.9,3331.3,15.4,0,4,1,0,116.8,116.8,1.0,,-79.5,-87.0,-87.0,-57.0,1.0,3050,inter,0
network_log_20260924_140453_subway,9/24 지하철,subway,enb,200346,200346,3331.3,3354.3,23.0,0,8,3,2,174.3,174.3,1.0,,-76.0,-85.0,-76.0,-72.0,1.0,3050,inter,0
network_log_20260924_140453_subway,9/24 지하철,subway,enb,200345,200345,3354.3,3389.9,35.6,0,10,3,2,270.1,270.1,1.0,,-72.9,-86.0,-85.0,-65.0,1.0,3050,inter,0
network_log_20260924_140453_subway,9/24 지하철,subway,enb,200344,200344,3389.9,3426.0,36.2,0,10,3,2,274.7,274.7,1.0,,-73.1,-80.0,-78.0,-72.0,1.0,3050,inter,0
network_log_20260924_140453_subway,9/24 지하철,subway,enb,200343,200343,3426.0,3503.8,77.8,0,21,5,4,536.2,589.0,1.0,,-81.8,-93.0,-93.0,-67.0,1.0,3050,inter,0
network_log_20260924_140453_subway,9/24 지하철,subway,enb,200348,200348,3503.8,3541.3,37.5,0,10,3,2,284.5,284.5,1.0,,-85.4,-94.0,-87.0,-74.0,1.0,3050,inter,0
network_log_20260924_140453_subway,9/24 지하철,subway,enb,200347,200347,3541.3,3626.3,85.0,0,20,3,2,645.4,645.4,1.0,,-88.7,-98.0,-92.0,-94.0,1.0,3050,inter,0
network_log_20260924_140453_subway,9/24 지하철,subway,enb,200350,200350,3626.3,3651.9,25.6,0,7,2,1,193.7,194.0,1.0,,-84.4,-89.0,-88.0,-81.0,1.0,3050,inter,0
network_log_20260924_140453_subway,9/24 지하철,subway,enb,200349,200349,3651.9,3655.9,4.0,0,2,1,0,30.1,30.1,1.0,,-90.0,-90.0,-90.0,-90.0,1.0,3050,inter,1
network_log_20260924_140453_subway,9/24 지하철,subway,enb,200350,200350,3655.9,3694.9,39.0,0,9,1,0,296.2,296.2,1.0,,-91.0,-93.0,-93.0,-91.0,1.0,3050,inter,0
network_log_20260924_140453_subway,9/24 지하철,subway,enb,200349,200349,3694.9,3730.6,35.8,0,9,2,1,271.5,271.5,1.0,,-81.9,-91.0,-91.0,-58.0,1.0,3050,inter,0
network_log_20260924_140453_subway,9/24 지하철,subway,enb,200342,200342,3730.6,3813.3,82.7,0,20,2,3,626.3,627.7,1.0,,-86.5,-96.0,-81.0,-91.0,1.0,3050,inter,0
network_log_20260924_140453_subway,9/24 지하철,subway,enb,200341,200341,3813.3,3836.3,22.9,0,7,2,1,174.0,174.0,1.0,,-68.9,-81.0,-81.0,-60.0,1.0,3050,inter,0
network_log_20260924_140453_subway,9/24 지하철,subway,enb,200340,200340,3836.3,3871.9,35.6,0,10,3,2,270.5,270.5,1.0,,-75.0,-90.0,-73.0,-90.0,1.0,3050,inter,0
network_log_20260924_140453_subway,9/24 지하철,subway,enb,200339,200339,3871.9,3885.9,14.0,0,4,1,0,106.3,106.3,1.0,,-84.0,-87.0,-86.0,-87.0,1.0,3050,inter,1
network_log_20260924_140453_subway,9/24 지하철,subway,enb,200340,200340,3885.9,3888.7,2.8,0,1,1,0,21.0,21.0,1.0,,-92.0,-92.0,-92.0,-92.0,1.0,3050,inter,1
network_log_20260924_140453_subway,9/24 지하철,subway,enb,200339,200339,3888.7,3905.2,16.6,0,4,1,0,124.9,125.4,1.0,,-81.0,-89.0,-89.0,-79.0,1.0,3050,inter,1
network_log_20260924_140453_subway,9/24 지하철,subway,enb,200340,200340,3905.2,3908.8,3.5,0,1,1,0,26.9,26.9,1.0,,-91.0,-91.0,-91.0,-91.0,1.0,3050,inter,1
network_log_20260924_140453_subway,9/24 지하철,subway,enb,200339,200339,3908.8,3917.0,8.2,0,2,1,0,62.3,62.3,1.0,,-84.5,-85.0,-84.0,-85.0,1.0,3050,inter,1
network_log_20260924_140453_subway,9/24 지하철,subway,enb,200340,200340,3917.0,3920.9,3.9,0,2,1,0,29.6,29.6,1.0,,-89.5,-90.0,-90.0,-89.0,1.0,3050,inter,1
network_log_20260924_140453_subway,9/24 지하철,subway,enb,200339,200339,3920.9,3952.9,32.0,0,9,3,2,242.8,242.8,1.0,,-73.2,-85.0,-83.0,-75.0,1.0,3050,inter,0
network_log_20260924_140453_subway,9/24 지하철,subway,enb,200338,200338,3952.9,3978.3,25.4,0,6,1,0,193.0,193.0,1.0,,-71.2,-83.0,-83.0,-59.0,1.0,100,inter,0
network_log_20260924_140453_subway,9/24 지하철,subway,enb,200337,200337,3978.3,4148.1,169.8,0,36,2,1,1404.1,1484.3,1.0,0.49,-70.5,-82.0,-81.0,-76.0,1.0,100,inter,0
network_log_20260924_140453_subway,9/24 지하철,subway,enb,201040,201040,4148.1,4174.2,26.1,0,6,1,0,21.0,26.6,1.0,0.22,-74.5,-81.0,-81.0,-70.0,1.0,100,inter,0
network_log_20260924_140453_subway,9/24 지하철,subway,enb,201041,201041,4174.2,4180.6,6.4,0,2,1,0,10.3,10.3,1.0,0.86,-71.5,-72.0,-71.0,-72.0,1.0,100,inter,1
network_log_20260924_140453_subway,9/24 지하철,subway,enb,201040,201040,4180.6,4207.4,26.8,1,8,1,0,33.8,36.8,1.0,1.05,-68.5,-70.0,-69.0,-64.0,1.0,100,,0
network_log_20260925_072530_car,9/25 07:25 차량,car,enb,201003,201003,0.0,40.2,40.2,1,8,1,0,76.3,90.2,1.0,1.72,-93.8,-101.0,-90.0,-101.0,1.0,100,inter,0
network_log_20260925_072530_car,9/25 07:25 차량,car,enb,201006,201006,40.2,70.3,30.1,0,6,1,0,240.8,249.5,1.0,7.95,-101.0,-101.0,-101.0,-101.0,1.0,100,inter,0
network_log_20260925_072530_car,9/25 07:25 차량,car,enb,200996,200996,70.3,110.5,40.2,0,8,1,0,555.9,560.0,1.0,12.07,-95.2,-103.0,-103.0,-88.0,1.0,100,inter,0
network_log_20260925_072530_car,9/25 07:25 차량,car,enb,201005,201005,110.5,241.0,130.5,0,26,2,1,1361.5,1386.9,0.81,13.41,-93.3,-103.0,-95.0,-97.0,1.0,100,inter,0
network_log_20260925_072530_car,9/25 07:25 차량,car,enb,201006,201006,241.0,251.0,10.0,0,2,1,0,173.7,173.7,1.0,14.5,-108.0,-108.0,-108.0,-108.0,1.0,100,inter,0
network_log_20260925_072530_car,9/25 07:25 차량,car,enb,200784,200784,251.0,532.1,281.1,0,56,5,4,3669.2,3719.1,0.93,13.66,-98.4,-110.0,-99.0,-79.0,0.36,100,inter,0
network_log_20260925_072530_car,9/25 07:25 차량,car,enb,202618,202618,532.1,579.2,47.2,0,11,2,1,927.2,963.2,1.0,20.57,-102.5,-108.0,-106.0,-92.0,0.26,100,inter,0
network_log_20260925_072530_car,9/25 07:25 차량,car,enb,202617,202617,579.2,583.3,4.1,0,2,1,0,78.6,78.6,1.0,19.58,-88.0,-88.0,-88.0,-88.0,1.0,2600,inter,0
network_log_20260925_072530_car,9/25 07:25 차량,car,enb,202618,202618,583.3,672.6,89.3,0,18,2,1,1149.5,1179.5,1.0,12.87,-85.2,-103.0,-88.0,-103.0,1.0,100,inter,0
network_log_20260925_072530_car,9/25 07:25 차량,car,enb,202704,202704,672.6,813.2,140.5,0,30,4,4,1570.9,1603.9,1.0,11.86,-91.7,-109.0,-90.0,-93.0,0.0,2600,inter,0
network_log_20260925_072530_car,9/25 07:25 차량,car,enb,203700,203700,813.2,883.4,70.2,0,14,3,2,1076.3,1252.1,1.0,18.07,-95.6,-103.0,-89.0,-103.0,0.0,2600,inter,0
network_log_20260925_072530_car,9/25 07:25 차량,car,enb,202763,202763,883.4,992.7,109.3,0,22,5,4,2411.3,2415.9,1.0,21.97,-94.5,-105.0,-105.0,-86.0,0.0,2600,inter,0
network_log_20260925_072530_car,9/25 07:25 차량,car,enb,204058,204058,992.7,1013.9,21.2,0,5,2,1,439.1,439.2,1.0,22.43,-94.0,-102.0,-102.0,-82.0,0.0,3050,inter,0
network_log_20260925_072530_car,9/25 07:25 차량,car,enb,204052,204052,1013.9,1023.9,10.0,0,2,1,0,214.1,214.1,1.0,21.31,-83.0,-83.0,-83.0,-83.0,0.0,3050,inter,1
network_log_20260925_072530_car,9/25 07:25 차량,car,enb,204058,204058,1023.9,1033.9,10.0,0,2,1,0,214.3,214.3,1.0,21.3,-106.0,-106.0,-106.0,-106.0,0.0,3050,inter,0
network_log_20260925_072530_car,9/25 07:25 차량,car,enb,204049,204049,1033.9,1094.2,60.2,0,12,4,3,1279.9,1280.0,1.0,21.41,-101.3,-108.0,-106.0,-101.0,0.0,3050,inter,0
network_log_20260925_072530_car,9/25 07:25 차량,car,enb,204036,204036,1094.2,1184.5,90.3,0,18,4,3,695.8,1234.7,1.0,13.45,-93.3,-105.0,-89.0,-94.0,0.0,100,inter,0
network_log_20260925_072530_car,9/25 07:25 차량,car,enb,198802,198802,1184.5,1239.7,55.2,0,11,3,2,985.6,998.4,1.0,18.33,-79.5,-95.0,-95.0,-93.0,1.0,100,inter,0
network_log_20260925_072530_car,9/25 07:25 차량,car,enb,198621,198621,1239.7,1242.1,2.5,0,1,1,0,39.7,39.7,1.0,20.25,-103.0,-103.0,-103.0,-103.0,1.0,100,inter,0
network_log_20260925_072530_car,9/25 07:25 차량,car,enb,199600,199600,1242.1,1259.8,17.6,0,4,2,1,374.0,374.7,1.0,20.73,-91.5,-94.0,-89.0,-94.0,0.72,2600,inter,0
network_log_20260925_072530_car,9/25 07:25 차량,car,enb,198620,198620,1259.8,1340.1,80.3,0,16,4,4,1010.8,1014.7,1.0,12.84,-96.2,-107.0,-92.0,-96.0,0.0,2600,inter,0
network_log_20260925_072530_car,9/25 07:25 차량,car,enb,198799,198799,1340.1,1350.1,10.0,0,2,1,0,99.8,99.8,1.0,11.72,-106.0,-106.0,-106.0,-106.0,0.0,100,inter,0
network_log_20260925_072530_car,9/25 07:25 차량,car,enb,198803,198803,1350.1,1380.2,30.1,0,6,1,0,93.7,96.3,1.0,2.85,-95.3,-96.0,-96.0,-95.0,0.0,100,inter,0
network_log_20260925_072530_car,9/25 07:25 차량,car,enb,198800,198800,1380.2,1390.2,10.0,0,2,1,0,139.1,139.1,1.0,10.38,-92.0,-92.0,-92.0,-92.0,0.0,100,inter,0
network_log_20260925_072530_car,9/25 07:25 차량,car,enb,198823,198823,1390.2,1400.3,10.0,0,2,1,0,116.2,116.2,1.0,12.82,-102.0,-102.0,-102.0,-102.0,0.0,100,inter,0
network_log_20260925_072530_car,9/25 07:25 차량,car,enb,198800,198800,1400.3,1410.3,10.0,0,2,1,0,22.9,22.9,1.0,3.57,-106.0,-106.0,-106.0,-106.0,0.0,100,inter,0
network_log_20260925_072530_car,9/25 07:25 차량,car,enb,198823,198823,1410.3,1453.4,43.1,0,11,4,3,286.7,340.3,1.0,8.55,-76.2,-102.0,-102.0,-72.0,0.53,100,inter,0
network_log_20260925_072530_car,9/25 07:25 차량,car,enb,198814,198814,1453.4,1463.5,10.1,0,4,2,1,108.1,109.5,1.0,11.15,-81.0,-83.0,-79.0,-83.0,1.0,100,inter,0
network_log_20260925_072530_car,9/25 07:25 차량,car,enb,205105,205105,1463.5,1469.0,5.5,0,2,1,0,47.0,47.2,1.0,8.29,-84.0,-84.0,-84.0,-84.0,1.0,100,inter,1
network_log_20260925_072530_car,9/25 07:25 차량,car,enb,198814,198814,1469.0,1470.7,1.7,0,1,1,0,4.9,4.9,1.0,4.69,-79.0,-79.0,-79.0,-79.0,1.0,100,inter,1
network_log_20260925_072530_car,9/25 07:25 차량,car,enb,205105,205105,1470.7,1471.3,0.7,1,2,1,0,0.0,0.0,1.0,1.76,-84.0,-84.0,-84.0,-84.0,1.0,100,,0
network_log_20260925_154924_car,9/25 15:49 차량,car,enb,199002,199002,0.0,123.6,123.6,1,33,4,8,422.7,529.0,0.94,4.42,-80.4,-94.0,-94.0,-86.0,1.0,3050,inter,0
network_log_20260925_154924_car,9/25 15:49 차량,car,enb,198992,198992,123.6,329.1,205.5,0,45,4,3,601.5,838.2,1.0,4.49,-79.8,-96.0,-89.0,-87.0,1.0,3050,inter,0
network_log_20260925_154924_car,9/25 15:49 차량,car,enb,198991,198991,329.1,331.9,2.8,0,1,1,0,36.3,36.3,1.0,9.14,-93.0,-93.0,-93.0,-93.0,1.0,3050,inter,0
network_log_20260925_154924_car,9/25 15:49 차량,car,enb,198591,198591,331.9,390.5,58.6,0,12,1,0,172.9,173.0,0.75,4.37,-78.8,-86.0,-86.0,-82.0,1.0,3050,inter,0
network_log_20260925_154924_car,9/25 15:49 차량,car,enb,198353,198353,390.5,418.9,28.5,0,7,1,0,251.0,251.3,1.0,9.13,-78.3,-84.0,-81.0,-84.0,1.0,3050,inter,0
network_log_20260925_154924_car,9/25 15:49 차량,car,enb,198997,198997,418.9,706.7,287.7,0,64,2,7,714.3,830.1,1.0,2.82,-80.0,-95.0,-91.0,-95.0,1.0,3050,inter,0
network_log_20260925_154924_car,9/25 15:49 차량,car,enb,198824,198824,706.7,861.4,154.8,0,33,2,1,746.6,749.7,1.0,5.03,-78.9,-96.0,-96.0,-90.0,1.0,3050,inter,0
network_log_20260925_154924_car,9/25 15:49 차량,car,enb,198823,198823,861.4,862.6,1.2,0,1,1,0,0.0,0.0,1.0,8.23,-89.0,-89.0,-89.0,-89.0,1.0,3050,inter,1
network_log_20260925_154924_car,9/25 15:49 차량,car,enb,198824,198824,862.6,864.3,1.7,0,1,1,0,16.4,16.4,1.0,8.23,-87.0,-87.0,-87.0,-87.0,1.0,3050,inter,1
network_log_20260925_154924_car,9/25 15:49 차량,car,enb,198823,198823,864.3,934.6,70.2,0,16,3,5,349.5,454.1,1.0,6.46,-78.9,-89.0,-89.0,-85.0,1.0,3050,inter,0
network_log_20260925_154924_car,9/25 15:49 차량,car,enb,198800,198800,934.6,1017.7,83.1,0,18,2,1,422.4,422.5,0.56,10.1,-93.1,-102.0,-81.0,-99.0,1.0,3050,inter,0
network_log_20260925_154924_car,9/25 15:49 차량,car,enb,198620,198620,1017.7,1029.8,12.2,0,3,1,0,,,0.0,,-98.3,-99.0,-98.0,-99.0,1.0,3050,inter,1
network_log_20260925_154924_car,9/25 15:49 차량,car,enb,198800,198800,1029.8,1058.8,29.0,0,6,1,0,,,0.0,,-99.0,-101.0,-98.0,-101.0,1.0,3050,inter,1
network_log_20260925_154924_car,9/25 15:49 차량,car,enb,198620,198620,1058.8,1218.3,159.5,0,37,4,4,596.2,596.6,0.49,8.08,-88.5,-98.0,-97.0,-82.0,1.0,3050,inter,0
network_log_20260925_154924_car,9/25 15:49 차량,car,enb,198621,198621,1218.3,1221.0,2.7,0,1,1,0,16.7,16.7,1.0,8.27,-91.0,-91.0,-91.0,-91.0,1.0,3050,inter,1
network_log_20260925_154924_car,9/25 15:49 차량,car,enb,198620,198620,1221.0,1230.0,9.0,0,3,1,0,85.7,85.7,1.0,8.81,-85.7,-87.0,-87.0,-83.0,1.0,3050,inter,1
network_log_20260925_154924_car,9/25 15:49 차량,car,enb,198621,198621,1230.0,1237.9,7.9,0,3,1,0,76.3,76.4,1.0,9.12,-93.7,-95.0,-93.0,-95.0,1.0,3050,inter,0
network_log_20260925_154924_car,9/25 15:49 차량,car,enb,198806,198806,1237.9,1254.4,16.5,0,4,1,0,201.1,201.6,1.0,12.48,-96.8,-98.0,-96.0,-98.0,1.0,3050,inter,0
network_log_20260925_154924_car,9/25 15:49 차량,car,enb,198620,198620,1254.4,1256.6,2.2,0,1,1,0,27.4,27.4,1.0,13.55,-91.0,-91.0,-91.0,-91.0,1.0,3050,inter,0
network_log_20260925_154924_car,9/25 15:49 차량,car,enb,198621,198621,1256.6,1301.8,45.1,0,10,1,0,676.8,691.6,1.0,15.29,-93.2,-101.0,-95.0,-90.0,1.0,3050,inter,0
network_log_20260925_154924_car,9/25 15:49 차량,car,enb,198802,198802,1301.8,1566.3,264.5,0,54,2,1,801.6,802.3,1.0,3.02,-74.8,-100.0,-92.0,-89.0,1.0,3050,inter,0
network_log_20260925_154924_car,9/25 15:49 차량,car,enb,204036,204036,1566.3,2024.8,458.5,0,95,2,5,772.4,1023.8,1.0,2.22,-81.7,-95.0,-95.0,-94.0,1.0,3050,inter,0
network_log_20260925_154924_car,9/25 15:49 차량,car,enb,204049,204049,2024.8,2041.2,16.5,0,4,1,0,210.8,210.8,1.0,11.18,-88.5,-98.0,-88.0,-79.0,1.0,3050,inter,1
network_log_20260925_154924_car,9/25 15:49 차량,car,enb,204036,204036,2041.2,2047.8,6.6,0,2,1,0,83.9,83.9,1.0,13.39,-92.0,-92.0,-92.0,-92.0,1.0,3050,inter,0
network_log_20260925_154924_car,9/25 15:49 차량,car,enb,204059,204059,2047.8,2054.8,7.1,0,2,1,0,87.6,87.6,1.0,14.63,-97.0,-97.0,-97.0,-97.0,1.0,3050,inter,0
network_log_20260925_154924_car,9/25 15:49 차량,car,enb,204049,204049,2054.8,2099.3,44.4,0,9,1,0,741.5,741.5,1.0,15.87,-89.2,-105.0,-93.0,-91.0,1.0,3050,inter,0
network_log_20260925_154924_car,9/25 15:49 차량,car,enb,204059,204059,2099.3,2106.7,7.4,0,4,2,1,111.4,111.4,1.0,18.47,-88.5,-91.0,-91.0,-86.0,1.0,3050,inter,0
network_log_20260925_154924_car,9/25 15:49 차량,car,enb,204058,204058,2106.7,2114.0,7.3,0,3,2,1,149.4,149.4,1.0,18.85,-87.3,-90.0,-90.0,-86.0,1.0,2600,inter,0
network_log_20260925_154924_car,9/25 15:49 차량,car,enb,204052,204052,2114.0,2129.0,15.0,0,5,4,3,249.9,249.9,1.0,17.95,-72.8,-76.0,-76.0,-76.0,1.0,2600,inter,0
network_log_20260925_154924_car,9/25 15:49 차량,car,enb,204058,204058,2129.0,2142.7,13.7,0,4,1,0,230.5,230.5,1.0,16.89,-73.0,-79.0,-73.0,-79.0,1.0,100,inter,0
network_log_20260925_154924_car,9/25 15:49 차량,car,enb,202763,202763,2142.7,2143.8,1.1,0,1,1,0,33.8,33.8,1.0,16.65,-92.0,-92.0,-92.0,-92.0,1.0,100,inter,0
network_log_20260925_154924_car,9/25 15:49 차량,car,enb,204058,204058,2143.8,2150.1,6.3,0,2,1,0,106.9,106.9,1.0,16.73,-91.0,-91.0,-91.0,-91.0,1.0,100,inter,1
network_log_20260925_154924_car,9/25 15:49 차량,car,enb,202763,202763,2150.1,2290.1,140.0,0,31,4,3,2362.7,2367.3,1.0,16.84,-85.2,-107.0,-87.0,-107.0,1.0,100,inter,0
network_log_20260925_154924_car,9/25 15:49 차량,car,enb,203700,203700,2290.1,2722.2,432.1,0,87,2,1,1216.6,1577.8,0.99,3.78,-93.5,-107.0,-107.0,-103.0,1.0,100,inter,0
network_log_20260925_154924_car,9/25 15:49 차량,car,enb,202765,202765,2722.2,2747.8,25.7,1,7,1,0,69.5,69.5,0.86,2.46,-100.9,-102.0,-102.0,-98.0,1.0,100,,0
network_log_20260925_163819_car,9/25 16:38 차량,car,enb,202618,202618,0.0,87.1,87.1,1,21,3,2,1490.9,1550.7,0.9,18.34,-89.9,-108.0,-108.0,-94.0,1.0,100,inter,0
network_log_20260925_163819_car,9/25 16:38 차량,car,enb,200784,200784,87.1,962.0,874.8,0,179,5,6,3498.1,3535.0,0.65,6.5,-89.3,-104.0,-92.0,-90.0,1.0,100,inter,0
network_log_20260925_163819_car,9/25 16:38 차량,car,enb,201006,201006,962.0,1012.3,50.4,0,11,1,0,3.7,3.7,0.27,0.79,-90.5,-92.0,-92.0,-88.0,1.0,100,inter,0
network_log_20260925_163819_car,9/25 16:38 차량,car,enb,200784,200784,1012.3,1052.4,40.1,0,8,1,0,178.3,178.4,1.0,4.55,-90.4,-93.0,-92.0,-92.0,1.0,100,inter,0
network_log_20260925_163819_car,9/25 16:38 차량,car,enb,201006,201006,1052.4,1061.3,8.9,0,2,1,0,56.4,56.4,1.0,3.92,-86.5,-89.0,-89.0,-84.0,1.0,100,inter,0
network_log_20260925_163819_car,9/25 16:38 차량,car,enb,202574,202574,1061.3,1067.5,6.2,0,2,1,0,58.2,58.2,1.0,10.25,-88.0,-88.0,-88.0,-88.0,1.0,100,inter,0
network_log_20260925_163819_car,9/25 16:38 차량,car,enb,201005,201005,1067.5,1222.6,155.2,0,35,4,4,894.6,899.5,0.6,12.08,-79.5,-100.0,-85.0,-83.0,1.0,100,inter,0
network_log_20260925_163819_car,9/25 16:38 차량,car,enb,200996,200996,1222.6,1224.2,1.6,0,2,1,0,39.4,39.4,1.0,19.97,-89.0,-89.0,-89.0,-89.0,1.0,100,inter,1
network_log_20260925_163819_car,9/25 16:38 차량,car,enb,201005,201005,1224.2,1257.4,33.2,0,7,1,0,482.1,482.3,1.0,15.14,-81.1,-95.0,-81.0,-95.0,1.0,100,inter,0
network_log_20260925_163819_car,9/25 16:38 차량,car,enb,200996,200996,1257.4,1284.9,27.5,0,7,1,0,326.0,326.4,1.0,12.7,-82.3,-92.0,-92.0,-79.0,1.0,100,inter,0
network_log_20260925_163819_car,9/25 16:38 차량,car,enb,201006,201006,1284.9,1451.3,166.4,0,34,1,0,385.8,416.1,0.44,5.91,-81.0,-86.0,-82.0,-77.0,1.0,100,inter,0
network_log_20260925_163819_car,9/25 16:38 차량,car,enb,201003,201003,1451.3,1531.0,79.7,0,17,1,0,438.8,440.4,0.82,7.16,-81.6,-87.0,-87.0,-82.0,1.0,100,inter,0
network_log_20260925_163819_car,9/25 16:38 차량,car,enb,201042,201042,1531.0,1536.6,5.6,0,2,1,0,44.6,48.0,1.0,8.88,-91.0,-91.0,-91.0,-91.0,1.0,100,inter,0
network_log_20260925_163819_car,9/25 16:38 차량,car,enb,201006,201006,1536.6,1538.6,2.1,0,1,1,0,20.1,20.1,1.0,9.21,-85.0,-85.0,-85.0,-85.0,1.0,100,inter,1
network_log_20260925_163819_car,9/25 16:38 차량,car,enb,201042,201042,1538.6,1546.1,7.5,0,3,1,0,77.4,77.4,1.0,9.66,-92.0,-92.0,-92.0,-92.0,1.0,100,inter,1
network_log_20260925_163819_car,9/25 16:38 차량,car,enb,201006,201006,1546.1,1558.7,12.6,0,3,1,0,89.5,89.5,1.0,8.45,-85.0,-87.0,-84.0,-87.0,1.0,100,inter,1
network_log_20260925_163819_car,9/25 16:38 차량,car,enb,201042,201042,1558.7,2244.0,685.2,0,141,3,4,38.5,975.7,1.0,1.54,-81.6,-88.0,-86.0,-83.0,1.0,100,inter,0
network_log_20260925_163819_car,9/25 16:38 차량,car,enb,201006,201006,2244.0,2417.4,173.5,1,36,1,0,112.6,378.0,1.0,2.33,-78.1,-94.0,-87.0,-79.0,1.0,100,,0
network_log_20260927_205144_car,9/27 차량,car,enb,201006,201006,0.0,39.6,39.6,1,9,2,1,110.8,192.1,0.78,3.89,-85.9,-91.0,-91.0,-91.0,1.0,2600,inter,0
network_log_20260927_205144_car,9/27 차량,car,enb,201042,201042,39.6,52.5,13.0,0,4,1,0,80.0,82.1,1.0,4.94,-82.8,-83.0,-83.0,-83.0,1.0,100,inter,1
network_log_20260927_205144_car,9/27 차량,car,enb,201006,201006,52.5,56.8,4.3,0,2,1,0,33.4,33.4,1.0,8.82,-81.0,-81.0,-81.0,-81.0,1.0,100,inter,1
network_log_20260927_205144_car,9/27 차량,car,enb,201042,201042,56.8,69.8,13.0,0,3,1,0,73.2,73.3,1.0,6.9,-88.7,-90.0,-88.0,-90.0,1.0,100,inter,0
network_log_20260927_205144_car,9/27 차량,car,enb,201006,201006,69.8,73.8,4.0,0,2,1,0,23.8,23.8,1.0,7.17,-99.0,-99.0,-99.0,-99.0,1.0,100,inter,1
network_log_20260927_205144_car,9/27 차량,car,enb,201042,201042,73.8,80.3,6.5,0,2,1,0,19.4,19.9,1.0,4.21,-98.0,-98.0,-98.0,-98.0,1.0,100,inter,0
network_log_20260927_205144_car,9/27 차량,car,enb,201003,201003,80.3,110.3,30.0,0,6,1,0,305.2,305.5,1.0,8.89,-83.8,-88.0,-86.0,-77.0,1.0,100,inter,0
network_log_20260927_205144_car,9/27 차량,car,enb,201006,201006,110.3,113.3,3.0,0,2,1,0,24.7,24.7,1.0,12.74,-69.0,-69.0,-69.0,-69.0,1.0,100,inter,1
network_log_20260927_205144_car,9/27 차량,car,enb,201003,201003,113.3,127.0,13.7,0,4,1,0,154.3,154.7,1.0,11.38,-80.5,-83.0,-79.0,-83.0,1.0,100,inter,0
network_log_20260927_205144_car,9/27 차량,car,enb,201006,201006,127.0,154.5,27.5,0,6,1,0,328.2,334.3,1.0,11.3,-84.0,-90.0,-83.0,-78.0,1.0,100,inter,0
network_log_20260927_205144_car,9/27 차량,car,enb,200996,200996,154.5,270.4,115.9,0,25,3,2,369.5,495.1,1.0,4.73,-78.2,-87.0,-87.0,-77.0,1.0,100,inter,0
network_log_20260927_205144_car,9/27 차량,car,enb,200998,200998,270.4,495.1,224.7,0,46,1,0,544.8,617.9,1.0,2.98,-77.7,-84.0,-79.0,-75.0,1.0,100,inter,0
network_log_20260927_205144_car,9/27 차량,car,enb,201001,201001,495.1,522.0,26.9,0,6,1,0,320.8,336.4,1.0,12.89,-82.3,-89.0,-82.0,-77.0,1.0,100,inter,0
network_log_20260927_205144_car,9/27 차량,car,enb,200998,200998,522.0,701.1,179.1,0,38,3,2,506.9,554.4,1.0,3.79,-69.5,-81.0,-74.0,-74.0,1.0,100,inter,0
network_log_20260927_205144_car,9/27 차량,car,enb,202549,202549,701.1,706.0,4.9,0,2,1,0,71.6,71.6,1.0,16.83,-74.0,-74.0,-74.0,-74.0,1.0,100,inter,0
network_log_20260927_205144_car,9/27 차량,car,enb,200999,200999,706.0,743.8,37.8,0,13,4,4,900.1,900.4,1.0,23.21,-72.9,-79.0,-78.0,-76.0,1.0,100,inter,0
network_log_20260927_205144_car,9/27 차량,car,enb,200961,200961,743.8,764.7,20.8,0,5,1,0,551.7,551.7,1.0,25.1,-76.2,-81.0,-77.0,-81.0,1.0,100,inter,0
network_log_20260927_205144_car,9/27 차량,car,enb,200969,200969,764.7,767.7,3.1,0,1,1,0,49.7,49.7,1.0,24.75,-84.0,-84.0,-84.0,-84.0,1.0,100,inter,0
network_log_20260927_205144_car,9/27 차량,car,enb,200964,200964,767.7,794.5,26.8,0,6,1,0,699.0,699.8,1.0,25.1,-72.7,-81.0,-81.0,-79.0,1.0,100,inter,0
network_log_20260927_205144_car,9/27 차량,car,enb,204141,204141,794.5,806.4,11.9,0,3,1,0,293.7,293.9,1.0,24.34,-76.3,-81.0,-74.0,-81.0,1.0,100,inter,0
network_log_20260927_205144_car,9/27 차량,car,enb,200966,200966,806.4,812.9,6.5,0,4,2,2,143.1,143.1,1.0,24.1,-72.8,-73.0,-73.0,-72.0,1.0,100,inter,0
network_log_20260927_205144_car,9/27 차량,car,enb,200975,200975,812.9,820.5,7.6,0,2,1,0,180.1,180.1,1.0,22.93,-67.5,-68.0,-67.0,-68.0,1.0,100,inter,0
network_log_20260927_205144_car,9/27 차량,car,enb,202548,202548,820.5,837.5,16.9,0,5,2,1,384.2,384.2,1.0,22.57,-81.2,-82.0,-81.0,-82.0,1.0,100,inter,0
network_log_20260927_205144_car,9/27 차량,car,enb,200975,200975,837.5,843.0,5.5,0,2,1,0,103.1,103.1,1.0,22.08,-75.0,-75.0,-75.0,-75.0,1.0,100,inter,1
network_log_20260927_205144_car,9/27 차량,car,enb,202548,202548,843.0,853.0,10.0,0,2,1,0,179.5,179.5,1.0,20.18,-76.0,-77.0,-75.0,-77.0,1.0,100,inter,0
network_log_20260927_205144_car,9/27 차량,car,enb,202602,202602,853.0,880.7,27.7,0,6,1,0,554.9,554.9,1.0,19.8,-75.8,-83.0,-83.0,-70.0,1.0,100,inter,0
network_log_20260927_205144_car,9/27 차량,car,enb,200973,200973,880.7,891.5,10.8,0,3,1,0,226.1,226.2,1.0,19.62,-76.7,-78.0,-78.0,-74.0,1.0,100,inter,0
network_log_20260927_205144_car,9/27 차량,car,enb,203106,203106,891.5,893.1,1.6,0,1,1,0,0.0,0.0,1.0,17.88,-77.0,-77.0,-77.0,-77.0,1.0,100,inter,0
network_log_20260927_205144_car,9/27 차량,car,enb,203112,203112,893.1,962.0,68.9,0,15,2,1,965.6,965.8,1.0,14.29,-78.3,-87.0,-83.0,-82.0,1.0,100,inter,0
network_log_20260927_205144_car,9/27 차량,car,enb,201718,201718,962.0,966.4,4.4,0,2,1,0,69.0,69.0,1.0,16.14,-85.0,-85.0,-85.0,-85.0,1.0,100,inter,1
network_log_20260927_205144_car,9/27 차량,car,enb,203112,203112,966.4,971.1,4.7,0,2,1,0,73.1,73.1,1.0,18.06,-87.0,-87.0,-87.0,-87.0,1.0,100,inter,0
network_log_20260927_205144_car,9/27 차량,car,enb,201973,201973,971.1,1022.8,51.6,0,12,2,1,,,0.08,19.01,-78.4,-95.0,-95.0,-67.0,1.0,100,inter,0
network_log_20260927_205144_car,9/27 차량,car,enb,201722,201722,1022.8,1074.2,51.5,0,13,3,2,,,0.0,,-73.1,-85.0,-71.0,-80.0,1.0,100,inter,0
network_log_20260927_205144_car,9/27 차량,car,enb,201959,201959,1074.2,1178.4,104.2,0,25,5,4,,,0.0,,-72.0,-85.0,-74.0,-79.0,1.0,100,inter,0
network_log_20260927_205144_car,9/27 차량,car,enb,203922,203922,1178.4,1288.7,110.3,0,28,6,5,,,0.0,,-74.3,-89.0,-80.0,-75.0,1.0,100,inter,0
network_log_20260927_205144_car,9/27 차량,car,enb,203923,203923,1288.7,1324.5,35.8,0,8,1,0,,,0.0,,-74.6,-92.0,-74.0,-92.0,1.0,100,inter,0
network_log_20260927_205144_car,9/27 차량,car,enb,203226,203226,1324.5,1331.9,7.3,0,2,1,0,,,0.0,,-89.5,-90.0,-90.0,-89.0,1.0,100,inter,0
network_log_20260927_205144_car,9/27 차량,car,enb,203750,203750,1331.9,1364.0,32.1,0,9,3,2,565.9,578.3,1.0,17.59,-80.0,-91.0,-91.0,-68.0,1.0,100,inter,0
network_log_20260927_205144_car,9/27 차량,car,enb,203262,203262,1364.0,1367.2,3.2,0,1,1,0,34.2,34.2,1.0,17.19,-94.0,-94.0,-94.0,-94.0,1.0,100,inter,0
network_log_20260927_205144_car,9/27 차량,car,enb,203249,203249,1367.2,1374.6,7.4,0,3,1,0,147.9,147.9,1.0,17.9,-68.7,-69.0,-69.0,-68.0,1.0,100,inter,0
network_log_20260927_205144_car,9/27 차량,car,enb,203750,203750,1374.6,1384.6,10.0,0,3,1,0,188.7,188.7,1.0,18.95,-65.7,-69.0,-64.0,-69.0,1.0,100,inter,0
network_log_20260927_205144_car,9/27 차량,car,enb,203263,203263,1384.6,1386.6,2.1,0,1,1,0,36.7,36.7,1.0,18.64,-74.0,-74.0,-74.0,-74.0,1.0,100,inter,0
network_log_20260927_205144_car,9/27 차량,car,enb,203246,203246,1386.6,1420.7,34.1,0,10,2,3,605.2,611.2,1.0,17.73,-74.4,-90.0,-75.0,-81.0,1.0,100,inter,0
network_log_20260927_205144_car,9/27 차량,car,enb,203370,203370,1420.7,1451.4,30.7,0,7,1,0,574.1,576.2,1.0,19.3,-82.0,-91.0,-91.0,-75.0,1.0,100,inter,0
network_log_20260927_205144_car,9/27 차량,car,enb,201727,201727,1451.4,1455.9,4.5,0,2,1,0,69.9,69.9,1.0,17.09,-91.0,-91.0,-91.0,-91.0,1.0,100,inter,0
network_log_20260927_205144_car,9/27 차량,car,enb,203364,203364,1455.9,1462.8,6.9,0,2,1,0,128.8,128.8,1.0,18.07,-88.5,-94.0,-83.0,-94.0,1.0,100,inter,0
network_log_20260927_205144_car,9/27 차량,car,enb,203118,203118,1462.8,1492.8,30.1,0,7,2,1,551.3,551.3,1.0,18.72,-87.3,-94.0,-90.0,-94.0,1.0,100,inter,0
network_log_20260927_205144_car,9/27 차량,car,enb,203120,203120,1492.8,1496.5,3.7,0,1,1,0,66.0,66.0,1.0,15.16,-93.0,-93.0,-93.0,-93.0,1.0,100,inter,0
network_log_20260927_205144_car,9/27 차량,car,enb,203118,203118,1496.5,1510.7,14.2,0,4,2,1,260.5,262.8,1.0,18.17,-97.0,-98.0,-96.0,-98.0,0.8,2600,inter,0
network_log_20260927_205144_car,9/27 차량,car,enb,203369,203369,1510.7,1526.5,15.8,0,4,2,1,299.3,300.9,1.0,19.6,-94.2,-95.0,-95.0,-92.0,0.0,2600,inter,0
network_log_20260927_205144_car,9/27 차량,car,enb,202143,202143,1526.5,1530.3,3.8,0,2,1,0,63.7,63.7,1.0,16.49,-107.0,-107.0,-107.0,-107.0,0.0,3050,inter,0
network_log_20260927_205144_car,9/27 차량,car,enb,205042,205042,1530.3,1542.9,12.7,0,3,1,0,179.7,179.8,1.0,15.02,-92.0,-92.0,-92.0,-92.0,0.0,3050,inter,0
network_log_20260927_205144_car,9/27 차량,car,enb,203369,203369,1542.9,1563.0,20.0,0,4,1,0,257.1,257.1,1.0,12.64,-87.0,-93.0,-93.0,-81.0,0.0,3050,inter,0
network_log_20260927_205144_car,9/27 차량,car,enb,202143,202143,1563.0,1613.2,50.2,0,10,3,2,879.4,882.4,1.0,17.68,-88.2,-96.0,-90.0,-96.0,0.0,3050,inter,0
network_log_20260927_205144_car,9/27 차량,car,enb,203385,203385,1613.2,1653.3,40.1,0,8,1,0,815.5,817.8,1.0,19.47,-82.8,-95.0,-66.0,-95.0,0.0,3050,inter,0
network_log_20260927_205144_car,9/27 차량,car,enb,204632,204632,1653.3,1663.3,10.0,0,2,1,0,176.7,176.8,1.0,17.65,-81.0,-81.0,-81.0,-81.0,0.0,3050,inter,0
network_log_20260927_205144_car,9/27 차량,car,enb,204620,204620,1663.3,1693.5,30.1,0,6,1,0,598.0,613.3,1.0,19.92,-78.3,-81.0,-81.0,-81.0,0.0,3050,inter,0
network_log_20260927_205144_car,9/27 차량,car,enb,204631,204631,1693.5,1706.0,12.5,0,3,1,0,279.6,279.8,1.0,23.16,-98.0,-110.0,-92.0,-110.0,0.0,3050,inter,0
network_log_20260927_205144_car,9/27 차량,car,enb,201705,201705,1706.0,1733.6,27.6,0,6,1,0,611.0,611.3,1.0,22.56,-82.0,-94.0,-72.0,-94.0,0.27,2600,inter,0
network_log_20260927_205144_car,9/27 차량,car,enb,201739,201739,1733.6,1760.9,27.4,0,6,1,0,507.6,508.1,1.0,19.43,-80.3,-93.0,-93.0,-75.0,0.0,2600,inter,0
network_log_20260927_205144_car,9/27 차량,car,enb,204742,204742,1760.9,1783.7,22.8,0,5,2,1,328.7,328.7,1.0,13.96,-82.6,-85.0,-81.0,-85.0,0.0,2600,inter,0
network_log_20260927_205144_car,9/27 차량,car,enb,204748,204748,1783.7,1825.1,41.4,0,9,2,1,507.8,508.5,1.0,13.05,-88.7,-92.0,-83.0,-88.0,0.0,2600,inter,0
network_log_20260927_205144_car,9/27 차량,car,enb,201743,201743,1825.1,1884.0,58.9,0,12,3,2,1027.4,1028.0,1.0,17.23,-80.7,-90.0,-90.0,-81.0,0.0,2600,inter,0
network_log_20260927_205144_car,9/27 차량,car,enb,201854,201854,1884.0,1891.7,7.7,0,2,1,0,135.0,135.0,1.0,16.51,-96.0,-96.0,-96.0,-96.0,0.0,3050,inter,0
network_log_20260927_205144_car,9/27 차량,car,enb,203495,203495,1891.7,1937.9,46.2,0,11,3,2,757.8,759.2,1.0,16.51,-90.3,-104.0,-88.0,-97.0,0.37,3050,inter,0
network_log_20260927_205144_car,9/27 차량,car,enb,203540,203540,1937.9,1979.2,41.2,0,9,2,1,625.9,630.8,1.0,15.76,-90.2,-98.0,-98.0,-91.0,1.0,3050,inter,0
network_log_20260927_205144_car,9/27 차량,car,enb,203542,203542,1979.2,2041.0,61.8,0,13,3,2,836.0,894.0,1.0,14.51,-88.1,-96.0,-96.0,-89.0,1.0,3050,inter,0
network_log_20260927_205144_car,9/27 차량,car,enb,205205,205205,2041.0,2047.3,6.3,0,2,1,0,113.3,113.5,1.0,13.8,-91.0,-91.0,-91.0,-91.0,1.0,3050,inter,0
network_log_20260927_205144_car,9/27 차량,car,enb,203539,203539,2047.3,2086.9,39.5,0,9,1,0,733.8,734.3,1.0,18.82,-90.1,-97.0,-97.0,-97.0,1.0,3050,inter,0
network_log_20260927_205144_car,9/27 차량,car,enb,205205,205205,2086.9,2103.1,16.3,0,4,2,1,389.0,389.2,1.0,23.92,-104.0,-105.0,-105.0,-103.0,1.0,3050,inter,0
network_log_20260927_205144_car,9/27 차량,car,enb,205265,205265,2103.1,2114.5,11.3,0,3,1,0,304.8,304.8,1.0,25.64,-105.0,-105.0,-105.0,-105.0,1.0,3050,inter,0
network_log_20260927_205144_car,9/27 차량,car,enb,203573,203573,2114.5,2126.7,12.2,0,3,1,0,264.9,264.9,1.0,22.44,-82.3,-95.0,-76.0,-95.0,1.0,3050,inter,0
network_log_20260927_205144_car,9/27 차량,car,enb,205209,205209,2126.7,2134.5,7.8,0,2,1,0,165.4,165.4,1.0,21.23,-110.0,-110.0,-110.0,-110.0,1.0,3050,inter,0
network_log_20260927_205144_car,9/27 차량,car,enb,203573,203573,2134.5,2159.6,25.1,0,5,1,0,359.7,367.0,1.0,15.45,-90.4,-103.0,-103.0,-98.0,1.0,3050,inter,0
network_log_20260927_205144_car,9/27 차량,car,enb,205237,205237,2159.6,2164.6,5.0,0,1,1,0,50.0,50.0,1.0,10.96,-102.0,-102.0,-102.0,-102.0,1.0,3050,inter,0
network_log_20260927_205144_car,9/27 차량,car,enb,203575,203575,2164.6,2212.9,48.3,0,12,2,5,94.0,592.0,1.0,12.42,-88.1,-105.0,-105.0,-86.0,1.0,3050,inter,0
network_log_20260927_205144_car,9/27 차량,car,enb,203574,203574,2212.9,2219.8,6.9,0,2,1,0,116.4,117.2,1.0,14.04,-87.0,-87.0,-87.0,-87.0,1.0,3050,inter,0
network_log_20260927_205144_car,9/27 차량,car,enb,205237,205237,2219.8,2305.0,85.2,0,17,3,2,1383.9,1384.3,1.0,16.46,-91.9,-107.0,-79.0,-103.0,0.24,3050,inter,0
network_log_20260927_205144_car,9/27 차량,car,enb,205238,205238,2305.0,2315.0,10.0,0,2,1,0,115.1,115.1,1.0,12.08,-85.0,-85.0,-85.0,-85.0,0.5,3050,inter,0
network_log_20260927_205144_car,9/27 차량,car,enb,205274,205274,2315.0,2359.6,44.6,0,9,1,0,165.3,166.1,1.0,4.43,-78.7,-85.0,-81.0,-82.0,1.0,3050,inter,0
network_log_20260927_205144_car,9/27 차량,car,enb,205250,205250,2359.6,2361.2,1.6,0,2,1,0,,,0.0,,-81.0,-81.0,-81.0,-81.0,1.0,3050,inter,1
network_log_20260927_205144_car,9/27 차량,car,enb,205274,205274,2361.2,2385.3,24.0,0,5,1,0,5.3,5.4,0.8,0.29,-84.6,-90.0,-81.0,-90.0,1.0,3050,inter,0
network_log_20260927_205144_car,9/27 차량,car,enb,205247,205247,2385.3,2402.3,17.0,0,4,1,0,5.9,7.2,1.0,0.22,-90.0,-94.0,-86.0,-94.0,1.0,3050,inter,0
network_log_20260927_205144_car,9/27 차량,car,enb,205250,205250,2402.3,2428.4,26.1,0,7,2,1,250.5,250.6,1.0,8.75,-76.7,-87.0,-87.0,-71.0,1.0,3050,inter,0
network_log_20260927_205144_car,9/27 차량,car,enb,205251,205251,2428.4,2447.9,19.5,0,5,1,0,255.8,255.8,1.0,12.49,-77.4,-88.0,-72.0,-88.0,1.0,3050,inter,0
network_log_20260927_205144_car,9/27 차량,car,enb,205249,205249,2447.9,2474.8,26.9,0,8,3,2,146.6,187.7,1.0,7.4,-88.5,-93.0,-89.0,-91.0,1.0,3050,inter,1
network_log_20260927_205144_car,9/27 차량,car,enb,205251,205251,2474.8,2476.6,1.8,0,2,1,0,6.7,6.7,1.0,3.33,-88.0,-88.0,-88.0,-88.0,1.0,3050,inter,1
network_log_20260927_205144_car,9/27 차량,car,enb,205249,205249,2476.6,2530.8,54.2,1,12,1,0,63.5,68.5,1.0,1.31,-83.4,-85.0,-83.0,-83.0,1.0,3050,,0
network_log_20260927_213901_home,9/27 정지,home,enb,205249,205249,0.0,177.7,177.7,1,36,1,0,4.0,17.9,1.0,0.15,-90.8,-98.0,-96.0,-89.0,1.0,2600,inter,0
network_log_20260927_213901_home,9/27 정지,home,enb,205254,205254,177.7,187.4,9.7,0,3,1,0,0.2,0.2,1.0,0.05,-93.7,-95.0,-93.0,-95.0,1.0,2600,inter,1
network_log_20260927_213901_home,9/27 정지,home,enb,205249,205249,187.4,188.5,1.1,0,1,1,0,,,0.0,,-92.0,-92.0,-92.0,-92.0,1.0,2600,inter,1
network_log_20260927_213901_home,9/27 정지,home,enb,205254,205254,188.5,244.6,56.0,0,12,1,0,0.2,0.7,0.83,0.02,-95.2,-96.0,-91.0,-95.0,1.0,2600,inter,0
network_log_20260927_213901_home,9/27 정지,home,enb,205249,205249,244.6,696.8,452.2,0,91,1,0,1.1,45.6,1.0,0.43,-88.8,-93.0,-88.0,-90.0,1.0,2600,inter,0
network_log_20260927_213901_home,9/27 정지,home,enb,205254,205254,696.8,771.1,74.3,0,15,1,0,1.1,6.8,1.0,0.39,-93.9,-95.0,-90.0,-93.0,1.0,2600,inter,0
network_log_20260927_213901_home,9/27 정지,home,enb,205249,205249,771.1,879.3,108.2,0,23,1,0,0.4,6.8,1.0,0.41,-91.7,-94.0,-92.0,-91.0,1.0,2600,inter,0
network_log_20260927_213901_home,9/27 정지,home,enb,205254,205254,879.3,946.1,66.9,0,14,1,0,1.5,5.4,1.0,0.4,-92.1,-95.0,-88.0,-93.0,1.0,2600,inter,0
network_log_20260927_213901_home,9/27 정지,home,enb,205249,205249,946.1,1121.2,175.0,0,36,1,0,0.7,14.4,1.0,0.32,-88.9,-92.0,-88.0,-90.0,1.0,2600,inter,0
network_log_20260927_213901_home,9/27 정지,home,enb,205254,205254,1121.2,1150.0,28.8,0,7,1,0,0.9,2.1,1.0,0.38,-92.0,-94.0,-92.0,-91.0,1.0,2600,inter,1
network_log_20260927_213901_home,9/27 정지,home,enb,205249,205249,1150.0,1153.0,3.1,1,2,1,0,0.1,0.1,1.0,0.38,-90.0,-90.0,-90.0,-90.0,1.0,2600,,0
network_log_20260928_171804_subway,9/28 17:18 지하철,subway,enb,205274,205274,0.0,11.8,11.8,1,6,2,1,15.5,37.5,0.67,1.37,-71.2,-75.0,-75.0,-61.0,1.0,100,inter,0
network_log_20260928_171804_subway,9/28 17:18 지하철,subway,enb,205273,205273,11.8,16.4,4.6,0,2,1,0,167.2,167.2,1.0,5.94,-64.0,-66.0,-66.0,-62.0,1.0,100,inter,0
network_log_20260928_171804_subway,9/28 17:18 지하철,subway,enb,205250,205250,16.4,34.1,17.8,0,6,3,2,386.2,386.2,1.0,18.89,-76.7,-82.0,-73.0,-75.0,1.0,100,inter,0
network_log_20260928_171804_subway,9/28 17:18 지하철,subway,enb,205247,205247,34.1,36.3,2.1,0,2,1,0,44.5,44.5,1.0,21.99,-81.0,-81.0,-81.0,-81.0,1.0,100,inter,0
network_log_20260928_171804_subway,9/28 17:18 지하철,subway,enb,205281,205281,36.3,43.6,7.3,0,2,1,0,157.7,157.8,1.0,21.15,-78.0,-78.0,-78.0,-78.0,1.0,100,inter,0
network_log_20260928_171804_subway,9/28 17:18 지하철,subway,enb,205247,205247,43.6,58.8,15.2,0,5,2,1,269.3,269.3,1.0,17.72,-82.8,-83.0,-83.0,-82.0,1.0,100,inter,0
network_log_20260928_171804_subway,9/28 17:18 지하철,subway,enb,205245,205245,58.8,144.9,86.1,0,23,4,5,399.7,406.8,1.0,5.34,-77.7,-92.0,-92.0,-70.0,1.0,100,inter,0
network_log_20260928_171804_subway,9/28 17:18 지하철,subway,enb,205283,205283,144.9,150.4,5.5,0,2,1,0,77.9,78.0,1.0,15.71,-83.0,-83.0,-83.0,-83.0,1.0,100,inter,0
network_log_20260928_171804_subway,9/28 17:18 지하철,subway,enb,205241,205241,150.4,155.6,5.2,0,2,1,0,109.0,109.0,1.0,16.9,-84.0,-84.0,-84.0,-84.0,1.0,100,inter,0
network_log_20260928_171804_subway,9/28 17:18 지하철,subway,enb,205300,205300,155.6,163.5,7.9,0,3,1,0,153.6,153.6,1.0,18.74,-81.3,-82.0,-82.0,-80.0,1.0,100,inter,0
network_log_20260928_171804_subway,9/28 17:18 지하철,subway,enb,205280,205280,163.5,165.7,2.3,0,1,1,0,32.2,32.2,1.0,17.49,-83.0,-83.0,-83.0,-83.0,1.0,100,inter,0
network_log_20260928_171804_subway,9/28 17:18 지하철,subway,enb,205241,205241,165.7,167.9,2.2,0,1,1,0,32.7,32.7,1.0,16.23,-79.0,-79.0,-79.0,-79.0,1.0,100,inter,0
network_log_20260928_171804_subway,9/28 17:18 지하철,subway,enb,205300,205300,167.9,180.7,12.8,0,3,1,0,131.8,131.9,1.0,12.66,-79.0,-80.0,-80.0,-77.0,1.0,100,inter,0
network_log_20260928_171804_subway,9/28 17:18 지하철,subway,enb,205285,205285,180.7,234.2,53.6,0,13,1,0,64.0,69.8,1.0,1.26,-83.8,-86.0,-86.0,-81.0,1.0,100,inter,0
network_log_20260928_171804_subway,9/28 17:18 지하철,subway,enb,205241,205241,234.2,244.1,9.8,0,3,1,0,126.6,126.7,1.0,4.68,-82.7,-85.0,-85.0,-78.0,1.0,100,inter,0
network_log_20260928_171804_subway,9/28 17:18 지하철,subway,enb,205300,205300,244.1,261.1,17.1,0,4,1,0,165.0,168.0,1.0,6.99,-76.8,-85.0,-73.0,-85.0,1.0,100,inter,0
network_log_20260928_171804_subway,9/28 17:18 지하철,subway,enb,205241,205241,261.1,274.7,13.6,0,3,1,0,119.3,120.3,1.0,8.1,-78.0,-80.0,-80.0,-80.0,1.0,100,inter,0
network_log_20260928_171804_subway,9/28 17:18 지하철,subway,enb,205299,205299,274.7,279.0,4.3,0,2,1,0,32.6,32.6,1.0,7.29,-85.0,-85.0,-85.0,-85.0,1.0,100,inter,0
network_log_20260928_171804_subway,9/28 17:18 지하철,subway,enb,205242,205242,279.0,311.4,32.3,0,8,2,1,269.8,270.3,1.0,8.02,-78.5,-85.0,-79.0,-80.0,1.0,100,inter,0
network_log_20260928_171804_subway,9/28 17:18 지하철,subway,enb,205240,205240,311.4,314.6,3.2,0,1,1,0,17.7,17.7,1.0,8.3,-92.0,-92.0,-92.0,-92.0,1.0,100,inter,0
network_log_20260928_171804_subway,9/28 17:18 지하철,subway,enb,205299,205299,314.6,319.6,5.1,0,2,1,0,52.0,52.0,1.0,8.4,-85.0,-85.0,-85.0,-85.0,1.0,100,inter,1
network_log_20260928_171804_subway,9/28 17:18 지하철,subway,enb,205240,205240,319.6,323.1,3.4,0,2,1,0,34.7,34.7,1.0,8.5,-84.0,-84.0,-84.0,-84.0,1.0,100,inter,0
network_log_20260928_171804_subway,9/28 17:18 지하철,subway,enb,205286,205286,323.1,325.7,2.6,0,1,1,0,16.4,16.4,1.0,8.19,-84.0,-84.0,-84.0,-84.0,1.0,100,inter,0
network_log_20260928_171804_subway,9/28 17:18 지하철,subway,enb,205299,205299,325.7,326.4,0.8,0,1,1,0,0.0,0.0,1.0,8.2,-83.0,-83.0,-83.0,-83.0,1.0,100,inter,1
network_log_20260928_171804_subway,9/28 17:18 지하철,subway,enb,205286,205286,326.4,334.0,7.5,0,2,1,0,65.7,65.7,1.0,8.24,-83.5,-84.0,-83.0,-84.0,1.0,100,inter,0
network_log_20260928_171804_subway,9/28 17:18 지하철,subway,enb,205242,205242,334.0,335.8,1.9,0,1,1,0,15.4,15.4,1.0,8.17,-70.0,-70.0,-70.0,-70.0,1.0,100,inter,1
network_log_20260928_171804_subway,9/28 17:18 지하철,subway,enb,205286,205286,335.8,341.5,5.6,0,2,1,0,48.5,48.5,1.0,7.59,-76.0,-76.0,-76.0,-76.0,1.0,100,inter,1
network_log_20260928_171804_subway,9/28 17:18 지하철,subway,enb,205242,205242,341.5,345.5,4.1,0,1,1,0,34.7,34.7,1.0,7.91,-74.0,-74.0,-74.0,-74.0,1.0,100,inter,0
network_log_20260928_171804_subway,9/28 17:18 지하철,subway,enb,205258,205258,345.5,414.9,69.4,0,16,2,1,417.8,462.5,1.0,7.73,-72.4,-83.0,-80.0,-83.0,1.0,100,inter,0
network_log_20260928_171804_subway,9/28 17:18 지하철,subway,enb,200096,200096,414.9,525.3,110.4,0,26,4,3,703.7,712.4,1.0,,-80.7,-89.0,-87.0,-80.0,1.0,100,inter,0
network_log_20260928_171804_subway,9/28 17:18 지하철,subway,enb,200097,200097,525.3,572.1,46.8,0,13,4,3,439.6,439.6,1.0,,-76.9,-91.0,-71.0,-71.0,1.0,100,inter,0
network_log_20260928_171804_subway,9/28 17:18 지하철,subway,enb,200095,200095,572.1,672.8,100.7,0,24,4,3,736.5,742.1,1.0,,-76.4,-93.0,-93.0,-65.0,1.0,100,inter,0
network_log_20260928_171804_subway,9/28 17:18 지하철,subway,enb,200173,200173,672.8,781.8,108.9,0,26,5,4,835.3,837.9,1.0,,-79.1,-93.0,-88.0,-75.0,1.0,100,inter,0
network_log_20260928_171804_subway,9/28 17:18 지하철,subway,enb,200170,200170,781.8,906.5,124.8,0,30,5,4,1016.9,1018.4,1.0,,-74.3,-93.0,-93.0,-76.0,1.0,100,inter,0
network_log_20260928_171804_subway,9/28 17:18 지하철,subway,enb,200099,200099,906.5,1002.6,96.1,0,23,4,3,686.4,688.9,1.0,,-76.0,-94.0,-84.0,-54.0,1.0,100,inter,0
network_log_20260928_171804_subway,9/28 17:18 지하철,subway,enb,200098,200098,1002.6,1116.0,113.4,0,28,5,4,537.4,537.4,1.0,,-81.7,-89.0,-85.0,-86.0,1.0,100,inter,0
network_log_20260928_171804_subway,9/28 17:18 지하철,subway,enb,200070,200070,1116.0,1209.9,93.9,0,21,3,2,630.8,639.3,1.0,,-78.9,-85.0,-85.0,-80.0,1.0,100,inter,0
network_log_20260928_171804_subway,9/28 17:18 지하철,subway,enb,200071,200071,1209.9,1232.1,22.2,0,5,1,0,215.8,215.8,1.0,,-81.4,-87.0,-87.0,-80.0,1.0,100,inter,0
network_log_20260928_171804_subway,9/28 17:18 지하철,subway,enb,200069,200069,1232.1,1297.3,65.2,1,16,3,2,240.2,348.1,1.0,0.62,-83.8,-99.0,-94.0,-76.0,1.0,100,,0
network_log_20260928_174322_subway,9/28 17:43 지하철,subway,enb,200068,200068,0.0,66.3,66.3,1,20,4,4,388.2,397.1,0.9,0.57,-84.0,-100.0,-81.0,-60.0,1.0,100,inter,0
network_log_20260928_174322_subway,9/28 17:43 지하철,subway,enb,200180,200180,66.3,124.8,58.4,0,14,3,2,725.6,725.6,1.0,,-84.2,-91.0,-87.0,-83.0,1.0,100,inter,0
network_log_20260928_174322_subway,9/28 17:43 지하철,subway,enb,200183,200183,124.8,207.6,82.8,0,19,1,0,277.7,279.4,1.0,,-92.6,-109.0,-98.0,-95.0,1.0,100,inter,0
network_log_20260928_174322_subway,9/28 17:43 지하철,subway,enb,200180,200180,207.6,220.1,12.5,0,3,1,0,145.5,145.5,1.0,,-89.0,-96.0,-96.0,-75.0,1.0,100,inter,0
network_log_20260928_174322_subway,9/28 17:43 지하철,subway,enb,198534,198534,220.1,234.4,14.3,0,4,1,0,165.5,165.5,1.0,,-87.0,-90.0,-88.0,-82.0,1.0,100,inter,0
network_log_20260928_174322_subway,9/28 17:43 지하철,subway,enb,205056,205056,234.4,241.9,7.5,0,3,1,0,87.2,87.2,1.0,,-81.3,-82.0,-82.0,-80.0,1.0,100,inter,0
network_log_20260928_174322_subway,9/28 17:43 지하철,subway,enb,205053,205053,241.9,260.4,18.5,0,6,3,2,356.4,358.1,1.0,17.42,-93.8,-99.0,-80.0,-97.0,1.0,100,inter,0
network_log_20260928_174322_subway,9/28 17:43 지하철,subway,enb,205077,205077,260.4,262.2,1.8,0,2,1,0,35.2,35.2,1.0,17.09,-81.0,-81.0,-81.0,-81.0,1.0,100,inter,0
network_log_20260928_174322_subway,9/28 17:43 지하철,subway,enb,205069,205069,262.2,267.4,5.2,0,3,2,1,70.4,70.5,1.0,17.3,-85.7,-91.0,-77.0,-91.0,1.0,100,inter,0
network_log_20260928_174322_subway,9/28 17:43 지하철,subway,enb,205054,205054,267.4,272.4,5.0,0,2,1,0,103.0,103.0,1.0,17.68,-100.0,-100.0,-100.0,-100.0,1.0,100,inter,0
network_log_20260928_174322_subway,9/28 17:43 지하철,subway,enb,205070,205070,272.4,274.4,2.1,0,1,1,0,34.5,34.5,1.0,17.54,-91.0,-91.0,-91.0,-91.0,1.0,100,inter,0
network_log_20260928_174322_subway,9/28 17:43 지하철,subway,enb,205054,205054,274.4,277.9,3.4,0,3,2,1,37.1,37.1,1.0,,-78.3,-79.0,-77.0,-79.0,1.0,2600,inter,0
network_log_20260928_174322_subway,9/28 17:43 지하철,subway,enb,205090,205090,277.9,280.2,2.3,0,1,1,0,76.7,76.7,1.0,18.1,-90.0,-90.0,-90.0,-90.0,1.0,3050,inter,0
network_log_20260928_174322_subway,9/28 17:43 지하철,subway,enb,205070,205070,280.2,280.8,0.6,0,1,1,0,0.0,0.0,1.0,17.92,-85.0,-85.0,-85.0,-85.0,1.0,3050,inter,1
network_log_20260928_174322_subway,9/28 17:43 지하철,subway,enb,205090,205090,280.8,295.5,14.7,0,6,4,3,242.8,242.9,1.0,17.63,-85.3,-87.0,-84.0,-85.0,1.0,3050,inter,0
network_log_20260928_174322_subway,9/28 17:43 지하철,subway,enb,205069,205069,295.5,300.9,5.4,0,2,1,0,78.2,78.2,1.0,15.37,-76.0,-76.0,-76.0,-76.0,1.0,3050,inter,0
network_log_20260928_174322_subway,9/28 17:43 지하철,subway,enb,205090,205090,300.9,303.7,2.8,0,1,1,0,21.8,21.8,1.0,11.31,-82.0,-82.0,-82.0,-82.0,1.0,3050,inter,0
network_log_20260928_174322_subway,9/28 17:43 지하철,subway,enb,205077,205077,303.7,305.2,1.5,0,1,1,0,19.1,19.1,1.0,10.26,-90.0,-90.0,-90.0,-90.0,1.0,3050,inter,0
network_log_20260928_174322_subway,9/28 17:43 지하철,subway,enb,205090,205090,305.2,307.0,1.8,0,2,1,0,20.7,20.7,1.0,9.56,-89.0,-89.0,-89.0,-89.0,1.0,3050,inter,1
network_log_20260928_174322_subway,9/28 17:43 지하철,subway,enb,205077,205077,307.0,314.1,7.1,0,2,1,0,44.8,44.8,1.0,8.12,-89.0,-89.0,-89.0,-89.0,1.0,3050,inter,1
network_log_20260928_174322_subway,9/28 17:43 지하철,subway,enb,205090,205090,314.1,315.7,1.5,0,1,1,0,12.7,12.7,1.0,5.73,-83.0,-83.0,-83.0,-83.0,1.0,3050,inter,1
network_log_20260928_174322_subway,9/28 17:43 지하철,subway,enb,205077,205077,315.7,370.7,55.0,0,12,1,0,102.8,108.2,1.0,1.74,-76.2,-83.0,-83.0,-74.0,1.0,3050,inter,0
network_log_20260928_174322_subway,9/28 17:43 지하철,subway,enb,205005,205005,370.7,379.1,8.4,0,3,1,0,115.7,115.8,1.0,11.76,-90.3,-91.0,-91.0,-89.0,1.0,3050,inter,0
network_log_20260928_174322_subway,9/28 17:43 지하철,subway,enb,205004,205004,379.1,382.9,3.8,0,2,1,0,75.1,75.1,1.0,17.05,-100.0,-100.0,-100.0,-100.0,1.0,3050,inter,0
network_log_20260928_174322_subway,9/28 17:43 지하철,subway,enb,205005,205005,382.9,386.2,3.3,0,1,1,0,75.7,75.7,1.0,18.1,-105.0,-105.0,-105.0,-105.0,1.0,3050,inter,0
network_log_20260928_174322_subway,9/28 17:43 지하철,subway,enb,205004,205004,386.2,389.9,3.7,0,2,2,1,39.5,39.5,1.0,18.92,-87.0,-92.0,-92.0,-82.0,1.0,3050,inter,0
network_log_20260928_174322_subway,9/28 17:43 지하철,subway,enb,205005,205005,389.9,395.5,5.7,0,3,2,1,126.6,126.7,1.0,19.63,-83.0,-86.0,-77.0,-86.0,1.0,2600,inter,0
network_log_20260928_174322_subway,9/28 17:43 지하철,subway,enb,204996,204996,395.5,398.6,3.0,0,2,1,0,84.8,84.9,1.0,20.81,-86.0,-86.0,-86.0,-86.0,1.0,100,inter,0
network_log_20260928_174322_subway,9/28 17:43 지하철,subway,enb,205093,205093,398.6,410.8,12.3,0,3,1,0,212.5,212.9,1.0,20.87,-90.0,-91.0,-91.0,-88.0,1.0,100,inter,0
network_log_20260928_174322_subway,9/28 17:43 지하철,subway,enb,204996,204996,410.8,425.8,15.0,0,7,3,3,333.3,333.8,1.0,20.04,-88.1,-93.0,-87.0,-93.0,1.0,100,inter,0
network_log_20260928_174322_subway,9/28 17:43 지하철,subway,enb,199024,199024,425.8,431.4,5.5,0,2,1,0,67.3,67.4,1.0,17.64,-96.0,-96.0,-96.0,-96.0,1.0,100,inter,0
network_log_20260928_174322_subway,9/28 17:43 지하철,subway,enb,205046,205046,431.4,435.7,4.3,0,2,2,1,98.7,98.7,1.0,,-83.0,-84.0,-84.0,-82.0,1.0,100,inter,0
network_log_20260928_174322_subway,9/28 17:43 지하철,subway,enb,199030,199030,435.7,451.8,16.1,1,8,2,3,187.1,187.1,1.0,,-84.8,-89.0,-86.0,-85.0,1.0,100,,0
network_log_20260928_195736_subway,9/28 19:57 지하철,subway,enb,200069,200069,0.0,45.2,45.2,1,11,2,1,56.5,56.5,0.36,0.04,-76.5,-84.0,-81.0,-70.0,1.0,100,inter,0
network_log_20260928_195736_subway,9/28 19:57 지하철,subway,enb,200071,200071,45.2,55.2,10.1,0,2,1,0,739.1,741.0,1.0,,-77.0,-77.0,-77.0,-77.0,1.0,100,inter,0
network_log_20260928_195736_subway,9/28 19:57 지하철,subway,enb,200070,200070,55.2,122.3,67.0,0,16,3,2,434.9,434.9,1.0,,-72.6,-84.0,-78.0,-76.0,1.0,100,inter,0
network_log_20260928_195736_subway,9/28 19:57 지하철,subway,enb,200098,200098,122.3,208.7,86.4,0,22,4,4,588.1,588.1,1.0,,-76.2,-96.0,-82.0,-71.0,1.0,100,inter,0
network_log_20260928_195736_subway,9/28 19:57 지하철,subway,enb,200099,200099,208.7,305.8,97.1,0,23,4,3,570.3,572.3,1.0,,-74.0,-88.0,-72.0,-55.0,1.0,100,inter,0
network_log_20260928_195736_subway,9/28 19:57 지하철,subway,enb,200170,200170,305.8,421.6,115.9,0,29,5,4,1231.0,1233.0,1.0,,-76.9,-89.0,-81.0,-69.0,1.0,100,inter,0
network_log_20260928_195736_subway,9/28 19:57 지하철,subway,enb,200173,200173,421.6,516.9,95.3,0,21,5,4,774.9,777.7,1.0,,-76.2,-84.0,-73.0,-74.0,1.0,100,inter,0
network_log_20260928_195736_subway,9/28 19:57 지하철,subway,enb,200095,200095,516.9,611.1,94.2,0,23,4,3,643.7,649.8,1.0,,-79.2,-90.0,-80.0,-71.0,1.0,100,inter,0
network_log_20260928_195736_subway,9/28 19:57 지하철,subway,enb,200097,200097,611.1,662.0,50.9,0,13,4,3,585.0,585.0,1.0,,-86.2,-100.0,-94.0,-83.0,1.0,100,inter,0
network_log_20260928_195736_subway,9/28 19:57 지하철,subway,enb,200096,200096,662.0,766.5,104.6,0,25,4,3,788.0,788.0,1.0,,-82.9,-92.0,-81.0,-86.0,1.0,100,inter,0
network_log_20260928_195736_subway,9/28 19:57 지하철,subway,enb,205258,205258,766.5,831.8,65.3,0,17,3,3,133.5,135.3,1.0,,-85.3,-97.0,-87.0,-64.0,1.0,100,inter,0
network_log_20260928_195736_subway,9/28 19:57 지하철,subway,enb,205242,205242,831.8,843.3,11.5,0,3,1,0,186.3,186.9,1.0,10.65,-81.7,-83.0,-83.0,-81.0,1.0,100,inter,0
network_log_20260928_195736_subway,9/28 19:57 지하철,subway,enb,205299,205299,843.3,851.0,7.7,0,4,2,1,134.9,134.9,1.0,15.55,-87.0,-88.0,-88.0,-86.0,1.0,100,inter,0
network_log_20260928_195736_subway,9/28 19:57 지하철,subway,enb,205240,205240,851.0,852.1,1.1,0,1,1,0,18.3,18.3,1.0,17.81,-99.0,-99.0,-99.0,-99.0,1.0,100,inter,1
network_log_20260928_195736_subway,9/28 19:57 지하철,subway,enb,205299,205299,852.1,856.0,4.0,0,2,1,0,55.5,55.5,1.0,17.86,-98.0,-98.0,-98.0,-98.0,1.0,100,inter,0
network_log_20260928_195736_subway,9/28 19:57 지하철,subway,enb,205242,205242,856.0,865.8,9.8,0,3,1,0,184.6,184.7,1.0,18.46,-93.3,-97.0,-97.0,-86.0,1.0,100,inter,1
network_log_20260928_195736_subway,9/28 19:57 지하철,subway,enb,205299,205299,865.8,868.1,2.2,0,1,1,0,29.4,29.4,1.0,18.11,-94.0,-94.0,-94.0,-94.0,1.0,100,inter,0
network_log_20260928_195736_subway,9/28 19:57 지하철,subway,enb,205241,205241,868.1,883.6,15.5,0,5,2,1,262.7,271.5,1.0,16.24,-89.8,-91.0,-90.0,-89.0,1.0,100,inter,0
network_log_20260928_195736_subway,9/28 19:57 지하철,subway,enb,205300,205300,883.6,888.6,5.0,0,1,1,0,96.9,96.9,1.0,16.1,-88.0,-88.0,-88.0,-88.0,1.0,100,inter,1
network_log_20260928_195736_subway,9/28 19:57 지하철,subway,enb,205241,205241,888.6,892.7,4.1,0,1,1,0,42.0,42.0,1.0,16.03,-69.0,-69.0,-69.0,-69.0,1.0,100,inter,0
network_log_20260928_195736_subway,9/28 19:57 지하철,subway,enb,205285,205285,892.7,955.1,62.4,0,14,1,0,65.7,122.0,1.0,3.06,-82.3,-91.0,-78.0,-78.0,1.0,100,inter,0
network_log_20260928_195736_subway,9/28 19:57 지하철,subway,enb,205300,205300,955.1,968.4,13.3,0,3,1,0,174.3,174.7,1.0,7.4,-91.3,-92.0,-92.0,-91.0,1.0,100,inter,0
network_log_20260928_195736_subway,9/28 19:57 지하철,subway,enb,205241,205241,968.4,978.9,10.6,0,3,1,0,171.5,171.5,1.0,15.02,-83.0,-83.0,-83.0,-83.0,1.0,100,inter,0
network_log_20260928_195736_subway,9/28 19:57 지하철,subway,enb,205300,205300,978.9,981.2,2.3,0,1,1,0,37.0,37.0,1.0,18.08,-84.0,-84.0,-84.0,-84.0,1.0,100,inter,0
network_log_20260928_195736_subway,9/28 19:57 지하철,subway,enb,205241,205241,981.2,987.6,6.4,0,2,1,0,110.3,110.3,1.0,18.76,-92.0,-92.0,-92.0,-92.0,1.0,100,inter,0
network_log_20260928_195736_subway,9/28 19:57 지하철,subway,enb,205283,205283,987.6,990.9,3.3,0,2,1,0,70.3,70.3,1.0,17.59,-83.0,-83.0,-83.0,-83.0,1.0,100,inter,0
network_log_20260928_195736_subway,9/28 19:57 지하철,subway,enb,205245,205245,990.9,1079.2,88.4,0,20,4,3,494.2,539.2,1.0,6.69,-81.0,-93.0,-84.0,-84.0,1.0,100,inter,0
network_log_20260928_195736_subway,9/28 19:57 지하철,subway,enb,205247,205247,1079.2,1094.3,15.1,0,4,2,1,302.0,302.1,1.0,19.05,-82.2,-93.0,-93.0,-83.0,1.0,100,inter,0
network_log_20260928_195736_subway,9/28 19:57 지하철,subway,enb,205281,205281,1094.3,1096.2,1.9,0,1,1,0,44.5,44.5,1.0,21.86,-72.0,-72.0,-72.0,-72.0,1.0,100,inter,0
network_log_20260928_195736_subway,9/28 19:57 지하철,subway,enb,205247,205247,1096.2,1102.4,6.1,0,2,1,0,133.8,133.8,1.0,22.09,-75.0,-75.0,-75.0,-75.0,1.0,100,inter,0
network_log_20260928_195736_subway,9/28 19:57 지하철,subway,enb,205250,205250,1102.4,1118.5,16.2,0,5,2,1,339.6,339.6,1.0,21.86,-81.0,-86.0,-75.0,-83.0,1.0,100,inter,0
network_log_20260928_195736_subway,9/28 19:57 지하철,subway,enb,205274,205274,1118.5,1139.5,21.0,1,8,2,1,205.6,378.6,1.0,13.19,-67.0,-74.0,-63.0,-74.0,1.0,100,,0
network_log_20260929_135542_car,9/29 13:55 차량,car,enb,205249,205249,0.0,1.7,1.7,1,2,1,0,3.6,3.6,1.0,0.0,-68.0,-68.0,-68.0,-68.0,0.99,100,inter,0
network_log_20260929_135542_car,9/29 13:55 차량,car,enb,205251,205251,1.7,25.2,23.5,0,5,1,0,3.5,7.5,1.0,0.14,-70.2,-73.0,-73.0,-66.0,1.0,100,inter,1
network_log_20260929_135542_car,9/29 13:55 차량,car,enb,205249,205249,25.2,165.9,140.8,0,28,2,1,550.7,555.4,1.0,3.19,-70.0,-78.0,-72.0,-78.0,1.0,100,inter,0
network_log_20260929_135542_car,9/29 13:55 차량,car,enb,205275,205275,165.9,206.1,40.2,0,8,1,0,269.2,269.7,1.0,6.25,-86.0,-88.0,-84.0,-88.0,1.0,100,inter,0
network_log_20260929_135542_car,9/29 13:55 차량,car,enb,205252,205252,206.1,226.2,20.1,0,4,1,0,85.6,86.8,1.0,5.7,-74.5,-79.0,-70.0,-79.0,1.0,100,inter,0
network_log_20260929_135542_car,9/29 13:55 차량,car,enb,205253,205253,226.2,269.2,42.9,0,10,3,2,525.5,525.7,1.0,11.59,-77.8,-84.0,-83.0,-76.0,1.0,100,inter,0
network_log_20260929_135542_car,9/29 13:55 차량,car,enb,199316,199316,269.2,341.8,72.7,0,16,3,2,801.2,802.1,1.0,10.94,-84.7,-98.0,-88.0,-85.0,1.0,100,inter,0
network_log_20260929_135542_car,9/29 13:55 차량,car,enb,199310,199310,341.8,433.4,91.6,0,19,4,3,560.4,563.4,1.0,6.06,-87.7,-95.0,-90.0,-95.0,1.0,100,inter,0
network_log_20260929_135542_car,9/29 13:55 차량,car,enb,198710,198710,433.4,578.0,144.6,0,30,2,1,455.2,464.7,1.0,3.14,-82.3,-98.0,-89.0,-98.0,1.0,100,inter,0
network_log_20260929_135542_car,9/29 13:55 차량,car,enb,198701,198701,578.0,643.3,65.3,0,13,2,1,585.5,590.6,1.0,8.74,-82.7,-99.0,-99.0,-84.0,1.0,100,inter,0
network_log_20260929_135542_car,9/29 13:55 차량,car,enb,200043,200043,643.3,658.4,15.1,0,3,1,0,133.0,133.0,1.0,12.04,-96.0,-97.0,-97.0,-94.0,1.0,100,inter,0
network_log_20260929_135542_car,9/29 13:55 차량,car,enb,198574,198574,658.4,673.4,15.1,0,3,1,0,30.8,30.8,1.0,2.58,-95.0,-98.0,-89.0,-98.0,1.0,100,inter,1
network_log_20260929_135542_car,9/29 13:55 차량,car,enb,200043,200043,673.4,690.9,17.5,0,4,1,0,0.1,0.1,1.0,0.0,-95.0,-96.0,-94.0,-96.0,0.0,100,inter,1
network_log_20260929_135542_car,9/29 13:55 차량,car,enb,198574,198574,690.9,703.6,12.6,0,3,1,0,0.1,0.1,1.0,0.0,-94.0,-94.0,-94.0,-94.0,0.0,100,inter,1
network_log_20260929_135542_car,9/29 13:55 차량,car,enb,200043,200043,703.6,762.9,59.4,0,12,1,0,40.9,41.1,1.0,0.5,-95.0,-98.0,-98.0,-94.0,0.0,100,inter,0
network_log_20260929_135542_car,9/29 13:55 차량,car,enb,198574,198574,762.9,771.2,8.3,0,3,1,0,75.8,75.8,1.0,8.24,-84.0,-84.0,-84.0,-84.0,0.0,100,inter,0
network_log_20260929_135542_car,9/29 13:55 차량,car,enb,200013,200013,771.2,794.0,22.8,0,5,1,0,110.9,111.0,1.0,6.15,-90.6,-93.0,-89.0,-93.0,0.0,100,inter,0
network_log_20260929_135542_car,9/29 13:55 차량,car,enb,199102,199102,794.0,834.2,40.2,0,8,2,2,261.4,261.5,1.0,6.33,-83.2,-91.0,-91.0,-70.0,0.0,100,inter,0
network_log_20260929_135542_car,9/29 13:55 차량,car,enb,198639,198639,834.2,927.0,92.8,0,19,1,0,111.8,112.6,1.0,1.18,-81.1,-85.0,-85.0,-77.0,0.3,100,inter,0
network_log_20260929_135542_car,9/29 13:55 차량,car,enb,199102,199102,927.0,943.1,16.2,0,4,1,0,91.1,91.1,1.0,5.63,-78.5,-79.0,-79.0,-78.0,1.0,100,inter,0
network_log_20260929_135542_car,9/29 13:55 차량,car,enb,199103,199103,943.1,1026.5,83.3,0,20,3,2,356.3,358.9,1.0,4.62,-77.6,-86.0,-80.0,-86.0,1.0,100,inter,0
network_log_20260929_135542_car,9/29 13:55 차량,car,enb,198640,198640,1026.5,1105.4,79.0,0,16,1,0,134.8,135.6,1.0,1.31,-80.7,-85.0,-77.0,-85.0,1.0,100,inter,0
network_log_20260929_135542_car,9/29 13:55 차량,car,enb,199098,199098,1105.4,1125.5,20.1,0,4,1,0,51.4,51.4,1.0,3.54,-89.0,-98.0,-80.0,-98.0,1.0,100,inter,0
network_log_20260929_135542_car,9/29 13:55 차량,car,enb,199101,199101,1125.5,1155.7,30.2,0,6,1,0,387.4,387.5,1.0,11.23,-84.3,-94.0,-94.0,-74.0,0.67,100,inter,0
network_log_20260929_135542_car,9/29 13:55 차량,car,enb,198392,198392,1155.7,1175.8,20.1,0,4,2,1,251.3,251.8,1.0,13.57,-85.5,-96.0,-96.0,-75.0,0.0,100,inter,0
network_log_20260929_135542_car,9/29 13:55 차량,car,enb,205202,205202,1175.8,1185.8,10.1,0,2,1,0,108.7,108.7,1.0,11.71,-78.0,-78.0,-78.0,-78.0,0.0,100,inter,0
network_log_20260929_135542_car,9/29 13:55 차량,car,enb,199091,199091,1185.8,1312.2,126.3,0,25,1,0,209.3,211.4,1.0,1.52,-77.4,-84.0,-80.0,-73.0,0.8,100,inter,0
network_log_20260929_135542_car,9/29 13:55 차량,car,enb,199089,199089,1312.2,1314.7,2.5,0,1,1,0,9.7,9.7,1.0,7.21,-77.0,-77.0,-77.0,-77.0,1.0,100,inter,0
network_log_20260929_135542_car,9/29 13:55 차량,car,enb,198638,198638,1314.7,1378.5,63.9,0,15,2,1,436.6,440.4,1.0,6.68,-80.4,-87.0,-78.0,-84.0,1.0,100,inter,0
network_log_20260929_135542_car,9/29 13:55 차량,car,enb,198726,198726,1378.5,1508.2,129.6,0,29,3,4,528.6,529.5,1.0,4.74,-77.1,-90.0,-83.0,-80.0,0.88,100,inter,0
network_log_20260929_135542_car,9/29 13:55 차량,car,enb,198438,198438,1508.2,1508.7,0.6,0,1,1,0,0.8,0.8,1.0,2.79,-88.0,-88.0,-88.0,-88.0,1.0,100,inter,0
network_log_20260929_135542_car,9/29 13:55 차량,car,enb,198725,198725,1508.7,1599.3,90.6,0,21,2,4,632.4,639.8,1.0,7.12,-82.9,-98.0,-89.0,-98.0,1.0,100,inter,0
network_log_20260929_135542_car,9/29 13:55 차량,car,enb,198726,198726,1599.3,1609.4,10.1,0,2,1,0,38.5,38.5,1.0,5.91,-80.0,-80.0,-80.0,-80.0,1.0,100,inter,0
network_log_20260929_135542_car,9/29 13:55 차량,car,enb,205214,205214,1609.4,1686.5,77.1,0,16,1,0,64.3,72.1,1.0,0.82,-75.6,-80.0,-80.0,-71.0,1.0,100,inter,0
network_log_20260929_135542_car,9/29 13:55 차량,car,enb,198725,198725,1686.5,1694.9,8.3,0,2,1,0,12.2,13.8,1.0,1.22,-73.0,-73.0,-73.0,-73.0,1.0,100,inter,1
network_log_20260929_135542_car,9/29 13:55 차량,car,enb,205214,205214,1694.9,1715.0,20.1,1,5,1,0,24.6,27.6,1.0,1.24,-79.0,-83.0,-79.0,-77.0,1.0,100,,0
network_log_20260929_143147_car,9/29 14:31 차량,car,enb,205214,205214,0.0,18.4,18.4,1,5,1,0,106.0,106.0,0.6,5.02,-88.4,-98.0,-87.0,-85.0,1.0,3050,inter,0
network_log_20260929_143147_car,9/29 14:31 차량,car,enb,205232,205232,18.4,70.3,51.9,0,11,1,0,368.5,371.9,1.0,8.21,-79.2,-95.0,-78.0,-95.0,1.0,3050,inter,0
network_log_20260929_143147_car,9/29 14:31 차량,car,enb,205226,205226,70.3,175.3,105.0,0,25,4,6,363.7,365.9,1.0,3.32,-94.7,-102.0,-93.0,-87.0,1.0,3050,inter,0
network_log_20260929_143147_car,9/29 14:31 차량,car,enb,205210,205210,175.3,179.3,4.0,0,2,1,0,13.8,13.8,1.0,6.47,-96.0,-96.0,-96.0,-96.0,1.0,3050,inter,1
network_log_20260929_143147_car,9/29 14:31 차량,car,enb,205226,205226,179.3,185.4,6.2,0,2,1,0,28.1,31.5,1.0,3.21,-90.0,-90.0,-90.0,-90.0,1.0,3050,inter,1
network_log_20260929_143147_car,9/29 14:31 차량,car,enb,205210,205210,185.4,189.0,3.6,0,2,1,0,36.7,36.7,1.0,7.24,-100.0,-100.0,-100.0,-100.0,1.0,3050,inter,1
network_log_20260929_143147_car,9/29 14:31 차량,car,enb,205226,205226,189.0,198.7,9.7,0,3,1,0,123.6,123.7,1.0,11.16,-99.0,-100.0,-100.0,-97.0,1.0,3050,inter,0
network_log_20260929_143147_car,9/29 14:31 차량,car,enb,200050,200050,198.7,212.4,13.7,0,4,1,0,197.3,201.8,1.0,13.75,-94.5,-97.0,-97.0,-92.0,1.0,3050,inter,0
network_log_20260929_143147_car,9/29 14:31 차량,car,enb,198460,198460,212.4,220.8,8.5,0,2,1,0,129.7,129.7,1.0,15.93,-96.0,-96.0,-96.0,-96.0,1.0,3050,inter,1
network_log_20260929_143147_car,9/29 14:31 차량,car,enb,200050,200050,220.8,229.4,8.5,0,2,1,0,131.1,131.1,1.0,16.37,-93.0,-95.0,-91.0,-95.0,1.0,3050,inter,0
network_log_20260929_143147_car,9/29 14:31 차량,car,enb,198461,198461,229.4,234.3,4.9,0,2,1,0,96.4,96.4,1.0,16.12,-87.0,-87.0,-87.0,-87.0,1.0,3050,inter,1
network_log_20260929_143147_car,9/29 14:31 차량,car,enb,200050,200050,234.3,235.6,1.3,0,1,1,0,0.0,0.0,1.0,16.08,-95.0,-95.0,-95.0,-95.0,1.0,3050,inter,0
network_log_20260929_143147_car,9/29 14:31 차량,car,enb,198461,198461,235.6,292.7,57.1,0,15,3,3,765.5,765.9,1.0,14.13,-83.5,-97.0,-83.0,-75.0,1.0,3050,inter,0
network_log_20260929_143147_car,9/29 14:31 차량,car,enb,198723,198723,292.7,329.3,36.5,0,10,3,2,572.2,574.1,1.0,15.9,-85.6,-97.0,-81.0,-97.0,1.0,3050,inter,0
network_log_20260929_143147_car,9/29 14:31 차량,car,enb,198722,198722,329.3,409.6,80.3,0,16,3,2,1014.6,1032.1,1.0,14.21,-100.2,-112.0,-98.0,-102.0,0.62,3050,inter,0
network_log_20260929_143147_car,9/29 14:31 차량,car,enb,199929,199929,409.6,429.6,20.1,0,4,2,1,163.3,163.3,0.75,8.82,-101.0,-109.0,-93.0,-109.0,0.0,2600,inter,0
network_log_20260929_143147_car,9/29 14:31 차량,car,enb,199972,199972,429.6,439.7,10.0,0,2,1,0,150.9,151.0,1.0,10.14,-101.0,-101.0,-101.0,-101.0,0.0,2600,inter,0
network_log_20260929_143147_car,9/29 14:31 차량,car,enb,199971,199971,439.7,470.9,31.3,0,7,2,1,521.8,526.1,1.0,15.89,-89.3,-98.0,-98.0,-81.0,0.04,2600,inter,0
network_log_20260929_143147_car,9/29 14:31 차량,car,enb,199929,199929,470.9,483.4,12.5,0,3,2,1,184.8,185.7,1.0,15.8,-83.0,-91.0,-79.0,-91.0,1.0,100,inter,1
network_log_20260929_143147_car,9/29 14:31 차량,car,enb,199971,199971,483.4,501.1,17.7,0,6,2,1,282.9,282.9,1.0,15.72,-84.0,-94.0,-94.0,-72.0,1.0,100,inter,0
network_log_20260929_143147_car,9/29 14:31 차량,car,enb,200011,200011,501.1,561.1,60.0,0,13,2,1,981.4,981.6,1.0,16.33,-88.5,-96.0,-90.0,-96.0,1.0,100,inter,0
network_log_20260929_143147_car,9/29 14:31 차량,car,enb,199940,199940,561.1,574.6,13.6,0,3,1,0,202.8,202.9,1.0,15.94,-81.7,-86.0,-86.0,-73.0,1.0,100,inter,0
network_log_20260929_143147_car,9/29 14:31 차량,car,enb,205686,205686,574.6,588.1,13.4,0,4,1,0,194.2,194.2,1.0,14.51,-80.5,-82.0,-80.0,-80.0,1.0,100,inter,0
network_log_20260929_143147_car,9/29 14:31 차량,car,enb,205612,205612,588.1,737.0,148.9,0,31,1,0,247.8,405.7,1.0,2.94,-79.9,-95.0,-81.0,-95.0,1.0,100,inter,0
network_log_20260929_143147_car,9/29 14:31 차량,car,enb,205609,205609,737.0,804.5,67.5,0,14,1,0,87.4,88.5,1.0,1.74,-83.9,-91.0,-90.0,-83.0,1.0,100,inter,0
network_log_20260929_143147_car,9/29 14:31 차량,car,enb,205785,205785,804.5,815.9,11.4,0,3,1,0,88.8,88.8,1.0,7.58,-86.3,-88.0,-88.0,-83.0,1.0,100,inter,0
network_log_20260929_143147_car,9/29 14:31 차량,car,enb,205679,205679,815.9,821.0,5.0,1,2,1,0,2.3,2.3,1.0,2.15,-87.0,-92.0,-92.0,-82.0,1.0,100,,0
network_log_20260929_183716_car,9/29 18:37 차량,car,enb,205612,205612,0.0,74.3,74.3,1,16,1,0,153.8,223.3,1.0,2.22,-86.0,-90.0,-90.0,-90.0,1.0,3050,inter,0
network_log_20260929_183716_car,9/29 18:37 차량,car,enb,205704,205704,74.3,85.3,11.0,0,3,1,0,60.0,60.0,1.0,5.82,-94.3,-97.0,-93.0,-97.0,1.0,3050,inter,0
network_log_20260929_183716_car,9/29 18:37 차량,car,enb,205602,205602,85.3,180.7,95.4,0,20,1,0,355.0,372.3,1.0,3.49,-97.0,-104.0,-91.0,-93.0,1.0,3050,inter,0
network_log_20260929_183716_car,9/29 18:37 차량,car,enb,205601,205601,180.7,350.9,170.2,0,34,2,1,362.1,365.7,1.0,2.12,-93.0,-101.0,-101.0,-95.0,1.0,3050,inter,0
network_log_20260929_183716_car,9/29 18:37 차량,car,enb,205704,205704,350.9,419.8,68.9,0,15,1,0,224.8,368.1,1.0,5.44,-86.5,-95.0,-94.0,-76.0,1.0,3050,inter,0
network_log_20260929_183716_car,9/29 18:37 차량,car,enb,205602,205602,419.8,421.3,1.5,0,1,1,0,7.2,7.2,1.0,7.07,-83.0,-83.0,-83.0,-83.0,1.0,3050,inter,1
network_log_20260929_183716_car,9/29 18:37 차량,car,enb,205704,205704,421.3,523.0,101.6,0,22,2,1,488.8,493.1,1.0,4.89,-85.3,-97.0,-93.0,-92.0,1.0,3050,inter,0
network_log_20260929_183716_car,9/29 18:37 차량,car,enb,205601,205601,523.0,543.1,20.1,0,4,1,0,57.1,63.3,1.0,3.92,-93.0,-95.0,-95.0,-91.0,1.0,3050,inter,1
network_log_20260929_183716_car,9/29 18:37 차량,car,enb,205704,205704,543.1,553.1,10.0,0,2,1,0,45.7,45.7,1.0,3.25,-91.0,-91.0,-91.0,-91.0,1.0,3050,inter,1
network_log_20260929_183716_car,9/29 18:37 차량,car,enb,205601,205601,553.1,619.4,66.3,0,14,1,0,335.9,344.8,1.0,5.07,-92.3,-101.0,-90.0,-101.0,0.45,3050,inter,0
network_log_20260929_183716_car,9/29 18:37 차량,car,enb,198596,198596,619.4,695.9,76.5,0,16,1,0,441.0,450.3,1.0,5.65,-87.1,-101.0,-101.0,-88.0,0.75,3050,inter,0
network_log_20260929_183716_car,9/29 18:37 차량,car,enb,205611,205611,695.9,726.8,30.9,0,7,1,0,257.5,263.3,1.0,8.13,-85.0,-88.0,-88.0,-84.0,1.0,3050,inter,0
network_log_20260929_183716_car,9/29 18:37 차량,car,enb,205704,205704,726.8,738.8,12.0,0,3,1,0,119.8,119.9,1.0,9.74,-94.0,-94.0,-94.0,-94.0,1.0,3050,inter,1
network_log_20260929_183716_car,9/29 18:37 차량,car,enb,205611,205611,738.8,756.6,17.8,0,4,1,0,91.2,91.5,1.0,5.76,-87.2,-91.0,-85.0,-91.0,1.0,3050,inter,1
network_log_20260929_183716_car,9/29 18:37 차량,car,enb,205704,205704,756.6,788.7,32.0,0,7,1,0,14.3,18.4,1.0,0.81,-87.4,-88.0,-88.0,-87.0,1.0,3050,inter,0
network_log_20260929_183716_car,9/29 18:37 차량,car,enb,205611,205611,788.7,794.1,5.4,0,2,1,0,0.0,0.0,1.0,0.0,-88.0,-88.0,-88.0,-88.0,1.0,3050,inter,1
network_log_20260929_183716_car,9/29 18:37 차량,car,enb,205704,205704,794.1,916.1,122.0,0,26,2,3,558.8,559.9,1.0,4.28,-89.3,-96.0,-86.0,-95.0,1.0,3050,inter,0
network_log_20260929_183716_car,9/29 18:37 차량,car,enb,205608,205608,916.1,919.9,3.8,0,1,1,0,0.4,0.4,1.0,0.0,-94.0,-94.0,-94.0,-94.0,1.0,3050,inter,1
network_log_20260929_183716_car,9/29 18:37 차량,car,enb,205704,205704,919.9,931.5,11.6,0,4,1,0,0.0,0.1,1.0,0.0,-92.8,-95.0,-92.0,-95.0,1.0,3050,inter,1
network_log_20260929_183716_car,9/29 18:37 차량,car,enb,205608,205608,931.5,943.8,12.3,0,3,1,0,5.0,5.1,1.0,0.16,-93.3,-94.0,-93.0,-94.0,1.0,3050,inter,1
network_log_20260929_183716_car,9/29 18:37 차량,car,enb,205704,205704,943.8,954.9,11.1,0,3,1,0,18.4,18.5,1.0,1.9,-90.3,-91.0,-90.0,-91.0,1.0,3050,inter,1
network_log_20260929_183716_car,9/29 18:37 차량,car,enb,205608,205608,954.9,1125.8,170.9,0,35,1,0,789.8,800.7,0.91,4.75,-90.7,-97.0,-94.0,-97.0,0.85,3050,inter,0
network_log_20260929_183716_car,9/29 18:37 차량,car,enb,199668,199668,1125.8,1247.8,121.9,0,25,2,1,1469.9,1546.2,1.0,12.71,-90.9,-106.0,-91.0,-106.0,0.0,3050,inter,0
network_log_20260929_183716_car,9/29 18:37 차량,car,enb,199967,199967,1247.8,1490.0,242.2,0,50,4,3,2311.3,2365.8,0.98,10.12,-92.1,-111.0,-97.0,-95.0,0.24,3050,inter,0
network_log_20260929_183716_car,9/29 18:37 차량,car,enb,201764,201764,1490.0,1502.5,12.5,0,3,1,0,165.6,165.6,1.0,13.67,-95.0,-95.0,-95.0,-95.0,1.0,3050,inter,0
network_log_20260929_183716_car,9/29 18:37 차량,car,enb,199973,199973,1502.5,1572.8,70.3,0,14,3,3,1136.1,1144.0,1.0,15.98,-95.1,-103.0,-97.0,-94.0,1.0,3050,inter,0
network_log_20260929_183716_car,9/29 18:37 차량,car,enb,200019,200019,1572.8,1606.5,33.7,0,7,1,0,596.7,597.4,1.0,17.5,-95.4,-99.0,-93.0,-96.0,1.0,3050,inter,0
network_log_20260929_183716_car,9/29 18:37 차량,car,enb,199973,199973,1606.5,1644.5,37.9,0,9,1,0,671.9,674.0,1.0,17.76,-93.2,-99.0,-97.0,-98.0,1.0,3050,inter,0
network_log_20260929_183716_car,9/29 18:37 차량,car,enb,199058,199058,1644.5,1703.8,59.3,0,13,2,1,1004.5,1007.7,1.0,17.14,-89.3,-98.0,-91.0,-92.0,1.0,3050,inter,0
network_log_20260929_183716_car,9/29 18:37 차량,car,enb,199057,199057,1703.8,1707.5,3.8,0,1,1,0,65.3,65.3,1.0,16.87,-90.0,-90.0,-90.0,-90.0,1.0,3050,inter,0
network_log_20260929_183716_car,9/29 18:37 차량,car,enb,199058,199058,1707.5,1716.2,8.7,0,3,1,0,91.3,91.3,1.0,12.2,-96.0,-98.0,-95.0,-98.0,1.0,3050,inter,1
network_log_20260929_183716_car,9/29 18:37 차량,car,enb,199057,199057,1716.2,1777.0,60.8,0,13,1,0,111.1,112.5,1.0,2.22,-88.9,-99.0,-99.0,-87.0,1.0,3050,inter,0
network_log_20260929_183716_car,9/29 18:37 차량,car,enb,202979,202979,1777.0,1781.6,4.7,0,2,1,0,1.0,1.2,1.0,0.0,-88.0,-88.0,-88.0,-88.0,1.0,3050,inter,1
network_log_20260929_183716_car,9/29 18:37 차량,car,enb,199057,199057,1781.6,1785.4,3.8,0,2,1,0,0.3,0.3,1.0,0.0,-91.0,-91.0,-91.0,-91.0,1.0,3050,inter,1
network_log_20260929_183716_car,9/29 18:37 차량,car,enb,202979,202979,1785.4,1788.1,2.7,0,1,1,0,0.3,0.3,1.0,0.0,-90.0,-90.0,-90.0,-90.0,1.0,3050,inter,1
network_log_20260929_183716_car,9/29 18:37 차량,car,enb,199057,199057,1788.1,1804.1,16.0,0,4,1,0,0.1,0.1,1.0,0.0,-92.5,-94.0,-92.0,-94.0,1.0,3050,inter,1
network_log_20260929_183716_car,9/29 18:37 차량,car,enb,202979,202979,1804.1,1808.4,4.3,0,2,1,0,0.0,0.0,1.0,0.0,-89.0,-89.0,-89.0,-89.0,1.0,3050,inter,1
network_log_20260929_183716_car,9/29 18:37 차량,car,enb,199057,199057,1808.4,1852.3,43.9,0,10,1,0,69.1,69.2,0.7,1.99,-92.0,-98.0,-94.0,-92.0,1.0,3050,inter,0
network_log_20260929_183716_car,9/29 18:37 차량,car,enb,202979,202979,1852.3,1861.2,8.9,0,3,1,0,37.9,38.0,1.0,3.69,-94.3,-95.0,-95.0,-93.0,1.0,3050,inter,1
network_log_20260929_183716_car,9/29 18:37 차량,car,enb,199057,199057,1861.2,1940.2,79.0,0,18,2,2,166.7,205.2,1.0,2.71,-84.1,-93.0,-93.0,-77.0,1.0,3050,inter,0
network_log_20260929_183716_car,9/29 18:37 차량,car,enb,199061,199061,1940.2,2010.2,70.0,0,14,1,0,6.1,8.0,1.0,0.26,-91.3,-94.0,-93.0,-90.0,1.0,3050,inter,0
network_log_20260929_183716_car,9/29 18:37 차량,car,enb,199057,199057,2010.2,2025.5,15.3,0,4,1,0,0.1,0.1,1.0,0.0,-90.5,-95.0,-89.0,-95.0,1.0,3050,inter,1
network_log_20260929_183716_car,9/29 18:37 차량,car,enb,199061,199061,2025.5,2102.3,76.7,0,16,1,0,290.7,345.3,1.0,4.25,-84.2,-95.0,-93.0,-80.0,1.0,3050,inter,0
network_log_20260929_183716_car,9/29 18:37 차량,car,enb,199057,199057,2102.3,2113.9,11.6,0,3,1,0,79.4,79.4,1.0,5.59,-75.7,-76.0,-76.0,-75.0,1.0,3050,inter,0
network_log_20260929_183716_car,9/29 18:37 차량,car,enb,199055,199055,2113.9,2115.0,1.1,0,1,1,0,8.3,8.3,1.0,8.09,-76.0,-76.0,-76.0,-76.0,1.0,3050,inter,0
network_log_20260929_183716_car,9/29 18:37 차량,car,enb,199057,199057,2115.0,2131.6,16.6,1,5,1,0,92.2,92.5,1.0,5.86,-71.0,-79.0,-73.0,-79.0,1.0,3050,,0
network_log_20260929_191910_car,9/29 19:19 차량,car,enb,199057,199057,0.0,80.3,80.3,1,17,2,1,339.8,355.9,0.88,3.39,-85.2,-92.0,-80.0,-90.0,1.0,3050,inter,0
network_log_20260929_191910_car,9/29 19:19 차량,car,enb,199055,199055,80.3,180.8,100.4,0,20,2,1,546.3,560.1,1.0,5.71,-82.9,-87.0,-86.0,-84.0,1.0,3050,inter,0
network_log_20260929_191910_car,9/29 19:19 차량,car,enb,199047,199047,180.8,241.1,60.3,0,12,1,0,225.7,226.5,1.0,3.49,-76.5,-78.0,-78.0,-74.0,1.0,3050,inter,0
network_log_20260929_191910_car,9/29 19:19 차량,car,enb,199051,199051,241.1,462.2,221.1,0,44,2,1,570.2,577.7,0.89,2.81,-82.4,-92.0,-83.0,-91.0,1.0,3050,inter,0
network_log_20260929_191910_car,9/29 19:19 차량,car,enb,199053,199053,462.2,472.2,10.0,0,2,1,0,95.3,95.3,1.0,9.23,-91.0,-91.0,-91.0,-91.0,1.0,3050,inter,0
network_log_20260929_191910_car,9/29 19:19 차량,car,enb,199050,199050,472.2,482.3,10.1,0,2,1,0,88.3,88.3,1.0,9.25,-99.0,-99.0,-99.0,-99.0,1.0,3050,inter,0
network_log_20260929_191910_car,9/29 19:19 차량,car,enb,200028,200028,482.3,484.4,2.1,0,1,1,0,13.6,13.6,1.0,7.79,-75.0,-75.0,-75.0,-75.0,1.0,3050,inter,0
network_log_20260929_191910_car,9/29 19:19 차량,car,enb,199062,199062,484.4,490.9,6.6,0,2,1,0,67.3,67.9,1.0,8.32,-85.0,-85.0,-85.0,-85.0,1.0,3050,inter,0
network_log_20260929_191910_car,9/29 19:19 차량,car,enb,199049,199049,490.9,507.4,16.4,0,4,1,0,73.3,73.4,1.0,5.91,-72.5,-73.0,-73.0,-72.0,1.0,3050,inter,0
network_log_20260929_191910_car,9/29 19:19 차량,car,enb,199051,199051,507.4,587.8,80.4,0,16,1,0,267.5,268.7,0.75,4.12,-88.8,-95.0,-83.0,-90.0,1.0,3050,inter,0
network_log_20260929_191910_car,9/29 19:19 차량,car,enb,205257,205257,587.8,643.0,55.2,0,12,2,1,400.0,402.3,1.0,6.78,-83.5,-90.0,-90.0,-82.0,1.0,3050,inter,0
network_log_20260929_191910_car,9/29 19:19 차량,car,enb,205255,205255,643.0,798.7,155.7,1,35,3,6,151.8,183.0,1.0,1.38,-74.8,-89.0,-82.0,-64.0,1.0,3050,,0
network_log_20261001_133919_car,10/1 13:39 차량,car,enb,205270,205270,0.0,173.1,173.1,1,36,1,0,268.3,278.2,1.0,1.87,-74.2,-89.0,-73.0,-89.0,1.0,100,inter,0
network_log_20261001_133919_car,10/1 13:39 차량,car,enb,205308,205308,173.1,178.4,5.4,0,2,1,0,51.6,51.6,1.0,11.44,-88.0,-88.0,-88.0,-88.0,1.0,100,inter,0
network_log_20261001_133919_car,10/1 13:39 차량,car,enb,205309,205309,178.4,185.7,7.2,0,2,1,0,107.6,107.6,1.0,12.97,-79.0,-79.0,-79.0,-79.0,1.0,100,inter,1
network_log_20261001_133919_car,10/1 13:39 차량,car,enb,205308,205308,185.7,289.6,103.9,0,23,3,2,575.5,581.2,1.0,6.22,-79.7,-86.0,-73.0,-86.0,1.0,100,inter,0
network_log_20261001_133919_car,10/1 13:39 차량,car,enb,205307,205307,289.6,431.8,142.2,0,30,2,1,336.9,448.7,1.0,3.02,-77.0,-84.0,-81.0,-83.0,1.0,100,inter,0
network_log_20261001_133919_car,10/1 13:39 차량,car,enb,199316,199316,431.8,511.3,79.6,0,20,5,5,804.3,808.8,1.0,10.49,-77.3,-84.0,-84.0,-81.0,1.0,100,inter,0
network_log_20261001_133919_car,10/1 13:39 차량,car,enb,199318,199318,511.3,666.8,155.5,0,33,2,1,818.3,818.5,0.82,7.14,-73.5,-86.0,-84.0,-86.0,1.0,100,inter,0
network_log_20261001_133919_car,10/1 13:39 차량,car,enb,199293,199293,666.8,765.5,98.7,0,22,3,2,447.3,455.1,0.5,10.67,-76.9,-85.0,-85.0,-73.0,1.0,100,inter,0
network_log_20261001_133919_car,10/1 13:39 차량,car,enb,198480,198480,765.5,787.1,21.6,0,5,1,0,75.1,75.2,0.8,6.96,-74.8,-77.0,-73.0,-77.0,1.0,100,inter,0
network_log_20261001_133919_car,10/1 13:39 차량,car,enb,199294,199294,787.1,790.7,3.6,0,2,1,0,,,0.0,,-74.0,-74.0,-74.0,-74.0,1.0,100,inter,1
network_log_20261001_133919_car,10/1 13:39 차량,car,enb,198480,198480,790.7,881.9,91.3,0,19,1,0,86.3,86.3,0.11,9.66,-73.8,-76.0,-72.0,-76.0,1.0,100,inter,0
network_log_20261001_133919_car,10/1 13:39 차량,car,enb,199294,199294,881.9,911.1,29.2,0,7,2,1,394.4,395.0,1.0,13.02,-78.4,-86.0,-76.0,-84.0,1.0,100,inter,0
network_log_20261001_133919_car,10/1 13:39 차량,car,enb,198479,198479,911.1,920.5,9.4,0,3,1,0,106.3,106.3,1.0,13.25,-78.0,-78.0,-78.0,-78.0,1.0,100,inter,1
network_log_20261001_133919_car,10/1 13:39 차량,car,enb,199294,199294,920.5,925.0,4.5,0,2,1,0,80.5,80.5,1.0,13.43,-86.0,-86.0,-86.0,-86.0,1.0,100,inter,0
network_log_20261001_133919_car,10/1 13:39 차량,car,enb,198479,198479,925.0,1003.3,78.3,0,18,3,2,589.6,593.7,0.78,9.94,-88.4,-102.0,-95.0,-90.0,1.0,100,inter,0
network_log_20261001_133919_car,10/1 13:39 차량,car,enb,198481,198481,1003.3,1036.0,32.7,0,9,3,2,413.0,413.9,1.0,12.74,-85.4,-95.0,-91.0,-74.0,1.0,100,inter,0
network_log_20261001_133919_car,10/1 13:39 차량,car,enb,199287,199287,1036.0,1044.1,8.1,0,2,1,0,78.0,78.0,1.0,11.59,-85.0,-85.0,-85.0,-85.0,1.0,100,inter,0
network_log_20261001_133919_car,10/1 13:39 차량,car,enb,199289,199289,1044.1,1067.7,23.6,0,5,1,0,,,0.2,4.43,-90.2,-91.0,-89.0,-90.0,1.0,100,inter,1
network_log_20261001_133919_car,10/1 13:39 차량,car,enb,199287,199287,1067.7,1077.0,9.3,0,3,1,0,,,0.0,,-89.3,-90.0,-89.0,-90.0,1.0,100,inter,1
network_log_20261001_133919_car,10/1 13:39 차량,car,enb,199289,199289,1077.0,1107.9,30.9,0,7,1,0,,,0.0,,-90.6,-91.0,-91.0,-90.0,1.0,100,inter,0
network_log_20261001_133919_car,10/1 13:39 차량,car,enb,199287,199287,1107.9,1148.3,40.4,0,9,1,0,181.8,183.1,0.44,8.77,-86.8,-92.0,-89.0,-78.0,1.0,100,inter,0
network_log_20261001_133919_car,10/1 13:39 차량,car,enb,199296,199296,1148.3,1272.6,124.3,0,29,4,3,482.1,482.5,0.48,9.66,-82.9,-94.0,-94.0,-84.0,1.0,100,inter,0
network_log_20261001_133919_car,10/1 13:39 차량,car,enb,199295,199295,1272.6,1284.1,11.5,0,3,1,0,117.3,117.4,1.0,7.95,-85.3,-88.0,-84.0,-88.0,1.0,100,inter,0
network_log_20261001_133919_car,10/1 13:39 차량,car,enb,199296,199296,1284.1,1290.0,5.9,0,2,1,0,78.9,78.9,1.0,13.22,-94.0,-94.0,-94.0,-94.0,1.0,100,inter,0
network_log_20261001_133919_car,10/1 13:39 차량,car,enb,200024,200024,1290.0,1298.9,8.9,0,5,3,2,131.4,131.4,1.0,13.25,-83.4,-87.0,-86.0,-87.0,1.0,100,inter,0
network_log_20261001_133919_car,10/1 13:39 차량,car,enb,199188,199188,1298.9,1368.3,69.4,0,16,2,1,431.8,447.5,1.0,7.2,-75.4,-83.0,-83.0,-78.0,1.0,100,inter,0
network_log_20261001_133919_car,10/1 13:39 차량,car,enb,199189,199189,1368.3,1371.6,3.3,0,2,1,0,42.0,42.0,1.0,10.07,-86.0,-86.0,-86.0,-86.0,1.0,100,inter,0
network_log_20261001_133919_car,10/1 13:39 차량,car,enb,199209,199209,1371.6,1470.9,99.3,0,21,2,1,433.9,435.2,0.62,7.61,-78.6,-84.0,-82.0,-70.0,1.0,100,inter,0
network_log_20261001_133919_car,10/1 13:39 차량,car,enb,199183,199183,1470.9,1531.1,60.2,0,12,1,0,204.0,204.3,0.58,5.21,-71.8,-76.0,-76.0,-69.0,1.0,100,inter,0
network_log_20261001_133919_car,10/1 13:39 차량,car,enb,199182,199182,1531.1,1554.9,23.8,0,6,2,1,235.0,235.2,1.0,9.97,-75.3,-79.0,-72.0,-71.0,1.0,100,inter,0
network_log_20261001_133919_car,10/1 13:39 차량,car,enb,199186,199186,1554.9,1721.9,167.0,0,36,3,2,644.8,650.4,0.78,5.35,-72.7,-82.0,-75.0,-73.0,1.0,100,inter,0
network_log_20261001_133919_car,10/1 13:39 차량,car,enb,199187,199187,1721.9,1739.7,17.9,0,4,1,0,19.2,19.3,1.0,1.16,-79.2,-80.0,-79.0,-80.0,1.0,100,inter,0
network_log_20261001_133919_car,10/1 13:39 차량,car,enb,199190,199190,1739.7,1741.1,1.4,0,1,1,0,13.4,13.4,1.0,5.73,-83.0,-83.0,-83.0,-83.0,1.0,100,inter,1
network_log_20261001_133919_car,10/1 13:39 차량,car,enb,199187,199187,1741.1,1743.9,2.8,0,2,1,0,23.8,23.8,1.0,7.5,-80.0,-80.0,-80.0,-80.0,1.0,100,inter,1
network_log_20261001_133919_car,10/1 13:39 차량,car,enb,199190,199190,1743.9,1750.5,6.6,0,2,1,0,57.9,57.9,1.0,9.23,-75.0,-75.0,-75.0,-75.0,1.0,100,inter,1
network_log_20261001_133919_car,10/1 13:39 차량,car,enb,199187,199187,1750.5,1758.1,7.6,0,3,1,0,68.5,68.5,1.0,8.96,-77.7,-81.0,-81.0,-73.0,1.0,100,inter,0
network_log_20261001_133919_car,10/1 13:39 차량,car,enb,199190,199190,1758.1,1765.7,7.7,0,2,1,0,42.1,42.1,1.0,7.25,-76.0,-80.0,-72.0,-80.0,1.0,100,inter,0
network_log_20261001_133919_car,10/1 13:39 차량,car,enb,199186,199186,1765.7,1766.9,1.2,0,1,1,0,13.6,13.6,1.0,6.87,-80.0,-80.0,-80.0,-80.0,1.0,100,inter,1
network_log_20261001_133919_car,10/1 13:39 차량,car,enb,199187,199187,1766.9,1859.0,92.1,0,21,2,1,248.3,248.6,0.48,6.72,-72.7,-79.0,-79.0,-72.0,1.0,100,inter,0
network_log_20261001_133919_car,10/1 13:39 차량,car,enb,199183,199183,1859.0,2033.0,174.0,0,38,4,3,564.2,565.5,0.68,5.23,-71.2,-84.0,-70.0,-70.0,1.0,100,inter,0
network_log_20261001_133919_car,10/1 13:39 차량,car,enb,199960,199960,2033.0,2143.7,110.7,1,27,4,3,350.7,351.9,1.0,3.76,-73.1,-83.0,-83.0,-67.0,1.0,100,,0
network_log_20261001_143101_car,10/1 14:31 차량,car,enb,199960,199960,0.0,63.5,63.5,1,16,3,2,435.9,454.2,1.0,6.59,-74.5,-78.0,-69.0,-77.0,1.0,100,inter,0
network_log_20261001_143101_car,10/1 14:31 차량,car,enb,199183,199183,63.5,110.4,46.9,0,10,1,0,216.4,217.0,1.0,5.81,-75.1,-87.0,-80.0,-87.0,1.0,100,inter,0
network_log_20261001_143101_car,10/1 14:31 차량,car,enb,199190,199190,110.4,112.4,2.0,0,1,1,0,6.0,6.0,1.0,3.18,-86.0,-86.0,-86.0,-86.0,1.0,100,inter,0
network_log_20261001_143101_car,10/1 14:31 차량,car,enb,205129,205129,112.4,131.7,19.3,0,5,1,0,36.1,36.2,1.0,1.86,-86.2,-88.0,-85.0,-86.0,1.0,100,inter,0
network_log_20261001_143101_car,10/1 14:31 차량,car,enb,199183,199183,131.7,187.3,55.7,0,13,2,1,247.1,251.5,1.0,4.38,-72.9,-86.0,-86.0,-63.0,1.0,100,inter,0
network_log_20261001_143101_car,10/1 14:31 차량,car,enb,199187,199187,187.3,300.0,112.6,0,23,1,0,318.8,329.3,1.0,3.03,-72.1,-79.0,-79.0,-73.0,1.0,100,inter,0
network_log_20261001_143101_car,10/1 14:31 차량,car,enb,199190,199190,300.0,304.4,4.4,0,2,1,0,33.1,33.1,1.0,9.46,-69.0,-69.0,-69.0,-69.0,1.0,100,inter,0
network_log_20261001_143101_car,10/1 14:31 차량,car,enb,199187,199187,304.4,337.8,33.4,0,8,1,0,48.5,54.3,1.0,2.63,-79.0,-84.0,-74.0,-80.0,1.0,100,inter,0
network_log_20261001_143101_car,10/1 14:31 차량,car,enb,199190,199190,337.8,344.4,6.6,0,2,1,0,58.3,58.3,1.0,8.65,-69.0,-69.0,-69.0,-69.0,1.0,100,inter,1
network_log_20261001_143101_car,10/1 14:31 차량,car,enb,199187,199187,344.4,356.4,12.0,0,3,1,0,138.6,138.7,1.0,11.16,-76.0,-78.0,-78.0,-72.0,1.0,100,inter,0
network_log_20261001_143101_car,10/1 14:31 차량,car,enb,199186,199186,356.4,513.0,156.6,0,34,3,2,621.4,628.4,0.97,4.54,-74.6,-80.0,-76.0,-77.0,1.0,100,inter,0
network_log_20261001_143101_car,10/1 14:31 차량,car,enb,199182,199182,513.0,625.4,112.4,0,24,2,1,132.0,135.4,0.88,1.43,-78.4,-85.0,-78.0,-85.0,1.0,100,inter,0
network_log_20261001_143101_car,10/1 14:31 차량,car,enb,199208,199208,625.4,629.5,4.1,0,2,1,0,26.1,26.1,1.0,5.85,-73.0,-73.0,-73.0,-73.0,1.0,100,inter,1
network_log_20261001_143101_car,10/1 14:31 차량,car,enb,199182,199182,629.5,642.4,12.9,0,3,1,0,116.6,116.6,1.0,8.99,-72.3,-73.0,-73.0,-71.0,1.0,100,inter,0
network_log_20261001_143101_car,10/1 14:31 차량,car,enb,199183,199183,642.4,658.8,16.4,0,4,1,0,186.7,186.9,1.0,10.5,-72.8,-77.0,-68.0,-77.0,1.0,100,inter,0
network_log_20261001_143101_car,10/1 14:31 차량,car,enb,199209,199209,658.8,669.2,10.4,0,3,1,0,96.6,96.6,1.0,9.09,-74.0,-76.0,-76.0,-70.0,1.0,100,inter,0
network_log_20261001_143101_car,10/1 14:31 차량,car,enb,199193,199193,669.2,670.3,1.1,0,1,1,0,0.0,0.0,1.0,10.62,-80.0,-80.0,-80.0,-80.0,1.0,100,inter,0
network_log_20261001_143101_car,10/1 14:31 차량,car,enb,199209,199209,670.3,746.1,75.9,0,16,1,0,295.5,295.9,1.0,4.12,-72.1,-78.0,-75.0,-78.0,1.0,100,inter,0
network_log_20261001_143101_car,10/1 14:31 차량,car,enb,199183,199183,746.1,749.7,3.6,0,2,1,0,33.1,33.1,1.0,8.11,-91.0,-91.0,-91.0,-91.0,1.0,100,inter,0
network_log_20261001_143101_car,10/1 14:31 차량,car,enb,199188,199188,749.7,850.1,100.3,0,27,3,6,403.9,414.2,0.89,5.35,-76.7,-85.0,-85.0,-78.0,1.0,100,inter,0
network_log_20261001_143101_car,10/1 14:31 차량,car,enb,200024,200024,850.1,852.5,2.4,0,1,1,0,19.4,19.4,1.0,9.58,-85.0,-85.0,-85.0,-85.0,1.0,100,inter,1
network_log_20261001_143101_car,10/1 14:31 차량,car,enb,199188,199188,852.5,856.4,3.9,0,2,1,0,40.3,40.3,1.0,9.96,-87.0,-87.0,-87.0,-87.0,1.0,100,inter,1
network_log_20261001_143101_car,10/1 14:31 차량,car,enb,200024,200024,856.4,867.4,11.0,0,4,2,1,101.8,101.8,1.0,8.78,-81.0,-87.0,-75.0,-87.0,1.0,100,inter,0
network_log_20261001_143101_car,10/1 14:31 차량,car,enb,199296,199296,867.4,878.3,10.9,0,3,1,0,95.7,95.7,1.0,8.88,-82.0,-83.0,-83.0,-80.0,1.0,100,inter,0
network_log_20261001_143101_car,10/1 14:31 차량,car,enb,199295,199295,878.3,887.5,9.2,0,3,2,1,86.1,86.1,1.0,8.55,-84.3,-96.0,-96.0,-68.0,1.0,100,inter,1
network_log_20261001_143101_car,10/1 14:31 차량,car,enb,199296,199296,887.5,987.3,99.7,0,23,3,2,454.3,454.8,0.83,5.75,-85.7,-95.0,-95.0,-83.0,1.0,100,inter,0
network_log_20261001_143101_car,10/1 14:31 차량,car,enb,199287,199287,987.3,1015.1,27.8,0,7,1,0,181.9,183.4,1.0,7.15,-85.6,-92.0,-91.0,-82.0,1.0,100,inter,0
network_log_20261001_143101_car,10/1 14:31 차량,car,enb,199289,199289,1015.1,1018.6,3.5,0,1,1,0,46.4,46.4,1.0,10.95,-86.0,-86.0,-86.0,-86.0,1.0,100,inter,1
network_log_20261001_143101_car,10/1 14:31 차량,car,enb,199287,199287,1018.6,1028.8,10.2,0,3,1,0,93.5,93.5,1.0,11.51,-87.3,-88.0,-88.0,-86.0,1.0,100,inter,0
network_log_20261001_143101_car,10/1 14:31 차량,car,enb,198481,198481,1028.8,1127.2,98.4,0,26,3,6,396.5,397.1,0.65,8.17,-81.6,-93.0,-84.0,-93.0,1.0,100,inter,0
network_log_20261001_143101_car,10/1 14:31 차량,car,enb,200035,200035,1127.2,1146.6,19.4,0,5,1,0,24.4,24.4,0.4,4.92,-88.8,-92.0,-86.0,-90.0,1.0,100,inter,0
network_log_20261001_143101_car,10/1 14:31 차량,car,enb,205191,205191,1146.6,1150.8,4.2,0,2,1,0,25.4,25.4,1.0,5.22,-88.0,-88.0,-88.0,-88.0,1.0,100,inter,0
network_log_20261001_143101_car,10/1 14:31 차량,car,enb,198479,198479,1150.8,1203.9,53.0,0,12,4,3,711.3,716.8,1.0,13.18,-87.2,-99.0,-90.0,-90.0,1.0,100,inter,0
network_log_20261001_143101_car,10/1 14:31 차량,car,enb,199294,199294,1203.9,1239.2,35.3,0,8,1,0,87.7,87.9,0.62,7.51,-85.6,-89.0,-82.0,-88.0,1.0,100,inter,0
network_log_20261001_143101_car,10/1 14:31 차량,car,enb,198479,198479,1239.2,1265.9,26.7,0,7,1,0,29.0,30.0,1.0,1.2,-80.1,-82.0,-80.0,-81.0,1.0,100,inter,1
network_log_20261001_143101_car,10/1 14:31 차량,car,enb,199294,199294,1265.9,1289.1,23.2,0,6,2,1,279.1,279.2,1.0,11.68,-81.2,-82.0,-82.0,-80.0,1.0,100,inter,0
network_log_20261001_143101_car,10/1 14:31 차량,car,enb,198480,198480,1289.1,1319.7,30.6,0,7,1,0,30.1,33.3,1.0,2.06,-72.0,-75.0,-74.0,-70.0,1.0,100,inter,0
network_log_20261001_143101_car,10/1 14:31 차량,car,enb,199294,199294,1319.7,1328.4,8.7,0,3,1,0,86.0,86.0,1.0,7.91,-69.0,-69.0,-69.0,-69.0,1.0,100,inter,1
network_log_20261001_143101_car,10/1 14:31 차량,car,enb,198480,198480,1328.4,1331.4,3.0,0,2,1,0,53.4,53.4,1.0,13.46,-77.0,-77.0,-77.0,-77.0,1.0,100,inter,0
network_log_20261001_143101_car,10/1 14:31 차량,car,enb,199293,199293,1331.4,1433.8,102.4,0,22,3,2,499.8,512.1,1.0,5.43,-78.8,-84.0,-77.0,-84.0,1.0,100,inter,0
network_log_20261001_143101_car,10/1 14:31 차량,car,enb,199318,199318,1433.8,1585.8,152.0,0,38,3,8,848.0,848.8,0.84,7.38,-81.2,-95.0,-95.0,-80.0,1.0,100,inter,0
network_log_20261001_143101_car,10/1 14:31 차량,car,enb,199316,199316,1585.8,1603.9,18.0,0,6,2,2,229.9,231.3,1.0,13.27,-72.2,-82.0,-82.0,-76.0,1.0,100,inter,0
network_log_20261001_143101_car,10/1 14:31 차량,car,enb,205253,205253,1603.9,1608.0,4.1,0,2,1,0,34.8,34.8,1.0,9.41,-77.0,-77.0,-77.0,-77.0,1.0,100,inter,0
network_log_20261001_143101_car,10/1 14:31 차량,car,enb,199316,199316,1608.0,1727.6,119.7,0,30,3,5,430.2,430.9,0.8,5.1,-76.2,-83.0,-83.0,-75.0,1.0,100,inter,0
network_log_20261001_143101_car,10/1 14:31 차량,car,enb,205309,205309,1727.6,1736.4,8.7,0,2,1,0,61.1,61.1,1.0,6.22,-70.0,-70.0,-70.0,-70.0,1.0,100,inter,1
network_log_20261001_143101_car,10/1 14:31 차량,car,enb,199316,199316,1736.4,1739.9,3.5,0,1,1,0,43.0,43.0,1.0,9.52,-80.0,-80.0,-80.0,-80.0,1.0,100,inter,0
network_log_20261001_143101_car,10/1 14:31 차량,car,enb,205307,205307,1739.9,1849.2,109.3,0,24,2,2,255.6,335.6,0.71,5.44,-77.4,-86.0,-86.0,-79.0,1.0,100,inter,0
network_log_20261001_143101_car,10/1 14:31 차량,car,enb,205308,205308,1849.2,1948.5,99.4,0,24,4,3,590.4,592.1,1.0,6.93,-75.4,-85.0,-84.0,-62.0,1.0,100,inter,0
network_log_20261001_143101_car,10/1 14:31 차량,car,enb,205309,205309,1948.5,1957.3,8.7,0,2,1,0,70.4,70.4,1.0,11.96,-76.0,-76.0,-76.0,-76.0,1.0,100,inter,1
network_log_20261001_143101_car,10/1 14:31 차량,car,enb,205308,205308,1957.3,1962.3,5.0,0,1,1,0,16.0,16.0,1.0,3.68,-77.0,-77.0,-77.0,-77.0,1.0,100,inter,0
network_log_20261001_143101_car,10/1 14:31 차량,car,enb,205270,205270,1962.3,2308.4,346.2,1,72,2,3,433.6,614.3,0.99,1.67,-69.1,-83.0,-82.0,-70.0,1.0,100,,0
