timestamp,datetime,activity,latitude,longitude,gps_accuracy_m,gps_speed_ms,gps_bearing_deg,gps_altitude_m,location_source,location_age_s,network_type,override_network_type,generation,is_5g,is_5g_actual,is_5g_display,nr_cell_seen,nr_serving_cell_seen,serving_cell_id,serving_pci,serving_freq_arfcn,serving_band,serving_tac,mcc,mnc,rsrp_dbm,rsrq_db,rssi_dbm,sinr_snr_db,signal_level,timing_advance_lte,csi_rsrp_dbm,csi_rsrq_db,csi_sinr_db,rx_speed_Bps,tx_speed_Bps,rx_bitrate_Mbps,tx_bitrate_Mbps,mobile_rx_speed_Bps,mobile_tx_speed_Bps,mobile_rx_bitrate_Mbps,mobile_tx_bitrate_Mbps,wifi_active,neighbor_count,nr_neighbor_count,lte_neighbor_count,best_nbr_rsrp_dbm,best_nbr_pci,best_nbr_arfcn,imu_speed_ms,handover_detected,ping_pong_detected,collect_trigger,cell_duration_s,ho_count_30s,rsrp_delta,sinr_delta,cell_info_age_ms,prev_serving_cell_id,prev_rsrp_dbm,prev_rsrq_db,neighbors_json,pressure_hpa,rtt_ms,probe_dl_mbps,wifi_ap_count,wifi_scan_age_s,anchor_station,anchor_lat,anchor_lon,wifi_scan_json,prev_neighbors_json,lat_mm,lon_mm,mm_method,mm_prev_station,mm_next_station,mm_vs_gps_m
1789967580009,2026-09-21 14:13:00,unknown,37.57722415,126.98592193,3.7900925,1.21,154.1,61.9678955078125,stale_gps,1170,LTE,NONE,4G,False,False,False,False,False,51243523,457,3050,7,8323,450,6,-82,-10,-51,17.0,4,0.0,,,,0,0,0.0,0.0,0,0,0.0,0.0,False,6,0,6,-81.0,457.0,100.0,1.21,False,False,handover,0,0,,,55570,,,,"[{""type"":""LTE"",""pci"":457,""earfcn"":100,""tac"":null,""rsrp"":-81,""rsrq"":-13,""rssi"":-57,""snr"":null,""ta"":0,""level"":4,""bands"":""1""},{""type"":""LTE"",""pci"":457,""earfcn"":2600,""tac"":null,""rsrp"":-83,""rsrq"":-12,""rssi"":-61,""snr"":null,""ta"":0,""level"":4,""bands"":""5""},{""type"":""LTE"",""pci"":497,""earfcn"":2600,""tac"":null,""rsrp"":-85,""rsrq"":-20,""rssi"":-55,""snr"":null,""ta"":0,""level"":4,""bands"":""5""},{""type"":""LTE"",""pci"":492,""earfcn"":3050,""tac"":null,""rsrp"":-86,""rsrq"":-17,""rssi"":-59,""snr"":null,""ta"":0,""level"":3,""bands"":""7""},{""type"":""LTE"",""pci"":492,""earfcn"":100,""tac"":null,""rsrp"":-86,""rsrq"":-18,""rssi"":-59,""snr"":null,""ta"":0,""level"":3,""bands"":""1""},{""type"":""LTE"",""pci"":497,""earfcn"":3050,""tac"":null,""rsrp"":-90,""rsrq"":-20,""rssi"":-59,""snr"":null,""ta"":0,""level"":3,""bands"":""7""}]",,,,21,53,,,,"[{""b"":""40:27:0b:02:a2:b8"",""s"":""U+zone"",""r"":-36,""f"":5785},{""b"":""22:17:b2:0b:47:8a"",""s"":""T wifi zone_secure"",""r"":-39,""f"":5785},{""b"":""22:17:b2:0b:47:88"",""s"":""T wifi zone"",""r"":-41,""f"":5785},{""b"":""30:78:c2:00:0a:b4"",""s"":""KT WiFi"",""r"":-44,""f"":5640},{""b"":""36:78:c2:00:0a:b4"",""s"":""KT WiFi "",""r"":-45,""f"":5640},{""b"":""02:17:b2:0b:47:88"",""s"":""T wifi zone"",""r"":-46,""f"":2452},{""b"":""02:17:b2:0b:47:8a"",""s"":""T wifi zone_secure"",""r"":-46,""f"":2452},{""b"":""40:27:0b:02:a2:c7"",""s"":""U+zone"",""r"":-61,""f"":5745},{""b"":""22:17:b2:0b:7d:b6"",""s"":""T wifi zone"",""r"":-62,""f"":5805},{""b"":""40:27:0b:02:a2:c6"",""s"":""U+zone_2.4GHz"",""r"":-63,""f"":2472},{""b"":""22:17:b2:0b:7d:b8"",""s"":""T wifi zone_secure"",""r"":-64,""f"":5805},{""b"":""00:40:5a:c4:0b:33"",""s"":""FREE_U+zone"",""r"":-66,""f"":2412},{""b"":""36:78:c2:00:07:d5"",""s"":""KT WiFi "",""r"":-68,""f"":5640},{""b"":""30:78:c2:00:07:d5"",""s"":""KT WiFi"",""r"":-70,""f"":5640},{""b"":""0a:29:d5:58:bf:70"",""s"":"""",""r"":-80,""f"":5805}]",,,,none,,,
1789967580020,2026-09-21 14:13:00,unknown,37.57722415,126.98592193,3.7900925,1.21,154.1,61.9678955078125,stale_gps,1170,LTE,NR_NSA,5G,True,False,True,False,False,51243523,457,3050,7,8323,450,6,-82,-10,-51,17.0,4,0.0,,,,0,0,0.0,0.0,0,0,0.0,0.0,False,6,0,6,-81.0,457.0,100.0,1.21,False,False,periodic,0,0,0.0,0.0,55583,,,,"[{""type"":""LTE"",""pci"":457,""earfcn"":100,""tac"":null,""rsrp"":-81,""rsrq"":-13,""rssi"":-57,""snr"":null,""ta"":0,""level"":4,""bands"":""1""},{""type"":""LTE"",""pci"":457,""earfcn"":2600,""tac"":null,""rsrp"":-83,""rsrq"":-12,""rssi"":-61,""snr"":null,""ta"":0,""level"":4,""bands"":""5""},{""type"":""LTE"",""pci"":497,""earfcn"":2600,""tac"":null,""rsrp"":-85,""rsrq"":-20,""rssi"":-55,""snr"":null,""ta"":0,""level"":4,""bands"":""5""},{""type"":""LTE"",""pci"":492,""earfcn"":3050,""tac"":null,""rsrp"":-86,""rsrq"":-17,""rssi"":-59,""snr"":null,""ta"":0,""level"":3,""bands"":""7""},{""type"":""LTE"",""pci"":492,""earfcn"":100,""tac"":null,""rsrp"":-86,""rsrq"":-18,""rssi"":-59,""snr"":null,""ta"":0,""level"":3,""bands"":""1""},{""type"":""LTE"",""pci"":497,""earfcn"":3050,""tac"":null,""rsrp"":-90,""rsrq"":-20,""rssi"":-59,""snr"":null,""ta"":0,""level"":3,""bands"":""7""}]",,,,21,53,,,,"[{""b"":""40:27:0b:02:a2:b8"",""s"":""U+zone"",""r"":-36,""f"":5785},{""b"":""22:17:b2:0b:47:8a"",""s"":""T wifi zone_secure"",""r"":-39,""f"":5785},{""b"":""22:17:b2:0b:47:88"",""s"":""T wifi zone"",""r"":-41,""f"":5785},{""b"":""30:78:c2:00:0a:b4"",""s"":""KT WiFi"",""r"":-44,""f"":5640},{""b"":""36:78:c2:00:0a:b4"",""s"":""KT WiFi "",""r"":-45,""f"":5640},{""b"":""02:17:b2:0b:47:88"",""s"":""T wifi zone"",""r"":-46,""f"":2452},{""b"":""02:17:b2:0b:47:8a"",""s"":""T wifi zone_secure"",""r"":-46,""f"":2452},{""b"":""40:27:0b:02:a2:c7"",""s"":""U+zone"",""r"":-61,""f"":5745},{""b"":""22:17:b2:0b:7d:b6"",""s"":""T wifi zone"",""r"":-62,""f"":5805},{""b"":""40:27:0b:02:a2:c6"",""s"":""U+zone_2.4GHz"",""r"":-63,""f"":2472},{""b"":""22:17:b2:0b:7d:b8"",""s"":""T wifi zone_secure"",""r"":-64,""f"":5805},{""b"":""00:40:5a:c4:0b:33"",""s"":""FREE_U+zone"",""r"":-66,""f"":2412},{""b"":""36:78:c2:00:07:d5"",""s"":""KT WiFi "",""r"":-68,""f"":5640},{""b"":""30:78:c2:00:07:d5"",""s"":""KT WiFi"",""r"":-70,""f"":5640},{""b"":""0a:29:d5:58:bf:70"",""s"":"""",""r"":-80,""f"":5805}]",,,,none,,,
1789967580733,2026-09-21 14:13:00,unknown,37.57722415,126.98592193,3.7900925,1.21,154.1,61.9678955078125,stale_gps,1170,LTE,NR_NSA,5G,True,False,True,False,False,51243523,457,3050,7,8323,450,6,-80,-5,-53,20.0,4,,,,,0,0,0.0,0.0,0,0,0.0,0.0,False,1,0,1,-88.0,492.0,3050.0,1.21,False,False,anchor,0,0,2.0,3.0,703,,,,"[{""type"":""LTE"",""pci"":492,""earfcn"":3050,""tac"":null,""rsrp"":-88,""rsrq"":-16,""rssi"":-57,""snr"":null,""ta"":null,""level"":3,""bands"":""7""}]",1009.2437,165.0,,21,53,동대문역사문화공원역,,,"[{""b"":""40:27:0b:02:a2:b8"",""s"":""U+zone"",""r"":-36,""f"":5785},{""b"":""22:17:b2:0b:47:8a"",""s"":""T wifi zone_secure"",""r"":-39,""f"":5785},{""b"":""22:17:b2:0b:47:88"",""s"":""T wifi zone"",""r"":-41,""f"":5785},{""b"":""30:78:c2:00:0a:b4"",""s"":""KT WiFi"",""r"":-44,""f"":5640},{""b"":""36:78:c2:00:0a:b4"",""s"":""KT WiFi "",""r"":-45,""f"":5640},{""b"":""02:17:b2:0b:47:88"",""s"":""T wifi zone"",""r"":-46,""f"":2452},{""b"":""02:17:b2:0b:47:8a"",""s"":""T wifi zone_secure"",""r"":-46,""f"":2452},{""b"":""40:27:0b:02:a2:c7"",""s"":""U+zone"",""r"":-61,""f"":5745},{""b"":""22:17:b2:0b:7d:b6"",""s"":""T wifi zone"",""r"":-62,""f"":5805},{""b"":""40:27:0b:02:a2:c6"",""s"":""U+zone_2.4GHz"",""r"":-63,""f"":2472},{""b"":""22:17:b2:0b:7d:b8"",""s"":""T wifi zone_secure"",""r"":-64,""f"":5805},{""b"":""00:40:5a:c4:0b:33"",""s"":""FREE_U+zone"",""r"":-66,""f"":2412},{""b"":""36:78:c2:00:07:d5"",""s"":""KT WiFi "",""r"":-68,""f"":5640},{""b"":""30:78:c2:00:07:d5"",""s"":""KT WiFi"",""r"":-70,""f"":5640},{""b"":""0a:29:d5:58:bf:70"",""s"":"""",""r"":-80,""f"":5805}]",,37.565613,127.009054,station,동대문역사문화공원,동대문역사문화공원,2413.1265202384225
1789967585034,2026-09-21 14:13:05,unknown,37.5655136,127.0086621,100.0,,,38.31526946025982,fused,5,LTE,NR_NSA,5G,True,False,True,False,False,51243523,457,3050,7,8323,450,6,-80,-5,-53,20.0,4,,,,,198,490,0.0016,0.0039,175,467,0.0014,0.0037,False,1,0,1,-88.0,492.0,3050.0,0.0062037194,False,False,periodic,0,0,0.0,0.0,5005,,,,"[{""type"":""LTE"",""pci"":492,""earfcn"":3050,""tac"":null,""rsrp"":-88,""rsrq"":-16,""rssi"":-57,""snr"":null,""ta"":null,""level"":3,""bands"":""7""}]",1009.40625,165.0,,26,3,,,,"[{""b"":""40:27:0b:02:a2:b7"",""s"":""U+zone_2.4GHz"",""r"":-33,""f"":2432},{""b"":""40:27:0b:02:a2:b8"",""s"":""U+zone"",""r"":-34,""f"":5785},{""b"":""02:17:b2:0b:47:8a"",""s"":""T wifi zone_secure"",""r"":-38,""f"":2452},{""b"":""22:17:b2:0b:47:8a"",""s"":""T wifi zone_secure"",""r"":-39,""f"":5785},{""b"":""22:17:b2:0b:47:88"",""s"":""T wifi zone"",""r"":-39,""f"":5785},{""b"":""02:17:b2:0b:47:88"",""s"":""T wifi zone"",""r"":-40,""f"":2452},{""b"":""30:78:c2:00:0a:b5"",""s"":""KT WiFi"",""r"":-40,""f"":2432},{""b"":""36:78:c2:00:0a:b5"",""s"":""KT WiFi "",""r"":-41,""f"":2432},{""b"":""36:78:c2:00:0a:b4"",""s"":""KT WiFi "",""r"":-43,""f"":5640},{""b"":""30:78:c2:00:0a:b4"",""s"":""KT WiFi"",""r"":-44,""f"":5640},{""b"":""02:17:b2:0b:7d:b6"",""s"":""T wifi zone"",""r"":-57,""f"":2452},{""b"":""02:17:b2:0b:7d:b8"",""s"":""T wifi zone_secure"",""r"":-57,""f"":2452},{""b"":""30:89:d3:3c:e3:63"",""s"":""GlobalWiFi_A3Q8VK"",""r"":-59,""f"":2437},{""b"":""40:27:0b:02:a2:c7"",""s"":""U+zone"",""r"":-61,""f"":5745},{""b"":""22:17:b2:0b:7d:b8"",""s"":""T wifi zone_secure"",""r"":-62,""f"":5805}]",,37.565614164273825,127.00950936042992,between,동대문역사문화공원,신당,75.5095637464627
1789967589071,2026-09-21 14:13:09,unknown,37.5655136,127.0086621,100.0,,,37.74188082497753,fused,3,LTE,NR_NSA,5G,True,False,True,False,False,51243520,492,3050,7,8323,450,6,-82,-9,-59,20.0,4,1.0,,,,523881,3577,4.191,0.0286,523856,3552,4.1908,0.0284,False,7,0,7,-80.0,492.0,100.0,0.31201836,True,False,handover,0,1,,,6,51243523.0,-80.0,-5.0,"[{""type"":""LTE"",""pci"":492,""earfcn"":100,""tac"":null,""rsrp"":-80,""rsrq"":-12,""rssi"":-61,""snr"":null,""ta"":1,""level"":4,""bands"":""1""},{""type"":""LTE"",""pci"":457,""earfcn"":100,""tac"":null,""rsrp"":-90,""rsrq"":-13,""rssi"":-61,""snr"":null,""ta"":1,""level"":3,""bands"":""1""},{""type"":""LTE"",""pci"":484,""earfcn"":100,""tac"":null,""rsrp"":-92,""rsrq"":-19,""rssi"":-59,""snr"":null,""ta"":1,""level"":3,""bands"":""1""},{""type"":""LTE"",""pci"":457,""earfcn"":2600,""tac"":null,""rsrp"":-92,""rsrq"":-9,""rssi"":-65,""snr"":null,""ta"":1,""level"":3,""bands"":""5""},{""type"":""LTE"",""pci"":492,""earfcn"":2600,""tac"":null,""rsrp"":-95,""rsrq"":-11,""rssi"":-67,""snr"":null,""ta"":1,""level"":3,""bands"":""5""},{""type"":""LTE"",""pci"":484,""earfcn"":2600,""tac"":null,""rsrp"":-95,""rsrq"":-16,""rssi"":-67,""snr"":null,""ta"":1,""level"":3,""bands"":""5""},{""type"":""LTE"",""pci"":457,""earfcn"":3050,""tac"":null,""rsrp"":-98,""rsrq"":-13,""rssi"":-63,""snr"":null,""ta"":1,""level"":2,""bands"":""7""}]",1009.5565,285.0,27.403,23,4,,,,"[{""b"":""02:17:b2:0b:47:88"",""s"":""T wifi zone"",""r"":-33,""f"":2452},{""b"":""40:27:0b:02:a2:b8"",""s"":""U+zone"",""r"":-34,""f"":5785},{""b"":""02:17:b2:0b:47:8a"",""s"":""T wifi zone_secure"",""r"":-36,""f"":2452},{""b"":""30:78:c2:00:0a:b5"",""s"":""KT WiFi"",""r"":-36,""f"":2432},{""b"":""22:17:b2:0b:47:8a"",""s"":""T wifi zone_secure"",""r"":-37,""f"":5785},{""b"":""40:27:0b:02:a2:b7"",""s"":""U+zone_2.4GHz"",""r"":-38,""f"":2432},{""b"":""36:78:c2:00:0a:b5"",""s"":""KT WiFi "",""r"":-38,""f"":2432},{""b"":""22:17:b2:0b:47:88"",""s"":""T wifi zone"",""r"":-40,""f"":5785},{""b"":""36:78:c2:00:0a:b4"",""s"":""KT WiFi "",""r"":-44,""f"":5640},{""b"":""30:78:c2:00:0a:b4"",""s"":""KT WiFi"",""r"":-44,""f"":5640},{""b"":""02:17:b2:0b:7d:b6"",""s"":""T wifi zone"",""r"":-55,""f"":2452},{""b"":""22:17:b2:0b:7d:b6"",""s"":""T wifi zone"",""r"":-62,""f"":5805},{""b"":""22:17:b2:0b:7d:b8"",""s"":""T wifi zone_secure"",""r"":-62,""f"":5805},{""b"":""40:27:0b:02:a2:c7"",""s"":""U+zone"",""r"":-62,""f"":5745},{""b"":""30:78:c2:00:07:d6"",""s"":""KT WiFi"",""r"":-68,""f"":2432}]","[{""type"":""LTE"",""pci"":492,""earfcn"":3050,""tac"":null,""rsrp"":-88,""rsrq"":-16,""rssi"":-57,""snr"":null,""ta"":null,""level"":3,""bands"":""7""}]",37.56561525708327,127.00993677034751,between,동대문역사문화공원,신당,112.91583558271259
1789967590060,2026-09-21 14:13:10,unknown,37.5655136,127.0086621,100.0,,,37.74188082497753,fused,4,LTE,NR_NSA,5G,True,False,True,False,False,51243520,492,3050,7,8323,450,6,-82,-9,-59,20.0,4,1.0,,,,0,0,0.0,0.0,0,0,0.0,0.0,False,7,0,7,-80.0,492.0,100.0,0.15954965,False,False,periodic,0,1,0.0,0.0,993,,,,"[{""type"":""LTE"",""pci"":492,""earfcn"":100,""tac"":null,""rsrp"":-80,""rsrq"":-12,""rssi"":-61,""snr"":null,""ta"":1,""level"":4,""bands"":""1""},{""type"":""LTE"",""pci"":457,""earfcn"":100,""tac"":null,""rsrp"":-90,""rsrq"":-13,""rssi"":-61,""snr"":null,""ta"":1,""level"":3,""bands"":""1""},{""type"":""LTE"",""pci"":484,""earfcn"":100,""tac"":null,""rsrp"":-92,""rsrq"":-19,""rssi"":-59,""snr"":null,""ta"":1,""level"":3,""bands"":""1""},{""type"":""LTE"",""pci"":457,""earfcn"":2600,""tac"":null,""rsrp"":-92,""rsrq"":-9,""rssi"":-65,""snr"":null,""ta"":1,""level"":3,""bands"":""5""},{""type"":""LTE"",""pci"":492,""earfcn"":2600,""tac"":null,""rsrp"":-95,""rsrq"":-11,""rssi"":-67,""snr"":null,""ta"":1,""level"":3,""bands"":""5""},{""type"":""LTE"",""pci"":484,""earfcn"":2600,""tac"":null,""rsrp"":-95,""rsrq"":-16,""rssi"":-67,""snr"":null,""ta"":1,""level"":3,""bands"":""5""},{""type"":""LTE"",""pci"":457,""earfcn"":3050,""tac"":null,""rsrp"":-98,""rsrq"":-13,""rssi"":-63,""snr"":null,""ta"":1,""level"":2,""bands"":""7""}]",1009.5389,285.0,,23,5,,,,"[{""b"":""02:17:b2:0b:47:88"",""s"":""T wifi zone"",""r"":-33,""f"":2452},{""b"":""40:27:0b:02:a2:b8"",""s"":""U+zone"",""r"":-34,""f"":5785},{""b"":""02:17:b2:0b:47:8a"",""s"":""T wifi zone_secure"",""r"":-36,""f"":2452},{""b"":""30:78:c2:00:0a:b5"",""s"":""KT WiFi"",""r"":-36,""f"":2432},{""b"":""22:17:b2:0b:47:8a"",""s"":""T wifi zone_secure"",""r"":-37,""f"":5785},{""b"":""40:27:0b:02:a2:b7"",""s"":""U+zone_2.4GHz"",""r"":-38,""f"":2432},{""b"":""36:78:c2:00:0a:b5"",""s"":""KT WiFi "",""r"":-38,""f"":2432},{""b"":""22:17:b2:0b:47:88"",""s"":""T wifi zone"",""r"":-40,""f"":5785},{""b"":""36:78:c2:00:0a:b4"",""s"":""KT WiFi "",""r"":-44,""f"":5640},{""b"":""30:78:c2:00:0a:b4"",""s"":""KT WiFi"",""r"":-44,""f"":5640},{""b"":""02:17:b2:0b:7d:b6"",""s"":""T wifi zone"",""r"":-55,""f"":2452},{""b"":""22:17:b2:0b:7d:b6"",""s"":""T wifi zone"",""r"":-62,""f"":5805},{""b"":""22:17:b2:0b:7d:b8"",""s"":""T wifi zone_secure"",""r"":-62,""f"":5805},{""b"":""40:27:0b:02:a2:c7"",""s"":""U+zone"",""r"":-62,""f"":5745},{""b"":""30:78:c2:00:07:d6"",""s"":""KT WiFi"",""r"":-68,""f"":2432}]",,37.565615524803995,127.01004147889556,between,동대문역사문화공원,신당,122.10467281460386
1789967595066,2026-09-21 14:13:15,unknown,37.5655136,127.0086621,100.0,,,37.74188082497753,fused,9,LTE,NR_NSA,5G,True,False,True,False,False,51243520,492,3050,7,8323,450,6,-83,-7,-55,18.0,4,1.0,,,,4856,1212,0.0388,0.0097,4836,1192,0.0387,0.0095,False,7,0,7,-88.0,492.0,100.0,0.18923153,False,False,periodic,5,1,-1.0,-2.0,5004,,,,"[{""type"":""LTE"",""pci"":492,""earfcn"":100,""tac"":null,""rsrp"":-88,""rsrq"":-8,""rssi"":-69,""snr"":null,""ta"":1,""level"":3,""bands"":""1""},{""type"":""LTE"",""pci"":492,""earfcn"":2600,""tac"":null,""rsrp"":-93,""rsrq"":-8,""rssi"":-75,""snr"":null,""ta"":1,""level"":3,""bands"":""5""},{""type"":""LTE"",""pci"":484,""earfcn"":100,""tac"":null,""rsrp"":-94,""rsrq"":-15,""rssi"":-69,""snr"":null,""ta"":1,""level"":3,""bands"":""1""},{""type"":""LTE"",""pci"":457,""earfcn"":100,""tac"":null,""rsrp"":-95,""rsrq"":-15,""rssi"":-69,""snr"":null,""ta"":1,""level"":3,""bands"":""1""},{""type"":""LTE"",""pci"":484,""earfcn"":2600,""tac"":null,""rsrp"":-95,""rsrq"":-16,""rssi"":-67,""snr"":null,""ta"":1,""level"":3,""bands"":""5""},{""type"":""LTE"",""pci"":457,""earfcn"":3050,""tac"":null,""rsrp"":-97,""rsrq"":-16,""rssi"":-67,""snr"":null,""ta"":1,""level"":2,""bands"":""7""},{""type"":""LTE"",""pci"":457,""earfcn"":2600,""tac"":null,""rsrp"":-108,""rsrq"":-19,""rssi"":-75,""snr"":null,""ta"":1,""level"":1,""bands"":""5""}]",1009.6385,80.0,,22,2,,,,"[{""b"":""40:27:0b:02:a2:b8"",""s"":""U+zone"",""r"":-36,""f"":5785},{""b"":""40:27:0b:02:a2:b7"",""s"":""U+zone_2.4GHz"",""r"":-36,""f"":2432},{""b"":""02:17:b2:0b:47:88"",""s"":""T wifi zone"",""r"":-38,""f"":2452},{""b"":""22:17:b2:0b:47:8a"",""s"":""T wifi zone_secure"",""r"":-39,""f"":5785},{""b"":""22:17:b2:0b:47:88"",""s"":""T wifi zone"",""r"":-39,""f"":5785},{""b"":""02:17:b2:0b:47:8a"",""s"":""T wifi zone_secure"",""r"":-40,""f"":2452},{""b"":""36:78:c2:00:0a:b5"",""s"":""KT WiFi "",""r"":-40,""f"":2432},{""b"":""30:78:c2:00:0a:b5"",""s"":""KT WiFi"",""r"":-41,""f"":2432},{""b"":""36:78:c2:00:0a:b4"",""s"":""KT WiFi "",""r"":-43,""f"":5640},{""b"":""30:78:c2:00:0a:b4"",""s"":""KT WiFi"",""r"":-43,""f"":5640},{""b"":""02:17:b2:0b:7d:b6"",""s"":""T wifi zone"",""r"":-54,""f"":2452},{""b"":""30:89:d3:3c:e3:63"",""s"":""GlobalWiFi_A3Q8VK"",""r"":-56,""f"":2437},{""b"":""02:17:b2:0b:7d:b8"",""s"":""T wifi zone_secure"",""r"":-57,""f"":2452},{""b"":""40:27:0b:02:a2:c7"",""s"":""U+zone"",""r"":-63,""f"":5745},{""b"":""36:78:c2:00:07:d5"",""s"":""KT WiFi "",""r"":-63,""f"":5640}]",,37.56561687992019,127.01057147989815,between,동대문역사문화공원,신당,168.68288439143382
1789967600090,2026-09-21 14:13:20,unknown,37.5655136,127.0086621,100.0,,,37.74188082497753,fused,14,LTE,NR_NSA,5G,True,False,True,False,False,51243520,492,3050,7,8323,450,6,-75,-7,-51,23.0,4,0.0,,,,3306,284,0.0264,0.0023,3286,264,0.0263,0.0021,False,8,0,8,-58.0,492.0,100.0,0.14393333,False,False,periodic,11,1,8.0,5.0,2699,,,,"[{""type"":""LTE"",""pci"":492,""earfcn"":100,""tac"":null,""rsrp"":-58,""rsrq"":-13,""rssi"":-51,""snr"":null,""ta"":0,""level"":4,""bands"":""1""},{""type"":""LTE"",""pci"":484,""earfcn"":100,""tac"":null,""rsrp"":-75,""rsrq"":-19,""rssi"":-51,""snr"":null,""ta"":0,""level"":4,""bands"":""1""},{""type"":""LTE"",""pci"":492,""earfcn"":2600,""tac"":null,""rsrp"":-81,""rsrq"":-8,""rssi"":-63,""snr"":null,""ta"":0,""level"":4,""bands"":""5""},{""type"":""LTE"",""pci"":485,""earfcn"":100,""tac"":null,""rsrp"":-82,""rsrq"":-20,""rssi"":-51,""snr"":null,""ta"":0,""level"":4,""bands"":""1""},{""type"":""LTE"",""pci"":457,""earfcn"":2600,""tac"":null,""rsrp"":-83,""rsrq"":-20,""rssi"":-55,""snr"":null,""ta"":0,""level"":4,""bands"":""5""},{""type"":""LTE"",""pci"":457,""earfcn"":100,""tac"":null,""rsrp"":-88,""rsrq"":-20,""rssi"":-55,""snr"":null,""ta"":0,""level"":3,""bands"":""1""},{""type"":""LTE"",""pci"":484,""earfcn"":2600,""tac"":null,""rsrp"":-95,""rsrq"":-20,""rssi"":-59,""snr"":null,""ta"":0,""level"":3,""bands"":""5""},{""type"":""LTE"",""pci"":484,""earfcn"":3050,""tac"":null,""rsrp"":-103,""rsrq"":-17,""rssi"":-75,""snr"":null,""ta"":0,""level"":2,""bands"":""7""}]",1009.1066,76.0,,23,0,,,,"[{""b"":""40:27:0b:02:a2:b8"",""s"":""U+zone"",""r"":-34,""f"":5785},{""b"":""40:27:0b:02:a2:b7"",""s"":""U+zone_2.4GHz"",""r"":-34,""f"":2432},{""b"":""30:78:c2:00:0a:b5"",""s"":""KT WiFi"",""r"":-37,""f"":2432},{""b"":""36:78:c2:00:0a:b5"",""s"":""KT WiFi "",""r"":-38,""f"":2432},{""b"":""02:17:b2:0b:47:88"",""s"":""T wifi zone"",""r"":-39,""f"":2452},{""b"":""02:17:b2:0b:47:8a"",""s"":""T wifi zone_secure"",""r"":-40,""f"":2452},{""b"":""22:17:b2:0b:47:8a"",""s"":""T wifi zone_secure"",""r"":-42,""f"":5785},{""b"":""22:17:b2:0b:47:88"",""s"":""T wifi zone"",""r"":-42,""f"":5785},{""b"":""30:78:c2:00:0a:b4"",""s"":""KT WiFi"",""r"":-43,""f"":5640},{""b"":""36:78:c2:00:0a:b4"",""s"":""KT WiFi "",""r"":-44,""f"":5640},{""b"":""30:89:d3:3c:e3:63"",""s"":""GlobalWiFi_A3Q8VK"",""r"":-59,""f"":2437},{""b"":""40:27:0b:02:a2:c7"",""s"":""U+zone"",""r"":-60,""f"":5745},{""b"":""22:17:b2:0b:7d:b6"",""s"":""T wifi zone"",""r"":-63,""f"":5805},{""b"":""22:17:b2:0b:7d:b8"",""s"":""T wifi zone_secure"",""r"":-63,""f"":5805},{""b"":""30:78:c2:00:07:d6"",""s"":""KT WiFi"",""r"":-67,""f"":2432}]",,37.565618239908964,127.01110338661748,between,동대문역사문화공원,신당,215.48776930964357
1789967601887,2026-09-21 14:13:21,unknown,37.5655136,127.0086621,100.0,,,37.74188082497753,fused,16,LTE,NR_NSA,5G,True,False,True,False,False,51244288,484,3050,7,8323,450,6,-88,-11,-53,21.0,3,0.0,,,,117,175,0.0009,0.0014,62,120,0.0005,0.001,False,8,0,8,-88.0,492.0,100.0,0.5101211,True,False,handover,0,2,,,4,51243520.0,-75.0,-7.0,"[{""type"":""LTE"",""pci"":492,""earfcn"":100,""tac"":null,""rsrp"":-88,""rsrq"":-14,""rssi"":-63,""snr"":null,""ta"":0,""level"":3,""bands"":""1""},{""type"":""LTE"",""pci"":492,""earfcn"":3050,""tac"":null,""rsrp"":-89,""rsrq"":-9,""rssi"":-65,""snr"":null,""ta"":0,""level"":3,""bands"":""7""},{""type"":""LTE"",""pci"":484,""earfcn"":100,""tac"":null,""rsrp"":-89,""rsrq"":-11,""rssi"":-63,""snr"":null,""ta"":0,""level"":3,""bands"":""1""},{""type"":""LTE"",""pci"":484,""earfcn"":2600,""tac"":null,""rsrp"":-90,""rsrq"":-9,""rssi"":-73,""snr"":null,""ta"":0,""level"":3,""bands"":""5""},{""type"":""LTE"",""pci"":485,""earfcn"":100,""tac"":null,""rsrp"":-93,""rsrq"":-17,""rssi"":-63,""snr"":null,""ta"":0,""level"":3,""bands"":""1""},{""type"":""LTE"",""pci"":485,""earfcn"":3050,""tac"":null,""rsrp"":-96,""rsrq"":-20,""rssi"":-67,""snr"":null,""ta"":0,""level"":2,""bands"":""7""},{""type"":""LTE"",""pci"":457,""earfcn"":2600,""tac"":null,""rsrp"":-100,""rsrq"":-16,""rssi"":-73,""snr"":null,""ta"":0,""level"":2,""bands"":""5""},{""type"":""LTE"",""pci"":492,""earfcn"":2600,""tac"":null,""rsrp"":-103,""rsrq"":-19,""rssi"":-73,""snr"":null,""ta"":0,""level"":2,""bands"":""5""}]",1008.95233,45.0,,23,2,,,,"[{""b"":""40:27:0b:02:a2:b8"",""s"":""U+zone"",""r"":-34,""f"":5785},{""b"":""40:27:0b:02:a2:b7"",""s"":""U+zone_2.4GHz"",""r"":-34,""f"":2432},{""b"":""30:78:c2:00:0a:b5"",""s"":""KT WiFi"",""r"":-37,""f"":2432},{""b"":""36:78:c2:00:0a:b5"",""s"":""KT WiFi "",""r"":-38,""f"":2432},{""b"":""02:17:b2:0b:47:88"",""s"":""T wifi zone"",""r"":-39,""f"":2452},{""b"":""02:17:b2:0b:47:8a"",""s"":""T wifi zone_secure"",""r"":-40,""f"":2452},{""b"":""22:17:b2:0b:47:8a"",""s"":""T wifi zone_secure"",""r"":-42,""f"":5785},{""b"":""22:17:b2:0b:47:88"",""s"":""T wifi zone"",""r"":-42,""f"":5785},{""b"":""30:78:c2:00:0a:b4"",""s"":""KT WiFi"",""r"":-43,""f"":5640},{""b"":""36:78:c2:00:0a:b4"",""s"":""KT WiFi "",""r"":-44,""f"":5640},{""b"":""30:89:d3:3c:e3:63"",""s"":""GlobalWiFi_A3Q8VK"",""r"":-59,""f"":2437},{""b"":""40:27:0b:02:a2:c7"",""s"":""U+zone"",""r"":-60,""f"":5745},{""b"":""22:17:b2:0b:7d:b6"",""s"":""T wifi zone"",""r"":-63,""f"":5805},{""b"":""22:17:b2:0b:7d:b8"",""s"":""T wifi zone_secure"",""r"":-63,""f"":5805},{""b"":""30:78:c2:00:07:d6"",""s"":""KT WiFi"",""r"":-67,""f"":2432}]","[{""type"":""LTE"",""pci"":492,""earfcn"":100,""tac"":null,""rsrp"":-58,""rsrq"":-13,""rssi"":-51,""snr"":null,""ta"":0,""level"":4,""bands"":""1""},{""type"":""LTE"",""pci"":484,""earfcn"":100,""tac"":null,""rsrp"":-75,""rsrq"":-19,""rssi"":-51,""snr"":null,""ta"":0,""level"":4,""bands"":""1""},{""type"":""LTE"",""pci"":492,""earfcn"":2600,""tac"":null,""rsrp"":-81,""rsrq"":-8,""rssi"":-63,""snr"":null,""ta"":0,""level"":4,""bands"":""5""},{""type"":""LTE"",""pci"":485,""earfcn"":100,""tac"":null,""rsrp"":-82,""rsrq"":-20,""rssi"":-51,""snr"":null,""ta"":0,""level"":4,""bands"":""1""},{""type"":""LTE"",""pci"":457,""earfcn"":2600,""tac"":null,""rsrp"":-83,""rsrq"":-20,""rssi"":-55,""snr"":null,""ta"":0,""level"":4,""bands"":""5""},{""type"":""LTE"",""pci"":457,""earfcn"":100,""tac"":null,""rsrp"":-88,""rsrq"":-20,""rssi"":-55,""snr"":null,""ta"":0,""level"":3,""bands"":""1""},{""type"":""LTE"",""pci"":484,""earfcn"":2600,""tac"":null,""rsrp"":-95,""rsrq"":-20,""rssi"":-59,""snr"":null,""ta"":0,""level"":3,""bands"":""5""},{""type"":""LTE"",""pci"":484,""earfcn"":3050,""tac"":null,""rsrp"":-103,""rsrq"":-17,""rssi"":-75,""snr"":null,""ta"":0,""level"":2,""bands"":""7""}]",37.565618726353996,127.01129364067295,between,동대문역사문화공원,신당,232.236655167277
1789967605112,2026-09-21 14:13:25,unknown,37.5655136,127.0086621,100.0,,,37.74188082497753,fused,19,LTE,NR_NSA,5G,True,False,True,False,False,51244288,484,3050,7,8323,450,6,-80,-8,-53,14.0,4,0.0,,,,40877,24568,0.327,0.1965,40846,24537,0.3268,0.1963,False,8,0,8,-75.0,484.0,100.0,0.09256407,False,False,periodic,3,2,8.0,-7.0,847,,,,"[{""type"":""LTE"",""pci"":484,""earfcn"":100,""tac"":null,""rsrp"":-75,""rsrq"":-8,""rssi"":-59,""snr"":null,""ta"":0,""level"":4,""bands"":""1""},{""type"":""LTE"",""pci"":492,""earfcn"":3050,""tac"":null,""rsrp"":-91,""rsrq"":-20,""rssi"":-59,""snr"":null,""ta"":0,""level"":3,""bands"":""7""},{""type"":""LTE"",""pci"":492,""earfcn"":100,""tac"":null,""rsrp"":-91,""rsrq"":-20,""rssi"":-59,""snr"":null,""ta"":0,""level"":3,""bands"":""1""},{""type"":""LTE"",""pci"":484,""earfcn"":2600,""tac"":null,""rsrp"":-92,""rsrq"":-8,""rssi"":-75,""snr"":null,""ta"":0,""level"":3,""bands"":""5""},{""type"":""LTE"",""pci"":485,""earfcn"":3050,""tac"":null,""rsrp"":-93,""rsrq"":-19,""rssi"":-65,""snr"":null,""ta"":0,""level"":3,""bands"":""7""},{""type"":""LTE"",""pci"":485,""earfcn"":100,""tac"":null,""rsrp"":-93,""rsrq"":-17,""rssi"":-63,""snr"":null,""ta"":0,""level"":3,""bands"":""1""},{""type"":""LTE"",""pci"":457,""earfcn"":2600,""tac"":null,""rsrp"":-100,""rsrq"":-16,""rssi"":-75,""snr"":null,""ta"":0,""level"":2,""bands"":""5""},{""type"":""LTE"",""pci"":492,""earfcn"":2600,""tac"":null,""rsrp"":-104,""rsrq"":-13,""rssi"":-81,""snr"":null,""ta"":0,""level"":2,""bands"":""5""}]",1008.702,45.0,,23,5,,,,"[{""b"":""40:27:0b:02:a2:b8"",""s"":""U+zone"",""r"":-34,""f"":5785},{""b"":""40:27:0b:02:a2:b7"",""s"":""U+zone_2.4GHz"",""r"":-34,""f"":2432},{""b"":""30:78:c2:00:0a:b5"",""s"":""KT WiFi"",""r"":-37,""f"":2432},{""b"":""36:78:c2:00:0a:b5"",""s"":""KT WiFi "",""r"":-38,""f"":2432},{""b"":""02:17:b2:0b:47:88"",""s"":""T wifi zone"",""r"":-39,""f"":2452},{""b"":""02:17:b2:0b:47:8a"",""s"":""T wifi zone_secure"",""r"":-40,""f"":2452},{""b"":""22:17:b2:0b:47:8a"",""s"":""T wifi zone_secure"",""r"":-42,""f"":5785},{""b"":""22:17:b2:0b:47:88"",""s"":""T wifi zone"",""r"":-42,""f"":5785},{""b"":""30:78:c2:00:0a:b4"",""s"":""KT WiFi"",""r"":-43,""f"":5640},{""b"":""36:78:c2:00:0a:b4"",""s"":""KT WiFi "",""r"":-44,""f"":5640},{""b"":""30:89:d3:3c:e3:63"",""s"":""GlobalWiFi_A3Q8VK"",""r"":-59,""f"":2437},{""b"":""40:27:0b:02:a2:c7"",""s"":""U+zone"",""r"":-60,""f"":5745},{""b"":""22:17:b2:0b:7d:b6"",""s"":""T wifi zone"",""r"":-63,""f"":5805},{""b"":""22:17:b2:0b:7d:b8"",""s"":""T wifi zone_secure"",""r"":-63,""f"":5805},{""b"":""30:78:c2:00:07:d6"",""s"":""KT WiFi"",""r"":-67,""f"":2432}]",,37.56561959935634,127.01163508159051,between,동대문역사문화공원,신당,262.30160397574286
1789967610136,2026-09-21 14:13:30,unknown,37.5655136,127.0086621,100.0,,,37.74188082497753,fused,24,LTE,NR_NSA,5G,True,False,True,False,False,51244288,484,3050,7,8323,450,6,-80,-8,-53,14.0,4,0.0,,,,74835,6930,0.5987,0.0554,74815,6910,0.5985,0.0553,False,8,0,8,-75.0,484.0,100.0,0.33371657,False,False,periodic,8,2,0.0,0.0,5872,,,,"[{""type"":""LTE"",""pci"":484,""earfcn"":100,""tac"":null,""rsrp"":-75,""rsrq"":-8,""rssi"":-59,""snr"":null,""ta"":0,""level"":4,""bands"":""1""},{""type"":""LTE"",""pci"":492,""earfcn"":3050,""tac"":null,""rsrp"":-91,""rsrq"":-20,""rssi"":-59,""snr"":null,""ta"":0,""level"":3,""bands"":""7""},{""type"":""LTE"",""pci"":492,""earfcn"":100,""tac"":null,""rsrp"":-91,""rsrq"":-20,""rssi"":-59,""snr"":null,""ta"":0,""level"":3,""bands"":""1""},{""type"":""LTE"",""pci"":484,""earfcn"":2600,""tac"":null,""rsrp"":-92,""rsrq"":-8,""rssi"":-75,""snr"":null,""ta"":0,""level"":3,""bands"":""5""},{""type"":""LTE"",""pci"":485,""earfcn"":3050,""tac"":null,""rsrp"":-93,""rsrq"":-19,""rssi"":-65,""snr"":null,""ta"":0,""level"":3,""bands"":""7""},{""type"":""LTE"",""pci"":485,""earfcn"":100,""tac"":null,""rsrp"":-93,""rsrq"":-17,""rssi"":-63,""snr"":null,""ta"":0,""level"":3,""bands"":""1""},{""type"":""LTE"",""pci"":457,""earfcn"":2600,""tac"":null,""rsrp"":-100,""rsrq"":-16,""rssi"":-75,""snr"":null,""ta"":0,""level"":2,""bands"":""5""},{""type"":""LTE"",""pci"":492,""earfcn"":2600,""tac"":null,""rsrp"":-104,""rsrq"":-13,""rssi"":-81,""snr"":null,""ta"":0,""level"":2,""bands"":""5""}]",1009.1842,51.0,,22,4,,,,"[{""b"":""40:27:0b:02:a2:b7"",""s"":""U+zone_2.4GHz"",""r"":-36,""f"":2432},{""b"":""02:17:b2:0b:47:88"",""s"":""T wifi zone"",""r"":-37,""f"":2452},{""b"":""02:17:b2:0b:47:8a"",""s"":""T wifi zone_secure"",""r"":-37,""f"":2452},{""b"":""40:27:0b:02:a2:b8"",""s"":""U+zone"",""r"":-38,""f"":5785},{""b"":""36:78:c2:00:0a:b5"",""s"":""KT WiFi "",""r"":-40,""f"":2432},{""b"":""30:78:c2:00:0a:b5"",""s"":""KT WiFi"",""r"":-40,""f"":2432},{""b"":""22:17:b2:0b:47:8a"",""s"":""T wifi zone_secure"",""r"":-41,""f"":5785},{""b"":""22:17:b2:0b:47:88"",""s"":""T wifi zone"",""r"":-41,""f"":5785},{""b"":""30:78:c2:00:0a:b4"",""s"":""KT WiFi"",""r"":-45,""f"":5640},{""b"":""36:78:c2:00:0a:b4"",""s"":""KT WiFi "",""r"":-46,""f"":5640},{""b"":""02:17:b2:0b:7d:b6"",""s"":""T wifi zone"",""r"":-60,""f"":2452},{""b"":""02:17:b2:0b:7d:b8"",""s"":""T wifi zone_secure"",""r"":-60,""f"":2452},{""b"":""22:17:b2:0b:7d:b8"",""s"":""T wifi zone_secure"",""r"":-63,""f"":5805},{""b"":""40:27:0b:02:a2:c7"",""s"":""U+zone"",""r"":-63,""f"":5745},{""b"":""36:78:c2:00:07:d6"",""s"":""KT WiFi "",""r"":-63,""f"":2432}]",,37.56562095934511,127.01216698830984,between,동대문역사문화공원,신당,309.1491367573221
1789967611815,2026-09-21 14:13:31,unknown,37.5655136,127.0086621,100.0,,,37.74188082497753,fused,26,LTE,NR_NSA,5G,True,False,True,False,False,51244289,485,3050,7,8323,450,6,-87,-10,-59,16.0,3,1.0,,,,407,948,0.0033,0.0076,407,948,0.0033,0.0076,False,8,0,8,-87.0,484.0,100.0,0.7689803,True,False,handover,0,3,,,7,51244288.0,-80.0,-8.0,"[{""type"":""LTE"",""pci"":484,""earfcn"":100,""tac"":null,""rsrp"":-87,""rsrq"":-13,""rssi"":-63,""snr"":null,""ta"":1,""level"":3,""bands"":""1""},{""type"":""LTE"",""pci"":485,""earfcn"":100,""tac"":null,""rsrp"":-88,""rsrq"":-10,""rssi"":-63,""snr"":null,""ta"":1,""level"":3,""bands"":""1""},{""type"":""LTE"",""pci"":492,""earfcn"":100,""tac"":null,""rsrp"":-93,""rsrq"":-17,""rssi"":-67,""snr"":null,""ta"":1,""level"":3,""bands"":""1""},{""type"":""LTE"",""pci"":484,""earfcn"":3050,""tac"":null,""rsrp"":-94,""rsrq"":-12,""rssi"":-69,""snr"":null,""ta"":1,""level"":3,""bands"":""7""},{""type"":""LTE"",""pci"":485,""earfcn"":2600,""tac"":null,""rsrp"":-98,""rsrq"":-9,""rssi"":-81,""snr"":null,""ta"":1,""level"":2,""bands"":""5""},{""type"":""LTE"",""pci"":492,""earfcn"":3050,""tac"":null,""rsrp"":-102,""rsrq"":-18,""rssi"":-69,""snr"":null,""ta"":1,""level"":2,""bands"":""7""},{""type"":""LTE"",""pci"":492,""earfcn"":2600,""tac"":null,""rsrp"":-107,""rsrq"":-20,""rssi"":-69,""snr"":null,""ta"":1,""level"":1,""bands"":""5""},{""type"":""LTE"",""pci"":484,""earfcn"":2600,""tac"":null,""rsrp"":-111,""rsrq"":-10,""rssi"":-81,""snr"":null,""ta"":1,""level"":1,""bands"":""5""}]",1009.1897,47.0,,22,5,,,,"[{""b"":""40:27:0b:02:a2:b7"",""s"":""U+zone_2.4GHz"",""r"":-36,""f"":2432},{""b"":""02:17:b2:0b:47:88"",""s"":""T wifi zone"",""r"":-37,""f"":2452},{""b"":""02:17:b2:0b:47:8a"",""s"":""T wifi zone_secure"",""r"":-37,""f"":2452},{""b"":""40:27:0b:02:a2:b8"",""s"":""U+zone"",""r"":-38,""f"":5785},{""b"":""36:78:c2:00:0a:b5"",""s"":""KT WiFi "",""r"":-40,""f"":2432},{""b"":""30:78:c2:00:0a:b5"",""s"":""KT WiFi"",""r"":-40,""f"":2432},{""b"":""22:17:b2:0b:47:8a"",""s"":""T wifi zone_secure"",""r"":-41,""f"":5785},{""b"":""22:17:b2:0b:47:88"",""s"":""T wifi zone"",""r"":-41,""f"":5785},{""b"":""30:78:c2:00:0a:b4"",""s"":""KT WiFi"",""r"":-45,""f"":5640},{""b"":""36:78:c2:00:0a:b4"",""s"":""KT WiFi "",""r"":-46,""f"":5640},{""b"":""02:17:b2:0b:7d:b6"",""s"":""T wifi zone"",""r"":-60,""f"":2452},{""b"":""02:17:b2:0b:7d:b8"",""s"":""T wifi zone_secure"",""r"":-60,""f"":2452},{""b"":""22:17:b2:0b:7d:b8"",""s"":""T wifi zone_secure"",""r"":-63,""f"":5805},{""b"":""40:27:0b:02:a2:c7"",""s"":""U+zone"",""r"":-63,""f"":5745},{""b"":""36:78:c2:00:07:d6"",""s"":""KT WiFi "",""r"":-63,""f"":2432}]","[{""type"":""LTE"",""pci"":484,""earfcn"":100,""tac"":null,""rsrp"":-75,""rsrq"":-8,""rssi"":-59,""snr"":null,""ta"":0,""level"":4,""bands"":""1""},{""type"":""LTE"",""pci"":492,""earfcn"":3050,""tac"":null,""rsrp"":-91,""rsrq"":-20,""rssi"":-59,""snr"":null,""ta"":0,""level"":3,""bands"":""7""},{""type"":""LTE"",""pci"":492,""earfcn"":100,""tac"":null,""rsrp"":-91,""rsrq"":-20,""rssi"":-59,""snr"":null,""ta"":0,""level"":3,""bands"":""1""},{""type"":""LTE"",""pci"":484,""earfcn"":2600,""tac"":null,""rsrp"":-92,""rsrq"":-8,""rssi"":-75,""snr"":null,""ta"":0,""level"":3,""bands"":""5""},{""type"":""LTE"",""pci"":485,""earfcn"":3050,""tac"":null,""rsrp"":-93,""rsrq"":-19,""rssi"":-65,""snr"":null,""ta"":0,""level"":3,""bands"":""7""},{""type"":""LTE"",""pci"":485,""earfcn"":100,""tac"":null,""rsrp"":-93,""rsrq"":-17,""rssi"":-63,""snr"":null,""ta"":0,""level"":3,""bands"":""1""},{""type"":""LTE"",""pci"":457,""earfcn"":2600,""tac"":null,""rsrp"":-100,""rsrq"":-16,""rssi"":-75,""snr"":null,""ta"":0,""level"":2,""bands"":""5""},{""type"":""LTE"",""pci"":492,""earfcn"":2600,""tac"":null,""rsrp"":-104,""rsrq"":-13,""rssi"":-81,""snr"":null,""ta"":0,""level"":2,""bands"":""5""}]",37.56562141384773,127.01234474933328,between,동대문역사문화공원,신당,324.80761524099546
1789967615161,2026-09-21 14:13:35,unknown,37.5655136,127.0086621,100.0,,,37.74188082497753,fused,29,LTE,NR_NSA,5G,True,False,True,False,False,51244289,485,3050,7,8323,450,6,-87,-10,-59,16.0,3,1.0,,,,1391345,28459,11.1308,0.2277,1391315,28430,11.1305,0.2274,False,8,0,8,-87.0,484.0,100.0,0.49102816,False,False,periodic,3,3,0.0,0.0,3355,,,,"[{""type"":""LTE"",""pci"":484,""earfcn"":100,""tac"":null,""rsrp"":-87,""rsrq"":-13,""rssi"":-63,""snr"":null,""ta"":1,""level"":3,""bands"":""1""},{""type"":""LTE"",""pci"":485,""earfcn"":100,""tac"":null,""rsrp"":-88,""rsrq"":-10,""rssi"":-63,""snr"":null,""ta"":1,""level"":3,""bands"":""1""},{""type"":""LTE"",""pci"":492,""earfcn"":100,""tac"":null,""rsrp"":-93,""rsrq"":-17,""rssi"":-67,""snr"":null,""ta"":1,""level"":3,""bands"":""1""},{""type"":""LTE"",""pci"":484,""earfcn"":3050,""tac"":null,""rsrp"":-94,""rsrq"":-12,""rssi"":-69,""snr"":null,""ta"":1,""level"":3,""bands"":""7""},{""type"":""LTE"",""pci"":485,""earfcn"":2600,""tac"":null,""rsrp"":-98,""rsrq"":-9,""rssi"":-81,""snr"":null,""ta"":1,""level"":2,""bands"":""5""},{""type"":""LTE"",""pci"":492,""earfcn"":3050,""tac"":null,""rsrp"":-102,""rsrq"":-18,""rssi"":-69,""snr"":null,""ta"":1,""level"":2,""bands"":""7""},{""type"":""LTE"",""pci"":492,""earfcn"":2600,""tac"":null,""rsrp"":-107,""rsrq"":-20,""rssi"":-69,""snr"":null,""ta"":1,""level"":1,""bands"":""5""},{""type"":""LTE"",""pci"":484,""earfcn"":2600,""tac"":null,""rsrp"":-111,""rsrq"":-10,""rssi"":-81,""snr"":null,""ta"":1,""level"":1,""bands"":""5""}]",1008.9109,47.0,,21,3,,,,"[{""b"":""40:27:0b:02:a2:b8"",""s"":""U+zone"",""r"":-31,""f"":5785},{""b"":""40:27:0b:02:a2:b7"",""s"":""U+zone_2.4GHz"",""r"":-36,""f"":2432},{""b"":""36:78:c2:00:0a:b4"",""s"":""KT WiFi "",""r"":-40,""f"":5640},{""b"":""30:78:c2:00:0a:b4"",""s"":""KT WiFi"",""r"":-40,""f"":5640},{""b"":""22:17:b2:0b:47:8a"",""s"":""T wifi zone_secure"",""r"":-41,""f"":5785},{""b"":""22:17:b2:0b:47:88"",""s"":""T wifi zone"",""r"":-41,""f"":5785},{""b"":""02:17:b2:0b:47:8a"",""s"":""T wifi zone_secure"",""r"":-45,""f"":2452},{""b"":""30:78:c2:00:0a:b5"",""s"":""KT WiFi"",""r"":-49,""f"":2432},{""b"":""36:78:c2:00:0a:b5"",""s"":""KT WiFi "",""r"":-50,""f"":2432},{""b"":""02:17:b2:0b:7d:b6"",""s"":""T wifi zone"",""r"":-60,""f"":2452},{""b"":""30:89:d3:3c:e3:63"",""s"":""GlobalWiFi_A3Q8VK"",""r"":-62,""f"":2437},{""b"":""02:17:b2:0b:7d:b8"",""s"":""T wifi zone_secure"",""r"":-62,""f"":2452},{""b"":""22:17:b2:0b:7d:b8"",""s"":""T wifi zone_secure"",""r"":-63,""f"":5805},{""b"":""22:17:b2:0b:7d:b6"",""s"":""T wifi zone"",""r"":-64,""f"":5805},{""b"":""40:27:0b:02:a2:c7"",""s"":""U+zone"",""r"":-66,""f"":5745}]",,37.56562231960458,127.01269900090233,between,동대문역사문화공원,신당,356.015110493253
1789967620186,2026-09-21 14:13:40,unknown,37.5655136,127.0086621,100.0,,,37.74188082497753,fused,34,LTE,NR_NSA,5G,True,False,True,False,False,51244289,485,3050,7,8323,450,6,-78,-6,-51,14.0,4,0.0,,,,428539,8560,3.4283,0.0685,428520,8541,3.4282,0.0683,False,8,0,8,-77.0,485.0,100.0,0.35099626,False,False,periodic,8,2,9.0,-2.0,5003,,,,"[{""type"":""LTE"",""pci"":485,""earfcn"":100,""tac"":null,""rsrp"":-77,""rsrq"":-11,""rssi"":-51,""snr"":null,""ta"":0,""level"":4,""bands"":""1""},{""type"":""LTE"",""pci"":485,""earfcn"":2600,""tac"":null,""rsrp"":-84,""rsrq"":-7,""rssi"":-55,""snr"":null,""ta"":0,""level"":4,""bands"":""5""},{""type"":""LTE"",""pci"":484,""earfcn"":3050,""tac"":null,""rsrp"":-87,""rsrq"":-18,""rssi"":-59,""snr"":null,""ta"":0,""level"":3,""bands"":""7""},{""type"":""LTE"",""pci"":378,""earfcn"":3050,""tac"":null,""rsrp"":-90,""rsrq"":-19,""rssi"":-61,""snr"":null,""ta"":0,""level"":3,""bands"":""7""},{""type"":""LTE"",""pci"":492,""earfcn"":100,""tac"":null,""rsrp"":-90,""rsrq"":-19,""rssi"":-61,""snr"":null,""ta"":0,""level"":3,""bands"":""1""},{""type"":""LTE"",""pci"":484,""earfcn"":100,""tac"":null,""rsrp"":-90,""rsrq"":-19,""rssi"":-61,""snr"":null,""ta"":0,""level"":3,""bands"":""1""},{""type"":""LTE"",""pci"":492,""earfcn"":3050,""tac"":null,""rsrp"":-95,""rsrq"":-17,""rssi"":-63,""snr"":null,""ta"":0,""level"":3,""bands"":""7""},{""type"":""LTE"",""pci"":484,""earfcn"":2600,""tac"":null,""rsrp"":-95,""rsrq"":-17,""rssi"":-63,""snr"":null,""ta"":0,""level"":3,""bands"":""5""}]",1008.45,76.0,54.862,22,1,,,,"[{""b"":""40:27:0b:02:a2:b7"",""s"":""U+zone_2.4GHz"",""r"":-33,""f"":2432},{""b"":""40:27:0b:02:a2:b8"",""s"":""U+zone"",""r"":-36,""f"":5785},{""b"":""36:78:c2:00:0a:b5"",""s"":""KT WiFi "",""r"":-38,""f"":2432},{""b"":""22:17:b2:0b:47:88"",""s"":""T wifi zone"",""r"":-40,""f"":5785},{""b"":""22:17:b2:0b:47:8a"",""s"":""T wifi zone_secure"",""r"":-41,""f"":5785},{""b"":""02:17:b2:0b:47:88"",""s"":""T wifi zone"",""r"":-41,""f"":2452},{""b"":""02:17:b2:0b:47:8a"",""s"":""T wifi zone_secure"",""r"":-41,""f"":2452},{""b"":""30:78:c2:00:0a:b5"",""s"":""KT WiFi"",""r"":-44,""f"":2432},{""b"":""36:78:c2:00:0a:b4"",""s"":""KT WiFi "",""r"":-48,""f"":5640},{""b"":""30:78:c2:00:0a:b4"",""s"":""KT WiFi"",""r"":-48,""f"":5640},{""b"":""30:78:c2:00:07:d5"",""s"":""KT WiFi"",""r"":-61,""f"":5640},{""b"":""36:78:c2:00:07:d5"",""s"":""KT WiFi "",""r"":-61,""f"":5640},{""b"":""02:17:b2:0b:7d:b6"",""s"":""T wifi zone"",""r"":-62,""f"":2452},{""b"":""02:17:b2:0b:7d:b8"",""s"":""T wifi zone_secure"",""r"":-62,""f"":2452},{""b"":""40:27:0b:02:a2:c7"",""s"":""U+zone"",""r"":-64,""f"":5745}]",,37.565623679864046,127.01323101349482,between,동대문역사문화공원,신당,402.887019611823
1789967621970,2026-09-21 14:13:41,unknown,37.5655136,127.0086621,100.0,,,37.74188082497753,fused,36,LTE,NR_NSA,5G,True,False,True,False,False,51244291,459,3050,7,8323,450,6,-90,-11,-59,21.0,3,0.0,,,,439,1118,0.0035,0.0089,383,1062,0.0031,0.0085,False,5,0,5,-58.0,378.0,100.0,0.21530648,True,False,handover,0,3,,,4,51244289.0,-78.0,-6.0,"[{""type"":""LTE"",""pci"":378,""earfcn"":100,""tac"":null,""rsrp"":-58,""rsrq"":-18,""rssi"":-51,""snr"":null,""ta"":0,""level"":4,""bands"":""1""},{""type"":""LTE"",""pci"":459,""earfcn"":100,""tac"":null,""rsrp"":-91,""rsrq"":-16,""rssi"":-71,""snr"":null,""ta"":0,""level"":3,""bands"":""1""},{""type"":""LTE"",""pci"":485,""earfcn"":100,""tac"":null,""rsrp"":-93,""rsrq"":-12,""rssi"":-71,""snr"":null,""ta"":0,""level"":3,""bands"":""1""},{""type"":""LTE"",""pci"":485,""earfcn"":3050,""tac"":null,""rsrp"":-94,""rsrq"":-10,""rssi"":-69,""snr"":null,""ta"":0,""level"":3,""bands"":""7""},{""type"":""LTE"",""pci"":492,""earfcn"":3050,""tac"":null,""rsrp"":-95,""rsrq"":-18,""rssi"":-67,""snr"":null,""ta"":0,""level"":3,""bands"":""7""}]",1008.42596,62.0,,22,3,,,,"[{""b"":""40:27:0b:02:a2:b7"",""s"":""U+zone_2.4GHz"",""r"":-33,""f"":2432},{""b"":""40:27:0b:02:a2:b8"",""s"":""U+zone"",""r"":-36,""f"":5785},{""b"":""36:78:c2:00:0a:b5"",""s"":""KT WiFi "",""r"":-38,""f"":2432},{""b"":""22:17:b2:0b:47:88"",""s"":""T wifi zone"",""r"":-40,""f"":5785},{""b"":""22:17:b2:0b:47:8a"",""s"":""T wifi zone_secure"",""r"":-41,""f"":5785},{""b"":""02:17:b2:0b:47:88"",""s"":""T wifi zone"",""r"":-41,""f"":2452},{""b"":""02:17:b2:0b:47:8a"",""s"":""T wifi zone_secure"",""r"":-41,""f"":2452},{""b"":""30:78:c2:00:0a:b5"",""s"":""KT WiFi"",""r"":-44,""f"":2432},{""b"":""36:78:c2:00:0a:b4"",""s"":""KT WiFi "",""r"":-48,""f"":5640},{""b"":""30:78:c2:00:0a:b4"",""s"":""KT WiFi"",""r"":-48,""f"":5640},{""b"":""30:78:c2:00:07:d5"",""s"":""KT WiFi"",""r"":-61,""f"":5640},{""b"":""36:78:c2:00:07:d5"",""s"":""KT WiFi "",""r"":-61,""f"":5640},{""b"":""02:17:b2:0b:7d:b6"",""s"":""T wifi zone"",""r"":-62,""f"":2452},{""b"":""02:17:b2:0b:7d:b8"",""s"":""T wifi zone_secure"",""r"":-62,""f"":2452},{""b"":""40:27:0b:02:a2:c7"",""s"":""U+zone"",""r"":-64,""f"":5745}]","[{""type"":""LTE"",""pci"":485,""earfcn"":100,""tac"":null,""rsrp"":-77,""rsrq"":-11,""rssi"":-51,""snr"":null,""ta"":0,""level"":4,""bands"":""1""},{""type"":""LTE"",""pci"":485,""earfcn"":2600,""tac"":null,""rsrp"":-84,""rsrq"":-7,""rssi"":-55,""snr"":null,""ta"":0,""level"":4,""bands"":""5""},{""type"":""LTE"",""pci"":484,""earfcn"":3050,""tac"":null,""rsrp"":-87,""rsrq"":-18,""rssi"":-59,""snr"":null,""ta"":0,""level"":3,""bands"":""7""},{""type"":""LTE"",""pci"":378,""earfcn"":3050,""tac"":null,""rsrp"":-90,""rsrq"":-19,""rssi"":-61,""snr"":null,""ta"":0,""level"":3,""bands"":""7""},{""type"":""LTE"",""pci"":492,""earfcn"":100,""tac"":null,""rsrp"":-90,""rsrq"":-19,""rssi"":-61,""snr"":null,""ta"":0,""level"":3,""bands"":""1""},{""type"":""LTE"",""pci"":484,""earfcn"":100,""tac"":null,""rsrp"":-90,""rsrq"":-19,""rssi"":-61,""snr"":null,""ta"":0,""level"":3,""bands"":""1""},{""type"":""LTE"",""pci"":492,""earfcn"":3050,""tac"":null,""rsrp"":-95,""rsrq"":-17,""rssi"":-63,""snr"":null,""ta"":0,""level"":3,""bands"":""7""},{""type"":""LTE"",""pci"":484,""earfcn"":2600,""tac"":null,""rsrp"":-95,""rsrq"":-17,""rssi"":-63,""snr"":null,""ta"":0,""level"":3,""bands"":""5""}]",37.56562416279,127.0134198911993,between,동대문역사문화공원,신당,419.5287652917333
1789967625213,2026-09-21 14:13:45,unknown,37.5655136,127.0086621,100.0,,,37.74188082497753,fused,39,LTE,NR_NSA,5G,True,False,True,False,False,51244291,459,3050,7,8323,450,6,-84,-7,-51,18.0,4,0.0,,,,30,30,0.0002,0.0002,0,0,0.0,0.0,False,7,0,7,-82.0,459.0,100.0,0.005203862,False,False,periodic,3,3,6.0,-3.0,1502,,,,"[{""type"":""LTE"",""pci"":459,""earfcn"":100,""tac"":null,""rsrp"":-82,""rsrq"":-11,""rssi"":-61,""snr"":null,""ta"":0,""level"":4,""bands"":""1""},{""type"":""LTE"",""pci"":459,""earfcn"":2600,""tac"":null,""rsrp"":-83,""rsrq"":-8,""rssi"":-65,""snr"":null,""ta"":0,""level"":4,""bands"":""5""},{""type"":""LTE"",""pci"":36,""earfcn"":100,""tac"":null,""rsrp"":-90,""rsrq"":-17,""rssi"":-61,""snr"":null,""ta"":0,""level"":3,""bands"":""1""},{""type"":""LTE"",""pci"":485,""earfcn"":100,""tac"":null,""rsrp"":-91,""rsrq"":-16,""rssi"":-61,""snr"":null,""ta"":0,""level"":3,""bands"":""1""},{""type"":""LTE"",""pci"":485,""earfcn"":3050,""tac"":null,""rsrp"":-93,""rsrq"":-15,""rssi"":-63,""snr"":null,""ta"":0,""level"":3,""bands"":""7""},{""type"":""LTE"",""pci"":492,""earfcn"":100,""tac"":null,""rsrp"":-97,""rsrq"":-16,""rssi"":-69,""snr"":null,""ta"":0,""level"":2,""bands"":""1""},{""type"":""LTE"",""pci"":485,""earfcn"":2600,""tac"":null,""rsrp"":-97,""rsrq"":-20,""rssi"":-65,""snr"":null,""ta"":0,""level"":2,""bands"":""5""}]",1008.9596,62.0,,22,6,,,,"[{""b"":""40:27:0b:02:a2:b7"",""s"":""U+zone_2.4GHz"",""r"":-33,""f"":2432},{""b"":""40:27:0b:02:a2:b8"",""s"":""U+zone"",""r"":-36,""f"":5785},{""b"":""36:78:c2:00:0a:b5"",""s"":""KT WiFi "",""r"":-38,""f"":2432},{""b"":""22:17:b2:0b:47:88"",""s"":""T wifi zone"",""r"":-40,""f"":5785},{""b"":""22:17:b2:0b:47:8a"",""s"":""T wifi zone_secure"",""r"":-41,""f"":5785},{""b"":""02:17:b2:0b:47:88"",""s"":""T wifi zone"",""r"":-41,""f"":2452},{""b"":""02:17:b2:0b:47:8a"",""s"":""T wifi zone_secure"",""r"":-41,""f"":2452},{""b"":""30:78:c2:00:0a:b5"",""s"":""KT WiFi"",""r"":-44,""f"":2432},{""b"":""36:78:c2:00:0a:b4"",""s"":""KT WiFi "",""r"":-48,""f"":5640},{""b"":""30:78:c2:00:0a:b4"",""s"":""KT WiFi"",""r"":-48,""f"":5640},{""b"":""30:78:c2:00:07:d5"",""s"":""KT WiFi"",""r"":-61,""f"":5640},{""b"":""36:78:c2:00:07:d5"",""s"":""KT WiFi "",""r"":-61,""f"":5640},{""b"":""02:17:b2:0b:7d:b6"",""s"":""T wifi zone"",""r"":-62,""f"":2452},{""b"":""02:17:b2:0b:7d:b8"",""s"":""T wifi zone_secure"",""r"":-62,""f"":2452},{""b"":""40:27:0b:02:a2:c7"",""s"":""U+zone"",""r"":-64,""f"":5745}]",,37.56562504066492,127.01376323783361,between,동대문역사문화공원,신당,449.7816659389457
1789967630237,2026-09-21 14:13:50,unknown,37.565472,127.0190649,100.0,,,44.183393479449386,fused,6,LTE,NR_NSA,5G,True,False,True,False,False,51244291,459,3050,7,8323,450,6,-84,-7,-51,18.0,4,0.0,,,,42,62,0.0003,0.0005,22,42,0.0002,0.0003,False,7,0,7,-82.0,459.0,100.0,0.03150462,False,False,periodic,8,3,0.0,0.0,6526,,,,"[{""type"":""LTE"",""pci"":459,""earfcn"":100,""tac"":null,""rsrp"":-82,""rsrq"":-11,""rssi"":-61,""snr"":null,""ta"":0,""level"":4,""bands"":""1""},{""type"":""LTE"",""pci"":459,""earfcn"":2600,""tac"":null,""rsrp"":-83,""rsrq"":-8,""rssi"":-65,""snr"":null,""ta"":0,""level"":4,""bands"":""5""},{""type"":""LTE"",""pci"":36,""earfcn"":100,""tac"":null,""rsrp"":-90,""rsrq"":-17,""rssi"":-61,""snr"":null,""ta"":0,""level"":3,""bands"":""1""},{""type"":""LTE"",""pci"":485,""earfcn"":100,""tac"":null,""rsrp"":-91,""rsrq"":-16,""rssi"":-61,""snr"":null,""ta"":0,""level"":3,""bands"":""1""},{""type"":""LTE"",""pci"":485,""earfcn"":3050,""tac"":null,""rsrp"":-93,""rsrq"":-15,""rssi"":-63,""snr"":null,""ta"":0,""level"":3,""bands"":""7""},{""type"":""LTE"",""pci"":492,""earfcn"":100,""tac"":null,""rsrp"":-97,""rsrq"":-16,""rssi"":-69,""snr"":null,""ta"":0,""level"":2,""bands"":""1""},{""type"":""LTE"",""pci"":485,""earfcn"":2600,""tac"":null,""rsrp"":-97,""rsrq"":-20,""rssi"":-65,""snr"":null,""ta"":0,""level"":2,""bands"":""5""}]",1009.30383,70.0,,22,4,,,,"[{""b"":""40:27:0b:02:a2:b7"",""s"":""U+zone_2.4GHz"",""r"":-36,""f"":2432},{""b"":""40:27:0b:02:a2:b8"",""s"":""U+zone"",""r"":-38,""f"":5785},{""b"":""02:17:b2:0b:47:88"",""s"":""T wifi zone"",""r"":-42,""f"":2452},{""b"":""36:78:c2:00:0a:b5"",""s"":""KT WiFi "",""r"":-42,""f"":2432},{""b"":""22:17:b2:0b:47:8a"",""s"":""T wifi zone_secure"",""r"":-43,""f"":5785},{""b"":""22:17:b2:0b:47:88"",""s"":""T wifi zone"",""r"":-43,""f"":5785},{""b"":""02:17:b2:0b:47:8a"",""s"":""T wifi zone_secure"",""r"":-44,""f"":2452},{""b"":""30:78:c2:00:0a:b5"",""s"":""KT WiFi"",""r"":-44,""f"":2432},{""b"":""36:78:c2:00:0a:b4"",""s"":""KT WiFi "",""r"":-45,""f"":5640},{""b"":""30:78:c2:00:0a:b4"",""s"":""KT WiFi"",""r"":-45,""f"":5640},{""b"":""40:27:0b:02:a2:c7"",""s"":""U+zone"",""r"":-60,""f"":5745},{""b"":""30:78:c2:00:07:d5"",""s"":""KT WiFi"",""r"":-62,""f"":5640},{""b"":""36:78:c2:00:07:d5"",""s"":""KT WiFi "",""r"":-62,""f"":5640},{""b"":""30:78:c2:00:07:d6"",""s"":""KT WiFi"",""r"":-64,""f"":2432},{""b"":""40:27:0b:02:a2:c6"",""s"":""U+zone_2.4GHz"",""r"":-65,""f"":2472}]",,37.565626400653684,127.01429514455295,between,동대문역사문화공원,신당,420.7536462926359
1789967634629,2026-09-21 14:13:54,unknown,37.5657035,127.0186497,11.636,,,40.09999847412109,fused,5,LTE,NR_NSA,5G,True,False,True,False,False,51244292,463,3050,7,8323,450,6,-86,-12,-57,15.0,3,0.0,,,,48,71,0.0004,0.0006,25,49,0.0002,0.0004,False,14,0,14,-81.0,463.0,2600.0,0.00024893563,True,False,handover,0,3,,,4,51244291.0,-84.0,-7.0,"[{""type"":""LTE"",""pci"":463,""earfcn"":2600,""tac"":null,""rsrp"":-81,""rsrq"":-14,""rssi"":-57,""snr"":null,""ta"":0,""level"":4,""bands"":""5""},{""type"":""LTE"",""pci"":459,""earfcn"":2600,""tac"":null,""rsrp"":-82,""rsrq"":-13,""rssi"":-57,""snr"":null,""ta"":0,""level"":4,""bands"":""5""},{""type"":""LTE"",""pci"":463,""earfcn"":100,""tac"":null,""rsrp"":-87,""rsrq"":-10,""rssi"":-65,""snr"":null,""ta"":0,""level"":3,""bands"":""1""},{""type"":""LTE"",""pci"":464,""earfcn"":2600,""tac"":null,""rsrp"":-89,""rsrq"":-20,""rssi"":-57,""snr"":null,""ta"":0,""level"":3,""bands"":""5""},{""type"":""LTE"",""pci"":459,""earfcn"":100,""tac"":null,""rsrp"":-90,""rsrq"":-13,""rssi"":-65,""snr"":null,""ta"":0,""level"":3,""bands"":""1""},{""type"":""LTE"",""pci"":486,""earfcn"":100,""tac"":null,""rsrp"":-93,""rsrq"":-17,""rssi"":-65,""snr"":null,""ta"":0,""level"":3,""bands"":""1""},{""type"":""LTE"",""pci"":485,""earfcn"":100,""tac"":null,""rsrp"":-96,""rsrq"":-20,""rssi"":-65,""snr"":null,""ta"":0,""level"":2,""bands"":""1""},{""type"":""LTE"",""pci"":492,""earfcn"":100,""tac"":null,""rsrp"":-96,""rsrq"":-16,""rssi"":-67,""snr"":null,""ta"":0,""level"":2,""bands"":""1""},{""type"":""LTE"",""pci"":475,""earfcn"":3050,""tac"":null,""rsrp"":-97,""rsrq"":-17,""rssi"":-71,""snr"":null,""ta"":0,""level"":2,""bands"":""7""},{""type"":""LTE"",""pci"":36,""earfcn"":100,""tac"":null,""rsrp"":-97,""rsrq"":-20,""rssi"":-65,""snr"":null,""ta"":0,""level"":2,""bands"":""1""},{""type"":""LTE"",""pci"":474,""earfcn"":100,""tac"":null,""rsrp"":-97,""rsrq"":-19,""rssi"":-67,""snr"":null,""ta"":0,""level"":2,""bands"":""1""},{""type"":""LTE"",""pci"":459,""earfcn"":3050,""tac"":null,""rsrp"":-99,""rsrq"":-10,""rssi"":-57,""snr"":null,""ta"":0,""level"":2,""bands"":""7""},{""type"":""LTE"",""pci"":486,""earfcn"":3050,""tac"":null,""rsrp"":-99,""rsrq"":-18,""rssi"":-69,""snr"":null,""ta"":0,""level"":2,""bands"":""7""},{""type"":""LTE"",""pci"":485,""earfcn"":2600,""tac"":null,""rsrp"":-106,""rsrq"":-20,""rssi"":-63,""snr"":null,""ta"":0,""level"":1,""bands"":""5""}]",1009.27747,78.0,,52,4,,,,"[{""b"":""40:27:0b:02:a2:b7"",""s"":""U+zone_2.4GHz"",""r"":-36,""f"":2432},{""b"":""02:17:b2:0b:47:8a"",""s"":""T wifi zone_secure"",""r"":-37,""f"":2452},{""b"":""02:17:b2:0b:47:88"",""s"":""T wifi zone"",""r"":-37,""f"":2452},{""b"":""22:17:b2:0b:47:8a"",""s"":""T wifi zone_secure"",""r"":-38,""f"":5785},{""b"":""40:27:0b:02:a2:b8"",""s"":""U+zone"",""r"":-40,""f"":5785},{""b"":""02:e3:c7:09:08:48"",""s"":""T wifi zone_secure"",""r"":-41,""f"":2432},{""b"":""10:e3:c7:09:08:48"",""s"":""T wifi zone"",""r"":-41,""f"":2432},{""b"":""22:17:b2:0b:47:88"",""s"":""T wifi zone"",""r"":-42,""f"":5785},{""b"":""30:78:c2:00:0a:b5"",""s"":""KT WiFi"",""r"":-44,""f"":2432},{""b"":""36:78:c2:00:0a:b4"",""s"":""KT WiFi "",""r"":-46,""f"":5640},{""b"":""30:78:c2:00:0a:b4"",""s"":""KT WiFi"",""r"":-46,""f"":5640},{""b"":""36:78:c2:00:0a:b5"",""s"":""KT WiFi "",""r"":-50,""f"":2432},{""b"":""06:29:d5:33:98:53"",""s"":""Public WiFi Secure"",""r"":-51,""f"":2452},{""b"":""10:e3:c7:09:08:47"",""s"":""T wifi zone"",""r"":-52,""f"":5765},{""b"":""02:e3:c7:09:08:47"",""s"":""T wifi zone_secure"",""r"":-54,""f"":5765}]","[{""type"":""LTE"",""pci"":459,""earfcn"":100,""tac"":null,""rsrp"":-82,""rsrq"":-11,""rssi"":-61,""snr"":null,""ta"":0,""level"":4,""bands"":""1""},{""type"":""LTE"",""pci"":459,""earfcn"":2600,""tac"":null,""rsrp"":-83,""rsrq"":-8,""rssi"":-65,""snr"":null,""ta"":0,""level"":4,""bands"":""5""},{""type"":""LTE"",""pci"":36,""earfcn"":100,""tac"":null,""rsrp"":-90,""rsrq"":-17,""rssi"":-61,""snr"":null,""ta"":0,""level"":3,""bands"":""1""},{""type"":""LTE"",""pci"":485,""earfcn"":100,""tac"":null,""rsrp"":-91,""rsrq"":-16,""rssi"":-61,""snr"":null,""ta"":0,""level"":3,""bands"":""1""},{""type"":""LTE"",""pci"":485,""earfcn"":3050,""tac"":null,""rsrp"":-93,""rsrq"":-15,""rssi"":-63,""snr"":null,""ta"":0,""level"":3,""bands"":""7""},{""type"":""LTE"",""pci"":492,""earfcn"":100,""tac"":null,""rsrp"":-97,""rsrq"":-16,""rssi"":-69,""snr"":null,""ta"":0,""level"":2,""bands"":""1""},{""type"":""LTE"",""pci"":485,""earfcn"":2600,""tac"":null,""rsrp"":-97,""rsrq"":-20,""rssi"":-65,""snr"":null,""ta"":0,""level"":2,""bands"":""5""}]",37.56562758956107,127.01476013943976,between,동대문역사문화공원,신당,342.9267671395206
1789967635266,2026-09-21 14:13:55,unknown,37.5657035,127.0186497,11.636,,,40.09999847412109,fused,6,LTE,NR_NSA,5G,True,False,True,False,False,51244292,463,3050,7,8323,450,6,-86,-12,-57,15.0,3,0.0,,,,0,0,0.0,0.0,0,0,0.0,0.0,False,14,0,14,-81.0,463.0,2600.0,9.382315e-05,False,False,periodic,0,3,0.0,0.0,643,,,,"[{""type"":""LTE"",""pci"":463,""earfcn"":2600,""tac"":null,""rsrp"":-81,""rsrq"":-14,""rssi"":-57,""snr"":null,""ta"":0,""level"":4,""bands"":""5""},{""type"":""LTE"",""pci"":459,""earfcn"":2600,""tac"":null,""rsrp"":-82,""rsrq"":-13,""rssi"":-57,""snr"":null,""ta"":0,""level"":4,""bands"":""5""},{""type"":""LTE"",""pci"":463,""earfcn"":100,""tac"":null,""rsrp"":-87,""rsrq"":-10,""rssi"":-65,""snr"":null,""ta"":0,""level"":3,""bands"":""1""},{""type"":""LTE"",""pci"":464,""earfcn"":2600,""tac"":null,""rsrp"":-89,""rsrq"":-20,""rssi"":-57,""snr"":null,""ta"":0,""level"":3,""bands"":""5""},{""type"":""LTE"",""pci"":459,""earfcn"":100,""tac"":null,""rsrp"":-90,""rsrq"":-13,""rssi"":-65,""snr"":null,""ta"":0,""level"":3,""bands"":""1""},{""type"":""LTE"",""pci"":486,""earfcn"":100,""tac"":null,""rsrp"":-93,""rsrq"":-17,""rssi"":-65,""snr"":null,""ta"":0,""level"":3,""bands"":""1""},{""type"":""LTE"",""pci"":485,""earfcn"":100,""tac"":null,""rsrp"":-96,""rsrq"":-20,""rssi"":-65,""snr"":null,""ta"":0,""level"":2,""bands"":""1""},{""type"":""LTE"",""pci"":492,""earfcn"":100,""tac"":null,""rsrp"":-96,""rsrq"":-16,""rssi"":-67,""snr"":null,""ta"":0,""level"":2,""bands"":""1""},{""type"":""LTE"",""pci"":475,""earfcn"":3050,""tac"":null,""rsrp"":-97,""rsrq"":-17,""rssi"":-71,""snr"":null,""ta"":0,""level"":2,""bands"":""7""},{""type"":""LTE"",""pci"":36,""earfcn"":100,""tac"":null,""rsrp"":-97,""rsrq"":-20,""rssi"":-65,""snr"":null,""ta"":0,""level"":2,""bands"":""1""},{""type"":""LTE"",""pci"":474,""earfcn"":100,""tac"":null,""rsrp"":-97,""rsrq"":-19,""rssi"":-67,""snr"":null,""ta"":0,""level"":2,""bands"":""1""},{""type"":""LTE"",""pci"":459,""earfcn"":3050,""tac"":null,""rsrp"":-99,""rsrq"":-10,""rssi"":-57,""snr"":null,""ta"":0,""level"":2,""bands"":""7""},{""type"":""LTE"",""pci"":486,""earfcn"":3050,""tac"":null,""rsrp"":-99,""rsrq"":-18,""rssi"":-69,""snr"":null,""ta"":0,""level"":2,""bands"":""7""},{""type"":""LTE"",""pci"":485,""earfcn"":2600,""tac"":null,""rsrp"":-106,""rsrq"":-20,""rssi"":-63,""snr"":null,""ta"":0,""level"":1,""bands"":""5""}]",1009.27344,78.0,,52,4,,,,"[{""b"":""40:27:0b:02:a2:b7"",""s"":""U+zone_2.4GHz"",""r"":-36,""f"":2432},{""b"":""02:17:b2:0b:47:8a"",""s"":""T wifi zone_secure"",""r"":-37,""f"":2452},{""b"":""02:17:b2:0b:47:88"",""s"":""T wifi zone"",""r"":-37,""f"":2452},{""b"":""22:17:b2:0b:47:8a"",""s"":""T wifi zone_secure"",""r"":-38,""f"":5785},{""b"":""40:27:0b:02:a2:b8"",""s"":""U+zone"",""r"":-40,""f"":5785},{""b"":""02:e3:c7:09:08:48"",""s"":""T wifi zone_secure"",""r"":-41,""f"":2432},{""b"":""10:e3:c7:09:08:48"",""s"":""T wifi zone"",""r"":-41,""f"":2432},{""b"":""22:17:b2:0b:47:88"",""s"":""T wifi zone"",""r"":-42,""f"":5785},{""b"":""30:78:c2:00:0a:b5"",""s"":""KT WiFi"",""r"":-44,""f"":2432},{""b"":""36:78:c2:00:0a:b4"",""s"":""KT WiFi "",""r"":-46,""f"":5640},{""b"":""30:78:c2:00:0a:b4"",""s"":""KT WiFi"",""r"":-46,""f"":5640},{""b"":""36:78:c2:00:0a:b5"",""s"":""KT WiFi "",""r"":-50,""f"":2432},{""b"":""06:29:d5:33:98:53"",""s"":""Public WiFi Secure"",""r"":-51,""f"":2452},{""b"":""10:e3:c7:09:08:47"",""s"":""T wifi zone"",""r"":-52,""f"":5765},{""b"":""02:e3:c7:09:08:47"",""s"":""T wifi zone_secure"",""r"":-54,""f"":5765}]",,37.56562776199595,127.01482758063806,between,동대문역사문화공원,신당,336.9839045086341
1789967640293,2026-09-21 14:14:00,unknown,37.5657177,127.0197669,15.746,,,37.89999771118164,fused,4,LTE,NR_NSA,5G,True,False,True,False,False,51244292,463,3050,7,8323,450,6,-89,-9,-63,13.0,3,0.0,,,,42,62,0.0003,0.0005,22,42,0.0002,0.0003,False,13,0,13,-72.0,463.0,2600.0,0.24647117,False,False,periodic,5,3,-3.0,-2.0,5001,,,,"[{""type"":""LTE"",""pci"":463,""earfcn"":2600,""tac"":null,""rsrp"":-72,""rsrq"":-12,""rssi"":-55,""snr"":null,""ta"":0,""level"":4,""bands"":""5""},{""type"":""LTE"",""pci"":459,""earfcn"":2600,""tac"":null,""rsrp"":-81,""rsrq"":-13,""rssi"":-55,""snr"":null,""ta"":0,""level"":4,""bands"":""5""},{""type"":""LTE"",""pci"":463,""earfcn"":100,""tac"":null,""rsrp"":-87,""rsrq"":-10,""rssi"":-65,""snr"":null,""ta"":0,""level"":3,""bands"":""1""},{""type"":""LTE"",""pci"":464,""earfcn"":2600,""tac"":null,""rsrp"":-89,""rsrq"":-20,""rssi"":-57,""snr"":null,""ta"":0,""level"":3,""bands"":""5""},{""type"":""LTE"",""pci"":459,""earfcn"":100,""tac"":null,""rsrp"":-90,""rsrq"":-13,""rssi"":-65,""snr"":null,""ta"":0,""level"":3,""bands"":""1""},{""type"":""LTE"",""pci"":486,""earfcn"":100,""tac"":null,""rsrp"":-93,""rsrq"":-17,""rssi"":-65,""snr"":null,""ta"":0,""level"":3,""bands"":""1""},{""type"":""LTE"",""pci"":486,""earfcn"":3050,""tac"":null,""rsrp"":-96,""rsrq"":-18,""rssi"":-69,""snr"":null,""ta"":0,""level"":2,""bands"":""7""},{""type"":""LTE"",""pci"":475,""earfcn"":3050,""tac"":null,""rsrp"":-96,""rsrq"":-17,""rssi"":-69,""snr"":null,""ta"":0,""level"":2,""bands"":""7""},{""type"":""LTE"",""pci"":485,""earfcn"":100,""tac"":null,""rsrp"":-96,""rsrq"":-20,""rssi"":-65,""snr"":null,""ta"":0,""level"":2,""bands"":""1""},{""type"":""LTE"",""pci"":492,""earfcn"":100,""tac"":null,""rsrp"":-96,""rsrq"":-16,""rssi"":-67,""snr"":null,""ta"":0,""level"":2,""bands"":""1""},{""type"":""LTE"",""pci"":474,""earfcn"":100,""tac"":null,""rsrp"":-97,""rsrq"":-19,""rssi"":-67,""snr"":null,""ta"":0,""level"":2,""bands"":""1""},{""type"":""LTE"",""pci"":459,""earfcn"":3050,""tac"":null,""rsrp"":-100,""rsrq"":-15,""rssi"":-69,""snr"":null,""ta"":0,""level"":2,""bands"":""7""},{""type"":""LTE"",""pci"":485,""earfcn"":2600,""tac"":null,""rsrp"":-106,""rsrq"":-20,""rssi"":-63,""snr"":null,""ta"":0,""level"":1,""bands"":""5""}]",1009.30615,58.0,,40,2,,,,"[{""b"":""40:27:0b:02:a2:b8"",""s"":""U+zone"",""r"":-32,""f"":5785},{""b"":""40:27:0b:02:a2:b7"",""s"":""U+zone_2.4GHz"",""r"":-32,""f"":2432},{""b"":""22:17:b2:0b:47:8a"",""s"":""T wifi zone_secure"",""r"":-37,""f"":5785},{""b"":""22:17:b2:0b:47:88"",""s"":""T wifi zone"",""r"":-37,""f"":5785},{""b"":""02:17:b2:0b:47:88"",""s"":""T wifi zone"",""r"":-39,""f"":2452},{""b"":""02:17:b2:0b:47:8a"",""s"":""T wifi zone_secure"",""r"":-41,""f"":2452},{""b"":""36:78:c2:00:0a:b4"",""s"":""KT WiFi "",""r"":-47,""f"":5640},{""b"":""30:78:c2:00:0a:b4"",""s"":""KT WiFi"",""r"":-47,""f"":5640},{""b"":""30:78:c2:00:0a:b5"",""s"":""KT WiFi"",""r"":-50,""f"":2432},{""b"":""00:40:5a:91:f2:1b"",""s"":""FREE_U+zone"",""r"":-54,""f"":2412},{""b"":""00:40:5a:91:f2:1a"",""s"":""U+zone"",""r"":-58,""f"":2412},{""b"":""02:17:b2:0b:7d:b8"",""s"":""T wifi zone_secure"",""r"":-58,""f"":2452},{""b"":""40:27:0b:02:a2:c6"",""s"":""U+zone_2.4GHz"",""r"":-59,""f"":2472},{""b"":""00:40:5a:af:b6:9a"",""s"":""U+zone"",""r"":-60,""f"":2472},{""b"":""00:40:5a:af:b6:99"",""s"":""U+ Zone1F-1"",""r"":-61,""f"":2472}]",,37.565629122796814,127.01535980497684,between,동대문역사문화공원,신당,388.56276776187656
1789967645314,2026-09-21 14:14:05,unknown,37.5656364,127.0202511,18.449,,,38.331067094839,fused,5,LTE,NR_NSA,5G,True,False,True,False,False,51244292,463,3050,7,8323,450,6,-85,-8,-57,15.0,4,0.0,,,,169,392,0.0014,0.0031,149,373,0.0012,0.003,False,10,0,10,-70.0,463.0,2600.0,0.7578856,False,False,periodic,10,2,4.0,2.0,2964,,,,"[{""type"":""LTE"",""pci"":463,""earfcn"":2600,""tac"":null,""rsrp"":-70,""rsrq"":-11,""rssi"":-51,""snr"":null,""ta"":0,""level"":4,""bands"":""5""},{""type"":""LTE"",""pci"":463,""earfcn"":100,""tac"":null,""rsrp"":-79,""rsrq"":-10,""rssi"":-59,""snr"":null,""ta"":0,""level"":4,""bands"":""1""},{""type"":""LTE"",""pci"":492,""earfcn"":100,""tac"":null,""rsrp"":-85,""rsrq"":-18,""rssi"":-57,""snr"":null,""ta"":0,""level"":4,""bands"":""1""},{""type"":""LTE"",""pci"":486,""earfcn"":100,""tac"":null,""rsrp"":-86,""rsrq"":-17,""rssi"":-59,""snr"":null,""ta"":0,""level"":3,""bands"":""1""},{""type"":""LTE"",""pci"":459,""earfcn"":100,""tac"":null,""rsrp"":-86,""rsrq"":-19,""rssi"":-57,""snr"":null,""ta"":0,""level"":3,""bands"":""1""},{""type"":""LTE"",""pci"":459,""earfcn"":2600,""tac"":null,""rsrp"":-87,""rsrq"":-19,""rssi"":-57,""snr"":null,""ta"":0,""level"":3,""bands"":""5""},{""type"":""LTE"",""pci"":464,""earfcn"":2600,""tac"":null,""rsrp"":-89,""rsrq"":-20,""rssi"":-59,""snr"":null,""ta"":0,""level"":3,""bands"":""5""},{""type"":""LTE"",""pci"":474,""earfcn"":100,""tac"":null,""rsrp"":-91,""rsrq"":-20,""rssi"":-59,""snr"":null,""ta"":0,""level"":3,""bands"":""1""},{""type"":""LTE"",""pci"":475,""earfcn"":3050,""tac"":null,""rsrp"":-92,""rsrq"":-14,""rssi"":-65,""snr"":null,""ta"":0,""level"":3,""bands"":""7""},{""type"":""LTE"",""pci"":486,""earfcn"":3050,""tac"":null,""rsrp"":-93,""rsrq"":-14,""rssi"":-65,""snr"":null,""ta"":0,""level"":3,""bands"":""7""}]",1009.3077,62.0,,26,3,,,,"[{""b"":""40:27:0b:02:a2:b8"",""s"":""U+zone"",""r"":-37,""f"":5785},{""b"":""02:17:b2:0b:47:8a"",""s"":""T wifi zone_secure"",""r"":-37,""f"":2452},{""b"":""22:17:b2:0b:47:8a"",""s"":""T wifi zone_secure"",""r"":-37,""f"":5785},{""b"":""22:17:b2:0b:47:88"",""s"":""T wifi zone"",""r"":-37,""f"":5785},{""b"":""02:17:b2:0b:47:88"",""s"":""T wifi zone"",""r"":-40,""f"":2452},{""b"":""36:78:c2:00:0a:b4"",""s"":""KT WiFi "",""r"":-45,""f"":5640},{""b"":""30:78:c2:00:0a:b4"",""s"":""KT WiFi"",""r"":-45,""f"":5640},{""b"":""00:40:5a:91:e2:ca"",""s"":""U+zone"",""r"":-55,""f"":2472},{""b"":""00:40:5a:91:e2:cb"",""s"":""FREE_U+zone"",""r"":-57,""f"":2472},{""b"":""40:27:0b:02:a2:c6"",""s"":""U+zone_2.4GHz"",""r"":-57,""f"":2472},{""b"":""02:17:b2:0b:7d:b6"",""s"":""T wifi zone"",""r"":-59,""f"":2452},{""b"":""30:89:d3:3c:e3:63"",""s"":""GlobalWiFi_A3Q8VK"",""r"":-59,""f"":2437},{""b"":""40:27:0b:02:a2:c7"",""s"":""U+zone"",""r"":-63,""f"":5745},{""b"":""22:17:b2:0b:7d:b8"",""s"":""T wifi zone_secure"",""r"":-64,""f"":5805},{""b"":""ea:08:2d:c0:b8:9b"",""s"":""세희의 S24 FE"",""r"":-64,""f"":2437}]",,37.56563048197349,127.01589139407672,between,동대문역사문화공원,신당,384.26184799559036
1789967650332,2026-09-21 14:14:10,unknown,37.5656353,127.0199375,82.5,,,38.26088860753214,fused,2,LTE,NR_NSA,5G,True,False,True,False,False,51244292,463,3050,7,8323,450,6,-81,-7,-53,17.0,4,0.0,,,,503922,19922,4.0314,0.1594,503882,19882,4.0311,0.1591,False,9,0,9,-75.0,463.0,2600.0,1.5620481,False,False,periodic,15,2,4.0,2.0,2985,,,,"[{""type"":""LTE"",""pci"":463,""earfcn"":2600,""tac"":null,""rsrp"":-75,""rsrq"":-9,""rssi"":-51,""snr"":null,""ta"":0,""level"":4,""bands"":""5""},{""type"":""LTE"",""pci"":463,""earfcn"":100,""tac"":null,""rsrp"":-79,""rsrq"":-9,""rssi"":-51,""snr"":null,""ta"":0,""level"":4,""bands"":""1""},{""type"":""LTE"",""pci"":459,""earfcn"":2600,""tac"":null,""rsrp"":-87,""rsrq"":-19,""rssi"":-57,""snr"":null,""ta"":0,""level"":3,""bands"":""5""},{""type"":""LTE"",""pci"":486,""earfcn"":3050,""tac"":null,""rsrp"":-89,""rsrq"":-17,""rssi"":-65,""snr"":null,""ta"":0,""level"":3,""bands"":""7""},{""type"":""LTE"",""pci"":486,""earfcn"":100,""tac"":null,""rsrp"":-93,""rsrq"":-16,""rssi"":-67,""snr"":null,""ta"":0,""level"":3,""bands"":""1""},{""type"":""LTE"",""pci"":475,""earfcn"":3050,""tac"":null,""rsrp"":-95,""rsrq"":-15,""rssi"":-71,""snr"":null,""ta"":0,""level"":3,""bands"":""7""},{""type"":""LTE"",""pci"":475,""earfcn"":100,""tac"":null,""rsrp"":-95,""rsrq"":-16,""rssi"":-67,""snr"":null,""ta"":0,""level"":3,""bands"":""1""},{""type"":""LTE"",""pci"":474,""earfcn"":100,""tac"":null,""rsrp"":-99,""rsrq"":-20,""rssi"":-67,""snr"":null,""ta"":0,""level"":2,""bands"":""1""},{""type"":""LTE"",""pci"":474,""earfcn"":3050,""tac"":null,""rsrp"":-106,""rsrq"":-20,""rssi"":-71,""snr"":null,""ta"":0,""level"":1,""bands"":""7""}]",1009.13043,96.0,35.852,17,1,,,,"[{""b"":""40:27:0b:02:a2:b8"",""s"":""U+zone"",""r"":-32,""f"":5785},{""b"":""22:17:b2:0b:47:8a"",""s"":""T wifi zone_secure"",""r"":-38,""f"":5785},{""b"":""02:17:b2:0b:47:88"",""s"":""T wifi zone"",""r"":-38,""f"":2452},{""b"":""02:17:b2:0b:47:8a"",""s"":""T wifi zone_secure"",""r"":-39,""f"":2452},{""b"":""36:78:c2:00:0a:b4"",""s"":""KT WiFi "",""r"":-41,""f"":5640},{""b"":""30:78:c2:00:0a:b4"",""s"":""KT WiFi"",""r"":-41,""f"":5640},{""b"":""22:17:b2:0b:47:88"",""s"":""T wifi zone"",""r"":-43,""f"":5785},{""b"":""40:27:0b:02:a2:c7"",""s"":""U+zone"",""r"":-62,""f"":5745},{""b"":""22:17:b2:0b:7d:b6"",""s"":""T wifi zone"",""r"":-64,""f"":5805},{""b"":""22:17:b2:0b:7d:b8"",""s"":""T wifi zone_secure"",""r"":-64,""f"":5805},{""b"":""36:78:c2:00:07:d5"",""s"":""KT WiFi "",""r"":-70,""f"":5640},{""b"":""30:78:c2:00:07:d5"",""s"":""KT WiFi"",""r"":-71,""f"":5640},{""b"":""02:e3:c7:09:08:42"",""s"":""T wifi zone_secure"",""r"":-80,""f"":5540},{""b"":""22:17:b2:0b:47:8c"",""s"":""T wifi zone"",""r"":-84,""f"":5240},{""b"":""40:27:0b:02:a2:cc"",""s"":""U+zone"",""r"":-86,""f"":5745}]",,37.56563184033807,127.01642266555714,between,동대문역사문화공원,신당,309.7951698408112
1789967655355,2026-09-21 14:14:15,unknown,37.5656353,127.0199375,82.5,,,38.26088860753214,fused,7,LTE,NR_NSA,5G,True,False,True,False,False,51244292,463,3050,7,8323,450,6,-81,-7,-55,16.0,4,0.0,,,,4488,4173,0.0359,0.0334,4468,4153,0.0357,0.0332,False,8,0,8,-76.0,463.0,100.0,0.035776533,False,False,periodic,20,1,0.0,-1.0,1133,,,,"[{""type"":""LTE"",""pci"":463,""earfcn"":100,""tac"":null,""rsrp"":-76,""rsrq"":-9,""rssi"":-57,""snr"":null,""ta"":0,""level"":4,""bands"":""1""},{""type"":""LTE"",""pci"":463,""earfcn"":2600,""tac"":null,""rsrp"":-82,""rsrq"":-11,""rssi"":-61,""snr"":null,""ta"":0,""level"":4,""bands"":""5""},{""type"":""LTE"",""pci"":475,""earfcn"":100,""tac"":null,""rsrp"":-86,""rsrq"":-20,""rssi"":-57,""snr"":null,""ta"":0,""level"":3,""bands"":""1""},{""type"":""LTE"",""pci"":486,""earfcn"":100,""tac"":null,""rsrp"":-89,""rsrq"":-20,""rssi"":-57,""snr"":null,""ta"":0,""level"":3,""bands"":""1""},{""type"":""LTE"",""pci"":475,""earfcn"":3050,""tac"":null,""rsrp"":-90,""rsrq"":-13,""rssi"":-61,""snr"":null,""ta"":0,""level"":3,""bands"":""7""},{""type"":""LTE"",""pci"":486,""earfcn"":2600,""tac"":null,""rsrp"":-93,""rsrq"":-20,""rssi"":-61,""snr"":null,""ta"":0,""level"":3,""bands"":""5""},{""type"":""LTE"",""pci"":486,""earfcn"":3050,""tac"":null,""rsrp"":-95,""rsrq"":-20,""rssi"":-65,""snr"":null,""ta"":0,""level"":3,""bands"":""7""},{""type"":""LTE"",""pci"":474,""earfcn"":3050,""tac"":null,""rsrp"":-103,""rsrq"":-20,""rssi"":-65,""snr"":null,""ta"":0,""level"":2,""bands"":""7""}]",1009.58435,46.0,,17,6,,,,"[{""b"":""40:27:0b:02:a2:b8"",""s"":""U+zone"",""r"":-32,""f"":5785},{""b"":""22:17:b2:0b:47:8a"",""s"":""T wifi zone_secure"",""r"":-38,""f"":5785},{""b"":""02:17:b2:0b:47:88"",""s"":""T wifi zone"",""r"":-38,""f"":2452},{""b"":""02:17:b2:0b:47:8a"",""s"":""T wifi zone_secure"",""r"":-39,""f"":2452},{""b"":""36:78:c2:00:0a:b4"",""s"":""KT WiFi "",""r"":-41,""f"":5640},{""b"":""30:78:c2:00:0a:b4"",""s"":""KT WiFi"",""r"":-41,""f"":5640},{""b"":""22:17:b2:0b:47:88"",""s"":""T wifi zone"",""r"":-43,""f"":5785},{""b"":""40:27:0b:02:a2:c7"",""s"":""U+zone"",""r"":-62,""f"":5745},{""b"":""22:17:b2:0b:7d:b6"",""s"":""T wifi zone"",""r"":-64,""f"":5805},{""b"":""22:17:b2:0b:7d:b8"",""s"":""T wifi zone_secure"",""r"":-64,""f"":5805},{""b"":""36:78:c2:00:07:d5"",""s"":""KT WiFi "",""r"":-70,""f"":5640},{""b"":""30:78:c2:00:07:d5"",""s"":""KT WiFi"",""r"":-71,""f"":5640},{""b"":""02:e3:c7:09:08:42"",""s"":""T wifi zone_secure"",""r"":-80,""f"":5540},{""b"":""22:17:b2:0b:47:8c"",""s"":""T wifi zone"",""r"":-84,""f"":5240},{""b"":""40:27:0b:02:a2:cc"",""s"":""U+zone"",""r"":-86,""f"":5745}]",,37.56563320005615,127.01695446640332,between,동대문역사문화공원,신당,262.92249557275056
1789967660381,2026-09-21 14:14:20,unknown,37.5657132,127.0203272,29.994,,,36.39999771118164,fused,5,LTE,NR_NSA,5G,True,False,True,False,False,51244292,463,3050,7,8323,450,6,-81,-7,-55,16.0,4,0.0,,,,42,62,0.0003,0.0005,22,42,0.0002,0.0003,False,8,0,8,-76.0,463.0,100.0,0.3385201,False,False,periodic,25,1,0.0,0.0,6158,,,,"[{""type"":""LTE"",""pci"":463,""earfcn"":100,""tac"":null,""rsrp"":-76,""rsrq"":-9,""rssi"":-57,""snr"":null,""ta"":0,""level"":4,""bands"":""1""},{""type"":""LTE"",""pci"":463,""earfcn"":2600,""tac"":null,""rsrp"":-82,""rsrq"":-11,""rssi"":-61,""snr"":null,""ta"":0,""level"":4,""bands"":""5""},{""type"":""LTE"",""pci"":475,""earfcn"":100,""tac"":null,""rsrp"":-86,""rsrq"":-20,""rssi"":-57,""snr"":null,""ta"":0,""level"":3,""bands"":""1""},{""type"":""LTE"",""pci"":486,""earfcn"":100,""tac"":null,""rsrp"":-89,""rsrq"":-20,""rssi"":-57,""snr"":null,""ta"":0,""level"":3,""bands"":""1""},{""type"":""LTE"",""pci"":475,""earfcn"":3050,""tac"":null,""rsrp"":-90,""rsrq"":-13,""rssi"":-61,""snr"":null,""ta"":0,""level"":3,""bands"":""7""},{""type"":""LTE"",""pci"":486,""earfcn"":2600,""tac"":null,""rsrp"":-93,""rsrq"":-20,""rssi"":-61,""snr"":null,""ta"":0,""level"":3,""bands"":""5""},{""type"":""LTE"",""pci"":486,""earfcn"":3050,""tac"":null,""rsrp"":-95,""rsrq"":-20,""rssi"":-65,""snr"":null,""ta"":0,""level"":3,""bands"":""7""},{""type"":""LTE"",""pci"":474,""earfcn"":3050,""tac"":null,""rsrp"":-103,""rsrq"":-20,""rssi"":-65,""snr"":null,""ta"":0,""level"":2,""bands"":""7""}]",1009.5822,74.0,,26,4,,,,"[{""b"":""40:27:0b:02:a2:b8"",""s"":""U+zone"",""r"":-34,""f"":5785},{""b"":""22:17:b2:0b:47:88"",""s"":""T wifi zone"",""r"":-38,""f"":5785},{""b"":""02:17:b2:0b:47:88"",""s"":""T wifi zone"",""r"":-39,""f"":2452},{""b"":""22:17:b2:0b:47:8a"",""s"":""T wifi zone_secure"",""r"":-39,""f"":5785},{""b"":""02:17:b2:0b:47:8a"",""s"":""T wifi zone_secure"",""r"":-41,""f"":2452},{""b"":""30:78:c2:00:0a:b5"",""s"":""KT WiFi"",""r"":-41,""f"":2432},{""b"":""36:78:c2:00:0a:b4"",""s"":""KT WiFi "",""r"":-46,""f"":5640},{""b"":""30:78:c2:00:0a:b4"",""s"":""KT WiFi"",""r"":-47,""f"":5640},{""b"":""40:27:0b:02:a2:c7"",""s"":""U+zone"",""r"":-62,""f"":5745},{""b"":""02:17:b2:0b:7d:b8"",""s"":""T wifi zone_secure"",""r"":-62,""f"":2452},{""b"":""22:17:b2:0b:7d:b6"",""s"":""T wifi zone"",""r"":-63,""f"":5805},{""b"":""22:17:b2:0b:7d:b8"",""s"":""T wifi zone_secure"",""r"":-63,""f"":5805},{""b"":""02:17:b2:0b:7d:b6"",""s"":""T wifi zone"",""r"":-63,""f"":2452},{""b"":""00:40:5a:91:e8:e2"",""s"":""U+zone"",""r"":-68,""f"":2472},{""b"":""30:78:c2:00:07:d5"",""s"":""KT WiFi"",""r"":-70,""f"":5640}]",,37.56563456058631,127.01748658486896,between,동대문역사문화공원,신당,250.5222530615365
1789967665408,2026-09-21 14:14:25,unknown,37.5657013,127.0199117,49.218,,,36.29999923706055,fused,5,LTE,NR_NSA,5G,True,False,True,False,False,51244292,463,3050,7,8323,450,6,-81,-7,-51,18.0,4,0.0,,,,70,77,0.0006,0.0006,50,57,0.0004,0.0005,False,7,0,7,-71.0,463.0,100.0,0.00028652803,False,False,periodic,30,0,0.0,2.0,5004,,,,"[{""type"":""LTE"",""pci"":463,""earfcn"":100,""tac"":null,""rsrp"":-71,""rsrq"":-10,""rssi"":-51,""snr"":null,""ta"":0,""level"":4,""bands"":""1""},{""type"":""LTE"",""pci"":486,""earfcn"":100,""tac"":null,""rsrp"":-78,""rsrq"":-17,""rssi"":-51,""snr"":null,""ta"":0,""level"":4,""bands"":""1""},{""type"":""LTE"",""pci"":463,""earfcn"":2600,""tac"":null,""rsrp"":-79,""rsrq"":-11,""rssi"":-57,""snr"":null,""ta"":0,""level"":4,""bands"":""5""},{""type"":""LTE"",""pci"":475,""earfcn"":100,""tac"":null,""rsrp"":-80,""rsrq"":-18,""rssi"":-51,""snr"":null,""ta"":0,""level"":4,""bands"":""1""},{""type"":""LTE"",""pci"":486,""earfcn"":2600,""tac"":null,""rsrp"":-86,""rsrq"":-20,""rssi"":-55,""snr"":null,""ta"":0,""level"":3,""bands"":""5""},{""type"":""LTE"",""pci"":486,""earfcn"":3050,""tac"":null,""rsrp"":-94,""rsrq"":-18,""rssi"":-61,""snr"":null,""ta"":0,""level"":3,""bands"":""7""},{""type"":""LTE"",""pci"":492,""earfcn"":3050,""tac"":null,""rsrp"":-99,""rsrq"":-18,""rssi"":-63,""snr"":null,""ta"":0,""level"":2,""bands"":""7""}]",1009.34015,71.0,,28,4,,,,"[{""b"":""40:27:0b:02:a2:b8"",""s"":""U+zone"",""r"":-33,""f"":5785},{""b"":""40:27:0b:02:a2:b7"",""s"":""U+zone_2.4GHz"",""r"":-35,""f"":2432},{""b"":""02:17:b2:0b:47:88"",""s"":""T wifi zone"",""r"":-36,""f"":2452},{""b"":""02:17:b2:0b:47:8a"",""s"":""T wifi zone_secure"",""r"":-37,""f"":2452},{""b"":""22:17:b2:0b:47:8a"",""s"":""T wifi zone_secure"",""r"":-42,""f"":5785},{""b"":""36:78:c2:00:0a:b4"",""s"":""KT WiFi "",""r"":-43,""f"":5640},{""b"":""22:17:b2:0b:47:88"",""s"":""T wifi zone"",""r"":-43,""f"":5785},{""b"":""30:78:c2:00:0a:b4"",""s"":""KT WiFi"",""r"":-43,""f"":5640},{""b"":""36:78:c2:00:0a:b5"",""s"":""KT WiFi "",""r"":-46,""f"":2432},{""b"":""30:78:c2:00:0a:b5"",""s"":""KT WiFi"",""r"":-46,""f"":2432},{""b"":""40:27:0b:02:a2:c7"",""s"":""U+zone"",""r"":-59,""f"":5745},{""b"":""40:27:0b:02:a2:c6"",""s"":""U+zone_2.4GHz"",""r"":-60,""f"":2472},{""b"":""30:89:d3:3c:e3:63"",""s"":""GlobalWiFi_A3Q8VK"",""r"":-60,""f"":2437},{""b"":""22:17:b2:0b:7d:b6"",""s"":""T wifi zone"",""r"":-61,""f"":5805},{""b"":""22:17:b2:0b:7d:b8"",""s"":""T wifi zone_secure"",""r"":-61,""f"":5805}]",,37.565635921387184,127.01801880920776,between,동대문역사문화공원,신당,166.99623904114603
1789967670436,2026-09-21 14:14:30,unknown,37.5656666,127.0197543,65.291,,,36.29999923706055,fused,4,LTE,NR_NSA,5G,True,False,True,False,False,51244292,463,3050,7,8323,450,6,-75,-9,-51,14.0,4,0.0,,,,62,207,0.0005,0.0017,22,167,0.0002,0.0013,False,7,0,7,-71.0,463.0,100.0,1.3727174e-07,False,False,periodic,35,0,6.0,-4.0,5003,,,,"[{""type"":""LTE"",""pci"":463,""earfcn"":100,""tac"":null,""rsrp"":-71,""rsrq"":-13,""rssi"":-51,""snr"":null,""ta"":0,""level"":4,""bands"":""1""},{""type"":""LTE"",""pci"":486,""earfcn"":100,""tac"":null,""rsrp"":-78,""rsrq"":-19,""rssi"":-51,""snr"":null,""ta"":0,""level"":4,""bands"":""1""},{""type"":""LTE"",""pci"":475,""earfcn"":100,""tac"":null,""rsrp"":-80,""rsrq"":-20,""rssi"":-51,""snr"":null,""ta"":0,""level"":4,""bands"":""1""},{""type"":""LTE"",""pci"":463,""earfcn"":2600,""tac"":null,""rsrp"":-80,""rsrq"":-11,""rssi"":-59,""snr"":null,""ta"":0,""level"":4,""bands"":""5""},{""type"":""LTE"",""pci"":486,""earfcn"":3050,""tac"":null,""rsrp"":-88,""rsrq"":-16,""rssi"":-61,""snr"":null,""ta"":0,""level"":3,""bands"":""7""},{""type"":""LTE"",""pci"":486,""earfcn"":2600,""tac"":null,""rsrp"":-89,""rsrq"":-20,""rssi"":-57,""snr"":null,""ta"":0,""level"":3,""bands"":""5""},{""type"":""LTE"",""pci"":475,""earfcn"":3050,""tac"":null,""rsrp"":-92,""rsrq"":-17,""rssi"":-63,""snr"":null,""ta"":0,""level"":3,""bands"":""7""}]",1009.30743,58.0,,26,2,,,,"[{""b"":""40:27:0b:02:a2:b8"",""s"":""U+zone"",""r"":-32,""f"":5785},{""b"":""40:27:0b:02:a2:b7"",""s"":""U+zone_2.4GHz"",""r"":-37,""f"":2432},{""b"":""02:17:b2:0b:47:88"",""s"":""T wifi zone"",""r"":-37,""f"":2452},{""b"":""02:17:b2:0b:47:8a"",""s"":""T wifi zone_secure"",""r"":-37,""f"":2452},{""b"":""30:78:c2:00:0a:b5"",""s"":""KT WiFi"",""r"":-38,""f"":2432},{""b"":""36:78:c2:00:0a:b5"",""s"":""KT WiFi "",""r"":-40,""f"":2432},{""b"":""22:17:b2:0b:47:8a"",""s"":""T wifi zone_secure"",""r"":-42,""f"":5785},{""b"":""22:17:b2:0b:47:88"",""s"":""T wifi zone"",""r"":-45,""f"":5785},{""b"":""36:78:c2:00:0a:b4"",""s"":""KT WiFi "",""r"":-47,""f"":5640},{""b"":""30:78:c2:00:0a:b4"",""s"":""KT WiFi"",""r"":-47,""f"":5640},{""b"":""40:27:0b:02:a2:c6"",""s"":""U+zone_2.4GHz"",""r"":-53,""f"":2472},{""b"":""40:27:0b:02:a2:c7"",""s"":""U+zone"",""r"":-59,""f"":5745},{""b"":""22:17:b2:0b:7d:b6"",""s"":""T wifi zone"",""r"":-67,""f"":5805},{""b"":""02:17:b2:0b:7d:b8"",""s"":""T wifi zone_secure"",""r"":-67,""f"":2452},{""b"":""22:17:b2:0b:7d:b8"",""s"":""T wifi zone_secure"",""r"":-68,""f"":5805}]",,37.565637282458745,127.01855113941971,between,동대문역사문화공원,신당,106.09576093100216
1789967675460,2026-09-21 14:14:35,unknown,37.5656666,127.0197543,328.251,,,38.02020967257832,fused,2,LTE,NR_NSA,5G,True,False,True,False,False,51244292,463,3050,7,8323,450,6,-83,-8,-51,12.0,4,0.0,,,,255,173,0.002,0.0014,236,154,0.0019,0.0012,False,4,0,4,-73.0,463.0,100.0,6.3661146e-11,False,False,periodic,40,0,-8.0,-2.0,2486,,,,"[{""type"":""LTE"",""pci"":463,""earfcn"":100,""tac"":null,""rsrp"":-73,""rsrq"":-13,""rssi"":-51,""snr"":null,""ta"":0,""level"":4,""bands"":""1""},{""type"":""LTE"",""pci"":463,""earfcn"":2600,""tac"":null,""rsrp"":-81,""rsrq"":-11,""rssi"":-61,""snr"":null,""ta"":0,""level"":4,""bands"":""5""},{""type"":""LTE"",""pci"":486,""earfcn"":100,""tac"":null,""rsrp"":-83,""rsrq"":-17,""rssi"":-55,""snr"":null,""ta"":0,""level"":4,""bands"":""1""},{""type"":""LTE"",""pci"":486,""earfcn"":3050,""tac"":null,""rsrp"":-93,""rsrq"":-16,""rssi"":-65,""snr"":null,""ta"":0,""level"":3,""bands"":""7""}]",1009.1608,73.0,,27,3,,,,"[{""b"":""02:17:b2:0b:47:88"",""s"":""T wifi zone"",""r"":-36,""f"":2452},{""b"":""40:27:0b:02:a2:b8"",""s"":""U+zone"",""r"":-38,""f"":5785},{""b"":""40:27:0b:02:a2:b7"",""s"":""U+zone_2.4GHz"",""r"":-39,""f"":2432},{""b"":""22:17:b2:0b:47:8a"",""s"":""T wifi zone_secure"",""r"":-39,""f"":5785},{""b"":""22:17:b2:0b:47:88"",""s"":""T wifi zone"",""r"":-39,""f"":5785},{""b"":""36:78:c2:00:0a:b4"",""s"":""KT WiFi "",""r"":-43,""f"":5640},{""b"":""30:78:c2:00:0a:b4"",""s"":""KT WiFi"",""r"":-43,""f"":5640},{""b"":""36:78:c2:00:0a:b5"",""s"":""KT WiFi "",""r"":-46,""f"":2432},{""b"":""30:78:c2:00:0a:b5"",""s"":""KT WiFi"",""r"":-47,""f"":2432},{""b"":""40:27:0b:02:a2:c6"",""s"":""U+zone_2.4GHz"",""r"":-52,""f"":2472},{""b"":""40:27:0b:02:a2:c7"",""s"":""U+zone"",""r"":-57,""f"":5745},{""b"":""02:17:b2:0b:7d:b6"",""s"":""T wifi zone"",""r"":-59,""f"":2452},{""b"":""02:17:b2:0b:7d:b8"",""s"":""T wifi zone_secure"",""r"":-60,""f"":2452},{""b"":""22:17:b2:0b:7d:b6"",""s"":""T wifi zone"",""r"":-64,""f"":5805},{""b"":""22:17:b2:0b:7d:b8"",""s"":""T wifi zone_secure"",""r"":-64,""f"":5805}]",,37.56563864244752,127.01908304613904,between,동대문역사문화공원,신당,59.24542545004454
1789967680475,2026-09-21 14:14:40,unknown,37.5655596,127.0204071,100.0,,,38.643760869465765,fused,2,LTE,NR_NSA,5G,True,False,True,False,False,51244292,463,3050,7,8323,450,6,-85,-13,-51,9.0,4,0.0,,,,421985,4104,3.3759,0.0328,421965,4084,3.3757,0.0327,False,4,0,4,-69.0,463.0,2600.0,0.018886242,False,False,periodic,45,0,-2.0,-3.0,2498,,,,"[{""type"":""LTE"",""pci"":463,""earfcn"":2600,""tac"":null,""rsrp"":-69,""rsrq"":-11,""rssi"":-51,""snr"":null,""ta"":0,""level"":4,""bands"":""5""},{""type"":""LTE"",""pci"":463,""earfcn"":100,""tac"":null,""rsrp"":-75,""rsrq"":-13,""rssi"":-51,""snr"":null,""ta"":0,""level"":4,""bands"":""1""},{""type"":""LTE"",""pci"":486,""earfcn"":100,""tac"":null,""rsrp"":-90,""rsrq"":-12,""rssi"":-63,""snr"":null,""ta"":0,""level"":3,""bands"":""1""},{""type"":""LTE"",""pci"":486,""earfcn"":3050,""tac"":null,""rsrp"":-103,""rsrq"":-16,""rssi"":-73,""snr"":null,""ta"":0,""level"":2,""bands"":""7""}]",1009.06476,68.0,49.125,30,0,,,,"[{""b"":""40:27:0b:02:a2:b8"",""s"":""U+zone"",""r"":-34,""f"":5785},{""b"":""40:27:0b:02:a2:b7"",""s"":""U+zone_2.4GHz"",""r"":-37,""f"":2432},{""b"":""02:17:b2:0b:47:88"",""s"":""T wifi zone"",""r"":-37,""f"":2452},{""b"":""02:17:b2:0b:47:8a"",""s"":""T wifi zone_secure"",""r"":-37,""f"":2452},{""b"":""22:17:b2:0b:47:8a"",""s"":""T wifi zone_secure"",""r"":-37,""f"":5785},{""b"":""22:17:b2:0b:47:88"",""s"":""T wifi zone"",""r"":-37,""f"":5785},{""b"":""36:78:c2:00:0a:b5"",""s"":""KT WiFi "",""r"":-48,""f"":2432},{""b"":""30:78:c2:00:0a:b5"",""s"":""KT WiFi"",""r"":-48,""f"":2432},{""b"":""36:78:c2:00:0a:b4"",""s"":""KT WiFi "",""r"":-49,""f"":5640},{""b"":""40:27:0b:02:a2:c6"",""s"":""U+zone_2.4GHz"",""r"":-50,""f"":2472},{""b"":""30:78:c2:00:0a:b4"",""s"":""KT WiFi"",""r"":-50,""f"":5640},{""b"":""40:27:0b:02:a2:c7"",""s"":""U+zone"",""r"":-56,""f"":5745},{""b"":""40:27:0b:03:50:7d"",""s"":""U+zone"",""r"":-59,""f"":5785},{""b"":""36:78:c2:00:05:a5"",""s"":""KT WiFi "",""r"":-66,""f"":2472},{""b"":""02:17:b2:0b:7d:b8"",""s"":""T wifi zone_secure"",""r"":-66,""f"":2452}]",,37.56564,127.019614,station,신당,신당,70.47264744978717
1789967685496,2026-09-21 14:14:45,unknown,37.5655596,127.0204071,100.0,,,38.643760869465765,fused,7,LTE,NR_NSA,5G,True,False,True,False,False,51244292,463,3050,7,8323,450,6,-80,-10,-51,10.0,4,0.0,,,,2377,5386,0.019,0.0431,2357,5366,0.0189,0.0429,False,6,0,6,-77.0,463.0,100.0,0.07628851,False,False,periodic,50,0,5.0,1.0,757,,,,"[{""type"":""LTE"",""pci"":463,""earfcn"":100,""tac"":null,""rsrp"":-77,""rsrq"":-13,""rssi"":-53,""snr"":null,""ta"":0,""level"":4,""bands"":""1""},{""type"":""LTE"",""pci"":463,""earfcn"":2600,""tac"":null,""rsrp"":-82,""rsrq"":-11,""rssi"":-61,""snr"":null,""ta"":0,""level"":4,""bands"":""5""},{""type"":""LTE"",""pci"":486,""earfcn"":100,""tac"":null,""rsrp"":-83,""rsrq"":-17,""rssi"":-53,""snr"":null,""ta"":0,""level"":4,""bands"":""1""},{""type"":""LTE"",""pci"":474,""earfcn"":100,""tac"":null,""rsrp"":-85,""rsrq"":-17,""rssi"":-57,""snr"":null,""ta"":0,""level"":4,""bands"":""1""},{""type"":""LTE"",""pci"":475,""earfcn"":3050,""tac"":null,""rsrp"":-88,""rsrq"":-17,""rssi"":-61,""snr"":null,""ta"":0,""level"":3,""bands"":""7""},{""type"":""LTE"",""pci"":486,""earfcn"":3050,""tac"":null,""rsrp"":-94,""rsrq"":-20,""rssi"":-61,""snr"":null,""ta"":0,""level"":3,""bands"":""7""}]",1009.1183,59.0,,30,5,,,,"[{""b"":""40:27:0b:02:a2:b8"",""s"":""U+zone"",""r"":-34,""f"":5785},{""b"":""40:27:0b:02:a2:b7"",""s"":""U+zone_2.4GHz"",""r"":-37,""f"":2432},{""b"":""02:17:b2:0b:47:88"",""s"":""T wifi zone"",""r"":-37,""f"":2452},{""b"":""02:17:b2:0b:47:8a"",""s"":""T wifi zone_secure"",""r"":-37,""f"":2452},{""b"":""22:17:b2:0b:47:8a"",""s"":""T wifi zone_secure"",""r"":-37,""f"":5785},{""b"":""22:17:b2:0b:47:88"",""s"":""T wifi zone"",""r"":-37,""f"":5785},{""b"":""36:78:c2:00:0a:b5"",""s"":""KT WiFi "",""r"":-48,""f"":2432},{""b"":""30:78:c2:00:0a:b5"",""s"":""KT WiFi"",""r"":-48,""f"":2432},{""b"":""36:78:c2:00:0a:b4"",""s"":""KT WiFi "",""r"":-49,""f"":5640},{""b"":""40:27:0b:02:a2:c6"",""s"":""U+zone_2.4GHz"",""r"":-50,""f"":2472},{""b"":""30:78:c2:00:0a:b4"",""s"":""KT WiFi"",""r"":-50,""f"":5640},{""b"":""40:27:0b:02:a2:c7"",""s"":""U+zone"",""r"":-56,""f"":5745},{""b"":""40:27:0b:03:50:7d"",""s"":""U+zone"",""r"":-59,""f"":5785},{""b"":""36:78:c2:00:05:a5"",""s"":""KT WiFi "",""r"":-66,""f"":2472},{""b"":""02:17:b2:0b:7d:b8"",""s"":""T wifi zone_secure"",""r"":-66,""f"":2452}]",,37.56564,127.019614,station,신당,신당,70.47264744978717
1789967690517,2026-09-21 14:14:50,unknown,37.5655596,127.0204071,100.0,,,39.96514473541866,fused,5,LTE,NR_NSA,5G,True,False,True,False,False,51244292,463,3050,7,8323,450,6,-80,-10,-51,10.0,4,0.0,,,,287,389,0.0023,0.0031,267,370,0.0021,0.003,False,6,0,6,-77.0,463.0,100.0,0.06467565,False,False,periodic,55,0,0.0,0.0,5776,,,,"[{""type"":""LTE"",""pci"":463,""earfcn"":100,""tac"":null,""rsrp"":-77,""rsrq"":-13,""rssi"":-53,""snr"":null,""ta"":0,""level"":4,""bands"":""1""},{""type"":""LTE"",""pci"":463,""earfcn"":2600,""tac"":null,""rsrp"":-82,""rsrq"":-11,""rssi"":-61,""snr"":null,""ta"":0,""level"":4,""bands"":""5""},{""type"":""LTE"",""pci"":486,""earfcn"":100,""tac"":null,""rsrp"":-83,""rsrq"":-17,""rssi"":-53,""snr"":null,""ta"":0,""level"":4,""bands"":""1""},{""type"":""LTE"",""pci"":474,""earfcn"":100,""tac"":null,""rsrp"":-85,""rsrq"":-17,""rssi"":-57,""snr"":null,""ta"":0,""level"":4,""bands"":""1""},{""type"":""LTE"",""pci"":475,""earfcn"":3050,""tac"":null,""rsrp"":-88,""rsrq"":-17,""rssi"":-61,""snr"":null,""ta"":0,""level"":3,""bands"":""7""},{""type"":""LTE"",""pci"":486,""earfcn"":3050,""tac"":null,""rsrp"":-94,""rsrq"":-20,""rssi"":-61,""snr"":null,""ta"":0,""level"":3,""bands"":""7""}]",1009.0807,70.0,,40,3,,,,"[{""b"":""40:27:0b:02:a2:b7"",""s"":""U+zone_2.4GHz"",""r"":-31,""f"":2432},{""b"":""40:27:0b:02:a2:b8"",""s"":""U+zone"",""r"":-34,""f"":5785},{""b"":""36:78:c2:00:0a:b4"",""s"":""KT WiFi "",""r"":-34,""f"":5640},{""b"":""30:78:c2:00:0a:b4"",""s"":""KT WiFi"",""r"":-35,""f"":5640},{""b"":""02:17:b2:0b:47:88"",""s"":""T wifi zone"",""r"":-37,""f"":2452},{""b"":""22:17:b2:0b:47:8a"",""s"":""T wifi zone_secure"",""r"":-38,""f"":5785},{""b"":""30:78:c2:00:0a:b5"",""s"":""KT WiFi"",""r"":-38,""f"":2432},{""b"":""02:17:b2:0b:47:8a"",""s"":""T wifi zone_secure"",""r"":-39,""f"":2452},{""b"":""36:78:c2:00:0a:b5"",""s"":""KT WiFi "",""r"":-39,""f"":2432},{""b"":""22:17:b2:0b:47:88"",""s"":""T wifi zone"",""r"":-42,""f"":5785},{""b"":""40:27:0b:02:a2:c6"",""s"":""U+zone_2.4GHz"",""r"":-59,""f"":2472},{""b"":""22:17:b2:0b:7d:b8"",""s"":""T wifi zone_secure"",""r"":-62,""f"":5805},{""b"":""40:27:0b:03:1d:51"",""s"":""U+zone"",""r"":-62,""f"":5745},{""b"":""30:78:c2:00:07:d5"",""s"":""KT WiFi"",""r"":-62,""f"":5640},{""b"":""40:27:0b:02:a2:c7"",""s"":""U+zone"",""r"":-62,""f"":5745}]",,37.56564,127.019614,station,신당,신당,70.47264744978717
1789967695582,2026-09-21 14:14:55,unknown,37.5655596,127.0204071,100.0,,,39.24322768851097,fused,4,LTE,NR_NSA,5G,True,False,True,False,False,51244292,463,3050,7,8323,450,6,-86,-11,-55,16.0,3,0.0,,,,322,1964,0.0026,0.0157,282,1924,0.0023,0.0154,False,7,0,7,-78.0,463.0,2600.0,0.2751289,False,False,periodic,60,0,-6.0,6.0,5004,,,,"[{""type"":""LTE"",""pci"":463,""earfcn"":2600,""tac"":null,""rsrp"":-78,""rsrq"":-12,""rssi"":-57,""snr"":null,""ta"":0,""level"":4,""bands"":""5""},{""type"":""LTE"",""pci"":463,""earfcn"":100,""tac"":null,""rsrp"":-81,""rsrq"":-13,""rssi"":-59,""snr"":null,""ta"":0,""level"":4,""bands"":""1""},{""type"":""LTE"",""pci"":486,""earfcn"":100,""tac"":null,""rsrp"":-85,""rsrq"":-17,""rssi"":-59,""snr"":null,""ta"":0,""level"":4,""bands"":""1""},{""type"":""LTE"",""pci"":474,""earfcn"":100,""tac"":null,""rsrp"":-89,""rsrq"":-18,""rssi"":-59,""snr"":null,""ta"":0,""level"":3,""bands"":""1""},{""type"":""LTE"",""pci"":486,""earfcn"":3050,""tac"":null,""rsrp"":-91,""rsrq"":-13,""rssi"":-69,""snr"":null,""ta"":0,""level"":3,""bands"":""7""},{""type"":""LTE"",""pci"":475,""earfcn"":3050,""tac"":null,""rsrp"":-96,""rsrq"":-18,""rssi"":-69,""snr"":null,""ta"":0,""level"":2,""bands"":""7""},{""type"":""LTE"",""pci"":474,""earfcn"":3050,""tac"":null,""rsrp"":-97,""rsrq"":-20,""rssi"":-69,""snr"":null,""ta"":0,""level"":2,""bands"":""7""}]",1009.17566,74.0,,32,4,,,,"[{""b"":""36:78:c2:00:0a:b4"",""s"":""KT WiFi "",""r"":-33,""f"":5640},{""b"":""30:78:c2:00:0a:b4"",""s"":""KT WiFi"",""r"":-33,""f"":5640},{""b"":""40:27:0b:02:a2:b8"",""s"":""U+zone"",""r"":-34,""f"":5785},{""b"":""40:27:0b:02:a2:b7"",""s"":""U+zone_2.4GHz"",""r"":-34,""f"":2432},{""b"":""02:17:b2:0b:47:8a"",""s"":""T wifi zone_secure"",""r"":-35,""f"":2452},{""b"":""02:17:b2:0b:47:88"",""s"":""T wifi zone"",""r"":-37,""f"":2452},{""b"":""22:17:b2:0b:47:8a"",""s"":""T wifi zone_secure"",""r"":-40,""f"":5785},{""b"":""22:17:b2:0b:47:88"",""s"":""T wifi zone"",""r"":-40,""f"":5785},{""b"":""30:78:c2:00:0a:b5"",""s"":""KT WiFi"",""r"":-42,""f"":2432},{""b"":""36:78:c2:00:0a:b5"",""s"":""KT WiFi "",""r"":-44,""f"":2432},{""b"":""30:78:c2:00:07:d5"",""s"":""KT WiFi"",""r"":-59,""f"":5640},{""b"":""40:27:0b:02:a2:c7"",""s"":""U+zone"",""r"":-59,""f"":5745},{""b"":""36:78:c2:00:07:d5"",""s"":""KT WiFi "",""r"":-59,""f"":5640},{""b"":""40:27:0b:03:50:96"",""s"":""U+zone"",""r"":-60,""f"":5785},{""b"":""02:17:b2:0b:7d:b8"",""s"":""T wifi zone_secure"",""r"":-62,""f"":2452}]",,37.56554028642285,127.02036921791712,between,신당,상왕십리,3.9699289995269917
1789967700608,2026-09-21 14:15:00,unknown,37.5655596,127.0204071,100.0,,,38.86108225992599,fused,4,LTE,NR_NSA,5G,True,False,True,False,False,51244292,463,3050,7,8323,450,6,-84,-8,-55,19.0,4,0.0,,,,457,2934,0.0037,0.0235,437,2914,0.0035,0.0233,False,7,0,7,-80.0,463.0,2600.0,0.9501828,False,False,periodic,65,0,2.0,3.0,5003,,,,"[{""type"":""LTE"",""pci"":463,""earfcn"":2600,""tac"":null,""rsrp"":-80,""rsrq"":-11,""rssi"":-59,""snr"":null,""ta"":0,""level"":4,""bands"":""5""},{""type"":""LTE"",""pci"":463,""earfcn"":100,""tac"":null,""rsrp"":-82,""rsrq"":-13,""rssi"":-59,""snr"":null,""ta"":0,""level"":4,""bands"":""1""},{""type"":""LTE"",""pci"":486,""earfcn"":100,""tac"":null,""rsrp"":-84,""rsrq"":-16,""rssi"":-59,""snr"":null,""ta"":0,""level"":4,""bands"":""1""},{""type"":""LTE"",""pci"":474,""earfcn"":100,""tac"":null,""rsrp"":-88,""rsrq"":-20,""rssi"":-59,""snr"":null,""ta"":0,""level"":3,""bands"":""1""},{""type"":""LTE"",""pci"":486,""earfcn"":3050,""tac"":null,""rsrp"":-94,""rsrq"":-12,""rssi"":-67,""snr"":null,""ta"":0,""level"":3,""bands"":""7""},{""type"":""LTE"",""pci"":475,""earfcn"":3050,""tac"":null,""rsrp"":-94,""rsrq"":-17,""rssi"":-67,""snr"":null,""ta"":0,""level"":3,""bands"":""7""},{""type"":""LTE"",""pci"":474,""earfcn"":3050,""tac"":null,""rsrp"":-102,""rsrq"":-18,""rssi"":-67,""snr"":null,""ta"":0,""level"":2,""bands"":""7""}]",1009.3314,74.0,,34,2,,,,"[{""b"":""40:27:0b:02:a2:b8"",""s"":""U+zone"",""r"":-35,""f"":5785},{""b"":""40:27:0b:02:a2:b7"",""s"":""U+zone_2.4GHz"",""r"":-35,""f"":2432},{""b"":""02:17:b2:0b:47:88"",""s"":""T wifi zone"",""r"":-36,""f"":2452},{""b"":""02:17:b2:0b:47:8a"",""s"":""T wifi zone_secure"",""r"":-37,""f"":2452},{""b"":""36:78:c2:00:0a:b5"",""s"":""KT WiFi "",""r"":-37,""f"":2432},{""b"":""30:78:c2:00:0a:b5"",""s"":""KT WiFi"",""r"":-38,""f"":2432},{""b"":""22:17:b2:0b:47:8a"",""s"":""T wifi zone_secure"",""r"":-39,""f"":5785},{""b"":""36:78:c2:00:0a:b4"",""s"":""KT WiFi "",""r"":-42,""f"":5640},{""b"":""30:78:c2:00:0a:b4"",""s"":""KT WiFi"",""r"":-42,""f"":5640},{""b"":""22:17:b2:0b:47:88"",""s"":""T wifi zone"",""r"":-43,""f"":5785},{""b"":""02:17:b2:0b:7d:b6"",""s"":""T wifi zone"",""r"":-57,""f"":2452},{""b"":""40:27:0b:03:50:90"",""s"":""U+zone_2.4GHz"",""r"":-62,""f"":2452},{""b"":""02:17:b2:0b:7d:b8"",""s"":""T wifi zone_secure"",""r"":-62,""f"":2452},{""b"":""22:17:b2:0b:7d:b8"",""s"":""T wifi zone_secure"",""r"":-64,""f"":5805},{""b"":""40:27:0b:03:50:91"",""s"":""U+zone"",""r"":-64,""f"":5745}]",,37.56544134063041,127.02111862073083,between,신당,상왕십리,64.07684588346518
1789967705634,2026-09-21 14:15:05,unknown,37.5655596,127.0204071,100.0,,,36.29999923706055,fused,2,LTE,NR_NSA,5G,True,False,True,False,False,51244292,463,3050,7,8323,450,6,-65,-6,-51,20.0,4,0.0,,,,614941,13425,4.9195,0.1074,614921,13406,4.9194,0.1072,False,6,0,6,-63.0,463.0,2600.0,0.18124251,False,False,periodic,71,0,19.0,1.0,2265,,,,"[{""type"":""LTE"",""pci"":463,""earfcn"":2600,""tac"":null,""rsrp"":-63,""rsrq"":-10,""rssi"":-51,""snr"":null,""ta"":0,""level"":4,""bands"":""5""},{""type"":""LTE"",""pci"":463,""earfcn"":100,""tac"":null,""rsrp"":-64,""rsrq"":-12,""rssi"":-51,""snr"":null,""ta"":0,""level"":4,""bands"":""1""},{""type"":""LTE"",""pci"":474,""earfcn"":100,""tac"":null,""rsrp"":-68,""rsrq"":-20,""rssi"":-51,""snr"":null,""ta"":0,""level"":4,""bands"":""1""},{""type"":""LTE"",""pci"":475,""earfcn"":100,""tac"":null,""rsrp"":-75,""rsrq"":-20,""rssi"":-51,""snr"":null,""ta"":0,""level"":4,""bands"":""1""},{""type"":""LTE"",""pci"":486,""earfcn"":3050,""tac"":null,""rsrp"":-78,""rsrq"":-20,""rssi"":-51,""snr"":null,""ta"":0,""level"":4,""bands"":""7""},{""type"":""LTE"",""pci"":486,""earfcn"":100,""tac"":null,""rsrp"":-85,""rsrq"":-20,""rssi"":-55,""snr"":null,""ta"":0,""level"":4,""bands"":""1""}]",1009.4413,52.0,,29,3,,,,"[{""b"":""40:27:0b:02:a2:b8"",""s"":""U+zone"",""r"":-35,""f"":5785},{""b"":""40:27:0b:02:a2:b7"",""s"":""U+zone_2.4GHz"",""r"":-36,""f"":2432},{""b"":""02:17:b2:0b:47:88"",""s"":""T wifi zone"",""r"":-37,""f"":2452},{""b"":""02:17:b2:0b:47:8a"",""s"":""T wifi zone_secure"",""r"":-38,""f"":2452},{""b"":""22:17:b2:0b:47:8a"",""s"":""T wifi zone_secure"",""r"":-39,""f"":5785},{""b"":""22:17:b2:0b:47:88"",""s"":""T wifi zone"",""r"":-40,""f"":5785},{""b"":""36:78:c2:00:0a:b5"",""s"":""KT WiFi "",""r"":-42,""f"":2432},{""b"":""30:78:c2:00:0a:b5"",""s"":""KT WiFi"",""r"":-42,""f"":2432},{""b"":""30:78:c2:00:0a:b4"",""s"":""KT WiFi"",""r"":-46,""f"":5640},{""b"":""36:78:c2:00:0a:b4"",""s"":""KT WiFi "",""r"":-47,""f"":5640},{""b"":""40:27:0b:02:a2:c6"",""s"":""U+zone_2.4GHz"",""r"":-56,""f"":2472},{""b"":""40:27:0b:02:a2:c7"",""s"":""U+zone"",""r"":-60,""f"":5745},{""b"":""22:17:b2:0b:7d:b6"",""s"":""T wifi zone"",""r"":-65,""f"":5805},{""b"":""22:17:b2:0b:7d:b8"",""s"":""T wifi zone_secure"",""r"":-65,""f"":5805},{""b"":""40:27:0b:03:50:8c"",""s"":""U+zone"",""r"":-66,""f"":5785}]",,37.56534239483796,127.02186802354454,between,신당,상왕십리,131.01053976570546
1789967710429,2026-09-21 14:15:10,unknown,37.5655596,127.0204071,100.0,,,36.29999923706055,fused,7,LTE,NR_NSA,5G,True,False,True,False,False,51244290,486,3050,7,8323,450,6,-88,-10,-57,19.0,3,0.0,,,,439562,1865,3.5165,0.0149,439541,1844,3.5163,0.0148,False,7,0,7,-83.0,486.0,100.0,0.08137526,True,False,handover,0,1,,,5,51244292.0,-65.0,-6.0,"[{""type"":""LTE"",""pci"":486,""earfcn"":100,""tac"":null,""rsrp"":-83,""rsrq"":-9,""rssi"":-65,""snr"":null,""ta"":0,""level"":4,""bands"":""1""},{""type"":""LTE"",""pci"":463,""earfcn"":3050,""tac"":null,""rsrp"":-92,""rsrq"":-12,""rssi"":-69,""snr"":null,""ta"":0,""level"":3,""bands"":""7""},{""type"":""LTE"",""pci"":463,""earfcn"":100,""tac"":null,""rsrp"":-94,""rsrq"":-18,""rssi"":-65,""snr"":null,""ta"":0,""level"":3,""bands"":""1""},{""type"":""LTE"",""pci"":463,""earfcn"":2600,""tac"":null,""rsrp"":-95,""rsrq"":-10,""rssi"":-75,""snr"":null,""ta"":0,""level"":3,""bands"":""5""},{""type"":""LTE"",""pci"":475,""earfcn"":3050,""tac"":null,""rsrp"":-97,""rsrq"":-17,""rssi"":-69,""snr"":null,""ta"":0,""level"":2,""bands"":""7""},{""type"":""LTE"",""pci"":486,""earfcn"":2600,""tac"":null,""rsrp"":-97,""rsrq"":-10,""rssi"":-75,""snr"":null,""ta"":0,""level"":2,""bands"":""5""},{""type"":""LTE"",""pci"":474,""earfcn"":3050,""tac"":null,""rsrp"":-100,""rsrq"":-18,""rssi"":-71,""snr"":null,""ta"":0,""level"":2,""bands"":""7""}]",1009.559,49.0,36.382,29,8,,,,"[{""b"":""40:27:0b:02:a2:b8"",""s"":""U+zone"",""r"":-35,""f"":5785},{""b"":""40:27:0b:02:a2:b7"",""s"":""U+zone_2.4GHz"",""r"":-36,""f"":2432},{""b"":""02:17:b2:0b:47:88"",""s"":""T wifi zone"",""r"":-37,""f"":2452},{""b"":""02:17:b2:0b:47:8a"",""s"":""T wifi zone_secure"",""r"":-38,""f"":2452},{""b"":""22:17:b2:0b:47:8a"",""s"":""T wifi zone_secure"",""r"":-39,""f"":5785},{""b"":""22:17:b2:0b:47:88"",""s"":""T wifi zone"",""r"":-40,""f"":5785},{""b"":""36:78:c2:00:0a:b5"",""s"":""KT WiFi "",""r"":-42,""f"":2432},{""b"":""30:78:c2:00:0a:b5"",""s"":""KT WiFi"",""r"":-42,""f"":2432},{""b"":""30:78:c2:00:0a:b4"",""s"":""KT WiFi"",""r"":-46,""f"":5640},{""b"":""36:78:c2:00:0a:b4"",""s"":""KT WiFi "",""r"":-47,""f"":5640},{""b"":""40:27:0b:02:a2:c6"",""s"":""U+zone_2.4GHz"",""r"":-56,""f"":2472},{""b"":""40:27:0b:02:a2:c7"",""s"":""U+zone"",""r"":-60,""f"":5745},{""b"":""22:17:b2:0b:7d:b6"",""s"":""T wifi zone"",""r"":-65,""f"":5805},{""b"":""22:17:b2:0b:7d:b8"",""s"":""T wifi zone_secure"",""r"":-65,""f"":5805},{""b"":""40:27:0b:03:50:8c"",""s"":""U+zone"",""r"":-66,""f"":5785}]","[{""type"":""LTE"",""pci"":463,""earfcn"":2600,""tac"":null,""rsrp"":-63,""rsrq"":-10,""rssi"":-51,""snr"":null,""ta"":0,""level"":4,""bands"":""5""},{""type"":""LTE"",""pci"":463,""earfcn"":100,""tac"":null,""rsrp"":-64,""rsrq"":-12,""rssi"":-51,""snr"":null,""ta"":0,""level"":4,""bands"":""1""},{""type"":""LTE"",""pci"":474,""earfcn"":100,""tac"":null,""rsrp"":-68,""rsrq"":-20,""rssi"":-51,""snr"":null,""ta"":0,""level"":4,""bands"":""1""},{""type"":""LTE"",""pci"":475,""earfcn"":100,""tac"":null,""rsrp"":-75,""rsrq"":-20,""rssi"":-51,""snr"":null,""ta"":0,""level"":4,""bands"":""1""},{""type"":""LTE"",""pci"":486,""earfcn"":3050,""tac"":null,""rsrp"":-78,""rsrq"":-20,""rssi"":-51,""snr"":null,""ta"":0,""level"":4,""bands"":""7""},{""type"":""LTE"",""pci"":486,""earfcn"":100,""tac"":null,""rsrp"":-85,""rsrq"":-20,""rssi"":-55,""snr"":null,""ta"":0,""level"":4,""bands"":""1""}]",37.56524799669336,127.02258298305344,between,신당,상왕십리,194.88614860828105
1789967710658,2026-09-21 14:15:10,unknown,37.5655596,127.0204071,100.0,,,36.29999923706055,fused,7,LTE,NR_NSA,5G,True,False,True,False,False,51244290,486,3050,7,8323,450,6,-88,-10,-57,19.0,3,0.0,,,,0,0,0.0,0.0,0,0,0.0,0.0,False,7,0,7,-83.0,486.0,100.0,0.06646856,False,False,periodic,0,1,0.0,0.0,234,,,,"[{""type"":""LTE"",""pci"":486,""earfcn"":100,""tac"":null,""rsrp"":-83,""rsrq"":-9,""rssi"":-65,""snr"":null,""ta"":0,""level"":4,""bands"":""1""},{""type"":""LTE"",""pci"":463,""earfcn"":3050,""tac"":null,""rsrp"":-92,""rsrq"":-12,""rssi"":-69,""snr"":null,""ta"":0,""level"":3,""bands"":""7""},{""type"":""LTE"",""pci"":463,""earfcn"":100,""tac"":null,""rsrp"":-94,""rsrq"":-18,""rssi"":-65,""snr"":null,""ta"":0,""level"":3,""bands"":""1""},{""type"":""LTE"",""pci"":463,""earfcn"":2600,""tac"":null,""rsrp"":-95,""rsrq"":-10,""rssi"":-75,""snr"":null,""ta"":0,""level"":3,""bands"":""5""},{""type"":""LTE"",""pci"":475,""earfcn"":3050,""tac"":null,""rsrp"":-97,""rsrq"":-17,""rssi"":-69,""snr"":null,""ta"":0,""level"":2,""bands"":""7""},{""type"":""LTE"",""pci"":486,""earfcn"":2600,""tac"":null,""rsrp"":-97,""rsrq"":-10,""rssi"":-75,""snr"":null,""ta"":0,""level"":2,""bands"":""5""},{""type"":""LTE"",""pci"":474,""earfcn"":3050,""tac"":null,""rsrp"":-100,""rsrq"":-18,""rssi"":-71,""snr"":null,""ta"":0,""level"":2,""bands"":""7""}]",1009.5508,49.0,,29,8,,,,"[{""b"":""40:27:0b:02:a2:b8"",""s"":""U+zone"",""r"":-35,""f"":5785},{""b"":""40:27:0b:02:a2:b7"",""s"":""U+zone_2.4GHz"",""r"":-36,""f"":2432},{""b"":""02:17:b2:0b:47:88"",""s"":""T wifi zone"",""r"":-37,""f"":2452},{""b"":""02:17:b2:0b:47:8a"",""s"":""T wifi zone_secure"",""r"":-38,""f"":2452},{""b"":""22:17:b2:0b:47:8a"",""s"":""T wifi zone_secure"",""r"":-39,""f"":5785},{""b"":""22:17:b2:0b:47:88"",""s"":""T wifi zone"",""r"":-40,""f"":5785},{""b"":""36:78:c2:00:0a:b5"",""s"":""KT WiFi "",""r"":-42,""f"":2432},{""b"":""30:78:c2:00:0a:b5"",""s"":""KT WiFi"",""r"":-42,""f"":2432},{""b"":""30:78:c2:00:0a:b4"",""s"":""KT WiFi"",""r"":-46,""f"":5640},{""b"":""36:78:c2:00:0a:b4"",""s"":""KT WiFi "",""r"":-47,""f"":5640},{""b"":""40:27:0b:02:a2:c6"",""s"":""U+zone_2.4GHz"",""r"":-56,""f"":2472},{""b"":""40:27:0b:02:a2:c7"",""s"":""U+zone"",""r"":-60,""f"":5745},{""b"":""22:17:b2:0b:7d:b6"",""s"":""T wifi zone"",""r"":-65,""f"":5805},{""b"":""22:17:b2:0b:7d:b8"",""s"":""T wifi zone_secure"",""r"":-65,""f"":5805},{""b"":""40:27:0b:03:50:8c"",""s"":""U+zone"",""r"":-66,""f"":5785}]",,37.565243488419085,127.02261712814783,between,신당,상왕십리,197.93687081742706
1789967715676,2026-09-21 14:15:15,unknown,37.5655596,127.0204071,100.0,,,36.29999923706055,fused,7,LTE,NR_NSA,5G,True,False,True,False,False,51244290,486,3050,7,8323,450,6,-77,-6,-51,12.0,4,0.0,,,,3449,577,0.0276,0.0046,3409,537,0.0273,0.0043,False,7,0,7,-71.0,486.0,100.0,7.43018e-05,False,False,periodic,5,1,11.0,-7.0,421,,,,"[{""type"":""LTE"",""pci"":486,""earfcn"":100,""tac"":null,""rsrp"":-71,""rsrq"":-8,""rssi"":-53,""snr"":null,""ta"":0,""level"":4,""bands"":""1""},{""type"":""LTE"",""pci"":474,""earfcn"":100,""tac"":null,""rsrp"":-82,""rsrq"":-15,""rssi"":-55,""snr"":null,""ta"":0,""level"":4,""bands"":""1""},{""type"":""LTE"",""pci"":475,""earfcn"":3050,""tac"":null,""rsrp"":-92,""rsrq"":-19,""rssi"":-65,""snr"":null,""ta"":0,""level"":3,""bands"":""7""},{""type"":""LTE"",""pci"":474,""earfcn"":3050,""tac"":null,""rsrp"":-93,""rsrq"":-17,""rssi"":-65,""snr"":null,""ta"":0,""level"":3,""bands"":""7""},{""type"":""LTE"",""pci"":463,""earfcn"":100,""tac"":null,""rsrp"":-93,""rsrq"":-18,""rssi"":-65,""snr"":null,""ta"":0,""level"":3,""bands"":""1""},{""type"":""LTE"",""pci"":486,""earfcn"":2600,""tac"":null,""rsrp"":-94,""rsrq"":-7,""rssi"":-75,""snr"":null,""ta"":0,""level"":3,""bands"":""5""},{""type"":""LTE"",""pci"":463,""earfcn"":2600,""tac"":null,""rsrp"":-106,""rsrq"":-20,""rssi"":-75,""snr"":null,""ta"":0,""level"":1,""bands"":""5""}]",1009.5548,59.0,,19,3,,,,"[{""b"":""40:27:0b:02:a2:b7"",""s"":""U+zone_2.4GHz"",""r"":-33,""f"":2432},{""b"":""40:27:0b:02:a2:b8"",""s"":""U+zone"",""r"":-36,""f"":5785},{""b"":""36:78:c2:00:0a:b5"",""s"":""KT WiFi "",""r"":-38,""f"":2432},{""b"":""30:78:c2:00:0a:b5"",""s"":""KT WiFi"",""r"":-38,""f"":2432},{""b"":""02:17:b2:0b:47:88"",""s"":""T wifi zone"",""r"":-39,""f"":2452},{""b"":""02:17:b2:0b:47:8a"",""s"":""T wifi zone_secure"",""r"":-40,""f"":2452},{""b"":""22:17:b2:0b:47:88"",""s"":""T wifi zone"",""r"":-42,""f"":5785},{""b"":""22:17:b2:0b:47:8a"",""s"":""T wifi zone_secure"",""r"":-43,""f"":5785},{""b"":""36:78:c2:00:0a:b4"",""s"":""KT WiFi "",""r"":-44,""f"":5640},{""b"":""30:78:c2:00:0a:b4"",""s"":""KT WiFi"",""r"":-44,""f"":5640},{""b"":""02:17:b2:0b:7d:b6"",""s"":""T wifi zone"",""r"":-58,""f"":2452},{""b"":""30:78:c2:00:07:d6"",""s"":""KT WiFi"",""r"":-60,""f"":2432},{""b"":""40:27:0b:02:a2:c7"",""s"":""U+zone"",""r"":-60,""f"":5745},{""b"":""36:78:c2:00:07:d6"",""s"":""KT WiFi "",""r"":-61,""f"":2432},{""b"":""22:17:b2:0b:7d:b6"",""s"":""T wifi zone"",""r"":-67,""f"":5805}]",,37.56514470012094,127.0233653381198,between,신당,상왕십리,264.787993152728
1789967720696,2026-09-21 14:15:20,unknown,37.5655596,127.0204071,100.0,,,36.29999923706055,fused,12,LTE,NR_NSA,5G,True,False,True,False,False,51244290,486,3050,7,8323,450,6,-86,-7,-59,18.0,3,0.0,,,,156,406,0.0012,0.0032,136,386,0.0011,0.0031,False,9,0,9,-82.0,486.0,100.0,0.4955918,False,False,periodic,10,1,-9.0,6.0,436,,,,"[{""type"":""LTE"",""pci"":486,""earfcn"":100,""tac"":null,""rsrp"":-82,""rsrq"":-11,""rssi"":-61,""snr"":null,""ta"":0,""level"":4,""bands"":""1""},{""type"":""LTE"",""pci"":475,""earfcn"":100,""tac"":null,""rsrp"":-85,""rsrq"":-15,""rssi"":-61,""snr"":null,""ta"":0,""level"":4,""bands"":""1""},{""type"":""LTE"",""pci"":475,""earfcn"":3050,""tac"":null,""rsrp"":-88,""rsrq"":-11,""rssi"":-67,""snr"":null,""ta"":0,""level"":3,""bands"":""7""},{""type"":""LTE"",""pci"":463,""earfcn"":100,""tac"":null,""rsrp"":-91,""rsrq"":-19,""rssi"":-61,""snr"":null,""ta"":0,""level"":3,""bands"":""1""},{""type"":""LTE"",""pci"":474,""earfcn"":100,""tac"":null,""rsrp"":-91,""rsrq"":-17,""rssi"":-61,""snr"":null,""ta"":0,""level"":3,""bands"":""1""},{""type"":""LTE"",""pci"":474,""earfcn"":3050,""tac"":null,""rsrp"":-97,""rsrq"":-17,""rssi"":-67,""snr"":null,""ta"":0,""level"":2,""bands"":""7""},{""type"":""LTE"",""pci"":486,""earfcn"":2600,""tac"":null,""rsrp"":-100,""rsrq"":-11,""rssi"":-77,""snr"":null,""ta"":0,""level"":2,""bands"":""5""},{""type"":""LTE"",""pci"":475,""earfcn"":2600,""tac"":null,""rsrp"":-101,""rsrq"":-14,""rssi"":-77,""snr"":null,""ta"":0,""level"":2,""bands"":""5""},{""type"":""LTE"",""pci"":463,""earfcn"":2600,""tac"":null,""rsrp"":-106,""rsrq"":-19,""rssi"":-77,""snr"":null,""ta"":0,""level"":1,""bands"":""5""}]",1009.11426,80.0,,19,8,,,,"[{""b"":""40:27:0b:02:a2:b7"",""s"":""U+zone_2.4GHz"",""r"":-33,""f"":2432},{""b"":""40:27:0b:02:a2:b8"",""s"":""U+zone"",""r"":-36,""f"":5785},{""b"":""36:78:c2:00:0a:b5"",""s"":""KT WiFi "",""r"":-38,""f"":2432},{""b"":""30:78:c2:00:0a:b5"",""s"":""KT WiFi"",""r"":-38,""f"":2432},{""b"":""02:17:b2:0b:47:88"",""s"":""T wifi zone"",""r"":-39,""f"":2452},{""b"":""02:17:b2:0b:47:8a"",""s"":""T wifi zone_secure"",""r"":-40,""f"":2452},{""b"":""22:17:b2:0b:47:88"",""s"":""T wifi zone"",""r"":-42,""f"":5785},{""b"":""22:17:b2:0b:47:8a"",""s"":""T wifi zone_secure"",""r"":-43,""f"":5785},{""b"":""36:78:c2:00:0a:b4"",""s"":""KT WiFi "",""r"":-44,""f"":5640},{""b"":""30:78:c2:00:0a:b4"",""s"":""KT WiFi"",""r"":-44,""f"":5640},{""b"":""02:17:b2:0b:7d:b6"",""s"":""T wifi zone"",""r"":-58,""f"":2452},{""b"":""30:78:c2:00:07:d6"",""s"":""KT WiFi"",""r"":-60,""f"":2432},{""b"":""40:27:0b:02:a2:c7"",""s"":""U+zone"",""r"":-60,""f"":5745},{""b"":""36:78:c2:00:07:d6"",""s"":""KT WiFi "",""r"":-61,""f"":2432},{""b"":""22:17:b2:0b:7d:b6"",""s"":""T wifi zone"",""r"":-67,""f"":5805}]",,37.56504587244922,127.02411384630223,between,신당,상왕십리,331.66767633431147
1789967722293,2026-09-21 14:15:22,unknown,37.5655596,127.0204071,100.0,,,36.29999923706055,fused,13,LTE,NR_NSA,5G,True,False,True,False,False,51224325,475,3050,7,8283,450,6,-84,-9,-57,15.0,4,0.0,,,,5187,2522,0.0415,0.0202,5187,2522,0.0415,0.0202,False,8,0,8,-85.0,475.0,100.0,0.93926066,True,False,handover,0,2,,,5,51244290.0,-86.0,-7.0,"[{""type"":""LTE"",""pci"":475,""earfcn"":100,""tac"":null,""rsrp"":-85,""rsrq"":-9,""rssi"":-65,""snr"":null,""ta"":0,""level"":4,""bands"":""1""},{""type"":""LTE"",""pci"":486,""earfcn"":3050,""tac"":null,""rsrp"":-92,""rsrq"":-12,""rssi"":-55,""snr"":null,""ta"":0,""level"":3,""bands"":""7""},{""type"":""LTE"",""pci"":486,""earfcn"":100,""tac"":null,""rsrp"":-92,""rsrq"":-17,""rssi"":-65,""snr"":null,""ta"":0,""level"":3,""bands"":""1""},{""type"":""LTE"",""pci"":474,""earfcn"":3050,""tac"":null,""rsrp"":-95,""rsrq"":-15,""rssi"":-71,""snr"":null,""ta"":0,""level"":3,""bands"":""7""},{""type"":""LTE"",""pci"":475,""earfcn"":2600,""tac"":null,""rsrp"":-95,""rsrq"":-13,""rssi"":-75,""snr"":null,""ta"":0,""level"":3,""bands"":""5""},{""type"":""LTE"",""pci"":486,""earfcn"":2600,""tac"":null,""rsrp"":-96,""rsrq"":-13,""rssi"":-75,""snr"":null,""ta"":0,""level"":2,""bands"":""5""},{""type"":""LTE"",""pci"":463,""earfcn"":2600,""tac"":null,""rsrp"":-103,""rsrq"":-20,""rssi"":-75,""snr"":null,""ta"":0,""level"":2,""bands"":""5""},{""type"":""LTE"",""pci"":474,""earfcn"":2600,""tac"":null,""rsrp"":-106,""rsrq"":-20,""rssi"":-75,""snr"":null,""ta"":0,""level"":1,""bands"":""5""}]",1008.8629,80.0,,19,9,,,,"[{""b"":""40:27:0b:02:a2:b7"",""s"":""U+zone_2.4GHz"",""r"":-33,""f"":2432},{""b"":""40:27:0b:02:a2:b8"",""s"":""U+zone"",""r"":-36,""f"":5785},{""b"":""36:78:c2:00:0a:b5"",""s"":""KT WiFi "",""r"":-38,""f"":2432},{""b"":""30:78:c2:00:0a:b5"",""s"":""KT WiFi"",""r"":-38,""f"":2432},{""b"":""02:17:b2:0b:47:88"",""s"":""T wifi zone"",""r"":-39,""f"":2452},{""b"":""02:17:b2:0b:47:8a"",""s"":""T wifi zone_secure"",""r"":-40,""f"":2452},{""b"":""22:17:b2:0b:47:88"",""s"":""T wifi zone"",""r"":-42,""f"":5785},{""b"":""22:17:b2:0b:47:8a"",""s"":""T wifi zone_secure"",""r"":-43,""f"":5785},{""b"":""36:78:c2:00:0a:b4"",""s"":""KT WiFi "",""r"":-44,""f"":5640},{""b"":""30:78:c2:00:0a:b4"",""s"":""KT WiFi"",""r"":-44,""f"":5640},{""b"":""02:17:b2:0b:7d:b6"",""s"":""T wifi zone"",""r"":-58,""f"":2452},{""b"":""30:78:c2:00:07:d6"",""s"":""KT WiFi"",""r"":-60,""f"":2432},{""b"":""40:27:0b:02:a2:c7"",""s"":""U+zone"",""r"":-60,""f"":5745},{""b"":""36:78:c2:00:07:d6"",""s"":""KT WiFi "",""r"":-61,""f"":2432},{""b"":""22:17:b2:0b:7d:b6"",""s"":""T wifi zone"",""r"":-67,""f"":5805}]","[{""type"":""LTE"",""pci"":486,""earfcn"":100,""tac"":null,""rsrp"":-82,""rsrq"":-11,""rssi"":-61,""snr"":null,""ta"":0,""level"":4,""bands"":""1""},{""type"":""LTE"",""pci"":475,""earfcn"":100,""tac"":null,""rsrp"":-85,""rsrq"":-15,""rssi"":-61,""snr"":null,""ta"":0,""level"":4,""bands"":""1""},{""type"":""LTE"",""pci"":475,""earfcn"":3050,""tac"":null,""rsrp"":-88,""rsrq"":-11,""rssi"":-67,""snr"":null,""ta"":0,""level"":3,""bands"":""7""},{""type"":""LTE"",""pci"":463,""earfcn"":100,""tac"":null,""rsrp"":-91,""rsrq"":-19,""rssi"":-61,""snr"":null,""ta"":0,""level"":3,""bands"":""1""},{""type"":""LTE"",""pci"":474,""earfcn"":100,""tac"":null,""rsrp"":-91,""rsrq"":-17,""rssi"":-61,""snr"":null,""ta"":0,""level"":3,""bands"":""1""},{""type"":""LTE"",""pci"":474,""earfcn"":3050,""tac"":null,""rsrp"":-97,""rsrq"":-17,""rssi"":-67,""snr"":null,""ta"":0,""level"":2,""bands"":""7""},{""type"":""LTE"",""pci"":486,""earfcn"":2600,""tac"":null,""rsrp"":-100,""rsrq"":-11,""rssi"":-77,""snr"":null,""ta"":0,""level"":2,""bands"":""5""},{""type"":""LTE"",""pci"":475,""earfcn"":2600,""tac"":null,""rsrp"":-101,""rsrq"":-14,""rssi"":-77,""snr"":null,""ta"":0,""level"":2,""bands"":""5""},{""type"":""LTE"",""pci"":463,""earfcn"":2600,""tac"":null,""rsrp"":-106,""rsrq"":-19,""rssi"":-77,""snr"":null,""ta"":0,""level"":1,""bands"":""5""}]",37.56501443265007,127.02435196733157,between,신당,상왕십리,352.9441754009237
1789967725718,2026-09-21 14:15:25,unknown,37.5655596,127.0204071,100.0,,,36.29999923706055,fused,17,LTE,NR_NSA,5G,True,False,True,False,False,51224325,475,3050,7,8283,450,6,-84,-9,-57,15.0,4,0.0,,,,28936,26667,0.2315,0.2133,28907,26637,0.2313,0.2131,False,8,0,8,-85.0,475.0,100.0,0.21810241,False,False,periodic,3,2,0.0,0.0,3431,,,,"[{""type"":""LTE"",""pci"":475,""earfcn"":100,""tac"":null,""rsrp"":-85,""rsrq"":-9,""rssi"":-65,""snr"":null,""ta"":0,""level"":4,""bands"":""1""},{""type"":""LTE"",""pci"":486,""earfcn"":3050,""tac"":null,""rsrp"":-92,""rsrq"":-12,""rssi"":-55,""snr"":null,""ta"":0,""level"":3,""bands"":""7""},{""type"":""LTE"",""pci"":486,""earfcn"":100,""tac"":null,""rsrp"":-92,""rsrq"":-17,""rssi"":-65,""snr"":null,""ta"":0,""level"":3,""bands"":""1""},{""type"":""LTE"",""pci"":474,""earfcn"":3050,""tac"":null,""rsrp"":-95,""rsrq"":-15,""rssi"":-71,""snr"":null,""ta"":0,""level"":3,""bands"":""7""},{""type"":""LTE"",""pci"":475,""earfcn"":2600,""tac"":null,""rsrp"":-95,""rsrq"":-13,""rssi"":-75,""snr"":null,""ta"":0,""level"":3,""bands"":""5""},{""type"":""LTE"",""pci"":486,""earfcn"":2600,""tac"":null,""rsrp"":-96,""rsrq"":-13,""rssi"":-75,""snr"":null,""ta"":0,""level"":2,""bands"":""5""},{""type"":""LTE"",""pci"":463,""earfcn"":2600,""tac"":null,""rsrp"":-103,""rsrq"":-20,""rssi"":-75,""snr"":null,""ta"":0,""level"":2,""bands"":""5""},{""type"":""LTE"",""pci"":474,""earfcn"":2600,""tac"":null,""rsrp"":-106,""rsrq"":-20,""rssi"":-75,""snr"":null,""ta"":0,""level"":1,""bands"":""5""}]",1008.43066,56.0,,18,3,,,,"[{""b"":""40:27:0b:02:a2:b7"",""s"":""U+zone_2.4GHz"",""r"":-31,""f"":2432},{""b"":""40:27:0b:02:a2:b8"",""s"":""U+zone"",""r"":-33,""f"":5785},{""b"":""02:17:b2:0b:47:88"",""s"":""T wifi zone"",""r"":-39,""f"":2452},{""b"":""02:17:b2:0b:47:8a"",""s"":""T wifi zone_secure"",""r"":-39,""f"":2452},{""b"":""22:17:b2:0b:47:88"",""s"":""T wifi zone"",""r"":-40,""f"":5785},{""b"":""22:17:b2:0b:47:8a"",""s"":""T wifi zone_secure"",""r"":-41,""f"":5785},{""b"":""36:78:c2:00:0a:b5"",""s"":""KT WiFi "",""r"":-42,""f"":2432},{""b"":""36:78:c2:00:0a:b4"",""s"":""KT WiFi "",""r"":-43,""f"":5640},{""b"":""30:78:c2:00:0a:b4"",""s"":""KT WiFi"",""r"":-43,""f"":5640},{""b"":""30:78:c2:00:0a:b5"",""s"":""KT WiFi"",""r"":-47,""f"":2432},{""b"":""02:17:b2:0b:7d:b8"",""s"":""T wifi zone_secure"",""r"":-56,""f"":2452},{""b"":""40:27:0b:02:a2:c7"",""s"":""U+zone"",""r"":-60,""f"":5745},{""b"":""30:78:c2:00:07:d5"",""s"":""KT WiFi"",""r"":-71,""f"":5640},{""b"":""36:78:c2:00:07:d5"",""s"":""KT WiFi "",""r"":-71,""f"":5640},{""b"":""4a:38:1f:4d:be:38"",""s"":"""",""r"":-88,""f"":5745}]",,37.564947005403916,127.02486265269506,between,신당,상왕십리,398.575000709757
1789967730731,2026-09-21 14:15:30,unknown,37.5655596,127.0204071,100.0,,,36.29999923706055,fused,22,LTE,NR_NSA,5G,True,False,True,False,False,51224325,475,3050,7,8283,450,6,-75,-7,-51,20.0,4,0.0,,,,192746,15802,1.542,0.1264,192726,15782,1.5418,0.1263,False,9,0,9,-62.0,486.0,100.0,0.020068636,False,False,periodic,8,2,9.0,5.0,1857,,,,"[{""type"":""LTE"",""pci"":486,""earfcn"":100,""tac"":null,""rsrp"":-62,""rsrq"":-18,""rssi"":-51,""snr"":null,""ta"":0,""level"":4,""bands"":""1""},{""type"":""LTE"",""pci"":486,""earfcn"":2600,""tac"":null,""rsrp"":-75,""rsrq"":-19,""rssi"":-51,""snr"":null,""ta"":0,""level"":4,""bands"":""5""},{""type"":""LTE"",""pci"":475,""earfcn"":100,""tac"":null,""rsrp"":-75,""rsrq"":-7,""rssi"":-51,""snr"":null,""ta"":0,""level"":4,""bands"":""1""},{""type"":""LTE"",""pci"":475,""earfcn"":2600,""tac"":null,""rsrp"":-77,""rsrq"":-7,""rssi"":-53,""snr"":null,""ta"":0,""level"":4,""bands"":""5""},{""type"":""LTE"",""pci"":474,""earfcn"":100,""tac"":null,""rsrp"":-80,""rsrq"":-17,""rssi"":-53,""snr"":null,""ta"":0,""level"":4,""bands"":""1""},{""type"":""LTE"",""pci"":84,""earfcn"":2600,""tac"":null,""rsrp"":-87,""rsrq"":-20,""rssi"":-55,""snr"":null,""ta"":0,""level"":3,""bands"":""5""},{""type"":""LTE"",""pci"":474,""earfcn"":3050,""tac"":null,""rsrp"":-89,""rsrq"":-14,""rssi"":-63,""snr"":null,""ta"":0,""level"":3,""bands"":""7""},{""type"":""LTE"",""pci"":486,""earfcn"":3050,""tac"":null,""rsrp"":-91,""rsrq"":-19,""rssi"":-63,""snr"":null,""ta"":0,""level"":3,""bands"":""7""},{""type"":""LTE"",""pci"":474,""earfcn"":2600,""tac"":null,""rsrp"":-97,""rsrq"":-19,""rssi"":-67,""snr"":null,""ta"":0,""level"":2,""bands"":""5""}]",1008.58026,88.0,,17,1,,,,"[{""b"":""40:27:0b:02:a2:b7"",""s"":""U+zone_2.4GHz"",""r"":-35,""f"":2432},{""b"":""40:27:0b:02:a2:b8"",""s"":""U+zone"",""r"":-37,""f"":5785},{""b"":""02:17:b2:0b:47:88"",""s"":""T wifi zone"",""r"":-37,""f"":2452},{""b"":""02:17:b2:0b:47:8a"",""s"":""T wifi zone_secure"",""r"":-38,""f"":2452},{""b"":""22:17:b2:0b:47:88"",""s"":""T wifi zone"",""r"":-39,""f"":5785},{""b"":""22:17:b2:0b:47:8a"",""s"":""T wifi zone_secure"",""r"":-42,""f"":5785},{""b"":""36:78:c2:00:0a:b4"",""s"":""KT WiFi "",""r"":-42,""f"":5640},{""b"":""30:78:c2:00:0a:b4"",""s"":""KT WiFi"",""r"":-42,""f"":5640},{""b"":""36:78:c2:00:0a:b5"",""s"":""KT WiFi "",""r"":-43,""f"":2432},{""b"":""30:78:c2:00:0a:b5"",""s"":""KT WiFi"",""r"":-43,""f"":2432},{""b"":""40:27:0b:02:a2:c6"",""s"":""U+zone_2.4GHz"",""r"":-49,""f"":2472},{""b"":""40:27:0b:02:a2:c7"",""s"":""U+zone"",""r"":-61,""f"":5745},{""b"":""02:17:b2:0b:7d:b8"",""s"":""T wifi zone_secure"",""r"":-62,""f"":2452},{""b"":""22:17:b2:0b:7d:b6"",""s"":""T wifi zone"",""r"":-63,""f"":5805},{""b"":""22:17:b2:0b:7d:b8"",""s"":""T wifi zone_secure"",""r"":-63,""f"":5805}]",,37.564848315539706,127.02561011714097,between,신당,상왕십리,465.363021875612
1789967732195,2026-09-21 14:15:32,unknown,37.5655596,127.0204071,100.0,,,36.29999923706055,fused,23,LTE,NR_NSA,5G,True,False,True,False,False,51224322,474,3050,7,8283,450,6,-81,-10,-55,21.0,4,0.0,,,,850827,5663,6.8066,0.0453,850759,5595,6.8061,0.0448,False,7,0,7,-78.0,474.0,100.0,0.05599677,True,False,handover,0,3,,,6,51224325.0,-75.0,-7.0,"[{""type"":""LTE"",""pci"":474,""earfcn"":100,""tac"":null,""rsrp"":-78,""rsrq"":-9,""rssi"":-61,""snr"":null,""ta"":0,""level"":4,""bands"":""1""},{""type"":""LTE"",""pci"":475,""earfcn"":100,""tac"":null,""rsrp"":-88,""rsrq"":-16,""rssi"":-61,""snr"":null,""ta"":0,""level"":3,""bands"":""1""},{""type"":""LTE"",""pci"":475,""earfcn"":2600,""tac"":null,""rsrp"":-90,""rsrq"":-10,""rssi"":-63,""snr"":null,""ta"":0,""level"":3,""bands"":""5""},{""type"":""LTE"",""pci"":475,""earfcn"":3050,""tac"":null,""rsrp"":-91,""rsrq"":-10,""rssi"":-51,""snr"":null,""ta"":0,""level"":3,""bands"":""7""},{""type"":""LTE"",""pci"":479,""earfcn"":100,""tac"":null,""rsrp"":-92,""rsrq"":-20,""rssi"":-61,""snr"":null,""ta"":0,""level"":3,""bands"":""1""},{""type"":""LTE"",""pci"":474,""earfcn"":2600,""tac"":null,""rsrp"":-94,""rsrq"":-15,""rssi"":-67,""snr"":null,""ta"":0,""level"":3,""bands"":""5""},{""type"":""LTE"",""pci"":479,""earfcn"":2600,""tac"":null,""rsrp"":-97,""rsrq"":-18,""rssi"":-67,""snr"":null,""ta"":0,""level"":2,""bands"":""5""}]",1008.37244,88.0,,17,2,,,,"[{""b"":""40:27:0b:02:a2:b7"",""s"":""U+zone_2.4GHz"",""r"":-35,""f"":2432},{""b"":""40:27:0b:02:a2:b8"",""s"":""U+zone"",""r"":-37,""f"":5785},{""b"":""02:17:b2:0b:47:88"",""s"":""T wifi zone"",""r"":-37,""f"":2452},{""b"":""02:17:b2:0b:47:8a"",""s"":""T wifi zone_secure"",""r"":-38,""f"":2452},{""b"":""22:17:b2:0b:47:88"",""s"":""T wifi zone"",""r"":-39,""f"":5785},{""b"":""22:17:b2:0b:47:8a"",""s"":""T wifi zone_secure"",""r"":-42,""f"":5785},{""b"":""36:78:c2:00:0a:b4"",""s"":""KT WiFi "",""r"":-42,""f"":5640},{""b"":""30:78:c2:00:0a:b4"",""s"":""KT WiFi"",""r"":-42,""f"":5640},{""b"":""36:78:c2:00:0a:b5"",""s"":""KT WiFi "",""r"":-43,""f"":2432},{""b"":""30:78:c2:00:0a:b5"",""s"":""KT WiFi"",""r"":-43,""f"":2432},{""b"":""40:27:0b:02:a2:c6"",""s"":""U+zone_2.4GHz"",""r"":-49,""f"":2472},{""b"":""40:27:0b:02:a2:c7"",""s"":""U+zone"",""r"":-61,""f"":5745},{""b"":""02:17:b2:0b:7d:b8"",""s"":""T wifi zone_secure"",""r"":-62,""f"":2452},{""b"":""22:17:b2:0b:7d:b6"",""s"":""T wifi zone"",""r"":-63,""f"":5805},{""b"":""22:17:b2:0b:7d:b8"",""s"":""T wifi zone_secure"",""r"":-63,""f"":5805}]","[{""type"":""LTE"",""pci"":486,""earfcn"":100,""tac"":null,""rsrp"":-62,""rsrq"":-18,""rssi"":-51,""snr"":null,""ta"":0,""level"":4,""bands"":""1""},{""type"":""LTE"",""pci"":486,""earfcn"":2600,""tac"":null,""rsrp"":-75,""rsrq"":-19,""rssi"":-51,""snr"":null,""ta"":0,""level"":4,""bands"":""5""},{""type"":""LTE"",""pci"":475,""earfcn"":100,""tac"":null,""rsrp"":-75,""rsrq"":-7,""rssi"":-51,""snr"":null,""ta"":0,""level"":4,""bands"":""1""},{""type"":""LTE"",""pci"":475,""earfcn"":2600,""tac"":null,""rsrp"":-77,""rsrq"":-7,""rssi"":-53,""snr"":null,""ta"":0,""level"":4,""bands"":""5""},{""type"":""LTE"",""pci"":474,""earfcn"":100,""tac"":null,""rsrp"":-80,""rsrq"":-17,""rssi"":-53,""snr"":null,""ta"":0,""level"":4,""bands"":""1""},{""type"":""LTE"",""pci"":84,""earfcn"":2600,""tac"":null,""rsrp"":-87,""rsrq"":-20,""rssi"":-55,""snr"":null,""ta"":0,""level"":3,""bands"":""5""},{""type"":""LTE"",""pci"":474,""earfcn"":3050,""tac"":null,""rsrp"":-89,""rsrq"":-14,""rssi"":-63,""snr"":null,""ta"":0,""level"":3,""bands"":""7""},{""type"":""LTE"",""pci"":486,""earfcn"":3050,""tac"":null,""rsrp"":-91,""rsrq"":-19,""rssi"":-63,""snr"":null,""ta"":0,""level"":3,""bands"":""7""},{""type"":""LTE"",""pci"":474,""earfcn"":2600,""tac"":null,""rsrp"":-97,""rsrq"":-19,""rssi"":-67,""snr"":null,""ta"":0,""level"":2,""bands"":""5""}]",37.56481949408325,127.02582840717665,between,신당,상왕십리,484.8679247435202
1789967735755,2026-09-21 14:15:35,unknown,37.5655596,127.0204071,100.0,,,36.29999923706055,fused,27,LTE,NR_NSA,5G,True,False,True,False,False,51224322,474,3050,7,8283,450,6,-87,-7,-57,19.0,3,0.0,,,,124397,3411,0.9952,0.0273,124397,3411,0.9952,0.0273,False,8,0,8,-77.0,474.0,100.0,0.011437854,False,False,periodic,3,3,-6.0,-2.0,2441,,,,"[{""type"":""LTE"",""pci"":474,""earfcn"":100,""tac"":null,""rsrp"":-77,""rsrq"":-8,""rssi"":-51,""snr"":null,""ta"":0,""level"":4,""bands"":""1""},{""type"":""LTE"",""pci"":474,""earfcn"":2600,""tac"":null,""rsrp"":-84,""rsrq"":-8,""rssi"":-61,""snr"":null,""ta"":0,""level"":4,""bands"":""5""},{""type"":""LTE"",""pci"":479,""earfcn"":100,""tac"":null,""rsrp"":-84,""rsrq"":-20,""rssi"":-55,""snr"":null,""ta"":0,""level"":4,""bands"":""1""},{""type"":""LTE"",""pci"":475,""earfcn"":100,""tac"":null,""rsrp"":-88,""rsrq"":-18,""rssi"":-59,""snr"":null,""ta"":0,""level"":3,""bands"":""1""},{""type"":""LTE"",""pci"":475,""earfcn"":3050,""tac"":null,""rsrp"":-94,""rsrq"":-14,""rssi"":-67,""snr"":null,""ta"":0,""level"":3,""bands"":""7""},{""type"":""LTE"",""pci"":475,""earfcn"":2600,""tac"":null,""rsrp"":-94,""rsrq"":-13,""rssi"":-69,""snr"":null,""ta"":0,""level"":3,""bands"":""5""},{""type"":""LTE"",""pci"":479,""earfcn"":2600,""tac"":null,""rsrp"":-97,""rsrq"":-18,""rssi"":-67,""snr"":null,""ta"":0,""level"":2,""bands"":""5""},{""type"":""LTE"",""pci"":479,""earfcn"":3050,""tac"":null,""rsrp"":-98,""rsrq"":-19,""rssi"":-69,""snr"":null,""ta"":0,""level"":2,""bands"":""7""}]",1007.7541,68.0,,18,3,,,,"[{""b"":""40:27:0b:02:a2:b7"",""s"":""U+zone_2.4GHz"",""r"":-34,""f"":2432},{""b"":""40:27:0b:02:a2:b8"",""s"":""U+zone"",""r"":-35,""f"":5785},{""b"":""02:17:b2:0b:47:88"",""s"":""T wifi zone"",""r"":-40,""f"":2452},{""b"":""02:17:b2:0b:47:8a"",""s"":""T wifi zone_secure"",""r"":-40,""f"":2452},{""b"":""30:78:c2:00:0a:b5"",""s"":""KT WiFi"",""r"":-41,""f"":2432},{""b"":""36:78:c2:00:0a:b5"",""s"":""KT WiFi "",""r"":-42,""f"":2432},{""b"":""22:17:b2:0b:47:8a"",""s"":""T wifi zone_secure"",""r"":-43,""f"":5785},{""b"":""36:78:c2:00:0a:b4"",""s"":""KT WiFi "",""r"":-43,""f"":5640},{""b"":""22:17:b2:0b:47:88"",""s"":""T wifi zone"",""r"":-43,""f"":5785},{""b"":""30:78:c2:00:0a:b4"",""s"":""KT WiFi"",""r"":-43,""f"":5640},{""b"":""40:27:0b:02:a2:c7"",""s"":""U+zone"",""r"":-61,""f"":5745},{""b"":""22:17:b2:0b:7d:b6"",""s"":""T wifi zone"",""r"":-62,""f"":5805},{""b"":""22:17:b2:0b:7d:b8"",""s"":""T wifi zone_secure"",""r"":-63,""f"":5805},{""b"":""30:78:c2:00:07:d5"",""s"":""KT WiFi"",""r"":-63,""f"":5640},{""b"":""36:78:c2:00:07:d5"",""s"":""KT WiFi "",""r"":-63,""f"":5640}]",,37.56474940912083,127.02635922174426,between,신당,상왕십리,532.2980044443572
1789967740775,2026-09-21 14:15:40,unknown,37.5655596,127.0204071,100.0,,,36.29999923706055,fused,32,LTE,NR_NSA,5G,True,False,True,False,False,51224322,474,3050,7,8283,450,6,-75,-8,-51,14.0,4,0.0,,,,430964,1606,3.4477,0.0128,430924,1566,3.4474,0.0125,False,8,0,8,-62.0,479.0,100.0,0.13312545,False,False,periodic,8,2,12.0,-5.0,2891,,,,"[{""type"":""LTE"",""pci"":479,""earfcn"":100,""tac"":null,""rsrp"":-62,""rsrq"":-19,""rssi"":-51,""snr"":null,""ta"":0,""level"":4,""bands"":""1""},{""type"":""LTE"",""pci"":474,""earfcn"":100,""tac"":null,""rsrp"":-70,""rsrq"":-11,""rssi"":-51,""snr"":null,""ta"":0,""level"":4,""bands"":""1""},{""type"":""LTE"",""pci"":474,""earfcn"":2600,""tac"":null,""rsrp"":-74,""rsrq"":-8,""rssi"":-51,""snr"":null,""ta"":0,""level"":4,""bands"":""5""},{""type"":""LTE"",""pci"":479,""earfcn"":3050,""tac"":null,""rsrp"":-83,""rsrq"":-20,""rssi"":-51,""snr"":null,""ta"":0,""level"":4,""bands"":""7""},{""type"":""LTE"",""pci"":475,""earfcn"":2600,""tac"":null,""rsrp"":-87,""rsrq"":-16,""rssi"":-59,""snr"":null,""ta"":0,""level"":3,""bands"":""5""},{""type"":""LTE"",""pci"":475,""earfcn"":100,""tac"":null,""rsrp"":-88,""rsrq"":-18,""rssi"":-59,""snr"":null,""ta"":0,""level"":3,""bands"":""1""},{""type"":""LTE"",""pci"":475,""earfcn"":3050,""tac"":null,""rsrp"":-91,""rsrq"":-20,""rssi"":-61,""snr"":null,""ta"":0,""level"":3,""bands"":""7""},{""type"":""LTE"",""pci"":479,""earfcn"":2600,""tac"":null,""rsrp"":-97,""rsrq"":-18,""rssi"":-67,""snr"":null,""ta"":0,""level"":2,""bands"":""5""}]",1007.1784,52.0,50.132,18,8,,,,"[{""b"":""40:27:0b:02:a2:b7"",""s"":""U+zone_2.4GHz"",""r"":-34,""f"":2432},{""b"":""40:27:0b:02:a2:b8"",""s"":""U+zone"",""r"":-35,""f"":5785},{""b"":""02:17:b2:0b:47:88"",""s"":""T wifi zone"",""r"":-40,""f"":2452},{""b"":""02:17:b2:0b:47:8a"",""s"":""T wifi zone_secure"",""r"":-40,""f"":2452},{""b"":""30:78:c2:00:0a:b5"",""s"":""KT WiFi"",""r"":-41,""f"":2432},{""b"":""36:78:c2:00:0a:b5"",""s"":""KT WiFi "",""r"":-42,""f"":2432},{""b"":""22:17:b2:0b:47:8a"",""s"":""T wifi zone_secure"",""r"":-43,""f"":5785},{""b"":""36:78:c2:00:0a:b4"",""s"":""KT WiFi "",""r"":-43,""f"":5640},{""b"":""22:17:b2:0b:47:88"",""s"":""T wifi zone"",""r"":-43,""f"":5785},{""b"":""30:78:c2:00:0a:b4"",""s"":""KT WiFi"",""r"":-43,""f"":5640},{""b"":""40:27:0b:02:a2:c7"",""s"":""U+zone"",""r"":-61,""f"":5745},{""b"":""22:17:b2:0b:7d:b6"",""s"":""T wifi zone"",""r"":-62,""f"":5805},{""b"":""22:17:b2:0b:7d:b8"",""s"":""T wifi zone_secure"",""r"":-63,""f"":5805},{""b"":""30:78:c2:00:07:d5"",""s"":""KT WiFi"",""r"":-63,""f"":5640},{""b"":""36:78:c2:00:07:d5"",""s"":""KT WiFi "",""r"":-63,""f"":5640}]",,37.56465058144911,127.02710772992667,between,신당,상왕십리,599.1799956425606
1789967742074,2026-09-21 14:15:42,unknown,37.5655596,127.0204071,100.0,,,36.29999923706055,fused,33,LTE,NR_NSA,5G,True,False,True,False,False,51224324,479,3050,7,8283,450,6,-85,-9,-55,20.0,4,0.0,,,,12586,671,0.1007,0.0054,12586,671,0.1007,0.0054,False,6,0,6,-87.0,479.0,100.0,0.0913838,True,False,handover,0,3,,,7,51224322.0,-75.0,-8.0,"[{""type"":""LTE"",""pci"":479,""earfcn"":100,""tac"":null,""rsrp"":-87,""rsrq"":-8,""rssi"":-63,""snr"":null,""ta"":0,""level"":3,""bands"":""1""},{""type"":""LTE"",""pci"":474,""earfcn"":100,""tac"":null,""rsrp"":-87,""rsrq"":-16,""rssi"":-63,""snr"":null,""ta"":0,""level"":3,""bands"":""1""},{""type"":""LTE"",""pci"":474,""earfcn"":3050,""tac"":null,""rsrp"":-93,""rsrq"":-10,""rssi"":-57,""snr"":null,""ta"":0,""level"":3,""bands"":""7""},{""type"":""LTE"",""pci"":479,""earfcn"":2600,""tac"":null,""rsrp"":-94,""rsrq"":-12,""rssi"":-73,""snr"":null,""ta"":0,""level"":3,""bands"":""5""},{""type"":""LTE"",""pci"":474,""earfcn"":2600,""tac"":null,""rsrp"":-103,""rsrq"":-19,""rssi"":-73,""snr"":null,""ta"":0,""level"":2,""bands"":""5""},{""type"":""LTE"",""pci"":475,""earfcn"":2600,""tac"":null,""rsrp"":-103,""rsrq"":-17,""rssi"":-73,""snr"":null,""ta"":0,""level"":2,""bands"":""5""}]",1007.26,52.0,,19,0,,,,"[{""b"":""40:27:0b:02:a2:b7"",""s"":""U+zone_2.4GHz"",""r"":-34,""f"":2432},{""b"":""40:27:0b:02:a2:b8"",""s"":""U+zone"",""r"":-42,""f"":5785},{""b"":""02:17:b2:0b:47:88"",""s"":""T wifi zone"",""r"":-43,""f"":2452},{""b"":""36:78:c2:00:0a:b4"",""s"":""KT WiFi "",""r"":-43,""f"":5640},{""b"":""22:17:b2:0b:47:8a"",""s"":""T wifi zone_secure"",""r"":-44,""f"":5785},{""b"":""22:17:b2:0b:47:88"",""s"":""T wifi zone"",""r"":-44,""f"":5785},{""b"":""30:78:c2:00:0a:b4"",""s"":""KT WiFi"",""r"":-44,""f"":5640},{""b"":""36:78:c2:00:0a:b5"",""s"":""KT WiFi "",""r"":-46,""f"":2432},{""b"":""02:17:b2:0b:47:8a"",""s"":""T wifi zone_secure"",""r"":-47,""f"":2452},{""b"":""30:78:c2:00:0a:b5"",""s"":""KT WiFi"",""r"":-48,""f"":2432},{""b"":""02:17:b2:0b:7d:b6"",""s"":""T wifi zone"",""r"":-61,""f"":2452},{""b"":""40:27:0b:02:a2:c7"",""s"":""U+zone"",""r"":-63,""f"":5745},{""b"":""02:17:b2:0b:7d:b8"",""s"":""T wifi zone_secure"",""r"":-65,""f"":2452},{""b"":""22:17:b2:0b:7d:b8"",""s"":""T wifi zone_secure"",""r"":-67,""f"":5805},{""b"":""22:17:b2:0b:7d:b6"",""s"":""T wifi zone"",""r"":-68,""f"":5805}]","[{""type"":""LTE"",""pci"":479,""earfcn"":100,""tac"":null,""rsrp"":-62,""rsrq"":-19,""rssi"":-51,""snr"":null,""ta"":0,""level"":4,""bands"":""1""},{""type"":""LTE"",""pci"":474,""earfcn"":100,""tac"":null,""rsrp"":-70,""rsrq"":-11,""rssi"":-51,""snr"":null,""ta"":0,""level"":4,""bands"":""1""},{""type"":""LTE"",""pci"":474,""earfcn"":2600,""tac"":null,""rsrp"":-74,""rsrq"":-8,""rssi"":-51,""snr"":null,""ta"":0,""level"":4,""bands"":""5""},{""type"":""LTE"",""pci"":479,""earfcn"":3050,""tac"":null,""rsrp"":-83,""rsrq"":-20,""rssi"":-51,""snr"":null,""ta"":0,""level"":4,""bands"":""7""},{""type"":""LTE"",""pci"":475,""earfcn"":2600,""tac"":null,""rsrp"":-87,""rsrq"":-16,""rssi"":-59,""snr"":null,""ta"":0,""level"":3,""bands"":""5""},{""type"":""LTE"",""pci"":475,""earfcn"":100,""tac"":null,""rsrp"":-88,""rsrq"":-18,""rssi"":-59,""snr"":null,""ta"":0,""level"":3,""bands"":""1""},{""type"":""LTE"",""pci"":475,""earfcn"":3050,""tac"":null,""rsrp"":-91,""rsrq"":-20,""rssi"":-61,""snr"":null,""ta"":0,""level"":3,""bands"":""7""},{""type"":""LTE"",""pci"":479,""earfcn"":2600,""tac"":null,""rsrp"":-97,""rsrq"":-18,""rssi"":-67,""snr"":null,""ta"":0,""level"":2,""bands"":""5""}]",37.56462500831254,127.02730141760176,between,신당,상왕십리,616.4867505115668
1789967745797,2026-09-21 14:15:45,unknown,37.5655596,127.0204071,100.0,,,36.29999923706055,fused,37,LTE,NR_NSA,5G,True,False,True,False,False,51224324,479,3050,7,8283,450,6,-66,-5,-51,19.0,4,0.0,,,,11615,677,0.0929,0.0054,11588,651,0.0927,0.0052,False,7,0,7,-65.0,479.0,100.0,0.07551871,False,False,periodic,3,3,19.0,-1.0,1476,,,,"[{""type"":""LTE"",""pci"":479,""earfcn"":100,""tac"":null,""rsrp"":-65,""rsrq"":-12,""rssi"":-51,""snr"":null,""ta"":0,""level"":4,""bands"":""1""},{""type"":""LTE"",""pci"":479,""earfcn"":2600,""tac"":null,""rsrp"":-66,""rsrq"":-12,""rssi"":-51,""snr"":null,""ta"":0,""level"":4,""bands"":""5""},{""type"":""LTE"",""pci"":491,""earfcn"":3050,""tac"":null,""rsrp"":-77,""rsrq"":-17,""rssi"":-51,""snr"":null,""ta"":0,""level"":4,""bands"":""7""},{""type"":""LTE"",""pci"":474,""earfcn"":100,""tac"":null,""rsrp"":-87,""rsrq"":-16,""rssi"":-63,""snr"":null,""ta"":0,""level"":3,""bands"":""1""},{""type"":""LTE"",""pci"":474,""earfcn"":3050,""tac"":null,""rsrp"":-93,""rsrq"":-17,""rssi"":-63,""snr"":null,""ta"":0,""level"":3,""bands"":""7""},{""type"":""LTE"",""pci"":474,""earfcn"":2600,""tac"":null,""rsrp"":-93,""rsrq"":-19,""rssi"":-65,""snr"":null,""ta"":0,""level"":3,""bands"":""5""},{""type"":""LTE"",""pci"":475,""earfcn"":2600,""tac"":null,""rsrp"":-94,""rsrq"":-20,""rssi"":-65,""snr"":null,""ta"":0,""level"":3,""bands"":""5""}]",1007.74725,91.0,,19,4,,,,"[{""b"":""40:27:0b:02:a2:b7"",""s"":""U+zone_2.4GHz"",""r"":-34,""f"":2432},{""b"":""40:27:0b:02:a2:b8"",""s"":""U+zone"",""r"":-42,""f"":5785},{""b"":""02:17:b2:0b:47:88"",""s"":""T wifi zone"",""r"":-43,""f"":2452},{""b"":""36:78:c2:00:0a:b4"",""s"":""KT WiFi "",""r"":-43,""f"":5640},{""b"":""22:17:b2:0b:47:8a"",""s"":""T wifi zone_secure"",""r"":-44,""f"":5785},{""b"":""22:17:b2:0b:47:88"",""s"":""T wifi zone"",""r"":-44,""f"":5785},{""b"":""30:78:c2:00:0a:b4"",""s"":""KT WiFi"",""r"":-44,""f"":5640},{""b"":""36:78:c2:00:0a:b5"",""s"":""KT WiFi "",""r"":-46,""f"":2432},{""b"":""02:17:b2:0b:47:8a"",""s"":""T wifi zone_secure"",""r"":-47,""f"":2452},{""b"":""30:78:c2:00:0a:b5"",""s"":""KT WiFi"",""r"":-48,""f"":2432},{""b"":""02:17:b2:0b:7d:b6"",""s"":""T wifi zone"",""r"":-61,""f"":2452},{""b"":""40:27:0b:02:a2:c7"",""s"":""U+zone"",""r"":-63,""f"":5745},{""b"":""02:17:b2:0b:7d:b8"",""s"":""T wifi zone_secure"",""r"":-65,""f"":2452},{""b"":""22:17:b2:0b:7d:b8"",""s"":""T wifi zone_secure"",""r"":-67,""f"":5805},{""b"":""22:17:b2:0b:7d:b6"",""s"":""T wifi zone"",""r"":-68,""f"":5805}]",,37.56455171440381,127.02785653631952,between,신당,상왕십리,666.0888692874636
1789967750811,2026-09-21 14:15:50,unknown,37.564584,127.028964,16.661,,,53.97544649804095,fused,4,LTE,NR_NSA,5G,True,False,True,False,False,51224324,479,3050,7,8283,450,6,-87,-8,-61,18.0,3,0.0,,,,4570,4030,0.0366,0.0322,4550,4010,0.0364,0.0321,False,7,0,7,-84.0,479.0,2600.0,0.0060123983,False,False,periodic,8,3,-21.0,-1.0,1928,,,,"[{""type"":""LTE"",""pci"":479,""earfcn"":2600,""tac"":null,""rsrp"":-84,""rsrq"":-12,""rssi"":-61,""snr"":null,""ta"":0,""level"":4,""bands"":""5""},{""type"":""LTE"",""pci"":479,""earfcn"":100,""tac"":null,""rsrp"":-86,""rsrq"":-14,""rssi"":-61,""snr"":null,""ta"":0,""level"":3,""bands"":""1""},{""type"":""LTE"",""pci"":474,""earfcn"":100,""tac"":null,""rsrp"":-86,""rsrq"":-20,""rssi"":-57,""snr"":null,""ta"":0,""level"":3,""bands"":""1""},{""type"":""LTE"",""pci"":460,""earfcn"":100,""tac"":null,""rsrp"":-86,""rsrq"":-15,""rssi"":-61,""snr"":null,""ta"":0,""level"":3,""bands"":""1""},{""type"":""LTE"",""pci"":474,""earfcn"":2600,""tac"":null,""rsrp"":-93,""rsrq"":-19,""rssi"":-65,""snr"":null,""ta"":0,""level"":3,""bands"":""5""},{""type"":""LTE"",""pci"":475,""earfcn"":2600,""tac"":null,""rsrp"":-94,""rsrq"":-20,""rssi"":-65,""snr"":null,""ta"":0,""level"":3,""bands"":""5""},{""type"":""LTE"",""pci"":474,""earfcn"":3050,""tac"":null,""rsrp"":-97,""rsrq"":-17,""rssi"":-69,""snr"":null,""ta"":0,""level"":2,""bands"":""7""}]",1008.0133,67.0,,53,2,,,,"[{""b"":""40:27:0b:02:a2:b7"",""s"":""U+zone_2.4GHz"",""r"":-34,""f"":2432},{""b"":""40:27:0b:02:a2:b8"",""s"":""U+zone"",""r"":-36,""f"":5785},{""b"":""02:17:b2:0b:47:88"",""s"":""T wifi zone"",""r"":-39,""f"":2452},{""b"":""02:17:b2:0b:47:8a"",""s"":""T wifi zone_secure"",""r"":-40,""f"":2452},{""b"":""30:78:c2:00:0a:b4"",""s"":""KT WiFi"",""r"":-46,""f"":5640},{""b"":""36:78:c2:00:0a:b4"",""s"":""KT WiFi "",""r"":-47,""f"":5640},{""b"":""22:17:b2:0b:47:88"",""s"":""T wifi zone"",""r"":-47,""f"":5785},{""b"":""22:17:b2:0b:47:8a"",""s"":""T wifi zone_secure"",""r"":-47,""f"":5785},{""b"":""02:06:ac:80:5e:1b"",""s"":""U+zone"",""r"":-48,""f"":5745},{""b"":""12:06:ac:80:5e:1b"",""s"":""FREE_U+zone"",""r"":-49,""f"":5745},{""b"":""30:78:c2:00:0a:b5"",""s"":""KT WiFi"",""r"":-49,""f"":2432},{""b"":""02:06:ac:80:5e:1a"",""s"":""U+zone_2.4GHz"",""r"":-50,""f"":2452},{""b"":""36:78:c2:00:0a:b5"",""s"":""KT WiFi "",""r"":-50,""f"":2432},{""b"":""12:06:ac:80:5e:1a"",""s"":""FREE_U+zone_2.4GHz"",""r"":-51,""f"":2452},{""b"":""22:06:ac:80:5e:1b"",""s"":""Public WiFi Free"",""r"":-51,""f"":5745}]",,37.56445300485281,127.02860414987065,between,신당,상왕십리,34.90217445236065
1789967754231,2026-09-21 14:15:54,unknown,37.5645526,127.0291011,14.644,,,48.22999662448337,fused,2,LTE,NR_NSA,5G,True,False,True,False,False,51224320,496,3050,7,8283,450,6,-90,-12,-61,13.0,3,1.0,,,,7452,8251,0.0596,0.066,7423,8222,0.0594,0.0658,False,14,0,14,-82.0,479.0,2600.0,0.09775397,True,False,handover,0,3,,,2,51224324.0,-87.0,-8.0,"[{""type"":""LTE"",""pci"":479,""earfcn"":2600,""tac"":null,""rsrp"":-82,""rsrq"":-12,""rssi"":-59,""snr"":null,""ta"":1,""level"":4,""bands"":""5""},{""type"":""LTE"",""pci"":496,""earfcn"":100,""tac"":null,""rsrp"":-82,""rsrq"":-10,""rssi"":-65,""snr"":null,""ta"":1,""level"":4,""bands"":""1""},{""type"":""LTE"",""pci"":474,""earfcn"":2600,""tac"":null,""rsrp"":-87,""rsrq"":-20,""rssi"":-55,""snr"":null,""ta"":1,""level"":3,""bands"":""5""},{""type"":""LTE"",""pci"":496,""earfcn"":2600,""tac"":null,""rsrp"":-87,""rsrq"":-14,""rssi"":-59,""snr"":null,""ta"":1,""level"":3,""bands"":""5""},{""type"":""LTE"",""pci"":460,""earfcn"":100,""tac"":null,""rsrp"":-93,""rsrq"":-19,""rssi"":-65,""snr"":null,""ta"":1,""level"":3,""bands"":""1""},{""type"":""LTE"",""pci"":451,""earfcn"":100,""tac"":null,""rsrp"":-94,""rsrq"":-17,""rssi"":-65,""snr"":null,""ta"":1,""level"":3,""bands"":""1""},{""type"":""LTE"",""pci"":479,""earfcn"":100,""tac"":null,""rsrp"":-95,""rsrq"":-16,""rssi"":-65,""snr"":null,""ta"":1,""level"":3,""bands"":""1""},{""type"":""LTE"",""pci"":444,""earfcn"":100,""tac"":null,""rsrp"":-95,""rsrq"":-20,""rssi"":-65,""snr"":null,""ta"":1,""level"":3,""bands"":""1""},{""type"":""LTE"",""pci"":479,""earfcn"":3050,""tac"":null,""rsrp"":-97,""rsrq"":-12,""rssi"":-61,""snr"":null,""ta"":1,""level"":2,""bands"":""7""},{""type"":""LTE"",""pci"":491,""earfcn"":100,""tac"":null,""rsrp"":-98,""rsrq"":-20,""rssi"":-65,""snr"":null,""ta"":1,""level"":2,""bands"":""1""},{""type"":""LTE"",""pci"":474,""earfcn"":3050,""tac"":null,""rsrp"":-99,""rsrq"":-20,""rssi"":-67,""snr"":null,""ta"":1,""level"":2,""bands"":""7""},{""type"":""LTE"",""pci"":475,""earfcn"":3050,""tac"":null,""rsrp"":-99,""rsrq"":-17,""rssi"":-71,""snr"":null,""ta"":1,""level"":2,""bands"":""7""},{""type"":""LTE"",""pci"":451,""earfcn"":3050,""tac"":null,""rsrp"":-100,""rsrq"":-17,""rssi"":-71,""snr"":null,""ta"":1,""level"":2,""bands"":""7""},{""type"":""LTE"",""pci"":491,""earfcn"":3050,""tac"":null,""rsrp"":-102,""rsrq"":-16,""rssi"":-71,""snr"":null,""ta"":1,""level"":2,""bands"":""7""}]",1007.9925,90.0,,58,1,,,,"[{""b"":""40:27:0b:02:a2:b7"",""s"":""U+zone_2.4GHz"",""r"":-35,""f"":2432},{""b"":""40:27:0b:02:a2:b8"",""s"":""U+zone"",""r"":-36,""f"":5785},{""b"":""22:17:b2:0b:47:8a"",""s"":""T wifi zone_secure"",""r"":-40,""f"":5785},{""b"":""02:06:ac:80:5e:1f"",""s"":""U+zone"",""r"":-41,""f"":5745},{""b"":""36:78:c2:00:0a:b4"",""s"":""KT WiFi "",""r"":-41,""f"":5640},{""b"":""22:17:b2:0b:47:88"",""s"":""T wifi zone"",""r"":-41,""f"":5785},{""b"":""30:78:c2:00:0a:b4"",""s"":""KT WiFi"",""r"":-42,""f"":5640},{""b"":""02:17:b2:0b:47:8a"",""s"":""T wifi zone_secure"",""r"":-46,""f"":2452},{""b"":""30:78:c2:00:0a:b5"",""s"":""KT WiFi"",""r"":-46,""f"":2432},{""b"":""02:17:b2:0b:47:88"",""s"":""T wifi zone"",""r"":-47,""f"":2452},{""b"":""12:06:ac:80:5e:1e"",""s"":""FREE_U+zone_2.4GHz"",""r"":-52,""f"":2452},{""b"":""0a:09:b4:75:ab:34"",""s"":""KT WiFi "",""r"":-59,""f"":5580},{""b"":""00:09:b4:75:ab:34"",""s"":""KT_Free_WiFi"",""r"":-61,""f"":5580},{""b"":""0e:09:b4:75:ab:34"",""s"":""KT GiGA WiFi"",""r"":-61,""f"":5580},{""b"":""18:bd:ad:12:3d:80"",""s"":""T wifi zone"",""r"":-61,""f"":2472}]","[{""type"":""LTE"",""pci"":479,""earfcn"":2600,""tac"":null,""rsrp"":-84,""rsrq"":-12,""rssi"":-61,""snr"":null,""ta"":0,""level"":4,""bands"":""5""},{""type"":""LTE"",""pci"":479,""earfcn"":100,""tac"":null,""rsrp"":-86,""rsrq"":-14,""rssi"":-61,""snr"":null,""ta"":0,""level"":3,""bands"":""1""},{""type"":""LTE"",""pci"":474,""earfcn"":100,""tac"":null,""rsrp"":-86,""rsrq"":-20,""rssi"":-57,""snr"":null,""ta"":0,""level"":3,""bands"":""1""},{""type"":""LTE"",""pci"":460,""earfcn"":100,""tac"":null,""rsrp"":-86,""rsrq"":-15,""rssi"":-61,""snr"":null,""ta"":0,""level"":3,""bands"":""1""},{""type"":""LTE"",""pci"":474,""earfcn"":2600,""tac"":null,""rsrp"":-93,""rsrq"":-19,""rssi"":-65,""snr"":null,""ta"":0,""level"":3,""bands"":""5""},{""type"":""LTE"",""pci"":475,""earfcn"":2600,""tac"":null,""rsrp"":-94,""rsrq"":-20,""rssi"":-65,""snr"":null,""ta"":0,""level"":3,""bands"":""5""},{""type"":""LTE"",""pci"":474,""earfcn"":3050,""tac"":null,""rsrp"":-97,""rsrq"":-17,""rssi"":-69,""snr"":null,""ta"":0,""level"":2,""bands"":""7""}]",37.5643856760406,127.02911408970806,between,신당,상왕십리,18.596375509928404
1789967755840,2026-09-21 14:15:55,unknown,37.5645526,127.0291011,14.644,,,48.22999662448337,fused,4,LTE,NR_NSA,5G,True,False,True,False,False,51224320,496,3050,7,8283,450,6,-90,-12,-61,13.0,3,1.0,,,,77712,4653,0.6217,0.0372,77712,4653,0.6217,0.0372,False,14,0,14,-82.0,479.0,2600.0,0.02148377,False,False,periodic,1,3,0.0,0.0,1618,,,,"[{""type"":""LTE"",""pci"":479,""earfcn"":2600,""tac"":null,""rsrp"":-82,""rsrq"":-12,""rssi"":-59,""snr"":null,""ta"":1,""level"":4,""bands"":""5""},{""type"":""LTE"",""pci"":496,""earfcn"":100,""tac"":null,""rsrp"":-82,""rsrq"":-10,""rssi"":-65,""snr"":null,""ta"":1,""level"":4,""bands"":""1""},{""type"":""LTE"",""pci"":474,""earfcn"":2600,""tac"":null,""rsrp"":-87,""rsrq"":-20,""rssi"":-55,""snr"":null,""ta"":1,""level"":3,""bands"":""5""},{""type"":""LTE"",""pci"":496,""earfcn"":2600,""tac"":null,""rsrp"":-87,""rsrq"":-14,""rssi"":-59,""snr"":null,""ta"":1,""level"":3,""bands"":""5""},{""type"":""LTE"",""pci"":460,""earfcn"":100,""tac"":null,""rsrp"":-93,""rsrq"":-19,""rssi"":-65,""snr"":null,""ta"":1,""level"":3,""bands"":""1""},{""type"":""LTE"",""pci"":451,""earfcn"":100,""tac"":null,""rsrp"":-94,""rsrq"":-17,""rssi"":-65,""snr"":null,""ta"":1,""level"":3,""bands"":""1""},{""type"":""LTE"",""pci"":479,""earfcn"":100,""tac"":null,""rsrp"":-95,""rsrq"":-16,""rssi"":-65,""snr"":null,""ta"":1,""level"":3,""bands"":""1""},{""type"":""LTE"",""pci"":444,""earfcn"":100,""tac"":null,""rsrp"":-95,""rsrq"":-20,""rssi"":-65,""snr"":null,""ta"":1,""level"":3,""bands"":""1""},{""type"":""LTE"",""pci"":479,""earfcn"":3050,""tac"":null,""rsrp"":-97,""rsrq"":-12,""rssi"":-61,""snr"":null,""ta"":1,""level"":2,""bands"":""7""},{""type"":""LTE"",""pci"":491,""earfcn"":100,""tac"":null,""rsrp"":-98,""rsrq"":-20,""rssi"":-65,""snr"":null,""ta"":1,""level"":2,""bands"":""1""},{""type"":""LTE"",""pci"":474,""earfcn"":3050,""tac"":null,""rsrp"":-99,""rsrq"":-20,""rssi"":-67,""snr"":null,""ta"":1,""level"":2,""bands"":""7""},{""type"":""LTE"",""pci"":475,""earfcn"":3050,""tac"":null,""rsrp"":-99,""rsrq"":-17,""rssi"":-71,""snr"":null,""ta"":1,""level"":2,""bands"":""7""},{""type"":""LTE"",""pci"":451,""earfcn"":3050,""tac"":null,""rsrp"":-100,""rsrq"":-17,""rssi"":-71,""snr"":null,""ta"":1,""level"":2,""bands"":""7""},{""type"":""LTE"",""pci"":491,""earfcn"":3050,""tac"":null,""rsrp"":-102,""rsrq"":-16,""rssi"":-71,""snr"":null,""ta"":1,""level"":2,""bands"":""7""}]",1007.99036,90.0,,58,2,,,,"[{""b"":""40:27:0b:02:a2:b7"",""s"":""U+zone_2.4GHz"",""r"":-35,""f"":2432},{""b"":""40:27:0b:02:a2:b8"",""s"":""U+zone"",""r"":-36,""f"":5785},{""b"":""22:17:b2:0b:47:8a"",""s"":""T wifi zone_secure"",""r"":-40,""f"":5785},{""b"":""02:06:ac:80:5e:1f"",""s"":""U+zone"",""r"":-41,""f"":5745},{""b"":""36:78:c2:00:0a:b4"",""s"":""KT WiFi "",""r"":-41,""f"":5640},{""b"":""22:17:b2:0b:47:88"",""s"":""T wifi zone"",""r"":-41,""f"":5785},{""b"":""30:78:c2:00:0a:b4"",""s"":""KT WiFi"",""r"":-42,""f"":5640},{""b"":""02:17:b2:0b:47:8a"",""s"":""T wifi zone_secure"",""r"":-46,""f"":2452},{""b"":""30:78:c2:00:0a:b5"",""s"":""KT WiFi"",""r"":-46,""f"":2432},{""b"":""02:17:b2:0b:47:88"",""s"":""T wifi zone"",""r"":-47,""f"":2452},{""b"":""12:06:ac:80:5e:1e"",""s"":""FREE_U+zone_2.4GHz"",""r"":-52,""f"":2452},{""b"":""0a:09:b4:75:ab:34"",""s"":""KT WiFi "",""r"":-59,""f"":5580},{""b"":""00:09:b4:75:ab:34"",""s"":""KT_Free_WiFi"",""r"":-61,""f"":5580},{""b"":""0e:09:b4:75:ab:34"",""s"":""KT GiGA WiFi"",""r"":-61,""f"":5580},{""b"":""18:bd:ad:12:3d:80"",""s"":""T wifi zone"",""r"":-61,""f"":2472}]",,37.564354,127.029354,station,상왕십리,상왕십리,31.377560180112127
1789967760866,2026-09-21 14:16:00,unknown,37.5642485,127.0298017,11.051,,,47.94038156623055,fused,2,LTE,NR_NSA,5G,True,False,True,False,False,51224320,496,3050,7,8283,450,6,-80,-6,-51,10.0,4,0.0,,,,144,738,0.0012,0.0059,105,698,0.0008,0.0056,False,7,0,7,-76.0,496.0,100.0,0.016712772,False,False,periodic,6,3,10.0,-3.0,2555,,,,"[{""type"":""LTE"",""pci"":496,""earfcn"":100,""tac"":null,""rsrp"":-76,""rsrq"":-13,""rssi"":-53,""snr"":null,""ta"":0,""level"":4,""bands"":""1""},{""type"":""LTE"",""pci"":496,""earfcn"":2600,""tac"":null,""rsrp"":-80,""rsrq"":-8,""rssi"":-63,""snr"":null,""ta"":0,""level"":4,""bands"":""5""},{""type"":""LTE"",""pci"":491,""earfcn"":3050,""tac"":null,""rsrp"":-90,""rsrq"":-17,""rssi"":-63,""snr"":null,""ta"":0,""level"":3,""bands"":""7""},{""type"":""LTE"",""pci"":474,""earfcn"":2600,""tac"":null,""rsrp"":-90,""rsrq"":-17,""rssi"":-63,""snr"":null,""ta"":0,""level"":3,""bands"":""5""},{""type"":""LTE"",""pci"":444,""earfcn"":3050,""tac"":null,""rsrp"":-95,""rsrq"":-20,""rssi"":-63,""snr"":null,""ta"":0,""level"":3,""bands"":""7""},{""type"":""LTE"",""pci"":451,""earfcn"":3050,""tac"":null,""rsrp"":-95,""rsrq"":-17,""rssi"":-67,""snr"":null,""ta"":0,""level"":3,""bands"":""7""},{""type"":""LTE"",""pci"":479,""earfcn"":2600,""tac"":null,""rsrp"":-97,""rsrq"":-20,""rssi"":-63,""snr"":null,""ta"":0,""level"":2,""bands"":""5""}]",1007.9664,57.0,,72,1,,,,"[{""b"":""40:27:0b:02:a2:b8"",""s"":""U+zone"",""r"":-36,""f"":5785},{""b"":""40:27:0b:02:a2:b7"",""s"":""U+zone_2.4GHz"",""r"":-38,""f"":2432},{""b"":""02:17:b2:0b:47:88"",""s"":""T wifi zone"",""r"":-38,""f"":2452},{""b"":""02:17:b2:0b:47:8a"",""s"":""T wifi zone_secure"",""r"":-39,""f"":2452},{""b"":""12:06:ac:80:5e:23"",""s"":""FREE_U+zone"",""r"":-42,""f"":5745},{""b"":""02:06:ac:80:5e:23"",""s"":""U+zone"",""r"":-43,""f"":5745},{""b"":""22:06:ac:80:5e:23"",""s"":""Public WiFi Free"",""r"":-43,""f"":5745},{""b"":""22:17:b2:0b:47:88"",""s"":""T wifi zone"",""r"":-45,""f"":5785},{""b"":""22:17:b2:0b:47:8a"",""s"":""T wifi zone_secure"",""r"":-45,""f"":5785},{""b"":""02:06:ac:80:5e:22"",""s"":""U+zone_2.4GHz"",""r"":-46,""f"":2432},{""b"":""36:78:c2:00:0a:b4"",""s"":""KT WiFi "",""r"":-47,""f"":5640},{""b"":""30:78:c2:00:0a:b4"",""s"":""KT WiFi"",""r"":-47,""f"":5640},{""b"":""12:06:ac:80:5e:22"",""s"":""FREE_U+zone_2.4GHz"",""r"":-48,""f"":2432},{""b"":""10:e3:c7:07:56:da"",""s"":""T wifi zone_secure"",""r"":-51,""f"":5785},{""b"":""12:e3:c7:07:56:da"",""s"":""T Free WiFi Zone"",""r"":-52,""f"":5785}]",,37.564354,127.029354,station,상왕십리,상왕십리,41.16747763580468
1789967765894,2026-09-21 14:16:05,unknown,37.5642244,127.0298999,11.265,,,47.90180433297324,fused,5,LTE,NR_NSA,5G,True,False,True,False,False,51224320,496,3050,7,8283,450,6,-75,-7,-51,17.0,4,0.0,,,,169,391,0.0014,0.0031,149,371,0.0012,0.003,False,5,0,5,-73.0,496.0,2600.0,0.067863815,False,False,periodic,11,2,5.0,7.0,577,,,,"[{""type"":""LTE"",""pci"":496,""earfcn"":2600,""tac"":null,""rsrp"":-73,""rsrq"":-11,""rssi"":-51,""snr"":null,""ta"":0,""level"":4,""bands"":""5""},{""type"":""LTE"",""pci"":496,""earfcn"":100,""tac"":null,""rsrp"":-74,""rsrq"":-10,""rssi"":-53,""snr"":null,""ta"":0,""level"":4,""bands"":""1""},{""type"":""LTE"",""pci"":479,""earfcn"":2600,""tac"":null,""rsrp"":-82,""rsrq"":-17,""rssi"":-51,""snr"":null,""ta"":0,""level"":4,""bands"":""5""},{""type"":""LTE"",""pci"":491,""earfcn"":100,""tac"":null,""rsrp"":-87,""rsrq"":-17,""rssi"":-61,""snr"":null,""ta"":0,""level"":3,""bands"":""1""},{""type"":""LTE"",""pci"":491,""earfcn"":3050,""tac"":null,""rsrp"":-95,""rsrq"":-20,""rssi"":-61,""snr"":null,""ta"":0,""level"":3,""bands"":""7""}]",1007.91473,99.0,,65,4,,,,"[{""b"":""40:27:0b:02:a2:b7"",""s"":""U+zone_2.4GHz"",""r"":-35,""f"":2432},{""b"":""40:27:0b:02:a2:b8"",""s"":""U+zone"",""r"":-38,""f"":5785},{""b"":""02:17:b2:0b:47:88"",""s"":""T wifi zone"",""r"":-41,""f"":2452},{""b"":""02:17:b2:0b:47:8a"",""s"":""T wifi zone_secure"",""r"":-43,""f"":2452},{""b"":""22:17:b2:0b:47:88"",""s"":""T wifi zone"",""r"":-46,""f"":5785},{""b"":""22:17:b2:0b:47:8a"",""s"":""T wifi zone_secure"",""r"":-47,""f"":5785},{""b"":""36:78:c2:00:0a:b4"",""s"":""KT WiFi "",""r"":-48,""f"":5640},{""b"":""30:78:c2:00:0a:b4"",""s"":""KT WiFi"",""r"":-48,""f"":5640},{""b"":""0e:09:b4:75:ab:1c"",""s"":""KT GiGA WiFi"",""r"":-50,""f"":5320},{""b"":""22:06:ac:80:5e:23"",""s"":""Public WiFi Free"",""r"":-50,""f"":5745},{""b"":""12:06:ac:80:5e:23"",""s"":""FREE_U+zone"",""r"":-51,""f"":5745},{""b"":""12:06:ac:80:2b:2a"",""s"":""FREE_U+zone_2.4GHz"",""r"":-52,""f"":2432},{""b"":""00:09:b4:75:ab:1c"",""s"":""KT_Free_WiFi"",""r"":-54,""f"":5320},{""b"":""02:06:ac:80:5e:22"",""s"":""U+zone_2.4GHz"",""r"":-54,""f"":2432},{""b"":""06:09:b4:75:ab:1b"",""s"":""KT WiFi"",""r"":-54,""f"":2432}]",,37.564354,127.029354,station,상왕십리,상왕십리,50.22779579897542
1789967770925,2026-09-21 14:16:10,unknown,37.5642244,127.0298999,11.265,,,47.90180433297324,fused,10,LTE,NR_NSA,5G,True,False,True,False,False,51224320,496,3050,7,8283,450,6,-73,-6,-51,17.0,4,0.0,,,,419682,2195,3.3575,0.0176,419662,2175,3.3573,0.0174,False,5,0,5,-76.0,496.0,100.0,0.5401853,False,False,periodic,16,2,2.0,0.0,1608,,,,"[{""type"":""LTE"",""pci"":496,""earfcn"":100,""tac"":null,""rsrp"":-76,""rsrq"":-10,""rssi"":-57,""snr"":null,""ta"":0,""level"":4,""bands"":""1""},{""type"":""LTE"",""pci"":496,""earfcn"":2600,""tac"":null,""rsrp"":-82,""rsrq"":-10,""rssi"":-61,""snr"":null,""ta"":0,""level"":4,""bands"":""5""},{""type"":""LTE"",""pci"":491,""earfcn"":3050,""tac"":null,""rsrp"":-84,""rsrq"":-15,""rssi"":-61,""snr"":null,""ta"":0,""level"":4,""bands"":""7""},{""type"":""LTE"",""pci"":479,""earfcn"":2600,""tac"":null,""rsrp"":-86,""rsrq"":-20,""rssi"":-55,""snr"":null,""ta"":0,""level"":3,""bands"":""5""},{""type"":""LTE"",""pci"":491,""earfcn"":100,""tac"":null,""rsrp"":-87,""rsrq"":-20,""rssi"":-57,""snr"":null,""ta"":0,""level"":3,""bands"":""1""}]",1007.96234,50.0,33.358,65,9,,,,"[{""b"":""40:27:0b:02:a2:b7"",""s"":""U+zone_2.4GHz"",""r"":-35,""f"":2432},{""b"":""40:27:0b:02:a2:b8"",""s"":""U+zone"",""r"":-38,""f"":5785},{""b"":""02:17:b2:0b:47:88"",""s"":""T wifi zone"",""r"":-41,""f"":2452},{""b"":""02:17:b2:0b:47:8a"",""s"":""T wifi zone_secure"",""r"":-43,""f"":2452},{""b"":""22:17:b2:0b:47:88"",""s"":""T wifi zone"",""r"":-46,""f"":5785},{""b"":""22:17:b2:0b:47:8a"",""s"":""T wifi zone_secure"",""r"":-47,""f"":5785},{""b"":""36:78:c2:00:0a:b4"",""s"":""KT WiFi "",""r"":-48,""f"":5640},{""b"":""30:78:c2:00:0a:b4"",""s"":""KT WiFi"",""r"":-48,""f"":5640},{""b"":""0e:09:b4:75:ab:1c"",""s"":""KT GiGA WiFi"",""r"":-50,""f"":5320},{""b"":""22:06:ac:80:5e:23"",""s"":""Public WiFi Free"",""r"":-50,""f"":5745},{""b"":""12:06:ac:80:5e:23"",""s"":""FREE_U+zone"",""r"":-51,""f"":5745},{""b"":""12:06:ac:80:2b:2a"",""s"":""FREE_U+zone_2.4GHz"",""r"":-52,""f"":2432},{""b"":""00:09:b4:75:ab:1c"",""s"":""KT_Free_WiFi"",""r"":-54,""f"":5320},{""b"":""02:06:ac:80:5e:22"",""s"":""U+zone_2.4GHz"",""r"":-54,""f"":2432},{""b"":""06:09:b4:75:ab:1b"",""s"":""KT WiFi"",""r"":-54,""f"":2432}]",,37.564354,127.029354,station,상왕십리,상왕십리,50.22779579897542
1789967775955,2026-09-21 14:16:15,unknown,37.5642698,127.03001,15.636,,,47.93739205110375,fused,6,LTE,NR_NSA,5G,True,False,True,False,False,51224320,496,3050,7,8283,450,6,-72,-9,-51,19.0,4,0.0,,,,239,279,0.0019,0.0022,219,259,0.0018,0.0021,False,4,0,4,-71.0,496.0,100.0,0.0032616823,False,False,periodic,21,1,1.0,2.0,2070,,,,"[{""type"":""LTE"",""pci"":496,""earfcn"":100,""tac"":null,""rsrp"":-71,""rsrq"":-10,""rssi"":-51,""snr"":null,""ta"":0,""level"":4,""bands"":""1""},{""type"":""LTE"",""pci"":496,""earfcn"":2600,""tac"":null,""rsrp"":-80,""rsrq"":-11,""rssi"":-59,""snr"":null,""ta"":0,""level"":4,""bands"":""5""},{""type"":""LTE"",""pci"":491,""earfcn"":3050,""tac"":null,""rsrp"":-84,""rsrq"":-18,""rssi"":-53,""snr"":null,""ta"":0,""level"":4,""bands"":""7""},{""type"":""LTE"",""pci"":491,""earfcn"":100,""tac"":null,""rsrp"":-87,""rsrq"":-20,""rssi"":-57,""snr"":null,""ta"":0,""level"":3,""bands"":""1""}]",1007.9653,96.0,,53,4,,,,"[{""b"":""40:27:0b:02:a2:b8"",""s"":""U+zone"",""r"":-35,""f"":5785},{""b"":""40:27:0b:02:a2:b7"",""s"":""U+zone_2.4GHz"",""r"":-35,""f"":2432},{""b"":""02:17:b2:0b:47:8a"",""s"":""T wifi zone_secure"",""r"":-38,""f"":2452},{""b"":""02:17:b2:0b:47:88"",""s"":""T wifi zone"",""r"":-39,""f"":2452},{""b"":""22:17:b2:0b:47:88"",""s"":""T wifi zone"",""r"":-41,""f"":5785},{""b"":""22:17:b2:0b:47:8a"",""s"":""T wifi zone_secure"",""r"":-42,""f"":5785},{""b"":""36:78:c2:00:0a:b4"",""s"":""KT WiFi "",""r"":-48,""f"":5640},{""b"":""30:78:c2:00:0a:b4"",""s"":""KT WiFi"",""r"":-48,""f"":5640},{""b"":""02:06:ac:80:2b:2a"",""s"":""U+zone_2.4GHz"",""r"":-53,""f"":2432},{""b"":""40:27:0b:02:a2:c6"",""s"":""U+zone_2.4GHz"",""r"":-59,""f"":2472},{""b"":""12:06:ac:80:2b:2a"",""s"":""FREE_U+zone_2.4GHz"",""r"":-60,""f"":2432},{""b"":""22:17:b2:0b:7d:b8"",""s"":""T wifi zone_secure"",""r"":-64,""f"":5805},{""b"":""0e:09:b4:75:ab:2c"",""s"":""KT GiGA WiFi"",""r"":-64,""f"":5200},{""b"":""22:17:b2:0b:7d:b6"",""s"":""T wifi zone"",""r"":-65,""f"":5805},{""b"":""12:06:ac:80:2b:2b"",""s"":""FREE_U+zone"",""r"":-65,""f"":5200}]",,37.564354,127.029354,station,상왕십리,상왕십리,58.57350450518631
1789967780981,2026-09-21 14:16:20,unknown,37.5642604,127.0299741,15.844,,,46.09999847412109,fused,4,LTE,NR_NSA,5G,True,False,True,False,False,51224320,496,3050,7,8283,450,6,-75,-6,-51,20.0,4,0.0,,,,88,121,0.0007,0.001,48,81,0.0004,0.0006,False,5,0,5,-77.0,496.0,100.0,1.5125431e-06,False,False,periodic,26,1,-3.0,1.0,5004,,,,"[{""type"":""LTE"",""pci"":496,""earfcn"":100,""tac"":null,""rsrp"":-77,""rsrq"":-9,""rssi"":-57,""snr"":null,""ta"":0,""level"":4,""bands"":""1""},{""type"":""LTE"",""pci"":496,""earfcn"":2600,""tac"":null,""rsrp"":-83,""rsrq"":-9,""rssi"":-65,""snr"":null,""ta"":0,""level"":4,""bands"":""5""},{""type"":""LTE"",""pci"":451,""earfcn"":3050,""tac"":null,""rsrp"":-84,""rsrq"":-17,""rssi"":-57,""snr"":null,""ta"":0,""level"":4,""bands"":""7""},{""type"":""LTE"",""pci"":491,""earfcn"":3050,""tac"":null,""rsrp"":-87,""rsrq"":-20,""rssi"":-59,""snr"":null,""ta"":0,""level"":3,""bands"":""7""},{""type"":""LTE"",""pci"":491,""earfcn"":100,""tac"":null,""rsrp"":-92,""rsrq"":-20,""rssi"":-57,""snr"":null,""ta"":0,""level"":3,""bands"":""1""}]",1007.9746,87.0,,54,2,,,,"[{""b"":""40:27:0b:02:a2:b7"",""s"":""U+zone_2.4GHz"",""r"":-33,""f"":2432},{""b"":""02:17:b2:0b:47:8a"",""s"":""T wifi zone_secure"",""r"":-38,""f"":2452},{""b"":""40:27:0b:02:a2:b8"",""s"":""U+zone"",""r"":-38,""f"":5785},{""b"":""22:17:b2:0b:47:88"",""s"":""T wifi zone"",""r"":-40,""f"":5785},{""b"":""22:17:b2:0b:47:8a"",""s"":""T wifi zone_secure"",""r"":-40,""f"":5785},{""b"":""02:17:b2:0b:47:88"",""s"":""T wifi zone"",""r"":-41,""f"":2452},{""b"":""36:78:c2:00:0a:b4"",""s"":""KT WiFi "",""r"":-42,""f"":5640},{""b"":""30:78:c2:00:0a:b4"",""s"":""KT WiFi"",""r"":-42,""f"":5640},{""b"":""36:78:c2:00:0a:b5"",""s"":""KT WiFi "",""r"":-46,""f"":2432},{""b"":""30:78:c2:00:0a:b5"",""s"":""KT WiFi"",""r"":-47,""f"":2432},{""b"":""12:06:ac:80:2b:2a"",""s"":""FREE_U+zone_2.4GHz"",""r"":-57,""f"":2432},{""b"":""40:27:0b:02:a2:c6"",""s"":""U+zone_2.4GHz"",""r"":-57,""f"":2472},{""b"":""40:27:0b:02:a2:c7"",""s"":""U+zone"",""r"":-58,""f"":5745},{""b"":""02:06:ac:80:2b:2a"",""s"":""U+zone_2.4GHz"",""r"":-59,""f"":2432},{""b"":""00:09:b4:75:ab:1b"",""s"":""KT_Free_WiFi"",""r"":-60,""f"":2432}]",,37.564354,127.029354,station,상왕십리,상왕십리,55.6382607951139
1789967786015,2026-09-21 14:16:26,unknown,37.5642368,127.0299606,14.412,,,46.0,fused,4,LTE,NR_NSA,5G,True,False,True,False,False,51224320,496,3050,7,8283,450,6,-74,-6,-51,20.0,4,0.0,,,,139663,8482,1.1173,0.0679,139643,8462,1.1171,0.0677,False,4,0,4,-71.0,496.0,100.0,0.081895255,False,False,periodic,31,0,1.0,0.0,2885,,,,"[{""type"":""LTE"",""pci"":496,""earfcn"":100,""tac"":null,""rsrp"":-71,""rsrq"":-8,""rssi"":-53,""snr"":null,""ta"":0,""level"":4,""bands"":""1""},{""type"":""LTE"",""pci"":496,""earfcn"":2600,""tac"":null,""rsrp"":-81,""rsrq"":-11,""rssi"":-59,""snr"":null,""ta"":0,""level"":4,""bands"":""5""},{""type"":""LTE"",""pci"":491,""earfcn"":100,""tac"":null,""rsrp"":-81,""rsrq"":-20,""rssi"":-51,""snr"":null,""ta"":0,""level"":4,""bands"":""1""},{""type"":""LTE"",""pci"":491,""earfcn"":3050,""tac"":null,""rsrp"":-92,""rsrq"":-20,""rssi"":-57,""snr"":null,""ta"":0,""level"":3,""bands"":""7""}]",1007.981,99.0,,67,2,,,,"[{""b"":""40:27:0b:02:a2:b7"",""s"":""U+zone_2.4GHz"",""r"":-33,""f"":2432},{""b"":""40:27:0b:02:a2:b8"",""s"":""U+zone"",""r"":-36,""f"":5785},{""b"":""02:17:b2:0b:47:88"",""s"":""T wifi zone"",""r"":-36,""f"":2452},{""b"":""02:17:b2:0b:47:8a"",""s"":""T wifi zone_secure"",""r"":-38,""f"":2452},{""b"":""36:78:c2:00:0a:b5"",""s"":""KT WiFi "",""r"":-40,""f"":2432},{""b"":""36:78:c2:00:0a:b4"",""s"":""KT WiFi "",""r"":-40,""f"":5640},{""b"":""30:78:c2:00:0a:b4"",""s"":""KT WiFi"",""r"":-40,""f"":5640},{""b"":""30:78:c2:00:0a:b5"",""s"":""KT WiFi"",""r"":-40,""f"":2432},{""b"":""22:17:b2:0b:47:88"",""s"":""T wifi zone"",""r"":-43,""f"":5785},{""b"":""22:17:b2:0b:47:8a"",""s"":""T wifi zone_secure"",""r"":-43,""f"":5785},{""b"":""12:06:ac:80:2b:2a"",""s"":""FREE_U+zone_2.4GHz"",""r"":-57,""f"":2432},{""b"":""40:27:0b:02:a2:c6"",""s"":""U+zone_2.4GHz"",""r"":-57,""f"":2472},{""b"":""02:06:ac:80:2b:2a"",""s"":""U+zone_2.4GHz"",""r"":-57,""f"":2432},{""b"":""06:09:b4:75:ab:1b"",""s"":""KT WiFi"",""r"":-58,""f"":2432},{""b"":""02:17:b2:0b:7d:b6"",""s"":""T wifi zone"",""r"":-58,""f"":2452}]",,37.564354,127.029354,station,상왕십리,상왕십리,55.031563641522304
1789967791038,2026-09-21 14:16:31,unknown,37.5642702,127.029992,18.845,,,46.09999847412109,fused,2,LTE,NR_NSA,5G,True,False,True,False,False,51224320,496,3050,7,8283,450,6,-75,-7,-51,20.0,4,0.0,,,,3214,1609,0.0257,0.0129,3194,1578,0.0256,0.0126,False,4,0,4,-76.0,496.0,100.0,0.024921272,False,False,periodic,36,0,-1.0,0.0,723,,,,"[{""type"":""LTE"",""pci"":496,""earfcn"":100,""tac"":null,""rsrp"":-76,""rsrq"":-9,""rssi"":-57,""snr"":null,""ta"":0,""level"":4,""bands"":""1""},{""type"":""LTE"",""pci"":496,""earfcn"":2600,""tac"":null,""rsrp"":-78,""rsrq"":-11,""rssi"":-57,""snr"":null,""ta"":0,""level"":4,""bands"":""5""},{""type"":""LTE"",""pci"":491,""earfcn"":100,""tac"":null,""rsrp"":-81,""rsrq"":-18,""rssi"":-51,""snr"":null,""ta"":0,""level"":4,""bands"":""1""},{""type"":""LTE"",""pci"":491,""earfcn"":3050,""tac"":null,""rsrp"":-89,""rsrq"":-18,""rssi"":-57,""snr"":null,""ta"":0,""level"":3,""bands"":""7""}]",1007.9942,51.0,,53,1,,,,"[{""b"":""40:27:0b:02:a2:b7"",""s"":""U+zone_2.4GHz"",""r"":-34,""f"":2432},{""b"":""40:27:0b:02:a2:b8"",""s"":""U+zone"",""r"":-36,""f"":5785},{""b"":""22:17:b2:0b:47:8a"",""s"":""T wifi zone_secure"",""r"":-38,""f"":5785},{""b"":""22:17:b2:0b:47:88"",""s"":""T wifi zone"",""r"":-39,""f"":5785},{""b"":""30:78:c2:00:0a:b5"",""s"":""KT WiFi"",""r"":-39,""f"":2432},{""b"":""36:78:c2:00:0a:b5"",""s"":""KT WiFi "",""r"":-41,""f"":2432},{""b"":""02:17:b2:0b:47:88"",""s"":""T wifi zone"",""r"":-43,""f"":2452},{""b"":""02:17:b2:0b:47:8a"",""s"":""T wifi zone_secure"",""r"":-44,""f"":2452},{""b"":""30:78:c2:00:0a:b4"",""s"":""KT WiFi"",""r"":-46,""f"":5640},{""b"":""36:78:c2:00:0a:b4"",""s"":""KT WiFi "",""r"":-50,""f"":5640},{""b"":""12:06:ac:80:2b:2a"",""s"":""FREE_U+zone_2.4GHz"",""r"":-57,""f"":2432},{""b"":""02:06:ac:80:2b:2a"",""s"":""U+zone_2.4GHz"",""r"":-57,""f"":2432},{""b"":""40:27:0b:02:a2:c7"",""s"":""U+zone"",""r"":-58,""f"":5745},{""b"":""30:78:c2:00:07:d6"",""s"":""KT WiFi"",""r"":-62,""f"":2432},{""b"":""22:17:b2:0b:7d:b6"",""s"":""T wifi zone"",""r"":-63,""f"":5805}]",,37.564354,127.029354,station,상왕십리,상왕십리,57.00064474332784
1789967796068,2026-09-21 14:16:36,unknown,37.5642471,127.0299535,18.737,,,46.0,fused,5,LTE,NR_NSA,5G,True,False,True,False,False,51224320,496,3050,7,8283,450,6,-74,-7,-51,18.0,4,0.0,,,,42,62,0.0003,0.0005,22,42,0.0002,0.0003,False,5,0,5,-74.0,496.0,100.0,0.0018324298,False,False,periodic,41,0,1.0,-2.0,1148,,,,"[{""type"":""LTE"",""pci"":496,""earfcn"":100,""tac"":null,""rsrp"":-74,""rsrq"":-9,""rssi"":-55,""snr"":null,""ta"":0,""level"":4,""bands"":""1""},{""type"":""LTE"",""pci"":496,""earfcn"":2600,""tac"":null,""rsrp"":-79,""rsrq"":-11,""rssi"":-59,""snr"":null,""ta"":0,""level"":4,""bands"":""5""},{""type"":""LTE"",""pci"":444,""earfcn"":100,""tac"":null,""rsrp"":-85,""rsrq"":-19,""rssi"":-55,""snr"":null,""ta"":0,""level"":4,""bands"":""1""},{""type"":""LTE"",""pci"":491,""earfcn"":100,""tac"":null,""rsrp"":-87,""rsrq"":-20,""rssi"":-55,""snr"":null,""ta"":0,""level"":3,""bands"":""1""},{""type"":""LTE"",""pci"":491,""earfcn"":3050,""tac"":null,""rsrp"":-90,""rsrq"":-17,""rssi"":-55,""snr"":null,""ta"":0,""level"":3,""bands"":""7""}]",1007.97424,69.0,,49,4,,,,"[{""b"":""40:27:0b:02:a2:b8"",""s"":""U+zone"",""r"":-32,""f"":5785},{""b"":""40:27:0b:02:a2:b7"",""s"":""U+zone_2.4GHz"",""r"":-33,""f"":2432},{""b"":""02:17:b2:0b:47:88"",""s"":""T wifi zone"",""r"":-40,""f"":2452},{""b"":""02:17:b2:0b:47:8a"",""s"":""T wifi zone_secure"",""r"":-41,""f"":2452},{""b"":""36:78:c2:00:0a:b4"",""s"":""KT WiFi "",""r"":-41,""f"":5640},{""b"":""22:17:b2:0b:47:88"",""s"":""T wifi zone"",""r"":-41,""f"":5785},{""b"":""22:17:b2:0b:47:8a"",""s"":""T wifi zone_secure"",""r"":-41,""f"":5785},{""b"":""30:78:c2:00:0a:b4"",""s"":""KT WiFi"",""r"":-42,""f"":5640},{""b"":""30:78:c2:00:0a:b5"",""s"":""KT WiFi"",""r"":-44,""f"":2432},{""b"":""40:27:0b:02:a2:c6"",""s"":""U+zone_2.4GHz"",""r"":-55,""f"":2472},{""b"":""12:06:ac:80:2b:2b"",""s"":""FREE_U+zone"",""r"":-60,""f"":5200},{""b"":""22:06:ac:80:2b:2b"",""s"":""Public WiFi Free"",""r"":-60,""f"":5200},{""b"":""06:09:b4:75:ab:1b"",""s"":""KT WiFi"",""r"":-61,""f"":2432},{""b"":""06:09:b4:75:ab:1c"",""s"":""KT WiFi"",""r"":-62,""f"":5320},{""b"":""0a:09:b4:75:ab:1c"",""s"":""KT WiFi "",""r"":-62,""f"":5320}]",,37.564354,127.029354,station,상왕십리,상왕십리,54.16092883109823
1789967801099,2026-09-21 14:16:41,unknown,37.5642471,127.0299535,18.737,,,46.0,fused,10,LTE,NR_NSA,5G,True,False,True,False,False,51224320,496,3050,7,8283,450,6,-72,-7,-51,18.0,4,0.0,,,,426801,3160,3.4144,0.0253,426781,3140,3.4142,0.0251,False,5,0,5,-70.0,496.0,100.0,0.036965054,False,False,periodic,46,0,2.0,0.0,1170,,,,"[{""type"":""LTE"",""pci"":496,""earfcn"":100,""tac"":null,""rsrp"":-70,""rsrq"":-10,""rssi"":-51,""snr"":null,""ta"":0,""level"":4,""bands"":""1""},{""type"":""LTE"",""pci"":444,""earfcn"":100,""tac"":null,""rsrp"":-76,""rsrq"":-17,""rssi"":-51,""snr"":null,""ta"":0,""level"":4,""bands"":""1""},{""type"":""LTE"",""pci"":496,""earfcn"":2600,""tac"":null,""rsrp"":-77,""rsrq"":-11,""rssi"":-55,""snr"":null,""ta"":0,""level"":4,""bands"":""5""},{""type"":""LTE"",""pci"":491,""earfcn"":100,""tac"":null,""rsrp"":-77,""rsrq"":-16,""rssi"":-51,""snr"":null,""ta"":0,""level"":4,""bands"":""1""},{""type"":""LTE"",""pci"":491,""earfcn"":3050,""tac"":null,""rsrp"":-88,""rsrq"":-20,""rssi"":-55,""snr"":null,""ta"":0,""level"":3,""bands"":""7""}]",1008.13104,77.0,36.986,49,9,,,,"[{""b"":""40:27:0b:02:a2:b8"",""s"":""U+zone"",""r"":-32,""f"":5785},{""b"":""40:27:0b:02:a2:b7"",""s"":""U+zone_2.4GHz"",""r"":-33,""f"":2432},{""b"":""02:17:b2:0b:47:88"",""s"":""T wifi zone"",""r"":-40,""f"":2452},{""b"":""02:17:b2:0b:47:8a"",""s"":""T wifi zone_secure"",""r"":-41,""f"":2452},{""b"":""36:78:c2:00:0a:b4"",""s"":""KT WiFi "",""r"":-41,""f"":5640},{""b"":""22:17:b2:0b:47:88"",""s"":""T wifi zone"",""r"":-41,""f"":5785},{""b"":""22:17:b2:0b:47:8a"",""s"":""T wifi zone_secure"",""r"":-41,""f"":5785},{""b"":""30:78:c2:00:0a:b4"",""s"":""KT WiFi"",""r"":-42,""f"":5640},{""b"":""30:78:c2:00:0a:b5"",""s"":""KT WiFi"",""r"":-44,""f"":2432},{""b"":""40:27:0b:02:a2:c6"",""s"":""U+zone_2.4GHz"",""r"":-55,""f"":2472},{""b"":""12:06:ac:80:2b:2b"",""s"":""FREE_U+zone"",""r"":-60,""f"":5200},{""b"":""22:06:ac:80:2b:2b"",""s"":""Public WiFi Free"",""r"":-60,""f"":5200},{""b"":""06:09:b4:75:ab:1b"",""s"":""KT WiFi"",""r"":-61,""f"":2432},{""b"":""06:09:b4:75:ab:1c"",""s"":""KT WiFi"",""r"":-62,""f"":5320},{""b"":""0a:09:b4:75:ab:1c"",""s"":""KT WiFi "",""r"":-62,""f"":5320}]",,37.56413102652652,127.0298978377402,between,상왕십리,왕십리,13.807790435976825
1789967806120,2026-09-21 14:16:46,unknown,37.564244,127.0299624,16.934,,,46.0,fused,6,LTE,NR_NSA,5G,True,False,True,False,False,51224320,496,3050,7,8283,450,6,-74,-6,-51,22.0,4,0.0,,,,81,2396,0.0006,0.0192,41,2356,0.0003,0.0188,False,4,0,4,-76.0,496.0,100.0,0.020042425,False,False,periodic,51,0,-2.0,4.0,235,,,,"[{""type"":""LTE"",""pci"":496,""earfcn"":100,""tac"":null,""rsrp"":-76,""rsrq"":-13,""rssi"":-53,""snr"":null,""ta"":0,""level"":4,""bands"":""1""},{""type"":""LTE"",""pci"":491,""earfcn"":100,""tac"":null,""rsrp"":-78,""rsrq"":-16,""rssi"":-53,""snr"":null,""ta"":0,""level"":4,""bands"":""1""},{""type"":""LTE"",""pci"":496,""earfcn"":2600,""tac"":null,""rsrp"":-82,""rsrq"":-11,""rssi"":-61,""snr"":null,""ta"":0,""level"":4,""bands"":""5""},{""type"":""LTE"",""pci"":491,""earfcn"":3050,""tac"":null,""rsrp"":-90,""rsrq"":-20,""rssi"":-55,""snr"":null,""ta"":0,""level"":3,""bands"":""7""}]",1008.1147,55.0,,56,4,,,,"[{""b"":""40:27:0b:02:a2:b8"",""s"":""U+zone"",""r"":-35,""f"":5785},{""b"":""02:17:b2:0b:47:88"",""s"":""T wifi zone"",""r"":-37,""f"":2452},{""b"":""22:17:b2:0b:47:88"",""s"":""T wifi zone"",""r"":-38,""f"":5785},{""b"":""22:17:b2:0b:47:8a"",""s"":""T wifi zone_secure"",""r"":-38,""f"":5785},{""b"":""02:17:b2:0b:47:8a"",""s"":""T wifi zone_secure"",""r"":-39,""f"":2452},{""b"":""40:27:0b:02:a2:b7"",""s"":""U+zone_2.4GHz"",""r"":-39,""f"":2432},{""b"":""30:78:c2:00:0a:b5"",""s"":""KT WiFi"",""r"":-44,""f"":2432},{""b"":""36:78:c2:00:0a:b5"",""s"":""KT WiFi "",""r"":-47,""f"":2432},{""b"":""36:78:c2:00:0a:b4"",""s"":""KT WiFi "",""r"":-47,""f"":5640},{""b"":""30:78:c2:00:0a:b4"",""s"":""KT WiFi"",""r"":-47,""f"":5640},{""b"":""40:27:0b:02:a2:c6"",""s"":""U+zone_2.4GHz"",""r"":-57,""f"":2472},{""b"":""12:06:ac:80:2b:2a"",""s"":""FREE_U+zone_2.4GHz"",""r"":-58,""f"":2432},{""b"":""02:17:b2:0b:7d:b6"",""s"":""T wifi zone"",""r"":-61,""f"":2452},{""b"":""00:09:b4:75:ab:2c"",""s"":""KT_Free_WiFi"",""r"":-62,""f"":5200},{""b"":""06:09:b4:75:ab:2c"",""s"":""KT WiFi"",""r"":-62,""f"":5200}]",,37.563908496252154,127.03044059450694,between,상왕십리,왕십리,56.287344224158446
1789967810028,2026-09-21 14:16:50,unknown,37.564244,127.0299624,278.134,,,46.0,fused,3,LTE,NR_NSA,5G,True,False,True,False,False,51224834,491,3050,7,8283,450,6,-83,-10,-55,20.0,4,0.0,,,,147902,12330,1.1832,0.0986,147877,12305,1.183,0.0984,False,8,0,8,-85.0,496.0,100.0,0.001565527,True,False,handover,0,1,,,4,51224320.0,-74.0,-6.0,"[{""type"":""LTE"",""pci"":496,""earfcn"":100,""tac"":null,""rsrp"":-85,""rsrq"":-13,""rssi"":-61,""snr"":null,""ta"":0,""level"":4,""bands"":""1""},{""type"":""LTE"",""pci"":491,""earfcn"":100,""tac"":null,""rsrp"":-85,""rsrq"":-12,""rssi"":-61,""snr"":null,""ta"":0,""level"":4,""bands"":""1""},{""type"":""LTE"",""pci"":496,""earfcn"":3050,""tac"":null,""rsrp"":-90,""rsrq"":-10,""rssi"":-63,""snr"":null,""ta"":0,""level"":3,""bands"":""7""},{""type"":""LTE"",""pci"":444,""earfcn"":100,""tac"":null,""rsrp"":-92,""rsrq"":-17,""rssi"":-61,""snr"":null,""ta"":0,""level"":3,""bands"":""1""},{""type"":""LTE"",""pci"":451,""earfcn"":100,""tac"":null,""rsrp"":-92,""rsrq"":-19,""rssi"":-63,""snr"":null,""ta"":0,""level"":3,""bands"":""1""},{""type"":""LTE"",""pci"":451,""earfcn"":3050,""tac"":null,""rsrp"":-95,""rsrq"":-17,""rssi"":-63,""snr"":null,""ta"":0,""level"":3,""bands"":""7""},{""type"":""LTE"",""pci"":496,""earfcn"":2600,""tac"":null,""rsrp"":-97,""rsrq"":-10,""rssi"":-75,""snr"":null,""ta"":0,""level"":2,""bands"":""5""},{""type"":""LTE"",""pci"":491,""earfcn"":2600,""tac"":null,""rsrp"":-102,""rsrq"":-16,""rssi"":-75,""snr"":null,""ta"":0,""level"":2,""bands"":""5""}]",1008.4026,85.0,,19,1,,,,"[{""b"":""40:27:0b:02:a2:b8"",""s"":""U+zone"",""r"":-36,""f"":5785},{""b"":""02:17:b2:0b:47:88"",""s"":""T wifi zone"",""r"":-37,""f"":2452},{""b"":""02:17:b2:0b:47:8a"",""s"":""T wifi zone_secure"",""r"":-38,""f"":2452},{""b"":""22:17:b2:0b:47:88"",""s"":""T wifi zone"",""r"":-38,""f"":5785},{""b"":""22:17:b2:0b:47:8a"",""s"":""T wifi zone_secure"",""r"":-39,""f"":5785},{""b"":""40:27:0b:02:a2:b7"",""s"":""U+zone_2.4GHz"",""r"":-39,""f"":2432},{""b"":""30:78:c2:00:0a:b4"",""s"":""KT WiFi"",""r"":-41,""f"":5640},{""b"":""36:78:c2:00:0a:b4"",""s"":""KT WiFi "",""r"":-42,""f"":5640},{""b"":""30:78:c2:00:0a:b5"",""s"":""KT WiFi"",""r"":-47,""f"":2432},{""b"":""22:17:b2:0b:7d:b6"",""s"":""T wifi zone"",""r"":-62,""f"":5805},{""b"":""22:17:b2:0b:7d:b8"",""s"":""T wifi zone_secure"",""r"":-62,""f"":5805},{""b"":""40:27:0b:02:a2:c7"",""s"":""U+zone"",""r"":-62,""f"":5745},{""b"":""02:17:b2:0b:7d:b8"",""s"":""T wifi zone_secure"",""r"":-63,""f"":2452},{""b"":""02:17:b2:0b:7d:b6"",""s"":""T wifi zone"",""r"":-64,""f"":2452},{""b"":""36:78:c2:00:07:d5"",""s"":""KT WiFi "",""r"":-69,""f"":5640}]","[{""type"":""LTE"",""pci"":496,""earfcn"":100,""tac"":null,""rsrp"":-76,""rsrq"":-13,""rssi"":-53,""snr"":null,""ta"":0,""level"":4,""bands"":""1""},{""type"":""LTE"",""pci"":491,""earfcn"":100,""tac"":null,""rsrp"":-78,""rsrq"":-16,""rssi"":-53,""snr"":null,""ta"":0,""level"":4,""bands"":""1""},{""type"":""LTE"",""pci"":496,""earfcn"":2600,""tac"":null,""rsrp"":-82,""rsrq"":-11,""rssi"":-61,""snr"":null,""ta"":0,""level"":4,""bands"":""5""},{""type"":""LTE"",""pci"":491,""earfcn"":3050,""tac"":null,""rsrp"":-90,""rsrq"":-20,""rssi"":-55,""snr"":null,""ta"":0,""level"":3,""bands"":""7""}]",37.563735294039,127.03086303892927,between,상왕십리,왕십리,97.47504063191973
1789967811133,2026-09-21 14:16:51,unknown,37.564244,127.0299624,278.134,,,46.0,fused,4,LTE,NR_NSA,5G,True,False,True,False,False,51224834,491,3050,7,8283,450,6,-85,-8,-51,18.0,4,0.0,,,,469893,6197,3.7591,0.0496,469893,6197,3.7591,0.0496,False,8,0,8,-85.0,496.0,100.0,0.00028847827,False,False,periodic,1,1,-2.0,-2.0,251,,,,"[{""type"":""LTE"",""pci"":496,""earfcn"":100,""tac"":null,""rsrp"":-85,""rsrq"":-13,""rssi"":-61,""snr"":null,""ta"":0,""level"":4,""bands"":""1""},{""type"":""LTE"",""pci"":491,""earfcn"":100,""tac"":null,""rsrp"":-85,""rsrq"":-12,""rssi"":-61,""snr"":null,""ta"":0,""level"":4,""bands"":""1""},{""type"":""LTE"",""pci"":496,""earfcn"":2600,""tac"":null,""rsrp"":-90,""rsrq"":-13,""rssi"":-65,""snr"":null,""ta"":0,""level"":3,""bands"":""5""},{""type"":""LTE"",""pci"":496,""earfcn"":3050,""tac"":null,""rsrp"":-91,""rsrq"":-14,""rssi"":-65,""snr"":null,""ta"":0,""level"":3,""bands"":""7""},{""type"":""LTE"",""pci"":444,""earfcn"":100,""tac"":null,""rsrp"":-92,""rsrq"":-17,""rssi"":-61,""snr"":null,""ta"":0,""level"":3,""bands"":""1""},{""type"":""LTE"",""pci"":451,""earfcn"":100,""tac"":null,""rsrp"":-92,""rsrq"":-19,""rssi"":-63,""snr"":null,""ta"":0,""level"":3,""bands"":""1""},{""type"":""LTE"",""pci"":451,""earfcn"":3050,""tac"":null,""rsrp"":-96,""rsrq"":-17,""rssi"":-65,""snr"":null,""ta"":0,""level"":2,""bands"":""7""},{""type"":""LTE"",""pci"":491,""earfcn"":2600,""tac"":null,""rsrp"":-98,""rsrq"":-15,""rssi"":-79,""snr"":null,""ta"":0,""level"":2,""bands"":""5""}]",1008.5163,85.0,,19,2,,,,"[{""b"":""40:27:0b:02:a2:b8"",""s"":""U+zone"",""r"":-36,""f"":5785},{""b"":""02:17:b2:0b:47:88"",""s"":""T wifi zone"",""r"":-37,""f"":2452},{""b"":""02:17:b2:0b:47:8a"",""s"":""T wifi zone_secure"",""r"":-38,""f"":2452},{""b"":""22:17:b2:0b:47:88"",""s"":""T wifi zone"",""r"":-38,""f"":5785},{""b"":""22:17:b2:0b:47:8a"",""s"":""T wifi zone_secure"",""r"":-39,""f"":5785},{""b"":""40:27:0b:02:a2:b7"",""s"":""U+zone_2.4GHz"",""r"":-39,""f"":2432},{""b"":""30:78:c2:00:0a:b4"",""s"":""KT WiFi"",""r"":-41,""f"":5640},{""b"":""36:78:c2:00:0a:b4"",""s"":""KT WiFi "",""r"":-42,""f"":5640},{""b"":""30:78:c2:00:0a:b5"",""s"":""KT WiFi"",""r"":-47,""f"":2432},{""b"":""22:17:b2:0b:7d:b6"",""s"":""T wifi zone"",""r"":-62,""f"":5805},{""b"":""22:17:b2:0b:7d:b8"",""s"":""T wifi zone_secure"",""r"":-62,""f"":5805},{""b"":""40:27:0b:02:a2:c7"",""s"":""U+zone"",""r"":-62,""f"":5745},{""b"":""02:17:b2:0b:7d:b8"",""s"":""T wifi zone_secure"",""r"":-63,""f"":2452},{""b"":""02:17:b2:0b:7d:b6"",""s"":""T wifi zone"",""r"":-64,""f"":2452},{""b"":""36:78:c2:00:07:d5"",""s"":""KT WiFi "",""r"":-69,""f"":5640}]",,37.56368632053707,127.03098248649493,between,상왕십리,왕십리,109.22221282837911
1789967816161,2026-09-21 14:16:56,unknown,37.564244,127.0299624,278.134,,,46.0,fused,9,LTE,NR_NSA,5G,True,False,True,False,False,51224834,491,3050,7,8283,450,6,-82,-6,-53,15.0,4,0.0,,,,23100,10044,0.1848,0.0804,23080,10024,0.1846,0.0802,False,9,0,9,-75.0,491.0,100.0,0.25487363,False,False,periodic,6,1,3.0,-3.0,2707,,,,"[{""type"":""LTE"",""pci"":491,""earfcn"":100,""tac"":null,""rsrp"":-75,""rsrq"":-10,""rssi"":-57,""snr"":null,""ta"":0,""level"":4,""bands"":""1""},{""type"":""LTE"",""pci"":444,""earfcn"":100,""tac"":null,""rsrp"":-83,""rsrq"":-19,""rssi"":-53,""snr"":null,""ta"":0,""level"":4,""bands"":""1""},{""type"":""LTE"",""pci"":491,""earfcn"":2600,""tac"":null,""rsrp"":-86,""rsrq"":-9,""rssi"":-57,""snr"":null,""ta"":0,""level"":3,""bands"":""5""},{""type"":""LTE"",""pci"":496,""earfcn"":100,""tac"":null,""rsrp"":-88,""rsrq"":-15,""rssi"":-57,""snr"":null,""ta"":0,""level"":3,""bands"":""1""},{""type"":""LTE"",""pci"":451,""earfcn"":3050,""tac"":null,""rsrp"":-91,""rsrq"":-16,""rssi"":-65,""snr"":null,""ta"":0,""level"":3,""bands"":""7""},{""type"":""LTE"",""pci"":451,""earfcn"":2600,""tac"":null,""rsrp"":-92,""rsrq"":-17,""rssi"":-65,""snr"":null,""ta"":0,""level"":3,""bands"":""5""},{""type"":""LTE"",""pci"":496,""earfcn"":2600,""tac"":null,""rsrp"":-93,""rsrq"":-16,""rssi"":-65,""snr"":null,""ta"":0,""level"":3,""bands"":""5""},{""type"":""LTE"",""pci"":496,""earfcn"":3050,""tac"":null,""rsrp"":-94,""rsrq"":-19,""rssi"":-65,""snr"":null,""ta"":0,""level"":3,""bands"":""7""},{""type"":""LTE"",""pci"":444,""earfcn"":2600,""tac"":null,""rsrp"":-94,""rsrq"":-20,""rssi"":-63,""snr"":null,""ta"":0,""level"":3,""bands"":""5""}]",1008.9562,66.0,,14,2,,,,"[{""b"":""22:17:b2:0b:47:8a"",""s"":""T wifi zone_secure"",""r"":-37,""f"":5785},{""b"":""40:27:0b:02:a2:b7"",""s"":""U+zone_2.4GHz"",""r"":-37,""f"":2432},{""b"":""22:17:b2:0b:47:88"",""s"":""T wifi zone"",""r"":-38,""f"":5785},{""b"":""40:27:0b:02:a2:b8"",""s"":""U+zone"",""r"":-39,""f"":5785},{""b"":""02:17:b2:0b:47:88"",""s"":""T wifi zone"",""r"":-40,""f"":2452},{""b"":""02:17:b2:0b:47:8a"",""s"":""T wifi zone_secure"",""r"":-40,""f"":2452},{""b"":""36:78:c2:00:0a:b5"",""s"":""KT WiFi "",""r"":-42,""f"":2432},{""b"":""36:78:c2:00:0a:b4"",""s"":""KT WiFi "",""r"":-43,""f"":5640},{""b"":""30:78:c2:00:0a:b4"",""s"":""KT WiFi"",""r"":-43,""f"":5640},{""b"":""30:78:c2:00:0a:b5"",""s"":""KT WiFi"",""r"":-43,""f"":2432},{""b"":""02:17:b2:0b:7d:b6"",""s"":""T wifi zone"",""r"":-63,""f"":2452},{""b"":""30:78:c2:00:07:d6"",""s"":""KT WiFi"",""r"":-67,""f"":2432},{""b"":""30:78:c2:00:07:d5"",""s"":""KT WiFi"",""r"":-71,""f"":5640},{""b"":""36:78:c2:00:07:d5"",""s"":""KT WiFi "",""r"":-72,""f"":5640}]",,37.56346348002333,127.0315259999431,between,상왕십리,왕십리,162.8687771582901
1789967821188,2026-09-21 14:17:01,unknown,37.564244,127.0299624,278.134,,,46.0,fused,14,LTE,NR_NSA,5G,True,False,True,False,False,51224834,491,3050,7,8283,450,6,-71,-6,-51,18.0,4,0.0,,,,3319,2975,0.0266,0.0238,3299,2955,0.0264,0.0236,False,9,0,9,-56.0,444.0,2600.0,0.012234234,False,False,periodic,11,1,11.0,3.0,2706,,,,"[{""type"":""LTE"",""pci"":444,""earfcn"":2600,""tac"":null,""rsrp"":-56,""rsrq"":-17,""rssi"":-51,""snr"":null,""ta"":0,""level"":4,""bands"":""5""},{""type"":""LTE"",""pci"":451,""earfcn"":2600,""tac"":null,""rsrp"":-58,""rsrq"":-19,""rssi"":-51,""snr"":null,""ta"":0,""level"":4,""bands"":""5""},{""type"":""LTE"",""pci"":491,""earfcn"":100,""tac"":null,""rsrp"":-64,""rsrq"":-9,""rssi"":-51,""snr"":null,""ta"":0,""level"":4,""bands"":""1""},{""type"":""LTE"",""pci"":491,""earfcn"":2600,""tac"":null,""rsrp"":-66,""rsrq"":-11,""rssi"":-51,""snr"":null,""ta"":0,""level"":4,""bands"":""5""},{""type"":""LTE"",""pci"":444,""earfcn"":100,""tac"":null,""rsrp"":-69,""rsrq"":-19,""rssi"":-51,""snr"":null,""ta"":0,""level"":4,""bands"":""1""},{""type"":""LTE"",""pci"":451,""earfcn"":100,""tac"":null,""rsrp"":-84,""rsrq"":-17,""rssi"":-57,""snr"":null,""ta"":0,""level"":4,""bands"":""1""},{""type"":""LTE"",""pci"":496,""earfcn"":100,""tac"":null,""rsrp"":-88,""rsrq"":-15,""rssi"":-57,""snr"":null,""ta"":0,""level"":3,""bands"":""1""},{""type"":""LTE"",""pci"":451,""earfcn"":3050,""tac"":null,""rsrp"":-91,""rsrq"":-16,""rssi"":-65,""snr"":null,""ta"":0,""level"":3,""bands"":""7""},{""type"":""LTE"",""pci"":496,""earfcn"":2600,""tac"":null,""rsrp"":-100,""rsrq"":-15,""rssi"":-75,""snr"":null,""ta"":0,""level"":2,""bands"":""5""}]",1009.5516,62.0,,23,0,,,,"[{""b"":""40:27:0b:02:a2:b8"",""s"":""U+zone"",""r"":-36,""f"":5785},{""b"":""22:17:b2:0b:47:8a"",""s"":""T wifi zone_secure"",""r"":-39,""f"":5785},{""b"":""40:27:0b:02:a2:b7"",""s"":""U+zone_2.4GHz"",""r"":-39,""f"":2432},{""b"":""02:17:b2:0b:47:88"",""s"":""T wifi zone"",""r"":-39,""f"":2452},{""b"":""22:17:b2:0b:47:88"",""s"":""T wifi zone"",""r"":-39,""f"":5785},{""b"":""02:17:b2:0b:47:8a"",""s"":""T wifi zone_secure"",""r"":-40,""f"":2452},{""b"":""36:78:c2:00:0a:b4"",""s"":""KT WiFi "",""r"":-41,""f"":5640},{""b"":""30:78:c2:00:0a:b4"",""s"":""KT WiFi"",""r"":-42,""f"":5640},{""b"":""30:78:c2:00:0a:b5"",""s"":""KT WiFi"",""r"":-44,""f"":2432},{""b"":""36:78:c2:00:0a:b5"",""s"":""KT WiFi "",""r"":-45,""f"":2432},{""b"":""02:17:b2:0b:7d:b6"",""s"":""T wifi zone"",""r"":-54,""f"":2452},{""b"":""02:17:b2:0b:7d:b8"",""s"":""T wifi zone_secure"",""r"":-56,""f"":2452},{""b"":""40:27:0b:02:a2:c7"",""s"":""U+zone"",""r"":-59,""f"":5745},{""b"":""22:17:b2:0b:7d:b6"",""s"":""T wifi zone"",""r"":-64,""f"":5805},{""b"":""22:17:b2:0b:7d:b8"",""s"":""T wifi zone_secure"",""r"":-65,""f"":5805}]",,37.56324068382949,127.03206940529392,between,상왕십리,왕십리,216.64803449388705
1789967824325,2026-09-21 14:17:04,unknown,37.564244,127.0299624,278.134,,,46.0,fused,17,LTE,NR_NSA,5G,True,False,True,False,False,51224836,451,3050,7,8283,450,6,-79,-6,-51,18.0,4,0.0,,,,435,700,0.0035,0.0056,403,669,0.0032,0.0054,False,10,0,10,-78.0,451.0,100.0,0.0012200925,True,False,handover,0,2,,,9,51224834.0,-71.0,-6.0,"[{""type"":""LTE"",""pci"":451,""earfcn"":100,""tac"":null,""rsrp"":-78,""rsrq"":-9,""rssi"":-57,""snr"":null,""ta"":0,""level"":4,""bands"":""1""},{""type"":""LTE"",""pci"":444,""earfcn"":100,""tac"":null,""rsrp"":-85,""rsrq"":-17,""rssi"":-57,""snr"":null,""ta"":0,""level"":4,""bands"":""1""},{""type"":""LTE"",""pci"":491,""earfcn"":100,""tac"":null,""rsrp"":-86,""rsrq"":-18,""rssi"":-57,""snr"":null,""ta"":0,""level"":3,""bands"":""1""},{""type"":""LTE"",""pci"":444,""earfcn"":3050,""tac"":null,""rsrp"":-89,""rsrq"":-17,""rssi"":-59,""snr"":null,""ta"":0,""level"":3,""bands"":""7""},{""type"":""LTE"",""pci"":451,""earfcn"":2600,""tac"":null,""rsrp"":-90,""rsrq"":-12,""rssi"":-69,""snr"":null,""ta"":0,""level"":3,""bands"":""5""},{""type"":""LTE"",""pci"":444,""earfcn"":2600,""tac"":null,""rsrp"":-92,""rsrq"":-18,""rssi"":-65,""snr"":null,""ta"":0,""level"":3,""bands"":""5""},{""type"":""LTE"",""pci"":491,""earfcn"":3050,""tac"":null,""rsrp"":-93,""rsrq"":-17,""rssi"":-61,""snr"":null,""ta"":0,""level"":3,""bands"":""7""},{""type"":""LTE"",""pci"":496,""earfcn"":100,""tac"":null,""rsrp"":-94,""rsrq"":-19,""rssi"":-65,""snr"":null,""ta"":0,""level"":3,""bands"":""1""},{""type"":""LTE"",""pci"":496,""earfcn"":2600,""tac"":null,""rsrp"":-96,""rsrq"":-20,""rssi"":-65,""snr"":null,""ta"":0,""level"":2,""bands"":""5""},{""type"":""LTE"",""pci"":491,""earfcn"":2600,""tac"":null,""rsrp"":-96,""rsrq"":-16,""rssi"":-69,""snr"":null,""ta"":0,""level"":2,""bands"":""5""}]",1009.59985,86.0,,19,1,,,,"[{""b"":""22:17:b2:0b:47:8a"",""s"":""T wifi zone_secure"",""r"":-37,""f"":5785},{""b"":""40:27:0b:02:a2:b7"",""s"":""U+zone_2.4GHz"",""r"":-37,""f"":2432},{""b"":""22:17:b2:0b:47:88"",""s"":""T wifi zone"",""r"":-38,""f"":5785},{""b"":""40:27:0b:02:a2:b8"",""s"":""U+zone"",""r"":-40,""f"":5785},{""b"":""02:17:b2:0b:47:8a"",""s"":""T wifi zone_secure"",""r"":-40,""f"":2452},{""b"":""02:17:b2:0b:47:88"",""s"":""T wifi zone"",""r"":-41,""f"":2452},{""b"":""36:78:c2:00:0a:b4"",""s"":""KT WiFi "",""r"":-41,""f"":5640},{""b"":""30:78:c2:00:0a:b4"",""s"":""KT WiFi"",""r"":-41,""f"":5640},{""b"":""36:78:c2:00:0a:b5"",""s"":""KT WiFi "",""r"":-46,""f"":2432},{""b"":""30:78:c2:00:0a:b5"",""s"":""KT WiFi"",""r"":-46,""f"":2432},{""b"":""22:17:b2:0b:7d:b6"",""s"":""T wifi zone"",""r"":-60,""f"":5805},{""b"":""22:17:b2:0b:7d:b8"",""s"":""T wifi zone_secure"",""r"":-60,""f"":5805},{""b"":""40:27:0b:02:a2:c7"",""s"":""U+zone"",""r"":-64,""f"":5745},{""b"":""30:78:c2:00:07:d5"",""s"":""KT WiFi"",""r"":-70,""f"":5640},{""b"":""36:78:c2:00:07:d5"",""s"":""KT WiFi "",""r"":-70,""f"":5640}]","[{""type"":""LTE"",""pci"":444,""earfcn"":2600,""tac"":null,""rsrp"":-56,""rsrq"":-17,""rssi"":-51,""snr"":null,""ta"":0,""level"":4,""bands"":""5""},{""type"":""LTE"",""pci"":451,""earfcn"":2600,""tac"":null,""rsrp"":-58,""rsrq"":-19,""rssi"":-51,""snr"":null,""ta"":0,""level"":4,""bands"":""5""},{""type"":""LTE"",""pci"":491,""earfcn"":100,""tac"":null,""rsrp"":-64,""rsrq"":-9,""rssi"":-51,""snr"":null,""ta"":0,""level"":4,""bands"":""1""},{""type"":""LTE"",""pci"":491,""earfcn"":2600,""tac"":null,""rsrp"":-66,""rsrq"":-11,""rssi"":-51,""snr"":null,""ta"":0,""level"":4,""bands"":""5""},{""type"":""LTE"",""pci"":444,""earfcn"":100,""tac"":null,""rsrp"":-69,""rsrq"":-19,""rssi"":-51,""snr"":null,""ta"":0,""level"":4,""bands"":""1""},{""type"":""LTE"",""pci"":451,""earfcn"":100,""tac"":null,""rsrp"":-84,""rsrq"":-17,""rssi"":-57,""snr"":null,""ta"":0,""level"":4,""bands"":""1""},{""type"":""LTE"",""pci"":496,""earfcn"":100,""tac"":null,""rsrp"":-88,""rsrq"":-15,""rssi"":-57,""snr"":null,""ta"":0,""level"":3,""bands"":""1""},{""type"":""LTE"",""pci"":451,""earfcn"":3050,""tac"":null,""rsrp"":-91,""rsrq"":-16,""rssi"":-65,""snr"":null,""ta"":0,""level"":3,""bands"":""7""},{""type"":""LTE"",""pci"":496,""earfcn"":2600,""tac"":null,""rsrp"":-100,""rsrq"":-15,""rssi"":-75,""snr"":null,""ta"":0,""level"":2,""bands"":""5""}]",37.56310165226791,127.03240850666363,between,상왕십리,왕십리,250.23963906361692
1789967826205,2026-09-21 14:17:06,unknown,37.564244,127.0299624,278.134,,,46.0,fused,19,LTE,NR_NSA,5G,True,False,True,False,False,51224836,451,3050,7,8283,450,6,-79,-6,-51,18.0,4,0.0,,,,8667,1074,0.0693,0.0086,8613,1021,0.0689,0.0082,False,10,0,10,-78.0,451.0,100.0,0.15233159,False,False,periodic,1,2,0.0,0.0,1891,,,,"[{""type"":""LTE"",""pci"":451,""earfcn"":100,""tac"":null,""rsrp"":-78,""rsrq"":-9,""rssi"":-57,""snr"":null,""ta"":0,""level"":4,""bands"":""1""},{""type"":""LTE"",""pci"":444,""earfcn"":100,""tac"":null,""rsrp"":-85,""rsrq"":-17,""rssi"":-57,""snr"":null,""ta"":0,""level"":4,""bands"":""1""},{""type"":""LTE"",""pci"":491,""earfcn"":100,""tac"":null,""rsrp"":-86,""rsrq"":-18,""rssi"":-57,""snr"":null,""ta"":0,""level"":3,""bands"":""1""},{""type"":""LTE"",""pci"":444,""earfcn"":3050,""tac"":null,""rsrp"":-89,""rsrq"":-17,""rssi"":-59,""snr"":null,""ta"":0,""level"":3,""bands"":""7""},{""type"":""LTE"",""pci"":451,""earfcn"":2600,""tac"":null,""rsrp"":-90,""rsrq"":-12,""rssi"":-69,""snr"":null,""ta"":0,""level"":3,""bands"":""5""},{""type"":""LTE"",""pci"":444,""earfcn"":2600,""tac"":null,""rsrp"":-92,""rsrq"":-18,""rssi"":-65,""snr"":null,""ta"":0,""level"":3,""bands"":""5""},{""type"":""LTE"",""pci"":491,""earfcn"":3050,""tac"":null,""rsrp"":-93,""rsrq"":-17,""rssi"":-61,""snr"":null,""ta"":0,""level"":3,""bands"":""7""},{""type"":""LTE"",""pci"":496,""earfcn"":100,""tac"":null,""rsrp"":-94,""rsrq"":-19,""rssi"":-65,""snr"":null,""ta"":0,""level"":3,""bands"":""1""},{""type"":""LTE"",""pci"":496,""earfcn"":2600,""tac"":null,""rsrp"":-96,""rsrq"":-20,""rssi"":-65,""snr"":null,""ta"":0,""level"":2,""bands"":""5""},{""type"":""LTE"",""pci"":491,""earfcn"":2600,""tac"":null,""rsrp"":-96,""rsrq"":-16,""rssi"":-69,""snr"":null,""ta"":0,""level"":2,""bands"":""5""}]",1009.77216,86.0,,19,3,,,,"[{""b"":""22:17:b2:0b:47:8a"",""s"":""T wifi zone_secure"",""r"":-37,""f"":5785},{""b"":""40:27:0b:02:a2:b7"",""s"":""U+zone_2.4GHz"",""r"":-37,""f"":2432},{""b"":""22:17:b2:0b:47:88"",""s"":""T wifi zone"",""r"":-38,""f"":5785},{""b"":""40:27:0b:02:a2:b8"",""s"":""U+zone"",""r"":-40,""f"":5785},{""b"":""02:17:b2:0b:47:8a"",""s"":""T wifi zone_secure"",""r"":-40,""f"":2452},{""b"":""02:17:b2:0b:47:88"",""s"":""T wifi zone"",""r"":-41,""f"":2452},{""b"":""36:78:c2:00:0a:b4"",""s"":""KT WiFi "",""r"":-41,""f"":5640},{""b"":""30:78:c2:00:0a:b4"",""s"":""KT WiFi"",""r"":-41,""f"":5640},{""b"":""36:78:c2:00:0a:b5"",""s"":""KT WiFi "",""r"":-46,""f"":2432},{""b"":""30:78:c2:00:0a:b5"",""s"":""KT WiFi"",""r"":-46,""f"":2432},{""b"":""22:17:b2:0b:7d:b6"",""s"":""T wifi zone"",""r"":-60,""f"":5805},{""b"":""22:17:b2:0b:7d:b8"",""s"":""T wifi zone_secure"",""r"":-60,""f"":5805},{""b"":""40:27:0b:02:a2:c7"",""s"":""U+zone"",""r"":-64,""f"":5745},{""b"":""30:78:c2:00:07:d5"",""s"":""KT WiFi"",""r"":-70,""f"":5640},{""b"":""36:78:c2:00:07:d5"",""s"":""KT WiFi "",""r"":-70,""f"":5640}]",,37.56301833083477,127.0326117296713,between,상왕십리,왕십리,270.37808959367544
1789967831222,2026-09-21 14:17:11,unknown,37.564244,127.0299624,278.134,,,46.0,fused,24,LTE,NR_NSA,5G,True,False,True,False,False,51224836,451,3050,7,8283,450,6,-80,-6,-51,19.0,4,0.0,,,,422726,3331,3.3818,0.0266,422706,3311,3.3816,0.0265,False,7,0,7,-71.0,451.0,2600.0,0.04872983,False,False,periodic,6,2,-1.0,1.0,1344,,,,"[{""type"":""LTE"",""pci"":451,""earfcn"":2600,""tac"":null,""rsrp"":-71,""rsrq"":-5,""rssi"":-51,""snr"":null,""ta"":0,""level"":4,""bands"":""5""},{""type"":""LTE"",""pci"":491,""earfcn"":100,""tac"":null,""rsrp"":-75,""rsrq"":-17,""rssi"":-51,""snr"":null,""ta"":0,""level"":4,""bands"":""1""},{""type"":""LTE"",""pci"":451,""earfcn"":100,""tac"":null,""rsrp"":-75,""rsrq"":-9,""rssi"":-51,""snr"":null,""ta"":0,""level"":4,""bands"":""1""},{""type"":""LTE"",""pci"":444,""earfcn"":100,""tac"":null,""rsrp"":-77,""rsrq"":-19,""rssi"":-51,""snr"":null,""ta"":0,""level"":4,""bands"":""1""},{""type"":""LTE"",""pci"":491,""earfcn"":2600,""tac"":null,""rsrp"":-77,""rsrq"":-20,""rssi"":-51,""snr"":null,""ta"":0,""level"":4,""bands"":""5""},{""type"":""LTE"",""pci"":444,""earfcn"":3050,""tac"":null,""rsrp"":-92,""rsrq"":-20,""rssi"":-59,""snr"":null,""ta"":0,""level"":3,""bands"":""7""},{""type"":""LTE"",""pci"":444,""earfcn"":2600,""tac"":null,""rsrp"":-94,""rsrq"":-11,""rssi"":-57,""snr"":null,""ta"":0,""level"":3,""bands"":""5""}]",1009.60895,72.0,45.113,19,8,,,,"[{""b"":""22:17:b2:0b:47:8a"",""s"":""T wifi zone_secure"",""r"":-37,""f"":5785},{""b"":""40:27:0b:02:a2:b7"",""s"":""U+zone_2.4GHz"",""r"":-37,""f"":2432},{""b"":""22:17:b2:0b:47:88"",""s"":""T wifi zone"",""r"":-38,""f"":5785},{""b"":""40:27:0b:02:a2:b8"",""s"":""U+zone"",""r"":-40,""f"":5785},{""b"":""02:17:b2:0b:47:8a"",""s"":""T wifi zone_secure"",""r"":-40,""f"":2452},{""b"":""02:17:b2:0b:47:88"",""s"":""T wifi zone"",""r"":-41,""f"":2452},{""b"":""36:78:c2:00:0a:b4"",""s"":""KT WiFi "",""r"":-41,""f"":5640},{""b"":""30:78:c2:00:0a:b4"",""s"":""KT WiFi"",""r"":-41,""f"":5640},{""b"":""36:78:c2:00:0a:b5"",""s"":""KT WiFi "",""r"":-46,""f"":2432},{""b"":""30:78:c2:00:0a:b5"",""s"":""KT WiFi"",""r"":-46,""f"":2432},{""b"":""22:17:b2:0b:7d:b6"",""s"":""T wifi zone"",""r"":-60,""f"":5805},{""b"":""22:17:b2:0b:7d:b8"",""s"":""T wifi zone_secure"",""r"":-60,""f"":5805},{""b"":""40:27:0b:02:a2:c7"",""s"":""U+zone"",""r"":-64,""f"":5745},{""b"":""30:78:c2:00:07:d5"",""s"":""KT WiFi"",""r"":-70,""f"":5640},{""b"":""36:78:c2:00:07:d5"",""s"":""KT WiFi "",""r"":-70,""f"":5640}]",,37.56279597784005,127.03315405404867,between,상왕십리,왕십리,324.1372070218815
1789967834314,2026-09-21 14:17:14,unknown,37.564244,127.0299624,278.134,,,46.0,fused,27,LTE,NR_NSA,5G,True,False,True,False,False,51224835,444,3050,7,8283,450,6,-84,-7,-55,17.0,4,0.0,,,,7076,1515,0.0566,0.0121,7043,1483,0.0563,0.0119,False,9,0,9,-76.0,444.0,100.0,0.27016944,True,False,handover,0,3,,,3,51224836.0,-80.0,-6.0,"[{""type"":""LTE"",""pci"":444,""earfcn"":100,""tac"":null,""rsrp"":-76,""rsrq"":-10,""rssi"":-57,""snr"":null,""ta"":0,""level"":4,""bands"":""1""},{""type"":""LTE"",""pci"":491,""earfcn"":2600,""tac"":null,""rsrp"":-77,""rsrq"":-20,""rssi"":-51,""snr"":null,""ta"":0,""level"":4,""bands"":""5""},{""type"":""LTE"",""pci"":491,""earfcn"":100,""tac"":null,""rsrp"":-88,""rsrq"":-20,""rssi"":-57,""snr"":null,""ta"":0,""level"":3,""bands"":""1""},{""type"":""LTE"",""pci"":444,""earfcn"":2600,""tac"":null,""rsrp"":-90,""rsrq"":-11,""rssi"":-69,""snr"":null,""ta"":0,""level"":3,""bands"":""5""},{""type"":""LTE"",""pci"":451,""earfcn"":100,""tac"":null,""rsrp"":-91,""rsrq"":-16,""rssi"":-63,""snr"":null,""ta"":0,""level"":3,""bands"":""1""},{""type"":""LTE"",""pci"":461,""earfcn"":3050,""tac"":null,""rsrp"":-97,""rsrq"":-19,""rssi"":-67,""snr"":null,""ta"":0,""level"":2,""bands"":""7""},{""type"":""LTE"",""pci"":451,""earfcn"":3050,""tac"":null,""rsrp"":-99,""rsrq"":-17,""rssi"":-67,""snr"":null,""ta"":0,""level"":2,""bands"":""7""},{""type"":""LTE"",""pci"":451,""earfcn"":2600,""tac"":null,""rsrp"":-99,""rsrq"":-20,""rssi"":-69,""snr"":null,""ta"":0,""level"":2,""bands"":""5""},{""type"":""LTE"",""pci"":461,""earfcn"":2600,""tac"":null,""rsrp"":-106,""rsrq"":-17,""rssi"":-79,""snr"":null,""ta"":0,""level"":1,""bands"":""5""}]",1008.593,72.0,,26,2,,,,"[{""b"":""40:27:0b:02:a2:b8"",""s"":""U+zone"",""r"":-34,""f"":5785},{""b"":""40:27:0b:02:a2:b7"",""s"":""U+zone_2.4GHz"",""r"":-35,""f"":2432},{""b"":""02:17:b2:0b:47:8a"",""s"":""T wifi zone_secure"",""r"":-36,""f"":2452},{""b"":""02:17:b2:0b:47:88"",""s"":""T wifi zone"",""r"":-38,""f"":2452},{""b"":""22:17:b2:0b:47:8a"",""s"":""T wifi zone_secure"",""r"":-39,""f"":5785},{""b"":""22:17:b2:0b:47:88"",""s"":""T wifi zone"",""r"":-39,""f"":5785},{""b"":""36:78:c2:00:0a:b4"",""s"":""KT WiFi "",""r"":-44,""f"":5640},{""b"":""30:78:c2:00:0a:b4"",""s"":""KT WiFi"",""r"":-44,""f"":5640},{""b"":""30:78:c2:00:0a:b5"",""s"":""KT WiFi"",""r"":-46,""f"":2432},{""b"":""36:78:c2:00:0a:b5"",""s"":""KT WiFi "",""r"":-47,""f"":2432},{""b"":""40:27:0b:02:a2:c7"",""s"":""U+zone"",""r"":-57,""f"":5745},{""b"":""40:27:0b:02:a2:c6"",""s"":""U+zone_2.4GHz"",""r"":-57,""f"":2472},{""b"":""02:17:b2:0b:7d:b8"",""s"":""T wifi zone_secure"",""r"":-62,""f"":2452},{""b"":""06:1d:93:c7:40:0e"",""s"":""KT WiFi "",""r"":-63,""f"":5560},{""b"":""22:17:b2:0b:7d:b6"",""s"":""T wifi zone"",""r"":-64,""f"":5805}]","[{""type"":""LTE"",""pci"":451,""earfcn"":2600,""tac"":null,""rsrp"":-71,""rsrq"":-5,""rssi"":-51,""snr"":null,""ta"":0,""level"":4,""bands"":""5""},{""type"":""LTE"",""pci"":491,""earfcn"":100,""tac"":null,""rsrp"":-75,""rsrq"":-17,""rssi"":-51,""snr"":null,""ta"":0,""level"":4,""bands"":""1""},{""type"":""LTE"",""pci"":451,""earfcn"":100,""tac"":null,""rsrp"":-75,""rsrq"":-9,""rssi"":-51,""snr"":null,""ta"":0,""level"":4,""bands"":""1""},{""type"":""LTE"",""pci"":444,""earfcn"":100,""tac"":null,""rsrp"":-77,""rsrq"":-19,""rssi"":-51,""snr"":null,""ta"":0,""level"":4,""bands"":""1""},{""type"":""LTE"",""pci"":491,""earfcn"":2600,""tac"":null,""rsrp"":-77,""rsrq"":-20,""rssi"":-51,""snr"":null,""ta"":0,""level"":4,""bands"":""5""},{""type"":""LTE"",""pci"":444,""earfcn"":3050,""tac"":null,""rsrp"":-92,""rsrq"":-20,""rssi"":-59,""snr"":null,""ta"":0,""level"":3,""bands"":""7""},{""type"":""LTE"",""pci"":444,""earfcn"":2600,""tac"":null,""rsrp"":-94,""rsrq"":-11,""rssi"":-57,""snr"":null,""ta"":0,""level"":3,""bands"":""5""}]",37.562658940674474,127.03348829103787,between,상왕십리,왕십리,357.2779983006719
1789967836245,2026-09-21 14:17:16,unknown,37.564244,127.0299624,278.134,,,46.0,fused,29,LTE,NR_NSA,5G,True,False,True,False,False,51224835,444,3050,7,8283,450,6,-84,-7,-55,17.0,4,0.0,,,,3509,3361,0.0281,0.0269,3509,3361,0.0281,0.0269,False,9,0,9,-76.0,444.0,100.0,0.16279474,False,False,periodic,1,3,0.0,0.0,1937,,,,"[{""type"":""LTE"",""pci"":444,""earfcn"":100,""tac"":null,""rsrp"":-76,""rsrq"":-10,""rssi"":-57,""snr"":null,""ta"":0,""level"":4,""bands"":""1""},{""type"":""LTE"",""pci"":491,""earfcn"":2600,""tac"":null,""rsrp"":-77,""rsrq"":-20,""rssi"":-51,""snr"":null,""ta"":0,""level"":4,""bands"":""5""},{""type"":""LTE"",""pci"":491,""earfcn"":100,""tac"":null,""rsrp"":-88,""rsrq"":-20,""rssi"":-57,""snr"":null,""ta"":0,""level"":3,""bands"":""1""},{""type"":""LTE"",""pci"":444,""earfcn"":2600,""tac"":null,""rsrp"":-90,""rsrq"":-11,""rssi"":-69,""snr"":null,""ta"":0,""level"":3,""bands"":""5""},{""type"":""LTE"",""pci"":451,""earfcn"":100,""tac"":null,""rsrp"":-91,""rsrq"":-16,""rssi"":-63,""snr"":null,""ta"":0,""level"":3,""bands"":""1""},{""type"":""LTE"",""pci"":461,""earfcn"":3050,""tac"":null,""rsrp"":-97,""rsrq"":-19,""rssi"":-67,""snr"":null,""ta"":0,""level"":2,""bands"":""7""},{""type"":""LTE"",""pci"":451,""earfcn"":3050,""tac"":null,""rsrp"":-99,""rsrq"":-17,""rssi"":-67,""snr"":null,""ta"":0,""level"":2,""bands"":""7""},{""type"":""LTE"",""pci"":451,""earfcn"":2600,""tac"":null,""rsrp"":-99,""rsrq"":-20,""rssi"":-69,""snr"":null,""ta"":0,""level"":2,""bands"":""5""},{""type"":""LTE"",""pci"":461,""earfcn"":2600,""tac"":null,""rsrp"":-106,""rsrq"":-17,""rssi"":-79,""snr"":null,""ta"":0,""level"":1,""bands"":""5""}]",1008.27765,68.0,,26,4,,,,"[{""b"":""40:27:0b:02:a2:b8"",""s"":""U+zone"",""r"":-34,""f"":5785},{""b"":""40:27:0b:02:a2:b7"",""s"":""U+zone_2.4GHz"",""r"":-35,""f"":2432},{""b"":""02:17:b2:0b:47:8a"",""s"":""T wifi zone_secure"",""r"":-36,""f"":2452},{""b"":""02:17:b2:0b:47:88"",""s"":""T wifi zone"",""r"":-38,""f"":2452},{""b"":""22:17:b2:0b:47:8a"",""s"":""T wifi zone_secure"",""r"":-39,""f"":5785},{""b"":""22:17:b2:0b:47:88"",""s"":""T wifi zone"",""r"":-39,""f"":5785},{""b"":""36:78:c2:00:0a:b4"",""s"":""KT WiFi "",""r"":-44,""f"":5640},{""b"":""30:78:c2:00:0a:b4"",""s"":""KT WiFi"",""r"":-44,""f"":5640},{""b"":""30:78:c2:00:0a:b5"",""s"":""KT WiFi"",""r"":-46,""f"":2432},{""b"":""36:78:c2:00:0a:b5"",""s"":""KT WiFi "",""r"":-47,""f"":2432},{""b"":""40:27:0b:02:a2:c7"",""s"":""U+zone"",""r"":-57,""f"":5745},{""b"":""40:27:0b:02:a2:c6"",""s"":""U+zone_2.4GHz"",""r"":-57,""f"":2472},{""b"":""02:17:b2:0b:7d:b8"",""s"":""T wifi zone_secure"",""r"":-62,""f"":2452},{""b"":""06:1d:93:c7:40:0e"",""s"":""KT WiFi "",""r"":-63,""f"":5560},{""b"":""22:17:b2:0b:7d:b6"",""s"":""T wifi zone"",""r"":-64,""f"":5805}]",,37.56257335892585,127.0336970270101,between,상왕십리,왕십리,377.9773580561182
1789967841266,2026-09-21 14:17:21,unknown,37.564244,127.0299624,278.134,,,46.0,fused,34,LTE,NR_NSA,5G,True,False,True,False,False,51224835,444,3050,7,8283,450,6,-80,-8,-53,20.0,4,0.0,,,,3317,252,0.0265,0.002,3297,232,0.0264,0.0019,False,6,0,6,-69.0,451.0,2600.0,0.22193398,False,False,periodic,6,2,4.0,3.0,1385,,,,"[{""type"":""LTE"",""pci"":451,""earfcn"":2600,""tac"":null,""rsrp"":-69,""rsrq"":-19,""rssi"":-51,""snr"":null,""ta"":0,""level"":4,""bands"":""5""},{""type"":""LTE"",""pci"":451,""earfcn"":100,""tac"":null,""rsrp"":-80,""rsrq"":-18,""rssi"":-51,""snr"":null,""ta"":0,""level"":4,""bands"":""1""},{""type"":""LTE"",""pci"":444,""earfcn"":2600,""tac"":null,""rsrp"":-84,""rsrq"":-12,""rssi"":-63,""snr"":null,""ta"":0,""level"":4,""bands"":""5""},{""type"":""LTE"",""pci"":444,""earfcn"":100,""tac"":null,""rsrp"":-86,""rsrq"":-13,""rssi"":-63,""snr"":null,""ta"":0,""level"":3,""bands"":""1""},{""type"":""LTE"",""pci"":461,""earfcn"":3050,""tac"":null,""rsrp"":-93,""rsrq"":-16,""rssi"":-67,""snr"":null,""ta"":0,""level"":3,""bands"":""7""},{""type"":""LTE"",""pci"":461,""earfcn"":2600,""tac"":null,""rsrp"":-106,""rsrq"":-17,""rssi"":-79,""snr"":null,""ta"":0,""level"":1,""bands"":""5""}]",1008.40686,103.0,,21,2,,,,"[{""b"":""02:17:b2:0b:47:88"",""s"":""T wifi zone"",""r"":-34,""f"":2452},{""b"":""40:27:0b:02:a2:b8"",""s"":""U+zone"",""r"":-35,""f"":5785},{""b"":""02:17:b2:0b:47:8a"",""s"":""T wifi zone_secure"",""r"":-36,""f"":2452},{""b"":""22:17:b2:0b:47:8a"",""s"":""T wifi zone_secure"",""r"":-37,""f"":5785},{""b"":""30:78:c2:00:0a:b5"",""s"":""KT WiFi"",""r"":-37,""f"":2432},{""b"":""40:27:0b:02:a2:b7"",""s"":""U+zone_2.4GHz"",""r"":-38,""f"":2432},{""b"":""36:78:c2:00:0a:b5"",""s"":""KT WiFi "",""r"":-38,""f"":2432},{""b"":""22:17:b2:0b:47:88"",""s"":""T wifi zone"",""r"":-40,""f"":5785},{""b"":""30:78:c2:00:0a:b4"",""s"":""KT WiFi"",""r"":-45,""f"":5640},{""b"":""36:78:c2:00:0a:b4"",""s"":""KT WiFi "",""r"":-46,""f"":5640},{""b"":""02:17:b2:0b:7d:b6"",""s"":""T wifi zone"",""r"":-58,""f"":2452},{""b"":""02:17:b2:0b:7d:b8"",""s"":""T wifi zone_secure"",""r"":-58,""f"":2452},{""b"":""22:17:b2:0b:7d:b6"",""s"":""T wifi zone"",""r"":-65,""f"":5805},{""b"":""36:78:c2:00:07:d6"",""s"":""KT WiFi "",""r"":-65,""f"":2432},{""b"":""30:78:c2:00:07:d6"",""s"":""KT WiFi"",""r"":-66,""f"":2432}]",,37.56235082865149,127.03423978377685,between,상왕십리,왕십리,431.80660157275094
1789967842327,2026-09-21 14:17:22,unknown,37.564244,127.0299624,278.134,,,46.0,fused,35,LTE,NR_NSA,5G,True,False,True,False,False,51224833,461,3050,7,8283,450,6,-90,-10,-61,22.0,3,0.0,,,,0,0,0.0,0.0,0,0,0.0,0.0,False,7,0,7,-69.0,451.0,2600.0,0.071428694,True,False,handover,0,3,,,5,51224835.0,-80.0,-8.0,"[{""type"":""LTE"",""pci"":451,""earfcn"":2600,""tac"":null,""rsrp"":-69,""rsrq"":-19,""rssi"":-51,""snr"":null,""ta"":0,""level"":4,""bands"":""5""},{""type"":""LTE"",""pci"":444,""earfcn"":100,""tac"":null,""rsrp"":-83,""rsrq"":-13,""rssi"":-59,""snr"":null,""ta"":0,""level"":4,""bands"":""1""},{""type"":""LTE"",""pci"":451,""earfcn"":100,""tac"":null,""rsrp"":-89,""rsrq"":-19,""rssi"":-59,""snr"":null,""ta"":0,""level"":3,""bands"":""1""},{""type"":""LTE"",""pci"":461,""earfcn"":100,""tac"":null,""rsrp"":-89,""rsrq"":-13,""rssi"":-59,""snr"":null,""ta"":0,""level"":3,""bands"":""1""},{""type"":""LTE"",""pci"":444,""earfcn"":3050,""tac"":null,""rsrp"":-94,""rsrq"":-10,""rssi"":-73,""snr"":null,""ta"":0,""level"":3,""bands"":""7""},{""type"":""LTE"",""pci"":461,""earfcn"":2600,""tac"":null,""rsrp"":-95,""rsrq"":-12,""rssi"":-73,""snr"":null,""ta"":0,""level"":3,""bands"":""5""},{""type"":""LTE"",""pci"":444,""earfcn"":2600,""tac"":null,""rsrp"":-103,""rsrq"":-19,""rssi"":-73,""snr"":null,""ta"":0,""level"":2,""bands"":""5""}]",1008.50183,103.0,,21,3,,,,"[{""b"":""02:17:b2:0b:47:88"",""s"":""T wifi zone"",""r"":-34,""f"":2452},{""b"":""40:27:0b:02:a2:b8"",""s"":""U+zone"",""r"":-35,""f"":5785},{""b"":""02:17:b2:0b:47:8a"",""s"":""T wifi zone_secure"",""r"":-36,""f"":2452},{""b"":""22:17:b2:0b:47:8a"",""s"":""T wifi zone_secure"",""r"":-37,""f"":5785},{""b"":""30:78:c2:00:0a:b5"",""s"":""KT WiFi"",""r"":-37,""f"":2432},{""b"":""40:27:0b:02:a2:b7"",""s"":""U+zone_2.4GHz"",""r"":-38,""f"":2432},{""b"":""36:78:c2:00:0a:b5"",""s"":""KT WiFi "",""r"":-38,""f"":2432},{""b"":""22:17:b2:0b:47:88"",""s"":""T wifi zone"",""r"":-40,""f"":5785},{""b"":""30:78:c2:00:0a:b4"",""s"":""KT WiFi"",""r"":-45,""f"":5640},{""b"":""36:78:c2:00:0a:b4"",""s"":""KT WiFi "",""r"":-46,""f"":5640},{""b"":""02:17:b2:0b:7d:b6"",""s"":""T wifi zone"",""r"":-58,""f"":2452},{""b"":""02:17:b2:0b:7d:b8"",""s"":""T wifi zone_secure"",""r"":-58,""f"":2452},{""b"":""22:17:b2:0b:7d:b6"",""s"":""T wifi zone"",""r"":-65,""f"":5805},{""b"":""36:78:c2:00:07:d6"",""s"":""KT WiFi "",""r"":-65,""f"":2432},{""b"":""30:78:c2:00:07:d6"",""s"":""KT WiFi"",""r"":-66,""f"":2432}]","[{""type"":""LTE"",""pci"":451,""earfcn"":2600,""tac"":null,""rsrp"":-69,""rsrq"":-19,""rssi"":-51,""snr"":null,""ta"":0,""level"":4,""bands"":""5""},{""type"":""LTE"",""pci"":451,""earfcn"":100,""tac"":null,""rsrp"":-80,""rsrq"":-18,""rssi"":-51,""snr"":null,""ta"":0,""level"":4,""bands"":""1""},{""type"":""LTE"",""pci"":444,""earfcn"":2600,""tac"":null,""rsrp"":-84,""rsrq"":-12,""rssi"":-63,""snr"":null,""ta"":0,""level"":4,""bands"":""5""},{""type"":""LTE"",""pci"":444,""earfcn"":100,""tac"":null,""rsrp"":-86,""rsrq"":-13,""rssi"":-63,""snr"":null,""ta"":0,""level"":3,""bands"":""1""},{""type"":""LTE"",""pci"":461,""earfcn"":3050,""tac"":null,""rsrp"":-93,""rsrq"":-16,""rssi"":-67,""snr"":null,""ta"":0,""level"":3,""bands"":""7""},{""type"":""LTE"",""pci"":461,""earfcn"":2600,""tac"":null,""rsrp"":-106,""rsrq"":-17,""rssi"":-79,""snr"":null,""ta"":0,""level"":1,""bands"":""5""}]",37.56230380522565,127.03435447505937,between,상왕십리,왕십리,443.1823827299073
1789967846282,2026-09-21 14:17:26,unknown,37.564244,127.0299624,278.134,,,46.0,fused,39,LTE,NR_NSA,5G,True,False,True,False,False,51224833,461,3050,7,8283,450,6,-80,-6,-53,15.0,4,0.0,,,,181,203,0.0014,0.0016,156,178,0.0012,0.0014,False,5,0,5,-83.0,444.0,100.0,0.021855209,False,False,periodic,3,3,10.0,-7.0,1396,,,,"[{""type"":""LTE"",""pci"":444,""earfcn"":100,""tac"":null,""rsrp"":-83,""rsrq"":-14,""rssi"":-59,""snr"":null,""ta"":0,""level"":4,""bands"":""1""},{""type"":""LTE"",""pci"":461,""earfcn"":100,""tac"":null,""rsrp"":-84,""rsrq"":-10,""rssi"":-59,""snr"":null,""ta"":0,""level"":4,""bands"":""1""},{""type"":""LTE"",""pci"":444,""earfcn"":3050,""tac"":null,""rsrp"":-87,""rsrq"":-16,""rssi"":-61,""snr"":null,""ta"":0,""level"":3,""bands"":""7""},{""type"":""LTE"",""pci"":461,""earfcn"":2600,""tac"":null,""rsrp"":-90,""rsrq"":-7,""rssi"":-73,""snr"":null,""ta"":0,""level"":3,""bands"":""5""},{""type"":""LTE"",""pci"":444,""earfcn"":2600,""tac"":null,""rsrp"":-110,""rsrq"":-13,""rssi"":-73,""snr"":null,""ta"":0,""level"":1,""bands"":""5""}]",1009.03436,70.0,,21,7,,,,"[{""b"":""02:17:b2:0b:47:88"",""s"":""T wifi zone"",""r"":-34,""f"":2452},{""b"":""40:27:0b:02:a2:b8"",""s"":""U+zone"",""r"":-35,""f"":5785},{""b"":""02:17:b2:0b:47:8a"",""s"":""T wifi zone_secure"",""r"":-36,""f"":2452},{""b"":""22:17:b2:0b:47:8a"",""s"":""T wifi zone_secure"",""r"":-37,""f"":5785},{""b"":""30:78:c2:00:0a:b5"",""s"":""KT WiFi"",""r"":-37,""f"":2432},{""b"":""40:27:0b:02:a2:b7"",""s"":""U+zone_2.4GHz"",""r"":-38,""f"":2432},{""b"":""36:78:c2:00:0a:b5"",""s"":""KT WiFi "",""r"":-38,""f"":2432},{""b"":""22:17:b2:0b:47:88"",""s"":""T wifi zone"",""r"":-40,""f"":5785},{""b"":""30:78:c2:00:0a:b4"",""s"":""KT WiFi"",""r"":-45,""f"":5640},{""b"":""36:78:c2:00:0a:b4"",""s"":""KT WiFi "",""r"":-46,""f"":5640},{""b"":""02:17:b2:0b:7d:b6"",""s"":""T wifi zone"",""r"":-58,""f"":2452},{""b"":""02:17:b2:0b:7d:b8"",""s"":""T wifi zone_secure"",""r"":-58,""f"":2452},{""b"":""22:17:b2:0b:7d:b6"",""s"":""T wifi zone"",""r"":-65,""f"":5805},{""b"":""36:78:c2:00:07:d6"",""s"":""KT WiFi "",""r"":-65,""f"":2432},{""b"":""30:78:c2:00:07:d6"",""s"":""KT WiFi"",""r"":-66,""f"":2432}]",,37.562128519976675,127.0347820000569,between,상왕십리,왕십리,485.5893000561542
1789967851314,2026-09-21 14:17:31,unknown,37.5611743,127.0371824,100.0,,,43.29522025208932,fused,7,LTE,NR_NSA,5G,True,False,True,False,False,51224833,461,3050,7,8283,450,6,-79,-8,-51,12.0,4,0.0,,,,462,4082,0.0037,0.0327,422,4042,0.0034,0.0323,False,5,0,5,-76.0,461.0,2600.0,1.1700044,False,False,periodic,8,3,1.0,-3.0,998,,,,"[{""type"":""LTE"",""pci"":461,""earfcn"":2600,""tac"":null,""rsrp"":-76,""rsrq"":-11,""rssi"":-55,""snr"":null,""ta"":0,""level"":4,""bands"":""5""},{""type"":""LTE"",""pci"":461,""earfcn"":100,""tac"":null,""rsrp"":-77,""rsrq"":-12,""rssi"":-55,""snr"":null,""ta"":0,""level"":4,""bands"":""1""},{""type"":""LTE"",""pci"":444,""earfcn"":100,""tac"":null,""rsrp"":-87,""rsrq"":-20,""rssi"":-57,""snr"":null,""ta"":0,""level"":3,""bands"":""1""},{""type"":""LTE"",""pci"":444,""earfcn"":3050,""tac"":null,""rsrp"":-97,""rsrq"":-17,""rssi"":-69,""snr"":null,""ta"":0,""level"":2,""bands"":""7""},{""type"":""LTE"",""pci"":444,""earfcn"":2600,""tac"":null,""rsrp"":-110,""rsrq"":-20,""rssi"":-67,""snr"":null,""ta"":0,""level"":1,""bands"":""5""}]",1009.31573,61.0,,25,5,,,,"[{""b"":""40:27:0b:02:a2:b8"",""s"":""U+zone"",""r"":-36,""f"":5785},{""b"":""36:78:c2:00:0a:b5"",""s"":""KT WiFi "",""r"":-38,""f"":2432},{""b"":""22:17:b2:0b:47:8a"",""s"":""T wifi zone_secure"",""r"":-39,""f"":5785},{""b"":""22:17:b2:0b:47:88"",""s"":""T wifi zone"",""r"":-39,""f"":5785},{""b"":""02:17:b2:0b:47:8a"",""s"":""T wifi zone_secure"",""r"":-41,""f"":2452},{""b"":""02:17:b2:0b:47:88"",""s"":""T wifi zone"",""r"":-42,""f"":2452},{""b"":""36:78:c2:00:0a:b4"",""s"":""KT WiFi "",""r"":-45,""f"":5640},{""b"":""30:78:c2:00:0a:b4"",""s"":""KT WiFi"",""r"":-46,""f"":5640},{""b"":""30:78:c2:00:0a:b5"",""s"":""KT WiFi"",""r"":-46,""f"":2432},{""b"":""40:27:0b:02:a2:c7"",""s"":""U+zone"",""r"":-59,""f"":5745},{""b"":""36:78:c2:00:07:d5"",""s"":""KT WiFi "",""r"":-60,""f"":5640},{""b"":""22:17:b2:0b:7d:b6"",""s"":""T wifi zone"",""r"":-63,""f"":5805},{""b"":""22:17:b2:0b:7d:b8"",""s"":""T wifi zone_secure"",""r"":-64,""f"":5805},{""b"":""02:17:b2:0b:7d:b6"",""s"":""T wifi zone"",""r"":-66,""f"":2452},{""b"":""30:78:c2:00:07:d5"",""s"":""KT WiFi"",""r"":-67,""f"":5640}]",,37.561905502183286,127.03532594589443,between,상왕십리,왕십리,182.72174643487224
1789967855749,2026-09-21 14:17:35,unknown,37.5612931,127.0370132,53.893,,,37.85257283475292,fused,6,LTE,NR_NSA,5G,True,False,True,False,False,51224580,488,3050,7,8283,450,6,-77,-11,-51,17.0,4,1.0,,,,1478,8181,0.0118,0.0654,1455,8158,0.0116,0.0653,False,7,0,7,-73.0,488.0,2600.0,0.077147864,True,False,handover,0,3,,,4,51224833.0,-79.0,-8.0,"[{""type"":""LTE"",""pci"":488,""earfcn"":2600,""tac"":null,""rsrp"":-73,""rsrq"":-11,""rssi"":-55,""snr"":null,""ta"":1,""level"":4,""bands"":""5""},{""type"":""LTE"",""pci"":488,""earfcn"":100,""tac"":null,""rsrp"":-76,""rsrq"":-9,""rssi"":-59,""snr"":null,""ta"":1,""level"":4,""bands"":""1""},{""type"":""LTE"",""pci"":461,""earfcn"":2600,""tac"":null,""rsrp"":-78,""rsrq"":-10,""rssi"":-55,""snr"":null,""ta"":1,""level"":4,""bands"":""5""},{""type"":""LTE"",""pci"":461,""earfcn"":3050,""tac"":null,""rsrp"":-79,""rsrq"":-10,""rssi"":-57,""snr"":null,""ta"":1,""level"":4,""bands"":""7""},{""type"":""LTE"",""pci"":461,""earfcn"":100,""tac"":null,""rsrp"":-87,""rsrq"":-13,""rssi"":-59,""snr"":null,""ta"":1,""level"":3,""bands"":""1""},{""type"":""LTE"",""pci"":444,""earfcn"":100,""tac"":null,""rsrp"":-88,""rsrq"":-20,""rssi"":-57,""snr"":null,""ta"":1,""level"":3,""bands"":""1""},{""type"":""LTE"",""pci"":444,""earfcn"":2600,""tac"":null,""rsrp"":-90,""rsrq"":-19,""rssi"":-61,""snr"":null,""ta"":1,""level"":3,""bands"":""5""}]",1009.4581,47.0,,31,2,,,,"[{""b"":""40:27:0b:02:a2:b7"",""s"":""U+zone_2.4GHz"",""r"":-31,""f"":2432},{""b"":""40:27:0b:02:a2:b8"",""s"":""U+zone"",""r"":-33,""f"":5785},{""b"":""02:17:b2:0b:47:8a"",""s"":""T wifi zone_secure"",""r"":-37,""f"":2452},{""b"":""02:17:b2:0b:47:88"",""s"":""T wifi zone"",""r"":-39,""f"":2452},{""b"":""22:17:b2:0b:47:8a"",""s"":""T wifi zone_secure"",""r"":-42,""f"":5785},{""b"":""22:17:b2:0b:47:88"",""s"":""T wifi zone"",""r"":-42,""f"":5785},{""b"":""36:78:c2:00:0a:b4"",""s"":""KT WiFi "",""r"":-43,""f"":5640},{""b"":""30:78:c2:00:0a:b4"",""s"":""KT WiFi"",""r"":-43,""f"":5640},{""b"":""40:27:0b:02:a2:c6"",""s"":""U+zone_2.4GHz"",""r"":-46,""f"":2472},{""b"":""30:78:c2:00:0a:b5"",""s"":""KT WiFi"",""r"":-48,""f"":2432},{""b"":""36:78:c2:00:0a:b5"",""s"":""KT WiFi "",""r"":-49,""f"":2432},{""b"":""02:06:ac:80:2b:67"",""s"":""U+zone"",""r"":-60,""f"":5745},{""b"":""30:78:c2:00:07:d5"",""s"":""KT WiFi"",""r"":-60,""f"":5640},{""b"":""12:e3:c7:09:04:0b"",""s"":""T Free WiFi Zone"",""r"":-62,""f"":2412},{""b"":""36:78:c2:00:07:d6"",""s"":""KT WiFi "",""r"":-62,""f"":2432}]","[{""type"":""LTE"",""pci"":461,""earfcn"":2600,""tac"":null,""rsrp"":-76,""rsrq"":-11,""rssi"":-55,""snr"":null,""ta"":0,""level"":4,""bands"":""5""},{""type"":""LTE"",""pci"":461,""earfcn"":100,""tac"":null,""rsrp"":-77,""rsrq"":-12,""rssi"":-55,""snr"":null,""ta"":0,""level"":4,""bands"":""1""},{""type"":""LTE"",""pci"":444,""earfcn"":100,""tac"":null,""rsrp"":-87,""rsrq"":-20,""rssi"":-57,""snr"":null,""ta"":0,""level"":3,""bands"":""1""},{""type"":""LTE"",""pci"":444,""earfcn"":3050,""tac"":null,""rsrp"":-97,""rsrq"":-17,""rssi"":-69,""snr"":null,""ta"":0,""level"":2,""bands"":""7""},{""type"":""LTE"",""pci"":444,""earfcn"":2600,""tac"":null,""rsrp"":-110,""rsrq"":-20,""rssi"":-67,""snr"":null,""ta"":0,""level"":1,""bands"":""5""}]",37.56170894337691,127.0358053576173,between,상왕십리,왕십리,116.07214772342132
1789967856328,2026-09-21 14:17:36,unknown,37.5612539,127.0377617,51.857,,,36.10051831863315,fused,4,LTE,NR_NSA,5G,True,False,True,False,False,51224580,488,3050,7,8283,450,6,-77,-11,-51,17.0,4,1.0,,,,0,0,0.0,0.0,0,0,0.0,0.0,False,7,0,7,-73.0,488.0,2600.0,0.3297082,False,False,periodic,0,3,0.0,0.0,582,,,,"[{""type"":""LTE"",""pci"":488,""earfcn"":2600,""tac"":null,""rsrp"":-73,""rsrq"":-11,""rssi"":-55,""snr"":null,""ta"":1,""level"":4,""bands"":""5""},{""type"":""LTE"",""pci"":488,""earfcn"":100,""tac"":null,""rsrp"":-76,""rsrq"":-9,""rssi"":-59,""snr"":null,""ta"":1,""level"":4,""bands"":""1""},{""type"":""LTE"",""pci"":461,""earfcn"":2600,""tac"":null,""rsrp"":-78,""rsrq"":-10,""rssi"":-55,""snr"":null,""ta"":1,""level"":4,""bands"":""5""},{""type"":""LTE"",""pci"":461,""earfcn"":3050,""tac"":null,""rsrp"":-79,""rsrq"":-10,""rssi"":-57,""snr"":null,""ta"":1,""level"":4,""bands"":""7""},{""type"":""LTE"",""pci"":461,""earfcn"":100,""tac"":null,""rsrp"":-87,""rsrq"":-13,""rssi"":-59,""snr"":null,""ta"":1,""level"":3,""bands"":""1""},{""type"":""LTE"",""pci"":444,""earfcn"":100,""tac"":null,""rsrp"":-88,""rsrq"":-20,""rssi"":-57,""snr"":null,""ta"":1,""level"":3,""bands"":""1""},{""type"":""LTE"",""pci"":444,""earfcn"":2600,""tac"":null,""rsrp"":-90,""rsrq"":-19,""rssi"":-61,""snr"":null,""ta"":1,""level"":3,""bands"":""5""}]",1009.4681,47.0,,31,2,,,,"[{""b"":""40:27:0b:02:a2:b7"",""s"":""U+zone_2.4GHz"",""r"":-31,""f"":2432},{""b"":""40:27:0b:02:a2:b8"",""s"":""U+zone"",""r"":-33,""f"":5785},{""b"":""02:17:b2:0b:47:8a"",""s"":""T wifi zone_secure"",""r"":-37,""f"":2452},{""b"":""02:17:b2:0b:47:88"",""s"":""T wifi zone"",""r"":-39,""f"":2452},{""b"":""22:17:b2:0b:47:8a"",""s"":""T wifi zone_secure"",""r"":-42,""f"":5785},{""b"":""22:17:b2:0b:47:88"",""s"":""T wifi zone"",""r"":-42,""f"":5785},{""b"":""36:78:c2:00:0a:b4"",""s"":""KT WiFi "",""r"":-43,""f"":5640},{""b"":""30:78:c2:00:0a:b4"",""s"":""KT WiFi"",""r"":-43,""f"":5640},{""b"":""40:27:0b:02:a2:c6"",""s"":""U+zone_2.4GHz"",""r"":-46,""f"":2472},{""b"":""30:78:c2:00:0a:b5"",""s"":""KT WiFi"",""r"":-48,""f"":2432},{""b"":""36:78:c2:00:0a:b5"",""s"":""KT WiFi "",""r"":-49,""f"":2432},{""b"":""02:06:ac:80:2b:67"",""s"":""U+zone"",""r"":-60,""f"":5745},{""b"":""30:78:c2:00:07:d5"",""s"":""KT WiFi"",""r"":-60,""f"":5640},{""b"":""12:e3:c7:09:04:0b"",""s"":""T Free WiFi Zone"",""r"":-62,""f"":2412},{""b"":""36:78:c2:00:07:d6"",""s"":""KT WiFi "",""r"":-62,""f"":2432}]",,37.561683282148294,127.03586794597977,between,상왕십리,왕십리,173.61746824260075
1789967861353,2026-09-21 14:17:41,unknown,37.5612539,127.0377617,51.857,,,36.10051831863315,fused,9,LTE,NR_NSA,5G,True,False,True,False,False,51224580,488,3050,7,8283,450,6,-86,-6,-59,15.0,3,0.0,,,,1303021,10245,10.4242,0.082,1303001,10225,10.424,0.0818,False,6,0,6,-67.0,488.0,2600.0,4.6097684,False,False,periodic,5,3,-9.0,-2.0,528,,,,"[{""type"":""LTE"",""pci"":488,""earfcn"":2600,""tac"":null,""rsrp"":-67,""rsrq"":-6,""rssi"":-51,""snr"":null,""ta"":0,""level"":4,""bands"":""5""},{""type"":""LTE"",""pci"":461,""earfcn"":2600,""tac"":null,""rsrp"":-80,""rsrq"":-20,""rssi"":-51,""snr"":null,""ta"":0,""level"":4,""bands"":""5""},{""type"":""LTE"",""pci"":488,""earfcn"":100,""tac"":null,""rsrp"":-80,""rsrq"":-9,""rssi"":-53,""snr"":null,""ta"":0,""level"":4,""bands"":""1""},{""type"":""LTE"",""pci"":461,""earfcn"":100,""tac"":null,""rsrp"":-94,""rsrq"":-18,""rssi"":-67,""snr"":null,""ta"":0,""level"":3,""bands"":""1""},{""type"":""LTE"",""pci"":461,""earfcn"":3050,""tac"":null,""rsrp"":-99,""rsrq"":-16,""rssi"":-71,""snr"":null,""ta"":0,""level"":2,""bands"":""7""},{""type"":""LTE"",""pci"":466,""earfcn"":3050,""tac"":null,""rsrp"":-104,""rsrq"":-16,""rssi"":-71,""snr"":null,""ta"":0,""level"":2,""bands"":""7""}]",1009.6194,52.0,72.825,31,7,,,,"[{""b"":""40:27:0b:02:a2:b7"",""s"":""U+zone_2.4GHz"",""r"":-31,""f"":2432},{""b"":""40:27:0b:02:a2:b8"",""s"":""U+zone"",""r"":-33,""f"":5785},{""b"":""02:17:b2:0b:47:8a"",""s"":""T wifi zone_secure"",""r"":-37,""f"":2452},{""b"":""02:17:b2:0b:47:88"",""s"":""T wifi zone"",""r"":-39,""f"":2452},{""b"":""22:17:b2:0b:47:8a"",""s"":""T wifi zone_secure"",""r"":-42,""f"":5785},{""b"":""22:17:b2:0b:47:88"",""s"":""T wifi zone"",""r"":-42,""f"":5785},{""b"":""36:78:c2:00:0a:b4"",""s"":""KT WiFi "",""r"":-43,""f"":5640},{""b"":""30:78:c2:00:0a:b4"",""s"":""KT WiFi"",""r"":-43,""f"":5640},{""b"":""40:27:0b:02:a2:c6"",""s"":""U+zone_2.4GHz"",""r"":-46,""f"":2472},{""b"":""30:78:c2:00:0a:b5"",""s"":""KT WiFi"",""r"":-48,""f"":2432},{""b"":""36:78:c2:00:0a:b5"",""s"":""KT WiFi "",""r"":-49,""f"":2432},{""b"":""02:06:ac:80:2b:67"",""s"":""U+zone"",""r"":-60,""f"":5745},{""b"":""30:78:c2:00:07:d5"",""s"":""KT WiFi"",""r"":-60,""f"":5640},{""b"":""12:e3:c7:09:04:0b"",""s"":""T Free WiFi Zone"",""r"":-62,""f"":2412},{""b"":""36:78:c2:00:07:d6"",""s"":""KT WiFi "",""r"":-62,""f"":2432}]",,37.561460574594285,127.03641113513589,between,상왕십리,왕십리,121.24255845762168
1789967866375,2026-09-21 14:17:46,unknown,37.5612215,127.0379817,31.567,,,32.5,fused,5,LTE,NR_NSA,5G,True,False,True,False,False,51224580,488,3050,7,8283,450,6,-76,-5,-51,19.0,4,0.0,,,,501361,2987,4.0109,0.0239,501341,2967,4.0107,0.0237,False,5,0,5,-61.0,488.0,2600.0,7.665183,False,False,periodic,10,2,10.0,4.0,1060,,,,"[{""type"":""LTE"",""pci"":488,""earfcn"":2600,""tac"":null,""rsrp"":-61,""rsrq"":-6,""rssi"":-51,""snr"":null,""ta"":0,""level"":4,""bands"":""5""},{""type"":""LTE"",""pci"":488,""earfcn"":100,""tac"":null,""rsrp"":-72,""rsrq"":-6,""rssi"":-51,""snr"":null,""ta"":0,""level"":4,""bands"":""1""},{""type"":""LTE"",""pci"":466,""earfcn"":100,""tac"":null,""rsrp"":-84,""rsrq"":-17,""rssi"":-57,""snr"":null,""ta"":0,""level"":4,""bands"":""1""},{""type"":""LTE"",""pci"":444,""earfcn"":100,""tac"":null,""rsrp"":-93,""rsrq"":-15,""rssi"":-69,""snr"":null,""ta"":0,""level"":3,""bands"":""1""},{""type"":""LTE"",""pci"":466,""earfcn"":3050,""tac"":null,""rsrp"":-99,""rsrq"":-20,""rssi"":-63,""snr"":null,""ta"":0,""level"":2,""bands"":""7""}]",1009.6961,61.0,,34,3,,,,"[{""b"":""40:27:0b:02:a2:b8"",""s"":""U+zone"",""r"":-35,""f"":5785},{""b"":""02:17:b2:0b:47:88"",""s"":""T wifi zone"",""r"":-36,""f"":2452},{""b"":""02:17:b2:0b:47:8a"",""s"":""T wifi zone_secure"",""r"":-36,""f"":2452},{""b"":""22:17:b2:0b:47:8a"",""s"":""T wifi zone_secure"",""r"":-36,""f"":5785},{""b"":""22:17:b2:0b:47:88"",""s"":""T wifi zone"",""r"":-36,""f"":5785},{""b"":""40:27:0b:02:a2:b7"",""s"":""U+zone_2.4GHz"",""r"":-38,""f"":2432},{""b"":""36:78:c2:00:0a:b5"",""s"":""KT WiFi "",""r"":-39,""f"":2432},{""b"":""30:78:c2:00:0a:b5"",""s"":""KT WiFi"",""r"":-40,""f"":2432},{""b"":""36:78:c2:00:0a:b4"",""s"":""KT WiFi "",""r"":-41,""f"":5640},{""b"":""30:78:c2:00:0a:b4"",""s"":""KT WiFi"",""r"":-42,""f"":5640},{""b"":""40:27:0b:02:a2:c7"",""s"":""U+zone"",""r"":-61,""f"":5745},{""b"":""22:17:b2:0b:7d:b6"",""s"":""T wifi zone"",""r"":-62,""f"":5805},{""b"":""22:17:b2:0b:7d:b8"",""s"":""T wifi zone_secure"",""r"":-62,""f"":5805},{""b"":""12:06:ac:80:2b:6f"",""s"":""FREE_U+zone"",""r"":-63,""f"":5745},{""b"":""30:78:c2:00:07:d5"",""s"":""KT WiFi"",""r"":-65,""f"":5640}]",,37.561238,127.036954,station,왕십리,왕십리,90.604657350695
1789967871396,2026-09-21 14:17:51,unknown,37.561217,127.0380273,20.0,,,32.099998474121094,fused,3,LTE,NR_NSA,5G,True,False,True,False,False,51224580,488,3050,7,8283,450,6,-80,-6,-53,23.0,4,0.0,,,,144,2332,0.0012,0.0187,105,2292,0.0008,0.0183,False,5,0,5,-74.0,488.0,2600.0,0.92746717,False,False,periodic,15,2,-4.0,4.0,1082,,,,"[{""type"":""LTE"",""pci"":488,""earfcn"":2600,""tac"":null,""rsrp"":-74,""rsrq"":-8,""rssi"":-57,""snr"":null,""ta"":0,""level"":4,""bands"":""5""},{""type"":""LTE"",""pci"":488,""earfcn"":100,""tac"":null,""rsrp"":-83,""rsrq"":-8,""rssi"":-65,""snr"":null,""ta"":0,""level"":4,""bands"":""1""},{""type"":""LTE"",""pci"":466,""earfcn"":3050,""tac"":null,""rsrp"":-90,""rsrq"":-20,""rssi"":-59,""snr"":null,""ta"":0,""level"":3,""bands"":""7""},{""type"":""LTE"",""pci"":444,""earfcn"":100,""tac"":null,""rsrp"":-93,""rsrq"":-15,""rssi"":-69,""snr"":null,""ta"":0,""level"":3,""bands"":""1""},{""type"":""LTE"",""pci"":466,""earfcn"":100,""tac"":null,""rsrp"":-96,""rsrq"":-20,""rssi"":-65,""snr"":null,""ta"":0,""level"":2,""bands"":""1""}]",1009.7892,94.0,,31,2,,,,"[{""b"":""40:27:0b:02:a2:b8"",""s"":""U+zone"",""r"":-38,""f"":5785},{""b"":""40:27:0b:02:a2:b7"",""s"":""U+zone_2.4GHz"",""r"":-41,""f"":2432},{""b"":""02:17:b2:0b:47:88"",""s"":""T wifi zone"",""r"":-41,""f"":2452},{""b"":""22:17:b2:0b:47:8a"",""s"":""T wifi zone_secure"",""r"":-41,""f"":5785},{""b"":""02:17:b2:0b:47:8a"",""s"":""T wifi zone_secure"",""r"":-42,""f"":2452},{""b"":""22:17:b2:0b:47:88"",""s"":""T wifi zone"",""r"":-42,""f"":5785},{""b"":""12:06:ac:80:2b:6f"",""s"":""FREE_U+zone"",""r"":-44,""f"":5745},{""b"":""02:06:ac:80:2b:6f"",""s"":""U+zone"",""r"":-44,""f"":5745},{""b"":""36:78:c2:00:0a:b4"",""s"":""KT WiFi "",""r"":-48,""f"":5640},{""b"":""30:78:c2:00:0a:b4"",""s"":""KT WiFi"",""r"":-48,""f"":5640},{""b"":""12:06:ac:80:2b:6e"",""s"":""FREE_U+zone_2.4GHz"",""r"":-56,""f"":2472},{""b"":""02:06:ac:80:2b:6e"",""s"":""U+zone_2.4GHz"",""r"":-57,""f"":2472},{""b"":""40:27:0b:02:a2:c7"",""s"":""U+zone"",""r"":-58,""f"":5745},{""b"":""40:27:0b:02:a2:c6"",""s"":""U+zone_2.4GHz"",""r"":-58,""f"":2472},{""b"":""22:17:b2:0b:7d:b6"",""s"":""T wifi zone"",""r"":-59,""f"":5805}]",,37.561238,127.036954,station,왕십리,왕십리,94.63428375392368
1789967876422,2026-09-21 14:17:56,unknown,37.561217,127.0380273,20.0,,,32.099998474121094,fused,8,LTE,NR_NSA,5G,True,False,True,False,False,51224580,488,3050,7,8283,450,6,-83,-7,-57,24.0,4,0.0,,,,266,287,0.0021,0.0023,246,267,0.002,0.0021,False,7,0,7,-78.0,488.0,100.0,0.45152268,False,False,periodic,20,1,-3.0,1.0,1528,,,,"[{""type"":""LTE"",""pci"":488,""earfcn"":100,""tac"":null,""rsrp"":-78,""rsrq"":-12,""rssi"":-55,""snr"":null,""ta"":0,""level"":4,""bands"":""1""},{""type"":""LTE"",""pci"":488,""earfcn"":2600,""tac"":null,""rsrp"":-80,""rsrq"":-7,""rssi"":-63,""snr"":null,""ta"":0,""level"":4,""bands"":""5""},{""type"":""LTE"",""pci"":486,""earfcn"":100,""tac"":null,""rsrp"":-86,""rsrq"":-19,""rssi"":-55,""snr"":null,""ta"":0,""level"":3,""bands"":""1""},{""type"":""LTE"",""pci"":466,""earfcn"":100,""tac"":null,""rsrp"":-91,""rsrq"":-18,""rssi"":-63,""snr"":null,""ta"":0,""level"":3,""bands"":""1""},{""type"":""LTE"",""pci"":486,""earfcn"":3050,""tac"":null,""rsrp"":-93,""rsrq"":-19,""rssi"":-65,""snr"":null,""ta"":0,""level"":3,""bands"":""7""},{""type"":""LTE"",""pci"":444,""earfcn"":100,""tac"":null,""rsrp"":-93,""rsrq"":-15,""rssi"":-69,""snr"":null,""ta"":0,""level"":3,""bands"":""1""},{""type"":""LTE"",""pci"":466,""earfcn"":3050,""tac"":null,""rsrp"":-95,""rsrq"":-20,""rssi"":-65,""snr"":null,""ta"":0,""level"":3,""bands"":""7""}]",1009.71716,94.0,,31,7,,,,"[{""b"":""40:27:0b:02:a2:b8"",""s"":""U+zone"",""r"":-38,""f"":5785},{""b"":""40:27:0b:02:a2:b7"",""s"":""U+zone_2.4GHz"",""r"":-41,""f"":2432},{""b"":""02:17:b2:0b:47:88"",""s"":""T wifi zone"",""r"":-41,""f"":2452},{""b"":""22:17:b2:0b:47:8a"",""s"":""T wifi zone_secure"",""r"":-41,""f"":5785},{""b"":""02:17:b2:0b:47:8a"",""s"":""T wifi zone_secure"",""r"":-42,""f"":2452},{""b"":""22:17:b2:0b:47:88"",""s"":""T wifi zone"",""r"":-42,""f"":5785},{""b"":""12:06:ac:80:2b:6f"",""s"":""FREE_U+zone"",""r"":-44,""f"":5745},{""b"":""02:06:ac:80:2b:6f"",""s"":""U+zone"",""r"":-44,""f"":5745},{""b"":""36:78:c2:00:0a:b4"",""s"":""KT WiFi "",""r"":-48,""f"":5640},{""b"":""30:78:c2:00:0a:b4"",""s"":""KT WiFi"",""r"":-48,""f"":5640},{""b"":""12:06:ac:80:2b:6e"",""s"":""FREE_U+zone_2.4GHz"",""r"":-56,""f"":2472},{""b"":""02:06:ac:80:2b:6e"",""s"":""U+zone_2.4GHz"",""r"":-57,""f"":2472},{""b"":""40:27:0b:02:a2:c7"",""s"":""U+zone"",""r"":-58,""f"":5745},{""b"":""40:27:0b:02:a2:c6"",""s"":""U+zone_2.4GHz"",""r"":-58,""f"":2472},{""b"":""22:17:b2:0b:7d:b6"",""s"":""T wifi zone"",""r"":-59,""f"":5805}]",,37.561238,127.036954,station,왕십리,왕십리,94.63428375392368
1789967881430,2026-09-21 14:18:01,unknown,37.5612141,127.0380272,26.246,,,32.099998474121094,fused,6,LTE,NR_NSA,5G,True,False,True,False,False,51224580,488,3050,7,8283,450,6,-82,-7,-55,24.0,4,0.0,,,,264559,14357,2.1165,0.1149,264539,14337,2.1163,0.1147,False,5,0,5,-81.0,488.0,100.0,0.012251263,False,False,periodic,25,1,1.0,0.0,1265,,,,"[{""type"":""LTE"",""pci"":488,""earfcn"":100,""tac"":null,""rsrp"":-81,""rsrq"":-8,""rssi"":-63,""snr"":null,""ta"":0,""level"":4,""bands"":""1""},{""type"":""LTE"",""pci"":488,""earfcn"":2600,""tac"":null,""rsrp"":-85,""rsrq"":-6,""rssi"":-69,""snr"":null,""ta"":0,""level"":4,""bands"":""5""},{""type"":""LTE"",""pci"":486,""earfcn"":100,""tac"":null,""rsrp"":-86,""rsrq"":-19,""rssi"":-55,""snr"":null,""ta"":0,""level"":3,""bands"":""1""},{""type"":""LTE"",""pci"":466,""earfcn"":3050,""tac"":null,""rsrp"":-95,""rsrq"":-11,""rssi"":-65,""snr"":null,""ta"":0,""level"":3,""bands"":""7""},{""type"":""LTE"",""pci"":466,""earfcn"":100,""tac"":null,""rsrp"":-97,""rsrq"":-17,""rssi"":-63,""snr"":null,""ta"":0,""level"":2,""bands"":""1""}]",1009.74774,69.0,,27,5,,,,"[{""b"":""40:27:0b:02:a2:b8"",""s"":""U+zone"",""r"":-38,""f"":5785},{""b"":""02:17:b2:0b:47:88"",""s"":""T wifi zone"",""r"":-39,""f"":2452},{""b"":""02:17:b2:0b:47:8a"",""s"":""T wifi zone_secure"",""r"":-39,""f"":2452},{""b"":""30:78:c2:00:0a:b5"",""s"":""KT WiFi"",""r"":-40,""f"":2432},{""b"":""36:78:c2:00:0a:b5"",""s"":""KT WiFi "",""r"":-41,""f"":2432},{""b"":""22:17:b2:0b:47:8a"",""s"":""T wifi zone_secure"",""r"":-43,""f"":5785},{""b"":""22:17:b2:0b:47:88"",""s"":""T wifi zone"",""r"":-44,""f"":5785},{""b"":""30:78:c2:00:0a:b4"",""s"":""KT WiFi"",""r"":-48,""f"":5640},{""b"":""36:78:c2:00:0a:b4"",""s"":""KT WiFi "",""r"":-49,""f"":5640},{""b"":""12:06:ac:80:2b:6f"",""s"":""FREE_U+zone"",""r"":-58,""f"":5745},{""b"":""02:06:ac:80:2b:6f"",""s"":""U+zone"",""r"":-59,""f"":5745},{""b"":""40:27:0b:02:a2:c7"",""s"":""U+zone"",""r"":-65,""f"":5745},{""b"":""22:17:b2:0b:7d:b8"",""s"":""T wifi zone_secure"",""r"":-66,""f"":5805},{""b"":""02:17:b2:0b:7d:b6"",""s"":""T wifi zone"",""r"":-66,""f"":2452},{""b"":""02:17:b2:0b:7d:b8"",""s"":""T wifi zone_secure"",""r"":-66,""f"":2452}]",,37.561238,127.036954,station,왕십리,왕십리,94.63398044443927
1789967886442,2026-09-21 14:18:06,unknown,37.5612132,127.0380278,27.543,,,32.099998474121094,fused,6,LTE,NR_NSA,5G,True,False,True,False,False,51224580,488,3050,7,8283,450,6,-80,-6,-53,21.0,4,0.0,,,,444738,4841,3.5579,0.0387,444718,4821,3.5577,0.0386,False,7,0,7,-85.0,488.0,100.0,0.004986677,False,False,periodic,30,0,2.0,-3.0,276,,,,"[{""type"":""LTE"",""pci"":488,""earfcn"":100,""tac"":null,""rsrp"":-85,""rsrq"":-8,""rssi"":-67,""snr"":null,""ta"":0,""level"":4,""bands"":""1""},{""type"":""LTE"",""pci"":488,""earfcn"":2600,""tac"":null,""rsrp"":-86,""rsrq"":-6,""rssi"":-71,""snr"":null,""ta"":0,""level"":3,""bands"":""5""},{""type"":""LTE"",""pci"":466,""earfcn"":100,""tac"":null,""rsrp"":-88,""rsrq"":-12,""rssi"":-67,""snr"":null,""ta"":0,""level"":3,""bands"":""1""},{""type"":""LTE"",""pci"":486,""earfcn"":3050,""tac"":null,""rsrp"":-99,""rsrq"":-18,""rssi"":-67,""snr"":null,""ta"":0,""level"":2,""bands"":""7""},{""type"":""LTE"",""pci"":486,""earfcn"":100,""tac"":null,""rsrp"":-100,""rsrq"":-20,""rssi"":-67,""snr"":null,""ta"":0,""level"":2,""bands"":""1""},{""type"":""LTE"",""pci"":466,""earfcn"":3050,""tac"":null,""rsrp"":-102,""rsrq"":-13,""rssi"":-71,""snr"":null,""ta"":0,""level"":2,""bands"":""7""},{""type"":""LTE"",""pci"":469,""earfcn"":2600,""tac"":null,""rsrp"":-115,""rsrq"":-20,""rssi"":-71,""snr"":null,""ta"":0,""level"":1,""bands"":""5""}]",1009.7586,100.0,,28,2,,,,"[{""b"":""40:27:0b:02:a2:b7"",""s"":""U+zone_2.4GHz"",""r"":-37,""f"":2432},{""b"":""40:27:0b:02:a2:b8"",""s"":""U+zone"",""r"":-38,""f"":5785},{""b"":""02:17:b2:0b:47:88"",""s"":""T wifi zone"",""r"":-40,""f"":2452},{""b"":""02:17:b2:0b:47:8a"",""s"":""T wifi zone_secure"",""r"":-40,""f"":2452},{""b"":""22:17:b2:0b:47:8a"",""s"":""T wifi zone_secure"",""r"":-41,""f"":5785},{""b"":""22:17:b2:0b:47:88"",""s"":""T wifi zone"",""r"":-41,""f"":5785},{""b"":""36:78:c2:00:0a:b4"",""s"":""KT WiFi "",""r"":-43,""f"":5640},{""b"":""30:78:c2:00:0a:b4"",""s"":""KT WiFi"",""r"":-43,""f"":5640},{""b"":""36:78:c2:00:0a:b5"",""s"":""KT WiFi "",""r"":-49,""f"":2432},{""b"":""30:78:c2:00:0a:b5"",""s"":""KT WiFi"",""r"":-49,""f"":2432},{""b"":""12:06:ac:80:2b:6f"",""s"":""FREE_U+zone"",""r"":-56,""f"":5745},{""b"":""12:06:ac:80:2b:6e"",""s"":""FREE_U+zone_2.4GHz"",""r"":-56,""f"":2472},{""b"":""02:06:ac:80:2b:6f"",""s"":""U+zone"",""r"":-57,""f"":5745},{""b"":""30:78:c2:00:07:d5"",""s"":""KT WiFi"",""r"":-71,""f"":5640},{""b"":""36:78:c2:00:07:d5"",""s"":""KT WiFi "",""r"":-74,""f"":5640}]",,37.561238,127.036954,station,왕십리,왕십리,94.6897084991636
1789967891465,2026-09-21 14:18:11,unknown,37.5612153,127.0380268,25.352,,,32.099998474121094,fused,8,LTE,NR_NSA,5G,True,False,True,False,False,51224580,488,3050,7,8283,450,6,-81,-7,-53,22.0,4,0.0,,,,596245,12740,4.77,0.1019,596225,12720,4.7698,0.1018,False,4,0,4,-70.0,488.0,2600.0,0.064446785,False,False,periodic,35,0,-1.0,1.0,1156,,,,"[{""type"":""LTE"",""pci"":488,""earfcn"":2600,""tac"":null,""rsrp"":-70,""rsrq"":-5,""rssi"":-51,""snr"":null,""ta"":0,""level"":4,""bands"":""5""},{""type"":""LTE"",""pci"":488,""earfcn"":100,""tac"":null,""rsrp"":-82,""rsrq"":-10,""rssi"":-53,""snr"":null,""ta"":0,""level"":4,""bands"":""1""},{""type"":""LTE"",""pci"":466,""earfcn"":100,""tac"":null,""rsrp"":-86,""rsrq"":-17,""rssi"":-61,""snr"":null,""ta"":0,""level"":3,""bands"":""1""},{""type"":""LTE"",""pci"":466,""earfcn"":3050,""tac"":null,""rsrp"":-90,""rsrq"":-17,""rssi"":-61,""snr"":null,""ta"":0,""level"":3,""bands"":""7""}]",1009.75494,52.0,70.014,28,7,,,,"[{""b"":""40:27:0b:02:a2:b7"",""s"":""U+zone_2.4GHz"",""r"":-37,""f"":2432},{""b"":""40:27:0b:02:a2:b8"",""s"":""U+zone"",""r"":-38,""f"":5785},{""b"":""02:17:b2:0b:47:88"",""s"":""T wifi zone"",""r"":-40,""f"":2452},{""b"":""02:17:b2:0b:47:8a"",""s"":""T wifi zone_secure"",""r"":-40,""f"":2452},{""b"":""22:17:b2:0b:47:8a"",""s"":""T wifi zone_secure"",""r"":-41,""f"":5785},{""b"":""22:17:b2:0b:47:88"",""s"":""T wifi zone"",""r"":-41,""f"":5785},{""b"":""36:78:c2:00:0a:b4"",""s"":""KT WiFi "",""r"":-43,""f"":5640},{""b"":""30:78:c2:00:0a:b4"",""s"":""KT WiFi"",""r"":-43,""f"":5640},{""b"":""36:78:c2:00:0a:b5"",""s"":""KT WiFi "",""r"":-49,""f"":2432},{""b"":""30:78:c2:00:0a:b5"",""s"":""KT WiFi"",""r"":-49,""f"":2432},{""b"":""12:06:ac:80:2b:6f"",""s"":""FREE_U+zone"",""r"":-56,""f"":5745},{""b"":""12:06:ac:80:2b:6e"",""s"":""FREE_U+zone_2.4GHz"",""r"":-56,""f"":2472},{""b"":""02:06:ac:80:2b:6f"",""s"":""U+zone"",""r"":-57,""f"":5745},{""b"":""30:78:c2:00:07:d5"",""s"":""KT WiFi"",""r"":-71,""f"":5640},{""b"":""36:78:c2:00:07:d5"",""s"":""KT WiFi "",""r"":-74,""f"":5640}]",,37.561238,127.036954,station,왕십리,왕십리,94.59508128218171
1789967896478,2026-09-21 14:18:16,unknown,37.5612137,127.0380286,22.0,,,32.0,fused,4,LTE,NR_NSA,5G,True,False,True,False,False,51224580,488,3050,7,8283,450,6,-87,-7,-59,23.0,3,0.0,,,,180413,22431,1.4433,0.1794,180373,22391,1.443,0.1791,False,5,0,5,-72.0,488.0,2600.0,0.023333684,False,False,periodic,40,0,-6.0,1.0,1312,,,,"[{""type"":""LTE"",""pci"":488,""earfcn"":2600,""tac"":null,""rsrp"":-72,""rsrq"":-6,""rssi"":-51,""snr"":null,""ta"":0,""level"":4,""bands"":""5""},{""type"":""LTE"",""pci"":488,""earfcn"":100,""tac"":null,""rsrp"":-79,""rsrq"":-8,""rssi"":-51,""snr"":null,""ta"":0,""level"":4,""bands"":""1""},{""type"":""LTE"",""pci"":466,""earfcn"":100,""tac"":null,""rsrp"":-85,""rsrq"":-15,""rssi"":-61,""snr"":null,""ta"":0,""level"":4,""bands"":""1""},{""type"":""LTE"",""pci"":486,""earfcn"":3050,""tac"":null,""rsrp"":-94,""rsrq"":-19,""rssi"":-65,""snr"":null,""ta"":0,""level"":3,""bands"":""7""},{""type"":""LTE"",""pci"":466,""earfcn"":3050,""tac"":null,""rsrp"":-97,""rsrq"":-15,""rssi"":-61,""snr"":null,""ta"":0,""level"":2,""bands"":""7""}]",1009.7836,49.0,,32,3,,,,"[{""b"":""40:27:0b:02:a2:b8"",""s"":""U+zone"",""r"":-36,""f"":5785},{""b"":""40:27:0b:02:a2:b7"",""s"":""U+zone_2.4GHz"",""r"":-38,""f"":2432},{""b"":""22:17:b2:0b:47:8a"",""s"":""T wifi zone_secure"",""r"":-39,""f"":5785},{""b"":""22:17:b2:0b:47:88"",""s"":""T wifi zone"",""r"":-40,""f"":5785},{""b"":""02:17:b2:0b:47:88"",""s"":""T wifi zone"",""r"":-41,""f"":2452},{""b"":""02:17:b2:0b:47:8a"",""s"":""T wifi zone_secure"",""r"":-42,""f"":2452},{""b"":""36:78:c2:00:0a:b4"",""s"":""KT WiFi "",""r"":-45,""f"":5640},{""b"":""30:78:c2:00:0a:b4"",""s"":""KT WiFi"",""r"":-45,""f"":5640},{""b"":""36:78:c2:00:0a:b5"",""s"":""KT WiFi "",""r"":-49,""f"":2432},{""b"":""30:78:c2:00:0a:b5"",""s"":""KT WiFi"",""r"":-49,""f"":2432},{""b"":""12:06:ac:80:2b:6f"",""s"":""FREE_U+zone"",""r"":-56,""f"":5745},{""b"":""02:06:ac:80:2b:6f"",""s"":""U+zone"",""r"":-56,""f"":5745},{""b"":""40:27:0b:02:a2:c6"",""s"":""U+zone_2.4GHz"",""r"":-60,""f"":2472},{""b"":""40:27:0b:02:a2:c7"",""s"":""U+zone"",""r"":-61,""f"":5745},{""b"":""22:17:b2:0b:7d:b6"",""s"":""T wifi zone"",""r"":-63,""f"":5805}]",,37.561238,127.036954,station,왕십리,왕십리,94.7585922245811
1789967901493,2026-09-21 14:18:21,unknown,37.5612149,127.0380237,22.352,,,32.099998474121094,fused,2,LTE,NR_NSA,5G,True,False,True,False,False,51224580,488,3050,7,8283,450,6,-83,-10,-51,21.0,4,0.0,,,,311112,4048,2.4889,0.0324,311092,4028,2.4887,0.0322,False,5,0,5,-76.0,488.0,100.0,0.31259742,False,False,periodic,45,0,4.0,-2.0,2173,,,,"[{""type"":""LTE"",""pci"":488,""earfcn"":100,""tac"":null,""rsrp"":-76,""rsrq"":-13,""rssi"":-53,""snr"":null,""ta"":0,""level"":4,""bands"":""1""},{""type"":""LTE"",""pci"":466,""earfcn"":100,""tac"":null,""rsrp"":-83,""rsrq"":-16,""rssi"":-53,""snr"":null,""ta"":0,""level"":4,""bands"":""1""},{""type"":""LTE"",""pci"":488,""earfcn"":2600,""tac"":null,""rsrp"":-85,""rsrq"":-7,""rssi"":-67,""snr"":null,""ta"":0,""level"":4,""bands"":""5""},{""type"":""LTE"",""pci"":466,""earfcn"":3050,""tac"":null,""rsrp"":-92,""rsrq"":-16,""rssi"":-63,""snr"":null,""ta"":0,""level"":3,""bands"":""7""},{""type"":""LTE"",""pci"":486,""earfcn"":3050,""tac"":null,""rsrp"":-97,""rsrq"":-20,""rssi"":-63,""snr"":null,""ta"":0,""level"":2,""bands"":""7""}]",1009.77515,86.0,,23,1,,,,"[{""b"":""40:27:0b:02:a2:b8"",""s"":""U+zone"",""r"":-41,""f"":5785},{""b"":""02:17:b2:0b:47:88"",""s"":""T wifi zone"",""r"":-42,""f"":2452},{""b"":""36:78:c2:00:0a:b4"",""s"":""KT WiFi "",""r"":-43,""f"":5640},{""b"":""30:78:c2:00:0a:b4"",""s"":""KT WiFi"",""r"":-43,""f"":5640},{""b"":""02:17:b2:0b:47:8a"",""s"":""T wifi zone_secure"",""r"":-44,""f"":2452},{""b"":""22:17:b2:0b:47:8a"",""s"":""T wifi zone_secure"",""r"":-45,""f"":5785},{""b"":""22:17:b2:0b:47:88"",""s"":""T wifi zone"",""r"":-45,""f"":5785},{""b"":""02:06:ac:80:2b:6f"",""s"":""U+zone"",""r"":-53,""f"":5745},{""b"":""40:27:0b:02:a2:c7"",""s"":""U+zone"",""r"":-64,""f"":5745},{""b"":""22:17:b2:0b:7d:b6"",""s"":""T wifi zone"",""r"":-69,""f"":5805},{""b"":""22:17:b2:0b:7d:b8"",""s"":""T wifi zone_secure"",""r"":-69,""f"":5805},{""b"":""30:78:c2:00:07:d5"",""s"":""KT WiFi"",""r"":-69,""f"":5640},{""b"":""36:78:c2:00:07:d5"",""s"":""KT WiFi "",""r"":-69,""f"":5640},{""b"":""12:06:ac:80:2b:67"",""s"":""FREE_U+zone"",""r"":-81,""f"":5745},{""b"":""40:27:0b:02:a2:cc"",""s"":""U+zone"",""r"":-82,""f"":5745}]",,37.561238,127.036954,station,왕십리,왕십리,94.32313196356338
1789967906508,2026-09-21 14:18:26,unknown,37.5612149,127.0380237,22.352,,,32.099998474121094,fused,7,LTE,NR_NSA,5G,True,False,True,False,False,51224580,488,3050,7,8283,450,6,-84,-7,-57,20.0,4,0.0,,,,153991,1823,1.2319,0.0146,153971,1803,1.2318,0.0144,False,5,0,5,-73.0,488.0,2600.0,0.0027824596,False,False,periodic,50,0,-1.0,-1.0,1292,,,,"[{""type"":""LTE"",""pci"":488,""earfcn"":2600,""tac"":null,""rsrp"":-73,""rsrq"":-7,""rssi"":-51,""snr"":null,""ta"":0,""level"":4,""bands"":""5""},{""type"":""LTE"",""pci"":488,""earfcn"":100,""tac"":null,""rsrp"":-82,""rsrq"":-8,""rssi"":-55,""snr"":null,""ta"":0,""level"":4,""bands"":""1""},{""type"":""LTE"",""pci"":466,""earfcn"":100,""tac"":null,""rsrp"":-91,""rsrq"":-14,""rssi"":-67,""snr"":null,""ta"":0,""level"":3,""bands"":""1""},{""type"":""LTE"",""pci"":486,""earfcn"":100,""tac"":null,""rsrp"":-93,""rsrq"":-18,""rssi"":-65,""snr"":null,""ta"":0,""level"":3,""bands"":""1""},{""type"":""LTE"",""pci"":466,""earfcn"":3050,""tac"":null,""rsrp"":-95,""rsrq"":-14,""rssi"":-69,""snr"":null,""ta"":0,""level"":3,""bands"":""7""}]",1009.8013,76.0,,23,6,,,,"[{""b"":""40:27:0b:02:a2:b8"",""s"":""U+zone"",""r"":-41,""f"":5785},{""b"":""02:17:b2:0b:47:88"",""s"":""T wifi zone"",""r"":-42,""f"":2452},{""b"":""36:78:c2:00:0a:b4"",""s"":""KT WiFi "",""r"":-43,""f"":5640},{""b"":""30:78:c2:00:0a:b4"",""s"":""KT WiFi"",""r"":-43,""f"":5640},{""b"":""02:17:b2:0b:47:8a"",""s"":""T wifi zone_secure"",""r"":-44,""f"":2452},{""b"":""22:17:b2:0b:47:8a"",""s"":""T wifi zone_secure"",""r"":-45,""f"":5785},{""b"":""22:17:b2:0b:47:88"",""s"":""T wifi zone"",""r"":-45,""f"":5785},{""b"":""02:06:ac:80:2b:6f"",""s"":""U+zone"",""r"":-53,""f"":5745},{""b"":""40:27:0b:02:a2:c7"",""s"":""U+zone"",""r"":-64,""f"":5745},{""b"":""22:17:b2:0b:7d:b6"",""s"":""T wifi zone"",""r"":-69,""f"":5805},{""b"":""22:17:b2:0b:7d:b8"",""s"":""T wifi zone_secure"",""r"":-69,""f"":5805},{""b"":""30:78:c2:00:07:d5"",""s"":""KT WiFi"",""r"":-69,""f"":5640},{""b"":""36:78:c2:00:07:d5"",""s"":""KT WiFi "",""r"":-69,""f"":5640},{""b"":""12:06:ac:80:2b:67"",""s"":""FREE_U+zone"",""r"":-81,""f"":5745},{""b"":""40:27:0b:02:a2:cc"",""s"":""U+zone"",""r"":-82,""f"":5745}]",,37.561238,127.036954,station,왕십리,왕십리,94.32313196356338
1789967911526,2026-09-21 14:18:31,unknown,37.5612183,127.0380228,24.943,,,32.099998474121094,fused,6,LTE,NR_NSA,5G,True,False,True,False,False,51224580,488,3050,7,8283,450,6,-81,-7,-53,21.0,4,0.0,,,,151919,895,1.2154,0.0072,151899,875,1.2152,0.007,False,6,0,6,-79.0,488.0,2600.0,0.016709736,False,False,periodic,55,0,3.0,1.0,208,,,,"[{""type"":""LTE"",""pci"":488,""earfcn"":2600,""tac"":null,""rsrp"":-79,""rsrq"":-7,""rssi"":-63,""snr"":null,""ta"":0,""level"":4,""bands"":""5""},{""type"":""LTE"",""pci"":488,""earfcn"":100,""tac"":null,""rsrp"":-85,""rsrq"":-12,""rssi"":-61,""snr"":null,""ta"":0,""level"":4,""bands"":""1""},{""type"":""LTE"",""pci"":466,""earfcn"":3050,""tac"":null,""rsrp"":-93,""rsrq"":-16,""rssi"":-67,""snr"":null,""ta"":0,""level"":3,""bands"":""7""},{""type"":""LTE"",""pci"":466,""earfcn"":100,""tac"":null,""rsrp"":-94,""rsrq"":-10,""rssi"":-61,""snr"":null,""ta"":0,""level"":3,""bands"":""1""},{""type"":""LTE"",""pci"":486,""earfcn"":100,""tac"":null,""rsrp"":-96,""rsrq"":-19,""rssi"":-65,""snr"":null,""ta"":0,""level"":2,""bands"":""1""},{""type"":""LTE"",""pci"":486,""earfcn"":3050,""tac"":null,""rsrp"":-100,""rsrq"":-20,""rssi"":-69,""snr"":null,""ta"":0,""level"":2,""bands"":""7""}]",1009.7762,71.0,,18,4,,,,"[{""b"":""40:27:0b:02:a2:b8"",""s"":""U+zone"",""r"":-36,""f"":5785},{""b"":""02:17:b2:0b:47:88"",""s"":""T wifi zone"",""r"":-38,""f"":2452},{""b"":""02:17:b2:0b:47:8a"",""s"":""T wifi zone_secure"",""r"":-41,""f"":2452},{""b"":""22:17:b2:0b:47:8a"",""s"":""T wifi zone_secure"",""r"":-42,""f"":5785},{""b"":""22:17:b2:0b:47:88"",""s"":""T wifi zone"",""r"":-42,""f"":5785},{""b"":""36:78:c2:00:0a:b4"",""s"":""KT WiFi "",""r"":-44,""f"":5640},{""b"":""30:78:c2:00:0a:b4"",""s"":""KT WiFi"",""r"":-44,""f"":5640},{""b"":""02:06:ac:80:2b:6f"",""s"":""U+zone"",""r"":-56,""f"":5745},{""b"":""12:06:ac:80:2b:6f"",""s"":""FREE_U+zone"",""r"":-57,""f"":5745},{""b"":""36:78:c2:00:07:d5"",""s"":""KT WiFi "",""r"":-61,""f"":5640},{""b"":""22:17:b2:0b:7d:b6"",""s"":""T wifi zone"",""r"":-65,""f"":5805},{""b"":""22:17:b2:0b:7d:b8"",""s"":""T wifi zone_secure"",""r"":-65,""f"":5805},{""b"":""40:27:0b:02:a2:cc"",""s"":""U+zone"",""r"":-83,""f"":5745},{""b"":""22:17:b2:0b:47:8e"",""s"":""T wifi zone_secure"",""r"":-84,""f"":5240},{""b"":""36:78:c2:00:0a:b1"",""s"":""KT WiFi "",""r"":-85,""f"":5320}]",,37.561238,127.036954,station,왕십리,왕십리,94.23428300050595
1789967916541,2026-09-21 14:18:36,unknown,37.5612191,127.0380239,26.45,,,32.099998474121094,fused,6,LTE,NR_NSA,5G,True,False,True,False,False,51224580,488,3050,7,8283,450,6,-88,-7,-59,21.0,3,0.0,,,,149128,3037,1.193,0.0243,149088,2997,1.1927,0.024,False,6,0,6,-86.0,488.0,100.0,0.017350646,False,False,periodic,60,0,-7.0,0.0,651,,,,"[{""type"":""LTE"",""pci"":488,""earfcn"":100,""tac"":null,""rsrp"":-86,""rsrq"":-11,""rssi"":-69,""snr"":null,""ta"":0,""level"":3,""bands"":""1""},{""type"":""LTE"",""pci"":488,""earfcn"":2600,""tac"":null,""rsrp"":-88,""rsrq"":-7,""rssi"":-71,""snr"":null,""ta"":0,""level"":3,""bands"":""5""},{""type"":""LTE"",""pci"":466,""earfcn"":100,""tac"":null,""rsrp"":-91,""rsrq"":-13,""rssi"":-69,""snr"":null,""ta"":0,""level"":3,""bands"":""1""},{""type"":""LTE"",""pci"":486,""earfcn"":100,""tac"":null,""rsrp"":-96,""rsrq"":-20,""rssi"":-65,""snr"":null,""ta"":0,""level"":2,""bands"":""1""},{""type"":""LTE"",""pci"":466,""earfcn"":3050,""tac"":null,""rsrp"":-97,""rsrq"":-14,""rssi"":-73,""snr"":null,""ta"":0,""level"":2,""bands"":""7""},{""type"":""LTE"",""pci"":486,""earfcn"":3050,""tac"":null,""rsrp"":-99,""rsrq"":-17,""rssi"":-73,""snr"":null,""ta"":0,""level"":2,""bands"":""7""}]",1009.9067,51.0,,24,1,,,,"[{""b"":""40:27:0b:02:a2:b8"",""s"":""U+zone"",""r"":-34,""f"":5785},{""b"":""40:27:0b:02:a2:b7"",""s"":""U+zone_2.4GHz"",""r"":-38,""f"":2432},{""b"":""22:17:b2:0b:47:8a"",""s"":""T wifi zone_secure"",""r"":-41,""f"":5785},{""b"":""22:17:b2:0b:47:88"",""s"":""T wifi zone"",""r"":-41,""f"":5785},{""b"":""30:78:c2:00:0a:b4"",""s"":""KT WiFi"",""r"":-45,""f"":5640},{""b"":""36:78:c2:00:0a:b4"",""s"":""KT WiFi "",""r"":-46,""f"":5640},{""b"":""02:17:b2:0b:47:88"",""s"":""T wifi zone"",""r"":-48,""f"":2452},{""b"":""02:17:b2:0b:47:8a"",""s"":""T wifi zone_secure"",""r"":-48,""f"":2452},{""b"":""30:78:c2:00:0a:b5"",""s"":""KT WiFi"",""r"":-52,""f"":2432},{""b"":""36:78:c2:00:0a:b5"",""s"":""KT WiFi "",""r"":-53,""f"":2432},{""b"":""12:06:ac:80:2b:6f"",""s"":""FREE_U+zone"",""r"":-57,""f"":5745},{""b"":""02:06:ac:80:2b:6f"",""s"":""U+zone"",""r"":-57,""f"":5745},{""b"":""30:78:c2:00:07:d5"",""s"":""KT WiFi"",""r"":-66,""f"":5640},{""b"":""36:78:c2:00:07:d5"",""s"":""KT WiFi "",""r"":-66,""f"":5640},{""b"":""02:17:b2:0b:7d:b8"",""s"":""T wifi zone_secure"",""r"":-67,""f"":2452}]",,37.560812613213315,127.03743187373973,between,왕십리,한양대,69.0372595223407
1789967921556,2026-09-21 14:18:41,unknown,37.5612139,127.0380284,25.816,,,32.0,fused,8,LTE,NR_NSA,5G,True,False,True,False,False,51224580,488,3050,7,8283,450,6,-75,-6,-51,20.0,4,0.0,,,,569983,2677,4.5599,0.0214,569963,2657,4.5597,0.0213,False,6,0,6,-64.0,488.0,2600.0,2.8065415e-05,False,False,periodic,65,0,13.0,-1.0,1240,,,,"[{""type"":""LTE"",""pci"":488,""earfcn"":2600,""tac"":null,""rsrp"":-64,""rsrq"":-6,""rssi"":-51,""snr"":null,""ta"":0,""level"":4,""bands"":""5""},{""type"":""LTE"",""pci"":488,""earfcn"":100,""tac"":null,""rsrp"":-69,""rsrq"":-6,""rssi"":-51,""snr"":null,""ta"":0,""level"":4,""bands"":""1""},{""type"":""LTE"",""pci"":466,""earfcn"":100,""tac"":null,""rsrp"":-77,""rsrq"":-19,""rssi"":-51,""snr"":null,""ta"":0,""level"":4,""bands"":""1""},{""type"":""LTE"",""pci"":486,""earfcn"":100,""tac"":null,""rsrp"":-80,""rsrq"":-20,""rssi"":-51,""snr"":null,""ta"":0,""level"":4,""bands"":""1""},{""type"":""LTE"",""pci"":466,""earfcn"":3050,""tac"":null,""rsrp"":-93,""rsrq"":-19,""rssi"":-61,""snr"":null,""ta"":0,""level"":3,""bands"":""7""},{""type"":""LTE"",""pci"":466,""earfcn"":2600,""tac"":null,""rsrp"":-95,""rsrq"":-20,""rssi"":-51,""snr"":null,""ta"":0,""level"":3,""bands"":""5""}]",1009.9619,54.0,54.84,24,6,,,,"[{""b"":""40:27:0b:02:a2:b8"",""s"":""U+zone"",""r"":-34,""f"":5785},{""b"":""40:27:0b:02:a2:b7"",""s"":""U+zone_2.4GHz"",""r"":-38,""f"":2432},{""b"":""22:17:b2:0b:47:8a"",""s"":""T wifi zone_secure"",""r"":-41,""f"":5785},{""b"":""22:17:b2:0b:47:88"",""s"":""T wifi zone"",""r"":-41,""f"":5785},{""b"":""30:78:c2:00:0a:b4"",""s"":""KT WiFi"",""r"":-45,""f"":5640},{""b"":""36:78:c2:00:0a:b4"",""s"":""KT WiFi "",""r"":-46,""f"":5640},{""b"":""02:17:b2:0b:47:88"",""s"":""T wifi zone"",""r"":-48,""f"":2452},{""b"":""02:17:b2:0b:47:8a"",""s"":""T wifi zone_secure"",""r"":-48,""f"":2452},{""b"":""30:78:c2:00:0a:b5"",""s"":""KT WiFi"",""r"":-52,""f"":2432},{""b"":""36:78:c2:00:0a:b5"",""s"":""KT WiFi "",""r"":-53,""f"":2432},{""b"":""12:06:ac:80:2b:6f"",""s"":""FREE_U+zone"",""r"":-57,""f"":5745},{""b"":""02:06:ac:80:2b:6f"",""s"":""U+zone"",""r"":-57,""f"":5745},{""b"":""30:78:c2:00:07:d5"",""s"":""KT WiFi"",""r"":-66,""f"":5640},{""b"":""36:78:c2:00:07:d5"",""s"":""KT WiFi "",""r"":-66,""f"":5640},{""b"":""02:17:b2:0b:7d:b8"",""s"":""T wifi zone_secure"",""r"":-67,""f"":2452}]",,37.560387226426634,127.03790974747949,between,왕십리,한양대,92.51497111273729
1789967925410,2026-09-21 14:18:45,unknown,37.561384,127.0381888,100.0,,,32.0,fused,3,LTE,NR_NSA,5G,True,False,True,False,False,51224579,466,3050,7,8283,450,6,-86,-9,-59,18.0,3,1.0,,,,172860,1417,1.3829,0.0113,172834,1391,1.3827,0.0111,False,7,0,7,-82.0,466.0,100.0,7.7864286e-08,True,False,handover,0,1,,,4,51224580.0,-75.0,-6.0,"[{""type"":""LTE"",""pci"":466,""earfcn"":100,""tac"":null,""rsrp"":-82,""rsrq"":-11,""rssi"":-61,""snr"":null,""ta"":1,""level"":4,""bands"":""1""},{""type"":""LTE"",""pci"":488,""earfcn"":2600,""tac"":null,""rsrp"":-84,""rsrq"":-6,""rssi"":-61,""snr"":null,""ta"":1,""level"":4,""bands"":""5""},{""type"":""LTE"",""pci"":488,""earfcn"":100,""tac"":null,""rsrp"":-93,""rsrq"":-13,""rssi"":-61,""snr"":null,""ta"":1,""level"":3,""bands"":""1""},{""type"":""LTE"",""pci"":466,""earfcn"":2600,""tac"":null,""rsrp"":-96,""rsrq"":-19,""rssi"":-63,""snr"":null,""ta"":1,""level"":2,""bands"":""5""},{""type"":""LTE"",""pci"":461,""earfcn"":2600,""tac"":null,""rsrp"":-96,""rsrq"":-17,""rssi"":-71,""snr"":null,""ta"":1,""level"":2,""bands"":""5""},{""type"":""LTE"",""pci"":486,""earfcn"":100,""tac"":null,""rsrp"":-96,""rsrq"":-20,""rssi"":-65,""snr"":null,""ta"":1,""level"":2,""bands"":""1""},{""type"":""LTE"",""pci"":488,""earfcn"":3050,""tac"":null,""rsrp"":-99,""rsrq"":-11,""rssi"":-67,""snr"":null,""ta"":1,""level"":2,""bands"":""7""}]",1010.1638,54.0,,17,1,,,,"[{""b"":""40:27:0b:02:a2:b8"",""s"":""U+zone"",""r"":-36,""f"":5785},{""b"":""40:27:0b:02:a2:b7"",""s"":""U+zone_2.4GHz"",""r"":-38,""f"":2432},{""b"":""02:17:b2:0b:47:8a"",""s"":""T wifi zone_secure"",""r"":-40,""f"":2452},{""b"":""02:17:b2:0b:47:88"",""s"":""T wifi zone"",""r"":-41,""f"":2452},{""b"":""22:17:b2:0b:47:8a"",""s"":""T wifi zone_secure"",""r"":-43,""f"":5785},{""b"":""36:78:c2:00:0a:b4"",""s"":""KT WiFi "",""r"":-46,""f"":5640},{""b"":""22:17:b2:0b:47:88"",""s"":""T wifi zone"",""r"":-46,""f"":5785},{""b"":""30:78:c2:00:0a:b4"",""s"":""KT WiFi"",""r"":-46,""f"":5640},{""b"":""36:78:c2:00:0a:b5"",""s"":""KT WiFi "",""r"":-49,""f"":2432},{""b"":""30:78:c2:00:0a:b5"",""s"":""KT WiFi"",""r"":-49,""f"":2432},{""b"":""40:27:0b:02:a2:c7"",""s"":""U+zone"",""r"":-66,""f"":5745},{""b"":""22:17:b2:0b:7d:b6"",""s"":""T wifi zone"",""r"":-67,""f"":5805},{""b"":""22:17:b2:0b:7d:b8"",""s"":""T wifi zone_secure"",""r"":-67,""f"":5805},{""b"":""30:78:c2:00:07:d5"",""s"":""KT WiFi"",""r"":-73,""f"":5640},{""b"":""36:78:c2:00:07:d5"",""s"":""KT WiFi "",""r"":-73,""f"":5640}]","[{""type"":""LTE"",""pci"":488,""earfcn"":2600,""tac"":null,""rsrp"":-64,""rsrq"":-6,""rssi"":-51,""snr"":null,""ta"":0,""level"":4,""bands"":""5""},{""type"":""LTE"",""pci"":488,""earfcn"":100,""tac"":null,""rsrp"":-69,""rsrq"":-6,""rssi"":-51,""snr"":null,""ta"":0,""level"":4,""bands"":""1""},{""type"":""LTE"",""pci"":466,""earfcn"":100,""tac"":null,""rsrp"":-77,""rsrq"":-19,""rssi"":-51,""snr"":null,""ta"":0,""level"":4,""bands"":""1""},{""type"":""LTE"",""pci"":486,""earfcn"":100,""tac"":null,""rsrp"":-80,""rsrq"":-20,""rssi"":-51,""snr"":null,""ta"":0,""level"":4,""bands"":""1""},{""type"":""LTE"",""pci"":466,""earfcn"":3050,""tac"":null,""rsrp"":-93,""rsrq"":-19,""rssi"":-61,""snr"":null,""ta"":0,""level"":3,""bands"":""7""},{""type"":""LTE"",""pci"":466,""earfcn"":2600,""tac"":null,""rsrp"":-95,""rsrq"":-20,""rssi"":-51,""snr"":null,""ta"":0,""level"":3,""bands"":""5""}]",37.560060319013694,127.03827699082804,between,왕십리,한양대,147.39174629269658
1789967926578,2026-09-21 14:18:46,unknown,37.561384,127.0381888,100.0,,,32.0,fused,4,LTE,NR_NSA,5G,True,False,True,False,False,51224579,466,3050,7,8283,450,6,-86,-9,-59,18.0,3,1.0,,,,863,1089,0.0069,0.0087,863,1089,0.0069,0.0087,False,7,0,7,-82.0,466.0,100.0,1.3013685e-08,False,False,periodic,1,1,0.0,0.0,1177,,,,"[{""type"":""LTE"",""pci"":466,""earfcn"":100,""tac"":null,""rsrp"":-82,""rsrq"":-11,""rssi"":-61,""snr"":null,""ta"":1,""level"":4,""bands"":""1""},{""type"":""LTE"",""pci"":488,""earfcn"":2600,""tac"":null,""rsrp"":-84,""rsrq"":-6,""rssi"":-61,""snr"":null,""ta"":1,""level"":4,""bands"":""5""},{""type"":""LTE"",""pci"":488,""earfcn"":100,""tac"":null,""rsrp"":-93,""rsrq"":-13,""rssi"":-61,""snr"":null,""ta"":1,""level"":3,""bands"":""1""},{""type"":""LTE"",""pci"":466,""earfcn"":2600,""tac"":null,""rsrp"":-96,""rsrq"":-19,""rssi"":-63,""snr"":null,""ta"":1,""level"":2,""bands"":""5""},{""type"":""LTE"",""pci"":461,""earfcn"":2600,""tac"":null,""rsrp"":-96,""rsrq"":-17,""rssi"":-71,""snr"":null,""ta"":1,""level"":2,""bands"":""5""},{""type"":""LTE"",""pci"":486,""earfcn"":100,""tac"":null,""rsrp"":-96,""rsrq"":-20,""rssi"":-65,""snr"":null,""ta"":1,""level"":2,""bands"":""1""},{""type"":""LTE"",""pci"":488,""earfcn"":3050,""tac"":null,""rsrp"":-99,""rsrq"":-11,""rssi"":-67,""snr"":null,""ta"":1,""level"":2,""bands"":""7""}]",1010.19867,50.0,,17,2,,,,"[{""b"":""40:27:0b:02:a2:b8"",""s"":""U+zone"",""r"":-36,""f"":5785},{""b"":""40:27:0b:02:a2:b7"",""s"":""U+zone_2.4GHz"",""r"":-38,""f"":2432},{""b"":""02:17:b2:0b:47:8a"",""s"":""T wifi zone_secure"",""r"":-40,""f"":2452},{""b"":""02:17:b2:0b:47:88"",""s"":""T wifi zone"",""r"":-41,""f"":2452},{""b"":""22:17:b2:0b:47:8a"",""s"":""T wifi zone_secure"",""r"":-43,""f"":5785},{""b"":""36:78:c2:00:0a:b4"",""s"":""KT WiFi "",""r"":-46,""f"":5640},{""b"":""22:17:b2:0b:47:88"",""s"":""T wifi zone"",""r"":-46,""f"":5785},{""b"":""30:78:c2:00:0a:b4"",""s"":""KT WiFi"",""r"":-46,""f"":5640},{""b"":""36:78:c2:00:0a:b5"",""s"":""KT WiFi "",""r"":-49,""f"":2432},{""b"":""30:78:c2:00:0a:b5"",""s"":""KT WiFi"",""r"":-49,""f"":2432},{""b"":""40:27:0b:02:a2:c7"",""s"":""U+zone"",""r"":-66,""f"":5745},{""b"":""22:17:b2:0b:7d:b6"",""s"":""T wifi zone"",""r"":-67,""f"":5805},{""b"":""22:17:b2:0b:7d:b8"",""s"":""T wifi zone_secure"",""r"":-67,""f"":5805},{""b"":""30:78:c2:00:07:d5"",""s"":""KT WiFi"",""r"":-73,""f"":5640},{""b"":""36:78:c2:00:07:d5"",""s"":""KT WiFi "",""r"":-73,""f"":5640}]",,37.55996124587973,127.03838828824139,between,왕십리,한양대,159.17724729772337
1789967931600,2026-09-21 14:18:51,unknown,37.5612139,127.0380284,656.915,,,28.46148626425795,fused,2,LTE,NR_NSA,5G,True,False,True,False,False,51224579,466,3050,7,8283,450,6,-87,-5,-61,16.0,3,0.0,,,,133682,5268,1.0695,0.0421,133663,5248,1.0693,0.042,False,8,0,8,-79.0,466.0,100.0,0.44716156,False,False,periodic,6,1,-1.0,-2.0,2283,,,,"[{""type"":""LTE"",""pci"":466,""earfcn"":100,""tac"":null,""rsrp"":-79,""rsrq"":-8,""rssi"":-61,""snr"":null,""ta"":0,""level"":4,""bands"":""1""},{""type"":""LTE"",""pci"":466,""earfcn"":2600,""tac"":null,""rsrp"":-93,""rsrq"":-9,""rssi"":-77,""snr"":null,""ta"":0,""level"":3,""bands"":""5""},{""type"":""LTE"",""pci"":486,""earfcn"":100,""tac"":null,""rsrp"":-95,""rsrq"":-18,""rssi"":-65,""snr"":null,""ta"":0,""level"":3,""bands"":""1""},{""type"":""LTE"",""pci"":488,""earfcn"":100,""tac"":null,""rsrp"":-96,""rsrq"":-19,""rssi"":-65,""snr"":null,""ta"":0,""level"":2,""bands"":""1""},{""type"":""LTE"",""pci"":488,""earfcn"":3050,""tac"":null,""rsrp"":-100,""rsrq"":-19,""rssi"":-71,""snr"":null,""ta"":0,""level"":2,""bands"":""7""},{""type"":""LTE"",""pci"":486,""earfcn"":3050,""tac"":null,""rsrp"":-102,""rsrq"":-19,""rssi"":-71,""snr"":null,""ta"":0,""level"":2,""bands"":""7""},{""type"":""LTE"",""pci"":486,""earfcn"":2600,""tac"":null,""rsrp"":-102,""rsrq"":-17,""rssi"":-77,""snr"":null,""ta"":0,""level"":2,""bands"":""5""},{""type"":""LTE"",""pci"":488,""earfcn"":2600,""tac"":null,""rsrp"":-103,""rsrq"":-14,""rssi"":-77,""snr"":null,""ta"":0,""level"":2,""bands"":""5""}]",1010.32446,62.0,,19,0,,,,"[{""b"":""40:27:0b:02:a2:b7"",""s"":""U+zone_2.4GHz"",""r"":-37,""f"":2432},{""b"":""22:17:b2:0b:47:8a"",""s"":""T wifi zone_secure"",""r"":-41,""f"":5785},{""b"":""02:17:b2:0b:47:88"",""s"":""T wifi zone"",""r"":-42,""f"":2452},{""b"":""40:27:0b:02:a2:b8"",""s"":""U+zone"",""r"":-43,""f"":5785},{""b"":""02:17:b2:0b:47:8a"",""s"":""T wifi zone_secure"",""r"":-43,""f"":2452},{""b"":""36:78:c2:00:0a:b5"",""s"":""KT WiFi "",""r"":-43,""f"":2432},{""b"":""22:17:b2:0b:47:88"",""s"":""T wifi zone"",""r"":-43,""f"":5785},{""b"":""30:78:c2:00:0a:b5"",""s"":""KT WiFi"",""r"":-43,""f"":2432},{""b"":""36:78:c2:00:0a:b4"",""s"":""KT WiFi "",""r"":-44,""f"":5640},{""b"":""30:78:c2:00:0a:b4"",""s"":""KT WiFi"",""r"":-44,""f"":5640},{""b"":""40:27:0b:02:a2:c7"",""s"":""U+zone"",""r"":-63,""f"":5745},{""b"":""22:17:b2:0b:7d:b6"",""s"":""T wifi zone"",""r"":-67,""f"":5805},{""b"":""22:17:b2:0b:7d:b8"",""s"":""T wifi zone_secure"",""r"":-67,""f"":5805},{""b"":""30:78:c2:00:07:d5"",""s"":""KT WiFi"",""r"":-70,""f"":5640},{""b"":""36:78:c2:00:07:d5"",""s"":""KT WiFi "",""r"":-70,""f"":5640}]",,37.559535265332826,127.03886682900331,between,왕십리,한양대,200.75382157808156
1789967936621,2026-09-21 14:18:56,unknown,37.5612139,127.0380284,656.915,,,28.46148626425795,fused,7,LTE,NR_NSA,5G,True,False,True,False,False,51224579,466,3050,7,8283,450,6,-67,-6,-51,22.0,4,0.0,,,,172439,4078,1.3795,0.0326,172419,4058,1.3794,0.0325,False,5,0,5,-66.0,466.0,2600.0,0.15514334,False,False,periodic,11,1,20.0,6.0,312,,,,"[{""type"":""LTE"",""pci"":466,""earfcn"":2600,""tac"":null,""rsrp"":-66,""rsrq"":-7,""rssi"":-51,""snr"":null,""ta"":0,""level"":4,""bands"":""5""},{""type"":""LTE"",""pci"":466,""earfcn"":100,""tac"":null,""rsrp"":-84,""rsrq"":-6,""rssi"":-67,""snr"":null,""ta"":0,""level"":4,""bands"":""1""},{""type"":""LTE"",""pci"":486,""earfcn"":100,""tac"":null,""rsrp"":-89,""rsrq"":-15,""rssi"":-67,""snr"":null,""ta"":0,""level"":3,""bands"":""1""},{""type"":""LTE"",""pci"":486,""earfcn"":3050,""tac"":null,""rsrp"":-92,""rsrq"":-19,""rssi"":-63,""snr"":null,""ta"":0,""level"":3,""bands"":""7""},{""type"":""LTE"",""pci"":486,""earfcn"":2600,""tac"":null,""rsrp"":-93,""rsrq"":-20,""rssi"":-55,""snr"":null,""ta"":0,""level"":3,""bands"":""5""}]",1009.8748,92.0,,19,5,,,,"[{""b"":""40:27:0b:02:a2:b7"",""s"":""U+zone_2.4GHz"",""r"":-37,""f"":2432},{""b"":""22:17:b2:0b:47:8a"",""s"":""T wifi zone_secure"",""r"":-41,""f"":5785},{""b"":""02:17:b2:0b:47:88"",""s"":""T wifi zone"",""r"":-42,""f"":2452},{""b"":""40:27:0b:02:a2:b8"",""s"":""U+zone"",""r"":-43,""f"":5785},{""b"":""02:17:b2:0b:47:8a"",""s"":""T wifi zone_secure"",""r"":-43,""f"":2452},{""b"":""36:78:c2:00:0a:b5"",""s"":""KT WiFi "",""r"":-43,""f"":2432},{""b"":""22:17:b2:0b:47:88"",""s"":""T wifi zone"",""r"":-43,""f"":5785},{""b"":""30:78:c2:00:0a:b5"",""s"":""KT WiFi"",""r"":-43,""f"":2432},{""b"":""36:78:c2:00:0a:b4"",""s"":""KT WiFi "",""r"":-44,""f"":5640},{""b"":""30:78:c2:00:0a:b4"",""s"":""KT WiFi"",""r"":-44,""f"":5640},{""b"":""40:27:0b:02:a2:c7"",""s"":""U+zone"",""r"":-63,""f"":5745},{""b"":""22:17:b2:0b:7d:b6"",""s"":""T wifi zone"",""r"":-67,""f"":5805},{""b"":""22:17:b2:0b:7d:b8"",""s"":""T wifi zone_secure"",""r"":-67,""f"":5805},{""b"":""30:78:c2:00:07:d5"",""s"":""KT WiFi"",""r"":-70,""f"":5640},{""b"":""36:78:c2:00:07:d5"",""s"":""KT WiFi "",""r"":-70,""f"":5640}]",,37.559109369608805,127.03934527447635,between,왕십리,한양대,261.22016258809373
1789967941665,2026-09-21 14:19:01,unknown,37.5612139,127.0380284,930.875,,,29.398470602354564,fused,5,LTE,NR_NSA,5G,True,False,True,False,False,51224579,466,3050,7,8283,450,6,-77,-7,-51,26.0,4,0.0,,,,146043,934,1.1683,0.0075,146004,894,1.168,0.0072,False,5,0,5,-70.0,466.0,2600.0,0.100792654,False,False,periodic,16,1,-10.0,4.0,2351,,,,"[{""type"":""LTE"",""pci"":466,""earfcn"":2600,""tac"":null,""rsrp"":-70,""rsrq"":-6,""rssi"":-53,""snr"":null,""ta"":0,""level"":4,""bands"":""5""},{""type"":""LTE"",""pci"":466,""earfcn"":100,""tac"":null,""rsrp"":-74,""rsrq"":-10,""rssi"":-55,""snr"":null,""ta"":0,""level"":4,""bands"":""1""},{""type"":""LTE"",""pci"":486,""earfcn"":100,""tac"":null,""rsrp"":-84,""rsrq"":-19,""rssi"":-55,""snr"":null,""ta"":0,""level"":4,""bands"":""1""},{""type"":""LTE"",""pci"":486,""earfcn"":3050,""tac"":null,""rsrp"":-87,""rsrq"":-19,""rssi"":-57,""snr"":null,""ta"":0,""level"":3,""bands"":""7""},{""type"":""LTE"",""pci"":486,""earfcn"":2600,""tac"":null,""rsrp"":-90,""rsrq"":-20,""rssi"":-53,""snr"":null,""ta"":0,""level"":3,""bands"":""5""}]",1009.3261,99.0,,21,3,,,,"[{""b"":""40:27:0b:02:a2:b8"",""s"":""U+zone"",""r"":-37,""f"":5785},{""b"":""22:17:b2:0b:47:8a"",""s"":""T wifi zone_secure"",""r"":-40,""f"":5785},{""b"":""22:17:b2:0b:47:88"",""s"":""T wifi zone"",""r"":-40,""f"":5785},{""b"":""02:17:b2:0b:47:88"",""s"":""T wifi zone"",""r"":-42,""f"":2452},{""b"":""02:17:b2:0b:47:8a"",""s"":""T wifi zone_secure"",""r"":-42,""f"":2452},{""b"":""36:78:c2:00:0a:b4"",""s"":""KT WiFi "",""r"":-46,""f"":5640},{""b"":""30:78:c2:00:0a:b4"",""s"":""KT WiFi"",""r"":-46,""f"":5640},{""b"":""30:78:c2:00:0a:b5"",""s"":""KT WiFi"",""r"":-46,""f"":2432},{""b"":""36:78:c2:00:0a:b5"",""s"":""KT WiFi "",""r"":-47,""f"":2432},{""b"":""40:27:0b:02:a2:c7"",""s"":""U+zone"",""r"":-63,""f"":5745},{""b"":""36:78:c2:00:07:d6"",""s"":""KT WiFi "",""r"":-65,""f"":2432},{""b"":""22:17:b2:0b:7d:b6"",""s"":""T wifi zone"",""r"":-67,""f"":5805},{""b"":""22:17:b2:0b:7d:b8"",""s"":""T wifi zone_secure"",""r"":-67,""f"":5805},{""b"":""30:78:c2:00:07:d6"",""s"":""KT WiFi"",""r"":-68,""f"":2432},{""b"":""30:78:c2:00:07:d5"",""s"":""KT WiFi"",""r"":-73,""f"":5640}]",,37.55868152295835,127.03982591159364,between,왕십리,한양대,323.10344183399644
1789967944329,2026-09-21 14:19:04,unknown,37.5562116,127.0428851,200.0,,,33.9004312292261,fused,1,LTE,NR_NSA,5G,True,False,True,False,False,51224581,486,3050,7,8283,450,6,-79,-7,-51,20.0,4,0.0,,,,159814,2004,1.2785,0.016,159814,2004,1.2785,0.016,False,6,0,6,-79.0,486.0,100.0,0.10071077,True,False,handover,0,2,,,5,51224579.0,-77.0,-7.0,"[{""type"":""LTE"",""pci"":486,""earfcn"":100,""tac"":null,""rsrp"":-79,""rsrq"":-9,""rssi"":-61,""snr"":null,""ta"":0,""level"":4,""bands"":""1""},{""type"":""LTE"",""pci"":486,""earfcn"":2600,""tac"":null,""rsrp"":-80,""rsrq"":-11,""rssi"":-59,""snr"":null,""ta"":0,""level"":4,""bands"":""5""},{""type"":""LTE"",""pci"":466,""earfcn"":3050,""tac"":null,""rsrp"":-91,""rsrq"":-16,""rssi"":-61,""snr"":null,""ta"":0,""level"":3,""bands"":""7""},{""type"":""LTE"",""pci"":443,""earfcn"":3050,""tac"":null,""rsrp"":-92,""rsrq"":-19,""rssi"":-61,""snr"":null,""ta"":0,""level"":3,""bands"":""7""},{""type"":""LTE"",""pci"":466,""earfcn"":100,""tac"":null,""rsrp"":-93,""rsrq"":-16,""rssi"":-61,""snr"":null,""ta"":0,""level"":3,""bands"":""1""},{""type"":""LTE"",""pci"":466,""earfcn"":2600,""tac"":null,""rsrp"":-95,""rsrq"":-15,""rssi"":-69,""snr"":null,""ta"":0,""level"":3,""bands"":""5""}]",1009.1349,99.0,,19,2,,,,"[{""b"":""40:27:0b:02:a2:b8"",""s"":""U+zone"",""r"":-38,""f"":5785},{""b"":""40:27:0b:02:a2:b7"",""s"":""U+zone_2.4GHz"",""r"":-41,""f"":2432},{""b"":""02:17:b2:0b:47:88"",""s"":""T wifi zone"",""r"":-41,""f"":2452},{""b"":""02:17:b2:0b:47:8a"",""s"":""T wifi zone_secure"",""r"":-42,""f"":2452},{""b"":""22:17:b2:0b:47:88"",""s"":""T wifi zone"",""r"":-44,""f"":5785},{""b"":""22:17:b2:0b:47:8a"",""s"":""T wifi zone_secure"",""r"":-45,""f"":5785},{""b"":""36:78:c2:00:0a:b4"",""s"":""KT WiFi "",""r"":-45,""f"":5640},{""b"":""30:78:c2:00:0a:b4"",""s"":""KT WiFi"",""r"":-45,""f"":5640},{""b"":""36:78:c2:00:0a:b5"",""s"":""KT WiFi "",""r"":-51,""f"":2432},{""b"":""30:78:c2:00:0a:b5"",""s"":""KT WiFi"",""r"":-51,""f"":2432},{""b"":""40:27:0b:02:a2:c6"",""s"":""U+zone_2.4GHz"",""r"":-52,""f"":2472},{""b"":""22:17:b2:0b:7d:b8"",""s"":""T wifi zone_secure"",""r"":-65,""f"":5805},{""b"":""40:27:0b:02:a2:c7"",""s"":""U+zone"",""r"":-65,""f"":5745},{""b"":""22:17:b2:0b:7d:b6"",""s"":""T wifi zone"",""r"":-66,""f"":5805},{""b"":""30:78:c2:00:07:d6"",""s"":""KT WiFi"",""r"":-69,""f"":2432}]","[{""type"":""LTE"",""pci"":466,""earfcn"":2600,""tac"":null,""rsrp"":-70,""rsrq"":-6,""rssi"":-53,""snr"":null,""ta"":0,""level"":4,""bands"":""5""},{""type"":""LTE"",""pci"":466,""earfcn"":100,""tac"":null,""rsrp"":-74,""rsrq"":-10,""rssi"":-55,""snr"":null,""ta"":0,""level"":4,""bands"":""1""},{""type"":""LTE"",""pci"":486,""earfcn"":100,""tac"":null,""rsrp"":-84,""rsrq"":-19,""rssi"":-55,""snr"":null,""ta"":0,""level"":4,""bands"":""1""},{""type"":""LTE"",""pci"":486,""earfcn"":3050,""tac"":null,""rsrp"":-87,""rsrq"":-19,""rssi"":-57,""snr"":null,""ta"":0,""level"":3,""bands"":""7""},{""type"":""LTE"",""pci"":486,""earfcn"":2600,""tac"":null,""rsrp"":-90,""rsrq"":-20,""rssi"":-53,""snr"":null,""ta"":0,""level"":3,""bands"":""5""}]",37.55845555478293,127.04007976117344,between,왕십리,한양대,351.297323732427
1789967946681,2026-09-21 14:19:06,unknown,37.5562116,127.0428851,200.0,,,33.9004312292261,fused,3,LTE,NR_NSA,5G,True,False,True,False,False,51224581,486,3050,7,8283,450,6,-79,-7,-51,20.0,4,0.0,,,,375,3549,0.003,0.0284,333,3506,0.0027,0.028,False,6,0,6,-79.0,486.0,100.0,0.079387836,False,False,periodic,2,2,0.0,0.0,2363,,,,"[{""type"":""LTE"",""pci"":486,""earfcn"":100,""tac"":null,""rsrp"":-79,""rsrq"":-9,""rssi"":-61,""snr"":null,""ta"":0,""level"":4,""bands"":""1""},{""type"":""LTE"",""pci"":486,""earfcn"":2600,""tac"":null,""rsrp"":-80,""rsrq"":-11,""rssi"":-59,""snr"":null,""ta"":0,""level"":4,""bands"":""5""},{""type"":""LTE"",""pci"":466,""earfcn"":3050,""tac"":null,""rsrp"":-91,""rsrq"":-16,""rssi"":-61,""snr"":null,""ta"":0,""level"":3,""bands"":""7""},{""type"":""LTE"",""pci"":443,""earfcn"":3050,""tac"":null,""rsrp"":-92,""rsrq"":-19,""rssi"":-61,""snr"":null,""ta"":0,""level"":3,""bands"":""7""},{""type"":""LTE"",""pci"":466,""earfcn"":100,""tac"":null,""rsrp"":-93,""rsrq"":-16,""rssi"":-61,""snr"":null,""ta"":0,""level"":3,""bands"":""1""},{""type"":""LTE"",""pci"":466,""earfcn"":2600,""tac"":null,""rsrp"":-95,""rsrq"":-15,""rssi"":-69,""snr"":null,""ta"":0,""level"":3,""bands"":""5""}]",1008.9477,78.0,,20,2,,,,"[{""b"":""40:27:0b:02:a2:b8"",""s"":""U+zone"",""r"":-40,""f"":5785},{""b"":""02:17:b2:0b:47:8a"",""s"":""T wifi zone_secure"",""r"":-40,""f"":2452},{""b"":""02:17:b2:0b:47:88"",""s"":""T wifi zone"",""r"":-41,""f"":2452},{""b"":""40:27:0b:02:a2:b7"",""s"":""U+zone_2.4GHz"",""r"":-43,""f"":2432},{""b"":""36:78:c2:00:0a:b4"",""s"":""KT WiFi "",""r"":-44,""f"":5640},{""b"":""30:78:c2:00:0a:b4"",""s"":""KT WiFi"",""r"":-44,""f"":5640},{""b"":""22:17:b2:0b:47:8a"",""s"":""T wifi zone_secure"",""r"":-45,""f"":5785},{""b"":""22:17:b2:0b:47:88"",""s"":""T wifi zone"",""r"":-45,""f"":5785},{""b"":""36:78:c2:00:0a:b5"",""s"":""KT WiFi "",""r"":-53,""f"":2432},{""b"":""30:78:c2:00:0a:b5"",""s"":""KT WiFi"",""r"":-54,""f"":2432},{""b"":""40:27:0b:02:a2:c7"",""s"":""U+zone"",""r"":-64,""f"":5745},{""b"":""30:78:c2:00:07:d6"",""s"":""KT WiFi"",""r"":-73,""f"":2432},{""b"":""36:78:c2:00:07:d6"",""s"":""KT WiFi "",""r"":-73,""f"":2432},{""b"":""30:78:c2:00:07:d5"",""s"":""KT WiFi"",""r"":-75,""f"":5640},{""b"":""36:78:c2:00:07:d5"",""s"":""KT WiFi "",""r"":-75,""f"":5640}]",,37.55825605134878,127.04030388062228,between,왕십리,한양대,321.63819415969596
1789967951706,2026-09-21 14:19:11,unknown,37.5562116,127.0428851,200.0,,,36.421311341315615,fused,4,LTE,NR_NSA,5G,True,False,True,False,False,51224581,486,3050,7,8283,450,6,-86,-7,-59,22.0,3,0.0,,,,420446,1592,3.3636,0.0127,420426,1572,3.3634,0.0126,False,7,0,7,-66.0,466.0,100.0,0.097173765,False,False,periodic,7,2,-7.0,2.0,1391,,,,"[{""type"":""LTE"",""pci"":466,""earfcn"":100,""tac"":null,""rsrp"":-66,""rsrq"":-17,""rssi"":-51,""snr"":null,""ta"":0,""level"":4,""bands"":""1""},{""type"":""LTE"",""pci"":486,""earfcn"":100,""tac"":null,""rsrp"":-85,""rsrq"":-9,""rssi"":-53,""snr"":null,""ta"":0,""level"":4,""bands"":""1""},{""type"":""LTE"",""pci"":486,""earfcn"":2600,""tac"":null,""rsrp"":-87,""rsrq"":-9,""rssi"":-61,""snr"":null,""ta"":0,""level"":3,""bands"":""5""},{""type"":""LTE"",""pci"":443,""earfcn"":100,""tac"":null,""rsrp"":-88,""rsrq"":-14,""rssi"":-67,""snr"":null,""ta"":0,""level"":3,""bands"":""1""},{""type"":""LTE"",""pci"":443,""earfcn"":3050,""tac"":null,""rsrp"":-90,""rsrq"":-14,""rssi"":-67,""snr"":null,""ta"":0,""level"":3,""bands"":""7""},{""type"":""LTE"",""pci"":443,""earfcn"":2600,""tac"":null,""rsrp"":-90,""rsrq"":-12,""rssi"":-67,""snr"":null,""ta"":0,""level"":3,""bands"":""5""},{""type"":""LTE"",""pci"":466,""earfcn"":2600,""tac"":null,""rsrp"":-100,""rsrq"":-20,""rssi"":-67,""snr"":null,""ta"":0,""level"":2,""bands"":""5""}]",1008.9753,78.0,83.612,20,7,,,,"[{""b"":""40:27:0b:02:a2:b8"",""s"":""U+zone"",""r"":-40,""f"":5785},{""b"":""02:17:b2:0b:47:8a"",""s"":""T wifi zone_secure"",""r"":-40,""f"":2452},{""b"":""02:17:b2:0b:47:88"",""s"":""T wifi zone"",""r"":-41,""f"":2452},{""b"":""40:27:0b:02:a2:b7"",""s"":""U+zone_2.4GHz"",""r"":-43,""f"":2432},{""b"":""36:78:c2:00:0a:b4"",""s"":""KT WiFi "",""r"":-44,""f"":5640},{""b"":""30:78:c2:00:0a:b4"",""s"":""KT WiFi"",""r"":-44,""f"":5640},{""b"":""22:17:b2:0b:47:8a"",""s"":""T wifi zone_secure"",""r"":-45,""f"":5785},{""b"":""22:17:b2:0b:47:88"",""s"":""T wifi zone"",""r"":-45,""f"":5785},{""b"":""36:78:c2:00:0a:b5"",""s"":""KT WiFi "",""r"":-53,""f"":2432},{""b"":""30:78:c2:00:0a:b5"",""s"":""KT WiFi"",""r"":-54,""f"":2432},{""b"":""40:27:0b:02:a2:c7"",""s"":""U+zone"",""r"":-64,""f"":5745},{""b"":""30:78:c2:00:07:d6"",""s"":""KT WiFi"",""r"":-73,""f"":2432},{""b"":""36:78:c2:00:07:d6"",""s"":""KT WiFi "",""r"":-73,""f"":2432},{""b"":""30:78:c2:00:07:d5"",""s"":""KT WiFi"",""r"":-75,""f"":5640},{""b"":""36:78:c2:00:07:d5"",""s"":""KT WiFi "",""r"":-75,""f"":5640}]",,37.557829816333204,127.04078270725083,between,왕십리,한양대,258.3074875424736
1789967956331,2026-09-21 14:19:16,unknown,37.5553903,127.043556,100.0,,,39.42810217130139,fused,3,LTE,NR_NSA,5G,True,False,True,False,False,51224577,443,3050,7,8283,450,6,-75,-5,-51,17.0,4,0.0,,,,44812,13928,0.3585,0.1114,44790,13906,0.3583,0.1112,False,6,0,6,-73.0,443.0,100.0,0.2581268,True,False,handover,0,2,,,6,51224581.0,-86.0,-7.0,"[{""type"":""LTE"",""pci"":443,""earfcn"":100,""tac"":null,""rsrp"":-73,""rsrq"":-7,""rssi"":-51,""snr"":null,""ta"":0,""level"":4,""bands"":""1""},{""type"":""LTE"",""pci"":443,""earfcn"":2600,""tac"":null,""rsrp"":-74,""rsrq"":-4,""rssi"":-51,""snr"":null,""ta"":0,""level"":4,""bands"":""5""},{""type"":""LTE"",""pci"":466,""earfcn"":2600,""tac"":null,""rsrp"":-87,""rsrq"":-20,""rssi"":-53,""snr"":null,""ta"":0,""level"":3,""bands"":""5""},{""type"":""LTE"",""pci"":486,""earfcn"":3050,""tac"":null,""rsrp"":-89,""rsrq"":-20,""rssi"":-57,""snr"":null,""ta"":0,""level"":3,""bands"":""7""},{""type"":""LTE"",""pci"":486,""earfcn"":100,""tac"":null,""rsrp"":-90,""rsrq"":-17,""rssi"":-63,""snr"":null,""ta"":0,""level"":3,""bands"":""1""},{""type"":""LTE"",""pci"":486,""earfcn"":2600,""tac"":null,""rsrp"":-95,""rsrq"":-14,""rssi"":-61,""snr"":null,""ta"":0,""level"":3,""bands"":""5""}]",1008.38776,64.0,,21,1,,,,"[{""b"":""40:27:0b:02:a2:b8"",""s"":""U+zone"",""r"":-37,""f"":5785},{""b"":""02:17:b2:0b:47:8a"",""s"":""T wifi zone_secure"",""r"":-38,""f"":2452},{""b"":""02:17:b2:0b:47:88"",""s"":""T wifi zone"",""r"":-39,""f"":2452},{""b"":""40:27:0b:02:a2:b7"",""s"":""U+zone_2.4GHz"",""r"":-40,""f"":2432},{""b"":""22:17:b2:0b:47:8a"",""s"":""T wifi zone_secure"",""r"":-42,""f"":5785},{""b"":""22:17:b2:0b:47:88"",""s"":""T wifi zone"",""r"":-47,""f"":5785},{""b"":""36:78:c2:00:0a:b4"",""s"":""KT WiFi "",""r"":-50,""f"":5640},{""b"":""30:78:c2:00:0a:b4"",""s"":""KT WiFi"",""r"":-50,""f"":5640},{""b"":""30:78:c2:00:0a:b5"",""s"":""KT WiFi"",""r"":-52,""f"":2432},{""b"":""36:78:c2:00:0a:b5"",""s"":""KT WiFi "",""r"":-53,""f"":2432},{""b"":""40:27:0b:02:a2:c7"",""s"":""U+zone"",""r"":-67,""f"":5745},{""b"":""22:17:b2:0b:7d:b6"",""s"":""T wifi zone"",""r"":-68,""f"":5805},{""b"":""22:17:b2:0b:7d:b8"",""s"":""T wifi zone_secure"",""r"":-69,""f"":5805},{""b"":""36:78:c2:00:07:d6"",""s"":""KT WiFi "",""r"":-69,""f"":2432},{""b"":""30:78:c2:00:07:d5"",""s"":""KT WiFi"",""r"":-74,""f"":5640}]","[{""type"":""LTE"",""pci"":466,""earfcn"":100,""tac"":null,""rsrp"":-66,""rsrq"":-17,""rssi"":-51,""snr"":null,""ta"":0,""level"":4,""bands"":""1""},{""type"":""LTE"",""pci"":486,""earfcn"":100,""tac"":null,""rsrp"":-85,""rsrq"":-9,""rssi"":-53,""snr"":null,""ta"":0,""level"":4,""bands"":""1""},{""type"":""LTE"",""pci"":486,""earfcn"":2600,""tac"":null,""rsrp"":-87,""rsrq"":-9,""rssi"":-61,""snr"":null,""ta"":0,""level"":3,""bands"":""5""},{""type"":""LTE"",""pci"":443,""earfcn"":100,""tac"":null,""rsrp"":-88,""rsrq"":-14,""rssi"":-67,""snr"":null,""ta"":0,""level"":3,""bands"":""1""},{""type"":""LTE"",""pci"":443,""earfcn"":3050,""tac"":null,""rsrp"":-90,""rsrq"":-14,""rssi"":-67,""snr"":null,""ta"":0,""level"":3,""bands"":""7""},{""type"":""LTE"",""pci"":443,""earfcn"":2600,""tac"":null,""rsrp"":-90,""rsrq"":-12,""rssi"":-67,""snr"":null,""ta"":0,""level"":3,""bands"":""5""},{""type"":""LTE"",""pci"":466,""earfcn"":2600,""tac"":null,""rsrp"":-100,""rsrq"":-20,""rssi"":-67,""snr"":null,""ta"":0,""level"":2,""bands"":""5""}]",37.5574375104731,127.04122341832687,between,왕십리,한양대,306.7543861428707
1789967956731,2026-09-21 14:19:16,unknown,37.5553903,127.043556,100.0,,,39.42810217130139,fused,4,LTE,NR_NSA,5G,True,False,True,False,False,51224577,443,3050,7,8283,450,6,-75,-5,-51,17.0,4,0.0,,,,0,0,0.0,0.0,0,0,0.0,0.0,False,6,0,6,-73.0,443.0,100.0,0.19955392,False,False,periodic,0,2,0.0,0.0,408,,,,"[{""type"":""LTE"",""pci"":443,""earfcn"":100,""tac"":null,""rsrp"":-73,""rsrq"":-7,""rssi"":-51,""snr"":null,""ta"":0,""level"":4,""bands"":""1""},{""type"":""LTE"",""pci"":443,""earfcn"":2600,""tac"":null,""rsrp"":-74,""rsrq"":-4,""rssi"":-51,""snr"":null,""ta"":0,""level"":4,""bands"":""5""},{""type"":""LTE"",""pci"":466,""earfcn"":2600,""tac"":null,""rsrp"":-87,""rsrq"":-20,""rssi"":-53,""snr"":null,""ta"":0,""level"":3,""bands"":""5""},{""type"":""LTE"",""pci"":486,""earfcn"":3050,""tac"":null,""rsrp"":-89,""rsrq"":-20,""rssi"":-57,""snr"":null,""ta"":0,""level"":3,""bands"":""7""},{""type"":""LTE"",""pci"":486,""earfcn"":100,""tac"":null,""rsrp"":-90,""rsrq"":-17,""rssi"":-63,""snr"":null,""ta"":0,""level"":3,""bands"":""1""},{""type"":""LTE"",""pci"":486,""earfcn"":2600,""tac"":null,""rsrp"":-95,""rsrq"":-14,""rssi"":-61,""snr"":null,""ta"":0,""level"":3,""bands"":""5""}]",1008.4026,64.0,,21,2,,,,"[{""b"":""40:27:0b:02:a2:b8"",""s"":""U+zone"",""r"":-37,""f"":5785},{""b"":""02:17:b2:0b:47:8a"",""s"":""T wifi zone_secure"",""r"":-38,""f"":2452},{""b"":""02:17:b2:0b:47:88"",""s"":""T wifi zone"",""r"":-39,""f"":2452},{""b"":""40:27:0b:02:a2:b7"",""s"":""U+zone_2.4GHz"",""r"":-40,""f"":2432},{""b"":""22:17:b2:0b:47:8a"",""s"":""T wifi zone_secure"",""r"":-42,""f"":5785},{""b"":""22:17:b2:0b:47:88"",""s"":""T wifi zone"",""r"":-47,""f"":5785},{""b"":""36:78:c2:00:0a:b4"",""s"":""KT WiFi "",""r"":-50,""f"":5640},{""b"":""30:78:c2:00:0a:b4"",""s"":""KT WiFi"",""r"":-50,""f"":5640},{""b"":""30:78:c2:00:0a:b5"",""s"":""KT WiFi"",""r"":-52,""f"":2432},{""b"":""36:78:c2:00:0a:b5"",""s"":""KT WiFi "",""r"":-53,""f"":2432},{""b"":""40:27:0b:02:a2:c7"",""s"":""U+zone"",""r"":-67,""f"":5745},{""b"":""22:17:b2:0b:7d:b6"",""s"":""T wifi zone"",""r"":-68,""f"":5805},{""b"":""22:17:b2:0b:7d:b8"",""s"":""T wifi zone_secure"",""r"":-69,""f"":5805},{""b"":""36:78:c2:00:07:d6"",""s"":""KT WiFi "",""r"":-69,""f"":2432},{""b"":""30:78:c2:00:07:d5"",""s"":""KT WiFi"",""r"":-74,""f"":5640}]",,37.55740358131764,127.04126153387938,between,왕십리,한양대,301.7025622142165
1789967961753,2026-09-21 14:19:21,unknown,37.5553903,127.043556,100.0,,,39.42810217130139,fused,9,LTE,NR_NSA,5G,True,False,True,False,False,51224577,443,3050,7,8283,450,6,-70,-6,-51,21.0,4,0.0,,,,49828,892,0.3986,0.0071,49788,852,0.3983,0.0068,False,5,0,5,-57.0,443.0,2600.0,0.00017211554,False,False,periodic,5,2,5.0,4.0,2437,,,,"[{""type"":""LTE"",""pci"":443,""earfcn"":2600,""tac"":null,""rsrp"":-57,""rsrq"":-10,""rssi"":-51,""snr"":null,""ta"":0,""level"":4,""bands"":""5""},{""type"":""LTE"",""pci"":443,""earfcn"":100,""tac"":null,""rsrp"":-71,""rsrq"":-7,""rssi"":-55,""snr"":null,""ta"":0,""level"":4,""bands"":""1""},{""type"":""LTE"",""pci"":486,""earfcn"":3050,""tac"":null,""rsrp"":-83,""rsrq"":-20,""rssi"":-51,""snr"":null,""ta"":0,""level"":4,""bands"":""7""},{""type"":""LTE"",""pci"":486,""earfcn"":100,""tac"":null,""rsrp"":-90,""rsrq"":-17,""rssi"":-63,""snr"":null,""ta"":0,""level"":3,""bands"":""1""},{""type"":""LTE"",""pci"":486,""earfcn"":2600,""tac"":null,""rsrp"":-95,""rsrq"":-14,""rssi"":-61,""snr"":null,""ta"":0,""level"":3,""bands"":""5""}]",1008.0156,59.0,,21,7,,,,"[{""b"":""40:27:0b:02:a2:b8"",""s"":""U+zone"",""r"":-37,""f"":5785},{""b"":""02:17:b2:0b:47:8a"",""s"":""T wifi zone_secure"",""r"":-38,""f"":2452},{""b"":""02:17:b2:0b:47:88"",""s"":""T wifi zone"",""r"":-39,""f"":2452},{""b"":""40:27:0b:02:a2:b7"",""s"":""U+zone_2.4GHz"",""r"":-40,""f"":2432},{""b"":""22:17:b2:0b:47:8a"",""s"":""T wifi zone_secure"",""r"":-42,""f"":5785},{""b"":""22:17:b2:0b:47:88"",""s"":""T wifi zone"",""r"":-47,""f"":5785},{""b"":""36:78:c2:00:0a:b4"",""s"":""KT WiFi "",""r"":-50,""f"":5640},{""b"":""30:78:c2:00:0a:b4"",""s"":""KT WiFi"",""r"":-50,""f"":5640},{""b"":""30:78:c2:00:0a:b5"",""s"":""KT WiFi"",""r"":-52,""f"":2432},{""b"":""36:78:c2:00:0a:b5"",""s"":""KT WiFi "",""r"":-53,""f"":2432},{""b"":""40:27:0b:02:a2:c7"",""s"":""U+zone"",""r"":-67,""f"":5745},{""b"":""22:17:b2:0b:7d:b6"",""s"":""T wifi zone"",""r"":-68,""f"":5805},{""b"":""22:17:b2:0b:7d:b8"",""s"":""T wifi zone_secure"",""r"":-69,""f"":5805},{""b"":""36:78:c2:00:07:d6"",""s"":""KT WiFi "",""r"":-69,""f"":2432},{""b"":""30:78:c2:00:07:d5"",""s"":""KT WiFi"",""r"":-74,""f"":5640}]",,37.55697760077073,127.0417400746413,between,왕십리,한양대,238.277284598393
1789967966777,2026-09-21 14:19:26,unknown,37.5553903,127.043556,100.0,,,43.78339142672084,fused,7,LTE,NR_NSA,5G,True,False,True,False,False,51224577,443,3050,7,8283,450,6,-86,-8,-57,22.0,3,0.0,,,,34856,3514,0.2788,0.0281,34836,3494,0.2787,0.028,False,8,0,8,-79.0,443.0,100.0,0.012525982,False,False,periodic,10,2,-16.0,1.0,1462,,,,"[{""type"":""LTE"",""pci"":443,""earfcn"":100,""tac"":null,""rsrp"":-79,""rsrq"":-7,""rssi"":-63,""snr"":null,""ta"":0,""level"":4,""bands"":""1""},{""type"":""LTE"",""pci"":443,""earfcn"":2600,""tac"":null,""rsrp"":-87,""rsrq"":-11,""rssi"":-65,""snr"":null,""ta"":0,""level"":3,""bands"":""5""},{""type"":""LTE"",""pci"":15,""earfcn"":100,""tac"":null,""rsrp"":-94,""rsrq"":-20,""rssi"":-59,""snr"":null,""ta"":0,""level"":3,""bands"":""1""},{""type"":""LTE"",""pci"":486,""earfcn"":100,""tac"":null,""rsrp"":-95,""rsrq"":-20,""rssi"":-63,""snr"":null,""ta"":0,""level"":3,""bands"":""1""},{""type"":""LTE"",""pci"":486,""earfcn"":2600,""tac"":null,""rsrp"":-95,""rsrq"":-14,""rssi"":-61,""snr"":null,""ta"":0,""level"":3,""bands"":""5""},{""type"":""LTE"",""pci"":15,""earfcn"":2600,""tac"":null,""rsrp"":-96,""rsrq"":-16,""rssi"":-71,""snr"":null,""ta"":0,""level"":2,""bands"":""5""},{""type"":""LTE"",""pci"":486,""earfcn"":3050,""tac"":null,""rsrp"":-97,""rsrq"":-18,""rssi"":-67,""snr"":null,""ta"":0,""level"":2,""bands"":""7""},{""type"":""LTE"",""pci"":15,""earfcn"":3050,""tac"":null,""rsrp"":-97,""rsrq"":-15,""rssi"":-67,""snr"":null,""ta"":0,""level"":2,""bands"":""7""}]",1007.7175,95.0,,24,5,,,,"[{""b"":""40:27:0b:02:a2:b8"",""s"":""U+zone"",""r"":-40,""f"":5785},{""b"":""22:17:b2:0b:47:88"",""s"":""T wifi zone"",""r"":-43,""f"":5785},{""b"":""22:17:b2:0b:47:8a"",""s"":""T wifi zone_secure"",""r"":-44,""f"":5785},{""b"":""30:78:c2:00:0a:b4"",""s"":""KT WiFi"",""r"":-45,""f"":5640},{""b"":""36:78:c2:00:0a:b4"",""s"":""KT WiFi "",""r"":-46,""f"":5640},{""b"":""40:27:0b:02:a2:b7"",""s"":""U+zone_2.4GHz"",""r"":-47,""f"":2432},{""b"":""02:17:b2:0b:47:8a"",""s"":""T wifi zone_secure"",""r"":-47,""f"":2452},{""b"":""02:17:b2:0b:47:88"",""s"":""T wifi zone"",""r"":-49,""f"":2452},{""b"":""36:78:c2:00:0a:b5"",""s"":""KT WiFi "",""r"":-51,""f"":2432},{""b"":""30:78:c2:00:0a:b5"",""s"":""KT WiFi"",""r"":-51,""f"":2432},{""b"":""40:27:0b:02:a2:c7"",""s"":""U+zone"",""r"":-62,""f"":5745},{""b"":""02:17:b2:0b:7d:b6"",""s"":""T wifi zone"",""r"":-67,""f"":2452},{""b"":""02:17:b2:0b:7d:b8"",""s"":""T wifi zone_secure"",""r"":-67,""f"":2452},{""b"":""22:17:b2:0b:7d:b6"",""s"":""T wifi zone"",""r"":-70,""f"":5805},{""b"":""22:17:b2:0b:7d:b8"",""s"":""T wifi zone_secure"",""r"":-70,""f"":5805}]",,37.55655145057805,127.04221880598098,between,왕십리,한양대,174.82807836674192
1789967969940,2026-09-21 14:19:29,unknown,37.5553903,127.043556,100.0,,,48.46728111056673,fused,3,LTE,NR_NSA,5G,True,False,True,False,False,52546048,15,3050,7,8282,450,6,-88,-11,-59,17.0,3,0.0,,,,31,31,0.0002,0.0002,0,0,0.0,0.0,False,8,0,8,-88.0,15.0,100.0,0.0023043142,True,False,handover,0,3,,,1,51224577.0,-86.0,-8.0,"[{""type"":""LTE"",""pci"":15,""earfcn"":100,""tac"":null,""rsrp"":-88,""rsrq"":-11,""rssi"":-67,""snr"":null,""ta"":0,""level"":3,""bands"":""1""},{""type"":""LTE"",""pci"":15,""earfcn"":2600,""tac"":null,""rsrp"":-91,""rsrq"":-8,""rssi"":-73,""snr"":null,""ta"":0,""level"":3,""bands"":""5""},{""type"":""LTE"",""pci"":443,""earfcn"":100,""tac"":null,""rsrp"":-92,""rsrq"":-14,""rssi"":-67,""snr"":null,""ta"":0,""level"":3,""bands"":""1""},{""type"":""LTE"",""pci"":443,""earfcn"":3050,""tac"":null,""rsrp"":-94,""rsrq"":-11,""rssi"":-71,""snr"":null,""ta"":0,""level"":3,""bands"":""7""},{""type"":""LTE"",""pci"":486,""earfcn"":3050,""tac"":null,""rsrp"":-98,""rsrq"":-16,""rssi"":-67,""snr"":null,""ta"":0,""level"":2,""bands"":""7""},{""type"":""LTE"",""pci"":486,""earfcn"":2600,""tac"":null,""rsrp"":-99,""rsrq"":-16,""rssi"":-73,""snr"":null,""ta"":0,""level"":2,""bands"":""5""},{""type"":""LTE"",""pci"":443,""earfcn"":2600,""tac"":null,""rsrp"":-102,""rsrq"":-17,""rssi"":-73,""snr"":null,""ta"":0,""level"":2,""bands"":""5""},{""type"":""LTE"",""pci"":322,""earfcn"":2600,""tac"":null,""rsrp"":-104,""rsrq"":-20,""rssi"":-73,""snr"":null,""ta"":0,""level"":2,""bands"":""5""}]",1007.2823,95.0,,23,1,,,,"[{""b"":""40:27:0b:02:a2:b8"",""s"":""U+zone"",""r"":-39,""f"":5785},{""b"":""22:17:b2:0b:47:8a"",""s"":""T wifi zone_secure"",""r"":-40,""f"":5785},{""b"":""22:17:b2:0b:47:88"",""s"":""T wifi zone"",""r"":-41,""f"":5785},{""b"":""40:27:0b:02:a2:b7"",""s"":""U+zone_2.4GHz"",""r"":-45,""f"":2432},{""b"":""02:17:b2:0b:47:88"",""s"":""T wifi zone"",""r"":-49,""f"":2452},{""b"":""02:17:b2:0b:47:8a"",""s"":""T wifi zone_secure"",""r"":-50,""f"":2452},{""b"":""30:78:c2:00:0a:b4"",""s"":""KT WiFi"",""r"":-51,""f"":5640},{""b"":""36:78:c2:00:0a:b5"",""s"":""KT WiFi "",""r"":-52,""f"":2432},{""b"":""36:78:c2:00:0a:b4"",""s"":""KT WiFi "",""r"":-52,""f"":5640},{""b"":""30:78:c2:00:0a:b5"",""s"":""KT WiFi"",""r"":-52,""f"":2432},{""b"":""40:27:0b:02:a2:c7"",""s"":""U+zone"",""r"":-64,""f"":5745},{""b"":""02:17:b2:0b:7d:b8"",""s"":""T wifi zone_secure"",""r"":-67,""f"":2452},{""b"":""22:17:b2:0b:7d:b6"",""s"":""T wifi zone"",""r"":-68,""f"":5805},{""b"":""22:17:b2:0b:7d:b8"",""s"":""T wifi zone_secure"",""r"":-68,""f"":5805},{""b"":""30:78:c2:00:07:d6"",""s"":""KT WiFi"",""r"":-72,""f"":2432}]","[{""type"":""LTE"",""pci"":443,""earfcn"":100,""tac"":null,""rsrp"":-79,""rsrq"":-7,""rssi"":-63,""snr"":null,""ta"":0,""level"":4,""bands"":""1""},{""type"":""LTE"",""pci"":443,""earfcn"":2600,""tac"":null,""rsrp"":-87,""rsrq"":-11,""rssi"":-65,""snr"":null,""ta"":0,""level"":3,""bands"":""5""},{""type"":""LTE"",""pci"":15,""earfcn"":100,""tac"":null,""rsrp"":-94,""rsrq"":-20,""rssi"":-59,""snr"":null,""ta"":0,""level"":3,""bands"":""1""},{""type"":""LTE"",""pci"":486,""earfcn"":100,""tac"":null,""rsrp"":-95,""rsrq"":-20,""rssi"":-63,""snr"":null,""ta"":0,""level"":3,""bands"":""1""},{""type"":""LTE"",""pci"":486,""earfcn"":2600,""tac"":null,""rsrp"":-95,""rsrq"":-14,""rssi"":-61,""snr"":null,""ta"":0,""level"":3,""bands"":""5""},{""type"":""LTE"",""pci"":15,""earfcn"":2600,""tac"":null,""rsrp"":-96,""rsrq"":-16,""rssi"":-71,""snr"":null,""ta"":0,""level"":2,""bands"":""5""},{""type"":""LTE"",""pci"":486,""earfcn"":3050,""tac"":null,""rsrp"":-97,""rsrq"":-18,""rssi"":-67,""snr"":null,""ta"":0,""level"":2,""bands"":""7""},{""type"":""LTE"",""pci"":15,""earfcn"":3050,""tac"":null,""rsrp"":-97,""rsrq"":-15,""rssi"":-67,""snr"":null,""ta"":0,""level"":2,""bands"":""7""}]",37.55628315578118,127.04252020471255,between,왕십리,한양대,134.88348098774983
1789967971798,2026-09-21 14:19:31,unknown,37.5553903,127.043556,100.0,,,48.46728111056673,fused,5,LTE,NR_NSA,5G,True,False,True,False,False,52546048,15,3050,7,8282,450,6,-88,-11,-59,17.0,3,0.0,,,,60,116,0.0005,0.0009,60,116,0.0005,0.0009,False,8,0,8,-88.0,15.0,100.0,0.00013600492,False,False,periodic,1,3,0.0,0.0,1864,,,,"[{""type"":""LTE"",""pci"":15,""earfcn"":100,""tac"":null,""rsrp"":-88,""rsrq"":-11,""rssi"":-67,""snr"":null,""ta"":0,""level"":3,""bands"":""1""},{""type"":""LTE"",""pci"":15,""earfcn"":2600,""tac"":null,""rsrp"":-91,""rsrq"":-8,""rssi"":-73,""snr"":null,""ta"":0,""level"":3,""bands"":""5""},{""type"":""LTE"",""pci"":443,""earfcn"":100,""tac"":null,""rsrp"":-92,""rsrq"":-14,""rssi"":-67,""snr"":null,""ta"":0,""level"":3,""bands"":""1""},{""type"":""LTE"",""pci"":443,""earfcn"":3050,""tac"":null,""rsrp"":-94,""rsrq"":-11,""rssi"":-71,""snr"":null,""ta"":0,""level"":3,""bands"":""7""},{""type"":""LTE"",""pci"":486,""earfcn"":3050,""tac"":null,""rsrp"":-98,""rsrq"":-16,""rssi"":-67,""snr"":null,""ta"":0,""level"":2,""bands"":""7""},{""type"":""LTE"",""pci"":486,""earfcn"":2600,""tac"":null,""rsrp"":-99,""rsrq"":-16,""rssi"":-73,""snr"":null,""ta"":0,""level"":2,""bands"":""5""},{""type"":""LTE"",""pci"":443,""earfcn"":2600,""tac"":null,""rsrp"":-102,""rsrq"":-17,""rssi"":-73,""snr"":null,""ta"":0,""level"":2,""bands"":""5""},{""type"":""LTE"",""pci"":322,""earfcn"":2600,""tac"":null,""rsrp"":-104,""rsrq"":-20,""rssi"":-73,""snr"":null,""ta"":0,""level"":2,""bands"":""5""}]",1007.44275,72.0,,23,3,,,,"[{""b"":""40:27:0b:02:a2:b8"",""s"":""U+zone"",""r"":-39,""f"":5785},{""b"":""22:17:b2:0b:47:8a"",""s"":""T wifi zone_secure"",""r"":-40,""f"":5785},{""b"":""22:17:b2:0b:47:88"",""s"":""T wifi zone"",""r"":-41,""f"":5785},{""b"":""40:27:0b:02:a2:b7"",""s"":""U+zone_2.4GHz"",""r"":-45,""f"":2432},{""b"":""02:17:b2:0b:47:88"",""s"":""T wifi zone"",""r"":-49,""f"":2452},{""b"":""02:17:b2:0b:47:8a"",""s"":""T wifi zone_secure"",""r"":-50,""f"":2452},{""b"":""30:78:c2:00:0a:b4"",""s"":""KT WiFi"",""r"":-51,""f"":5640},{""b"":""36:78:c2:00:0a:b5"",""s"":""KT WiFi "",""r"":-52,""f"":2432},{""b"":""36:78:c2:00:0a:b4"",""s"":""KT WiFi "",""r"":-52,""f"":5640},{""b"":""30:78:c2:00:0a:b5"",""s"":""KT WiFi"",""r"":-52,""f"":2432},{""b"":""40:27:0b:02:a2:c7"",""s"":""U+zone"",""r"":-64,""f"":5745},{""b"":""02:17:b2:0b:7d:b8"",""s"":""T wifi zone_secure"",""r"":-67,""f"":2452},{""b"":""22:17:b2:0b:7d:b6"",""s"":""T wifi zone"",""r"":-68,""f"":5805},{""b"":""22:17:b2:0b:7d:b8"",""s"":""T wifi zone_secure"",""r"":-68,""f"":5805},{""b"":""30:78:c2:00:07:d6"",""s"":""KT WiFi"",""r"":-72,""f"":2432}]",,37.55612555485403,127.042697251454,between,왕십리,한양대,111.42063354800243
1789967976824,2026-09-21 14:19:36,unknown,37.5558009,127.0432206,100.0,,,50.37956176974994,fused,3,LTE,NR_NSA,5G,True,False,True,False,False,52546048,15,3050,7,8282,450,6,-63,-6,-51,17.0,4,0.0,,,,35400,1680,0.2832,0.0134,35380,1660,0.283,0.0133,False,5,0,5,-55.0,15.0,2600.0,8.267574e-05,False,False,periodic,6,2,25.0,0.0,2509,,,,"[{""type"":""LTE"",""pci"":15,""earfcn"":2600,""tac"":null,""rsrp"":-55,""rsrq"":-8,""rssi"":-51,""snr"":null,""ta"":0,""level"":4,""bands"":""5""},{""type"":""LTE"",""pci"":15,""earfcn"":100,""tac"":null,""rsrp"":-65,""rsrq"":-7,""rssi"":-51,""snr"":null,""ta"":0,""level"":4,""bands"":""1""},{""type"":""LTE"",""pci"":443,""earfcn"":2600,""tac"":null,""rsrp"":-98,""rsrq"":-17,""rssi"":-71,""snr"":null,""ta"":0,""level"":2,""bands"":""5""},{""type"":""LTE"",""pci"":443,""earfcn"":100,""tac"":null,""rsrp"":-100,""rsrq"":-18,""rssi"":-71,""snr"":null,""ta"":0,""level"":2,""bands"":""1""},{""type"":""LTE"",""pci"":322,""earfcn"":2600,""tac"":null,""rsrp"":-100,""rsrq"":-20,""rssi"":-69,""snr"":null,""ta"":0,""level"":2,""bands"":""5""}]",1007.7118,48.0,,26,2,,,,"[{""b"":""40:27:0b:02:a2:b8"",""s"":""U+zone"",""r"":-37,""f"":5785},{""b"":""40:27:0b:02:a2:b7"",""s"":""U+zone_2.4GHz"",""r"":-42,""f"":2432},{""b"":""22:17:b2:0b:47:88"",""s"":""T wifi zone"",""r"":-42,""f"":5785},{""b"":""22:17:b2:0b:47:8a"",""s"":""T wifi zone_secure"",""r"":-43,""f"":5785},{""b"":""30:78:c2:00:0a:b4"",""s"":""KT WiFi"",""r"":-46,""f"":5640},{""b"":""02:17:b2:0b:47:8a"",""s"":""T wifi zone_secure"",""r"":-47,""f"":2452},{""b"":""36:78:c2:00:0a:b4"",""s"":""KT WiFi "",""r"":-47,""f"":5640},{""b"":""02:17:b2:0b:47:88"",""s"":""T wifi zone"",""r"":-48,""f"":2452},{""b"":""36:78:c2:00:0a:b5"",""s"":""KT WiFi "",""r"":-53,""f"":2432},{""b"":""30:78:c2:00:0a:b5"",""s"":""KT WiFi"",""r"":-54,""f"":2432},{""b"":""02:06:ac:80:56:0f"",""s"":""U+zone"",""r"":-60,""f"":5500},{""b"":""02:e3:c7:09:11:16"",""s"":""T wifi zone_secure"",""r"":-62,""f"":5580},{""b"":""12:e3:c7:09:11:16"",""s"":""T Free WiFi Zone"",""r"":-65,""f"":5580},{""b"":""12:06:ac:80:56:0f"",""s"":""FREE_U+zone"",""r"":-65,""f"":5500},{""b"":""30:78:c2:00:07:d6"",""s"":""KT WiFi"",""r"":-68,""f"":2432}]",,37.555699235015574,127.04317617337145,between,왕십리,한양대,11.963765461771688
1789967981651,2026-09-21 14:19:41,unknown,37.5558009,127.0432206,100.0,,,50.37956176974994,fused,8,LTE,NR_NSA,5G,True,False,True,False,False,52546050,322,3050,7,8282,450,6,-84,-8,-53,6.0,4,0.0,,,,476356,1745,3.8108,0.014,476335,1724,3.8107,0.0138,False,7,0,7,-81.0,322.0,2600.0,0.021572994,True,False,handover,0,3,,,5,52546048.0,-63.0,-6.0,"[{""type"":""LTE"",""pci"":322,""earfcn"":2600,""tac"":null,""rsrp"":-81,""rsrq"":-12,""rssi"":-55,""snr"":null,""ta"":0,""level"":4,""bands"":""5""},{""type"":""LTE"",""pci"":15,""earfcn"":2600,""tac"":null,""rsrp"":-82,""rsrq"":-17,""rssi"":-55,""snr"":null,""ta"":0,""level"":4,""bands"":""5""},{""type"":""LTE"",""pci"":58,""earfcn"":2600,""tac"":null,""rsrp"":-85,""rsrq"":-18,""rssi"":-55,""snr"":null,""ta"":0,""level"":4,""bands"":""5""},{""type"":""LTE"",""pci"":15,""earfcn"":100,""tac"":null,""rsrp"":-90,""rsrq"":-15,""rssi"":-67,""snr"":null,""ta"":0,""level"":3,""bands"":""1""},{""type"":""LTE"",""pci"":15,""earfcn"":3050,""tac"":null,""rsrp"":-92,""rsrq"":-14,""rssi"":-67,""snr"":null,""ta"":0,""level"":3,""bands"":""7""},{""type"":""LTE"",""pci"":58,""earfcn"":3050,""tac"":null,""rsrp"":-93,""rsrq"":-16,""rssi"":-67,""snr"":null,""ta"":0,""level"":3,""bands"":""7""},{""type"":""LTE"",""pci"":322,""earfcn"":100,""tac"":null,""rsrp"":-93,""rsrq"":-11,""rssi"":-67,""snr"":null,""ta"":0,""level"":3,""bands"":""1""}]",1007.6688,55.0,86.893,26,7,,,,"[{""b"":""40:27:0b:02:a2:b8"",""s"":""U+zone"",""r"":-37,""f"":5785},{""b"":""40:27:0b:02:a2:b7"",""s"":""U+zone_2.4GHz"",""r"":-42,""f"":2432},{""b"":""22:17:b2:0b:47:88"",""s"":""T wifi zone"",""r"":-42,""f"":5785},{""b"":""22:17:b2:0b:47:8a"",""s"":""T wifi zone_secure"",""r"":-43,""f"":5785},{""b"":""30:78:c2:00:0a:b4"",""s"":""KT WiFi"",""r"":-46,""f"":5640},{""b"":""02:17:b2:0b:47:8a"",""s"":""T wifi zone_secure"",""r"":-47,""f"":2452},{""b"":""36:78:c2:00:0a:b4"",""s"":""KT WiFi "",""r"":-47,""f"":5640},{""b"":""02:17:b2:0b:47:88"",""s"":""T wifi zone"",""r"":-48,""f"":2452},{""b"":""36:78:c2:00:0a:b5"",""s"":""KT WiFi "",""r"":-53,""f"":2432},{""b"":""30:78:c2:00:0a:b5"",""s"":""KT WiFi"",""r"":-54,""f"":2432},{""b"":""02:06:ac:80:56:0f"",""s"":""U+zone"",""r"":-60,""f"":5500},{""b"":""02:e3:c7:09:11:16"",""s"":""T wifi zone_secure"",""r"":-62,""f"":5580},{""b"":""12:e3:c7:09:11:16"",""s"":""T Free WiFi Zone"",""r"":-65,""f"":5580},{""b"":""12:06:ac:80:56:0f"",""s"":""FREE_U+zone"",""r"":-65,""f"":5500},{""b"":""30:78:c2:00:07:d6"",""s"":""KT WiFi"",""r"":-68,""f"":2432}]","[{""type"":""LTE"",""pci"":15,""earfcn"":2600,""tac"":null,""rsrp"":-55,""rsrq"":-8,""rssi"":-51,""snr"":null,""ta"":0,""level"":4,""bands"":""5""},{""type"":""LTE"",""pci"":15,""earfcn"":100,""tac"":null,""rsrp"":-65,""rsrq"":-7,""rssi"":-51,""snr"":null,""ta"":0,""level"":4,""bands"":""1""},{""type"":""LTE"",""pci"":443,""earfcn"":2600,""tac"":null,""rsrp"":-98,""rsrq"":-17,""rssi"":-71,""snr"":null,""ta"":0,""level"":2,""bands"":""5""},{""type"":""LTE"",""pci"":443,""earfcn"":100,""tac"":null,""rsrp"":-100,""rsrq"":-18,""rssi"":-71,""snr"":null,""ta"":0,""level"":2,""bands"":""1""},{""type"":""LTE"",""pci"":322,""earfcn"":2600,""tac"":null,""rsrp"":-100,""rsrq"":-20,""rssi"":-69,""snr"":null,""ta"":0,""level"":2,""bands"":""5""}]",37.55528979493196,127.04363613280151,between,왕십리,한양대,67.61394333726767
1789967981849,2026-09-21 14:19:41,unknown,37.5558009,127.0432206,100.0,,,50.37956176974994,fused,8,LTE,NR_NSA,5G,True,False,True,False,False,52546050,322,3050,7,8282,450,6,-84,-8,-53,6.0,4,0.0,,,,0,0,0.0,0.0,0,0,0.0,0.0,False,7,0,7,-81.0,322.0,2600.0,0.01609806,False,False,periodic,0,3,0.0,0.0,204,,,,"[{""type"":""LTE"",""pci"":322,""earfcn"":2600,""tac"":null,""rsrp"":-81,""rsrq"":-12,""rssi"":-55,""snr"":null,""ta"":0,""level"":4,""bands"":""5""},{""type"":""LTE"",""pci"":15,""earfcn"":2600,""tac"":null,""rsrp"":-82,""rsrq"":-17,""rssi"":-55,""snr"":null,""ta"":0,""level"":4,""bands"":""5""},{""type"":""LTE"",""pci"":58,""earfcn"":2600,""tac"":null,""rsrp"":-85,""rsrq"":-18,""rssi"":-55,""snr"":null,""ta"":0,""level"":4,""bands"":""5""},{""type"":""LTE"",""pci"":15,""earfcn"":100,""tac"":null,""rsrp"":-90,""rsrq"":-15,""rssi"":-67,""snr"":null,""ta"":0,""level"":3,""bands"":""1""},{""type"":""LTE"",""pci"":15,""earfcn"":3050,""tac"":null,""rsrp"":-92,""rsrq"":-14,""rssi"":-67,""snr"":null,""ta"":0,""level"":3,""bands"":""7""},{""type"":""LTE"",""pci"":58,""earfcn"":3050,""tac"":null,""rsrp"":-93,""rsrq"":-16,""rssi"":-67,""snr"":null,""ta"":0,""level"":3,""bands"":""7""},{""type"":""LTE"",""pci"":322,""earfcn"":100,""tac"":null,""rsrp"":-93,""rsrq"":-11,""rssi"":-67,""snr"":null,""ta"":0,""level"":3,""bands"":""1""}]",1007.66504,55.0,,26,7,,,,"[{""b"":""40:27:0b:02:a2:b8"",""s"":""U+zone"",""r"":-37,""f"":5785},{""b"":""40:27:0b:02:a2:b7"",""s"":""U+zone_2.4GHz"",""r"":-42,""f"":2432},{""b"":""22:17:b2:0b:47:88"",""s"":""T wifi zone"",""r"":-42,""f"":5785},{""b"":""22:17:b2:0b:47:8a"",""s"":""T wifi zone_secure"",""r"":-43,""f"":5785},{""b"":""30:78:c2:00:0a:b4"",""s"":""KT WiFi"",""r"":-46,""f"":5640},{""b"":""02:17:b2:0b:47:8a"",""s"":""T wifi zone_secure"",""r"":-47,""f"":2452},{""b"":""36:78:c2:00:0a:b4"",""s"":""KT WiFi "",""r"":-47,""f"":5640},{""b"":""02:17:b2:0b:47:88"",""s"":""T wifi zone"",""r"":-48,""f"":2452},{""b"":""36:78:c2:00:0a:b5"",""s"":""KT WiFi "",""r"":-53,""f"":2432},{""b"":""30:78:c2:00:0a:b5"",""s"":""KT WiFi"",""r"":-54,""f"":2432},{""b"":""02:06:ac:80:56:0f"",""s"":""U+zone"",""r"":-60,""f"":5500},{""b"":""02:e3:c7:09:11:16"",""s"":""T wifi zone_secure"",""r"":-62,""f"":5580},{""b"":""12:e3:c7:09:11:16"",""s"":""T Free WiFi Zone"",""r"":-65,""f"":5580},{""b"":""12:06:ac:80:56:0f"",""s"":""FREE_U+zone"",""r"":-65,""f"":5500},{""b"":""30:78:c2:00:07:d6"",""s"":""KT WiFi"",""r"":-68,""f"":2432}]",,37.555273,127.043655,station,한양대,한양대,70.0857466099603
1789967986868,2026-09-21 14:19:46,unknown,37.5554098,127.0435301,11.851,,,49.20000076293945,fused,3,LTE,NR_NSA,5G,True,False,True,False,False,52546050,322,3050,7,8282,450,6,-80,-6,-53,6.0,4,0.0,,,,41695,418,0.3336,0.0033,41655,378,0.3332,0.003,False,8,0,8,-72.0,322.0,2600.0,0.017473342,False,False,periodic,5,2,4.0,0.0,556,,,,"[{""type"":""LTE"",""pci"":322,""earfcn"":2600,""tac"":null,""rsrp"":-72,""rsrq"":-11,""rssi"":-51,""snr"":null,""ta"":0,""level"":4,""bands"":""5""},{""type"":""LTE"",""pci"":322,""earfcn"":100,""tac"":null,""rsrp"":-77,""rsrq"":-13,""rssi"":-55,""snr"":null,""ta"":0,""level"":4,""bands"":""1""},{""type"":""LTE"",""pci"":58,""earfcn"":2600,""tac"":null,""rsrp"":-85,""rsrq"":-20,""rssi"":-55,""snr"":null,""ta"":0,""level"":4,""bands"":""5""},{""type"":""LTE"",""pci"":15,""earfcn"":2600,""tac"":null,""rsrp"":-87,""rsrq"":-20,""rssi"":-55,""snr"":null,""ta"":0,""level"":3,""bands"":""5""},{""type"":""LTE"",""pci"":58,""earfcn"":100,""tac"":null,""rsrp"":-90,""rsrq"":-17,""rssi"":-63,""snr"":null,""ta"":0,""level"":3,""bands"":""1""},{""type"":""LTE"",""pci"":58,""earfcn"":3050,""tac"":null,""rsrp"":-93,""rsrq"":-18,""rssi"":-65,""snr"":null,""ta"":0,""level"":3,""bands"":""7""},{""type"":""LTE"",""pci"":15,""earfcn"":100,""tac"":null,""rsrp"":-93,""rsrq"":-15,""rssi"":-69,""snr"":null,""ta"":0,""level"":3,""bands"":""1""},{""type"":""LTE"",""pci"":15,""earfcn"":3050,""tac"":null,""rsrp"":-95,""rsrq"":-19,""rssi"":-65,""snr"":null,""ta"":0,""level"":3,""bands"":""7""}]",1007.58215,89.0,,55,1,,,,"[{""b"":""40:27:0b:02:a2:b8"",""s"":""U+zone"",""r"":-37,""f"":5785},{""b"":""02:17:b2:0b:47:88"",""s"":""T wifi zone"",""r"":-42,""f"":2452},{""b"":""02:17:b2:0b:47:8a"",""s"":""T wifi zone_secure"",""r"":-43,""f"":2452},{""b"":""30:78:c2:00:0a:b4"",""s"":""KT WiFi"",""r"":-43,""f"":5640},{""b"":""22:17:b2:0b:47:88"",""s"":""T wifi zone"",""r"":-44,""f"":5785},{""b"":""22:17:b2:0b:47:8a"",""s"":""T wifi zone_secure"",""r"":-45,""f"":5785},{""b"":""36:78:c2:00:0a:b5"",""s"":""KT WiFi "",""r"":-51,""f"":2432},{""b"":""02:e3:c7:09:11:2a"",""s"":""T Free WiFi Zone"",""r"":-51,""f"":5540},{""b"":""10:e3:c7:09:11:2a"",""s"":""T wifi zone_secure"",""r"":-51,""f"":5540},{""b"":""30:78:c2:00:0a:b5"",""s"":""KT WiFi"",""r"":-51,""f"":2432},{""b"":""36:78:c2:00:0a:b4"",""s"":""KT WiFi "",""r"":-57,""f"":5640},{""b"":""02:06:ac:80:5e:3b"",""s"":""U+zone"",""r"":-61,""f"":5745},{""b"":""40:27:0b:02:a2:c7"",""s"":""U+zone"",""r"":-61,""f"":5745},{""b"":""12:06:ac:80:5e:3b"",""s"":""FREE_U+zone"",""r"":-61,""f"":5745},{""b"":""02:e3:c7:09:11:2b"",""s"":""T Free WiFi Zone"",""r"":-62,""f"":2432}]",,37.555273,127.043655,station,한양대,한양대,18.777948091873068
1789967991897,2026-09-21 14:19:51,unknown,37.5554098,127.0435301,11.851,,,49.20000076293945,fused,8,LTE,NR_NSA,5G,True,False,True,False,False,52546050,322,3050,7,8282,450,6,-64,-6,-51,21.0,4,0.0,,,,30925,355,0.2474,0.0028,30905,335,0.2472,0.0027,False,7,0,7,-60.0,322.0,2600.0,0.04321102,False,False,periodic,10,2,16.0,15.0,6,,,,"[{""type"":""LTE"",""pci"":322,""earfcn"":2600,""tac"":null,""rsrp"":-60,""rsrq"":-11,""rssi"":-51,""snr"":null,""ta"":0,""level"":4,""bands"":""5""},{""type"":""LTE"",""pci"":322,""earfcn"":100,""tac"":null,""rsrp"":-68,""rsrq"":-13,""rssi"":-51,""snr"":null,""ta"":0,""level"":4,""bands"":""1""},{""type"":""LTE"",""pci"":15,""earfcn"":3050,""tac"":null,""rsrp"":-71,""rsrq"":-17,""rssi"":-51,""snr"":null,""ta"":0,""level"":4,""bands"":""7""},{""type"":""LTE"",""pci"":15,""earfcn"":2600,""tac"":null,""rsrp"":-72,""rsrq"":-19,""rssi"":-51,""snr"":null,""ta"":0,""level"":4,""bands"":""5""},{""type"":""LTE"",""pci"":58,""earfcn"":2600,""tac"":null,""rsrp"":-81,""rsrq"":-20,""rssi"":-51,""snr"":null,""ta"":0,""level"":4,""bands"":""5""},{""type"":""LTE"",""pci"":58,""earfcn"":100,""tac"":null,""rsrp"":-84,""rsrq"":-20,""rssi"":-53,""snr"":null,""ta"":0,""level"":4,""bands"":""1""},{""type"":""LTE"",""pci"":15,""earfcn"":100,""tac"":null,""rsrp"":-93,""rsrq"":-15,""rssi"":-69,""snr"":null,""ta"":0,""level"":3,""bands"":""1""}]",1007.64124,66.0,,55,6,,,,"[{""b"":""40:27:0b:02:a2:b8"",""s"":""U+zone"",""r"":-37,""f"":5785},{""b"":""02:17:b2:0b:47:88"",""s"":""T wifi zone"",""r"":-42,""f"":2452},{""b"":""02:17:b2:0b:47:8a"",""s"":""T wifi zone_secure"",""r"":-43,""f"":2452},{""b"":""30:78:c2:00:0a:b4"",""s"":""KT WiFi"",""r"":-43,""f"":5640},{""b"":""22:17:b2:0b:47:88"",""s"":""T wifi zone"",""r"":-44,""f"":5785},{""b"":""22:17:b2:0b:47:8a"",""s"":""T wifi zone_secure"",""r"":-45,""f"":5785},{""b"":""36:78:c2:00:0a:b5"",""s"":""KT WiFi "",""r"":-51,""f"":2432},{""b"":""02:e3:c7:09:11:2a"",""s"":""T Free WiFi Zone"",""r"":-51,""f"":5540},{""b"":""10:e3:c7:09:11:2a"",""s"":""T wifi zone_secure"",""r"":-51,""f"":5540},{""b"":""30:78:c2:00:0a:b5"",""s"":""KT WiFi"",""r"":-51,""f"":2432},{""b"":""36:78:c2:00:0a:b4"",""s"":""KT WiFi "",""r"":-57,""f"":5640},{""b"":""02:06:ac:80:5e:3b"",""s"":""U+zone"",""r"":-61,""f"":5745},{""b"":""40:27:0b:02:a2:c7"",""s"":""U+zone"",""r"":-61,""f"":5745},{""b"":""12:06:ac:80:5e:3b"",""s"":""FREE_U+zone"",""r"":-61,""f"":5745},{""b"":""02:e3:c7:09:11:2b"",""s"":""T Free WiFi Zone"",""r"":-62,""f"":2432}]",,37.555273,127.043655,station,한양대,한양대,18.777948091873068
1789967996912,2026-09-21 14:19:56,unknown,37.5552912,127.0434865,22.626,,,49.20000076293945,fused,6,LTE,NR_NSA,5G,True,False,True,False,False,52546050,322,3050,7,8282,450,6,-76,-8,-51,25.0,4,0.0,,,,40216,924,0.3217,0.0074,40196,904,0.3216,0.0072,False,6,0,6,-71.0,322.0,2600.0,0.62851053,False,False,periodic,15,2,-12.0,4.0,702,,,,"[{""type"":""LTE"",""pci"":322,""earfcn"":2600,""tac"":null,""rsrp"":-71,""rsrq"":-11,""rssi"":-51,""snr"":null,""ta"":0,""level"":4,""bands"":""5""},{""type"":""LTE"",""pci"":15,""earfcn"":2600,""tac"":null,""rsrp"":-72,""rsrq"":-19,""rssi"":-51,""snr"":null,""ta"":0,""level"":4,""bands"":""5""},{""type"":""LTE"",""pci"":58,""earfcn"":2600,""tac"":null,""rsrp"":-74,""rsrq"":-16,""rssi"":-51,""snr"":null,""ta"":0,""level"":4,""bands"":""5""},{""type"":""LTE"",""pci"":15,""earfcn"":100,""tac"":null,""rsrp"":-78,""rsrq"":-20,""rssi"":-51,""snr"":null,""ta"":0,""level"":4,""bands"":""1""},{""type"":""LTE"",""pci"":322,""earfcn"":100,""tac"":null,""rsrp"":-82,""rsrq"":-13,""rssi"":-59,""snr"":null,""ta"":0,""level"":4,""bands"":""1""},{""type"":""LTE"",""pci"":58,""earfcn"":100,""tac"":null,""rsrp"":-89,""rsrq"":-20,""rssi"":-59,""snr"":null,""ta"":0,""level"":3,""bands"":""1""}]",1007.64526,73.0,,43,5,,,,"[{""b"":""40:27:0b:02:a2:b7"",""s"":""U+zone_2.4GHz"",""r"":-42,""f"":2432},{""b"":""36:78:c2:00:0a:b4"",""s"":""KT WiFi "",""r"":-42,""f"":5640},{""b"":""30:78:c2:00:0a:b4"",""s"":""KT WiFi"",""r"":-43,""f"":5640},{""b"":""22:17:b2:0b:47:8a"",""s"":""T wifi zone_secure"",""r"":-45,""f"":5785},{""b"":""22:17:b2:0b:47:88"",""s"":""T wifi zone"",""r"":-45,""f"":5785},{""b"":""40:27:0b:02:a2:b8"",""s"":""U+zone"",""r"":-46,""f"":5785},{""b"":""02:17:b2:0b:47:88"",""s"":""T wifi zone"",""r"":-48,""f"":2452},{""b"":""02:17:b2:0b:47:8a"",""s"":""T wifi zone_secure"",""r"":-48,""f"":2452},{""b"":""02:06:ac:80:5e:3b"",""s"":""U+zone"",""r"":-49,""f"":5745},{""b"":""36:78:c2:00:0a:b5"",""s"":""KT WiFi "",""r"":-51,""f"":2432},{""b"":""12:06:ac:80:5e:3b"",""s"":""FREE_U+zone"",""r"":-51,""f"":5745},{""b"":""30:78:c2:00:0a:b5"",""s"":""KT WiFi"",""r"":-51,""f"":2432},{""b"":""02:06:ac:80:56:17"",""s"":""U+zone"",""r"":-61,""f"":5745},{""b"":""12:06:ac:80:56:17"",""s"":""FREE_U+zone"",""r"":-61,""f"":5745},{""b"":""02:06:ac:80:5e:3a"",""s"":""U+zone_2.4GHz"",""r"":-62,""f"":2472}]",,37.555273,127.043655,station,한양대,한양대,14.990760743365335
1789968001939,2026-09-21 14:20:01,unknown,37.5553388,127.0433767,23.957,,,49.20000076293945,fused,4,LTE,NR_NSA,5G,True,False,True,False,False,52546050,322,3050,7,8282,450,6,-77,-10,-51,20.0,4,0.0,,,,32787,549,0.2623,0.0044,32767,529,0.2621,0.0042,False,7,0,7,-73.0,322.0,2600.0,0.001183305,False,False,periodic,20,1,-1.0,-5.0,1732,,,,"[{""type"":""LTE"",""pci"":322,""earfcn"":2600,""tac"":null,""rsrp"":-73,""rsrq"":-11,""rssi"":-53,""snr"":null,""ta"":0,""level"":4,""bands"":""5""},{""type"":""LTE"",""pci"":322,""earfcn"":100,""tac"":null,""rsrp"":-76,""rsrq"":-10,""rssi"":-55,""snr"":null,""ta"":0,""level"":4,""bands"":""1""},{""type"":""LTE"",""pci"":15,""earfcn"":100,""tac"":null,""rsrp"":-78,""rsrq"":-20,""rssi"":-51,""snr"":null,""ta"":0,""level"":4,""bands"":""1""},{""type"":""LTE"",""pci"":15,""earfcn"":2600,""tac"":null,""rsrp"":-84,""rsrq"":-19,""rssi"":-53,""snr"":null,""ta"":0,""level"":4,""bands"":""5""},{""type"":""LTE"",""pci"":315,""earfcn"":100,""tac"":null,""rsrp"":-86,""rsrq"":-20,""rssi"":-55,""snr"":null,""ta"":0,""level"":3,""bands"":""1""},{""type"":""LTE"",""pci"":58,""earfcn"":100,""tac"":null,""rsrp"":-89,""rsrq"":-20,""rssi"":-59,""snr"":null,""ta"":0,""level"":3,""bands"":""1""},{""type"":""LTE"",""pci"":15,""earfcn"":3050,""tac"":null,""rsrp"":-92,""rsrq"":-20,""rssi"":-59,""snr"":null,""ta"":0,""level"":3,""bands"":""7""}]",1007.6459,68.0,,36,3,,,,"[{""b"":""40:27:0b:02:a2:b8"",""s"":""U+zone"",""r"":-36,""f"":5785},{""b"":""40:27:0b:02:a2:b7"",""s"":""U+zone_2.4GHz"",""r"":-37,""f"":2432},{""b"":""22:17:b2:0b:47:8a"",""s"":""T wifi zone_secure"",""r"":-40,""f"":5785},{""b"":""22:17:b2:0b:47:88"",""s"":""T wifi zone"",""r"":-41,""f"":5785},{""b"":""30:78:c2:00:0a:b4"",""s"":""KT WiFi"",""r"":-42,""f"":5640},{""b"":""36:78:c2:00:0a:b4"",""s"":""KT WiFi "",""r"":-43,""f"":5640},{""b"":""02:17:b2:0b:47:88"",""s"":""T wifi zone"",""r"":-50,""f"":2452},{""b"":""36:78:c2:00:0a:b5"",""s"":""KT WiFi "",""r"":-50,""f"":2432},{""b"":""30:78:c2:00:0a:b5"",""s"":""KT WiFi"",""r"":-50,""f"":2432},{""b"":""02:17:b2:0b:47:8a"",""s"":""T wifi zone_secure"",""r"":-54,""f"":2452},{""b"":""02:06:ac:80:5e:3b"",""s"":""U+zone"",""r"":-58,""f"":5745},{""b"":""12:06:ac:80:5e:3b"",""s"":""FREE_U+zone"",""r"":-58,""f"":5745},{""b"":""02:06:ac:80:5e:3a"",""s"":""U+zone_2.4GHz"",""r"":-65,""f"":2472},{""b"":""40:27:0b:02:a2:c7"",""s"":""U+zone"",""r"":-67,""f"":5745},{""b"":""36:78:c2:00:07:d5"",""s"":""KT WiFi "",""r"":-68,""f"":5640}]",,37.555273,127.043655,station,한양대,한양대,25.600379601281155
1789968006966,2026-09-21 14:20:06,unknown,37.5553474,127.0433746,21.966,,,49.20000076293945,fused,6,LTE,NR_NSA,5G,True,False,True,False,False,52546050,322,3050,7,8282,450,6,-76,-7,-51,18.0,4,0.0,,,,266,504,0.0021,0.004,226,464,0.0018,0.0037,False,6,0,6,-73.0,322.0,2600.0,0.35447225,False,False,periodic,25,1,1.0,-2.0,645,,,,"[{""type"":""LTE"",""pci"":322,""earfcn"":2600,""tac"":null,""rsrp"":-73,""rsrq"":-11,""rssi"":-53,""snr"":null,""ta"":0,""level"":4,""bands"":""5""},{""type"":""LTE"",""pci"":315,""earfcn"":3050,""tac"":null,""rsrp"":-80,""rsrq"":-17,""rssi"":-51,""snr"":null,""ta"":0,""level"":4,""bands"":""7""},{""type"":""LTE"",""pci"":322,""earfcn"":100,""tac"":null,""rsrp"":-80,""rsrq"":-11,""rssi"":-59,""snr"":null,""ta"":0,""level"":4,""bands"":""1""},{""type"":""LTE"",""pci"":315,""earfcn"":2600,""tac"":null,""rsrp"":-84,""rsrq"":-20,""rssi"":-53,""snr"":null,""ta"":0,""level"":4,""bands"":""5""},{""type"":""LTE"",""pci"":315,""earfcn"":100,""tac"":null,""rsrp"":-88,""rsrq"":-19,""rssi"":-59,""snr"":null,""ta"":0,""level"":3,""bands"":""1""},{""type"":""LTE"",""pci"":15,""earfcn"":3050,""tac"":null,""rsrp"":-92,""rsrq"":-17,""rssi"":-57,""snr"":null,""ta"":0,""level"":3,""bands"":""7""}]",1007.627,59.0,,41,2,,,,"[{""b"":""40:27:0b:02:a2:b7"",""s"":""U+zone_2.4GHz"",""r"":-39,""f"":2432},{""b"":""22:17:b2:0b:47:8a"",""s"":""T wifi zone_secure"",""r"":-42,""f"":5785},{""b"":""22:17:b2:0b:47:88"",""s"":""T wifi zone"",""r"":-42,""f"":5785},{""b"":""02:17:b2:0b:47:8a"",""s"":""T wifi zone_secure"",""r"":-46,""f"":2452},{""b"":""36:78:c2:00:0a:b4"",""s"":""KT WiFi "",""r"":-46,""f"":5640},{""b"":""30:78:c2:00:0a:b4"",""s"":""KT WiFi"",""r"":-46,""f"":5640},{""b"":""02:17:b2:0b:47:88"",""s"":""T wifi zone"",""r"":-48,""f"":2452},{""b"":""30:78:c2:00:0a:b5"",""s"":""KT WiFi"",""r"":-49,""f"":2432},{""b"":""36:78:c2:00:0a:b5"",""s"":""KT WiFi "",""r"":-51,""f"":2432},{""b"":""40:27:0b:02:a2:b8"",""s"":""U+zone"",""r"":-56,""f"":5785},{""b"":""02:06:ac:80:5e:3b"",""s"":""U+zone"",""r"":-57,""f"":5745},{""b"":""12:06:ac:80:5e:3b"",""s"":""FREE_U+zone"",""r"":-58,""f"":5745},{""b"":""40:27:0b:02:aa:2d"",""s"":""U+zone_2.4GHz"",""r"":-61,""f"":2412},{""b"":""40:27:0b:02:aa:2e"",""s"":""U+zone"",""r"":-64,""f"":5540},{""b"":""02:17:b2:0c:3f:5e"",""s"":""T wifi zone_secure"",""r"":-64,""f"":2452}]",,37.555273,127.043655,station,한양대,한양대,26.065386509538193
1789968011989,2026-09-21 14:20:11,unknown,37.5554087,127.0435142,44.348,,,49.20000076293945,fused,8,LTE,NR_NSA,5G,True,False,True,False,False,52546050,322,3050,7,8282,450,6,-78,-11,-51,15.0,4,0.0,,,,442295,9897,3.5384,0.0792,442275,9877,3.5382,0.079,False,7,0,7,-75.0,322.0,2600.0,0.0054860986,False,False,periodic,30,0,-2.0,-3.0,779,,,,"[{""type"":""LTE"",""pci"":322,""earfcn"":2600,""tac"":null,""rsrp"":-75,""rsrq"":-11,""rssi"":-53,""snr"":null,""ta"":0,""level"":4,""bands"":""5""},{""type"":""LTE"",""pci"":322,""earfcn"":100,""tac"":null,""rsrp"":-84,""rsrq"":-14,""rssi"":-61,""snr"":null,""ta"":0,""level"":4,""bands"":""1""},{""type"":""LTE"",""pci"":315,""earfcn"":2600,""tac"":null,""rsrp"":-86,""rsrq"":-20,""rssi"":-53,""snr"":null,""ta"":0,""level"":3,""bands"":""5""},{""type"":""LTE"",""pci"":15,""earfcn"":3050,""tac"":null,""rsrp"":-89,""rsrq"":-18,""rssi"":-59,""snr"":null,""ta"":0,""level"":3,""bands"":""7""},{""type"":""LTE"",""pci"":15,""earfcn"":100,""tac"":null,""rsrp"":-90,""rsrq"":-19,""rssi"":-61,""snr"":null,""ta"":0,""level"":3,""bands"":""1""},{""type"":""LTE"",""pci"":315,""earfcn"":100,""tac"":null,""rsrp"":-91,""rsrq"":-19,""rssi"":-61,""snr"":null,""ta"":0,""level"":3,""bands"":""1""},{""type"":""LTE"",""pci"":315,""earfcn"":3050,""tac"":null,""rsrp"":-96,""rsrq"":-18,""rssi"":-65,""snr"":null,""ta"":0,""level"":2,""bands"":""7""}]",1007.61255,59.0,103.676,41,7,,,,"[{""b"":""40:27:0b:02:a2:b7"",""s"":""U+zone_2.4GHz"",""r"":-39,""f"":2432},{""b"":""22:17:b2:0b:47:8a"",""s"":""T wifi zone_secure"",""r"":-42,""f"":5785},{""b"":""22:17:b2:0b:47:88"",""s"":""T wifi zone"",""r"":-42,""f"":5785},{""b"":""02:17:b2:0b:47:8a"",""s"":""T wifi zone_secure"",""r"":-46,""f"":2452},{""b"":""36:78:c2:00:0a:b4"",""s"":""KT WiFi "",""r"":-46,""f"":5640},{""b"":""30:78:c2:00:0a:b4"",""s"":""KT WiFi"",""r"":-46,""f"":5640},{""b"":""02:17:b2:0b:47:88"",""s"":""T wifi zone"",""r"":-48,""f"":2452},{""b"":""30:78:c2:00:0a:b5"",""s"":""KT WiFi"",""r"":-49,""f"":2432},{""b"":""36:78:c2:00:0a:b5"",""s"":""KT WiFi "",""r"":-51,""f"":2432},{""b"":""40:27:0b:02:a2:b8"",""s"":""U+zone"",""r"":-56,""f"":5785},{""b"":""02:06:ac:80:5e:3b"",""s"":""U+zone"",""r"":-57,""f"":5745},{""b"":""12:06:ac:80:5e:3b"",""s"":""FREE_U+zone"",""r"":-58,""f"":5745},{""b"":""40:27:0b:02:aa:2d"",""s"":""U+zone_2.4GHz"",""r"":-61,""f"":2412},{""b"":""40:27:0b:02:aa:2e"",""s"":""U+zone"",""r"":-64,""f"":5540},{""b"":""02:17:b2:0c:3f:5e"",""s"":""T wifi zone_secure"",""r"":-64,""f"":2452}]",,37.555273,127.043655,station,한양대,한양대,19.537998086249022
1789968017011,2026-09-21 14:20:17,unknown,37.5553366,127.0433992,25.441,,,49.20000076293945,fused,3,LTE,NR_NSA,5G,True,False,True,False,False,52546050,322,3050,7,8282,450,6,-79,-7,-51,15.0,4,0.0,,,,2076,700,0.0166,0.0056,2056,681,0.0164,0.0054,False,7,0,7,-74.0,322.0,2600.0,0.0017377373,False,False,periodic,35,0,-1.0,0.0,3286,,,,"[{""type"":""LTE"",""pci"":322,""earfcn"":2600,""tac"":null,""rsrp"":-74,""rsrq"":-11,""rssi"":-53,""snr"":null,""ta"":0,""level"":4,""bands"":""5""},{""type"":""LTE"",""pci"":322,""earfcn"":100,""tac"":null,""rsrp"":-78,""rsrq"":-12,""rssi"":-55,""snr"":null,""ta"":0,""level"":4,""bands"":""1""},{""type"":""LTE"",""pci"":315,""earfcn"":100,""tac"":null,""rsrp"":-85,""rsrq"":-19,""rssi"":-55,""snr"":null,""ta"":0,""level"":4,""bands"":""1""},{""type"":""LTE"",""pci"":15,""earfcn"":100,""tac"":null,""rsrp"":-85,""rsrq"":-19,""rssi"":-55,""snr"":null,""ta"":0,""level"":4,""bands"":""1""},{""type"":""LTE"",""pci"":15,""earfcn"":3050,""tac"":null,""rsrp"":-88,""rsrq"":-19,""rssi"":-59,""snr"":null,""ta"":0,""level"":3,""bands"":""7""},{""type"":""LTE"",""pci"":315,""earfcn"":2600,""tac"":null,""rsrp"":-89,""rsrq"":-20,""rssi"":-57,""snr"":null,""ta"":0,""level"":3,""bands"":""5""},{""type"":""LTE"",""pci"":315,""earfcn"":3050,""tac"":null,""rsrp"":-96,""rsrq"":-18,""rssi"":-65,""snr"":null,""ta"":0,""level"":2,""bands"":""7""}]",1007.613,73.0,,38,1,,,,"[{""b"":""40:27:0b:02:a2:b7"",""s"":""U+zone_2.4GHz"",""r"":-38,""f"":2432},{""b"":""40:27:0b:02:a2:b8"",""s"":""U+zone"",""r"":-40,""f"":5785},{""b"":""22:17:b2:0b:47:8a"",""s"":""T wifi zone_secure"",""r"":-41,""f"":5785},{""b"":""22:17:b2:0b:47:88"",""s"":""T wifi zone"",""r"":-42,""f"":5785},{""b"":""02:17:b2:0b:47:88"",""s"":""T wifi zone"",""r"":-47,""f"":2452},{""b"":""02:17:b2:0b:47:8a"",""s"":""T wifi zone_secure"",""r"":-47,""f"":2452},{""b"":""36:78:c2:00:0a:b4"",""s"":""KT WiFi "",""r"":-47,""f"":5640},{""b"":""30:78:c2:00:0a:b4"",""s"":""KT WiFi"",""r"":-47,""f"":5640},{""b"":""36:78:c2:00:0a:b5"",""s"":""KT WiFi "",""r"":-50,""f"":2432},{""b"":""30:78:c2:00:0a:b5"",""s"":""KT WiFi"",""r"":-50,""f"":2432},{""b"":""12:06:ac:80:5e:3b"",""s"":""FREE_U+zone"",""r"":-57,""f"":5745},{""b"":""02:06:ac:80:5e:3b"",""s"":""U+zone"",""r"":-58,""f"":5745},{""b"":""06:1d:93:c7:4f:96"",""s"":""KT WiFi "",""r"":-62,""f"":5240},{""b"":""00:1d:93:c7:4f:96"",""s"":""KT WiFi"",""r"":-63,""f"":5240},{""b"":""40:27:0b:02:9e:53"",""s"":""U+zone"",""r"":-65,""f"":5785}]",,37.555273,127.043655,station,한양대,한양대,23.632124792925215
1789968022036,2026-09-21 14:20:22,unknown,37.5553366,127.0433992,25.441,,,49.20000076293945,fused,8,LTE,NR_NSA,5G,True,False,True,False,False,52546050,322,3050,7,8282,450,6,-79,-12,-51,17.0,4,0.0,,,,75,129,0.0006,0.001,55,109,0.0004,0.0009,False,7,0,7,-72.0,322.0,2600.0,0.24271609,False,False,periodic,40,0,0.0,2.0,1518,,,,"[{""type"":""LTE"",""pci"":322,""earfcn"":2600,""tac"":null,""rsrp"":-72,""rsrq"":-11,""rssi"":-51,""snr"":null,""ta"":0,""level"":4,""bands"":""5""},{""type"":""LTE"",""pci"":322,""earfcn"":100,""tac"":null,""rsrp"":-75,""rsrq"":-13,""rssi"":-51,""snr"":null,""ta"":0,""level"":4,""bands"":""1""},{""type"":""LTE"",""pci"":15,""earfcn"":2600,""tac"":null,""rsrp"":-80,""rsrq"":-19,""rssi"":-51,""snr"":null,""ta"":0,""level"":4,""bands"":""5""},{""type"":""LTE"",""pci"":15,""earfcn"":100,""tac"":null,""rsrp"":-81,""rsrq"":-19,""rssi"":-51,""snr"":null,""ta"":0,""level"":4,""bands"":""1""},{""type"":""LTE"",""pci"":315,""earfcn"":2600,""tac"":null,""rsrp"":-84,""rsrq"":-20,""rssi"":-53,""snr"":null,""ta"":0,""level"":4,""bands"":""5""},{""type"":""LTE"",""pci"":315,""earfcn"":100,""tac"":null,""rsrp"":-86,""rsrq"":-19,""rssi"":-57,""snr"":null,""ta"":0,""level"":3,""bands"":""1""},{""type"":""LTE"",""pci"":15,""earfcn"":3050,""tac"":null,""rsrp"":-88,""rsrq"":-19,""rssi"":-59,""snr"":null,""ta"":0,""level"":3,""bands"":""7""}]",1007.68884,57.0,,38,6,,,,"[{""b"":""40:27:0b:02:a2:b7"",""s"":""U+zone_2.4GHz"",""r"":-38,""f"":2432},{""b"":""40:27:0b:02:a2:b8"",""s"":""U+zone"",""r"":-40,""f"":5785},{""b"":""22:17:b2:0b:47:8a"",""s"":""T wifi zone_secure"",""r"":-41,""f"":5785},{""b"":""22:17:b2:0b:47:88"",""s"":""T wifi zone"",""r"":-42,""f"":5785},{""b"":""02:17:b2:0b:47:88"",""s"":""T wifi zone"",""r"":-47,""f"":2452},{""b"":""02:17:b2:0b:47:8a"",""s"":""T wifi zone_secure"",""r"":-47,""f"":2452},{""b"":""36:78:c2:00:0a:b4"",""s"":""KT WiFi "",""r"":-47,""f"":5640},{""b"":""30:78:c2:00:0a:b4"",""s"":""KT WiFi"",""r"":-47,""f"":5640},{""b"":""36:78:c2:00:0a:b5"",""s"":""KT WiFi "",""r"":-50,""f"":2432},{""b"":""30:78:c2:00:0a:b5"",""s"":""KT WiFi"",""r"":-50,""f"":2432},{""b"":""12:06:ac:80:5e:3b"",""s"":""FREE_U+zone"",""r"":-57,""f"":5745},{""b"":""02:06:ac:80:5e:3b"",""s"":""U+zone"",""r"":-58,""f"":5745},{""b"":""06:1d:93:c7:4f:96"",""s"":""KT WiFi "",""r"":-62,""f"":5240},{""b"":""00:1d:93:c7:4f:96"",""s"":""KT WiFi"",""r"":-63,""f"":5240},{""b"":""40:27:0b:02:9e:53"",""s"":""U+zone"",""r"":-65,""f"":5785}]",,37.555273,127.043655,station,한양대,한양대,23.632124792925215
1789968027057,2026-09-21 14:20:27,unknown,37.5553549,127.0433787,61.68,0.63,41.0,49.20000076293945,fused,0,LTE,NR_NSA,5G,True,False,True,False,False,52546050,322,3050,7,8282,450,6,-74,-11,-51,19.0,4,0.0,,,,9193,10237,0.0735,0.0819,9153,10197,0.0732,0.0816,False,8,0,8,-76.0,322.0,2600.0,0.63,False,False,periodic,45,0,5.0,2.0,2735,,,,"[{""type"":""LTE"",""pci"":322,""earfcn"":2600,""tac"":null,""rsrp"":-76,""rsrq"":-11,""rssi"":-55,""snr"":null,""ta"":0,""level"":4,""bands"":""5""},{""type"":""LTE"",""pci"":15,""earfcn"":2600,""tac"":null,""rsrp"":-80,""rsrq"":-19,""rssi"":-51,""snr"":null,""ta"":0,""level"":4,""bands"":""5""},{""type"":""LTE"",""pci"":15,""earfcn"":100,""tac"":null,""rsrp"":-81,""rsrq"":-19,""rssi"":-51,""snr"":null,""ta"":0,""level"":4,""bands"":""1""},{""type"":""LTE"",""pci"":322,""earfcn"":100,""tac"":null,""rsrp"":-83,""rsrq"":-13,""rssi"":-61,""snr"":null,""ta"":0,""level"":4,""bands"":""1""},{""type"":""LTE"",""pci"":15,""earfcn"":3050,""tac"":null,""rsrp"":-84,""rsrq"":-19,""rssi"":-59,""snr"":null,""ta"":0,""level"":4,""bands"":""7""},{""type"":""LTE"",""pci"":315,""earfcn"":2600,""tac"":null,""rsrp"":-84,""rsrq"":-20,""rssi"":-53,""snr"":null,""ta"":0,""level"":4,""bands"":""5""},{""type"":""LTE"",""pci"":315,""earfcn"":100,""tac"":null,""rsrp"":-86,""rsrq"":-17,""rssi"":-55,""snr"":null,""ta"":0,""level"":3,""bands"":""1""},{""type"":""LTE"",""pci"":315,""earfcn"":3050,""tac"":null,""rsrp"":-94,""rsrq"":-20,""rssi"":-59,""snr"":null,""ta"":0,""level"":3,""bands"":""7""}]",1007.7528,51.0,,44,4,,,,"[{""b"":""40:27:0b:02:a2:b8"",""s"":""U+zone"",""r"":-40,""f"":5785},{""b"":""02:17:b2:0b:47:8a"",""s"":""T wifi zone_secure"",""r"":-43,""f"":2452},{""b"":""22:17:b2:0b:47:8a"",""s"":""T wifi zone_secure"",""r"":-44,""f"":5785},{""b"":""22:17:b2:0b:47:88"",""s"":""T wifi zone"",""r"":-44,""f"":5785},{""b"":""02:17:b2:0b:47:88"",""s"":""T wifi zone"",""r"":-45,""f"":2452},{""b"":""36:78:c2:00:0a:b4"",""s"":""KT WiFi "",""r"":-45,""f"":5640},{""b"":""30:78:c2:00:0a:b4"",""s"":""KT WiFi"",""r"":-45,""f"":5640},{""b"":""30:78:c2:00:0a:b5"",""s"":""KT WiFi"",""r"":-50,""f"":2432},{""b"":""36:78:c2:00:0a:b5"",""s"":""KT WiFi "",""r"":-51,""f"":2432},{""b"":""02:06:ac:80:5e:3b"",""s"":""U+zone"",""r"":-57,""f"":5745},{""b"":""12:06:ac:80:5e:3b"",""s"":""FREE_U+zone"",""r"":-57,""f"":5745},{""b"":""06:1d:93:c7:50:0b"",""s"":""ollehWiFi"",""r"":-61,""f"":2412},{""b"":""40:27:0b:02:a2:c7"",""s"":""U+zone"",""r"":-62,""f"":5745},{""b"":""00:1d:93:c7:50:0a"",""s"":""ollehWiFi "",""r"":-63,""f"":5320},{""b"":""0a:1d:93:c7:50:0a"",""s"":""KT WiFi"",""r"":-63,""f"":5320}]",,37.55486916452442,127.04384031799795,between,한양대,성수,67.62466730377919
1789968032064,2026-09-21 14:20:32,unknown,37.5552577,127.0434914,38.651,0.0,,49.20000076293945,fused,1,LTE,NR_NSA,5G,True,False,True,False,False,52546050,322,3050,7,8282,450,6,-73,-7,-51,18.0,4,0.0,,,,80170,23080,0.6414,0.1846,80150,23060,0.6412,0.1845,False,7,0,7,-75.0,322.0,100.0,0.26280546,False,False,periodic,50,0,1.0,-1.0,5003,,,,"[{""type"":""LTE"",""pci"":322,""earfcn"":100,""tac"":null,""rsrp"":-75,""rsrq"":-13,""rssi"":-53,""snr"":null,""ta"":0,""level"":4,""bands"":""1""},{""type"":""LTE"",""pci"":322,""earfcn"":2600,""tac"":null,""rsrp"":-75,""rsrq"":-11,""rssi"":-53,""snr"":null,""ta"":0,""level"":4,""bands"":""5""},{""type"":""LTE"",""pci"":315,""earfcn"":2600,""tac"":null,""rsrp"":-81,""rsrq"":-20,""rssi"":-51,""snr"":null,""ta"":0,""level"":4,""bands"":""5""},{""type"":""LTE"",""pci"":315,""earfcn"":100,""tac"":null,""rsrp"":-83,""rsrq"":-20,""rssi"":-53,""snr"":null,""ta"":0,""level"":4,""bands"":""1""},{""type"":""LTE"",""pci"":15,""earfcn"":3050,""tac"":null,""rsrp"":-90,""rsrq"":-17,""rssi"":-61,""snr"":null,""ta"":0,""level"":3,""bands"":""7""},{""type"":""LTE"",""pci"":15,""earfcn"":2600,""tac"":null,""rsrp"":-91,""rsrq"":-20,""rssi"":-59,""snr"":null,""ta"":0,""level"":3,""bands"":""5""},{""type"":""LTE"",""pci"":315,""earfcn"":3050,""tac"":null,""rsrp"":-94,""rsrq"":-20,""rssi"":-59,""snr"":null,""ta"":0,""level"":3,""bands"":""7""}]",1007.51587,59.0,,42,2,,,,"[{""b"":""40:27:0b:02:a2:b7"",""s"":""U+zone_2.4GHz"",""r"":-37,""f"":2432},{""b"":""22:17:b2:0b:47:8a"",""s"":""T wifi zone_secure"",""r"":-42,""f"":5785},{""b"":""22:17:b2:0b:47:88"",""s"":""T wifi zone"",""r"":-42,""f"":5785},{""b"":""40:27:0b:02:a2:b8"",""s"":""U+zone"",""r"":-43,""f"":5785},{""b"":""36:78:c2:00:0a:b4"",""s"":""KT WiFi "",""r"":-46,""f"":5640},{""b"":""30:78:c2:00:0a:b4"",""s"":""KT WiFi"",""r"":-46,""f"":5640},{""b"":""02:17:b2:0b:47:8a"",""s"":""T wifi zone_secure"",""r"":-49,""f"":2452},{""b"":""02:17:b2:0b:47:88"",""s"":""T wifi zone"",""r"":-50,""f"":2452},{""b"":""30:78:c2:00:0a:b5"",""s"":""KT WiFi"",""r"":-50,""f"":2432},{""b"":""36:78:c2:00:0a:b5"",""s"":""KT WiFi "",""r"":-51,""f"":2432},{""b"":""12:06:ac:80:5e:3b"",""s"":""FREE_U+zone"",""r"":-59,""f"":5745},{""b"":""02:06:ac:80:5e:3b"",""s"":""U+zone"",""r"":-61,""f"":5745},{""b"":""22:17:b2:0b:7d:b8"",""s"":""T wifi zone_secure"",""r"":-65,""f"":5805},{""b"":""22:17:b2:0b:7d:b6"",""s"":""T wifi zone"",""r"":-66,""f"":5805},{""b"":""02:06:ac:80:5e:3a"",""s"":""U+zone_2.4GHz"",""r"":-67,""f"":2472}]",,37.55446645505892,127.04402511927572,between,한양대,성수,99.77204654352464
1789968035487,2026-09-21 14:20:35,unknown,37.5545731,127.0437954,18.074,11.4,181.0,49.20000076293945,fused,0,LTE,NR_NSA,5G,True,False,True,False,False,52541955,315,3050,7,8282,450,6,-79,-10,-51,15.0,4,0.0,,,,8497,10778,0.068,0.0862,8468,10749,0.0677,0.086,False,5,0,5,-76.0,315.0,100.0,11.4,True,False,handover,0,1,,,3,52546050.0,-73.0,-7.0,"[{""type"":""LTE"",""pci"":315,""earfcn"":100,""tac"":null,""rsrp"":-76,""rsrq"":-14,""rssi"":-53,""snr"":null,""ta"":0,""level"":4,""bands"":""1""},{""type"":""LTE"",""pci"":15,""earfcn"":2600,""tac"":null,""rsrp"":-78,""rsrq"":-20,""rssi"":-51,""snr"":null,""ta"":0,""level"":4,""bands"":""5""},{""type"":""LTE"",""pci"":322,""earfcn"":2600,""tac"":null,""rsrp"":-79,""rsrq"":-14,""rssi"":-57,""snr"":null,""ta"":0,""level"":4,""bands"":""5""},{""type"":""LTE"",""pci"":315,""earfcn"":2600,""tac"":null,""rsrp"":-81,""rsrq"":-14,""rssi"":-57,""snr"":null,""ta"":0,""level"":4,""bands"":""5""},{""type"":""LTE"",""pci"":322,""earfcn"":3050,""tac"":null,""rsrp"":-84,""rsrq"":-16,""rssi"":-59,""snr"":null,""ta"":0,""level"":4,""bands"":""7""}]",1007.59,69.0,,41,3,,,,"[{""b"":""40:27:0b:02:a2:b8"",""s"":""U+zone"",""r"":-38,""f"":5785},{""b"":""40:27:0b:02:a2:b7"",""s"":""U+zone_2.4GHz"",""r"":-39,""f"":2432},{""b"":""22:17:b2:0b:47:8a"",""s"":""T wifi zone_secure"",""r"":-41,""f"":5785},{""b"":""22:17:b2:0b:47:88"",""s"":""T wifi zone"",""r"":-41,""f"":5785},{""b"":""36:78:c2:00:0a:b5"",""s"":""KT WiFi "",""r"":-44,""f"":2432},{""b"":""30:78:c2:00:0a:b5"",""s"":""KT WiFi"",""r"":-46,""f"":2432},{""b"":""36:78:c2:00:0a:b4"",""s"":""KT WiFi "",""r"":-47,""f"":5640},{""b"":""30:78:c2:00:0a:b4"",""s"":""KT WiFi"",""r"":-47,""f"":5640},{""b"":""02:17:b2:0b:47:8a"",""s"":""T wifi zone_secure"",""r"":-50,""f"":2452},{""b"":""02:17:b2:0b:47:88"",""s"":""T wifi zone"",""r"":-51,""f"":2452},{""b"":""22:17:b2:0b:7d:b6"",""s"":""T wifi zone"",""r"":-65,""f"":5805},{""b"":""22:17:b2:0b:7d:b8"",""s"":""T wifi zone_secure"",""r"":-66,""f"":5805},{""b"":""12:06:ac:80:5e:3b"",""s"":""FREE_U+zone"",""r"":-70,""f"":5745},{""b"":""02:06:ac:80:5e:3b"",""s"":""U+zone"",""r"":-71,""f"":5745},{""b"":""30:78:c2:00:07:d5"",""s"":""KT WiFi"",""r"":-75,""f"":5640}]","[{""type"":""LTE"",""pci"":322,""earfcn"":100,""tac"":null,""rsrp"":-75,""rsrq"":-13,""rssi"":-53,""snr"":null,""ta"":0,""level"":4,""bands"":""1""},{""type"":""LTE"",""pci"":322,""earfcn"":2600,""tac"":null,""rsrp"":-75,""rsrq"":-11,""rssi"":-53,""snr"":null,""ta"":0,""level"":4,""bands"":""5""},{""type"":""LTE"",""pci"":315,""earfcn"":2600,""tac"":null,""rsrp"":-81,""rsrq"":-20,""rssi"":-51,""snr"":null,""ta"":0,""level"":4,""bands"":""5""},{""type"":""LTE"",""pci"":315,""earfcn"":100,""tac"":null,""rsrp"":-83,""rsrq"":-20,""rssi"":-53,""snr"":null,""ta"":0,""level"":4,""bands"":""1""},{""type"":""LTE"",""pci"":15,""earfcn"":3050,""tac"":null,""rsrp"":-90,""rsrq"":-17,""rssi"":-61,""snr"":null,""ta"":0,""level"":3,""bands"":""7""},{""type"":""LTE"",""pci"":15,""earfcn"":2600,""tac"":null,""rsrp"":-91,""rsrq"":-20,""rssi"":-59,""snr"":null,""ta"":0,""level"":3,""bands"":""5""},{""type"":""LTE"",""pci"":315,""earfcn"":3050,""tac"":null,""rsrp"":-94,""rsrq"":-20,""rssi"":-59,""snr"":null,""ta"":0,""level"":3,""bands"":""7""}]",37.5545731,127.0437954,gps,한양대,성수,0.0
1789968037080,2026-09-21 14:20:37,unknown,37.5543466,127.0438684,13.407,10.3,171.0,49.20000076293945,fused,0,LTE,NR_NSA,5G,True,False,True,False,False,52541955,315,3050,7,8282,450,6,-79,-10,-51,15.0,4,0.0,,,,220897,45048,1.7672,0.3604,220897,45048,1.7672,0.3604,False,5,0,5,-76.0,315.0,100.0,10.3,False,False,periodic,1,1,0.0,0.0,1598,,,,"[{""type"":""LTE"",""pci"":315,""earfcn"":100,""tac"":null,""rsrp"":-76,""rsrq"":-14,""rssi"":-53,""snr"":null,""ta"":0,""level"":4,""bands"":""1""},{""type"":""LTE"",""pci"":15,""earfcn"":2600,""tac"":null,""rsrp"":-78,""rsrq"":-20,""rssi"":-51,""snr"":null,""ta"":0,""level"":4,""bands"":""5""},{""type"":""LTE"",""pci"":322,""earfcn"":2600,""tac"":null,""rsrp"":-79,""rsrq"":-14,""rssi"":-57,""snr"":null,""ta"":0,""level"":4,""bands"":""5""},{""type"":""LTE"",""pci"":315,""earfcn"":2600,""tac"":null,""rsrp"":-81,""rsrq"":-14,""rssi"":-57,""snr"":null,""ta"":0,""level"":4,""bands"":""5""},{""type"":""LTE"",""pci"":322,""earfcn"":3050,""tac"":null,""rsrp"":-84,""rsrq"":-16,""rssi"":-59,""snr"":null,""ta"":0,""level"":4,""bands"":""7""}]",1007.5503,69.0,,41,5,,,,"[{""b"":""40:27:0b:02:a2:b8"",""s"":""U+zone"",""r"":-38,""f"":5785},{""b"":""40:27:0b:02:a2:b7"",""s"":""U+zone_2.4GHz"",""r"":-39,""f"":2432},{""b"":""22:17:b2:0b:47:8a"",""s"":""T wifi zone_secure"",""r"":-41,""f"":5785},{""b"":""22:17:b2:0b:47:88"",""s"":""T wifi zone"",""r"":-41,""f"":5785},{""b"":""36:78:c2:00:0a:b5"",""s"":""KT WiFi "",""r"":-44,""f"":2432},{""b"":""30:78:c2:00:0a:b5"",""s"":""KT WiFi"",""r"":-46,""f"":2432},{""b"":""36:78:c2:00:0a:b4"",""s"":""KT WiFi "",""r"":-47,""f"":5640},{""b"":""30:78:c2:00:0a:b4"",""s"":""KT WiFi"",""r"":-47,""f"":5640},{""b"":""02:17:b2:0b:47:8a"",""s"":""T wifi zone_secure"",""r"":-50,""f"":2452},{""b"":""02:17:b2:0b:47:88"",""s"":""T wifi zone"",""r"":-51,""f"":2452},{""b"":""22:17:b2:0b:7d:b6"",""s"":""T wifi zone"",""r"":-65,""f"":5805},{""b"":""22:17:b2:0b:7d:b8"",""s"":""T wifi zone_secure"",""r"":-66,""f"":5805},{""b"":""12:06:ac:80:5e:3b"",""s"":""FREE_U+zone"",""r"":-70,""f"":5745},{""b"":""02:06:ac:80:5e:3b"",""s"":""U+zone"",""r"":-71,""f"":5745},{""b"":""30:78:c2:00:07:d5"",""s"":""KT WiFi"",""r"":-75,""f"":5640}]",,37.5543466,127.0438684,gps,한양대,성수,0.0
1789968042095,2026-09-21 14:20:42,unknown,37.5539054,127.0439231,6.399,12.75,173.0,49.20000076293945,fused,1,LTE,NR_NSA,5G,True,False,True,False,False,52541955,315,3050,7,8282,450,6,-78,-7,-53,14.0,4,0.0,,,,1503210,68472,12.0257,0.5478,1503190,68452,12.0255,0.5476,False,4,0,4,-73.0,315.0,100.0,12.75,False,False,periodic,6,1,1.0,-1.0,5000,,,,"[{""type"":""LTE"",""pci"":315,""earfcn"":100,""tac"":null,""rsrp"":-73,""rsrq"":-8,""rssi"":-51,""snr"":null,""ta"":0,""level"":4,""bands"":""1""},{""type"":""LTE"",""pci"":315,""earfcn"":2600,""tac"":null,""rsrp"":-73,""rsrq"":-9,""rssi"":-51,""snr"":null,""ta"":0,""level"":4,""bands"":""5""},{""type"":""LTE"",""pci"":322,""earfcn"":100,""tac"":null,""rsrp"":-83,""rsrq"":-19,""rssi"":-53,""snr"":null,""ta"":0,""level"":4,""bands"":""1""},{""type"":""LTE"",""pci"":322,""earfcn"":3050,""tac"":null,""rsrp"":-88,""rsrq"":-16,""rssi"":-63,""snr"":null,""ta"":0,""level"":3,""bands"":""7""}]",1007.3983,73.0,97.682,41,10,,,,"[{""b"":""40:27:0b:02:a2:b8"",""s"":""U+zone"",""r"":-38,""f"":5785},{""b"":""40:27:0b:02:a2:b7"",""s"":""U+zone_2.4GHz"",""r"":-39,""f"":2432},{""b"":""22:17:b2:0b:47:8a"",""s"":""T wifi zone_secure"",""r"":-41,""f"":5785},{""b"":""22:17:b2:0b:47:88"",""s"":""T wifi zone"",""r"":-41,""f"":5785},{""b"":""36:78:c2:00:0a:b5"",""s"":""KT WiFi "",""r"":-44,""f"":2432},{""b"":""30:78:c2:00:0a:b5"",""s"":""KT WiFi"",""r"":-46,""f"":2432},{""b"":""36:78:c2:00:0a:b4"",""s"":""KT WiFi "",""r"":-47,""f"":5640},{""b"":""30:78:c2:00:0a:b4"",""s"":""KT WiFi"",""r"":-47,""f"":5640},{""b"":""02:17:b2:0b:47:8a"",""s"":""T wifi zone_secure"",""r"":-50,""f"":2452},{""b"":""02:17:b2:0b:47:88"",""s"":""T wifi zone"",""r"":-51,""f"":2452},{""b"":""22:17:b2:0b:7d:b6"",""s"":""T wifi zone"",""r"":-65,""f"":5805},{""b"":""22:17:b2:0b:7d:b8"",""s"":""T wifi zone_secure"",""r"":-66,""f"":5805},{""b"":""12:06:ac:80:5e:3b"",""s"":""FREE_U+zone"",""r"":-70,""f"":5745},{""b"":""02:06:ac:80:5e:3b"",""s"":""U+zone"",""r"":-71,""f"":5745},{""b"":""30:78:c2:00:07:d5"",""s"":""KT WiFi"",""r"":-75,""f"":5640}]",,37.5539054,127.0439231,gps,한양대,성수,0.0
1789968047008,2026-09-21 14:20:47,unknown,37.5531239,127.0440623,3.79,15.27,173.0,51.283496089561794,fused,0,LTE,NR_NSA,5G,True,False,True,False,False,52553216,455,3050,7,8282,450,6,-80,-10,-51,6.0,4,0.0,,,,10879,1613,0.087,0.0129,10859,1592,0.0869,0.0127,False,2,0,2,-83.0,110.0,3050.0,15.27,True,False,handover,0,2,,,5,52541955.0,-78.0,-7.0,"[{""type"":""LTE"",""pci"":110,""earfcn"":3050,""tac"":null,""rsrp"":-83,""rsrq"":-17,""rssi"":-53,""snr"":null,""ta"":0,""level"":4,""bands"":""7""},{""type"":""LTE"",""pci"":315,""earfcn"":3050,""tac"":null,""rsrp"":-89,""rsrq"":-13,""rssi"":-51,""snr"":null,""ta"":0,""level"":3,""bands"":""7""}]",1007.2035,47.0,,49,4,,,,"[{""b"":""40:27:0b:02:a2:b8"",""s"":""U+zone"",""r"":-38,""f"":5785},{""b"":""22:17:b2:0b:47:8a"",""s"":""T wifi zone_secure"",""r"":-40,""f"":5785},{""b"":""22:17:b2:0b:47:88"",""s"":""T wifi zone"",""r"":-41,""f"":5785},{""b"":""40:27:0b:02:a2:b7"",""s"":""U+zone_2.4GHz"",""r"":-41,""f"":2432},{""b"":""02:17:b2:0b:47:8a"",""s"":""T wifi zone_secure"",""r"":-43,""f"":2452},{""b"":""02:17:b2:0b:47:88"",""s"":""T wifi zone"",""r"":-44,""f"":2452},{""b"":""36:78:c2:00:0a:b4"",""s"":""KT WiFi "",""r"":-46,""f"":5640},{""b"":""30:78:c2:00:0a:b4"",""s"":""KT WiFi"",""r"":-46,""f"":5640},{""b"":""36:78:c2:00:0a:b5"",""s"":""KT WiFi "",""r"":-51,""f"":2432},{""b"":""30:78:c2:00:0a:b5"",""s"":""KT WiFi"",""r"":-51,""f"":2432},{""b"":""02:17:b2:0b:7d:b8"",""s"":""T wifi zone_secure"",""r"":-63,""f"":2452},{""b"":""40:27:0b:02:a2:c6"",""s"":""U+zone_2.4GHz"",""r"":-64,""f"":2472},{""b"":""02:17:b2:0b:7d:b6"",""s"":""T wifi zone"",""r"":-65,""f"":2452},{""b"":""22:17:b2:0b:7d:b8"",""s"":""T wifi zone_secure"",""r"":-66,""f"":5805},{""b"":""22:17:b2:0b:7d:b6"",""s"":""T wifi zone"",""r"":-67,""f"":5805}]","[{""type"":""LTE"",""pci"":315,""earfcn"":100,""tac"":null,""rsrp"":-73,""rsrq"":-8,""rssi"":-51,""snr"":null,""ta"":0,""level"":4,""bands"":""1""},{""type"":""LTE"",""pci"":315,""earfcn"":2600,""tac"":null,""rsrp"":-73,""rsrq"":-9,""rssi"":-51,""snr"":null,""ta"":0,""level"":4,""bands"":""5""},{""type"":""LTE"",""pci"":322,""earfcn"":100,""tac"":null,""rsrp"":-83,""rsrq"":-19,""rssi"":-53,""snr"":null,""ta"":0,""level"":4,""bands"":""1""},{""type"":""LTE"",""pci"":322,""earfcn"":3050,""tac"":null,""rsrp"":-88,""rsrq"":-16,""rssi"":-63,""snr"":null,""ta"":0,""level"":3,""bands"":""7""}]",37.5531239,127.0440623,gps,한양대,성수,0.0
1789968047103,2026-09-21 14:20:47,unknown,37.5531239,127.0440623,3.79,15.27,173.0,51.283496089561794,fused,0,LTE,NR_NSA,5G,True,False,True,False,False,52553216,455,3050,7,8282,450,6,-80,-10,-51,6.0,4,0.0,,,,0,0,0.0,0.0,0,0,0.0,0.0,False,2,0,2,-83.0,110.0,3050.0,15.27,False,False,periodic,0,2,0.0,0.0,99,,,,"[{""type"":""LTE"",""pci"":110,""earfcn"":3050,""tac"":null,""rsrp"":-83,""rsrq"":-17,""rssi"":-53,""snr"":null,""ta"":0,""level"":4,""bands"":""7""},{""type"":""LTE"",""pci"":315,""earfcn"":3050,""tac"":null,""rsrp"":-89,""rsrq"":-13,""rssi"":-51,""snr"":null,""ta"":0,""level"":3,""bands"":""7""}]",1007.1975,47.0,,49,4,,,,"[{""b"":""40:27:0b:02:a2:b8"",""s"":""U+zone"",""r"":-38,""f"":5785},{""b"":""22:17:b2:0b:47:8a"",""s"":""T wifi zone_secure"",""r"":-40,""f"":5785},{""b"":""22:17:b2:0b:47:88"",""s"":""T wifi zone"",""r"":-41,""f"":5785},{""b"":""40:27:0b:02:a2:b7"",""s"":""U+zone_2.4GHz"",""r"":-41,""f"":2432},{""b"":""02:17:b2:0b:47:8a"",""s"":""T wifi zone_secure"",""r"":-43,""f"":2452},{""b"":""02:17:b2:0b:47:88"",""s"":""T wifi zone"",""r"":-44,""f"":2452},{""b"":""36:78:c2:00:0a:b4"",""s"":""KT WiFi "",""r"":-46,""f"":5640},{""b"":""30:78:c2:00:0a:b4"",""s"":""KT WiFi"",""r"":-46,""f"":5640},{""b"":""36:78:c2:00:0a:b5"",""s"":""KT WiFi "",""r"":-51,""f"":2432},{""b"":""30:78:c2:00:0a:b5"",""s"":""KT WiFi"",""r"":-51,""f"":2432},{""b"":""02:17:b2:0b:7d:b8"",""s"":""T wifi zone_secure"",""r"":-63,""f"":2452},{""b"":""40:27:0b:02:a2:c6"",""s"":""U+zone_2.4GHz"",""r"":-64,""f"":2472},{""b"":""02:17:b2:0b:7d:b6"",""s"":""T wifi zone"",""r"":-65,""f"":2452},{""b"":""22:17:b2:0b:7d:b8"",""s"":""T wifi zone_secure"",""r"":-66,""f"":5805},{""b"":""22:17:b2:0b:7d:b6"",""s"":""T wifi zone"",""r"":-67,""f"":5805}]",,37.5531239,127.0440623,gps,한양대,성수,0.0
1789968052120,2026-09-21 14:20:52,unknown,37.5525391,127.044139,3.79,16.69,173.0,52.85124636636248,fused,1,LTE,NR_NSA,5G,True,False,True,False,False,52553216,455,3050,7,8282,450,6,-80,-9,-51,6.0,4,0.0,,,,432,432,0.0035,0.0035,393,392,0.0031,0.0031,False,2,0,2,-87.0,110.0,3050.0,16.69,False,False,periodic,5,2,0.0,0.0,5004,,,,"[{""type"":""LTE"",""pci"":110,""earfcn"":3050,""tac"":null,""rsrp"":-87,""rsrq"":-18,""rssi"":-59,""snr"":null,""ta"":0,""level"":3,""bands"":""7""},{""type"":""LTE"",""pci"":315,""earfcn"":3050,""tac"":null,""rsrp"":-88,""rsrq"":-14,""rssi"":-59,""snr"":null,""ta"":0,""level"":3,""bands"":""7""}]",1007.04004,73.0,,49,9,,,,"[{""b"":""40:27:0b:02:a2:b8"",""s"":""U+zone"",""r"":-38,""f"":5785},{""b"":""22:17:b2:0b:47:8a"",""s"":""T wifi zone_secure"",""r"":-40,""f"":5785},{""b"":""22:17:b2:0b:47:88"",""s"":""T wifi zone"",""r"":-41,""f"":5785},{""b"":""40:27:0b:02:a2:b7"",""s"":""U+zone_2.4GHz"",""r"":-41,""f"":2432},{""b"":""02:17:b2:0b:47:8a"",""s"":""T wifi zone_secure"",""r"":-43,""f"":2452},{""b"":""02:17:b2:0b:47:88"",""s"":""T wifi zone"",""r"":-44,""f"":2452},{""b"":""36:78:c2:00:0a:b4"",""s"":""KT WiFi "",""r"":-46,""f"":5640},{""b"":""30:78:c2:00:0a:b4"",""s"":""KT WiFi"",""r"":-46,""f"":5640},{""b"":""36:78:c2:00:0a:b5"",""s"":""KT WiFi "",""r"":-51,""f"":2432},{""b"":""30:78:c2:00:0a:b5"",""s"":""KT WiFi"",""r"":-51,""f"":2432},{""b"":""02:17:b2:0b:7d:b8"",""s"":""T wifi zone_secure"",""r"":-63,""f"":2452},{""b"":""40:27:0b:02:a2:c6"",""s"":""U+zone_2.4GHz"",""r"":-64,""f"":2472},{""b"":""02:17:b2:0b:7d:b6"",""s"":""T wifi zone"",""r"":-65,""f"":2452},{""b"":""22:17:b2:0b:7d:b8"",""s"":""T wifi zone_secure"",""r"":-66,""f"":5805},{""b"":""22:17:b2:0b:7d:b6"",""s"":""T wifi zone"",""r"":-67,""f"":5805}]",,37.5525391,127.044139,gps,한양대,성수,0.0
1789968053278,2026-09-21 14:20:53,unknown,37.5522316,127.0441866,3.79,17.39,173.0,53.08593888201011,fused,0,LTE,NR_NSA,5G,True,False,True,False,False,52546058,429,3050,7,8282,450,6,-90,-17,-53,-1.0,3,5.0,,,,303,341,0.0024,0.0027,303,341,0.0024,0.0027,False,3,0,3,-92.0,455.0,3050.0,17.39,True,False,handover,0,3,,,9,52553216.0,-80.0,-9.0,"[{""type"":""LTE"",""pci"":455,""earfcn"":3050,""tac"":null,""rsrp"":-92,""rsrq"":-18,""rssi"":-65,""snr"":null,""ta"":5,""level"":3,""bands"":""7""},{""type"":""LTE"",""pci"":357,""earfcn"":3050,""tac"":null,""rsrp"":-93,""rsrq"":-19,""rssi"":-65,""snr"":null,""ta"":5,""level"":3,""bands"":""7""},{""type"":""LTE"",""pci"":300,""earfcn"":3050,""tac"":null,""rsrp"":-94,""rsrq"":-15,""rssi"":-65,""snr"":null,""ta"":5,""level"":3,""bands"":""7""}]",1007.079,51.0,,49,10,,,,"[{""b"":""40:27:0b:02:a2:b8"",""s"":""U+zone"",""r"":-38,""f"":5785},{""b"":""22:17:b2:0b:47:8a"",""s"":""T wifi zone_secure"",""r"":-40,""f"":5785},{""b"":""22:17:b2:0b:47:88"",""s"":""T wifi zone"",""r"":-41,""f"":5785},{""b"":""40:27:0b:02:a2:b7"",""s"":""U+zone_2.4GHz"",""r"":-41,""f"":2432},{""b"":""02:17:b2:0b:47:8a"",""s"":""T wifi zone_secure"",""r"":-43,""f"":2452},{""b"":""02:17:b2:0b:47:88"",""s"":""T wifi zone"",""r"":-44,""f"":2452},{""b"":""36:78:c2:00:0a:b4"",""s"":""KT WiFi "",""r"":-46,""f"":5640},{""b"":""30:78:c2:00:0a:b4"",""s"":""KT WiFi"",""r"":-46,""f"":5640},{""b"":""36:78:c2:00:0a:b5"",""s"":""KT WiFi "",""r"":-51,""f"":2432},{""b"":""30:78:c2:00:0a:b5"",""s"":""KT WiFi"",""r"":-51,""f"":2432},{""b"":""02:17:b2:0b:7d:b8"",""s"":""T wifi zone_secure"",""r"":-63,""f"":2452},{""b"":""40:27:0b:02:a2:c6"",""s"":""U+zone_2.4GHz"",""r"":-64,""f"":2472},{""b"":""02:17:b2:0b:7d:b6"",""s"":""T wifi zone"",""r"":-65,""f"":2452},{""b"":""22:17:b2:0b:7d:b8"",""s"":""T wifi zone_secure"",""r"":-66,""f"":5805},{""b"":""22:17:b2:0b:7d:b6"",""s"":""T wifi zone"",""r"":-67,""f"":5805}]","[{""type"":""LTE"",""pci"":110,""earfcn"":3050,""tac"":null,""rsrp"":-87,""rsrq"":-18,""rssi"":-59,""snr"":null,""ta"":0,""level"":3,""bands"":""7""},{""type"":""LTE"",""pci"":315,""earfcn"":3050,""tac"":null,""rsrp"":-88,""rsrq"":-14,""rssi"":-59,""snr"":null,""ta"":0,""level"":3,""bands"":""7""}]",37.5522316,127.0441866,gps,한양대,성수,0.0
1789968057146,2026-09-21 14:20:57,unknown,37.5515748,127.0442387,3.79,18.64,177.0,53.55223940358152,fused,0,LTE,NR_NSA,5G,True,False,True,False,False,52546058,429,3050,7,8282,450,6,-90,-17,-53,-1.0,3,5.0,,,,75,73,0.0006,0.0006,49,47,0.0004,0.0004,False,3,0,3,-92.0,455.0,3050.0,18.64,False,False,periodic,3,3,0.0,0.0,3874,,,,"[{""type"":""LTE"",""pci"":455,""earfcn"":3050,""tac"":null,""rsrp"":-92,""rsrq"":-18,""rssi"":-65,""snr"":null,""ta"":5,""level"":3,""bands"":""7""},{""type"":""LTE"",""pci"":357,""earfcn"":3050,""tac"":null,""rsrp"":-93,""rsrq"":-19,""rssi"":-65,""snr"":null,""ta"":5,""level"":3,""bands"":""7""},{""type"":""LTE"",""pci"":300,""earfcn"":3050,""tac"":null,""rsrp"":-94,""rsrq"":-15,""rssi"":-65,""snr"":null,""ta"":5,""level"":3,""bands"":""7""}]",1007.0962,51.0,,49,14,,,,"[{""b"":""40:27:0b:02:a2:b8"",""s"":""U+zone"",""r"":-38,""f"":5785},{""b"":""22:17:b2:0b:47:8a"",""s"":""T wifi zone_secure"",""r"":-40,""f"":5785},{""b"":""22:17:b2:0b:47:88"",""s"":""T wifi zone"",""r"":-41,""f"":5785},{""b"":""40:27:0b:02:a2:b7"",""s"":""U+zone_2.4GHz"",""r"":-41,""f"":2432},{""b"":""02:17:b2:0b:47:8a"",""s"":""T wifi zone_secure"",""r"":-43,""f"":2452},{""b"":""02:17:b2:0b:47:88"",""s"":""T wifi zone"",""r"":-44,""f"":2452},{""b"":""36:78:c2:00:0a:b4"",""s"":""KT WiFi "",""r"":-46,""f"":5640},{""b"":""30:78:c2:00:0a:b4"",""s"":""KT WiFi"",""r"":-46,""f"":5640},{""b"":""36:78:c2:00:0a:b5"",""s"":""KT WiFi "",""r"":-51,""f"":2432},{""b"":""30:78:c2:00:0a:b5"",""s"":""KT WiFi"",""r"":-51,""f"":2432},{""b"":""02:17:b2:0b:7d:b8"",""s"":""T wifi zone_secure"",""r"":-63,""f"":2452},{""b"":""40:27:0b:02:a2:c6"",""s"":""U+zone_2.4GHz"",""r"":-64,""f"":2472},{""b"":""02:17:b2:0b:7d:b6"",""s"":""T wifi zone"",""r"":-65,""f"":2452},{""b"":""22:17:b2:0b:7d:b8"",""s"":""T wifi zone_secure"",""r"":-66,""f"":5805},{""b"":""22:17:b2:0b:7d:b6"",""s"":""T wifi zone"",""r"":-67,""f"":5805}]",,37.5515748,127.0442387,gps,한양대,성수,0.0
1789968058229,2026-09-21 14:20:58,unknown,37.5515748,127.0442387,3.79,18.64,177.0,53.55223940358152,fused,1,LTE,NR_NSA,5G,True,False,True,False,False,52556553,343,2600,5,8282,450,6,-83,-14,-51,-12.0,4,0.0,,,,0,55,0.0,0.0004,0,55,0.0,0.0004,False,3,0,3,-84.0,45.0,2600.0,18.64,True,False,handover,0,4,,,5,52546058.0,-90.0,-17.0,"[{""type"":""LTE"",""pci"":45,""earfcn"":2600,""tac"":null,""rsrp"":-84,""rsrq"":-17,""rssi"":-57,""snr"":null,""ta"":0,""level"":4,""bands"":""5""},{""type"":""LTE"",""pci"":110,""earfcn"":2600,""tac"":null,""rsrp"":-85,""rsrq"":-19,""rssi"":-57,""snr"":null,""ta"":0,""level"":4,""bands"":""5""},{""type"":""LTE"",""pci"":294,""earfcn"":2600,""tac"":null,""rsrp"":-87,""rsrq"":-20,""rssi"":-57,""snr"":null,""ta"":0,""level"":3,""bands"":""5""}]",1007.15375,51.0,,49,15,,,,"[{""b"":""40:27:0b:02:a2:b8"",""s"":""U+zone"",""r"":-38,""f"":5785},{""b"":""22:17:b2:0b:47:8a"",""s"":""T wifi zone_secure"",""r"":-40,""f"":5785},{""b"":""22:17:b2:0b:47:88"",""s"":""T wifi zone"",""r"":-41,""f"":5785},{""b"":""40:27:0b:02:a2:b7"",""s"":""U+zone_2.4GHz"",""r"":-41,""f"":2432},{""b"":""02:17:b2:0b:47:8a"",""s"":""T wifi zone_secure"",""r"":-43,""f"":2452},{""b"":""02:17:b2:0b:47:88"",""s"":""T wifi zone"",""r"":-44,""f"":2452},{""b"":""36:78:c2:00:0a:b4"",""s"":""KT WiFi "",""r"":-46,""f"":5640},{""b"":""30:78:c2:00:0a:b4"",""s"":""KT WiFi"",""r"":-46,""f"":5640},{""b"":""36:78:c2:00:0a:b5"",""s"":""KT WiFi "",""r"":-51,""f"":2432},{""b"":""30:78:c2:00:0a:b5"",""s"":""KT WiFi"",""r"":-51,""f"":2432},{""b"":""02:17:b2:0b:7d:b8"",""s"":""T wifi zone_secure"",""r"":-63,""f"":2452},{""b"":""40:27:0b:02:a2:c6"",""s"":""U+zone_2.4GHz"",""r"":-64,""f"":2472},{""b"":""02:17:b2:0b:7d:b6"",""s"":""T wifi zone"",""r"":-65,""f"":2452},{""b"":""22:17:b2:0b:7d:b8"",""s"":""T wifi zone_secure"",""r"":-66,""f"":5805},{""b"":""22:17:b2:0b:7d:b6"",""s"":""T wifi zone"",""r"":-67,""f"":5805}]","[{""type"":""LTE"",""pci"":455,""earfcn"":3050,""tac"":null,""rsrp"":-92,""rsrq"":-18,""rssi"":-65,""snr"":null,""ta"":5,""level"":3,""bands"":""7""},{""type"":""LTE"",""pci"":357,""earfcn"":3050,""tac"":null,""rsrp"":-93,""rsrq"":-19,""rssi"":-65,""snr"":null,""ta"":5,""level"":3,""bands"":""7""},{""type"":""LTE"",""pci"":300,""earfcn"":3050,""tac"":null,""rsrp"":-94,""rsrq"":-15,""rssi"":-65,""snr"":null,""ta"":5,""level"":3,""bands"":""7""}]",37.5515748,127.0442387,gps,한양대,성수,0.0
1789968059440,2026-09-21 14:20:59,unknown,37.5512321,127.0442451,3.79,19.37,179.0,53.56682463006627,fused,0,LTE,NR_NSA,5G,True,False,True,False,False,52541966,89,100,1,8282,450,6,-87,-15,-51,-12.0,3,0.0,,,,92,128,0.0007,0.001,92,128,0.0007,0.001,False,10,0,10,-81.0,89.0,2600.0,19.37,True,False,handover,0,5,,,11,52556553.0,-83.0,-14.0,"[{""type"":""LTE"",""pci"":89,""earfcn"":2600,""tac"":null,""rsrp"":-81,""rsrq"":-17,""rssi"":-57,""snr"":null,""ta"":0,""level"":4,""bands"":""5""},{""type"":""LTE"",""pci"":343,""earfcn"":2600,""tac"":null,""rsrp"":-82,""rsrq"":-14,""rssi"":-51,""snr"":null,""ta"":0,""level"":4,""bands"":""5""},{""type"":""LTE"",""pci"":294,""earfcn"":2600,""tac"":null,""rsrp"":-85,""rsrq"":-18,""rssi"":-57,""snr"":null,""ta"":0,""level"":4,""bands"":""5""},{""type"":""LTE"",""pci"":294,""earfcn"":100,""tac"":null,""rsrp"":-90,""rsrq"":-17,""rssi"":-63,""snr"":null,""ta"":0,""level"":3,""bands"":""1""},{""type"":""LTE"",""pci"":4,""earfcn"":100,""tac"":null,""rsrp"":-90,""rsrq"":-17,""rssi"":-63,""snr"":null,""ta"":0,""level"":3,""bands"":""1""},{""type"":""LTE"",""pci"":89,""earfcn"":3050,""tac"":null,""rsrp"":-90,""rsrq"":-10,""rssi"":-71,""snr"":null,""ta"":0,""level"":3,""bands"":""7""},{""type"":""LTE"",""pci"":343,""earfcn"":100,""tac"":null,""rsrp"":-92,""rsrq"":-17,""rssi"":-65,""snr"":null,""ta"":0,""level"":3,""bands"":""1""},{""type"":""LTE"",""pci"":45,""earfcn"":3050,""tac"":null,""rsrp"":-92,""rsrq"":-17,""rssi"":-63,""snr"":null,""ta"":0,""level"":3,""bands"":""7""},{""type"":""LTE"",""pci"":45,""earfcn"":100,""tac"":null,""rsrp"":-94,""rsrq"":-15,""rssi"":-63,""snr"":null,""ta"":0,""level"":3,""bands"":""1""},{""type"":""LTE"",""pci"":272,""earfcn"":100,""tac"":null,""rsrp"":-95,""rsrq"":-20,""rssi"":-63,""snr"":null,""ta"":0,""level"":3,""bands"":""1""}]",1007.1699,761.0,,49,16,,,,"[{""b"":""40:27:0b:02:a2:b8"",""s"":""U+zone"",""r"":-38,""f"":5785},{""b"":""22:17:b2:0b:47:8a"",""s"":""T wifi zone_secure"",""r"":-40,""f"":5785},{""b"":""22:17:b2:0b:47:88"",""s"":""T wifi zone"",""r"":-41,""f"":5785},{""b"":""40:27:0b:02:a2:b7"",""s"":""U+zone_2.4GHz"",""r"":-41,""f"":2432},{""b"":""02:17:b2:0b:47:8a"",""s"":""T wifi zone_secure"",""r"":-43,""f"":2452},{""b"":""02:17:b2:0b:47:88"",""s"":""T wifi zone"",""r"":-44,""f"":2452},{""b"":""36:78:c2:00:0a:b4"",""s"":""KT WiFi "",""r"":-46,""f"":5640},{""b"":""30:78:c2:00:0a:b4"",""s"":""KT WiFi"",""r"":-46,""f"":5640},{""b"":""36:78:c2:00:0a:b5"",""s"":""KT WiFi "",""r"":-51,""f"":2432},{""b"":""30:78:c2:00:0a:b5"",""s"":""KT WiFi"",""r"":-51,""f"":2432},{""b"":""02:17:b2:0b:7d:b8"",""s"":""T wifi zone_secure"",""r"":-63,""f"":2452},{""b"":""40:27:0b:02:a2:c6"",""s"":""U+zone_2.4GHz"",""r"":-64,""f"":2472},{""b"":""02:17:b2:0b:7d:b6"",""s"":""T wifi zone"",""r"":-65,""f"":2452},{""b"":""22:17:b2:0b:7d:b8"",""s"":""T wifi zone_secure"",""r"":-66,""f"":5805},{""b"":""22:17:b2:0b:7d:b6"",""s"":""T wifi zone"",""r"":-67,""f"":5805}]","[{""type"":""LTE"",""pci"":45,""earfcn"":2600,""tac"":null,""rsrp"":-84,""rsrq"":-17,""rssi"":-57,""snr"":null,""ta"":0,""level"":4,""bands"":""5""},{""type"":""LTE"",""pci"":110,""earfcn"":2600,""tac"":null,""rsrp"":-85,""rsrq"":-19,""rssi"":-57,""snr"":null,""ta"":0,""level"":4,""bands"":""5""},{""type"":""LTE"",""pci"":294,""earfcn"":2600,""tac"":null,""rsrp"":-87,""rsrq"":-20,""rssi"":-57,""snr"":null,""ta"":0,""level"":3,""bands"":""5""}]",37.5512321,127.0442451,gps,한양대,성수,0.0
1789968062159,2026-09-21 14:21:02,unknown,37.550887,127.0442553,3.79,19.4,176.0,53.494419641986994,fused,1,LTE,NR_NSA,5G,True,False,True,False,False,52541966,89,100,1,8282,450,6,-87,-15,-51,-12.0,3,0.0,,,,305,63,0.0024,0.0005,268,26,0.0021,0.0002,False,10,0,10,-81.0,89.0,2600.0,19.4,False,False,periodic,2,5,0.0,0.0,2731,,,,"[{""type"":""LTE"",""pci"":89,""earfcn"":2600,""tac"":null,""rsrp"":-81,""rsrq"":-17,""rssi"":-57,""snr"":null,""ta"":0,""level"":4,""bands"":""5""},{""type"":""LTE"",""pci"":343,""earfcn"":2600,""tac"":null,""rsrp"":-82,""rsrq"":-14,""rssi"":-51,""snr"":null,""ta"":0,""level"":4,""bands"":""5""},{""type"":""LTE"",""pci"":294,""earfcn"":2600,""tac"":null,""rsrp"":-85,""rsrq"":-18,""rssi"":-57,""snr"":null,""ta"":0,""level"":4,""bands"":""5""},{""type"":""LTE"",""pci"":294,""earfcn"":100,""tac"":null,""rsrp"":-90,""rsrq"":-17,""rssi"":-63,""snr"":null,""ta"":0,""level"":3,""bands"":""1""},{""type"":""LTE"",""pci"":4,""earfcn"":100,""tac"":null,""rsrp"":-90,""rsrq"":-17,""rssi"":-63,""snr"":null,""ta"":0,""level"":3,""bands"":""1""},{""type"":""LTE"",""pci"":89,""earfcn"":3050,""tac"":null,""rsrp"":-90,""rsrq"":-10,""rssi"":-71,""snr"":null,""ta"":0,""level"":3,""bands"":""7""},{""type"":""LTE"",""pci"":343,""earfcn"":100,""tac"":null,""rsrp"":-92,""rsrq"":-17,""rssi"":-65,""snr"":null,""ta"":0,""level"":3,""bands"":""1""},{""type"":""LTE"",""pci"":45,""earfcn"":3050,""tac"":null,""rsrp"":-92,""rsrq"":-17,""rssi"":-63,""snr"":null,""ta"":0,""level"":3,""bands"":""7""},{""type"":""LTE"",""pci"":45,""earfcn"":100,""tac"":null,""rsrp"":-94,""rsrq"":-15,""rssi"":-63,""snr"":null,""ta"":0,""level"":3,""bands"":""1""},{""type"":""LTE"",""pci"":272,""earfcn"":100,""tac"":null,""rsrp"":-95,""rsrq"":-20,""rssi"":-63,""snr"":null,""ta"":0,""level"":3,""bands"":""1""}]",1007.1926,761.0,,49,19,,,,"[{""b"":""40:27:0b:02:a2:b8"",""s"":""U+zone"",""r"":-38,""f"":5785},{""b"":""22:17:b2:0b:47:8a"",""s"":""T wifi zone_secure"",""r"":-40,""f"":5785},{""b"":""22:17:b2:0b:47:88"",""s"":""T wifi zone"",""r"":-41,""f"":5785},{""b"":""40:27:0b:02:a2:b7"",""s"":""U+zone_2.4GHz"",""r"":-41,""f"":2432},{""b"":""02:17:b2:0b:47:8a"",""s"":""T wifi zone_secure"",""r"":-43,""f"":2452},{""b"":""02:17:b2:0b:47:88"",""s"":""T wifi zone"",""r"":-44,""f"":2452},{""b"":""36:78:c2:00:0a:b4"",""s"":""KT WiFi "",""r"":-46,""f"":5640},{""b"":""30:78:c2:00:0a:b4"",""s"":""KT WiFi"",""r"":-46,""f"":5640},{""b"":""36:78:c2:00:0a:b5"",""s"":""KT WiFi "",""r"":-51,""f"":2432},{""b"":""30:78:c2:00:0a:b5"",""s"":""KT WiFi"",""r"":-51,""f"":2432},{""b"":""02:17:b2:0b:7d:b8"",""s"":""T wifi zone_secure"",""r"":-63,""f"":2452},{""b"":""40:27:0b:02:a2:c6"",""s"":""U+zone_2.4GHz"",""r"":-64,""f"":2472},{""b"":""02:17:b2:0b:7d:b6"",""s"":""T wifi zone"",""r"":-65,""f"":2452},{""b"":""22:17:b2:0b:7d:b8"",""s"":""T wifi zone_secure"",""r"":-66,""f"":5805},{""b"":""22:17:b2:0b:7d:b6"",""s"":""T wifi zone"",""r"":-67,""f"":5805}]",,37.550887,127.0442553,gps,한양대,성수,0.0
1789968067188,2026-09-21 14:21:07,unknown,37.5499265,127.0443673,4.101,16.66,174.0,53.1229781316727,fused,0,LTE,NR_NSA,5G,True,False,True,False,False,52541966,89,100,1,8282,450,6,-77,-12,-51,-7.0,4,0.0,,,,70180,23508,0.5614,0.1881,70160,23488,0.5613,0.1879,False,7,0,7,-76.0,89.0,3050.0,16.66,False,False,periodic,7,4,10.0,5.0,5004,,,,"[{""type"":""LTE"",""pci"":89,""earfcn"":3050,""tac"":null,""rsrp"":-76,""rsrq"":-7,""rssi"":-59,""snr"":null,""ta"":0,""level"":4,""bands"":""7""},{""type"":""LTE"",""pci"":89,""earfcn"":2600,""tac"":null,""rsrp"":-77,""rsrq"":-12,""rssi"":-53,""snr"":null,""ta"":0,""level"":4,""bands"":""5""},{""type"":""LTE"",""pci"":4,""earfcn"":100,""tac"":null,""rsrp"":-81,""rsrq"":-16,""rssi"":-57,""snr"":null,""ta"":0,""level"":4,""bands"":""1""},{""type"":""LTE"",""pci"":294,""earfcn"":100,""tac"":null,""rsrp"":-84,""rsrq"":-18,""rssi"":-57,""snr"":null,""ta"":0,""level"":4,""bands"":""1""},{""type"":""LTE"",""pci"":294,""earfcn"":2600,""tac"":null,""rsrp"":-84,""rsrq"":-19,""rssi"":-53,""snr"":null,""ta"":0,""level"":4,""bands"":""5""},{""type"":""LTE"",""pci"":395,""earfcn"":2600,""tac"":null,""rsrp"":-84,""rsrq"":-19,""rssi"":-53,""snr"":null,""ta"":0,""level"":4,""bands"":""5""},{""type"":""LTE"",""pci"":45,""earfcn"":3050,""tac"":null,""rsrp"":-92,""rsrq"":-17,""rssi"":-63,""snr"":null,""ta"":0,""level"":3,""bands"":""7""}]",1007.24005,252.0,,47,5,,,,"[{""b"":""40:27:0b:02:a2:b7"",""s"":""U+zone_2.4GHz"",""r"":-38,""f"":2432},{""b"":""40:27:0b:02:a2:b8"",""s"":""U+zone"",""r"":-39,""f"":5785},{""b"":""22:17:b2:0b:47:8a"",""s"":""T wifi zone_secure"",""r"":-40,""f"":5785},{""b"":""22:17:b2:0b:47:88"",""s"":""T wifi zone"",""r"":-40,""f"":5785},{""b"":""02:17:b2:0b:47:8a"",""s"":""T wifi zone_secure"",""r"":-41,""f"":2452},{""b"":""02:17:b2:0b:47:88"",""s"":""T wifi zone"",""r"":-43,""f"":2452},{""b"":""36:78:c2:00:0a:b4"",""s"":""KT WiFi "",""r"":-45,""f"":5640},{""b"":""30:78:c2:00:0a:b4"",""s"":""KT WiFi"",""r"":-45,""f"":5640},{""b"":""36:78:c2:00:0a:b5"",""s"":""KT WiFi "",""r"":-50,""f"":2432},{""b"":""30:78:c2:00:0a:b5"",""s"":""KT WiFi"",""r"":-50,""f"":2432},{""b"":""36:78:c2:00:07:d5"",""s"":""KT WiFi "",""r"":-64,""f"":5640},{""b"":""40:27:0b:02:a2:c7"",""s"":""U+zone"",""r"":-65,""f"":5745},{""b"":""22:17:b2:0b:7d:b6"",""s"":""T wifi zone"",""r"":-66,""f"":5805},{""b"":""22:17:b2:0b:7d:b8"",""s"":""T wifi zone_secure"",""r"":-66,""f"":5805},{""b"":""70:5d:cc:7d:15:74"",""s"":""JOWOO"",""r"":-67,""f"":2452}]",,37.5499265,127.0443673,gps,한양대,성수,0.0
1789968069279,2026-09-21 14:21:09,unknown,37.5496377,127.0444099,4.542,16.01,172.0,52.56571043457888,fused,0,LTE,NR_NSA,5G,True,False,True,False,False,52556560,294,100,1,8282,450,6,-85,-14,-53,7.0,4,1.0,,,,8532,21615,0.0683,0.1729,8484,21568,0.0679,0.1725,False,12,0,12,-80.0,294.0,2600.0,16.01,True,False,handover,0,5,,,9,52541966.0,-77.0,-12.0,"[{""type"":""LTE"",""pci"":294,""earfcn"":2600,""tac"":null,""rsrp"":-80,""rsrq"":-10,""rssi"":-57,""snr"":null,""ta"":1,""level"":4,""bands"":""5""},{""type"":""LTE"",""pci"":108,""earfcn"":2600,""tac"":null,""rsrp"":-83,""rsrq"":-16,""rssi"":-57,""snr"":null,""ta"":1,""level"":4,""bands"":""5""},{""type"":""LTE"",""pci"":89,""earfcn"":2600,""tac"":null,""rsrp"":-85,""rsrq"":-18,""rssi"":-57,""snr"":null,""ta"":1,""level"":4,""bands"":""5""},{""type"":""LTE"",""pci"":108,""earfcn"":100,""tac"":null,""rsrp"":-87,""rsrq"":-16,""rssi"":-61,""snr"":null,""ta"":1,""level"":3,""bands"":""1""},{""type"":""LTE"",""pci"":272,""earfcn"":100,""tac"":null,""rsrp"":-88,""rsrq"":-16,""rssi"":-61,""snr"":null,""ta"":1,""level"":3,""bands"":""1""},{""type"":""LTE"",""pci"":89,""earfcn"":100,""tac"":null,""rsrp"":-89,""rsrq"":-17,""rssi"":-61,""snr"":null,""ta"":1,""level"":3,""bands"":""1""},{""type"":""LTE"",""pci"":346,""earfcn"":100,""tac"":null,""rsrp"":-89,""rsrq"":-16,""rssi"":-61,""snr"":null,""ta"":1,""level"":3,""bands"":""1""},{""type"":""LTE"",""pci"":343,""earfcn"":100,""tac"":null,""rsrp"":-89,""rsrq"":-17,""rssi"":-61,""snr"":null,""ta"":1,""level"":3,""bands"":""1""},{""type"":""LTE"",""pci"":45,""earfcn"":3050,""tac"":null,""rsrp"":-92,""rsrq"":-17,""rssi"":-63,""snr"":null,""ta"":1,""level"":3,""bands"":""7""},{""type"":""LTE"",""pci"":272,""earfcn"":2600,""tac"":null,""rsrp"":-92,""rsrq"":-17,""rssi"":-57,""snr"":null,""ta"":1,""level"":3,""bands"":""5""},{""type"":""LTE"",""pci"":89,""earfcn"":3050,""tac"":null,""rsrp"":-95,""rsrq"":-12,""rssi"":-75,""snr"":null,""ta"":1,""level"":3,""bands"":""7""},{""type"":""LTE"",""pci"":108,""earfcn"":3050,""tac"":null,""rsrp"":-96,""rsrq"":-15,""rssi"":-75,""snr"":null,""ta"":1,""level"":2,""bands"":""7""}]",1007.2725,97.0,,47,7,,,,"[{""b"":""40:27:0b:02:a2:b7"",""s"":""U+zone_2.4GHz"",""r"":-38,""f"":2432},{""b"":""40:27:0b:02:a2:b8"",""s"":""U+zone"",""r"":-39,""f"":5785},{""b"":""22:17:b2:0b:47:8a"",""s"":""T wifi zone_secure"",""r"":-40,""f"":5785},{""b"":""22:17:b2:0b:47:88"",""s"":""T wifi zone"",""r"":-40,""f"":5785},{""b"":""02:17:b2:0b:47:8a"",""s"":""T wifi zone_secure"",""r"":-41,""f"":2452},{""b"":""02:17:b2:0b:47:88"",""s"":""T wifi zone"",""r"":-43,""f"":2452},{""b"":""36:78:c2:00:0a:b4"",""s"":""KT WiFi "",""r"":-45,""f"":5640},{""b"":""30:78:c2:00:0a:b4"",""s"":""KT WiFi"",""r"":-45,""f"":5640},{""b"":""36:78:c2:00:0a:b5"",""s"":""KT WiFi "",""r"":-50,""f"":2432},{""b"":""30:78:c2:00:0a:b5"",""s"":""KT WiFi"",""r"":-50,""f"":2432},{""b"":""36:78:c2:00:07:d5"",""s"":""KT WiFi "",""r"":-64,""f"":5640},{""b"":""40:27:0b:02:a2:c7"",""s"":""U+zone"",""r"":-65,""f"":5745},{""b"":""22:17:b2:0b:7d:b6"",""s"":""T wifi zone"",""r"":-66,""f"":5805},{""b"":""22:17:b2:0b:7d:b8"",""s"":""T wifi zone_secure"",""r"":-66,""f"":5805},{""b"":""70:5d:cc:7d:15:74"",""s"":""JOWOO"",""r"":-67,""f"":2452}]","[{""type"":""LTE"",""pci"":89,""earfcn"":3050,""tac"":null,""rsrp"":-76,""rsrq"":-7,""rssi"":-59,""snr"":null,""ta"":0,""level"":4,""bands"":""7""},{""type"":""LTE"",""pci"":89,""earfcn"":2600,""tac"":null,""rsrp"":-77,""rsrq"":-12,""rssi"":-53,""snr"":null,""ta"":0,""level"":4,""bands"":""5""},{""type"":""LTE"",""pci"":4,""earfcn"":100,""tac"":null,""rsrp"":-81,""rsrq"":-16,""rssi"":-57,""snr"":null,""ta"":0,""level"":4,""bands"":""1""},{""type"":""LTE"",""pci"":294,""earfcn"":100,""tac"":null,""rsrp"":-84,""rsrq"":-18,""rssi"":-57,""snr"":null,""ta"":0,""level"":4,""bands"":""1""},{""type"":""LTE"",""pci"":294,""earfcn"":2600,""tac"":null,""rsrp"":-84,""rsrq"":-19,""rssi"":-53,""snr"":null,""ta"":0,""level"":4,""bands"":""5""},{""type"":""LTE"",""pci"":395,""earfcn"":2600,""tac"":null,""rsrp"":-84,""rsrq"":-19,""rssi"":-53,""snr"":null,""ta"":0,""level"":4,""bands"":""5""},{""type"":""LTE"",""pci"":45,""earfcn"":3050,""tac"":null,""rsrp"":-92,""rsrq"":-17,""rssi"":-63,""snr"":null,""ta"":0,""level"":3,""bands"":""7""}]",37.5496377,127.0444099,gps,한양대,성수,0.0
1789968072220,2026-09-21 14:21:12,unknown,37.5493589,127.0444591,4.892,16.04,169.0,52.47300128013758,fused,1,LTE,NR_NSA,5G,True,False,True,False,False,52556560,294,100,1,8282,450,6,-85,-14,-53,7.0,4,1.0,,,,728052,4280,5.8244,0.0342,728018,4246,5.8241,0.034,False,12,0,12,-80.0,294.0,2600.0,16.04,False,False,periodic,2,5,0.0,0.0,2952,,,,"[{""type"":""LTE"",""pci"":294,""earfcn"":2600,""tac"":null,""rsrp"":-80,""rsrq"":-10,""rssi"":-57,""snr"":null,""ta"":1,""level"":4,""bands"":""5""},{""type"":""LTE"",""pci"":108,""earfcn"":2600,""tac"":null,""rsrp"":-83,""rsrq"":-16,""rssi"":-57,""snr"":null,""ta"":1,""level"":4,""bands"":""5""},{""type"":""LTE"",""pci"":89,""earfcn"":2600,""tac"":null,""rsrp"":-85,""rsrq"":-18,""rssi"":-57,""snr"":null,""ta"":1,""level"":4,""bands"":""5""},{""type"":""LTE"",""pci"":108,""earfcn"":100,""tac"":null,""rsrp"":-87,""rsrq"":-16,""rssi"":-61,""snr"":null,""ta"":1,""level"":3,""bands"":""1""},{""type"":""LTE"",""pci"":272,""earfcn"":100,""tac"":null,""rsrp"":-88,""rsrq"":-16,""rssi"":-61,""snr"":null,""ta"":1,""level"":3,""bands"":""1""},{""type"":""LTE"",""pci"":89,""earfcn"":100,""tac"":null,""rsrp"":-89,""rsrq"":-17,""rssi"":-61,""snr"":null,""ta"":1,""level"":3,""bands"":""1""},{""type"":""LTE"",""pci"":346,""earfcn"":100,""tac"":null,""rsrp"":-89,""rsrq"":-16,""rssi"":-61,""snr"":null,""ta"":1,""level"":3,""bands"":""1""},{""type"":""LTE"",""pci"":343,""earfcn"":100,""tac"":null,""rsrp"":-89,""rsrq"":-17,""rssi"":-61,""snr"":null,""ta"":1,""level"":3,""bands"":""1""},{""type"":""LTE"",""pci"":45,""earfcn"":3050,""tac"":null,""rsrp"":-92,""rsrq"":-17,""rssi"":-63,""snr"":null,""ta"":1,""level"":3,""bands"":""7""},{""type"":""LTE"",""pci"":272,""earfcn"":2600,""tac"":null,""rsrp"":-92,""rsrq"":-17,""rssi"":-57,""snr"":null,""ta"":1,""level"":3,""bands"":""5""},{""type"":""LTE"",""pci"":89,""earfcn"":3050,""tac"":null,""rsrp"":-95,""rsrq"":-12,""rssi"":-75,""snr"":null,""ta"":1,""level"":3,""bands"":""7""},{""type"":""LTE"",""pci"":108,""earfcn"":3050,""tac"":null,""rsrp"":-96,""rsrq"":-15,""rssi"":-75,""snr"":null,""ta"":1,""level"":2,""bands"":""7""}]",1007.2007,97.0,43.947,47,10,,,,"[{""b"":""40:27:0b:02:a2:b7"",""s"":""U+zone_2.4GHz"",""r"":-38,""f"":2432},{""b"":""40:27:0b:02:a2:b8"",""s"":""U+zone"",""r"":-39,""f"":5785},{""b"":""22:17:b2:0b:47:8a"",""s"":""T wifi zone_secure"",""r"":-40,""f"":5785},{""b"":""22:17:b2:0b:47:88"",""s"":""T wifi zone"",""r"":-40,""f"":5785},{""b"":""02:17:b2:0b:47:8a"",""s"":""T wifi zone_secure"",""r"":-41,""f"":2452},{""b"":""02:17:b2:0b:47:88"",""s"":""T wifi zone"",""r"":-43,""f"":2452},{""b"":""36:78:c2:00:0a:b4"",""s"":""KT WiFi "",""r"":-45,""f"":5640},{""b"":""30:78:c2:00:0a:b4"",""s"":""KT WiFi"",""r"":-45,""f"":5640},{""b"":""36:78:c2:00:0a:b5"",""s"":""KT WiFi "",""r"":-50,""f"":2432},{""b"":""30:78:c2:00:0a:b5"",""s"":""KT WiFi"",""r"":-50,""f"":2432},{""b"":""36:78:c2:00:07:d5"",""s"":""KT WiFi "",""r"":-64,""f"":5640},{""b"":""40:27:0b:02:a2:c7"",""s"":""U+zone"",""r"":-65,""f"":5745},{""b"":""22:17:b2:0b:7d:b6"",""s"":""T wifi zone"",""r"":-66,""f"":5805},{""b"":""22:17:b2:0b:7d:b8"",""s"":""T wifi zone_secure"",""r"":-66,""f"":5805},{""b"":""70:5d:cc:7d:15:74"",""s"":""JOWOO"",""r"":-67,""f"":2452}]",,37.5493589,127.0444591,gps,한양대,성수,0.0
1789968077247,2026-09-21 14:21:17,unknown,37.5485278,127.0448602,4.894,15.73,150.0,52.55153676202514,fused,0,LTE,NR_NSA,5G,True,False,True,False,False,52541712,108,100,1,8282,450,6,-78,-11,-51,2.0,4,0.0,,,,21123,10920,0.169,0.0874,21103,10954,0.1688,0.0876,False,4,0,4,-81.0,4.0,100.0,15.73,True,False,periodic,0,5,,,4945,52556560.0,-85.0,-14.0,"[{""type"":""LTE"",""pci"":4,""earfcn"":100,""tac"":null,""rsrp"":-81,""rsrq"":-14,""rssi"":-57,""snr"":null,""ta"":0,""level"":4,""bands"":""1""},{""type"":""LTE"",""pci"":272,""earfcn"":100,""tac"":null,""rsrp"":-82,""rsrq"":-16,""rssi"":-57,""snr"":null,""ta"":0,""level"":4,""bands"":""1""},{""type"":""LTE"",""pci"":294,""earfcn"":100,""tac"":null,""rsrp"":-83,""rsrq"":-16,""rssi"":-57,""snr"":null,""ta"":0,""level"":4,""bands"":""1""},{""type"":""LTE"",""pci"":366,""earfcn"":100,""tac"":null,""rsrp"":-86,""rsrq"":-17,""rssi"":-55,""snr"":null,""ta"":0,""level"":3,""bands"":""1""}]",1007.1599,108.0,,47,15,,,,"[{""b"":""40:27:0b:02:a2:b7"",""s"":""U+zone_2.4GHz"",""r"":-38,""f"":2432},{""b"":""40:27:0b:02:a2:b8"",""s"":""U+zone"",""r"":-39,""f"":5785},{""b"":""22:17:b2:0b:47:8a"",""s"":""T wifi zone_secure"",""r"":-40,""f"":5785},{""b"":""22:17:b2:0b:47:88"",""s"":""T wifi zone"",""r"":-40,""f"":5785},{""b"":""02:17:b2:0b:47:8a"",""s"":""T wifi zone_secure"",""r"":-41,""f"":2452},{""b"":""02:17:b2:0b:47:88"",""s"":""T wifi zone"",""r"":-43,""f"":2452},{""b"":""36:78:c2:00:0a:b4"",""s"":""KT WiFi "",""r"":-45,""f"":5640},{""b"":""30:78:c2:00:0a:b4"",""s"":""KT WiFi"",""r"":-45,""f"":5640},{""b"":""36:78:c2:00:0a:b5"",""s"":""KT WiFi "",""r"":-50,""f"":2432},{""b"":""30:78:c2:00:0a:b5"",""s"":""KT WiFi"",""r"":-50,""f"":2432},{""b"":""36:78:c2:00:07:d5"",""s"":""KT WiFi "",""r"":-64,""f"":5640},{""b"":""40:27:0b:02:a2:c7"",""s"":""U+zone"",""r"":-65,""f"":5745},{""b"":""22:17:b2:0b:7d:b6"",""s"":""T wifi zone"",""r"":-66,""f"":5805},{""b"":""22:17:b2:0b:7d:b8"",""s"":""T wifi zone_secure"",""r"":-66,""f"":5805},{""b"":""70:5d:cc:7d:15:74"",""s"":""JOWOO"",""r"":-67,""f"":2452}]","[{""type"":""LTE"",""pci"":294,""earfcn"":2600,""tac"":null,""rsrp"":-80,""rsrq"":-10,""rssi"":-57,""snr"":null,""ta"":1,""level"":4,""bands"":""5""},{""type"":""LTE"",""pci"":108,""earfcn"":2600,""tac"":null,""rsrp"":-83,""rsrq"":-16,""rssi"":-57,""snr"":null,""ta"":1,""level"":4,""bands"":""5""},{""type"":""LTE"",""pci"":89,""earfcn"":2600,""tac"":null,""rsrp"":-85,""rsrq"":-18,""rssi"":-57,""snr"":null,""ta"":1,""level"":4,""bands"":""5""},{""type"":""LTE"",""pci"":108,""earfcn"":100,""tac"":null,""rsrp"":-87,""rsrq"":-16,""rssi"":-61,""snr"":null,""ta"":1,""level"":3,""bands"":""1""},{""type"":""LTE"",""pci"":272,""earfcn"":100,""tac"":null,""rsrp"":-88,""rsrq"":-16,""rssi"":-61,""snr"":null,""ta"":1,""level"":3,""bands"":""1""},{""type"":""LTE"",""pci"":89,""earfcn"":100,""tac"":null,""rsrp"":-89,""rsrq"":-17,""rssi"":-61,""snr"":null,""ta"":1,""level"":3,""bands"":""1""},{""type"":""LTE"",""pci"":346,""earfcn"":100,""tac"":null,""rsrp"":-89,""rsrq"":-16,""rssi"":-61,""snr"":null,""ta"":1,""level"":3,""bands"":""1""},{""type"":""LTE"",""pci"":343,""earfcn"":100,""tac"":null,""rsrp"":-89,""rsrq"":-17,""rssi"":-61,""snr"":null,""ta"":1,""level"":3,""bands"":""1""},{""type"":""LTE"",""pci"":45,""earfcn"":3050,""tac"":null,""rsrp"":-92,""rsrq"":-17,""rssi"":-63,""snr"":null,""ta"":1,""level"":3,""bands"":""7""},{""type"":""LTE"",""pci"":272,""earfcn"":2600,""tac"":null,""rsrp"":-92,""rsrq"":-17,""rssi"":-57,""snr"":null,""ta"":1,""level"":3,""bands"":""5""},{""type"":""LTE"",""pci"":89,""earfcn"":3050,""tac"":null,""rsrp"":-95,""rsrq"":-12,""rssi"":-75,""snr"":null,""ta"":1,""level"":3,""bands"":""7""},{""type"":""LTE"",""pci"":108,""earfcn"":3050,""tac"":null,""rsrp"":-96,""rsrq"":-15,""rssi"":-75,""snr"":null,""ta"":1,""level"":2,""bands"":""7""}]",37.5485278,127.0448602,gps,한양대,성수,0.0
1789968081954,2026-09-21 14:21:21,unknown,37.548061,127.0453496,4.641,16.23,134.0,52.99470057917871,fused,1,LTE,NR_NSA,5G,True,False,True,False,False,52556812,79,100,1,8282,450,6,-77,-12,-51,0.0,4,0.0,,,,11390386,83873,91.1231,0.671,11390364,83794,91.1229,0.6704,False,3,0,3,-83.0,294.0,100.0,16.23,True,False,handover,0,6,,,12,52541712.0,-78.0,-11.0,"[{""type"":""LTE"",""pci"":294,""earfcn"":100,""tac"":null,""rsrp"":-83,""rsrq"":-16,""rssi"":-57,""snr"":null,""ta"":0,""level"":4,""bands"":""1""},{""type"":""LTE"",""pci"":61,""earfcn"":100,""tac"":null,""rsrp"":-85,""rsrq"":-17,""rssi"":-55,""snr"":null,""ta"":0,""level"":4,""bands"":""1""},{""type"":""LTE"",""pci"":108,""earfcn"":100,""tac"":null,""rsrp"":-86,""rsrq"":-18,""rssi"":-51,""snr"":null,""ta"":0,""level"":3,""bands"":""1""}]",1007.1929,103.0,,47,20,,,,"[{""b"":""40:27:0b:02:a2:b7"",""s"":""U+zone_2.4GHz"",""r"":-38,""f"":2432},{""b"":""40:27:0b:02:a2:b8"",""s"":""U+zone"",""r"":-39,""f"":5785},{""b"":""22:17:b2:0b:47:8a"",""s"":""T wifi zone_secure"",""r"":-40,""f"":5785},{""b"":""22:17:b2:0b:47:88"",""s"":""T wifi zone"",""r"":-40,""f"":5785},{""b"":""02:17:b2:0b:47:8a"",""s"":""T wifi zone_secure"",""r"":-41,""f"":2452},{""b"":""02:17:b2:0b:47:88"",""s"":""T wifi zone"",""r"":-43,""f"":2452},{""b"":""36:78:c2:00:0a:b4"",""s"":""KT WiFi "",""r"":-45,""f"":5640},{""b"":""30:78:c2:00:0a:b4"",""s"":""KT WiFi"",""r"":-45,""f"":5640},{""b"":""36:78:c2:00:0a:b5"",""s"":""KT WiFi "",""r"":-50,""f"":2432},{""b"":""30:78:c2:00:0a:b5"",""s"":""KT WiFi"",""r"":-50,""f"":2432},{""b"":""36:78:c2:00:07:d5"",""s"":""KT WiFi "",""r"":-64,""f"":5640},{""b"":""40:27:0b:02:a2:c7"",""s"":""U+zone"",""r"":-65,""f"":5745},{""b"":""22:17:b2:0b:7d:b6"",""s"":""T wifi zone"",""r"":-66,""f"":5805},{""b"":""22:17:b2:0b:7d:b8"",""s"":""T wifi zone_secure"",""r"":-66,""f"":5805},{""b"":""70:5d:cc:7d:15:74"",""s"":""JOWOO"",""r"":-67,""f"":2452}]","[{""type"":""LTE"",""pci"":4,""earfcn"":100,""tac"":null,""rsrp"":-81,""rsrq"":-14,""rssi"":-57,""snr"":null,""ta"":0,""level"":4,""bands"":""1""},{""type"":""LTE"",""pci"":272,""earfcn"":100,""tac"":null,""rsrp"":-82,""rsrq"":-16,""rssi"":-57,""snr"":null,""ta"":0,""level"":4,""bands"":""1""},{""type"":""LTE"",""pci"":294,""earfcn"":100,""tac"":null,""rsrp"":-83,""rsrq"":-16,""rssi"":-57,""snr"":null,""ta"":0,""level"":4,""bands"":""1""},{""type"":""LTE"",""pci"":366,""earfcn"":100,""tac"":null,""rsrp"":-86,""rsrq"":-17,""rssi"":-55,""snr"":null,""ta"":0,""level"":3,""bands"":""1""}]",37.548061,127.0453496,gps,한양대,성수,0.0
1789968082273,2026-09-21 14:21:22,unknown,37.548061,127.0453496,4.641,16.23,134.0,52.99470057917871,fused,1,LTE,NR_NSA,5G,True,False,True,False,False,52556812,79,100,1,8282,450,6,-77,-12,-51,0.0,4,0.0,,,,0,0,0.0,0.0,0,0,0.0,0.0,False,3,0,3,-83.0,294.0,100.0,16.23,False,False,periodic,0,6,0.0,0.0,329,,,,"[{""type"":""LTE"",""pci"":294,""earfcn"":100,""tac"":null,""rsrp"":-83,""rsrq"":-16,""rssi"":-57,""snr"":null,""ta"":0,""level"":4,""bands"":""1""},{""type"":""LTE"",""pci"":61,""earfcn"":100,""tac"":null,""rsrp"":-85,""rsrq"":-17,""rssi"":-55,""snr"":null,""ta"":0,""level"":4,""bands"":""1""},{""type"":""LTE"",""pci"":108,""earfcn"":100,""tac"":null,""rsrp"":-86,""rsrq"":-18,""rssi"":-51,""snr"":null,""ta"":0,""level"":3,""bands"":""1""}]",1007.1922,103.0,,47,20,,,,"[{""b"":""40:27:0b:02:a2:b7"",""s"":""U+zone_2.4GHz"",""r"":-38,""f"":2432},{""b"":""40:27:0b:02:a2:b8"",""s"":""U+zone"",""r"":-39,""f"":5785},{""b"":""22:17:b2:0b:47:8a"",""s"":""T wifi zone_secure"",""r"":-40,""f"":5785},{""b"":""22:17:b2:0b:47:88"",""s"":""T wifi zone"",""r"":-40,""f"":5785},{""b"":""02:17:b2:0b:47:8a"",""s"":""T wifi zone_secure"",""r"":-41,""f"":2452},{""b"":""02:17:b2:0b:47:88"",""s"":""T wifi zone"",""r"":-43,""f"":2452},{""b"":""36:78:c2:00:0a:b4"",""s"":""KT WiFi "",""r"":-45,""f"":5640},{""b"":""30:78:c2:00:0a:b4"",""s"":""KT WiFi"",""r"":-45,""f"":5640},{""b"":""36:78:c2:00:0a:b5"",""s"":""KT WiFi "",""r"":-50,""f"":2432},{""b"":""30:78:c2:00:0a:b5"",""s"":""KT WiFi"",""r"":-50,""f"":2432},{""b"":""36:78:c2:00:07:d5"",""s"":""KT WiFi "",""r"":-64,""f"":5640},{""b"":""40:27:0b:02:a2:c7"",""s"":""U+zone"",""r"":-65,""f"":5745},{""b"":""22:17:b2:0b:7d:b6"",""s"":""T wifi zone"",""r"":-66,""f"":5805},{""b"":""22:17:b2:0b:7d:b8"",""s"":""T wifi zone_secure"",""r"":-66,""f"":5805},{""b"":""70:5d:cc:7d:15:74"",""s"":""JOWOO"",""r"":-67,""f"":2452}]",,37.548061,127.0453496,gps,한양대,성수,0.0
1789968087032,2026-09-21 14:21:27,unknown,37.5475995,127.0462714,4.788,15.95,115.0,53.02979206748928,fused,0,LTE,NR_NSA,5G,True,False,True,False,False,52541713,61,100,1,8282,450,6,-66,-11,-51,2.0,4,0.0,,,,10515359,20202,84.1229,0.1616,10515338,20181,84.1227,0.1614,False,1,0,1,-73.0,79.0,100.0,15.95,True,False,handover,0,6,,,8,52556812.0,-77.0,-12.0,"[{""type"":""LTE"",""pci"":79,""earfcn"":100,""tac"":null,""rsrp"":-73,""rsrq"":-16,""rssi"":-51,""snr"":null,""ta"":0,""level"":4,""bands"":""1""}]",1007.19073,76.0,,47,25,,,,"[{""b"":""40:27:0b:02:a2:b7"",""s"":""U+zone_2.4GHz"",""r"":-38,""f"":2432},{""b"":""40:27:0b:02:a2:b8"",""s"":""U+zone"",""r"":-39,""f"":5785},{""b"":""22:17:b2:0b:47:8a"",""s"":""T wifi zone_secure"",""r"":-40,""f"":5785},{""b"":""22:17:b2:0b:47:88"",""s"":""T wifi zone"",""r"":-40,""f"":5785},{""b"":""02:17:b2:0b:47:8a"",""s"":""T wifi zone_secure"",""r"":-41,""f"":2452},{""b"":""02:17:b2:0b:47:88"",""s"":""T wifi zone"",""r"":-43,""f"":2452},{""b"":""36:78:c2:00:0a:b4"",""s"":""KT WiFi "",""r"":-45,""f"":5640},{""b"":""30:78:c2:00:0a:b4"",""s"":""KT WiFi"",""r"":-45,""f"":5640},{""b"":""36:78:c2:00:0a:b5"",""s"":""KT WiFi "",""r"":-50,""f"":2432},{""b"":""30:78:c2:00:0a:b5"",""s"":""KT WiFi"",""r"":-50,""f"":2432},{""b"":""36:78:c2:00:07:d5"",""s"":""KT WiFi "",""r"":-64,""f"":5640},{""b"":""40:27:0b:02:a2:c7"",""s"":""U+zone"",""r"":-65,""f"":5745},{""b"":""22:17:b2:0b:7d:b6"",""s"":""T wifi zone"",""r"":-66,""f"":5805},{""b"":""22:17:b2:0b:7d:b8"",""s"":""T wifi zone_secure"",""r"":-66,""f"":5805},{""b"":""70:5d:cc:7d:15:74"",""s"":""JOWOO"",""r"":-67,""f"":2452}]","[{""type"":""LTE"",""pci"":294,""earfcn"":100,""tac"":null,""rsrp"":-83,""rsrq"":-16,""rssi"":-57,""snr"":null,""ta"":0,""level"":4,""bands"":""1""},{""type"":""LTE"",""pci"":61,""earfcn"":100,""tac"":null,""rsrp"":-85,""rsrq"":-17,""rssi"":-55,""snr"":null,""ta"":0,""level"":4,""bands"":""1""},{""type"":""LTE"",""pci"":108,""earfcn"":100,""tac"":null,""rsrp"":-86,""rsrq"":-18,""rssi"":-51,""snr"":null,""ta"":0,""level"":3,""bands"":""1""}]",37.5475995,127.0462714,gps,한양대,성수,0.0
1789968087293,2026-09-21 14:21:27,unknown,37.5475995,127.0462714,4.788,15.95,115.0,53.02979206748928,fused,0,LTE,NR_NSA,5G,True,False,True,False,False,52541713,61,100,1,8282,450,6,-66,-11,-51,2.0,4,0.0,,,,0,0,0.0,0.0,0,0,0.0,0.0,False,1,0,1,-73.0,79.0,100.0,15.95,False,False,periodic,0,6,0.0,0.0,268,,,,"[{""type"":""LTE"",""pci"":79,""earfcn"":100,""tac"":null,""rsrp"":-73,""rsrq"":-16,""rssi"":-51,""snr"":null,""ta"":0,""level"":4,""bands"":""1""}]",1007.1958,76.0,,47,25,,,,"[{""b"":""40:27:0b:02:a2:b7"",""s"":""U+zone_2.4GHz"",""r"":-38,""f"":2432},{""b"":""40:27:0b:02:a2:b8"",""s"":""U+zone"",""r"":-39,""f"":5785},{""b"":""22:17:b2:0b:47:8a"",""s"":""T wifi zone_secure"",""r"":-40,""f"":5785},{""b"":""22:17:b2:0b:47:88"",""s"":""T wifi zone"",""r"":-40,""f"":5785},{""b"":""02:17:b2:0b:47:8a"",""s"":""T wifi zone_secure"",""r"":-41,""f"":2452},{""b"":""02:17:b2:0b:47:88"",""s"":""T wifi zone"",""r"":-43,""f"":2452},{""b"":""36:78:c2:00:0a:b4"",""s"":""KT WiFi "",""r"":-45,""f"":5640},{""b"":""30:78:c2:00:0a:b4"",""s"":""KT WiFi"",""r"":-45,""f"":5640},{""b"":""36:78:c2:00:0a:b5"",""s"":""KT WiFi "",""r"":-50,""f"":2432},{""b"":""30:78:c2:00:0a:b5"",""s"":""KT WiFi"",""r"":-50,""f"":2432},{""b"":""36:78:c2:00:07:d5"",""s"":""KT WiFi "",""r"":-64,""f"":5640},{""b"":""40:27:0b:02:a2:c7"",""s"":""U+zone"",""r"":-65,""f"":5745},{""b"":""22:17:b2:0b:7d:b6"",""s"":""T wifi zone"",""r"":-66,""f"":5805},{""b"":""22:17:b2:0b:7d:b8"",""s"":""T wifi zone_secure"",""r"":-66,""f"":5805},{""b"":""70:5d:cc:7d:15:74"",""s"":""JOWOO"",""r"":-67,""f"":2452}]",,37.5475995,127.0462714,gps,한양대,성수,0.0
1789968092309,2026-09-21 14:21:32,unknown,37.5474224,127.0468628,6.599,13.59,110.0,52.754143900578086,fused,1,LTE,NR_NSA,5G,True,False,True,False,False,52541713,61,100,1,8282,450,6,-65,-8,-51,2.0,4,0.0,,,,137888,5675,1.1031,0.0454,137869,5655,1.103,0.0452,False,1,0,1,-72.0,79.0,100.0,13.59,False,False,periodic,5,4,1.0,0.0,5005,,,,"[{""type"":""LTE"",""pci"":79,""earfcn"":100,""tac"":null,""rsrp"":-72,""rsrq"":-15,""rssi"":-51,""snr"":null,""ta"":0,""level"":4,""bands"":""1""}]",1007.14484,94.0,,47,30,,,,"[{""b"":""40:27:0b:02:a2:b7"",""s"":""U+zone_2.4GHz"",""r"":-38,""f"":2432},{""b"":""40:27:0b:02:a2:b8"",""s"":""U+zone"",""r"":-39,""f"":5785},{""b"":""22:17:b2:0b:47:8a"",""s"":""T wifi zone_secure"",""r"":-40,""f"":5785},{""b"":""22:17:b2:0b:47:88"",""s"":""T wifi zone"",""r"":-40,""f"":5785},{""b"":""02:17:b2:0b:47:8a"",""s"":""T wifi zone_secure"",""r"":-41,""f"":2452},{""b"":""02:17:b2:0b:47:88"",""s"":""T wifi zone"",""r"":-43,""f"":2452},{""b"":""36:78:c2:00:0a:b4"",""s"":""KT WiFi "",""r"":-45,""f"":5640},{""b"":""30:78:c2:00:0a:b4"",""s"":""KT WiFi"",""r"":-45,""f"":5640},{""b"":""36:78:c2:00:0a:b5"",""s"":""KT WiFi "",""r"":-50,""f"":2432},{""b"":""30:78:c2:00:0a:b5"",""s"":""KT WiFi"",""r"":-50,""f"":2432},{""b"":""36:78:c2:00:07:d5"",""s"":""KT WiFi "",""r"":-64,""f"":5640},{""b"":""40:27:0b:02:a2:c7"",""s"":""U+zone"",""r"":-65,""f"":5745},{""b"":""22:17:b2:0b:7d:b6"",""s"":""T wifi zone"",""r"":-66,""f"":5805},{""b"":""22:17:b2:0b:7d:b8"",""s"":""T wifi zone_secure"",""r"":-66,""f"":5805},{""b"":""70:5d:cc:7d:15:74"",""s"":""JOWOO"",""r"":-67,""f"":2452}]",,37.5474224,127.0468628,gps,한양대,성수,0.0
1789968096513,2026-09-21 14:21:36,unknown,37.5472908,127.0473949,11.226,11.42,110.0,52.7380030030622,fused,1,LTE,NR_NSA,5G,True,False,True,False,False,52552991,37,100,1,8282,450,6,-69,-7,-51,12.0,4,1.0,,,,114,138,0.0009,0.0011,66,91,0.0005,0.0007,False,2,0,2,-78.0,79.0,100.0,11.42,True,False,handover,0,5,,,7,52541713.0,-65.0,-8.0,"[{""type"":""LTE"",""pci"":79,""earfcn"":100,""tac"":null,""rsrp"":-78,""rsrq"":-16,""rssi"":-51,""snr"":null,""ta"":1,""level"":4,""bands"":""1""},{""type"":""LTE"",""pci"":61,""earfcn"":100,""tac"":null,""rsrp"":-82,""rsrq"":-18,""rssi"":-51,""snr"":null,""ta"":1,""level"":4,""bands"":""1""}]",1007.08704,74.0,,47,4,,,,"[{""b"":""40:27:0b:02:a2:b7"",""s"":""U+zone_2.4GHz"",""r"":-38,""f"":2432},{""b"":""40:27:0b:02:a2:b8"",""s"":""U+zone"",""r"":-39,""f"":5785},{""b"":""22:17:b2:0b:47:8a"",""s"":""T wifi zone_secure"",""r"":-39,""f"":5785},{""b"":""22:17:b2:0b:47:88"",""s"":""T wifi zone"",""r"":-39,""f"":5785},{""b"":""02:17:b2:0b:47:88"",""s"":""T wifi zone"",""r"":-41,""f"":2452},{""b"":""02:17:b2:0b:47:8a"",""s"":""T wifi zone_secure"",""r"":-42,""f"":2452},{""b"":""30:78:c2:00:0a:b4"",""s"":""KT WiFi"",""r"":-43,""f"":5640},{""b"":""36:78:c2:00:0a:b4"",""s"":""KT WiFi "",""r"":-44,""f"":5640},{""b"":""30:78:c2:00:0a:b5"",""s"":""KT WiFi"",""r"":-51,""f"":2432},{""b"":""36:78:c2:00:0a:b5"",""s"":""KT WiFi "",""r"":-52,""f"":2432},{""b"":""00:40:5a:c3:91:ca"",""s"":""U+zone"",""r"":-54,""f"":2472},{""b"":""00:40:5a:c3:91:cb"",""s"":""FREE_U+zone"",""r"":-57,""f"":2472},{""b"":""40:27:0b:02:a2:c7"",""s"":""U+zone"",""r"":-61,""f"":5745},{""b"":""02:17:b2:0b:7d:b6"",""s"":""T wifi zone"",""r"":-62,""f"":2452},{""b"":""22:17:b2:0b:7d:b6"",""s"":""T wifi zone"",""r"":-65,""f"":5805}]","[{""type"":""LTE"",""pci"":79,""earfcn"":100,""tac"":null,""rsrp"":-72,""rsrq"":-15,""rssi"":-51,""snr"":null,""ta"":0,""level"":4,""bands"":""1""}]",37.5472908,127.0473949,gps,한양대,성수,0.0
1789968097343,2026-09-21 14:21:37,unknown,37.5472346,127.0476211,12.608,10.18,106.0,52.98083053397132,fused,0,LTE,NR_NSA,5G,True,False,True,False,False,52552991,37,100,1,8282,450,6,-69,-7,-51,12.0,4,1.0,,,,0,0,0.0,0.0,0,0,0.0,0.0,False,2,0,2,-78.0,79.0,100.0,10.18,False,False,periodic,0,5,0.0,0.0,842,,,,"[{""type"":""LTE"",""pci"":79,""earfcn"":100,""tac"":null,""rsrp"":-78,""rsrq"":-16,""rssi"":-51,""snr"":null,""ta"":1,""level"":4,""bands"":""1""},{""type"":""LTE"",""pci"":61,""earfcn"":100,""tac"":null,""rsrp"":-82,""rsrq"":-18,""rssi"":-51,""snr"":null,""ta"":1,""level"":4,""bands"":""1""}]",1007.09937,74.0,,47,5,,,,"[{""b"":""40:27:0b:02:a2:b7"",""s"":""U+zone_2.4GHz"",""r"":-38,""f"":2432},{""b"":""40:27:0b:02:a2:b8"",""s"":""U+zone"",""r"":-39,""f"":5785},{""b"":""22:17:b2:0b:47:8a"",""s"":""T wifi zone_secure"",""r"":-39,""f"":5785},{""b"":""22:17:b2:0b:47:88"",""s"":""T wifi zone"",""r"":-39,""f"":5785},{""b"":""02:17:b2:0b:47:88"",""s"":""T wifi zone"",""r"":-41,""f"":2452},{""b"":""02:17:b2:0b:47:8a"",""s"":""T wifi zone_secure"",""r"":-42,""f"":2452},{""b"":""30:78:c2:00:0a:b4"",""s"":""KT WiFi"",""r"":-43,""f"":5640},{""b"":""36:78:c2:00:0a:b4"",""s"":""KT WiFi "",""r"":-44,""f"":5640},{""b"":""30:78:c2:00:0a:b5"",""s"":""KT WiFi"",""r"":-51,""f"":2432},{""b"":""36:78:c2:00:0a:b5"",""s"":""KT WiFi "",""r"":-52,""f"":2432},{""b"":""00:40:5a:c3:91:ca"",""s"":""U+zone"",""r"":-54,""f"":2472},{""b"":""00:40:5a:c3:91:cb"",""s"":""FREE_U+zone"",""r"":-57,""f"":2472},{""b"":""40:27:0b:02:a2:c7"",""s"":""U+zone"",""r"":-61,""f"":5745},{""b"":""02:17:b2:0b:7d:b6"",""s"":""T wifi zone"",""r"":-62,""f"":2452},{""b"":""22:17:b2:0b:7d:b6"",""s"":""T wifi zone"",""r"":-65,""f"":5805}]",,37.5472346,127.0476211,gps,한양대,성수,0.0
1789968102372,2026-09-21 14:21:42,unknown,37.5471424,127.0478539,12.644,5.48,125.0,53.70799006468409,fused,1,LTE,NR_NSA,5G,True,False,True,False,False,52552991,37,100,1,8282,450,6,-74,-7,-51,12.0,4,1.0,,,,420073,1675,3.3606,0.0134,420053,1655,3.3604,0.0132,False,1,0,1,-85.0,61.0,100.0,5.48,False,False,periodic,5,4,-5.0,0.0,5006,,,,"[{""type"":""LTE"",""pci"":61,""earfcn"":100,""tac"":null,""rsrp"":-85,""rsrq"":-19,""rssi"":-55,""snr"":null,""ta"":1,""level"":4,""bands"":""1""}]",1007.0749,66.0,98.544,47,10,,,,"[{""b"":""40:27:0b:02:a2:b7"",""s"":""U+zone_2.4GHz"",""r"":-38,""f"":2432},{""b"":""40:27:0b:02:a2:b8"",""s"":""U+zone"",""r"":-39,""f"":5785},{""b"":""22:17:b2:0b:47:8a"",""s"":""T wifi zone_secure"",""r"":-39,""f"":5785},{""b"":""22:17:b2:0b:47:88"",""s"":""T wifi zone"",""r"":-39,""f"":5785},{""b"":""02:17:b2:0b:47:88"",""s"":""T wifi zone"",""r"":-41,""f"":2452},{""b"":""02:17:b2:0b:47:8a"",""s"":""T wifi zone_secure"",""r"":-42,""f"":2452},{""b"":""30:78:c2:00:0a:b4"",""s"":""KT WiFi"",""r"":-43,""f"":5640},{""b"":""36:78:c2:00:0a:b4"",""s"":""KT WiFi "",""r"":-44,""f"":5640},{""b"":""30:78:c2:00:0a:b5"",""s"":""KT WiFi"",""r"":-51,""f"":2432},{""b"":""36:78:c2:00:0a:b5"",""s"":""KT WiFi "",""r"":-52,""f"":2432},{""b"":""00:40:5a:c3:91:ca"",""s"":""U+zone"",""r"":-54,""f"":2472},{""b"":""00:40:5a:c3:91:cb"",""s"":""FREE_U+zone"",""r"":-57,""f"":2472},{""b"":""40:27:0b:02:a2:c7"",""s"":""U+zone"",""r"":-61,""f"":5745},{""b"":""02:17:b2:0b:7d:b6"",""s"":""T wifi zone"",""r"":-62,""f"":2452},{""b"":""22:17:b2:0b:7d:b6"",""s"":""T wifi zone"",""r"":-65,""f"":5805}]",,37.5471424,127.0478539,gps,한양대,성수,0.0
1789968107393,2026-09-21 14:21:47,unknown,37.5470377,127.0481053,13.976,2.3,123.0,55.29999923706055,fused,0,LTE,NR_NSA,5G,True,False,True,False,False,52552991,37,100,1,8282,450,6,-78,-6,-53,14.0,4,0.0,,,,172445,15635,1.3796,0.1251,172425,15616,1.3794,0.1249,False,2,0,2,-83.0,261.0,100.0,2.3,False,False,periodic,10,3,-4.0,2.0,2440,,,,"[{""type"":""LTE"",""pci"":261,""earfcn"":100,""tac"":null,""rsrp"":-83,""rsrq"":-19,""rssi"":-53,""snr"":null,""ta"":0,""level"":4,""bands"":""1""},{""type"":""LTE"",""pci"":61,""earfcn"":100,""tac"":null,""rsrp"":-91,""rsrq"":-19,""rssi"":-61,""snr"":null,""ta"":0,""level"":3,""bands"":""1""}]",1007.07574,48.0,,68,1,,,,"[{""b"":""40:27:0b:02:a2:b7"",""s"":""U+zone_2.4GHz"",""r"":-34,""f"":2432},{""b"":""22:17:b2:0b:47:88"",""s"":""T wifi zone"",""r"":-39,""f"":5785},{""b"":""22:17:b2:0b:47:8a"",""s"":""T wifi zone_secure"",""r"":-39,""f"":5785},{""b"":""02:17:b2:0b:47:8a"",""s"":""T wifi zone_secure"",""r"":-42,""f"":2452},{""b"":""40:27:0b:02:a2:b8"",""s"":""U+zone"",""r"":-42,""f"":5785},{""b"":""02:17:b2:0b:47:88"",""s"":""T wifi zone"",""r"":-43,""f"":2452},{""b"":""30:78:c2:00:0a:b4"",""s"":""KT WiFi"",""r"":-43,""f"":5640},{""b"":""36:78:c2:00:0a:b4"",""s"":""KT WiFi "",""r"":-44,""f"":5640},{""b"":""36:78:c2:00:0a:b5"",""s"":""KT WiFi "",""r"":-52,""f"":2432},{""b"":""30:78:c2:00:0a:b5"",""s"":""KT WiFi"",""r"":-52,""f"":2432},{""b"":""00:40:5a:c3:91:ca"",""s"":""U+zone"",""r"":-54,""f"":2472},{""b"":""00:40:5a:c3:e5:22"",""s"":""U+zone"",""r"":-57,""f"":2452},{""b"":""00:40:5a:c3:91:cb"",""s"":""FREE_U+zone"",""r"":-57,""f"":2472},{""b"":""18:bd:ad:12:45:00"",""s"":""T wifi zone"",""r"":-59,""f"":2412},{""b"":""1e:bd:ad:12:45:02"",""s"":""T wifi zone_secure"",""r"":-60,""f"":2412}]",,37.5470377,127.0481053,gps,한양대,성수,0.0
1789968112406,2026-09-21 14:21:52,unknown,37.5470244,127.0481749,12.43,0.0,,55.29999923706055,fused,1,LTE,NR_NSA,5G,True,False,True,False,False,52552991,37,100,1,8282,450,6,-80,-8,-51,9.0,4,1.0,,,,42,781,0.0003,0.0062,22,761,0.0002,0.0061,False,2,0,2,-91.0,268.0,100.0,0.43038598,False,False,periodic,15,2,-2.0,-5.0,1897,,,,"[{""type"":""LTE"",""pci"":268,""earfcn"":100,""tac"":null,""rsrp"":-91,""rsrq"":-15,""rssi"":-61,""snr"":null,""ta"":1,""level"":3,""bands"":""1""},{""type"":""LTE"",""pci"":213,""earfcn"":100,""tac"":null,""rsrp"":-93,""rsrq"":-18,""rssi"":-61,""snr"":null,""ta"":1,""level"":3,""bands"":""1""}]",1007.08746,61.0,,68,6,,,,"[{""b"":""40:27:0b:02:a2:b7"",""s"":""U+zone_2.4GHz"",""r"":-34,""f"":2432},{""b"":""22:17:b2:0b:47:88"",""s"":""T wifi zone"",""r"":-39,""f"":5785},{""b"":""22:17:b2:0b:47:8a"",""s"":""T wifi zone_secure"",""r"":-39,""f"":5785},{""b"":""02:17:b2:0b:47:8a"",""s"":""T wifi zone_secure"",""r"":-42,""f"":2452},{""b"":""40:27:0b:02:a2:b8"",""s"":""U+zone"",""r"":-42,""f"":5785},{""b"":""02:17:b2:0b:47:88"",""s"":""T wifi zone"",""r"":-43,""f"":2452},{""b"":""30:78:c2:00:0a:b4"",""s"":""KT WiFi"",""r"":-43,""f"":5640},{""b"":""36:78:c2:00:0a:b4"",""s"":""KT WiFi "",""r"":-44,""f"":5640},{""b"":""36:78:c2:00:0a:b5"",""s"":""KT WiFi "",""r"":-52,""f"":2432},{""b"":""30:78:c2:00:0a:b5"",""s"":""KT WiFi"",""r"":-52,""f"":2432},{""b"":""00:40:5a:c3:91:ca"",""s"":""U+zone"",""r"":-54,""f"":2472},{""b"":""00:40:5a:c3:e5:22"",""s"":""U+zone"",""r"":-57,""f"":2452},{""b"":""00:40:5a:c3:91:cb"",""s"":""FREE_U+zone"",""r"":-57,""f"":2472},{""b"":""18:bd:ad:12:45:00"",""s"":""T wifi zone"",""r"":-59,""f"":2412},{""b"":""1e:bd:ad:12:45:02"",""s"":""T wifi zone_secure"",""r"":-60,""f"":2412}]",,37.5470244,127.0481749,gps,한양대,성수,0.0
1789968117422,2026-09-21 14:21:57,unknown,37.5470195,127.0482164,11.703,0.18,320.0,55.20000076293945,fused,0,LTE,NR_NSA,5G,True,False,True,False,False,52552991,37,100,1,8282,450,6,-80,-8,-51,9.0,4,1.0,,,,74133,15403,0.5931,0.1232,74093,15363,0.5927,0.1229,False,2,0,2,-91.0,268.0,100.0,0.18,False,False,periodic,20,1,0.0,0.0,6912,,,,"[{""type"":""LTE"",""pci"":268,""earfcn"":100,""tac"":null,""rsrp"":-91,""rsrq"":-15,""rssi"":-61,""snr"":null,""ta"":1,""level"":3,""bands"":""1""},{""type"":""LTE"",""pci"":213,""earfcn"":100,""tac"":null,""rsrp"":-93,""rsrq"":-18,""rssi"":-61,""snr"":null,""ta"":1,""level"":3,""bands"":""1""}]",1007.07855,61.0,,71,4,,,,"[{""b"":""40:27:0b:02:a2:b8"",""s"":""U+zone"",""r"":-36,""f"":5785},{""b"":""02:17:b2:0b:47:8a"",""s"":""T wifi zone_secure"",""r"":-44,""f"":2452},{""b"":""40:27:0b:02:a2:b7"",""s"":""U+zone_2.4GHz"",""r"":-44,""f"":2432},{""b"":""02:17:b2:0b:47:88"",""s"":""T wifi zone"",""r"":-45,""f"":2452},{""b"":""36:78:c2:00:0a:b4"",""s"":""KT WiFi "",""r"":-49,""f"":5640},{""b"":""30:78:c2:00:0a:b4"",""s"":""KT WiFi"",""r"":-49,""f"":5640},{""b"":""36:78:c2:00:0a:b5"",""s"":""KT WiFi "",""r"":-51,""f"":2432},{""b"":""30:78:c2:00:0a:b5"",""s"":""KT WiFi"",""r"":-51,""f"":2432},{""b"":""22:17:b2:0b:47:88"",""s"":""T wifi zone"",""r"":-52,""f"":5785},{""b"":""22:17:b2:0b:47:8a"",""s"":""T wifi zone_secure"",""r"":-52,""f"":5785},{""b"":""40:27:0b:02:a2:c6"",""s"":""U+zone_2.4GHz"",""r"":-57,""f"":2472},{""b"":""40:27:0b:02:a2:c7"",""s"":""U+zone"",""r"":-63,""f"":5745},{""b"":""22:17:b2:0b:7d:b6"",""s"":""T wifi zone"",""r"":-66,""f"":5805},{""b"":""22:17:b2:0b:7d:b8"",""s"":""T wifi zone_secure"",""r"":-66,""f"":5805},{""b"":""30:78:c2:00:07:d6"",""s"":""KT WiFi"",""r"":-66,""f"":2432}]",,37.5470195,127.0482164,gps,한양대,성수,0.0
1789968122433,2026-09-21 14:22:02,unknown,37.5470508,127.0482064,11.289,0.0,,55.29999923706055,fused,1,LTE,NR_NSA,5G,True,False,True,False,False,52552991,37,100,1,8282,450,6,-81,-8,-51,9.0,4,0.0,,,,30521,7523,0.2442,0.0602,30501,7503,0.244,0.06,False,2,0,2,-90.0,213.0,100.0,0.16741838,False,False,periodic,25,1,-1.0,0.0,5006,,,,"[{""type"":""LTE"",""pci"":213,""earfcn"":100,""tac"":null,""rsrp"":-90,""rsrq"":-17,""rssi"":-61,""snr"":null,""ta"":0,""level"":3,""bands"":""1""},{""type"":""LTE"",""pci"":268,""earfcn"":100,""tac"":null,""rsrp"":-91,""rsrq"":-20,""rssi"":-61,""snr"":null,""ta"":0,""level"":3,""bands"":""1""}]",1007.06726,49.0,,63,3,,,,"[{""b"":""40:27:0b:02:a2:b8"",""s"":""U+zone"",""r"":-39,""f"":5785},{""b"":""40:27:0b:02:a2:b7"",""s"":""U+zone_2.4GHz"",""r"":-40,""f"":2432},{""b"":""22:17:b2:0b:47:8a"",""s"":""T wifi zone_secure"",""r"":-43,""f"":5785},{""b"":""22:17:b2:0b:47:88"",""s"":""T wifi zone"",""r"":-44,""f"":5785},{""b"":""02:17:b2:0b:47:88"",""s"":""T wifi zone"",""r"":-46,""f"":2452},{""b"":""02:17:b2:0b:47:8a"",""s"":""T wifi zone_secure"",""r"":-47,""f"":2452},{""b"":""30:78:c2:00:0a:b4"",""s"":""KT WiFi"",""r"":-49,""f"":5640},{""b"":""36:78:c2:00:0a:b4"",""s"":""KT WiFi "",""r"":-50,""f"":5640},{""b"":""30:78:c2:00:0a:b5"",""s"":""KT WiFi"",""r"":-51,""f"":2432},{""b"":""36:78:c2:00:0a:b5"",""s"":""KT WiFi "",""r"":-52,""f"":2432},{""b"":""00:40:5a:c3:e5:23"",""s"":""FREE_U+zone"",""r"":-60,""f"":2452},{""b"":""40:27:0b:02:a2:c7"",""s"":""U+zone"",""r"":-64,""f"":5745},{""b"":""22:17:b2:0b:7d:b6"",""s"":""T wifi zone"",""r"":-68,""f"":5805},{""b"":""22:17:b2:0b:7d:b8"",""s"":""T wifi zone_secure"",""r"":-68,""f"":5805},{""b"":""30:78:c2:00:07:d6"",""s"":""KT WiFi"",""r"":-72,""f"":2432}]",,37.5470508,127.0482064,gps,한양대,성수,0.0
1789968127451,2026-09-21 14:22:07,unknown,37.5470489,127.0481945,10.897,0.0,,55.29999923706055,fused,0,LTE,NR_NSA,5G,True,False,True,False,False,52552991,37,100,1,8282,450,6,-78,-7,-51,8.0,4,0.0,,,,769408,5176,6.1553,0.0414,769388,5156,6.1551,0.0412,False,2,0,2,-91.0,268.0,100.0,0.011337745,False,False,periodic,30,0,3.0,-1.0,5003,,,,"[{""type"":""LTE"",""pci"":268,""earfcn"":100,""tac"":null,""rsrp"":-91,""rsrq"":-17,""rssi"":-63,""snr"":null,""ta"":0,""level"":3,""bands"":""1""},{""type"":""LTE"",""pci"":213,""earfcn"":100,""tac"":null,""rsrp"":-94,""rsrq"":-20,""rssi"":-63,""snr"":null,""ta"":0,""level"":3,""bands"":""1""}]",1007.0509,63.0,,78,5,,,,"[{""b"":""40:27:0b:02:a2:b7"",""s"":""U+zone_2.4GHz"",""r"":-38,""f"":2432},{""b"":""40:27:0b:02:a2:b8"",""s"":""U+zone"",""r"":-39,""f"":5785},{""b"":""02:17:b2:0b:47:88"",""s"":""T wifi zone"",""r"":-40,""f"":2452},{""b"":""02:17:b2:0b:47:8a"",""s"":""T wifi zone_secure"",""r"":-43,""f"":2452},{""b"":""22:17:b2:0b:47:88"",""s"":""T wifi zone"",""r"":-43,""f"":5785},{""b"":""22:17:b2:0b:47:8a"",""s"":""T wifi zone_secure"",""r"":-43,""f"":5785},{""b"":""36:78:c2:00:0a:b5"",""s"":""KT WiFi "",""r"":-48,""f"":2432},{""b"":""36:78:c2:00:0a:b4"",""s"":""KT WiFi "",""r"":-48,""f"":5640},{""b"":""30:78:c2:00:0a:b4"",""s"":""KT WiFi"",""r"":-48,""f"":5640},{""b"":""30:78:c2:00:0a:b5"",""s"":""KT WiFi"",""r"":-48,""f"":2432},{""b"":""00:40:5a:c3:e5:23"",""s"":""FREE_U+zone"",""r"":-60,""f"":2452},{""b"":""02:17:b2:0b:7d:b8"",""s"":""T wifi zone_secure"",""r"":-63,""f"":2452},{""b"":""00:40:5a:c4:01:03"",""s"":""FREE_U+zone"",""r"":-64,""f"":2452},{""b"":""1e:bd:ad:10:bc:03"",""s"":""T Free WiFi Zone"",""r"":-65,""f"":2472},{""b"":""22:17:b2:0b:7d:b8"",""s"":""T wifi zone_secure"",""r"":-66,""f"":5805}]",,37.5470489,127.0481945,gps,한양대,성수,0.0
1789968132479,2026-09-21 14:22:12,unknown,37.547041,127.0481931,10.623,0.0,,55.29999923706055,fused,1,LTE,NR_NSA,5G,True,False,True,False,False,52552991,37,100,1,8282,450,6,-79,-8,-51,8.0,4,0.0,,,,421243,2810,3.3699,0.0225,421223,2790,3.3698,0.0223,False,2,0,2,-91.0,268.0,100.0,0.056455165,False,False,periodic,35,0,-1.0,0.0,5003,,,,"[{""type"":""LTE"",""pci"":268,""earfcn"":100,""tac"":null,""rsrp"":-91,""rsrq"":-17,""rssi"":-63,""snr"":null,""ta"":0,""level"":3,""bands"":""1""},{""type"":""LTE"",""pci"":213,""earfcn"":100,""tac"":null,""rsrp"":-94,""rsrq"":-20,""rssi"":-63,""snr"":null,""ta"":0,""level"":3,""bands"":""1""}]",1007.0343,68.0,96.543,85,1,,,,"[{""b"":""40:27:0b:02:a2:b7"",""s"":""U+zone_2.4GHz"",""r"":-36,""f"":2432},{""b"":""40:27:0b:02:a2:b8"",""s"":""U+zone"",""r"":-38,""f"":5785},{""b"":""02:17:b2:0b:47:88"",""s"":""T wifi zone"",""r"":-40,""f"":2452},{""b"":""02:17:b2:0b:47:8a"",""s"":""T wifi zone_secure"",""r"":-41,""f"":2452},{""b"":""22:17:b2:0b:47:88"",""s"":""T wifi zone"",""r"":-41,""f"":5785},{""b"":""22:17:b2:0b:47:8a"",""s"":""T wifi zone_secure"",""r"":-41,""f"":5785},{""b"":""36:78:c2:00:0a:b4"",""s"":""KT WiFi "",""r"":-46,""f"":5640},{""b"":""30:78:c2:00:0a:b4"",""s"":""KT WiFi"",""r"":-46,""f"":5640},{""b"":""36:78:c2:00:0a:b5"",""s"":""KT WiFi "",""r"":-47,""f"":2432},{""b"":""30:78:c2:00:0a:b5"",""s"":""KT WiFi"",""r"":-47,""f"":2432},{""b"":""00:40:5a:c3:e5:23"",""s"":""FREE_U+zone"",""r"":-60,""f"":2452},{""b"":""40:27:0b:02:a2:c7"",""s"":""U+zone"",""r"":-60,""f"":5745},{""b"":""40:27:0b:02:a2:c6"",""s"":""U+zone_2.4GHz"",""r"":-62,""f"":2472},{""b"":""22:17:b2:0b:7d:b8"",""s"":""T wifi zone_secure"",""r"":-63,""f"":5805},{""b"":""22:17:b2:0b:7d:b6"",""s"":""T wifi zone"",""r"":-64,""f"":5805}]",,37.547041,127.0481931,gps,한양대,성수,0.0
1789968137505,2026-09-21 14:22:17,unknown,37.5470336,127.0481956,10.965,0.0,,55.20000076293945,fused,0,LTE,NR_NSA,5G,True,False,True,False,False,52552991,37,100,1,8282,450,6,-80,-7,-51,8.0,4,0.0,,,,162,182,0.0013,0.0015,122,143,0.001,0.0011,False,3,0,3,-90.0,268.0,100.0,0.007369345,False,False,periodic,40,0,-1.0,0.0,1216,,,,"[{""type"":""LTE"",""pci"":268,""earfcn"":100,""tac"":null,""rsrp"":-90,""rsrq"":-16,""rssi"":-63,""snr"":null,""ta"":0,""level"":3,""bands"":""1""},{""type"":""LTE"",""pci"":79,""earfcn"":100,""tac"":null,""rsrp"":-91,""rsrq"":-17,""rssi"":-63,""snr"":null,""ta"":0,""level"":3,""bands"":""1""},{""type"":""LTE"",""pci"":213,""earfcn"":100,""tac"":null,""rsrp"":-92,""rsrq"":-20,""rssi"":-61,""snr"":null,""ta"":0,""level"":3,""bands"":""1""}]",1007.03625,99.0,,85,6,,,,"[{""b"":""40:27:0b:02:a2:b7"",""s"":""U+zone_2.4GHz"",""r"":-36,""f"":2432},{""b"":""40:27:0b:02:a2:b8"",""s"":""U+zone"",""r"":-38,""f"":5785},{""b"":""02:17:b2:0b:47:88"",""s"":""T wifi zone"",""r"":-40,""f"":2452},{""b"":""02:17:b2:0b:47:8a"",""s"":""T wifi zone_secure"",""r"":-41,""f"":2452},{""b"":""22:17:b2:0b:47:88"",""s"":""T wifi zone"",""r"":-41,""f"":5785},{""b"":""22:17:b2:0b:47:8a"",""s"":""T wifi zone_secure"",""r"":-41,""f"":5785},{""b"":""36:78:c2:00:0a:b4"",""s"":""KT WiFi "",""r"":-46,""f"":5640},{""b"":""30:78:c2:00:0a:b4"",""s"":""KT WiFi"",""r"":-46,""f"":5640},{""b"":""36:78:c2:00:0a:b5"",""s"":""KT WiFi "",""r"":-47,""f"":2432},{""b"":""30:78:c2:00:0a:b5"",""s"":""KT WiFi"",""r"":-47,""f"":2432},{""b"":""00:40:5a:c3:e5:23"",""s"":""FREE_U+zone"",""r"":-60,""f"":2452},{""b"":""40:27:0b:02:a2:c7"",""s"":""U+zone"",""r"":-60,""f"":5745},{""b"":""40:27:0b:02:a2:c6"",""s"":""U+zone_2.4GHz"",""r"":-62,""f"":2472},{""b"":""22:17:b2:0b:7d:b8"",""s"":""T wifi zone_secure"",""r"":-63,""f"":5805},{""b"":""22:17:b2:0b:7d:b6"",""s"":""T wifi zone"",""r"":-64,""f"":5805}]",,37.5470336,127.0481956,gps,한양대,성수,0.0
1789968142526,2026-09-21 14:22:22,unknown,37.5470335,127.0481939,11.209,0.0,,55.20000076293945,fused,1,LTE,NR_NSA,5G,True,False,True,False,False,52552991,37,100,1,8282,450,6,-80,-7,-51,8.0,4,0.0,,,,2023,3202,0.0162,0.0256,2003,3182,0.016,0.0255,False,3,0,3,-90.0,268.0,100.0,0.0009045173,False,False,periodic,46,0,0.0,0.0,6236,,,,"[{""type"":""LTE"",""pci"":268,""earfcn"":100,""tac"":null,""rsrp"":-90,""rsrq"":-16,""rssi"":-63,""snr"":null,""ta"":0,""level"":3,""bands"":""1""},{""type"":""LTE"",""pci"":79,""earfcn"":100,""tac"":null,""rsrp"":-91,""rsrq"":-17,""rssi"":-63,""snr"":null,""ta"":0,""level"":3,""bands"":""1""},{""type"":""LTE"",""pci"":213,""earfcn"":100,""tac"":null,""rsrp"":-92,""rsrq"":-20,""rssi"":-61,""snr"":null,""ta"":0,""level"":3,""bands"":""1""}]",1007.0449,68.0,,89,4,,,,"[{""b"":""40:27:0b:02:a2:b7"",""s"":""U+zone_2.4GHz"",""r"":-36,""f"":2432},{""b"":""40:27:0b:02:a2:b8"",""s"":""U+zone"",""r"":-37,""f"":5785},{""b"":""02:17:b2:0b:47:8a"",""s"":""T wifi zone_secure"",""r"":-41,""f"":2452},{""b"":""02:17:b2:0b:47:88"",""s"":""T wifi zone"",""r"":-41,""f"":2452},{""b"":""22:17:b2:0b:47:8a"",""s"":""T wifi zone_secure"",""r"":-41,""f"":5785},{""b"":""36:78:c2:00:0a:b5"",""s"":""KT WiFi "",""r"":-47,""f"":2432},{""b"":""30:78:c2:00:0a:b5"",""s"":""KT WiFi"",""r"":-47,""f"":2432},{""b"":""36:78:c2:00:0a:b4"",""s"":""KT WiFi "",""r"":-48,""f"":5640},{""b"":""30:78:c2:00:0a:b4"",""s"":""KT WiFi"",""r"":-48,""f"":5640},{""b"":""00:40:5a:c3:e5:22"",""s"":""U+zone"",""r"":-57,""f"":2452},{""b"":""00:40:5a:c3:e5:23"",""s"":""FREE_U+zone"",""r"":-59,""f"":2452},{""b"":""02:17:b2:0b:7d:b8"",""s"":""T wifi zone_secure"",""r"":-59,""f"":2452},{""b"":""40:27:0b:02:a2:c7"",""s"":""U+zone"",""r"":-61,""f"":5745},{""b"":""40:27:0b:02:a2:c6"",""s"":""U+zone_2.4GHz"",""r"":-62,""f"":2472},{""b"":""22:17:b2:0b:7d:b6"",""s"":""T wifi zone"",""r"":-67,""f"":5805}]",,37.5470335,127.0481939,gps,한양대,성수,0.0
1789968147567,2026-09-21 14:22:27,unknown,37.5470305,127.0481968,11.337,0.0,,55.20000076293945,fused,0,LTE,NR_NSA,5G,True,False,True,False,False,52552991,37,100,1,8282,450,6,-81,-9,-53,8.0,4,1.0,,,,2312,1808,0.0185,0.0145,2292,1788,0.0183,0.0143,False,2,0,2,-90.0,213.0,100.0,4.19291e-07,False,False,periodic,51,0,-1.0,0.0,4994,,,,"[{""type"":""LTE"",""pci"":213,""earfcn"":100,""tac"":null,""rsrp"":-90,""rsrq"":-17,""rssi"":-63,""snr"":null,""ta"":1,""level"":3,""bands"":""1""},{""type"":""LTE"",""pci"":268,""earfcn"":100,""tac"":null,""rsrp"":-91,""rsrq"":-18,""rssi"":-63,""snr"":null,""ta"":1,""level"":3,""bands"":""1""}]",1007.00116,99.0,,52,2,,,,"[{""b"":""40:27:0b:02:a2:b7"",""s"":""U+zone_2.4GHz"",""r"":-36,""f"":2432},{""b"":""40:27:0b:02:a2:b8"",""s"":""U+zone"",""r"":-37,""f"":5785},{""b"":""02:17:b2:0b:47:8a"",""s"":""T wifi zone_secure"",""r"":-39,""f"":2452},{""b"":""02:17:b2:0b:47:88"",""s"":""T wifi zone"",""r"":-41,""f"":2452},{""b"":""22:17:b2:0b:47:88"",""s"":""T wifi zone"",""r"":-43,""f"":5785},{""b"":""22:17:b2:0b:47:8a"",""s"":""T wifi zone_secure"",""r"":-43,""f"":5785},{""b"":""36:78:c2:00:0a:b4"",""s"":""KT WiFi "",""r"":-47,""f"":5640},{""b"":""30:78:c2:00:0a:b4"",""s"":""KT WiFi"",""r"":-47,""f"":5640},{""b"":""36:78:c2:00:0a:b5"",""s"":""KT WiFi "",""r"":-50,""f"":2432},{""b"":""30:78:c2:00:0a:b5"",""s"":""KT WiFi"",""r"":-50,""f"":2432},{""b"":""02:17:b2:0b:7d:b6"",""s"":""T wifi zone"",""r"":-58,""f"":2452},{""b"":""00:40:5a:c3:e5:23"",""s"":""FREE_U+zone"",""r"":-59,""f"":2452},{""b"":""40:27:0b:02:a2:c7"",""s"":""U+zone"",""r"":-59,""f"":5745},{""b"":""b0:38:6c:46:a7:b2"",""s"":"""",""r"":-62,""f"":2412},{""b"":""22:17:b2:0b:7d:b6"",""s"":""T wifi zone"",""r"":-67,""f"":5805}]",,37.5470305,127.0481968,gps,한양대,성수,0.0
1789968152585,2026-09-21 14:22:32,unknown,37.5470304,127.0481966,11.33,0.0,,55.20000076293945,fused,1,LTE,NR_NSA,5G,True,False,True,False,False,52552991,37,100,1,8282,450,6,-81,-8,-53,7.0,4,0.0,,,,749,295,0.006,0.0024,729,275,0.0058,0.0022,False,2,0,2,-90.0,213.0,100.0,1.9436507e-10,False,False,periodic,56,0,0.0,-1.0,2494,,,,"[{""type"":""LTE"",""pci"":213,""earfcn"":100,""tac"":null,""rsrp"":-90,""rsrq"":-20,""rssi"":-59,""snr"":null,""ta"":0,""level"":3,""bands"":""1""},{""type"":""LTE"",""pci"":268,""earfcn"":100,""tac"":null,""rsrp"":-91,""rsrq"":-16,""rssi"":-59,""snr"":null,""ta"":0,""level"":3,""bands"":""1""}]",1007.0575,55.0,,52,7,,,,"[{""b"":""40:27:0b:02:a2:b7"",""s"":""U+zone_2.4GHz"",""r"":-36,""f"":2432},{""b"":""40:27:0b:02:a2:b8"",""s"":""U+zone"",""r"":-37,""f"":5785},{""b"":""02:17:b2:0b:47:8a"",""s"":""T wifi zone_secure"",""r"":-39,""f"":2452},{""b"":""02:17:b2:0b:47:88"",""s"":""T wifi zone"",""r"":-41,""f"":2452},{""b"":""22:17:b2:0b:47:88"",""s"":""T wifi zone"",""r"":-43,""f"":5785},{""b"":""22:17:b2:0b:47:8a"",""s"":""T wifi zone_secure"",""r"":-43,""f"":5785},{""b"":""36:78:c2:00:0a:b4"",""s"":""KT WiFi "",""r"":-47,""f"":5640},{""b"":""30:78:c2:00:0a:b4"",""s"":""KT WiFi"",""r"":-47,""f"":5640},{""b"":""36:78:c2:00:0a:b5"",""s"":""KT WiFi "",""r"":-50,""f"":2432},{""b"":""30:78:c2:00:0a:b5"",""s"":""KT WiFi"",""r"":-50,""f"":2432},{""b"":""02:17:b2:0b:7d:b6"",""s"":""T wifi zone"",""r"":-58,""f"":2452},{""b"":""00:40:5a:c3:e5:23"",""s"":""FREE_U+zone"",""r"":-59,""f"":2452},{""b"":""40:27:0b:02:a2:c7"",""s"":""U+zone"",""r"":-59,""f"":5745},{""b"":""b0:38:6c:46:a7:b2"",""s"":"""",""r"":-62,""f"":2412},{""b"":""22:17:b2:0b:7d:b6"",""s"":""T wifi zone"",""r"":-67,""f"":5805}]",,37.5470304,127.0481966,gps,한양대,성수,0.0
1789968157597,2026-09-21 14:22:37,unknown,37.5470262,127.0482055,10.686,1.01,115.0,55.29999923706055,fused,0,LTE,NR_NSA,5G,True,False,True,False,False,52552991,37,100,1,8282,450,6,-80,-12,-51,6.0,4,1.0,,,,858,224,0.0069,0.0018,838,204,0.0067,0.0016,False,2,0,2,-89.0,268.0,100.0,1.01,False,False,periodic,61,0,1.0,-1.0,741,,,,"[{""type"":""LTE"",""pci"":268,""earfcn"":100,""tac"":null,""rsrp"":-89,""rsrq"":-20,""rssi"":-59,""snr"":null,""ta"":1,""level"":3,""bands"":""1""},{""type"":""LTE"",""pci"":213,""earfcn"":100,""tac"":null,""rsrp"":-91,""rsrq"":-20,""rssi"":-59,""snr"":null,""ta"":1,""level"":3,""bands"":""1""}]",1007.11633,65.0,,70,5,,,,"[{""b"":""40:27:0b:02:a2:b8"",""s"":""U+zone"",""r"":-33,""f"":5785},{""b"":""40:27:0b:02:a2:b7"",""s"":""U+zone_2.4GHz"",""r"":-36,""f"":2432},{""b"":""02:17:b2:0b:47:8a"",""s"":""T wifi zone_secure"",""r"":-37,""f"":2452},{""b"":""22:17:b2:0b:47:88"",""s"":""T wifi zone"",""r"":-37,""f"":5785},{""b"":""22:17:b2:0b:47:8a"",""s"":""T wifi zone_secure"",""r"":-37,""f"":5785},{""b"":""02:17:b2:0b:47:88"",""s"":""T wifi zone"",""r"":-38,""f"":2452},{""b"":""30:78:c2:00:0a:b5"",""s"":""KT WiFi"",""r"":-46,""f"":2432},{""b"":""36:78:c2:00:0a:b5"",""s"":""KT WiFi "",""r"":-47,""f"":2432},{""b"":""36:78:c2:00:0a:b4"",""s"":""KT WiFi "",""r"":-48,""f"":5640},{""b"":""30:78:c2:00:0a:b4"",""s"":""KT WiFi"",""r"":-48,""f"":5640},{""b"":""36:78:c2:00:09:3d"",""s"":""KT WiFi "",""r"":-60,""f"":5240},{""b"":""30:78:c2:00:07:d5"",""s"":""KT WiFi"",""r"":-60,""f"":5640},{""b"":""30:78:c2:00:09:3d"",""s"":""KT WiFi"",""r"":-60,""f"":5240},{""b"":""1e:bd:ad:12:45:02"",""s"":""T wifi zone_secure"",""r"":-62,""f"":2412},{""b"":""22:17:b2:0b:7d:b6"",""s"":""T wifi zone"",""r"":-63,""f"":5805}]",,37.5470262,127.0482055,gps,한양대,성수,0.0
1789968161574,2026-09-21 14:22:41,unknown,37.5469474,127.0483875,10.398,4.86,118.0,55.20000076293945,fused,0,LTE,NR_NSA,5G,True,False,True,False,False,52556813,213,100,1,8282,450,6,-86,-12,-53,7.0,3,1.0,,,,545570,4078,4.3646,0.0326,545544,4053,4.3644,0.0324,False,4,0,4,-90.0,268.0,100.0,4.86,True,False,handover,0,1,,,6,52552991.0,-80.0,-12.0,"[{""type"":""LTE"",""pci"":268,""earfcn"":100,""tac"":null,""rsrp"":-90,""rsrq"":-19,""rssi"":-61,""snr"":null,""ta"":1,""level"":3,""bands"":""1""},{""type"":""LTE"",""pci"":269,""earfcn"":100,""tac"":null,""rsrp"":-91,""rsrq"":-17,""rssi"":-61,""snr"":null,""ta"":1,""level"":3,""bands"":""1""},{""type"":""LTE"",""pci"":35,""earfcn"":100,""tac"":null,""rsrp"":-92,""rsrq"":-19,""rssi"":-63,""snr"":null,""ta"":1,""level"":3,""bands"":""1""},{""type"":""LTE"",""pci"":37,""earfcn"":100,""tac"":null,""rsrp"":-95,""rsrq"":-20,""rssi"":-53,""snr"":null,""ta"":1,""level"":3,""bands"":""1""}]",1007.0711,103.0,96.688,61,2,,,,"[{""b"":""40:27:0b:02:a2:b7"",""s"":""U+zone_2.4GHz"",""r"":-34,""f"":2432},{""b"":""40:27:0b:02:a2:b8"",""s"":""U+zone"",""r"":-36,""f"":5785},{""b"":""02:17:b2:0b:47:8a"",""s"":""T wifi zone_secure"",""r"":-39,""f"":2452},{""b"":""02:17:b2:0b:47:88"",""s"":""T wifi zone"",""r"":-39,""f"":2452},{""b"":""22:17:b2:0b:47:8a"",""s"":""T wifi zone_secure"",""r"":-39,""f"":5785},{""b"":""22:17:b2:0b:47:88"",""s"":""T wifi zone"",""r"":-40,""f"":5785},{""b"":""36:78:c2:00:0a:b5"",""s"":""KT WiFi "",""r"":-46,""f"":2432},{""b"":""36:78:c2:00:0a:b4"",""s"":""KT WiFi "",""r"":-46,""f"":5640},{""b"":""30:78:c2:00:0a:b4"",""s"":""KT WiFi"",""r"":-46,""f"":5640},{""b"":""30:78:c2:00:0a:b5"",""s"":""KT WiFi"",""r"":-46,""f"":2432},{""b"":""40:27:0b:02:a2:c6"",""s"":""U+zone_2.4GHz"",""r"":-57,""f"":2472},{""b"":""40:27:0b:02:a2:c7"",""s"":""U+zone"",""r"":-58,""f"":5745},{""b"":""36:78:c2:00:09:38"",""s"":""KT WiFi "",""r"":-64,""f"":2412},{""b"":""22:17:b2:0b:7d:b8"",""s"":""T wifi zone_secure"",""r"":-64,""f"":5805},{""b"":""02:17:b2:0b:41:38"",""s"":""T wifi zone_secure"",""r"":-64,""f"":2412}]","[{""type"":""LTE"",""pci"":268,""earfcn"":100,""tac"":null,""rsrp"":-89,""rsrq"":-20,""rssi"":-59,""snr"":null,""ta"":1,""level"":3,""bands"":""1""},{""type"":""LTE"",""pci"":213,""earfcn"":100,""tac"":null,""rsrp"":-91,""rsrq"":-20,""rssi"":-59,""snr"":null,""ta"":1,""level"":3,""bands"":""1""}]",37.5469474,127.0483875,gps,한양대,성수,0.0
1789968162623,2026-09-21 14:22:42,unknown,37.5469474,127.0483875,10.398,4.86,118.0,55.20000076293945,fused,1,LTE,NR_NSA,5G,True,False,True,False,False,52556813,213,100,1,8282,450,6,-86,-12,-53,7.0,3,1.0,,,,12241,2356,0.0979,0.0188,12145,2261,0.0972,0.0181,False,4,0,4,-90.0,268.0,100.0,4.86,False,False,periodic,1,1,0.0,0.0,1059,,,,"[{""type"":""LTE"",""pci"":268,""earfcn"":100,""tac"":null,""rsrp"":-90,""rsrq"":-19,""rssi"":-61,""snr"":null,""ta"":1,""level"":3,""bands"":""1""},{""type"":""LTE"",""pci"":269,""earfcn"":100,""tac"":null,""rsrp"":-91,""rsrq"":-17,""rssi"":-61,""snr"":null,""ta"":1,""level"":3,""bands"":""1""},{""type"":""LTE"",""pci"":35,""earfcn"":100,""tac"":null,""rsrp"":-92,""rsrq"":-19,""rssi"":-63,""snr"":null,""ta"":1,""level"":3,""bands"":""1""},{""type"":""LTE"",""pci"":37,""earfcn"":100,""tac"":null,""rsrp"":-95,""rsrq"":-20,""rssi"":-53,""snr"":null,""ta"":1,""level"":3,""bands"":""1""}]",1007.04456,103.0,,61,4,,,,"[{""b"":""40:27:0b:02:a2:b7"",""s"":""U+zone_2.4GHz"",""r"":-34,""f"":2432},{""b"":""40:27:0b:02:a2:b8"",""s"":""U+zone"",""r"":-36,""f"":5785},{""b"":""02:17:b2:0b:47:8a"",""s"":""T wifi zone_secure"",""r"":-39,""f"":2452},{""b"":""02:17:b2:0b:47:88"",""s"":""T wifi zone"",""r"":-39,""f"":2452},{""b"":""22:17:b2:0b:47:8a"",""s"":""T wifi zone_secure"",""r"":-39,""f"":5785},{""b"":""22:17:b2:0b:47:88"",""s"":""T wifi zone"",""r"":-40,""f"":5785},{""b"":""36:78:c2:00:0a:b5"",""s"":""KT WiFi "",""r"":-46,""f"":2432},{""b"":""36:78:c2:00:0a:b4"",""s"":""KT WiFi "",""r"":-46,""f"":5640},{""b"":""30:78:c2:00:0a:b4"",""s"":""KT WiFi"",""r"":-46,""f"":5640},{""b"":""30:78:c2:00:0a:b5"",""s"":""KT WiFi"",""r"":-46,""f"":2432},{""b"":""40:27:0b:02:a2:c6"",""s"":""U+zone_2.4GHz"",""r"":-57,""f"":2472},{""b"":""40:27:0b:02:a2:c7"",""s"":""U+zone"",""r"":-58,""f"":5745},{""b"":""36:78:c2:00:09:38"",""s"":""KT WiFi "",""r"":-64,""f"":2412},{""b"":""22:17:b2:0b:7d:b8"",""s"":""T wifi zone_secure"",""r"":-64,""f"":5805},{""b"":""02:17:b2:0b:41:38"",""s"":""T wifi zone_secure"",""r"":-64,""f"":2412}]",,37.5469474,127.0483875,gps,한양대,성수,0.0
1789968167657,2026-09-21 14:22:47,unknown,37.5467032,127.049026,10.617,10.18,111.0,55.20000076293945,fused,0,LTE,NR_NSA,5G,True,False,True,False,False,52556813,213,100,1,8282,450,6,-89,-13,-55,8.0,3,2.0,,,,6289,596,0.0503,0.0048,6269,576,0.0502,0.0046,False,3,0,3,-95.0,35.0,100.0,10.18,False,False,periodic,6,1,-3.0,1.0,4999,,,,"[{""type"":""LTE"",""pci"":35,""earfcn"":100,""tac"":null,""rsrp"":-95,""rsrq"":-17,""rssi"":-63,""snr"":null,""ta"":2,""level"":3,""bands"":""1""},{""type"":""LTE"",""pci"":37,""earfcn"":100,""tac"":null,""rsrp"":-98,""rsrq"":-17,""rssi"":-69,""snr"":null,""ta"":2,""level"":2,""bands"":""1""},{""type"":""LTE"",""pci"":269,""earfcn"":100,""tac"":null,""rsrp"":-98,""rsrq"":-19,""rssi"":-69,""snr"":null,""ta"":2,""level"":2,""bands"":""1""}]",1006.9816,86.0,,61,9,,,,"[{""b"":""40:27:0b:02:a2:b7"",""s"":""U+zone_2.4GHz"",""r"":-34,""f"":2432},{""b"":""40:27:0b:02:a2:b8"",""s"":""U+zone"",""r"":-36,""f"":5785},{""b"":""02:17:b2:0b:47:8a"",""s"":""T wifi zone_secure"",""r"":-39,""f"":2452},{""b"":""02:17:b2:0b:47:88"",""s"":""T wifi zone"",""r"":-39,""f"":2452},{""b"":""22:17:b2:0b:47:8a"",""s"":""T wifi zone_secure"",""r"":-39,""f"":5785},{""b"":""22:17:b2:0b:47:88"",""s"":""T wifi zone"",""r"":-40,""f"":5785},{""b"":""36:78:c2:00:0a:b5"",""s"":""KT WiFi "",""r"":-46,""f"":2432},{""b"":""36:78:c2:00:0a:b4"",""s"":""KT WiFi "",""r"":-46,""f"":5640},{""b"":""30:78:c2:00:0a:b4"",""s"":""KT WiFi"",""r"":-46,""f"":5640},{""b"":""30:78:c2:00:0a:b5"",""s"":""KT WiFi"",""r"":-46,""f"":2432},{""b"":""40:27:0b:02:a2:c6"",""s"":""U+zone_2.4GHz"",""r"":-57,""f"":2472},{""b"":""40:27:0b:02:a2:c7"",""s"":""U+zone"",""r"":-58,""f"":5745},{""b"":""36:78:c2:00:09:38"",""s"":""KT WiFi "",""r"":-64,""f"":2412},{""b"":""22:17:b2:0b:7d:b8"",""s"":""T wifi zone_secure"",""r"":-64,""f"":5805},{""b"":""02:17:b2:0b:41:38"",""s"":""T wifi zone_secure"",""r"":-64,""f"":2412}]",,37.5467032,127.049026,gps,한양대,성수,0.0
1789968172686,2026-09-21 14:22:52,unknown,37.5465422,127.0495705,10.222,13.15,110.0,55.20000076293945,fused,1,LTE,NR_NSA,5G,True,False,True,False,False,52556813,213,100,1,8282,450,6,-78,-10,-51,4.0,4,1.0,,,,3136,4044,0.0251,0.0324,3116,4024,0.0249,0.0322,False,3,0,3,-83.0,35.0,100.0,13.15,False,False,periodic,11,1,11.0,-4.0,5006,,,,"[{""type"":""LTE"",""pci"":35,""earfcn"":100,""tac"":null,""rsrp"":-83,""rsrq"":-17,""rssi"":-53,""snr"":null,""ta"":1,""level"":4,""bands"":""1""},{""type"":""LTE"",""pci"":269,""earfcn"":100,""tac"":null,""rsrp"":-85,""rsrq"":-16,""rssi"":-61,""snr"":null,""ta"":1,""level"":4,""bands"":""1""},{""type"":""LTE"",""pci"":385,""earfcn"":100,""tac"":null,""rsrp"":-87,""rsrq"":-17,""rssi"":-59,""snr"":null,""ta"":1,""level"":3,""bands"":""1""}]",1006.8826,51.0,,61,14,,,,"[{""b"":""40:27:0b:02:a2:b7"",""s"":""U+zone_2.4GHz"",""r"":-34,""f"":2432},{""b"":""40:27:0b:02:a2:b8"",""s"":""U+zone"",""r"":-36,""f"":5785},{""b"":""02:17:b2:0b:47:8a"",""s"":""T wifi zone_secure"",""r"":-39,""f"":2452},{""b"":""02:17:b2:0b:47:88"",""s"":""T wifi zone"",""r"":-39,""f"":2452},{""b"":""22:17:b2:0b:47:8a"",""s"":""T wifi zone_secure"",""r"":-39,""f"":5785},{""b"":""22:17:b2:0b:47:88"",""s"":""T wifi zone"",""r"":-40,""f"":5785},{""b"":""36:78:c2:00:0a:b5"",""s"":""KT WiFi "",""r"":-46,""f"":2432},{""b"":""36:78:c2:00:0a:b4"",""s"":""KT WiFi "",""r"":-46,""f"":5640},{""b"":""30:78:c2:00:0a:b4"",""s"":""KT WiFi"",""r"":-46,""f"":5640},{""b"":""30:78:c2:00:0a:b5"",""s"":""KT WiFi"",""r"":-46,""f"":2432},{""b"":""40:27:0b:02:a2:c6"",""s"":""U+zone_2.4GHz"",""r"":-57,""f"":2472},{""b"":""40:27:0b:02:a2:c7"",""s"":""U+zone"",""r"":-58,""f"":5745},{""b"":""36:78:c2:00:09:38"",""s"":""KT WiFi "",""r"":-64,""f"":2412},{""b"":""22:17:b2:0b:7d:b8"",""s"":""T wifi zone_secure"",""r"":-64,""f"":5805},{""b"":""02:17:b2:0b:41:38"",""s"":""T wifi zone_secure"",""r"":-64,""f"":2412}]",,37.5465422,127.0495705,gps,한양대,성수,0.0
1789968175960,2026-09-21 14:22:55,unknown,37.5463438,127.0501811,10.145,15.07,110.0,55.20000076293945,fused,1,LTE,NR_NSA,5G,True,False,True,False,False,52541709,318,100,1,8282,450,6,-78,-15,-51,4.0,4,0.0,,,,187,118,0.0015,0.0009,156,87,0.0012,0.0007,False,5,0,5,-78.0,35.0,100.0,15.07,True,False,handover,0,2,,,8,52556813.0,-78.0,-10.0,"[{""type"":""LTE"",""pci"":35,""earfcn"":100,""tac"":null,""rsrp"":-78,""rsrq"":-20,""rssi"":-51,""snr"":null,""ta"":0,""level"":4,""bands"":""1""},{""type"":""LTE"",""pci"":213,""earfcn"":100,""tac"":null,""rsrp"":-81,""rsrq"":-18,""rssi"":-55,""snr"":null,""ta"":0,""level"":4,""bands"":""1""},{""type"":""LTE"",""pci"":306,""earfcn"":100,""tac"":null,""rsrp"":-82,""rsrq"":-20,""rssi"":-51,""snr"":null,""ta"":0,""level"":4,""bands"":""1""},{""type"":""LTE"",""pci"":385,""earfcn"":100,""tac"":null,""rsrp"":-83,""rsrq"":-18,""rssi"":-55,""snr"":null,""ta"":0,""level"":4,""bands"":""1""},{""type"":""LTE"",""pci"":297,""earfcn"":100,""tac"":null,""rsrp"":-84,""rsrq"":-20,""rssi"":-55,""snr"":null,""ta"":0,""level"":4,""bands"":""1""}]",1006.808,89.0,,61,17,,,,"[{""b"":""40:27:0b:02:a2:b7"",""s"":""U+zone_2.4GHz"",""r"":-34,""f"":2432},{""b"":""40:27:0b:02:a2:b8"",""s"":""U+zone"",""r"":-36,""f"":5785},{""b"":""02:17:b2:0b:47:8a"",""s"":""T wifi zone_secure"",""r"":-39,""f"":2452},{""b"":""02:17:b2:0b:47:88"",""s"":""T wifi zone"",""r"":-39,""f"":2452},{""b"":""22:17:b2:0b:47:8a"",""s"":""T wifi zone_secure"",""r"":-39,""f"":5785},{""b"":""22:17:b2:0b:47:88"",""s"":""T wifi zone"",""r"":-40,""f"":5785},{""b"":""36:78:c2:00:0a:b5"",""s"":""KT WiFi "",""r"":-46,""f"":2432},{""b"":""36:78:c2:00:0a:b4"",""s"":""KT WiFi "",""r"":-46,""f"":5640},{""b"":""30:78:c2:00:0a:b4"",""s"":""KT WiFi"",""r"":-46,""f"":5640},{""b"":""30:78:c2:00:0a:b5"",""s"":""KT WiFi"",""r"":-46,""f"":2432},{""b"":""40:27:0b:02:a2:c6"",""s"":""U+zone_2.4GHz"",""r"":-57,""f"":2472},{""b"":""40:27:0b:02:a2:c7"",""s"":""U+zone"",""r"":-58,""f"":5745},{""b"":""36:78:c2:00:09:38"",""s"":""KT WiFi "",""r"":-64,""f"":2412},{""b"":""22:17:b2:0b:7d:b8"",""s"":""T wifi zone_secure"",""r"":-64,""f"":5805},{""b"":""02:17:b2:0b:41:38"",""s"":""T wifi zone_secure"",""r"":-64,""f"":2412}]","[{""type"":""LTE"",""pci"":35,""earfcn"":100,""tac"":null,""rsrp"":-83,""rsrq"":-17,""rssi"":-53,""snr"":null,""ta"":1,""level"":4,""bands"":""1""},{""type"":""LTE"",""pci"":269,""earfcn"":100,""tac"":null,""rsrp"":-85,""rsrq"":-16,""rssi"":-61,""snr"":null,""ta"":1,""level"":4,""bands"":""1""},{""type"":""LTE"",""pci"":385,""earfcn"":100,""tac"":null,""rsrp"":-87,""rsrq"":-17,""rssi"":-59,""snr"":null,""ta"":1,""level"":3,""bands"":""1""}]",37.5463438,127.0501811,gps,한양대,성수,0.0
1789968177716,2026-09-21 14:22:57,unknown,37.5462435,127.0505269,10.035,15.65,111.0,55.20000076293945,fused,0,LTE,NR_NSA,5G,True,False,True,False,False,52541709,318,100,1,8282,450,6,-78,-15,-51,4.0,4,0.0,,,,2656,7109,0.0212,0.0569,2656,7109,0.0212,0.0569,False,5,0,5,-78.0,35.0,100.0,15.65,False,False,periodic,1,2,0.0,0.0,1768,,,,"[{""type"":""LTE"",""pci"":35,""earfcn"":100,""tac"":null,""rsrp"":-78,""rsrq"":-20,""rssi"":-51,""snr"":null,""ta"":0,""level"":4,""bands"":""1""},{""type"":""LTE"",""pci"":213,""earfcn"":100,""tac"":null,""rsrp"":-81,""rsrq"":-18,""rssi"":-55,""snr"":null,""ta"":0,""level"":4,""bands"":""1""},{""type"":""LTE"",""pci"":306,""earfcn"":100,""tac"":null,""rsrp"":-82,""rsrq"":-20,""rssi"":-51,""snr"":null,""ta"":0,""level"":4,""bands"":""1""},{""type"":""LTE"",""pci"":385,""earfcn"":100,""tac"":null,""rsrp"":-83,""rsrq"":-18,""rssi"":-55,""snr"":null,""ta"":0,""level"":4,""bands"":""1""},{""type"":""LTE"",""pci"":297,""earfcn"":100,""tac"":null,""rsrp"":-84,""rsrq"":-20,""rssi"":-55,""snr"":null,""ta"":0,""level"":4,""bands"":""1""}]",1006.7734,89.0,,61,19,,,,"[{""b"":""40:27:0b:02:a2:b7"",""s"":""U+zone_2.4GHz"",""r"":-34,""f"":2432},{""b"":""40:27:0b:02:a2:b8"",""s"":""U+zone"",""r"":-36,""f"":5785},{""b"":""02:17:b2:0b:47:8a"",""s"":""T wifi zone_secure"",""r"":-39,""f"":2452},{""b"":""02:17:b2:0b:47:88"",""s"":""T wifi zone"",""r"":-39,""f"":2452},{""b"":""22:17:b2:0b:47:8a"",""s"":""T wifi zone_secure"",""r"":-39,""f"":5785},{""b"":""22:17:b2:0b:47:88"",""s"":""T wifi zone"",""r"":-40,""f"":5785},{""b"":""36:78:c2:00:0a:b5"",""s"":""KT WiFi "",""r"":-46,""f"":2432},{""b"":""36:78:c2:00:0a:b4"",""s"":""KT WiFi "",""r"":-46,""f"":5640},{""b"":""30:78:c2:00:0a:b4"",""s"":""KT WiFi"",""r"":-46,""f"":5640},{""b"":""30:78:c2:00:0a:b5"",""s"":""KT WiFi"",""r"":-46,""f"":2432},{""b"":""40:27:0b:02:a2:c6"",""s"":""U+zone_2.4GHz"",""r"":-57,""f"":2472},{""b"":""40:27:0b:02:a2:c7"",""s"":""U+zone"",""r"":-58,""f"":5745},{""b"":""36:78:c2:00:09:38"",""s"":""KT WiFi "",""r"":-64,""f"":2412},{""b"":""22:17:b2:0b:7d:b8"",""s"":""T wifi zone_secure"",""r"":-64,""f"":5805},{""b"":""02:17:b2:0b:41:38"",""s"":""T wifi zone_secure"",""r"":-64,""f"":2412}]",,37.5462435,127.0505269,gps,한양대,성수,0.0
1789968179819,2026-09-21 14:22:59,unknown,37.5461388,127.0508926,10.212,16.23,111.0,55.20000076293945,fused,0,LTE,NR_NSA,5G,True,False,True,False,False,52556817,385,100,1,8282,450,6,-78,-15,-51,2.0,4,0.0,,,,2173,930,0.0174,0.0074,2126,883,0.017,0.0071,False,4,0,4,-81.0,213.0,100.0,16.23,True,False,handover,0,3,,,10,52541709.0,-78.0,-15.0,"[{""type"":""LTE"",""pci"":213,""earfcn"":100,""tac"":null,""rsrp"":-81,""rsrq"":-20,""rssi"":-51,""snr"":null,""ta"":0,""level"":4,""bands"":""1""},{""type"":""LTE"",""pci"":35,""earfcn"":100,""tac"":null,""rsrp"":-82,""rsrq"":-18,""rssi"":-53,""snr"":null,""ta"":0,""level"":4,""bands"":""1""},{""type"":""LTE"",""pci"":318,""earfcn"":100,""tac"":null,""rsrp"":-83,""rsrq"":-18,""rssi"":-51,""snr"":null,""ta"":0,""level"":4,""bands"":""1""},{""type"":""LTE"",""pci"":297,""earfcn"":100,""tac"":null,""rsrp"":-84,""rsrq"":-20,""rssi"":-53,""snr"":null,""ta"":0,""level"":4,""bands"":""1""}]",1006.7043,89.0,,61,21,,,,"[{""b"":""40:27:0b:02:a2:b7"",""s"":""U+zone_2.4GHz"",""r"":-34,""f"":2432},{""b"":""40:27:0b:02:a2:b8"",""s"":""U+zone"",""r"":-36,""f"":5785},{""b"":""02:17:b2:0b:47:8a"",""s"":""T wifi zone_secure"",""r"":-39,""f"":2452},{""b"":""02:17:b2:0b:47:88"",""s"":""T wifi zone"",""r"":-39,""f"":2452},{""b"":""22:17:b2:0b:47:8a"",""s"":""T wifi zone_secure"",""r"":-39,""f"":5785},{""b"":""22:17:b2:0b:47:88"",""s"":""T wifi zone"",""r"":-40,""f"":5785},{""b"":""36:78:c2:00:0a:b5"",""s"":""KT WiFi "",""r"":-46,""f"":2432},{""b"":""36:78:c2:00:0a:b4"",""s"":""KT WiFi "",""r"":-46,""f"":5640},{""b"":""30:78:c2:00:0a:b4"",""s"":""KT WiFi"",""r"":-46,""f"":5640},{""b"":""30:78:c2:00:0a:b5"",""s"":""KT WiFi"",""r"":-46,""f"":2432},{""b"":""40:27:0b:02:a2:c6"",""s"":""U+zone_2.4GHz"",""r"":-57,""f"":2472},{""b"":""40:27:0b:02:a2:c7"",""s"":""U+zone"",""r"":-58,""f"":5745},{""b"":""36:78:c2:00:09:38"",""s"":""KT WiFi "",""r"":-64,""f"":2412},{""b"":""22:17:b2:0b:7d:b8"",""s"":""T wifi zone_secure"",""r"":-64,""f"":5805},{""b"":""02:17:b2:0b:41:38"",""s"":""T wifi zone_secure"",""r"":-64,""f"":2412}]","[{""type"":""LTE"",""pci"":35,""earfcn"":100,""tac"":null,""rsrp"":-78,""rsrq"":-20,""rssi"":-51,""snr"":null,""ta"":0,""level"":4,""bands"":""1""},{""type"":""LTE"",""pci"":213,""earfcn"":100,""tac"":null,""rsrp"":-81,""rsrq"":-18,""rssi"":-55,""snr"":null,""ta"":0,""level"":4,""bands"":""1""},{""type"":""LTE"",""pci"":306,""earfcn"":100,""tac"":null,""rsrp"":-82,""rsrq"":-20,""rssi"":-51,""snr"":null,""ta"":0,""level"":4,""bands"":""1""},{""type"":""LTE"",""pci"":385,""earfcn"":100,""tac"":null,""rsrp"":-83,""rsrq"":-18,""rssi"":-55,""snr"":null,""ta"":0,""level"":4,""bands"":""1""},{""type"":""LTE"",""pci"":297,""earfcn"":100,""tac"":null,""rsrp"":-84,""rsrq"":-20,""rssi"":-55,""snr"":null,""ta"":0,""level"":4,""bands"":""1""}]",37.5461388,127.0508926,gps,한양대,성수,0.0
1789968182748,2026-09-21 14:23:02,unknown,37.5460278,127.0512317,10.407,16.24,110.0,57.25274798776565,fused,1,LTE,NR_NSA,5G,True,False,True,False,False,52556817,385,100,1,8282,450,6,-78,-15,-51,2.0,4,0.0,,,,2444,3077,0.0196,0.0246,2410,3043,0.0193,0.0243,False,4,0,4,-81.0,213.0,100.0,16.24,False,False,periodic,2,3,0.0,0.0,2942,,,,"[{""type"":""LTE"",""pci"":213,""earfcn"":100,""tac"":null,""rsrp"":-81,""rsrq"":-20,""rssi"":-51,""snr"":null,""ta"":0,""level"":4,""bands"":""1""},{""type"":""LTE"",""pci"":35,""earfcn"":100,""tac"":null,""rsrp"":-82,""rsrq"":-18,""rssi"":-53,""snr"":null,""ta"":0,""level"":4,""bands"":""1""},{""type"":""LTE"",""pci"":318,""earfcn"":100,""tac"":null,""rsrp"":-83,""rsrq"":-18,""rssi"":-51,""snr"":null,""ta"":0,""level"":4,""bands"":""1""},{""type"":""LTE"",""pci"":297,""earfcn"":100,""tac"":null,""rsrp"":-84,""rsrq"":-20,""rssi"":-53,""snr"":null,""ta"":0,""level"":4,""bands"":""1""}]",1006.6342,77.0,,61,24,,,,"[{""b"":""40:27:0b:02:a2:b7"",""s"":""U+zone_2.4GHz"",""r"":-34,""f"":2432},{""b"":""40:27:0b:02:a2:b8"",""s"":""U+zone"",""r"":-36,""f"":5785},{""b"":""02:17:b2:0b:47:8a"",""s"":""T wifi zone_secure"",""r"":-39,""f"":2452},{""b"":""02:17:b2:0b:47:88"",""s"":""T wifi zone"",""r"":-39,""f"":2452},{""b"":""22:17:b2:0b:47:8a"",""s"":""T wifi zone_secure"",""r"":-39,""f"":5785},{""b"":""22:17:b2:0b:47:88"",""s"":""T wifi zone"",""r"":-40,""f"":5785},{""b"":""36:78:c2:00:0a:b5"",""s"":""KT WiFi "",""r"":-46,""f"":2432},{""b"":""36:78:c2:00:0a:b4"",""s"":""KT WiFi "",""r"":-46,""f"":5640},{""b"":""30:78:c2:00:0a:b4"",""s"":""KT WiFi"",""r"":-46,""f"":5640},{""b"":""30:78:c2:00:0a:b5"",""s"":""KT WiFi"",""r"":-46,""f"":2432},{""b"":""40:27:0b:02:a2:c6"",""s"":""U+zone_2.4GHz"",""r"":-57,""f"":2472},{""b"":""40:27:0b:02:a2:c7"",""s"":""U+zone"",""r"":-58,""f"":5745},{""b"":""36:78:c2:00:09:38"",""s"":""KT WiFi "",""r"":-64,""f"":2412},{""b"":""22:17:b2:0b:7d:b8"",""s"":""T wifi zone_secure"",""r"":-64,""f"":5805},{""b"":""02:17:b2:0b:41:38"",""s"":""T wifi zone_secure"",""r"":-64,""f"":2412}]",,37.5460278,127.0512317,gps,한양대,성수,0.0
1789968187771,2026-09-21 14:23:07,unknown,37.5456861,127.0523178,10.322,17.39,111.0,57.95887070323055,fused,0,LTE,NR_NSA,5G,True,False,True,False,False,52556817,385,100,1,8282,450,6,-80,-13,-51,2.0,4,0.0,,,,21877,5606,0.175,0.0448,21857,5586,0.1749,0.0447,False,4,0,4,-83.0,318.0,100.0,17.39,False,False,periodic,7,3,-2.0,0.0,4999,,,,"[{""type"":""LTE"",""pci"":318,""earfcn"":100,""tac"":null,""rsrp"":-83,""rsrq"":-16,""rssi"":-57,""snr"":null,""ta"":0,""level"":4,""bands"":""1""},{""type"":""LTE"",""pci"":132,""earfcn"":100,""tac"":null,""rsrp"":-85,""rsrq"":-20,""rssi"":-55,""snr"":null,""ta"":0,""level"":4,""bands"":""1""},{""type"":""LTE"",""pci"":297,""earfcn"":100,""tac"":null,""rsrp"":-85,""rsrq"":-20,""rssi"":-55,""snr"":null,""ta"":0,""level"":4,""bands"":""1""},{""type"":""LTE"",""pci"":193,""earfcn"":100,""tac"":null,""rsrp"":-89,""rsrq"":-20,""rssi"":-57,""snr"":null,""ta"":0,""level"":3,""bands"":""1""}]",1006.74194,97.0,,35,5,,,,"[{""b"":""02:17:b2:0b:47:8a"",""s"":""T wifi zone_secure"",""r"":-35,""f"":2452},{""b"":""40:27:0b:02:a2:b7"",""s"":""U+zone_2.4GHz"",""r"":-37,""f"":2432},{""b"":""02:17:b2:0b:47:88"",""s"":""T wifi zone"",""r"":-39,""f"":2452},{""b"":""22:17:b2:0b:47:8a"",""s"":""T wifi zone_secure"",""r"":-39,""f"":5785},{""b"":""22:17:b2:0b:47:88"",""s"":""T wifi zone"",""r"":-39,""f"":5785},{""b"":""30:78:c2:00:0a:b5"",""s"":""KT WiFi"",""r"":-46,""f"":2432},{""b"":""36:78:c2:00:0a:b5"",""s"":""KT WiFi "",""r"":-47,""f"":2432},{""b"":""36:78:c2:00:0a:b4"",""s"":""KT WiFi "",""r"":-48,""f"":5640},{""b"":""30:78:c2:00:0a:b4"",""s"":""KT WiFi"",""r"":-49,""f"":5640},{""b"":""40:27:0b:02:a2:c7"",""s"":""U+zone"",""r"":-61,""f"":5745},{""b"":""02:17:b2:0b:7d:b8"",""s"":""T wifi zone_secure"",""r"":-64,""f"":2452},{""b"":""30:78:c2:00:07:d5"",""s"":""KT WiFi"",""r"":-71,""f"":5640},{""b"":""36:78:c2:00:07:d5"",""s"":""KT WiFi "",""r"":-72,""f"":5640},{""b"":""38:f4:5e:32:75:fa"",""s"":""SK_75F8_5G"",""r"":-80,""f"":5240},{""b"":""22:17:b2:0b:47:8c"",""s"":""T wifi zone"",""r"":-83,""f"":5240}]",,37.5456861,127.0523178,gps,한양대,성수,0.0
1789968192781,2026-09-21 14:23:12,unknown,37.545473,127.0530606,10.506,17.57,111.0,57.724358574251326,fused,1,LTE,NR_NSA,5G,True,False,True,False,False,52541716,35,100,1,8282,450,6,-82,-13,-51,2.0,4,1.0,,,,3021285,23268,24.1703,0.1861,3021265,23248,24.1701,0.186,False,4,0,4,-87.0,132.0,100.0,17.57,True,False,periodic,0,3,,,4878,52556817.0,-80.0,-13.0,"[{""type"":""LTE"",""pci"":132,""earfcn"":100,""tac"":null,""rsrp"":-87,""rsrq"":-15,""rssi"":-61,""snr"":null,""ta"":1,""level"":3,""bands"":""1""},{""type"":""LTE"",""pci"":385,""earfcn"":100,""tac"":null,""rsrp"":-88,""rsrq"":-18,""rssi"":-61,""snr"":null,""ta"":1,""level"":3,""bands"":""1""},{""type"":""LTE"",""pci"":196,""earfcn"":100,""tac"":null,""rsrp"":-89,""rsrq"":-18,""rssi"":-61,""snr"":null,""ta"":1,""level"":3,""bands"":""1""},{""type"":""LTE"",""pci"":269,""earfcn"":100,""tac"":null,""rsrp"":-91,""rsrq"":-20,""rssi"":-61,""snr"":null,""ta"":1,""level"":3,""bands"":""1""}]",1007.11993,65.0,119.43,35,10,,,,"[{""b"":""02:17:b2:0b:47:8a"",""s"":""T wifi zone_secure"",""r"":-35,""f"":2452},{""b"":""40:27:0b:02:a2:b7"",""s"":""U+zone_2.4GHz"",""r"":-37,""f"":2432},{""b"":""02:17:b2:0b:47:88"",""s"":""T wifi zone"",""r"":-39,""f"":2452},{""b"":""22:17:b2:0b:47:8a"",""s"":""T wifi zone_secure"",""r"":-39,""f"":5785},{""b"":""22:17:b2:0b:47:88"",""s"":""T wifi zone"",""r"":-39,""f"":5785},{""b"":""30:78:c2:00:0a:b5"",""s"":""KT WiFi"",""r"":-46,""f"":2432},{""b"":""36:78:c2:00:0a:b5"",""s"":""KT WiFi "",""r"":-47,""f"":2432},{""b"":""36:78:c2:00:0a:b4"",""s"":""KT WiFi "",""r"":-48,""f"":5640},{""b"":""30:78:c2:00:0a:b4"",""s"":""KT WiFi"",""r"":-49,""f"":5640},{""b"":""40:27:0b:02:a2:c7"",""s"":""U+zone"",""r"":-61,""f"":5745},{""b"":""02:17:b2:0b:7d:b8"",""s"":""T wifi zone_secure"",""r"":-64,""f"":2452},{""b"":""30:78:c2:00:07:d5"",""s"":""KT WiFi"",""r"":-71,""f"":5640},{""b"":""36:78:c2:00:07:d5"",""s"":""KT WiFi "",""r"":-72,""f"":5640},{""b"":""38:f4:5e:32:75:fa"",""s"":""SK_75F8_5G"",""r"":-80,""f"":5240},{""b"":""22:17:b2:0b:47:8c"",""s"":""T wifi zone"",""r"":-83,""f"":5240}]","[{""type"":""LTE"",""pci"":318,""earfcn"":100,""tac"":null,""rsrp"":-83,""rsrq"":-16,""rssi"":-57,""snr"":null,""ta"":0,""level"":4,""bands"":""1""},{""type"":""LTE"",""pci"":132,""earfcn"":100,""tac"":null,""rsrp"":-85,""rsrq"":-20,""rssi"":-55,""snr"":null,""ta"":0,""level"":4,""bands"":""1""},{""type"":""LTE"",""pci"":297,""earfcn"":100,""tac"":null,""rsrp"":-85,""rsrq"":-20,""rssi"":-55,""snr"":null,""ta"":0,""level"":4,""bands"":""1""},{""type"":""LTE"",""pci"":193,""earfcn"":100,""tac"":null,""rsrp"":-89,""rsrq"":-20,""rssi"":-57,""snr"":null,""ta"":0,""level"":3,""bands"":""1""}]",37.545473,127.0530606,gps,한양대,성수,0.0
1789968194009,2026-09-21 14:23:14,unknown,37.5453704,127.0534261,10.336,17.3,110.0,57.25848011587463,fused,1,LTE,NR_NSA,5G,True,False,True,False,False,52552462,196,100,1,8282,450,6,-77,-12,-51,-1.0,4,0.0,,,,0,0,0.0,0.0,0,0,0.0,0.0,False,3,0,3,-83.0,35.0,100.0,17.3,True,False,handover,0,4,,,5,52541716.0,-82.0,-13.0,"[{""type"":""LTE"",""pci"":35,""earfcn"":100,""tac"":null,""rsrp"":-83,""rsrq"":-17,""rssi"":-53,""snr"":null,""ta"":0,""level"":4,""bands"":""1""},{""type"":""LTE"",""pci"":164,""earfcn"":100,""tac"":null,""rsrp"":-85,""rsrq"":-19,""rssi"":-53,""snr"":null,""ta"":0,""level"":4,""bands"":""1""},{""type"":""LTE"",""pci"":279,""earfcn"":100,""tac"":null,""rsrp"":-87,""rsrq"":-20,""rssi"":-57,""snr"":null,""ta"":0,""level"":3,""bands"":""1""}]",1007.178,65.0,,35,12,,,,"[{""b"":""02:17:b2:0b:47:8a"",""s"":""T wifi zone_secure"",""r"":-35,""f"":2452},{""b"":""40:27:0b:02:a2:b7"",""s"":""U+zone_2.4GHz"",""r"":-37,""f"":2432},{""b"":""02:17:b2:0b:47:88"",""s"":""T wifi zone"",""r"":-39,""f"":2452},{""b"":""22:17:b2:0b:47:8a"",""s"":""T wifi zone_secure"",""r"":-39,""f"":5785},{""b"":""22:17:b2:0b:47:88"",""s"":""T wifi zone"",""r"":-39,""f"":5785},{""b"":""30:78:c2:00:0a:b5"",""s"":""KT WiFi"",""r"":-46,""f"":2432},{""b"":""36:78:c2:00:0a:b5"",""s"":""KT WiFi "",""r"":-47,""f"":2432},{""b"":""36:78:c2:00:0a:b4"",""s"":""KT WiFi "",""r"":-48,""f"":5640},{""b"":""30:78:c2:00:0a:b4"",""s"":""KT WiFi"",""r"":-49,""f"":5640},{""b"":""40:27:0b:02:a2:c7"",""s"":""U+zone"",""r"":-61,""f"":5745},{""b"":""02:17:b2:0b:7d:b8"",""s"":""T wifi zone_secure"",""r"":-64,""f"":2452},{""b"":""30:78:c2:00:07:d5"",""s"":""KT WiFi"",""r"":-71,""f"":5640},{""b"":""36:78:c2:00:07:d5"",""s"":""KT WiFi "",""r"":-72,""f"":5640},{""b"":""38:f4:5e:32:75:fa"",""s"":""SK_75F8_5G"",""r"":-80,""f"":5240},{""b"":""22:17:b2:0b:47:8c"",""s"":""T wifi zone"",""r"":-83,""f"":5240}]","[{""type"":""LTE"",""pci"":132,""earfcn"":100,""tac"":null,""rsrp"":-87,""rsrq"":-15,""rssi"":-61,""snr"":null,""ta"":1,""level"":3,""bands"":""1""},{""type"":""LTE"",""pci"":385,""earfcn"":100,""tac"":null,""rsrp"":-88,""rsrq"":-18,""rssi"":-61,""snr"":null,""ta"":1,""level"":3,""bands"":""1""},{""type"":""LTE"",""pci"":196,""earfcn"":100,""tac"":null,""rsrp"":-89,""rsrq"":-18,""rssi"":-61,""snr"":null,""ta"":1,""level"":3,""bands"":""1""},{""type"":""LTE"",""pci"":269,""earfcn"":100,""tac"":null,""rsrp"":-91,""rsrq"":-20,""rssi"":-61,""snr"":null,""ta"":1,""level"":3,""bands"":""1""}]",37.5453704,127.0534261,gps,한양대,성수,0.0
1789968197798,2026-09-21 14:23:17,unknown,37.5451463,127.0541388,10.007,16.19,110.0,55.20000076293945,fused,0,LTE,NR_NSA,5G,True,False,True,False,False,52552462,196,100,1,8282,450,6,-77,-12,-51,-1.0,4,0.0,,,,662,405,0.0053,0.0032,635,378,0.0051,0.003,False,3,0,3,-83.0,35.0,100.0,16.19,False,False,periodic,3,4,0.0,0.0,3793,,,,"[{""type"":""LTE"",""pci"":35,""earfcn"":100,""tac"":null,""rsrp"":-83,""rsrq"":-17,""rssi"":-53,""snr"":null,""ta"":0,""level"":4,""bands"":""1""},{""type"":""LTE"",""pci"":164,""earfcn"":100,""tac"":null,""rsrp"":-85,""rsrq"":-19,""rssi"":-53,""snr"":null,""ta"":0,""level"":4,""bands"":""1""},{""type"":""LTE"",""pci"":279,""earfcn"":100,""tac"":null,""rsrp"":-87,""rsrq"":-20,""rssi"":-57,""snr"":null,""ta"":0,""level"":3,""bands"":""1""}]",1007.36414,99.0,,35,15,,,,"[{""b"":""02:17:b2:0b:47:8a"",""s"":""T wifi zone_secure"",""r"":-35,""f"":2452},{""b"":""40:27:0b:02:a2:b7"",""s"":""U+zone_2.4GHz"",""r"":-37,""f"":2432},{""b"":""02:17:b2:0b:47:88"",""s"":""T wifi zone"",""r"":-39,""f"":2452},{""b"":""22:17:b2:0b:47:8a"",""s"":""T wifi zone_secure"",""r"":-39,""f"":5785},{""b"":""22:17:b2:0b:47:88"",""s"":""T wifi zone"",""r"":-39,""f"":5785},{""b"":""30:78:c2:00:0a:b5"",""s"":""KT WiFi"",""r"":-46,""f"":2432},{""b"":""36:78:c2:00:0a:b5"",""s"":""KT WiFi "",""r"":-47,""f"":2432},{""b"":""36:78:c2:00:0a:b4"",""s"":""KT WiFi "",""r"":-48,""f"":5640},{""b"":""30:78:c2:00:0a:b4"",""s"":""KT WiFi"",""r"":-49,""f"":5640},{""b"":""40:27:0b:02:a2:c7"",""s"":""U+zone"",""r"":-61,""f"":5745},{""b"":""02:17:b2:0b:7d:b8"",""s"":""T wifi zone_secure"",""r"":-64,""f"":2452},{""b"":""30:78:c2:00:07:d5"",""s"":""KT WiFi"",""r"":-71,""f"":5640},{""b"":""36:78:c2:00:07:d5"",""s"":""KT WiFi "",""r"":-72,""f"":5640},{""b"":""38:f4:5e:32:75:fa"",""s"":""SK_75F8_5G"",""r"":-80,""f"":5240},{""b"":""22:17:b2:0b:47:8c"",""s"":""T wifi zone"",""r"":-83,""f"":5240}]",,37.5451463,127.0541388,gps,한양대,성수,0.0
1789968202811,2026-09-21 14:23:22,unknown,37.544957,127.0548014,10.24,15.12,110.0,55.20000076293945,fused,1,LTE,NR_NSA,5G,True,False,True,False,False,52542724,164,100,1,8282,450,6,-77,-12,-51,0.0,4,0.0,,,,166,197,0.0013,0.0016,146,177,0.0012,0.0014,False,4,0,4,-80.0,279.0,100.0,15.12,True,False,periodic,0,5,,,4432,52552462.0,-77.0,-12.0,"[{""type"":""LTE"",""pci"":279,""earfcn"":100,""tac"":null,""rsrp"":-80,""rsrq"":-15,""rssi"":-51,""snr"":null,""ta"":0,""level"":4,""bands"":""1""},{""type"":""LTE"",""pci"":211,""earfcn"":100,""tac"":null,""rsrp"":-83,""rsrq"":-18,""rssi"":-51,""snr"":null,""ta"":0,""level"":4,""bands"":""1""},{""type"":""LTE"",""pci"":35,""earfcn"":100,""tac"":null,""rsrp"":-84,""rsrq"":-18,""rssi"":-51,""snr"":null,""ta"":0,""level"":4,""bands"":""1""},{""type"":""LTE"",""pci"":196,""earfcn"":100,""tac"":null,""rsrp"":-90,""rsrq"":-20,""rssi"":-51,""snr"":null,""ta"":0,""level"":3,""bands"":""1""}]",1007.4508,107.0,,35,21,,,,"[{""b"":""02:17:b2:0b:47:8a"",""s"":""T wifi zone_secure"",""r"":-35,""f"":2452},{""b"":""40:27:0b:02:a2:b7"",""s"":""U+zone_2.4GHz"",""r"":-37,""f"":2432},{""b"":""02:17:b2:0b:47:88"",""s"":""T wifi zone"",""r"":-39,""f"":2452},{""b"":""22:17:b2:0b:47:8a"",""s"":""T wifi zone_secure"",""r"":-39,""f"":5785},{""b"":""22:17:b2:0b:47:88"",""s"":""T wifi zone"",""r"":-39,""f"":5785},{""b"":""30:78:c2:00:0a:b5"",""s"":""KT WiFi"",""r"":-46,""f"":2432},{""b"":""36:78:c2:00:0a:b5"",""s"":""KT WiFi "",""r"":-47,""f"":2432},{""b"":""36:78:c2:00:0a:b4"",""s"":""KT WiFi "",""r"":-48,""f"":5640},{""b"":""30:78:c2:00:0a:b4"",""s"":""KT WiFi"",""r"":-49,""f"":5640},{""b"":""40:27:0b:02:a2:c7"",""s"":""U+zone"",""r"":-61,""f"":5745},{""b"":""02:17:b2:0b:7d:b8"",""s"":""T wifi zone_secure"",""r"":-64,""f"":2452},{""b"":""30:78:c2:00:07:d5"",""s"":""KT WiFi"",""r"":-71,""f"":5640},{""b"":""36:78:c2:00:07:d5"",""s"":""KT WiFi "",""r"":-72,""f"":5640},{""b"":""38:f4:5e:32:75:fa"",""s"":""SK_75F8_5G"",""r"":-80,""f"":5240},{""b"":""22:17:b2:0b:47:8c"",""s"":""T wifi zone"",""r"":-83,""f"":5240}]","[{""type"":""LTE"",""pci"":35,""earfcn"":100,""tac"":null,""rsrp"":-83,""rsrq"":-17,""rssi"":-53,""snr"":null,""ta"":0,""level"":4,""bands"":""1""},{""type"":""LTE"",""pci"":164,""earfcn"":100,""tac"":null,""rsrp"":-85,""rsrq"":-19,""rssi"":-53,""snr"":null,""ta"":0,""level"":4,""bands"":""1""},{""type"":""LTE"",""pci"":279,""earfcn"":100,""tac"":null,""rsrp"":-87,""rsrq"":-20,""rssi"":-57,""snr"":null,""ta"":0,""level"":3,""bands"":""1""}]",37.544957,127.0548014,gps,한양대,성수,0.0
1789968203933,2026-09-21 14:23:23,unknown,37.544882,127.0550838,10.273,13.3,112.0,53.1089295675158,fused,1,LTE,NR_NSA,5G,True,False,True,False,False,52542735,279,100,1,8282,450,6,-63,-10,-51,5.0,4,0.0,,,,64493,1852,0.5159,0.0148,64493,1852,0.5159,0.0148,False,2,0,2,-70.0,164.0,100.0,13.3,True,False,handover,0,6,,,5,52542724.0,-77.0,-12.0,"[{""type"":""LTE"",""pci"":164,""earfcn"":100,""tac"":null,""rsrp"":-70,""rsrq"":-17,""rssi"":-51,""snr"":null,""ta"":0,""level"":4,""bands"":""1""},{""type"":""LTE"",""pci"":211,""earfcn"":100,""tac"":null,""rsrp"":-70,""rsrq"":-20,""rssi"":-51,""snr"":null,""ta"":0,""level"":4,""bands"":""1""}]",1007.50116,107.0,,35,22,,,,"[{""b"":""02:17:b2:0b:47:8a"",""s"":""T wifi zone_secure"",""r"":-35,""f"":2452},{""b"":""40:27:0b:02:a2:b7"",""s"":""U+zone_2.4GHz"",""r"":-37,""f"":2432},{""b"":""02:17:b2:0b:47:88"",""s"":""T wifi zone"",""r"":-39,""f"":2452},{""b"":""22:17:b2:0b:47:8a"",""s"":""T wifi zone_secure"",""r"":-39,""f"":5785},{""b"":""22:17:b2:0b:47:88"",""s"":""T wifi zone"",""r"":-39,""f"":5785},{""b"":""30:78:c2:00:0a:b5"",""s"":""KT WiFi"",""r"":-46,""f"":2432},{""b"":""36:78:c2:00:0a:b5"",""s"":""KT WiFi "",""r"":-47,""f"":2432},{""b"":""36:78:c2:00:0a:b4"",""s"":""KT WiFi "",""r"":-48,""f"":5640},{""b"":""30:78:c2:00:0a:b4"",""s"":""KT WiFi"",""r"":-49,""f"":5640},{""b"":""40:27:0b:02:a2:c7"",""s"":""U+zone"",""r"":-61,""f"":5745},{""b"":""02:17:b2:0b:7d:b8"",""s"":""T wifi zone_secure"",""r"":-64,""f"":2452},{""b"":""30:78:c2:00:07:d5"",""s"":""KT WiFi"",""r"":-71,""f"":5640},{""b"":""36:78:c2:00:07:d5"",""s"":""KT WiFi "",""r"":-72,""f"":5640},{""b"":""38:f4:5e:32:75:fa"",""s"":""SK_75F8_5G"",""r"":-80,""f"":5240},{""b"":""22:17:b2:0b:47:8c"",""s"":""T wifi zone"",""r"":-83,""f"":5240}]","[{""type"":""LTE"",""pci"":279,""earfcn"":100,""tac"":null,""rsrp"":-80,""rsrq"":-15,""rssi"":-51,""snr"":null,""ta"":0,""level"":4,""bands"":""1""},{""type"":""LTE"",""pci"":211,""earfcn"":100,""tac"":null,""rsrp"":-83,""rsrq"":-18,""rssi"":-51,""snr"":null,""ta"":0,""level"":4,""bands"":""1""},{""type"":""LTE"",""pci"":35,""earfcn"":100,""tac"":null,""rsrp"":-84,""rsrq"":-18,""rssi"":-51,""snr"":null,""ta"":0,""level"":4,""bands"":""1""},{""type"":""LTE"",""pci"":196,""earfcn"":100,""tac"":null,""rsrp"":-90,""rsrq"":-20,""rssi"":-51,""snr"":null,""ta"":0,""level"":3,""bands"":""1""}]",37.544882,127.0550838,gps,한양대,성수,0.0
1789968207834,2026-09-21 14:23:27,unknown,37.5447131,127.0556198,10.792,12.02,110.0,51.90323480972532,fused,0,LTE,NR_NSA,5G,True,False,True,False,False,52542735,279,100,1,8282,450,6,-63,-10,-51,5.0,4,0.0,,,,21315,1400,0.1705,0.0112,21290,1374,0.1703,0.011,False,2,0,2,-70.0,164.0,100.0,12.02,False,False,periodic,3,5,0.0,0.0,3910,,,,"[{""type"":""LTE"",""pci"":164,""earfcn"":100,""tac"":null,""rsrp"":-70,""rsrq"":-17,""rssi"":-51,""snr"":null,""ta"":0,""level"":4,""bands"":""1""},{""type"":""LTE"",""pci"":211,""earfcn"":100,""tac"":null,""rsrp"":-70,""rsrq"":-20,""rssi"":-51,""snr"":null,""ta"":0,""level"":4,""bands"":""1""}]",1007.4387,70.0,,35,26,,,,"[{""b"":""02:17:b2:0b:47:8a"",""s"":""T wifi zone_secure"",""r"":-35,""f"":2452},{""b"":""40:27:0b:02:a2:b7"",""s"":""U+zone_2.4GHz"",""r"":-37,""f"":2432},{""b"":""02:17:b2:0b:47:88"",""s"":""T wifi zone"",""r"":-39,""f"":2452},{""b"":""22:17:b2:0b:47:8a"",""s"":""T wifi zone_secure"",""r"":-39,""f"":5785},{""b"":""22:17:b2:0b:47:88"",""s"":""T wifi zone"",""r"":-39,""f"":5785},{""b"":""30:78:c2:00:0a:b5"",""s"":""KT WiFi"",""r"":-46,""f"":2432},{""b"":""36:78:c2:00:0a:b5"",""s"":""KT WiFi "",""r"":-47,""f"":2432},{""b"":""36:78:c2:00:0a:b4"",""s"":""KT WiFi "",""r"":-48,""f"":5640},{""b"":""30:78:c2:00:0a:b4"",""s"":""KT WiFi"",""r"":-49,""f"":5640},{""b"":""40:27:0b:02:a2:c7"",""s"":""U+zone"",""r"":-61,""f"":5745},{""b"":""02:17:b2:0b:7d:b8"",""s"":""T wifi zone_secure"",""r"":-64,""f"":2452},{""b"":""30:78:c2:00:07:d5"",""s"":""KT WiFi"",""r"":-71,""f"":5640},{""b"":""36:78:c2:00:07:d5"",""s"":""KT WiFi "",""r"":-72,""f"":5640},{""b"":""38:f4:5e:32:75:fa"",""s"":""SK_75F8_5G"",""r"":-80,""f"":5240},{""b"":""22:17:b2:0b:47:8c"",""s"":""T wifi zone"",""r"":-83,""f"":5240}]",,37.5447131,127.0556198,gps,성수,성수,0.0
1789968212860,2026-09-21 14:23:32,unknown,37.5446317,127.0560239,11.928,7.83,108.0,51.88374915351105,fused,1,LTE,NR_NSA,5G,True,False,True,False,False,52542735,279,100,1,8282,450,6,-79,-14,-51,7.0,4,0.0,,,,2093940,137725,16.7515,1.1018,2093920,137705,16.7514,1.1016,False,2,0,2,-80.0,153.0,100.0,7.83,False,False,periodic,8,4,-16.0,2.0,4997,,,,"[{""type"":""LTE"",""pci"":153,""earfcn"":100,""tac"":null,""rsrp"":-80,""rsrq"":-15,""rssi"":-53,""snr"":null,""ta"":0,""level"":4,""bands"":""1""},{""type"":""LTE"",""pci"":164,""earfcn"":100,""tac"":null,""rsrp"":-83,""rsrq"":-17,""rssi"":-53,""snr"":null,""ta"":0,""level"":4,""bands"":""1""}]",1007.44403,51.0,,42,1,,,,"[{""b"":""40:27:0b:02:a2:b8"",""s"":""U+zone"",""r"":-37,""f"":5785},{""b"":""40:27:0b:02:a2:b7"",""s"":""U+zone_2.4GHz"",""r"":-37,""f"":2432},{""b"":""22:17:b2:0b:47:88"",""s"":""T wifi zone"",""r"":-38,""f"":5785},{""b"":""22:17:b2:0b:47:8a"",""s"":""T wifi zone_secure"",""r"":-39,""f"":5785},{""b"":""02:17:b2:0b:47:8a"",""s"":""T wifi zone_secure"",""r"":-40,""f"":2452},{""b"":""02:17:b2:0b:47:88"",""s"":""T wifi zone"",""r"":-41,""f"":2452},{""b"":""36:78:c2:00:0a:b4"",""s"":""KT WiFi "",""r"":-46,""f"":5640},{""b"":""30:78:c2:00:0a:b4"",""s"":""KT WiFi"",""r"":-46,""f"":5640},{""b"":""30:78:c2:00:0a:b5"",""s"":""KT WiFi"",""r"":-50,""f"":2432},{""b"":""02:06:ac:80:2a:8b"",""s"":""U+zone"",""r"":-57,""f"":5805},{""b"":""22:06:ac:80:2a:8b"",""s"":""Public WiFi Free"",""r"":-58,""f"":5805},{""b"":""12:06:ac:80:2a:8b"",""s"":""FREE_U+zone"",""r"":-58,""f"":5805},{""b"":""40:27:0b:02:a2:c7"",""s"":""U+zone"",""r"":-60,""f"":5745},{""b"":""12:06:ac:80:2b:47"",""s"":""FREE_U+zone"",""r"":-60,""f"":5745},{""b"":""02:06:ac:80:2b:47"",""s"":""U+zone"",""r"":-61,""f"":5745}]",,37.5446317,127.0560239,gps,성수,성수,0.0
1789968217516,2026-09-21 14:23:37,unknown,37.5445236,127.0564989,11.932,4.99,111.0,51.82629336712015,fused,0,LTE,NR_NSA,5G,True,False,True,False,False,52542733,128,100,1,8282,450,6,-82,-15,-51,-4.0,4,1.0,,,,5327,10572,0.0426,0.0846,5305,10550,0.0424,0.0844,False,3,0,3,-86.0,199.0,100.0,4.99,True,False,handover,0,5,,,11,52542735.0,-79.0,-14.0,"[{""type"":""LTE"",""pci"":199,""earfcn"":100,""tac"":null,""rsrp"":-86,""rsrq"":-17,""rssi"":-59,""snr"":null,""ta"":1,""level"":3,""bands"":""1""},{""type"":""LTE"",""pci"":153,""earfcn"":100,""tac"":null,""rsrp"":-88,""rsrq"":-19,""rssi"":-59,""snr"":null,""ta"":1,""level"":3,""bands"":""1""},{""type"":""LTE"",""pci"":279,""earfcn"":100,""tac"":null,""rsrp"":-90,""rsrq"":-20,""rssi"":-59,""snr"":null,""ta"":1,""level"":3,""bands"":""1""}]",1007.4215,51.0,,42,5,,,,"[{""b"":""40:27:0b:02:a2:b8"",""s"":""U+zone"",""r"":-37,""f"":5785},{""b"":""40:27:0b:02:a2:b7"",""s"":""U+zone_2.4GHz"",""r"":-37,""f"":2432},{""b"":""22:17:b2:0b:47:88"",""s"":""T wifi zone"",""r"":-38,""f"":5785},{""b"":""22:17:b2:0b:47:8a"",""s"":""T wifi zone_secure"",""r"":-39,""f"":5785},{""b"":""02:17:b2:0b:47:8a"",""s"":""T wifi zone_secure"",""r"":-40,""f"":2452},{""b"":""02:17:b2:0b:47:88"",""s"":""T wifi zone"",""r"":-41,""f"":2452},{""b"":""36:78:c2:00:0a:b4"",""s"":""KT WiFi "",""r"":-46,""f"":5640},{""b"":""30:78:c2:00:0a:b4"",""s"":""KT WiFi"",""r"":-46,""f"":5640},{""b"":""30:78:c2:00:0a:b5"",""s"":""KT WiFi"",""r"":-50,""f"":2432},{""b"":""02:06:ac:80:2a:8b"",""s"":""U+zone"",""r"":-57,""f"":5805},{""b"":""22:06:ac:80:2a:8b"",""s"":""Public WiFi Free"",""r"":-58,""f"":5805},{""b"":""12:06:ac:80:2a:8b"",""s"":""FREE_U+zone"",""r"":-58,""f"":5805},{""b"":""40:27:0b:02:a2:c7"",""s"":""U+zone"",""r"":-60,""f"":5745},{""b"":""12:06:ac:80:2b:47"",""s"":""FREE_U+zone"",""r"":-60,""f"":5745},{""b"":""02:06:ac:80:2b:47"",""s"":""U+zone"",""r"":-61,""f"":5745}]","[{""type"":""LTE"",""pci"":153,""earfcn"":100,""tac"":null,""rsrp"":-80,""rsrq"":-15,""rssi"":-53,""snr"":null,""ta"":0,""level"":4,""bands"":""1""},{""type"":""LTE"",""pci"":164,""earfcn"":100,""tac"":null,""rsrp"":-83,""rsrq"":-17,""rssi"":-53,""snr"":null,""ta"":0,""level"":4,""bands"":""1""}]",37.5445236,127.0564989,gps,성수,성수,0.0
1789968217870,2026-09-21 14:23:37,unknown,37.5445236,127.0564989,11.932,4.99,111.0,51.82629336712015,fused,0,LTE,NR_NSA,5G,True,False,True,False,False,52542733,128,100,1,8282,450,6,-82,-15,-51,-4.0,4,1.0,,,,0,0,0.0,0.0,0,0,0.0,0.0,False,3,0,3,-86.0,199.0,100.0,4.99,False,False,periodic,0,5,0.0,0.0,363,,,,"[{""type"":""LTE"",""pci"":199,""earfcn"":100,""tac"":null,""rsrp"":-86,""rsrq"":-17,""rssi"":-59,""snr"":null,""ta"":1,""level"":3,""bands"":""1""},{""type"":""LTE"",""pci"":153,""earfcn"":100,""tac"":null,""rsrp"":-88,""rsrq"":-19,""rssi"":-59,""snr"":null,""ta"":1,""level"":3,""bands"":""1""},{""type"":""LTE"",""pci"":279,""earfcn"":100,""tac"":null,""rsrp"":-90,""rsrq"":-20,""rssi"":-59,""snr"":null,""ta"":1,""level"":3,""bands"":""1""}]",1007.41064,226.0,,42,6,,,,"[{""b"":""40:27:0b:02:a2:b8"",""s"":""U+zone"",""r"":-37,""f"":5785},{""b"":""40:27:0b:02:a2:b7"",""s"":""U+zone_2.4GHz"",""r"":-37,""f"":2432},{""b"":""22:17:b2:0b:47:88"",""s"":""T wifi zone"",""r"":-38,""f"":5785},{""b"":""22:17:b2:0b:47:8a"",""s"":""T wifi zone_secure"",""r"":-39,""f"":5785},{""b"":""02:17:b2:0b:47:8a"",""s"":""T wifi zone_secure"",""r"":-40,""f"":2452},{""b"":""02:17:b2:0b:47:88"",""s"":""T wifi zone"",""r"":-41,""f"":2452},{""b"":""36:78:c2:00:0a:b4"",""s"":""KT WiFi "",""r"":-46,""f"":5640},{""b"":""30:78:c2:00:0a:b4"",""s"":""KT WiFi"",""r"":-46,""f"":5640},{""b"":""30:78:c2:00:0a:b5"",""s"":""KT WiFi"",""r"":-50,""f"":2432},{""b"":""02:06:ac:80:2a:8b"",""s"":""U+zone"",""r"":-57,""f"":5805},{""b"":""22:06:ac:80:2a:8b"",""s"":""Public WiFi Free"",""r"":-58,""f"":5805},{""b"":""12:06:ac:80:2a:8b"",""s"":""FREE_U+zone"",""r"":-58,""f"":5805},{""b"":""40:27:0b:02:a2:c7"",""s"":""U+zone"",""r"":-60,""f"":5745},{""b"":""12:06:ac:80:2b:47"",""s"":""FREE_U+zone"",""r"":-60,""f"":5745},{""b"":""02:06:ac:80:2b:47"",""s"":""U+zone"",""r"":-61,""f"":5745}]",,37.5445236,127.0564989,gps,성수,성수,0.0
1789968222893,2026-09-21 14:23:42,unknown,37.5444597,127.0566917,11.185,2.65,103.0,51.88930711271307,fused,1,LTE,NR_NSA,5G,True,False,True,False,False,52542733,128,100,1,8282,450,6,-82,-14,-51,-4.0,4,1.0,,,,430431,21409,3.4434,0.1713,430391,21369,3.4431,0.171,False,3,0,3,-86.0,199.0,100.0,2.65,False,False,periodic,5,4,0.0,0.0,5002,,,,"[{""type"":""LTE"",""pci"":199,""earfcn"":100,""tac"":null,""rsrp"":-86,""rsrq"":-17,""rssi"":-59,""snr"":null,""ta"":1,""level"":3,""bands"":""1""},{""type"":""LTE"",""pci"":153,""earfcn"":100,""tac"":null,""rsrp"":-88,""rsrq"":-19,""rssi"":-59,""snr"":null,""ta"":1,""level"":3,""bands"":""1""},{""type"":""LTE"",""pci"":279,""earfcn"":100,""tac"":null,""rsrp"":-90,""rsrq"":-20,""rssi"":-59,""snr"":null,""ta"":1,""level"":3,""bands"":""1""}]",1007.37134,67.0,106.127,42,11,,,,"[{""b"":""40:27:0b:02:a2:b8"",""s"":""U+zone"",""r"":-37,""f"":5785},{""b"":""40:27:0b:02:a2:b7"",""s"":""U+zone_2.4GHz"",""r"":-37,""f"":2432},{""b"":""22:17:b2:0b:47:88"",""s"":""T wifi zone"",""r"":-38,""f"":5785},{""b"":""22:17:b2:0b:47:8a"",""s"":""T wifi zone_secure"",""r"":-39,""f"":5785},{""b"":""02:17:b2:0b:47:8a"",""s"":""T wifi zone_secure"",""r"":-40,""f"":2452},{""b"":""02:17:b2:0b:47:88"",""s"":""T wifi zone"",""r"":-41,""f"":2452},{""b"":""36:78:c2:00:0a:b4"",""s"":""KT WiFi "",""r"":-46,""f"":5640},{""b"":""30:78:c2:00:0a:b4"",""s"":""KT WiFi"",""r"":-46,""f"":5640},{""b"":""30:78:c2:00:0a:b5"",""s"":""KT WiFi"",""r"":-50,""f"":2432},{""b"":""02:06:ac:80:2a:8b"",""s"":""U+zone"",""r"":-57,""f"":5805},{""b"":""22:06:ac:80:2a:8b"",""s"":""Public WiFi Free"",""r"":-58,""f"":5805},{""b"":""12:06:ac:80:2a:8b"",""s"":""FREE_U+zone"",""r"":-58,""f"":5805},{""b"":""40:27:0b:02:a2:c7"",""s"":""U+zone"",""r"":-60,""f"":5745},{""b"":""12:06:ac:80:2b:47"",""s"":""FREE_U+zone"",""r"":-60,""f"":5745},{""b"":""02:06:ac:80:2b:47"",""s"":""U+zone"",""r"":-61,""f"":5745}]",,37.5444597,127.0566917,gps,성수,성수,0.0
1789968227908,2026-09-21 14:23:47,unknown,37.5444139,127.0568723,11.094,0.9,91.0,52.25750409659288,fused,0,LTE,NR_NSA,5G,True,False,True,False,False,52542733,128,100,1,8282,450,6,-77,-12,-51,-3.0,4,0.0,,,,318,2673,0.0025,0.0214,298,2654,0.0024,0.0212,False,2,0,2,-80.0,199.0,100.0,0.9,False,False,periodic,10,3,5.0,1.0,5002,,,,"[{""type"":""LTE"",""pci"":199,""earfcn"":100,""tac"":null,""rsrp"":-80,""rsrq"":-16,""rssi"":-53,""snr"":null,""ta"":0,""level"":4,""bands"":""1""},{""type"":""LTE"",""pci"":279,""earfcn"":100,""tac"":null,""rsrp"":-82,""rsrq"":-20,""rssi"":-53,""snr"":null,""ta"":0,""level"":4,""bands"":""1""}]",1007.40515,66.0,,42,16,,,,"[{""b"":""40:27:0b:02:a2:b8"",""s"":""U+zone"",""r"":-37,""f"":5785},{""b"":""40:27:0b:02:a2:b7"",""s"":""U+zone_2.4GHz"",""r"":-37,""f"":2432},{""b"":""22:17:b2:0b:47:88"",""s"":""T wifi zone"",""r"":-38,""f"":5785},{""b"":""22:17:b2:0b:47:8a"",""s"":""T wifi zone_secure"",""r"":-39,""f"":5785},{""b"":""02:17:b2:0b:47:8a"",""s"":""T wifi zone_secure"",""r"":-40,""f"":2452},{""b"":""02:17:b2:0b:47:88"",""s"":""T wifi zone"",""r"":-41,""f"":2452},{""b"":""36:78:c2:00:0a:b4"",""s"":""KT WiFi "",""r"":-46,""f"":5640},{""b"":""30:78:c2:00:0a:b4"",""s"":""KT WiFi"",""r"":-46,""f"":5640},{""b"":""30:78:c2:00:0a:b5"",""s"":""KT WiFi"",""r"":-50,""f"":2432},{""b"":""02:06:ac:80:2a:8b"",""s"":""U+zone"",""r"":-57,""f"":5805},{""b"":""22:06:ac:80:2a:8b"",""s"":""Public WiFi Free"",""r"":-58,""f"":5805},{""b"":""12:06:ac:80:2a:8b"",""s"":""FREE_U+zone"",""r"":-58,""f"":5805},{""b"":""40:27:0b:02:a2:c7"",""s"":""U+zone"",""r"":-60,""f"":5745},{""b"":""12:06:ac:80:2b:47"",""s"":""FREE_U+zone"",""r"":-60,""f"":5745},{""b"":""02:06:ac:80:2b:47"",""s"":""U+zone"",""r"":-61,""f"":5745}]",,37.5444139,127.0568723,gps,성수,성수,0.0
1789968232924,2026-09-21 14:23:52,unknown,37.5443941,127.0569497,12.014,0.32,91.0,53.39999771118164,fused,1,LTE,NR_NSA,5G,True,False,True,False,False,52542733,128,100,1,8282,450,6,-71,-8,-51,4.0,4,0.0,,,,1488,2253,0.0119,0.018,1468,2233,0.0117,0.0179,False,2,0,2,-76.0,434.0,100.0,0.32,False,False,periodic,15,2,6.0,7.0,5006,,,,"[{""type"":""LTE"",""pci"":434,""earfcn"":100,""tac"":null,""rsrp"":-76,""rsrq"":-17,""rssi"":-51,""snr"":null,""ta"":0,""level"":4,""bands"":""1""},{""type"":""LTE"",""pci"":199,""earfcn"":100,""tac"":null,""rsrp"":-81,""rsrq"":-20,""rssi"":-51,""snr"":null,""ta"":0,""level"":4,""bands"":""1""}]",1007.37177,53.0,,49,3,,,,"[{""b"":""40:27:0b:02:a2:b8"",""s"":""U+zone"",""r"":-37,""f"":5785},{""b"":""40:27:0b:02:a2:b7"",""s"":""U+zone_2.4GHz"",""r"":-38,""f"":2432},{""b"":""02:17:b2:0b:47:8a"",""s"":""T wifi zone_secure"",""r"":-40,""f"":2452},{""b"":""22:17:b2:0b:47:88"",""s"":""T wifi zone"",""r"":-40,""f"":5785},{""b"":""02:17:b2:0b:47:88"",""s"":""T wifi zone"",""r"":-40,""f"":2452},{""b"":""22:17:b2:0b:47:8a"",""s"":""T wifi zone_secure"",""r"":-40,""f"":5785},{""b"":""36:78:c2:00:0a:b4"",""s"":""KT WiFi "",""r"":-46,""f"":5640},{""b"":""30:78:c2:00:0a:b4"",""s"":""KT WiFi"",""r"":-46,""f"":5640},{""b"":""30:78:c2:00:0a:b5"",""s"":""KT WiFi"",""r"":-50,""f"":2432},{""b"":""22:06:ac:80:2a:8b"",""s"":""Public WiFi Free"",""r"":-58,""f"":5805},{""b"":""12:06:ac:80:2a:8b"",""s"":""FREE_U+zone"",""r"":-58,""f"":5805},{""b"":""12:06:ac:80:2b:47"",""s"":""FREE_U+zone"",""r"":-60,""f"":5745},{""b"":""12:06:ac:80:2a:a2"",""s"":""FREE_U+zone_2.4GHz"",""r"":-61,""f"":2472},{""b"":""02:06:ac:80:2b:47"",""s"":""U+zone"",""r"":-61,""f"":5745},{""b"":""0a:09:b4:74:53:ab"",""s"":""T Free WiFi Zone"",""r"":-61,""f"":2472}]",,37.5443941,127.0569497,gps,성수,성수,0.0
1789968237955,2026-09-21 14:23:57,unknown,37.5443838,127.05701,10.423,0.0,,53.39999771118164,fused,1,LTE,NR_NSA,5G,True,False,True,False,False,52542733,128,100,1,8282,450,6,-68,-8,-51,9.0,4,0.0,,,,2872,2041,0.023,0.0163,2852,2021,0.0228,0.0162,False,3,0,3,-82.0,199.0,100.0,0.0029466343,False,False,periodic,20,1,3.0,5.0,5005,,,,"[{""type"":""LTE"",""pci"":199,""earfcn"":100,""tac"":null,""rsrp"":-82,""rsrq"":-17,""rssi"":-55,""snr"":null,""ta"":0,""level"":4,""bands"":""1""},{""type"":""LTE"",""pci"":434,""earfcn"":100,""tac"":null,""rsrp"":-84,""rsrq"":-18,""rssi"":-55,""snr"":null,""ta"":0,""level"":4,""bands"":""1""},{""type"":""LTE"",""pci"":153,""earfcn"":100,""tac"":null,""rsrp"":-87,""rsrq"":-20,""rssi"":-55,""snr"":null,""ta"":0,""level"":3,""bands"":""1""}]",1007.35114,70.0,,59,1,,,,"[{""b"":""02:17:b2:0b:47:8a"",""s"":""T wifi zone_secure"",""r"":-37,""f"":2452},{""b"":""40:27:0b:02:a2:b8"",""s"":""U+zone"",""r"":-37,""f"":5785},{""b"":""40:27:0b:02:a2:b7"",""s"":""U+zone_2.4GHz"",""r"":-37,""f"":2432},{""b"":""02:17:b2:0b:47:88"",""s"":""T wifi zone"",""r"":-38,""f"":2452},{""b"":""36:78:c2:00:0a:b5"",""s"":""KT WiFi "",""r"":-40,""f"":2432},{""b"":""22:17:b2:0b:47:88"",""s"":""T wifi zone"",""r"":-40,""f"":5785},{""b"":""22:17:b2:0b:47:8a"",""s"":""T wifi zone_secure"",""r"":-40,""f"":5785},{""b"":""30:78:c2:00:0a:b5"",""s"":""KT WiFi"",""r"":-40,""f"":2432},{""b"":""30:78:c2:00:0a:b4"",""s"":""KT WiFi"",""r"":-45,""f"":5640},{""b"":""36:78:c2:00:0a:b4"",""s"":""KT WiFi "",""r"":-46,""f"":5640},{""b"":""12:06:ac:80:10:77"",""s"":""FREE_U+zone"",""r"":-59,""f"":5745},{""b"":""02:06:ac:80:10:77"",""s"":""U+zone"",""r"":-59,""f"":5745},{""b"":""40:27:0b:02:a2:c6"",""s"":""U+zone_2.4GHz"",""r"":-59,""f"":2472},{""b"":""00:09:b4:74:53:ab"",""s"":""T wifi zone"",""r"":-60,""f"":2472},{""b"":""40:27:0b:02:a2:c7"",""s"":""U+zone"",""r"":-60,""f"":5745}]",,37.5443838,127.05701,gps,성수,성수,0.0
1789968242981,2026-09-21 14:24:02,unknown,37.5443465,127.0570186,10.194,0.0,,53.39999771118164,fused,0,LTE,NR_NSA,5G,True,False,True,False,False,52542733,128,100,1,8282,450,6,-69,-11,-51,11.0,4,0.0,,,,4822,1204,0.0386,0.0096,4782,1164,0.0383,0.0093,False,3,0,3,-81.0,434.0,100.0,1.4108745e-06,False,False,periodic,25,1,-1.0,2.0,1691,,,,"[{""type"":""LTE"",""pci"":434,""earfcn"":100,""tac"":null,""rsrp"":-81,""rsrq"":-17,""rssi"":-53,""snr"":null,""ta"":0,""level"":4,""bands"":""1""},{""type"":""LTE"",""pci"":199,""earfcn"":100,""tac"":null,""rsrp"":-83,""rsrq"":-20,""rssi"":-53,""snr"":null,""ta"":0,""level"":4,""bands"":""1""},{""type"":""LTE"",""pci"":153,""earfcn"":100,""tac"":null,""rsrp"":-83,""rsrq"":-18,""rssi"":-53,""snr"":null,""ta"":0,""level"":4,""bands"":""1""}]",1007.3913,70.0,,62,1,,,,"[{""b"":""40:27:0b:02:a2:b8"",""s"":""U+zone"",""r"":-37,""f"":5785},{""b"":""02:17:b2:0b:47:8a"",""s"":""T wifi zone_secure"",""r"":-39,""f"":2452},{""b"":""40:27:0b:02:a2:b7"",""s"":""U+zone_2.4GHz"",""r"":-39,""f"":2432},{""b"":""02:17:b2:0b:47:88"",""s"":""T wifi zone"",""r"":-40,""f"":2452},{""b"":""36:78:c2:00:0a:b4"",""s"":""KT WiFi "",""r"":-45,""f"":5640},{""b"":""22:17:b2:0b:47:88"",""s"":""T wifi zone"",""r"":-45,""f"":5785},{""b"":""30:78:c2:00:0a:b4"",""s"":""KT WiFi"",""r"":-45,""f"":5640},{""b"":""22:17:b2:0b:47:8a"",""s"":""T wifi zone_secure"",""r"":-46,""f"":5785},{""b"":""30:78:c2:00:0a:b5"",""s"":""KT WiFi"",""r"":-47,""f"":2432},{""b"":""36:78:c2:00:0a:b5"",""s"":""KT WiFi "",""r"":-48,""f"":2432},{""b"":""68:31:fe:57:a6:5c"",""s"":""[LGU+]2111"",""r"":-55,""f"":2467},{""b"":""00:09:b4:74:53:ac"",""s"":""T wifi zone"",""r"":-58,""f"":5560},{""b"":""12:06:ac:80:10:77"",""s"":""FREE_U+zone"",""r"":-59,""f"":5745},{""b"":""02:06:ac:80:10:77"",""s"":""U+zone"",""r"":-59,""f"":5745},{""b"":""06:09:b4:74:53:ac"",""s"":""T wifi zone_secure"",""r"":-59,""f"":5560}]",,37.5443465,127.0570186,gps,성수,성수,0.0
1789968248005,2026-09-21 14:24:08,unknown,37.5443353,127.0570215,9.973,0.0,,53.39999771118164,fused,1,LTE,NR_NSA,5G,True,False,True,False,False,52542733,128,100,1,8282,450,6,-68,-7,-51,9.0,4,0.0,,,,3781,1146,0.0302,0.0092,3761,1126,0.0301,0.009,False,4,0,4,-77.0,434.0,100.0,8.8812805e-05,False,False,periodic,30,0,1.0,-2.0,1107,,,,"[{""type"":""LTE"",""pci"":434,""earfcn"":100,""tac"":null,""rsrp"":-77,""rsrq"":-18,""rssi"":-51,""snr"":null,""ta"":0,""level"":4,""bands"":""1""},{""type"":""LTE"",""pci"":153,""earfcn"":100,""tac"":null,""rsrp"":-79,""rsrq"":-20,""rssi"":-51,""snr"":null,""ta"":0,""level"":4,""bands"":""1""},{""type"":""LTE"",""pci"":122,""earfcn"":100,""tac"":null,""rsrp"":-83,""rsrq"":-20,""rssi"":-53,""snr"":null,""ta"":0,""level"":4,""bands"":""1""},{""type"":""LTE"",""pci"":199,""earfcn"":100,""tac"":null,""rsrp"":-85,""rsrq"":-20,""rssi"":-55,""snr"":null,""ta"":0,""level"":4,""bands"":""1""}]",1007.3792,82.0,,62,6,,,,"[{""b"":""40:27:0b:02:a2:b8"",""s"":""U+zone"",""r"":-37,""f"":5785},{""b"":""02:17:b2:0b:47:8a"",""s"":""T wifi zone_secure"",""r"":-39,""f"":2452},{""b"":""40:27:0b:02:a2:b7"",""s"":""U+zone_2.4GHz"",""r"":-39,""f"":2432},{""b"":""02:17:b2:0b:47:88"",""s"":""T wifi zone"",""r"":-40,""f"":2452},{""b"":""36:78:c2:00:0a:b4"",""s"":""KT WiFi "",""r"":-45,""f"":5640},{""b"":""22:17:b2:0b:47:88"",""s"":""T wifi zone"",""r"":-45,""f"":5785},{""b"":""30:78:c2:00:0a:b4"",""s"":""KT WiFi"",""r"":-45,""f"":5640},{""b"":""22:17:b2:0b:47:8a"",""s"":""T wifi zone_secure"",""r"":-46,""f"":5785},{""b"":""30:78:c2:00:0a:b5"",""s"":""KT WiFi"",""r"":-47,""f"":2432},{""b"":""36:78:c2:00:0a:b5"",""s"":""KT WiFi "",""r"":-48,""f"":2432},{""b"":""68:31:fe:57:a6:5c"",""s"":""[LGU+]2111"",""r"":-55,""f"":2467},{""b"":""00:09:b4:74:53:ac"",""s"":""T wifi zone"",""r"":-58,""f"":5560},{""b"":""12:06:ac:80:10:77"",""s"":""FREE_U+zone"",""r"":-59,""f"":5745},{""b"":""02:06:ac:80:10:77"",""s"":""U+zone"",""r"":-59,""f"":5745},{""b"":""06:09:b4:74:53:ac"",""s"":""T wifi zone_secure"",""r"":-59,""f"":5560}]",,37.5443353,127.0570215,gps,성수,성수,0.0
1789968253028,2026-09-21 14:24:13,unknown,37.5443342,127.0570189,9.935,0.0,,53.39999771118164,fused,0,LTE,NR_NSA,5G,True,False,True,False,False,52542733,128,100,1,8282,450,6,-68,-7,-51,9.0,4,0.0,,,,422174,1645,3.3774,0.0132,422154,1625,3.3772,0.013,False,4,0,4,-77.0,434.0,100.0,0.002772141,False,False,periodic,35,0,0.0,0.0,6127,,,,"[{""type"":""LTE"",""pci"":434,""earfcn"":100,""tac"":null,""rsrp"":-77,""rsrq"":-18,""rssi"":-51,""snr"":null,""ta"":0,""level"":4,""bands"":""1""},{""type"":""LTE"",""pci"":153,""earfcn"":100,""tac"":null,""rsrp"":-79,""rsrq"":-20,""rssi"":-51,""snr"":null,""ta"":0,""level"":4,""bands"":""1""},{""type"":""LTE"",""pci"":122,""earfcn"":100,""tac"":null,""rsrp"":-83,""rsrq"":-20,""rssi"":-53,""snr"":null,""ta"":0,""level"":4,""bands"":""1""},{""type"":""LTE"",""pci"":199,""earfcn"":100,""tac"":null,""rsrp"":-85,""rsrq"":-20,""rssi"":-55,""snr"":null,""ta"":0,""level"":4,""bands"":""1""}]",1007.38837,49.0,133.254,52,4,,,,"[{""b"":""22:17:b2:0b:47:88"",""s"":""T wifi zone"",""r"":-40,""f"":5785},{""b"":""40:27:0b:02:a2:b8"",""s"":""U+zone"",""r"":-40,""f"":5785},{""b"":""22:17:b2:0b:47:8a"",""s"":""T wifi zone_secure"",""r"":-40,""f"":5785},{""b"":""40:27:0b:02:a2:b7"",""s"":""U+zone_2.4GHz"",""r"":-41,""f"":2432},{""b"":""36:78:c2:00:0a:b4"",""s"":""KT WiFi "",""r"":-44,""f"":5640},{""b"":""30:78:c2:00:0a:b4"",""s"":""KT WiFi"",""r"":-44,""f"":5640},{""b"":""36:78:c2:00:0a:b5"",""s"":""KT WiFi "",""r"":-47,""f"":2432},{""b"":""30:78:c2:00:0a:b5"",""s"":""KT WiFi"",""r"":-47,""f"":2432},{""b"":""68:31:fe:57:a6:5c"",""s"":""[LGU+]2111"",""r"":-48,""f"":2467},{""b"":""02:06:ac:80:10:77"",""s"":""U+zone"",""r"":-60,""f"":5745},{""b"":""02:06:ac:80:10:76"",""s"":""U+zone_2.4GHz"",""r"":-61,""f"":2452},{""b"":""40:27:0b:02:a2:c7"",""s"":""U+zone"",""r"":-61,""f"":5745},{""b"":""00:09:b4:74:53:ac"",""s"":""T wifi zone"",""r"":-62,""f"":5560},{""b"":""0a:09:b4:74:53:ac"",""s"":""T Free WiFi Zone"",""r"":-62,""f"":5560},{""b"":""06:09:b4:74:53:ac"",""s"":""T wifi zone_secure"",""r"":-63,""f"":5560}]",,37.5443342,127.0570189,gps,성수,성수,0.0
1789968258037,2026-09-21 14:24:18,unknown,37.5443337,127.0570178,9.935,0.0,,53.39999771118164,fused,1,LTE,NR_NSA,5G,True,False,True,False,False,52542733,128,100,1,8282,450,6,-67,-8,-51,8.0,4,0.0,,,,15366,6839,0.1229,0.0547,15346,6819,0.1228,0.0546,False,4,0,4,-78.0,434.0,100.0,1.3273302e-06,False,False,periodic,40,0,1.0,-1.0,5006,,,,"[{""type"":""LTE"",""pci"":434,""earfcn"":100,""tac"":null,""rsrp"":-78,""rsrq"":-15,""rssi"":-51,""snr"":null,""ta"":0,""level"":4,""bands"":""1""},{""type"":""LTE"",""pci"":199,""earfcn"":100,""tac"":null,""rsrp"":-78,""rsrq"":-19,""rssi"":-51,""snr"":null,""ta"":0,""level"":4,""bands"":""1""},{""type"":""LTE"",""pci"":153,""earfcn"":100,""tac"":null,""rsrp"":-78,""rsrq"":-18,""rssi"":-51,""snr"":null,""ta"":0,""level"":4,""bands"":""1""},{""type"":""LTE"",""pci"":122,""earfcn"":100,""tac"":null,""rsrp"":-78,""rsrq"":-20,""rssi"":-51,""snr"":null,""ta"":0,""level"":4,""bands"":""1""}]",1007.3643,52.0,,49,2,,,,"[{""b"":""22:17:b2:0b:47:88"",""s"":""T wifi zone"",""r"":-39,""f"":5785},{""b"":""40:27:0b:02:a2:b8"",""s"":""U+zone"",""r"":-39,""f"":5785},{""b"":""22:17:b2:0b:47:8a"",""s"":""T wifi zone_secure"",""r"":-39,""f"":5785},{""b"":""40:27:0b:02:a2:b7"",""s"":""U+zone_2.4GHz"",""r"":-46,""f"":2432},{""b"":""02:17:b2:0b:47:8a"",""s"":""T wifi zone_secure"",""r"":-47,""f"":2452},{""b"":""02:17:b2:0b:47:88"",""s"":""T wifi zone"",""r"":-47,""f"":2452},{""b"":""30:78:c2:00:0a:b4"",""s"":""KT WiFi"",""r"":-48,""f"":5640},{""b"":""36:78:c2:00:0a:b4"",""s"":""KT WiFi "",""r"":-49,""f"":5640},{""b"":""30:78:c2:00:0a:b5"",""s"":""KT WiFi"",""r"":-49,""f"":2432},{""b"":""36:78:c2:00:0a:b5"",""s"":""KT WiFi "",""r"":-50,""f"":2432},{""b"":""12:06:ac:80:10:77"",""s"":""FREE_U+zone"",""r"":-58,""f"":5745},{""b"":""68:31:fe:57:a6:5c"",""s"":""[LGU+]2111"",""r"":-58,""f"":2467},{""b"":""02:06:ac:80:10:77"",""s"":""U+zone"",""r"":-58,""f"":5745},{""b"":""06:09:b4:74:53:ac"",""s"":""T wifi zone_secure"",""r"":-59,""f"":5560},{""b"":""0a:09:b4:74:53:ac"",""s"":""T Free WiFi Zone"",""r"":-59,""f"":5560}]",,37.5443337,127.0570178,gps,성수,성수,0.0
1789968263063,2026-09-21 14:24:23,unknown,37.5443338,127.0570168,9.935,0.0,,53.39999771118164,fused,0,LTE,NR_NSA,5G,True,False,True,False,False,52542733,128,100,1,8282,450,6,-69,-9,-51,10.0,4,0.0,,,,394,646,0.0032,0.0052,354,607,0.0028,0.0049,False,4,0,4,-78.0,153.0,100.0,0.012835437,False,False,periodic,45,0,-2.0,2.0,2561,,,,"[{""type"":""LTE"",""pci"":153,""earfcn"":100,""tac"":null,""rsrp"":-78,""rsrq"":-18,""rssi"":-51,""snr"":null,""ta"":0,""level"":4,""bands"":""1""},{""type"":""LTE"",""pci"":122,""earfcn"":100,""tac"":null,""rsrp"":-78,""rsrq"":-15,""rssi"":-53,""snr"":null,""ta"":0,""level"":4,""bands"":""1""},{""type"":""LTE"",""pci"":434,""earfcn"":100,""tac"":null,""rsrp"":-79,""rsrq"":-16,""rssi"":-53,""snr"":null,""ta"":0,""level"":4,""bands"":""1""},{""type"":""LTE"",""pci"":199,""earfcn"":100,""tac"":null,""rsrp"":-87,""rsrq"":-20,""rssi"":-53,""snr"":null,""ta"":0,""level"":3,""bands"":""1""}]",1007.3446,93.0,,49,0,,,,"[{""b"":""40:27:0b:02:a2:b8"",""s"":""U+zone"",""r"":-34,""f"":5785},{""b"":""22:17:b2:0b:47:88"",""s"":""T wifi zone"",""r"":-38,""f"":5785},{""b"":""22:17:b2:0b:47:8a"",""s"":""T wifi zone_secure"",""r"":-39,""f"":5785},{""b"":""02:17:b2:0b:47:88"",""s"":""T wifi zone"",""r"":-45,""f"":2452},{""b"":""02:17:b2:0b:47:8a"",""s"":""T wifi zone_secure"",""r"":-47,""f"":2452},{""b"":""30:78:c2:00:0a:b4"",""s"":""KT WiFi"",""r"":-47,""f"":5640},{""b"":""36:78:c2:00:0a:b4"",""s"":""KT WiFi "",""r"":-48,""f"":5640},{""b"":""32:89:d3:ca:69:5b"",""s"":""#Roamingman_10R8UR"",""r"":-56,""f"":5180},{""b"":""02:06:ac:80:10:77"",""s"":""U+zone"",""r"":-57,""f"":5745},{""b"":""40:27:0b:02:a2:c7"",""s"":""U+zone"",""r"":-59,""f"":5745},{""b"":""40:27:0b:02:a2:c6"",""s"":""U+zone_2.4GHz"",""r"":-59,""f"":2472},{""b"":""22:17:b2:0b:7d:b6"",""s"":""T wifi zone"",""r"":-60,""f"":5805},{""b"":""22:17:b2:0b:7d:b8"",""s"":""T wifi zone_secure"",""r"":-60,""f"":5805},{""b"":""06:09:b4:74:53:ac"",""s"":""T wifi zone_secure"",""r"":-63,""f"":5560},{""b"":""0a:09:b4:74:53:ac"",""s"":""T Free WiFi Zone"",""r"":-63,""f"":5560}]",,37.5443338,127.0570168,gps,성수,성수,0.0
1789968268091,2026-09-21 14:24:28,unknown,37.5443335,127.0570162,9.935,0.0,,53.39999771118164,fused,1,LTE,NR_NSA,5G,True,False,True,False,False,52542733,128,100,1,8282,450,6,-71,-8,-51,7.0,4,0.0,,,,312,805,0.0025,0.0064,292,785,0.0023,0.0063,False,3,0,3,-83.0,434.0,100.0,0.01701982,False,False,periodic,50,0,-2.0,-3.0,833,,,,"[{""type"":""LTE"",""pci"":434,""earfcn"":100,""tac"":null,""rsrp"":-83,""rsrq"":-15,""rssi"":-55,""snr"":null,""ta"":0,""level"":4,""bands"":""1""},{""type"":""LTE"",""pci"":153,""earfcn"":100,""tac"":null,""rsrp"":-85,""rsrq"":-17,""rssi"":-53,""snr"":null,""ta"":0,""level"":4,""bands"":""1""},{""type"":""LTE"",""pci"":199,""earfcn"":100,""tac"":null,""rsrp"":-87,""rsrq"":-16,""rssi"":-55,""snr"":null,""ta"":0,""level"":3,""bands"":""1""}]",1007.4519,65.0,,49,5,,,,"[{""b"":""40:27:0b:02:a2:b8"",""s"":""U+zone"",""r"":-34,""f"":5785},{""b"":""22:17:b2:0b:47:88"",""s"":""T wifi zone"",""r"":-38,""f"":5785},{""b"":""22:17:b2:0b:47:8a"",""s"":""T wifi zone_secure"",""r"":-39,""f"":5785},{""b"":""02:17:b2:0b:47:88"",""s"":""T wifi zone"",""r"":-45,""f"":2452},{""b"":""02:17:b2:0b:47:8a"",""s"":""T wifi zone_secure"",""r"":-47,""f"":2452},{""b"":""30:78:c2:00:0a:b4"",""s"":""KT WiFi"",""r"":-47,""f"":5640},{""b"":""36:78:c2:00:0a:b4"",""s"":""KT WiFi "",""r"":-48,""f"":5640},{""b"":""32:89:d3:ca:69:5b"",""s"":""#Roamingman_10R8UR"",""r"":-56,""f"":5180},{""b"":""02:06:ac:80:10:77"",""s"":""U+zone"",""r"":-57,""f"":5745},{""b"":""40:27:0b:02:a2:c7"",""s"":""U+zone"",""r"":-59,""f"":5745},{""b"":""40:27:0b:02:a2:c6"",""s"":""U+zone_2.4GHz"",""r"":-59,""f"":2472},{""b"":""22:17:b2:0b:7d:b6"",""s"":""T wifi zone"",""r"":-60,""f"":5805},{""b"":""22:17:b2:0b:7d:b8"",""s"":""T wifi zone_secure"",""r"":-60,""f"":5805},{""b"":""06:09:b4:74:53:ac"",""s"":""T wifi zone_secure"",""r"":-63,""f"":5560},{""b"":""0a:09:b4:74:53:ac"",""s"":""T Free WiFi Zone"",""r"":-63,""f"":5560}]",,37.5443335,127.0570162,gps,성수,성수,0.0
1789968273244,2026-09-21 14:24:33,unknown,37.5443342,127.0570152,10.049,0.0,,53.39999771118164,fused,2,LTE,NR_NSA,5G,True,False,True,False,False,52542733,128,100,1,8282,450,6,-71,-8,-51,7.0,4,0.0,,,,732,1405,0.0059,0.0112,712,1385,0.0057,0.0111,False,3,0,3,-83.0,434.0,100.0,6.12333e-05,False,False,periodic,55,0,0.0,0.0,5983,,,,"[{""type"":""LTE"",""pci"":434,""earfcn"":100,""tac"":null,""rsrp"":-83,""rsrq"":-15,""rssi"":-55,""snr"":null,""ta"":0,""level"":4,""bands"":""1""},{""type"":""LTE"",""pci"":153,""earfcn"":100,""tac"":null,""rsrp"":-85,""rsrq"":-17,""rssi"":-53,""snr"":null,""ta"":0,""level"":4,""bands"":""1""},{""type"":""LTE"",""pci"":199,""earfcn"":100,""tac"":null,""rsrp"":-87,""rsrq"":-16,""rssi"":-55,""snr"":null,""ta"":0,""level"":3,""bands"":""1""}]",1007.3363,96.0,,32,1,,,,"[{""b"":""40:27:0b:02:a2:b7"",""s"":""U+zone_2.4GHz"",""r"":-36,""f"":2432},{""b"":""40:27:0b:02:a2:b8"",""s"":""U+zone"",""r"":-38,""f"":5785},{""b"":""22:17:b2:0b:47:8a"",""s"":""T wifi zone_secure"",""r"":-39,""f"":5785},{""b"":""22:17:b2:0b:47:88"",""s"":""T wifi zone"",""r"":-39,""f"":5785},{""b"":""02:17:b2:0b:47:88"",""s"":""T wifi zone"",""r"":-43,""f"":2452},{""b"":""02:17:b2:0b:47:8a"",""s"":""T wifi zone_secure"",""r"":-45,""f"":2452},{""b"":""36:78:c2:00:0a:b4"",""s"":""KT WiFi "",""r"":-46,""f"":5640},{""b"":""30:78:c2:00:0a:b4"",""s"":""KT WiFi"",""r"":-46,""f"":5640},{""b"":""36:78:c2:00:0a:b5"",""s"":""KT WiFi "",""r"":-47,""f"":2432},{""b"":""30:78:c2:00:0a:b5"",""s"":""KT WiFi"",""r"":-47,""f"":2432},{""b"":""68:31:fe:57:a6:5c"",""s"":""[LGU+]2111"",""r"":-61,""f"":2467},{""b"":""00:09:b4:74:53:ac"",""s"":""T wifi zone"",""r"":-62,""f"":5560},{""b"":""0a:09:b4:74:53:ac"",""s"":""T Free WiFi Zone"",""r"":-63,""f"":5560},{""b"":""22:17:b2:0b:7d:b6"",""s"":""T wifi zone"",""r"":-64,""f"":5805},{""b"":""22:17:b2:0b:7d:b8"",""s"":""T wifi zone_secure"",""r"":-64,""f"":5805}]",,37.5443342,127.0570152,gps,성수,성수,0.0
1789968278254,2026-09-21 14:24:38,unknown,37.5443345,127.0570147,10.48,0.0,,53.39999771118164,fused,1,LTE,NR_NSA,5G,True,False,True,False,False,52542733,128,100,1,8282,450,6,-73,-13,-51,8.0,4,0.0,,,,2894,4949,0.0232,0.0396,2874,4929,0.023,0.0394,False,3,0,3,-84.0,434.0,100.0,0.61320984,False,False,periodic,60,0,-2.0,1.0,5005,,,,"[{""type"":""LTE"",""pci"":434,""earfcn"":100,""tac"":null,""rsrp"":-84,""rsrq"":-19,""rssi"":-57,""snr"":null,""ta"":0,""level"":4,""bands"":""1""},{""type"":""LTE"",""pci"":199,""earfcn"":100,""tac"":null,""rsrp"":-84,""rsrq"":-17,""rssi"":-57,""snr"":null,""ta"":0,""level"":4,""bands"":""1""},{""type"":""LTE"",""pci"":153,""earfcn"":100,""tac"":null,""rsrp"":-84,""rsrq"":-20,""rssi"":-51,""snr"":null,""ta"":0,""level"":4,""bands"":""1""}]",1007.38965,55.0,,32,6,,,,"[{""b"":""40:27:0b:02:a2:b7"",""s"":""U+zone_2.4GHz"",""r"":-36,""f"":2432},{""b"":""40:27:0b:02:a2:b8"",""s"":""U+zone"",""r"":-38,""f"":5785},{""b"":""22:17:b2:0b:47:8a"",""s"":""T wifi zone_secure"",""r"":-39,""f"":5785},{""b"":""22:17:b2:0b:47:88"",""s"":""T wifi zone"",""r"":-39,""f"":5785},{""b"":""02:17:b2:0b:47:88"",""s"":""T wifi zone"",""r"":-43,""f"":2452},{""b"":""02:17:b2:0b:47:8a"",""s"":""T wifi zone_secure"",""r"":-45,""f"":2452},{""b"":""36:78:c2:00:0a:b4"",""s"":""KT WiFi "",""r"":-46,""f"":5640},{""b"":""30:78:c2:00:0a:b4"",""s"":""KT WiFi"",""r"":-46,""f"":5640},{""b"":""36:78:c2:00:0a:b5"",""s"":""KT WiFi "",""r"":-47,""f"":2432},{""b"":""30:78:c2:00:0a:b5"",""s"":""KT WiFi"",""r"":-47,""f"":2432},{""b"":""68:31:fe:57:a6:5c"",""s"":""[LGU+]2111"",""r"":-61,""f"":2467},{""b"":""00:09:b4:74:53:ac"",""s"":""T wifi zone"",""r"":-62,""f"":5560},{""b"":""0a:09:b4:74:53:ac"",""s"":""T Free WiFi Zone"",""r"":-63,""f"":5560},{""b"":""22:17:b2:0b:7d:b6"",""s"":""T wifi zone"",""r"":-64,""f"":5805},{""b"":""22:17:b2:0b:7d:b8"",""s"":""T wifi zone_secure"",""r"":-64,""f"":5805}]",,37.5443345,127.0570147,gps,성수,성수,0.0
1789968283267,2026-09-21 14:24:43,unknown,37.5443217,127.0570606,10.658,3.96,107.0,53.39999771118164,fused,0,LTE,NR_NSA,5G,True,False,True,False,False,52542733,128,100,1,8282,450,6,-72,-11,-51,8.0,4,0.0,,,,421080,904,3.3686,0.0072,421040,864,3.3683,0.0069,False,3,0,3,-74.0,199.0,100.0,3.96,False,False,periodic,65,0,1.0,0.0,5003,,,,"[{""type"":""LTE"",""pci"":199,""earfcn"":100,""tac"":null,""rsrp"":-74,""rsrq"":-18,""rssi"":-51,""snr"":null,""ta"":0,""level"":4,""bands"":""1""},{""type"":""LTE"",""pci"":434,""earfcn"":100,""tac"":null,""rsrp"":-81,""rsrq"":-20,""rssi"":-51,""snr"":null,""ta"":0,""level"":4,""bands"":""1""},{""type"":""LTE"",""pci"":153,""earfcn"":100,""tac"":null,""rsrp"":-84,""rsrq"":-20,""rssi"":-51,""snr"":null,""ta"":0,""level"":4,""bands"":""1""}]",1007.24194,98.0,78.967,41,2,,,,"[{""b"":""40:27:0b:02:a2:b8"",""s"":""U+zone"",""r"":-37,""f"":5785},{""b"":""40:27:0b:02:a2:b7"",""s"":""U+zone_2.4GHz"",""r"":-38,""f"":2432},{""b"":""02:17:b2:0b:47:88"",""s"":""T wifi zone"",""r"":-38,""f"":2452},{""b"":""02:17:b2:0b:47:8a"",""s"":""T wifi zone_secure"",""r"":-38,""f"":2452},{""b"":""22:17:b2:0b:47:8a"",""s"":""T wifi zone_secure"",""r"":-43,""f"":5785},{""b"":""22:17:b2:0b:47:88"",""s"":""T wifi zone"",""r"":-43,""f"":5785},{""b"":""30:78:c2:00:0a:b4"",""s"":""KT WiFi"",""r"":-45,""f"":5640},{""b"":""36:78:c2:00:0a:b4"",""s"":""KT WiFi "",""r"":-48,""f"":5640},{""b"":""30:78:c2:00:0a:b5"",""s"":""KT WiFi"",""r"":-51,""f"":2432},{""b"":""68:31:fe:57:a6:5c"",""s"":""[LGU+]2111"",""r"":-57,""f"":2467},{""b"":""22:06:ac:80:10:76"",""s"":""Public Wifi_1"",""r"":-59,""f"":2452},{""b"":""40:27:0b:02:a2:c7"",""s"":""U+zone"",""r"":-61,""f"":5745},{""b"":""32:89:d3:ca:69:5b"",""s"":""#Roamingman_10R8UR"",""r"":-64,""f"":5180},{""b"":""22:17:b2:0b:7d:b8"",""s"":""T wifi zone_secure"",""r"":-67,""f"":5805},{""b"":""06:09:b4:74:53:ac"",""s"":""T wifi zone_secure"",""r"":-67,""f"":5560}]",,37.5443217,127.0570606,gps,성수,성수,0.0
1789968288281,2026-09-21 14:24:48,unknown,37.5442498,127.0573278,10.693,7.51,108.0,53.39999771118164,fused,1,LTE,NR_NSA,5G,True,False,True,False,False,52542733,128,100,1,8282,450,6,-72,-12,-51,8.0,4,0.0,,,,42,63,0.0003,0.0005,22,43,0.0002,0.0003,False,3,0,3,-76.0,153.0,100.0,7.51,False,False,periodic,70,0,0.0,0.0,5004,,,,"[{""type"":""LTE"",""pci"":153,""earfcn"":100,""tac"":null,""rsrp"":-76,""rsrq"":-18,""rssi"":-51,""snr"":null,""ta"":0,""level"":4,""bands"":""1""},{""type"":""LTE"",""pci"":199,""earfcn"":100,""tac"":null,""rsrp"":-78,""rsrq"":-19,""rssi"":-51,""snr"":null,""ta"":0,""level"":4,""bands"":""1""},{""type"":""LTE"",""pci"":434,""earfcn"":100,""tac"":null,""rsrp"":-80,""rsrq"":-20,""rssi"":-51,""snr"":null,""ta"":0,""level"":4,""bands"":""1""}]",1007.3365,69.0,,41,7,,,,"[{""b"":""40:27:0b:02:a2:b8"",""s"":""U+zone"",""r"":-37,""f"":5785},{""b"":""40:27:0b:02:a2:b7"",""s"":""U+zone_2.4GHz"",""r"":-38,""f"":2432},{""b"":""02:17:b2:0b:47:88"",""s"":""T wifi zone"",""r"":-38,""f"":2452},{""b"":""02:17:b2:0b:47:8a"",""s"":""T wifi zone_secure"",""r"":-38,""f"":2452},{""b"":""22:17:b2:0b:47:8a"",""s"":""T wifi zone_secure"",""r"":-43,""f"":5785},{""b"":""22:17:b2:0b:47:88"",""s"":""T wifi zone"",""r"":-43,""f"":5785},{""b"":""30:78:c2:00:0a:b4"",""s"":""KT WiFi"",""r"":-45,""f"":5640},{""b"":""36:78:c2:00:0a:b4"",""s"":""KT WiFi "",""r"":-48,""f"":5640},{""b"":""30:78:c2:00:0a:b5"",""s"":""KT WiFi"",""r"":-51,""f"":2432},{""b"":""68:31:fe:57:a6:5c"",""s"":""[LGU+]2111"",""r"":-57,""f"":2467},{""b"":""22:06:ac:80:10:76"",""s"":""Public Wifi_1"",""r"":-59,""f"":2452},{""b"":""40:27:0b:02:a2:c7"",""s"":""U+zone"",""r"":-61,""f"":5745},{""b"":""32:89:d3:ca:69:5b"",""s"":""#Roamingman_10R8UR"",""r"":-64,""f"":5180},{""b"":""22:17:b2:0b:7d:b8"",""s"":""T wifi zone_secure"",""r"":-67,""f"":5805},{""b"":""06:09:b4:74:53:ac"",""s"":""T wifi zone_secure"",""r"":-67,""f"":5560}]",,37.5442498,127.0573278,gps,성수,건대입구,0.0
1789968293540,2026-09-21 14:24:53,unknown,37.5441011,127.0577319,10.544,10.44,110.0,53.39999771118164,fused,2,LTE,NR_NSA,5G,True,False,True,False,False,52542732,153,100,1,8282,450,6,-74,-13,-51,5.0,4,0.0,,,,209,258,0.0017,0.0021,190,239,0.0015,0.0019,False,1,0,1,-77.0,128.0,100.0,10.44,True,False,periodic,0,1,,,5242,52542733.0,-72.0,-12.0,"[{""type"":""LTE"",""pci"":128,""earfcn"":100,""tac"":null,""rsrp"":-77,""rsrq"":-18,""rssi"":-51,""snr"":null,""ta"":0,""level"":4,""bands"":""1""}]",1007.32654,70.0,,32,4,,,,"[{""b"":""40:27:0b:02:a2:b7"",""s"":""U+zone_2.4GHz"",""r"":-33,""f"":2432},{""b"":""40:27:0b:02:a2:b8"",""s"":""U+zone"",""r"":-35,""f"":5785},{""b"":""02:17:b2:0b:47:88"",""s"":""T wifi zone"",""r"":-37,""f"":2452},{""b"":""02:17:b2:0b:47:8a"",""s"":""T wifi zone_secure"",""r"":-38,""f"":2452},{""b"":""36:78:c2:00:0a:b4"",""s"":""KT WiFi "",""r"":-42,""f"":5640},{""b"":""30:78:c2:00:0a:b4"",""s"":""KT WiFi"",""r"":-42,""f"":5640},{""b"":""22:17:b2:0b:47:8a"",""s"":""T wifi zone_secure"",""r"":-45,""f"":5785},{""b"":""30:78:c2:00:0a:b5"",""s"":""KT WiFi"",""r"":-45,""f"":2432},{""b"":""36:78:c2:00:0a:b5"",""s"":""KT WiFi "",""r"":-46,""f"":2432},{""b"":""22:17:b2:0b:47:88"",""s"":""T wifi zone"",""r"":-47,""f"":5785},{""b"":""02:17:b2:0b:7d:b6"",""s"":""T wifi zone"",""r"":-55,""f"":2452},{""b"":""68:31:fe:57:a6:5c"",""s"":""[LGU+]2111"",""r"":-58,""f"":2467},{""b"":""02:17:b2:0b:7d:b8"",""s"":""T wifi zone_secure"",""r"":-58,""f"":2452},{""b"":""22:17:b2:0b:7d:b6"",""s"":""T wifi zone"",""r"":-59,""f"":5805},{""b"":""22:17:b2:0b:7d:b8"",""s"":""T wifi zone_secure"",""r"":-59,""f"":5805}]","[{""type"":""LTE"",""pci"":153,""earfcn"":100,""tac"":null,""rsrp"":-76,""rsrq"":-18,""rssi"":-51,""snr"":null,""ta"":0,""level"":4,""bands"":""1""},{""type"":""LTE"",""pci"":199,""earfcn"":100,""tac"":null,""rsrp"":-78,""rsrq"":-19,""rssi"":-51,""snr"":null,""ta"":0,""level"":4,""bands"":""1""},{""type"":""LTE"",""pci"":434,""earfcn"":100,""tac"":null,""rsrp"":-80,""rsrq"":-20,""rssi"":-51,""snr"":null,""ta"":0,""level"":4,""bands"":""1""}]",37.5441011,127.0577319,gps,성수,건대입구,0.0
1789968295030,2026-09-21 14:24:55,unknown,37.5439269,127.0582871,10.474,13.65,111.0,53.39999771118164,fused,0,LTE,NR_NSA,5G,True,False,True,False,False,52542733,128,100,1,8282,450,6,-91,-16,-55,0.0,3,1.0,,,,75,144,0.0006,0.0012,75,144,0.0006,0.0012,False,4,0,4,-91.0,153.0,100.0,13.65,True,True,handover,0,2,,,4,52542732.0,-74.0,-13.0,"[{""type"":""LTE"",""pci"":153,""earfcn"":100,""tac"":null,""rsrp"":-91,""rsrq"":-17,""rssi"":-65,""snr"":null,""ta"":1,""level"":3,""bands"":""1""},{""type"":""LTE"",""pci"":264,""earfcn"":100,""tac"":null,""rsrp"":-91,""rsrq"":-20,""rssi"":-59,""snr"":null,""ta"":1,""level"":3,""bands"":""1""},{""type"":""LTE"",""pci"":199,""earfcn"":100,""tac"":null,""rsrp"":-95,""rsrq"":-20,""rssi"":-65,""snr"":null,""ta"":1,""level"":3,""bands"":""1""},{""type"":""LTE"",""pci"":113,""earfcn"":100,""tac"":null,""rsrp"":-96,""rsrq"":-17,""rssi"":-65,""snr"":null,""ta"":1,""level"":2,""bands"":""1""}]",1007.546,77.0,,32,6,,,,"[{""b"":""40:27:0b:02:a2:b7"",""s"":""U+zone_2.4GHz"",""r"":-33,""f"":2432},{""b"":""40:27:0b:02:a2:b8"",""s"":""U+zone"",""r"":-35,""f"":5785},{""b"":""02:17:b2:0b:47:88"",""s"":""T wifi zone"",""r"":-37,""f"":2452},{""b"":""02:17:b2:0b:47:8a"",""s"":""T wifi zone_secure"",""r"":-38,""f"":2452},{""b"":""36:78:c2:00:0a:b4"",""s"":""KT WiFi "",""r"":-42,""f"":5640},{""b"":""30:78:c2:00:0a:b4"",""s"":""KT WiFi"",""r"":-42,""f"":5640},{""b"":""22:17:b2:0b:47:8a"",""s"":""T wifi zone_secure"",""r"":-45,""f"":5785},{""b"":""30:78:c2:00:0a:b5"",""s"":""KT WiFi"",""r"":-45,""f"":2432},{""b"":""36:78:c2:00:0a:b5"",""s"":""KT WiFi "",""r"":-46,""f"":2432},{""b"":""22:17:b2:0b:47:88"",""s"":""T wifi zone"",""r"":-47,""f"":5785},{""b"":""02:17:b2:0b:7d:b6"",""s"":""T wifi zone"",""r"":-55,""f"":2452},{""b"":""68:31:fe:57:a6:5c"",""s"":""[LGU+]2111"",""r"":-58,""f"":2467},{""b"":""02:17:b2:0b:7d:b8"",""s"":""T wifi zone_secure"",""r"":-58,""f"":2452},{""b"":""22:17:b2:0b:7d:b6"",""s"":""T wifi zone"",""r"":-59,""f"":5805},{""b"":""22:17:b2:0b:7d:b8"",""s"":""T wifi zone_secure"",""r"":-59,""f"":5805}]","[{""type"":""LTE"",""pci"":128,""earfcn"":100,""tac"":null,""rsrp"":-77,""rsrq"":-18,""rssi"":-51,""snr"":null,""ta"":0,""level"":4,""bands"":""1""}]",37.5439269,127.0582871,gps,성수,건대입구,0.0
1789968298561,2026-09-21 14:24:58,unknown,37.5437929,127.0587705,10.64,15.33,111.0,53.39999771118164,fused,0,LTE,NR_NSA,5G,True,False,True,False,False,52542733,128,100,1,8282,450,6,-91,-16,-55,0.0,3,1.0,,,,2746,1105,0.022,0.0088,2717,1077,0.0217,0.0086,False,4,0,4,-91.0,153.0,100.0,15.33,False,False,periodic,3,2,0.0,0.0,3539,,,,"[{""type"":""LTE"",""pci"":153,""earfcn"":100,""tac"":null,""rsrp"":-91,""rsrq"":-17,""rssi"":-65,""snr"":null,""ta"":1,""level"":3,""bands"":""1""},{""type"":""LTE"",""pci"":264,""earfcn"":100,""tac"":null,""rsrp"":-91,""rsrq"":-20,""rssi"":-59,""snr"":null,""ta"":1,""level"":3,""bands"":""1""},{""type"":""LTE"",""pci"":199,""earfcn"":100,""tac"":null,""rsrp"":-95,""rsrq"":-20,""rssi"":-65,""snr"":null,""ta"":1,""level"":3,""bands"":""1""},{""type"":""LTE"",""pci"":113,""earfcn"":100,""tac"":null,""rsrp"":-96,""rsrq"":-17,""rssi"":-65,""snr"":null,""ta"":1,""level"":2,""bands"":""1""}]",1007.42065,77.0,,32,9,,,,"[{""b"":""40:27:0b:02:a2:b7"",""s"":""U+zone_2.4GHz"",""r"":-33,""f"":2432},{""b"":""40:27:0b:02:a2:b8"",""s"":""U+zone"",""r"":-35,""f"":5785},{""b"":""02:17:b2:0b:47:88"",""s"":""T wifi zone"",""r"":-37,""f"":2452},{""b"":""02:17:b2:0b:47:8a"",""s"":""T wifi zone_secure"",""r"":-38,""f"":2452},{""b"":""36:78:c2:00:0a:b4"",""s"":""KT WiFi "",""r"":-42,""f"":5640},{""b"":""30:78:c2:00:0a:b4"",""s"":""KT WiFi"",""r"":-42,""f"":5640},{""b"":""22:17:b2:0b:47:8a"",""s"":""T wifi zone_secure"",""r"":-45,""f"":5785},{""b"":""30:78:c2:00:0a:b5"",""s"":""KT WiFi"",""r"":-45,""f"":2432},{""b"":""36:78:c2:00:0a:b5"",""s"":""KT WiFi "",""r"":-46,""f"":2432},{""b"":""22:17:b2:0b:47:88"",""s"":""T wifi zone"",""r"":-47,""f"":5785},{""b"":""02:17:b2:0b:7d:b6"",""s"":""T wifi zone"",""r"":-55,""f"":2452},{""b"":""68:31:fe:57:a6:5c"",""s"":""[LGU+]2111"",""r"":-58,""f"":2467},{""b"":""02:17:b2:0b:7d:b8"",""s"":""T wifi zone_secure"",""r"":-58,""f"":2452},{""b"":""22:17:b2:0b:7d:b6"",""s"":""T wifi zone"",""r"":-59,""f"":5805},{""b"":""22:17:b2:0b:7d:b8"",""s"":""T wifi zone_secure"",""r"":-59,""f"":5805}]",,37.5437929,127.0587705,gps,성수,건대입구,0.0
1789968300155,2026-09-21 14:25:00,unknown,37.5437405,127.058933,10.726,15.52,111.0,53.39999771118164,fused,1,LTE,NR_NSA,5G,True,False,True,False,False,52542732,153,100,1,8282,450,6,-94,-17,-59,-4.0,3,1.0,,,,132,198,0.0011,0.0016,70,135,0.0006,0.0011,False,5,0,5,-94.0,258.0,100.0,15.52,True,True,handover,0,3,,,8,52542733.0,-91.0,-16.0,"[{""type"":""LTE"",""pci"":258,""earfcn"":100,""tac"":null,""rsrp"":-94,""rsrq"":-15,""rssi"":-67,""snr"":null,""ta"":1,""level"":3,""bands"":""1""},{""type"":""LTE"",""pci"":113,""earfcn"":100,""tac"":null,""rsrp"":-95,""rsrq"":-17,""rssi"":-67,""snr"":null,""ta"":1,""level"":3,""bands"":""1""},{""type"":""LTE"",""pci"":397,""earfcn"":100,""tac"":null,""rsrp"":-97,""rsrq"":-17,""rssi"":-67,""snr"":null,""ta"":1,""level"":2,""bands"":""1""},{""type"":""LTE"",""pci"":119,""earfcn"":100,""tac"":null,""rsrp"":-97,""rsrq"":-17,""rssi"":-67,""snr"":null,""ta"":1,""level"":2,""bands"":""1""},{""type"":""LTE"",""pci"":128,""earfcn"":100,""tac"":null,""rsrp"":-100,""rsrq"":-20,""rssi"":-57,""snr"":null,""ta"":1,""level"":2,""bands"":""1""}]",1007.51715,58.0,,32,11,,,,"[{""b"":""40:27:0b:02:a2:b7"",""s"":""U+zone_2.4GHz"",""r"":-33,""f"":2432},{""b"":""40:27:0b:02:a2:b8"",""s"":""U+zone"",""r"":-35,""f"":5785},{""b"":""02:17:b2:0b:47:88"",""s"":""T wifi zone"",""r"":-37,""f"":2452},{""b"":""02:17:b2:0b:47:8a"",""s"":""T wifi zone_secure"",""r"":-38,""f"":2452},{""b"":""36:78:c2:00:0a:b4"",""s"":""KT WiFi "",""r"":-42,""f"":5640},{""b"":""30:78:c2:00:0a:b4"",""s"":""KT WiFi"",""r"":-42,""f"":5640},{""b"":""22:17:b2:0b:47:8a"",""s"":""T wifi zone_secure"",""r"":-45,""f"":5785},{""b"":""30:78:c2:00:0a:b5"",""s"":""KT WiFi"",""r"":-45,""f"":2432},{""b"":""36:78:c2:00:0a:b5"",""s"":""KT WiFi "",""r"":-46,""f"":2432},{""b"":""22:17:b2:0b:47:88"",""s"":""T wifi zone"",""r"":-47,""f"":5785},{""b"":""02:17:b2:0b:7d:b6"",""s"":""T wifi zone"",""r"":-55,""f"":2452},{""b"":""68:31:fe:57:a6:5c"",""s"":""[LGU+]2111"",""r"":-58,""f"":2467},{""b"":""02:17:b2:0b:7d:b8"",""s"":""T wifi zone_secure"",""r"":-58,""f"":2452},{""b"":""22:17:b2:0b:7d:b6"",""s"":""T wifi zone"",""r"":-59,""f"":5805},{""b"":""22:17:b2:0b:7d:b8"",""s"":""T wifi zone_secure"",""r"":-59,""f"":5805}]","[{""type"":""LTE"",""pci"":153,""earfcn"":100,""tac"":null,""rsrp"":-91,""rsrq"":-17,""rssi"":-65,""snr"":null,""ta"":1,""level"":3,""bands"":""1""},{""type"":""LTE"",""pci"":264,""earfcn"":100,""tac"":null,""rsrp"":-91,""rsrq"":-20,""rssi"":-59,""snr"":null,""ta"":1,""level"":3,""bands"":""1""},{""type"":""LTE"",""pci"":199,""earfcn"":100,""tac"":null,""rsrp"":-95,""rsrq"":-20,""rssi"":-65,""snr"":null,""ta"":1,""level"":3,""bands"":""1""},{""type"":""LTE"",""pci"":113,""earfcn"":100,""tac"":null,""rsrp"":-96,""rsrq"":-17,""rssi"":-65,""snr"":null,""ta"":1,""level"":2,""bands"":""1""}]",37.5437405,127.058933,gps,성수,건대입구,0.0
1789968301171,2026-09-21 14:25:01,unknown,37.5436241,127.0592799,10.69,16.89,110.0,53.39999771118164,fused,0,LTE,NR_NSA,5G,True,False,True,False,False,52543244,258,100,1,8282,450,6,-87,-10,-51,-5.0,3,0.0,,,,0,0,0.0,0.0,0,0,0.0,0.0,False,6,0,6,-95.0,119.0,100.0,16.89,True,False,handover,0,4,,,267,52542732.0,-94.0,-17.0,"[{""type"":""LTE"",""pci"":119,""earfcn"":100,""tac"":null,""rsrp"":-95,""rsrq"":-16,""rssi"":-69,""snr"":null,""ta"":0,""level"":3,""bands"":""1""},{""type"":""LTE"",""pci"":153,""earfcn"":100,""tac"":null,""rsrp"":-97,""rsrq"":-20,""rssi"":-51,""snr"":null,""ta"":0,""level"":2,""bands"":""1""},{""type"":""LTE"",""pci"":113,""earfcn"":100,""tac"":null,""rsrp"":-97,""rsrq"":-18,""rssi"":-69,""snr"":null,""ta"":0,""level"":2,""bands"":""1""},{""type"":""LTE"",""pci"":397,""earfcn"":100,""tac"":null,""rsrp"":-97,""rsrq"":-19,""rssi"":-69,""snr"":null,""ta"":0,""level"":2,""bands"":""1""},{""type"":""LTE"",""pci"":128,""earfcn"":100,""tac"":null,""rsrp"":-100,""rsrq"":-20,""rssi"":-57,""snr"":null,""ta"":0,""level"":2,""bands"":""1""},{""type"":""LTE"",""pci"":55,""earfcn"":100,""tac"":null,""rsrp"":-101,""rsrq"":-20,""rssi"":-69,""snr"":null,""ta"":0,""level"":2,""bands"":""1""}]",1007.43,58.0,,32,12,,,,"[{""b"":""40:27:0b:02:a2:b7"",""s"":""U+zone_2.4GHz"",""r"":-33,""f"":2432},{""b"":""40:27:0b:02:a2:b8"",""s"":""U+zone"",""r"":-35,""f"":5785},{""b"":""02:17:b2:0b:47:88"",""s"":""T wifi zone"",""r"":-37,""f"":2452},{""b"":""02:17:b2:0b:47:8a"",""s"":""T wifi zone_secure"",""r"":-38,""f"":2452},{""b"":""36:78:c2:00:0a:b4"",""s"":""KT WiFi "",""r"":-42,""f"":5640},{""b"":""30:78:c2:00:0a:b4"",""s"":""KT WiFi"",""r"":-42,""f"":5640},{""b"":""22:17:b2:0b:47:8a"",""s"":""T wifi zone_secure"",""r"":-45,""f"":5785},{""b"":""30:78:c2:00:0a:b5"",""s"":""KT WiFi"",""r"":-45,""f"":2432},{""b"":""36:78:c2:00:0a:b5"",""s"":""KT WiFi "",""r"":-46,""f"":2432},{""b"":""22:17:b2:0b:47:88"",""s"":""T wifi zone"",""r"":-47,""f"":5785},{""b"":""02:17:b2:0b:7d:b6"",""s"":""T wifi zone"",""r"":-55,""f"":2452},{""b"":""68:31:fe:57:a6:5c"",""s"":""[LGU+]2111"",""r"":-58,""f"":2467},{""b"":""02:17:b2:0b:7d:b8"",""s"":""T wifi zone_secure"",""r"":-58,""f"":2452},{""b"":""22:17:b2:0b:7d:b6"",""s"":""T wifi zone"",""r"":-59,""f"":5805},{""b"":""22:17:b2:0b:7d:b8"",""s"":""T wifi zone_secure"",""r"":-59,""f"":5805}]","[{""type"":""LTE"",""pci"":258,""earfcn"":100,""tac"":null,""rsrp"":-94,""rsrq"":-15,""rssi"":-67,""snr"":null,""ta"":1,""level"":3,""bands"":""1""},{""type"":""LTE"",""pci"":113,""earfcn"":100,""tac"":null,""rsrp"":-95,""rsrq"":-17,""rssi"":-67,""snr"":null,""ta"":1,""level"":3,""bands"":""1""},{""type"":""LTE"",""pci"":397,""earfcn"":100,""tac"":null,""rsrp"":-97,""rsrq"":-17,""rssi"":-67,""snr"":null,""ta"":1,""level"":2,""bands"":""1""},{""type"":""LTE"",""pci"":119,""earfcn"":100,""tac"":null,""rsrp"":-97,""rsrq"":-17,""rssi"":-67,""snr"":null,""ta"":1,""level"":2,""bands"":""1""},{""type"":""LTE"",""pci"":128,""earfcn"":100,""tac"":null,""rsrp"":-100,""rsrq"":-20,""rssi"":-57,""snr"":null,""ta"":1,""level"":2,""bands"":""1""}]",37.5436241,127.0592799,gps,성수,건대입구,0.0
1789968303584,2026-09-21 14:25:03,unknown,37.5434987,127.0596518,10.81,17.44,114.0,53.39999771118164,fused,0,LTE,NR_NSA,5G,True,False,True,False,False,52543244,258,100,1,8282,450,6,-87,-10,-51,-5.0,3,0.0,,,,265,690,0.0021,0.0055,265,690,0.0021,0.0055,False,6,0,6,-95.0,119.0,100.0,17.44,False,False,periodic,2,4,0.0,0.0,2681,,,,"[{""type"":""LTE"",""pci"":119,""earfcn"":100,""tac"":null,""rsrp"":-95,""rsrq"":-16,""rssi"":-69,""snr"":null,""ta"":0,""level"":3,""bands"":""1""},{""type"":""LTE"",""pci"":153,""earfcn"":100,""tac"":null,""rsrp"":-97,""rsrq"":-20,""rssi"":-51,""snr"":null,""ta"":0,""level"":2,""bands"":""1""},{""type"":""LTE"",""pci"":113,""earfcn"":100,""tac"":null,""rsrp"":-97,""rsrq"":-18,""rssi"":-69,""snr"":null,""ta"":0,""level"":2,""bands"":""1""},{""type"":""LTE"",""pci"":397,""earfcn"":100,""tac"":null,""rsrp"":-97,""rsrq"":-19,""rssi"":-69,""snr"":null,""ta"":0,""level"":2,""bands"":""1""},{""type"":""LTE"",""pci"":128,""earfcn"":100,""tac"":null,""rsrp"":-100,""rsrq"":-20,""rssi"":-57,""snr"":null,""ta"":0,""level"":2,""bands"":""1""},{""type"":""LTE"",""pci"":55,""earfcn"":100,""tac"":null,""rsrp"":-101,""rsrq"":-20,""rssi"":-69,""snr"":null,""ta"":0,""level"":2,""bands"":""1""}]",1007.4353,58.0,,48,1,,,,"[{""b"":""40:27:0b:02:a2:b7"",""s"":""U+zone_2.4GHz"",""r"":-33,""f"":2432},{""b"":""40:27:0b:02:a2:b8"",""s"":""U+zone"",""r"":-35,""f"":5785},{""b"":""02:17:b2:0b:47:88"",""s"":""T wifi zone"",""r"":-39,""f"":2452},{""b"":""02:17:b2:0b:47:8a"",""s"":""T wifi zone_secure"",""r"":-39,""f"":2452},{""b"":""22:17:b2:0b:47:8a"",""s"":""T wifi zone_secure"",""r"":-42,""f"":5785},{""b"":""22:17:b2:0b:47:88"",""s"":""T wifi zone"",""r"":-42,""f"":5785},{""b"":""36:78:c2:00:0a:b4"",""s"":""KT WiFi "",""r"":-44,""f"":5640},{""b"":""30:78:c2:00:0a:b4"",""s"":""KT WiFi"",""r"":-44,""f"":5640},{""b"":""36:78:c2:00:0a:b5"",""s"":""KT WiFi "",""r"":-49,""f"":2432},{""b"":""30:78:c2:00:0a:b5"",""s"":""KT WiFi"",""r"":-49,""f"":2432},{""b"":""32:89:d3:ca:69:5b"",""s"":""#Roamingman_10R8UR"",""r"":-62,""f"":5180},{""b"":""40:27:0b:02:a2:c7"",""s"":""U+zone"",""r"":-62,""f"":5745},{""b"":""40:27:0b:02:9f:3d"",""s"":""U+zone_2.4GHz"",""r"":-62,""f"":2412},{""b"":""40:27:0b:02:9f:48"",""s"":""U+zone"",""r"":-63,""f"":5745},{""b"":""68:31:fe:57:a6:5c"",""s"":""[LGU+]2111"",""r"":-64,""f"":2467}]",,37.5434987,127.0596518,gps,성수,건대입구,0.0
1789968308606,2026-09-21 14:25:08,unknown,37.5432472,127.0604432,10.972,19.06,113.0,53.39999771118164,fused,1,LTE,NR_NSA,5G,True,False,True,False,False,52543244,258,100,1,8282,450,6,-72,-8,-51,-4.0,4,0.0,,,,62,82,0.0005,0.0007,22,43,0.0002,0.0003,False,1,0,1,-90.0,397.0,100.0,19.06,False,False,periodic,7,4,15.0,1.0,5008,,,,"[{""type"":""LTE"",""pci"":397,""earfcn"":100,""tac"":null,""rsrp"":-90,""rsrq"":-20,""rssi"":-51,""snr"":null,""ta"":0,""level"":3,""bands"":""1""}]",1007.4113,83.0,,48,6,,,,"[{""b"":""40:27:0b:02:a2:b7"",""s"":""U+zone_2.4GHz"",""r"":-33,""f"":2432},{""b"":""40:27:0b:02:a2:b8"",""s"":""U+zone"",""r"":-35,""f"":5785},{""b"":""02:17:b2:0b:47:88"",""s"":""T wifi zone"",""r"":-39,""f"":2452},{""b"":""02:17:b2:0b:47:8a"",""s"":""T wifi zone_secure"",""r"":-39,""f"":2452},{""b"":""22:17:b2:0b:47:8a"",""s"":""T wifi zone_secure"",""r"":-42,""f"":5785},{""b"":""22:17:b2:0b:47:88"",""s"":""T wifi zone"",""r"":-42,""f"":5785},{""b"":""36:78:c2:00:0a:b4"",""s"":""KT WiFi "",""r"":-44,""f"":5640},{""b"":""30:78:c2:00:0a:b4"",""s"":""KT WiFi"",""r"":-44,""f"":5640},{""b"":""36:78:c2:00:0a:b5"",""s"":""KT WiFi "",""r"":-49,""f"":2432},{""b"":""30:78:c2:00:0a:b5"",""s"":""KT WiFi"",""r"":-49,""f"":2432},{""b"":""32:89:d3:ca:69:5b"",""s"":""#Roamingman_10R8UR"",""r"":-62,""f"":5180},{""b"":""40:27:0b:02:a2:c7"",""s"":""U+zone"",""r"":-62,""f"":5745},{""b"":""40:27:0b:02:9f:3d"",""s"":""U+zone_2.4GHz"",""r"":-62,""f"":2412},{""b"":""40:27:0b:02:9f:48"",""s"":""U+zone"",""r"":-63,""f"":5745},{""b"":""68:31:fe:57:a6:5c"",""s"":""[LGU+]2111"",""r"":-64,""f"":2467}]",,37.5432472,127.0604432,gps,성수,건대입구,0.0
1789968311306,2026-09-21 14:25:11,unknown,37.5430309,127.061297,10.946,19.72,109.0,53.39999771118164,fused,0,LTE,NR_NSA,5G,True,False,True,False,False,52543246,214,100,1,8282,450,6,-87,-14,-51,7.0,3,0.0,,,,41,80,0.0003,0.0006,41,80,0.0003,0.0006,False,4,0,4,-87.0,161.0,100.0,19.72,True,False,handover,0,5,,,3,52543244.0,-72.0,-8.0,"[{""type"":""LTE"",""pci"":161,""earfcn"":100,""tac"":null,""rsrp"":-87,""rsrq"":-14,""rssi"":-63,""snr"":null,""ta"":0,""level"":3,""bands"":""1""},{""type"":""LTE"",""pci"":119,""earfcn"":100,""tac"":null,""rsrp"":-90,""rsrq"":-17,""rssi"":-63,""snr"":null,""ta"":0,""level"":3,""bands"":""1""},{""type"":""LTE"",""pci"":106,""earfcn"":100,""tac"":null,""rsrp"":-94,""rsrq"":-20,""rssi"":-63,""snr"":null,""ta"":0,""level"":3,""bands"":""1""},{""type"":""LTE"",""pci"":258,""earfcn"":100,""tac"":null,""rsrp"":-96,""rsrq"":-20,""rssi"":-51,""snr"":null,""ta"":0,""level"":2,""bands"":""1""}]",1007.4436,66.0,,48,9,,,,"[{""b"":""40:27:0b:02:a2:b7"",""s"":""U+zone_2.4GHz"",""r"":-33,""f"":2432},{""b"":""40:27:0b:02:a2:b8"",""s"":""U+zone"",""r"":-35,""f"":5785},{""b"":""02:17:b2:0b:47:88"",""s"":""T wifi zone"",""r"":-39,""f"":2452},{""b"":""02:17:b2:0b:47:8a"",""s"":""T wifi zone_secure"",""r"":-39,""f"":2452},{""b"":""22:17:b2:0b:47:8a"",""s"":""T wifi zone_secure"",""r"":-42,""f"":5785},{""b"":""22:17:b2:0b:47:88"",""s"":""T wifi zone"",""r"":-42,""f"":5785},{""b"":""36:78:c2:00:0a:b4"",""s"":""KT WiFi "",""r"":-44,""f"":5640},{""b"":""30:78:c2:00:0a:b4"",""s"":""KT WiFi"",""r"":-44,""f"":5640},{""b"":""36:78:c2:00:0a:b5"",""s"":""KT WiFi "",""r"":-49,""f"":2432},{""b"":""30:78:c2:00:0a:b5"",""s"":""KT WiFi"",""r"":-49,""f"":2432},{""b"":""32:89:d3:ca:69:5b"",""s"":""#Roamingman_10R8UR"",""r"":-62,""f"":5180},{""b"":""40:27:0b:02:a2:c7"",""s"":""U+zone"",""r"":-62,""f"":5745},{""b"":""40:27:0b:02:9f:3d"",""s"":""U+zone_2.4GHz"",""r"":-62,""f"":2412},{""b"":""40:27:0b:02:9f:48"",""s"":""U+zone"",""r"":-63,""f"":5745},{""b"":""68:31:fe:57:a6:5c"",""s"":""[LGU+]2111"",""r"":-64,""f"":2467}]","[{""type"":""LTE"",""pci"":397,""earfcn"":100,""tac"":null,""rsrp"":-90,""rsrq"":-20,""rssi"":-51,""snr"":null,""ta"":0,""level"":3,""bands"":""1""}]",37.5430309,127.061297,gps,성수,건대입구,0.0
1789968313578,2026-09-21 14:25:13,unknown,37.5429065,127.0617467,10.684,21.05,110.0,53.39999771118164,fused,0,LTE,NR_NSA,5G,True,False,True,False,False,52551950,161,100,1,8282,450,6,-76,-11,-51,4.0,4,0.0,,,,929074,2135,7.4326,0.0171,929030,2091,7.4322,0.0167,False,3,0,3,-84.0,129.0,100.0,21.05,True,False,handover,0,6,,,7,52543246.0,-87.0,-14.0,"[{""type"":""LTE"",""pci"":129,""earfcn"":100,""tac"":null,""rsrp"":-84,""rsrq"":-18,""rssi"":-61,""snr"":null,""ta"":0,""level"":4,""bands"":""1""},{""type"":""LTE"",""pci"":214,""earfcn"":100,""tac"":null,""rsrp"":-86,""rsrq"":-18,""rssi"":-51,""snr"":null,""ta"":0,""level"":3,""bands"":""1""},{""type"":""LTE"",""pci"":27,""earfcn"":100,""tac"":null,""rsrp"":-89,""rsrq"":-17,""rssi"":-61,""snr"":null,""ta"":0,""level"":3,""bands"":""1""}]",1007.50354,66.0,119.395,48,11,,,,"[{""b"":""40:27:0b:02:a2:b7"",""s"":""U+zone_2.4GHz"",""r"":-33,""f"":2432},{""b"":""40:27:0b:02:a2:b8"",""s"":""U+zone"",""r"":-35,""f"":5785},{""b"":""02:17:b2:0b:47:88"",""s"":""T wifi zone"",""r"":-39,""f"":2452},{""b"":""02:17:b2:0b:47:8a"",""s"":""T wifi zone_secure"",""r"":-39,""f"":2452},{""b"":""22:17:b2:0b:47:8a"",""s"":""T wifi zone_secure"",""r"":-42,""f"":5785},{""b"":""22:17:b2:0b:47:88"",""s"":""T wifi zone"",""r"":-42,""f"":5785},{""b"":""36:78:c2:00:0a:b4"",""s"":""KT WiFi "",""r"":-44,""f"":5640},{""b"":""30:78:c2:00:0a:b4"",""s"":""KT WiFi"",""r"":-44,""f"":5640},{""b"":""36:78:c2:00:0a:b5"",""s"":""KT WiFi "",""r"":-49,""f"":2432},{""b"":""30:78:c2:00:0a:b5"",""s"":""KT WiFi"",""r"":-49,""f"":2432},{""b"":""32:89:d3:ca:69:5b"",""s"":""#Roamingman_10R8UR"",""r"":-62,""f"":5180},{""b"":""40:27:0b:02:a2:c7"",""s"":""U+zone"",""r"":-62,""f"":5745},{""b"":""40:27:0b:02:9f:3d"",""s"":""U+zone_2.4GHz"",""r"":-62,""f"":2412},{""b"":""40:27:0b:02:9f:48"",""s"":""U+zone"",""r"":-63,""f"":5745},{""b"":""68:31:fe:57:a6:5c"",""s"":""[LGU+]2111"",""r"":-64,""f"":2467}]","[{""type"":""LTE"",""pci"":161,""earfcn"":100,""tac"":null,""rsrp"":-87,""rsrq"":-14,""rssi"":-63,""snr"":null,""ta"":0,""level"":3,""bands"":""1""},{""type"":""LTE"",""pci"":119,""earfcn"":100,""tac"":null,""rsrp"":-90,""rsrq"":-17,""rssi"":-63,""snr"":null,""ta"":0,""level"":3,""bands"":""1""},{""type"":""LTE"",""pci"":106,""earfcn"":100,""tac"":null,""rsrp"":-94,""rsrq"":-20,""rssi"":-63,""snr"":null,""ta"":0,""level"":3,""bands"":""1""},{""type"":""LTE"",""pci"":258,""earfcn"":100,""tac"":null,""rsrp"":-96,""rsrq"":-20,""rssi"":-51,""snr"":null,""ta"":0,""level"":2,""bands"":""1""}]",37.5429065,127.0617467,gps,성수,건대입구,0.0
1789968313619,2026-09-21 14:25:13,unknown,37.5429065,127.0617467,10.684,21.05,110.0,53.39999771118164,fused,0,LTE,NR_NSA,5G,True,False,True,False,False,52551950,161,100,1,8282,450,6,-76,-11,-51,4.0,4,0.0,,,,0,0,0.0,0.0,0,0,0.0,0.0,False,3,0,3,-84.0,129.0,100.0,21.05,False,False,periodic,0,6,0.0,0.0,46,,,,"[{""type"":""LTE"",""pci"":129,""earfcn"":100,""tac"":null,""rsrp"":-84,""rsrq"":-18,""rssi"":-61,""snr"":null,""ta"":0,""level"":4,""bands"":""1""},{""type"":""LTE"",""pci"":214,""earfcn"":100,""tac"":null,""rsrp"":-86,""rsrq"":-18,""rssi"":-51,""snr"":null,""ta"":0,""level"":3,""bands"":""1""},{""type"":""LTE"",""pci"":27,""earfcn"":100,""tac"":null,""rsrp"":-89,""rsrq"":-17,""rssi"":-61,""snr"":null,""ta"":0,""level"":3,""bands"":""1""}]",1007.50354,66.0,,48,11,,,,"[{""b"":""40:27:0b:02:a2:b7"",""s"":""U+zone_2.4GHz"",""r"":-33,""f"":2432},{""b"":""40:27:0b:02:a2:b8"",""s"":""U+zone"",""r"":-35,""f"":5785},{""b"":""02:17:b2:0b:47:88"",""s"":""T wifi zone"",""r"":-39,""f"":2452},{""b"":""02:17:b2:0b:47:8a"",""s"":""T wifi zone_secure"",""r"":-39,""f"":2452},{""b"":""22:17:b2:0b:47:8a"",""s"":""T wifi zone_secure"",""r"":-42,""f"":5785},{""b"":""22:17:b2:0b:47:88"",""s"":""T wifi zone"",""r"":-42,""f"":5785},{""b"":""36:78:c2:00:0a:b4"",""s"":""KT WiFi "",""r"":-44,""f"":5640},{""b"":""30:78:c2:00:0a:b4"",""s"":""KT WiFi"",""r"":-44,""f"":5640},{""b"":""36:78:c2:00:0a:b5"",""s"":""KT WiFi "",""r"":-49,""f"":2432},{""b"":""30:78:c2:00:0a:b5"",""s"":""KT WiFi"",""r"":-49,""f"":2432},{""b"":""32:89:d3:ca:69:5b"",""s"":""#Roamingman_10R8UR"",""r"":-62,""f"":5180},{""b"":""40:27:0b:02:a2:c7"",""s"":""U+zone"",""r"":-62,""f"":5745},{""b"":""40:27:0b:02:9f:3d"",""s"":""U+zone_2.4GHz"",""r"":-62,""f"":2412},{""b"":""40:27:0b:02:9f:48"",""s"":""U+zone"",""r"":-63,""f"":5745},{""b"":""68:31:fe:57:a6:5c"",""s"":""[LGU+]2111"",""r"":-64,""f"":2467}]",,37.5429065,127.0617467,gps,성수,건대입구,0.0
1789968318630,2026-09-21 14:25:18,unknown,37.5426491,127.0626583,10.26,21.73,109.0,53.39999771118164,fused,1,LTE,NR_NSA,5G,True,False,True,False,False,52551950,161,100,1,8282,450,6,-76,-10,-51,4.0,4,1.0,,,,42,63,0.0003,0.0005,22,43,0.0002,0.0003,False,3,0,3,-84.0,129.0,100.0,21.73,False,False,periodic,5,6,0.0,0.0,5000,,,,"[{""type"":""LTE"",""pci"":129,""earfcn"":100,""tac"":null,""rsrp"":-84,""rsrq"":-18,""rssi"":-61,""snr"":null,""ta"":1,""level"":4,""bands"":""1""},{""type"":""LTE"",""pci"":214,""earfcn"":100,""tac"":null,""rsrp"":-86,""rsrq"":-18,""rssi"":-51,""snr"":null,""ta"":1,""level"":3,""bands"":""1""},{""type"":""LTE"",""pci"":27,""earfcn"":100,""tac"":null,""rsrp"":-89,""rsrq"":-17,""rssi"":-61,""snr"":null,""ta"":1,""level"":3,""bands"":""1""}]",1007.3888,85.0,,48,16,,,,"[{""b"":""40:27:0b:02:a2:b7"",""s"":""U+zone_2.4GHz"",""r"":-33,""f"":2432},{""b"":""40:27:0b:02:a2:b8"",""s"":""U+zone"",""r"":-35,""f"":5785},{""b"":""02:17:b2:0b:47:88"",""s"":""T wifi zone"",""r"":-39,""f"":2452},{""b"":""02:17:b2:0b:47:8a"",""s"":""T wifi zone_secure"",""r"":-39,""f"":2452},{""b"":""22:17:b2:0b:47:8a"",""s"":""T wifi zone_secure"",""r"":-42,""f"":5785},{""b"":""22:17:b2:0b:47:88"",""s"":""T wifi zone"",""r"":-42,""f"":5785},{""b"":""36:78:c2:00:0a:b4"",""s"":""KT WiFi "",""r"":-44,""f"":5640},{""b"":""30:78:c2:00:0a:b4"",""s"":""KT WiFi"",""r"":-44,""f"":5640},{""b"":""36:78:c2:00:0a:b5"",""s"":""KT WiFi "",""r"":-49,""f"":2432},{""b"":""30:78:c2:00:0a:b5"",""s"":""KT WiFi"",""r"":-49,""f"":2432},{""b"":""32:89:d3:ca:69:5b"",""s"":""#Roamingman_10R8UR"",""r"":-62,""f"":5180},{""b"":""40:27:0b:02:a2:c7"",""s"":""U+zone"",""r"":-62,""f"":5745},{""b"":""40:27:0b:02:9f:3d"",""s"":""U+zone_2.4GHz"",""r"":-62,""f"":2412},{""b"":""40:27:0b:02:9f:48"",""s"":""U+zone"",""r"":-63,""f"":5745},{""b"":""68:31:fe:57:a6:5c"",""s"":""[LGU+]2111"",""r"":-64,""f"":2467}]",,37.5426491,127.0626583,gps,성수,건대입구,0.0
1789968323125,2026-09-21 14:25:23,unknown,37.5422282,127.064037,10.384,22.0,112.0,53.39999771118164,fused,0,LTE,NR_NSA,5G,True,False,True,False,False,52544017,114,100,1,8282,450,6,-76,-9,-51,5.0,4,0.0,,,,7909,5145,0.0633,0.0412,7887,5123,0.0631,0.041,False,4,0,4,-84.0,95.0,100.0,22.0,True,False,handover,0,7,,,3,52551950.0,-76.0,-10.0,"[{""type"":""LTE"",""pci"":95,""earfcn"":100,""tac"":null,""rsrp"":-84,""rsrq"":-19,""rssi"":-57,""snr"":null,""ta"":0,""level"":4,""bands"":""1""},{""type"":""LTE"",""pci"":93,""earfcn"":100,""tac"":null,""rsrp"":-84,""rsrq"":-17,""rssi"":-57,""snr"":null,""ta"":0,""level"":4,""bands"":""1""},{""type"":""LTE"",""pci"":5,""earfcn"":100,""tac"":null,""rsrp"":-86,""rsrq"":-17,""rssi"":-57,""snr"":null,""ta"":0,""level"":3,""bands"":""1""},{""type"":""LTE"",""pci"":418,""earfcn"":100,""tac"":null,""rsrp"":-86,""rsrq"":-18,""rssi"":-57,""snr"":null,""ta"":0,""level"":3,""bands"":""1""}]",1007.4241,88.0,,48,21,,,,"[{""b"":""40:27:0b:02:a2:b7"",""s"":""U+zone_2.4GHz"",""r"":-33,""f"":2432},{""b"":""40:27:0b:02:a2:b8"",""s"":""U+zone"",""r"":-35,""f"":5785},{""b"":""02:17:b2:0b:47:88"",""s"":""T wifi zone"",""r"":-39,""f"":2452},{""b"":""02:17:b2:0b:47:8a"",""s"":""T wifi zone_secure"",""r"":-39,""f"":2452},{""b"":""22:17:b2:0b:47:8a"",""s"":""T wifi zone_secure"",""r"":-42,""f"":5785},{""b"":""22:17:b2:0b:47:88"",""s"":""T wifi zone"",""r"":-42,""f"":5785},{""b"":""36:78:c2:00:0a:b4"",""s"":""KT WiFi "",""r"":-44,""f"":5640},{""b"":""30:78:c2:00:0a:b4"",""s"":""KT WiFi"",""r"":-44,""f"":5640},{""b"":""36:78:c2:00:0a:b5"",""s"":""KT WiFi "",""r"":-49,""f"":2432},{""b"":""30:78:c2:00:0a:b5"",""s"":""KT WiFi"",""r"":-49,""f"":2432},{""b"":""32:89:d3:ca:69:5b"",""s"":""#Roamingman_10R8UR"",""r"":-62,""f"":5180},{""b"":""40:27:0b:02:a2:c7"",""s"":""U+zone"",""r"":-62,""f"":5745},{""b"":""40:27:0b:02:9f:3d"",""s"":""U+zone_2.4GHz"",""r"":-62,""f"":2412},{""b"":""40:27:0b:02:9f:48"",""s"":""U+zone"",""r"":-63,""f"":5745},{""b"":""68:31:fe:57:a6:5c"",""s"":""[LGU+]2111"",""r"":-64,""f"":2467}]","[{""type"":""LTE"",""pci"":129,""earfcn"":100,""tac"":null,""rsrp"":-84,""rsrq"":-18,""rssi"":-61,""snr"":null,""ta"":1,""level"":4,""bands"":""1""},{""type"":""LTE"",""pci"":214,""earfcn"":100,""tac"":null,""rsrp"":-86,""rsrq"":-18,""rssi"":-51,""snr"":null,""ta"":1,""level"":3,""bands"":""1""},{""type"":""LTE"",""pci"":27,""earfcn"":100,""tac"":null,""rsrp"":-89,""rsrq"":-17,""rssi"":-61,""snr"":null,""ta"":1,""level"":3,""bands"":""1""}]",37.5422282,127.064037,gps,성수,건대입구,0.0
1789968323640,2026-09-21 14:25:23,unknown,37.5422282,127.064037,10.384,22.0,112.0,53.39999771118164,fused,0,LTE,NR_NSA,5G,True,False,True,False,False,52544017,114,100,1,8282,450,6,-76,-9,-51,5.0,4,0.0,,,,0,0,0.0,0.0,0,0,0.0,0.0,False,4,0,4,-84.0,95.0,100.0,22.0,False,False,periodic,0,6,0.0,0.0,517,,,,"[{""type"":""LTE"",""pci"":95,""earfcn"":100,""tac"":null,""rsrp"":-84,""rsrq"":-19,""rssi"":-57,""snr"":null,""ta"":0,""level"":4,""bands"":""1""},{""type"":""LTE"",""pci"":93,""earfcn"":100,""tac"":null,""rsrp"":-84,""rsrq"":-17,""rssi"":-57,""snr"":null,""ta"":0,""level"":4,""bands"":""1""},{""type"":""LTE"",""pci"":5,""earfcn"":100,""tac"":null,""rsrp"":-86,""rsrq"":-17,""rssi"":-57,""snr"":null,""ta"":0,""level"":3,""bands"":""1""},{""type"":""LTE"",""pci"":418,""earfcn"":100,""tac"":null,""rsrp"":-86,""rsrq"":-18,""rssi"":-57,""snr"":null,""ta"":0,""level"":3,""bands"":""1""}]",1007.4221,88.0,,48,21,,,,"[{""b"":""40:27:0b:02:a2:b7"",""s"":""U+zone_2.4GHz"",""r"":-33,""f"":2432},{""b"":""40:27:0b:02:a2:b8"",""s"":""U+zone"",""r"":-35,""f"":5785},{""b"":""02:17:b2:0b:47:88"",""s"":""T wifi zone"",""r"":-39,""f"":2452},{""b"":""02:17:b2:0b:47:8a"",""s"":""T wifi zone_secure"",""r"":-39,""f"":2452},{""b"":""22:17:b2:0b:47:8a"",""s"":""T wifi zone_secure"",""r"":-42,""f"":5785},{""b"":""22:17:b2:0b:47:88"",""s"":""T wifi zone"",""r"":-42,""f"":5785},{""b"":""36:78:c2:00:0a:b4"",""s"":""KT WiFi "",""r"":-44,""f"":5640},{""b"":""30:78:c2:00:0a:b4"",""s"":""KT WiFi"",""r"":-44,""f"":5640},{""b"":""36:78:c2:00:0a:b5"",""s"":""KT WiFi "",""r"":-49,""f"":2432},{""b"":""30:78:c2:00:0a:b5"",""s"":""KT WiFi"",""r"":-49,""f"":2432},{""b"":""32:89:d3:ca:69:5b"",""s"":""#Roamingman_10R8UR"",""r"":-62,""f"":5180},{""b"":""40:27:0b:02:a2:c7"",""s"":""U+zone"",""r"":-62,""f"":5745},{""b"":""40:27:0b:02:9f:3d"",""s"":""U+zone_2.4GHz"",""r"":-62,""f"":2412},{""b"":""40:27:0b:02:9f:48"",""s"":""U+zone"",""r"":-63,""f"":5745},{""b"":""68:31:fe:57:a6:5c"",""s"":""[LGU+]2111"",""r"":-64,""f"":2467}]",,37.5422282,127.064037,gps,성수,건대입구,0.0
1789968325090,2026-09-21 14:25:25,unknown,37.5420677,127.0645079,10.676,22.07,112.0,53.39999771118164,fused,0,LTE,NR_NSA,5G,True,False,True,False,False,52544030,5,100,1,8282,450,6,-74,-10,-51,7.0,4,0.0,,,,16524,9764,0.1322,0.0781,16455,9695,0.1316,0.0776,False,7,0,7,-72.0,5.0,2600.0,22.07,True,False,handover,0,6,,,5,52544017.0,-76.0,-9.0,"[{""type"":""LTE"",""pci"":5,""earfcn"":2600,""tac"":null,""rsrp"":-72,""rsrq"":-13,""rssi"":-51,""snr"":null,""ta"":0,""level"":4,""bands"":""5""},{""type"":""LTE"",""pci"":5,""earfcn"":3050,""tac"":null,""rsrp"":-75,""rsrq"":-7,""rssi"":-59,""snr"":null,""ta"":0,""level"":4,""bands"":""7""},{""type"":""LTE"",""pci"":114,""earfcn"":100,""tac"":null,""rsrp"":-78,""rsrq"":-16,""rssi"":-51,""snr"":null,""ta"":0,""level"":4,""bands"":""1""},{""type"":""LTE"",""pci"":114,""earfcn"":2600,""tac"":null,""rsrp"":-80,""rsrq"":-16,""rssi"":-51,""snr"":null,""ta"":0,""level"":4,""bands"":""5""},{""type"":""LTE"",""pci"":95,""earfcn"":2600,""tac"":null,""rsrp"":-81,""rsrq"":-16,""rssi"":-55,""snr"":null,""ta"":0,""level"":4,""bands"":""5""},{""type"":""LTE"",""pci"":95,""earfcn"":100,""tac"":null,""rsrp"":-82,""rsrq"":-16,""rssi"":-55,""snr"":null,""ta"":0,""level"":4,""bands"":""1""},{""type"":""LTE"",""pci"":114,""earfcn"":3050,""tac"":null,""rsrp"":-86,""rsrq"":-17,""rssi"":-59,""snr"":null,""ta"":0,""level"":3,""bands"":""7""}]",1007.4321,46.0,,48,23,,,,"[{""b"":""40:27:0b:02:a2:b7"",""s"":""U+zone_2.4GHz"",""r"":-33,""f"":2432},{""b"":""40:27:0b:02:a2:b8"",""s"":""U+zone"",""r"":-35,""f"":5785},{""b"":""02:17:b2:0b:47:88"",""s"":""T wifi zone"",""r"":-39,""f"":2452},{""b"":""02:17:b2:0b:47:8a"",""s"":""T wifi zone_secure"",""r"":-39,""f"":2452},{""b"":""22:17:b2:0b:47:8a"",""s"":""T wifi zone_secure"",""r"":-42,""f"":5785},{""b"":""22:17:b2:0b:47:88"",""s"":""T wifi zone"",""r"":-42,""f"":5785},{""b"":""36:78:c2:00:0a:b4"",""s"":""KT WiFi "",""r"":-44,""f"":5640},{""b"":""30:78:c2:00:0a:b4"",""s"":""KT WiFi"",""r"":-44,""f"":5640},{""b"":""36:78:c2:00:0a:b5"",""s"":""KT WiFi "",""r"":-49,""f"":2432},{""b"":""30:78:c2:00:0a:b5"",""s"":""KT WiFi"",""r"":-49,""f"":2432},{""b"":""32:89:d3:ca:69:5b"",""s"":""#Roamingman_10R8UR"",""r"":-62,""f"":5180},{""b"":""40:27:0b:02:a2:c7"",""s"":""U+zone"",""r"":-62,""f"":5745},{""b"":""40:27:0b:02:9f:3d"",""s"":""U+zone_2.4GHz"",""r"":-62,""f"":2412},{""b"":""40:27:0b:02:9f:48"",""s"":""U+zone"",""r"":-63,""f"":5745},{""b"":""68:31:fe:57:a6:5c"",""s"":""[LGU+]2111"",""r"":-64,""f"":2467}]","[{""type"":""LTE"",""pci"":95,""earfcn"":100,""tac"":null,""rsrp"":-84,""rsrq"":-19,""rssi"":-57,""snr"":null,""ta"":0,""level"":4,""bands"":""1""},{""type"":""LTE"",""pci"":93,""earfcn"":100,""tac"":null,""rsrp"":-84,""rsrq"":-17,""rssi"":-57,""snr"":null,""ta"":0,""level"":4,""bands"":""1""},{""type"":""LTE"",""pci"":5,""earfcn"":100,""tac"":null,""rsrp"":-86,""rsrq"":-17,""rssi"":-57,""snr"":null,""ta"":0,""level"":3,""bands"":""1""},{""type"":""LTE"",""pci"":418,""earfcn"":100,""tac"":null,""rsrp"":-86,""rsrq"":-18,""rssi"":-57,""snr"":null,""ta"":0,""level"":3,""bands"":""1""}]",37.5420677,127.0645079,gps,성수,건대입구,0.0
1789968328647,2026-09-21 14:25:28,unknown,37.5419074,127.0649756,10.758,22.43,112.0,53.39999771118164,fused,1,LTE,NR_NSA,5G,True,False,True,False,False,52544030,5,100,1,8282,450,6,-74,-10,-51,7.0,4,0.0,,,,65876,2745,0.527,0.022,65848,2716,0.5268,0.0217,False,7,0,7,-72.0,5.0,2600.0,22.43,False,False,periodic,3,6,0.0,0.0,3566,,,,"[{""type"":""LTE"",""pci"":5,""earfcn"":2600,""tac"":null,""rsrp"":-72,""rsrq"":-13,""rssi"":-51,""snr"":null,""ta"":0,""level"":4,""bands"":""5""},{""type"":""LTE"",""pci"":5,""earfcn"":3050,""tac"":null,""rsrp"":-75,""rsrq"":-7,""rssi"":-59,""snr"":null,""ta"":0,""level"":4,""bands"":""7""},{""type"":""LTE"",""pci"":114,""earfcn"":100,""tac"":null,""rsrp"":-78,""rsrq"":-16,""rssi"":-51,""snr"":null,""ta"":0,""level"":4,""bands"":""1""},{""type"":""LTE"",""pci"":114,""earfcn"":2600,""tac"":null,""rsrp"":-80,""rsrq"":-16,""rssi"":-51,""snr"":null,""ta"":0,""level"":4,""bands"":""5""},{""type"":""LTE"",""pci"":95,""earfcn"":2600,""tac"":null,""rsrp"":-81,""rsrq"":-16,""rssi"":-55,""snr"":null,""ta"":0,""level"":4,""bands"":""5""},{""type"":""LTE"",""pci"":95,""earfcn"":100,""tac"":null,""rsrp"":-82,""rsrq"":-16,""rssi"":-55,""snr"":null,""ta"":0,""level"":4,""bands"":""1""},{""type"":""LTE"",""pci"":114,""earfcn"":3050,""tac"":null,""rsrp"":-86,""rsrq"":-17,""rssi"":-59,""snr"":null,""ta"":0,""level"":3,""bands"":""7""}]",1007.4357,46.0,,48,26,,,,"[{""b"":""40:27:0b:02:a2:b7"",""s"":""U+zone_2.4GHz"",""r"":-33,""f"":2432},{""b"":""40:27:0b:02:a2:b8"",""s"":""U+zone"",""r"":-35,""f"":5785},{""b"":""02:17:b2:0b:47:88"",""s"":""T wifi zone"",""r"":-39,""f"":2452},{""b"":""02:17:b2:0b:47:8a"",""s"":""T wifi zone_secure"",""r"":-39,""f"":2452},{""b"":""22:17:b2:0b:47:8a"",""s"":""T wifi zone_secure"",""r"":-42,""f"":5785},{""b"":""22:17:b2:0b:47:88"",""s"":""T wifi zone"",""r"":-42,""f"":5785},{""b"":""36:78:c2:00:0a:b4"",""s"":""KT WiFi "",""r"":-44,""f"":5640},{""b"":""30:78:c2:00:0a:b4"",""s"":""KT WiFi"",""r"":-44,""f"":5640},{""b"":""36:78:c2:00:0a:b5"",""s"":""KT WiFi "",""r"":-49,""f"":2432},{""b"":""30:78:c2:00:0a:b5"",""s"":""KT WiFi"",""r"":-49,""f"":2432},{""b"":""32:89:d3:ca:69:5b"",""s"":""#Roamingman_10R8UR"",""r"":-62,""f"":5180},{""b"":""40:27:0b:02:a2:c7"",""s"":""U+zone"",""r"":-62,""f"":5745},{""b"":""40:27:0b:02:9f:3d"",""s"":""U+zone_2.4GHz"",""r"":-62,""f"":2412},{""b"":""40:27:0b:02:9f:48"",""s"":""U+zone"",""r"":-63,""f"":5745},{""b"":""68:31:fe:57:a6:5c"",""s"":""[LGU+]2111"",""r"":-64,""f"":2467}]",,37.5419074,127.0649756,gps,성수,건대입구,0.0
1789968331803,2026-09-21 14:25:31,unknown,37.5415971,127.065893,10.65,22.2,113.0,53.39999771118164,fused,0,LTE,NR_NSA,5G,True,False,True,False,False,52544016,10,100,1,8282,450,6,-85,-18,-51,4.0,4,0.0,,,,28251,841,0.226,0.0067,28251,841,0.226,0.0067,False,9,0,9,-78.0,10.0,2600.0,22.2,True,False,handover,0,5,,,17,52544030.0,-74.0,-10.0,"[{""type"":""LTE"",""pci"":10,""earfcn"":2600,""tac"":null,""rsrp"":-78,""rsrq"":-14,""rssi"":-55,""snr"":null,""ta"":0,""level"":4,""bands"":""5""},{""type"":""LTE"",""pci"":252,""earfcn"":2600,""tac"":null,""rsrp"":-82,""rsrq"":-16,""rssi"":-55,""snr"":null,""ta"":0,""level"":4,""bands"":""5""},{""type"":""LTE"",""pci"":498,""earfcn"":100,""tac"":null,""rsrp"":-83,""rsrq"":-19,""rssi"":-53,""snr"":null,""ta"":0,""level"":4,""bands"":""1""},{""type"":""LTE"",""pci"":67,""earfcn"":100,""tac"":null,""rsrp"":-86,""rsrq"":-19,""rssi"":-57,""snr"":null,""ta"":0,""level"":3,""bands"":""1""},{""type"":""LTE"",""pci"":252,""earfcn"":100,""tac"":null,""rsrp"":-86,""rsrq"":-19,""rssi"":-57,""snr"":null,""ta"":0,""level"":3,""bands"":""1""},{""type"":""LTE"",""pci"":5,""earfcn"":100,""tac"":null,""rsrp"":-87,""rsrq"":-20,""rssi"":-51,""snr"":null,""ta"":0,""level"":3,""bands"":""1""},{""type"":""LTE"",""pci"":5,""earfcn"":3050,""tac"":null,""rsrp"":-88,""rsrq"":-12,""rssi"":-67,""snr"":null,""ta"":0,""level"":3,""bands"":""7""},{""type"":""LTE"",""pci"":10,""earfcn"":3050,""tac"":null,""rsrp"":-94,""rsrq"":-15,""rssi"":-67,""snr"":null,""ta"":0,""level"":3,""bands"":""7""},{""type"":""LTE"",""pci"":114,""earfcn"":3050,""tac"":null,""rsrp"":-97,""rsrq"":-19,""rssi"":-67,""snr"":null,""ta"":0,""level"":2,""bands"":""7""}]",1007.4283,53.0,,48,29,,,,"[{""b"":""40:27:0b:02:a2:b7"",""s"":""U+zone_2.4GHz"",""r"":-33,""f"":2432},{""b"":""40:27:0b:02:a2:b8"",""s"":""U+zone"",""r"":-35,""f"":5785},{""b"":""02:17:b2:0b:47:88"",""s"":""T wifi zone"",""r"":-39,""f"":2452},{""b"":""02:17:b2:0b:47:8a"",""s"":""T wifi zone_secure"",""r"":-39,""f"":2452},{""b"":""22:17:b2:0b:47:8a"",""s"":""T wifi zone_secure"",""r"":-42,""f"":5785},{""b"":""22:17:b2:0b:47:88"",""s"":""T wifi zone"",""r"":-42,""f"":5785},{""b"":""36:78:c2:00:0a:b4"",""s"":""KT WiFi "",""r"":-44,""f"":5640},{""b"":""30:78:c2:00:0a:b4"",""s"":""KT WiFi"",""r"":-44,""f"":5640},{""b"":""36:78:c2:00:0a:b5"",""s"":""KT WiFi "",""r"":-49,""f"":2432},{""b"":""30:78:c2:00:0a:b5"",""s"":""KT WiFi"",""r"":-49,""f"":2432},{""b"":""32:89:d3:ca:69:5b"",""s"":""#Roamingman_10R8UR"",""r"":-62,""f"":5180},{""b"":""40:27:0b:02:a2:c7"",""s"":""U+zone"",""r"":-62,""f"":5745},{""b"":""40:27:0b:02:9f:3d"",""s"":""U+zone_2.4GHz"",""r"":-62,""f"":2412},{""b"":""40:27:0b:02:9f:48"",""s"":""U+zone"",""r"":-63,""f"":5745},{""b"":""68:31:fe:57:a6:5c"",""s"":""[LGU+]2111"",""r"":-64,""f"":2467}]","[{""type"":""LTE"",""pci"":5,""earfcn"":2600,""tac"":null,""rsrp"":-72,""rsrq"":-13,""rssi"":-51,""snr"":null,""ta"":0,""level"":4,""bands"":""5""},{""type"":""LTE"",""pci"":5,""earfcn"":3050,""tac"":null,""rsrp"":-75,""rsrq"":-7,""rssi"":-59,""snr"":null,""ta"":0,""level"":4,""bands"":""7""},{""type"":""LTE"",""pci"":114,""earfcn"":100,""tac"":null,""rsrp"":-78,""rsrq"":-16,""rssi"":-51,""snr"":null,""ta"":0,""level"":4,""bands"":""1""},{""type"":""LTE"",""pci"":114,""earfcn"":2600,""tac"":null,""rsrp"":-80,""rsrq"":-16,""rssi"":-51,""snr"":null,""ta"":0,""level"":4,""bands"":""5""},{""type"":""LTE"",""pci"":95,""earfcn"":2600,""tac"":null,""rsrp"":-81,""rsrq"":-16,""rssi"":-55,""snr"":null,""ta"":0,""level"":4,""bands"":""5""},{""type"":""LTE"",""pci"":95,""earfcn"":100,""tac"":null,""rsrp"":-82,""rsrq"":-16,""rssi"":-55,""snr"":null,""ta"":0,""level"":4,""bands"":""1""},{""type"":""LTE"",""pci"":114,""earfcn"":3050,""tac"":null,""rsrp"":-86,""rsrq"":-17,""rssi"":-59,""snr"":null,""ta"":0,""level"":3,""bands"":""7""}]",37.5415971,127.065893,gps,성수,건대입구,0.0
1789968333669,2026-09-21 14:25:33,unknown,37.5414289,127.0663588,10.571,22.11,113.0,53.39999771118164,fused,0,LTE,NR_NSA,5G,True,False,True,False,False,52544016,10,100,1,8282,450,6,-85,-18,-51,4.0,4,0.0,,,,707,439,0.0057,0.0035,654,385,0.0052,0.0031,False,9,0,9,-78.0,10.0,2600.0,22.11,False,False,periodic,1,5,0.0,0.0,1884,,,,"[{""type"":""LTE"",""pci"":10,""earfcn"":2600,""tac"":null,""rsrp"":-78,""rsrq"":-14,""rssi"":-55,""snr"":null,""ta"":0,""level"":4,""bands"":""5""},{""type"":""LTE"",""pci"":252,""earfcn"":2600,""tac"":null,""rsrp"":-82,""rsrq"":-16,""rssi"":-55,""snr"":null,""ta"":0,""level"":4,""bands"":""5""},{""type"":""LTE"",""pci"":498,""earfcn"":100,""tac"":null,""rsrp"":-83,""rsrq"":-19,""rssi"":-53,""snr"":null,""ta"":0,""level"":4,""bands"":""1""},{""type"":""LTE"",""pci"":67,""earfcn"":100,""tac"":null,""rsrp"":-86,""rsrq"":-19,""rssi"":-57,""snr"":null,""ta"":0,""level"":3,""bands"":""1""},{""type"":""LTE"",""pci"":252,""earfcn"":100,""tac"":null,""rsrp"":-86,""rsrq"":-19,""rssi"":-57,""snr"":null,""ta"":0,""level"":3,""bands"":""1""},{""type"":""LTE"",""pci"":5,""earfcn"":100,""tac"":null,""rsrp"":-87,""rsrq"":-20,""rssi"":-51,""snr"":null,""ta"":0,""level"":3,""bands"":""1""},{""type"":""LTE"",""pci"":5,""earfcn"":3050,""tac"":null,""rsrp"":-88,""rsrq"":-12,""rssi"":-67,""snr"":null,""ta"":0,""level"":3,""bands"":""7""},{""type"":""LTE"",""pci"":10,""earfcn"":3050,""tac"":null,""rsrp"":-94,""rsrq"":-15,""rssi"":-67,""snr"":null,""ta"":0,""level"":3,""bands"":""7""},{""type"":""LTE"",""pci"":114,""earfcn"":3050,""tac"":null,""rsrp"":-97,""rsrq"":-19,""rssi"":-67,""snr"":null,""ta"":0,""level"":2,""bands"":""7""}]",1007.4238,53.0,,34,1,,,,"[{""b"":""40:27:0b:02:a2:b7"",""s"":""U+zone_2.4GHz"",""r"":-37,""f"":2432},{""b"":""40:27:0b:02:a2:b8"",""s"":""U+zone"",""r"":-38,""f"":5785},{""b"":""02:17:b2:0b:47:88"",""s"":""T wifi zone"",""r"":-39,""f"":2452},{""b"":""36:78:c2:00:0a:b4"",""s"":""KT WiFi "",""r"":-39,""f"":5640},{""b"":""02:17:b2:0b:47:8a"",""s"":""T wifi zone_secure"",""r"":-41,""f"":2452},{""b"":""22:17:b2:0b:47:8a"",""s"":""T wifi zone_secure"",""r"":-44,""f"":5785},{""b"":""22:17:b2:0b:47:88"",""s"":""T wifi zone"",""r"":-44,""f"":5785},{""b"":""30:78:c2:00:0a:b5"",""s"":""KT WiFi"",""r"":-46,""f"":2432},{""b"":""36:78:c2:00:0a:b5"",""s"":""KT WiFi "",""r"":-47,""f"":2432},{""b"":""30:78:c2:00:0a:b4"",""s"":""KT WiFi"",""r"":-47,""f"":5640},{""b"":""68:31:fe:57:a6:5c"",""s"":""[LGU+]2111"",""r"":-55,""f"":2467},{""b"":""32:89:d3:ca:69:5b"",""s"":""#Roamingman_10R8UR"",""r"":-61,""f"":5180},{""b"":""40:27:0b:02:a2:c7"",""s"":""U+zone"",""r"":-61,""f"":5745},{""b"":""30:78:c2:00:07:d5"",""s"":""KT WiFi"",""r"":-63,""f"":5640},{""b"":""02:17:b2:0b:7d:b6"",""s"":""T wifi zone"",""r"":-63,""f"":2452}]",,37.5414289,127.0663588,gps,성수,건대입구,0.0
1789968338164,2026-09-21 14:25:38,unknown,37.5410354,127.0674686,10.523,19.82,112.0,53.39999771118164,fused,0,LTE,NR_NSA,5G,True,False,True,False,False,52546320,401,100,1,8282,450,6,-80,-17,-51,1.0,4,1.0,,,,9820,4465,0.0786,0.0357,9798,4443,0.0784,0.0355,False,16,0,16,-72.0,0.0,2600.0,19.82,True,False,handover,0,6,,,11,52544016.0,-85.0,-18.0,"[{""type"":""LTE"",""pci"":0,""earfcn"":2600,""tac"":null,""rsrp"":-72,""rsrq"":-13,""rssi"":-51,""snr"":null,""ta"":1,""level"":4,""bands"":""5""},{""type"":""LTE"",""pci"":401,""earfcn"":2600,""tac"":null,""rsrp"":-74,""rsrq"":-16,""rssi"":-51,""snr"":null,""ta"":1,""level"":4,""bands"":""5""},{""type"":""LTE"",""pci"":236,""earfcn"":2600,""tac"":null,""rsrp"":-75,""rsrq"":-17,""rssi"":-51,""snr"":null,""ta"":1,""level"":4,""bands"":""5""},{""type"":""LTE"",""pci"":252,""earfcn"":2600,""tac"":null,""rsrp"":-76,""rsrq"":-19,""rssi"":-51,""snr"":null,""ta"":1,""level"":4,""bands"":""5""},{""type"":""LTE"",""pci"":5,""earfcn"":2600,""tac"":null,""rsrp"":-77,""rsrq"":-20,""rssi"":-51,""snr"":null,""ta"":1,""level"":4,""bands"":""5""},{""type"":""LTE"",""pci"":185,""earfcn"":2600,""tac"":null,""rsrp"":-78,""rsrq"":-19,""rssi"":-51,""snr"":null,""ta"":1,""level"":4,""bands"":""5""},{""type"":""LTE"",""pci"":61,""earfcn"":2600,""tac"":null,""rsrp"":-78,""rsrq"":-19,""rssi"":-51,""snr"":null,""ta"":1,""level"":4,""bands"":""5""},{""type"":""LTE"",""pci"":0,""earfcn"":100,""tac"":null,""rsrp"":-79,""rsrq"":-17,""rssi"":-51,""snr"":null,""ta"":1,""level"":4,""bands"":""1""},{""type"":""LTE"",""pci"":236,""earfcn"":100,""tac"":null,""rsrp"":-79,""rsrq"":-18,""rssi"":-51,""snr"":null,""ta"":1,""level"":4,""bands"":""1""},{""type"":""LTE"",""pci"":10,""earfcn"":2600,""tac"":null,""rsrp"":-79,""rsrq"":-20,""rssi"":-51,""snr"":null,""ta"":1,""level"":4,""bands"":""5""},{""type"":""LTE"",""pci"":67,""earfcn"":100,""tac"":null,""rsrp"":-81,""rsrq"":-18,""rssi"":-51,""snr"":null,""ta"":1,""level"":4,""bands"":""1""},{""type"":""LTE"",""pci"":0,""earfcn"":3050,""tac"":null,""rsrp"":-83,""rsrq"":-11,""rssi"":-61,""snr"":null,""ta"":1,""level"":4,""bands"":""7""},{""type"":""LTE"",""pci"":10,""earfcn"":100,""tac"":null,""rsrp"":-86,""rsrq"":-20,""rssi"":-51,""snr"":null,""ta"":1,""level"":3,""bands"":""1""},{""type"":""LTE"",""pci"":236,""earfcn"":3050,""tac"":null,""rsrp"":-89,""rsrq"":-19,""rssi"":-61,""snr"":null,""ta"":1,""level"":3,""bands"":""7""},{""type"":""LTE"",""pci"":401,""earfcn"":3050,""tac"":null,""rsrp"":-90,""rsrq"":-20,""rssi"":-61,""snr"":null,""ta"":1,""level"":3,""bands"":""7""},{""type"":""LTE"",""pci"":10,""earfcn"":3050,""tac"":null,""rsrp"":-92,""rsrq"":-20,""rssi"":-61,""snr"":null,""ta"":1,""level"":3,""bands"":""7""}]",1007.3828,64.0,,34,6,,,,"[{""b"":""40:27:0b:02:a2:b7"",""s"":""U+zone_2.4GHz"",""r"":-37,""f"":2432},{""b"":""40:27:0b:02:a2:b8"",""s"":""U+zone"",""r"":-38,""f"":5785},{""b"":""02:17:b2:0b:47:88"",""s"":""T wifi zone"",""r"":-39,""f"":2452},{""b"":""36:78:c2:00:0a:b4"",""s"":""KT WiFi "",""r"":-39,""f"":5640},{""b"":""02:17:b2:0b:47:8a"",""s"":""T wifi zone_secure"",""r"":-41,""f"":2452},{""b"":""22:17:b2:0b:47:8a"",""s"":""T wifi zone_secure"",""r"":-44,""f"":5785},{""b"":""22:17:b2:0b:47:88"",""s"":""T wifi zone"",""r"":-44,""f"":5785},{""b"":""30:78:c2:00:0a:b5"",""s"":""KT WiFi"",""r"":-46,""f"":2432},{""b"":""36:78:c2:00:0a:b5"",""s"":""KT WiFi "",""r"":-47,""f"":2432},{""b"":""30:78:c2:00:0a:b4"",""s"":""KT WiFi"",""r"":-47,""f"":5640},{""b"":""68:31:fe:57:a6:5c"",""s"":""[LGU+]2111"",""r"":-55,""f"":2467},{""b"":""32:89:d3:ca:69:5b"",""s"":""#Roamingman_10R8UR"",""r"":-61,""f"":5180},{""b"":""40:27:0b:02:a2:c7"",""s"":""U+zone"",""r"":-61,""f"":5745},{""b"":""30:78:c2:00:07:d5"",""s"":""KT WiFi"",""r"":-63,""f"":5640},{""b"":""02:17:b2:0b:7d:b6"",""s"":""T wifi zone"",""r"":-63,""f"":2452}]","[{""type"":""LTE"",""pci"":10,""earfcn"":2600,""tac"":null,""rsrp"":-78,""rsrq"":-14,""rssi"":-55,""snr"":null,""ta"":0,""level"":4,""bands"":""5""},{""type"":""LTE"",""pci"":252,""earfcn"":2600,""tac"":null,""rsrp"":-82,""rsrq"":-16,""rssi"":-55,""snr"":null,""ta"":0,""level"":4,""bands"":""5""},{""type"":""LTE"",""pci"":498,""earfcn"":100,""tac"":null,""rsrp"":-83,""rsrq"":-19,""rssi"":-53,""snr"":null,""ta"":0,""level"":4,""bands"":""1""},{""type"":""LTE"",""pci"":67,""earfcn"":100,""tac"":null,""rsrp"":-86,""rsrq"":-19,""rssi"":-57,""snr"":null,""ta"":0,""level"":3,""bands"":""1""},{""type"":""LTE"",""pci"":252,""earfcn"":100,""tac"":null,""rsrp"":-86,""rsrq"":-19,""rssi"":-57,""snr"":null,""ta"":0,""level"":3,""bands"":""1""},{""type"":""LTE"",""pci"":5,""earfcn"":100,""tac"":null,""rsrp"":-87,""rsrq"":-20,""rssi"":-51,""snr"":null,""ta"":0,""level"":3,""bands"":""1""},{""type"":""LTE"",""pci"":5,""earfcn"":3050,""tac"":null,""rsrp"":-88,""rsrq"":-12,""rssi"":-67,""snr"":null,""ta"":0,""level"":3,""bands"":""7""},{""type"":""LTE"",""pci"":10,""earfcn"":3050,""tac"":null,""rsrp"":-94,""rsrq"":-15,""rssi"":-67,""snr"":null,""ta"":0,""level"":3,""bands"":""7""},{""type"":""LTE"",""pci"":114,""earfcn"":3050,""tac"":null,""rsrp"":-97,""rsrq"":-19,""rssi"":-67,""snr"":null,""ta"":0,""level"":2,""bands"":""7""}]",37.5410354,127.0674686,gps,성수,건대입구,0.0
1789968338689,2026-09-21 14:25:38,unknown,37.5410354,127.0674686,10.523,19.82,112.0,53.39999771118164,fused,0,LTE,NR_NSA,5G,True,False,True,False,False,52546320,401,100,1,8282,450,6,-80,-17,-51,1.0,4,1.0,,,,0,0,0.0,0.0,0,0,0.0,0.0,False,16,0,16,-72.0,0.0,2600.0,19.82,False,False,periodic,0,6,0.0,0.0,536,,,,"[{""type"":""LTE"",""pci"":0,""earfcn"":2600,""tac"":null,""rsrp"":-72,""rsrq"":-13,""rssi"":-51,""snr"":null,""ta"":1,""level"":4,""bands"":""5""},{""type"":""LTE"",""pci"":401,""earfcn"":2600,""tac"":null,""rsrp"":-74,""rsrq"":-16,""rssi"":-51,""snr"":null,""ta"":1,""level"":4,""bands"":""5""},{""type"":""LTE"",""pci"":236,""earfcn"":2600,""tac"":null,""rsrp"":-75,""rsrq"":-17,""rssi"":-51,""snr"":null,""ta"":1,""level"":4,""bands"":""5""},{""type"":""LTE"",""pci"":252,""earfcn"":2600,""tac"":null,""rsrp"":-76,""rsrq"":-19,""rssi"":-51,""snr"":null,""ta"":1,""level"":4,""bands"":""5""},{""type"":""LTE"",""pci"":5,""earfcn"":2600,""tac"":null,""rsrp"":-77,""rsrq"":-20,""rssi"":-51,""snr"":null,""ta"":1,""level"":4,""bands"":""5""},{""type"":""LTE"",""pci"":185,""earfcn"":2600,""tac"":null,""rsrp"":-78,""rsrq"":-19,""rssi"":-51,""snr"":null,""ta"":1,""level"":4,""bands"":""5""},{""type"":""LTE"",""pci"":61,""earfcn"":2600,""tac"":null,""rsrp"":-78,""rsrq"":-19,""rssi"":-51,""snr"":null,""ta"":1,""level"":4,""bands"":""5""},{""type"":""LTE"",""pci"":0,""earfcn"":100,""tac"":null,""rsrp"":-79,""rsrq"":-17,""rssi"":-51,""snr"":null,""ta"":1,""level"":4,""bands"":""1""},{""type"":""LTE"",""pci"":236,""earfcn"":100,""tac"":null,""rsrp"":-79,""rsrq"":-18,""rssi"":-51,""snr"":null,""ta"":1,""level"":4,""bands"":""1""},{""type"":""LTE"",""pci"":10,""earfcn"":2600,""tac"":null,""rsrp"":-79,""rsrq"":-20,""rssi"":-51,""snr"":null,""ta"":1,""level"":4,""bands"":""5""},{""type"":""LTE"",""pci"":67,""earfcn"":100,""tac"":null,""rsrp"":-81,""rsrq"":-18,""rssi"":-51,""snr"":null,""ta"":1,""level"":4,""bands"":""1""},{""type"":""LTE"",""pci"":0,""earfcn"":3050,""tac"":null,""rsrp"":-83,""rsrq"":-11,""rssi"":-61,""snr"":null,""ta"":1,""level"":4,""bands"":""7""},{""type"":""LTE"",""pci"":10,""earfcn"":100,""tac"":null,""rsrp"":-86,""rsrq"":-20,""rssi"":-51,""snr"":null,""ta"":1,""level"":3,""bands"":""1""},{""type"":""LTE"",""pci"":236,""earfcn"":3050,""tac"":null,""rsrp"":-89,""rsrq"":-19,""rssi"":-61,""snr"":null,""ta"":1,""level"":3,""bands"":""7""},{""type"":""LTE"",""pci"":401,""earfcn"":3050,""tac"":null,""rsrp"":-90,""rsrq"":-20,""rssi"":-61,""snr"":null,""ta"":1,""level"":3,""bands"":""7""},{""type"":""LTE"",""pci"":10,""earfcn"":3050,""tac"":null,""rsrp"":-92,""rsrq"":-20,""rssi"":-61,""snr"":null,""ta"":1,""level"":3,""bands"":""7""}]",1007.40686,64.0,,34,6,,,,"[{""b"":""40:27:0b:02:a2:b7"",""s"":""U+zone_2.4GHz"",""r"":-37,""f"":2432},{""b"":""40:27:0b:02:a2:b8"",""s"":""U+zone"",""r"":-38,""f"":5785},{""b"":""02:17:b2:0b:47:88"",""s"":""T wifi zone"",""r"":-39,""f"":2452},{""b"":""36:78:c2:00:0a:b4"",""s"":""KT WiFi "",""r"":-39,""f"":5640},{""b"":""02:17:b2:0b:47:8a"",""s"":""T wifi zone_secure"",""r"":-41,""f"":2452},{""b"":""22:17:b2:0b:47:8a"",""s"":""T wifi zone_secure"",""r"":-44,""f"":5785},{""b"":""22:17:b2:0b:47:88"",""s"":""T wifi zone"",""r"":-44,""f"":5785},{""b"":""30:78:c2:00:0a:b5"",""s"":""KT WiFi"",""r"":-46,""f"":2432},{""b"":""36:78:c2:00:0a:b5"",""s"":""KT WiFi "",""r"":-47,""f"":2432},{""b"":""30:78:c2:00:0a:b4"",""s"":""KT WiFi"",""r"":-47,""f"":5640},{""b"":""68:31:fe:57:a6:5c"",""s"":""[LGU+]2111"",""r"":-55,""f"":2467},{""b"":""32:89:d3:ca:69:5b"",""s"":""#Roamingman_10R8UR"",""r"":-61,""f"":5180},{""b"":""40:27:0b:02:a2:c7"",""s"":""U+zone"",""r"":-61,""f"":5745},{""b"":""30:78:c2:00:07:d5"",""s"":""KT WiFi"",""r"":-63,""f"":5640},{""b"":""02:17:b2:0b:7d:b6"",""s"":""T wifi zone"",""r"":-63,""f"":2452}]",,37.5410354,127.0674686,gps,성수,건대입구,0.0
1789968341882,2026-09-21 14:25:41,unknown,37.5408321,127.0680485,10.163,17.8,112.0,53.39999771118164,fused,0,LTE,NR_NSA,5G,True,False,True,False,False,52550154,236,2600,5,8282,450,6,-54,-11,-51,0.0,4,0.0,,,,87252,12709,0.698,0.1017,87221,12678,0.6978,0.1014,False,0,0,0,,,,17.8,True,False,handover,0,6,,,5,52546320.0,-80.0,-17.0,[],1007.41064,68.0,,34,9,,,,"[{""b"":""40:27:0b:02:a2:b7"",""s"":""U+zone_2.4GHz"",""r"":-37,""f"":2432},{""b"":""40:27:0b:02:a2:b8"",""s"":""U+zone"",""r"":-38,""f"":5785},{""b"":""02:17:b2:0b:47:88"",""s"":""T wifi zone"",""r"":-39,""f"":2452},{""b"":""36:78:c2:00:0a:b4"",""s"":""KT WiFi "",""r"":-39,""f"":5640},{""b"":""02:17:b2:0b:47:8a"",""s"":""T wifi zone_secure"",""r"":-41,""f"":2452},{""b"":""22:17:b2:0b:47:8a"",""s"":""T wifi zone_secure"",""r"":-44,""f"":5785},{""b"":""22:17:b2:0b:47:88"",""s"":""T wifi zone"",""r"":-44,""f"":5785},{""b"":""30:78:c2:00:0a:b5"",""s"":""KT WiFi"",""r"":-46,""f"":2432},{""b"":""36:78:c2:00:0a:b5"",""s"":""KT WiFi "",""r"":-47,""f"":2432},{""b"":""30:78:c2:00:0a:b4"",""s"":""KT WiFi"",""r"":-47,""f"":5640},{""b"":""68:31:fe:57:a6:5c"",""s"":""[LGU+]2111"",""r"":-55,""f"":2467},{""b"":""32:89:d3:ca:69:5b"",""s"":""#Roamingman_10R8UR"",""r"":-61,""f"":5180},{""b"":""40:27:0b:02:a2:c7"",""s"":""U+zone"",""r"":-61,""f"":5745},{""b"":""30:78:c2:00:07:d5"",""s"":""KT WiFi"",""r"":-63,""f"":5640},{""b"":""02:17:b2:0b:7d:b6"",""s"":""T wifi zone"",""r"":-63,""f"":2452}]","[{""type"":""LTE"",""pci"":0,""earfcn"":2600,""tac"":null,""rsrp"":-72,""rsrq"":-13,""rssi"":-51,""snr"":null,""ta"":1,""level"":4,""bands"":""5""},{""type"":""LTE"",""pci"":401,""earfcn"":2600,""tac"":null,""rsrp"":-74,""rsrq"":-16,""rssi"":-51,""snr"":null,""ta"":1,""level"":4,""bands"":""5""},{""type"":""LTE"",""pci"":236,""earfcn"":2600,""tac"":null,""rsrp"":-75,""rsrq"":-17,""rssi"":-51,""snr"":null,""ta"":1,""level"":4,""bands"":""5""},{""type"":""LTE"",""pci"":252,""earfcn"":2600,""tac"":null,""rsrp"":-76,""rsrq"":-19,""rssi"":-51,""snr"":null,""ta"":1,""level"":4,""bands"":""5""},{""type"":""LTE"",""pci"":5,""earfcn"":2600,""tac"":null,""rsrp"":-77,""rsrq"":-20,""rssi"":-51,""snr"":null,""ta"":1,""level"":4,""bands"":""5""},{""type"":""LTE"",""pci"":185,""earfcn"":2600,""tac"":null,""rsrp"":-78,""rsrq"":-19,""rssi"":-51,""snr"":null,""ta"":1,""level"":4,""bands"":""5""},{""type"":""LTE"",""pci"":61,""earfcn"":2600,""tac"":null,""rsrp"":-78,""rsrq"":-19,""rssi"":-51,""snr"":null,""ta"":1,""level"":4,""bands"":""5""},{""type"":""LTE"",""pci"":0,""earfcn"":100,""tac"":null,""rsrp"":-79,""rsrq"":-17,""rssi"":-51,""snr"":null,""ta"":1,""level"":4,""bands"":""1""},{""type"":""LTE"",""pci"":236,""earfcn"":100,""tac"":null,""rsrp"":-79,""rsrq"":-18,""rssi"":-51,""snr"":null,""ta"":1,""level"":4,""bands"":""1""},{""type"":""LTE"",""pci"":10,""earfcn"":2600,""tac"":null,""rsrp"":-79,""rsrq"":-20,""rssi"":-51,""snr"":null,""ta"":1,""level"":4,""bands"":""5""},{""type"":""LTE"",""pci"":67,""earfcn"":100,""tac"":null,""rsrp"":-81,""rsrq"":-18,""rssi"":-51,""snr"":null,""ta"":1,""level"":4,""bands"":""1""},{""type"":""LTE"",""pci"":0,""earfcn"":3050,""tac"":null,""rsrp"":-83,""rsrq"":-11,""rssi"":-61,""snr"":null,""ta"":1,""level"":4,""bands"":""7""},{""type"":""LTE"",""pci"":10,""earfcn"":100,""tac"":null,""rsrp"":-86,""rsrq"":-20,""rssi"":-51,""snr"":null,""ta"":1,""level"":3,""bands"":""1""},{""type"":""LTE"",""pci"":236,""earfcn"":3050,""tac"":null,""rsrp"":-89,""rsrq"":-19,""rssi"":-61,""snr"":null,""ta"":1,""level"":3,""bands"":""7""},{""type"":""LTE"",""pci"":401,""earfcn"":3050,""tac"":null,""rsrp"":-90,""rsrq"":-20,""rssi"":-61,""snr"":null,""ta"":1,""level"":3,""bands"":""7""},{""type"":""LTE"",""pci"":10,""earfcn"":3050,""tac"":null,""rsrp"":-92,""rsrq"":-20,""rssi"":-61,""snr"":null,""ta"":1,""level"":3,""bands"":""7""}]",37.5408321,127.0680485,gps,성수,건대입구,0.0
1789968343711,2026-09-21 14:25:43,unknown,37.5407178,127.0683825,10.345,15.9,113.0,53.39999771118164,fused,0,LTE,NR_NSA,5G,True,False,True,False,False,52550154,236,2600,5,8282,450,6,-54,-11,-51,0.0,4,0.0,,,,1560560,14983,12.4845,0.1199,1560560,14983,12.4845,0.1199,False,0,0,0,,,,15.9,False,False,periodic,1,5,0.0,0.0,1834,,,,[],1007.51776,68.0,115.513,34,11,,,,"[{""b"":""40:27:0b:02:a2:b7"",""s"":""U+zone_2.4GHz"",""r"":-37,""f"":2432},{""b"":""40:27:0b:02:a2:b8"",""s"":""U+zone"",""r"":-38,""f"":5785},{""b"":""02:17:b2:0b:47:88"",""s"":""T wifi zone"",""r"":-39,""f"":2452},{""b"":""36:78:c2:00:0a:b4"",""s"":""KT WiFi "",""r"":-39,""f"":5640},{""b"":""02:17:b2:0b:47:8a"",""s"":""T wifi zone_secure"",""r"":-41,""f"":2452},{""b"":""22:17:b2:0b:47:8a"",""s"":""T wifi zone_secure"",""r"":-44,""f"":5785},{""b"":""22:17:b2:0b:47:88"",""s"":""T wifi zone"",""r"":-44,""f"":5785},{""b"":""30:78:c2:00:0a:b5"",""s"":""KT WiFi"",""r"":-46,""f"":2432},{""b"":""36:78:c2:00:0a:b5"",""s"":""KT WiFi "",""r"":-47,""f"":2432},{""b"":""30:78:c2:00:0a:b4"",""s"":""KT WiFi"",""r"":-47,""f"":5640},{""b"":""68:31:fe:57:a6:5c"",""s"":""[LGU+]2111"",""r"":-55,""f"":2467},{""b"":""32:89:d3:ca:69:5b"",""s"":""#Roamingman_10R8UR"",""r"":-61,""f"":5180},{""b"":""40:27:0b:02:a2:c7"",""s"":""U+zone"",""r"":-61,""f"":5745},{""b"":""30:78:c2:00:07:d5"",""s"":""KT WiFi"",""r"":-63,""f"":5640},{""b"":""02:17:b2:0b:7d:b6"",""s"":""T wifi zone"",""r"":-63,""f"":2452}]",,37.5407178,127.0683825,gps,성수,건대입구,0.0
1789968348720,2026-09-21 14:25:48,unknown,37.5407178,127.0683825,10.345,15.9,113.0,53.39999771118164,fused,5,LTE,NR_NSA,5G,True,False,True,False,False,52550154,236,2600,5,8282,450,6,-58,-10,-51,2.0,4,0.0,,,,34306,3221,0.2744,0.0258,34286,3201,0.2743,0.0256,False,1,0,1,-65.0,0.0,2600.0,15.9,False,False,periodic,6,5,-4.0,2.0,5000,,,,"[{""type"":""LTE"",""pci"":0,""earfcn"":2600,""tac"":null,""rsrp"":-65,""rsrq"":-18,""rssi"":-51,""snr"":null,""ta"":0,""level"":4,""bands"":""5""}]",1007.3947,56.0,,34,16,,,,"[{""b"":""40:27:0b:02:a2:b7"",""s"":""U+zone_2.4GHz"",""r"":-37,""f"":2432},{""b"":""40:27:0b:02:a2:b8"",""s"":""U+zone"",""r"":-38,""f"":5785},{""b"":""02:17:b2:0b:47:88"",""s"":""T wifi zone"",""r"":-39,""f"":2452},{""b"":""36:78:c2:00:0a:b4"",""s"":""KT WiFi "",""r"":-39,""f"":5640},{""b"":""02:17:b2:0b:47:8a"",""s"":""T wifi zone_secure"",""r"":-41,""f"":2452},{""b"":""22:17:b2:0b:47:8a"",""s"":""T wifi zone_secure"",""r"":-44,""f"":5785},{""b"":""22:17:b2:0b:47:88"",""s"":""T wifi zone"",""r"":-44,""f"":5785},{""b"":""30:78:c2:00:0a:b5"",""s"":""KT WiFi"",""r"":-46,""f"":2432},{""b"":""36:78:c2:00:0a:b5"",""s"":""KT WiFi "",""r"":-47,""f"":2432},{""b"":""30:78:c2:00:0a:b4"",""s"":""KT WiFi"",""r"":-47,""f"":5640},{""b"":""68:31:fe:57:a6:5c"",""s"":""[LGU+]2111"",""r"":-55,""f"":2467},{""b"":""32:89:d3:ca:69:5b"",""s"":""#Roamingman_10R8UR"",""r"":-61,""f"":5180},{""b"":""40:27:0b:02:a2:c7"",""s"":""U+zone"",""r"":-61,""f"":5745},{""b"":""30:78:c2:00:07:d5"",""s"":""KT WiFi"",""r"":-63,""f"":5640},{""b"":""02:17:b2:0b:7d:b6"",""s"":""T wifi zone"",""r"":-63,""f"":2452}]",,37.5407178,127.0683825,gps,성수,건대입구,0.0
1789968353731,2026-09-21 14:25:53,unknown,37.5407178,127.0683825,215.258,,,53.39999771118164,fused,5,LTE,NR_NSA,5G,True,False,True,False,False,52550154,236,2600,5,8282,450,6,-58,-10,-51,2.0,4,0.0,,,,103,123,0.0008,0.001,63,83,0.0005,0.0007,False,1,0,1,-65.0,0.0,2600.0,11.3192,False,False,periodic,11,4,0.0,0.0,10014,,,,"[{""type"":""LTE"",""pci"":0,""earfcn"":2600,""tac"":null,""rsrp"":-65,""rsrq"":-18,""rssi"":-51,""snr"":null,""ta"":0,""level"":4,""bands"":""5""}]",1007.3762,48.0,,52,4,,,,"[{""b"":""40:27:0b:02:a2:b7"",""s"":""U+zone_2.4GHz"",""r"":-36,""f"":2432},{""b"":""40:27:0b:02:a2:b8"",""s"":""U+zone"",""r"":-38,""f"":5785},{""b"":""22:17:b2:0b:47:88"",""s"":""T wifi zone"",""r"":-45,""f"":5785},{""b"":""22:17:b2:0b:47:8a"",""s"":""T wifi zone_secure"",""r"":-45,""f"":5785},{""b"":""02:17:b2:0b:47:8a"",""s"":""T wifi zone_secure"",""r"":-46,""f"":2452},{""b"":""02:17:b2:0b:47:88"",""s"":""T wifi zone"",""r"":-46,""f"":2452},{""b"":""36:78:c2:00:0a:b4"",""s"":""KT WiFi "",""r"":-50,""f"":5640},{""b"":""30:78:c2:00:0a:b4"",""s"":""KT WiFi"",""r"":-50,""f"":5640},{""b"":""00:09:b4:74:41:44"",""s"":""T wifi zone"",""r"":-52,""f"":5180},{""b"":""0a:09:b4:74:41:34"",""s"":""T Free WiFi Zone"",""r"":-52,""f"":5180},{""b"":""32:06:ac:80:2a:67"",""s"":""Public WiFi Secure"",""r"":-54,""f"":5200},{""b"":""22:06:ac:80:2a:67"",""s"":""Public WiFi Free"",""r"":-55,""f"":5200},{""b"":""02:06:ac:80:2a:67"",""s"":""U+zone"",""r"":-55,""f"":5200},{""b"":""12:06:ac:80:2a:67"",""s"":""FREE_U+zone"",""r"":-56,""f"":5200},{""b"":""22:06:ac:80:2a:66"",""s"":""Public WiFi Free"",""r"":-58,""f"":2452}]",,37.5420932910958,127.0637823851717,between,성수,건대입구,433.46304158210665
1789968358752,2026-09-21 14:25:58,unknown,37.5402555,127.0699258,52.46,8.95,111.0,53.39999771118164,fused,0,LTE,NR_NSA,5G,True,False,True,False,False,52550177,73,2600,5,8282,450,6,-64,-8,-51,,4,0.0,,,,121,110,0.001,0.0009,101,90,0.0008,0.0007,False,2,0,2,-72.0,1.0,2600.0,8.95,True,False,periodic,0,4,,,5003,52550154.0,-58.0,-10.0,"[{""type"":""LTE"",""pci"":1,""earfcn"":2600,""tac"":null,""rsrp"":-72,""rsrq"":-16,""rssi"":-51,""snr"":null,""ta"":0,""level"":4,""bands"":""5""},{""type"":""LTE"",""pci"":236,""earfcn"":2600,""tac"":null,""rsrp"":-84,""rsrq"":-20,""rssi"":-51,""snr"":null,""ta"":0,""level"":4,""bands"":""5""}]",1007.02814,65.0,,56,1,,,,"[{""b"":""40:27:0b:02:a2:b8"",""s"":""U+zone"",""r"":-43,""f"":5785},{""b"":""22:06:ac:80:2a:6f"",""s"":""Public WiFi Free"",""r"":-48,""f"":5520},{""b"":""22:17:b2:0b:47:88"",""s"":""T wifi zone"",""r"":-48,""f"":5785},{""b"":""32:06:ac:80:2a:6f"",""s"":""Public WiFi Secure"",""r"":-48,""f"":5520},{""b"":""12:06:ac:80:2a:6f"",""s"":""FREE_U+zone"",""r"":-49,""f"":5520},{""b"":""02:06:ac:80:2a:6f"",""s"":""U+zone"",""r"":-49,""f"":5520},{""b"":""22:17:b2:0b:47:8a"",""s"":""T wifi zone_secure"",""r"":-50,""f"":5785},{""b"":""36:78:c2:00:0a:b4"",""s"":""KT WiFi "",""r"":-53,""f"":5640},{""b"":""02:06:ac:80:01:92"",""s"":""U+zone_2.4GHz"",""r"":-53,""f"":2432},{""b"":""30:78:c2:00:0a:b4"",""s"":""KT WiFi"",""r"":-53,""f"":5640},{""b"":""02:06:ac:80:2a:6e"",""s"":""U+zone_2.4GHz"",""r"":-54,""f"":2412},{""b"":""02:17:b2:0b:47:8a"",""s"":""T wifi zone_secure"",""r"":-56,""f"":2452},{""b"":""06:09:b4:74:3b:84"",""s"":""T wifi zone_secure"",""r"":-56,""f"":5580},{""b"":""02:17:b2:0b:47:88"",""s"":""T wifi zone"",""r"":-56,""f"":2452},{""b"":""12:09:b4:76:37:1c"",""s"":""KT GiGA WiFi "",""r"":-58,""f"":5805}]","[{""type"":""LTE"",""pci"":0,""earfcn"":2600,""tac"":null,""rsrp"":-65,""rsrq"":-18,""rssi"":-51,""snr"":null,""ta"":0,""level"":4,""bands"":""5""}]",37.541916026302324,127.06433970770445,between,성수,건대입구,525.9895370268866
1789968363778,2026-09-21 14:26:03,unknown,37.5402749,127.069881,43.921,5.19,108.0,52.20000076293945,fused,0,LTE,NR_NSA,5G,True,False,True,False,False,52550177,73,2600,5,8282,450,6,-64,-8,-51,,4,0.0,,,,227,441,0.0018,0.0035,207,421,0.0017,0.0034,False,2,0,2,-72.0,1.0,2600.0,5.19,False,False,periodic,5,3,0.0,,10029,,,,"[{""type"":""LTE"",""pci"":1,""earfcn"":2600,""tac"":null,""rsrp"":-72,""rsrq"":-16,""rssi"":-51,""snr"":null,""ta"":0,""level"":4,""bands"":""5""},{""type"":""LTE"",""pci"":236,""earfcn"":2600,""tac"":null,""rsrp"":-84,""rsrq"":-20,""rssi"":-51,""snr"":null,""ta"":0,""level"":4,""bands"":""5""}]",1007.3758,75.0,,73,1,,,,"[{""b"":""02:17:b2:0b:47:8a"",""s"":""T wifi zone_secure"",""r"":-37,""f"":2452},{""b"":""40:27:0b:02:a2:b8"",""s"":""U+zone"",""r"":-38,""f"":5785},{""b"":""02:17:b2:0b:47:88"",""s"":""T wifi zone"",""r"":-38,""f"":2452},{""b"":""40:27:0b:02:a2:b7"",""s"":""U+zone_2.4GHz"",""r"":-39,""f"":2432},{""b"":""22:17:b2:0b:47:88"",""s"":""T wifi zone"",""r"":-47,""f"":5785},{""b"":""22:17:b2:0b:47:8a"",""s"":""T wifi zone_secure"",""r"":-47,""f"":5785},{""b"":""30:78:c2:00:0a:b5"",""s"":""KT WiFi"",""r"":-47,""f"":2432},{""b"":""36:78:c2:00:0a:b4"",""s"":""KT WiFi "",""r"":-51,""f"":5640},{""b"":""02:06:ac:80:2a:6f"",""s"":""U+zone"",""r"":-51,""f"":5520},{""b"":""22:06:ac:80:2a:6f"",""s"":""Public WiFi Free"",""r"":-52,""f"":5520},{""b"":""30:78:c2:00:0a:b4"",""s"":""KT WiFi"",""r"":-52,""f"":5640},{""b"":""12:06:ac:80:2a:6f"",""s"":""FREE_U+zone"",""r"":-53,""f"":5520},{""b"":""32:06:ac:80:2a:6f"",""s"":""Public WiFi Secure"",""r"":-53,""f"":5520},{""b"":""02:06:ac:80:2a:6e"",""s"":""U+zone_2.4GHz"",""r"":-57,""f"":2412},{""b"":""12:06:ac:80:2a:6e"",""s"":""FREE_U+zone_2.4GHz"",""r"":-58,""f"":2412}]",,37.541738584985445,127.06489758522875,between,성수,건대입구,468.5546829110272
1789968368803,2026-09-21 14:26:08,unknown,37.5402194,127.0700333,37.887,3.54,106.0,52.20000076293945,fused,1,LTE,NR_NSA,5G,True,False,True,False,False,52550177,73,2600,5,8282,450,6,-77,-9,-51,,4,0.0,,,,42,62,0.0003,0.0005,22,42,0.0002,0.0003,False,1,0,1,-81.0,351.0,2600.0,3.54,False,False,periodic,10,2,-13.0,,5003,,,,"[{""type"":""LTE"",""pci"":351,""earfcn"":2600,""tac"":null,""rsrp"":-81,""rsrq"":-17,""rssi"":-53,""snr"":null,""ta"":0,""level"":4,""bands"":""5""}]",1007.37537,56.0,,73,6,,,,"[{""b"":""02:17:b2:0b:47:8a"",""s"":""T wifi zone_secure"",""r"":-37,""f"":2452},{""b"":""40:27:0b:02:a2:b8"",""s"":""U+zone"",""r"":-38,""f"":5785},{""b"":""02:17:b2:0b:47:88"",""s"":""T wifi zone"",""r"":-38,""f"":2452},{""b"":""40:27:0b:02:a2:b7"",""s"":""U+zone_2.4GHz"",""r"":-39,""f"":2432},{""b"":""22:17:b2:0b:47:88"",""s"":""T wifi zone"",""r"":-47,""f"":5785},{""b"":""22:17:b2:0b:47:8a"",""s"":""T wifi zone_secure"",""r"":-47,""f"":5785},{""b"":""30:78:c2:00:0a:b5"",""s"":""KT WiFi"",""r"":-47,""f"":2432},{""b"":""36:78:c2:00:0a:b4"",""s"":""KT WiFi "",""r"":-51,""f"":5640},{""b"":""02:06:ac:80:2a:6f"",""s"":""U+zone"",""r"":-51,""f"":5520},{""b"":""22:06:ac:80:2a:6f"",""s"":""Public WiFi Free"",""r"":-52,""f"":5520},{""b"":""30:78:c2:00:0a:b4"",""s"":""KT WiFi"",""r"":-52,""f"":5640},{""b"":""12:06:ac:80:2a:6f"",""s"":""FREE_U+zone"",""r"":-53,""f"":5520},{""b"":""32:06:ac:80:2a:6f"",""s"":""Public WiFi Secure"",""r"":-53,""f"":5520},{""b"":""02:06:ac:80:2a:6e"",""s"":""U+zone_2.4GHz"",""r"":-57,""f"":2412},{""b"":""12:06:ac:80:2a:6e"",""s"":""FREE_U+zone_2.4GHz"",""r"":-58,""f"":2412}]",,37.54156117897325,127.06545535175475,between,성수,건대입구,430.3235078801247
1789968373830,2026-09-21 14:26:13,unknown,37.5401762,127.0700874,18.805,0.43,127.0,52.20000076293945,fused,0,LTE,NR_NSA,5G,True,False,True,False,False,52550177,73,2600,5,8282,450,6,-77,-9,-51,,4,0.0,,,,419491,1152,3.3559,0.0092,419451,1112,3.3556,0.0089,False,1,0,1,-81.0,351.0,2600.0,0.43,False,False,periodic,15,1,0.0,,10030,,,,"[{""type"":""LTE"",""pci"":351,""earfcn"":2600,""tac"":null,""rsrp"":-81,""rsrq"":-17,""rssi"":-53,""snr"":null,""ta"":0,""level"":4,""bands"":""5""}]",1007.5397,71.0,110.354,73,11,,,,"[{""b"":""02:17:b2:0b:47:8a"",""s"":""T wifi zone_secure"",""r"":-37,""f"":2452},{""b"":""40:27:0b:02:a2:b8"",""s"":""U+zone"",""r"":-38,""f"":5785},{""b"":""02:17:b2:0b:47:88"",""s"":""T wifi zone"",""r"":-38,""f"":2452},{""b"":""40:27:0b:02:a2:b7"",""s"":""U+zone_2.4GHz"",""r"":-39,""f"":2432},{""b"":""22:17:b2:0b:47:88"",""s"":""T wifi zone"",""r"":-47,""f"":5785},{""b"":""22:17:b2:0b:47:8a"",""s"":""T wifi zone_secure"",""r"":-47,""f"":5785},{""b"":""30:78:c2:00:0a:b5"",""s"":""KT WiFi"",""r"":-47,""f"":2432},{""b"":""36:78:c2:00:0a:b4"",""s"":""KT WiFi "",""r"":-51,""f"":5640},{""b"":""02:06:ac:80:2a:6f"",""s"":""U+zone"",""r"":-51,""f"":5520},{""b"":""22:06:ac:80:2a:6f"",""s"":""Public WiFi Free"",""r"":-52,""f"":5520},{""b"":""30:78:c2:00:0a:b4"",""s"":""KT WiFi"",""r"":-52,""f"":5640},{""b"":""12:06:ac:80:2a:6f"",""s"":""FREE_U+zone"",""r"":-53,""f"":5520},{""b"":""32:06:ac:80:2a:6f"",""s"":""Public WiFi Secure"",""r"":-53,""f"":5520},{""b"":""02:06:ac:80:2a:6e"",""s"":""U+zone_2.4GHz"",""r"":-57,""f"":2412},{""b"":""12:06:ac:80:2a:6e"",""s"":""FREE_U+zone_2.4GHz"",""r"":-58,""f"":2412}]",,37.5401762,127.0700874,gps,성수,건대입구,0.0
1789968378860,2026-09-21 14:26:18,unknown,37.5400444,127.0701043,8.83,0.57,127.0,52.20000076293945,fused,1,LTE,NR_NSA,5G,True,False,True,False,False,52550177,73,2600,5,8282,450,6,-66,-10,-51,,4,0.0,,,,1301,653,0.0104,0.0052,1281,633,0.0102,0.0051,False,2,0,2,-71.0,351.0,2600.0,0.57,False,False,periodic,20,1,11.0,,5002,,,,"[{""type"":""LTE"",""pci"":351,""earfcn"":2600,""tac"":null,""rsrp"":-71,""rsrq"":-16,""rssi"":-51,""snr"":null,""ta"":0,""level"":4,""bands"":""5""},{""type"":""LTE"",""pci"":1,""earfcn"":2600,""tac"":null,""rsrp"":-76,""rsrq"":-16,""rssi"":-51,""snr"":null,""ta"":0,""level"":4,""bands"":""5""}]",1007.4166,71.0,,90,1,,,,"[{""b"":""22:06:ac:80:2a:6f"",""s"":""Public WiFi Free"",""r"":-48,""f"":5520},{""b"":""0a:09:b4:74:3b:84"",""s"":""T Free WiFi Zone"",""r"":-49,""f"":5580},{""b"":""12:06:ac:80:2a:6f"",""s"":""FREE_U+zone"",""r"":-49,""f"":5520},{""b"":""06:09:b4:74:3b:84"",""s"":""T wifi zone_secure"",""r"":-49,""f"":5580},{""b"":""02:06:ac:80:2a:6e"",""s"":""U+zone_2.4GHz"",""r"":-49,""f"":2412},{""b"":""02:06:ac:80:2a:6f"",""s"":""U+zone"",""r"":-49,""f"":5520},{""b"":""32:06:ac:80:2a:6f"",""s"":""Public WiFi Secure"",""r"":-49,""f"":5520},{""b"":""00:09:b4:74:3b:84"",""s"":""T wifi zone"",""r"":-49,""f"":5580},{""b"":""32:06:ac:80:01:93"",""s"":""Public WiFi Secure"",""r"":-51,""f"":5220},{""b"":""12:06:ac:80:01:92"",""s"":""FREE_U+zone_2.4GHz"",""r"":-51,""f"":2432},{""b"":""0a:09:b4:76:37:1c"",""s"":""KT WiFi "",""r"":-52,""f"":5805},{""b"":""36:78:c2:00:0a:b4"",""s"":""KT WiFi "",""r"":-52,""f"":5640},{""b"":""06:09:b4:76:37:1c"",""s"":""KT WiFi"",""r"":-52,""f"":5805},{""b"":""12:09:b4:76:37:1c"",""s"":""KT GiGA WiFi "",""r"":-52,""f"":5805},{""b"":""0e:09:b4:76:37:1c"",""s"":""KT GiGA WiFi"",""r"":-52,""f"":5805}]",,37.5400444,127.0701043,gps,성수,건대입구,0.0
1789968383892,2026-09-21 14:26:23,unknown,37.5400306,127.0700032,4.814,0.0,,52.09999847412109,fused,0,LTE,NR_NSA,5G,True,False,True,False,False,52550177,73,2600,5,8282,450,6,-66,-10,-51,,4,0.0,,,,67,94,0.0005,0.0008,47,74,0.0004,0.0006,False,2,0,2,-71.0,351.0,2600.0,16.118383,False,False,periodic,25,1,0.0,,10033,,,,"[{""type"":""LTE"",""pci"":351,""earfcn"":2600,""tac"":null,""rsrp"":-71,""rsrq"":-16,""rssi"":-51,""snr"":null,""ta"":0,""level"":4,""bands"":""5""},{""type"":""LTE"",""pci"":1,""earfcn"":2600,""tac"":null,""rsrp"":-76,""rsrq"":-16,""rssi"":-51,""snr"":null,""ta"":0,""level"":4,""bands"":""5""}]",1007.2428,75.0,,90,6,,,,"[{""b"":""22:06:ac:80:2a:6f"",""s"":""Public WiFi Free"",""r"":-48,""f"":5520},{""b"":""0a:09:b4:74:3b:84"",""s"":""T Free WiFi Zone"",""r"":-49,""f"":5580},{""b"":""12:06:ac:80:2a:6f"",""s"":""FREE_U+zone"",""r"":-49,""f"":5520},{""b"":""06:09:b4:74:3b:84"",""s"":""T wifi zone_secure"",""r"":-49,""f"":5580},{""b"":""02:06:ac:80:2a:6e"",""s"":""U+zone_2.4GHz"",""r"":-49,""f"":2412},{""b"":""02:06:ac:80:2a:6f"",""s"":""U+zone"",""r"":-49,""f"":5520},{""b"":""32:06:ac:80:2a:6f"",""s"":""Public WiFi Secure"",""r"":-49,""f"":5520},{""b"":""00:09:b4:74:3b:84"",""s"":""T wifi zone"",""r"":-49,""f"":5580},{""b"":""32:06:ac:80:01:93"",""s"":""Public WiFi Secure"",""r"":-51,""f"":5220},{""b"":""12:06:ac:80:01:92"",""s"":""FREE_U+zone_2.4GHz"",""r"":-51,""f"":2432},{""b"":""0a:09:b4:76:37:1c"",""s"":""KT WiFi "",""r"":-52,""f"":5805},{""b"":""36:78:c2:00:0a:b4"",""s"":""KT WiFi "",""r"":-52,""f"":5640},{""b"":""06:09:b4:76:37:1c"",""s"":""KT WiFi"",""r"":-52,""f"":5805},{""b"":""12:09:b4:76:37:1c"",""s"":""KT GiGA WiFi "",""r"":-52,""f"":5805},{""b"":""0e:09:b4:76:37:1c"",""s"":""KT GiGA WiFi"",""r"":-52,""f"":5805}]",,37.5400306,127.0700032,gps,성수,건대입구,0.0
1789968388929,2026-09-21 14:26:28,unknown,37.54006,127.0699772,6.872,0.9874362,318.64716,52.09999847412109,fused,0,LTE,NR_NSA,5G,True,False,True,False,False,52550177,73,2600,5,8282,450,6,-64,-9,-51,,4,0.0,,,,596,972,0.0048,0.0078,576,952,0.0046,0.0076,False,2,0,2,-72.0,1.0,2600.0,0.9874362,False,False,periodic,30,0,2.0,,5004,,,,"[{""type"":""LTE"",""pci"":1,""earfcn"":2600,""tac"":null,""rsrp"":-72,""rsrq"":-16,""rssi"":-51,""snr"":null,""ta"":0,""level"":4,""bands"":""5""},{""type"":""LTE"",""pci"":351,""earfcn"":2600,""tac"":null,""rsrp"":-75,""rsrq"":-19,""rssi"":-51,""snr"":null,""ta"":0,""level"":4,""bands"":""5""}]",1007.5057,65.0,,87,5,,,,"[{""b"":""0a:09:b4:76:37:1b"",""s"":""KT WiFi "",""r"":-45,""f"":2412},{""b"":""0a:09:b4:76:37:1c"",""s"":""KT WiFi "",""r"":-46,""f"":5805},{""b"":""0e:09:b4:76:37:1c"",""s"":""KT GiGA WiFi"",""r"":-46,""f"":5805},{""b"":""00:09:b4:76:37:1c"",""s"":""KT_Free_WiFi"",""r"":-46,""f"":5805},{""b"":""06:09:b4:76:37:1c"",""s"":""KT WiFi"",""r"":-47,""f"":5805},{""b"":""12:09:b4:76:37:1c"",""s"":""KT GiGA WiFi "",""r"":-47,""f"":5805},{""b"":""22:06:ac:80:01:93"",""s"":""Public WiFi Free"",""r"":-50,""f"":5220},{""b"":""32:06:ac:80:01:93"",""s"":""Public WiFi Secure"",""r"":-50,""f"":5220},{""b"":""12:06:ac:80:01:93"",""s"":""FREE_U+zone"",""r"":-50,""f"":5220},{""b"":""22:06:ac:80:2a:6f"",""s"":""Public WiFi Free"",""r"":-51,""f"":5520},{""b"":""0a:09:b4:74:3b:84"",""s"":""T Free WiFi Zone"",""r"":-51,""f"":5580},{""b"":""12:06:ac:80:2a:6f"",""s"":""FREE_U+zone"",""r"":-51,""f"":5520},{""b"":""02:06:ac:80:01:93"",""s"":""U+zone"",""r"":-51,""f"":5220},{""b"":""02:06:ac:80:2a:6f"",""s"":""U+zone"",""r"":-51,""f"":5520},{""b"":""32:06:ac:80:2a:6f"",""s"":""Public WiFi Secure"",""r"":-51,""f"":5520}]",,37.54006,127.0699772,gps,성수,건대입구,0.0
1789968393956,2026-09-21 14:26:33,unknown,37.5400859,127.0699121,8.506,0.7293566,302.00827,52.09999847412109,fused,1,LTE,NR_NSA,5G,True,False,True,False,False,52550177,73,2600,5,8282,450,6,-64,-9,-51,,4,0.0,,,,81,101,0.0006,0.0008,41,62,0.0003,0.0005,False,2,0,2,-72.0,1.0,2600.0,0.7293566,False,False,periodic,35,0,0.0,,10027,,,,"[{""type"":""LTE"",""pci"":1,""earfcn"":2600,""tac"":null,""rsrp"":-72,""rsrq"":-16,""rssi"":-51,""snr"":null,""ta"":0,""level"":4,""bands"":""5""},{""type"":""LTE"",""pci"":351,""earfcn"":2600,""tac"":null,""rsrp"":-75,""rsrq"":-19,""rssi"":-51,""snr"":null,""ta"":0,""level"":4,""bands"":""5""}]",1007.304,82.0,,111,1,,,,"[{""b"":""02:06:ac:80:01:92"",""s"":""U+zone_2.4GHz"",""r"":-44,""f"":2432},{""b"":""12:06:ac:80:01:93"",""s"":""FREE_U+zone"",""r"":-45,""f"":5220},{""b"":""32:06:ac:80:01:93"",""s"":""Public WiFi Secure"",""r"":-45,""f"":5220},{""b"":""02:06:ac:80:01:93"",""s"":""U+zone"",""r"":-45,""f"":5220},{""b"":""22:06:ac:80:01:93"",""s"":""Public WiFi Free"",""r"":-46,""f"":5220},{""b"":""06:09:b4:74:3b:84"",""s"":""T wifi zone_secure"",""r"":-46,""f"":5580},{""b"":""12:06:ac:80:2a:6f"",""s"":""FREE_U+zone"",""r"":-47,""f"":5520},{""b"":""02:06:ac:80:2a:6e"",""s"":""U+zone_2.4GHz"",""r"":-47,""f"":2412},{""b"":""02:06:ac:80:2a:6f"",""s"":""U+zone"",""r"":-47,""f"":5520},{""b"":""22:06:ac:80:2a:6f"",""s"":""Public WiFi Free"",""r"":-47,""f"":5520},{""b"":""00:09:b4:74:3b:84"",""s"":""T wifi zone"",""r"":-47,""f"":5580},{""b"":""0a:09:b4:74:3b:84"",""s"":""T Free WiFi Zone"",""r"":-48,""f"":5580},{""b"":""22:06:ac:80:2a:6e"",""s"":""Public WiFi Free"",""r"":-49,""f"":2412},{""b"":""00:09:b4:74:3b:83"",""s"":""T wifi zone"",""r"":-49,""f"":2432},{""b"":""0a:09:b4:76:37:1c"",""s"":""KT WiFi "",""r"":-50,""f"":5805}]",,37.5400859,127.0699121,gps,성수,건대입구,0.0
1789968398981,2026-09-21 14:26:38,unknown,37.5401092,127.0698809,7.525,1.0357156,297.8812,52.20000076293945,fused,0,LTE,NR_NSA,5G,True,False,True,False,False,52550177,73,2600,5,8282,450,6,-60,-10,-51,,4,0.0,,,,175,215,0.0014,0.0017,156,195,0.0012,0.0016,False,2,0,2,-68.0,351.0,2600.0,1.0357156,False,False,periodic,40,0,4.0,,5000,,,,"[{""type"":""LTE"",""pci"":351,""earfcn"":2600,""tac"":null,""rsrp"":-68,""rsrq"":-19,""rssi"":-51,""snr"":null,""ta"":0,""level"":4,""bands"":""5""},{""type"":""LTE"",""pci"":1,""earfcn"":2600,""tac"":null,""rsrp"":-72,""rsrq"":-14,""rssi"":-51,""snr"":null,""ta"":0,""level"":4,""bands"":""5""}]",1007.24066,102.0,,111,6,,,,"[{""b"":""02:06:ac:80:01:92"",""s"":""U+zone_2.4GHz"",""r"":-44,""f"":2432},{""b"":""12:06:ac:80:01:93"",""s"":""FREE_U+zone"",""r"":-45,""f"":5220},{""b"":""32:06:ac:80:01:93"",""s"":""Public WiFi Secure"",""r"":-45,""f"":5220},{""b"":""02:06:ac:80:01:93"",""s"":""U+zone"",""r"":-45,""f"":5220},{""b"":""22:06:ac:80:01:93"",""s"":""Public WiFi Free"",""r"":-46,""f"":5220},{""b"":""06:09:b4:74:3b:84"",""s"":""T wifi zone_secure"",""r"":-46,""f"":5580},{""b"":""12:06:ac:80:2a:6f"",""s"":""FREE_U+zone"",""r"":-47,""f"":5520},{""b"":""02:06:ac:80:2a:6e"",""s"":""U+zone_2.4GHz"",""r"":-47,""f"":2412},{""b"":""02:06:ac:80:2a:6f"",""s"":""U+zone"",""r"":-47,""f"":5520},{""b"":""22:06:ac:80:2a:6f"",""s"":""Public WiFi Free"",""r"":-47,""f"":5520},{""b"":""00:09:b4:74:3b:84"",""s"":""T wifi zone"",""r"":-47,""f"":5580},{""b"":""0a:09:b4:74:3b:84"",""s"":""T Free WiFi Zone"",""r"":-48,""f"":5580},{""b"":""22:06:ac:80:2a:6e"",""s"":""Public WiFi Free"",""r"":-49,""f"":2412},{""b"":""00:09:b4:74:3b:83"",""s"":""T wifi zone"",""r"":-49,""f"":2432},{""b"":""0a:09:b4:76:37:1c"",""s"":""KT WiFi "",""r"":-50,""f"":5805}]",,37.5401092,127.0698809,gps,성수,건대입구,0.0
1789968402458,2026-09-21 14:26:42,unknown,37.5401125,127.0698714,8.077,0.7209061,280.97726,52.20000076293945,fused,0,LTE,NR_NSA,5G,True,False,True,False,False,52550177,73,2600,5,8282,450,6,-57,-10,-51,13.0,4,0.0,,,,60,90,0.0005,0.0007,32,62,0.0003,0.0005,False,2,0,2,-66.0,1.0,2600.0,0.7209061,False,False,anchor,43,0,3.0,,3467,,,,"[{""type"":""LTE"",""pci"":1,""earfcn"":2600,""tac"":null,""rsrp"":-66,""rsrq"":-19,""rssi"":-51,""snr"":null,""ta"":0,""level"":4,""bands"":""5""},{""type"":""LTE"",""pci"":351,""earfcn"":2600,""tac"":null,""rsrp"":-76,""rsrq"":-20,""rssi"":-51,""snr"":null,""ta"":0,""level"":4,""bands"":""5""}]",1007.3167,68.0,,96,0,건대입구역,,,"[{""b"":""22:06:ac:80:01:92"",""s"":""Public WiFi Free"",""r"":-39,""f"":2432},{""b"":""22:06:ac:80:2a:6f"",""s"":""Public WiFi Free"",""r"":-43,""f"":5520},{""b"":""12:06:ac:80:2a:6f"",""s"":""FREE_U+zone"",""r"":-43,""f"":5520},{""b"":""02:06:ac:80:2a:6f"",""s"":""U+zone"",""r"":-43,""f"":5520},{""b"":""32:06:ac:80:2a:6f"",""s"":""Public WiFi Secure"",""r"":-43,""f"":5520},{""b"":""22:06:ac:80:2a:6e"",""s"":""Public WiFi Free"",""r"":-50,""f"":2412},{""b"":""32:06:ac:80:01:93"",""s"":""Public WiFi Secure"",""r"":-50,""f"":5220},{""b"":""02:06:ac:80:01:93"",""s"":""U+zone"",""r"":-50,""f"":5220},{""b"":""12:06:ac:80:01:93"",""s"":""FREE_U+zone"",""r"":-50,""f"":5220},{""b"":""22:06:ac:80:01:93"",""s"":""Public WiFi Free"",""r"":-51,""f"":5220},{""b"":""12:06:ac:80:2a:6e"",""s"":""FREE_U+zone_2.4GHz"",""r"":-51,""f"":2412},{""b"":""02:06:ac:80:2a:6e"",""s"":""U+zone_2.4GHz"",""r"":-51,""f"":2412},{""b"":""06:09:b4:76:37:1b"",""s"":""KT WiFi"",""r"":-52,""f"":2412},{""b"":""00:09:b4:74:3b:84"",""s"":""T wifi zone"",""r"":-52,""f"":5580},{""b"":""02:06:ac:80:2a:5e"",""s"":""U+zone_2.4GHz"",""r"":-52,""f"":2432}]",,37.5401125,127.0698714,gps,건대입구,건대입구,0.0
