timestamp,datetime,activity,latitude,longitude,gps_accuracy_m,gps_speed_ms,gps_bearing_deg,gps_altitude_m,location_source,location_age_s,network_type,override_network_type,generation,is_5g,is_5g_actual,is_5g_display,nr_cell_seen,nr_serving_cell_seen,serving_cell_id,serving_pci,serving_freq_arfcn,serving_band,serving_tac,mcc,mnc,rsrp_dbm,rsrq_db,rssi_dbm,sinr_snr_db,signal_level,timing_advance_lte,csi_rsrp_dbm,csi_rsrq_db,csi_sinr_db,rx_speed_Bps,tx_speed_Bps,rx_bitrate_Mbps,tx_bitrate_Mbps,mobile_rx_speed_Bps,mobile_tx_speed_Bps,mobile_rx_bitrate_Mbps,mobile_tx_bitrate_Mbps,wifi_active,neighbor_count,nr_neighbor_count,lte_neighbor_count,best_nbr_rsrp_dbm,best_nbr_pci,best_nbr_arfcn,imu_speed_ms,handover_detected,ping_pong_detected,collect_trigger,cell_duration_s,ho_count_30s,rsrp_delta,sinr_delta,cell_info_age_ms,prev_serving_cell_id,prev_rsrp_dbm,prev_rsrq_db,neighbors_json,pressure_hpa,rtt_ms,probe_dl_mbps,wifi_ap_count,wifi_scan_age_s,anchor_station,anchor_lat,anchor_lon,wifi_scan_json,prev_neighbors_json
1789875452952,2026-09-20 12:37:32,unknown,37.54024987,127.07025188,4.322076,0.0,,30.74853515625,stale_gps,77,LTE,NONE,4G,false,false,false,false,false,52550178,73,100,1,8282,450,06,-68,-11,-51,0,4,1,,,,0,0,0.0000,0.0000,0,0,0.0000,0.0000,false,3,0,3,-74,351,100,0.0,false,false,handover,0,0,,,37056,,,,"[{""type"":""LTE"",""pci"":351,""earfcn"":100,""tac"":null,""rsrp"":-74,""rsrq"":-15,""rssi"":-51,""snr"":null,""ta"":1,""level"":4,""bands"":""1""},{""type"":""LTE"",""pci"":169,""earfcn"":100,""tac"":null,""rsrp"":-74,""rsrq"":-17,""rssi"":-51,""snr"":null,""ta"":1,""level"":4,""bands"":""1""},{""type"":""LTE"",""pci"":92,""earfcn"":100,""tac"":null,""rsrp"":-78,""rsrq"":-20,""rssi"":-51,""snr"":null,""ta"":1,""level"":4,""bands"":""1""}]",,,,148,5,,,,"[{""b"":""00:09:b4:74:3b:64"",""s"":""T wifi zone"",""r"":-52,""f"":5580},{""b"":""0a:09:b4:74:3b:64"",""s"":""T Free WiFi Zone"",""r"":-52,""f"":5580},{""b"":""22:06:ac:80:2a:6e"",""s"":""Public WiFi Free"",""r"":-52,""f"":2412},{""b"":""40:27:0b:02:a2:b7"",""s"":""U+zone_2.4GHz"",""r"":-53,""f"":2432},{""b"":""12:06:ac:80:01:92"",""s"":""FREE_U+zone_2.4GHz"",""r"":-53,""f"":2472},{""b"":""06:09:b4:74:3b:63"",""s"":""T wifi zone_secure"",""r"":-53,""f"":2412},{""b"":""06:09:b4:74:3b:64"",""s"":""T wifi zone_secure"",""r"":-53,""f"":5580},{""b"":""02:06:ac:80:01:92"",""s"":""U+zone_2.4GHz"",""r"":-53,""f"":2472},{""b"":""32:06:ac:80:01:93"",""s"":""Public WiFi Secure"",""r"":-54,""f"":5745},{""b"":""22:06:ac:80:01:93"",""s"":""Public WiFi Free"",""r"":-55,""f"":5745},{""b"":""40:27:0b:02:a2:b8"",""s"":""U+zone"",""r"":-55,""f"":5785},{""b"":""0a:09:b4:74:3b:63"",""s"":""T Free WiFi Zone"",""r"":-55,""f"":2412},{""b"":""12:06:ac:80:01:93"",""s"":""FREE_U+zone"",""r"":-55,""f"":5745},{""b"":""02:06:ac:80:01:93"",""s"":""U+zone"",""r"":-55,""f"":5745},{""b"":""22:06:ac:80:01:92"",""s"":""Public WiFi Free"",""r"":-56,""f"":2472}]",""
1789875452974,2026-09-20 12:37:32,unknown,37.54024987,127.07025188,4.322076,0.0,,30.74853515625,stale_gps,78,LTE,NR_NSA,5G,true,false,true,false,false,52550178,73,100,1,8282,450,06,-68,-11,-51,0,4,1,,,,0,0,0.0000,0.0000,0,0,0.0000,0.0000,false,3,0,3,-74,351,100,0.0,false,false,periodic,0,0,0,0,37078,,,,"[{""type"":""LTE"",""pci"":351,""earfcn"":100,""tac"":null,""rsrp"":-74,""rsrq"":-15,""rssi"":-51,""snr"":null,""ta"":1,""level"":4,""bands"":""1""},{""type"":""LTE"",""pci"":169,""earfcn"":100,""tac"":null,""rsrp"":-74,""rsrq"":-17,""rssi"":-51,""snr"":null,""ta"":1,""level"":4,""bands"":""1""},{""type"":""LTE"",""pci"":92,""earfcn"":100,""tac"":null,""rsrp"":-78,""rsrq"":-20,""rssi"":-51,""snr"":null,""ta"":1,""level"":4,""bands"":""1""}]",,,,148,5,,,,"[{""b"":""00:09:b4:74:3b:64"",""s"":""T wifi zone"",""r"":-52,""f"":5580},{""b"":""0a:09:b4:74:3b:64"",""s"":""T Free WiFi Zone"",""r"":-52,""f"":5580},{""b"":""22:06:ac:80:2a:6e"",""s"":""Public WiFi Free"",""r"":-52,""f"":2412},{""b"":""40:27:0b:02:a2:b7"",""s"":""U+zone_2.4GHz"",""r"":-53,""f"":2432},{""b"":""12:06:ac:80:01:92"",""s"":""FREE_U+zone_2.4GHz"",""r"":-53,""f"":2472},{""b"":""06:09:b4:74:3b:63"",""s"":""T wifi zone_secure"",""r"":-53,""f"":2412},{""b"":""06:09:b4:74:3b:64"",""s"":""T wifi zone_secure"",""r"":-53,""f"":5580},{""b"":""02:06:ac:80:01:92"",""s"":""U+zone_2.4GHz"",""r"":-53,""f"":2472},{""b"":""32:06:ac:80:01:93"",""s"":""Public WiFi Secure"",""r"":-54,""f"":5745},{""b"":""22:06:ac:80:01:93"",""s"":""Public WiFi Free"",""r"":-55,""f"":5745},{""b"":""40:27:0b:02:a2:b8"",""s"":""U+zone"",""r"":-55,""f"":5785},{""b"":""0a:09:b4:74:3b:63"",""s"":""T Free WiFi Zone"",""r"":-55,""f"":2412},{""b"":""12:06:ac:80:01:93"",""s"":""FREE_U+zone"",""r"":-55,""f"":5745},{""b"":""02:06:ac:80:01:93"",""s"":""U+zone"",""r"":-55,""f"":5745},{""b"":""22:06:ac:80:01:92"",""s"":""Public WiFi Free"",""r"":-56,""f"":2472}]",""
1789875457996,2026-09-20 12:37:37,unknown,37.5402254,127.0701622,27.387,0.038830232,,55.40622158920796,fused,0,LTE,NR_NSA,5G,true,false,true,false,false,52550178,73,100,1,8282,450,06,-79,-14,-51,3,4,1,,,,631,755,0.0050,0.0060,611,735,0.0049,0.0059,false,2,0,2,-83,351,100,0.25026968,false,false,periodic,0,0,-11,3,5019,,,,"[{""type"":""LTE"",""pci"":351,""earfcn"":100,""tac"":null,""rsrp"":-83,""rsrq"":-16,""rssi"":-55,""snr"":null,""ta"":1,""level"":4,""bands"":""1""},{""type"":""LTE"",""pci"":92,""earfcn"":100,""tac"":null,""rsrp"":-86,""rsrq"":-19,""rssi"":-55,""snr"":null,""ta"":1,""level"":3,""bands"":""1""}]",1011.96497,65,,72,3,,,,"[{""b"":""40:27:0b:02:a2:b8"",""s"":""U+zone"",""r"":-42,""f"":5785},{""b"":""40:27:0b:02:a2:b7"",""s"":""U+zone_2.4GHz"",""r"":-45,""f"":2432},{""b"":""22:06:ac:80:01:93"",""s"":""Public WiFi Free"",""r"":-52,""f"":5745},{""b"":""32:06:ac:80:01:93"",""s"":""Public WiFi Secure"",""r"":-52,""f"":5745},{""b"":""22:17:b2:0b:47:8a"",""s"":""T wifi zone_secure"",""r"":-52,""f"":5280},{""b"":""02:17:b2:0b:47:8a"",""s"":""T wifi zone_secure"",""r"":-53,""f"":2472},{""b"":""36:78:c2:00:0a:b4"",""s"":""KT WiFi "",""r"":-53,""f"":5240},{""b"":""02:06:ac:80:01:93"",""s"":""U+zone"",""r"":-53,""f"":5745},{""b"":""30:78:c2:00:0a:b4"",""s"":""KT WiFi"",""r"":-53,""f"":5240},{""b"":""12:06:ac:80:01:93"",""s"":""FREE_U+zone"",""r"":-54,""f"":5745},{""b"":""22:17:b2:0b:47:88"",""s"":""T wifi zone"",""r"":-55,""f"":5280},{""b"":""02:17:b2:0b:47:88"",""s"":""T wifi zone"",""r"":-55,""f"":2472},{""b"":""22:06:ac:80:2a:6f"",""s"":""Public WiFi Free"",""r"":-58,""f"":5260},{""b"":""12:06:ac:80:2a:6f"",""s"":""FREE_U+zone"",""r"":-58,""f"":5260},{""b"":""02:06:ac:80:2a:6f"",""s"":""U+zone"",""r"":-58,""f"":5260}]",""
1789875463008,2026-09-20 12:37:43,unknown,37.5402201,127.0700163,26.11,0.068543136,,55.37354683016849,fused,1,LTE,NR_NSA,5G,true,false,true,false,false,52550178,73,100,1,8282,450,06,-77,-12,-51,0,4,0,,,,434564,5014,3.4765,0.0401,434524,4975,3.4762,0.0398,false,2,0,2,-79,351,100,0.47609565,false,false,periodic,0,0,2,-3,5004,,,,"[{""type"":""LTE"",""pci"":351,""earfcn"":100,""tac"":null,""rsrp"":-79,""rsrq"":-16,""rssi"":-53,""snr"":null,""ta"":0,""level"":4,""bands"":""1""},{""type"":""LTE"",""pci"":92,""earfcn"":100,""tac"":null,""rsrp"":-81,""rsrq"":-17,""rssi"":-53,""snr"":null,""ta"":0,""level"":4,""bands"":""1""}]",1011.95306,57,22.852,66,5,,,,"[{""b"":""40:27:0b:02:a2:b7"",""s"":""U+zone_2.4GHz"",""r"":-41,""f"":2432},{""b"":""36:78:c2:00:0a:b4"",""s"":""KT WiFi "",""r"":-46,""f"":5240},{""b"":""40:27:0b:02:a2:b8"",""s"":""U+zone"",""r"":-46,""f"":5785},{""b"":""30:78:c2:00:0a:b4"",""s"":""KT WiFi"",""r"":-46,""f"":5240},{""b"":""02:17:b2:0b:47:8a"",""s"":""T wifi zone_secure"",""r"":-49,""f"":2472},{""b"":""02:17:b2:0b:47:88"",""s"":""T wifi zone"",""r"":-49,""f"":2472},{""b"":""22:17:b2:0b:47:88"",""s"":""T wifi zone"",""r"":-50,""f"":5280},{""b"":""22:17:b2:0b:47:8a"",""s"":""T wifi zone_secure"",""r"":-50,""f"":5280},{""b"":""22:06:ac:80:01:93"",""s"":""Public WiFi Free"",""r"":-54,""f"":5745},{""b"":""12:06:ac:80:01:93"",""s"":""FREE_U+zone"",""r"":-54,""f"":5745},{""b"":""32:06:ac:80:01:93"",""s"":""Public WiFi Secure"",""r"":-56,""f"":5745},{""b"":""02:06:ac:80:01:93"",""s"":""U+zone"",""r"":-56,""f"":5745},{""b"":""02:06:ac:80:2a:6e"",""s"":""U+zone_2.4GHz"",""r"":-56,""f"":2412},{""b"":""22:06:ac:80:01:92"",""s"":""Public WiFi Free"",""r"":-60,""f"":2472},{""b"":""0a:09:b4:74:3b:84"",""s"":""T Free WiFi Zone"",""r"":-60,""f"":5580}]",""
1789875468044,2026-09-20 12:37:48,unknown,37.5402462,127.0700947,15.013,0.10147093,271.52768,55.10644324730767,fused,0,LTE,NR_NSA,5G,true,false,true,false,false,52550178,73,100,1,8282,450,06,-80,-13,-51,-4,4,1,,,,120,146,0.0010,0.0012,100,127,0.0008,0.0010,false,2,0,2,-80,351,100,0.10147093,false,false,periodic,0,0,-3,-4,5003,,,,"[{""type"":""LTE"",""pci"":351,""earfcn"":100,""tac"":null,""rsrp"":-80,""rsrq"":-17,""rssi"":-53,""snr"":null,""ta"":1,""level"":4,""bands"":""1""},{""type"":""LTE"",""pci"":1,""earfcn"":100,""tac"":null,""rsrp"":-81,""rsrq"":-20,""rssi"":-51,""snr"":null,""ta"":1,""level"":4,""bands"":""1""}]",1011.93115,77,,68,2,,,,"[{""b"":""40:27:0b:02:a2:b7"",""s"":""U+zone_2.4GHz"",""r"":-38,""f"":2432},{""b"":""40:27:0b:02:a2:b8"",""s"":""U+zone"",""r"":-40,""f"":5785},{""b"":""02:17:b2:0b:47:88"",""s"":""T wifi zone"",""r"":-41,""f"":2472},{""b"":""36:78:c2:00:0a:b4"",""s"":""KT WiFi "",""r"":-42,""f"":5240},{""b"":""30:78:c2:00:0a:b4"",""s"":""KT WiFi"",""r"":-42,""f"":5240},{""b"":""02:17:b2:0b:47:8a"",""s"":""T wifi zone_secure"",""r"":-43,""f"":2472},{""b"":""22:17:b2:0b:47:88"",""s"":""T wifi zone"",""r"":-46,""f"":5280},{""b"":""22:17:b2:0b:47:8a"",""s"":""T wifi zone_secure"",""r"":-46,""f"":5280},{""b"":""12:06:ac:80:01:93"",""s"":""FREE_U+zone"",""r"":-52,""f"":5745},{""b"":""22:06:ac:80:01:93"",""s"":""Public WiFi Free"",""r"":-54,""f"":5745},{""b"":""32:06:ac:80:01:93"",""s"":""Public WiFi Secure"",""r"":-54,""f"":5745},{""b"":""02:06:ac:80:01:93"",""s"":""U+zone"",""r"":-55,""f"":5745},{""b"":""30:89:d3:42:e6:72"",""s"":""#Roamingman_A43V0A"",""r"":-57,""f"":5745},{""b"":""22:06:ac:80:2a:6f"",""s"":""Public WiFi Free"",""r"":-58,""f"":5260},{""b"":""22:06:ac:80:01:92"",""s"":""Public WiFi Free"",""r"":-60,""f"":2472}]",""
1789875473074,2026-09-20 12:37:53,unknown,37.5402479,127.0701246,11.797,0.112406224,212.0093,55.190981756400625,fused,1,LTE,NR_NSA,5G,true,false,true,false,false,52550178,73,100,1,8282,450,06,-80,-13,-51,1,4,1,,,,42,62,0.0003,0.0005,22,42,0.0002,0.0003,false,3,0,3,-83,351,100,0.112406224,false,false,periodic,0,0,0,5,2775,,,,"[{""type"":""LTE"",""pci"":351,""earfcn"":100,""tac"":null,""rsrp"":-83,""rsrq"":-16,""rssi"":-57,""snr"":null,""ta"":1,""level"":4,""bands"":""1""},{""type"":""LTE"",""pci"":1,""earfcn"":100,""tac"":null,""rsrp"":-84,""rsrq"":-20,""rssi"":-55,""snr"":null,""ta"":1,""level"":4,""bands"":""1""},{""type"":""LTE"",""pci"":92,""earfcn"":100,""tac"":null,""rsrp"":-86,""rsrq"":-20,""rssi"":-57,""snr"":null,""ta"":1,""level"":3,""bands"":""1""}]",1011.91376,70,,55,1,,,,"[{""b"":""40:27:0b:02:a2:b8"",""s"":""U+zone"",""r"":-40,""f"":5785},{""b"":""40:27:0b:02:a2:b7"",""s"":""U+zone_2.4GHz"",""r"":-40,""f"":2432},{""b"":""22:17:b2:0b:47:88"",""s"":""T wifi zone"",""r"":-41,""f"":5280},{""b"":""02:17:b2:0b:47:88"",""s"":""T wifi zone"",""r"":-41,""f"":2472},{""b"":""22:17:b2:0b:47:8a"",""s"":""T wifi zone_secure"",""r"":-41,""f"":5280},{""b"":""02:17:b2:0b:47:8a"",""s"":""T wifi zone_secure"",""r"":-43,""f"":2472},{""b"":""36:78:c2:00:0a:b4"",""s"":""KT WiFi "",""r"":-52,""f"":5240},{""b"":""30:78:c2:00:0a:b4"",""s"":""KT WiFi"",""r"":-52,""f"":5240},{""b"":""30:89:d3:42:e6:72"",""s"":""#Roamingman_A43V0A"",""r"":-57,""f"":5745},{""b"":""12:06:ac:80:2a:6e"",""s"":""FREE_U+zone_2.4GHz"",""r"":-58,""f"":2412},{""b"":""22:06:ac:80:01:93"",""s"":""Public WiFi Free"",""r"":-60,""f"":5745},{""b"":""32:06:ac:80:01:93"",""s"":""Public WiFi Secure"",""r"":-60,""f"":5745},{""b"":""02:06:ac:80:01:93"",""s"":""U+zone"",""r"":-60,""f"":5745},{""b"":""12:06:ac:80:01:93"",""s"":""FREE_U+zone"",""r"":-60,""f"":5745},{""b"":""12:06:ac:80:01:92"",""s"":""FREE_U+zone_2.4GHz"",""r"":-62,""f"":2472}]",""
1789875478101,2026-09-20 12:37:58,unknown,37.5402501,127.0701573,10.402,0.1788764,90.29907,55.39999771118164,fused,0,LTE,NR_NSA,5G,true,false,true,false,false,52550178,73,100,1,8282,450,06,-81,-15,-51,1,4,1,,,,42,62,0.0003,0.0005,22,42,0.0002,0.0003,false,4,0,4,-80,351,100,0.1788764,false,false,periodic,0,0,-1,0,4999,,,,"[{""type"":""LTE"",""pci"":351,""earfcn"":100,""tac"":null,""rsrp"":-80,""rsrq"":-14,""rssi"":-57,""snr"":null,""ta"":1,""level"":4,""bands"":""1""},{""type"":""LTE"",""pci"":169,""earfcn"":100,""tac"":null,""rsrp"":-87,""rsrq"":-20,""rssi"":-55,""snr"":null,""ta"":1,""level"":3,""bands"":""1""},{""type"":""LTE"",""pci"":1,""earfcn"":100,""tac"":null,""rsrp"":-88,""rsrq"":-20,""rssi"":-59,""snr"":null,""ta"":1,""level"":3,""bands"":""1""},{""type"":""LTE"",""pci"":36,""earfcn"":100,""tac"":null,""rsrp"":-88,""rsrq"":-20,""rssi"":-57,""snr"":null,""ta"":1,""level"":3,""bands"":""1""}]",1011.9446,77,,59,3,,,,"[{""b"":""40:27:0b:02:a2:b8"",""s"":""U+zone"",""r"":-40,""f"":5785},{""b"":""40:27:0b:02:a2:b7"",""s"":""U+zone_2.4GHz"",""r"":-40,""f"":2432},{""b"":""22:17:b2:0b:47:88"",""s"":""T wifi zone"",""r"":-41,""f"":5280},{""b"":""02:17:b2:0b:47:88"",""s"":""T wifi zone"",""r"":-41,""f"":2472},{""b"":""22:17:b2:0b:47:8a"",""s"":""T wifi zone_secure"",""r"":-41,""f"":5280},{""b"":""02:17:b2:0b:47:8a"",""s"":""T wifi zone_secure"",""r"":-43,""f"":2472},{""b"":""30:78:c2:00:0a:b5"",""s"":""KT WiFi"",""r"":-51,""f"":2412},{""b"":""36:78:c2:00:0a:b4"",""s"":""KT WiFi "",""r"":-52,""f"":5240},{""b"":""30:78:c2:00:0a:b4"",""s"":""KT WiFi"",""r"":-52,""f"":5240},{""b"":""02:06:ac:80:2a:6e"",""s"":""U+zone_2.4GHz"",""r"":-53,""f"":2412},{""b"":""22:06:ac:80:2a:6e"",""s"":""Public WiFi Free"",""r"":-56,""f"":2412},{""b"":""12:06:ac:80:2a:6e"",""s"":""FREE_U+zone_2.4GHz"",""r"":-56,""f"":2412},{""b"":""30:89:d3:42:e6:72"",""s"":""#Roamingman_A43V0A"",""r"":-57,""f"":5745},{""b"":""22:06:ac:80:01:93"",""s"":""Public WiFi Free"",""r"":-60,""f"":5745},{""b"":""32:06:ac:80:01:93"",""s"":""Public WiFi Secure"",""r"":-60,""f"":5745}]",""
1789875483112,2026-09-20 12:38:03,unknown,37.54025,127.0701664,10.332,0.27755317,90.00547,55.39999771118164,fused,0,LTE,NR_NSA,5G,true,false,true,false,false,52550178,73,100,1,8282,450,06,-81,-15,-51,1,4,1,,,,234,274,0.0019,0.0022,194,234,0.0016,0.0019,false,4,0,4,-80,351,100,0.27755317,false,false,periodic,0,0,0,0,10011,,,,"[{""type"":""LTE"",""pci"":351,""earfcn"":100,""tac"":null,""rsrp"":-80,""rsrq"":-14,""rssi"":-57,""snr"":null,""ta"":1,""level"":4,""bands"":""1""},{""type"":""LTE"",""pci"":169,""earfcn"":100,""tac"":null,""rsrp"":-87,""rsrq"":-20,""rssi"":-55,""snr"":null,""ta"":1,""level"":3,""bands"":""1""},{""type"":""LTE"",""pci"":1,""earfcn"":100,""tac"":null,""rsrp"":-88,""rsrq"":-20,""rssi"":-59,""snr"":null,""ta"":1,""level"":3,""bands"":""1""},{""type"":""LTE"",""pci"":36,""earfcn"":100,""tac"":null,""rsrp"":-88,""rsrq"":-20,""rssi"":-57,""snr"":null,""ta"":1,""level"":3,""bands"":""1""}]",1011.94904,68,,59,8,,,,"[{""b"":""40:27:0b:02:a2:b8"",""s"":""U+zone"",""r"":-40,""f"":5785},{""b"":""40:27:0b:02:a2:b7"",""s"":""U+zone_2.4GHz"",""r"":-40,""f"":2432},{""b"":""22:17:b2:0b:47:88"",""s"":""T wifi zone"",""r"":-41,""f"":5280},{""b"":""02:17:b2:0b:47:88"",""s"":""T wifi zone"",""r"":-41,""f"":2472},{""b"":""22:17:b2:0b:47:8a"",""s"":""T wifi zone_secure"",""r"":-41,""f"":5280},{""b"":""02:17:b2:0b:47:8a"",""s"":""T wifi zone_secure"",""r"":-43,""f"":2472},{""b"":""30:78:c2:00:0a:b5"",""s"":""KT WiFi"",""r"":-51,""f"":2412},{""b"":""36:78:c2:00:0a:b4"",""s"":""KT WiFi "",""r"":-52,""f"":5240},{""b"":""30:78:c2:00:0a:b4"",""s"":""KT WiFi"",""r"":-52,""f"":5240},{""b"":""02:06:ac:80:2a:6e"",""s"":""U+zone_2.4GHz"",""r"":-53,""f"":2412},{""b"":""22:06:ac:80:2a:6e"",""s"":""Public WiFi Free"",""r"":-56,""f"":2412},{""b"":""12:06:ac:80:2a:6e"",""s"":""FREE_U+zone_2.4GHz"",""r"":-56,""f"":2412},{""b"":""30:89:d3:42:e6:72"",""s"":""#Roamingman_A43V0A"",""r"":-57,""f"":5745},{""b"":""22:06:ac:80:01:93"",""s"":""Public WiFi Free"",""r"":-60,""f"":5745},{""b"":""32:06:ac:80:01:93"",""s"":""Public WiFi Secure"",""r"":-60,""f"":5745}]",""
1789875488123,2026-09-20 12:38:08,unknown,37.5402486,127.0701685,10.883,0.119356446,89.99581,55.39999771118164,fused,0,LTE,NR_NSA,5G,true,false,true,false,false,52550178,73,100,1,8282,450,06,-82,-13,-51,,4,0,,,,42,63,0.0003,0.0005,22,43,0.0002,0.0003,false,5,0,5,-83,92,100,0.119356446,false,false,periodic,0,0,-1,,5004,,,,"[{""type"":""LTE"",""pci"":92,""earfcn"":100,""tac"":null,""rsrp"":-83,""rsrq"":-17,""rssi"":-57,""snr"":null,""ta"":0,""level"":4,""bands"":""1""},{""type"":""LTE"",""pci"":351,""earfcn"":100,""tac"":null,""rsrp"":-86,""rsrq"":-18,""rssi"":-57,""snr"":null,""ta"":0,""level"":3,""bands"":""1""},{""type"":""LTE"",""pci"":1,""earfcn"":100,""tac"":null,""rsrp"":-86,""rsrq"":-20,""rssi"":-55,""snr"":null,""ta"":0,""level"":3,""bands"":""1""},{""type"":""LTE"",""pci"":90,""earfcn"":100,""tac"":null,""rsrp"":-86,""rsrq"":-17,""rssi"":-59,""snr"":null,""ta"":0,""level"":3,""bands"":""1""},{""type"":""LTE"",""pci"":124,""earfcn"":100,""tac"":null,""rsrp"":-91,""rsrq"":-20,""rssi"":-57,""snr"":null,""ta"":0,""level"":3,""bands"":""1""}]",1011.98517,61,,81,2,,,,"[{""b"":""40:27:0b:02:a2:b8"",""s"":""U+zone"",""r"":-45,""f"":5785},{""b"":""22:17:b2:0b:47:8a"",""s"":""T wifi zone_secure"",""r"":-50,""f"":5280},{""b"":""22:17:b2:0b:47:88"",""s"":""T wifi zone"",""r"":-51,""f"":5280},{""b"":""22:06:ac:80:01:93"",""s"":""Public WiFi Free"",""r"":-53,""f"":5745},{""b"":""22:06:ac:80:2a:6e"",""s"":""Public WiFi Free"",""r"":-53,""f"":2412},{""b"":""02:17:b2:0b:47:8a"",""s"":""T wifi zone_secure"",""r"":-53,""f"":2472},{""b"":""02:06:ac:80:01:93"",""s"":""U+zone"",""r"":-53,""f"":5745},{""b"":""12:06:ac:80:01:93"",""s"":""FREE_U+zone"",""r"":-53,""f"":5745},{""b"":""22:06:ac:80:2a:6f"",""s"":""Public WiFi Free"",""r"":-55,""f"":5260},{""b"":""02:06:ac:80:2a:6e"",""s"":""U+zone_2.4GHz"",""r"":-55,""f"":2412},{""b"":""02:06:ac:80:2a:6f"",""s"":""U+zone"",""r"":-55,""f"":5260},{""b"":""12:06:ac:80:2a:6f"",""s"":""FREE_U+zone"",""r"":-56,""f"":5260},{""b"":""32:06:ac:80:01:93"",""s"":""Public WiFi Secure"",""r"":-56,""f"":5745},{""b"":""12:06:ac:80:2a:6e"",""s"":""FREE_U+zone_2.4GHz"",""r"":-56,""f"":2412},{""b"":""32:06:ac:80:2a:6f"",""s"":""Public WiFi Secure"",""r"":-56,""f"":5260}]",""
1789875493149,2026-09-20 12:38:13,unknown,37.540248,127.070141,10.601,0.11346571,59.69474,52.20000076293945,fused,1,LTE,NR_NSA,5G,true,false,true,false,false,52550178,73,100,1,8282,450,06,-82,-13,-51,,4,0,,,,419332,1237,3.3547,0.0099,419312,1217,3.3545,0.0097,false,5,0,5,-83,92,100,0.11346571,false,false,periodic,0,0,0,,10031,,,,"[{""type"":""LTE"",""pci"":92,""earfcn"":100,""tac"":null,""rsrp"":-83,""rsrq"":-17,""rssi"":-57,""snr"":null,""ta"":0,""level"":4,""bands"":""1""},{""type"":""LTE"",""pci"":351,""earfcn"":100,""tac"":null,""rsrp"":-86,""rsrq"":-18,""rssi"":-57,""snr"":null,""ta"":0,""level"":3,""bands"":""1""},{""type"":""LTE"",""pci"":1,""earfcn"":100,""tac"":null,""rsrp"":-86,""rsrq"":-20,""rssi"":-55,""snr"":null,""ta"":0,""level"":3,""bands"":""1""},{""type"":""LTE"",""pci"":90,""earfcn"":100,""tac"":null,""rsrp"":-86,""rsrq"":-17,""rssi"":-59,""snr"":null,""ta"":0,""level"":3,""bands"":""1""},{""type"":""LTE"",""pci"":124,""earfcn"":100,""tac"":null,""rsrp"":-91,""rsrq"":-20,""rssi"":-57,""snr"":null,""ta"":0,""level"":3,""bands"":""1""}]",1012.0081,71,66.016,81,7,,,,"[{""b"":""40:27:0b:02:a2:b8"",""s"":""U+zone"",""r"":-45,""f"":5785},{""b"":""22:17:b2:0b:47:8a"",""s"":""T wifi zone_secure"",""r"":-50,""f"":5280},{""b"":""22:17:b2:0b:47:88"",""s"":""T wifi zone"",""r"":-51,""f"":5280},{""b"":""22:06:ac:80:01:93"",""s"":""Public WiFi Free"",""r"":-53,""f"":5745},{""b"":""22:06:ac:80:2a:6e"",""s"":""Public WiFi Free"",""r"":-53,""f"":2412},{""b"":""02:17:b2:0b:47:8a"",""s"":""T wifi zone_secure"",""r"":-53,""f"":2472},{""b"":""02:06:ac:80:01:93"",""s"":""U+zone"",""r"":-53,""f"":5745},{""b"":""12:06:ac:80:01:93"",""s"":""FREE_U+zone"",""r"":-53,""f"":5745},{""b"":""22:06:ac:80:2a:6f"",""s"":""Public WiFi Free"",""r"":-55,""f"":5260},{""b"":""02:06:ac:80:2a:6e"",""s"":""U+zone_2.4GHz"",""r"":-55,""f"":2412},{""b"":""02:06:ac:80:2a:6f"",""s"":""U+zone"",""r"":-55,""f"":5260},{""b"":""12:06:ac:80:2a:6f"",""s"":""FREE_U+zone"",""r"":-56,""f"":5260},{""b"":""32:06:ac:80:01:93"",""s"":""Public WiFi Secure"",""r"":-56,""f"":5745},{""b"":""12:06:ac:80:2a:6e"",""s"":""FREE_U+zone_2.4GHz"",""r"":-56,""f"":2412},{""b"":""32:06:ac:80:2a:6f"",""s"":""Public WiFi Secure"",""r"":-56,""f"":5260}]",""
1789875498167,2026-09-20 12:38:18,unknown,37.5404298,127.0695548,14.98,0.08122386,,55.39999771118164,fused,0,LTE,NR_NSA,5G,true,false,true,false,false,52550160,236,100,1,8282,450,06,-76,-11,-51,,4,0,,,,42,62,0.0003,0.0005,22,43,0.0002,0.0003,false,2,0,2,-84,73,100,0.7860521,true,false,periodic,0,1,,,5001,52550178,-82,-13,"[{""type"":""LTE"",""pci"":73,""earfcn"":100,""tac"":null,""rsrp"":-84,""rsrq"":-17,""rssi"":-53,""snr"":null,""ta"":0,""level"":4,""bands"":""1""},{""type"":""LTE"",""pci"":1,""earfcn"":100,""tac"":null,""rsrp"":-86,""rsrq"":-20,""rssi"":-55,""snr"":null,""ta"":0,""level"":3,""bands"":""1""}]",1011.8532,76,,75,3,,,,"[{""b"":""40:27:0b:02:a2:b7"",""s"":""U+zone_2.4GHz"",""r"":-41,""f"":2432},{""b"":""12:06:ac:80:2a:66"",""s"":""FREE_U+zone_2.4GHz"",""r"":-46,""f"":2472},{""b"":""02:06:ac:80:2a:66"",""s"":""U+zone_2.4GHz"",""r"":-46,""f"":2472},{""b"":""22:17:b2:0b:47:8a"",""s"":""T wifi zone_secure"",""r"":-50,""f"":5280},{""b"":""06:09:b4:74:41:34"",""s"":""T wifi zone_secure"",""r"":-50,""f"":5180},{""b"":""22:06:ac:80:2a:66"",""s"":""Public WiFi Free"",""r"":-51,""f"":2472},{""b"":""40:27:0b:02:a2:b8"",""s"":""U+zone"",""r"":-51,""f"":5785},{""b"":""22:17:b2:0b:47:88"",""s"":""T wifi zone"",""r"":-53,""f"":5280},{""b"":""32:06:ac:80:2a:67"",""s"":""Public WiFi Secure"",""r"":-54,""f"":5260},{""b"":""30:89:d3:42:e6:72"",""s"":""#Roamingman_A43V0A"",""r"":-55,""f"":5745},{""b"":""06:09:b4:74:41:44"",""s"":""T wifi zone_secure"",""r"":-56,""f"":5180},{""b"":""36:78:c2:00:0a:b4"",""s"":""KT WiFi "",""r"":-57,""f"":5240},{""b"":""02:06:ac:80:2a:67"",""s"":""U+zone"",""r"":-57,""f"":5260},{""b"":""30:78:c2:00:0a:b4"",""s"":""KT WiFi"",""r"":-57,""f"":5240},{""b"":""12:06:ac:80:2a:67"",""s"":""FREE_U+zone"",""r"":-58,""f"":5260}]","[{""type"":""LTE"",""pci"":92,""earfcn"":100,""tac"":null,""rsrp"":-83,""rsrq"":-17,""rssi"":-57,""snr"":null,""ta"":0,""level"":4,""bands"":""1""},{""type"":""LTE"",""pci"":351,""earfcn"":100,""tac"":null,""rsrp"":-86,""rsrq"":-18,""rssi"":-57,""snr"":null,""ta"":0,""level"":3,""bands"":""1""},{""type"":""LTE"",""pci"":1,""earfcn"":100,""tac"":null,""rsrp"":-86,""rsrq"":-20,""rssi"":-55,""snr"":null,""ta"":0,""level"":3,""bands"":""1""},{""type"":""LTE"",""pci"":90,""earfcn"":100,""tac"":null,""rsrp"":-86,""rsrq"":-17,""rssi"":-59,""snr"":null,""ta"":0,""level"":3,""bands"":""1""},{""type"":""LTE"",""pci"":124,""earfcn"":100,""tac"":null,""rsrp"":-91,""rsrq"":-20,""rssi"":-57,""snr"":null,""ta"":0,""level"":3,""bands"":""1""}]"
1789875503193,2026-09-20 12:38:23,unknown,37.5404298,127.0695548,14.98,0.08122386,,55.39999771118164,fused,5,LTE,NR_NSA,5G,true,false,true,false,false,52550160,236,100,1,8282,450,06,-76,-11,-51,,4,0,,,,42,1929,0.0003,0.0154,22,1910,0.0002,0.0153,false,2,0,2,-84,73,100,0.059191585,false,false,periodic,5,1,0,,10025,,,,"[{""type"":""LTE"",""pci"":73,""earfcn"":100,""tac"":null,""rsrp"":-84,""rsrq"":-17,""rssi"":-53,""snr"":null,""ta"":0,""level"":4,""bands"":""1""},{""type"":""LTE"",""pci"":1,""earfcn"":100,""tac"":null,""rsrp"":-86,""rsrq"":-20,""rssi"":-55,""snr"":null,""ta"":0,""level"":3,""bands"":""1""}]",1011.8602,130,,56,1,,,,"[{""b"":""40:27:0b:02:a2:b7"",""s"":""U+zone_2.4GHz"",""r"":-46,""f"":2432},{""b"":""40:27:0b:02:a2:b8"",""s"":""U+zone"",""r"":-47,""f"":5785},{""b"":""02:17:b2:0b:47:8a"",""s"":""T wifi zone_secure"",""r"":-54,""f"":2472},{""b"":""02:17:b2:0b:47:88"",""s"":""T wifi zone"",""r"":-54,""f"":2472},{""b"":""22:17:b2:0b:47:88"",""s"":""T wifi zone"",""r"":-55,""f"":5280},{""b"":""22:17:b2:0b:47:8a"",""s"":""T wifi zone_secure"",""r"":-55,""f"":5280},{""b"":""36:78:c2:00:0a:b4"",""s"":""KT WiFi "",""r"":-59,""f"":5240},{""b"":""30:78:c2:00:0a:b4"",""s"":""KT WiFi"",""r"":-59,""f"":5240},{""b"":""30:89:d3:42:e6:72"",""s"":""#Roamingman_A43V0A"",""r"":-61,""f"":5745},{""b"":""40:27:0b:02:b2:08"",""s"":""U+zone"",""r"":-64,""f"":5745},{""b"":""40:27:0b:02:a2:c7"",""s"":""U+zone"",""r"":-71,""f"":5620},{""b"":""22:17:b2:0b:7d:b8"",""s"":""T wifi zone_secure"",""r"":-76,""f"":5200},{""b"":""22:17:b2:0b:40:8a"",""s"":""T wifi zone_secure"",""r"":-78,""f"":5300},{""b"":""22:17:b2:0b:7d:b6"",""s"":""T wifi zone"",""r"":-79,""f"":5200},{""b"":""36:78:c2:00:06:49"",""s"":""KT WiFi "",""r"":-79,""f"":5560}]",""
1789875508207,2026-09-20 12:38:28,unknown,37.541434,127.0667691,19.736,19.54,293.0,55.39999771118164,fused,0,LTE,NR_NSA,5G,true,false,true,false,false,52549898,0,2600,5,8282,450,06,-58,-9,-51,,4,0,,,,2456,608,0.0196,0.0049,2416,568,0.0193,0.0045,false,3,0,3,-67,10,2600,19.54,true,false,periodic,0,2,,,5002,52550160,-76,-11,"[{""type"":""LTE"",""pci"":10,""earfcn"":2600,""tac"":null,""rsrp"":-67,""rsrq"":-17,""rssi"":-51,""snr"":null,""ta"":0,""level"":4,""bands"":""5""},{""type"":""LTE"",""pci"":401,""earfcn"":2600,""tac"":null,""rsrp"":-69,""rsrq"":-19,""rssi"":-51,""snr"":null,""ta"":0,""level"":4,""bands"":""5""},{""type"":""LTE"",""pci"":156,""earfcn"":2600,""tac"":null,""rsrp"":-72,""rsrq"":-20,""rssi"":-51,""snr"":null,""ta"":0,""level"":4,""bands"":""5""}]",1012.06824,88,,40,3,,,,"[{""b"":""40:27:0b:02:a2:b8"",""s"":""U+zone"",""r"":-48,""f"":5785},{""b"":""22:17:b2:0b:47:8a"",""s"":""T wifi zone_secure"",""r"":-50,""f"":5280},{""b"":""22:17:b2:0b:47:88"",""s"":""T wifi zone"",""r"":-50,""f"":5280},{""b"":""40:27:0b:02:a2:b7"",""s"":""U+zone_2.4GHz"",""r"":-51,""f"":2432},{""b"":""02:17:b2:0b:47:8a"",""s"":""T wifi zone_secure"",""r"":-57,""f"":2472},{""b"":""02:17:b2:0b:47:88"",""s"":""T wifi zone"",""r"":-59,""f"":2472},{""b"":""30:78:c2:00:0a:b5"",""s"":""KT WiFi"",""r"":-59,""f"":2412},{""b"":""36:78:c2:00:0a:b5"",""s"":""KT WiFi "",""r"":-60,""f"":2412},{""b"":""36:78:c2:00:0a:b4"",""s"":""KT WiFi "",""r"":-60,""f"":5240},{""b"":""30:78:c2:00:0a:b4"",""s"":""KT WiFi"",""r"":-60,""f"":5240},{""b"":""30:89:d3:42:e6:72"",""s"":""#Roamingman_A43V0A"",""r"":-61,""f"":5745},{""b"":""40:27:0b:02:a2:c6"",""s"":""U+zone_2.4GHz"",""r"":-68,""f"":2432},{""b"":""40:27:0b:02:a2:c7"",""s"":""U+zone"",""r"":-71,""f"":5620},{""b"":""b6:4a:6a:5f:0e:40"",""s"":"""",""r"":-76,""f"":5745},{""b"":""22:17:b2:0b:7d:b6"",""s"":""T wifi zone"",""r"":-77,""f"":5200}]","[{""type"":""LTE"",""pci"":73,""earfcn"":100,""tac"":null,""rsrp"":-84,""rsrq"":-17,""rssi"":-53,""snr"":null,""ta"":0,""level"":4,""bands"":""1""},{""type"":""LTE"",""pci"":1,""earfcn"":100,""tac"":null,""rsrp"":-86,""rsrq"":-20,""rssi"":-55,""snr"":null,""ta"":0,""level"":3,""bands"":""1""}]"
1789875513235,2026-09-20 12:38:33,unknown,37.5417809,127.0657439,13.647,21.46,293.0,55.39999771118164,fused,0,LTE,NR_NSA,5G,true,false,true,false,false,52549898,0,2600,5,8282,450,06,-58,-9,-51,,4,0,,,,143,162,0.0011,0.0013,124,142,0.0010,0.0011,false,3,0,3,-67,10,2600,21.46,false,false,periodic,5,2,0,,10029,,,,"[{""type"":""LTE"",""pci"":10,""earfcn"":2600,""tac"":null,""rsrp"":-67,""rsrq"":-17,""rssi"":-51,""snr"":null,""ta"":0,""level"":4,""bands"":""5""},{""type"":""LTE"",""pci"":401,""earfcn"":2600,""tac"":null,""rsrp"":-69,""rsrq"":-19,""rssi"":-51,""snr"":null,""ta"":0,""level"":4,""bands"":""5""},{""type"":""LTE"",""pci"":156,""earfcn"":2600,""tac"":null,""rsrp"":-72,""rsrq"":-20,""rssi"":-51,""snr"":null,""ta"":0,""level"":4,""bands"":""5""}]",1012.0266,90,,40,8,,,,"[{""b"":""40:27:0b:02:a2:b8"",""s"":""U+zone"",""r"":-48,""f"":5785},{""b"":""22:17:b2:0b:47:8a"",""s"":""T wifi zone_secure"",""r"":-50,""f"":5280},{""b"":""22:17:b2:0b:47:88"",""s"":""T wifi zone"",""r"":-50,""f"":5280},{""b"":""40:27:0b:02:a2:b7"",""s"":""U+zone_2.4GHz"",""r"":-51,""f"":2432},{""b"":""02:17:b2:0b:47:8a"",""s"":""T wifi zone_secure"",""r"":-57,""f"":2472},{""b"":""02:17:b2:0b:47:88"",""s"":""T wifi zone"",""r"":-59,""f"":2472},{""b"":""30:78:c2:00:0a:b5"",""s"":""KT WiFi"",""r"":-59,""f"":2412},{""b"":""36:78:c2:00:0a:b5"",""s"":""KT WiFi "",""r"":-60,""f"":2412},{""b"":""36:78:c2:00:0a:b4"",""s"":""KT WiFi "",""r"":-60,""f"":5240},{""b"":""30:78:c2:00:0a:b4"",""s"":""KT WiFi"",""r"":-60,""f"":5240},{""b"":""30:89:d3:42:e6:72"",""s"":""#Roamingman_A43V0A"",""r"":-61,""f"":5745},{""b"":""40:27:0b:02:a2:c6"",""s"":""U+zone_2.4GHz"",""r"":-68,""f"":2432},{""b"":""40:27:0b:02:a2:c7"",""s"":""U+zone"",""r"":-71,""f"":5620},{""b"":""b6:4a:6a:5f:0e:40"",""s"":"""",""r"":-76,""f"":5745},{""b"":""22:17:b2:0b:7d:b6"",""s"":""T wifi zone"",""r"":-77,""f"":5200}]",""
1789875518263,2026-09-20 12:38:38,unknown,37.5420529,127.0647469,9.666,21.78,293.0,55.39999771118164,fused,1,LTE,NONE,4G,false,false,false,false,false,52544030,5,100,1,8282,450,06,-86,-16,-51,,3,0,,,,42,62,0.0003,0.0005,22,42,0.0002,0.0003,false,15,0,15,-86,99,3050,21.78,true,false,periodic,0,3,,,5002,52549898,-58,-9,"[{""type"":""LTE"",""pci"":99,""earfcn"":3050,""tac"":null,""rsrp"":-86,""rsrq"":-11,""rssi"":-65,""snr"":null,""ta"":0,""level"":3,""bands"":""7""},{""type"":""LTE"",""pci"":99,""earfcn"":100,""tac"":null,""rsrp"":-87,""rsrq"":-15,""rssi"":-61,""snr"":null,""ta"":0,""level"":3,""bands"":""1""},{""type"":""LTE"",""pci"":5,""earfcn"":2600,""tac"":null,""rsrp"":-88,""rsrq"":-16,""rssi"":-63,""snr"":null,""ta"":0,""level"":3,""bands"":""5""},{""type"":""LTE"",""pci"":114,""earfcn"":2600,""tac"":null,""rsrp"":-89,""rsrq"":-14,""rssi"":-65,""snr"":null,""ta"":0,""level"":3,""bands"":""5""},{""type"":""LTE"",""pci"":114,""earfcn"":100,""tac"":null,""rsrp"":-90,""rsrq"":-17,""rssi"":-57,""snr"":null,""ta"":0,""level"":3,""bands"":""1""},{""type"":""LTE"",""pci"":236,""earfcn"":2600,""tac"":null,""rsrp"":-90,""rsrq"":-17,""rssi"":-61,""snr"":null,""ta"":0,""level"":3,""bands"":""5""},{""type"":""LTE"",""pci"":99,""earfcn"":2600,""tac"":null,""rsrp"":-90,""rsrq"":-14,""rssi"":-65,""snr"":null,""ta"":0,""level"":3,""bands"":""5""},{""type"":""LTE"",""pci"":10,""earfcn"":100,""tac"":null,""rsrp"":-93,""rsrq"":-20,""rssi"":-51,""snr"":null,""ta"":0,""level"":3,""bands"":""1""},{""type"":""LTE"",""pci"":131,""earfcn"":100,""tac"":null,""rsrp"":-93,""rsrq"":-20,""rssi"":-61,""snr"":null,""ta"":0,""level"":3,""bands"":""1""},{""type"":""LTE"",""pci"":156,""earfcn"":2600,""tac"":null,""rsrp"":-93,""rsrq"":-16,""rssi"":-65,""snr"":null,""ta"":0,""level"":3,""bands"":""5""},{""type"":""LTE"",""pci"":67,""earfcn"":2600,""tac"":null,""rsrp"":-94,""rsrq"":-20,""rssi"":-65,""snr"":null,""ta"":0,""level"":3,""bands"":""5""},{""type"":""LTE"",""pci"":5,""earfcn"":3050,""tac"":null,""rsrp"":-95,""rsrq"":-16,""rssi"":-65,""snr"":null,""ta"":0,""level"":3,""bands"":""7""},{""type"":""LTE"",""pci"":10,""earfcn"":2600,""tac"":null,""rsrp"":-96,""rsrq"":-19,""rssi"":-65,""snr"":null,""ta"":0,""level"":2,""bands"":""5""},{""type"":""LTE"",""pci"":0,""earfcn"":3050,""tac"":null,""rsrp"":-98,""rsrq"":-19,""rssi"":-69,""snr"":null,""ta"":0,""level"":2,""bands"":""7""},{""type"":""LTE"",""pci"":10,""earfcn"":3050,""tac"":null,""rsrp"":-100,""rsrq"":-20,""rssi"":-69,""snr"":null,""ta"":0,""level"":2,""bands"":""7""}]",1012.0134,120,,32,3,,,,"[{""b"":""40:27:0b:02:a2:b8"",""s"":""U+zone"",""r"":-50,""f"":5785},{""b"":""40:27:0b:02:a2:b7"",""s"":""U+zone_2.4GHz"",""r"":-55,""f"":2432},{""b"":""22:17:b2:0b:47:8a"",""s"":""T wifi zone_secure"",""r"":-55,""f"":5280},{""b"":""22:17:b2:0b:47:88"",""s"":""T wifi zone"",""r"":-55,""f"":5280},{""b"":""02:17:b2:0b:47:88"",""s"":""T wifi zone"",""r"":-58,""f"":2472},{""b"":""36:78:c2:00:0a:b5"",""s"":""KT WiFi "",""r"":-58,""f"":2412},{""b"":""30:78:c2:00:0a:b5"",""s"":""KT WiFi"",""r"":-58,""f"":2412},{""b"":""30:89:d3:42:e6:72"",""s"":""#Roamingman_A43V0A"",""r"":-60,""f"":5745},{""b"":""30:78:c2:00:0a:b4"",""s"":""KT WiFi"",""r"":-60,""f"":5240},{""b"":""36:78:c2:00:0a:b4"",""s"":""KT WiFi "",""r"":-62,""f"":5240},{""b"":""40:27:0b:02:a2:c7"",""s"":""U+zone"",""r"":-73,""f"":5620},{""b"":""32:89:d3:c6:85:3a"",""s"":""tt"",""r"":-76,""f"":5180},{""b"":""22:17:b2:0b:7d:b6"",""s"":""T wifi zone"",""r"":-78,""f"":5200},{""b"":""22:17:b2:0b:7d:b8"",""s"":""T wifi zone_secure"",""r"":-78,""f"":5200},{""b"":""40:27:0b:02:a2:cb"",""s"":""U+zone_2.4GHz"",""r"":-78,""f"":2432}]","[{""type"":""LTE"",""pci"":10,""earfcn"":2600,""tac"":null,""rsrp"":-67,""rsrq"":-17,""rssi"":-51,""snr"":null,""ta"":0,""level"":4,""bands"":""5""},{""type"":""LTE"",""pci"":401,""earfcn"":2600,""tac"":null,""rsrp"":-69,""rsrq"":-19,""rssi"":-51,""snr"":null,""ta"":0,""level"":4,""bands"":""5""},{""type"":""LTE"",""pci"":156,""earfcn"":2600,""tac"":null,""rsrp"":-72,""rsrq"":-20,""rssi"":-51,""snr"":null,""ta"":0,""level"":4,""bands"":""5""}]"
1789875523292,2026-09-20 12:38:43,unknown,37.5425395,127.0632795,7.025,22.53,291.0,55.39999771118164,fused,0,LTE,NONE,4G,false,false,false,false,false,52544030,5,100,1,8282,450,06,-86,-16,-51,,3,0,,,,420980,5846,3.3678,0.0468,420960,5826,3.3677,0.0466,false,15,0,15,-86,99,3050,22.53,false,false,periodic,5,3,0,,10029,,,,"[{""type"":""LTE"",""pci"":99,""earfcn"":3050,""tac"":null,""rsrp"":-86,""rsrq"":-11,""rssi"":-65,""snr"":null,""ta"":0,""level"":3,""bands"":""7""},{""type"":""LTE"",""pci"":99,""earfcn"":100,""tac"":null,""rsrp"":-87,""rsrq"":-15,""rssi"":-61,""snr"":null,""ta"":0,""level"":3,""bands"":""1""},{""type"":""LTE"",""pci"":5,""earfcn"":2600,""tac"":null,""rsrp"":-88,""rsrq"":-16,""rssi"":-63,""snr"":null,""ta"":0,""level"":3,""bands"":""5""},{""type"":""LTE"",""pci"":114,""earfcn"":2600,""tac"":null,""rsrp"":-89,""rsrq"":-14,""rssi"":-65,""snr"":null,""ta"":0,""level"":3,""bands"":""5""},{""type"":""LTE"",""pci"":114,""earfcn"":100,""tac"":null,""rsrp"":-90,""rsrq"":-17,""rssi"":-57,""snr"":null,""ta"":0,""level"":3,""bands"":""1""},{""type"":""LTE"",""pci"":236,""earfcn"":2600,""tac"":null,""rsrp"":-90,""rsrq"":-17,""rssi"":-61,""snr"":null,""ta"":0,""level"":3,""bands"":""5""},{""type"":""LTE"",""pci"":99,""earfcn"":2600,""tac"":null,""rsrp"":-90,""rsrq"":-14,""rssi"":-65,""snr"":null,""ta"":0,""level"":3,""bands"":""5""},{""type"":""LTE"",""pci"":10,""earfcn"":100,""tac"":null,""rsrp"":-93,""rsrq"":-20,""rssi"":-51,""snr"":null,""ta"":0,""level"":3,""bands"":""1""},{""type"":""LTE"",""pci"":131,""earfcn"":100,""tac"":null,""rsrp"":-93,""rsrq"":-20,""rssi"":-61,""snr"":null,""ta"":0,""level"":3,""bands"":""1""},{""type"":""LTE"",""pci"":156,""earfcn"":2600,""tac"":null,""rsrp"":-93,""rsrq"":-16,""rssi"":-65,""snr"":null,""ta"":0,""level"":3,""bands"":""5""},{""type"":""LTE"",""pci"":67,""earfcn"":2600,""tac"":null,""rsrp"":-94,""rsrq"":-20,""rssi"":-65,""snr"":null,""ta"":0,""level"":3,""bands"":""5""},{""type"":""LTE"",""pci"":5,""earfcn"":3050,""tac"":null,""rsrp"":-95,""rsrq"":-16,""rssi"":-65,""snr"":null,""ta"":0,""level"":3,""bands"":""7""},{""type"":""LTE"",""pci"":10,""earfcn"":2600,""tac"":null,""rsrp"":-96,""rsrq"":-19,""rssi"":-65,""snr"":null,""ta"":0,""level"":2,""bands"":""5""},{""type"":""LTE"",""pci"":0,""earfcn"":3050,""tac"":null,""rsrp"":-98,""rsrq"":-19,""rssi"":-69,""snr"":null,""ta"":0,""level"":2,""bands"":""7""},{""type"":""LTE"",""pci"":10,""earfcn"":3050,""tac"":null,""rsrp"":-100,""rsrq"":-20,""rssi"":-69,""snr"":null,""ta"":0,""level"":2,""bands"":""7""}]",1012.00494,1107,13.178,32,8,,,,"[{""b"":""40:27:0b:02:a2:b8"",""s"":""U+zone"",""r"":-50,""f"":5785},{""b"":""40:27:0b:02:a2:b7"",""s"":""U+zone_2.4GHz"",""r"":-55,""f"":2432},{""b"":""22:17:b2:0b:47:8a"",""s"":""T wifi zone_secure"",""r"":-55,""f"":5280},{""b"":""22:17:b2:0b:47:88"",""s"":""T wifi zone"",""r"":-55,""f"":5280},{""b"":""02:17:b2:0b:47:88"",""s"":""T wifi zone"",""r"":-58,""f"":2472},{""b"":""36:78:c2:00:0a:b5"",""s"":""KT WiFi "",""r"":-58,""f"":2412},{""b"":""30:78:c2:00:0a:b5"",""s"":""KT WiFi"",""r"":-58,""f"":2412},{""b"":""30:89:d3:42:e6:72"",""s"":""#Roamingman_A43V0A"",""r"":-60,""f"":5745},{""b"":""30:78:c2:00:0a:b4"",""s"":""KT WiFi"",""r"":-60,""f"":5240},{""b"":""36:78:c2:00:0a:b4"",""s"":""KT WiFi "",""r"":-62,""f"":5240},{""b"":""40:27:0b:02:a2:c7"",""s"":""U+zone"",""r"":-73,""f"":5620},{""b"":""32:89:d3:c6:85:3a"",""s"":""tt"",""r"":-76,""f"":5180},{""b"":""22:17:b2:0b:7d:b6"",""s"":""T wifi zone"",""r"":-78,""f"":5200},{""b"":""22:17:b2:0b:7d:b8"",""s"":""T wifi zone_secure"",""r"":-78,""f"":5200},{""b"":""40:27:0b:02:a2:cb"",""s"":""U+zone_2.4GHz"",""r"":-78,""f"":2432}]",""
1789875528317,2026-09-20 12:38:48,unknown,37.5427379,127.0623998,8.109,20.11,290.0,55.39999771118164,fused,1,LTE,NONE,4G,false,false,false,false,false,52543247,95,100,1,8282,450,06,-78,-12,-51,,4,0,,,,62,82,0.0005,0.0007,22,42,0.0002,0.0003,false,2,0,2,-86,5,100,20.11,true,false,periodic,0,3,,,5006,52544030,-86,-16,"[{""type"":""LTE"",""pci"":5,""earfcn"":100,""tac"":null,""rsrp"":-86,""rsrq"":-20,""rssi"":-53,""snr"":null,""ta"":0,""level"":3,""bands"":""1""},{""type"":""LTE"",""pci"":114,""earfcn"":100,""tac"":null,""rsrp"":-89,""rsrq"":-20,""rssi"":-57,""snr"":null,""ta"":0,""level"":3,""bands"":""1""}]",1011.95624,166,,32,13,,,,"[{""b"":""40:27:0b:02:a2:b8"",""s"":""U+zone"",""r"":-50,""f"":5785},{""b"":""40:27:0b:02:a2:b7"",""s"":""U+zone_2.4GHz"",""r"":-55,""f"":2432},{""b"":""22:17:b2:0b:47:8a"",""s"":""T wifi zone_secure"",""r"":-55,""f"":5280},{""b"":""22:17:b2:0b:47:88"",""s"":""T wifi zone"",""r"":-55,""f"":5280},{""b"":""02:17:b2:0b:47:88"",""s"":""T wifi zone"",""r"":-58,""f"":2472},{""b"":""36:78:c2:00:0a:b5"",""s"":""KT WiFi "",""r"":-58,""f"":2412},{""b"":""30:78:c2:00:0a:b5"",""s"":""KT WiFi"",""r"":-58,""f"":2412},{""b"":""30:89:d3:42:e6:72"",""s"":""#Roamingman_A43V0A"",""r"":-60,""f"":5745},{""b"":""30:78:c2:00:0a:b4"",""s"":""KT WiFi"",""r"":-60,""f"":5240},{""b"":""36:78:c2:00:0a:b4"",""s"":""KT WiFi "",""r"":-62,""f"":5240},{""b"":""40:27:0b:02:a2:c7"",""s"":""U+zone"",""r"":-73,""f"":5620},{""b"":""32:89:d3:c6:85:3a"",""s"":""tt"",""r"":-76,""f"":5180},{""b"":""22:17:b2:0b:7d:b6"",""s"":""T wifi zone"",""r"":-78,""f"":5200},{""b"":""22:17:b2:0b:7d:b8"",""s"":""T wifi zone_secure"",""r"":-78,""f"":5200},{""b"":""40:27:0b:02:a2:cb"",""s"":""U+zone_2.4GHz"",""r"":-78,""f"":2432}]","[{""type"":""LTE"",""pci"":99,""earfcn"":3050,""tac"":null,""rsrp"":-86,""rsrq"":-11,""rssi"":-65,""snr"":null,""ta"":0,""level"":3,""bands"":""7""},{""type"":""LTE"",""pci"":99,""earfcn"":100,""tac"":null,""rsrp"":-87,""rsrq"":-15,""rssi"":-61,""snr"":null,""ta"":0,""level"":3,""bands"":""1""},{""type"":""LTE"",""pci"":5,""earfcn"":2600,""tac"":null,""rsrp"":-88,""rsrq"":-16,""rssi"":-63,""snr"":null,""ta"":0,""level"":3,""bands"":""5""},{""type"":""LTE"",""pci"":114,""earfcn"":2600,""tac"":null,""rsrp"":-89,""rsrq"":-14,""rssi"":-65,""snr"":null,""ta"":0,""level"":3,""bands"":""5""},{""type"":""LTE"",""pci"":114,""earfcn"":100,""tac"":null,""rsrp"":-90,""rsrq"":-17,""rssi"":-57,""snr"":null,""ta"":0,""level"":3,""bands"":""1""},{""type"":""LTE"",""pci"":236,""earfcn"":2600,""tac"":null,""rsrp"":-90,""rsrq"":-17,""rssi"":-61,""snr"":null,""ta"":0,""level"":3,""bands"":""5""},{""type"":""LTE"",""pci"":99,""earfcn"":2600,""tac"":null,""rsrp"":-90,""rsrq"":-14,""rssi"":-65,""snr"":null,""ta"":0,""level"":3,""bands"":""5""},{""type"":""LTE"",""pci"":10,""earfcn"":100,""tac"":null,""rsrp"":-93,""rsrq"":-20,""rssi"":-51,""snr"":null,""ta"":0,""level"":3,""bands"":""1""},{""type"":""LTE"",""pci"":131,""earfcn"":100,""tac"":null,""rsrp"":-93,""rsrq"":-20,""rssi"":-61,""snr"":null,""ta"":0,""level"":3,""bands"":""1""},{""type"":""LTE"",""pci"":156,""earfcn"":2600,""tac"":null,""rsrp"":-93,""rsrq"":-16,""rssi"":-65,""snr"":null,""ta"":0,""level"":3,""bands"":""5""},{""type"":""LTE"",""pci"":67,""earfcn"":2600,""tac"":null,""rsrp"":-94,""rsrq"":-20,""rssi"":-65,""snr"":null,""ta"":0,""level"":3,""bands"":""5""},{""type"":""LTE"",""pci"":5,""earfcn"":3050,""tac"":null,""rsrp"":-95,""rsrq"":-16,""rssi"":-65,""snr"":null,""ta"":0,""level"":3,""bands"":""7""},{""type"":""LTE"",""pci"":10,""earfcn"":2600,""tac"":null,""rsrp"":-96,""rsrq"":-19,""rssi"":-65,""snr"":null,""ta"":0,""level"":2,""bands"":""5""},{""type"":""LTE"",""pci"":0,""earfcn"":3050,""tac"":null,""rsrp"":-98,""rsrq"":-19,""rssi"":-69,""snr"":null,""ta"":0,""level"":2,""bands"":""7""},{""type"":""LTE"",""pci"":10,""earfcn"":3050,""tac"":null,""rsrp"":-100,""rsrq"":-20,""rssi"":-69,""snr"":null,""ta"":0,""level"":2,""bands"":""7""}]"
1789875533345,2026-09-20 12:38:53,unknown,37.5430581,127.0612574,4.961,17.58,290.0,55.39999771118164,fused,0,LTE,NONE,4G,false,false,false,false,false,52543247,95,100,1,8282,450,06,-78,-12,-51,,4,0,,,,204,215,0.0016,0.0017,184,195,0.0015,0.0016,false,2,0,2,-86,5,100,17.58,false,false,periodic,5,3,0,,10028,,,,"[{""type"":""LTE"",""pci"":5,""earfcn"":100,""tac"":null,""rsrp"":-86,""rsrq"":-20,""rssi"":-53,""snr"":null,""ta"":0,""level"":3,""bands"":""1""},{""type"":""LTE"",""pci"":114,""earfcn"":100,""tac"":null,""rsrp"":-89,""rsrq"":-20,""rssi"":-57,""snr"":null,""ta"":0,""level"":3,""bands"":""1""}]",1012.007,91,,32,18,,,,"[{""b"":""40:27:0b:02:a2:b8"",""s"":""U+zone"",""r"":-50,""f"":5785},{""b"":""40:27:0b:02:a2:b7"",""s"":""U+zone_2.4GHz"",""r"":-55,""f"":2432},{""b"":""22:17:b2:0b:47:8a"",""s"":""T wifi zone_secure"",""r"":-55,""f"":5280},{""b"":""22:17:b2:0b:47:88"",""s"":""T wifi zone"",""r"":-55,""f"":5280},{""b"":""02:17:b2:0b:47:88"",""s"":""T wifi zone"",""r"":-58,""f"":2472},{""b"":""36:78:c2:00:0a:b5"",""s"":""KT WiFi "",""r"":-58,""f"":2412},{""b"":""30:78:c2:00:0a:b5"",""s"":""KT WiFi"",""r"":-58,""f"":2412},{""b"":""30:89:d3:42:e6:72"",""s"":""#Roamingman_A43V0A"",""r"":-60,""f"":5745},{""b"":""30:78:c2:00:0a:b4"",""s"":""KT WiFi"",""r"":-60,""f"":5240},{""b"":""36:78:c2:00:0a:b4"",""s"":""KT WiFi "",""r"":-62,""f"":5240},{""b"":""40:27:0b:02:a2:c7"",""s"":""U+zone"",""r"":-73,""f"":5620},{""b"":""32:89:d3:c6:85:3a"",""s"":""tt"",""r"":-76,""f"":5180},{""b"":""22:17:b2:0b:7d:b6"",""s"":""T wifi zone"",""r"":-78,""f"":5200},{""b"":""22:17:b2:0b:7d:b8"",""s"":""T wifi zone_secure"",""r"":-78,""f"":5200},{""b"":""40:27:0b:02:a2:cb"",""s"":""U+zone_2.4GHz"",""r"":-78,""f"":2432}]",""
1789875538364,2026-09-20 12:38:58,unknown,37.543283,127.0604811,4.477,17.99,290.0,55.39999771118164,fused,1,LTE,NONE,4G,false,false,false,false,false,52543246,214,100,1,8282,450,06,-87,-12,-51,,3,0,,,,106,82,0.0008,0.0007,86,62,0.0007,0.0005,false,3,0,3,-94,258,100,17.99,true,false,periodic,0,3,,,5004,52543247,-78,-12,"[{""type"":""LTE"",""pci"":258,""earfcn"":100,""tac"":null,""rsrp"":-94,""rsrq"":-16,""rssi"":-65,""snr"":null,""ta"":0,""level"":3,""bands"":""1""},{""type"":""LTE"",""pci"":161,""earfcn"":100,""tac"":null,""rsrp"":-95,""rsrq"":-20,""rssi"":-55,""snr"":null,""ta"":0,""level"":3,""bands"":""1""},{""type"":""LTE"",""pci"":119,""earfcn"":100,""tac"":null,""rsrp"":-95,""rsrq"":-17,""rssi"":-65,""snr"":null,""ta"":0,""level"":3,""bands"":""1""}]",1011.8872,153,,32,23,,,,"[{""b"":""40:27:0b:02:a2:b8"",""s"":""U+zone"",""r"":-50,""f"":5785},{""b"":""40:27:0b:02:a2:b7"",""s"":""U+zone_2.4GHz"",""r"":-55,""f"":2432},{""b"":""22:17:b2:0b:47:8a"",""s"":""T wifi zone_secure"",""r"":-55,""f"":5280},{""b"":""22:17:b2:0b:47:88"",""s"":""T wifi zone"",""r"":-55,""f"":5280},{""b"":""02:17:b2:0b:47:88"",""s"":""T wifi zone"",""r"":-58,""f"":2472},{""b"":""36:78:c2:00:0a:b5"",""s"":""KT WiFi "",""r"":-58,""f"":2412},{""b"":""30:78:c2:00:0a:b5"",""s"":""KT WiFi"",""r"":-58,""f"":2412},{""b"":""30:89:d3:42:e6:72"",""s"":""#Roamingman_A43V0A"",""r"":-60,""f"":5745},{""b"":""30:78:c2:00:0a:b4"",""s"":""KT WiFi"",""r"":-60,""f"":5240},{""b"":""36:78:c2:00:0a:b4"",""s"":""KT WiFi "",""r"":-62,""f"":5240},{""b"":""40:27:0b:02:a2:c7"",""s"":""U+zone"",""r"":-73,""f"":5620},{""b"":""32:89:d3:c6:85:3a"",""s"":""tt"",""r"":-76,""f"":5180},{""b"":""22:17:b2:0b:7d:b6"",""s"":""T wifi zone"",""r"":-78,""f"":5200},{""b"":""22:17:b2:0b:7d:b8"",""s"":""T wifi zone_secure"",""r"":-78,""f"":5200},{""b"":""40:27:0b:02:a2:cb"",""s"":""U+zone_2.4GHz"",""r"":-78,""f"":2432}]","[{""type"":""LTE"",""pci"":5,""earfcn"":100,""tac"":null,""rsrp"":-86,""rsrq"":-20,""rssi"":-53,""snr"":null,""ta"":0,""level"":3,""bands"":""1""},{""type"":""LTE"",""pci"":114,""earfcn"":100,""tac"":null,""rsrp"":-89,""rsrq"":-20,""rssi"":-57,""snr"":null,""ta"":0,""level"":3,""bands"":""1""}]"
1789875543392,2026-09-20 12:39:03,unknown,37.5436235,127.0593577,4.107,16.48,290.0,55.39999771118164,fused,0,LTE,NONE,4G,false,false,false,false,false,52543246,214,100,1,8282,450,06,-87,-12,-51,,3,0,,,,42,62,0.0003,0.0005,22,42,0.0002,0.0003,false,3,0,3,-94,258,100,16.48,false,false,periodic,5,3,0,,10032,,,,"[{""type"":""LTE"",""pci"":258,""earfcn"":100,""tac"":null,""rsrp"":-94,""rsrq"":-16,""rssi"":-65,""snr"":null,""ta"":0,""level"":3,""bands"":""1""},{""type"":""LTE"",""pci"":161,""earfcn"":100,""tac"":null,""rsrp"":-95,""rsrq"":-20,""rssi"":-55,""snr"":null,""ta"":0,""level"":3,""bands"":""1""},{""type"":""LTE"",""pci"":119,""earfcn"":100,""tac"":null,""rsrp"":-95,""rsrq"":-17,""rssi"":-65,""snr"":null,""ta"":0,""level"":3,""bands"":""1""}]",1012.15497,88,,32,28,,,,"[{""b"":""40:27:0b:02:a2:b8"",""s"":""U+zone"",""r"":-50,""f"":5785},{""b"":""40:27:0b:02:a2:b7"",""s"":""U+zone_2.4GHz"",""r"":-55,""f"":2432},{""b"":""22:17:b2:0b:47:8a"",""s"":""T wifi zone_secure"",""r"":-55,""f"":5280},{""b"":""22:17:b2:0b:47:88"",""s"":""T wifi zone"",""r"":-55,""f"":5280},{""b"":""02:17:b2:0b:47:88"",""s"":""T wifi zone"",""r"":-58,""f"":2472},{""b"":""36:78:c2:00:0a:b5"",""s"":""KT WiFi "",""r"":-58,""f"":2412},{""b"":""30:78:c2:00:0a:b5"",""s"":""KT WiFi"",""r"":-58,""f"":2412},{""b"":""30:89:d3:42:e6:72"",""s"":""#Roamingman_A43V0A"",""r"":-60,""f"":5745},{""b"":""30:78:c2:00:0a:b4"",""s"":""KT WiFi"",""r"":-60,""f"":5240},{""b"":""36:78:c2:00:0a:b4"",""s"":""KT WiFi "",""r"":-62,""f"":5240},{""b"":""40:27:0b:02:a2:c7"",""s"":""U+zone"",""r"":-73,""f"":5620},{""b"":""32:89:d3:c6:85:3a"",""s"":""tt"",""r"":-76,""f"":5180},{""b"":""22:17:b2:0b:7d:b6"",""s"":""T wifi zone"",""r"":-78,""f"":5200},{""b"":""22:17:b2:0b:7d:b8"",""s"":""T wifi zone_secure"",""r"":-78,""f"":5200},{""b"":""40:27:0b:02:a2:cb"",""s"":""U+zone_2.4GHz"",""r"":-78,""f"":2432}]",""
1789875548417,2026-09-20 12:39:08,unknown,37.5438157,127.0587421,4.356,12.07,297.0,52.20000076293945,fused,1,LTE,NONE,4G,false,false,false,false,false,52543244,258,100,1,8282,450,06,-87,-15,-51,,3,0,,,,42,62,0.0003,0.0005,22,42,0.0002,0.0003,false,3,0,3,-90,27,100,12.07,true,false,periodic,0,3,,,5002,52543246,-87,-12,"[{""type"":""LTE"",""pci"":27,""earfcn"":100,""tac"":null,""rsrp"":-90,""rsrq"":-20,""rssi"":-55,""snr"":null,""ta"":0,""level"":3,""bands"":""1""},{""type"":""LTE"",""pci"":397,""earfcn"":100,""tac"":null,""rsrp"":-93,""rsrq"":-16,""rssi"":-67,""snr"":null,""ta"":0,""level"":3,""bands"":""1""},{""type"":""LTE"",""pci"":153,""earfcn"":100,""tac"":null,""rsrp"":-95,""rsrq"":-17,""rssi"":-67,""snr"":null,""ta"":0,""level"":3,""bands"":""1""}]",1011.9078,97,,43,3,,,,"[{""b"":""40:27:0b:02:a2:b7"",""s"":""U+zone_2.4GHz"",""r"":-35,""f"":2432},{""b"":""02:17:b2:0b:47:88"",""s"":""T wifi zone"",""r"":-40,""f"":2472},{""b"":""02:17:b2:0b:47:8a"",""s"":""T wifi zone_secure"",""r"":-40,""f"":2472},{""b"":""40:27:0b:02:a2:b8"",""s"":""U+zone"",""r"":-45,""f"":5785},{""b"":""22:17:b2:0b:47:8a"",""s"":""T wifi zone_secure"",""r"":-46,""f"":5280},{""b"":""22:17:b2:0b:47:88"",""s"":""T wifi zone"",""r"":-46,""f"":5280},{""b"":""30:89:d3:42:e6:72"",""s"":""#Roamingman_A43V0A"",""r"":-52,""f"":5745},{""b"":""36:78:c2:00:0a:b5"",""s"":""KT WiFi "",""r"":-53,""f"":2412},{""b"":""30:78:c2:00:0a:b5"",""s"":""KT WiFi"",""r"":-53,""f"":2412},{""b"":""36:78:c2:00:0a:b4"",""s"":""KT WiFi "",""r"":-54,""f"":5240},{""b"":""30:78:c2:00:0a:b4"",""s"":""KT WiFi"",""r"":-54,""f"":5240},{""b"":""02:17:b2:0b:7d:b6"",""s"":""T wifi zone"",""r"":-62,""f"":2452},{""b"":""02:17:b2:0b:7d:b8"",""s"":""T wifi zone_secure"",""r"":-62,""f"":2452},{""b"":""02:a7:89:36:74:ac"",""s"":""iPhone"",""r"":-70,""f"":5745},{""b"":""24:de:c6:6a:6d:63"",""s"":""SEJONG-Guest"",""r"":-71,""f"":2412}]","[{""type"":""LTE"",""pci"":258,""earfcn"":100,""tac"":null,""rsrp"":-94,""rsrq"":-16,""rssi"":-65,""snr"":null,""ta"":0,""level"":3,""bands"":""1""},{""type"":""LTE"",""pci"":161,""earfcn"":100,""tac"":null,""rsrp"":-95,""rsrq"":-20,""rssi"":-55,""snr"":null,""ta"":0,""level"":3,""bands"":""1""},{""type"":""LTE"",""pci"":119,""earfcn"":100,""tac"":null,""rsrp"":-95,""rsrq"":-17,""rssi"":-65,""snr"":null,""ta"":0,""level"":3,""bands"":""1""}]"
1789875553443,2026-09-20 12:39:13,unknown,37.5440489,127.0579842,5.374,10.68,291.0,55.39999771118164,fused,0,LTE,NONE,4G,false,false,false,false,false,52543244,258,100,1,8282,450,06,-87,-15,-51,,3,0,,,,204095,3341,1.6328,0.0267,204055,3302,1.6324,0.0264,false,3,0,3,-90,27,100,10.68,false,false,periodic,5,3,0,,10027,,,,"[{""type"":""LTE"",""pci"":27,""earfcn"":100,""tac"":null,""rsrp"":-90,""rsrq"":-20,""rssi"":-55,""snr"":null,""ta"":0,""level"":3,""bands"":""1""},{""type"":""LTE"",""pci"":397,""earfcn"":100,""tac"":null,""rsrp"":-93,""rsrq"":-16,""rssi"":-67,""snr"":null,""ta"":0,""level"":3,""bands"":""1""},{""type"":""LTE"",""pci"":153,""earfcn"":100,""tac"":null,""rsrp"":-95,""rsrq"":-17,""rssi"":-67,""snr"":null,""ta"":0,""level"":3,""bands"":""1""}]",1011.97217,97,,35,2,,,,"[{""b"":""02:17:b2:0b:47:88"",""s"":""T wifi zone"",""r"":-45,""f"":2472},{""b"":""40:27:0b:02:a2:b8"",""s"":""U+zone"",""r"":-46,""f"":5785},{""b"":""40:27:0b:02:a2:b7"",""s"":""U+zone_2.4GHz"",""r"":-46,""f"":2432},{""b"":""02:17:b2:0b:47:8a"",""s"":""T wifi zone_secure"",""r"":-48,""f"":2472},{""b"":""22:17:b2:0b:47:8a"",""s"":""T wifi zone_secure"",""r"":-48,""f"":5280},{""b"":""22:17:b2:0b:47:88"",""s"":""T wifi zone"",""r"":-48,""f"":5280},{""b"":""36:78:c2:00:0a:b5"",""s"":""KT WiFi "",""r"":-53,""f"":2412},{""b"":""30:78:c2:00:0a:b5"",""s"":""KT WiFi"",""r"":-54,""f"":2412},{""b"":""30:78:c2:00:0a:b4"",""s"":""KT WiFi"",""r"":-56,""f"":5240},{""b"":""36:78:c2:00:0a:b4"",""s"":""KT WiFi "",""r"":-57,""f"":5240},{""b"":""30:89:d3:42:e6:72"",""s"":""#Roamingman_A43V0A"",""r"":-61,""f"":5745},{""b"":""02:17:b2:0b:7d:b6"",""s"":""T wifi zone"",""r"":-67,""f"":2452},{""b"":""30:78:c2:00:07:d6"",""s"":""KT WiFi"",""r"":-71,""f"":2432},{""b"":""40:27:0b:02:a2:c7"",""s"":""U+zone"",""r"":-71,""f"":5620},{""b"":""32:89:d3:c6:85:3a"",""s"":""tt"",""r"":-74,""f"":5180}]",""
1789875558462,2026-09-20 12:39:18,unknown,37.544143,127.0575699,7.027,7.77,290.0,52.20000076293945,fused,1,LTE,NONE,4G,false,false,false,false,false,52542733,128,100,1,8282,450,06,-86,-16,-51,,3,2,,,,216423,3373,1.7314,0.0270,216403,3353,1.7312,0.0268,false,2,0,2,-86,153,100,7.77,true,false,periodic,0,3,,,5008,52543244,-87,-15,"[{""type"":""LTE"",""pci"":153,""earfcn"":100,""tac"":null,""rsrp"":-86,""rsrq"":-15,""rssi"":-59,""snr"":null,""ta"":2,""level"":3,""bands"":""1""},{""type"":""LTE"",""pci"":434,""earfcn"":100,""tac"":null,""rsrp"":-95,""rsrq"":-20,""rssi"":-63,""snr"":null,""ta"":2,""level"":3,""bands"":""1""}]",1011.96814,,2.271,35,7,,,,"[{""b"":""02:17:b2:0b:47:88"",""s"":""T wifi zone"",""r"":-45,""f"":2472},{""b"":""40:27:0b:02:a2:b8"",""s"":""U+zone"",""r"":-46,""f"":5785},{""b"":""40:27:0b:02:a2:b7"",""s"":""U+zone_2.4GHz"",""r"":-46,""f"":2432},{""b"":""02:17:b2:0b:47:8a"",""s"":""T wifi zone_secure"",""r"":-48,""f"":2472},{""b"":""22:17:b2:0b:47:8a"",""s"":""T wifi zone_secure"",""r"":-48,""f"":5280},{""b"":""22:17:b2:0b:47:88"",""s"":""T wifi zone"",""r"":-48,""f"":5280},{""b"":""36:78:c2:00:0a:b5"",""s"":""KT WiFi "",""r"":-53,""f"":2412},{""b"":""30:78:c2:00:0a:b5"",""s"":""KT WiFi"",""r"":-54,""f"":2412},{""b"":""30:78:c2:00:0a:b4"",""s"":""KT WiFi"",""r"":-56,""f"":5240},{""b"":""36:78:c2:00:0a:b4"",""s"":""KT WiFi "",""r"":-57,""f"":5240},{""b"":""30:89:d3:42:e6:72"",""s"":""#Roamingman_A43V0A"",""r"":-61,""f"":5745},{""b"":""02:17:b2:0b:7d:b6"",""s"":""T wifi zone"",""r"":-67,""f"":2452},{""b"":""30:78:c2:00:07:d6"",""s"":""KT WiFi"",""r"":-71,""f"":2432},{""b"":""40:27:0b:02:a2:c7"",""s"":""U+zone"",""r"":-71,""f"":5620},{""b"":""32:89:d3:c6:85:3a"",""s"":""tt"",""r"":-74,""f"":5180}]","[{""type"":""LTE"",""pci"":27,""earfcn"":100,""tac"":null,""rsrp"":-90,""rsrq"":-20,""rssi"":-55,""snr"":null,""ta"":0,""level"":3,""bands"":""1""},{""type"":""LTE"",""pci"":397,""earfcn"":100,""tac"":null,""rsrp"":-93,""rsrq"":-16,""rssi"":-67,""snr"":null,""ta"":0,""level"":3,""bands"":""1""},{""type"":""LTE"",""pci"":153,""earfcn"":100,""tac"":null,""rsrp"":-95,""rsrq"":-17,""rssi"":-67,""snr"":null,""ta"":0,""level"":3,""bands"":""1""}]"
1789875563490,2026-09-20 12:39:23,unknown,37.544221,127.0572203,8.208,2.56,297.0,53.39999771118164,fused,0,LTE,NONE,4G,false,false,false,false,false,52542733,128,100,1,8282,450,06,-86,-16,-51,,3,2,,,,169,393,0.0014,0.0031,149,373,0.0012,0.0030,false,2,0,2,-86,153,100,2.56,false,false,periodic,5,3,0,,10032,,,,"[{""type"":""LTE"",""pci"":153,""earfcn"":100,""tac"":null,""rsrp"":-86,""rsrq"":-15,""rssi"":-59,""snr"":null,""ta"":2,""level"":3,""bands"":""1""},{""type"":""LTE"",""pci"":434,""earfcn"":100,""tac"":null,""rsrp"":-95,""rsrq"":-20,""rssi"":-63,""snr"":null,""ta"":2,""level"":3,""bands"":""1""}]",1012.09753,83,,44,1,,,,"[{""b"":""40:27:0b:02:a2:b7"",""s"":""U+zone_2.4GHz"",""r"":-39,""f"":2432},{""b"":""40:27:0b:02:a2:b8"",""s"":""U+zone"",""r"":-41,""f"":5785},{""b"":""02:17:b2:0b:47:88"",""s"":""T wifi zone"",""r"":-46,""f"":2472},{""b"":""36:78:c2:00:0a:b5"",""s"":""KT WiFi "",""r"":-47,""f"":2412},{""b"":""02:17:b2:0b:47:8a"",""s"":""T wifi zone_secure"",""r"":-48,""f"":2472},{""b"":""22:17:b2:0b:47:8a"",""s"":""T wifi zone_secure"",""r"":-48,""f"":5280},{""b"":""22:17:b2:0b:47:88"",""s"":""T wifi zone"",""r"":-48,""f"":5280},{""b"":""30:78:c2:00:0a:b5"",""s"":""KT WiFi"",""r"":-48,""f"":2412},{""b"":""36:78:c2:00:0a:b4"",""s"":""KT WiFi "",""r"":-53,""f"":5240},{""b"":""30:78:c2:00:0a:b4"",""s"":""KT WiFi"",""r"":-53,""f"":5240},{""b"":""30:89:d3:42:e6:72"",""s"":""#Roamingman_A43V0A"",""r"":-58,""f"":5745},{""b"":""02:17:b2:0b:7d:b8"",""s"":""T wifi zone_secure"",""r"":-64,""f"":2452},{""b"":""02:17:b2:0b:7d:b6"",""s"":""T wifi zone"",""r"":-67,""f"":2452},{""b"":""22:17:b2:0b:7d:b6"",""s"":""T wifi zone"",""r"":-69,""f"":5200},{""b"":""22:17:b2:0b:7d:b8"",""s"":""T wifi zone_secure"",""r"":-69,""f"":5200}]",""
1789875568512,2026-09-20 12:39:28,unknown,37.5442463,127.0571528,7.612,1.42,308.0,53.39999771118164,fused,1,LTE,NONE,4G,false,false,false,false,false,52542733,128,100,1,8282,450,06,-71,-9,-51,,4,0,,,,42,62,0.0003,0.0005,22,43,0.0002,0.0003,false,2,0,2,-80,153,100,1.42,false,false,periodic,10,2,15,,5001,,,,"[{""type"":""LTE"",""pci"":153,""earfcn"":100,""tac"":null,""rsrp"":-80,""rsrq"":-17,""rssi"":-53,""snr"":null,""ta"":0,""level"":4,""bands"":""1""},{""type"":""LTE"",""pci"":434,""earfcn"":100,""tac"":null,""rsrp"":-80,""rsrq"":-20,""rssi"":-51,""snr"":null,""ta"":0,""level"":4,""bands"":""1""}]",1012.00085,92,,44,6,,,,"[{""b"":""40:27:0b:02:a2:b7"",""s"":""U+zone_2.4GHz"",""r"":-39,""f"":2432},{""b"":""40:27:0b:02:a2:b8"",""s"":""U+zone"",""r"":-41,""f"":5785},{""b"":""02:17:b2:0b:47:88"",""s"":""T wifi zone"",""r"":-46,""f"":2472},{""b"":""36:78:c2:00:0a:b5"",""s"":""KT WiFi "",""r"":-47,""f"":2412},{""b"":""02:17:b2:0b:47:8a"",""s"":""T wifi zone_secure"",""r"":-48,""f"":2472},{""b"":""22:17:b2:0b:47:8a"",""s"":""T wifi zone_secure"",""r"":-48,""f"":5280},{""b"":""22:17:b2:0b:47:88"",""s"":""T wifi zone"",""r"":-48,""f"":5280},{""b"":""30:78:c2:00:0a:b5"",""s"":""KT WiFi"",""r"":-48,""f"":2412},{""b"":""36:78:c2:00:0a:b4"",""s"":""KT WiFi "",""r"":-53,""f"":5240},{""b"":""30:78:c2:00:0a:b4"",""s"":""KT WiFi"",""r"":-53,""f"":5240},{""b"":""30:89:d3:42:e6:72"",""s"":""#Roamingman_A43V0A"",""r"":-58,""f"":5745},{""b"":""02:17:b2:0b:7d:b8"",""s"":""T wifi zone_secure"",""r"":-64,""f"":2452},{""b"":""02:17:b2:0b:7d:b6"",""s"":""T wifi zone"",""r"":-67,""f"":2452},{""b"":""22:17:b2:0b:7d:b6"",""s"":""T wifi zone"",""r"":-69,""f"":5200},{""b"":""22:17:b2:0b:7d:b8"",""s"":""T wifi zone_secure"",""r"":-69,""f"":5200}]",""
1789875573539,2026-09-20 12:39:33,unknown,37.5442463,127.0571528,174.241,,,53.39999771118164,fused,2,LTE,NONE,4G,false,false,false,false,false,52542733,128,100,1,8282,450,06,-71,-9,-51,,4,0,,,,62,82,0.0005,0.0007,22,42,0.0002,0.0003,false,2,0,2,-80,153,100,0.10978292,false,false,periodic,15,2,0,,10025,,,,"[{""type"":""LTE"",""pci"":153,""earfcn"":100,""tac"":null,""rsrp"":-80,""rsrq"":-17,""rssi"":-53,""snr"":null,""ta"":0,""level"":4,""bands"":""1""},{""type"":""LTE"",""pci"":434,""earfcn"":100,""tac"":null,""rsrp"":-80,""rsrq"":-20,""rssi"":-51,""snr"":null,""ta"":0,""level"":4,""bands"":""1""}]",1012.1953,89,,43,0,,,,"[{""b"":""40:27:0b:02:a2:b8"",""s"":""U+zone"",""r"":-51,""f"":5785},{""b"":""40:27:0b:02:a2:b7"",""s"":""U+zone_2.4GHz"",""r"":-51,""f"":2432},{""b"":""22:17:b2:0b:47:8a"",""s"":""T wifi zone_secure"",""r"":-58,""f"":5280},{""b"":""22:17:b2:0b:47:88"",""s"":""T wifi zone"",""r"":-58,""f"":5280},{""b"":""02:17:b2:0b:47:88"",""s"":""T wifi zone"",""r"":-60,""f"":2472},{""b"":""02:17:b2:0b:47:8a"",""s"":""T wifi zone_secure"",""r"":-60,""f"":2472},{""b"":""30:78:c2:00:0a:b4"",""s"":""KT WiFi"",""r"":-62,""f"":5240},{""b"":""36:78:c2:00:0a:b4"",""s"":""KT WiFi "",""r"":-63,""f"":5240},{""b"":""30:89:d3:42:e6:72"",""s"":""#Roamingman_A43V0A"",""r"":-64,""f"":5745},{""b"":""36:78:c2:00:0a:b5"",""s"":""KT WiFi "",""r"":-65,""f"":2412},{""b"":""30:78:c2:00:0a:b5"",""s"":""KT WiFi"",""r"":-65,""f"":2412},{""b"":""12:06:ac:80:10:77"",""s"":""FREE_U+zone"",""r"":-69,""f"":5745},{""b"":""30:89:d3:3c:ba:ef"",""s"":""GlobalWiFi_A3SIHR"",""r"":-69,""f"":2437},{""b"":""02:06:ac:80:10:77"",""s"":""U+zone"",""r"":-69,""f"":5745},{""b"":""00:09:b4:74:53:ab"",""s"":""T wifi zone"",""r"":-74,""f"":2472}]",""
1789875578550,2026-09-20 12:39:38,unknown,37.5442463,127.0571528,259.841,,,53.39999771118164,fused,5,LTE,NONE,4G,false,false,false,false,false,52542733,128,100,1,8282,450,06,-79,-13,-51,,4,0,,,,42,63,0.0003,0.0005,22,43,0.0002,0.0003,false,3,0,3,-88,153,100,0.0020276217,false,false,periodic,20,1,-8,,5003,,,,"[{""type"":""LTE"",""pci"":153,""earfcn"":100,""tac"":null,""rsrp"":-88,""rsrq"":-20,""rssi"":-59,""snr"":null,""ta"":0,""level"":3,""bands"":""1""},{""type"":""LTE"",""pci"":434,""earfcn"":100,""tac"":null,""rsrp"":-91,""rsrq"":-19,""rssi"":-61,""snr"":null,""ta"":0,""level"":3,""bands"":""1""},{""type"":""LTE"",""pci"":279,""earfcn"":100,""tac"":null,""rsrp"":-93,""rsrq"":-20,""rssi"":-61,""snr"":null,""ta"":0,""level"":3,""bands"":""1""}]",1011.92755,81,,32,3,,,,"[{""b"":""40:27:0b:02:a2:b7"",""s"":""U+zone_2.4GHz"",""r"":-55,""f"":2432},{""b"":""40:27:0b:02:a2:b8"",""s"":""U+zone"",""r"":-58,""f"":5785},{""b"":""02:17:b2:0b:47:8a"",""s"":""T wifi zone_secure"",""r"":-64,""f"":2472},{""b"":""02:17:b2:0b:47:88"",""s"":""T wifi zone"",""r"":-65,""f"":2472},{""b"":""22:17:b2:0b:47:8a"",""s"":""T wifi zone_secure"",""r"":-65,""f"":5280},{""b"":""22:17:b2:0b:47:88"",""s"":""T wifi zone"",""r"":-65,""f"":5280},{""b"":""36:78:c2:00:0a:b4"",""s"":""KT WiFi "",""r"":-67,""f"":5240},{""b"":""30:78:c2:00:0a:b4"",""s"":""KT WiFi"",""r"":-67,""f"":5240},{""b"":""30:89:d3:42:e6:72"",""s"":""#Roamingman_A43V0A"",""r"":-73,""f"":5745},{""b"":""06:09:b4:74:53:ab"",""s"":""T wifi zone_secure"",""r"":-74,""f"":2472},{""b"":""12:06:ac:80:10:77"",""s"":""FREE_U+zone"",""r"":-76,""f"":5745},{""b"":""40:27:0b:02:a2:c6"",""s"":""U+zone_2.4GHz"",""r"":-76,""f"":2432},{""b"":""02:06:ac:80:10:77"",""s"":""U+zone"",""r"":-76,""f"":5745},{""b"":""00:09:b4:74:53:ac"",""s"":""T wifi zone"",""r"":-77,""f"":5520},{""b"":""06:09:b4:74:53:ac"",""s"":""T wifi zone_secure"",""r"":-78,""f"":5520}]",""
1789875583574,2026-09-20 12:39:43,unknown,37.5442463,127.0571528,259.841,,,53.39999771118164,fused,10,LTE,NONE,4G,false,false,false,false,false,52542733,128,100,1,8282,450,06,-79,-13,-51,,4,0,,,,42,62,0.0003,0.0005,22,42,0.0002,0.0003,false,3,0,3,-88,153,100,0.0019843406,false,false,periodic,25,1,0,,10027,,,,"[{""type"":""LTE"",""pci"":153,""earfcn"":100,""tac"":null,""rsrp"":-88,""rsrq"":-20,""rssi"":-59,""snr"":null,""ta"":0,""level"":3,""bands"":""1""},{""type"":""LTE"",""pci"":434,""earfcn"":100,""tac"":null,""rsrp"":-91,""rsrq"":-19,""rssi"":-61,""snr"":null,""ta"":0,""level"":3,""bands"":""1""},{""type"":""LTE"",""pci"":279,""earfcn"":100,""tac"":null,""rsrp"":-93,""rsrq"":-20,""rssi"":-61,""snr"":null,""ta"":0,""level"":3,""bands"":""1""}]",1011.9403,83,,32,8,,,,"[{""b"":""40:27:0b:02:a2:b7"",""s"":""U+zone_2.4GHz"",""r"":-55,""f"":2432},{""b"":""40:27:0b:02:a2:b8"",""s"":""U+zone"",""r"":-58,""f"":5785},{""b"":""02:17:b2:0b:47:8a"",""s"":""T wifi zone_secure"",""r"":-64,""f"":2472},{""b"":""02:17:b2:0b:47:88"",""s"":""T wifi zone"",""r"":-65,""f"":2472},{""b"":""22:17:b2:0b:47:8a"",""s"":""T wifi zone_secure"",""r"":-65,""f"":5280},{""b"":""22:17:b2:0b:47:88"",""s"":""T wifi zone"",""r"":-65,""f"":5280},{""b"":""36:78:c2:00:0a:b4"",""s"":""KT WiFi "",""r"":-67,""f"":5240},{""b"":""30:78:c2:00:0a:b4"",""s"":""KT WiFi"",""r"":-67,""f"":5240},{""b"":""30:89:d3:42:e6:72"",""s"":""#Roamingman_A43V0A"",""r"":-73,""f"":5745},{""b"":""06:09:b4:74:53:ab"",""s"":""T wifi zone_secure"",""r"":-74,""f"":2472},{""b"":""12:06:ac:80:10:77"",""s"":""FREE_U+zone"",""r"":-76,""f"":5745},{""b"":""40:27:0b:02:a2:c6"",""s"":""U+zone_2.4GHz"",""r"":-76,""f"":2432},{""b"":""02:06:ac:80:10:77"",""s"":""U+zone"",""r"":-76,""f"":5745},{""b"":""00:09:b4:74:53:ac"",""s"":""T wifi zone"",""r"":-77,""f"":5520},{""b"":""06:09:b4:74:53:ac"",""s"":""T wifi zone_secure"",""r"":-78,""f"":5520}]",""
1789875588599,2026-09-20 12:39:48,unknown,37.5443654,127.0566894,59.559,,,53.39999771118164,fused,5,LTE,NONE,4G,false,false,false,false,false,52542733,128,100,1,8282,450,06,-75,-13,-51,,4,0,,,,420025,2641,3.3602,0.0211,420005,2622,3.3600,0.0210,false,3,0,3,-81,199,100,9.1379735E-7,false,false,periodic,30,0,4,,5002,,,,"[{""type"":""LTE"",""pci"":199,""earfcn"":100,""tac"":null,""rsrp"":-81,""rsrq"":-18,""rssi"":-53,""snr"":null,""ta"":0,""level"":4,""bands"":""1""},{""type"":""LTE"",""pci"":434,""earfcn"":100,""tac"":null,""rsrp"":-83,""rsrq"":-17,""rssi"":-55,""snr"":null,""ta"":0,""level"":4,""bands"":""1""},{""type"":""LTE"",""pci"":153,""earfcn"":100,""tac"":null,""rsrp"":-86,""rsrq"":-20,""rssi"":-55,""snr"":null,""ta"":0,""level"":3,""bands"":""1""}]",1011.9637,270,36.463,32,4,,,,"[{""b"":""40:27:0b:02:a2:b8"",""s"":""U+zone"",""r"":-52,""f"":5785},{""b"":""22:17:b2:0b:47:8a"",""s"":""T wifi zone_secure"",""r"":-58,""f"":5280},{""b"":""40:27:0b:02:a2:b7"",""s"":""U+zone_2.4GHz"",""r"":-62,""f"":2432},{""b"":""36:78:c2:00:0a:b4"",""s"":""KT WiFi "",""r"":-64,""f"":5240},{""b"":""30:78:c2:00:0a:b4"",""s"":""KT WiFi"",""r"":-64,""f"":5240},{""b"":""30:89:d3:3c:ba:ef"",""s"":""GlobalWiFi_A3SIHR"",""r"":-65,""f"":2437},{""b"":""36:78:c2:00:0a:b5"",""s"":""KT WiFi "",""r"":-67,""f"":2412},{""b"":""30:78:c2:00:0a:b5"",""s"":""KT WiFi"",""r"":-67,""f"":2412},{""b"":""12:06:ac:80:10:77"",""s"":""FREE_U+zone"",""r"":-71,""f"":5745},{""b"":""0a:09:b4:74:53:ac"",""s"":""T Free WiFi Zone"",""r"":-72,""f"":5520},{""b"":""02:06:ac:80:10:77"",""s"":""U+zone"",""r"":-72,""f"":5745},{""b"":""00:09:b4:74:53:ac"",""s"":""T wifi zone"",""r"":-73,""f"":5520},{""b"":""32:89:d3:c6:85:3a"",""s"":""tt"",""r"":-77,""f"":5180},{""b"":""40:27:0b:02:a2:c7"",""s"":""U+zone"",""r"":-79,""f"":5620},{""b"":""b6:4a:6a:5f:0e:40"",""s"":"""",""r"":-81,""f"":5745}]",""
1789875593626,2026-09-20 12:39:53,unknown,37.5444475,127.0569074,52.165,,,53.39999771118164,fused,4,LTE,NONE,4G,false,false,false,false,false,52542733,128,100,1,8282,450,06,-75,-13,-51,,4,0,,,,347,351,0.0028,0.0028,327,331,0.0026,0.0026,false,3,0,3,-81,199,100,0.0030809836,false,false,periodic,35,0,0,,10030,,,,"[{""type"":""LTE"",""pci"":199,""earfcn"":100,""tac"":null,""rsrp"":-81,""rsrq"":-18,""rssi"":-53,""snr"":null,""ta"":0,""level"":4,""bands"":""1""},{""type"":""LTE"",""pci"":434,""earfcn"":100,""tac"":null,""rsrp"":-83,""rsrq"":-17,""rssi"":-55,""snr"":null,""ta"":0,""level"":4,""bands"":""1""},{""type"":""LTE"",""pci"":153,""earfcn"":100,""tac"":null,""rsrp"":-86,""rsrq"":-20,""rssi"":-55,""snr"":null,""ta"":0,""level"":3,""bands"":""1""}]",1011.969,93,,47,2,,,,"[{""b"":""40:27:0b:02:a2:b8"",""s"":""U+zone"",""r"":-53,""f"":5785},{""b"":""40:27:0b:02:a2:b7"",""s"":""U+zone_2.4GHz"",""r"":-58,""f"":2432},{""b"":""22:17:b2:0b:47:8a"",""s"":""T wifi zone_secure"",""r"":-60,""f"":5280},{""b"":""22:17:b2:0b:47:88"",""s"":""T wifi zone"",""r"":-60,""f"":5280},{""b"":""02:17:b2:0b:47:8a"",""s"":""T wifi zone_secure"",""r"":-62,""f"":2472},{""b"":""02:17:b2:0b:47:88"",""s"":""T wifi zone"",""r"":-64,""f"":2472},{""b"":""30:78:c2:00:0a:b5"",""s"":""KT WiFi"",""r"":-66,""f"":2412},{""b"":""36:78:c2:00:0a:b5"",""s"":""KT WiFi "",""r"":-67,""f"":2412},{""b"":""36:78:c2:00:0a:b4"",""s"":""KT WiFi "",""r"":-67,""f"":5240},{""b"":""30:78:c2:00:0a:b4"",""s"":""KT WiFi"",""r"":-67,""f"":5240},{""b"":""06:09:b4:74:53:ab"",""s"":""T wifi zone_secure"",""r"":-70,""f"":2472},{""b"":""12:06:ac:80:10:77"",""s"":""FREE_U+zone"",""r"":-71,""f"":5745},{""b"":""02:06:ac:80:10:77"",""s"":""U+zone"",""r"":-71,""f"":5745},{""b"":""32:89:d3:c6:85:3a"",""s"":""tt"",""r"":-72,""f"":5180},{""b"":""30:89:d3:3c:ba:ef"",""s"":""GlobalWiFi_A3SIHR"",""r"":-72,""f"":2437}]",""
1789875598678,2026-09-20 12:39:58,unknown,37.5443976,127.0566725,50.518,1.37,297.0,53.39999771118164,fused,1,LTE,NONE,4G,false,false,false,false,false,52542733,128,100,1,8282,450,06,-78,-9,-51,,4,0,,,,175,189,0.0014,0.0015,136,149,0.0011,0.0012,false,3,0,3,-89,434,100,1.37,false,false,periodic,40,0,-3,,5000,,,,"[{""type"":""LTE"",""pci"":434,""earfcn"":100,""tac"":null,""rsrp"":-89,""rsrq"":-18,""rssi"":-59,""snr"":null,""ta"":0,""level"":3,""bands"":""1""},{""type"":""LTE"",""pci"":199,""earfcn"":100,""tac"":null,""rsrp"":-92,""rsrq"":-20,""rssi"":-61,""snr"":null,""ta"":0,""level"":3,""bands"":""1""},{""type"":""LTE"",""pci"":153,""earfcn"":100,""tac"":null,""rsrp"":-94,""rsrq"":-20,""rssi"":-61,""snr"":null,""ta"":0,""level"":3,""bands"":""1""}]",1011.9297,83,,47,7,,,,"[{""b"":""40:27:0b:02:a2:b8"",""s"":""U+zone"",""r"":-53,""f"":5785},{""b"":""40:27:0b:02:a2:b7"",""s"":""U+zone_2.4GHz"",""r"":-58,""f"":2432},{""b"":""22:17:b2:0b:47:8a"",""s"":""T wifi zone_secure"",""r"":-60,""f"":5280},{""b"":""22:17:b2:0b:47:88"",""s"":""T wifi zone"",""r"":-60,""f"":5280},{""b"":""02:17:b2:0b:47:8a"",""s"":""T wifi zone_secure"",""r"":-62,""f"":2472},{""b"":""02:17:b2:0b:47:88"",""s"":""T wifi zone"",""r"":-64,""f"":2472},{""b"":""30:78:c2:00:0a:b5"",""s"":""KT WiFi"",""r"":-66,""f"":2412},{""b"":""36:78:c2:00:0a:b5"",""s"":""KT WiFi "",""r"":-67,""f"":2412},{""b"":""36:78:c2:00:0a:b4"",""s"":""KT WiFi "",""r"":-67,""f"":5240},{""b"":""30:78:c2:00:0a:b4"",""s"":""KT WiFi"",""r"":-67,""f"":5240},{""b"":""06:09:b4:74:53:ab"",""s"":""T wifi zone_secure"",""r"":-70,""f"":2472},{""b"":""12:06:ac:80:10:77"",""s"":""FREE_U+zone"",""r"":-71,""f"":5745},{""b"":""02:06:ac:80:10:77"",""s"":""U+zone"",""r"":-71,""f"":5745},{""b"":""32:89:d3:c6:85:3a"",""s"":""tt"",""r"":-72,""f"":5180},{""b"":""30:89:d3:3c:ba:ef"",""s"":""GlobalWiFi_A3SIHR"",""r"":-72,""f"":2437}]",""
1789875603687,2026-09-20 12:40:03,unknown,37.5443884,127.0566508,40.9,0.59,247.0,55.659843043906505,fused,0,LTE,NONE,4G,false,false,false,false,false,52542733,128,100,1,8282,450,06,-78,-9,-51,,4,0,,,,42,63,0.0003,0.0005,22,43,0.0002,0.0003,false,3,0,3,-89,434,100,0.59,false,false,periodic,45,0,0,,10015,,,,"[{""type"":""LTE"",""pci"":434,""earfcn"":100,""tac"":null,""rsrp"":-89,""rsrq"":-18,""rssi"":-59,""snr"":null,""ta"":0,""level"":3,""bands"":""1""},{""type"":""LTE"",""pci"":199,""earfcn"":100,""tac"":null,""rsrp"":-92,""rsrq"":-20,""rssi"":-61,""snr"":null,""ta"":0,""level"":3,""bands"":""1""},{""type"":""LTE"",""pci"":153,""earfcn"":100,""tac"":null,""rsrp"":-94,""rsrq"":-20,""rssi"":-61,""snr"":null,""ta"":0,""level"":3,""bands"":""1""}]",1011.94836,93,,47,12,,,,"[{""b"":""40:27:0b:02:a2:b8"",""s"":""U+zone"",""r"":-53,""f"":5785},{""b"":""40:27:0b:02:a2:b7"",""s"":""U+zone_2.4GHz"",""r"":-58,""f"":2432},{""b"":""22:17:b2:0b:47:8a"",""s"":""T wifi zone_secure"",""r"":-60,""f"":5280},{""b"":""22:17:b2:0b:47:88"",""s"":""T wifi zone"",""r"":-60,""f"":5280},{""b"":""02:17:b2:0b:47:8a"",""s"":""T wifi zone_secure"",""r"":-62,""f"":2472},{""b"":""02:17:b2:0b:47:88"",""s"":""T wifi zone"",""r"":-64,""f"":2472},{""b"":""30:78:c2:00:0a:b5"",""s"":""KT WiFi"",""r"":-66,""f"":2412},{""b"":""36:78:c2:00:0a:b5"",""s"":""KT WiFi "",""r"":-67,""f"":2412},{""b"":""36:78:c2:00:0a:b4"",""s"":""KT WiFi "",""r"":-67,""f"":5240},{""b"":""30:78:c2:00:0a:b4"",""s"":""KT WiFi"",""r"":-67,""f"":5240},{""b"":""06:09:b4:74:53:ab"",""s"":""T wifi zone_secure"",""r"":-70,""f"":2472},{""b"":""12:06:ac:80:10:77"",""s"":""FREE_U+zone"",""r"":-71,""f"":5745},{""b"":""02:06:ac:80:10:77"",""s"":""U+zone"",""r"":-71,""f"":5745},{""b"":""32:89:d3:c6:85:3a"",""s"":""tt"",""r"":-72,""f"":5180},{""b"":""30:89:d3:3c:ba:ef"",""s"":""GlobalWiFi_A3SIHR"",""r"":-72,""f"":2437}]",""
1789875608719,2026-09-20 12:40:08,unknown,37.5443492,127.0567072,36.913,0.31,247.0,55.704448022287366,fused,1,LTE,NONE,4G,false,false,false,false,false,52542733,128,100,1,8282,450,06,-83,-8,-55,,4,0,,,,42,62,0.0003,0.0005,22,42,0.0002,0.0003,false,2,0,2,-89,434,100,0.31,false,false,periodic,50,0,-5,,5003,,,,"[{""type"":""LTE"",""pci"":434,""earfcn"":100,""tac"":null,""rsrp"":-89,""rsrq"":-17,""rssi"":-63,""snr"":null,""ta"":0,""level"":3,""bands"":""1""},{""type"":""LTE"",""pci"":153,""earfcn"":100,""tac"":null,""rsrp"":-93,""rsrq"":-20,""rssi"":-63,""snr"":null,""ta"":0,""level"":3,""bands"":""1""}]",1011.894,94,,39,4,,,,"[{""b"":""40:27:0b:02:a2:b7"",""s"":""U+zone_2.4GHz"",""r"":-55,""f"":2432},{""b"":""40:27:0b:02:a2:b8"",""s"":""U+zone"",""r"":-56,""f"":5785},{""b"":""02:17:b2:0b:47:88"",""s"":""T wifi zone"",""r"":-58,""f"":2472},{""b"":""02:17:b2:0b:47:8a"",""s"":""T wifi zone_secure"",""r"":-60,""f"":2472},{""b"":""22:17:b2:0b:47:8a"",""s"":""T wifi zone_secure"",""r"":-60,""f"":5280},{""b"":""22:17:b2:0b:47:88"",""s"":""T wifi zone"",""r"":-60,""f"":5280},{""b"":""32:89:d3:c6:85:3a"",""s"":""tt"",""r"":-62,""f"":5180},{""b"":""36:78:c2:00:0a:b5"",""s"":""KT WiFi "",""r"":-65,""f"":2412},{""b"":""30:78:c2:00:0a:b5"",""s"":""KT WiFi"",""r"":-65,""f"":2412},{""b"":""36:78:c2:00:0a:b4"",""s"":""KT WiFi "",""r"":-66,""f"":5240},{""b"":""30:78:c2:00:0a:b4"",""s"":""KT WiFi"",""r"":-66,""f"":5240},{""b"":""12:06:ac:80:10:77"",""s"":""FREE_U+zone"",""r"":-70,""f"":5745},{""b"":""02:06:ac:80:10:77"",""s"":""U+zone"",""r"":-70,""f"":5745},{""b"":""00:09:b4:74:53:ab"",""s"":""T wifi zone"",""r"":-74,""f"":2472},{""b"":""30:89:d3:3c:ba:ef"",""s"":""GlobalWiFi_A3SIHR"",""r"":-76,""f"":2437}]",""
1789875613744,2026-09-20 12:40:13,unknown,37.5443309,127.0567929,30.8,0.69,247.0,55.967933311820246,fused,0,LTE,NONE,4G,false,false,false,false,false,52542733,128,100,1,8282,450,06,-83,-8,-55,,4,0,,,,42,62,0.0003,0.0005,22,42,0.0002,0.0003,false,2,0,2,-89,434,100,0.69,false,false,periodic,55,0,0,,10029,,,,"[{""type"":""LTE"",""pci"":434,""earfcn"":100,""tac"":null,""rsrp"":-89,""rsrq"":-17,""rssi"":-63,""snr"":null,""ta"":0,""level"":3,""bands"":""1""},{""type"":""LTE"",""pci"":153,""earfcn"":100,""tac"":null,""rsrp"":-93,""rsrq"":-20,""rssi"":-63,""snr"":null,""ta"":0,""level"":3,""bands"":""1""}]",1011.84875,80,,39,9,,,,"[{""b"":""40:27:0b:02:a2:b7"",""s"":""U+zone_2.4GHz"",""r"":-55,""f"":2432},{""b"":""40:27:0b:02:a2:b8"",""s"":""U+zone"",""r"":-56,""f"":5785},{""b"":""02:17:b2:0b:47:88"",""s"":""T wifi zone"",""r"":-58,""f"":2472},{""b"":""02:17:b2:0b:47:8a"",""s"":""T wifi zone_secure"",""r"":-60,""f"":2472},{""b"":""22:17:b2:0b:47:8a"",""s"":""T wifi zone_secure"",""r"":-60,""f"":5280},{""b"":""22:17:b2:0b:47:88"",""s"":""T wifi zone"",""r"":-60,""f"":5280},{""b"":""32:89:d3:c6:85:3a"",""s"":""tt"",""r"":-62,""f"":5180},{""b"":""36:78:c2:00:0a:b5"",""s"":""KT WiFi "",""r"":-65,""f"":2412},{""b"":""30:78:c2:00:0a:b5"",""s"":""KT WiFi"",""r"":-65,""f"":2412},{""b"":""36:78:c2:00:0a:b4"",""s"":""KT WiFi "",""r"":-66,""f"":5240},{""b"":""30:78:c2:00:0a:b4"",""s"":""KT WiFi"",""r"":-66,""f"":5240},{""b"":""12:06:ac:80:10:77"",""s"":""FREE_U+zone"",""r"":-70,""f"":5745},{""b"":""02:06:ac:80:10:77"",""s"":""U+zone"",""r"":-70,""f"":5745},{""b"":""00:09:b4:74:53:ab"",""s"":""T wifi zone"",""r"":-74,""f"":2472},{""b"":""30:89:d3:3c:ba:ef"",""s"":""GlobalWiFi_A3SIHR"",""r"":-76,""f"":2437}]",""
1789875618772,2026-09-20 12:40:18,unknown,37.5443476,127.0567894,28.78,1.28,326.0,56.466399021491114,fused,1,LTE,NONE,4G,false,false,false,false,false,52542733,128,100,1,8282,450,06,-85,-9,-57,,4,0,,,,419961,4507,3.3597,0.0361,419921,4467,3.3594,0.0357,false,4,0,4,-89,153,100,1.28,false,false,periodic,60,0,-2,,5000,,,,"[{""type"":""LTE"",""pci"":153,""earfcn"":100,""tac"":null,""rsrp"":-89,""rsrq"":-17,""rssi"":-61,""snr"":null,""ta"":0,""level"":3,""bands"":""1""},{""type"":""LTE"",""pci"":279,""earfcn"":100,""tac"":null,""rsrp"":-89,""rsrq"":-19,""rssi"":-63,""snr"":null,""ta"":0,""level"":3,""bands"":""1""},{""type"":""LTE"",""pci"":199,""earfcn"":100,""tac"":null,""rsrp"":-91,""rsrq"":-16,""rssi"":-63,""snr"":null,""ta"":0,""level"":3,""bands"":""1""},{""type"":""LTE"",""pci"":434,""earfcn"":100,""tac"":null,""rsrp"":-95,""rsrq"":-20,""rssi"":-63,""snr"":null,""ta"":0,""level"":3,""bands"":""1""}]",1011.8111,627,17.172,39,14,,,,"[{""b"":""40:27:0b:02:a2:b7"",""s"":""U+zone_2.4GHz"",""r"":-55,""f"":2432},{""b"":""40:27:0b:02:a2:b8"",""s"":""U+zone"",""r"":-56,""f"":5785},{""b"":""02:17:b2:0b:47:88"",""s"":""T wifi zone"",""r"":-58,""f"":2472},{""b"":""02:17:b2:0b:47:8a"",""s"":""T wifi zone_secure"",""r"":-60,""f"":2472},{""b"":""22:17:b2:0b:47:8a"",""s"":""T wifi zone_secure"",""r"":-60,""f"":5280},{""b"":""22:17:b2:0b:47:88"",""s"":""T wifi zone"",""r"":-60,""f"":5280},{""b"":""32:89:d3:c6:85:3a"",""s"":""tt"",""r"":-62,""f"":5180},{""b"":""36:78:c2:00:0a:b5"",""s"":""KT WiFi "",""r"":-65,""f"":2412},{""b"":""30:78:c2:00:0a:b5"",""s"":""KT WiFi"",""r"":-65,""f"":2412},{""b"":""36:78:c2:00:0a:b4"",""s"":""KT WiFi "",""r"":-66,""f"":5240},{""b"":""30:78:c2:00:0a:b4"",""s"":""KT WiFi"",""r"":-66,""f"":5240},{""b"":""12:06:ac:80:10:77"",""s"":""FREE_U+zone"",""r"":-70,""f"":5745},{""b"":""02:06:ac:80:10:77"",""s"":""U+zone"",""r"":-70,""f"":5745},{""b"":""00:09:b4:74:53:ab"",""s"":""T wifi zone"",""r"":-74,""f"":2472},{""b"":""30:89:d3:3c:ba:ef"",""s"":""GlobalWiFi_A3SIHR"",""r"":-76,""f"":2437}]",""
1789875623793,2026-09-20 12:40:23,unknown,37.544425,127.0567226,30.125,1.49,336.0,56.457084244694364,fused,2,LTE,NONE,4G,false,false,false,false,false,52542733,128,100,1,8282,450,06,-85,-9,-57,,4,0,,,,237,430,0.0019,0.0034,217,410,0.0017,0.0033,false,4,0,4,-89,153,100,1.49,false,false,periodic,65,0,0,,10020,,,,"[{""type"":""LTE"",""pci"":153,""earfcn"":100,""tac"":null,""rsrp"":-89,""rsrq"":-17,""rssi"":-61,""snr"":null,""ta"":0,""level"":3,""bands"":""1""},{""type"":""LTE"",""pci"":279,""earfcn"":100,""tac"":null,""rsrp"":-89,""rsrq"":-19,""rssi"":-63,""snr"":null,""ta"":0,""level"":3,""bands"":""1""},{""type"":""LTE"",""pci"":199,""earfcn"":100,""tac"":null,""rsrp"":-91,""rsrq"":-16,""rssi"":-63,""snr"":null,""ta"":0,""level"":3,""bands"":""1""},{""type"":""LTE"",""pci"":434,""earfcn"":100,""tac"":null,""rsrp"":-95,""rsrq"":-20,""rssi"":-63,""snr"":null,""ta"":0,""level"":3,""bands"":""1""}]",1011.8111,81,,36,5,,,,"[{""b"":""40:27:0b:02:a2:b8"",""s"":""U+zone"",""r"":-52,""f"":5785},{""b"":""40:27:0b:02:a2:b7"",""s"":""U+zone_2.4GHz"",""r"":-56,""f"":2432},{""b"":""22:17:b2:0b:47:8a"",""s"":""T wifi zone_secure"",""r"":-59,""f"":5280},{""b"":""22:17:b2:0b:47:88"",""s"":""T wifi zone"",""r"":-59,""f"":5280},{""b"":""12:06:ac:80:10:77"",""s"":""FREE_U+zone"",""r"":-62,""f"":5745},{""b"":""02:06:ac:80:10:77"",""s"":""U+zone"",""r"":-62,""f"":5745},{""b"":""02:17:b2:0b:47:88"",""s"":""T wifi zone"",""r"":-63,""f"":2472},{""b"":""02:17:b2:0b:47:8a"",""s"":""T wifi zone_secure"",""r"":-64,""f"":2472},{""b"":""36:78:c2:00:0a:b5"",""s"":""KT WiFi "",""r"":-64,""f"":2412},{""b"":""30:78:c2:00:0a:b5"",""s"":""KT WiFi"",""r"":-64,""f"":2412},{""b"":""36:78:c2:00:0a:b4"",""s"":""KT WiFi "",""r"":-65,""f"":5240},{""b"":""30:78:c2:00:0a:b4"",""s"":""KT WiFi"",""r"":-66,""f"":5240},{""b"":""02:06:ac:80:10:76"",""s"":""U+zone_2.4GHz"",""r"":-67,""f"":2432},{""b"":""06:09:b4:74:53:ac"",""s"":""T wifi zone_secure"",""r"":-73,""f"":5520},{""b"":""12:06:ac:80:2a:8a"",""s"":""FREE_U+zone_2.4GHz"",""r"":-76,""f"":2432}]",""
1789875628814,2026-09-20 12:40:28,unknown,37.544425,127.0567226,30.125,1.49,336.0,56.457084244694364,fused,7,LTE,NONE,4G,false,false,false,false,false,52542735,279,100,1,8282,450,06,-91,-13,-57,,3,1,,,,30,42,0.0002,0.0003,10,22,0.0001,0.0002,false,3,0,3,-93,153,100,1.49,true,false,periodic,0,1,,,5004,52542733,-85,-9,"[{""type"":""LTE"",""pci"":153,""earfcn"":100,""tac"":null,""rsrp"":-93,""rsrq"":-15,""rssi"":-67,""snr"":null,""ta"":1,""level"":3,""bands"":""1""},{""type"":""LTE"",""pci"":234,""earfcn"":100,""tac"":null,""rsrp"":-96,""rsrq"":-19,""rssi"":-67,""snr"":null,""ta"":1,""level"":2,""bands"":""1""},{""type"":""LTE"",""pci"":128,""earfcn"":100,""tac"":null,""rsrp"":-101,""rsrq"":-20,""rssi"":-71,""snr"":null,""ta"":1,""level"":2,""bands"":""1""}]",1011.83704,81,,37,1,,,,"[{""b"":""40:27:0b:02:a2:b8"",""s"":""U+zone"",""r"":-50,""f"":5785},{""b"":""22:17:b2:0b:47:8a"",""s"":""T wifi zone_secure"",""r"":-59,""f"":5280},{""b"":""02:e3:c7:09:03:47"",""s"":""T wifi zone_secure"",""r"":-60,""f"":5540},{""b"":""02:17:b2:0b:47:8a"",""s"":""T wifi zone_secure"",""r"":-60,""f"":2472},{""b"":""22:17:b2:0b:47:88"",""s"":""T wifi zone"",""r"":-60,""f"":5280},{""b"":""02:17:b2:0b:47:88"",""s"":""T wifi zone"",""r"":-62,""f"":2472},{""b"":""12:e3:c7:09:03:47"",""s"":""T Free WiFi Zone"",""r"":-62,""f"":5540},{""b"":""10:e3:c7:09:03:47"",""s"":""T wifi zone"",""r"":-63,""f"":5540},{""b"":""36:78:c2:00:0a:b5"",""s"":""KT WiFi "",""r"":-66,""f"":2412},{""b"":""36:78:c2:00:0a:b4"",""s"":""KT WiFi "",""r"":-66,""f"":5240},{""b"":""30:78:c2:00:0a:b4"",""s"":""KT WiFi"",""r"":-66,""f"":5240},{""b"":""30:78:c2:00:0a:b5"",""s"":""KT WiFi"",""r"":-66,""f"":2412},{""b"":""02:17:b2:0b:7d:b8"",""s"":""T wifi zone_secure"",""r"":-67,""f"":2452},{""b"":""12:06:ac:80:2a:a3"",""s"":""FREE_U+zone"",""r"":-76,""f"":5745},{""b"":""02:17:b2:0b:7d:b6"",""s"":""T wifi zone"",""r"":-76,""f"":2452}]","[{""type"":""LTE"",""pci"":153,""earfcn"":100,""tac"":null,""rsrp"":-89,""rsrq"":-17,""rssi"":-61,""snr"":null,""ta"":0,""level"":3,""bands"":""1""},{""type"":""LTE"",""pci"":279,""earfcn"":100,""tac"":null,""rsrp"":-89,""rsrq"":-19,""rssi"":-63,""snr"":null,""ta"":0,""level"":3,""bands"":""1""},{""type"":""LTE"",""pci"":199,""earfcn"":100,""tac"":null,""rsrp"":-91,""rsrq"":-16,""rssi"":-63,""snr"":null,""ta"":0,""level"":3,""bands"":""1""},{""type"":""LTE"",""pci"":434,""earfcn"":100,""tac"":null,""rsrp"":-95,""rsrq"":-20,""rssi"":-63,""snr"":null,""ta"":0,""level"":3,""bands"":""1""}]"
1789875633839,2026-09-20 12:40:33,unknown,37.544425,127.0567226,236.112,,,56.85962043974174,fused,7,LTE,NONE,4G,false,false,false,false,false,52542735,279,100,1,8282,450,06,-91,-13,-57,,3,1,,,,42,50,0.0003,0.0004,22,31,0.0002,0.0002,false,3,0,3,-93,153,100,8.9179765E-4,false,false,periodic,5,1,0,,10029,,,,"[{""type"":""LTE"",""pci"":153,""earfcn"":100,""tac"":null,""rsrp"":-93,""rsrq"":-15,""rssi"":-67,""snr"":null,""ta"":1,""level"":3,""bands"":""1""},{""type"":""LTE"",""pci"":234,""earfcn"":100,""tac"":null,""rsrp"":-96,""rsrq"":-19,""rssi"":-67,""snr"":null,""ta"":1,""level"":2,""bands"":""1""},{""type"":""LTE"",""pci"":128,""earfcn"":100,""tac"":null,""rsrp"":-101,""rsrq"":-20,""rssi"":-71,""snr"":null,""ta"":1,""level"":2,""bands"":""1""}]",1011.89844,98,,37,6,,,,"[{""b"":""40:27:0b:02:a2:b8"",""s"":""U+zone"",""r"":-50,""f"":5785},{""b"":""22:17:b2:0b:47:8a"",""s"":""T wifi zone_secure"",""r"":-59,""f"":5280},{""b"":""02:e3:c7:09:03:47"",""s"":""T wifi zone_secure"",""r"":-60,""f"":5540},{""b"":""02:17:b2:0b:47:8a"",""s"":""T wifi zone_secure"",""r"":-60,""f"":2472},{""b"":""22:17:b2:0b:47:88"",""s"":""T wifi zone"",""r"":-60,""f"":5280},{""b"":""02:17:b2:0b:47:88"",""s"":""T wifi zone"",""r"":-62,""f"":2472},{""b"":""12:e3:c7:09:03:47"",""s"":""T Free WiFi Zone"",""r"":-62,""f"":5540},{""b"":""10:e3:c7:09:03:47"",""s"":""T wifi zone"",""r"":-63,""f"":5540},{""b"":""36:78:c2:00:0a:b5"",""s"":""KT WiFi "",""r"":-66,""f"":2412},{""b"":""36:78:c2:00:0a:b4"",""s"":""KT WiFi "",""r"":-66,""f"":5240},{""b"":""30:78:c2:00:0a:b4"",""s"":""KT WiFi"",""r"":-66,""f"":5240},{""b"":""30:78:c2:00:0a:b5"",""s"":""KT WiFi"",""r"":-66,""f"":2412},{""b"":""02:17:b2:0b:7d:b8"",""s"":""T wifi zone_secure"",""r"":-67,""f"":2452},{""b"":""12:06:ac:80:2a:a3"",""s"":""FREE_U+zone"",""r"":-76,""f"":5745},{""b"":""02:17:b2:0b:7d:b6"",""s"":""T wifi zone"",""r"":-76,""f"":2452}]",""
1789875638862,2026-09-20 12:40:38,unknown,37.544425,127.0567226,552.552,,,56.10851142170526,fused,4,LTE,NONE,4G,false,false,false,false,false,52542724,164,100,1,8282,450,06,-92,-16,-55,,3,0,,,,42,62,0.0003,0.0005,22,43,0.0002,0.0003,false,2,0,2,-92,279,100,4.270858E-7,true,false,periodic,0,2,,,5003,52542735,-91,-13,"[{""type"":""LTE"",""pci"":279,""earfcn"":100,""tac"":null,""rsrp"":-92,""rsrq"":-15,""rssi"":-65,""snr"":null,""ta"":0,""level"":3,""bands"":""1""},{""type"":""LTE"",""pci"":211,""earfcn"":100,""tac"":null,""rsrp"":-96,""rsrq"":-19,""rssi"":-65,""snr"":null,""ta"":0,""level"":2,""bands"":""1""}]",1011.71466,99,,30,4,,,,"[{""b"":""40:27:0b:02:a2:b8"",""s"":""U+zone"",""r"":-50,""f"":5785},{""b"":""40:27:0b:02:a2:b7"",""s"":""U+zone_2.4GHz"",""r"":-55,""f"":2432},{""b"":""22:17:b2:0b:47:8a"",""s"":""T wifi zone_secure"",""r"":-57,""f"":5280},{""b"":""22:17:b2:0b:47:88"",""s"":""T wifi zone"",""r"":-58,""f"":5280},{""b"":""02:17:b2:0b:47:88"",""s"":""T wifi zone"",""r"":-60,""f"":2472},{""b"":""02:17:b2:0b:47:8a"",""s"":""T wifi zone_secure"",""r"":-63,""f"":2472},{""b"":""36:78:c2:00:0a:b4"",""s"":""KT WiFi "",""r"":-63,""f"":5240},{""b"":""30:78:c2:00:0a:b4"",""s"":""KT WiFi"",""r"":-65,""f"":5240},{""b"":""36:78:c2:00:0a:b5"",""s"":""KT WiFi "",""r"":-66,""f"":2412},{""b"":""30:78:c2:00:0a:b5"",""s"":""KT WiFi"",""r"":-66,""f"":2412},{""b"":""40:27:0b:02:a2:c7"",""s"":""U+zone"",""r"":-75,""f"":5620},{""b"":""b6:4a:6a:5f:0e:40"",""s"":"""",""r"":-75,""f"":5745},{""b"":""30:89:d3:3c:ba:ef"",""s"":""GlobalWiFi_A3SIHR"",""r"":-79,""f"":2437},{""b"":""22:17:b2:0b:7d:b6"",""s"":""T wifi zone"",""r"":-81,""f"":5200},{""b"":""22:17:b2:0b:7d:b8"",""s"":""T wifi zone_secure"",""r"":-81,""f"":5200}]","[{""type"":""LTE"",""pci"":153,""earfcn"":100,""tac"":null,""rsrp"":-93,""rsrq"":-15,""rssi"":-67,""snr"":null,""ta"":1,""level"":3,""bands"":""1""},{""type"":""LTE"",""pci"":234,""earfcn"":100,""tac"":null,""rsrp"":-96,""rsrq"":-19,""rssi"":-67,""snr"":null,""ta"":1,""level"":2,""bands"":""1""},{""type"":""LTE"",""pci"":128,""earfcn"":100,""tac"":null,""rsrp"":-101,""rsrq"":-20,""rssi"":-71,""snr"":null,""ta"":1,""level"":2,""bands"":""1""}]"
1789875643885,2026-09-20 12:40:43,unknown,37.5455987,127.0527032,16.682,17.02,290.0,57.256987792247074,fused,0,LTE,NONE,4G,false,false,false,false,false,52542724,164,100,1,8282,450,06,-92,-16,-55,,3,0,,,,4967,1453,0.0397,0.0116,4927,1413,0.0394,0.0113,false,2,0,2,-92,279,100,17.02,false,false,periodic,5,2,0,,10027,,,,"[{""type"":""LTE"",""pci"":279,""earfcn"":100,""tac"":null,""rsrp"":-92,""rsrq"":-15,""rssi"":-65,""snr"":null,""ta"":0,""level"":3,""bands"":""1""},{""type"":""LTE"",""pci"":211,""earfcn"":100,""tac"":null,""rsrp"":-96,""rsrq"":-19,""rssi"":-65,""snr"":null,""ta"":0,""level"":2,""bands"":""1""}]",1011.64624,76,,16,2,,,,"[{""b"":""40:27:0b:02:a2:b8"",""s"":""U+zone"",""r"":-49,""f"":5785},{""b"":""22:17:b2:0b:47:88"",""s"":""T wifi zone"",""r"":-57,""f"":5280},{""b"":""22:17:b2:0b:47:8a"",""s"":""T wifi zone_secure"",""r"":-58,""f"":5280},{""b"":""02:17:b2:0b:47:88"",""s"":""T wifi zone"",""r"":-62,""f"":2472},{""b"":""02:17:b2:0b:47:8a"",""s"":""T wifi zone_secure"",""r"":-62,""f"":2472},{""b"":""36:78:c2:00:0a:b4"",""s"":""KT WiFi "",""r"":-65,""f"":5240},{""b"":""30:78:c2:00:0a:b4"",""s"":""KT WiFi"",""r"":-65,""f"":5240},{""b"":""30:78:c2:00:0a:b5"",""s"":""KT WiFi"",""r"":-65,""f"":2412},{""b"":""36:78:c2:00:0a:b5"",""s"":""KT WiFi "",""r"":-66,""f"":2412},{""b"":""30:89:d3:3c:ba:ef"",""s"":""GlobalWiFi_A3SIHR"",""r"":-78,""f"":2437},{""b"":""40:27:0b:02:a2:c7"",""s"":""U+zone"",""r"":-79,""f"":5620},{""b"":""02:a7:89:36:74:ac"",""s"":""iPhone"",""r"":-79,""f"":5745},{""b"":""30:78:c2:00:07:d5"",""s"":""KT WiFi"",""r"":-80,""f"":5640},{""b"":""36:78:c2:00:07:d5"",""s"":""KT WiFi "",""r"":-80,""f"":5640},{""b"":""22:17:b2:0b:7d:b6"",""s"":""T wifi zone"",""r"":-81,""f"":5200}]",""
1789875648911,2026-09-20 12:40:48,unknown,37.5458296,127.0519165,14.648,19.23,291.0,58.69669038128852,fused,1,LTE,NONE,4G,false,false,false,false,false,52541716,35,100,1,8282,450,06,-96,-14,-57,,2,1,,,,108353,893,0.8668,0.0071,108333,873,0.8667,0.0070,false,3,0,3,-100,385,100,19.23,true,false,periodic,0,3,,,5002,52542724,-92,-16,"[{""type"":""LTE"",""pci"":385,""earfcn"":100,""tac"":null,""rsrp"":-100,""rsrq"":-16,""rssi"":-73,""snr"":null,""ta"":1,""level"":2,""bands"":""1""},{""type"":""LTE"",""pci"":279,""earfcn"":100,""tac"":null,""rsrp"":-101,""rsrq"":-18,""rssi"":-73,""snr"":null,""ta"":1,""level"":2,""bands"":""1""},{""type"":""LTE"",""pci"":196,""earfcn"":100,""tac"":null,""rsrp"":-101,""rsrq"":-17,""rssi"":-73,""snr"":null,""ta"":1,""level"":2,""bands"":""1""}]",1011.2093,155,,16,7,,,,"[{""b"":""40:27:0b:02:a2:b8"",""s"":""U+zone"",""r"":-49,""f"":5785},{""b"":""22:17:b2:0b:47:88"",""s"":""T wifi zone"",""r"":-57,""f"":5280},{""b"":""22:17:b2:0b:47:8a"",""s"":""T wifi zone_secure"",""r"":-58,""f"":5280},{""b"":""02:17:b2:0b:47:88"",""s"":""T wifi zone"",""r"":-62,""f"":2472},{""b"":""02:17:b2:0b:47:8a"",""s"":""T wifi zone_secure"",""r"":-62,""f"":2472},{""b"":""36:78:c2:00:0a:b4"",""s"":""KT WiFi "",""r"":-65,""f"":5240},{""b"":""30:78:c2:00:0a:b4"",""s"":""KT WiFi"",""r"":-65,""f"":5240},{""b"":""30:78:c2:00:0a:b5"",""s"":""KT WiFi"",""r"":-65,""f"":2412},{""b"":""36:78:c2:00:0a:b5"",""s"":""KT WiFi "",""r"":-66,""f"":2412},{""b"":""30:89:d3:3c:ba:ef"",""s"":""GlobalWiFi_A3SIHR"",""r"":-78,""f"":2437},{""b"":""40:27:0b:02:a2:c7"",""s"":""U+zone"",""r"":-79,""f"":5620},{""b"":""02:a7:89:36:74:ac"",""s"":""iPhone"",""r"":-79,""f"":5745},{""b"":""30:78:c2:00:07:d5"",""s"":""KT WiFi"",""r"":-80,""f"":5640},{""b"":""36:78:c2:00:07:d5"",""s"":""KT WiFi "",""r"":-80,""f"":5640},{""b"":""22:17:b2:0b:7d:b6"",""s"":""T wifi zone"",""r"":-81,""f"":5200}]","[{""type"":""LTE"",""pci"":279,""earfcn"":100,""tac"":null,""rsrp"":-92,""rsrq"":-15,""rssi"":-65,""snr"":null,""ta"":0,""level"":3,""bands"":""1""},{""type"":""LTE"",""pci"":211,""earfcn"":100,""tac"":null,""rsrp"":-96,""rsrq"":-19,""rssi"":-65,""snr"":null,""ta"":0,""level"":2,""bands"":""1""}]"
1789875653932,2026-09-20 12:40:53,unknown,37.5461838,127.0505677,15.658,20.7,288.0,61.32716950281747,fused,0,LTE,NONE,4G,false,false,false,false,false,52541716,35,100,1,8282,450,06,-96,-14,-57,,2,1,,,,311655,1382,2.4932,0.0111,311635,1362,2.4931,0.0109,false,3,0,3,-100,385,100,20.7,false,false,periodic,5,3,0,,10022,,,,"[{""type"":""LTE"",""pci"":385,""earfcn"":100,""tac"":null,""rsrp"":-100,""rsrq"":-16,""rssi"":-73,""snr"":null,""ta"":1,""level"":2,""bands"":""1""},{""type"":""LTE"",""pci"":279,""earfcn"":100,""tac"":null,""rsrp"":-101,""rsrq"":-18,""rssi"":-73,""snr"":null,""ta"":1,""level"":2,""bands"":""1""},{""type"":""LTE"",""pci"":196,""earfcn"":100,""tac"":null,""rsrp"":-101,""rsrq"":-17,""rssi"":-73,""snr"":null,""ta"":1,""level"":2,""bands"":""1""}]",1011.2497,103,29.944,16,12,,,,"[{""b"":""40:27:0b:02:a2:b8"",""s"":""U+zone"",""r"":-49,""f"":5785},{""b"":""22:17:b2:0b:47:88"",""s"":""T wifi zone"",""r"":-57,""f"":5280},{""b"":""22:17:b2:0b:47:8a"",""s"":""T wifi zone_secure"",""r"":-58,""f"":5280},{""b"":""02:17:b2:0b:47:88"",""s"":""T wifi zone"",""r"":-62,""f"":2472},{""b"":""02:17:b2:0b:47:8a"",""s"":""T wifi zone_secure"",""r"":-62,""f"":2472},{""b"":""36:78:c2:00:0a:b4"",""s"":""KT WiFi "",""r"":-65,""f"":5240},{""b"":""30:78:c2:00:0a:b4"",""s"":""KT WiFi"",""r"":-65,""f"":5240},{""b"":""30:78:c2:00:0a:b5"",""s"":""KT WiFi"",""r"":-65,""f"":2412},{""b"":""36:78:c2:00:0a:b5"",""s"":""KT WiFi "",""r"":-66,""f"":2412},{""b"":""30:89:d3:3c:ba:ef"",""s"":""GlobalWiFi_A3SIHR"",""r"":-78,""f"":2437},{""b"":""40:27:0b:02:a2:c7"",""s"":""U+zone"",""r"":-79,""f"":5620},{""b"":""02:a7:89:36:74:ac"",""s"":""iPhone"",""r"":-79,""f"":5745},{""b"":""30:78:c2:00:07:d5"",""s"":""KT WiFi"",""r"":-80,""f"":5640},{""b"":""36:78:c2:00:07:d5"",""s"":""KT WiFi "",""r"":-80,""f"":5640},{""b"":""22:17:b2:0b:7d:b6"",""s"":""T wifi zone"",""r"":-81,""f"":5200}]",""
1789875658956,2026-09-20 12:40:58,unknown,37.5463686,127.0498874,11.713,16.09,288.0,61.42837780867788,fused,2,LTE,NONE,4G,false,false,false,false,false,52556817,385,100,1,8282,450,06,-93,-18,-55,,3,0,,,,42,62,0.0003,0.0005,22,42,0.0002,0.0003,false,4,0,4,-90,35,100,16.09,true,false,periodic,0,3,,,5004,52541716,-96,-14,"[{""type"":""LTE"",""pci"":35,""earfcn"":100,""tac"":null,""rsrp"":-90,""rsrq"":-18,""rssi"":-61,""snr"":null,""ta"":0,""level"":3,""bands"":""1""},{""type"":""LTE"",""pci"":297,""earfcn"":100,""tac"":null,""rsrp"":-92,""rsrq"":-15,""rssi"":-67,""snr"":null,""ta"":0,""level"":3,""bands"":""1""},{""type"":""LTE"",""pci"":318,""earfcn"":100,""tac"":null,""rsrp"":-93,""rsrq"":-16,""rssi"":-67,""snr"":null,""ta"":0,""level"":3,""bands"":""1""},{""type"":""LTE"",""pci"":213,""earfcn"":100,""tac"":null,""rsrp"":-94,""rsrq"":-18,""rssi"":-67,""snr"":null,""ta"":0,""level"":3,""bands"":""1""}]",1011.3804,264,,16,17,,,,"[{""b"":""40:27:0b:02:a2:b8"",""s"":""U+zone"",""r"":-49,""f"":5785},{""b"":""22:17:b2:0b:47:88"",""s"":""T wifi zone"",""r"":-57,""f"":5280},{""b"":""22:17:b2:0b:47:8a"",""s"":""T wifi zone_secure"",""r"":-58,""f"":5280},{""b"":""02:17:b2:0b:47:88"",""s"":""T wifi zone"",""r"":-62,""f"":2472},{""b"":""02:17:b2:0b:47:8a"",""s"":""T wifi zone_secure"",""r"":-62,""f"":2472},{""b"":""36:78:c2:00:0a:b4"",""s"":""KT WiFi "",""r"":-65,""f"":5240},{""b"":""30:78:c2:00:0a:b4"",""s"":""KT WiFi"",""r"":-65,""f"":5240},{""b"":""30:78:c2:00:0a:b5"",""s"":""KT WiFi"",""r"":-65,""f"":2412},{""b"":""36:78:c2:00:0a:b5"",""s"":""KT WiFi "",""r"":-66,""f"":2412},{""b"":""30:89:d3:3c:ba:ef"",""s"":""GlobalWiFi_A3SIHR"",""r"":-78,""f"":2437},{""b"":""40:27:0b:02:a2:c7"",""s"":""U+zone"",""r"":-79,""f"":5620},{""b"":""02:a7:89:36:74:ac"",""s"":""iPhone"",""r"":-79,""f"":5745},{""b"":""30:78:c2:00:07:d5"",""s"":""KT WiFi"",""r"":-80,""f"":5640},{""b"":""36:78:c2:00:07:d5"",""s"":""KT WiFi "",""r"":-80,""f"":5640},{""b"":""22:17:b2:0b:7d:b6"",""s"":""T wifi zone"",""r"":-81,""f"":5200}]","[{""type"":""LTE"",""pci"":385,""earfcn"":100,""tac"":null,""rsrp"":-100,""rsrq"":-16,""rssi"":-73,""snr"":null,""ta"":1,""level"":2,""bands"":""1""},{""type"":""LTE"",""pci"":279,""earfcn"":100,""tac"":null,""rsrp"":-101,""rsrq"":-18,""rssi"":-73,""snr"":null,""ta"":1,""level"":2,""bands"":""1""},{""type"":""LTE"",""pci"":196,""earfcn"":100,""tac"":null,""rsrp"":-101,""rsrq"":-17,""rssi"":-73,""snr"":null,""ta"":1,""level"":2,""bands"":""1""}]"
1789875663975,2026-09-20 12:41:03,unknown,37.5465745,127.0492058,8.659,11.99,293.0,60.3929952235423,fused,1,LTE,NONE,4G,false,false,false,false,false,52556817,385,100,1,8282,450,06,-93,-18,-55,,3,0,,,,62,82,0.0005,0.0007,22,43,0.0002,0.0003,false,4,0,4,-90,35,100,11.99,false,false,periodic,5,3,0,,10025,,,,"[{""type"":""LTE"",""pci"":35,""earfcn"":100,""tac"":null,""rsrp"":-90,""rsrq"":-18,""rssi"":-61,""snr"":null,""ta"":0,""level"":3,""bands"":""1""},{""type"":""LTE"",""pci"":297,""earfcn"":100,""tac"":null,""rsrp"":-92,""rsrq"":-15,""rssi"":-67,""snr"":null,""ta"":0,""level"":3,""bands"":""1""},{""type"":""LTE"",""pci"":318,""earfcn"":100,""tac"":null,""rsrp"":-93,""rsrq"":-16,""rssi"":-67,""snr"":null,""ta"":0,""level"":3,""bands"":""1""},{""type"":""LTE"",""pci"":213,""earfcn"":100,""tac"":null,""rsrp"":-94,""rsrq"":-18,""rssi"":-67,""snr"":null,""ta"":0,""level"":3,""bands"":""1""}]",1011.50256,72,,16,22,,,,"[{""b"":""40:27:0b:02:a2:b8"",""s"":""U+zone"",""r"":-49,""f"":5785},{""b"":""22:17:b2:0b:47:88"",""s"":""T wifi zone"",""r"":-57,""f"":5280},{""b"":""22:17:b2:0b:47:8a"",""s"":""T wifi zone_secure"",""r"":-58,""f"":5280},{""b"":""02:17:b2:0b:47:88"",""s"":""T wifi zone"",""r"":-62,""f"":2472},{""b"":""02:17:b2:0b:47:8a"",""s"":""T wifi zone_secure"",""r"":-62,""f"":2472},{""b"":""36:78:c2:00:0a:b4"",""s"":""KT WiFi "",""r"":-65,""f"":5240},{""b"":""30:78:c2:00:0a:b4"",""s"":""KT WiFi"",""r"":-65,""f"":5240},{""b"":""30:78:c2:00:0a:b5"",""s"":""KT WiFi"",""r"":-65,""f"":2412},{""b"":""36:78:c2:00:0a:b5"",""s"":""KT WiFi "",""r"":-66,""f"":2412},{""b"":""30:89:d3:3c:ba:ef"",""s"":""GlobalWiFi_A3SIHR"",""r"":-78,""f"":2437},{""b"":""40:27:0b:02:a2:c7"",""s"":""U+zone"",""r"":-79,""f"":5620},{""b"":""02:a7:89:36:74:ac"",""s"":""iPhone"",""r"":-79,""f"":5745},{""b"":""30:78:c2:00:07:d5"",""s"":""KT WiFi"",""r"":-80,""f"":5640},{""b"":""36:78:c2:00:07:d5"",""s"":""KT WiFi "",""r"":-80,""f"":5640},{""b"":""22:17:b2:0b:7d:b6"",""s"":""T wifi zone"",""r"":-81,""f"":5200}]",""
1789875668997,2026-09-20 12:41:08,unknown,37.5467282,127.0486412,12.512,8.73,294.0,59.314669094796756,fused,0,LTE,NONE,4G,false,false,false,false,false,52556813,213,100,1,8282,450,06,-90,-13,-55,,3,1,,,,42,62,0.0003,0.0005,22,43,0.0002,0.0003,false,1,0,1,-97,318,100,8.73,true,false,periodic,0,3,,,4998,52556817,-93,-18,"[{""type"":""LTE"",""pci"":318,""earfcn"":100,""tac"":null,""rsrp"":-97,""rsrq"":-16,""rssi"":-65,""snr"":null,""ta"":1,""level"":2,""bands"":""1""}]",1011.6084,109,,30,3,,,,"[{""b"":""40:27:0b:02:a2:b8"",""s"":""U+zone"",""r"":-51,""f"":5785},{""b"":""22:17:b2:0b:47:8a"",""s"":""T wifi zone_secure"",""r"":-58,""f"":5280},{""b"":""22:17:b2:0b:47:88"",""s"":""T wifi zone"",""r"":-59,""f"":5280},{""b"":""36:78:c2:00:0a:b5"",""s"":""KT WiFi "",""r"":-61,""f"":2412},{""b"":""30:78:c2:00:0a:b5"",""s"":""KT WiFi"",""r"":-61,""f"":2412},{""b"":""36:78:c2:00:0a:b4"",""s"":""KT WiFi "",""r"":-64,""f"":5240},{""b"":""30:78:c2:00:0a:b4"",""s"":""KT WiFi"",""r"":-65,""f"":5240},{""b"":""40:27:0b:02:a2:c6"",""s"":""U+zone_2.4GHz"",""r"":-73,""f"":2432},{""b"":""30:78:c2:00:07:d5"",""s"":""KT WiFi"",""r"":-77,""f"":5640},{""b"":""36:78:c2:00:07:d5"",""s"":""KT WiFi "",""r"":-77,""f"":5640},{""b"":""40:27:0b:02:a2:c7"",""s"":""U+zone"",""r"":-79,""f"":5620},{""b"":""28:b3:71:7e:e3:62"",""s"":""SEOUL"",""r"":-81,""f"":2472},{""b"":""0c:96:cd:bb:5e:11"",""s"":""SK_WiFiGIGA5E0E_2.4G"",""r"":-81,""f"":2427},{""b"":""28:b3:71:7e:e3:60"",""s"":"""",""r"":-82,""f"":2472},{""b"":""28:b3:71:7e:e3:64"",""s"":"""",""r"":-82,""f"":2472}]","[{""type"":""LTE"",""pci"":35,""earfcn"":100,""tac"":null,""rsrp"":-90,""rsrq"":-18,""rssi"":-61,""snr"":null,""ta"":0,""level"":3,""bands"":""1""},{""type"":""LTE"",""pci"":297,""earfcn"":100,""tac"":null,""rsrp"":-92,""rsrq"":-15,""rssi"":-67,""snr"":null,""ta"":0,""level"":3,""bands"":""1""},{""type"":""LTE"",""pci"":318,""earfcn"":100,""tac"":null,""rsrp"":-93,""rsrq"":-16,""rssi"":-67,""snr"":null,""ta"":0,""level"":3,""bands"":""1""},{""type"":""LTE"",""pci"":213,""earfcn"":100,""tac"":null,""rsrp"":-94,""rsrq"":-18,""rssi"":-67,""snr"":null,""ta"":0,""level"":3,""bands"":""1""}]"
1789875674015,2026-09-20 12:41:14,unknown,37.5468118,127.0482414,12.873,7.85,287.0,59.39242022777489,fused,1,LTE,NONE,4G,false,false,false,false,false,52556813,213,100,1,8282,450,06,-90,-13,-55,,3,1,,,,42,62,0.0003,0.0005,22,43,0.0002,0.0003,false,1,0,1,-97,318,100,7.85,false,false,periodic,5,3,0,,10018,,,,"[{""type"":""LTE"",""pci"":318,""earfcn"":100,""tac"":null,""rsrp"":-97,""rsrq"":-16,""rssi"":-65,""snr"":null,""ta"":1,""level"":2,""bands"":""1""}]",1011.5958,108,,30,9,,,,"[{""b"":""40:27:0b:02:a2:b8"",""s"":""U+zone"",""r"":-51,""f"":5785},{""b"":""22:17:b2:0b:47:8a"",""s"":""T wifi zone_secure"",""r"":-58,""f"":5280},{""b"":""22:17:b2:0b:47:88"",""s"":""T wifi zone"",""r"":-59,""f"":5280},{""b"":""36:78:c2:00:0a:b5"",""s"":""KT WiFi "",""r"":-61,""f"":2412},{""b"":""30:78:c2:00:0a:b5"",""s"":""KT WiFi"",""r"":-61,""f"":2412},{""b"":""36:78:c2:00:0a:b4"",""s"":""KT WiFi "",""r"":-64,""f"":5240},{""b"":""30:78:c2:00:0a:b4"",""s"":""KT WiFi"",""r"":-65,""f"":5240},{""b"":""40:27:0b:02:a2:c6"",""s"":""U+zone_2.4GHz"",""r"":-73,""f"":2432},{""b"":""30:78:c2:00:07:d5"",""s"":""KT WiFi"",""r"":-77,""f"":5640},{""b"":""36:78:c2:00:07:d5"",""s"":""KT WiFi "",""r"":-77,""f"":5640},{""b"":""40:27:0b:02:a2:c7"",""s"":""U+zone"",""r"":-79,""f"":5620},{""b"":""28:b3:71:7e:e3:62"",""s"":""SEOUL"",""r"":-81,""f"":2472},{""b"":""0c:96:cd:bb:5e:11"",""s"":""SK_WiFiGIGA5E0E_2.4G"",""r"":-81,""f"":2427},{""b"":""28:b3:71:7e:e3:60"",""s"":"""",""r"":-82,""f"":2472},{""b"":""28:b3:71:7e:e3:64"",""s"":"""",""r"":-82,""f"":2472}]",""
1789875679039,2026-09-20 12:41:19,unknown,37.5468542,127.0480119,13.666,4.85,285.0,58.88652091385309,fused,0,LTE,NONE,4G,false,false,false,false,false,52556813,213,100,1,8282,450,06,-101,-15,-65,,2,0,,,,42,62,0.0003,0.0005,22,42,0.0002,0.0003,false,5,0,5,-101,37,100,4.85,false,false,periodic,10,2,-11,,5003,,,,"[{""type"":""LTE"",""pci"":37,""earfcn"":100,""tac"":null,""rsrp"":-101,""rsrq"":-15,""rssi"":-77,""snr"":null,""ta"":0,""level"":2,""bands"":""1""},{""type"":""LTE"",""pci"":35,""earfcn"":100,""tac"":null,""rsrp"":-103,""rsrq"":-16,""rssi"":-77,""snr"":null,""ta"":0,""level"":2,""bands"":""1""},{""type"":""LTE"",""pci"":261,""earfcn"":100,""tac"":null,""rsrp"":-104,""rsrq"":-17,""rssi"":-77,""snr"":null,""ta"":0,""level"":2,""bands"":""1""},{""type"":""LTE"",""pci"":172,""earfcn"":100,""tac"":null,""rsrp"":-104,""rsrq"":-18,""rssi"":-75,""snr"":null,""ta"":0,""level"":2,""bands"":""1""},{""type"":""LTE"",""pci"":269,""earfcn"":100,""tac"":null,""rsrp"":-104,""rsrq"":-18,""rssi"":-75,""snr"":null,""ta"":0,""level"":2,""bands"":""1""}]",1011.57776,92,,30,14,,,,"[{""b"":""40:27:0b:02:a2:b8"",""s"":""U+zone"",""r"":-51,""f"":5785},{""b"":""22:17:b2:0b:47:8a"",""s"":""T wifi zone_secure"",""r"":-58,""f"":5280},{""b"":""22:17:b2:0b:47:88"",""s"":""T wifi zone"",""r"":-59,""f"":5280},{""b"":""36:78:c2:00:0a:b5"",""s"":""KT WiFi "",""r"":-61,""f"":2412},{""b"":""30:78:c2:00:0a:b5"",""s"":""KT WiFi"",""r"":-61,""f"":2412},{""b"":""36:78:c2:00:0a:b4"",""s"":""KT WiFi "",""r"":-64,""f"":5240},{""b"":""30:78:c2:00:0a:b4"",""s"":""KT WiFi"",""r"":-65,""f"":5240},{""b"":""40:27:0b:02:a2:c6"",""s"":""U+zone_2.4GHz"",""r"":-73,""f"":2432},{""b"":""30:78:c2:00:07:d5"",""s"":""KT WiFi"",""r"":-77,""f"":5640},{""b"":""36:78:c2:00:07:d5"",""s"":""KT WiFi "",""r"":-77,""f"":5640},{""b"":""40:27:0b:02:a2:c7"",""s"":""U+zone"",""r"":-79,""f"":5620},{""b"":""28:b3:71:7e:e3:62"",""s"":""SEOUL"",""r"":-81,""f"":2472},{""b"":""0c:96:cd:bb:5e:11"",""s"":""SK_WiFiGIGA5E0E_2.4G"",""r"":-81,""f"":2427},{""b"":""28:b3:71:7e:e3:60"",""s"":"""",""r"":-82,""f"":2472},{""b"":""28:b3:71:7e:e3:64"",""s"":"""",""r"":-82,""f"":2472}]",""
1789875684057,2026-09-20 12:41:24,unknown,37.5468859,127.047884,14.297,3.55,292.0,56.980904161135015,fused,1,LTE,NONE,4G,false,false,false,false,false,52556813,213,100,1,8282,450,06,-101,-15,-65,,2,0,,,,420950,4703,3.3676,0.0376,420931,4683,3.3674,0.0375,false,5,0,5,-101,37,100,3.55,false,false,periodic,15,2,0,,10022,,,,"[{""type"":""LTE"",""pci"":37,""earfcn"":100,""tac"":null,""rsrp"":-101,""rsrq"":-15,""rssi"":-77,""snr"":null,""ta"":0,""level"":2,""bands"":""1""},{""type"":""LTE"",""pci"":35,""earfcn"":100,""tac"":null,""rsrp"":-103,""rsrq"":-16,""rssi"":-77,""snr"":null,""ta"":0,""level"":2,""bands"":""1""},{""type"":""LTE"",""pci"":261,""earfcn"":100,""tac"":null,""rsrp"":-104,""rsrq"":-17,""rssi"":-77,""snr"":null,""ta"":0,""level"":2,""bands"":""1""},{""type"":""LTE"",""pci"":172,""earfcn"":100,""tac"":null,""rsrp"":-104,""rsrq"":-18,""rssi"":-75,""snr"":null,""ta"":0,""level"":2,""bands"":""1""},{""type"":""LTE"",""pci"":269,""earfcn"":100,""tac"":null,""rsrp"":-104,""rsrq"":-18,""rssi"":-75,""snr"":null,""ta"":0,""level"":2,""bands"":""1""}]",1011.5155,92,5.662,30,19,,,,"[{""b"":""40:27:0b:02:a2:b8"",""s"":""U+zone"",""r"":-51,""f"":5785},{""b"":""22:17:b2:0b:47:8a"",""s"":""T wifi zone_secure"",""r"":-58,""f"":5280},{""b"":""22:17:b2:0b:47:88"",""s"":""T wifi zone"",""r"":-59,""f"":5280},{""b"":""36:78:c2:00:0a:b5"",""s"":""KT WiFi "",""r"":-61,""f"":2412},{""b"":""30:78:c2:00:0a:b5"",""s"":""KT WiFi"",""r"":-61,""f"":2412},{""b"":""36:78:c2:00:0a:b4"",""s"":""KT WiFi "",""r"":-64,""f"":5240},{""b"":""30:78:c2:00:0a:b4"",""s"":""KT WiFi"",""r"":-65,""f"":5240},{""b"":""40:27:0b:02:a2:c6"",""s"":""U+zone_2.4GHz"",""r"":-73,""f"":2432},{""b"":""30:78:c2:00:07:d5"",""s"":""KT WiFi"",""r"":-77,""f"":5640},{""b"":""36:78:c2:00:07:d5"",""s"":""KT WiFi "",""r"":-77,""f"":5640},{""b"":""40:27:0b:02:a2:c7"",""s"":""U+zone"",""r"":-79,""f"":5620},{""b"":""28:b3:71:7e:e3:62"",""s"":""SEOUL"",""r"":-81,""f"":2472},{""b"":""0c:96:cd:bb:5e:11"",""s"":""SK_WiFiGIGA5E0E_2.4G"",""r"":-81,""f"":2427},{""b"":""28:b3:71:7e:e3:60"",""s"":"""",""r"":-82,""f"":2472},{""b"":""28:b3:71:7e:e3:64"",""s"":"""",""r"":-82,""f"":2472}]",""
1789875689080,2026-09-20 12:41:29,unknown,37.546879,127.047981,12.884,1.43,345.0,58.83055605769838,fused,0,LTE,NONE,4G,false,false,false,false,false,52552991,37,100,1,8282,450,06,-101,-13,-65,,2,0,,,,70,82,0.0006,0.0007,30,43,0.0002,0.0003,false,2,0,2,-105,213,100,1.43,true,false,periodic,0,2,,,5002,52556813,-101,-15,"[{""type"":""LTE"",""pci"":213,""earfcn"":100,""tac"":null,""rsrp"":-105,""rsrq"":-18,""rssi"":-75,""snr"":null,""ta"":0,""level"":2,""bands"":""1""},{""type"":""LTE"",""pci"":35,""earfcn"":100,""tac"":null,""rsrp"":-105,""rsrq"":-19,""rssi"":-75,""snr"":null,""ta"":0,""level"":2,""bands"":""1""}]",1011.70807,22,,30,24,,,,"[{""b"":""40:27:0b:02:a2:b8"",""s"":""U+zone"",""r"":-51,""f"":5785},{""b"":""22:17:b2:0b:47:8a"",""s"":""T wifi zone_secure"",""r"":-58,""f"":5280},{""b"":""22:17:b2:0b:47:88"",""s"":""T wifi zone"",""r"":-59,""f"":5280},{""b"":""36:78:c2:00:0a:b5"",""s"":""KT WiFi "",""r"":-61,""f"":2412},{""b"":""30:78:c2:00:0a:b5"",""s"":""KT WiFi"",""r"":-61,""f"":2412},{""b"":""36:78:c2:00:0a:b4"",""s"":""KT WiFi "",""r"":-64,""f"":5240},{""b"":""30:78:c2:00:0a:b4"",""s"":""KT WiFi"",""r"":-65,""f"":5240},{""b"":""40:27:0b:02:a2:c6"",""s"":""U+zone_2.4GHz"",""r"":-73,""f"":2432},{""b"":""30:78:c2:00:07:d5"",""s"":""KT WiFi"",""r"":-77,""f"":5640},{""b"":""36:78:c2:00:07:d5"",""s"":""KT WiFi "",""r"":-77,""f"":5640},{""b"":""40:27:0b:02:a2:c7"",""s"":""U+zone"",""r"":-79,""f"":5620},{""b"":""28:b3:71:7e:e3:62"",""s"":""SEOUL"",""r"":-81,""f"":2472},{""b"":""0c:96:cd:bb:5e:11"",""s"":""SK_WiFiGIGA5E0E_2.4G"",""r"":-81,""f"":2427},{""b"":""28:b3:71:7e:e3:60"",""s"":"""",""r"":-82,""f"":2472},{""b"":""28:b3:71:7e:e3:64"",""s"":"""",""r"":-82,""f"":2472}]","[{""type"":""LTE"",""pci"":37,""earfcn"":100,""tac"":null,""rsrp"":-101,""rsrq"":-15,""rssi"":-77,""snr"":null,""ta"":0,""level"":2,""bands"":""1""},{""type"":""LTE"",""pci"":35,""earfcn"":100,""tac"":null,""rsrp"":-103,""rsrq"":-16,""rssi"":-77,""snr"":null,""ta"":0,""level"":2,""bands"":""1""},{""type"":""LTE"",""pci"":261,""earfcn"":100,""tac"":null,""rsrp"":-104,""rsrq"":-17,""rssi"":-77,""snr"":null,""ta"":0,""level"":2,""bands"":""1""},{""type"":""LTE"",""pci"":172,""earfcn"":100,""tac"":null,""rsrp"":-104,""rsrq"":-18,""rssi"":-75,""snr"":null,""ta"":0,""level"":2,""bands"":""1""},{""type"":""LTE"",""pci"":269,""earfcn"":100,""tac"":null,""rsrp"":-104,""rsrq"":-18,""rssi"":-75,""snr"":null,""ta"":0,""level"":2,""bands"":""1""}]"
1789875694102,2026-09-20 12:41:34,unknown,37.5468701,127.0480578,10.993,0.0,,57.072250275803825,fused,1,LTE,NONE,4G,false,false,false,false,false,52552991,37,100,1,8282,450,06,-101,-13,-65,,2,0,,,,64,78,0.0005,0.0006,44,58,0.0004,0.0005,false,2,0,2,-105,213,100,0.03347838,false,false,periodic,5,2,0,,10025,,,,"[{""type"":""LTE"",""pci"":213,""earfcn"":100,""tac"":null,""rsrp"":-105,""rsrq"":-18,""rssi"":-75,""snr"":null,""ta"":0,""level"":2,""bands"":""1""},{""type"":""LTE"",""pci"":35,""earfcn"":100,""tac"":null,""rsrp"":-105,""rsrq"":-19,""rssi"":-75,""snr"":null,""ta"":0,""level"":2,""bands"":""1""}]",1011.56226,76,,30,29,,,,"[{""b"":""40:27:0b:02:a2:b8"",""s"":""U+zone"",""r"":-51,""f"":5785},{""b"":""22:17:b2:0b:47:8a"",""s"":""T wifi zone_secure"",""r"":-58,""f"":5280},{""b"":""22:17:b2:0b:47:88"",""s"":""T wifi zone"",""r"":-59,""f"":5280},{""b"":""36:78:c2:00:0a:b5"",""s"":""KT WiFi "",""r"":-61,""f"":2412},{""b"":""30:78:c2:00:0a:b5"",""s"":""KT WiFi"",""r"":-61,""f"":2412},{""b"":""36:78:c2:00:0a:b4"",""s"":""KT WiFi "",""r"":-64,""f"":5240},{""b"":""30:78:c2:00:0a:b4"",""s"":""KT WiFi"",""r"":-65,""f"":5240},{""b"":""40:27:0b:02:a2:c6"",""s"":""U+zone_2.4GHz"",""r"":-73,""f"":2432},{""b"":""30:78:c2:00:07:d5"",""s"":""KT WiFi"",""r"":-77,""f"":5640},{""b"":""36:78:c2:00:07:d5"",""s"":""KT WiFi "",""r"":-77,""f"":5640},{""b"":""40:27:0b:02:a2:c7"",""s"":""U+zone"",""r"":-79,""f"":5620},{""b"":""28:b3:71:7e:e3:62"",""s"":""SEOUL"",""r"":-81,""f"":2472},{""b"":""0c:96:cd:bb:5e:11"",""s"":""SK_WiFiGIGA5E0E_2.4G"",""r"":-81,""f"":2427},{""b"":""28:b3:71:7e:e3:60"",""s"":"""",""r"":-82,""f"":2472},{""b"":""28:b3:71:7e:e3:64"",""s"":"""",""r"":-82,""f"":2472}]",""
1789875699125,2026-09-20 12:41:39,unknown,37.5468389,127.0480973,20.717,0.9,187.0,58.89385760706321,fused,0,LTE,NONE,4G,false,false,false,false,false,52552991,37,100,1,8282,450,06,-97,-13,-63,,2,0,,,,4446,1550,0.0356,0.0124,4426,1530,0.0354,0.0122,false,2,0,2,-99,213,100,0.9,false,false,periodic,10,1,4,,5001,,,,"[{""type"":""LTE"",""pci"":213,""earfcn"":100,""tac"":null,""rsrp"":-99,""rsrq"":-17,""rssi"":-73,""snr"":null,""ta"":0,""level"":2,""bands"":""1""},{""type"":""LTE"",""pci"":35,""earfcn"":100,""tac"":null,""rsrp"":-101,""rsrq"":-17,""rssi"":-71,""snr"":null,""ta"":0,""level"":2,""bands"":""1""}]",1011.53186,43,,45,4,,,,"[{""b"":""40:27:0b:02:a2:b8"",""s"":""U+zone"",""r"":-52,""f"":5785},{""b"":""02:17:b2:0b:47:88"",""s"":""T wifi zone"",""r"":-59,""f"":2472},{""b"":""40:27:0b:02:a2:b7"",""s"":""U+zone_2.4GHz"",""r"":-60,""f"":2432},{""b"":""02:17:b2:0b:47:8a"",""s"":""T wifi zone_secure"",""r"":-60,""f"":2472},{""b"":""22:17:b2:0b:47:8a"",""s"":""T wifi zone_secure"",""r"":-61,""f"":5280},{""b"":""22:17:b2:0b:47:88"",""s"":""T wifi zone"",""r"":-61,""f"":5280},{""b"":""36:78:c2:00:0a:b4"",""s"":""KT WiFi "",""r"":-65,""f"":5240},{""b"":""30:78:c2:00:0a:b4"",""s"":""KT WiFi"",""r"":-65,""f"":5240},{""b"":""40:27:0b:03:51:54"",""s"":""U+zone"",""r"":-67,""f"":5745},{""b"":""36:78:c2:00:0a:b5"",""s"":""KT WiFi "",""r"":-67,""f"":2412},{""b"":""02:17:b2:0c:3f:30"",""s"":""T wifi zone_2.4G"",""r"":-68,""f"":2412},{""b"":""30:78:c2:00:0a:b5"",""s"":""KT WiFi"",""r"":-68,""f"":2412},{""b"":""1e:bd:ad:10:bc:03"",""s"":""T Free WiFi Zone"",""r"":-70,""f"":2472},{""b"":""12:24:ba:5c:7f:b6"",""s"":""GlocalNet_7A0144"",""r"":-71,""f"":5220},{""b"":""00:1d:93:c7:59:b7"",""s"":""ollehWiFi "",""r"":-71,""f"":2412}]",""
1789875704151,2026-09-20 12:41:44,unknown,37.5470028,127.0480996,19.213,0.6,187.0,59.02201872789189,fused,1,LTE,NONE,4G,false,false,false,false,false,52552991,37,100,1,8282,450,06,-97,-13,-63,,2,0,,,,50,78,0.0004,0.0006,30,58,0.0002,0.0005,false,2,0,2,-99,213,100,0.6,false,false,periodic,15,1,0,,10027,,,,"[{""type"":""LTE"",""pci"":213,""earfcn"":100,""tac"":null,""rsrp"":-99,""rsrq"":-17,""rssi"":-73,""snr"":null,""ta"":0,""level"":2,""bands"":""1""},{""type"":""LTE"",""pci"":35,""earfcn"":100,""tac"":null,""rsrp"":-101,""rsrq"":-17,""rssi"":-71,""snr"":null,""ta"":0,""level"":2,""bands"":""1""}]",1011.5162,48,,45,9,,,,"[{""b"":""40:27:0b:02:a2:b8"",""s"":""U+zone"",""r"":-52,""f"":5785},{""b"":""02:17:b2:0b:47:88"",""s"":""T wifi zone"",""r"":-59,""f"":2472},{""b"":""40:27:0b:02:a2:b7"",""s"":""U+zone_2.4GHz"",""r"":-60,""f"":2432},{""b"":""02:17:b2:0b:47:8a"",""s"":""T wifi zone_secure"",""r"":-60,""f"":2472},{""b"":""22:17:b2:0b:47:8a"",""s"":""T wifi zone_secure"",""r"":-61,""f"":5280},{""b"":""22:17:b2:0b:47:88"",""s"":""T wifi zone"",""r"":-61,""f"":5280},{""b"":""36:78:c2:00:0a:b4"",""s"":""KT WiFi "",""r"":-65,""f"":5240},{""b"":""30:78:c2:00:0a:b4"",""s"":""KT WiFi"",""r"":-65,""f"":5240},{""b"":""40:27:0b:03:51:54"",""s"":""U+zone"",""r"":-67,""f"":5745},{""b"":""36:78:c2:00:0a:b5"",""s"":""KT WiFi "",""r"":-67,""f"":2412},{""b"":""02:17:b2:0c:3f:30"",""s"":""T wifi zone_2.4G"",""r"":-68,""f"":2412},{""b"":""30:78:c2:00:0a:b5"",""s"":""KT WiFi"",""r"":-68,""f"":2412},{""b"":""1e:bd:ad:10:bc:03"",""s"":""T Free WiFi Zone"",""r"":-70,""f"":2472},{""b"":""12:24:ba:5c:7f:b6"",""s"":""GlocalNet_7A0144"",""r"":-71,""f"":5220},{""b"":""00:1d:93:c7:59:b7"",""s"":""ollehWiFi "",""r"":-71,""f"":2412}]",""
1789875709174,2026-09-20 12:41:49,unknown,37.5470255,127.0481531,37.314,0.28,187.0,59.08895383767652,fused,0,LTE,NONE,4G,false,false,false,false,false,52552991,37,100,1,8282,450,06,-94,-13,-59,,3,1,,,,70,98,0.0006,0.0008,30,58,0.0002,0.0005,false,2,0,2,-97,35,100,0.28,false,false,periodic,20,1,3,,5003,,,,"[{""type"":""LTE"",""pci"":35,""earfcn"":100,""tac"":null,""rsrp"":-97,""rsrq"":-17,""rssi"":-71,""snr"":null,""ta"":1,""level"":2,""bands"":""1""},{""type"":""LTE"",""pci"":213,""earfcn"":100,""tac"":null,""rsrp"":-100,""rsrq"":-19,""rssi"":-71,""snr"":null,""ta"":1,""level"":2,""bands"":""1""}]",1011.5219,48,,43,4,,,,"[{""b"":""22:17:b2:0b:47:88"",""s"":""T wifi zone"",""r"":-52,""f"":5280},{""b"":""22:17:b2:0b:47:8a"",""s"":""T wifi zone_secure"",""r"":-53,""f"":5280},{""b"":""30:78:c2:00:0a:b4"",""s"":""KT WiFi"",""r"":-53,""f"":5240},{""b"":""36:78:c2:00:0a:b4"",""s"":""KT WiFi "",""r"":-55,""f"":5240},{""b"":""40:27:0b:02:a2:b8"",""s"":""U+zone"",""r"":-57,""f"":5785},{""b"":""36:78:c2:00:0a:b5"",""s"":""KT WiFi "",""r"":-63,""f"":2412},{""b"":""30:78:c2:00:0a:b5"",""s"":""KT WiFi"",""r"":-63,""f"":2412},{""b"":""40:27:0b:03:51:77"",""s"":""U+zone"",""r"":-68,""f"":5500},{""b"":""d4:f1:43:04:52:76"",""s"":""IPR-400AW_2.4G_5276"",""r"":-75,""f"":2462},{""b"":""00:40:5a:c3:e5:23"",""s"":""FREE_U+zone"",""r"":-76,""f"":2432},{""b"":""40:27:0b:02:a2:c7"",""s"":""U+zone"",""r"":-77,""f"":5620},{""b"":""22:17:b2:0b:7d:b6"",""s"":""T wifi zone"",""r"":-81,""f"":5200},{""b"":""22:17:b2:0b:7d:b8"",""s"":""T wifi zone_secure"",""r"":-81,""f"":5200},{""b"":""22:17:b2:0c:3a:d2"",""s"":""T wifi zone"",""r"":-81,""f"":5520},{""b"":""22:17:b2:0c:3a:d4"",""s"":""T wifi zone_secure"",""r"":-82,""f"":5520}]",""
1789875714199,2026-09-20 12:41:54,unknown,37.546972,127.0481401,31.822,0.58,171.0,59.09777478246755,fused,1,LTE,NONE,4G,false,false,false,false,false,52552991,37,100,1,8282,450,06,-94,-13,-59,,3,1,,,,424535,3857,3.3963,0.0309,424515,3838,3.3961,0.0307,false,2,0,2,-97,35,100,0.58,false,false,periodic,25,1,0,,10027,,,,"[{""type"":""LTE"",""pci"":35,""earfcn"":100,""tac"":null,""rsrp"":-97,""rsrq"":-17,""rssi"":-71,""snr"":null,""ta"":1,""level"":2,""bands"":""1""},{""type"":""LTE"",""pci"":213,""earfcn"":100,""tac"":null,""rsrp"":-100,""rsrq"":-19,""rssi"":-71,""snr"":null,""ta"":1,""level"":2,""bands"":""1""}]",1011.5225,47,15.039,42,2,,,,"[{""b"":""40:27:0b:02:a2:b8"",""s"":""U+zone"",""r"":-57,""f"":5785},{""b"":""22:17:b2:0b:47:8a"",""s"":""T wifi zone_secure"",""r"":-57,""f"":5280},{""b"":""22:17:b2:0b:47:88"",""s"":""T wifi zone"",""r"":-57,""f"":5280},{""b"":""02:17:b2:0b:47:88"",""s"":""T wifi zone"",""r"":-59,""f"":2472},{""b"":""36:78:c2:00:0a:b4"",""s"":""KT WiFi "",""r"":-64,""f"":5240},{""b"":""30:78:c2:00:0a:b4"",""s"":""KT WiFi"",""r"":-64,""f"":5240},{""b"":""40:27:0b:03:51:6d"",""s"":""U+zone"",""r"":-64,""f"":5745},{""b"":""36:78:c2:00:0a:b5"",""s"":""KT WiFi "",""r"":-65,""f"":2412},{""b"":""30:78:c2:00:0a:b5"",""s"":""KT WiFi"",""r"":-66,""f"":2412},{""b"":""36:78:c2:00:09:5e"",""s"":""KT WiFi "",""r"":-70,""f"":5640},{""b"":""18:bd:ad:12:45:00"",""s"":""T wifi zone"",""r"":-72,""f"":2472},{""b"":""30:78:c2:00:09:5e"",""s"":""KT WiFi"",""r"":-72,""f"":5640},{""b"":""1e:bd:ad:12:45:02"",""s"":""T wifi zone_secure"",""r"":-73,""f"":2472},{""b"":""5e:f3:10:2b:79:be"",""s"":""Galaxy A33 5G 884C"",""r"":-73,""f"":2412},{""b"":""00:1d:93:c7:60:58"",""s"":""KT WiFi"",""r"":-75,""f"":5240}]",""
1789875719226,2026-09-20 12:41:59,unknown,37.5470069,127.0481794,34.455,0.15,171.0,59.085321686568506,fused,0,LTE,NONE,4G,false,false,false,false,false,52552991,37,100,1,8282,450,06,-94,-13,-59,,3,1,,,,50,78,0.0004,0.0006,30,58,0.0002,0.0005,false,3,0,3,-98,213,100,0.15,false,false,periodic,30,0,0,,5002,,,,"[{""type"":""LTE"",""pci"":213,""earfcn"":100,""tac"":null,""rsrp"":-98,""rsrq"":-18,""rssi"":-71,""snr"":null,""ta"":1,""level"":2,""bands"":""1""},{""type"":""LTE"",""pci"":35,""earfcn"":100,""tac"":null,""rsrp"":-100,""rsrq"":-19,""rssi"":-71,""snr"":null,""ta"":1,""level"":2,""bands"":""1""},{""type"":""LTE"",""pci"":79,""earfcn"":100,""tac"":null,""rsrp"":-105,""rsrq"":-20,""rssi"":-71,""snr"":null,""ta"":1,""level"":2,""bands"":""1""}]",1011.51917,65,,32,0,,,,"[{""b"":""40:27:0b:02:a2:b8"",""s"":""U+zone"",""r"":-50,""f"":5785},{""b"":""36:78:c2:00:0a:b4"",""s"":""KT WiFi "",""r"":-52,""f"":5240},{""b"":""30:78:c2:00:0a:b4"",""s"":""KT WiFi"",""r"":-52,""f"":5240},{""b"":""02:17:b2:0b:47:88"",""s"":""T wifi zone"",""r"":-59,""f"":2472},{""b"":""02:17:b2:0b:47:8a"",""s"":""T wifi zone_secure"",""r"":-59,""f"":2472},{""b"":""22:17:b2:0b:47:8a"",""s"":""T wifi zone_secure"",""r"":-60,""f"":5280},{""b"":""22:17:b2:0b:47:88"",""s"":""T wifi zone"",""r"":-60,""f"":5280},{""b"":""00:40:5a:c4:01:02"",""s"":""U+zone"",""r"":-68,""f"":2452},{""b"":""30:78:c2:00:0a:b5"",""s"":""KT WiFi"",""r"":-68,""f"":2412},{""b"":""36:78:c2:00:0a:b5"",""s"":""KT WiFi "",""r"":-69,""f"":2412},{""b"":""18:bd:ad:10:bc:00"",""s"":""T wifi zone"",""r"":-70,""f"":2472},{""b"":""1e:bd:ad:12:45:02"",""s"":""T wifi zone_secure"",""r"":-74,""f"":2472},{""b"":""18:bd:ad:12:45:00"",""s"":""T wifi zone"",""r"":-75,""f"":2472},{""b"":""40:27:0b:02:a2:c7"",""s"":""U+zone"",""r"":-80,""f"":5620},{""b"":""22:17:b2:0b:7d:b6"",""s"":""T wifi zone"",""r"":-81,""f"":5200}]",""
1789875724249,2026-09-20 12:42:04,unknown,37.5469958,127.048169,23.371,0.0,,55.39999771118164,fused,1,LTE,NONE,4G,false,false,false,false,false,52552991,37,100,1,8282,450,06,-94,-13,-59,,3,1,,,,50,78,0.0004,0.0006,30,58,0.0002,0.0005,false,3,0,3,-98,213,100,7.421068E-5,false,false,periodic,35,0,0,,10026,,,,"[{""type"":""LTE"",""pci"":213,""earfcn"":100,""tac"":null,""rsrp"":-98,""rsrq"":-18,""rssi"":-71,""snr"":null,""ta"":1,""level"":2,""bands"":""1""},{""type"":""LTE"",""pci"":35,""earfcn"":100,""tac"":null,""rsrp"":-100,""rsrq"":-19,""rssi"":-71,""snr"":null,""ta"":1,""level"":2,""bands"":""1""},{""type"":""LTE"",""pci"":79,""earfcn"":100,""tac"":null,""rsrp"":-105,""rsrq"":-20,""rssi"":-71,""snr"":null,""ta"":1,""level"":2,""bands"":""1""}]",1011.52423,53,,32,6,,,,"[{""b"":""40:27:0b:02:a2:b8"",""s"":""U+zone"",""r"":-50,""f"":5785},{""b"":""36:78:c2:00:0a:b4"",""s"":""KT WiFi "",""r"":-52,""f"":5240},{""b"":""30:78:c2:00:0a:b4"",""s"":""KT WiFi"",""r"":-52,""f"":5240},{""b"":""02:17:b2:0b:47:88"",""s"":""T wifi zone"",""r"":-59,""f"":2472},{""b"":""02:17:b2:0b:47:8a"",""s"":""T wifi zone_secure"",""r"":-59,""f"":2472},{""b"":""22:17:b2:0b:47:8a"",""s"":""T wifi zone_secure"",""r"":-60,""f"":5280},{""b"":""22:17:b2:0b:47:88"",""s"":""T wifi zone"",""r"":-60,""f"":5280},{""b"":""00:40:5a:c4:01:02"",""s"":""U+zone"",""r"":-68,""f"":2452},{""b"":""30:78:c2:00:0a:b5"",""s"":""KT WiFi"",""r"":-68,""f"":2412},{""b"":""36:78:c2:00:0a:b5"",""s"":""KT WiFi "",""r"":-69,""f"":2412},{""b"":""18:bd:ad:10:bc:00"",""s"":""T wifi zone"",""r"":-70,""f"":2472},{""b"":""1e:bd:ad:12:45:02"",""s"":""T wifi zone_secure"",""r"":-74,""f"":2472},{""b"":""18:bd:ad:12:45:00"",""s"":""T wifi zone"",""r"":-75,""f"":2472},{""b"":""40:27:0b:02:a2:c7"",""s"":""U+zone"",""r"":-80,""f"":5620},{""b"":""22:17:b2:0b:7d:b6"",""s"":""T wifi zone"",""r"":-81,""f"":5200}]",""
1789875729274,2026-09-20 12:42:09,unknown,37.5469956,127.0482006,27.731,0.46,171.0,55.29999923706055,fused,0,LTE,NONE,4G,false,false,false,false,false,52552991,37,100,1,8282,450,06,-93,-8,-63,,3,1,,,,50,78,0.0004,0.0006,30,58,0.0002,0.0005,false,1,0,1,-99,213,100,0.46,false,false,periodic,40,0,1,,5001,,,,"[{""type"":""LTE"",""pci"":213,""earfcn"":100,""tac"":null,""rsrp"":-99,""rsrq"":-18,""rssi"":-69,""snr"":null,""ta"":1,""level"":2,""bands"":""1""}]",1011.5495,53,,26,4,,,,"[{""b"":""40:27:0b:02:a2:b8"",""s"":""U+zone"",""r"":-49,""f"":5785},{""b"":""40:27:0b:02:a2:b7"",""s"":""U+zone_2.4GHz"",""r"":-53,""f"":2432},{""b"":""02:17:b2:0b:47:88"",""s"":""T wifi zone"",""r"":-58,""f"":2472},{""b"":""22:17:b2:0b:47:8a"",""s"":""T wifi zone_secure"",""r"":-58,""f"":5280},{""b"":""22:17:b2:0b:47:88"",""s"":""T wifi zone"",""r"":-58,""f"":5280},{""b"":""02:17:b2:0b:47:8a"",""s"":""T wifi zone_secure"",""r"":-60,""f"":2472},{""b"":""36:78:c2:00:0a:b4"",""s"":""KT WiFi "",""r"":-62,""f"":5240},{""b"":""30:78:c2:00:0a:b4"",""s"":""KT WiFi"",""r"":-62,""f"":5240},{""b"":""36:78:c2:00:0a:b5"",""s"":""KT WiFi "",""r"":-63,""f"":2412},{""b"":""b0:38:6c:46:a7:b2"",""s"":"""",""r"":-77,""f"":2412},{""b"":""40:27:0b:02:a2:c7"",""s"":""U+zone"",""r"":-78,""f"":5620},{""b"":""18:bd:ad:10:bc:10"",""s"":""T wifi zone"",""r"":-78,""f"":5540},{""b"":""1a:bd:ad:10:bc:13"",""s"":""T Free WiFi Zone"",""r"":-78,""f"":5540},{""b"":""1a:bd:ad:10:bc:12"",""s"":""T wifi zone_secure"",""r"":-78,""f"":5540},{""b"":""1e:bd:ad:12:45:02"",""s"":""T wifi zone_secure"",""r"":-79,""f"":2472}]",""
1789875734296,2026-09-20 12:42:14,unknown,37.547023,127.0482437,37.517,1.43,80.0,55.20000076293945,fused,1,LTE,NONE,4G,false,false,false,false,false,52552991,37,100,1,8282,450,06,-93,-8,-63,,3,1,,,,70,98,0.0006,0.0008,30,58,0.0002,0.0005,false,1,0,1,-99,213,100,1.43,false,false,periodic,45,0,0,,10023,,,,"[{""type"":""LTE"",""pci"":213,""earfcn"":100,""tac"":null,""rsrp"":-99,""rsrq"":-18,""rssi"":-69,""snr"":null,""ta"":1,""level"":2,""bands"":""1""}]",1011.503,60,,33,2,,,,"[{""b"":""40:27:0b:02:a2:b8"",""s"":""U+zone"",""r"":-50,""f"":5785},{""b"":""40:27:0b:02:a2:b7"",""s"":""U+zone_2.4GHz"",""r"":-57,""f"":2432},{""b"":""22:17:b2:0b:47:8a"",""s"":""T wifi zone_secure"",""r"":-58,""f"":5280},{""b"":""22:17:b2:0b:47:88"",""s"":""T wifi zone"",""r"":-59,""f"":5280},{""b"":""02:17:b2:0b:47:8a"",""s"":""T wifi zone_secure"",""r"":-61,""f"":2472},{""b"":""02:17:b2:0b:47:88"",""s"":""T wifi zone"",""r"":-63,""f"":2472},{""b"":""36:78:c2:00:0a:b5"",""s"":""KT WiFi "",""r"":-63,""f"":2412},{""b"":""36:78:c2:00:0a:b4"",""s"":""KT WiFi "",""r"":-63,""f"":5240},{""b"":""30:78:c2:00:0a:b4"",""s"":""KT WiFi"",""r"":-63,""f"":5240},{""b"":""30:78:c2:00:0a:b5"",""s"":""KT WiFi"",""r"":-64,""f"":2412},{""b"":""02:17:b2:0b:7d:b6"",""s"":""T wifi zone"",""r"":-73,""f"":2452},{""b"":""02:17:b2:0b:7d:b8"",""s"":""T wifi zone_secure"",""r"":-74,""f"":2452},{""b"":""d4:f1:43:04:52:76"",""s"":""IPR-400AW_2.4G_5276"",""r"":-77,""f"":2462},{""b"":""40:27:0b:02:a2:c7"",""s"":""U+zone"",""r"":-77,""f"":5620},{""b"":""30:89:d3:3c:ba:ef"",""s"":""GlobalWiFi_A3SIHR"",""r"":-78,""f"":2437}]",""
1789875739322,2026-09-20 12:42:19,unknown,37.5470324,127.0483282,45.521,0.46,80.0,55.29999923706055,fused,0,LTE,NONE,4G,false,false,false,false,false,52552991,37,100,1,8282,450,06,-94,-12,-61,,3,1,,,,50,78,0.0004,0.0006,30,58,0.0002,0.0005,false,1,0,1,-99,213,100,0.46,false,false,periodic,50,0,-1,,5004,,,,"[{""type"":""LTE"",""pci"":213,""earfcn"":100,""tac"":null,""rsrp"":-99,""rsrq"":-18,""rssi"":-71,""snr"":null,""ta"":1,""level"":2,""bands"":""1""}]",1011.4097,39,,33,1,,,,"[{""b"":""40:27:0b:02:a2:b8"",""s"":""U+zone"",""r"":-50,""f"":5785},{""b"":""02:17:b2:0b:47:8a"",""s"":""T wifi zone_secure"",""r"":-57,""f"":2472},{""b"":""40:27:0b:02:a2:b7"",""s"":""U+zone_2.4GHz"",""r"":-58,""f"":2432},{""b"":""22:17:b2:0b:47:8a"",""s"":""T wifi zone_secure"",""r"":-58,""f"":5280},{""b"":""22:17:b2:0b:47:88"",""s"":""T wifi zone"",""r"":-58,""f"":5280},{""b"":""02:17:b2:0b:47:88"",""s"":""T wifi zone"",""r"":-59,""f"":2472},{""b"":""36:78:c2:00:0a:b4"",""s"":""KT WiFi "",""r"":-64,""f"":5240},{""b"":""30:78:c2:00:0a:b4"",""s"":""KT WiFi"",""r"":-64,""f"":5240},{""b"":""02:17:b2:0b:7d:b6"",""s"":""T wifi zone"",""r"":-74,""f"":2452},{""b"":""02:17:b2:0b:7d:b8"",""s"":""T wifi zone_secure"",""r"":-76,""f"":2452},{""b"":""00:40:5a:c3:e5:22"",""s"":""U+zone"",""r"":-77,""f"":2432},{""b"":""00:40:5a:c3:e5:23"",""s"":""FREE_U+zone"",""r"":-78,""f"":2432},{""b"":""18:bd:ad:12:45:10"",""s"":""T wifi zone"",""r"":-79,""f"":5745},{""b"":""1a:bd:ad:12:45:12"",""s"":""T wifi zone_secure"",""r"":-79,""f"":5745},{""b"":""1a:bd:ad:12:45:13"",""s"":""T Free WiFi Zone"",""r"":-79,""f"":5745}]",""
1789875744348,2026-09-20 12:42:24,unknown,37.5470324,127.0483282,45.521,0.46,80.0,55.29999923706055,fused,5,LTE,NONE,4G,false,false,false,false,false,52552991,37,100,1,8282,450,06,-94,-12,-61,,3,1,,,,419911,2415,3.3593,0.0193,419891,2395,3.3591,0.0192,false,1,0,1,-99,213,100,0.46,false,false,periodic,55,0,0,,10029,,,,"[{""type"":""LTE"",""pci"":213,""earfcn"":100,""tac"":null,""rsrp"":-99,""rsrq"":-18,""rssi"":-71,""snr"":null,""ta"":1,""level"":2,""bands"":""1""}]",1011.4696,29,29.800,33,6,,,,"[{""b"":""40:27:0b:02:a2:b8"",""s"":""U+zone"",""r"":-50,""f"":5785},{""b"":""02:17:b2:0b:47:8a"",""s"":""T wifi zone_secure"",""r"":-57,""f"":2472},{""b"":""40:27:0b:02:a2:b7"",""s"":""U+zone_2.4GHz"",""r"":-58,""f"":2432},{""b"":""22:17:b2:0b:47:8a"",""s"":""T wifi zone_secure"",""r"":-58,""f"":5280},{""b"":""22:17:b2:0b:47:88"",""s"":""T wifi zone"",""r"":-58,""f"":5280},{""b"":""02:17:b2:0b:47:88"",""s"":""T wifi zone"",""r"":-59,""f"":2472},{""b"":""36:78:c2:00:0a:b4"",""s"":""KT WiFi "",""r"":-64,""f"":5240},{""b"":""30:78:c2:00:0a:b4"",""s"":""KT WiFi"",""r"":-64,""f"":5240},{""b"":""02:17:b2:0b:7d:b6"",""s"":""T wifi zone"",""r"":-74,""f"":2452},{""b"":""02:17:b2:0b:7d:b8"",""s"":""T wifi zone_secure"",""r"":-76,""f"":2452},{""b"":""00:40:5a:c3:e5:22"",""s"":""U+zone"",""r"":-77,""f"":2432},{""b"":""00:40:5a:c3:e5:23"",""s"":""FREE_U+zone"",""r"":-78,""f"":2432},{""b"":""18:bd:ad:12:45:10"",""s"":""T wifi zone"",""r"":-79,""f"":5745},{""b"":""1a:bd:ad:12:45:12"",""s"":""T wifi zone_secure"",""r"":-79,""f"":5745},{""b"":""1a:bd:ad:12:45:13"",""s"":""T Free WiFi Zone"",""r"":-79,""f"":5745}]",""
1789875749405,2026-09-20 12:42:29,unknown,37.5470324,127.0483282,250.232,,,55.29999923706055,fused,5,LTE,NONE,4G,false,false,false,false,false,52552991,37,100,1,8282,450,06,-89,-9,-55,,3,1,,,,49,78,0.0004,0.0006,30,58,0.0002,0.0005,false,1,0,1,-97,261,100,2.1324606E-4,false,false,periodic,60,0,5,,5002,,,,"[{""type"":""LTE"",""pci"":261,""earfcn"":100,""tac"":null,""rsrp"":-97,""rsrq"":-20,""rssi"":-65,""snr"":null,""ta"":1,""level"":2,""bands"":""1""}]",1011.4709,67,,35,3,,,,"[{""b"":""40:27:0b:02:a2:b8"",""s"":""U+zone"",""r"":-48,""f"":5785},{""b"":""40:27:0b:02:a2:b7"",""s"":""U+zone_2.4GHz"",""r"":-57,""f"":2432},{""b"":""22:17:b2:0b:47:88"",""s"":""T wifi zone"",""r"":-57,""f"":5280},{""b"":""22:17:b2:0b:47:8a"",""s"":""T wifi zone_secure"",""r"":-58,""f"":5280},{""b"":""00:40:5a:c4:01:03"",""s"":""FREE_U+zone"",""r"":-58,""f"":2452},{""b"":""00:40:5a:c4:01:02"",""s"":""U+zone"",""r"":-58,""f"":2452},{""b"":""02:17:b2:0b:47:8a"",""s"":""T wifi zone_secure"",""r"":-64,""f"":2472},{""b"":""36:78:c2:00:0a:b4"",""s"":""KT WiFi "",""r"":-64,""f"":5240},{""b"":""30:78:c2:00:0a:b4"",""s"":""KT WiFi"",""r"":-64,""f"":5240},{""b"":""02:17:b2:0b:47:88"",""s"":""T wifi zone"",""r"":-65,""f"":2472},{""b"":""00:40:5a:c3:e5:22"",""s"":""U+zone"",""r"":-66,""f"":2432},{""b"":""00:40:5a:c3:e5:23"",""s"":""FREE_U+zone"",""r"":-66,""f"":2432},{""b"":""36:78:c2:00:0a:b5"",""s"":""KT WiFi "",""r"":-67,""f"":2412},{""b"":""30:78:c2:00:0a:b5"",""s"":""KT WiFi"",""r"":-72,""f"":2412},{""b"":""00:40:5a:c3:b9:d2"",""s"":""U+zone"",""r"":-75,""f"":2452}]",""
1789875754427,2026-09-20 12:42:34,unknown,37.5472196,127.0475665,35.108,,,55.20000076293945,fused,2,LTE,NONE,4G,false,false,false,false,false,52552991,37,100,1,8282,450,06,-89,-9,-55,,3,1,,,,84,98,0.0007,0.0008,44,58,0.0004,0.0005,false,1,0,1,-97,261,100,1.4447785E-4,false,false,periodic,65,0,0,,10022,,,,"[{""type"":""LTE"",""pci"":261,""earfcn"":100,""tac"":null,""rsrp"":-97,""rsrq"":-20,""rssi"":-65,""snr"":null,""ta"":1,""level"":2,""bands"":""1""}]",1011.462,36,,37,0,,,,"[{""b"":""40:27:0b:02:a2:b8"",""s"":""U+zone"",""r"":-49,""f"":5785},{""b"":""40:27:0b:02:a2:b7"",""s"":""U+zone_2.4GHz"",""r"":-57,""f"":2432},{""b"":""22:17:b2:0b:47:8a"",""s"":""T wifi zone_secure"",""r"":-58,""f"":5280},{""b"":""22:17:b2:0b:47:88"",""s"":""T wifi zone"",""r"":-58,""f"":5280},{""b"":""02:17:b2:0b:47:88"",""s"":""T wifi zone"",""r"":-62,""f"":2472},{""b"":""02:17:b2:0b:47:8a"",""s"":""T wifi zone_secure"",""r"":-62,""f"":2472},{""b"":""36:78:c2:00:0a:b4"",""s"":""KT WiFi "",""r"":-64,""f"":5240},{""b"":""30:78:c2:00:0a:b4"",""s"":""KT WiFi"",""r"":-64,""f"":5240},{""b"":""30:78:c2:00:0a:b5"",""s"":""KT WiFi"",""r"":-66,""f"":2412},{""b"":""36:78:c2:00:0a:b5"",""s"":""KT WiFi "",""r"":-67,""f"":2412},{""b"":""1e:bd:ad:10:ba:42"",""s"":""T wifi zone_secure"",""r"":-67,""f"":2412},{""b"":""18:bd:ad:10:ba:50"",""s"":""T wifi zone"",""r"":-69,""f"":5260},{""b"":""1a:bd:ad:10:ba:52"",""s"":""T wifi zone_secure"",""r"":-69,""f"":5260},{""b"":""1a:bd:ad:10:ba:53"",""s"":""T Free WiFi Zone"",""r"":-69,""f"":5260},{""b"":""00:40:5a:c3:b9:d2"",""s"":""U+zone"",""r"":-70,""f"":2452}]",""
1789875759441,2026-09-20 12:42:39,unknown,37.5472896,127.0472739,41.056,,,55.099998474121094,fused,5,LTE,NONE,4G,false,false,false,false,false,52541713,61,100,1,8282,450,06,-86,-11,-59,,3,1,,,,50,78,0.0004,0.0006,30,59,0.0002,0.0005,false,1,0,1,-93,37,100,4.615734E-4,true,false,periodic,0,1,,,5004,52552991,-89,-9,"[{""type"":""LTE"",""pci"":37,""earfcn"":100,""tac"":null,""rsrp"":-93,""rsrq"":-14,""rssi"":-61,""snr"":null,""ta"":1,""level"":3,""bands"":""1""}]",1011.4968,76,,35,3,,,,"[{""b"":""40:27:0b:02:a2:b8"",""s"":""U+zone"",""r"":-51,""f"":5785},{""b"":""40:27:0b:02:a2:b7"",""s"":""U+zone_2.4GHz"",""r"":-57,""f"":2432},{""b"":""22:17:b2:0b:47:8a"",""s"":""T wifi zone_secure"",""r"":-58,""f"":5280},{""b"":""22:17:b2:0b:47:88"",""s"":""T wifi zone"",""r"":-59,""f"":5280},{""b"":""02:17:b2:0b:47:88"",""s"":""T wifi zone"",""r"":-60,""f"":2472},{""b"":""36:78:c2:00:0a:b5"",""s"":""KT WiFi "",""r"":-60,""f"":2412},{""b"":""02:17:b2:0b:47:8a"",""s"":""T wifi zone_secure"",""r"":-61,""f"":2472},{""b"":""30:78:c2:00:0a:b5"",""s"":""KT WiFi"",""r"":-62,""f"":2412},{""b"":""36:78:c2:00:0a:b4"",""s"":""KT WiFi "",""r"":-64,""f"":5240},{""b"":""30:78:c2:00:0a:b4"",""s"":""KT WiFi"",""r"":-64,""f"":5240},{""b"":""00:40:5a:c3:fb:e3"",""s"":""FREE_U+zone"",""r"":-65,""f"":2472},{""b"":""00:40:5a:c3:fb:e2"",""s"":""U+zone"",""r"":-67,""f"":2472},{""b"":""40:27:0b:02:a2:c7"",""s"":""U+zone"",""r"":-77,""f"":5620},{""b"":""40:27:0b:02:a2:c6"",""s"":""U+zone_2.4GHz"",""r"":-77,""f"":2432},{""b"":""30:78:c2:00:07:d5"",""s"":""KT WiFi"",""r"":-78,""f"":5640}]","[{""type"":""LTE"",""pci"":261,""earfcn"":100,""tac"":null,""rsrp"":-97,""rsrq"":-20,""rssi"":-65,""snr"":null,""ta"":1,""level"":2,""bands"":""1""}]"
1789875764463,2026-09-20 12:42:44,unknown,37.5472896,127.0472739,41.056,,,55.099998474121094,fused,10,LTE,NONE,4G,false,false,false,false,false,52541713,61,100,1,8282,450,06,-86,-11,-59,,3,1,,,,93,105,0.0007,0.0008,74,85,0.0006,0.0007,false,1,0,1,-93,37,100,2.2104787E-7,false,false,periodic,5,1,0,,10026,,,,"[{""type"":""LTE"",""pci"":37,""earfcn"":100,""tac"":null,""rsrp"":-93,""rsrq"":-14,""rssi"":-61,""snr"":null,""ta"":1,""level"":3,""bands"":""1""}]",1011.49255,23,,35,8,,,,"[{""b"":""40:27:0b:02:a2:b8"",""s"":""U+zone"",""r"":-51,""f"":5785},{""b"":""40:27:0b:02:a2:b7"",""s"":""U+zone_2.4GHz"",""r"":-57,""f"":2432},{""b"":""22:17:b2:0b:47:8a"",""s"":""T wifi zone_secure"",""r"":-58,""f"":5280},{""b"":""22:17:b2:0b:47:88"",""s"":""T wifi zone"",""r"":-59,""f"":5280},{""b"":""02:17:b2:0b:47:88"",""s"":""T wifi zone"",""r"":-60,""f"":2472},{""b"":""36:78:c2:00:0a:b5"",""s"":""KT WiFi "",""r"":-60,""f"":2412},{""b"":""02:17:b2:0b:47:8a"",""s"":""T wifi zone_secure"",""r"":-61,""f"":2472},{""b"":""30:78:c2:00:0a:b5"",""s"":""KT WiFi"",""r"":-62,""f"":2412},{""b"":""36:78:c2:00:0a:b4"",""s"":""KT WiFi "",""r"":-64,""f"":5240},{""b"":""30:78:c2:00:0a:b4"",""s"":""KT WiFi"",""r"":-64,""f"":5240},{""b"":""00:40:5a:c3:fb:e3"",""s"":""FREE_U+zone"",""r"":-65,""f"":2472},{""b"":""00:40:5a:c3:fb:e2"",""s"":""U+zone"",""r"":-67,""f"":2472},{""b"":""40:27:0b:02:a2:c7"",""s"":""U+zone"",""r"":-77,""f"":5620},{""b"":""40:27:0b:02:a2:c6"",""s"":""U+zone_2.4GHz"",""r"":-77,""f"":2432},{""b"":""30:78:c2:00:07:d5"",""s"":""KT WiFi"",""r"":-78,""f"":5640}]",""
1789875769485,2026-09-20 12:42:49,unknown,37.5472906,127.0475812,100.0,,,55.099998474121094,fused,5,LTE,NONE,4G,false,false,false,false,false,52541713,61,100,1,8282,450,06,-76,-10,-51,,4,0,,,,4299,1745,0.0344,0.0140,4279,1725,0.0342,0.0138,false,2,0,2,-82,37,100,1.02472426E-10,false,false,periodic,10,1,10,,5003,,,,"[{""type"":""LTE"",""pci"":37,""earfcn"":100,""tac"":null,""rsrp"":-82,""rsrq"":-20,""rssi"":-53,""snr"":null,""ta"":0,""level"":4,""bands"":""1""},{""type"":""LTE"",""pci"":79,""earfcn"":100,""tac"":null,""rsrp"":-83,""rsrq"":-17,""rssi"":-53,""snr"":null,""ta"":0,""level"":4,""bands"":""1""}]",1011.5102,39,,20,3,,,,"[{""b"":""40:27:0b:02:a2:b8"",""s"":""U+zone"",""r"":-50,""f"":5785},{""b"":""40:27:0b:02:a2:b7"",""s"":""U+zone_2.4GHz"",""r"":-58,""f"":2432},{""b"":""22:17:b2:0b:47:8a"",""s"":""T wifi zone_secure"",""r"":-59,""f"":5280},{""b"":""22:17:b2:0b:47:88"",""s"":""T wifi zone"",""r"":-59,""f"":5280},{""b"":""36:78:c2:00:0a:b4"",""s"":""KT WiFi "",""r"":-61,""f"":5240},{""b"":""30:78:c2:00:0a:b4"",""s"":""KT WiFi"",""r"":-61,""f"":5240},{""b"":""02:17:b2:0b:47:88"",""s"":""T wifi zone"",""r"":-65,""f"":2472},{""b"":""02:17:b2:0b:47:8a"",""s"":""T wifi zone_secure"",""r"":-65,""f"":2472},{""b"":""30:89:d3:3c:ba:ef"",""s"":""GlobalWiFi_A3SIHR"",""r"":-78,""f"":2437},{""b"":""40:27:0b:02:a2:c7"",""s"":""U+zone"",""r"":-79,""f"":5620},{""b"":""18:bd:ad:11:bb:80"",""s"":""T wifi zone"",""r"":-79,""f"":2412},{""b"":""30:78:c2:00:07:d6"",""s"":""KT WiFi"",""r"":-81,""f"":2432},{""b"":""36:78:c2:00:07:d6"",""s"":""KT WiFi "",""r"":-81,""f"":2432},{""b"":""30:78:c2:00:07:d5"",""s"":""KT WiFi"",""r"":-82,""f"":5640},{""b"":""36:78:c2:00:07:d5"",""s"":""KT WiFi "",""r"":-83,""f"":5640}]",""
1789875774505,2026-09-20 12:42:54,unknown,37.547413,127.0472457,100.0,,,55.099998474121094,fused,3,LTE,NONE,4G,false,false,false,false,false,52541713,61,100,1,8282,450,06,-76,-10,-51,,4,0,,,,421251,3184,3.3700,0.0255,421231,3164,3.3698,0.0253,false,2,0,2,-82,37,100,4.9074345E-14,false,false,periodic,15,1,0,,10024,,,,"[{""type"":""LTE"",""pci"":37,""earfcn"":100,""tac"":null,""rsrp"":-82,""rsrq"":-20,""rssi"":-53,""snr"":null,""ta"":0,""level"":4,""bands"":""1""},{""type"":""LTE"",""pci"":79,""earfcn"":100,""tac"":null,""rsrp"":-83,""rsrq"":-17,""rssi"":-53,""snr"":null,""ta"":0,""level"":4,""bands"":""1""}]",1011.5338,30,25.633,19,2,,,,"[{""b"":""40:27:0b:02:a2:b8"",""s"":""U+zone"",""r"":-51,""f"":5785},{""b"":""22:17:b2:0b:47:8a"",""s"":""T wifi zone_secure"",""r"":-58,""f"":5280},{""b"":""40:27:0b:02:a2:b7"",""s"":""U+zone_2.4GHz"",""r"":-58,""f"":2432},{""b"":""22:17:b2:0b:47:88"",""s"":""T wifi zone"",""r"":-58,""f"":5280},{""b"":""36:78:c2:00:0a:b4"",""s"":""KT WiFi "",""r"":-62,""f"":5240},{""b"":""30:78:c2:00:0a:b4"",""s"":""KT WiFi"",""r"":-62,""f"":5240},{""b"":""02:17:b2:0b:47:88"",""s"":""T wifi zone"",""r"":-64,""f"":2472},{""b"":""02:17:b2:0b:47:8a"",""s"":""T wifi zone_secure"",""r"":-65,""f"":2472},{""b"":""36:78:c2:00:0a:b5"",""s"":""KT WiFi "",""r"":-66,""f"":2412},{""b"":""30:78:c2:00:0a:b5"",""s"":""KT WiFi"",""r"":-66,""f"":2412},{""b"":""02:17:b2:0b:7d:b6"",""s"":""T wifi zone"",""r"":-77,""f"":2452},{""b"":""02:17:b2:0b:7d:b8"",""s"":""T wifi zone_secure"",""r"":-78,""f"":2452},{""b"":""40:27:0b:02:a2:c7"",""s"":""U+zone"",""r"":-79,""f"":5620},{""b"":""30:89:d3:3c:ba:ef"",""s"":""GlobalWiFi_A3SIHR"",""r"":-79,""f"":2437},{""b"":""22:17:b2:0b:7d:b6"",""s"":""T wifi zone"",""r"":-84,""f"":5200}]",""
1789875779527,2026-09-20 12:42:59,unknown,37.547946,127.0465749,100.0,,,55.099998474121094,fused,2,LTE,NONE,4G,false,false,false,false,false,52556812,79,100,1,8282,450,06,-93,-12,-59,,3,1,,,,972,222,0.0078,0.0018,932,182,0.0075,0.0015,false,2,0,2,-100,61,100,2.3501803E-17,true,false,periodic,0,2,,,5002,52541713,-76,-10,"[{""type"":""LTE"",""pci"":61,""earfcn"":100,""tac"":null,""rsrp"":-100,""rsrq"":-19,""rssi"":-71,""snr"":null,""ta"":1,""level"":2,""bands"":""1""},{""type"":""LTE"",""pci"":108,""earfcn"":100,""tac"":null,""rsrp"":-100,""rsrq"":-17,""rssi"":-73,""snr"":null,""ta"":1,""level"":2,""bands"":""1""}]",1011.55524,47,,19,2,,,,"[{""b"":""40:27:0b:02:a2:b8"",""s"":""U+zone"",""r"":-51,""f"":5785},{""b"":""40:27:0b:02:a2:b7"",""s"":""U+zone_2.4GHz"",""r"":-56,""f"":2432},{""b"":""22:17:b2:0b:47:8a"",""s"":""T wifi zone_secure"",""r"":-57,""f"":5280},{""b"":""22:17:b2:0b:47:88"",""s"":""T wifi zone"",""r"":-57,""f"":5280},{""b"":""02:17:b2:0b:47:88"",""s"":""T wifi zone"",""r"":-65,""f"":2472},{""b"":""02:17:b2:0b:47:8a"",""s"":""T wifi zone_secure"",""r"":-65,""f"":2472},{""b"":""36:78:c2:00:0a:b4"",""s"":""KT WiFi "",""r"":-65,""f"":5240},{""b"":""30:78:c2:00:0a:b4"",""s"":""KT WiFi"",""r"":-65,""f"":5240},{""b"":""36:78:c2:00:0a:b5"",""s"":""KT WiFi "",""r"":-66,""f"":2412},{""b"":""30:78:c2:00:0a:b5"",""s"":""KT WiFi"",""r"":-67,""f"":2412},{""b"":""40:27:0b:02:a2:c6"",""s"":""U+zone_2.4GHz"",""r"":-72,""f"":2432},{""b"":""40:27:0b:02:a2:c7"",""s"":""U+zone"",""r"":-76,""f"":5620},{""b"":""02:a7:89:36:74:ac"",""s"":"""",""r"":-82,""f"":5745},{""b"":""22:17:b2:0b:7d:b8"",""s"":""T wifi zone_secure"",""r"":-83,""f"":5200},{""b"":""22:17:b2:0b:7d:b6"",""s"":""T wifi zone"",""r"":-84,""f"":5200}]","[{""type"":""LTE"",""pci"":37,""earfcn"":100,""tac"":null,""rsrp"":-82,""rsrq"":-20,""rssi"":-53,""snr"":null,""ta"":0,""level"":4,""bands"":""1""},{""type"":""LTE"",""pci"":79,""earfcn"":100,""tac"":null,""rsrp"":-83,""rsrq"":-17,""rssi"":-53,""snr"":null,""ta"":0,""level"":4,""bands"":""1""}]"
1789875784550,2026-09-20 12:43:04,unknown,37.547946,127.0465749,100.0,,,55.099998474121094,fused,7,LTE,NONE,4G,false,false,false,false,false,52556812,79,100,1,8282,450,06,-93,-12,-59,,3,1,,,,160,157,0.0013,0.0013,140,137,0.0011,0.0011,false,2,0,2,-100,61,100,5.377904E-6,false,false,periodic,5,2,0,,10024,,,,"[{""type"":""LTE"",""pci"":61,""earfcn"":100,""tac"":null,""rsrp"":-100,""rsrq"":-19,""rssi"":-71,""snr"":null,""ta"":1,""level"":2,""bands"":""1""},{""type"":""LTE"",""pci"":108,""earfcn"":100,""tac"":null,""rsrp"":-100,""rsrq"":-17,""rssi"":-73,""snr"":null,""ta"":1,""level"":2,""bands"":""1""}]",1011.6103,78,,19,7,,,,"[{""b"":""40:27:0b:02:a2:b8"",""s"":""U+zone"",""r"":-51,""f"":5785},{""b"":""40:27:0b:02:a2:b7"",""s"":""U+zone_2.4GHz"",""r"":-56,""f"":2432},{""b"":""22:17:b2:0b:47:8a"",""s"":""T wifi zone_secure"",""r"":-57,""f"":5280},{""b"":""22:17:b2:0b:47:88"",""s"":""T wifi zone"",""r"":-57,""f"":5280},{""b"":""02:17:b2:0b:47:88"",""s"":""T wifi zone"",""r"":-65,""f"":2472},{""b"":""02:17:b2:0b:47:8a"",""s"":""T wifi zone_secure"",""r"":-65,""f"":2472},{""b"":""36:78:c2:00:0a:b4"",""s"":""KT WiFi "",""r"":-65,""f"":5240},{""b"":""30:78:c2:00:0a:b4"",""s"":""KT WiFi"",""r"":-65,""f"":5240},{""b"":""36:78:c2:00:0a:b5"",""s"":""KT WiFi "",""r"":-66,""f"":2412},{""b"":""30:78:c2:00:0a:b5"",""s"":""KT WiFi"",""r"":-67,""f"":2412},{""b"":""40:27:0b:02:a2:c6"",""s"":""U+zone_2.4GHz"",""r"":-72,""f"":2432},{""b"":""40:27:0b:02:a2:c7"",""s"":""U+zone"",""r"":-76,""f"":5620},{""b"":""02:a7:89:36:74:ac"",""s"":"""",""r"":-82,""f"":5745},{""b"":""22:17:b2:0b:7d:b8"",""s"":""T wifi zone_secure"",""r"":-83,""f"":5200},{""b"":""22:17:b2:0b:7d:b6"",""s"":""T wifi zone"",""r"":-84,""f"":5200}]",""
1789875789573,2026-09-20 12:43:09,unknown,37.5486229,127.0451653,42.18,,,55.29999923706055,fused,4,LTE,NONE,4G,false,false,false,false,false,52541712,108,100,1,8282,450,06,-87,-13,-55,,3,0,,,,50,78,0.0004,0.0006,30,58,0.0002,0.0005,false,2,0,2,-88,79,100,0.008761016,true,false,periodic,0,2,,,5001,52556812,-93,-12,"[{""type"":""LTE"",""pci"":79,""earfcn"":100,""tac"":null,""rsrp"":-88,""rsrq"":-19,""rssi"":-55,""snr"":null,""ta"":0,""level"":3,""bands"":""1""},{""type"":""LTE"",""pci"":294,""earfcn"":100,""tac"":null,""rsrp"":-97,""rsrq"":-20,""rssi"":-65,""snr"":null,""ta"":0,""level"":2,""bands"":""1""}]",1011.6116,59,,27,3,,,,"[{""b"":""40:27:0b:02:a2:b8"",""s"":""U+zone"",""r"":-50,""f"":5785},{""b"":""22:17:b2:0b:47:8a"",""s"":""T wifi zone_secure"",""r"":-54,""f"":5280},{""b"":""30:78:c2:00:0a:b4"",""s"":""KT WiFi"",""r"":-54,""f"":5240},{""b"":""36:78:c2:00:0a:b4"",""s"":""KT WiFi "",""r"":-55,""f"":5240},{""b"":""22:17:b2:0b:47:88"",""s"":""T wifi zone"",""r"":-55,""f"":5280},{""b"":""40:27:0b:02:a2:b7"",""s"":""U+zone_2.4GHz"",""r"":-57,""f"":2432},{""b"":""02:17:b2:0b:47:8a"",""s"":""T wifi zone_secure"",""r"":-66,""f"":2472},{""b"":""36:78:c2:00:0a:b5"",""s"":""KT WiFi "",""r"":-66,""f"":2412},{""b"":""02:17:b2:0b:47:88"",""s"":""T wifi zone"",""r"":-67,""f"":2472},{""b"":""30:78:c2:00:0a:b5"",""s"":""KT WiFi"",""r"":-67,""f"":2412},{""b"":""40:27:0b:02:a2:c7"",""s"":""U+zone"",""r"":-80,""f"":5620},{""b"":""16:e6:6b:15:56:70"",""s"":""KT_WiFi_7_566A"",""r"":-82,""f"":5180},{""b"":""10:e6:6b:15:56:70"",""s"":""KT_WiFi_5G_566A"",""r"":-82,""f"":5180},{""b"":""b0:38:6c:73:40:e0"",""s"":"""",""r"":-82,""f"":5745},{""b"":""60:29:d5:ac:c0:8d"",""s"":""KT_GiGA_5G_C08A"",""r"":-84,""f"":5785}]","[{""type"":""LTE"",""pci"":61,""earfcn"":100,""tac"":null,""rsrp"":-100,""rsrq"":-19,""rssi"":-71,""snr"":null,""ta"":1,""level"":2,""bands"":""1""},{""type"":""LTE"",""pci"":108,""earfcn"":100,""tac"":null,""rsrp"":-100,""rsrq"":-17,""rssi"":-73,""snr"":null,""ta"":1,""level"":2,""bands"":""1""}]"
1789875794598,2026-09-20 12:43:14,unknown,37.5486229,127.0451653,42.18,,,55.29999923706055,fused,9,LTE,NONE,4G,false,false,false,false,false,52541712,108,100,1,8282,450,06,-87,-13,-55,,3,0,,,,64,78,0.0005,0.0006,44,58,0.0004,0.0005,false,2,0,2,-88,79,100,4.19558E-6,false,false,periodic,5,2,0,,10027,,,,"[{""type"":""LTE"",""pci"":79,""earfcn"":100,""tac"":null,""rsrp"":-88,""rsrq"":-19,""rssi"":-55,""snr"":null,""ta"":0,""level"":3,""bands"":""1""},{""type"":""LTE"",""pci"":294,""earfcn"":100,""tac"":null,""rsrp"":-97,""rsrq"":-20,""rssi"":-65,""snr"":null,""ta"":0,""level"":2,""bands"":""1""}]",1011.66364,38,,25,5,,,,"[{""b"":""40:27:0b:02:a2:b8"",""s"":""U+zone"",""r"":-54,""f"":5785},{""b"":""40:27:0b:02:a2:b7"",""s"":""U+zone_2.4GHz"",""r"":-55,""f"":2432},{""b"":""22:17:b2:0b:47:8a"",""s"":""T wifi zone_secure"",""r"":-57,""f"":5280},{""b"":""22:17:b2:0b:47:88"",""s"":""T wifi zone"",""r"":-57,""f"":5280},{""b"":""02:17:b2:0b:47:88"",""s"":""T wifi zone"",""r"":-61,""f"":2472},{""b"":""02:17:b2:0b:47:8a"",""s"":""T wifi zone_secure"",""r"":-62,""f"":2472},{""b"":""36:78:c2:00:0a:b4"",""s"":""KT WiFi "",""r"":-63,""f"":5240},{""b"":""30:78:c2:00:0a:b4"",""s"":""KT WiFi"",""r"":-63,""f"":5240},{""b"":""36:78:c2:00:0a:b5"",""s"":""KT WiFi "",""r"":-66,""f"":2412},{""b"":""30:78:c2:00:0a:b5"",""s"":""KT WiFi"",""r"":-66,""f"":2412},{""b"":""02:17:b2:0b:7d:b6"",""s"":""T wifi zone"",""r"":-75,""f"":2452},{""b"":""02:17:b2:0b:7d:b8"",""s"":""T wifi zone_secure"",""r"":-76,""f"":2452},{""b"":""40:27:0b:02:a2:c7"",""s"":""U+zone"",""r"":-78,""f"":5620},{""b"":""60:29:d5:ac:c0:8d"",""s"":""KT_GiGA_5G_C08A"",""r"":-84,""f"":5785},{""b"":""b0:38:6c:73:40:e0"",""s"":"""",""r"":-84,""f"":5745}]",""
1789875799623,2026-09-20 12:43:19,unknown,37.5482693,127.0448978,100.0,,,55.29999923706055,fused,5,LTE,NONE,4G,false,false,false,false,false,52541712,108,100,1,8282,450,06,-88,-12,-55,,3,0,,,,1684,240,0.0135,0.0019,1644,200,0.0132,0.0016,false,3,0,3,-88,4,100,1.9449242E-9,false,false,periodic,10,2,-1,,5004,,,,"[{""type"":""LTE"",""pci"":4,""earfcn"":100,""tac"":null,""rsrp"":-88,""rsrq"":-13,""rssi"":-65,""snr"":null,""ta"":0,""level"":3,""bands"":""1""},{""type"":""LTE"",""pci"":294,""earfcn"":100,""tac"":null,""rsrp"":-90,""rsrq"":-13,""rssi"":-65,""snr"":null,""ta"":0,""level"":3,""bands"":""1""},{""type"":""LTE"",""pci"":272,""earfcn"":100,""tac"":null,""rsrp"":-95,""rsrq"":-19,""rssi"":-65,""snr"":null,""ta"":0,""level"":3,""bands"":""1""}]",1011.6694,56,,20,3,,,,"[{""b"":""40:27:0b:02:a2:b8"",""s"":""U+zone"",""r"":-51,""f"":5785},{""b"":""22:17:b2:0b:47:8a"",""s"":""T wifi zone_secure"",""r"":-53,""f"":5280},{""b"":""40:27:0b:02:a2:b7"",""s"":""U+zone_2.4GHz"",""r"":-54,""f"":2432},{""b"":""22:17:b2:0b:47:88"",""s"":""T wifi zone"",""r"":-54,""f"":5280},{""b"":""02:17:b2:0b:47:88"",""s"":""T wifi zone"",""r"":-61,""f"":2472},{""b"":""02:17:b2:0b:47:8a"",""s"":""T wifi zone_secure"",""r"":-63,""f"":2472},{""b"":""36:78:c2:00:0a:b4"",""s"":""KT WiFi "",""r"":-64,""f"":5240},{""b"":""30:78:c2:00:0a:b4"",""s"":""KT WiFi"",""r"":-65,""f"":5240},{""b"":""30:78:c2:00:0a:b5"",""s"":""KT WiFi"",""r"":-67,""f"":2412},{""b"":""36:78:c2:00:0a:b5"",""s"":""KT WiFi "",""r"":-68,""f"":2412},{""b"":""02:17:b2:0b:7d:b6"",""s"":""T wifi zone"",""r"":-74,""f"":2452},{""b"":""40:27:0b:02:a2:c7"",""s"":""U+zone"",""r"":-77,""f"":5620},{""b"":""36:78:c2:00:07:d5"",""s"":""KT WiFi "",""r"":-83,""f"":5640},{""b"":""22:17:b2:0b:7d:b6"",""s"":""T wifi zone"",""r"":-84,""f"":5200},{""b"":""22:17:b2:0b:7d:b8"",""s"":""T wifi zone_secure"",""r"":-84,""f"":5200}]",""
1789875804649,2026-09-20 12:43:24,unknown,37.5498264,127.0444106,29.205,8.09,352.0,55.29999923706055,fused,1,LTE,NONE,4G,false,false,false,false,false,52541712,108,100,1,8282,450,06,-88,-12,-55,,3,0,,,,109204,1010,0.8736,0.0081,109184,990,0.8735,0.0079,false,3,0,3,-88,4,100,8.09,false,false,periodic,15,2,0,,10027,,,,"[{""type"":""LTE"",""pci"":4,""earfcn"":100,""tac"":null,""rsrp"":-88,""rsrq"":-13,""rssi"":-65,""snr"":null,""ta"":0,""level"":3,""bands"":""1""},{""type"":""LTE"",""pci"":294,""earfcn"":100,""tac"":null,""rsrp"":-90,""rsrq"":-13,""rssi"":-65,""snr"":null,""ta"":0,""level"":3,""bands"":""1""},{""type"":""LTE"",""pci"":272,""earfcn"":100,""tac"":null,""rsrp"":-95,""rsrq"":-19,""rssi"":-65,""snr"":null,""ta"":0,""level"":3,""bands"":""1""}]",1011.67914,82,,27,1,,,,"[{""b"":""40:27:0b:02:a2:b8"",""s"":""U+zone"",""r"":-47,""f"":5785},{""b"":""22:17:b2:0b:47:88"",""s"":""T wifi zone"",""r"":-52,""f"":5280},{""b"":""40:27:0b:02:a2:b7"",""s"":""U+zone_2.4GHz"",""r"":-53,""f"":2432},{""b"":""22:17:b2:0b:47:8a"",""s"":""T wifi zone_secure"",""r"":-53,""f"":5280},{""b"":""30:78:c2:00:0a:b4"",""s"":""KT WiFi"",""r"":-55,""f"":5240},{""b"":""36:78:c2:00:0a:b4"",""s"":""KT WiFi "",""r"":-57,""f"":5240},{""b"":""02:17:b2:0b:47:88"",""s"":""T wifi zone"",""r"":-62,""f"":2472},{""b"":""02:17:b2:0b:47:8a"",""s"":""T wifi zone_secure"",""r"":-63,""f"":2472},{""b"":""36:78:c2:00:0a:b5"",""s"":""KT WiFi "",""r"":-67,""f"":2412},{""b"":""30:78:c2:00:0a:b5"",""s"":""KT WiFi"",""r"":-67,""f"":2412},{""b"":""40:27:0b:02:a2:c7"",""s"":""U+zone"",""r"":-81,""f"":5620},{""b"":""22:17:b2:0b:7d:b8"",""s"":""T wifi zone_secure"",""r"":-83,""f"":5200},{""b"":""22:17:b2:0b:7d:b6"",""s"":""T wifi zone"",""r"":-84,""f"":5200},{""b"":""30:78:c2:00:07:d5"",""s"":""KT WiFi"",""r"":-85,""f"":5640},{""b"":""36:78:c2:00:07:d5"",""s"":""KT WiFi "",""r"":-85,""f"":5640}]",""
1789875809673,2026-09-20 12:43:29,unknown,37.550277,127.0443392,16.588,7.47,356.0,55.29999923706055,fused,0,LTE,NONE,4G,false,false,false,false,false,52541966,89,100,1,8282,450,06,-87,-11,-55,,3,0,,,,310934,2013,2.4875,0.0161,310914,1993,2.4873,0.0159,false,10,0,10,-86,343,2600,7.47,true,false,periodic,0,2,,,5001,52541712,-88,-12,"[{""type"":""LTE"",""pci"":343,""earfcn"":2600,""tac"":null,""rsrp"":-86,""rsrq"":-16,""rssi"":-61,""snr"":null,""ta"":0,""level"":3,""bands"":""5""},{""type"":""LTE"",""pci"":89,""earfcn"":2600,""tac"":null,""rsrp"":-87,""rsrq"":-14,""rssi"":-61,""snr"":null,""ta"":0,""level"":3,""bands"":""5""},{""type"":""LTE"",""pci"":294,""earfcn"":2600,""tac"":null,""rsrp"":-89,""rsrq"":-16,""rssi"":-61,""snr"":null,""ta"":0,""level"":3,""bands"":""5""},{""type"":""LTE"",""pci"":272,""earfcn"":2600,""tac"":null,""rsrp"":-89,""rsrq"":-17,""rssi"":-61,""snr"":null,""ta"":0,""level"":3,""bands"":""5""},{""type"":""LTE"",""pci"":294,""earfcn"":100,""tac"":null,""rsrp"":-91,""rsrq"":-12,""rssi"":-69,""snr"":null,""ta"":0,""level"":3,""bands"":""1""},{""type"":""LTE"",""pci"":4,""earfcn"":2600,""tac"":null,""rsrp"":-92,""rsrq"":-17,""rssi"":-63,""snr"":null,""ta"":0,""level"":3,""bands"":""5""},{""type"":""LTE"",""pci"":108,""earfcn"":2600,""tac"":null,""rsrp"":-92,""rsrq"":-20,""rssi"":-61,""snr"":null,""ta"":0,""level"":3,""bands"":""5""},{""type"":""LTE"",""pci"":343,""earfcn"":100,""tac"":null,""rsrp"":-98,""rsrq"":-18,""rssi"":-69,""snr"":null,""ta"":0,""level"":2,""bands"":""1""},{""type"":""LTE"",""pci"":89,""earfcn"":3050,""tac"":null,""rsrp"":-98,""rsrq"":-7,""rssi"":-81,""snr"":null,""ta"":0,""level"":2,""bands"":""7""},{""type"":""LTE"",""pci"":108,""earfcn"":3050,""tac"":null,""rsrp"":-107,""rsrq"":-19,""rssi"":-77,""snr"":null,""ta"":0,""level"":1,""bands"":""7""}]",1011.60754,33,13.738,27,6,,,,"[{""b"":""40:27:0b:02:a2:b8"",""s"":""U+zone"",""r"":-47,""f"":5785},{""b"":""22:17:b2:0b:47:88"",""s"":""T wifi zone"",""r"":-52,""f"":5280},{""b"":""40:27:0b:02:a2:b7"",""s"":""U+zone_2.4GHz"",""r"":-53,""f"":2432},{""b"":""22:17:b2:0b:47:8a"",""s"":""T wifi zone_secure"",""r"":-53,""f"":5280},{""b"":""30:78:c2:00:0a:b4"",""s"":""KT WiFi"",""r"":-55,""f"":5240},{""b"":""36:78:c2:00:0a:b4"",""s"":""KT WiFi "",""r"":-57,""f"":5240},{""b"":""02:17:b2:0b:47:88"",""s"":""T wifi zone"",""r"":-62,""f"":2472},{""b"":""02:17:b2:0b:47:8a"",""s"":""T wifi zone_secure"",""r"":-63,""f"":2472},{""b"":""36:78:c2:00:0a:b5"",""s"":""KT WiFi "",""r"":-67,""f"":2412},{""b"":""30:78:c2:00:0a:b5"",""s"":""KT WiFi"",""r"":-67,""f"":2412},{""b"":""40:27:0b:02:a2:c7"",""s"":""U+zone"",""r"":-81,""f"":5620},{""b"":""22:17:b2:0b:7d:b8"",""s"":""T wifi zone_secure"",""r"":-83,""f"":5200},{""b"":""22:17:b2:0b:7d:b6"",""s"":""T wifi zone"",""r"":-84,""f"":5200},{""b"":""30:78:c2:00:07:d5"",""s"":""KT WiFi"",""r"":-85,""f"":5640},{""b"":""36:78:c2:00:07:d5"",""s"":""KT WiFi "",""r"":-85,""f"":5640}]","[{""type"":""LTE"",""pci"":4,""earfcn"":100,""tac"":null,""rsrp"":-88,""rsrq"":-13,""rssi"":-65,""snr"":null,""ta"":0,""level"":3,""bands"":""1""},{""type"":""LTE"",""pci"":294,""earfcn"":100,""tac"":null,""rsrp"":-90,""rsrq"":-13,""rssi"":-65,""snr"":null,""ta"":0,""level"":3,""bands"":""1""},{""type"":""LTE"",""pci"":272,""earfcn"":100,""tac"":null,""rsrp"":-95,""rsrq"":-19,""rssi"":-65,""snr"":null,""ta"":0,""level"":3,""bands"":""1""}]"
1789875814700,2026-09-20 12:43:34,unknown,37.5506164,127.044242,13.066,8.56,352.0,55.29999923706055,fused,1,LTE,NONE,4G,false,false,false,false,false,52541966,89,100,1,8282,450,06,-87,-11,-55,,3,0,,,,50,78,0.0004,0.0006,30,58,0.0002,0.0005,false,10,0,10,-86,343,2600,8.56,false,false,periodic,5,2,0,,10028,,,,"[{""type"":""LTE"",""pci"":343,""earfcn"":2600,""tac"":null,""rsrp"":-86,""rsrq"":-16,""rssi"":-61,""snr"":null,""ta"":0,""level"":3,""bands"":""5""},{""type"":""LTE"",""pci"":89,""earfcn"":2600,""tac"":null,""rsrp"":-87,""rsrq"":-14,""rssi"":-61,""snr"":null,""ta"":0,""level"":3,""bands"":""5""},{""type"":""LTE"",""pci"":294,""earfcn"":2600,""tac"":null,""rsrp"":-89,""rsrq"":-16,""rssi"":-61,""snr"":null,""ta"":0,""level"":3,""bands"":""5""},{""type"":""LTE"",""pci"":272,""earfcn"":2600,""tac"":null,""rsrp"":-89,""rsrq"":-17,""rssi"":-61,""snr"":null,""ta"":0,""level"":3,""bands"":""5""},{""type"":""LTE"",""pci"":294,""earfcn"":100,""tac"":null,""rsrp"":-91,""rsrq"":-12,""rssi"":-69,""snr"":null,""ta"":0,""level"":3,""bands"":""1""},{""type"":""LTE"",""pci"":4,""earfcn"":2600,""tac"":null,""rsrp"":-92,""rsrq"":-17,""rssi"":-63,""snr"":null,""ta"":0,""level"":3,""bands"":""5""},{""type"":""LTE"",""pci"":108,""earfcn"":2600,""tac"":null,""rsrp"":-92,""rsrq"":-20,""rssi"":-61,""snr"":null,""ta"":0,""level"":3,""bands"":""5""},{""type"":""LTE"",""pci"":343,""earfcn"":100,""tac"":null,""rsrp"":-98,""rsrq"":-18,""rssi"":-69,""snr"":null,""ta"":0,""level"":2,""bands"":""1""},{""type"":""LTE"",""pci"":89,""earfcn"":3050,""tac"":null,""rsrp"":-98,""rsrq"":-7,""rssi"":-81,""snr"":null,""ta"":0,""level"":2,""bands"":""7""},{""type"":""LTE"",""pci"":108,""earfcn"":3050,""tac"":null,""rsrp"":-107,""rsrq"":-19,""rssi"":-77,""snr"":null,""ta"":0,""level"":1,""bands"":""7""}]",1011.57776,38,,25,3,,,,"[{""b"":""40:27:0b:02:a2:b8"",""s"":""U+zone"",""r"":-48,""f"":5785},{""b"":""40:27:0b:02:a2:b7"",""s"":""U+zone_2.4GHz"",""r"":-55,""f"":2432},{""b"":""22:17:b2:0b:47:88"",""s"":""T wifi zone"",""r"":-56,""f"":5280},{""b"":""22:17:b2:0b:47:8a"",""s"":""T wifi zone_secure"",""r"":-57,""f"":5280},{""b"":""30:78:c2:00:0a:b4"",""s"":""KT WiFi"",""r"":-57,""f"":5240},{""b"":""36:78:c2:00:0a:b4"",""s"":""KT WiFi "",""r"":-58,""f"":5240},{""b"":""02:17:b2:0b:47:88"",""s"":""T wifi zone"",""r"":-63,""f"":2472},{""b"":""02:17:b2:0b:47:8a"",""s"":""T wifi zone_secure"",""r"":-63,""f"":2472},{""b"":""30:78:c2:00:0a:b5"",""s"":""KT WiFi"",""r"":-64,""f"":2412},{""b"":""36:78:c2:00:0a:b5"",""s"":""KT WiFi "",""r"":-65,""f"":2412},{""b"":""40:27:0b:02:a2:c7"",""s"":""U+zone"",""r"":-77,""f"":5620},{""b"":""36:78:c2:00:07:d6"",""s"":""KT WiFi "",""r"":-77,""f"":2432},{""b"":""30:78:c2:00:07:d5"",""s"":""KT WiFi"",""r"":-84,""f"":5640},{""b"":""36:78:c2:00:07:d5"",""s"":""KT WiFi "",""r"":-84,""f"":5640},{""b"":""22:17:b2:0b:7d:b6"",""s"":""T wifi zone"",""r"":-85,""f"":5200}]",""
1789875819725,2026-09-20 12:43:39,unknown,37.5510526,127.0442111,17.295,8.11,359.0,57.57608741611173,fused,0,LTE,NONE,4G,false,false,false,false,false,52541966,89,100,1,8282,450,06,-82,-10,-51,,4,0,,,,64,78,0.0005,0.0006,44,58,0.0004,0.0005,false,5,0,5,-76,89,2600,8.11,false,false,periodic,10,1,5,,5002,,,,"[{""type"":""LTE"",""pci"":89,""earfcn"":2600,""tac"":null,""rsrp"":-76,""rsrq"":-7,""rssi"":-59,""snr"":null,""ta"":0,""level"":4,""bands"":""5""},{""type"":""LTE"",""pci"":89,""earfcn"":3050,""tac"":null,""rsrp"":-85,""rsrq"":-9,""rssi"":-55,""snr"":null,""ta"":0,""level"":4,""bands"":""7""},{""type"":""LTE"",""pci"":4,""earfcn"":100,""tac"":null,""rsrp"":-87,""rsrq"":-16,""rssi"":-59,""snr"":null,""ta"":0,""level"":3,""bands"":""1""},{""type"":""LTE"",""pci"":294,""earfcn"":100,""tac"":null,""rsrp"":-89,""rsrq"":-18,""rssi"":-59,""snr"":null,""ta"":0,""level"":3,""bands"":""1""},{""type"":""LTE"",""pci"":294,""earfcn"":2600,""tac"":null,""rsrp"":-90,""rsrq"":-15,""rssi"":-59,""snr"":null,""ta"":0,""level"":3,""bands"":""5""}]",1011.5674,46,,25,4,,,,"[{""b"":""40:27:0b:02:a2:b8"",""s"":""U+zone"",""r"":-50,""f"":5785},{""b"":""22:17:b2:0b:47:88"",""s"":""T wifi zone"",""r"":-52,""f"":5280},{""b"":""40:27:0b:02:a2:b7"",""s"":""U+zone_2.4GHz"",""r"":-53,""f"":2432},{""b"":""22:17:b2:0b:47:8a"",""s"":""T wifi zone_secure"",""r"":-53,""f"":5280},{""b"":""02:17:b2:0b:47:8a"",""s"":""T wifi zone_secure"",""r"":-63,""f"":2472},{""b"":""36:78:c2:00:0a:b5"",""s"":""KT WiFi "",""r"":-63,""f"":2412},{""b"":""30:78:c2:00:0a:b5"",""s"":""KT WiFi"",""r"":-63,""f"":2412},{""b"":""02:17:b2:0b:47:88"",""s"":""T wifi zone"",""r"":-64,""f"":2472},{""b"":""36:78:c2:00:0a:b4"",""s"":""KT WiFi "",""r"":-65,""f"":5240},{""b"":""30:78:c2:00:0a:b4"",""s"":""KT WiFi"",""r"":-65,""f"":5240},{""b"":""40:27:0b:02:a2:c7"",""s"":""U+zone"",""r"":-76,""f"":5620},{""b"":""02:17:b2:0b:7d:b6"",""s"":""T wifi zone"",""r"":-76,""f"":2452},{""b"":""b2:38:6c:42:24:38"",""s"":""unetsys5G"",""r"":-83,""f"":5180},{""b"":""22:17:b2:0b:7d:b6"",""s"":""T wifi zone"",""r"":-84,""f"":5200},{""b"":""22:17:b2:0b:7d:b8"",""s"":""T wifi zone_secure"",""r"":-84,""f"":5200}]",""
1789875824747,2026-09-20 12:43:44,unknown,37.5515825,127.0442989,16.116,8.66,358.0,55.29999923706055,fused,1,LTE,NONE,4G,false,false,false,false,false,52541966,89,100,1,8282,450,06,-82,-10,-51,,4,0,,,,70,98,0.0006,0.0008,30,58,0.0002,0.0005,false,5,0,5,-76,89,2600,8.66,false,false,periodic,15,1,0,,10026,,,,"[{""type"":""LTE"",""pci"":89,""earfcn"":2600,""tac"":null,""rsrp"":-76,""rsrq"":-7,""rssi"":-59,""snr"":null,""ta"":0,""level"":4,""bands"":""5""},{""type"":""LTE"",""pci"":89,""earfcn"":3050,""tac"":null,""rsrp"":-85,""rsrq"":-9,""rssi"":-55,""snr"":null,""ta"":0,""level"":4,""bands"":""7""},{""type"":""LTE"",""pci"":4,""earfcn"":100,""tac"":null,""rsrp"":-87,""rsrq"":-16,""rssi"":-59,""snr"":null,""ta"":0,""level"":3,""bands"":""1""},{""type"":""LTE"",""pci"":294,""earfcn"":100,""tac"":null,""rsrp"":-89,""rsrq"":-18,""rssi"":-59,""snr"":null,""ta"":0,""level"":3,""bands"":""1""},{""type"":""LTE"",""pci"":294,""earfcn"":2600,""tac"":null,""rsrp"":-90,""rsrq"":-15,""rssi"":-59,""snr"":null,""ta"":0,""level"":3,""bands"":""5""}]",1011.568,48,,25,9,,,,"[{""b"":""40:27:0b:02:a2:b8"",""s"":""U+zone"",""r"":-50,""f"":5785},{""b"":""22:17:b2:0b:47:88"",""s"":""T wifi zone"",""r"":-52,""f"":5280},{""b"":""40:27:0b:02:a2:b7"",""s"":""U+zone_2.4GHz"",""r"":-53,""f"":2432},{""b"":""22:17:b2:0b:47:8a"",""s"":""T wifi zone_secure"",""r"":-53,""f"":5280},{""b"":""02:17:b2:0b:47:8a"",""s"":""T wifi zone_secure"",""r"":-63,""f"":2472},{""b"":""36:78:c2:00:0a:b5"",""s"":""KT WiFi "",""r"":-63,""f"":2412},{""b"":""30:78:c2:00:0a:b5"",""s"":""KT WiFi"",""r"":-63,""f"":2412},{""b"":""02:17:b2:0b:47:88"",""s"":""T wifi zone"",""r"":-64,""f"":2472},{""b"":""36:78:c2:00:0a:b4"",""s"":""KT WiFi "",""r"":-65,""f"":5240},{""b"":""30:78:c2:00:0a:b4"",""s"":""KT WiFi"",""r"":-65,""f"":5240},{""b"":""40:27:0b:02:a2:c7"",""s"":""U+zone"",""r"":-76,""f"":5620},{""b"":""02:17:b2:0b:7d:b6"",""s"":""T wifi zone"",""r"":-76,""f"":2452},{""b"":""b2:38:6c:42:24:38"",""s"":""unetsys5G"",""r"":-83,""f"":5180},{""b"":""22:17:b2:0b:7d:b6"",""s"":""T wifi zone"",""r"":-84,""f"":5200},{""b"":""22:17:b2:0b:7d:b8"",""s"":""T wifi zone_secure"",""r"":-84,""f"":5200}]",""
1789875829771,2026-09-20 12:43:49,unknown,37.5519489,127.0443133,11.853,7.92,358.0,55.099998474121094,fused,0,LTE,NONE,4G,false,false,false,false,false,52541965,45,100,1,8282,450,06,-94,-11,-65,,3,1,,,,50,78,0.0004,0.0006,30,58,0.0002,0.0005,false,9,0,9,-95,45,2600,7.92,true,false,periodic,0,2,,,5002,52541966,-82,-10,"[{""type"":""LTE"",""pci"":45,""earfcn"":2600,""tac"":null,""rsrp"":-95,""rsrq"":-16,""rssi"":-69,""snr"":null,""ta"":1,""level"":3,""bands"":""5""},{""type"":""LTE"",""pci"":294,""earfcn"":2600,""tac"":null,""rsrp"":-95,""rsrq"":-17,""rssi"":-69,""snr"":null,""ta"":1,""level"":3,""bands"":""5""},{""type"":""LTE"",""pci"":45,""earfcn"":3050,""tac"":null,""rsrp"":-98,""rsrq"":-8,""rssi"":-81,""snr"":null,""ta"":1,""level"":2,""bands"":""7""},{""type"":""LTE"",""pci"":89,""earfcn"":100,""tac"":null,""rsrp"":-101,""rsrq"":-16,""rssi"":-73,""snr"":null,""ta"":1,""level"":2,""bands"":""1""},{""type"":""LTE"",""pci"":294,""earfcn"":100,""tac"":null,""rsrp"":-103,""rsrq"":-17,""rssi"":-73,""snr"":null,""ta"":1,""level"":2,""bands"":""1""},{""type"":""LTE"",""pci"":110,""earfcn"":100,""tac"":null,""rsrp"":-103,""rsrq"":-20,""rssi"":-73,""snr"":null,""ta"":1,""level"":2,""bands"":""1""},{""type"":""LTE"",""pci"":315,""earfcn"":3050,""tac"":null,""rsrp"":-108,""rsrq"":-17,""rssi"":-81,""snr"":null,""ta"":1,""level"":1,""bands"":""7""},{""type"":""LTE"",""pci"":89,""earfcn"":3050,""tac"":null,""rsrp"":-109,""rsrq"":-16,""rssi"":-81,""snr"":null,""ta"":1,""level"":1,""bands"":""7""},{""type"":""LTE"",""pci"":357,""earfcn"":3050,""tac"":null,""rsrp"":-109,""rsrq"":-18,""rssi"":-81,""snr"":null,""ta"":1,""level"":1,""bands"":""7""}]",1011.4875,59,,25,14,,,,"[{""b"":""40:27:0b:02:a2:b8"",""s"":""U+zone"",""r"":-50,""f"":5785},{""b"":""22:17:b2:0b:47:88"",""s"":""T wifi zone"",""r"":-52,""f"":5280},{""b"":""40:27:0b:02:a2:b7"",""s"":""U+zone_2.4GHz"",""r"":-53,""f"":2432},{""b"":""22:17:b2:0b:47:8a"",""s"":""T wifi zone_secure"",""r"":-53,""f"":5280},{""b"":""02:17:b2:0b:47:8a"",""s"":""T wifi zone_secure"",""r"":-63,""f"":2472},{""b"":""36:78:c2:00:0a:b5"",""s"":""KT WiFi "",""r"":-63,""f"":2412},{""b"":""30:78:c2:00:0a:b5"",""s"":""KT WiFi"",""r"":-63,""f"":2412},{""b"":""02:17:b2:0b:47:88"",""s"":""T wifi zone"",""r"":-64,""f"":2472},{""b"":""36:78:c2:00:0a:b4"",""s"":""KT WiFi "",""r"":-65,""f"":5240},{""b"":""30:78:c2:00:0a:b4"",""s"":""KT WiFi"",""r"":-65,""f"":5240},{""b"":""40:27:0b:02:a2:c7"",""s"":""U+zone"",""r"":-76,""f"":5620},{""b"":""02:17:b2:0b:7d:b6"",""s"":""T wifi zone"",""r"":-76,""f"":2452},{""b"":""b2:38:6c:42:24:38"",""s"":""unetsys5G"",""r"":-83,""f"":5180},{""b"":""22:17:b2:0b:7d:b6"",""s"":""T wifi zone"",""r"":-84,""f"":5200},{""b"":""22:17:b2:0b:7d:b8"",""s"":""T wifi zone_secure"",""r"":-84,""f"":5200}]","[{""type"":""LTE"",""pci"":89,""earfcn"":2600,""tac"":null,""rsrp"":-76,""rsrq"":-7,""rssi"":-59,""snr"":null,""ta"":0,""level"":4,""bands"":""5""},{""type"":""LTE"",""pci"":89,""earfcn"":3050,""tac"":null,""rsrp"":-85,""rsrq"":-9,""rssi"":-55,""snr"":null,""ta"":0,""level"":4,""bands"":""7""},{""type"":""LTE"",""pci"":4,""earfcn"":100,""tac"":null,""rsrp"":-87,""rsrq"":-16,""rssi"":-59,""snr"":null,""ta"":0,""level"":3,""bands"":""1""},{""type"":""LTE"",""pci"":294,""earfcn"":100,""tac"":null,""rsrp"":-89,""rsrq"":-18,""rssi"":-59,""snr"":null,""ta"":0,""level"":3,""bands"":""1""},{""type"":""LTE"",""pci"":294,""earfcn"":2600,""tac"":null,""rsrp"":-90,""rsrq"":-15,""rssi"":-59,""snr"":null,""ta"":0,""level"":3,""bands"":""5""}]"
1789875834795,2026-09-20 12:43:54,unknown,37.5521413,127.0443066,16.012,6.75,354.0,55.29999923706055,fused,1,LTE,NONE,4G,false,false,false,false,false,52541965,45,100,1,8282,450,06,-94,-11,-65,,3,1,,,,50,78,0.0004,0.0006,30,58,0.0002,0.0005,false,9,0,9,-95,45,2600,6.75,false,false,periodic,5,2,0,,10026,,,,"[{""type"":""LTE"",""pci"":45,""earfcn"":2600,""tac"":null,""rsrp"":-95,""rsrq"":-16,""rssi"":-69,""snr"":null,""ta"":1,""level"":3,""bands"":""5""},{""type"":""LTE"",""pci"":294,""earfcn"":2600,""tac"":null,""rsrp"":-95,""rsrq"":-17,""rssi"":-69,""snr"":null,""ta"":1,""level"":3,""bands"":""5""},{""type"":""LTE"",""pci"":45,""earfcn"":3050,""tac"":null,""rsrp"":-98,""rsrq"":-8,""rssi"":-81,""snr"":null,""ta"":1,""level"":2,""bands"":""7""},{""type"":""LTE"",""pci"":89,""earfcn"":100,""tac"":null,""rsrp"":-101,""rsrq"":-16,""rssi"":-73,""snr"":null,""ta"":1,""level"":2,""bands"":""1""},{""type"":""LTE"",""pci"":294,""earfcn"":100,""tac"":null,""rsrp"":-103,""rsrq"":-17,""rssi"":-73,""snr"":null,""ta"":1,""level"":2,""bands"":""1""},{""type"":""LTE"",""pci"":110,""earfcn"":100,""tac"":null,""rsrp"":-103,""rsrq"":-20,""rssi"":-73,""snr"":null,""ta"":1,""level"":2,""bands"":""1""},{""type"":""LTE"",""pci"":315,""earfcn"":3050,""tac"":null,""rsrp"":-108,""rsrq"":-17,""rssi"":-81,""snr"":null,""ta"":1,""level"":1,""bands"":""7""},{""type"":""LTE"",""pci"":89,""earfcn"":3050,""tac"":null,""rsrp"":-109,""rsrq"":-16,""rssi"":-81,""snr"":null,""ta"":1,""level"":1,""bands"":""7""},{""type"":""LTE"",""pci"":357,""earfcn"":3050,""tac"":null,""rsrp"":-109,""rsrq"":-18,""rssi"":-81,""snr"":null,""ta"":1,""level"":1,""bands"":""7""}]",1011.4877,60,,25,20,,,,"[{""b"":""40:27:0b:02:a2:b8"",""s"":""U+zone"",""r"":-50,""f"":5785},{""b"":""22:17:b2:0b:47:88"",""s"":""T wifi zone"",""r"":-52,""f"":5280},{""b"":""40:27:0b:02:a2:b7"",""s"":""U+zone_2.4GHz"",""r"":-53,""f"":2432},{""b"":""22:17:b2:0b:47:8a"",""s"":""T wifi zone_secure"",""r"":-53,""f"":5280},{""b"":""02:17:b2:0b:47:8a"",""s"":""T wifi zone_secure"",""r"":-63,""f"":2472},{""b"":""36:78:c2:00:0a:b5"",""s"":""KT WiFi "",""r"":-63,""f"":2412},{""b"":""30:78:c2:00:0a:b5"",""s"":""KT WiFi"",""r"":-63,""f"":2412},{""b"":""02:17:b2:0b:47:88"",""s"":""T wifi zone"",""r"":-64,""f"":2472},{""b"":""36:78:c2:00:0a:b4"",""s"":""KT WiFi "",""r"":-65,""f"":5240},{""b"":""30:78:c2:00:0a:b4"",""s"":""KT WiFi"",""r"":-65,""f"":5240},{""b"":""40:27:0b:02:a2:c7"",""s"":""U+zone"",""r"":-76,""f"":5620},{""b"":""02:17:b2:0b:7d:b6"",""s"":""T wifi zone"",""r"":-76,""f"":2452},{""b"":""b2:38:6c:42:24:38"",""s"":""unetsys5G"",""r"":-83,""f"":5180},{""b"":""22:17:b2:0b:7d:b6"",""s"":""T wifi zone"",""r"":-84,""f"":5200},{""b"":""22:17:b2:0b:7d:b8"",""s"":""T wifi zone_secure"",""r"":-84,""f"":5200}]",""
1789875839820,2026-09-20 12:43:59,unknown,37.5525583,127.0441554,11.397,8.32,354.0,55.20000076293945,fused,0,LTE,NONE,4G,false,false,false,false,false,52556560,294,100,1,8282,450,06,-96,-18,-57,,2,1,,,,420185,5066,3.3615,0.0405,420165,5046,3.3613,0.0404,false,7,0,7,-89,294,2600,8.32,true,false,periodic,0,2,,,5001,52541965,-94,-11,"[{""type"":""LTE"",""pci"":294,""earfcn"":2600,""tac"":null,""rsrp"":-89,""rsrq"":-15,""rssi"":-65,""snr"":null,""ta"":1,""level"":3,""bands"":""5""},{""type"":""LTE"",""pci"":455,""earfcn"":2600,""tac"":null,""rsrp"":-89,""rsrq"":-16,""rssi"":-63,""snr"":null,""ta"":1,""level"":3,""bands"":""5""},{""type"":""LTE"",""pci"":343,""earfcn"":2600,""tac"":null,""rsrp"":-90,""rsrq"":-17,""rssi"":-65,""snr"":null,""ta"":1,""level"":3,""bands"":""5""},{""type"":""LTE"",""pci"":343,""earfcn"":100,""tac"":null,""rsrp"":-93,""rsrq"":-15,""rssi"":-65,""snr"":null,""ta"":1,""level"":3,""bands"":""1""},{""type"":""LTE"",""pci"":300,""earfcn"":100,""tac"":null,""rsrp"":-95,""rsrq"":-18,""rssi"":-65,""snr"":null,""ta"":1,""level"":3,""bands"":""1""},{""type"":""LTE"",""pci"":91,""earfcn"":2600,""tac"":null,""rsrp"":-96,""rsrq"":-20,""rssi"":-65,""snr"":null,""ta"":1,""level"":2,""bands"":""5""},{""type"":""LTE"",""pci"":110,""earfcn"":100,""tac"":null,""rsrp"":-98,""rsrq"":-20,""rssi"":-67,""snr"":null,""ta"":1,""level"":2,""bands"":""1""}]",1011.47156,1689,8.093,25,25,,,,"[{""b"":""40:27:0b:02:a2:b8"",""s"":""U+zone"",""r"":-50,""f"":5785},{""b"":""22:17:b2:0b:47:88"",""s"":""T wifi zone"",""r"":-52,""f"":5280},{""b"":""40:27:0b:02:a2:b7"",""s"":""U+zone_2.4GHz"",""r"":-53,""f"":2432},{""b"":""22:17:b2:0b:47:8a"",""s"":""T wifi zone_secure"",""r"":-53,""f"":5280},{""b"":""02:17:b2:0b:47:8a"",""s"":""T wifi zone_secure"",""r"":-63,""f"":2472},{""b"":""36:78:c2:00:0a:b5"",""s"":""KT WiFi "",""r"":-63,""f"":2412},{""b"":""30:78:c2:00:0a:b5"",""s"":""KT WiFi"",""r"":-63,""f"":2412},{""b"":""02:17:b2:0b:47:88"",""s"":""T wifi zone"",""r"":-64,""f"":2472},{""b"":""36:78:c2:00:0a:b4"",""s"":""KT WiFi "",""r"":-65,""f"":5240},{""b"":""30:78:c2:00:0a:b4"",""s"":""KT WiFi"",""r"":-65,""f"":5240},{""b"":""40:27:0b:02:a2:c7"",""s"":""U+zone"",""r"":-76,""f"":5620},{""b"":""02:17:b2:0b:7d:b6"",""s"":""T wifi zone"",""r"":-76,""f"":2452},{""b"":""b2:38:6c:42:24:38"",""s"":""unetsys5G"",""r"":-83,""f"":5180},{""b"":""22:17:b2:0b:7d:b6"",""s"":""T wifi zone"",""r"":-84,""f"":5200},{""b"":""22:17:b2:0b:7d:b8"",""s"":""T wifi zone_secure"",""r"":-84,""f"":5200}]","[{""type"":""LTE"",""pci"":45,""earfcn"":2600,""tac"":null,""rsrp"":-95,""rsrq"":-16,""rssi"":-69,""snr"":null,""ta"":1,""level"":3,""bands"":""5""},{""type"":""LTE"",""pci"":294,""earfcn"":2600,""tac"":null,""rsrp"":-95,""rsrq"":-17,""rssi"":-69,""snr"":null,""ta"":1,""level"":3,""bands"":""5""},{""type"":""LTE"",""pci"":45,""earfcn"":3050,""tac"":null,""rsrp"":-98,""rsrq"":-8,""rssi"":-81,""snr"":null,""ta"":1,""level"":2,""bands"":""7""},{""type"":""LTE"",""pci"":89,""earfcn"":100,""tac"":null,""rsrp"":-101,""rsrq"":-16,""rssi"":-73,""snr"":null,""ta"":1,""level"":2,""bands"":""1""},{""type"":""LTE"",""pci"":294,""earfcn"":100,""tac"":null,""rsrp"":-103,""rsrq"":-17,""rssi"":-73,""snr"":null,""ta"":1,""level"":2,""bands"":""1""},{""type"":""LTE"",""pci"":110,""earfcn"":100,""tac"":null,""rsrp"":-103,""rsrq"":-20,""rssi"":-73,""snr"":null,""ta"":1,""level"":2,""bands"":""1""},{""type"":""LTE"",""pci"":315,""earfcn"":3050,""tac"":null,""rsrp"":-108,""rsrq"":-17,""rssi"":-81,""snr"":null,""ta"":1,""level"":1,""bands"":""7""},{""type"":""LTE"",""pci"":89,""earfcn"":3050,""tac"":null,""rsrp"":-109,""rsrq"":-16,""rssi"":-81,""snr"":null,""ta"":1,""level"":1,""bands"":""7""},{""type"":""LTE"",""pci"":357,""earfcn"":3050,""tac"":null,""rsrp"":-109,""rsrq"":-18,""rssi"":-81,""snr"":null,""ta"":1,""level"":1,""bands"":""7""}]"
1789875844839,2026-09-20 12:44:04,unknown,37.552829,127.0441126,4.442,8.3,352.0,56.8553650712629,fused,1,LTE,NONE,4G,false,false,false,false,false,52556560,294,100,1,8282,450,06,-96,-18,-57,,2,1,,,,70,98,0.0006,0.0008,30,58,0.0002,0.0005,false,7,0,7,-89,294,2600,8.3,false,false,periodic,5,2,0,,10021,,,,"[{""type"":""LTE"",""pci"":294,""earfcn"":2600,""tac"":null,""rsrp"":-89,""rsrq"":-15,""rssi"":-65,""snr"":null,""ta"":1,""level"":3,""bands"":""5""},{""type"":""LTE"",""pci"":455,""earfcn"":2600,""tac"":null,""rsrp"":-89,""rsrq"":-16,""rssi"":-63,""snr"":null,""ta"":1,""level"":3,""bands"":""5""},{""type"":""LTE"",""pci"":343,""earfcn"":2600,""tac"":null,""rsrp"":-90,""rsrq"":-17,""rssi"":-65,""snr"":null,""ta"":1,""level"":3,""bands"":""5""},{""type"":""LTE"",""pci"":343,""earfcn"":100,""tac"":null,""rsrp"":-93,""rsrq"":-15,""rssi"":-65,""snr"":null,""ta"":1,""level"":3,""bands"":""1""},{""type"":""LTE"",""pci"":300,""earfcn"":100,""tac"":null,""rsrp"":-95,""rsrq"":-18,""rssi"":-65,""snr"":null,""ta"":1,""level"":3,""bands"":""1""},{""type"":""LTE"",""pci"":91,""earfcn"":2600,""tac"":null,""rsrp"":-96,""rsrq"":-20,""rssi"":-65,""snr"":null,""ta"":1,""level"":2,""bands"":""5""},{""type"":""LTE"",""pci"":110,""earfcn"":100,""tac"":null,""rsrp"":-98,""rsrq"":-20,""rssi"":-67,""snr"":null,""ta"":1,""level"":2,""bands"":""1""}]",1011.48236,54,,25,30,,,,"[{""b"":""40:27:0b:02:a2:b8"",""s"":""U+zone"",""r"":-50,""f"":5785},{""b"":""22:17:b2:0b:47:88"",""s"":""T wifi zone"",""r"":-52,""f"":5280},{""b"":""40:27:0b:02:a2:b7"",""s"":""U+zone_2.4GHz"",""r"":-53,""f"":2432},{""b"":""22:17:b2:0b:47:8a"",""s"":""T wifi zone_secure"",""r"":-53,""f"":5280},{""b"":""02:17:b2:0b:47:8a"",""s"":""T wifi zone_secure"",""r"":-63,""f"":2472},{""b"":""36:78:c2:00:0a:b5"",""s"":""KT WiFi "",""r"":-63,""f"":2412},{""b"":""30:78:c2:00:0a:b5"",""s"":""KT WiFi"",""r"":-63,""f"":2412},{""b"":""02:17:b2:0b:47:88"",""s"":""T wifi zone"",""r"":-64,""f"":2472},{""b"":""36:78:c2:00:0a:b4"",""s"":""KT WiFi "",""r"":-65,""f"":5240},{""b"":""30:78:c2:00:0a:b4"",""s"":""KT WiFi"",""r"":-65,""f"":5240},{""b"":""40:27:0b:02:a2:c7"",""s"":""U+zone"",""r"":-76,""f"":5620},{""b"":""02:17:b2:0b:7d:b6"",""s"":""T wifi zone"",""r"":-76,""f"":2452},{""b"":""b2:38:6c:42:24:38"",""s"":""unetsys5G"",""r"":-83,""f"":5180},{""b"":""22:17:b2:0b:7d:b6"",""s"":""T wifi zone"",""r"":-84,""f"":5200},{""b"":""22:17:b2:0b:7d:b8"",""s"":""T wifi zone_secure"",""r"":-84,""f"":5200}]",""
1789875849863,2026-09-20 12:44:09,unknown,37.5532672,127.0440207,4.859,8.08,353.0,55.29999923706055,fused,0,LTE,NONE,4G,false,false,false,false,false,52556559,343,100,1,8282,450,06,-92,-12,-59,,3,0,,,,50,78,0.0004,0.0006,30,58,0.0002,0.0005,false,7,0,7,-91,343,2600,8.08,true,false,periodic,0,3,,,5001,52556560,-96,-18,"[{""type"":""LTE"",""pci"":343,""earfcn"":2600,""tac"":null,""rsrp"":-91,""rsrq"":-17,""rssi"":-63,""snr"":null,""ta"":0,""level"":3,""bands"":""5""},{""type"":""LTE"",""pci"":294,""earfcn"":2600,""tac"":null,""rsrp"":-91,""rsrq"":-15,""rssi"":-63,""snr"":null,""ta"":0,""level"":3,""bands"":""5""},{""type"":""LTE"",""pci"":294,""earfcn"":100,""tac"":null,""rsrp"":-93,""rsrq"":-12,""rssi"":-69,""snr"":null,""ta"":0,""level"":3,""bands"":""1""},{""type"":""LTE"",""pci"":57,""earfcn"":2600,""tac"":null,""rsrp"":-93,""rsrq"":-20,""rssi"":-63,""snr"":null,""ta"":0,""level"":3,""bands"":""5""},{""type"":""LTE"",""pci"":300,""earfcn"":2600,""tac"":null,""rsrp"":-97,""rsrq"":-19,""rssi"":-65,""snr"":null,""ta"":0,""level"":2,""bands"":""5""},{""type"":""LTE"",""pci"":455,""earfcn"":100,""tac"":null,""rsrp"":-101,""rsrq"":-18,""rssi"":-69,""snr"":null,""ta"":0,""level"":2,""bands"":""1""},{""type"":""LTE"",""pci"":110,""earfcn"":100,""tac"":null,""rsrp"":-102,""rsrq"":-20,""rssi"":-69,""snr"":null,""ta"":0,""level"":2,""bands"":""1""}]",1011.76733,74,,20,5,,,,"[{""b"":""40:27:0b:02:a2:b8"",""s"":""U+zone"",""r"":-50,""f"":5785},{""b"":""40:27:0b:02:a2:b7"",""s"":""U+zone_2.4GHz"",""r"":-54,""f"":2432},{""b"":""22:17:b2:0b:47:8a"",""s"":""T wifi zone_secure"",""r"":-57,""f"":5280},{""b"":""22:17:b2:0b:47:88"",""s"":""T wifi zone"",""r"":-58,""f"":5280},{""b"":""36:78:c2:00:0a:b5"",""s"":""KT WiFi "",""r"":-64,""f"":2412},{""b"":""36:78:c2:00:0a:b4"",""s"":""KT WiFi "",""r"":-64,""f"":5240},{""b"":""30:78:c2:00:0a:b4"",""s"":""KT WiFi"",""r"":-64,""f"":5240},{""b"":""02:17:b2:0b:47:88"",""s"":""T wifi zone"",""r"":-65,""f"":2472},{""b"":""30:78:c2:00:0a:b5"",""s"":""KT WiFi"",""r"":-66,""f"":2412},{""b"":""40:27:0b:02:a2:c7"",""s"":""U+zone"",""r"":-78,""f"":5620},{""b"":""02:17:b2:0b:7d:b6"",""s"":""T wifi zone"",""r"":-78,""f"":2452},{""b"":""02:17:b2:0b:7d:b8"",""s"":""T wifi zone_secure"",""r"":-78,""f"":2452},{""b"":""44:e6:4a:0c:85:cd"",""s"":"" Uro_6691249"",""r"":-83,""f"":2462},{""b"":""22:17:b2:0b:7d:b6"",""s"":""T wifi zone"",""r"":-84,""f"":5200},{""b"":""22:17:b2:0b:7d:b8"",""s"":""T wifi zone_secure"",""r"":-84,""f"":5200}]","[{""type"":""LTE"",""pci"":294,""earfcn"":2600,""tac"":null,""rsrp"":-89,""rsrq"":-15,""rssi"":-65,""snr"":null,""ta"":1,""level"":3,""bands"":""5""},{""type"":""LTE"",""pci"":455,""earfcn"":2600,""tac"":null,""rsrp"":-89,""rsrq"":-16,""rssi"":-63,""snr"":null,""ta"":1,""level"":3,""bands"":""5""},{""type"":""LTE"",""pci"":343,""earfcn"":2600,""tac"":null,""rsrp"":-90,""rsrq"":-17,""rssi"":-65,""snr"":null,""ta"":1,""level"":3,""bands"":""5""},{""type"":""LTE"",""pci"":343,""earfcn"":100,""tac"":null,""rsrp"":-93,""rsrq"":-15,""rssi"":-65,""snr"":null,""ta"":1,""level"":3,""bands"":""1""},{""type"":""LTE"",""pci"":300,""earfcn"":100,""tac"":null,""rsrp"":-95,""rsrq"":-18,""rssi"":-65,""snr"":null,""ta"":1,""level"":3,""bands"":""1""},{""type"":""LTE"",""pci"":91,""earfcn"":2600,""tac"":null,""rsrp"":-96,""rsrq"":-20,""rssi"":-65,""snr"":null,""ta"":1,""level"":2,""bands"":""5""},{""type"":""LTE"",""pci"":110,""earfcn"":100,""tac"":null,""rsrp"":-98,""rsrq"":-20,""rssi"":-67,""snr"":null,""ta"":1,""level"":2,""bands"":""1""}]"
1789875854881,2026-09-20 12:44:14,unknown,37.5536774,127.0439376,6.37,8.32,352.0,55.62407519316373,fused,0,LTE,NONE,4G,false,false,false,false,false,52556559,343,100,1,8282,450,06,-92,-12,-59,,3,0,,,,50,78,0.0004,0.0006,30,58,0.0002,0.0005,false,7,0,7,-91,343,2600,8.32,false,false,periodic,5,3,0,,10020,,,,"[{""type"":""LTE"",""pci"":343,""earfcn"":2600,""tac"":null,""rsrp"":-91,""rsrq"":-17,""rssi"":-63,""snr"":null,""ta"":0,""level"":3,""bands"":""5""},{""type"":""LTE"",""pci"":294,""earfcn"":2600,""tac"":null,""rsrp"":-91,""rsrq"":-15,""rssi"":-63,""snr"":null,""ta"":0,""level"":3,""bands"":""5""},{""type"":""LTE"",""pci"":294,""earfcn"":100,""tac"":null,""rsrp"":-93,""rsrq"":-12,""rssi"":-69,""snr"":null,""ta"":0,""level"":3,""bands"":""1""},{""type"":""LTE"",""pci"":57,""earfcn"":2600,""tac"":null,""rsrp"":-93,""rsrq"":-20,""rssi"":-63,""snr"":null,""ta"":0,""level"":3,""bands"":""5""},{""type"":""LTE"",""pci"":300,""earfcn"":2600,""tac"":null,""rsrp"":-97,""rsrq"":-19,""rssi"":-65,""snr"":null,""ta"":0,""level"":2,""bands"":""5""},{""type"":""LTE"",""pci"":455,""earfcn"":100,""tac"":null,""rsrp"":-101,""rsrq"":-18,""rssi"":-69,""snr"":null,""ta"":0,""level"":2,""bands"":""1""},{""type"":""LTE"",""pci"":110,""earfcn"":100,""tac"":null,""rsrp"":-102,""rsrq"":-20,""rssi"":-69,""snr"":null,""ta"":0,""level"":2,""bands"":""1""}]",1011.6679,61,,20,10,,,,"[{""b"":""40:27:0b:02:a2:b8"",""s"":""U+zone"",""r"":-50,""f"":5785},{""b"":""40:27:0b:02:a2:b7"",""s"":""U+zone_2.4GHz"",""r"":-54,""f"":2432},{""b"":""22:17:b2:0b:47:8a"",""s"":""T wifi zone_secure"",""r"":-57,""f"":5280},{""b"":""22:17:b2:0b:47:88"",""s"":""T wifi zone"",""r"":-58,""f"":5280},{""b"":""36:78:c2:00:0a:b5"",""s"":""KT WiFi "",""r"":-64,""f"":2412},{""b"":""36:78:c2:00:0a:b4"",""s"":""KT WiFi "",""r"":-64,""f"":5240},{""b"":""30:78:c2:00:0a:b4"",""s"":""KT WiFi"",""r"":-64,""f"":5240},{""b"":""02:17:b2:0b:47:88"",""s"":""T wifi zone"",""r"":-65,""f"":2472},{""b"":""30:78:c2:00:0a:b5"",""s"":""KT WiFi"",""r"":-66,""f"":2412},{""b"":""40:27:0b:02:a2:c7"",""s"":""U+zone"",""r"":-78,""f"":5620},{""b"":""02:17:b2:0b:7d:b6"",""s"":""T wifi zone"",""r"":-78,""f"":2452},{""b"":""02:17:b2:0b:7d:b8"",""s"":""T wifi zone_secure"",""r"":-78,""f"":2452},{""b"":""44:e6:4a:0c:85:cd"",""s"":"" Uro_6691249"",""r"":-83,""f"":2462},{""b"":""22:17:b2:0b:7d:b6"",""s"":""T wifi zone"",""r"":-84,""f"":5200},{""b"":""22:17:b2:0b:7d:b8"",""s"":""T wifi zone_secure"",""r"":-84,""f"":5200}]",""
1789875859901,2026-09-20 12:44:19,unknown,37.5539675,127.0438645,6.589,8.38,352.0,56.88555769637166,fused,1,LTE,NONE,4G,false,false,false,false,false,52541967,315,100,1,8282,450,06,-84,-11,-51,,4,0,,,,50,78,0.0004,0.0006,30,58,0.0002,0.0005,false,10,0,10,-80,455,2600,8.38,true,false,periodic,0,3,,,5002,52556559,-92,-12,"[{""type"":""LTE"",""pci"":455,""earfcn"":2600,""tac"":null,""rsrp"":-80,""rsrq"":-12,""rssi"":-57,""snr"":null,""ta"":0,""level"":4,""bands"":""5""},{""type"":""LTE"",""pci"":315,""earfcn"":2600,""tac"":null,""rsrp"":-83,""rsrq"":-13,""rssi"":-57,""snr"":null,""ta"":0,""level"":4,""bands"":""5""},{""type"":""LTE"",""pci"":294,""earfcn"":2600,""tac"":null,""rsrp"":-87,""rsrq"":-18,""rssi"":-57,""snr"":null,""ta"":0,""level"":3,""bands"":""5""},{""type"":""LTE"",""pci"":455,""earfcn"":3050,""tac"":null,""rsrp"":-91,""rsrq"":-10,""rssi"":-69,""snr"":null,""ta"":0,""level"":3,""bands"":""7""},{""type"":""LTE"",""pci"":343,""earfcn"":2600,""tac"":null,""rsrp"":-93,""rsrq"":-18,""rssi"":-65,""snr"":null,""ta"":0,""level"":3,""bands"":""5""},{""type"":""LTE"",""pci"":455,""earfcn"":100,""tac"":null,""rsrp"":-94,""rsrq"":-17,""rssi"":-67,""snr"":null,""ta"":0,""level"":3,""bands"":""1""},{""type"":""LTE"",""pci"":110,""earfcn"":2600,""tac"":null,""rsrp"":-94,""rsrq"":-20,""rssi"":-63,""snr"":null,""ta"":0,""level"":3,""bands"":""5""},{""type"":""LTE"",""pci"":294,""earfcn"":100,""tac"":null,""rsrp"":-95,""rsrq"":-18,""rssi"":-67,""snr"":null,""ta"":0,""level"":3,""bands"":""1""},{""type"":""LTE"",""pci"":315,""earfcn"":3050,""tac"":null,""rsrp"":-95,""rsrq"":-15,""rssi"":-69,""snr"":null,""ta"":0,""level"":3,""bands"":""7""},{""type"":""LTE"",""pci"":110,""earfcn"":3050,""tac"":null,""rsrp"":-100,""rsrq"":-19,""rssi"":-69,""snr"":null,""ta"":0,""level"":2,""bands"":""7""}]",1011.77246,39,,20,15,,,,"[{""b"":""40:27:0b:02:a2:b8"",""s"":""U+zone"",""r"":-50,""f"":5785},{""b"":""40:27:0b:02:a2:b7"",""s"":""U+zone_2.4GHz"",""r"":-54,""f"":2432},{""b"":""22:17:b2:0b:47:8a"",""s"":""T wifi zone_secure"",""r"":-57,""f"":5280},{""b"":""22:17:b2:0b:47:88"",""s"":""T wifi zone"",""r"":-58,""f"":5280},{""b"":""36:78:c2:00:0a:b5"",""s"":""KT WiFi "",""r"":-64,""f"":2412},{""b"":""36:78:c2:00:0a:b4"",""s"":""KT WiFi "",""r"":-64,""f"":5240},{""b"":""30:78:c2:00:0a:b4"",""s"":""KT WiFi"",""r"":-64,""f"":5240},{""b"":""02:17:b2:0b:47:88"",""s"":""T wifi zone"",""r"":-65,""f"":2472},{""b"":""30:78:c2:00:0a:b5"",""s"":""KT WiFi"",""r"":-66,""f"":2412},{""b"":""40:27:0b:02:a2:c7"",""s"":""U+zone"",""r"":-78,""f"":5620},{""b"":""02:17:b2:0b:7d:b6"",""s"":""T wifi zone"",""r"":-78,""f"":2452},{""b"":""02:17:b2:0b:7d:b8"",""s"":""T wifi zone_secure"",""r"":-78,""f"":2452},{""b"":""44:e6:4a:0c:85:cd"",""s"":"" Uro_6691249"",""r"":-83,""f"":2462},{""b"":""22:17:b2:0b:7d:b6"",""s"":""T wifi zone"",""r"":-84,""f"":5200},{""b"":""22:17:b2:0b:7d:b8"",""s"":""T wifi zone_secure"",""r"":-84,""f"":5200}]","[{""type"":""LTE"",""pci"":343,""earfcn"":2600,""tac"":null,""rsrp"":-91,""rsrq"":-17,""rssi"":-63,""snr"":null,""ta"":0,""level"":3,""bands"":""5""},{""type"":""LTE"",""pci"":294,""earfcn"":2600,""tac"":null,""rsrp"":-91,""rsrq"":-15,""rssi"":-63,""snr"":null,""ta"":0,""level"":3,""bands"":""5""},{""type"":""LTE"",""pci"":294,""earfcn"":100,""tac"":null,""rsrp"":-93,""rsrq"":-12,""rssi"":-69,""snr"":null,""ta"":0,""level"":3,""bands"":""1""},{""type"":""LTE"",""pci"":57,""earfcn"":2600,""tac"":null,""rsrp"":-93,""rsrq"":-20,""rssi"":-63,""snr"":null,""ta"":0,""level"":3,""bands"":""5""},{""type"":""LTE"",""pci"":300,""earfcn"":2600,""tac"":null,""rsrp"":-97,""rsrq"":-19,""rssi"":-65,""snr"":null,""ta"":0,""level"":2,""bands"":""5""},{""type"":""LTE"",""pci"":455,""earfcn"":100,""tac"":null,""rsrp"":-101,""rsrq"":-18,""rssi"":-69,""snr"":null,""ta"":0,""level"":2,""bands"":""1""},{""type"":""LTE"",""pci"":110,""earfcn"":100,""tac"":null,""rsrp"":-102,""rsrq"":-20,""rssi"":-69,""snr"":null,""ta"":0,""level"":2,""bands"":""1""}]"
1789875864926,2026-09-20 12:44:24,unknown,37.5544273,127.0438201,9.912,8.33,354.0,55.92853716806619,fused,0,LTE,NONE,4G,false,false,false,false,false,52541967,315,100,1,8282,450,06,-84,-11,-51,,4,0,,,,196,442,0.0016,0.0035,176,422,0.0014,0.0034,false,10,0,10,-80,455,2600,8.33,false,false,periodic,5,3,0,,10028,,,,"[{""type"":""LTE"",""pci"":455,""earfcn"":2600,""tac"":null,""rsrp"":-80,""rsrq"":-12,""rssi"":-57,""snr"":null,""ta"":0,""level"":4,""bands"":""5""},{""type"":""LTE"",""pci"":315,""earfcn"":2600,""tac"":null,""rsrp"":-83,""rsrq"":-13,""rssi"":-57,""snr"":null,""ta"":0,""level"":4,""bands"":""5""},{""type"":""LTE"",""pci"":294,""earfcn"":2600,""tac"":null,""rsrp"":-87,""rsrq"":-18,""rssi"":-57,""snr"":null,""ta"":0,""level"":3,""bands"":""5""},{""type"":""LTE"",""pci"":455,""earfcn"":3050,""tac"":null,""rsrp"":-91,""rsrq"":-10,""rssi"":-69,""snr"":null,""ta"":0,""level"":3,""bands"":""7""},{""type"":""LTE"",""pci"":343,""earfcn"":2600,""tac"":null,""rsrp"":-93,""rsrq"":-18,""rssi"":-65,""snr"":null,""ta"":0,""level"":3,""bands"":""5""},{""type"":""LTE"",""pci"":455,""earfcn"":100,""tac"":null,""rsrp"":-94,""rsrq"":-17,""rssi"":-67,""snr"":null,""ta"":0,""level"":3,""bands"":""1""},{""type"":""LTE"",""pci"":110,""earfcn"":2600,""tac"":null,""rsrp"":-94,""rsrq"":-20,""rssi"":-63,""snr"":null,""ta"":0,""level"":3,""bands"":""5""},{""type"":""LTE"",""pci"":294,""earfcn"":100,""tac"":null,""rsrp"":-95,""rsrq"":-18,""rssi"":-67,""snr"":null,""ta"":0,""level"":3,""bands"":""1""},{""type"":""LTE"",""pci"":315,""earfcn"":3050,""tac"":null,""rsrp"":-95,""rsrq"":-15,""rssi"":-69,""snr"":null,""ta"":0,""level"":3,""bands"":""7""},{""type"":""LTE"",""pci"":110,""earfcn"":3050,""tac"":null,""rsrp"":-100,""rsrq"":-19,""rssi"":-69,""snr"":null,""ta"":0,""level"":2,""bands"":""7""}]",1011.8713,19,,20,20,,,,"[{""b"":""40:27:0b:02:a2:b8"",""s"":""U+zone"",""r"":-50,""f"":5785},{""b"":""40:27:0b:02:a2:b7"",""s"":""U+zone_2.4GHz"",""r"":-54,""f"":2432},{""b"":""22:17:b2:0b:47:8a"",""s"":""T wifi zone_secure"",""r"":-57,""f"":5280},{""b"":""22:17:b2:0b:47:88"",""s"":""T wifi zone"",""r"":-58,""f"":5280},{""b"":""36:78:c2:00:0a:b5"",""s"":""KT WiFi "",""r"":-64,""f"":2412},{""b"":""36:78:c2:00:0a:b4"",""s"":""KT WiFi "",""r"":-64,""f"":5240},{""b"":""30:78:c2:00:0a:b4"",""s"":""KT WiFi"",""r"":-64,""f"":5240},{""b"":""02:17:b2:0b:47:88"",""s"":""T wifi zone"",""r"":-65,""f"":2472},{""b"":""30:78:c2:00:0a:b5"",""s"":""KT WiFi"",""r"":-66,""f"":2412},{""b"":""40:27:0b:02:a2:c7"",""s"":""U+zone"",""r"":-78,""f"":5620},{""b"":""02:17:b2:0b:7d:b6"",""s"":""T wifi zone"",""r"":-78,""f"":2452},{""b"":""02:17:b2:0b:7d:b8"",""s"":""T wifi zone_secure"",""r"":-78,""f"":2452},{""b"":""44:e6:4a:0c:85:cd"",""s"":"" Uro_6691249"",""r"":-83,""f"":2462},{""b"":""22:17:b2:0b:7d:b6"",""s"":""T wifi zone"",""r"":-84,""f"":5200},{""b"":""22:17:b2:0b:7d:b8"",""s"":""T wifi zone_secure"",""r"":-84,""f"":5200}]",""
1789875869952,2026-09-20 12:44:29,unknown,37.5546753,127.0437656,10.644,6.83,352.0,52.794201922624225,fused,2,LTE,NONE,4G,false,false,false,false,false,52541967,315,100,1,8282,450,06,-89,-8,-59,,3,0,,,,419936,2548,3.3595,0.0204,419896,2508,3.3592,0.0201,false,14,0,14,-84,343,2600,6.83,false,false,periodic,10,2,-5,,4999,,,,"[{""type"":""LTE"",""pci"":343,""earfcn"":2600,""tac"":null,""rsrp"":-84,""rsrq"":-17,""rssi"":-57,""snr"":null,""ta"":0,""level"":4,""bands"":""5""},{""type"":""LTE"",""pci"":315,""earfcn"":2600,""tac"":null,""rsrp"":-86,""rsrq"":-12,""rssi"":-65,""snr"":null,""ta"":0,""level"":3,""bands"":""5""},{""type"":""LTE"",""pci"":322,""earfcn"":2600,""tac"":null,""rsrp"":-91,""rsrq"":-16,""rssi"":-65,""snr"":null,""ta"":0,""level"":3,""bands"":""5""},{""type"":""LTE"",""pci"":110,""earfcn"":2600,""tac"":null,""rsrp"":-92,""rsrq"":-20,""rssi"":-61,""snr"":null,""ta"":0,""level"":3,""bands"":""5""},{""type"":""LTE"",""pci"":315,""earfcn"":3050,""tac"":null,""rsrp"":-93,""rsrq"":-8,""rssi"":-73,""snr"":null,""ta"":0,""level"":3,""bands"":""7""},{""type"":""LTE"",""pci"":294,""earfcn"":2600,""tac"":null,""rsrp"":-93,""rsrq"":-17,""rssi"":-67,""snr"":null,""ta"":0,""level"":3,""bands"":""5""},{""type"":""LTE"",""pci"":455,""earfcn"":2600,""tac"":null,""rsrp"":-95,""rsrq"":-20,""rssi"":-65,""snr"":null,""ta"":0,""level"":3,""bands"":""5""},{""type"":""LTE"",""pci"":322,""earfcn"":3050,""tac"":null,""rsrp"":-99,""rsrq"":-16,""rssi"":-73,""snr"":null,""ta"":0,""level"":2,""bands"":""7""},{""type"":""LTE"",""pci"":455,""earfcn"":3050,""tac"":null,""rsrp"":-100,""rsrq"":-20,""rssi"":-69,""snr"":null,""ta"":0,""level"":2,""bands"":""7""},{""type"":""LTE"",""pci"":294,""earfcn"":100,""tac"":null,""rsrp"":-102,""rsrq"":-14,""rssi"":-73,""snr"":null,""ta"":0,""level"":2,""bands"":""1""},{""type"":""LTE"",""pci"":322,""earfcn"":100,""tac"":null,""rsrp"":-102,""rsrq"":-18,""rssi"":-73,""snr"":null,""ta"":0,""level"":2,""bands"":""1""},{""type"":""LTE"",""pci"":284,""earfcn"":2600,""tac"":null,""rsrp"":-103,""rsrq"":-20,""rssi"":-71,""snr"":null,""ta"":0,""level"":2,""bands"":""5""},{""type"":""LTE"",""pci"":110,""earfcn"":3050,""tac"":null,""rsrp"":-104,""rsrq"":-20,""rssi"":-73,""snr"":null,""ta"":0,""level"":2,""bands"":""7""},{""type"":""LTE"",""pci"":395,""earfcn"":100,""tac"":null,""rsrp"":-105,""rsrq"":-17,""rssi"":-73,""snr"":null,""ta"":0,""level"":2,""bands"":""1""}]",1011.9235,239,30.656,20,25,,,,"[{""b"":""40:27:0b:02:a2:b8"",""s"":""U+zone"",""r"":-50,""f"":5785},{""b"":""40:27:0b:02:a2:b7"",""s"":""U+zone_2.4GHz"",""r"":-54,""f"":2432},{""b"":""22:17:b2:0b:47:8a"",""s"":""T wifi zone_secure"",""r"":-57,""f"":5280},{""b"":""22:17:b2:0b:47:88"",""s"":""T wifi zone"",""r"":-58,""f"":5280},{""b"":""36:78:c2:00:0a:b5"",""s"":""KT WiFi "",""r"":-64,""f"":2412},{""b"":""36:78:c2:00:0a:b4"",""s"":""KT WiFi "",""r"":-64,""f"":5240},{""b"":""30:78:c2:00:0a:b4"",""s"":""KT WiFi"",""r"":-64,""f"":5240},{""b"":""02:17:b2:0b:47:88"",""s"":""T wifi zone"",""r"":-65,""f"":2472},{""b"":""30:78:c2:00:0a:b5"",""s"":""KT WiFi"",""r"":-66,""f"":2412},{""b"":""40:27:0b:02:a2:c7"",""s"":""U+zone"",""r"":-78,""f"":5620},{""b"":""02:17:b2:0b:7d:b6"",""s"":""T wifi zone"",""r"":-78,""f"":2452},{""b"":""02:17:b2:0b:7d:b8"",""s"":""T wifi zone_secure"",""r"":-78,""f"":2452},{""b"":""44:e6:4a:0c:85:cd"",""s"":"" Uro_6691249"",""r"":-83,""f"":2462},{""b"":""22:17:b2:0b:7d:b6"",""s"":""T wifi zone"",""r"":-84,""f"":5200},{""b"":""22:17:b2:0b:7d:b8"",""s"":""T wifi zone_secure"",""r"":-84,""f"":5200}]",""
1789875874971,2026-09-20 12:44:34,unknown,37.5550296,127.0436613,12.769,6.59,353.0,51.640824793174865,fused,1,LTE,NONE,4G,false,false,false,false,false,52541967,315,100,1,8282,450,06,-89,-8,-59,,3,0,,,,6327,4874,0.0506,0.0390,6307,4854,0.0505,0.0388,false,14,0,14,-84,343,2600,6.59,false,false,periodic,15,2,0,,10016,,,,"[{""type"":""LTE"",""pci"":343,""earfcn"":2600,""tac"":null,""rsrp"":-84,""rsrq"":-17,""rssi"":-57,""snr"":null,""ta"":0,""level"":4,""bands"":""5""},{""type"":""LTE"",""pci"":315,""earfcn"":2600,""tac"":null,""rsrp"":-86,""rsrq"":-12,""rssi"":-65,""snr"":null,""ta"":0,""level"":3,""bands"":""5""},{""type"":""LTE"",""pci"":322,""earfcn"":2600,""tac"":null,""rsrp"":-91,""rsrq"":-16,""rssi"":-65,""snr"":null,""ta"":0,""level"":3,""bands"":""5""},{""type"":""LTE"",""pci"":110,""earfcn"":2600,""tac"":null,""rsrp"":-92,""rsrq"":-20,""rssi"":-61,""snr"":null,""ta"":0,""level"":3,""bands"":""5""},{""type"":""LTE"",""pci"":315,""earfcn"":3050,""tac"":null,""rsrp"":-93,""rsrq"":-8,""rssi"":-73,""snr"":null,""ta"":0,""level"":3,""bands"":""7""},{""type"":""LTE"",""pci"":294,""earfcn"":2600,""tac"":null,""rsrp"":-93,""rsrq"":-17,""rssi"":-67,""snr"":null,""ta"":0,""level"":3,""bands"":""5""},{""type"":""LTE"",""pci"":455,""earfcn"":2600,""tac"":null,""rsrp"":-95,""rsrq"":-20,""rssi"":-65,""snr"":null,""ta"":0,""level"":3,""bands"":""5""},{""type"":""LTE"",""pci"":322,""earfcn"":3050,""tac"":null,""rsrp"":-99,""rsrq"":-16,""rssi"":-73,""snr"":null,""ta"":0,""level"":2,""bands"":""7""},{""type"":""LTE"",""pci"":455,""earfcn"":3050,""tac"":null,""rsrp"":-100,""rsrq"":-20,""rssi"":-69,""snr"":null,""ta"":0,""level"":2,""bands"":""7""},{""type"":""LTE"",""pci"":294,""earfcn"":100,""tac"":null,""rsrp"":-102,""rsrq"":-14,""rssi"":-73,""snr"":null,""ta"":0,""level"":2,""bands"":""1""},{""type"":""LTE"",""pci"":322,""earfcn"":100,""tac"":null,""rsrp"":-102,""rsrq"":-18,""rssi"":-73,""snr"":null,""ta"":0,""level"":2,""bands"":""1""},{""type"":""LTE"",""pci"":284,""earfcn"":2600,""tac"":null,""rsrp"":-103,""rsrq"":-20,""rssi"":-71,""snr"":null,""ta"":0,""level"":2,""bands"":""5""},{""type"":""LTE"",""pci"":110,""earfcn"":3050,""tac"":null,""rsrp"":-104,""rsrq"":-20,""rssi"":-73,""snr"":null,""ta"":0,""level"":2,""bands"":""7""},{""type"":""LTE"",""pci"":395,""earfcn"":100,""tac"":null,""rsrp"":-105,""rsrq"":-17,""rssi"":-73,""snr"":null,""ta"":0,""level"":2,""bands"":""1""}]",1012.01404,44,,20,30,,,,"[{""b"":""40:27:0b:02:a2:b8"",""s"":""U+zone"",""r"":-50,""f"":5785},{""b"":""40:27:0b:02:a2:b7"",""s"":""U+zone_2.4GHz"",""r"":-54,""f"":2432},{""b"":""22:17:b2:0b:47:8a"",""s"":""T wifi zone_secure"",""r"":-57,""f"":5280},{""b"":""22:17:b2:0b:47:88"",""s"":""T wifi zone"",""r"":-58,""f"":5280},{""b"":""36:78:c2:00:0a:b5"",""s"":""KT WiFi "",""r"":-64,""f"":2412},{""b"":""36:78:c2:00:0a:b4"",""s"":""KT WiFi "",""r"":-64,""f"":5240},{""b"":""30:78:c2:00:0a:b4"",""s"":""KT WiFi"",""r"":-64,""f"":5240},{""b"":""02:17:b2:0b:47:88"",""s"":""T wifi zone"",""r"":-65,""f"":2472},{""b"":""30:78:c2:00:0a:b5"",""s"":""KT WiFi"",""r"":-66,""f"":2412},{""b"":""40:27:0b:02:a2:c7"",""s"":""U+zone"",""r"":-78,""f"":5620},{""b"":""02:17:b2:0b:7d:b6"",""s"":""T wifi zone"",""r"":-78,""f"":2452},{""b"":""02:17:b2:0b:7d:b8"",""s"":""T wifi zone_secure"",""r"":-78,""f"":2452},{""b"":""44:e6:4a:0c:85:cd"",""s"":"" Uro_6691249"",""r"":-83,""f"":2462},{""b"":""22:17:b2:0b:7d:b6"",""s"":""T wifi zone"",""r"":-84,""f"":5200},{""b"":""22:17:b2:0b:7d:b8"",""s"":""T wifi zone_secure"",""r"":-84,""f"":5200}]",""
1789875879979,2026-09-20 12:44:39,unknown,37.5552331,127.0436025,17.358,6.22,358.0,51.19692660026105,fused,2,LTE,NONE,4G,false,false,false,false,false,52546062,322,100,1,8282,450,06,-62,-11,-51,,4,0,,,,1364,678,0.0109,0.0054,1344,658,0.0108,0.0053,false,4,0,4,-55,322,2600,6.22,true,false,periodic,0,2,,,5004,52541967,-89,-8,"[{""type"":""LTE"",""pci"":322,""earfcn"":2600,""tac"":null,""rsrp"":-55,""rsrq"":-7,""rssi"":-51,""snr"":null,""ta"":0,""level"":4,""bands"":""5""},{""type"":""LTE"",""pci"":315,""earfcn"":2600,""tac"":null,""rsrp"":-65,""rsrq"":-18,""rssi"":-51,""snr"":null,""ta"":0,""level"":4,""bands"":""5""},{""type"":""LTE"",""pci"":322,""earfcn"":3050,""tac"":null,""rsrp"":-66,""rsrq"":-7,""rssi"":-51,""snr"":null,""ta"":0,""level"":4,""bands"":""7""},{""type"":""LTE"",""pci"":315,""earfcn"":3050,""tac"":null,""rsrp"":-70,""rsrq"":-17,""rssi"":-51,""snr"":null,""ta"":0,""level"":4,""bands"":""7""}]",1011.96857,26,,34,5,,,,"[{""b"":""40:27:0b:02:a2:b8"",""s"":""U+zone"",""r"":-49,""f"":5785},{""b"":""40:27:0b:02:a2:b7"",""s"":""U+zone_2.4GHz"",""r"":-56,""f"":2432},{""b"":""22:17:b2:0b:47:8a"",""s"":""T wifi zone_secure"",""r"":-58,""f"":5280},{""b"":""22:17:b2:0b:47:88"",""s"":""T wifi zone"",""r"":-58,""f"":5280},{""b"":""36:78:c2:00:0a:b4"",""s"":""KT WiFi "",""r"":-59,""f"":5240},{""b"":""30:78:c2:00:0a:b4"",""s"":""KT WiFi"",""r"":-60,""f"":5240},{""b"":""02:17:b2:0b:47:88"",""s"":""T wifi zone"",""r"":-63,""f"":2472},{""b"":""02:17:b2:0b:47:8a"",""s"":""T wifi zone_secure"",""r"":-63,""f"":2472},{""b"":""36:78:c2:00:0a:b5"",""s"":""KT WiFi "",""r"":-65,""f"":2412},{""b"":""30:78:c2:00:0a:b5"",""s"":""KT WiFi"",""r"":-65,""f"":2412},{""b"":""02:e3:c7:0a:06:c7"",""s"":""T wifi zone_secure"",""r"":-72,""f"":2472},{""b"":""10:e3:c7:0a:06:c7"",""s"":""T wifi zone"",""r"":-73,""f"":2472},{""b"":""12:06:ac:80:56:16"",""s"":""FREE_U+zone_2.4GHz"",""r"":-75,""f"":2432},{""b"":""12:06:ac:80:56:17"",""s"":""FREE_U+zone"",""r"":-77,""f"":5745},{""b"":""36:9f:d4:37:59:0a"",""s"":"""",""r"":-78,""f"":5180}]","[{""type"":""LTE"",""pci"":343,""earfcn"":2600,""tac"":null,""rsrp"":-84,""rsrq"":-17,""rssi"":-57,""snr"":null,""ta"":0,""level"":4,""bands"":""5""},{""type"":""LTE"",""pci"":315,""earfcn"":2600,""tac"":null,""rsrp"":-86,""rsrq"":-12,""rssi"":-65,""snr"":null,""ta"":0,""level"":3,""bands"":""5""},{""type"":""LTE"",""pci"":322,""earfcn"":2600,""tac"":null,""rsrp"":-91,""rsrq"":-16,""rssi"":-65,""snr"":null,""ta"":0,""level"":3,""bands"":""5""},{""type"":""LTE"",""pci"":110,""earfcn"":2600,""tac"":null,""rsrp"":-92,""rsrq"":-20,""rssi"":-61,""snr"":null,""ta"":0,""level"":3,""bands"":""5""},{""type"":""LTE"",""pci"":315,""earfcn"":3050,""tac"":null,""rsrp"":-93,""rsrq"":-8,""rssi"":-73,""snr"":null,""ta"":0,""level"":3,""bands"":""7""},{""type"":""LTE"",""pci"":294,""earfcn"":2600,""tac"":null,""rsrp"":-93,""rsrq"":-17,""rssi"":-67,""snr"":null,""ta"":0,""level"":3,""bands"":""5""},{""type"":""LTE"",""pci"":455,""earfcn"":2600,""tac"":null,""rsrp"":-95,""rsrq"":-20,""rssi"":-65,""snr"":null,""ta"":0,""level"":3,""bands"":""5""},{""type"":""LTE"",""pci"":322,""earfcn"":3050,""tac"":null,""rsrp"":-99,""rsrq"":-16,""rssi"":-73,""snr"":null,""ta"":0,""level"":2,""bands"":""7""},{""type"":""LTE"",""pci"":455,""earfcn"":3050,""tac"":null,""rsrp"":-100,""rsrq"":-20,""rssi"":-69,""snr"":null,""ta"":0,""level"":2,""bands"":""7""},{""type"":""LTE"",""pci"":294,""earfcn"":100,""tac"":null,""rsrp"":-102,""rsrq"":-14,""rssi"":-73,""snr"":null,""ta"":0,""level"":2,""bands"":""1""},{""type"":""LTE"",""pci"":322,""earfcn"":100,""tac"":null,""rsrp"":-102,""rsrq"":-18,""rssi"":-73,""snr"":null,""ta"":0,""level"":2,""bands"":""1""},{""type"":""LTE"",""pci"":284,""earfcn"":2600,""tac"":null,""rsrp"":-103,""rsrq"":-20,""rssi"":-71,""snr"":null,""ta"":0,""level"":2,""bands"":""5""},{""type"":""LTE"",""pci"":110,""earfcn"":3050,""tac"":null,""rsrp"":-104,""rsrq"":-20,""rssi"":-73,""snr"":null,""ta"":0,""level"":2,""bands"":""7""},{""type"":""LTE"",""pci"":395,""earfcn"":100,""tac"":null,""rsrp"":-105,""rsrq"":-17,""rssi"":-73,""snr"":null,""ta"":0,""level"":2,""bands"":""1""}]"
1789875885006,2026-09-20 12:44:45,unknown,37.5552331,127.0436025,17.358,6.22,358.0,51.19692660026105,fused,7,LTE,NONE,4G,false,false,false,false,false,52546062,322,100,1,8282,450,06,-62,-11,-51,,4,0,,,,50,78,0.0004,0.0006,30,58,0.0002,0.0005,false,4,0,4,-55,322,2600,6.22,false,false,periodic,5,2,0,,10031,,,,"[{""type"":""LTE"",""pci"":322,""earfcn"":2600,""tac"":null,""rsrp"":-55,""rsrq"":-7,""rssi"":-51,""snr"":null,""ta"":0,""level"":4,""bands"":""5""},{""type"":""LTE"",""pci"":315,""earfcn"":2600,""tac"":null,""rsrp"":-65,""rsrq"":-18,""rssi"":-51,""snr"":null,""ta"":0,""level"":4,""bands"":""5""},{""type"":""LTE"",""pci"":322,""earfcn"":3050,""tac"":null,""rsrp"":-66,""rsrq"":-7,""rssi"":-51,""snr"":null,""ta"":0,""level"":4,""bands"":""7""},{""type"":""LTE"",""pci"":315,""earfcn"":3050,""tac"":null,""rsrp"":-70,""rsrq"":-17,""rssi"":-51,""snr"":null,""ta"":0,""level"":4,""bands"":""7""}]",1011.92865,49,,34,10,,,,"[{""b"":""40:27:0b:02:a2:b8"",""s"":""U+zone"",""r"":-49,""f"":5785},{""b"":""40:27:0b:02:a2:b7"",""s"":""U+zone_2.4GHz"",""r"":-56,""f"":2432},{""b"":""22:17:b2:0b:47:8a"",""s"":""T wifi zone_secure"",""r"":-58,""f"":5280},{""b"":""22:17:b2:0b:47:88"",""s"":""T wifi zone"",""r"":-58,""f"":5280},{""b"":""36:78:c2:00:0a:b4"",""s"":""KT WiFi "",""r"":-59,""f"":5240},{""b"":""30:78:c2:00:0a:b4"",""s"":""KT WiFi"",""r"":-60,""f"":5240},{""b"":""02:17:b2:0b:47:88"",""s"":""T wifi zone"",""r"":-63,""f"":2472},{""b"":""02:17:b2:0b:47:8a"",""s"":""T wifi zone_secure"",""r"":-63,""f"":2472},{""b"":""36:78:c2:00:0a:b5"",""s"":""KT WiFi "",""r"":-65,""f"":2412},{""b"":""30:78:c2:00:0a:b5"",""s"":""KT WiFi"",""r"":-65,""f"":2412},{""b"":""02:e3:c7:0a:06:c7"",""s"":""T wifi zone_secure"",""r"":-72,""f"":2472},{""b"":""10:e3:c7:0a:06:c7"",""s"":""T wifi zone"",""r"":-73,""f"":2472},{""b"":""12:06:ac:80:56:16"",""s"":""FREE_U+zone_2.4GHz"",""r"":-75,""f"":2432},{""b"":""12:06:ac:80:56:17"",""s"":""FREE_U+zone"",""r"":-77,""f"":5745},{""b"":""36:9f:d4:37:59:0a"",""s"":"""",""r"":-78,""f"":5180}]",""
1789875890029,2026-09-20 12:44:50,unknown,37.5552331,127.0436025,278.709,,,51.63730998849859,fused,5,LTE,NONE,4G,false,false,false,false,false,52546062,322,100,1,8282,450,06,-64,-9,-51,,4,0,,,,6218,1280,0.0497,0.0102,6179,1240,0.0494,0.0099,false,2,0,2,-56,322,2600,0.009327175,false,false,periodic,10,1,-2,,5001,,,,"[{""type"":""LTE"",""pci"":322,""earfcn"":2600,""tac"":null,""rsrp"":-56,""rsrq"":-11,""rssi"":-51,""snr"":null,""ta"":0,""level"":4,""bands"":""5""},{""type"":""LTE"",""pci"":322,""earfcn"":3050,""tac"":null,""rsrp"":-65,""rsrq"":-13,""rssi"":-51,""snr"":null,""ta"":0,""level"":4,""bands"":""7""}]",1011.87573,62,,34,5,,,,"[{""b"":""40:27:0b:02:a2:b8"",""s"":""U+zone"",""r"":-55,""f"":5785},{""b"":""40:27:0b:02:a2:b7"",""s"":""U+zone_2.4GHz"",""r"":-58,""f"":2432},{""b"":""22:17:b2:0b:47:88"",""s"":""T wifi zone"",""r"":-59,""f"":5280},{""b"":""22:17:b2:0b:47:8a"",""s"":""T wifi zone_secure"",""r"":-60,""f"":5280},{""b"":""02:17:b2:0b:47:88"",""s"":""T wifi zone"",""r"":-62,""f"":2472},{""b"":""36:78:c2:00:0a:b4"",""s"":""KT WiFi "",""r"":-66,""f"":5240},{""b"":""02:e3:c7:0a:06:c7"",""s"":""T wifi zone_secure"",""r"":-66,""f"":2472},{""b"":""30:78:c2:00:0a:b4"",""s"":""KT WiFi"",""r"":-66,""f"":5240},{""b"":""02:06:ac:80:56:17"",""s"":""U+zone"",""r"":-68,""f"":5745},{""b"":""12:06:ac:80:56:17"",""s"":""FREE_U+zone"",""r"":-68,""f"":5745},{""b"":""36:78:c2:00:0a:b5"",""s"":""KT WiFi "",""r"":-69,""f"":2412},{""b"":""30:78:c2:00:0a:b5"",""s"":""KT WiFi"",""r"":-70,""f"":2412},{""b"":""0a:09:b4:75:62:7b"",""s"":""KT WiFi "",""r"":-76,""f"":2452},{""b"":""06:1d:93:c7:4f:97"",""s"":""KT WiFi "",""r"":-77,""f"":2412},{""b"":""40:27:0b:02:9e:53"",""s"":""U+zone"",""r"":-77,""f"":5785}]",""
1789875895052,2026-09-20 12:44:55,unknown,37.5552331,127.0436025,278.709,,,51.63730998849859,fused,10,LTE,NONE,4G,false,false,false,false,false,52546062,322,100,1,8282,450,06,-64,-9,-51,,4,0,,,,64,78,0.0005,0.0006,44,58,0.0004,0.0005,false,2,0,2,-56,322,2600,0.005733132,false,false,periodic,15,1,0,,10023,,,,"[{""type"":""LTE"",""pci"":322,""earfcn"":2600,""tac"":null,""rsrp"":-56,""rsrq"":-11,""rssi"":-51,""snr"":null,""ta"":0,""level"":4,""bands"":""5""},{""type"":""LTE"",""pci"":322,""earfcn"":3050,""tac"":null,""rsrp"":-65,""rsrq"":-13,""rssi"":-51,""snr"":null,""ta"":0,""level"":4,""bands"":""7""}]",1011.68726,38,,34,10,,,,"[{""b"":""40:27:0b:02:a2:b8"",""s"":""U+zone"",""r"":-55,""f"":5785},{""b"":""40:27:0b:02:a2:b7"",""s"":""U+zone_2.4GHz"",""r"":-58,""f"":2432},{""b"":""22:17:b2:0b:47:88"",""s"":""T wifi zone"",""r"":-59,""f"":5280},{""b"":""22:17:b2:0b:47:8a"",""s"":""T wifi zone_secure"",""r"":-60,""f"":5280},{""b"":""02:17:b2:0b:47:88"",""s"":""T wifi zone"",""r"":-62,""f"":2472},{""b"":""36:78:c2:00:0a:b4"",""s"":""KT WiFi "",""r"":-66,""f"":5240},{""b"":""02:e3:c7:0a:06:c7"",""s"":""T wifi zone_secure"",""r"":-66,""f"":2472},{""b"":""30:78:c2:00:0a:b4"",""s"":""KT WiFi"",""r"":-66,""f"":5240},{""b"":""02:06:ac:80:56:17"",""s"":""U+zone"",""r"":-68,""f"":5745},{""b"":""12:06:ac:80:56:17"",""s"":""FREE_U+zone"",""r"":-68,""f"":5745},{""b"":""36:78:c2:00:0a:b5"",""s"":""KT WiFi "",""r"":-69,""f"":2412},{""b"":""30:78:c2:00:0a:b5"",""s"":""KT WiFi"",""r"":-70,""f"":2412},{""b"":""0a:09:b4:75:62:7b"",""s"":""KT WiFi "",""r"":-76,""f"":2452},{""b"":""06:1d:93:c7:4f:97"",""s"":""KT WiFi "",""r"":-77,""f"":2412},{""b"":""40:27:0b:02:9e:53"",""s"":""U+zone"",""r"":-77,""f"":5785}]",""
1789875900104,2026-09-20 12:45:00,unknown,37.555167,127.0437956,51.167,,,52.57704381375447,fused,5,LTE,NONE,4G,false,false,false,false,false,52546062,322,100,1,8282,450,06,-60,-9,-51,,4,0,,,,417407,1475,3.3393,0.0118,417388,1455,3.3391,0.0116,false,2,0,2,-59,322,2600,2.5725672E-6,false,false,periodic,20,1,4,,5003,,,,"[{""type"":""LTE"",""pci"":322,""earfcn"":2600,""tac"":null,""rsrp"":-59,""rsrq"":-11,""rssi"":-51,""snr"":null,""ta"":0,""level"":4,""bands"":""5""},{""type"":""LTE"",""pci"":322,""earfcn"":3050,""tac"":null,""rsrp"":-63,""rsrq"":-8,""rssi"":-51,""snr"":null,""ta"":0,""level"":4,""bands"":""7""}]",1011.96155,35,57.540,36,4,,,,"[{""b"":""40:27:0b:02:a2:b7"",""s"":""U+zone_2.4GHz"",""r"":-53,""f"":2432},{""b"":""40:27:0b:02:a2:b8"",""s"":""U+zone"",""r"":-57,""f"":5785},{""b"":""22:17:b2:0b:47:8a"",""s"":""T wifi zone_secure"",""r"":-58,""f"":5280},{""b"":""22:17:b2:0b:47:88"",""s"":""T wifi zone"",""r"":-58,""f"":5280},{""b"":""36:78:c2:00:0a:b5"",""s"":""KT WiFi "",""r"":-61,""f"":2412},{""b"":""30:78:c2:00:0a:b5"",""s"":""KT WiFi"",""r"":-61,""f"":2412},{""b"":""02:17:b2:0b:47:88"",""s"":""T wifi zone"",""r"":-62,""f"":2472},{""b"":""02:17:b2:0b:47:8a"",""s"":""T wifi zone_secure"",""r"":-62,""f"":2472},{""b"":""36:78:c2:00:0a:b4"",""s"":""KT WiFi "",""r"":-65,""f"":5240},{""b"":""30:78:c2:00:0a:b4"",""s"":""KT WiFi"",""r"":-65,""f"":5240},{""b"":""10:e3:c7:0a:06:c7"",""s"":""T wifi zone"",""r"":-68,""f"":2472},{""b"":""02:06:ac:80:56:17"",""s"":""U+zone"",""r"":-69,""f"":5745},{""b"":""12:06:ac:80:56:17"",""s"":""FREE_U+zone"",""r"":-69,""f"":5745},{""b"":""10:e3:c7:0a:06:c6"",""s"":""T wifi zone"",""r"":-74,""f"":5220},{""b"":""02:e3:c7:0a:06:c6"",""s"":""T wifi zone_secure"",""r"":-74,""f"":5220}]",""
1789875905126,2026-09-20 12:45:05,unknown,37.555242,127.0437944,43.251,,,51.89091039960559,fused,4,LTE,NONE,4G,false,false,false,false,false,52546062,322,100,1,8282,450,06,-60,-9,-51,,4,0,,,,50,78,0.0004,0.0006,30,58,0.0002,0.0005,false,2,0,2,-59,322,2600,1.2319542E-9,false,false,periodic,25,1,0,,10026,,,,"[{""type"":""LTE"",""pci"":322,""earfcn"":2600,""tac"":null,""rsrp"":-59,""rsrq"":-11,""rssi"":-51,""snr"":null,""ta"":0,""level"":4,""bands"":""5""},{""type"":""LTE"",""pci"":322,""earfcn"":3050,""tac"":null,""rsrp"":-63,""rsrq"":-8,""rssi"":-51,""snr"":null,""ta"":0,""level"":4,""bands"":""7""}]",1011.9163,48,,30,2,,,,"[{""b"":""40:27:0b:02:a2:b7"",""s"":""U+zone_2.4GHz"",""r"":-54,""f"":2432},{""b"":""40:27:0b:02:a2:b8"",""s"":""U+zone"",""r"":-56,""f"":5785},{""b"":""22:17:b2:0b:47:8a"",""s"":""T wifi zone_secure"",""r"":-59,""f"":5280},{""b"":""22:17:b2:0b:47:88"",""s"":""T wifi zone"",""r"":-59,""f"":5280},{""b"":""02:17:b2:0b:47:88"",""s"":""T wifi zone"",""r"":-62,""f"":2472},{""b"":""36:78:c2:00:0a:b4"",""s"":""KT WiFi "",""r"":-62,""f"":5240},{""b"":""30:78:c2:00:0a:b4"",""s"":""KT WiFi"",""r"":-62,""f"":5240},{""b"":""02:17:b2:0b:47:8a"",""s"":""T wifi zone_secure"",""r"":-63,""f"":2472},{""b"":""12:e3:c7:0a:06:c7"",""s"":""T Free WiFi Zone"",""r"":-66,""f"":2472},{""b"":""36:78:c2:00:0a:b5"",""s"":""KT WiFi "",""r"":-68,""f"":2412},{""b"":""30:78:c2:00:0a:b5"",""s"":""KT WiFi"",""r"":-68,""f"":2412},{""b"":""02:06:ac:80:56:17"",""s"":""U+zone"",""r"":-71,""f"":5745},{""b"":""12:06:ac:80:56:17"",""s"":""FREE_U+zone"",""r"":-71,""f"":5745},{""b"":""02:06:ac:80:56:16"",""s"":""U+zone_2.4GHz"",""r"":-74,""f"":2432},{""b"":""02:17:b2:0b:7d:b6"",""s"":""T wifi zone"",""r"":-74,""f"":2452}]",""
1789875910151,2026-09-20 12:45:10,unknown,37.5551903,127.0437974,45.486,,,51.714070070397945,fused,7,LTE,NONE,4G,false,false,false,false,false,52546062,322,100,1,8282,450,06,-64,-7,-51,,4,0,,,,50,78,0.0004,0.0006,30,58,0.0002,0.0005,false,2,0,2,-58,322,2600,1.4513312E-4,false,false,periodic,30,0,-4,,5001,,,,"[{""type"":""LTE"",""pci"":322,""earfcn"":2600,""tac"":null,""rsrp"":-58,""rsrq"":-11,""rssi"":-51,""snr"":null,""ta"":0,""level"":4,""bands"":""5""},{""type"":""LTE"",""pci"":322,""earfcn"":3050,""tac"":null,""rsrp"":-65,""rsrq"":-9,""rssi"":-51,""snr"":null,""ta"":0,""level"":4,""bands"":""7""}]",1011.8812,49,,30,5,,,,"[{""b"":""40:27:0b:02:a2:b7"",""s"":""U+zone_2.4GHz"",""r"":-55,""f"":2432},{""b"":""40:27:0b:02:a2:b8"",""s"":""U+zone"",""r"":-57,""f"":5785},{""b"":""22:17:b2:0b:47:88"",""s"":""T wifi zone"",""r"":-59,""f"":5280},{""b"":""22:17:b2:0b:47:8a"",""s"":""T wifi zone_secure"",""r"":-60,""f"":5280},{""b"":""02:17:b2:0b:47:88"",""s"":""T wifi zone"",""r"":-63,""f"":2472},{""b"":""36:78:c2:00:0a:b4"",""s"":""KT WiFi "",""r"":-63,""f"":5240},{""b"":""30:78:c2:00:0a:b4"",""s"":""KT WiFi"",""r"":-63,""f"":5240},{""b"":""02:17:b2:0b:47:8a"",""s"":""T wifi zone_secure"",""r"":-64,""f"":2472},{""b"":""36:78:c2:00:0a:b5"",""s"":""KT WiFi "",""r"":-65,""f"":2412},{""b"":""30:78:c2:00:0a:b5"",""s"":""KT WiFi"",""r"":-65,""f"":2412},{""b"":""10:e3:c7:0a:06:c7"",""s"":""T wifi zone"",""r"":-67,""f"":2472},{""b"":""02:06:ac:80:56:17"",""s"":""U+zone"",""r"":-69,""f"":5745},{""b"":""12:06:ac:80:56:17"",""s"":""FREE_U+zone"",""r"":-69,""f"":5745},{""b"":""12:e3:c7:0a:06:c6"",""s"":""T Free WiFi Zone"",""r"":-75,""f"":5220},{""b"":""40:27:0b:02:a2:c7"",""s"":""U+zone"",""r"":-78,""f"":5620}]",""
1789875915175,2026-09-20 12:45:15,unknown,37.5552172,127.0438306,47.693,,,51.7861541057405,fused,2,LTE,NONE,4G,false,false,false,false,false,52546062,322,100,1,8282,450,06,-64,-7,-51,,4,0,,,,70,98,0.0006,0.0008,30,58,0.0002,0.0005,false,2,0,2,-58,322,2600,6.9500935E-8,false,false,periodic,35,0,0,,10025,,,,"[{""type"":""LTE"",""pci"":322,""earfcn"":2600,""tac"":null,""rsrp"":-58,""rsrq"":-11,""rssi"":-51,""snr"":null,""ta"":0,""level"":4,""bands"":""5""},{""type"":""LTE"",""pci"":322,""earfcn"":3050,""tac"":null,""rsrp"":-65,""rsrq"":-9,""rssi"":-51,""snr"":null,""ta"":0,""level"":4,""bands"":""7""}]",1011.94836,47,,35,1,,,,"[{""b"":""40:27:0b:02:a2:b7"",""s"":""U+zone_2.4GHz"",""r"":-55,""f"":2432},{""b"":""40:27:0b:02:a2:b8"",""s"":""U+zone"",""r"":-57,""f"":5785},{""b"":""22:17:b2:0b:47:8a"",""s"":""T wifi zone_secure"",""r"":-58,""f"":5280},{""b"":""22:17:b2:0b:47:88"",""s"":""T wifi zone"",""r"":-59,""f"":5280},{""b"":""02:17:b2:0b:47:88"",""s"":""T wifi zone"",""r"":-61,""f"":2472},{""b"":""02:17:b2:0b:47:8a"",""s"":""T wifi zone_secure"",""r"":-61,""f"":2472},{""b"":""36:78:c2:00:0a:b4"",""s"":""KT WiFi "",""r"":-62,""f"":5240},{""b"":""30:78:c2:00:0a:b4"",""s"":""KT WiFi"",""r"":-62,""f"":5240},{""b"":""36:78:c2:00:0a:b5"",""s"":""KT WiFi "",""r"":-66,""f"":2412},{""b"":""30:78:c2:00:0a:b5"",""s"":""KT WiFi"",""r"":-66,""f"":2412},{""b"":""12:e3:c7:0a:06:c7"",""s"":""T Free WiFi Zone"",""r"":-67,""f"":2472},{""b"":""12:06:ac:80:56:17"",""s"":""FREE_U+zone"",""r"":-68,""f"":5745},{""b"":""02:06:ac:80:56:17"",""s"":""U+zone"",""r"":-69,""f"":5745},{""b"":""30:89:d3:3c:ba:ef"",""s"":""GlobalWiFi_A3SIHR"",""r"":-74,""f"":2437},{""b"":""10:e3:c7:0a:06:c6"",""s"":""T wifi zone"",""r"":-76,""f"":5220}]",""
1789875920199,2026-09-20 12:45:20,unknown,37.5552172,127.0438306,47.693,,,51.7861541057405,fused,7,LTE,NONE,4G,false,false,false,false,false,52546062,322,100,1,8282,450,06,-63,-9,-51,,4,0,,,,64,78,0.0005,0.0006,44,58,0.0004,0.0005,false,2,0,2,-58,322,2600,3.2217232E-11,false,false,periodic,40,0,1,,5001,,,,"[{""type"":""LTE"",""pci"":322,""earfcn"":2600,""tac"":null,""rsrp"":-58,""rsrq"":-11,""rssi"":-51,""snr"":null,""ta"":0,""level"":4,""bands"":""5""},{""type"":""LTE"",""pci"":322,""earfcn"":3050,""tac"":null,""rsrp"":-65,""rsrq"":-9,""rssi"":-51,""snr"":null,""ta"":0,""level"":4,""bands"":""7""}]",1011.95667,52,,35,6,,,,"[{""b"":""40:27:0b:02:a2:b7"",""s"":""U+zone_2.4GHz"",""r"":-55,""f"":2432},{""b"":""40:27:0b:02:a2:b8"",""s"":""U+zone"",""r"":-57,""f"":5785},{""b"":""22:17:b2:0b:47:8a"",""s"":""T wifi zone_secure"",""r"":-58,""f"":5280},{""b"":""22:17:b2:0b:47:88"",""s"":""T wifi zone"",""r"":-59,""f"":5280},{""b"":""02:17:b2:0b:47:88"",""s"":""T wifi zone"",""r"":-61,""f"":2472},{""b"":""02:17:b2:0b:47:8a"",""s"":""T wifi zone_secure"",""r"":-61,""f"":2472},{""b"":""36:78:c2:00:0a:b4"",""s"":""KT WiFi "",""r"":-62,""f"":5240},{""b"":""30:78:c2:00:0a:b4"",""s"":""KT WiFi"",""r"":-62,""f"":5240},{""b"":""36:78:c2:00:0a:b5"",""s"":""KT WiFi "",""r"":-66,""f"":2412},{""b"":""30:78:c2:00:0a:b5"",""s"":""KT WiFi"",""r"":-66,""f"":2412},{""b"":""12:e3:c7:0a:06:c7"",""s"":""T Free WiFi Zone"",""r"":-67,""f"":2472},{""b"":""12:06:ac:80:56:17"",""s"":""FREE_U+zone"",""r"":-68,""f"":5745},{""b"":""02:06:ac:80:56:17"",""s"":""U+zone"",""r"":-69,""f"":5745},{""b"":""30:89:d3:3c:ba:ef"",""s"":""GlobalWiFi_A3SIHR"",""r"":-74,""f"":2437},{""b"":""10:e3:c7:0a:06:c6"",""s"":""T wifi zone"",""r"":-76,""f"":5220}]",""
1789875925217,2026-09-20 12:45:25,unknown,37.5552305,127.043806,51.365,,,51.77163353203858,fused,7,LTE,NONE,4G,false,false,false,false,false,52546062,322,100,1,8282,450,06,-63,-9,-51,,4,0,,,,177,409,0.0014,0.0033,158,389,0.0013,0.0031,false,2,0,2,-58,322,2600,1.542799E-14,false,false,periodic,45,0,0,,10021,,,,"[{""type"":""LTE"",""pci"":322,""earfcn"":2600,""tac"":null,""rsrp"":-58,""rsrq"":-11,""rssi"":-51,""snr"":null,""ta"":0,""level"":4,""bands"":""5""},{""type"":""LTE"",""pci"":322,""earfcn"":3050,""tac"":null,""rsrp"":-65,""rsrq"":-9,""rssi"":-51,""snr"":null,""ta"":0,""level"":4,""bands"":""7""}]",1011.932,61,,37,5,,,,"[{""b"":""40:27:0b:02:a2:b8"",""s"":""U+zone"",""r"":-53,""f"":5785},{""b"":""40:27:0b:02:a2:b7"",""s"":""U+zone_2.4GHz"",""r"":-55,""f"":2432},{""b"":""22:17:b2:0b:47:8a"",""s"":""T wifi zone_secure"",""r"":-59,""f"":5280},{""b"":""22:17:b2:0b:47:88"",""s"":""T wifi zone"",""r"":-59,""f"":5280},{""b"":""02:17:b2:0b:47:88"",""s"":""T wifi zone"",""r"":-61,""f"":2472},{""b"":""02:17:b2:0b:47:8a"",""s"":""T wifi zone_secure"",""r"":-61,""f"":2472},{""b"":""36:78:c2:00:0a:b4"",""s"":""KT WiFi "",""r"":-64,""f"":5240},{""b"":""30:78:c2:00:0a:b4"",""s"":""KT WiFi"",""r"":-64,""f"":5240},{""b"":""36:78:c2:00:0a:b5"",""s"":""KT WiFi "",""r"":-68,""f"":2412},{""b"":""02:e3:c7:0a:06:c7"",""s"":""T wifi zone_secure"",""r"":-68,""f"":2472},{""b"":""30:78:c2:00:0a:b5"",""s"":""KT WiFi"",""r"":-68,""f"":2412},{""b"":""40:27:0b:02:a2:c6"",""s"":""U+zone_2.4GHz"",""r"":-69,""f"":2432},{""b"":""02:06:ac:80:56:17"",""s"":""U+zone"",""r"":-70,""f"":5745},{""b"":""12:06:ac:80:56:17"",""s"":""FREE_U+zone"",""r"":-70,""f"":5745},{""b"":""10:e3:c7:0a:06:c6"",""s"":""T wifi zone"",""r"":-74,""f"":5220}]",""
1789875930243,2026-09-20 12:45:30,unknown,37.555313,127.0437523,56.563,,,51.816751109154815,fused,5,LTE,NONE,4G,false,false,false,false,false,52546062,322,100,1,8282,450,06,-65,-6,-51,,4,0,,,,419521,1253,3.3562,0.0100,419501,1233,3.3560,0.0099,false,2,0,2,-57,322,2600,7.15162E-18,false,false,periodic,50,0,-2,,5002,,,,"[{""type"":""LTE"",""pci"":322,""earfcn"":2600,""tac"":null,""rsrp"":-57,""rsrq"":-11,""rssi"":-51,""snr"":null,""ta"":0,""level"":4,""bands"":""5""},{""type"":""LTE"",""pci"":322,""earfcn"":3050,""tac"":null,""rsrp"":-75,""rsrq"":-9,""rssi"":-57,""snr"":null,""ta"":0,""level"":4,""bands"":""7""}]",1011.92096,36,63.417,34,4,,,,"[{""b"":""40:27:0b:02:a2:b8"",""s"":""U+zone"",""r"":-50,""f"":5785},{""b"":""02:17:b2:0b:47:88"",""s"":""T wifi zone"",""r"":-55,""f"":2472},{""b"":""22:17:b2:0b:47:8a"",""s"":""T wifi zone_secure"",""r"":-58,""f"":5280},{""b"":""22:17:b2:0b:47:88"",""s"":""T wifi zone"",""r"":-58,""f"":5280},{""b"":""02:17:b2:0b:47:8a"",""s"":""T wifi zone_secure"",""r"":-59,""f"":2472},{""b"":""36:78:c2:00:0a:b4"",""s"":""KT WiFi "",""r"":-62,""f"":5240},{""b"":""30:78:c2:00:0a:b4"",""s"":""KT WiFi"",""r"":-62,""f"":5240},{""b"":""36:78:c2:00:0a:b5"",""s"":""KT WiFi "",""r"":-65,""f"":2412},{""b"":""30:78:c2:00:0a:b5"",""s"":""KT WiFi"",""r"":-65,""f"":2412},{""b"":""12:e3:c7:0a:06:c7"",""s"":""T Free WiFi Zone"",""r"":-67,""f"":2472},{""b"":""02:06:ac:80:56:17"",""s"":""U+zone"",""r"":-75,""f"":5745},{""b"":""12:06:ac:80:56:17"",""s"":""FREE_U+zone"",""r"":-75,""f"":5745},{""b"":""12:06:ac:80:5e:3b"",""s"":""FREE_U+zone"",""r"":-77,""f"":5260},{""b"":""02:17:b2:0b:7d:b8"",""s"":""T wifi zone_secure"",""r"":-77,""f"":2452},{""b"":""02:06:ac:80:5e:3b"",""s"":""U+zone"",""r"":-78,""f"":5260}]",""
1789875935269,2026-09-20 12:45:35,unknown,37.555206,127.0437994,57.464,,,51.836976306765976,fused,4,LTE,NONE,4G,false,false,false,false,false,52546062,322,100,1,8282,450,06,-65,-6,-51,,4,0,,,,84,98,0.0007,0.0008,44,58,0.0004,0.0005,false,2,0,2,-57,322,2600,0.03637098,false,false,periodic,55,0,0,,10025,,,,"[{""type"":""LTE"",""pci"":322,""earfcn"":2600,""tac"":null,""rsrp"":-57,""rsrq"":-11,""rssi"":-51,""snr"":null,""ta"":0,""level"":4,""bands"":""5""},{""type"":""LTE"",""pci"":322,""earfcn"":3050,""tac"":null,""rsrp"":-75,""rsrq"":-9,""rssi"":-57,""snr"":null,""ta"":0,""level"":4,""bands"":""7""}]",1011.966,47,,32,2,,,,"[{""b"":""40:27:0b:02:a2:b8"",""s"":""U+zone"",""r"":-51,""f"":5785},{""b"":""40:27:0b:02:a2:b7"",""s"":""U+zone_2.4GHz"",""r"":-56,""f"":2432},{""b"":""02:17:b2:0b:47:88"",""s"":""T wifi zone"",""r"":-59,""f"":2472},{""b"":""02:17:b2:0b:47:8a"",""s"":""T wifi zone_secure"",""r"":-59,""f"":2472},{""b"":""36:78:c2:00:0a:b4"",""s"":""KT WiFi "",""r"":-59,""f"":5240},{""b"":""30:78:c2:00:0a:b4"",""s"":""KT WiFi"",""r"":-59,""f"":5240},{""b"":""22:17:b2:0b:47:8a"",""s"":""T wifi zone_secure"",""r"":-60,""f"":5280},{""b"":""22:17:b2:0b:47:88"",""s"":""T wifi zone"",""r"":-60,""f"":5280},{""b"":""36:78:c2:00:0a:b5"",""s"":""KT WiFi "",""r"":-66,""f"":2412},{""b"":""30:78:c2:00:0a:b5"",""s"":""KT WiFi"",""r"":-67,""f"":2412},{""b"":""12:06:ac:80:56:16"",""s"":""FREE_U+zone_2.4GHz"",""r"":-72,""f"":2432},{""b"":""12:e3:c7:0a:06:c7"",""s"":""T Free WiFi Zone"",""r"":-72,""f"":2472},{""b"":""12:06:ac:80:56:17"",""s"":""FREE_U+zone"",""r"":-76,""f"":5745},{""b"":""02:06:ac:80:56:17"",""s"":""U+zone"",""r"":-77,""f"":5745},{""b"":""40:27:0b:02:a2:c7"",""s"":""U+zone"",""r"":-78,""f"":5620}]",""
1789875940281,2026-09-20 12:45:40,unknown,37.5553314,127.0437649,67.475,,,51.82608580983434,fused,6,LTE,NONE,4G,false,false,false,false,false,52546062,322,100,1,8282,450,06,-67,-7,-51,,4,0,,,,64,79,0.0005,0.0006,44,59,0.0004,0.0005,false,2,0,2,-60,322,2600,0.0016526853,false,false,periodic,60,0,-2,,5004,,,,"[{""type"":""LTE"",""pci"":322,""earfcn"":2600,""tac"":null,""rsrp"":-60,""rsrq"":-11,""rssi"":-51,""snr"":null,""ta"":0,""level"":4,""bands"":""5""},{""type"":""LTE"",""pci"":322,""earfcn"":3050,""tac"":null,""rsrp"":-74,""rsrq"":-9,""rssi"":-55,""snr"":null,""ta"":0,""level"":4,""bands"":""7""}]",1011.93945,57,,31,5,,,,"[{""b"":""40:27:0b:02:a2:b8"",""s"":""U+zone"",""r"":-51,""f"":5785},{""b"":""22:17:b2:0b:47:8a"",""s"":""T wifi zone_secure"",""r"":-53,""f"":5280},{""b"":""22:17:b2:0b:47:88"",""s"":""T wifi zone"",""r"":-53,""f"":5280},{""b"":""40:27:0b:02:a2:b7"",""s"":""U+zone_2.4GHz"",""r"":-57,""f"":2432},{""b"":""02:17:b2:0b:47:88"",""s"":""T wifi zone"",""r"":-59,""f"":2472},{""b"":""02:17:b2:0b:47:8a"",""s"":""T wifi zone_secure"",""r"":-59,""f"":2472},{""b"":""36:78:c2:00:0a:b4"",""s"":""KT WiFi "",""r"":-64,""f"":5240},{""b"":""30:78:c2:00:0a:b4"",""s"":""KT WiFi"",""r"":-64,""f"":5240},{""b"":""36:78:c2:00:0a:b5"",""s"":""KT WiFi "",""r"":-68,""f"":2412},{""b"":""02:e3:c7:0a:06:c7"",""s"":""T wifi zone_secure"",""r"":-68,""f"":2472},{""b"":""30:78:c2:00:0a:b5"",""s"":""KT WiFi"",""r"":-68,""f"":2412},{""b"":""40:27:0b:02:a2:c6"",""s"":""U+zone_2.4GHz"",""r"":-75,""f"":2432},{""b"":""02:17:b2:0b:7d:b6"",""s"":""T wifi zone"",""r"":-75,""f"":2452},{""b"":""02:17:b2:0b:7d:b8"",""s"":""T wifi zone_secure"",""r"":-76,""f"":2452},{""b"":""02:06:ac:80:56:17"",""s"":""U+zone"",""r"":-77,""f"":5745}]",""
1789875945305,2026-09-20 12:45:45,unknown,37.555409,127.0436823,47.214,,,51.99523852890198,fused,2,LTE,NONE,4G,false,false,false,false,false,52546062,322,100,1,8282,450,06,-67,-7,-51,,4,0,,,,50,78,0.0004,0.0006,30,58,0.0002,0.0005,false,2,0,2,-60,322,2600,7.9142586E-7,false,false,periodic,65,0,0,,10028,,,,"[{""type"":""LTE"",""pci"":322,""earfcn"":2600,""tac"":null,""rsrp"":-60,""rsrq"":-11,""rssi"":-51,""snr"":null,""ta"":0,""level"":4,""bands"":""5""},{""type"":""LTE"",""pci"":322,""earfcn"":3050,""tac"":null,""rsrp"":-74,""rsrq"":-9,""rssi"":-55,""snr"":null,""ta"":0,""level"":4,""bands"":""7""}]",1011.7822,45,,40,0,,,,"[{""b"":""40:27:0b:02:a2:b8"",""s"":""U+zone"",""r"":-54,""f"":5785},{""b"":""40:27:0b:02:a2:b7"",""s"":""U+zone_2.4GHz"",""r"":-56,""f"":2432},{""b"":""22:17:b2:0b:47:88"",""s"":""T wifi zone"",""r"":-58,""f"":5280},{""b"":""22:17:b2:0b:47:8a"",""s"":""T wifi zone_secure"",""r"":-59,""f"":5280},{""b"":""02:17:b2:0b:47:88"",""s"":""T wifi zone"",""r"":-61,""f"":2472},{""b"":""02:17:b2:0b:47:8a"",""s"":""T wifi zone_secure"",""r"":-62,""f"":2472},{""b"":""36:78:c2:00:0a:b5"",""s"":""KT WiFi "",""r"":-62,""f"":2412},{""b"":""30:78:c2:00:0a:b5"",""s"":""KT WiFi"",""r"":-63,""f"":2412},{""b"":""36:78:c2:00:0a:b4"",""s"":""KT WiFi "",""r"":-65,""f"":5240},{""b"":""30:78:c2:00:0a:b4"",""s"":""KT WiFi"",""r"":-65,""f"":5240},{""b"":""10:e3:c7:0a:06:c7"",""s"":""T wifi zone"",""r"":-73,""f"":2472},{""b"":""02:e3:c7:09:11:2a"",""s"":""T Free WiFi Zone"",""r"":-75,""f"":5540},{""b"":""40:27:0b:02:a2:c7"",""s"":""U+zone"",""r"":-77,""f"":5620},{""b"":""02:06:ac:80:56:17"",""s"":""U+zone"",""r"":-79,""f"":5745},{""b"":""12:06:ac:80:56:17"",""s"":""FREE_U+zone"",""r"":-80,""f"":5745}]",""
1789875950320,2026-09-20 12:45:50,unknown,37.555409,127.0436823,47.214,,,51.99523852890198,fused,7,LTE,NONE,4G,false,false,false,false,false,52546062,322,100,1,8282,450,06,-83,-7,-55,,4,0,,,,50,78,0.0004,0.0006,30,59,0.0002,0.0005,false,4,0,4,-81,322,2600,0.009947389,false,false,periodic,70,0,-16,,5003,,,,"[{""type"":""LTE"",""pci"":322,""earfcn"":2600,""tac"":null,""rsrp"":-81,""rsrq"":-12,""rssi"":-61,""snr"":null,""ta"":0,""level"":4,""bands"":""5""},{""type"":""LTE"",""pci"":322,""earfcn"":3050,""tac"":null,""rsrp"":-91,""rsrq"":-8,""rssi"":-73,""snr"":null,""ta"":0,""level"":3,""bands"":""7""},{""type"":""LTE"",""pci"":15,""earfcn"":2600,""tac"":null,""rsrp"":-91,""rsrq"":-20,""rssi"":-61,""snr"":null,""ta"":0,""level"":3,""bands"":""5""},{""type"":""LTE"",""pci"":15,""earfcn"":3050,""tac"":null,""rsrp"":-102,""rsrq"":-17,""rssi"":-73,""snr"":null,""ta"":0,""level"":2,""bands"":""7""}]",1011.8383,59,,40,5,,,,"[{""b"":""40:27:0b:02:a2:b8"",""s"":""U+zone"",""r"":-54,""f"":5785},{""b"":""40:27:0b:02:a2:b7"",""s"":""U+zone_2.4GHz"",""r"":-56,""f"":2432},{""b"":""22:17:b2:0b:47:88"",""s"":""T wifi zone"",""r"":-58,""f"":5280},{""b"":""22:17:b2:0b:47:8a"",""s"":""T wifi zone_secure"",""r"":-59,""f"":5280},{""b"":""02:17:b2:0b:47:88"",""s"":""T wifi zone"",""r"":-61,""f"":2472},{""b"":""02:17:b2:0b:47:8a"",""s"":""T wifi zone_secure"",""r"":-62,""f"":2472},{""b"":""36:78:c2:00:0a:b5"",""s"":""KT WiFi "",""r"":-62,""f"":2412},{""b"":""30:78:c2:00:0a:b5"",""s"":""KT WiFi"",""r"":-63,""f"":2412},{""b"":""36:78:c2:00:0a:b4"",""s"":""KT WiFi "",""r"":-65,""f"":5240},{""b"":""30:78:c2:00:0a:b4"",""s"":""KT WiFi"",""r"":-65,""f"":5240},{""b"":""10:e3:c7:0a:06:c7"",""s"":""T wifi zone"",""r"":-73,""f"":2472},{""b"":""02:e3:c7:09:11:2a"",""s"":""T Free WiFi Zone"",""r"":-75,""f"":5540},{""b"":""40:27:0b:02:a2:c7"",""s"":""U+zone"",""r"":-77,""f"":5620},{""b"":""02:06:ac:80:56:17"",""s"":""U+zone"",""r"":-79,""f"":5745},{""b"":""12:06:ac:80:56:17"",""s"":""FREE_U+zone"",""r"":-80,""f"":5745}]",""
1789875955347,2026-09-20 12:45:55,unknown,37.5560296,127.0436468,57.39,,,53.37122207520416,fused,4,LTE,NONE,4G,false,false,false,false,false,52546062,322,100,1,8282,450,06,-83,-7,-55,,4,0,,,,64,78,0.0005,0.0006,44,58,0.0004,0.0005,false,4,0,4,-81,322,2600,2.105434E-5,false,false,periodic,75,0,0,,10029,,,,"[{""type"":""LTE"",""pci"":322,""earfcn"":2600,""tac"":null,""rsrp"":-81,""rsrq"":-12,""rssi"":-61,""snr"":null,""ta"":0,""level"":4,""bands"":""5""},{""type"":""LTE"",""pci"":322,""earfcn"":3050,""tac"":null,""rsrp"":-91,""rsrq"":-8,""rssi"":-73,""snr"":null,""ta"":0,""level"":3,""bands"":""7""},{""type"":""LTE"",""pci"":15,""earfcn"":2600,""tac"":null,""rsrp"":-91,""rsrq"":-20,""rssi"":-61,""snr"":null,""ta"":0,""level"":3,""bands"":""5""},{""type"":""LTE"",""pci"":15,""earfcn"":3050,""tac"":null,""rsrp"":-102,""rsrq"":-17,""rssi"":-73,""snr"":null,""ta"":0,""level"":2,""bands"":""7""}]",1011.47687,43,,38,3,,,,"[{""b"":""40:27:0b:02:a2:b8"",""s"":""U+zone"",""r"":-50,""f"":5785},{""b"":""22:17:b2:0b:47:8a"",""s"":""T wifi zone_secure"",""r"":-59,""f"":5280},{""b"":""22:17:b2:0b:47:88"",""s"":""T wifi zone"",""r"":-59,""f"":5280},{""b"":""40:27:0b:02:a2:b7"",""s"":""U+zone_2.4GHz"",""r"":-60,""f"":2432},{""b"":""10:e3:c7:09:37:aa"",""s"":""T wifi zone"",""r"":-60,""f"":2412},{""b"":""02:17:b2:0b:47:88"",""s"":""T wifi zone"",""r"":-62,""f"":2472},{""b"":""02:17:b2:0b:47:8a"",""s"":""T wifi zone_secure"",""r"":-62,""f"":2472},{""b"":""12:e3:c7:09:37:aa"",""s"":""T Free WiFi Zone"",""r"":-62,""f"":2412},{""b"":""36:78:c2:00:0a:b5"",""s"":""KT WiFi "",""r"":-64,""f"":2412},{""b"":""36:78:c2:00:0a:b4"",""s"":""KT WiFi "",""r"":-64,""f"":5240},{""b"":""30:78:c2:00:0a:b4"",""s"":""KT WiFi"",""r"":-64,""f"":5240},{""b"":""30:78:c2:00:0a:b5"",""s"":""KT WiFi"",""r"":-64,""f"":2412},{""b"":""12:e3:c7:09:37:a9"",""s"":""T Free WiFi Zone"",""r"":-65,""f"":5220},{""b"":""02:e3:c7:09:37:a9"",""s"":""T wifi zone_secure"",""r"":-67,""f"":5220},{""b"":""12:06:ac:80:5e:4f"",""s"":""FREE_U+zone"",""r"":-68,""f"":5260}]",""
1789875959668,2026-09-20 12:45:59,unknown,37.5560296,127.0436468,57.39,,,53.37122207520416,fused,9,LTE,NONE,4G,false,false,false,false,false,51224589,443,100,1,8283,450,06,-93,-13,-57,,3,0,,,,438810,4523,3.5105,0.0362,438787,4500,3.5103,0.0360,false,9,0,9,-97,15,100,3.3852186E-5,true,false,handover,0,1,,,8,52546062,-83,-7,"[{""type"":""LTE"",""pci"":15,""earfcn"":100,""tac"":null,""rsrp"":-97,""rsrq"":-15,""rssi"":-71,""snr"":null,""ta"":0,""level"":2,""bands"":""1""},{""type"":""LTE"",""pci"":443,""earfcn"":3050,""tac"":null,""rsrp"":-101,""rsrq"":-13,""rssi"":-77,""snr"":null,""ta"":0,""level"":2,""bands"":""7""},{""type"":""LTE"",""pci"":15,""earfcn"":3050,""tac"":null,""rsrp"":-102,""rsrq"":-13,""rssi"":-77,""snr"":null,""ta"":0,""level"":2,""bands"":""7""},{""type"":""LTE"",""pci"":486,""earfcn"":100,""tac"":null,""rsrp"":-104,""rsrq"":-16,""rssi"":-73,""snr"":null,""ta"":0,""level"":2,""bands"":""1""},{""type"":""LTE"",""pci"":15,""earfcn"":2600,""tac"":null,""rsrp"":-104,""rsrq"":-9,""rssi"":-85,""snr"":null,""ta"":0,""level"":2,""bands"":""5""},{""type"":""LTE"",""pci"":322,""earfcn"":2600,""tac"":null,""rsrp"":-105,""rsrq"":-11,""rssi"":-85,""snr"":null,""ta"":0,""level"":2,""bands"":""5""},{""type"":""LTE"",""pci"":443,""earfcn"":2600,""tac"":null,""rsrp"":-107,""rsrq"":-13,""rssi"":-85,""snr"":null,""ta"":0,""level"":1,""bands"":""5""},{""type"":""LTE"",""pci"":486,""earfcn"":2600,""tac"":null,""rsrp"":-112,""rsrq"":-14,""rssi"":-85,""snr"":null,""ta"":0,""level"":1,""bands"":""5""},{""type"":""LTE"",""pci"":58,""earfcn"":2600,""tac"":null,""rsrp"":-115,""rsrq"":-20,""rssi"":-83,""snr"":null,""ta"":0,""level"":1,""bands"":""5""}]",1011.22504,43,,38,7,,,,"[{""b"":""40:27:0b:02:a2:b8"",""s"":""U+zone"",""r"":-50,""f"":5785},{""b"":""22:17:b2:0b:47:8a"",""s"":""T wifi zone_secure"",""r"":-59,""f"":5280},{""b"":""22:17:b2:0b:47:88"",""s"":""T wifi zone"",""r"":-59,""f"":5280},{""b"":""40:27:0b:02:a2:b7"",""s"":""U+zone_2.4GHz"",""r"":-60,""f"":2432},{""b"":""10:e3:c7:09:37:aa"",""s"":""T wifi zone"",""r"":-60,""f"":2412},{""b"":""02:17:b2:0b:47:88"",""s"":""T wifi zone"",""r"":-62,""f"":2472},{""b"":""02:17:b2:0b:47:8a"",""s"":""T wifi zone_secure"",""r"":-62,""f"":2472},{""b"":""12:e3:c7:09:37:aa"",""s"":""T Free WiFi Zone"",""r"":-62,""f"":2412},{""b"":""36:78:c2:00:0a:b5"",""s"":""KT WiFi "",""r"":-64,""f"":2412},{""b"":""36:78:c2:00:0a:b4"",""s"":""KT WiFi "",""r"":-64,""f"":5240},{""b"":""30:78:c2:00:0a:b4"",""s"":""KT WiFi"",""r"":-64,""f"":5240},{""b"":""30:78:c2:00:0a:b5"",""s"":""KT WiFi"",""r"":-64,""f"":2412},{""b"":""12:e3:c7:09:37:a9"",""s"":""T Free WiFi Zone"",""r"":-65,""f"":5220},{""b"":""02:e3:c7:09:37:a9"",""s"":""T wifi zone_secure"",""r"":-67,""f"":5220},{""b"":""12:06:ac:80:5e:4f"",""s"":""FREE_U+zone"",""r"":-68,""f"":5260}]","[{""type"":""LTE"",""pci"":322,""earfcn"":2600,""tac"":null,""rsrp"":-81,""rsrq"":-12,""rssi"":-61,""snr"":null,""ta"":0,""level"":4,""bands"":""5""},{""type"":""LTE"",""pci"":322,""earfcn"":3050,""tac"":null,""rsrp"":-91,""rsrq"":-8,""rssi"":-73,""snr"":null,""ta"":0,""level"":3,""bands"":""7""},{""type"":""LTE"",""pci"":15,""earfcn"":2600,""tac"":null,""rsrp"":-91,""rsrq"":-20,""rssi"":-61,""snr"":null,""ta"":0,""level"":3,""bands"":""5""},{""type"":""LTE"",""pci"":15,""earfcn"":3050,""tac"":null,""rsrp"":-102,""rsrq"":-17,""rssi"":-73,""snr"":null,""ta"":0,""level"":2,""bands"":""7""}]"
1789875960370,2026-09-20 12:46:00,unknown,37.5560296,127.0436468,57.39,,,53.37122207520416,fused,9,LTE,NONE,4G,false,false,false,false,false,51224589,443,100,1,8283,450,06,-93,-13,-57,,3,0,,,,0,0,0.0000,0.0000,0,0,0.0000,0.0000,false,9,0,9,-97,15,100,1.1571889E-5,false,false,periodic,0,1,0,,711,,,,"[{""type"":""LTE"",""pci"":15,""earfcn"":100,""tac"":null,""rsrp"":-97,""rsrq"":-15,""rssi"":-71,""snr"":null,""ta"":0,""level"":2,""bands"":""1""},{""type"":""LTE"",""pci"":443,""earfcn"":3050,""tac"":null,""rsrp"":-101,""rsrq"":-13,""rssi"":-77,""snr"":null,""ta"":0,""level"":2,""bands"":""7""},{""type"":""LTE"",""pci"":15,""earfcn"":3050,""tac"":null,""rsrp"":-102,""rsrq"":-13,""rssi"":-77,""snr"":null,""ta"":0,""level"":2,""bands"":""7""},{""type"":""LTE"",""pci"":486,""earfcn"":100,""tac"":null,""rsrp"":-104,""rsrq"":-16,""rssi"":-73,""snr"":null,""ta"":0,""level"":2,""bands"":""1""},{""type"":""LTE"",""pci"":15,""earfcn"":2600,""tac"":null,""rsrp"":-104,""rsrq"":-9,""rssi"":-85,""snr"":null,""ta"":0,""level"":2,""bands"":""5""},{""type"":""LTE"",""pci"":322,""earfcn"":2600,""tac"":null,""rsrp"":-105,""rsrq"":-11,""rssi"":-85,""snr"":null,""ta"":0,""level"":2,""bands"":""5""},{""type"":""LTE"",""pci"":443,""earfcn"":2600,""tac"":null,""rsrp"":-107,""rsrq"":-13,""rssi"":-85,""snr"":null,""ta"":0,""level"":1,""bands"":""5""},{""type"":""LTE"",""pci"":486,""earfcn"":2600,""tac"":null,""rsrp"":-112,""rsrq"":-14,""rssi"":-85,""snr"":null,""ta"":0,""level"":1,""bands"":""5""},{""type"":""LTE"",""pci"":58,""earfcn"":2600,""tac"":null,""rsrp"":-115,""rsrq"":-20,""rssi"":-83,""snr"":null,""ta"":0,""level"":1,""bands"":""5""}]",1011.30365,521,18.085,38,8,,,,"[{""b"":""40:27:0b:02:a2:b8"",""s"":""U+zone"",""r"":-50,""f"":5785},{""b"":""22:17:b2:0b:47:8a"",""s"":""T wifi zone_secure"",""r"":-59,""f"":5280},{""b"":""22:17:b2:0b:47:88"",""s"":""T wifi zone"",""r"":-59,""f"":5280},{""b"":""40:27:0b:02:a2:b7"",""s"":""U+zone_2.4GHz"",""r"":-60,""f"":2432},{""b"":""10:e3:c7:09:37:aa"",""s"":""T wifi zone"",""r"":-60,""f"":2412},{""b"":""02:17:b2:0b:47:88"",""s"":""T wifi zone"",""r"":-62,""f"":2472},{""b"":""02:17:b2:0b:47:8a"",""s"":""T wifi zone_secure"",""r"":-62,""f"":2472},{""b"":""12:e3:c7:09:37:aa"",""s"":""T Free WiFi Zone"",""r"":-62,""f"":2412},{""b"":""36:78:c2:00:0a:b5"",""s"":""KT WiFi "",""r"":-64,""f"":2412},{""b"":""36:78:c2:00:0a:b4"",""s"":""KT WiFi "",""r"":-64,""f"":5240},{""b"":""30:78:c2:00:0a:b4"",""s"":""KT WiFi"",""r"":-64,""f"":5240},{""b"":""30:78:c2:00:0a:b5"",""s"":""KT WiFi"",""r"":-64,""f"":2412},{""b"":""12:e3:c7:09:37:a9"",""s"":""T Free WiFi Zone"",""r"":-65,""f"":5220},{""b"":""02:e3:c7:09:37:a9"",""s"":""T wifi zone_secure"",""r"":-67,""f"":5220},{""b"":""12:06:ac:80:5e:4f"",""s"":""FREE_U+zone"",""r"":-68,""f"":5260}]",""
1789875965388,2026-09-20 12:46:05,unknown,37.555102,127.043556,100.0,,,56.14927395987964,fused,5,LTE,NONE,4G,false,false,false,false,false,51224589,443,100,1,8283,450,06,-93,-13,-57,,3,0,,,,42989,457,0.3439,0.0037,42949,417,0.3436,0.0033,false,9,0,9,-97,15,100,7.74249E-5,false,false,periodic,5,1,0,,5730,,,,"[{""type"":""LTE"",""pci"":15,""earfcn"":100,""tac"":null,""rsrp"":-97,""rsrq"":-15,""rssi"":-71,""snr"":null,""ta"":0,""level"":2,""bands"":""1""},{""type"":""LTE"",""pci"":443,""earfcn"":3050,""tac"":null,""rsrp"":-101,""rsrq"":-13,""rssi"":-77,""snr"":null,""ta"":0,""level"":2,""bands"":""7""},{""type"":""LTE"",""pci"":15,""earfcn"":3050,""tac"":null,""rsrp"":-102,""rsrq"":-13,""rssi"":-77,""snr"":null,""ta"":0,""level"":2,""bands"":""7""},{""type"":""LTE"",""pci"":486,""earfcn"":100,""tac"":null,""rsrp"":-104,""rsrq"":-16,""rssi"":-73,""snr"":null,""ta"":0,""level"":2,""bands"":""1""},{""type"":""LTE"",""pci"":15,""earfcn"":2600,""tac"":null,""rsrp"":-104,""rsrq"":-9,""rssi"":-85,""snr"":null,""ta"":0,""level"":2,""bands"":""5""},{""type"":""LTE"",""pci"":322,""earfcn"":2600,""tac"":null,""rsrp"":-105,""rsrq"":-11,""rssi"":-85,""snr"":null,""ta"":0,""level"":2,""bands"":""5""},{""type"":""LTE"",""pci"":443,""earfcn"":2600,""tac"":null,""rsrp"":-107,""rsrq"":-13,""rssi"":-85,""snr"":null,""ta"":0,""level"":1,""bands"":""5""},{""type"":""LTE"",""pci"":486,""earfcn"":2600,""tac"":null,""rsrp"":-112,""rsrq"":-14,""rssi"":-85,""snr"":null,""ta"":0,""level"":1,""bands"":""5""},{""type"":""LTE"",""pci"":58,""earfcn"":2600,""tac"":null,""rsrp"":-115,""rsrq"":-20,""rssi"":-83,""snr"":null,""ta"":0,""level"":1,""bands"":""5""}]",1011.71185,46,,18,4,,,,"[{""b"":""40:27:0b:02:a2:b7"",""s"":""U+zone_2.4GHz"",""r"":-51,""f"":2432},{""b"":""22:17:b2:0b:47:8a"",""s"":""T wifi zone_secure"",""r"":-59,""f"":5280},{""b"":""22:17:b2:0b:47:88"",""s"":""T wifi zone"",""r"":-60,""f"":5280},{""b"":""02:17:b2:0b:47:88"",""s"":""T wifi zone"",""r"":-62,""f"":2472},{""b"":""36:78:c2:00:0a:b4"",""s"":""KT WiFi "",""r"":-62,""f"":5240},{""b"":""30:78:c2:00:0a:b4"",""s"":""KT WiFi"",""r"":-62,""f"":5240},{""b"":""02:17:b2:0b:47:8a"",""s"":""T wifi zone_secure"",""r"":-63,""f"":2472},{""b"":""36:78:c2:00:0a:b5"",""s"":""KT WiFi "",""r"":-63,""f"":2412},{""b"":""30:78:c2:00:0a:b5"",""s"":""KT WiFi"",""r"":-63,""f"":2412},{""b"":""40:27:0b:02:a2:c6"",""s"":""U+zone_2.4GHz"",""r"":-74,""f"":2432},{""b"":""40:27:0b:02:a2:c7"",""s"":""U+zone"",""r"":-79,""f"":5620},{""b"":""02:17:b2:0b:7d:b8"",""s"":""T wifi zone_secure"",""r"":-79,""f"":2452},{""b"":""02:17:b2:0b:7d:b6"",""s"":""T wifi zone"",""r"":-81,""f"":2452},{""b"":""22:17:b2:0b:7d:b8"",""s"":""T wifi zone_secure"",""r"":-82,""f"":5200},{""b"":""02:a7:89:36:74:ac"",""s"":"""",""r"":-83,""f"":5745}]",""
1789875970409,2026-09-20 12:46:10,unknown,37.5553903,127.043556,100.0,,,56.199366847433105,fused,4,LTE,NONE,4G,false,false,false,false,false,51224589,443,100,1,8283,450,06,-78,-8,-51,,4,0,,,,1148,436,0.0092,0.0035,1128,417,0.0090,0.0033,false,5,0,5,-83,443,2600,0.010654419,false,false,periodic,10,1,15,,4999,,,,"[{""type"":""LTE"",""pci"":443,""earfcn"":2600,""tac"":null,""rsrp"":-83,""rsrq"":-7,""rssi"":-65,""snr"":null,""ta"":0,""level"":4,""bands"":""5""},{""type"":""LTE"",""pci"":15,""earfcn"":100,""tac"":null,""rsrp"":-89,""rsrq"":-19,""rssi"":-59,""snr"":null,""ta"":0,""level"":3,""bands"":""1""},{""type"":""LTE"",""pci"":443,""earfcn"":3050,""tac"":null,""rsrp"":-91,""rsrq"":-11,""rssi"":-67,""snr"":null,""ta"":0,""level"":3,""bands"":""7""},{""type"":""LTE"",""pci"":486,""earfcn"":3050,""tac"":null,""rsrp"":-104,""rsrq"":-17,""rssi"":-77,""snr"":null,""ta"":0,""level"":2,""bands"":""7""},{""type"":""LTE"",""pci"":15,""earfcn"":3050,""tac"":null,""rsrp"":-108,""rsrq"":-17,""rssi"":-77,""snr"":null,""ta"":0,""level"":1,""bands"":""7""}]",1012.07526,39,,17,5,,,,"[{""b"":""40:27:0b:02:a2:b8"",""s"":""U+zone"",""r"":-51,""f"":5785},{""b"":""22:17:b2:0b:47:8a"",""s"":""T wifi zone_secure"",""r"":-57,""f"":5280},{""b"":""40:27:0b:02:a2:b7"",""s"":""U+zone_2.4GHz"",""r"":-58,""f"":2432},{""b"":""22:17:b2:0b:47:88"",""s"":""T wifi zone"",""r"":-58,""f"":5280},{""b"":""02:17:b2:0b:47:88"",""s"":""T wifi zone"",""r"":-59,""f"":2472},{""b"":""02:17:b2:0b:47:8a"",""s"":""T wifi zone_secure"",""r"":-60,""f"":2472},{""b"":""36:78:c2:00:0a:b4"",""s"":""KT WiFi "",""r"":-62,""f"":5240},{""b"":""30:78:c2:00:0a:b4"",""s"":""KT WiFi"",""r"":-62,""f"":5240},{""b"":""36:78:c2:00:0a:b5"",""s"":""KT WiFi "",""r"":-64,""f"":2412},{""b"":""30:78:c2:00:0a:b5"",""s"":""KT WiFi"",""r"":-65,""f"":2412},{""b"":""40:27:0b:02:a2:c7"",""s"":""U+zone"",""r"":-74,""f"":5620},{""b"":""22:17:b2:0b:7d:b6"",""s"":""T wifi zone"",""r"":-80,""f"":5200},{""b"":""22:17:b2:0b:7d:b8"",""s"":""T wifi zone_secure"",""r"":-80,""f"":5200},{""b"":""44:e6:4a:0c:85:cd"",""s"":"" Uro_6691249"",""r"":-83,""f"":2462},{""b"":""30:89:d3:3c:ba:ef"",""s"":""GlobalWiFi_A3SIHR"",""r"":-84,""f"":2437}]",""
1789875975418,2026-09-20 12:46:15,unknown,37.5553903,127.043556,100.0,,,51.17681258350683,fused,4,LTE,NONE,4G,false,false,false,false,false,51224589,443,100,1,8283,450,06,-78,-8,-51,,4,0,,,,1262,458,0.0101,0.0037,1242,438,0.0099,0.0035,false,5,0,5,-83,443,2600,0.037383083,false,false,periodic,15,1,0,,10011,,,,"[{""type"":""LTE"",""pci"":443,""earfcn"":2600,""tac"":null,""rsrp"":-83,""rsrq"":-7,""rssi"":-65,""snr"":null,""ta"":0,""level"":4,""bands"":""5""},{""type"":""LTE"",""pci"":15,""earfcn"":100,""tac"":null,""rsrp"":-89,""rsrq"":-19,""rssi"":-59,""snr"":null,""ta"":0,""level"":3,""bands"":""1""},{""type"":""LTE"",""pci"":443,""earfcn"":3050,""tac"":null,""rsrp"":-91,""rsrq"":-11,""rssi"":-67,""snr"":null,""ta"":0,""level"":3,""bands"":""7""},{""type"":""LTE"",""pci"":486,""earfcn"":3050,""tac"":null,""rsrp"":-104,""rsrq"":-17,""rssi"":-77,""snr"":null,""ta"":0,""level"":2,""bands"":""7""},{""type"":""LTE"",""pci"":15,""earfcn"":3050,""tac"":null,""rsrp"":-108,""rsrq"":-17,""rssi"":-77,""snr"":null,""ta"":0,""level"":1,""bands"":""7""}]",1012.1054,48,,17,2,,,,"[{""b"":""40:27:0b:02:a2:b8"",""s"":""U+zone"",""r"":-52,""f"":5785},{""b"":""22:17:b2:0b:47:88"",""s"":""T wifi zone"",""r"":-55,""f"":5280},{""b"":""22:17:b2:0b:47:8a"",""s"":""T wifi zone_secure"",""r"":-57,""f"":5280},{""b"":""40:27:0b:02:a2:b7"",""s"":""U+zone_2.4GHz"",""r"":-57,""f"":2432},{""b"":""02:17:b2:0b:47:8a"",""s"":""T wifi zone_secure"",""r"":-58,""f"":2472},{""b"":""02:17:b2:0b:47:88"",""s"":""T wifi zone"",""r"":-59,""f"":2472},{""b"":""36:78:c2:00:0a:b4"",""s"":""KT WiFi "",""r"":-62,""f"":5240},{""b"":""36:78:c2:00:0a:b5"",""s"":""KT WiFi "",""r"":-63,""f"":2412},{""b"":""30:78:c2:00:0a:b4"",""s"":""KT WiFi"",""r"":-63,""f"":5240},{""b"":""30:78:c2:00:0a:b5"",""s"":""KT WiFi"",""r"":-63,""f"":2412},{""b"":""02:17:b2:0b:7d:b8"",""s"":""T wifi zone_secure"",""r"":-73,""f"":2452},{""b"":""02:17:b2:0b:7d:b6"",""s"":""T wifi zone"",""r"":-74,""f"":2452},{""b"":""40:27:0b:02:a2:c7"",""s"":""U+zone"",""r"":-77,""f"":5620},{""b"":""22:17:b2:0b:7d:b6"",""s"":""T wifi zone"",""r"":-80,""f"":5200},{""b"":""22:17:b2:0b:7d:b8"",""s"":""T wifi zone_secure"",""r"":-83,""f"":5200}]",""
1789875980438,2026-09-20 12:46:20,unknown,37.5553903,127.043556,100.0,,,51.17681258350683,fused,9,LTE,NONE,4G,false,false,false,false,false,51224593,486,100,1,8283,450,06,-89,-13,-59,,3,0,,,,70,98,0.0006,0.0008,30,58,0.0002,0.0005,false,10,0,10,-87,443,100,0.024770688,true,false,periodic,0,2,,,5000,51224589,-78,-8,"[{""type"":""LTE"",""pci"":443,""earfcn"":100,""tac"":null,""rsrp"":-87,""rsrq"":-12,""rssi"":-65,""snr"":null,""ta"":0,""level"":3,""bands"":""1""},{""type"":""LTE"",""pci"":20,""earfcn"":100,""tac"":null,""rsrp"":-92,""rsrq"":-18,""rssi"":-65,""snr"":null,""ta"":0,""level"":3,""bands"":""1""},{""type"":""LTE"",""pci"":486,""earfcn"":2600,""tac"":null,""rsrp"":-95,""rsrq"":-14,""rssi"":-71,""snr"":null,""ta"":0,""level"":3,""bands"":""5""},{""type"":""LTE"",""pci"":486,""earfcn"":3050,""tac"":null,""rsrp"":-96,""rsrq"":-13,""rssi"":-71,""snr"":null,""ta"":0,""level"":2,""bands"":""7""},{""type"":""LTE"",""pci"":322,""earfcn"":2600,""tac"":null,""rsrp"":-97,""rsrq"":-20,""rssi"":-67,""snr"":null,""ta"":0,""level"":2,""bands"":""5""},{""type"":""LTE"",""pci"":15,""earfcn"":100,""tac"":null,""rsrp"":-98,""rsrq"":-20,""rssi"":-65,""snr"":null,""ta"":0,""level"":2,""bands"":""1""},{""type"":""LTE"",""pci"":443,""earfcn"":2600,""tac"":null,""rsrp"":-100,""rsrq"":-16,""rssi"":-71,""snr"":null,""ta"":0,""level"":2,""bands"":""5""},{""type"":""LTE"",""pci"":443,""earfcn"":3050,""tac"":null,""rsrp"":-103,""rsrq"":-14,""rssi"":-71,""snr"":null,""ta"":0,""level"":2,""bands"":""7""},{""type"":""LTE"",""pci"":15,""earfcn"":2600,""tac"":null,""rsrp"":-103,""rsrq"":-17,""rssi"":-73,""snr"":null,""ta"":0,""level"":2,""bands"":""5""},{""type"":""LTE"",""pci"":15,""earfcn"":3050,""tac"":null,""rsrp"":-104,""rsrq"":-19,""rssi"":-77,""snr"":null,""ta"":0,""level"":2,""bands"":""7""}]",1012.38336,50,,17,7,,,,"[{""b"":""40:27:0b:02:a2:b8"",""s"":""U+zone"",""r"":-52,""f"":5785},{""b"":""22:17:b2:0b:47:88"",""s"":""T wifi zone"",""r"":-55,""f"":5280},{""b"":""22:17:b2:0b:47:8a"",""s"":""T wifi zone_secure"",""r"":-57,""f"":5280},{""b"":""40:27:0b:02:a2:b7"",""s"":""U+zone_2.4GHz"",""r"":-57,""f"":2432},{""b"":""02:17:b2:0b:47:8a"",""s"":""T wifi zone_secure"",""r"":-58,""f"":2472},{""b"":""02:17:b2:0b:47:88"",""s"":""T wifi zone"",""r"":-59,""f"":2472},{""b"":""36:78:c2:00:0a:b4"",""s"":""KT WiFi "",""r"":-62,""f"":5240},{""b"":""36:78:c2:00:0a:b5"",""s"":""KT WiFi "",""r"":-63,""f"":2412},{""b"":""30:78:c2:00:0a:b4"",""s"":""KT WiFi"",""r"":-63,""f"":5240},{""b"":""30:78:c2:00:0a:b5"",""s"":""KT WiFi"",""r"":-63,""f"":2412},{""b"":""02:17:b2:0b:7d:b8"",""s"":""T wifi zone_secure"",""r"":-73,""f"":2452},{""b"":""02:17:b2:0b:7d:b6"",""s"":""T wifi zone"",""r"":-74,""f"":2452},{""b"":""40:27:0b:02:a2:c7"",""s"":""U+zone"",""r"":-77,""f"":5620},{""b"":""22:17:b2:0b:7d:b6"",""s"":""T wifi zone"",""r"":-80,""f"":5200},{""b"":""22:17:b2:0b:7d:b8"",""s"":""T wifi zone_secure"",""r"":-83,""f"":5200}]","[{""type"":""LTE"",""pci"":443,""earfcn"":2600,""tac"":null,""rsrp"":-83,""rsrq"":-7,""rssi"":-65,""snr"":null,""ta"":0,""level"":4,""bands"":""5""},{""type"":""LTE"",""pci"":15,""earfcn"":100,""tac"":null,""rsrp"":-89,""rsrq"":-19,""rssi"":-59,""snr"":null,""ta"":0,""level"":3,""bands"":""1""},{""type"":""LTE"",""pci"":443,""earfcn"":3050,""tac"":null,""rsrp"":-91,""rsrq"":-11,""rssi"":-67,""snr"":null,""ta"":0,""level"":3,""bands"":""7""},{""type"":""LTE"",""pci"":486,""earfcn"":3050,""tac"":null,""rsrp"":-104,""rsrq"":-17,""rssi"":-77,""snr"":null,""ta"":0,""level"":2,""bands"":""7""},{""type"":""LTE"",""pci"":15,""earfcn"":3050,""tac"":null,""rsrp"":-108,""rsrq"":-17,""rssi"":-77,""snr"":null,""ta"":0,""level"":1,""bands"":""7""}]"
1789875985451,2026-09-20 12:46:25,unknown,37.5556786,127.043556,100.0,,,48.39999771118164,fused,7,LTE,NONE,4G,false,false,false,false,false,51224593,486,100,1,8283,450,06,-89,-13,-59,,3,0,,,,178,410,0.0014,0.0033,158,390,0.0013,0.0031,false,10,0,10,-87,443,100,0.010172658,false,false,periodic,5,2,0,,10015,,,,"[{""type"":""LTE"",""pci"":443,""earfcn"":100,""tac"":null,""rsrp"":-87,""rsrq"":-12,""rssi"":-65,""snr"":null,""ta"":0,""level"":3,""bands"":""1""},{""type"":""LTE"",""pci"":20,""earfcn"":100,""tac"":null,""rsrp"":-92,""rsrq"":-18,""rssi"":-65,""snr"":null,""ta"":0,""level"":3,""bands"":""1""},{""type"":""LTE"",""pci"":486,""earfcn"":2600,""tac"":null,""rsrp"":-95,""rsrq"":-14,""rssi"":-71,""snr"":null,""ta"":0,""level"":3,""bands"":""5""},{""type"":""LTE"",""pci"":486,""earfcn"":3050,""tac"":null,""rsrp"":-96,""rsrq"":-13,""rssi"":-71,""snr"":null,""ta"":0,""level"":2,""bands"":""7""},{""type"":""LTE"",""pci"":322,""earfcn"":2600,""tac"":null,""rsrp"":-97,""rsrq"":-20,""rssi"":-67,""snr"":null,""ta"":0,""level"":2,""bands"":""5""},{""type"":""LTE"",""pci"":15,""earfcn"":100,""tac"":null,""rsrp"":-98,""rsrq"":-20,""rssi"":-65,""snr"":null,""ta"":0,""level"":2,""bands"":""1""},{""type"":""LTE"",""pci"":443,""earfcn"":2600,""tac"":null,""rsrp"":-100,""rsrq"":-16,""rssi"":-71,""snr"":null,""ta"":0,""level"":2,""bands"":""5""},{""type"":""LTE"",""pci"":443,""earfcn"":3050,""tac"":null,""rsrp"":-103,""rsrq"":-14,""rssi"":-71,""snr"":null,""ta"":0,""level"":2,""bands"":""7""},{""type"":""LTE"",""pci"":15,""earfcn"":2600,""tac"":null,""rsrp"":-103,""rsrq"":-17,""rssi"":-73,""snr"":null,""ta"":0,""level"":2,""bands"":""5""},{""type"":""LTE"",""pci"":15,""earfcn"":3050,""tac"":null,""rsrp"":-104,""rsrq"":-19,""rssi"":-77,""snr"":null,""ta"":0,""level"":2,""bands"":""7""}]",1012.59033,20,,17,5,,,,"[{""b"":""40:27:0b:02:a2:b8"",""s"":""U+zone"",""r"":-56,""f"":5785},{""b"":""30:78:c2:00:0a:b4"",""s"":""KT WiFi"",""r"":-57,""f"":5240},{""b"":""36:78:c2:00:0a:b4"",""s"":""KT WiFi "",""r"":-58,""f"":5240},{""b"":""22:17:b2:0b:47:8a"",""s"":""T wifi zone_secure"",""r"":-60,""f"":5280},{""b"":""22:17:b2:0b:47:88"",""s"":""T wifi zone"",""r"":-60,""f"":5280},{""b"":""40:27:0b:02:a2:b7"",""s"":""U+zone_2.4GHz"",""r"":-61,""f"":2432},{""b"":""02:17:b2:0b:47:8a"",""s"":""T wifi zone_secure"",""r"":-62,""f"":2472},{""b"":""02:17:b2:0b:47:88"",""s"":""T wifi zone"",""r"":-63,""f"":2472},{""b"":""36:78:c2:00:0a:b5"",""s"":""KT WiFi "",""r"":-64,""f"":2412},{""b"":""30:78:c2:00:0a:b5"",""s"":""KT WiFi"",""r"":-64,""f"":2412},{""b"":""40:27:0b:02:a2:c7"",""s"":""U+zone"",""r"":-77,""f"":5620},{""b"":""02:17:b2:0b:7d:b8"",""s"":""T wifi zone_secure"",""r"":-79,""f"":2452},{""b"":""22:17:b2:0b:7d:b6"",""s"":""T wifi zone"",""r"":-83,""f"":5200},{""b"":""22:17:b2:0b:7d:b8"",""s"":""T wifi zone_secure"",""r"":-84,""f"":5200},{""b"":""36:78:c2:00:07:d5"",""s"":""KT WiFi "",""r"":-85,""f"":5640}]",""
1789875990473,2026-09-20 12:46:30,unknown,37.5556786,127.043556,100.0,,,48.39999771118164,fused,5,LTE,NONE,4G,false,false,false,false,false,51224591,466,100,1,8283,450,06,-85,-12,-57,,4,0,,,,420606,2140,3.3648,0.0171,420586,2121,3.3647,0.0170,false,8,0,8,-95,486,100,0.024129812,true,false,periodic,0,2,,,5002,51224593,-89,-13,"[{""type"":""LTE"",""pci"":486,""earfcn"":100,""tac"":null,""rsrp"":-95,""rsrq"":-15,""rssi"":-67,""snr"":null,""ta"":0,""level"":3,""bands"":""1""},{""type"":""LTE"",""pci"":20,""earfcn"":100,""tac"":null,""rsrp"":-96,""rsrq"":-19,""rssi"":-67,""snr"":null,""ta"":0,""level"":2,""bands"":""1""},{""type"":""LTE"",""pci"":466,""earfcn"":3050,""tac"":null,""rsrp"":-96,""rsrq"":-12,""rssi"":-77,""snr"":null,""ta"":0,""level"":2,""bands"":""7""},{""type"":""LTE"",""pci"":322,""earfcn"":2600,""tac"":null,""rsrp"":-98,""rsrq"":-20,""rssi"":-69,""snr"":null,""ta"":0,""level"":2,""bands"":""5""},{""type"":""LTE"",""pci"":486,""earfcn"":3050,""tac"":null,""rsrp"":-99,""rsrq"":-13,""rssi"":-77,""snr"":null,""ta"":0,""level"":2,""bands"":""7""},{""type"":""LTE"",""pci"":466,""earfcn"":2600,""tac"":null,""rsrp"":-100,""rsrq"":-14,""rssi"":-75,""snr"":null,""ta"":0,""level"":2,""bands"":""5""},{""type"":""LTE"",""pci"":486,""earfcn"":2600,""tac"":null,""rsrp"":-103,""rsrq"":-15,""rssi"":-75,""snr"":null,""ta"":0,""level"":2,""bands"":""5""},{""type"":""LTE"",""pci"":443,""earfcn"":2600,""tac"":null,""rsrp"":-106,""rsrq"":-20,""rssi"":-77,""snr"":null,""ta"":0,""level"":1,""bands"":""5""}]",1013.2614,192,37.133,16,3,,,,"[{""b"":""40:27:0b:02:a2:b8"",""s"":""U+zone"",""r"":-51,""f"":5785},{""b"":""36:78:c2:00:0a:b4"",""s"":""KT WiFi "",""r"":-57,""f"":5240},{""b"":""30:78:c2:00:0a:b4"",""s"":""KT WiFi"",""r"":-57,""f"":5240},{""b"":""22:17:b2:0b:47:8a"",""s"":""T wifi zone_secure"",""r"":-58,""f"":5280},{""b"":""22:17:b2:0b:47:88"",""s"":""T wifi zone"",""r"":-58,""f"":5280},{""b"":""40:27:0b:02:a2:b7"",""s"":""U+zone_2.4GHz"",""r"":-61,""f"":2432},{""b"":""02:17:b2:0b:47:88"",""s"":""T wifi zone"",""r"":-63,""f"":2472},{""b"":""02:17:b2:0b:47:8a"",""s"":""T wifi zone_secure"",""r"":-63,""f"":2472},{""b"":""30:78:c2:00:0a:b5"",""s"":""KT WiFi"",""r"":-66,""f"":2412},{""b"":""40:27:0b:02:a2:c7"",""s"":""U+zone"",""r"":-78,""f"":5620},{""b"":""36:78:c2:00:07:d6"",""s"":""KT WiFi "",""r"":-80,""f"":2432},{""b"":""22:17:b2:0b:7d:b8"",""s"":""T wifi zone_secure"",""r"":-83,""f"":5200},{""b"":""22:17:b2:0b:7d:b6"",""s"":""T wifi zone"",""r"":-84,""f"":5200},{""b"":""30:78:c2:00:07:d5"",""s"":""KT WiFi"",""r"":-84,""f"":5640},{""b"":""36:78:c2:00:07:d5"",""s"":""KT WiFi "",""r"":-84,""f"":5640}]","[{""type"":""LTE"",""pci"":443,""earfcn"":100,""tac"":null,""rsrp"":-87,""rsrq"":-12,""rssi"":-65,""snr"":null,""ta"":0,""level"":3,""bands"":""1""},{""type"":""LTE"",""pci"":20,""earfcn"":100,""tac"":null,""rsrp"":-92,""rsrq"":-18,""rssi"":-65,""snr"":null,""ta"":0,""level"":3,""bands"":""1""},{""type"":""LTE"",""pci"":486,""earfcn"":2600,""tac"":null,""rsrp"":-95,""rsrq"":-14,""rssi"":-71,""snr"":null,""ta"":0,""level"":3,""bands"":""5""},{""type"":""LTE"",""pci"":486,""earfcn"":3050,""tac"":null,""rsrp"":-96,""rsrq"":-13,""rssi"":-71,""snr"":null,""ta"":0,""level"":2,""bands"":""7""},{""type"":""LTE"",""pci"":322,""earfcn"":2600,""tac"":null,""rsrp"":-97,""rsrq"":-20,""rssi"":-67,""snr"":null,""ta"":0,""level"":2,""bands"":""5""},{""type"":""LTE"",""pci"":15,""earfcn"":100,""tac"":null,""rsrp"":-98,""rsrq"":-20,""rssi"":-65,""snr"":null,""ta"":0,""level"":2,""bands"":""1""},{""type"":""LTE"",""pci"":443,""earfcn"":2600,""tac"":null,""rsrp"":-100,""rsrq"":-16,""rssi"":-71,""snr"":null,""ta"":0,""level"":2,""bands"":""5""},{""type"":""LTE"",""pci"":443,""earfcn"":3050,""tac"":null,""rsrp"":-103,""rsrq"":-14,""rssi"":-71,""snr"":null,""ta"":0,""level"":2,""bands"":""7""},{""type"":""LTE"",""pci"":15,""earfcn"":2600,""tac"":null,""rsrp"":-103,""rsrq"":-17,""rssi"":-73,""snr"":null,""ta"":0,""level"":2,""bands"":""5""},{""type"":""LTE"",""pci"":15,""earfcn"":3050,""tac"":null,""rsrp"":-104,""rsrq"":-19,""rssi"":-77,""snr"":null,""ta"":0,""level"":2,""bands"":""7""}]"
1789875995494,2026-09-20 12:46:35,unknown,37.5556786,127.043556,100.0,,,48.39999771118164,fused,10,LTE,NONE,4G,false,false,false,false,false,51224591,466,100,1,8283,450,06,-85,-12,-57,,4,0,,,,5273,2237,0.0422,0.0179,5253,2217,0.0420,0.0177,false,8,0,8,-95,486,100,9.4223215E-5,false,false,periodic,5,2,0,,10022,,,,"[{""type"":""LTE"",""pci"":486,""earfcn"":100,""tac"":null,""rsrp"":-95,""rsrq"":-15,""rssi"":-67,""snr"":null,""ta"":0,""level"":3,""bands"":""1""},{""type"":""LTE"",""pci"":20,""earfcn"":100,""tac"":null,""rsrp"":-96,""rsrq"":-19,""rssi"":-67,""snr"":null,""ta"":0,""level"":2,""bands"":""1""},{""type"":""LTE"",""pci"":466,""earfcn"":3050,""tac"":null,""rsrp"":-96,""rsrq"":-12,""rssi"":-77,""snr"":null,""ta"":0,""level"":2,""bands"":""7""},{""type"":""LTE"",""pci"":322,""earfcn"":2600,""tac"":null,""rsrp"":-98,""rsrq"":-20,""rssi"":-69,""snr"":null,""ta"":0,""level"":2,""bands"":""5""},{""type"":""LTE"",""pci"":486,""earfcn"":3050,""tac"":null,""rsrp"":-99,""rsrq"":-13,""rssi"":-77,""snr"":null,""ta"":0,""level"":2,""bands"":""7""},{""type"":""LTE"",""pci"":466,""earfcn"":2600,""tac"":null,""rsrp"":-100,""rsrq"":-14,""rssi"":-75,""snr"":null,""ta"":0,""level"":2,""bands"":""5""},{""type"":""LTE"",""pci"":486,""earfcn"":2600,""tac"":null,""rsrp"":-103,""rsrq"":-15,""rssi"":-75,""snr"":null,""ta"":0,""level"":2,""bands"":""5""},{""type"":""LTE"",""pci"":443,""earfcn"":2600,""tac"":null,""rsrp"":-106,""rsrq"":-20,""rssi"":-77,""snr"":null,""ta"":0,""level"":1,""bands"":""5""}]",1013.67114,56,,17,1,,,,"[{""b"":""40:27:0b:02:a2:b8"",""s"":""U+zone"",""r"":-53,""f"":5785},{""b"":""22:17:b2:0b:47:88"",""s"":""T wifi zone"",""r"":-60,""f"":5280},{""b"":""22:17:b2:0b:47:8a"",""s"":""T wifi zone_secure"",""r"":-61,""f"":5280},{""b"":""02:17:b2:0b:47:8a"",""s"":""T wifi zone_secure"",""r"":-62,""f"":2472},{""b"":""36:78:c2:00:0a:b4"",""s"":""KT WiFi "",""r"":-62,""f"":5240},{""b"":""30:78:c2:00:0a:b4"",""s"":""KT WiFi"",""r"":-62,""f"":5240},{""b"":""02:17:b2:0b:47:88"",""s"":""T wifi zone"",""r"":-63,""f"":2472},{""b"":""36:78:c2:00:0a:b5"",""s"":""KT WiFi "",""r"":-65,""f"":2412},{""b"":""30:78:c2:00:0a:b5"",""s"":""KT WiFi"",""r"":-65,""f"":2412},{""b"":""02:17:b2:0b:7d:b6"",""s"":""T wifi zone"",""r"":-78,""f"":2452},{""b"":""40:27:0b:02:a2:c7"",""s"":""U+zone"",""r"":-79,""f"":5620},{""b"":""02:17:b2:0b:7d:b8"",""s"":""T wifi zone_secure"",""r"":-80,""f"":2452},{""b"":""36:78:c2:00:07:d6"",""s"":""KT WiFi "",""r"":-81,""f"":2432},{""b"":""30:78:c2:00:07:d5"",""s"":""KT WiFi"",""r"":-85,""f"":5640},{""b"":""36:78:c2:00:07:d5"",""s"":""KT WiFi "",""r"":-85,""f"":5640}]",""
1789876000516,2026-09-20 12:46:40,unknown,37.5556786,127.043556,100.0,,,48.39999771118164,fused,15,LTE,NONE,4G,false,false,false,false,false,51224591,466,100,1,8283,450,06,-87,-10,-57,,3,0,,,,3899,282,0.0312,0.0023,3879,262,0.0310,0.0021,false,6,0,6,-93,466,3050,0.029694207,false,false,periodic,10,2,-2,,5002,,,,"[{""type"":""LTE"",""pci"":466,""earfcn"":3050,""tac"":null,""rsrp"":-93,""rsrq"":-9,""rssi"":-71,""snr"":null,""ta"":0,""level"":3,""bands"":""7""},{""type"":""LTE"",""pci"":466,""earfcn"":2600,""tac"":null,""rsrp"":-99,""rsrq"":-7,""rssi"":-81,""snr"":null,""ta"":0,""level"":2,""bands"":""5""},{""type"":""LTE"",""pci"":486,""earfcn"":100,""tac"":null,""rsrp"":-101,""rsrq"":-19,""rssi"":-73,""snr"":null,""ta"":0,""level"":2,""bands"":""1""},{""type"":""LTE"",""pci"":488,""earfcn"":2600,""tac"":null,""rsrp"":-104,""rsrq"":-12,""rssi"":-81,""snr"":null,""ta"":0,""level"":2,""bands"":""5""},{""type"":""LTE"",""pci"":486,""earfcn"":3050,""tac"":null,""rsrp"":-107,""rsrq"":-18,""rssi"":-77,""snr"":null,""ta"":0,""level"":1,""bands"":""7""},{""type"":""LTE"",""pci"":486,""earfcn"":2600,""tac"":null,""rsrp"":-109,""rsrq"":-17,""rssi"":-81,""snr"":null,""ta"":0,""level"":1,""bands"":""5""}]",1014.14307,51,,17,4,,,,"[{""b"":""40:27:0b:02:a2:b8"",""s"":""U+zone"",""r"":-54,""f"":5785},{""b"":""40:27:0b:02:a2:b7"",""s"":""U+zone_2.4GHz"",""r"":-57,""f"":2432},{""b"":""22:17:b2:0b:47:8a"",""s"":""T wifi zone_secure"",""r"":-58,""f"":5280},{""b"":""22:17:b2:0b:47:88"",""s"":""T wifi zone"",""r"":-58,""f"":5280},{""b"":""02:17:b2:0b:47:8a"",""s"":""T wifi zone_secure"",""r"":-61,""f"":2472},{""b"":""02:17:b2:0b:47:88"",""s"":""T wifi zone"",""r"":-62,""f"":2472},{""b"":""36:78:c2:00:0a:b4"",""s"":""KT WiFi "",""r"":-63,""f"":5240},{""b"":""30:78:c2:00:0a:b4"",""s"":""KT WiFi"",""r"":-63,""f"":5240},{""b"":""40:27:0b:02:a2:c7"",""s"":""U+zone"",""r"":-78,""f"":5620},{""b"":""40:27:0b:02:a2:c6"",""s"":""U+zone_2.4GHz"",""r"":-78,""f"":2432},{""b"":""02:17:b2:0b:7d:b8"",""s"":""T wifi zone_secure"",""r"":-82,""f"":2452},{""b"":""30:89:d3:3c:ba:ef"",""s"":""GlobalWiFi_A3SIHR"",""r"":-84,""f"":2437},{""b"":""02:a7:89:36:74:ac"",""s"":"""",""r"":-85,""f"":5745},{""b"":""22:17:b2:0b:7d:b6"",""s"":""T wifi zone"",""r"":-86,""f"":5200},{""b"":""22:17:b2:0b:7d:b8"",""s"":""T wifi zone_secure"",""r"":-86,""f"":5200}]",""
1789876005537,2026-09-20 12:46:45,unknown,37.5556786,127.043556,100.0,,,48.39999771118164,fused,20,LTE,NONE,4G,false,false,false,false,false,51224591,466,100,1,8283,450,06,-87,-10,-57,,3,0,,,,70,98,0.0006,0.0008,30,58,0.0002,0.0005,false,6,0,6,-93,466,3050,8.8118337E-4,false,false,periodic,15,2,0,,10023,,,,"[{""type"":""LTE"",""pci"":466,""earfcn"":3050,""tac"":null,""rsrp"":-93,""rsrq"":-9,""rssi"":-71,""snr"":null,""ta"":0,""level"":3,""bands"":""7""},{""type"":""LTE"",""pci"":466,""earfcn"":2600,""tac"":null,""rsrp"":-99,""rsrq"":-7,""rssi"":-81,""snr"":null,""ta"":0,""level"":2,""bands"":""5""},{""type"":""LTE"",""pci"":486,""earfcn"":100,""tac"":null,""rsrp"":-101,""rsrq"":-19,""rssi"":-73,""snr"":null,""ta"":0,""level"":2,""bands"":""1""},{""type"":""LTE"",""pci"":488,""earfcn"":2600,""tac"":null,""rsrp"":-104,""rsrq"":-12,""rssi"":-81,""snr"":null,""ta"":0,""level"":2,""bands"":""5""},{""type"":""LTE"",""pci"":486,""earfcn"":3050,""tac"":null,""rsrp"":-107,""rsrq"":-18,""rssi"":-77,""snr"":null,""ta"":0,""level"":1,""bands"":""7""},{""type"":""LTE"",""pci"":486,""earfcn"":2600,""tac"":null,""rsrp"":-109,""rsrq"":-17,""rssi"":-81,""snr"":null,""ta"":0,""level"":1,""bands"":""5""}]",1013.9824,26,,17,9,,,,"[{""b"":""40:27:0b:02:a2:b8"",""s"":""U+zone"",""r"":-54,""f"":5785},{""b"":""40:27:0b:02:a2:b7"",""s"":""U+zone_2.4GHz"",""r"":-57,""f"":2432},{""b"":""22:17:b2:0b:47:8a"",""s"":""T wifi zone_secure"",""r"":-58,""f"":5280},{""b"":""22:17:b2:0b:47:88"",""s"":""T wifi zone"",""r"":-58,""f"":5280},{""b"":""02:17:b2:0b:47:8a"",""s"":""T wifi zone_secure"",""r"":-61,""f"":2472},{""b"":""02:17:b2:0b:47:88"",""s"":""T wifi zone"",""r"":-62,""f"":2472},{""b"":""36:78:c2:00:0a:b4"",""s"":""KT WiFi "",""r"":-63,""f"":5240},{""b"":""30:78:c2:00:0a:b4"",""s"":""KT WiFi"",""r"":-63,""f"":5240},{""b"":""40:27:0b:02:a2:c7"",""s"":""U+zone"",""r"":-78,""f"":5620},{""b"":""40:27:0b:02:a2:c6"",""s"":""U+zone_2.4GHz"",""r"":-78,""f"":2432},{""b"":""02:17:b2:0b:7d:b8"",""s"":""T wifi zone_secure"",""r"":-82,""f"":2452},{""b"":""30:89:d3:3c:ba:ef"",""s"":""GlobalWiFi_A3SIHR"",""r"":-84,""f"":2437},{""b"":""02:a7:89:36:74:ac"",""s"":"""",""r"":-85,""f"":5745},{""b"":""22:17:b2:0b:7d:b6"",""s"":""T wifi zone"",""r"":-86,""f"":5200},{""b"":""22:17:b2:0b:7d:b8"",""s"":""T wifi zone_secure"",""r"":-86,""f"":5200}]",""
1789876010559,2026-09-20 12:46:50,unknown,37.5556786,127.043556,100.0,,,48.39999771118164,fused,25,LTE,NONE,4G,false,false,false,false,false,51224592,488,100,1,8283,450,06,-82,-12,-51,,4,0,,,,3879,283,0.0310,0.0023,3859,263,0.0309,0.0021,false,8,0,8,-83,488,2600,4.2183888E-7,true,false,periodic,0,2,,,5000,51224591,-87,-10,"[{""type"":""LTE"",""pci"":488,""earfcn"":2600,""tac"":null,""rsrp"":-83,""rsrq"":-12,""rssi"":-57,""snr"":null,""ta"":0,""level"":4,""bands"":""5""},{""type"":""LTE"",""pci"":466,""earfcn"":100,""tac"":null,""rsrp"":-95,""rsrq"":-18,""rssi"":-67,""snr"":null,""ta"":0,""level"":3,""bands"":""1""},{""type"":""LTE"",""pci"":466,""earfcn"":2600,""tac"":null,""rsrp"":-101,""rsrq"":-16,""rssi"":-75,""snr"":null,""ta"":0,""level"":2,""bands"":""5""},{""type"":""LTE"",""pci"":486,""earfcn"":2600,""tac"":null,""rsrp"":-103,""rsrq"":-18,""rssi"":-75,""snr"":null,""ta"":0,""level"":2,""bands"":""5""},{""type"":""LTE"",""pci"":488,""earfcn"":3050,""tac"":null,""rsrp"":-104,""rsrq"":-14,""rssi"":-81,""snr"":null,""ta"":0,""level"":2,""bands"":""7""},{""type"":""LTE"",""pci"":466,""earfcn"":3050,""tac"":null,""rsrp"":-109,""rsrq"":-13,""rssi"":-81,""snr"":null,""ta"":0,""level"":1,""bands"":""7""},{""type"":""LTE"",""pci"":486,""earfcn"":3050,""tac"":null,""rsrp"":-110,""rsrq"":-15,""rssi"":-85,""snr"":null,""ta"":0,""level"":1,""bands"":""7""},{""type"":""LTE"",""pci"":20,""earfcn"":3050,""tac"":null,""rsrp"":-111,""rsrq"":-20,""rssi"":-77,""snr"":null,""ta"":0,""level"":1,""bands"":""7""}]",1014.03766,67,,19,4,,,,"[{""b"":""40:27:0b:02:a2:b8"",""s"":""U+zone"",""r"":-52,""f"":5785},{""b"":""40:27:0b:02:a2:b7"",""s"":""U+zone_2.4GHz"",""r"":-58,""f"":2432},{""b"":""22:17:b2:0b:47:8a"",""s"":""T wifi zone_secure"",""r"":-59,""f"":5280},{""b"":""22:17:b2:0b:47:88"",""s"":""T wifi zone"",""r"":-59,""f"":5280},{""b"":""02:17:b2:0b:47:88"",""s"":""T wifi zone"",""r"":-64,""f"":2472},{""b"":""02:17:b2:0b:47:8a"",""s"":""T wifi zone_secure"",""r"":-64,""f"":2472},{""b"":""30:78:c2:00:0a:b4"",""s"":""KT WiFi"",""r"":-65,""f"":5240},{""b"":""36:78:c2:00:0a:b4"",""s"":""KT WiFi "",""r"":-66,""f"":5240},{""b"":""36:78:c2:00:0a:b5"",""s"":""KT WiFi "",""r"":-69,""f"":2412},{""b"":""30:78:c2:00:0a:b5"",""s"":""KT WiFi"",""r"":-69,""f"":2412},{""b"":""30:89:d3:3c:ba:ef"",""s"":""GlobalWiFi_A3SIHR"",""r"":-77,""f"":2437},{""b"":""30:78:c2:00:07:d6"",""s"":""KT WiFi"",""r"":-81,""f"":2432},{""b"":""40:27:0b:02:a2:c7"",""s"":""U+zone"",""r"":-82,""f"":5620},{""b"":""36:78:c2:00:07:d6"",""s"":""KT WiFi "",""r"":-83,""f"":2432},{""b"":""30:78:c2:00:07:d5"",""s"":""KT WiFi"",""r"":-84,""f"":5640}]","[{""type"":""LTE"",""pci"":466,""earfcn"":3050,""tac"":null,""rsrp"":-93,""rsrq"":-9,""rssi"":-71,""snr"":null,""ta"":0,""level"":3,""bands"":""7""},{""type"":""LTE"",""pci"":466,""earfcn"":2600,""tac"":null,""rsrp"":-99,""rsrq"":-7,""rssi"":-81,""snr"":null,""ta"":0,""level"":2,""bands"":""5""},{""type"":""LTE"",""pci"":486,""earfcn"":100,""tac"":null,""rsrp"":-101,""rsrq"":-19,""rssi"":-73,""snr"":null,""ta"":0,""level"":2,""bands"":""1""},{""type"":""LTE"",""pci"":488,""earfcn"":2600,""tac"":null,""rsrp"":-104,""rsrq"":-12,""rssi"":-81,""snr"":null,""ta"":0,""level"":2,""bands"":""5""},{""type"":""LTE"",""pci"":486,""earfcn"":3050,""tac"":null,""rsrp"":-107,""rsrq"":-18,""rssi"":-77,""snr"":null,""ta"":0,""level"":1,""bands"":""7""},{""type"":""LTE"",""pci"":486,""earfcn"":2600,""tac"":null,""rsrp"":-109,""rsrq"":-17,""rssi"":-81,""snr"":null,""ta"":0,""level"":1,""bands"":""5""}]"
1789876015581,2026-09-20 12:46:55,unknown,37.561384,127.0381888,100.0,,,33.51379187167326,fused,4,LTE,NONE,4G,false,false,false,false,false,51224592,488,100,1,8283,450,06,-82,-12,-51,,4,0,,,,50,78,0.0004,0.0006,30,58,0.0002,0.0005,false,8,0,8,-83,488,2600,2.0196622E-10,false,false,periodic,5,2,0,,10022,,,,"[{""type"":""LTE"",""pci"":488,""earfcn"":2600,""tac"":null,""rsrp"":-83,""rsrq"":-12,""rssi"":-57,""snr"":null,""ta"":0,""level"":4,""bands"":""5""},{""type"":""LTE"",""pci"":466,""earfcn"":100,""tac"":null,""rsrp"":-95,""rsrq"":-18,""rssi"":-67,""snr"":null,""ta"":0,""level"":3,""bands"":""1""},{""type"":""LTE"",""pci"":466,""earfcn"":2600,""tac"":null,""rsrp"":-101,""rsrq"":-16,""rssi"":-75,""snr"":null,""ta"":0,""level"":2,""bands"":""5""},{""type"":""LTE"",""pci"":486,""earfcn"":2600,""tac"":null,""rsrp"":-103,""rsrq"":-18,""rssi"":-75,""snr"":null,""ta"":0,""level"":2,""bands"":""5""},{""type"":""LTE"",""pci"":488,""earfcn"":3050,""tac"":null,""rsrp"":-104,""rsrq"":-14,""rssi"":-81,""snr"":null,""ta"":0,""level"":2,""bands"":""7""},{""type"":""LTE"",""pci"":466,""earfcn"":3050,""tac"":null,""rsrp"":-109,""rsrq"":-13,""rssi"":-81,""snr"":null,""ta"":0,""level"":1,""bands"":""7""},{""type"":""LTE"",""pci"":486,""earfcn"":3050,""tac"":null,""rsrp"":-110,""rsrq"":-15,""rssi"":-85,""snr"":null,""ta"":0,""level"":1,""bands"":""7""},{""type"":""LTE"",""pci"":20,""earfcn"":3050,""tac"":null,""rsrp"":-111,""rsrq"":-20,""rssi"":-77,""snr"":null,""ta"":0,""level"":1,""bands"":""7""}]",1014.05365,44,,22,3,,,,"[{""b"":""40:27:0b:02:a2:b8"",""s"":""U+zone"",""r"":-57,""f"":5785},{""b"":""22:17:b2:0b:47:8a"",""s"":""T wifi zone_secure"",""r"":-59,""f"":5280},{""b"":""22:17:b2:0b:47:88"",""s"":""T wifi zone"",""r"":-59,""f"":5280},{""b"":""02:17:b2:0b:47:88"",""s"":""T wifi zone"",""r"":-60,""f"":2472},{""b"":""02:17:b2:0b:47:8a"",""s"":""T wifi zone_secure"",""r"":-61,""f"":2472},{""b"":""40:27:0b:02:a2:b7"",""s"":""U+zone_2.4GHz"",""r"":-64,""f"":2432},{""b"":""30:78:c2:00:0a:b5"",""s"":""KT WiFi"",""r"":-65,""f"":2412},{""b"":""36:78:c2:00:0a:b4"",""s"":""KT WiFi "",""r"":-67,""f"":5240},{""b"":""30:78:c2:00:0a:b4"",""s"":""KT WiFi"",""r"":-67,""f"":5240},{""b"":""02:17:b2:0b:7d:b6"",""s"":""T wifi zone"",""r"":-74,""f"":2452},{""b"":""40:27:0b:02:a2:c7"",""s"":""U+zone"",""r"":-75,""f"":5620},{""b"":""02:17:b2:0b:7d:b8"",""s"":""T wifi zone_secure"",""r"":-77,""f"":2452},{""b"":""30:89:d3:3c:ba:ef"",""s"":""GlobalWiFi_A3SIHR"",""r"":-77,""f"":2437},{""b"":""22:17:b2:0b:7d:b8"",""s"":""T wifi zone_secure"",""r"":-84,""f"":5200},{""b"":""22:17:b2:0b:7d:b6"",""s"":""T wifi zone"",""r"":-85,""f"":5200}]",""
1789876020603,2026-09-20 12:47:00,unknown,37.5612349,127.0380068,118.89,,,32.099998474121094,fused,4,LTE,NONE,4G,false,false,false,false,false,51224591,466,100,1,8283,450,06,-100,-14,-65,,2,1,,,,253103,2143,2.0248,0.0171,253366,2137,2.0269,0.0171,false,6,0,6,-99,488,2600,1.8180684E-4,true,true,periodic,0,2,,,5003,51224592,-82,-12,"[{""type"":""LTE"",""pci"":488,""earfcn"":2600,""tac"":null,""rsrp"":-99,""rsrq"":-12,""rssi"":-77,""snr"":null,""ta"":1,""level"":2,""bands"":""5""},{""type"":""LTE"",""pci"":488,""earfcn"":100,""tac"":null,""rsrp"":-101,""rsrq"":-16,""rssi"":-73,""snr"":null,""ta"":1,""level"":2,""bands"":""1""},{""type"":""LTE"",""pci"":486,""earfcn"":100,""tac"":null,""rsrp"":-104,""rsrq"":-17,""rssi"":-73,""snr"":null,""ta"":1,""level"":2,""bands"":""1""},{""type"":""LTE"",""pci"":466,""earfcn"":3050,""tac"":null,""rsrp"":-104,""rsrq"":-13,""rssi"":-81,""snr"":null,""ta"":1,""level"":2,""bands"":""7""},{""type"":""LTE"",""pci"":488,""earfcn"":3050,""tac"":null,""rsrp"":-105,""rsrq"":-13,""rssi"":-81,""snr"":null,""ta"":1,""level"":2,""bands"":""7""},{""type"":""LTE"",""pci"":486,""earfcn"":3050,""tac"":null,""rsrp"":-109,""rsrq"":-17,""rssi"":-77,""snr"":null,""ta"":1,""level"":1,""bands"":""7""}]",1014.07336,44,,21,3,,,,"[{""b"":""40:27:0b:02:a2:b8"",""s"":""U+zone"",""r"":-54,""f"":5785},{""b"":""40:27:0b:02:a2:b7"",""s"":""U+zone_2.4GHz"",""r"":-57,""f"":2432},{""b"":""02:17:b2:0b:47:88"",""s"":""T wifi zone"",""r"":-60,""f"":2472},{""b"":""22:17:b2:0b:47:8a"",""s"":""T wifi zone_secure"",""r"":-61,""f"":5280},{""b"":""02:17:b2:0b:47:8a"",""s"":""T wifi zone_secure"",""r"":-61,""f"":2472},{""b"":""22:17:b2:0b:47:88"",""s"":""T wifi zone"",""r"":-61,""f"":5280},{""b"":""36:78:c2:00:0a:b4"",""s"":""KT WiFi "",""r"":-65,""f"":5240},{""b"":""30:78:c2:00:0a:b4"",""s"":""KT WiFi"",""r"":-66,""f"":5240},{""b"":""36:78:c2:00:0a:b5"",""s"":""KT WiFi "",""r"":-69,""f"":2412},{""b"":""40:27:0b:02:a2:c6"",""s"":""U+zone_2.4GHz"",""r"":-75,""f"":2432},{""b"":""30:89:d3:3c:ba:ef"",""s"":""GlobalWiFi_A3SIHR"",""r"":-76,""f"":2437},{""b"":""40:27:0b:02:a2:c7"",""s"":""U+zone"",""r"":-78,""f"":5620},{""b"":""22:17:b2:0b:7d:b6"",""s"":""T wifi zone"",""r"":-81,""f"":5200},{""b"":""22:17:b2:0b:7d:b8"",""s"":""T wifi zone_secure"",""r"":-81,""f"":5200},{""b"":""40:27:0b:02:a0:97"",""s"":""U+zone"",""r"":-81,""f"":5180}]","[{""type"":""LTE"",""pci"":488,""earfcn"":2600,""tac"":null,""rsrp"":-83,""rsrq"":-12,""rssi"":-57,""snr"":null,""ta"":0,""level"":4,""bands"":""5""},{""type"":""LTE"",""pci"":466,""earfcn"":100,""tac"":null,""rsrp"":-95,""rsrq"":-18,""rssi"":-67,""snr"":null,""ta"":0,""level"":3,""bands"":""1""},{""type"":""LTE"",""pci"":466,""earfcn"":2600,""tac"":null,""rsrp"":-101,""rsrq"":-16,""rssi"":-75,""snr"":null,""ta"":0,""level"":2,""bands"":""5""},{""type"":""LTE"",""pci"":486,""earfcn"":2600,""tac"":null,""rsrp"":-103,""rsrq"":-18,""rssi"":-75,""snr"":null,""ta"":0,""level"":2,""bands"":""5""},{""type"":""LTE"",""pci"":488,""earfcn"":3050,""tac"":null,""rsrp"":-104,""rsrq"":-14,""rssi"":-81,""snr"":null,""ta"":0,""level"":2,""bands"":""7""},{""type"":""LTE"",""pci"":466,""earfcn"":3050,""tac"":null,""rsrp"":-109,""rsrq"":-13,""rssi"":-81,""snr"":null,""ta"":0,""level"":1,""bands"":""7""},{""type"":""LTE"",""pci"":486,""earfcn"":3050,""tac"":null,""rsrp"":-110,""rsrq"":-15,""rssi"":-85,""snr"":null,""ta"":0,""level"":1,""bands"":""7""},{""type"":""LTE"",""pci"":20,""earfcn"":3050,""tac"":null,""rsrp"":-111,""rsrq"":-20,""rssi"":-77,""snr"":null,""ta"":0,""level"":1,""bands"":""7""}]"
1789876025626,2026-09-20 12:47:05,unknown,37.5612034,127.0380155,110.014,,,32.099998474121094,fused,3,LTE,NONE,4G,false,false,false,false,false,51224591,466,100,1,8283,450,06,-100,-14,-65,,2,1,,,,177230,1781,1.4178,0.0142,176927,1747,1.4154,0.0140,false,6,0,6,-99,488,2600,8.426774E-8,false,false,periodic,5,2,0,,10026,,,,"[{""type"":""LTE"",""pci"":488,""earfcn"":2600,""tac"":null,""rsrp"":-99,""rsrq"":-12,""rssi"":-77,""snr"":null,""ta"":1,""level"":2,""bands"":""5""},{""type"":""LTE"",""pci"":488,""earfcn"":100,""tac"":null,""rsrp"":-101,""rsrq"":-16,""rssi"":-73,""snr"":null,""ta"":1,""level"":2,""bands"":""1""},{""type"":""LTE"",""pci"":486,""earfcn"":100,""tac"":null,""rsrp"":-104,""rsrq"":-17,""rssi"":-73,""snr"":null,""ta"":1,""level"":2,""bands"":""1""},{""type"":""LTE"",""pci"":466,""earfcn"":3050,""tac"":null,""rsrp"":-104,""rsrq"":-13,""rssi"":-81,""snr"":null,""ta"":1,""level"":2,""bands"":""7""},{""type"":""LTE"",""pci"":488,""earfcn"":3050,""tac"":null,""rsrp"":-105,""rsrq"":-13,""rssi"":-81,""snr"":null,""ta"":1,""level"":2,""bands"":""7""},{""type"":""LTE"",""pci"":486,""earfcn"":3050,""tac"":null,""rsrp"":-109,""rsrq"":-17,""rssi"":-77,""snr"":null,""ta"":1,""level"":1,""bands"":""7""}]",1014.06274,329,25.774,24,1,,,,"[{""b"":""40:27:0b:02:a2:b8"",""s"":""U+zone"",""r"":-51,""f"":5785},{""b"":""40:27:0b:02:a2:b7"",""s"":""U+zone_2.4GHz"",""r"":-57,""f"":2432},{""b"":""22:17:b2:0b:47:8a"",""s"":""T wifi zone_secure"",""r"":-59,""f"":5280},{""b"":""22:17:b2:0b:47:88"",""s"":""T wifi zone"",""r"":-59,""f"":5280},{""b"":""02:17:b2:0b:47:88"",""s"":""T wifi zone"",""r"":-65,""f"":2472},{""b"":""36:78:c2:00:0a:b5"",""s"":""KT WiFi "",""r"":-66,""f"":2412},{""b"":""30:78:c2:00:0a:b5"",""s"":""KT WiFi"",""r"":-66,""f"":2412},{""b"":""30:78:c2:00:0a:b4"",""s"":""KT WiFi"",""r"":-68,""f"":5240},{""b"":""36:78:c2:00:0a:b4"",""s"":""KT WiFi "",""r"":-69,""f"":5240},{""b"":""02:17:b2:0b:7d:b8"",""s"":""T wifi zone_secure"",""r"":-74,""f"":2452},{""b"":""40:27:0b:02:a2:c7"",""s"":""U+zone"",""r"":-77,""f"":5620},{""b"":""02:17:b2:0b:7d:b6"",""s"":""T wifi zone"",""r"":-77,""f"":2452},{""b"":""22:17:b2:0b:7d:b6"",""s"":""T wifi zone"",""r"":-79,""f"":5200},{""b"":""22:17:b2:0b:7d:b8"",""s"":""T wifi zone_secure"",""r"":-79,""f"":5200},{""b"":""02:06:ac:80:2b:63"",""s"":""U+zone"",""r"":-80,""f"":5785}]",""
1789876030648,2026-09-20 12:47:10,unknown,37.5612103,127.0380117,107.292,,,32.099998474121094,fused,5,LTE,NONE,4G,false,false,false,false,false,51224591,466,100,1,8283,450,06,-98,-11,-65,,2,1,,,,3904,208,0.0312,0.0017,3864,168,0.0309,0.0013,false,7,0,7,-93,488,2600,0.0026470753,false,false,periodic,10,2,2,,5003,,,,"[{""type"":""LTE"",""pci"":488,""earfcn"":2600,""tac"":null,""rsrp"":-93,""rsrq"":-14,""rssi"":-67,""snr"":null,""ta"":1,""level"":3,""bands"":""5""},{""type"":""LTE"",""pci"":466,""earfcn"":2600,""tac"":null,""rsrp"":-98,""rsrq"":-19,""rssi"":-67,""snr"":null,""ta"":1,""level"":2,""bands"":""5""},{""type"":""LTE"",""pci"":488,""earfcn"":100,""tac"":null,""rsrp"":-101,""rsrq"":-14,""rssi"":-77,""snr"":null,""ta"":1,""level"":2,""bands"":""1""},{""type"":""LTE"",""pci"":469,""earfcn"":2600,""tac"":null,""rsrp"":-102,""rsrq"":-20,""rssi"":-73,""snr"":null,""ta"":1,""level"":2,""bands"":""5""},{""type"":""LTE"",""pci"":466,""earfcn"":3050,""tac"":null,""rsrp"":-102,""rsrq"":-9,""rssi"":-85,""snr"":null,""ta"":1,""level"":2,""bands"":""7""},{""type"":""LTE"",""pci"":488,""earfcn"":3050,""tac"":null,""rsrp"":-108,""rsrq"":-8,""rssi"":-85,""snr"":null,""ta"":1,""level"":1,""bands"":""7""},{""type"":""LTE"",""pci"":486,""earfcn"":3050,""tac"":null,""rsrp"":-111,""rsrq"":-16,""rssi"":-85,""snr"":null,""ta"":1,""level"":1,""bands"":""7""}]",1013.9495,41,,28,4,,,,"[{""b"":""40:27:0b:02:a2:b8"",""s"":""U+zone"",""r"":-49,""f"":5785},{""b"":""22:17:b2:0b:47:8a"",""s"":""T wifi zone_secure"",""r"":-57,""f"":5280},{""b"":""22:17:b2:0b:47:88"",""s"":""T wifi zone"",""r"":-58,""f"":5280},{""b"":""02:17:b2:0b:47:8a"",""s"":""T wifi zone_secure"",""r"":-63,""f"":2472},{""b"":""02:17:b2:0b:47:88"",""s"":""T wifi zone"",""r"":-64,""f"":2472},{""b"":""36:78:c2:00:0a:b5"",""s"":""KT WiFi "",""r"":-65,""f"":2412},{""b"":""36:78:c2:00:0a:b4"",""s"":""KT WiFi "",""r"":-65,""f"":5240},{""b"":""30:78:c2:00:0a:b4"",""s"":""KT WiFi"",""r"":-65,""f"":5240},{""b"":""30:78:c2:00:0a:b5"",""s"":""KT WiFi"",""r"":-65,""f"":2412},{""b"":""30:89:d3:3c:ba:ef"",""s"":""GlobalWiFi_A3SIHR"",""r"":-68,""f"":2437},{""b"":""40:27:0b:02:a2:c6"",""s"":""U+zone_2.4GHz"",""r"":-70,""f"":2432},{""b"":""02:17:b2:0b:7d:b6"",""s"":""T wifi zone"",""r"":-73,""f"":2452},{""b"":""02:17:b2:0b:7d:b8"",""s"":""T wifi zone_secure"",""r"":-73,""f"":2452},{""b"":""40:27:0b:02:a2:c7"",""s"":""U+zone"",""r"":-76,""f"":5620},{""b"":""44:e6:4a:0c:85:cd"",""s"":"" Uro_6691249"",""r"":-78,""f"":2462}]",""
1789876035672,2026-09-20 12:47:15,unknown,37.5612103,127.0380117,107.292,,,32.099998474121094,fused,10,LTE,NONE,4G,false,false,false,false,false,51224591,466,100,1,8283,450,06,-98,-11,-65,,2,1,,,,50,78,0.0004,0.0006,30,58,0.0002,0.0005,false,7,0,7,-93,488,2600,1.2269452E-6,false,false,periodic,15,2,0,,10028,,,,"[{""type"":""LTE"",""pci"":488,""earfcn"":2600,""tac"":null,""rsrp"":-93,""rsrq"":-14,""rssi"":-67,""snr"":null,""ta"":1,""level"":3,""bands"":""5""},{""type"":""LTE"",""pci"":466,""earfcn"":2600,""tac"":null,""rsrp"":-98,""rsrq"":-19,""rssi"":-67,""snr"":null,""ta"":1,""level"":2,""bands"":""5""},{""type"":""LTE"",""pci"":488,""earfcn"":100,""tac"":null,""rsrp"":-101,""rsrq"":-14,""rssi"":-77,""snr"":null,""ta"":1,""level"":2,""bands"":""1""},{""type"":""LTE"",""pci"":469,""earfcn"":2600,""tac"":null,""rsrp"":-102,""rsrq"":-20,""rssi"":-73,""snr"":null,""ta"":1,""level"":2,""bands"":""5""},{""type"":""LTE"",""pci"":466,""earfcn"":3050,""tac"":null,""rsrp"":-102,""rsrq"":-9,""rssi"":-85,""snr"":null,""ta"":1,""level"":2,""bands"":""7""},{""type"":""LTE"",""pci"":488,""earfcn"":3050,""tac"":null,""rsrp"":-108,""rsrq"":-8,""rssi"":-85,""snr"":null,""ta"":1,""level"":1,""bands"":""7""},{""type"":""LTE"",""pci"":486,""earfcn"":3050,""tac"":null,""rsrp"":-111,""rsrq"":-16,""rssi"":-85,""snr"":null,""ta"":1,""level"":1,""bands"":""7""}]",1014.1201,39,,28,9,,,,"[{""b"":""40:27:0b:02:a2:b8"",""s"":""U+zone"",""r"":-49,""f"":5785},{""b"":""22:17:b2:0b:47:8a"",""s"":""T wifi zone_secure"",""r"":-57,""f"":5280},{""b"":""22:17:b2:0b:47:88"",""s"":""T wifi zone"",""r"":-58,""f"":5280},{""b"":""02:17:b2:0b:47:8a"",""s"":""T wifi zone_secure"",""r"":-63,""f"":2472},{""b"":""02:17:b2:0b:47:88"",""s"":""T wifi zone"",""r"":-64,""f"":2472},{""b"":""36:78:c2:00:0a:b5"",""s"":""KT WiFi "",""r"":-65,""f"":2412},{""b"":""36:78:c2:00:0a:b4"",""s"":""KT WiFi "",""r"":-65,""f"":5240},{""b"":""30:78:c2:00:0a:b4"",""s"":""KT WiFi"",""r"":-65,""f"":5240},{""b"":""30:78:c2:00:0a:b5"",""s"":""KT WiFi"",""r"":-65,""f"":2412},{""b"":""30:89:d3:3c:ba:ef"",""s"":""GlobalWiFi_A3SIHR"",""r"":-68,""f"":2437},{""b"":""40:27:0b:02:a2:c6"",""s"":""U+zone_2.4GHz"",""r"":-70,""f"":2432},{""b"":""02:17:b2:0b:7d:b6"",""s"":""T wifi zone"",""r"":-73,""f"":2452},{""b"":""02:17:b2:0b:7d:b8"",""s"":""T wifi zone_secure"",""r"":-73,""f"":2452},{""b"":""40:27:0b:02:a2:c7"",""s"":""U+zone"",""r"":-76,""f"":5620},{""b"":""44:e6:4a:0c:85:cd"",""s"":"" Uro_6691249"",""r"":-78,""f"":2462}]",""
1789876040697,2026-09-20 12:47:20,unknown,37.5612132,127.0380094,149.6,,,32.099998474121094,fused,6,LTE,NONE,4G,false,false,false,false,false,51224591,466,100,1,8283,450,06,-97,-13,-65,,2,2,,,,3872,188,0.0310,0.0015,3852,168,0.0308,0.0013,false,6,0,6,-95,488,100,0.6964942,false,false,periodic,20,1,1,,5002,,,,"[{""type"":""LTE"",""pci"":488,""earfcn"":100,""tac"":null,""rsrp"":-95,""rsrq"":-13,""rssi"":-71,""snr"":null,""ta"":2,""level"":3,""bands"":""1""},{""type"":""LTE"",""pci"":488,""earfcn"":2600,""tac"":null,""rsrp"":-99,""rsrq"":-12,""rssi"":-77,""snr"":null,""ta"":2,""level"":2,""bands"":""5""},{""type"":""LTE"",""pci"":488,""earfcn"":3050,""tac"":null,""rsrp"":-102,""rsrq"":-13,""rssi"":-79,""snr"":null,""ta"":2,""level"":2,""bands"":""7""},{""type"":""LTE"",""pci"":486,""earfcn"":100,""tac"":null,""rsrp"":-104,""rsrq"":-18,""rssi"":-75,""snr"":null,""ta"":2,""level"":2,""bands"":""1""},{""type"":""LTE"",""pci"":466,""earfcn"":3050,""tac"":null,""rsrp"":-104,""rsrq"":-16,""rssi"":-79,""snr"":null,""ta"":2,""level"":2,""bands"":""7""},{""type"":""LTE"",""pci"":486,""earfcn"":3050,""tac"":null,""rsrp"":-106,""rsrq"":-19,""rssi"":-77,""snr"":null,""ta"":2,""level"":1,""bands"":""7""}]",1013.77124,47,,21,4,,,,"[{""b"":""40:27:0b:02:a2:b8"",""s"":""U+zone"",""r"":-55,""f"":5785},{""b"":""22:17:b2:0b:47:8a"",""s"":""T wifi zone_secure"",""r"":-58,""f"":5280},{""b"":""22:17:b2:0b:47:88"",""s"":""T wifi zone"",""r"":-58,""f"":5280},{""b"":""40:27:0b:02:a2:b7"",""s"":""U+zone_2.4GHz"",""r"":-59,""f"":2432},{""b"":""02:17:b2:0b:47:88"",""s"":""T wifi zone"",""r"":-60,""f"":2472},{""b"":""02:17:b2:0b:47:8a"",""s"":""T wifi zone_secure"",""r"":-61,""f"":2472},{""b"":""36:78:c2:00:0a:b4"",""s"":""KT WiFi "",""r"":-66,""f"":5240},{""b"":""30:78:c2:00:0a:b4"",""s"":""KT WiFi"",""r"":-66,""f"":5240},{""b"":""36:78:c2:00:0a:b5"",""s"":""KT WiFi "",""r"":-68,""f"":2412},{""b"":""30:78:c2:00:0a:b5"",""s"":""KT WiFi"",""r"":-69,""f"":2412},{""b"":""40:27:0b:02:a2:c7"",""s"":""U+zone"",""r"":-75,""f"":5620},{""b"":""22:17:b2:0b:7d:b6"",""s"":""T wifi zone"",""r"":-77,""f"":5200},{""b"":""22:17:b2:0b:7d:b8"",""s"":""T wifi zone_secure"",""r"":-77,""f"":5200},{""b"":""40:27:0b:02:a0:97"",""s"":""U+zone"",""r"":-79,""f"":5180},{""b"":""36:78:c2:00:07:d5"",""s"":""KT WiFi "",""r"":-83,""f"":5640}]",""
1789876045748,2026-09-20 12:47:25,unknown,37.5612189,127.0380161,108.65,,,33.78672258534951,fused,4,LTE,NONE,4G,false,false,false,false,false,51224591,466,100,1,8283,450,06,-97,-13,-65,,2,2,,,,4007,515,0.0321,0.0041,3987,495,0.0319,0.0040,false,6,0,6,-95,488,100,0.4476233,false,false,periodic,25,1,0,,10054,,,,"[{""type"":""LTE"",""pci"":488,""earfcn"":100,""tac"":null,""rsrp"":-95,""rsrq"":-13,""rssi"":-71,""snr"":null,""ta"":2,""level"":3,""bands"":""1""},{""type"":""LTE"",""pci"":488,""earfcn"":2600,""tac"":null,""rsrp"":-99,""rsrq"":-12,""rssi"":-77,""snr"":null,""ta"":2,""level"":2,""bands"":""5""},{""type"":""LTE"",""pci"":488,""earfcn"":3050,""tac"":null,""rsrp"":-102,""rsrq"":-13,""rssi"":-79,""snr"":null,""ta"":2,""level"":2,""bands"":""7""},{""type"":""LTE"",""pci"":486,""earfcn"":100,""tac"":null,""rsrp"":-104,""rsrq"":-18,""rssi"":-75,""snr"":null,""ta"":2,""level"":2,""bands"":""1""},{""type"":""LTE"",""pci"":466,""earfcn"":3050,""tac"":null,""rsrp"":-104,""rsrq"":-16,""rssi"":-79,""snr"":null,""ta"":2,""level"":2,""bands"":""7""},{""type"":""LTE"",""pci"":486,""earfcn"":3050,""tac"":null,""rsrp"":-106,""rsrq"":-19,""rssi"":-77,""snr"":null,""ta"":2,""level"":1,""bands"":""7""}]",1014.1905,35,,26,2,,,,"[{""b"":""40:27:0b:02:a2:b7"",""s"":""U+zone_2.4GHz"",""r"":-45,""f"":2432},{""b"":""40:27:0b:02:a2:b8"",""s"":""U+zone"",""r"":-46,""f"":5785},{""b"":""36:78:c2:00:0a:b4"",""s"":""KT WiFi "",""r"":-50,""f"":5240},{""b"":""30:78:c2:00:0a:b4"",""s"":""KT WiFi"",""r"":-50,""f"":5240},{""b"":""02:17:b2:0b:47:88"",""s"":""T wifi zone"",""r"":-52,""f"":2472},{""b"":""22:17:b2:0b:47:88"",""s"":""T wifi zone"",""r"":-52,""f"":5280},{""b"":""02:17:b2:0b:47:8a"",""s"":""T wifi zone_secure"",""r"":-53,""f"":2472},{""b"":""22:17:b2:0b:47:8a"",""s"":""T wifi zone_secure"",""r"":-55,""f"":5280},{""b"":""36:78:c2:00:0a:b5"",""s"":""KT WiFi "",""r"":-60,""f"":2412},{""b"":""30:78:c2:00:0a:b5"",""s"":""KT WiFi"",""r"":-60,""f"":2412},{""b"":""40:27:0b:02:a2:c7"",""s"":""U+zone"",""r"":-67,""f"":5620},{""b"":""02:17:b2:0b:7d:b6"",""s"":""T wifi zone"",""r"":-70,""f"":2452},{""b"":""22:17:b2:0b:9d:55"",""s"":""T wifi zone"",""r"":-75,""f"":5765},{""b"":""22:17:b2:0b:9d:57"",""s"":""T wifi zone_secure"",""r"":-75,""f"":5765},{""b"":""22:17:b2:0b:7d:b6"",""s"":""T wifi zone"",""r"":-77,""f"":5200}]",""
1789876050773,2026-09-20 12:47:30,unknown,37.5612189,127.0380161,378.65,,,32.0,fused,2,LTE,NONE,4G,false,false,false,false,false,51224592,488,100,1,8283,450,06,-98,-13,-65,,2,0,,,,70,98,0.0006,0.0008,30,58,0.0002,0.0005,false,8,0,8,-95,488,2600,0.0012268076,true,false,periodic,0,1,,,5000,51224591,-97,-13,"[{""type"":""LTE"",""pci"":488,""earfcn"":2600,""tac"":null,""rsrp"":-95,""rsrq"":-9,""rssi"":-77,""snr"":null,""ta"":0,""level"":3,""bands"":""5""},{""type"":""LTE"",""pci"":488,""earfcn"":3050,""tac"":null,""rsrp"":-96,""rsrq"":-9,""rssi"":-79,""snr"":null,""ta"":0,""level"":2,""bands"":""7""},{""type"":""LTE"",""pci"":466,""earfcn"":100,""tac"":null,""rsrp"":-99,""rsrq"":-14,""rssi"":-73,""snr"":null,""ta"":0,""level"":2,""bands"":""1""},{""type"":""LTE"",""pci"":466,""earfcn"":3050,""tac"":null,""rsrp"":-100,""rsrq"":-10,""rssi"":-79,""snr"":null,""ta"":0,""level"":2,""bands"":""7""},{""type"":""LTE"",""pci"":486,""earfcn"":100,""tac"":null,""rsrp"":-103,""rsrq"":-19,""rssi"":-73,""snr"":null,""ta"":0,""level"":2,""bands"":""1""},{""type"":""LTE"",""pci"":466,""earfcn"":2600,""tac"":null,""rsrp"":-109,""rsrq"":-20,""rssi"":-77,""snr"":null,""ta"":0,""level"":1,""bands"":""5""},{""type"":""LTE"",""pci"":486,""earfcn"":3050,""tac"":null,""rsrp"":-110,""rsrq"":-20,""rssi"":-79,""snr"":null,""ta"":0,""level"":1,""bands"":""7""},{""type"":""LTE"",""pci"":486,""earfcn"":2600,""tac"":null,""rsrp"":-114,""rsrq"":-20,""rssi"":-77,""snr"":null,""ta"":0,""level"":1,""bands"":""5""}]",1013.97906,62,,27,2,,,,"[{""b"":""40:27:0b:02:a2:b8"",""s"":""U+zone"",""r"":-46,""f"":5785},{""b"":""40:27:0b:02:a2:b7"",""s"":""U+zone_2.4GHz"",""r"":-56,""f"":2432},{""b"":""02:17:b2:0b:47:88"",""s"":""T wifi zone"",""r"":-57,""f"":2472},{""b"":""02:17:b2:0b:47:8a"",""s"":""T wifi zone_secure"",""r"":-58,""f"":2472},{""b"":""22:17:b2:0b:47:8a"",""s"":""T wifi zone_secure"",""r"":-58,""f"":5280},{""b"":""22:17:b2:0b:47:88"",""s"":""T wifi zone"",""r"":-58,""f"":5280},{""b"":""36:78:c2:00:0a:b4"",""s"":""KT WiFi "",""r"":-59,""f"":5240},{""b"":""30:78:c2:00:0a:b4"",""s"":""KT WiFi"",""r"":-59,""f"":5240},{""b"":""36:78:c2:00:0a:b5"",""s"":""KT WiFi "",""r"":-64,""f"":2412},{""b"":""30:78:c2:00:0a:b5"",""s"":""KT WiFi"",""r"":-64,""f"":2412},{""b"":""30:89:d3:3c:ba:ef"",""s"":""GlobalWiFi_A3SIHR"",""r"":-73,""f"":2437},{""b"":""40:27:0b:02:a2:c7"",""s"":""U+zone"",""r"":-73,""f"":5620},{""b"":""22:17:b2:0b:9d:55"",""s"":""T wifi zone"",""r"":-75,""f"":5765},{""b"":""22:17:b2:0b:9d:57"",""s"":""T wifi zone_secure"",""r"":-77,""f"":5765},{""b"":""22:17:b2:0b:7d:b8"",""s"":""T wifi zone_secure"",""r"":-78,""f"":5200}]","[{""type"":""LTE"",""pci"":488,""earfcn"":100,""tac"":null,""rsrp"":-95,""rsrq"":-13,""rssi"":-71,""snr"":null,""ta"":2,""level"":3,""bands"":""1""},{""type"":""LTE"",""pci"":488,""earfcn"":2600,""tac"":null,""rsrp"":-99,""rsrq"":-12,""rssi"":-77,""snr"":null,""ta"":2,""level"":2,""bands"":""5""},{""type"":""LTE"",""pci"":488,""earfcn"":3050,""tac"":null,""rsrp"":-102,""rsrq"":-13,""rssi"":-79,""snr"":null,""ta"":2,""level"":2,""bands"":""7""},{""type"":""LTE"",""pci"":486,""earfcn"":100,""tac"":null,""rsrp"":-104,""rsrq"":-18,""rssi"":-75,""snr"":null,""ta"":2,""level"":2,""bands"":""1""},{""type"":""LTE"",""pci"":466,""earfcn"":3050,""tac"":null,""rsrp"":-104,""rsrq"":-16,""rssi"":-79,""snr"":null,""ta"":2,""level"":2,""bands"":""7""},{""type"":""LTE"",""pci"":486,""earfcn"":3050,""tac"":null,""rsrp"":-106,""rsrq"":-19,""rssi"":-77,""snr"":null,""ta"":2,""level"":1,""bands"":""7""}]"
1789876055791,2026-09-20 12:47:35,unknown,37.5612189,127.0380161,378.65,,,32.0,fused,7,LTE,NONE,4G,false,false,false,false,false,51224592,488,100,1,8283,450,06,-98,-13,-65,,2,0,,,,420792,2102,3.3663,0.0168,420772,2082,3.3662,0.0167,false,8,0,8,-95,488,2600,5.8744837E-7,false,false,periodic,5,1,0,,10016,,,,"[{""type"":""LTE"",""pci"":488,""earfcn"":2600,""tac"":null,""rsrp"":-95,""rsrq"":-9,""rssi"":-77,""snr"":null,""ta"":0,""level"":3,""bands"":""5""},{""type"":""LTE"",""pci"":488,""earfcn"":3050,""tac"":null,""rsrp"":-96,""rsrq"":-9,""rssi"":-79,""snr"":null,""ta"":0,""level"":2,""bands"":""7""},{""type"":""LTE"",""pci"":466,""earfcn"":100,""tac"":null,""rsrp"":-99,""rsrq"":-14,""rssi"":-73,""snr"":null,""ta"":0,""level"":2,""bands"":""1""},{""type"":""LTE"",""pci"":466,""earfcn"":3050,""tac"":null,""rsrp"":-100,""rsrq"":-10,""rssi"":-79,""snr"":null,""ta"":0,""level"":2,""bands"":""7""},{""type"":""LTE"",""pci"":486,""earfcn"":100,""tac"":null,""rsrp"":-103,""rsrq"":-19,""rssi"":-73,""snr"":null,""ta"":0,""level"":2,""bands"":""1""},{""type"":""LTE"",""pci"":466,""earfcn"":2600,""tac"":null,""rsrp"":-109,""rsrq"":-20,""rssi"":-77,""snr"":null,""ta"":0,""level"":1,""bands"":""5""},{""type"":""LTE"",""pci"":486,""earfcn"":3050,""tac"":null,""rsrp"":-110,""rsrq"":-20,""rssi"":-79,""snr"":null,""ta"":0,""level"":1,""bands"":""7""},{""type"":""LTE"",""pci"":486,""earfcn"":2600,""tac"":null,""rsrp"":-114,""rsrq"":-20,""rssi"":-77,""snr"":null,""ta"":0,""level"":1,""bands"":""5""}]",1013.7723,285,27.866,31,0,,,,"[{""b"":""40:27:0b:02:a2:b8"",""s"":""U+zone"",""r"":-45,""f"":5785},{""b"":""22:17:b2:0b:47:88"",""s"":""T wifi zone"",""r"":-57,""f"":5280},{""b"":""22:17:b2:0b:47:8a"",""s"":""T wifi zone_secure"",""r"":-58,""f"":5280},{""b"":""30:78:c2:00:0a:b4"",""s"":""KT WiFi"",""r"":-60,""f"":5240},{""b"":""36:78:c2:00:0a:b4"",""s"":""KT WiFi "",""r"":-61,""f"":5240},{""b"":""02:17:b2:0b:47:8a"",""s"":""T wifi zone_secure"",""r"":-62,""f"":2472},{""b"":""02:17:b2:0b:47:88"",""s"":""T wifi zone"",""r"":-63,""f"":2472},{""b"":""36:78:c2:00:0a:b5"",""s"":""KT WiFi "",""r"":-65,""f"":2412},{""b"":""30:78:c2:00:0a:b5"",""s"":""KT WiFi"",""r"":-65,""f"":2412},{""b"":""36:78:c2:00:0a:bd"",""s"":""KT WiFi "",""r"":-68,""f"":5640},{""b"":""30:78:c2:00:0a:bd"",""s"":""KT WiFi"",""r"":-70,""f"":5640},{""b"":""02:06:ac:80:2b:63"",""s"":""U+zone"",""r"":-73,""f"":5785},{""b"":""40:27:0b:02:a2:c7"",""s"":""U+zone"",""r"":-74,""f"":5620},{""b"":""12:06:ac:80:2b:63"",""s"":""FREE_U+zone"",""r"":-74,""f"":5785},{""b"":""02:17:b2:0b:49:2c"",""s"":""T wifi zone"",""r"":-77,""f"":2472}]",""
1789876060809,2026-09-20 12:47:40,unknown,37.561202,127.038005,58.332,,,33.78620506862189,fused,7,LTE,NONE,4G,false,false,false,false,false,51224592,488,100,1,8283,450,06,-97,-11,-65,,2,0,,,,50,78,0.0004,0.0006,30,58,0.0002,0.0005,false,4,0,4,-85,488,2600,0.0018833819,false,false,periodic,10,1,1,,5002,,,,"[{""type"":""LTE"",""pci"":488,""earfcn"":2600,""tac"":null,""rsrp"":-85,""rsrq"":-7,""rssi"":-59,""snr"":null,""ta"":0,""level"":4,""bands"":""5""},{""type"":""LTE"",""pci"":466,""earfcn"":100,""tac"":null,""rsrp"":-99,""rsrq"":-17,""rssi"":-73,""snr"":null,""ta"":0,""level"":2,""bands"":""1""},{""type"":""LTE"",""pci"":488,""earfcn"":3050,""tac"":null,""rsrp"":-99,""rsrq"":-8,""rssi"":-81,""snr"":null,""ta"":0,""level"":2,""bands"":""7""},{""type"":""LTE"",""pci"":466,""earfcn"":3050,""tac"":null,""rsrp"":-108,""rsrq"":-13,""rssi"":-81,""snr"":null,""ta"":0,""level"":1,""bands"":""7""}]",1013.374,46,,31,5,,,,"[{""b"":""40:27:0b:02:a2:b8"",""s"":""U+zone"",""r"":-45,""f"":5785},{""b"":""22:17:b2:0b:47:88"",""s"":""T wifi zone"",""r"":-57,""f"":5280},{""b"":""22:17:b2:0b:47:8a"",""s"":""T wifi zone_secure"",""r"":-58,""f"":5280},{""b"":""30:78:c2:00:0a:b4"",""s"":""KT WiFi"",""r"":-60,""f"":5240},{""b"":""36:78:c2:00:0a:b4"",""s"":""KT WiFi "",""r"":-61,""f"":5240},{""b"":""02:17:b2:0b:47:8a"",""s"":""T wifi zone_secure"",""r"":-62,""f"":2472},{""b"":""02:17:b2:0b:47:88"",""s"":""T wifi zone"",""r"":-63,""f"":2472},{""b"":""36:78:c2:00:0a:b5"",""s"":""KT WiFi "",""r"":-65,""f"":2412},{""b"":""30:78:c2:00:0a:b5"",""s"":""KT WiFi"",""r"":-65,""f"":2412},{""b"":""36:78:c2:00:0a:bd"",""s"":""KT WiFi "",""r"":-68,""f"":5640},{""b"":""30:78:c2:00:0a:bd"",""s"":""KT WiFi"",""r"":-70,""f"":5640},{""b"":""02:06:ac:80:2b:63"",""s"":""U+zone"",""r"":-73,""f"":5785},{""b"":""40:27:0b:02:a2:c7"",""s"":""U+zone"",""r"":-74,""f"":5620},{""b"":""12:06:ac:80:2b:63"",""s"":""FREE_U+zone"",""r"":-74,""f"":5785},{""b"":""02:17:b2:0b:49:2c"",""s"":""T wifi zone"",""r"":-77,""f"":2472}]",""
1789876065826,2026-09-20 12:47:45,unknown,37.5615017,127.0378772,47.78,,,36.985053195483935,fused,5,LTE,NONE,4G,false,false,false,false,false,51224592,488,100,1,8283,450,06,-97,-11,-65,,2,0,,,,94,105,0.0008,0.0008,74,85,0.0006,0.0007,false,4,0,4,-85,488,2600,9.018357E-7,false,false,periodic,15,1,0,,10021,,,,"[{""type"":""LTE"",""pci"":488,""earfcn"":2600,""tac"":null,""rsrp"":-85,""rsrq"":-7,""rssi"":-59,""snr"":null,""ta"":0,""level"":4,""bands"":""5""},{""type"":""LTE"",""pci"":466,""earfcn"":100,""tac"":null,""rsrp"":-99,""rsrq"":-17,""rssi"":-73,""snr"":null,""ta"":0,""level"":2,""bands"":""1""},{""type"":""LTE"",""pci"":488,""earfcn"":3050,""tac"":null,""rsrp"":-99,""rsrq"":-8,""rssi"":-81,""snr"":null,""ta"":0,""level"":2,""bands"":""7""},{""type"":""LTE"",""pci"":466,""earfcn"":3050,""tac"":null,""rsrp"":-108,""rsrq"":-13,""rssi"":-81,""snr"":null,""ta"":0,""level"":1,""bands"":""7""}]",1013.3649,18,,32,4,,,,"[{""b"":""40:27:0b:02:a2:b8"",""s"":""U+zone"",""r"":-47,""f"":5785},{""b"":""22:17:b2:0b:47:8a"",""s"":""T wifi zone_secure"",""r"":-56,""f"":5280},{""b"":""22:17:b2:0b:47:88"",""s"":""T wifi zone"",""r"":-56,""f"":5280},{""b"":""02:17:b2:0b:47:8a"",""s"":""T wifi zone_secure"",""r"":-59,""f"":2472},{""b"":""02:17:b2:0b:47:88"",""s"":""T wifi zone"",""r"":-61,""f"":2472},{""b"":""02:06:ac:80:2b:5a"",""s"":""U+zone_2.4GHz"",""r"":-66,""f"":2452},{""b"":""12:06:ac:80:2b:5a"",""s"":""FREE_U+zone_2.4GHz"",""r"":-67,""f"":2452},{""b"":""12:06:ac:80:2b:5b"",""s"":""FREE_U+zone"",""r"":-68,""f"":5765},{""b"":""02:06:ac:80:2b:5b"",""s"":""U+zone"",""r"":-69,""f"":5765},{""b"":""30:89:d3:3c:ba:ef"",""s"":""GlobalWiFi_A3SIHR"",""r"":-70,""f"":2437},{""b"":""40:27:0b:02:a2:c7"",""s"":""U+zone"",""r"":-75,""f"":5620},{""b"":""30:16:9d:00:57:65"",""s"":""thebake"",""r"":-75,""f"":2417},{""b"":""22:17:b2:0b:7d:b8"",""s"":""T wifi zone_secure"",""r"":-77,""f"":5200},{""b"":""22:17:b2:0b:7d:b6"",""s"":""T wifi zone"",""r"":-78,""f"":5200},{""b"":""30:16:9d:00:57:67"",""s"":""thebake"",""r"":-79,""f"":5785}]",""
1789876070846,2026-09-20 12:47:50,unknown,37.561287,127.0384833,19.234,,,39.16643886652433,fused,4,LTE,NONE,4G,false,false,false,false,false,51224845,461,100,1,8283,450,06,-89,-10,-55,,3,0,,,,50,78,0.0004,0.0006,30,58,0.0002,0.0005,false,6,0,6,-81,461,2600,0.06915817,true,false,periodic,0,2,,,5002,51224592,-97,-11,"[{""type"":""LTE"",""pci"":461,""earfcn"":2600,""tac"":null,""rsrp"":-81,""rsrq"":-12,""rssi"":-59,""snr"":null,""ta"":0,""level"":4,""bands"":""5""},{""type"":""LTE"",""pci"":469,""earfcn"":2600,""tac"":null,""rsrp"":-86,""rsrq"":-19,""rssi"":-57,""snr"":null,""ta"":0,""level"":3,""bands"":""5""},{""type"":""LTE"",""pci"":461,""earfcn"":3050,""tac"":null,""rsrp"":-87,""rsrq"":-9,""rssi"":-69,""snr"":null,""ta"":0,""level"":3,""bands"":""7""},{""type"":""LTE"",""pci"":488,""earfcn"":2600,""tac"":null,""rsrp"":-89,""rsrq"":-20,""rssi"":-59,""snr"":null,""ta"":0,""level"":3,""bands"":""5""},{""type"":""LTE"",""pci"":488,""earfcn"":3050,""tac"":null,""rsrp"":-96,""rsrq"":-18,""rssi"":-69,""snr"":null,""ta"":0,""level"":2,""bands"":""7""},{""type"":""LTE"",""pci"":488,""earfcn"":100,""tac"":null,""rsrp"":-100,""rsrq"":-20,""rssi"":-67,""snr"":null,""ta"":0,""level"":2,""bands"":""1""}]",1013.02686,39,,36,2,,,,"[{""b"":""40:27:0b:02:a2:b8"",""s"":""U+zone"",""r"":-46,""f"":5785},{""b"":""36:78:c2:00:0a:b4"",""s"":""KT WiFi "",""r"":-49,""f"":5240},{""b"":""30:78:c2:00:0a:b4"",""s"":""KT WiFi"",""r"":-49,""f"":5240},{""b"":""02:06:ac:80:2b:53"",""s"":""U+zone"",""r"":-52,""f"":5785},{""b"":""40:27:0b:02:a2:b7"",""s"":""U+zone_2.4GHz"",""r"":-54,""f"":2432},{""b"":""12:06:ac:80:2b:53"",""s"":""FREE_U+zone"",""r"":-54,""f"":5785},{""b"":""22:17:b2:0b:47:8a"",""s"":""T wifi zone_secure"",""r"":-54,""f"":5280},{""b"":""02:06:ac:80:2b:52"",""s"":""U+zone_2.4GHz"",""r"":-55,""f"":2452},{""b"":""22:17:b2:0b:47:88"",""s"":""T wifi zone"",""r"":-55,""f"":5280},{""b"":""12:06:ac:80:2b:52"",""s"":""FREE_U+zone_2.4GHz"",""r"":-56,""f"":2452},{""b"":""02:17:b2:0b:47:88"",""s"":""T wifi zone"",""r"":-58,""f"":2472},{""b"":""12:e3:c7:09:04:0b"",""s"":""T Free WiFi Zone"",""r"":-58,""f"":2472},{""b"":""02:17:b2:0b:47:8a"",""s"":""T wifi zone_secure"",""r"":-59,""f"":2472},{""b"":""02:e3:c7:09:04:0b"",""s"":""T wifi zone_secure"",""r"":-59,""f"":2472},{""b"":""12:e3:c7:09:04:0a"",""s"":""T Free WiFi Zone"",""r"":-60,""f"":5540}]","[{""type"":""LTE"",""pci"":488,""earfcn"":2600,""tac"":null,""rsrp"":-85,""rsrq"":-7,""rssi"":-59,""snr"":null,""ta"":0,""level"":4,""bands"":""5""},{""type"":""LTE"",""pci"":466,""earfcn"":100,""tac"":null,""rsrp"":-99,""rsrq"":-17,""rssi"":-73,""snr"":null,""ta"":0,""level"":2,""bands"":""1""},{""type"":""LTE"",""pci"":488,""earfcn"":3050,""tac"":null,""rsrp"":-99,""rsrq"":-8,""rssi"":-81,""snr"":null,""ta"":0,""level"":2,""bands"":""7""},{""type"":""LTE"",""pci"":466,""earfcn"":3050,""tac"":null,""rsrp"":-108,""rsrq"":-13,""rssi"":-81,""snr"":null,""ta"":0,""level"":1,""bands"":""7""}]"
1789876075870,2026-09-20 12:47:55,unknown,37.561287,127.0384833,285.514,,,41.685066361034835,fused,2,LTE,NONE,4G,false,false,false,false,false,51224845,461,100,1,8283,450,06,-89,-10,-55,,3,0,,,,70,98,0.0006,0.0008,30,58,0.0002,0.0005,false,6,0,6,-81,461,2600,0.0024469618,false,false,periodic,5,2,0,,10024,,,,"[{""type"":""LTE"",""pci"":461,""earfcn"":2600,""tac"":null,""rsrp"":-81,""rsrq"":-12,""rssi"":-59,""snr"":null,""ta"":0,""level"":4,""bands"":""5""},{""type"":""LTE"",""pci"":469,""earfcn"":2600,""tac"":null,""rsrp"":-86,""rsrq"":-19,""rssi"":-57,""snr"":null,""ta"":0,""level"":3,""bands"":""5""},{""type"":""LTE"",""pci"":461,""earfcn"":3050,""tac"":null,""rsrp"":-87,""rsrq"":-9,""rssi"":-69,""snr"":null,""ta"":0,""level"":3,""bands"":""7""},{""type"":""LTE"",""pci"":488,""earfcn"":2600,""tac"":null,""rsrp"":-89,""rsrq"":-20,""rssi"":-59,""snr"":null,""ta"":0,""level"":3,""bands"":""5""},{""type"":""LTE"",""pci"":488,""earfcn"":3050,""tac"":null,""rsrp"":-96,""rsrq"":-18,""rssi"":-69,""snr"":null,""ta"":0,""level"":2,""bands"":""7""},{""type"":""LTE"",""pci"":488,""earfcn"":100,""tac"":null,""rsrp"":-100,""rsrq"":-20,""rssi"":-67,""snr"":null,""ta"":0,""level"":2,""bands"":""1""}]",1012.51044,40,,17,0,,,,"[{""b"":""40:27:0b:02:a2:b8"",""s"":""U+zone"",""r"":-50,""f"":5785},{""b"":""30:78:c2:00:0a:b4"",""s"":""KT WiFi"",""r"":-54,""f"":5240},{""b"":""22:17:b2:0b:47:8a"",""s"":""T wifi zone_secure"",""r"":-55,""f"":5280},{""b"":""36:78:c2:00:0a:b4"",""s"":""KT WiFi "",""r"":-55,""f"":5240},{""b"":""22:17:b2:0b:47:88"",""s"":""T wifi zone"",""r"":-55,""f"":5280},{""b"":""40:27:0b:02:a2:b7"",""s"":""U+zone_2.4GHz"",""r"":-56,""f"":2432},{""b"":""02:17:b2:0b:47:88"",""s"":""T wifi zone"",""r"":-62,""f"":2472},{""b"":""02:17:b2:0b:47:8a"",""s"":""T wifi zone_secure"",""r"":-63,""f"":2472},{""b"":""36:78:c2:00:0a:b5"",""s"":""KT WiFi "",""r"":-66,""f"":2412},{""b"":""30:78:c2:00:0a:b5"",""s"":""KT WiFi"",""r"":-66,""f"":2412},{""b"":""40:27:0b:02:a2:c7"",""s"":""U+zone"",""r"":-72,""f"":5620},{""b"":""30:78:c2:00:07:d6"",""s"":""KT WiFi"",""r"":-77,""f"":2432},{""b"":""36:78:c2:00:07:d6"",""s"":""KT WiFi "",""r"":-78,""f"":2432},{""b"":""22:17:b2:0b:7d:b6"",""s"":""T wifi zone"",""r"":-80,""f"":5200},{""b"":""22:17:b2:0b:7d:b8"",""s"":""T wifi zone_secure"",""r"":-80,""f"":5200}]",""
1789876080889,2026-09-20 12:48:00,unknown,37.561287,127.0384833,285.514,,,41.685066361034835,fused,7,LTE,NONE,4G,false,false,false,false,false,51224847,444,100,1,8283,450,06,-91,-10,-57,,3,0,,,,139,119,0.0011,0.0010,119,99,0.0010,0.0008,false,7,0,7,-96,461,100,0.1340253,true,false,periodic,0,2,,,5003,51224845,-89,-10,"[{""type"":""LTE"",""pci"":461,""earfcn"":100,""tac"":null,""rsrp"":-96,""rsrq"":-16,""rssi"":-71,""snr"":null,""ta"":0,""level"":2,""bands"":""1""},{""type"":""LTE"",""pci"":444,""earfcn"":3050,""tac"":null,""rsrp"":-97,""rsrq"":-8,""rssi"":-79,""snr"":null,""ta"":0,""level"":2,""bands"":""7""},{""type"":""LTE"",""pci"":444,""earfcn"":2600,""tac"":null,""rsrp"":-98,""rsrq"":-9,""rssi"":-79,""snr"":null,""ta"":0,""level"":2,""bands"":""5""},{""type"":""LTE"",""pci"":461,""earfcn"":2600,""tac"":null,""rsrp"":-98,""rsrq"":-8,""rssi"":-79,""snr"":null,""ta"":0,""level"":2,""bands"":""5""},{""type"":""LTE"",""pci"":466,""earfcn"":100,""tac"":null,""rsrp"":-101,""rsrq"":-18,""rssi"":-71,""snr"":null,""ta"":0,""level"":2,""bands"":""1""},{""type"":""LTE"",""pci"":461,""earfcn"":3050,""tac"":null,""rsrp"":-102,""rsrq"":-13,""rssi"":-79,""snr"":null,""ta"":0,""level"":2,""bands"":""7""},{""type"":""LTE"",""pci"":488,""earfcn"":2600,""tac"":null,""rsrp"":-108,""rsrq"":-18,""rssi"":-79,""snr"":null,""ta"":0,""level"":1,""bands"":""5""}]",1012.3128,40,,17,5,,,,"[{""b"":""40:27:0b:02:a2:b8"",""s"":""U+zone"",""r"":-50,""f"":5785},{""b"":""30:78:c2:00:0a:b4"",""s"":""KT WiFi"",""r"":-54,""f"":5240},{""b"":""22:17:b2:0b:47:8a"",""s"":""T wifi zone_secure"",""r"":-55,""f"":5280},{""b"":""36:78:c2:00:0a:b4"",""s"":""KT WiFi "",""r"":-55,""f"":5240},{""b"":""22:17:b2:0b:47:88"",""s"":""T wifi zone"",""r"":-55,""f"":5280},{""b"":""40:27:0b:02:a2:b7"",""s"":""U+zone_2.4GHz"",""r"":-56,""f"":2432},{""b"":""02:17:b2:0b:47:88"",""s"":""T wifi zone"",""r"":-62,""f"":2472},{""b"":""02:17:b2:0b:47:8a"",""s"":""T wifi zone_secure"",""r"":-63,""f"":2472},{""b"":""36:78:c2:00:0a:b5"",""s"":""KT WiFi "",""r"":-66,""f"":2412},{""b"":""30:78:c2:00:0a:b5"",""s"":""KT WiFi"",""r"":-66,""f"":2412},{""b"":""40:27:0b:02:a2:c7"",""s"":""U+zone"",""r"":-72,""f"":5620},{""b"":""30:78:c2:00:07:d6"",""s"":""KT WiFi"",""r"":-77,""f"":2432},{""b"":""36:78:c2:00:07:d6"",""s"":""KT WiFi "",""r"":-78,""f"":2432},{""b"":""22:17:b2:0b:7d:b6"",""s"":""T wifi zone"",""r"":-80,""f"":5200},{""b"":""22:17:b2:0b:7d:b8"",""s"":""T wifi zone_secure"",""r"":-80,""f"":5200}]","[{""type"":""LTE"",""pci"":461,""earfcn"":2600,""tac"":null,""rsrp"":-81,""rsrq"":-12,""rssi"":-59,""snr"":null,""ta"":0,""level"":4,""bands"":""5""},{""type"":""LTE"",""pci"":469,""earfcn"":2600,""tac"":null,""rsrp"":-86,""rsrq"":-19,""rssi"":-57,""snr"":null,""ta"":0,""level"":3,""bands"":""5""},{""type"":""LTE"",""pci"":461,""earfcn"":3050,""tac"":null,""rsrp"":-87,""rsrq"":-9,""rssi"":-69,""snr"":null,""ta"":0,""level"":3,""bands"":""7""},{""type"":""LTE"",""pci"":488,""earfcn"":2600,""tac"":null,""rsrp"":-89,""rsrq"":-20,""rssi"":-59,""snr"":null,""ta"":0,""level"":3,""bands"":""5""},{""type"":""LTE"",""pci"":488,""earfcn"":3050,""tac"":null,""rsrp"":-96,""rsrq"":-18,""rssi"":-69,""snr"":null,""ta"":0,""level"":2,""bands"":""7""},{""type"":""LTE"",""pci"":488,""earfcn"":100,""tac"":null,""rsrp"":-100,""rsrq"":-20,""rssi"":-67,""snr"":null,""ta"":0,""level"":2,""bands"":""1""}]"
1789876085910,2026-09-20 12:48:05,unknown,37.561287,127.0384833,285.514,,,41.685066361034835,fused,12,LTE,NONE,4G,false,false,false,false,false,51224847,444,100,1,8283,450,06,-91,-10,-57,,3,0,,,,424899,3835,3.3992,0.0307,424879,3815,3.3990,0.0305,false,7,0,7,-96,461,100,0.0015938787,false,false,periodic,5,2,0,,10021,,,,"[{""type"":""LTE"",""pci"":461,""earfcn"":100,""tac"":null,""rsrp"":-96,""rsrq"":-16,""rssi"":-71,""snr"":null,""ta"":0,""level"":2,""bands"":""1""},{""type"":""LTE"",""pci"":444,""earfcn"":3050,""tac"":null,""rsrp"":-97,""rsrq"":-8,""rssi"":-79,""snr"":null,""ta"":0,""level"":2,""bands"":""7""},{""type"":""LTE"",""pci"":444,""earfcn"":2600,""tac"":null,""rsrp"":-98,""rsrq"":-9,""rssi"":-79,""snr"":null,""ta"":0,""level"":2,""bands"":""5""},{""type"":""LTE"",""pci"":461,""earfcn"":2600,""tac"":null,""rsrp"":-98,""rsrq"":-8,""rssi"":-79,""snr"":null,""ta"":0,""level"":2,""bands"":""5""},{""type"":""LTE"",""pci"":466,""earfcn"":100,""tac"":null,""rsrp"":-101,""rsrq"":-18,""rssi"":-71,""snr"":null,""ta"":0,""level"":2,""bands"":""1""},{""type"":""LTE"",""pci"":461,""earfcn"":3050,""tac"":null,""rsrp"":-102,""rsrq"":-13,""rssi"":-79,""snr"":null,""ta"":0,""level"":2,""bands"":""7""},{""type"":""LTE"",""pci"":488,""earfcn"":2600,""tac"":null,""rsrp"":-108,""rsrq"":-18,""rssi"":-79,""snr"":null,""ta"":0,""level"":1,""bands"":""5""}]",1011.9314,53,48.270,19,0,,,,"[{""b"":""40:27:0b:02:a2:b8"",""s"":""U+zone"",""r"":-47,""f"":5785},{""b"":""40:27:0b:02:a2:b7"",""s"":""U+zone_2.4GHz"",""r"":-52,""f"":2432},{""b"":""22:17:b2:0b:47:8a"",""s"":""T wifi zone_secure"",""r"":-57,""f"":5280},{""b"":""22:17:b2:0b:47:88"",""s"":""T wifi zone"",""r"":-57,""f"":5280},{""b"":""02:17:b2:0b:47:88"",""s"":""T wifi zone"",""r"":-60,""f"":2472},{""b"":""02:17:b2:0b:47:8a"",""s"":""T wifi zone_secure"",""r"":-62,""f"":2472},{""b"":""30:78:c2:00:0a:b4"",""s"":""KT WiFi"",""r"":-63,""f"":5240},{""b"":""36:78:c2:00:0a:b5"",""s"":""KT WiFi "",""r"":-64,""f"":2412},{""b"":""36:78:c2:00:0a:b4"",""s"":""KT WiFi "",""r"":-64,""f"":5240},{""b"":""30:78:c2:00:0a:b5"",""s"":""KT WiFi"",""r"":-64,""f"":2412},{""b"":""02:17:b2:0b:7d:b6"",""s"":""T wifi zone"",""r"":-74,""f"":2452},{""b"":""30:89:d3:3c:ba:ef"",""s"":""GlobalWiFi_A3SIHR"",""r"":-74,""f"":2437},{""b"":""40:27:0b:02:a2:c7"",""s"":""U+zone"",""r"":-75,""f"":5620},{""b"":""02:17:b2:0b:7d:b8"",""s"":""T wifi zone_secure"",""r"":-75,""f"":2452},{""b"":""02:a7:89:36:74:ac"",""s"":"""",""r"":-77,""f"":5745}]",""
1789876090920,2026-09-20 12:48:10,unknown,37.561287,127.0384833,285.514,,,41.685066361034835,fused,17,LTE,NONE,4G,false,false,false,false,false,51224847,444,100,1,8283,450,06,-91,-10,-57,,3,0,,,,3116,191,0.0249,0.0015,3096,171,0.0248,0.0014,false,7,0,7,-96,461,100,0.0056207613,false,false,periodic,10,2,0,,15034,,,,"[{""type"":""LTE"",""pci"":461,""earfcn"":100,""tac"":null,""rsrp"":-96,""rsrq"":-16,""rssi"":-71,""snr"":null,""ta"":0,""level"":2,""bands"":""1""},{""type"":""LTE"",""pci"":444,""earfcn"":3050,""tac"":null,""rsrp"":-97,""rsrq"":-8,""rssi"":-79,""snr"":null,""ta"":0,""level"":2,""bands"":""7""},{""type"":""LTE"",""pci"":444,""earfcn"":2600,""tac"":null,""rsrp"":-98,""rsrq"":-9,""rssi"":-79,""snr"":null,""ta"":0,""level"":2,""bands"":""5""},{""type"":""LTE"",""pci"":461,""earfcn"":2600,""tac"":null,""rsrp"":-98,""rsrq"":-8,""rssi"":-79,""snr"":null,""ta"":0,""level"":2,""bands"":""5""},{""type"":""LTE"",""pci"":466,""earfcn"":100,""tac"":null,""rsrp"":-101,""rsrq"":-18,""rssi"":-71,""snr"":null,""ta"":0,""level"":2,""bands"":""1""},{""type"":""LTE"",""pci"":461,""earfcn"":3050,""tac"":null,""rsrp"":-102,""rsrq"":-13,""rssi"":-79,""snr"":null,""ta"":0,""level"":2,""bands"":""7""},{""type"":""LTE"",""pci"":488,""earfcn"":2600,""tac"":null,""rsrp"":-108,""rsrq"":-18,""rssi"":-79,""snr"":null,""ta"":0,""level"":1,""bands"":""5""}]",1011.8857,52,,19,6,,,,"[{""b"":""40:27:0b:02:a2:b8"",""s"":""U+zone"",""r"":-47,""f"":5785},{""b"":""40:27:0b:02:a2:b7"",""s"":""U+zone_2.4GHz"",""r"":-52,""f"":2432},{""b"":""22:17:b2:0b:47:8a"",""s"":""T wifi zone_secure"",""r"":-57,""f"":5280},{""b"":""22:17:b2:0b:47:88"",""s"":""T wifi zone"",""r"":-57,""f"":5280},{""b"":""02:17:b2:0b:47:88"",""s"":""T wifi zone"",""r"":-60,""f"":2472},{""b"":""02:17:b2:0b:47:8a"",""s"":""T wifi zone_secure"",""r"":-62,""f"":2472},{""b"":""30:78:c2:00:0a:b4"",""s"":""KT WiFi"",""r"":-63,""f"":5240},{""b"":""36:78:c2:00:0a:b5"",""s"":""KT WiFi "",""r"":-64,""f"":2412},{""b"":""36:78:c2:00:0a:b4"",""s"":""KT WiFi "",""r"":-64,""f"":5240},{""b"":""30:78:c2:00:0a:b5"",""s"":""KT WiFi"",""r"":-64,""f"":2412},{""b"":""02:17:b2:0b:7d:b6"",""s"":""T wifi zone"",""r"":-74,""f"":2452},{""b"":""30:89:d3:3c:ba:ef"",""s"":""GlobalWiFi_A3SIHR"",""r"":-74,""f"":2437},{""b"":""40:27:0b:02:a2:c7"",""s"":""U+zone"",""r"":-75,""f"":5620},{""b"":""02:17:b2:0b:7d:b8"",""s"":""T wifi zone_secure"",""r"":-75,""f"":2452},{""b"":""02:a7:89:36:74:ac"",""s"":"""",""r"":-77,""f"":5745}]",""
1789876095939,2026-09-20 12:48:15,unknown,37.561287,127.0384833,285.514,,,41.685066361034835,fused,22,LTE,NONE,4G,false,false,false,false,false,51224847,444,100,1,8283,450,06,-91,-10,-57,,3,0,,,,70,98,0.0006,0.0008,30,58,0.0002,0.0005,false,7,0,7,-96,461,100,2.6914258E-6,false,false,periodic,15,2,0,,20055,,,,"[{""type"":""LTE"",""pci"":461,""earfcn"":100,""tac"":null,""rsrp"":-96,""rsrq"":-16,""rssi"":-71,""snr"":null,""ta"":0,""level"":2,""bands"":""1""},{""type"":""LTE"",""pci"":444,""earfcn"":3050,""tac"":null,""rsrp"":-97,""rsrq"":-8,""rssi"":-79,""snr"":null,""ta"":0,""level"":2,""bands"":""7""},{""type"":""LTE"",""pci"":444,""earfcn"":2600,""tac"":null,""rsrp"":-98,""rsrq"":-9,""rssi"":-79,""snr"":null,""ta"":0,""level"":2,""bands"":""5""},{""type"":""LTE"",""pci"":461,""earfcn"":2600,""tac"":null,""rsrp"":-98,""rsrq"":-8,""rssi"":-79,""snr"":null,""ta"":0,""level"":2,""bands"":""5""},{""type"":""LTE"",""pci"":466,""earfcn"":100,""tac"":null,""rsrp"":-101,""rsrq"":-18,""rssi"":-71,""snr"":null,""ta"":0,""level"":2,""bands"":""1""},{""type"":""LTE"",""pci"":461,""earfcn"":3050,""tac"":null,""rsrp"":-102,""rsrq"":-13,""rssi"":-79,""snr"":null,""ta"":0,""level"":2,""bands"":""7""},{""type"":""LTE"",""pci"":488,""earfcn"":2600,""tac"":null,""rsrp"":-108,""rsrq"":-18,""rssi"":-79,""snr"":null,""ta"":0,""level"":1,""bands"":""5""}]",1011.31256,43,,18,3,,,,"[{""b"":""40:27:0b:02:a2:b8"",""s"":""U+zone"",""r"":-50,""f"":5785},{""b"":""22:17:b2:0b:47:8a"",""s"":""T wifi zone_secure"",""r"":-55,""f"":5280},{""b"":""22:17:b2:0b:47:88"",""s"":""T wifi zone"",""r"":-55,""f"":5280},{""b"":""40:27:0b:02:a2:b7"",""s"":""U+zone_2.4GHz"",""r"":-59,""f"":2432},{""b"":""02:17:b2:0b:47:88"",""s"":""T wifi zone"",""r"":-60,""f"":2472},{""b"":""02:17:b2:0b:47:8a"",""s"":""T wifi zone_secure"",""r"":-61,""f"":2472},{""b"":""36:78:c2:00:0a:b4"",""s"":""KT WiFi "",""r"":-61,""f"":5240},{""b"":""30:78:c2:00:0a:b4"",""s"":""KT WiFi"",""r"":-62,""f"":5240},{""b"":""36:78:c2:00:0a:b5"",""s"":""KT WiFi "",""r"":-67,""f"":2412},{""b"":""30:78:c2:00:0a:b5"",""s"":""KT WiFi"",""r"":-67,""f"":2412},{""b"":""40:27:0b:02:a2:c7"",""s"":""U+zone"",""r"":-75,""f"":5620},{""b"":""30:89:d3:3c:ba:ef"",""s"":""GlobalWiFi_A3SIHR"",""r"":-78,""f"":2437},{""b"":""22:17:b2:0b:7d:b6"",""s"":""T wifi zone"",""r"":-80,""f"":5200},{""b"":""22:17:b2:0b:7d:b8"",""s"":""T wifi zone_secure"",""r"":-80,""f"":5200},{""b"":""30:78:c2:00:07:d5"",""s"":""KT WiFi"",""r"":-81,""f"":5640}]",""
1789876100961,2026-09-20 12:48:20,unknown,37.561287,127.0384833,285.514,,,41.685066361034835,fused,27,LTE,NONE,4G,false,false,false,false,false,51224846,491,100,1,8283,450,06,-90,-9,-55,,3,0,,,,3254,543,0.0260,0.0043,3234,523,0.0259,0.0042,false,8,0,8,-92,491,3050,0.0024600585,true,false,periodic,0,2,,,5004,51224847,-91,-10,"[{""type"":""LTE"",""pci"":491,""earfcn"":3050,""tac"":null,""rsrp"":-92,""rsrq"":-13,""rssi"":-69,""snr"":null,""ta"":0,""level"":3,""bands"":""7""},{""type"":""LTE"",""pci"":451,""earfcn"":3050,""tac"":null,""rsrp"":-93,""rsrq"":-13,""rssi"":-69,""snr"":null,""ta"":0,""level"":3,""bands"":""7""},{""type"":""LTE"",""pci"":451,""earfcn"":100,""tac"":null,""rsrp"":-99,""rsrq"":-15,""rssi"":-67,""snr"":null,""ta"":0,""level"":2,""bands"":""1""},{""type"":""LTE"",""pci"":444,""earfcn"":100,""tac"":null,""rsrp"":-99,""rsrq"":-15,""rssi"":-67,""snr"":null,""ta"":0,""level"":2,""bands"":""1""},{""type"":""LTE"",""pci"":491,""earfcn"":2600,""tac"":null,""rsrp"":-100,""rsrq"":-11,""rssi"":-77,""snr"":null,""ta"":0,""level"":2,""bands"":""5""},{""type"":""LTE"",""pci"":444,""earfcn"":3050,""tac"":null,""rsrp"":-101,""rsrq"":-16,""rssi"":-69,""snr"":null,""ta"":0,""level"":2,""bands"":""7""},{""type"":""LTE"",""pci"":451,""earfcn"":2600,""tac"":null,""rsrp"":-104,""rsrq"":-16,""rssi"":-77,""snr"":null,""ta"":0,""level"":2,""bands"":""5""},{""type"":""LTE"",""pci"":444,""earfcn"":2600,""tac"":null,""rsrp"":-104,""rsrq"":-16,""rssi"":-77,""snr"":null,""ta"":0,""level"":2,""bands"":""5""}]",1011.8815,86,,17,2,,,,"[{""b"":""40:27:0b:02:a2:b8"",""s"":""U+zone"",""r"":-48,""f"":5785},{""b"":""22:17:b2:0b:47:88"",""s"":""T wifi zone"",""r"":-56,""f"":5280},{""b"":""40:27:0b:02:a2:b7"",""s"":""U+zone_2.4GHz"",""r"":-57,""f"":2432},{""b"":""22:17:b2:0b:47:8a"",""s"":""T wifi zone_secure"",""r"":-58,""f"":5280},{""b"":""02:17:b2:0b:47:88"",""s"":""T wifi zone"",""r"":-59,""f"":2472},{""b"":""02:17:b2:0b:47:8a"",""s"":""T wifi zone_secure"",""r"":-62,""f"":2472},{""b"":""36:78:c2:00:0a:b4"",""s"":""KT WiFi "",""r"":-62,""f"":5240},{""b"":""30:78:c2:00:0a:b4"",""s"":""KT WiFi"",""r"":-62,""f"":5240},{""b"":""36:78:c2:00:0a:b5"",""s"":""KT WiFi "",""r"":-67,""f"":2412},{""b"":""30:78:c2:00:0a:b5"",""s"":""KT WiFi"",""r"":-68,""f"":2412},{""b"":""40:27:0b:02:a2:c7"",""s"":""U+zone"",""r"":-74,""f"":5620},{""b"":""30:78:c2:00:07:d6"",""s"":""KT WiFi"",""r"":-79,""f"":2432},{""b"":""22:17:b2:0b:7d:b6"",""s"":""T wifi zone"",""r"":-80,""f"":5200},{""b"":""22:17:b2:0b:7d:b8"",""s"":""T wifi zone_secure"",""r"":-80,""f"":5200},{""b"":""30:78:c2:00:07:d5"",""s"":""KT WiFi"",""r"":-82,""f"":5640}]","[{""type"":""LTE"",""pci"":461,""earfcn"":100,""tac"":null,""rsrp"":-96,""rsrq"":-16,""rssi"":-71,""snr"":null,""ta"":0,""level"":2,""bands"":""1""},{""type"":""LTE"",""pci"":444,""earfcn"":3050,""tac"":null,""rsrp"":-97,""rsrq"":-8,""rssi"":-79,""snr"":null,""ta"":0,""level"":2,""bands"":""7""},{""type"":""LTE"",""pci"":444,""earfcn"":2600,""tac"":null,""rsrp"":-98,""rsrq"":-9,""rssi"":-79,""snr"":null,""ta"":0,""level"":2,""bands"":""5""},{""type"":""LTE"",""pci"":461,""earfcn"":2600,""tac"":null,""rsrp"":-98,""rsrq"":-8,""rssi"":-79,""snr"":null,""ta"":0,""level"":2,""bands"":""5""},{""type"":""LTE"",""pci"":466,""earfcn"":100,""tac"":null,""rsrp"":-101,""rsrq"":-18,""rssi"":-71,""snr"":null,""ta"":0,""level"":2,""bands"":""1""},{""type"":""LTE"",""pci"":461,""earfcn"":3050,""tac"":null,""rsrp"":-102,""rsrq"":-13,""rssi"":-79,""snr"":null,""ta"":0,""level"":2,""bands"":""7""},{""type"":""LTE"",""pci"":488,""earfcn"":2600,""tac"":null,""rsrp"":-108,""rsrq"":-18,""rssi"":-79,""snr"":null,""ta"":0,""level"":1,""bands"":""5""}]"
1789876105985,2026-09-20 12:48:25,unknown,37.561287,127.0384833,285.514,,,41.685066361034835,fused,32,LTE,NONE,4G,false,false,false,false,false,51224846,491,100,1,8283,450,06,-90,-9,-55,,3,0,,,,198,409,0.0016,0.0033,178,389,0.0014,0.0031,false,8,0,8,-92,491,3050,1.1779682E-6,false,false,periodic,5,2,0,,10028,,,,"[{""type"":""LTE"",""pci"":491,""earfcn"":3050,""tac"":null,""rsrp"":-92,""rsrq"":-13,""rssi"":-69,""snr"":null,""ta"":0,""level"":3,""bands"":""7""},{""type"":""LTE"",""pci"":451,""earfcn"":3050,""tac"":null,""rsrp"":-93,""rsrq"":-13,""rssi"":-69,""snr"":null,""ta"":0,""level"":3,""bands"":""7""},{""type"":""LTE"",""pci"":451,""earfcn"":100,""tac"":null,""rsrp"":-99,""rsrq"":-15,""rssi"":-67,""snr"":null,""ta"":0,""level"":2,""bands"":""1""},{""type"":""LTE"",""pci"":444,""earfcn"":100,""tac"":null,""rsrp"":-99,""rsrq"":-15,""rssi"":-67,""snr"":null,""ta"":0,""level"":2,""bands"":""1""},{""type"":""LTE"",""pci"":491,""earfcn"":2600,""tac"":null,""rsrp"":-100,""rsrq"":-11,""rssi"":-77,""snr"":null,""ta"":0,""level"":2,""bands"":""5""},{""type"":""LTE"",""pci"":444,""earfcn"":3050,""tac"":null,""rsrp"":-101,""rsrq"":-16,""rssi"":-69,""snr"":null,""ta"":0,""level"":2,""bands"":""7""},{""type"":""LTE"",""pci"":451,""earfcn"":2600,""tac"":null,""rsrp"":-104,""rsrq"":-16,""rssi"":-77,""snr"":null,""ta"":0,""level"":2,""bands"":""5""},{""type"":""LTE"",""pci"":444,""earfcn"":2600,""tac"":null,""rsrp"":-104,""rsrq"":-16,""rssi"":-77,""snr"":null,""ta"":0,""level"":2,""bands"":""5""}]",1011.92737,50,,17,7,,,,"[{""b"":""40:27:0b:02:a2:b8"",""s"":""U+zone"",""r"":-48,""f"":5785},{""b"":""22:17:b2:0b:47:88"",""s"":""T wifi zone"",""r"":-56,""f"":5280},{""b"":""40:27:0b:02:a2:b7"",""s"":""U+zone_2.4GHz"",""r"":-57,""f"":2432},{""b"":""22:17:b2:0b:47:8a"",""s"":""T wifi zone_secure"",""r"":-58,""f"":5280},{""b"":""02:17:b2:0b:47:88"",""s"":""T wifi zone"",""r"":-59,""f"":2472},{""b"":""02:17:b2:0b:47:8a"",""s"":""T wifi zone_secure"",""r"":-62,""f"":2472},{""b"":""36:78:c2:00:0a:b4"",""s"":""KT WiFi "",""r"":-62,""f"":5240},{""b"":""30:78:c2:00:0a:b4"",""s"":""KT WiFi"",""r"":-62,""f"":5240},{""b"":""36:78:c2:00:0a:b5"",""s"":""KT WiFi "",""r"":-67,""f"":2412},{""b"":""30:78:c2:00:0a:b5"",""s"":""KT WiFi"",""r"":-68,""f"":2412},{""b"":""40:27:0b:02:a2:c7"",""s"":""U+zone"",""r"":-74,""f"":5620},{""b"":""30:78:c2:00:07:d6"",""s"":""KT WiFi"",""r"":-79,""f"":2432},{""b"":""22:17:b2:0b:7d:b6"",""s"":""T wifi zone"",""r"":-80,""f"":5200},{""b"":""22:17:b2:0b:7d:b8"",""s"":""T wifi zone_secure"",""r"":-80,""f"":5200},{""b"":""30:78:c2:00:07:d5"",""s"":""KT WiFi"",""r"":-82,""f"":5640}]",""
1789876111006,2026-09-20 12:48:31,unknown,37.561287,127.0384833,285.514,,,41.685066361034835,fused,37,LTE,NONE,4G,false,false,false,false,false,51224846,491,100,1,8283,450,06,-93,-12,-63,,3,0,,,,3091,251,0.0247,0.0020,3071,231,0.0246,0.0018,false,11,0,11,-97,345,100,5.460036E-10,false,false,periodic,10,1,-3,,5003,,,,"[{""type"":""LTE"",""pci"":345,""earfcn"":100,""tac"":null,""rsrp"":-97,""rsrq"":-18,""rssi"":-69,""snr"":null,""ta"":0,""level"":2,""bands"":""1""},{""type"":""LTE"",""pci"":451,""earfcn"":100,""tac"":null,""rsrp"":-98,""rsrq"":-20,""rssi"":-71,""snr"":null,""ta"":0,""level"":2,""bands"":""1""},{""type"":""LTE"",""pci"":444,""earfcn"":100,""tac"":null,""rsrp"":-99,""rsrq"":-16,""rssi"":-71,""snr"":null,""ta"":0,""level"":2,""bands"":""1""},{""type"":""LTE"",""pci"":491,""earfcn"":3050,""tac"":null,""rsrp"":-99,""rsrq"":-9,""rssi"":-77,""snr"":null,""ta"":0,""level"":2,""bands"":""7""},{""type"":""LTE"",""pci"":496,""earfcn"":100,""tac"":null,""rsrp"":-100,""rsrq"":-19,""rssi"":-69,""snr"":null,""ta"":0,""level"":2,""bands"":""1""},{""type"":""LTE"",""pci"":491,""earfcn"":2600,""tac"":null,""rsrp"":-100,""rsrq"":-12,""rssi"":-79,""snr"":null,""ta"":0,""level"":2,""bands"":""5""},{""type"":""LTE"",""pci"":345,""earfcn"":3050,""tac"":null,""rsrp"":-103,""rsrq"":-20,""rssi"":-73,""snr"":null,""ta"":0,""level"":2,""bands"":""7""},{""type"":""LTE"",""pci"":444,""earfcn"":3050,""tac"":null,""rsrp"":-104,""rsrq"":-17,""rssi"":-77,""snr"":null,""ta"":0,""level"":2,""bands"":""7""},{""type"":""LTE"",""pci"":451,""earfcn"":3050,""tac"":null,""rsrp"":-106,""rsrq"":-19,""rssi"":-77,""snr"":null,""ta"":0,""level"":1,""bands"":""7""},{""type"":""LTE"",""pci"":444,""earfcn"":2600,""tac"":null,""rsrp"":-109,""rsrq"":-20,""rssi"":-79,""snr"":null,""ta"":0,""level"":1,""bands"":""5""},{""type"":""LTE"",""pci"":451,""earfcn"":2600,""tac"":null,""rsrp"":-116,""rsrq"":-20,""rssi"":-77,""snr"":null,""ta"":0,""level"":0,""bands"":""5""}]",1012.2327,46,,16,5,,,,"[{""b"":""30:78:c2:00:0a:b4"",""s"":""KT WiFi"",""r"":-49,""f"":5240},{""b"":""36:78:c2:00:0a:b4"",""s"":""KT WiFi "",""r"":-50,""f"":5240},{""b"":""40:27:0b:02:a2:b8"",""s"":""U+zone"",""r"":-51,""f"":5785},{""b"":""22:17:b2:0b:47:8a"",""s"":""T wifi zone_secure"",""r"":-54,""f"":5280},{""b"":""22:17:b2:0b:47:88"",""s"":""T wifi zone"",""r"":-54,""f"":5280},{""b"":""02:17:b2:0b:47:88"",""s"":""T wifi zone"",""r"":-61,""f"":2472},{""b"":""02:17:b2:0b:47:8a"",""s"":""T wifi zone_secure"",""r"":-63,""f"":2472},{""b"":""36:78:c2:00:0a:b5"",""s"":""KT WiFi "",""r"":-65,""f"":2412},{""b"":""30:78:c2:00:0a:b5"",""s"":""KT WiFi"",""r"":-65,""f"":2412},{""b"":""02:17:b2:0b:7d:b8"",""s"":""T wifi zone_secure"",""r"":-74,""f"":2452},{""b"":""40:27:0b:02:a2:c7"",""s"":""U+zone"",""r"":-75,""f"":5620},{""b"":""02:17:b2:0b:7d:b6"",""s"":""T wifi zone"",""r"":-78,""f"":2452},{""b"":""22:17:b2:0b:7d:b6"",""s"":""T wifi zone"",""r"":-79,""f"":5200},{""b"":""22:17:b2:0b:7d:b8"",""s"":""T wifi zone_secure"",""r"":-79,""f"":5200},{""b"":""30:78:c2:00:07:d5"",""s"":""KT WiFi"",""r"":-82,""f"":5640}]",""
1789876116027,2026-09-20 12:48:36,unknown,37.561287,127.0384833,285.514,,,41.685066361034835,fused,42,LTE,NONE,4G,false,false,false,false,false,51224846,491,100,1,8283,450,06,-93,-12,-63,,3,0,,,,423826,2202,3.3906,0.0176,423806,2182,3.3904,0.0175,false,11,0,11,-97,345,100,2.614471E-13,false,false,periodic,15,1,0,,10021,,,,"[{""type"":""LTE"",""pci"":345,""earfcn"":100,""tac"":null,""rsrp"":-97,""rsrq"":-18,""rssi"":-69,""snr"":null,""ta"":0,""level"":2,""bands"":""1""},{""type"":""LTE"",""pci"":451,""earfcn"":100,""tac"":null,""rsrp"":-98,""rsrq"":-20,""rssi"":-71,""snr"":null,""ta"":0,""level"":2,""bands"":""1""},{""type"":""LTE"",""pci"":444,""earfcn"":100,""tac"":null,""rsrp"":-99,""rsrq"":-16,""rssi"":-71,""snr"":null,""ta"":0,""level"":2,""bands"":""1""},{""type"":""LTE"",""pci"":491,""earfcn"":3050,""tac"":null,""rsrp"":-99,""rsrq"":-9,""rssi"":-77,""snr"":null,""ta"":0,""level"":2,""bands"":""7""},{""type"":""LTE"",""pci"":496,""earfcn"":100,""tac"":null,""rsrp"":-100,""rsrq"":-19,""rssi"":-69,""snr"":null,""ta"":0,""level"":2,""bands"":""1""},{""type"":""LTE"",""pci"":491,""earfcn"":2600,""tac"":null,""rsrp"":-100,""rsrq"":-12,""rssi"":-79,""snr"":null,""ta"":0,""level"":2,""bands"":""5""},{""type"":""LTE"",""pci"":345,""earfcn"":3050,""tac"":null,""rsrp"":-103,""rsrq"":-20,""rssi"":-73,""snr"":null,""ta"":0,""level"":2,""bands"":""7""},{""type"":""LTE"",""pci"":444,""earfcn"":3050,""tac"":null,""rsrp"":-104,""rsrq"":-17,""rssi"":-77,""snr"":null,""ta"":0,""level"":2,""bands"":""7""},{""type"":""LTE"",""pci"":451,""earfcn"":3050,""tac"":null,""rsrp"":-106,""rsrq"":-19,""rssi"":-77,""snr"":null,""ta"":0,""level"":1,""bands"":""7""},{""type"":""LTE"",""pci"":444,""earfcn"":2600,""tac"":null,""rsrp"":-109,""rsrq"":-20,""rssi"":-79,""snr"":null,""ta"":0,""level"":1,""bands"":""5""},{""type"":""LTE"",""pci"":451,""earfcn"":2600,""tac"":null,""rsrp"":-116,""rsrq"":-20,""rssi"":-77,""snr"":null,""ta"":0,""level"":0,""bands"":""5""}]",1012.28436,119,37.537,18,1,,,,"[{""b"":""22:17:b2:0b:47:8a"",""s"":""T wifi zone_secure"",""r"":-50,""f"":5280},{""b"":""40:27:0b:02:a2:b8"",""s"":""U+zone"",""r"":-51,""f"":5785},{""b"":""22:17:b2:0b:47:88"",""s"":""T wifi zone"",""r"":-51,""f"":5280},{""b"":""40:27:0b:02:a2:b7"",""s"":""U+zone_2.4GHz"",""r"":-54,""f"":2432},{""b"":""36:78:c2:00:0a:b4"",""s"":""KT WiFi "",""r"":-59,""f"":5240},{""b"":""30:78:c2:00:0a:b4"",""s"":""KT WiFi"",""r"":-59,""f"":5240},{""b"":""02:17:b2:0b:47:88"",""s"":""T wifi zone"",""r"":-62,""f"":2472},{""b"":""02:17:b2:0b:47:8a"",""s"":""T wifi zone_secure"",""r"":-63,""f"":2472},{""b"":""36:78:c2:00:0a:b5"",""s"":""KT WiFi "",""r"":-66,""f"":2412},{""b"":""30:78:c2:00:0a:b5"",""s"":""KT WiFi"",""r"":-66,""f"":2412},{""b"":""40:27:0b:02:a2:c7"",""s"":""U+zone"",""r"":-73,""f"":5620},{""b"":""22:17:b2:0b:7d:b6"",""s"":""T wifi zone"",""r"":-79,""f"":5200},{""b"":""22:17:b2:0b:7d:b8"",""s"":""T wifi zone_secure"",""r"":-79,""f"":5200},{""b"":""30:78:c2:00:07:d5"",""s"":""KT WiFi"",""r"":-80,""f"":5640},{""b"":""36:78:c2:00:07:d5"",""s"":""KT WiFi "",""r"":-80,""f"":5640}]",""
1789876121038,2026-09-20 12:48:41,unknown,37.5644419,127.0298018,100.0,,,49.20000076293945,fused,3,LTE,NONE,4G,false,false,false,false,false,51224332,496,100,1,8283,450,06,-70,-8,-51,,4,0,,,,3694,317,0.0296,0.0025,3654,277,0.0292,0.0022,false,8,0,8,-66,496,2600,1.2518934E-16,true,false,periodic,0,2,,,5003,51224846,-93,-12,"[{""type"":""LTE"",""pci"":496,""earfcn"":2600,""tac"":null,""rsrp"":-66,""rsrq"":-8,""rssi"":-51,""snr"":null,""ta"":0,""level"":4,""bands"":""5""},{""type"":""LTE"",""pci"":444,""earfcn"":100,""tac"":null,""rsrp"":-75,""rsrq"":-18,""rssi"":-51,""snr"":null,""ta"":0,""level"":4,""bands"":""1""},{""type"":""LTE"",""pci"":451,""earfcn"":3050,""tac"":null,""rsrp"":-85,""rsrq"":-17,""rssi"":-57,""snr"":null,""ta"":0,""level"":4,""bands"":""7""},{""type"":""LTE"",""pci"":496,""earfcn"":3050,""tac"":null,""rsrp"":-88,""rsrq"":-12,""rssi"":-63,""snr"":null,""ta"":0,""level"":3,""bands"":""7""},{""type"":""LTE"",""pci"":491,""earfcn"":3050,""tac"":null,""rsrp"":-98,""rsrq"":-20,""rssi"":-61,""snr"":null,""ta"":0,""level"":2,""bands"":""7""},{""type"":""LTE"",""pci"":444,""earfcn"":3050,""tac"":null,""rsrp"":-101,""rsrq"":-18,""rssi"":-73,""snr"":null,""ta"":0,""level"":2,""bands"":""7""},{""type"":""LTE"",""pci"":491,""earfcn"":2600,""tac"":null,""rsrp"":-105,""rsrq"":-14,""rssi"":-79,""snr"":null,""ta"":0,""level"":2,""bands"":""5""},{""type"":""LTE"",""pci"":444,""earfcn"":2600,""tac"":null,""rsrp"":-114,""rsrq"":-20,""rssi"":-79,""snr"":null,""ta"":0,""level"":1,""bands"":""5""}]",1012.3498,51,,18,6,,,,"[{""b"":""22:17:b2:0b:47:8a"",""s"":""T wifi zone_secure"",""r"":-50,""f"":5280},{""b"":""40:27:0b:02:a2:b8"",""s"":""U+zone"",""r"":-51,""f"":5785},{""b"":""22:17:b2:0b:47:88"",""s"":""T wifi zone"",""r"":-51,""f"":5280},{""b"":""40:27:0b:02:a2:b7"",""s"":""U+zone_2.4GHz"",""r"":-54,""f"":2432},{""b"":""36:78:c2:00:0a:b4"",""s"":""KT WiFi "",""r"":-59,""f"":5240},{""b"":""30:78:c2:00:0a:b4"",""s"":""KT WiFi"",""r"":-59,""f"":5240},{""b"":""02:17:b2:0b:47:88"",""s"":""T wifi zone"",""r"":-62,""f"":2472},{""b"":""02:17:b2:0b:47:8a"",""s"":""T wifi zone_secure"",""r"":-63,""f"":2472},{""b"":""36:78:c2:00:0a:b5"",""s"":""KT WiFi "",""r"":-66,""f"":2412},{""b"":""30:78:c2:00:0a:b5"",""s"":""KT WiFi"",""r"":-66,""f"":2412},{""b"":""40:27:0b:02:a2:c7"",""s"":""U+zone"",""r"":-73,""f"":5620},{""b"":""22:17:b2:0b:7d:b6"",""s"":""T wifi zone"",""r"":-79,""f"":5200},{""b"":""22:17:b2:0b:7d:b8"",""s"":""T wifi zone_secure"",""r"":-79,""f"":5200},{""b"":""30:78:c2:00:07:d5"",""s"":""KT WiFi"",""r"":-80,""f"":5640},{""b"":""36:78:c2:00:07:d5"",""s"":""KT WiFi "",""r"":-80,""f"":5640}]","[{""type"":""LTE"",""pci"":345,""earfcn"":100,""tac"":null,""rsrp"":-97,""rsrq"":-18,""rssi"":-69,""snr"":null,""ta"":0,""level"":2,""bands"":""1""},{""type"":""LTE"",""pci"":451,""earfcn"":100,""tac"":null,""rsrp"":-98,""rsrq"":-20,""rssi"":-71,""snr"":null,""ta"":0,""level"":2,""bands"":""1""},{""type"":""LTE"",""pci"":444,""earfcn"":100,""tac"":null,""rsrp"":-99,""rsrq"":-16,""rssi"":-71,""snr"":null,""ta"":0,""level"":2,""bands"":""1""},{""type"":""LTE"",""pci"":491,""earfcn"":3050,""tac"":null,""rsrp"":-99,""rsrq"":-9,""rssi"":-77,""snr"":null,""ta"":0,""level"":2,""bands"":""7""},{""type"":""LTE"",""pci"":496,""earfcn"":100,""tac"":null,""rsrp"":-100,""rsrq"":-19,""rssi"":-69,""snr"":null,""ta"":0,""level"":2,""bands"":""1""},{""type"":""LTE"",""pci"":491,""earfcn"":2600,""tac"":null,""rsrp"":-100,""rsrq"":-12,""rssi"":-79,""snr"":null,""ta"":0,""level"":2,""bands"":""5""},{""type"":""LTE"",""pci"":345,""earfcn"":3050,""tac"":null,""rsrp"":-103,""rsrq"":-20,""rssi"":-73,""snr"":null,""ta"":0,""level"":2,""bands"":""7""},{""type"":""LTE"",""pci"":444,""earfcn"":3050,""tac"":null,""rsrp"":-104,""rsrq"":-17,""rssi"":-77,""snr"":null,""ta"":0,""level"":2,""bands"":""7""},{""type"":""LTE"",""pci"":451,""earfcn"":3050,""tac"":null,""rsrp"":-106,""rsrq"":-19,""rssi"":-77,""snr"":null,""ta"":0,""level"":1,""bands"":""7""},{""type"":""LTE"",""pci"":444,""earfcn"":2600,""tac"":null,""rsrp"":-109,""rsrq"":-20,""rssi"":-79,""snr"":null,""ta"":0,""level"":1,""bands"":""5""},{""type"":""LTE"",""pci"":451,""earfcn"":2600,""tac"":null,""rsrp"":-116,""rsrq"":-20,""rssi"":-77,""snr"":null,""ta"":0,""level"":0,""bands"":""5""}]"
1789876126056,2026-09-20 12:48:46,unknown,37.5642965,127.0299901,39.588,,,49.20000076293945,fused,3,LTE,NONE,4G,false,false,false,false,false,51224332,496,100,1,8283,450,06,-70,-8,-51,,4,0,,,,2850,225,0.0228,0.0018,2831,205,0.0226,0.0016,false,8,0,8,-66,496,2600,0.005464948,false,false,periodic,5,2,0,,10020,,,,"[{""type"":""LTE"",""pci"":496,""earfcn"":2600,""tac"":null,""rsrp"":-66,""rsrq"":-8,""rssi"":-51,""snr"":null,""ta"":0,""level"":4,""bands"":""5""},{""type"":""LTE"",""pci"":444,""earfcn"":100,""tac"":null,""rsrp"":-75,""rsrq"":-18,""rssi"":-51,""snr"":null,""ta"":0,""level"":4,""bands"":""1""},{""type"":""LTE"",""pci"":451,""earfcn"":3050,""tac"":null,""rsrp"":-85,""rsrq"":-17,""rssi"":-57,""snr"":null,""ta"":0,""level"":4,""bands"":""7""},{""type"":""LTE"",""pci"":496,""earfcn"":3050,""tac"":null,""rsrp"":-88,""rsrq"":-12,""rssi"":-63,""snr"":null,""ta"":0,""level"":3,""bands"":""7""},{""type"":""LTE"",""pci"":491,""earfcn"":3050,""tac"":null,""rsrp"":-98,""rsrq"":-20,""rssi"":-61,""snr"":null,""ta"":0,""level"":2,""bands"":""7""},{""type"":""LTE"",""pci"":444,""earfcn"":3050,""tac"":null,""rsrp"":-101,""rsrq"":-18,""rssi"":-73,""snr"":null,""ta"":0,""level"":2,""bands"":""7""},{""type"":""LTE"",""pci"":491,""earfcn"":2600,""tac"":null,""rsrp"":-105,""rsrq"":-14,""rssi"":-79,""snr"":null,""ta"":0,""level"":2,""bands"":""5""},{""type"":""LTE"",""pci"":444,""earfcn"":2600,""tac"":null,""rsrp"":-114,""rsrq"":-20,""rssi"":-79,""snr"":null,""ta"":0,""level"":1,""bands"":""5""}]",1012.3254,40,,40,1,,,,"[{""b"":""40:27:0b:02:a2:b8"",""s"":""U+zone"",""r"":-47,""f"":5785},{""b"":""40:27:0b:02:a2:b7"",""s"":""U+zone_2.4GHz"",""r"":-54,""f"":2432},{""b"":""22:17:b2:0b:47:88"",""s"":""T wifi zone"",""r"":-56,""f"":5280},{""b"":""22:17:b2:0b:47:8a"",""s"":""T wifi zone_secure"",""r"":-57,""f"":5280},{""b"":""36:78:c2:00:0a:b4"",""s"":""KT WiFi "",""r"":-58,""f"":5240},{""b"":""30:78:c2:00:0a:b4"",""s"":""KT WiFi"",""r"":-58,""f"":5240},{""b"":""02:17:b2:0b:47:88"",""s"":""T wifi zone"",""r"":-63,""f"":2472},{""b"":""02:17:b2:0b:47:8a"",""s"":""T wifi zone_secure"",""r"":-64,""f"":2472},{""b"":""36:78:c2:00:0a:b5"",""s"":""KT WiFi "",""r"":-65,""f"":2412},{""b"":""30:78:c2:00:0a:b5"",""s"":""KT WiFi"",""r"":-65,""f"":2412},{""b"":""12:06:ac:80:2b:2b"",""s"":""FREE_U+zone"",""r"":-67,""f"":5240},{""b"":""22:06:ac:80:2b:2b"",""s"":""Public WiFi Free"",""r"":-67,""f"":5240},{""b"":""02:06:ac:80:2b:2b"",""s"":""U+zone"",""r"":-68,""f"":5240},{""b"":""06:09:b4:75:ab:2c"",""s"":""KT WiFi"",""r"":-73,""f"":5320},{""b"":""0a:09:b4:75:ab:2c"",""s"":""KT WiFi "",""r"":-73,""f"":5320}]",""
1789876131077,2026-09-20 12:48:51,unknown,37.5643229,127.0299878,41.35,,,49.099998474121094,fused,6,LTE,NONE,4G,false,false,false,false,false,51224332,496,100,1,8283,450,06,-78,-9,-51,,4,0,,,,50,78,0.0004,0.0006,30,58,0.0002,0.0005,false,5,0,5,-71,496,2600,2.6167572E-6,false,false,periodic,10,1,-8,,4998,,,,"[{""type"":""LTE"",""pci"":496,""earfcn"":2600,""tac"":null,""rsrp"":-71,""rsrq"":-6,""rssi"":-55,""snr"":null,""ta"":0,""level"":4,""bands"":""5""},{""type"":""LTE"",""pci"":496,""earfcn"":3050,""tac"":null,""rsrp"":-84,""rsrq"":-7,""rssi"":-67,""snr"":null,""ta"":0,""level"":4,""bands"":""7""},{""type"":""LTE"",""pci"":491,""earfcn"":100,""tac"":null,""rsrp"":-96,""rsrq"":-20,""rssi"":-63,""snr"":null,""ta"":0,""level"":2,""bands"":""1""},{""type"":""LTE"",""pci"":491,""earfcn"":3050,""tac"":null,""rsrp"":-100,""rsrq"":-16,""rssi"":-67,""snr"":null,""ta"":0,""level"":2,""bands"":""7""},{""type"":""LTE"",""pci"":491,""earfcn"":2600,""tac"":null,""rsrp"":-105,""rsrq"":-14,""rssi"":-79,""snr"":null,""ta"":0,""level"":2,""bands"":""5""}]",1012.3198,58,,39,4,,,,"[{""b"":""40:27:0b:02:a2:b8"",""s"":""U+zone"",""r"":-51,""f"":5785},{""b"":""22:17:b2:0b:47:8a"",""s"":""T wifi zone_secure"",""r"":-53,""f"":5280},{""b"":""22:17:b2:0b:47:88"",""s"":""T wifi zone"",""r"":-53,""f"":5280},{""b"":""40:27:0b:02:a2:b7"",""s"":""U+zone_2.4GHz"",""r"":-56,""f"":2432},{""b"":""36:78:c2:00:0a:b4"",""s"":""KT WiFi "",""r"":-58,""f"":5240},{""b"":""30:78:c2:00:0a:b4"",""s"":""KT WiFi"",""r"":-58,""f"":5240},{""b"":""02:17:b2:0b:47:88"",""s"":""T wifi zone"",""r"":-61,""f"":2472},{""b"":""02:17:b2:0b:47:8a"",""s"":""T wifi zone_secure"",""r"":-62,""f"":2472},{""b"":""36:78:c2:00:0a:b5"",""s"":""KT WiFi "",""r"":-64,""f"":2412},{""b"":""30:78:c2:00:0a:b5"",""s"":""KT WiFi"",""r"":-64,""f"":2412},{""b"":""22:06:ac:80:2b:2b"",""s"":""Public WiFi Free"",""r"":-69,""f"":5240},{""b"":""02:06:ac:80:2b:2b"",""s"":""U+zone"",""r"":-69,""f"":5240},{""b"":""12:06:ac:80:2b:2b"",""s"":""FREE_U+zone"",""r"":-70,""f"":5240},{""b"":""12:09:b4:75:ab:2c"",""s"":""KT GiGA WiFi "",""r"":-72,""f"":5320},{""b"":""0e:09:b4:75:ab:2c"",""s"":""KT GiGA WiFi"",""r"":-72,""f"":5320}]",""
1789876136097,2026-09-20 12:48:56,unknown,37.5643229,127.0299878,41.35,,,49.099998474121094,fused,11,LTE,NONE,4G,false,false,false,false,false,51224332,496,100,1,8283,450,06,-78,-9,-51,,4,0,,,,50,78,0.0004,0.0006,30,58,0.0002,0.0005,false,5,0,5,-71,496,2600,1.252968E-9,false,false,periodic,15,1,0,,10020,,,,"[{""type"":""LTE"",""pci"":496,""earfcn"":2600,""tac"":null,""rsrp"":-71,""rsrq"":-6,""rssi"":-55,""snr"":null,""ta"":0,""level"":4,""bands"":""5""},{""type"":""LTE"",""pci"":496,""earfcn"":3050,""tac"":null,""rsrp"":-84,""rsrq"":-7,""rssi"":-67,""snr"":null,""ta"":0,""level"":4,""bands"":""7""},{""type"":""LTE"",""pci"":491,""earfcn"":100,""tac"":null,""rsrp"":-96,""rsrq"":-20,""rssi"":-63,""snr"":null,""ta"":0,""level"":2,""bands"":""1""},{""type"":""LTE"",""pci"":491,""earfcn"":3050,""tac"":null,""rsrp"":-100,""rsrq"":-16,""rssi"":-67,""snr"":null,""ta"":0,""level"":2,""bands"":""7""},{""type"":""LTE"",""pci"":491,""earfcn"":2600,""tac"":null,""rsrp"":-105,""rsrq"":-14,""rssi"":-79,""snr"":null,""ta"":0,""level"":2,""bands"":""5""}]",1012.3356,38,,39,9,,,,"[{""b"":""40:27:0b:02:a2:b8"",""s"":""U+zone"",""r"":-51,""f"":5785},{""b"":""22:17:b2:0b:47:8a"",""s"":""T wifi zone_secure"",""r"":-53,""f"":5280},{""b"":""22:17:b2:0b:47:88"",""s"":""T wifi zone"",""r"":-53,""f"":5280},{""b"":""40:27:0b:02:a2:b7"",""s"":""U+zone_2.4GHz"",""r"":-56,""f"":2432},{""b"":""36:78:c2:00:0a:b4"",""s"":""KT WiFi "",""r"":-58,""f"":5240},{""b"":""30:78:c2:00:0a:b4"",""s"":""KT WiFi"",""r"":-58,""f"":5240},{""b"":""02:17:b2:0b:47:88"",""s"":""T wifi zone"",""r"":-61,""f"":2472},{""b"":""02:17:b2:0b:47:8a"",""s"":""T wifi zone_secure"",""r"":-62,""f"":2472},{""b"":""36:78:c2:00:0a:b5"",""s"":""KT WiFi "",""r"":-64,""f"":2412},{""b"":""30:78:c2:00:0a:b5"",""s"":""KT WiFi"",""r"":-64,""f"":2412},{""b"":""22:06:ac:80:2b:2b"",""s"":""Public WiFi Free"",""r"":-69,""f"":5240},{""b"":""02:06:ac:80:2b:2b"",""s"":""U+zone"",""r"":-69,""f"":5240},{""b"":""12:06:ac:80:2b:2b"",""s"":""FREE_U+zone"",""r"":-70,""f"":5240},{""b"":""12:09:b4:75:ab:2c"",""s"":""KT GiGA WiFi "",""r"":-72,""f"":5320},{""b"":""0e:09:b4:75:ab:2c"",""s"":""KT GiGA WiFi"",""r"":-72,""f"":5320}]",""
1789876141123,2026-09-20 12:49:01,unknown,37.5642926,127.0300277,19.85,,,48.70000076293945,fused,6,LTE,NONE,4G,false,false,false,false,false,51224332,496,100,1,8283,450,06,-73,-9,-51,,4,0,,,,5166,2663,0.0413,0.0213,5126,2623,0.0410,0.0210,false,4,0,4,-73,496,2600,5.7692387E-13,false,false,periodic,20,1,5,,4998,,,,"[{""type"":""LTE"",""pci"":496,""earfcn"":2600,""tac"":null,""rsrp"":-73,""rsrq"":-12,""rssi"":-51,""snr"":null,""ta"":0,""level"":4,""bands"":""5""},{""type"":""LTE"",""pci"":496,""earfcn"":3050,""tac"":null,""rsrp"":-83,""rsrq"":-8,""rssi"":-65,""snr"":null,""ta"":0,""level"":4,""bands"":""7""},{""type"":""LTE"",""pci"":491,""earfcn"":100,""tac"":null,""rsrp"":-90,""rsrq"":-20,""rssi"":-55,""snr"":null,""ta"":0,""level"":3,""bands"":""1""},{""type"":""LTE"",""pci"":491,""earfcn"":3050,""tac"":null,""rsrp"":-94,""rsrq"":-17,""rssi"":-65,""snr"":null,""ta"":0,""level"":3,""bands"":""7""}]",1012.3566,32,,48,5,,,,"[{""b"":""40:27:0b:02:a2:b8"",""s"":""U+zone"",""r"":-50,""f"":5785},{""b"":""22:17:b2:0b:47:8a"",""s"":""T wifi zone_secure"",""r"":-56,""f"":5280},{""b"":""22:17:b2:0b:47:88"",""s"":""T wifi zone"",""r"":-56,""f"":5280},{""b"":""40:27:0b:02:a2:b7"",""s"":""U+zone_2.4GHz"",""r"":-57,""f"":2432},{""b"":""36:78:c2:00:0a:b4"",""s"":""KT WiFi "",""r"":-59,""f"":5240},{""b"":""30:78:c2:00:0a:b4"",""s"":""KT WiFi"",""r"":-59,""f"":5240},{""b"":""02:17:b2:0b:47:88"",""s"":""T wifi zone"",""r"":-62,""f"":2472},{""b"":""12:09:b4:75:ab:2c"",""s"":""KT GiGA WiFi "",""r"":-63,""f"":5320},{""b"":""02:17:b2:0b:47:8a"",""s"":""T wifi zone_secure"",""r"":-63,""f"":2472},{""b"":""00:09:b4:75:ab:2c"",""s"":""KT_Free_WiFi"",""r"":-63,""f"":5320},{""b"":""06:09:b4:75:ab:2c"",""s"":""KT WiFi"",""r"":-63,""f"":5320},{""b"":""0e:09:b4:75:ab:2c"",""s"":""KT GiGA WiFi"",""r"":-63,""f"":5320},{""b"":""0a:09:b4:75:ab:2c"",""s"":""KT WiFi "",""r"":-63,""f"":5320},{""b"":""30:78:c2:00:0a:b5"",""s"":""KT WiFi"",""r"":-66,""f"":2412},{""b"":""12:06:ac:80:2b:2b"",""s"":""FREE_U+zone"",""r"":-67,""f"":5240}]",""
1789876146138,2026-09-20 12:49:06,unknown,37.5643021,127.0300461,43.911,,,48.39999771118164,fused,5,LTE,NONE,4G,false,false,false,false,false,51224332,496,100,1,8283,450,06,-73,-9,-51,,4,0,,,,421049,1270,3.3684,0.0102,421029,1250,3.3682,0.0100,false,4,0,4,-73,496,2600,2.7624656E-16,false,false,periodic,25,1,0,,10014,,,,"[{""type"":""LTE"",""pci"":496,""earfcn"":2600,""tac"":null,""rsrp"":-73,""rsrq"":-12,""rssi"":-51,""snr"":null,""ta"":0,""level"":4,""bands"":""5""},{""type"":""LTE"",""pci"":496,""earfcn"":3050,""tac"":null,""rsrp"":-83,""rsrq"":-8,""rssi"":-65,""snr"":null,""ta"":0,""level"":4,""bands"":""7""},{""type"":""LTE"",""pci"":491,""earfcn"":100,""tac"":null,""rsrp"":-90,""rsrq"":-20,""rssi"":-55,""snr"":null,""ta"":0,""level"":3,""bands"":""1""},{""type"":""LTE"",""pci"":491,""earfcn"":3050,""tac"":null,""rsrp"":-94,""rsrq"":-17,""rssi"":-65,""snr"":null,""ta"":0,""level"":3,""bands"":""7""}]",1012.40295,45,58.938,48,1,,,,"[{""b"":""40:27:0b:02:a2:b8"",""s"":""U+zone"",""r"":-51,""f"":5785},{""b"":""22:17:b2:0b:47:88"",""s"":""T wifi zone"",""r"":-52,""f"":5280},{""b"":""22:17:b2:0b:47:8a"",""s"":""T wifi zone_secure"",""r"":-53,""f"":5280},{""b"":""40:27:0b:02:a2:b7"",""s"":""U+zone_2.4GHz"",""r"":-59,""f"":2432},{""b"":""02:17:b2:0b:47:88"",""s"":""T wifi zone"",""r"":-60,""f"":2472},{""b"":""02:17:b2:0b:47:8a"",""s"":""T wifi zone_secure"",""r"":-60,""f"":2472},{""b"":""36:78:c2:00:0a:b4"",""s"":""KT WiFi "",""r"":-60,""f"":5240},{""b"":""30:78:c2:00:0a:b4"",""s"":""KT WiFi"",""r"":-60,""f"":5240},{""b"":""36:78:c2:00:0a:b5"",""s"":""KT WiFi "",""r"":-64,""f"":2412},{""b"":""30:78:c2:00:0a:b5"",""s"":""KT WiFi"",""r"":-64,""f"":2412},{""b"":""12:06:ac:80:2b:2b"",""s"":""FREE_U+zone"",""r"":-66,""f"":5240},{""b"":""40:27:0b:02:a2:c7"",""s"":""U+zone"",""r"":-66,""f"":5620},{""b"":""22:06:ac:80:2b:2b"",""s"":""Public WiFi Free"",""r"":-66,""f"":5240},{""b"":""40:27:0b:02:a2:c6"",""s"":""U+zone_2.4GHz"",""r"":-67,""f"":2432},{""b"":""02:06:ac:80:2b:2b"",""s"":""U+zone"",""r"":-67,""f"":5240}]",""
1789876151157,2026-09-20 12:49:11,unknown,37.5642897,127.0300204,41.275,,,47.75756100573408,fused,7,LTE,NONE,4G,false,false,false,false,false,51224332,496,100,1,8283,450,06,-81,-8,-53,,4,0,,,,50,78,0.0004,0.0006,30,58,0.0002,0.0005,false,5,0,5,-73,496,2600,3.764908E-4,false,false,periodic,30,0,-8,,5004,,,,"[{""type"":""LTE"",""pci"":496,""earfcn"":2600,""tac"":null,""rsrp"":-73,""rsrq"":-7,""rssi"":-55,""snr"":null,""ta"":0,""level"":4,""bands"":""5""},{""type"":""LTE"",""pci"":496,""earfcn"":3050,""tac"":null,""rsrp"":-81,""rsrq"":-8,""rssi"":-63,""snr"":null,""ta"":0,""level"":4,""bands"":""7""},{""type"":""LTE"",""pci"":491,""earfcn"":3050,""tac"":null,""rsrp"":-91,""rsrq"":-20,""rssi"":-61,""snr"":null,""ta"":0,""level"":3,""bands"":""7""},{""type"":""LTE"",""pci"":444,""earfcn"":3050,""tac"":null,""rsrp"":-93,""rsrq"":-20,""rssi"":-63,""snr"":null,""ta"":0,""level"":3,""bands"":""7""},{""type"":""LTE"",""pci"":444,""earfcn"":100,""tac"":null,""rsrp"":-96,""rsrq"":-20,""rssi"":-65,""snr"":null,""ta"":0,""level"":2,""bands"":""1""}]",1012.4505,47,,48,6,,,,"[{""b"":""40:27:0b:02:a2:b8"",""s"":""U+zone"",""r"":-51,""f"":5785},{""b"":""22:17:b2:0b:47:88"",""s"":""T wifi zone"",""r"":-52,""f"":5280},{""b"":""22:17:b2:0b:47:8a"",""s"":""T wifi zone_secure"",""r"":-53,""f"":5280},{""b"":""40:27:0b:02:a2:b7"",""s"":""U+zone_2.4GHz"",""r"":-59,""f"":2432},{""b"":""02:17:b2:0b:47:88"",""s"":""T wifi zone"",""r"":-60,""f"":2472},{""b"":""02:17:b2:0b:47:8a"",""s"":""T wifi zone_secure"",""r"":-60,""f"":2472},{""b"":""36:78:c2:00:0a:b4"",""s"":""KT WiFi "",""r"":-60,""f"":5240},{""b"":""30:78:c2:00:0a:b4"",""s"":""KT WiFi"",""r"":-60,""f"":5240},{""b"":""36:78:c2:00:0a:b5"",""s"":""KT WiFi "",""r"":-64,""f"":2412},{""b"":""30:78:c2:00:0a:b5"",""s"":""KT WiFi"",""r"":-64,""f"":2412},{""b"":""12:06:ac:80:2b:2b"",""s"":""FREE_U+zone"",""r"":-66,""f"":5240},{""b"":""40:27:0b:02:a2:c7"",""s"":""U+zone"",""r"":-66,""f"":5620},{""b"":""22:06:ac:80:2b:2b"",""s"":""Public WiFi Free"",""r"":-66,""f"":5240},{""b"":""40:27:0b:02:a2:c6"",""s"":""U+zone_2.4GHz"",""r"":-67,""f"":2432},{""b"":""02:06:ac:80:2b:2b"",""s"":""U+zone"",""r"":-67,""f"":5240}]",""
1789876156182,2026-09-20 12:49:16,unknown,37.5642606,127.0300123,10.676,,,46.099998474121094,fused,3,LTE,NONE,4G,false,false,false,false,false,51224332,496,100,1,8283,450,06,-81,-8,-53,,4,0,,,,50,78,0.0004,0.0006,30,58,0.0002,0.0005,false,5,0,5,-73,496,2600,1.7450196E-7,false,false,periodic,35,0,0,,10029,,,,"[{""type"":""LTE"",""pci"":496,""earfcn"":2600,""tac"":null,""rsrp"":-73,""rsrq"":-7,""rssi"":-55,""snr"":null,""ta"":0,""level"":4,""bands"":""5""},{""type"":""LTE"",""pci"":496,""earfcn"":3050,""tac"":null,""rsrp"":-81,""rsrq"":-8,""rssi"":-63,""snr"":null,""ta"":0,""level"":4,""bands"":""7""},{""type"":""LTE"",""pci"":491,""earfcn"":3050,""tac"":null,""rsrp"":-91,""rsrq"":-20,""rssi"":-61,""snr"":null,""ta"":0,""level"":3,""bands"":""7""},{""type"":""LTE"",""pci"":444,""earfcn"":3050,""tac"":null,""rsrp"":-93,""rsrq"":-20,""rssi"":-63,""snr"":null,""ta"":0,""level"":3,""bands"":""7""},{""type"":""LTE"",""pci"":444,""earfcn"":100,""tac"":null,""rsrp"":-96,""rsrq"":-20,""rssi"":-65,""snr"":null,""ta"":0,""level"":2,""bands"":""1""}]",1012.3324,46,,55,1,,,,"[{""b"":""40:27:0b:02:a2:b8"",""s"":""U+zone"",""r"":-51,""f"":5785},{""b"":""06:09:b4:75:ab:2c"",""s"":""KT WiFi"",""r"":-51,""f"":5320},{""b"":""00:09:b4:75:ab:2c"",""s"":""KT_Free_WiFi"",""r"":-55,""f"":5320},{""b"":""0a:09:b4:75:ab:2c"",""s"":""KT WiFi "",""r"":-55,""f"":5320},{""b"":""12:09:b4:75:ab:2c"",""s"":""KT GiGA WiFi "",""r"":-56,""f"":5320},{""b"":""0e:09:b4:75:ab:2c"",""s"":""KT GiGA WiFi"",""r"":-56,""f"":5320},{""b"":""22:17:b2:0b:47:88"",""s"":""T wifi zone"",""r"":-56,""f"":5280},{""b"":""40:27:0b:02:a2:b7"",""s"":""U+zone_2.4GHz"",""r"":-56,""f"":2432},{""b"":""22:17:b2:0b:47:8a"",""s"":""T wifi zone_secure"",""r"":-56,""f"":5280},{""b"":""02:06:ac:80:2b:2b"",""s"":""U+zone"",""r"":-57,""f"":5240},{""b"":""12:06:ac:80:2b:2a"",""s"":""FREE_U+zone_2.4GHz"",""r"":-58,""f"":2432},{""b"":""12:06:ac:80:2b:2b"",""s"":""FREE_U+zone"",""r"":-59,""f"":5240},{""b"":""22:06:ac:80:2b:2b"",""s"":""Public WiFi Free"",""r"":-59,""f"":5240},{""b"":""02:06:ac:80:2b:2a"",""s"":""U+zone_2.4GHz"",""r"":-59,""f"":2432},{""b"":""36:78:c2:00:0a:b4"",""s"":""KT WiFi "",""r"":-60,""f"":5240}]",""
1789876161207,2026-09-20 12:49:21,unknown,37.564359,127.0297185,17.07,,,48.152558980377655,fused,3,LTE,NONE,4G,false,false,false,false,false,51224332,496,100,1,8283,450,06,-77,-10,-51,,4,0,,,,2652,1205,0.0212,0.0096,2632,1185,0.0211,0.0095,false,5,0,5,-67,496,2600,8.3555225E-11,false,false,periodic,40,0,4,,5003,,,,"[{""type"":""LTE"",""pci"":496,""earfcn"":2600,""tac"":null,""rsrp"":-67,""rsrq"":-10,""rssi"":-51,""snr"":null,""ta"":0,""level"":4,""bands"":""5""},{""type"":""LTE"",""pci"":496,""earfcn"":3050,""tac"":null,""rsrp"":-82,""rsrq"":-8,""rssi"":-65,""snr"":null,""ta"":0,""level"":4,""bands"":""7""},{""type"":""LTE"",""pci"":491,""earfcn"":3050,""tac"":null,""rsrp"":-88,""rsrq"":-18,""rssi"":-61,""snr"":null,""ta"":0,""level"":3,""bands"":""7""},{""type"":""LTE"",""pci"":444,""earfcn"":100,""tac"":null,""rsrp"":-89,""rsrq"":-19,""rssi"":-59,""snr"":null,""ta"":0,""level"":3,""bands"":""1""},{""type"":""LTE"",""pci"":444,""earfcn"":3050,""tac"":null,""rsrp"":-93,""rsrq"":-20,""rssi"":-63,""snr"":null,""ta"":0,""level"":3,""bands"":""7""}]",1012.21423,42,,61,1,,,,"[{""b"":""40:27:0b:02:a2:b8"",""s"":""U+zone"",""r"":-51,""f"":5785},{""b"":""40:27:0b:02:a2:b7"",""s"":""U+zone_2.4GHz"",""r"":-53,""f"":2432},{""b"":""22:17:b2:0b:47:88"",""s"":""T wifi zone"",""r"":-55,""f"":5280},{""b"":""22:17:b2:0b:47:8a"",""s"":""T wifi zone_secure"",""r"":-55,""f"":5280},{""b"":""12:06:ac:80:5e:2b"",""s"":""FREE_U+zone"",""r"":-59,""f"":5805},{""b"":""02:06:ac:80:5e:2b"",""s"":""U+zone"",""r"":-59,""f"":5805},{""b"":""22:06:ac:80:5e:2b"",""s"":""Public WiFi Free"",""r"":-59,""f"":5805},{""b"":""10:e3:c7:07:47:30"",""s"":""T wifi zone_secure"",""r"":-59,""f"":5200},{""b"":""12:e3:c7:07:47:30"",""s"":""T Free WiFi Zone"",""r"":-60,""f"":5200},{""b"":""06:09:b4:74:3d:24"",""s"":""T wifi zone_secure"",""r"":-61,""f"":5540},{""b"":""30:78:c2:00:0a:b4"",""s"":""KT WiFi"",""r"":-61,""f"":5240},{""b"":""36:78:c2:00:0a:b4"",""s"":""KT WiFi "",""r"":-62,""f"":5240},{""b"":""10:e3:c7:07:47:31"",""s"":""T wifi zone_secure"",""r"":-62,""f"":2472},{""b"":""0a:09:b4:74:3d:24"",""s"":""T Free WiFi Zone"",""r"":-65,""f"":5540},{""b"":""02:06:ac:80:5e:2a"",""s"":""U+zone_2.4GHz"",""r"":-68,""f"":2412}]",""
1789876166231,2026-09-20 12:49:26,unknown,37.564359,127.0297185,17.07,,,48.152558980377655,fused,8,LTE,NONE,4G,false,false,false,false,false,51224332,496,100,1,8283,450,06,-77,-10,-51,,4,0,,,,1585,1696,0.0127,0.0136,1545,1656,0.0124,0.0132,false,5,0,5,-67,496,2600,3.872747E-14,false,false,periodic,45,0,0,,10027,,,,"[{""type"":""LTE"",""pci"":496,""earfcn"":2600,""tac"":null,""rsrp"":-67,""rsrq"":-10,""rssi"":-51,""snr"":null,""ta"":0,""level"":4,""bands"":""5""},{""type"":""LTE"",""pci"":496,""earfcn"":3050,""tac"":null,""rsrp"":-82,""rsrq"":-8,""rssi"":-65,""snr"":null,""ta"":0,""level"":4,""bands"":""7""},{""type"":""LTE"",""pci"":491,""earfcn"":3050,""tac"":null,""rsrp"":-88,""rsrq"":-18,""rssi"":-61,""snr"":null,""ta"":0,""level"":3,""bands"":""7""},{""type"":""LTE"",""pci"":444,""earfcn"":100,""tac"":null,""rsrp"":-89,""rsrq"":-19,""rssi"":-59,""snr"":null,""ta"":0,""level"":3,""bands"":""1""},{""type"":""LTE"",""pci"":444,""earfcn"":3050,""tac"":null,""rsrp"":-93,""rsrq"":-20,""rssi"":-63,""snr"":null,""ta"":0,""level"":3,""bands"":""7""}]",1011.97455,58,,61,6,,,,"[{""b"":""40:27:0b:02:a2:b8"",""s"":""U+zone"",""r"":-51,""f"":5785},{""b"":""40:27:0b:02:a2:b7"",""s"":""U+zone_2.4GHz"",""r"":-53,""f"":2432},{""b"":""22:17:b2:0b:47:88"",""s"":""T wifi zone"",""r"":-55,""f"":5280},{""b"":""22:17:b2:0b:47:8a"",""s"":""T wifi zone_secure"",""r"":-55,""f"":5280},{""b"":""12:06:ac:80:5e:2b"",""s"":""FREE_U+zone"",""r"":-59,""f"":5805},{""b"":""02:06:ac:80:5e:2b"",""s"":""U+zone"",""r"":-59,""f"":5805},{""b"":""22:06:ac:80:5e:2b"",""s"":""Public WiFi Free"",""r"":-59,""f"":5805},{""b"":""10:e3:c7:07:47:30"",""s"":""T wifi zone_secure"",""r"":-59,""f"":5200},{""b"":""12:e3:c7:07:47:30"",""s"":""T Free WiFi Zone"",""r"":-60,""f"":5200},{""b"":""06:09:b4:74:3d:24"",""s"":""T wifi zone_secure"",""r"":-61,""f"":5540},{""b"":""30:78:c2:00:0a:b4"",""s"":""KT WiFi"",""r"":-61,""f"":5240},{""b"":""36:78:c2:00:0a:b4"",""s"":""KT WiFi "",""r"":-62,""f"":5240},{""b"":""10:e3:c7:07:47:31"",""s"":""T wifi zone_secure"",""r"":-62,""f"":2472},{""b"":""0a:09:b4:74:3d:24"",""s"":""T Free WiFi Zone"",""r"":-65,""f"":5540},{""b"":""02:06:ac:80:5e:2a"",""s"":""U+zone_2.4GHz"",""r"":-68,""f"":2412}]",""
1789876171261,2026-09-20 12:49:31,unknown,37.5642263,127.0298387,28.259,,,49.11058218303326,fused,6,LTE,NONE,4G,false,false,false,false,false,51224336,479,100,1,8283,450,06,-80,-12,-51,,4,0,,,,170,946,0.0014,0.0076,151,926,0.0012,0.0074,false,7,0,7,-60,479,2600,1.7949978E-17,true,false,periodic,0,1,,,5000,51224332,-77,-10,"[{""type"":""LTE"",""pci"":479,""earfcn"":2600,""tac"":null,""rsrp"":-60,""rsrq"":-11,""rssi"":-51,""snr"":null,""ta"":0,""level"":4,""bands"":""5""},{""type"":""LTE"",""pci"":479,""earfcn"":3050,""tac"":null,""rsrp"":-82,""rsrq"":-10,""rssi"":-63,""snr"":null,""ta"":0,""level"":4,""bands"":""7""},{""type"":""LTE"",""pci"":460,""earfcn"":100,""tac"":null,""rsrp"":-90,""rsrq"":-18,""rssi"":-63,""snr"":null,""ta"":0,""level"":3,""bands"":""1""},{""type"":""LTE"",""pci"":460,""earfcn"":3050,""tac"":null,""rsrp"":-95,""rsrq"":-13,""rssi"":-71,""snr"":null,""ta"":0,""level"":3,""bands"":""7""},{""type"":""LTE"",""pci"":496,""earfcn"":100,""tac"":null,""rsrp"":-98,""rsrq"":-20,""rssi"":-67,""snr"":null,""ta"":0,""level"":2,""bands"":""1""},{""type"":""LTE"",""pci"":496,""earfcn"":2600,""tac"":null,""rsrp"":-98,""rsrq"":-20,""rssi"":-63,""snr"":null,""ta"":0,""level"":2,""bands"":""5""},{""type"":""LTE"",""pci"":460,""earfcn"":2600,""tac"":null,""rsrp"":-99,""rsrq"":-20,""rssi"":-63,""snr"":null,""ta"":0,""level"":2,""bands"":""5""}]",1010.84766,60,,40,2,,,,"[{""b"":""40:27:0b:02:a2:b8"",""s"":""U+zone"",""r"":-52,""f"":5785},{""b"":""40:27:0b:02:a2:b7"",""s"":""U+zone_2.4GHz"",""r"":-57,""f"":2432},{""b"":""22:17:b2:0b:47:8a"",""s"":""T wifi zone_secure"",""r"":-57,""f"":5280},{""b"":""22:17:b2:0b:47:88"",""s"":""T wifi zone"",""r"":-57,""f"":5280},{""b"":""36:78:c2:00:0a:b4"",""s"":""KT WiFi "",""r"":-60,""f"":5240},{""b"":""30:78:c2:00:0a:b4"",""s"":""KT WiFi"",""r"":-61,""f"":5240},{""b"":""36:78:c2:00:0a:b5"",""s"":""KT WiFi "",""r"":-65,""f"":2412},{""b"":""02:17:b2:0b:47:88"",""s"":""T wifi zone"",""r"":-66,""f"":2472},{""b"":""02:17:b2:0b:47:8a"",""s"":""T wifi zone_secure"",""r"":-66,""f"":2472},{""b"":""02:06:ac:80:5e:1a"",""s"":""U+zone_2.4GHz"",""r"":-71,""f"":2432},{""b"":""30:78:c2:00:0a:b5"",""s"":""KT WiFi"",""r"":-71,""f"":2412},{""b"":""12:06:ac:80:5e:1a"",""s"":""FREE_U+zone_2.4GHz"",""r"":-72,""f"":2432},{""b"":""22:06:ac:80:5e:2f"",""s"":""Public WiFi Free"",""r"":-75,""f"":5765},{""b"":""40:27:0b:02:a2:c7"",""s"":""U+zone"",""r"":-75,""f"":5620},{""b"":""40:27:0b:02:a2:c6"",""s"":""U+zone_2.4GHz"",""r"":-76,""f"":2432}]","[{""type"":""LTE"",""pci"":496,""earfcn"":2600,""tac"":null,""rsrp"":-67,""rsrq"":-10,""rssi"":-51,""snr"":null,""ta"":0,""level"":4,""bands"":""5""},{""type"":""LTE"",""pci"":496,""earfcn"":3050,""tac"":null,""rsrp"":-82,""rsrq"":-8,""rssi"":-65,""snr"":null,""ta"":0,""level"":4,""bands"":""7""},{""type"":""LTE"",""pci"":491,""earfcn"":3050,""tac"":null,""rsrp"":-88,""rsrq"":-18,""rssi"":-61,""snr"":null,""ta"":0,""level"":3,""bands"":""7""},{""type"":""LTE"",""pci"":444,""earfcn"":100,""tac"":null,""rsrp"":-89,""rsrq"":-19,""rssi"":-59,""snr"":null,""ta"":0,""level"":3,""bands"":""1""},{""type"":""LTE"",""pci"":444,""earfcn"":3050,""tac"":null,""rsrp"":-93,""rsrq"":-20,""rssi"":-63,""snr"":null,""ta"":0,""level"":3,""bands"":""7""}]"
1789876176285,2026-09-20 12:49:36,unknown,37.5642367,127.0297812,89.002,,,50.82212193373992,fused,9,LTE,NONE,4G,false,false,false,false,false,51224336,479,100,1,8283,450,06,-80,-12,-51,,4,0,,,,424782,4186,3.3983,0.0335,424762,4166,3.3981,0.0333,false,7,0,7,-60,479,2600,0.0014271408,false,false,periodic,5,1,0,,10025,,,,"[{""type"":""LTE"",""pci"":479,""earfcn"":2600,""tac"":null,""rsrp"":-60,""rsrq"":-11,""rssi"":-51,""snr"":null,""ta"":0,""level"":4,""bands"":""5""},{""type"":""LTE"",""pci"":479,""earfcn"":3050,""tac"":null,""rsrp"":-82,""rsrq"":-10,""rssi"":-63,""snr"":null,""ta"":0,""level"":4,""bands"":""7""},{""type"":""LTE"",""pci"":460,""earfcn"":100,""tac"":null,""rsrp"":-90,""rsrq"":-18,""rssi"":-63,""snr"":null,""ta"":0,""level"":3,""bands"":""1""},{""type"":""LTE"",""pci"":460,""earfcn"":3050,""tac"":null,""rsrp"":-95,""rsrq"":-13,""rssi"":-71,""snr"":null,""ta"":0,""level"":3,""bands"":""7""},{""type"":""LTE"",""pci"":496,""earfcn"":100,""tac"":null,""rsrp"":-98,""rsrq"":-20,""rssi"":-67,""snr"":null,""ta"":0,""level"":2,""bands"":""1""},{""type"":""LTE"",""pci"":496,""earfcn"":2600,""tac"":null,""rsrp"":-98,""rsrq"":-20,""rssi"":-63,""snr"":null,""ta"":0,""level"":2,""bands"":""5""},{""type"":""LTE"",""pci"":460,""earfcn"":2600,""tac"":null,""rsrp"":-99,""rsrq"":-20,""rssi"":-63,""snr"":null,""ta"":0,""level"":2,""bands"":""5""}]",1010.0646,699,15.847,19,1,,,,"[{""b"":""40:27:0b:02:a2:b8"",""s"":""U+zone"",""r"":-49,""f"":5785},{""b"":""22:17:b2:0b:47:8a"",""s"":""T wifi zone_secure"",""r"":-55,""f"":5280},{""b"":""22:17:b2:0b:47:88"",""s"":""T wifi zone"",""r"":-55,""f"":5280},{""b"":""40:27:0b:02:a2:b7"",""s"":""U+zone_2.4GHz"",""r"":-56,""f"":2432},{""b"":""36:78:c2:00:0a:b4"",""s"":""KT WiFi "",""r"":-62,""f"":5240},{""b"":""30:78:c2:00:0a:b4"",""s"":""KT WiFi"",""r"":-63,""f"":5240},{""b"":""30:78:c2:00:0a:b5"",""s"":""KT WiFi"",""r"":-63,""f"":2412},{""b"":""02:17:b2:0b:47:8a"",""s"":""T wifi zone_secure"",""r"":-64,""f"":2472},{""b"":""36:78:c2:00:0a:b5"",""s"":""KT WiFi "",""r"":-64,""f"":2412},{""b"":""02:17:b2:0b:47:88"",""s"":""T wifi zone"",""r"":-65,""f"":2472},{""b"":""40:27:0b:02:a2:c7"",""s"":""U+zone"",""r"":-75,""f"":5620},{""b"":""02:a7:89:36:74:ac"",""s"":"""",""r"":-79,""f"":5745},{""b"":""06:1d:93:c7:62:e4"",""s"":""KT WiFi "",""r"":-81,""f"":5560},{""b"":""30:78:c2:00:07:d5"",""s"":""KT WiFi"",""r"":-82,""f"":5640},{""b"":""00:1d:93:c7:62:e4"",""s"":""KT WiFi"",""r"":-82,""f"":5560}]",""
1789876181304,2026-09-20 12:49:41,unknown,37.5646865,127.0291308,100.0,,,61.04296947813649,fused,5,LTE,NONE,4G,false,false,false,false,false,51224334,474,100,1,8283,450,06,-84,-13,-55,,4,0,,,,2291,175,0.0183,0.0014,2271,155,0.0182,0.0012,false,6,0,6,-89,474,3050,0.032704614,true,false,periodic,0,2,,,5001,51224336,-80,-12,"[{""type"":""LTE"",""pci"":474,""earfcn"":3050,""tac"":null,""rsrp"":-89,""rsrq"":-13,""rssi"":-67,""snr"":null,""ta"":0,""level"":3,""bands"":""7""},{""type"":""LTE"",""pci"":474,""earfcn"":2600,""tac"":null,""rsrp"":-93,""rsrq"":-12,""rssi"":-71,""snr"":null,""ta"":0,""level"":3,""bands"":""5""},{""type"":""LTE"",""pci"":479,""earfcn"":100,""tac"":null,""rsrp"":-94,""rsrq"":-17,""rssi"":-67,""snr"":null,""ta"":0,""level"":3,""bands"":""1""},{""type"":""LTE"",""pci"":475,""earfcn"":3050,""tac"":null,""rsrp"":-99,""rsrq"":-18,""rssi"":-71,""snr"":null,""ta"":0,""level"":2,""bands"":""7""},{""type"":""LTE"",""pci"":479,""earfcn"":3050,""tac"":null,""rsrp"":-101,""rsrq"":-13,""rssi"":-71,""snr"":null,""ta"":0,""level"":2,""bands"":""7""},{""type"":""LTE"",""pci"":479,""earfcn"":2600,""tac"":null,""rsrp"":-102,""rsrq"":-10,""rssi"":-73,""snr"":null,""ta"":0,""level"":2,""bands"":""5""}]",1010.84296,35,,19,6,,,,"[{""b"":""40:27:0b:02:a2:b8"",""s"":""U+zone"",""r"":-49,""f"":5785},{""b"":""22:17:b2:0b:47:8a"",""s"":""T wifi zone_secure"",""r"":-55,""f"":5280},{""b"":""22:17:b2:0b:47:88"",""s"":""T wifi zone"",""r"":-55,""f"":5280},{""b"":""40:27:0b:02:a2:b7"",""s"":""U+zone_2.4GHz"",""r"":-56,""f"":2432},{""b"":""36:78:c2:00:0a:b4"",""s"":""KT WiFi "",""r"":-62,""f"":5240},{""b"":""30:78:c2:00:0a:b4"",""s"":""KT WiFi"",""r"":-63,""f"":5240},{""b"":""30:78:c2:00:0a:b5"",""s"":""KT WiFi"",""r"":-63,""f"":2412},{""b"":""02:17:b2:0b:47:8a"",""s"":""T wifi zone_secure"",""r"":-64,""f"":2472},{""b"":""36:78:c2:00:0a:b5"",""s"":""KT WiFi "",""r"":-64,""f"":2412},{""b"":""02:17:b2:0b:47:88"",""s"":""T wifi zone"",""r"":-65,""f"":2472},{""b"":""40:27:0b:02:a2:c7"",""s"":""U+zone"",""r"":-75,""f"":5620},{""b"":""02:a7:89:36:74:ac"",""s"":"""",""r"":-79,""f"":5745},{""b"":""06:1d:93:c7:62:e4"",""s"":""KT WiFi "",""r"":-81,""f"":5560},{""b"":""30:78:c2:00:07:d5"",""s"":""KT WiFi"",""r"":-82,""f"":5640},{""b"":""00:1d:93:c7:62:e4"",""s"":""KT WiFi"",""r"":-82,""f"":5560}]","[{""type"":""LTE"",""pci"":479,""earfcn"":2600,""tac"":null,""rsrp"":-60,""rsrq"":-11,""rssi"":-51,""snr"":null,""ta"":0,""level"":4,""bands"":""5""},{""type"":""LTE"",""pci"":479,""earfcn"":3050,""tac"":null,""rsrp"":-82,""rsrq"":-10,""rssi"":-63,""snr"":null,""ta"":0,""level"":4,""bands"":""7""},{""type"":""LTE"",""pci"":460,""earfcn"":100,""tac"":null,""rsrp"":-90,""rsrq"":-18,""rssi"":-63,""snr"":null,""ta"":0,""level"":3,""bands"":""1""},{""type"":""LTE"",""pci"":460,""earfcn"":3050,""tac"":null,""rsrp"":-95,""rsrq"":-13,""rssi"":-71,""snr"":null,""ta"":0,""level"":3,""bands"":""7""},{""type"":""LTE"",""pci"":496,""earfcn"":100,""tac"":null,""rsrp"":-98,""rsrq"":-20,""rssi"":-67,""snr"":null,""ta"":0,""level"":2,""bands"":""1""},{""type"":""LTE"",""pci"":496,""earfcn"":2600,""tac"":null,""rsrp"":-98,""rsrq"":-20,""rssi"":-63,""snr"":null,""ta"":0,""level"":2,""bands"":""5""},{""type"":""LTE"",""pci"":460,""earfcn"":2600,""tac"":null,""rsrp"":-99,""rsrq"":-20,""rssi"":-63,""snr"":null,""ta"":0,""level"":2,""bands"":""5""}]"
1789876186321,2026-09-20 12:49:46,unknown,37.5646865,127.0291308,100.0,,,61.04296947813649,fused,10,LTE,NONE,4G,false,false,false,false,false,51224334,474,100,1,8283,450,06,-84,-13,-55,,4,0,,,,3111,271,0.0249,0.0022,3071,231,0.0246,0.0018,false,6,0,6,-89,474,3050,1.5158277E-5,false,false,periodic,5,2,0,,10019,,,,"[{""type"":""LTE"",""pci"":474,""earfcn"":3050,""tac"":null,""rsrp"":-89,""rsrq"":-13,""rssi"":-67,""snr"":null,""ta"":0,""level"":3,""bands"":""7""},{""type"":""LTE"",""pci"":474,""earfcn"":2600,""tac"":null,""rsrp"":-93,""rsrq"":-12,""rssi"":-71,""snr"":null,""ta"":0,""level"":3,""bands"":""5""},{""type"":""LTE"",""pci"":479,""earfcn"":100,""tac"":null,""rsrp"":-94,""rsrq"":-17,""rssi"":-67,""snr"":null,""ta"":0,""level"":3,""bands"":""1""},{""type"":""LTE"",""pci"":475,""earfcn"":3050,""tac"":null,""rsrp"":-99,""rsrq"":-18,""rssi"":-71,""snr"":null,""ta"":0,""level"":2,""bands"":""7""},{""type"":""LTE"",""pci"":479,""earfcn"":3050,""tac"":null,""rsrp"":-101,""rsrq"":-13,""rssi"":-71,""snr"":null,""ta"":0,""level"":2,""bands"":""7""},{""type"":""LTE"",""pci"":479,""earfcn"":2600,""tac"":null,""rsrp"":-102,""rsrq"":-10,""rssi"":-73,""snr"":null,""ta"":0,""level"":2,""bands"":""5""}]",1011.1209,50,,16,3,,,,"[{""b"":""22:17:b2:0b:47:8a"",""s"":""T wifi zone_secure"",""r"":-55,""f"":5280},{""b"":""40:27:0b:02:a2:b8"",""s"":""U+zone"",""r"":-55,""f"":5785},{""b"":""40:27:0b:02:a2:b7"",""s"":""U+zone_2.4GHz"",""r"":-55,""f"":2432},{""b"":""22:17:b2:0b:47:88"",""s"":""T wifi zone"",""r"":-55,""f"":5280},{""b"":""36:78:c2:00:0a:b4"",""s"":""KT WiFi "",""r"":-59,""f"":5240},{""b"":""30:78:c2:00:0a:b4"",""s"":""KT WiFi"",""r"":-59,""f"":5240},{""b"":""02:17:b2:0b:47:88"",""s"":""T wifi zone"",""r"":-62,""f"":2472},{""b"":""02:17:b2:0b:47:8a"",""s"":""T wifi zone_secure"",""r"":-63,""f"":2472},{""b"":""36:78:c2:00:0a:b5"",""s"":""KT WiFi "",""r"":-64,""f"":2412},{""b"":""30:78:c2:00:0a:b5"",""s"":""KT WiFi"",""r"":-64,""f"":2412},{""b"":""40:27:0b:02:a2:c7"",""s"":""U+zone"",""r"":-74,""f"":5620},{""b"":""30:78:c2:00:07:d6"",""s"":""KT WiFi"",""r"":-79,""f"":2432},{""b"":""36:78:c2:00:07:d6"",""s"":""KT WiFi "",""r"":-80,""f"":2432},{""b"":""02:a7:89:36:74:ac"",""s"":"""",""r"":-80,""f"":5745},{""b"":""30:78:c2:00:07:d5"",""s"":""KT WiFi"",""r"":-81,""f"":5640}]",""
1789876191343,2026-09-20 12:49:51,unknown,37.5646865,127.0291308,100.0,,,61.04296947813649,fused,15,LTE,NONE,4G,false,false,false,false,false,51224337,475,100,1,8283,450,06,-85,-12,-53,,4,0,,,,3611,267,0.0289,0.0021,3591,247,0.0287,0.0020,false,7,0,7,-86,475,3050,7.497994E-9,true,false,periodic,0,3,,,5002,51224334,-84,-13,"[{""type"":""LTE"",""pci"":475,""earfcn"":3050,""tac"":null,""rsrp"":-86,""rsrq"":-8,""rssi"":-67,""snr"":null,""ta"":0,""level"":3,""bands"":""7""},{""type"":""LTE"",""pci"":474,""earfcn"":100,""tac"":null,""rsrp"":-94,""rsrq"":-16,""rssi"":-63,""snr"":null,""ta"":0,""level"":3,""bands"":""1""},{""type"":""LTE"",""pci"":475,""earfcn"":2600,""tac"":null,""rsrp"":-95,""rsrq"":-8,""rssi"":-77,""snr"":null,""ta"":0,""level"":3,""bands"":""5""},{""type"":""LTE"",""pci"":474,""earfcn"":3050,""tac"":null,""rsrp"":-97,""rsrq"":-19,""rssi"":-67,""snr"":null,""ta"":0,""level"":2,""bands"":""7""},{""type"":""LTE"",""pci"":474,""earfcn"":2600,""tac"":null,""rsrp"":-104,""rsrq"":-11,""rssi"":-77,""snr"":null,""ta"":0,""level"":2,""bands"":""5""},{""type"":""LTE"",""pci"":479,""earfcn"":100,""tac"":null,""rsrp"":-105,""rsrq"":-20,""rssi"":-77,""snr"":null,""ta"":0,""level"":2,""bands"":""1""},{""type"":""LTE"",""pci"":479,""earfcn"":2600,""tac"":null,""rsrp"":-110,""rsrq"":-20,""rssi"":-79,""snr"":null,""ta"":0,""level"":1,""bands"":""5""}]",1011.6116,58,,19,1,,,,"[{""b"":""40:27:0b:02:a2:b8"",""s"":""U+zone"",""r"":-47,""f"":5785},{""b"":""22:17:b2:0b:47:8a"",""s"":""T wifi zone_secure"",""r"":-55,""f"":5280},{""b"":""22:17:b2:0b:47:88"",""s"":""T wifi zone"",""r"":-55,""f"":5280},{""b"":""40:27:0b:02:a2:b7"",""s"":""U+zone_2.4GHz"",""r"":-56,""f"":2432},{""b"":""02:17:b2:0b:47:88"",""s"":""T wifi zone"",""r"":-58,""f"":2472},{""b"":""02:17:b2:0b:47:8a"",""s"":""T wifi zone_secure"",""r"":-60,""f"":2472},{""b"":""36:78:c2:00:0a:b4"",""s"":""KT WiFi "",""r"":-61,""f"":5240},{""b"":""30:78:c2:00:0a:b4"",""s"":""KT WiFi"",""r"":-61,""f"":5240},{""b"":""36:78:c2:00:0a:b5"",""s"":""KT WiFi "",""r"":-65,""f"":2412},{""b"":""30:78:c2:00:0a:b5"",""s"":""KT WiFi"",""r"":-65,""f"":2412},{""b"":""40:27:0b:02:a2:c7"",""s"":""U+zone"",""r"":-72,""f"":5620},{""b"":""36:78:c2:00:07:d6"",""s"":""KT WiFi "",""r"":-78,""f"":2432},{""b"":""30:78:c2:00:07:d6"",""s"":""KT WiFi"",""r"":-80,""f"":2432},{""b"":""22:17:b2:0b:7d:b8"",""s"":""T wifi zone_secure"",""r"":-81,""f"":5200},{""b"":""22:17:b2:0b:7d:b6"",""s"":""T wifi zone"",""r"":-82,""f"":5200}]","[{""type"":""LTE"",""pci"":474,""earfcn"":3050,""tac"":null,""rsrp"":-89,""rsrq"":-13,""rssi"":-67,""snr"":null,""ta"":0,""level"":3,""bands"":""7""},{""type"":""LTE"",""pci"":474,""earfcn"":2600,""tac"":null,""rsrp"":-93,""rsrq"":-12,""rssi"":-71,""snr"":null,""ta"":0,""level"":3,""bands"":""5""},{""type"":""LTE"",""pci"":479,""earfcn"":100,""tac"":null,""rsrp"":-94,""rsrq"":-17,""rssi"":-67,""snr"":null,""ta"":0,""level"":3,""bands"":""1""},{""type"":""LTE"",""pci"":475,""earfcn"":3050,""tac"":null,""rsrp"":-99,""rsrq"":-18,""rssi"":-71,""snr"":null,""ta"":0,""level"":2,""bands"":""7""},{""type"":""LTE"",""pci"":479,""earfcn"":3050,""tac"":null,""rsrp"":-101,""rsrq"":-13,""rssi"":-71,""snr"":null,""ta"":0,""level"":2,""bands"":""7""},{""type"":""LTE"",""pci"":479,""earfcn"":2600,""tac"":null,""rsrp"":-102,""rsrq"":-10,""rssi"":-73,""snr"":null,""ta"":0,""level"":2,""bands"":""5""}]"
1789876196404,2026-09-20 12:49:56,unknown,37.5646865,127.0291308,100.0,,,61.04296947813649,fused,20,LTE,NONE,4G,false,false,false,false,false,51224337,475,100,1,8283,450,06,-85,-12,-53,,4,0,,,,138,118,0.0011,0.0009,118,98,0.0009,0.0008,false,7,0,7,-86,475,3050,1.6743382,false,false,periodic,5,3,0,,10061,,,,"[{""type"":""LTE"",""pci"":475,""earfcn"":3050,""tac"":null,""rsrp"":-86,""rsrq"":-8,""rssi"":-67,""snr"":null,""ta"":0,""level"":3,""bands"":""7""},{""type"":""LTE"",""pci"":474,""earfcn"":100,""tac"":null,""rsrp"":-94,""rsrq"":-16,""rssi"":-63,""snr"":null,""ta"":0,""level"":3,""bands"":""1""},{""type"":""LTE"",""pci"":475,""earfcn"":2600,""tac"":null,""rsrp"":-95,""rsrq"":-8,""rssi"":-77,""snr"":null,""ta"":0,""level"":3,""bands"":""5""},{""type"":""LTE"",""pci"":474,""earfcn"":3050,""tac"":null,""rsrp"":-97,""rsrq"":-19,""rssi"":-67,""snr"":null,""ta"":0,""level"":2,""bands"":""7""},{""type"":""LTE"",""pci"":474,""earfcn"":2600,""tac"":null,""rsrp"":-104,""rsrq"":-11,""rssi"":-77,""snr"":null,""ta"":0,""level"":2,""bands"":""5""},{""type"":""LTE"",""pci"":479,""earfcn"":100,""tac"":null,""rsrp"":-105,""rsrq"":-20,""rssi"":-77,""snr"":null,""ta"":0,""level"":2,""bands"":""1""},{""type"":""LTE"",""pci"":479,""earfcn"":2600,""tac"":null,""rsrp"":-110,""rsrq"":-20,""rssi"":-79,""snr"":null,""ta"":0,""level"":1,""bands"":""5""}]",1012.0107,45,,19,6,,,,"[{""b"":""40:27:0b:02:a2:b8"",""s"":""U+zone"",""r"":-47,""f"":5785},{""b"":""22:17:b2:0b:47:8a"",""s"":""T wifi zone_secure"",""r"":-55,""f"":5280},{""b"":""22:17:b2:0b:47:88"",""s"":""T wifi zone"",""r"":-55,""f"":5280},{""b"":""40:27:0b:02:a2:b7"",""s"":""U+zone_2.4GHz"",""r"":-56,""f"":2432},{""b"":""02:17:b2:0b:47:88"",""s"":""T wifi zone"",""r"":-58,""f"":2472},{""b"":""02:17:b2:0b:47:8a"",""s"":""T wifi zone_secure"",""r"":-60,""f"":2472},{""b"":""36:78:c2:00:0a:b4"",""s"":""KT WiFi "",""r"":-61,""f"":5240},{""b"":""30:78:c2:00:0a:b4"",""s"":""KT WiFi"",""r"":-61,""f"":5240},{""b"":""36:78:c2:00:0a:b5"",""s"":""KT WiFi "",""r"":-65,""f"":2412},{""b"":""30:78:c2:00:0a:b5"",""s"":""KT WiFi"",""r"":-65,""f"":2412},{""b"":""40:27:0b:02:a2:c7"",""s"":""U+zone"",""r"":-72,""f"":5620},{""b"":""36:78:c2:00:07:d6"",""s"":""KT WiFi "",""r"":-78,""f"":2432},{""b"":""30:78:c2:00:07:d6"",""s"":""KT WiFi"",""r"":-80,""f"":2432},{""b"":""22:17:b2:0b:7d:b8"",""s"":""T wifi zone_secure"",""r"":-81,""f"":5200},{""b"":""22:17:b2:0b:7d:b6"",""s"":""T wifi zone"",""r"":-82,""f"":5200}]",""
1789876201422,2026-09-20 12:50:01,unknown,37.5646865,127.0291308,100.0,,,61.04296947813649,fused,25,LTE,NR_NSA,5G,true,false,true,false,false,51244302,486,100,1,8323,450,06,-82,-11,-53,,4,0,,,,3797,389,0.0304,0.0031,3777,369,0.0302,0.0030,false,7,0,7,-86,475,100,12.051619,true,false,periodic,0,3,,,4999,51224337,-85,-12,"[{""type"":""LTE"",""pci"":475,""earfcn"":100,""tac"":null,""rsrp"":-86,""rsrq"":-16,""rssi"":-59,""snr"":null,""ta"":0,""level"":3,""bands"":""1""},{""type"":""LTE"",""pci"":486,""earfcn"":3050,""tac"":null,""rsrp"":-86,""rsrq"":-7,""rssi"":-71,""snr"":null,""ta"":0,""level"":3,""bands"":""7""},{""type"":""LTE"",""pci"":475,""earfcn"":2600,""tac"":null,""rsrp"":-92,""rsrq"":-13,""rssi"":-73,""snr"":null,""ta"":0,""level"":3,""bands"":""5""},{""type"":""LTE"",""pci"":486,""earfcn"":2600,""tac"":null,""rsrp"":-94,""rsrq"":-13,""rssi"":-73,""snr"":null,""ta"":0,""level"":3,""bands"":""5""},{""type"":""LTE"",""pci"":474,""earfcn"":2600,""tac"":null,""rsrp"":-105,""rsrq"":-17,""rssi"":-73,""snr"":null,""ta"":0,""level"":2,""bands"":""5""},{""type"":""LTE"",""pci"":474,""earfcn"":100,""tac"":null,""rsrp"":-107,""rsrq"":-18,""rssi"":-77,""snr"":null,""ta"":0,""level"":1,""bands"":""1""},{""type"":""LTE"",""pci"":479,""earfcn"":2600,""tac"":null,""rsrp"":-114,""rsrq"":-20,""rssi"":-73,""snr"":null,""ta"":0,""level"":1,""bands"":""5""}]",1012.67474,40,,16,4,,,,"[{""b"":""40:27:0b:02:a2:b8"",""s"":""U+zone"",""r"":-45,""f"":5785},{""b"":""40:27:0b:02:a2:b7"",""s"":""U+zone_2.4GHz"",""r"":-47,""f"":2432},{""b"":""22:17:b2:0b:47:88"",""s"":""T wifi zone"",""r"":-49,""f"":5280},{""b"":""22:17:b2:0b:47:8a"",""s"":""T wifi zone_secure"",""r"":-50,""f"":5280},{""b"":""36:78:c2:00:0a:b4"",""s"":""KT WiFi "",""r"":-50,""f"":5240},{""b"":""30:78:c2:00:0a:b4"",""s"":""KT WiFi"",""r"":-50,""f"":5240},{""b"":""02:17:b2:0b:47:88"",""s"":""T wifi zone"",""r"":-57,""f"":2472},{""b"":""02:17:b2:0b:47:8a"",""s"":""T wifi zone_secure"",""r"":-59,""f"":2472},{""b"":""36:78:c2:00:0a:b5"",""s"":""KT WiFi "",""r"":-62,""f"":2412},{""b"":""30:78:c2:00:0a:b5"",""s"":""KT WiFi"",""r"":-63,""f"":2412},{""b"":""02:17:b2:0b:7d:b6"",""s"":""T wifi zone"",""r"":-73,""f"":2452},{""b"":""40:27:0b:02:a2:c7"",""s"":""U+zone"",""r"":-74,""f"":5620},{""b"":""22:17:b2:0b:7d:b6"",""s"":""T wifi zone"",""r"":-78,""f"":5200},{""b"":""22:17:b2:0b:7d:b8"",""s"":""T wifi zone_secure"",""r"":-78,""f"":5200},{""b"":""30:78:c2:00:07:d5"",""s"":""KT WiFi"",""r"":-79,""f"":5640}]","[{""type"":""LTE"",""pci"":475,""earfcn"":3050,""tac"":null,""rsrp"":-86,""rsrq"":-8,""rssi"":-67,""snr"":null,""ta"":0,""level"":3,""bands"":""7""},{""type"":""LTE"",""pci"":474,""earfcn"":100,""tac"":null,""rsrp"":-94,""rsrq"":-16,""rssi"":-63,""snr"":null,""ta"":0,""level"":3,""bands"":""1""},{""type"":""LTE"",""pci"":475,""earfcn"":2600,""tac"":null,""rsrp"":-95,""rsrq"":-8,""rssi"":-77,""snr"":null,""ta"":0,""level"":3,""bands"":""5""},{""type"":""LTE"",""pci"":474,""earfcn"":3050,""tac"":null,""rsrp"":-97,""rsrq"":-19,""rssi"":-67,""snr"":null,""ta"":0,""level"":2,""bands"":""7""},{""type"":""LTE"",""pci"":474,""earfcn"":2600,""tac"":null,""rsrp"":-104,""rsrq"":-11,""rssi"":-77,""snr"":null,""ta"":0,""level"":2,""bands"":""5""},{""type"":""LTE"",""pci"":479,""earfcn"":100,""tac"":null,""rsrp"":-105,""rsrq"":-20,""rssi"":-77,""snr"":null,""ta"":0,""level"":2,""bands"":""1""},{""type"":""LTE"",""pci"":479,""earfcn"":2600,""tac"":null,""rsrp"":-110,""rsrq"":-20,""rssi"":-79,""snr"":null,""ta"":0,""level"":1,""bands"":""5""}]"
1789876206431,2026-09-20 12:50:06,unknown,37.5646865,127.0291308,100.0,,,61.04296947813649,fused,30,LTE,NR_NSA,5G,true,false,true,false,false,51244302,486,100,1,8323,450,06,-72,-7,-51,15,4,0,,,,441402,15635,3.5312,0.1251,441382,15615,3.5311,0.1249,false,7,0,7,-65,486,3050,0.28234506,false,false,periodic,5,3,10,,5009,,,,"[{""type"":""LTE"",""pci"":486,""earfcn"":3050,""tac"":null,""rsrp"":-65,""rsrq"":-13,""rssi"":-51,""snr"":null,""ta"":0,""level"":4,""bands"":""7""},{""type"":""LTE"",""pci"":486,""earfcn"":2600,""tac"":null,""rsrp"":-67,""rsrq"":-8,""rssi"":-51,""snr"":null,""ta"":0,""level"":4,""bands"":""5""},{""type"":""LTE"",""pci"":84,""earfcn"":3050,""tac"":null,""rsrp"":-73,""rsrq"":-20,""rssi"":-51,""snr"":null,""ta"":0,""level"":4,""bands"":""7""},{""type"":""LTE"",""pci"":474,""earfcn"":2600,""tac"":null,""rsrp"":-75,""rsrq"":-15,""rssi"":-51,""snr"":null,""ta"":0,""level"":4,""bands"":""5""},{""type"":""LTE"",""pci"":475,""earfcn"":100,""tac"":null,""rsrp"":-91,""rsrq"":-19,""rssi"":-55,""snr"":null,""ta"":0,""level"":3,""bands"":""1""},{""type"":""LTE"",""pci"":475,""earfcn"":3050,""tac"":null,""rsrp"":-91,""rsrq"":-19,""rssi"":-59,""snr"":null,""ta"":0,""level"":3,""bands"":""7""},{""type"":""LTE"",""pci"":475,""earfcn"":2600,""tac"":null,""rsrp"":-96,""rsrq"":-20,""rssi"":-57,""snr"":null,""ta"":0,""level"":2,""bands"":""5""}]",1012.9038,13,59.079,24,3,,,,"[{""b"":""40:27:0b:02:a2:b7"",""s"":""U+zone_2.4GHz"",""r"":-32,""f"":2432},{""b"":""40:27:0b:02:a2:b8"",""s"":""U+zone"",""r"":-38,""f"":5785},{""b"":""22:17:b2:0b:47:8a"",""s"":""T wifi zone_secure"",""r"":-44,""f"":5280},{""b"":""22:17:b2:0b:47:88"",""s"":""T wifi zone"",""r"":-44,""f"":5280},{""b"":""02:17:b2:0b:47:8a"",""s"":""T wifi zone_secure"",""r"":-45,""f"":2472},{""b"":""02:17:b2:0b:47:88"",""s"":""T wifi zone"",""r"":-49,""f"":2472},{""b"":""30:78:c2:00:0a:b4"",""s"":""KT WiFi"",""r"":-49,""f"":5240},{""b"":""36:78:c2:00:0a:b4"",""s"":""KT WiFi "",""r"":-50,""f"":5240},{""b"":""30:78:c2:00:0a:b5"",""s"":""KT WiFi"",""r"":-52,""f"":2412},{""b"":""36:78:c2:00:0a:b5"",""s"":""KT WiFi "",""r"":-53,""f"":2412},{""b"":""40:27:0b:02:a2:c6"",""s"":""U+zone_2.4GHz"",""r"":-59,""f"":2432},{""b"":""02:17:b2:0b:7d:b6"",""s"":""T wifi zone"",""r"":-61,""f"":2452},{""b"":""40:27:0b:02:a2:c7"",""s"":""U+zone"",""r"":-62,""f"":5620},{""b"":""30:89:d3:3c:ba:ef"",""s"":""GlobalWiFi_A3SIHR"",""r"":-62,""f"":2437},{""b"":""36:78:c2:00:07:d6"",""s"":""KT WiFi "",""r"":-64,""f"":2432}]",""
1789876210869,2026-09-20 12:50:10,unknown,37.5646865,127.0291308,100.0,,,61.04296947813649,fused,34,LTE,NR_NSA,5G,true,false,true,false,false,51244304,463,100,1,8323,450,06,-83,-10,-51,10,4,0,,,,4392,433,0.0351,0.0035,4369,411,0.0350,0.0033,false,8,0,8,-81,463,3050,0.5035361,true,false,handover,0,4,,,3,51244302,-72,-7,"[{""type"":""LTE"",""pci"":463,""earfcn"":3050,""tac"":null,""rsrp"":-81,""rsrq"":-12,""rssi"":-57,""snr"":null,""ta"":0,""level"":4,""bands"":""7""},{""type"":""LTE"",""pci"":463,""earfcn"":2600,""tac"":null,""rsrp"":-82,""rsrq"":-8,""rssi"":-65,""snr"":null,""ta"":0,""level"":4,""bands"":""5""},{""type"":""LTE"",""pci"":486,""earfcn"":100,""tac"":null,""rsrp"":-83,""rsrq"":-12,""rssi"":-51,""snr"":null,""ta"":0,""level"":4,""bands"":""1""},{""type"":""LTE"",""pci"":475,""earfcn"":100,""tac"":null,""rsrp"":-83,""rsrq"":-13,""rssi"":-61,""snr"":null,""ta"":0,""level"":4,""bands"":""1""},{""type"":""LTE"",""pci"":486,""earfcn"":3050,""tac"":null,""rsrp"":-84,""rsrq"":-16,""rssi"":-57,""snr"":null,""ta"":0,""level"":4,""bands"":""7""},{""type"":""LTE"",""pci"":475,""earfcn"":3050,""tac"":null,""rsrp"":-88,""rsrq"":-15,""rssi"":-65,""snr"":null,""ta"":0,""level"":3,""bands"":""7""},{""type"":""LTE"",""pci"":486,""earfcn"":2600,""tac"":null,""rsrp"":-89,""rsrq"":-12,""rssi"":-65,""snr"":null,""ta"":0,""level"":3,""bands"":""5""},{""type"":""LTE"",""pci"":475,""earfcn"":2600,""tac"":null,""rsrp"":-91,""rsrq"":-17,""rssi"":-65,""snr"":null,""ta"":0,""level"":3,""bands"":""5""}]",1013.1118,38,,21,4,,,,"[{""b"":""40:27:0b:02:a2:b7"",""s"":""U+zone_2.4GHz"",""r"":-36,""f"":2432},{""b"":""40:27:0b:02:a2:b8"",""s"":""U+zone"",""r"":-40,""f"":5785},{""b"":""02:17:b2:0b:47:88"",""s"":""T wifi zone"",""r"":-43,""f"":2472},{""b"":""22:17:b2:0b:47:8a"",""s"":""T wifi zone_secure"",""r"":-45,""f"":5280},{""b"":""22:17:b2:0b:47:88"",""s"":""T wifi zone"",""r"":-45,""f"":5280},{""b"":""02:17:b2:0b:47:8a"",""s"":""T wifi zone_secure"",""r"":-46,""f"":2472},{""b"":""36:78:c2:00:0a:b4"",""s"":""KT WiFi "",""r"":-50,""f"":5240},{""b"":""30:78:c2:00:0a:b4"",""s"":""KT WiFi"",""r"":-50,""f"":5240},{""b"":""36:78:c2:00:0a:b5"",""s"":""KT WiFi "",""r"":-52,""f"":2412},{""b"":""30:78:c2:00:0a:b5"",""s"":""KT WiFi"",""r"":-53,""f"":2412},{""b"":""02:17:b2:0b:7d:b8"",""s"":""T wifi zone_secure"",""r"":-62,""f"":2452},{""b"":""02:17:b2:0b:7d:b6"",""s"":""T wifi zone"",""r"":-63,""f"":2452},{""b"":""40:27:0b:02:a2:c7"",""s"":""U+zone"",""r"":-64,""f"":5620},{""b"":""36:78:c2:00:07:d6"",""s"":""KT WiFi "",""r"":-70,""f"":2432},{""b"":""30:78:c2:00:07:d5"",""s"":""KT WiFi"",""r"":-72,""f"":5640}]","[{""type"":""LTE"",""pci"":486,""earfcn"":3050,""tac"":null,""rsrp"":-65,""rsrq"":-13,""rssi"":-51,""snr"":null,""ta"":0,""level"":4,""bands"":""7""},{""type"":""LTE"",""pci"":486,""earfcn"":2600,""tac"":null,""rsrp"":-67,""rsrq"":-8,""rssi"":-51,""snr"":null,""ta"":0,""level"":4,""bands"":""5""},{""type"":""LTE"",""pci"":84,""earfcn"":3050,""tac"":null,""rsrp"":-73,""rsrq"":-20,""rssi"":-51,""snr"":null,""ta"":0,""level"":4,""bands"":""7""},{""type"":""LTE"",""pci"":474,""earfcn"":2600,""tac"":null,""rsrp"":-75,""rsrq"":-15,""rssi"":-51,""snr"":null,""ta"":0,""level"":4,""bands"":""5""},{""type"":""LTE"",""pci"":475,""earfcn"":100,""tac"":null,""rsrp"":-91,""rsrq"":-19,""rssi"":-55,""snr"":null,""ta"":0,""level"":3,""bands"":""1""},{""type"":""LTE"",""pci"":475,""earfcn"":3050,""tac"":null,""rsrp"":-91,""rsrq"":-19,""rssi"":-59,""snr"":null,""ta"":0,""level"":3,""bands"":""7""},{""type"":""LTE"",""pci"":475,""earfcn"":2600,""tac"":null,""rsrp"":-96,""rsrq"":-20,""rssi"":-57,""snr"":null,""ta"":0,""level"":2,""bands"":""5""}]"
1789876211446,2026-09-20 12:50:11,unknown,37.5646865,127.0291308,100.0,,,61.04296947813649,fused,35,LTE,NR_NSA,5G,true,false,true,false,false,51244304,463,100,1,8323,450,06,-83,-10,-51,10,4,0,,,,0,0,0.0000,0.0000,0,0,0.0000,0.0000,false,8,0,8,-81,463,3050,1.3205155,false,false,periodic,0,3,0,0,584,,,,"[{""type"":""LTE"",""pci"":463,""earfcn"":3050,""tac"":null,""rsrp"":-81,""rsrq"":-12,""rssi"":-57,""snr"":null,""ta"":0,""level"":4,""bands"":""7""},{""type"":""LTE"",""pci"":463,""earfcn"":2600,""tac"":null,""rsrp"":-82,""rsrq"":-8,""rssi"":-65,""snr"":null,""ta"":0,""level"":4,""bands"":""5""},{""type"":""LTE"",""pci"":486,""earfcn"":100,""tac"":null,""rsrp"":-83,""rsrq"":-12,""rssi"":-51,""snr"":null,""ta"":0,""level"":4,""bands"":""1""},{""type"":""LTE"",""pci"":475,""earfcn"":100,""tac"":null,""rsrp"":-83,""rsrq"":-13,""rssi"":-61,""snr"":null,""ta"":0,""level"":4,""bands"":""1""},{""type"":""LTE"",""pci"":486,""earfcn"":3050,""tac"":null,""rsrp"":-84,""rsrq"":-16,""rssi"":-57,""snr"":null,""ta"":0,""level"":4,""bands"":""7""},{""type"":""LTE"",""pci"":475,""earfcn"":3050,""tac"":null,""rsrp"":-88,""rsrq"":-15,""rssi"":-65,""snr"":null,""ta"":0,""level"":3,""bands"":""7""},{""type"":""LTE"",""pci"":486,""earfcn"":2600,""tac"":null,""rsrp"":-89,""rsrq"":-12,""rssi"":-65,""snr"":null,""ta"":0,""level"":3,""bands"":""5""},{""type"":""LTE"",""pci"":475,""earfcn"":2600,""tac"":null,""rsrp"":-91,""rsrq"":-17,""rssi"":-65,""snr"":null,""ta"":0,""level"":3,""bands"":""5""}]",1013.1779,38,,21,5,,,,"[{""b"":""40:27:0b:02:a2:b7"",""s"":""U+zone_2.4GHz"",""r"":-36,""f"":2432},{""b"":""40:27:0b:02:a2:b8"",""s"":""U+zone"",""r"":-40,""f"":5785},{""b"":""02:17:b2:0b:47:88"",""s"":""T wifi zone"",""r"":-43,""f"":2472},{""b"":""22:17:b2:0b:47:8a"",""s"":""T wifi zone_secure"",""r"":-45,""f"":5280},{""b"":""22:17:b2:0b:47:88"",""s"":""T wifi zone"",""r"":-45,""f"":5280},{""b"":""02:17:b2:0b:47:8a"",""s"":""T wifi zone_secure"",""r"":-46,""f"":2472},{""b"":""36:78:c2:00:0a:b4"",""s"":""KT WiFi "",""r"":-50,""f"":5240},{""b"":""30:78:c2:00:0a:b4"",""s"":""KT WiFi"",""r"":-50,""f"":5240},{""b"":""36:78:c2:00:0a:b5"",""s"":""KT WiFi "",""r"":-52,""f"":2412},{""b"":""30:78:c2:00:0a:b5"",""s"":""KT WiFi"",""r"":-53,""f"":2412},{""b"":""02:17:b2:0b:7d:b8"",""s"":""T wifi zone_secure"",""r"":-62,""f"":2452},{""b"":""02:17:b2:0b:7d:b6"",""s"":""T wifi zone"",""r"":-63,""f"":2452},{""b"":""40:27:0b:02:a2:c7"",""s"":""U+zone"",""r"":-64,""f"":5620},{""b"":""36:78:c2:00:07:d6"",""s"":""KT WiFi "",""r"":-70,""f"":2432},{""b"":""30:78:c2:00:07:d5"",""s"":""KT WiFi"",""r"":-72,""f"":5640}]",""
1789876216465,2026-09-20 12:50:16,unknown,37.5659702,127.0200716,100.0,,,42.36625315384379,fused,3,LTE,NR_NSA,5G,true,false,true,false,false,51244304,463,100,1,8323,450,06,-76,-9,-51,10,4,0,,,,1342,1106,0.0107,0.0088,1302,1066,0.0104,0.0085,false,8,0,8,-78,486,100,0.093692146,false,false,periodic,5,3,7,0,5001,,,,"[{""type"":""LTE"",""pci"":486,""earfcn"":100,""tac"":null,""rsrp"":-78,""rsrq"":-14,""rssi"":-53,""snr"":null,""ta"":0,""level"":4,""bands"":""1""},{""type"":""LTE"",""pci"":463,""earfcn"":2600,""tac"":null,""rsrp"":-79,""rsrq"":-9,""rssi"":-53,""snr"":null,""ta"":0,""level"":4,""bands"":""5""},{""type"":""LTE"",""pci"":475,""earfcn"":100,""tac"":null,""rsrp"":-81,""rsrq"":-16,""rssi"":-53,""snr"":null,""ta"":0,""level"":4,""bands"":""1""},{""type"":""LTE"",""pci"":463,""earfcn"":3050,""tac"":null,""rsrp"":-81,""rsrq"":-12,""rssi"":-57,""snr"":null,""ta"":0,""level"":4,""bands"":""7""},{""type"":""LTE"",""pci"":486,""earfcn"":3050,""tac"":null,""rsrp"":-84,""rsrq"":-16,""rssi"":-57,""snr"":null,""ta"":0,""level"":4,""bands"":""7""},{""type"":""LTE"",""pci"":475,""earfcn"":3050,""tac"":null,""rsrp"":-88,""rsrq"":-15,""rssi"":-65,""snr"":null,""ta"":0,""level"":3,""bands"":""7""},{""type"":""LTE"",""pci"":486,""earfcn"":2600,""tac"":null,""rsrp"":-89,""rsrq"":-12,""rssi"":-65,""snr"":null,""ta"":0,""level"":3,""bands"":""5""},{""type"":""LTE"",""pci"":475,""earfcn"":2600,""tac"":null,""rsrp"":-91,""rsrq"":-17,""rssi"":-65,""snr"":null,""ta"":0,""level"":3,""bands"":""5""}]",1013.3294,10,,27,3,,,,"[{""b"":""40:27:0b:02:a2:b8"",""s"":""U+zone"",""r"":-39,""f"":5785},{""b"":""40:27:0b:02:a2:b7"",""s"":""U+zone_2.4GHz"",""r"":-39,""f"":2432},{""b"":""22:17:b2:0b:47:8a"",""s"":""T wifi zone_secure"",""r"":-46,""f"":5280},{""b"":""22:17:b2:0b:47:88"",""s"":""T wifi zone"",""r"":-46,""f"":5280},{""b"":""02:17:b2:0b:47:88"",""s"":""T wifi zone"",""r"":-50,""f"":2472},{""b"":""02:17:b2:0b:47:8a"",""s"":""T wifi zone_secure"",""r"":-50,""f"":2472},{""b"":""36:78:c2:00:0a:b5"",""s"":""KT WiFi "",""r"":-50,""f"":2412},{""b"":""30:78:c2:00:0a:b5"",""s"":""KT WiFi"",""r"":-50,""f"":2412},{""b"":""30:78:c2:00:0a:b4"",""s"":""KT WiFi"",""r"":-51,""f"":5240},{""b"":""36:78:c2:00:0a:b4"",""s"":""KT WiFi "",""r"":-55,""f"":5240},{""b"":""02:17:b2:0b:7d:b8"",""s"":""T wifi zone_secure"",""r"":-60,""f"":2452},{""b"":""02:17:b2:0b:7d:b6"",""s"":""T wifi zone"",""r"":-61,""f"":2452},{""b"":""30:89:d3:3c:ba:ef"",""s"":""GlobalWiFi_A3SIHR"",""r"":-62,""f"":2437},{""b"":""40:27:0b:02:a2:c6"",""s"":""U+zone_2.4GHz"",""r"":-64,""f"":2432},{""b"":""40:27:0b:02:a2:c7"",""s"":""U+zone"",""r"":-66,""f"":5620}]",""
1789876221480,2026-09-20 12:50:21,unknown,37.565749,127.019179,74.746,,,39.72261762977741,fused,3,LTE,NR_NSA,5G,true,false,true,false,false,51244304,463,100,1,8323,450,06,-58,-9,-51,17,4,0,,,,2579,191,0.0206,0.0015,2559,171,0.0205,0.0014,false,7,0,7,-52,463,2600,0.001696964,false,false,periodic,10,2,18,7,4999,,,,"[{""type"":""LTE"",""pci"":463,""earfcn"":2600,""tac"":null,""rsrp"":-52,""rsrq"":-9,""rssi"":-51,""snr"":null,""ta"":0,""level"":4,""bands"":""5""},{""type"":""LTE"",""pci"":486,""earfcn"":2600,""tac"":null,""rsrp"":-59,""rsrq"":-19,""rssi"":-51,""snr"":null,""ta"":0,""level"":4,""bands"":""5""},{""type"":""LTE"",""pci"":475,""earfcn"":2600,""tac"":null,""rsrp"":-63,""rsrq"":-16,""rssi"":-51,""snr"":null,""ta"":0,""level"":4,""bands"":""5""},{""type"":""LTE"",""pci"":463,""earfcn"":3050,""tac"":null,""rsrp"":-68,""rsrq"":-13,""rssi"":-51,""snr"":null,""ta"":0,""level"":4,""bands"":""7""},{""type"":""LTE"",""pci"":486,""earfcn"":100,""tac"":null,""rsrp"":-70,""rsrq"":-18,""rssi"":-51,""snr"":null,""ta"":0,""level"":4,""bands"":""1""},{""type"":""LTE"",""pci"":475,""earfcn"":3050,""tac"":null,""rsrp"":-83,""rsrq"":-17,""rssi"":-57,""snr"":null,""ta"":0,""level"":4,""bands"":""7""},{""type"":""LTE"",""pci"":486,""earfcn"":3050,""tac"":null,""rsrp"":-87,""rsrq"":-20,""rssi"":-57,""snr"":null,""ta"":0,""level"":3,""bands"":""7""}]",1013.39954,32,,26,1,,,,"[{""b"":""40:27:0b:02:a2:b8"",""s"":""U+zone"",""r"":-39,""f"":5785},{""b"":""40:27:0b:02:a2:b7"",""s"":""U+zone_2.4GHz"",""r"":-41,""f"":2432},{""b"":""02:17:b2:0b:47:88"",""s"":""T wifi zone"",""r"":-47,""f"":2472},{""b"":""02:17:b2:0b:47:8a"",""s"":""T wifi zone_secure"",""r"":-47,""f"":2472},{""b"":""22:17:b2:0b:47:8a"",""s"":""T wifi zone_secure"",""r"":-47,""f"":5280},{""b"":""22:17:b2:0b:47:88"",""s"":""T wifi zone"",""r"":-47,""f"":5280},{""b"":""36:78:c2:00:0a:b5"",""s"":""KT WiFi "",""r"":-52,""f"":2412},{""b"":""30:78:c2:00:0a:b5"",""s"":""KT WiFi"",""r"":-52,""f"":2412},{""b"":""36:78:c2:00:0a:b4"",""s"":""KT WiFi "",""r"":-57,""f"":5240},{""b"":""30:78:c2:00:0a:b4"",""s"":""KT WiFi"",""r"":-57,""f"":5240},{""b"":""30:89:d3:3c:ba:ef"",""s"":""GlobalWiFi_A3SIHR"",""r"":-62,""f"":2437},{""b"":""40:27:0b:02:a2:c7"",""s"":""U+zone"",""r"":-66,""f"":5620},{""b"":""44:e6:4a:0c:85:cd"",""s"":"" Uro_6691249"",""r"":-68,""f"":2462},{""b"":""02:17:b2:0b:7d:b6"",""s"":""T wifi zone"",""r"":-72,""f"":2452},{""b"":""22:17:b2:0b:7d:b6"",""s"":""T wifi zone"",""r"":-74,""f"":5200}]",""
1789876226489,2026-09-20 12:50:26,unknown,37.565749,127.019179,339.226,,,38.98726789351694,fused,1,LTE,NR_NSA,5G,true,false,true,false,false,51244304,463,100,1,8323,450,06,-72,-8,-51,21,4,0,,,,4125,1984,0.0330,0.0159,4105,1964,0.0328,0.0157,false,8,0,8,-71,463,2600,0.9951963,false,false,periodic,15,2,-14,4,1884,,,,"[{""type"":""LTE"",""pci"":463,""earfcn"":2600,""tac"":null,""rsrp"":-71,""rsrq"":-11,""rssi"":-51,""snr"":null,""ta"":0,""level"":4,""bands"":""5""},{""type"":""LTE"",""pci"":463,""earfcn"":3050,""tac"":null,""rsrp"":-77,""rsrq"":-10,""rssi"":-55,""snr"":null,""ta"":0,""level"":4,""bands"":""7""},{""type"":""LTE"",""pci"":475,""earfcn"":3050,""tac"":null,""rsrp"":-79,""rsrq"":-13,""rssi"":-55,""snr"":null,""ta"":0,""level"":4,""bands"":""7""},{""type"":""LTE"",""pci"":475,""earfcn"":100,""tac"":null,""rsrp"":-80,""rsrq"":-16,""rssi"":-53,""snr"":null,""ta"":0,""level"":4,""bands"":""1""},{""type"":""LTE"",""pci"":486,""earfcn"":100,""tac"":null,""rsrp"":-82,""rsrq"":-18,""rssi"":-53,""snr"":null,""ta"":0,""level"":4,""bands"":""1""},{""type"":""LTE"",""pci"":486,""earfcn"":2600,""tac"":null,""rsrp"":-83,""rsrq"":-20,""rssi"":-53,""snr"":null,""ta"":0,""level"":4,""bands"":""5""},{""type"":""LTE"",""pci"":486,""earfcn"":3050,""tac"":null,""rsrp"":-84,""rsrq"":-19,""rssi"":-55,""snr"":null,""ta"":0,""level"":4,""bands"":""7""},{""type"":""LTE"",""pci"":474,""earfcn"":100,""tac"":null,""rsrp"":-89,""rsrq"":-20,""rssi"":-55,""snr"":null,""ta"":0,""level"":3,""bands"":""1""}]",1013.3921,31,,26,4,,,,"[{""b"":""40:27:0b:02:a2:b8"",""s"":""U+zone"",""r"":-39,""f"":5785},{""b"":""40:27:0b:02:a2:b7"",""s"":""U+zone_2.4GHz"",""r"":-40,""f"":2432},{""b"":""02:17:b2:0b:47:88"",""s"":""T wifi zone"",""r"":-46,""f"":2472},{""b"":""02:17:b2:0b:47:8a"",""s"":""T wifi zone_secure"",""r"":-46,""f"":2472},{""b"":""22:17:b2:0b:47:8a"",""s"":""T wifi zone_secure"",""r"":-49,""f"":5280},{""b"":""22:17:b2:0b:47:88"",""s"":""T wifi zone"",""r"":-49,""f"":5280},{""b"":""30:78:c2:00:0a:b5"",""s"":""KT WiFi"",""r"":-51,""f"":2412},{""b"":""36:78:c2:00:0a:b5"",""s"":""KT WiFi "",""r"":-53,""f"":2412},{""b"":""36:78:c2:00:0a:b4"",""s"":""KT WiFi "",""r"":-56,""f"":5240},{""b"":""30:78:c2:00:0a:b4"",""s"":""KT WiFi"",""r"":-56,""f"":5240},{""b"":""30:89:d3:3c:ba:ef"",""s"":""GlobalWiFi_A3SIHR"",""r"":-61,""f"":2437},{""b"":""40:27:0b:02:a2:c6"",""s"":""U+zone_2.4GHz"",""r"":-62,""f"":2432},{""b"":""44:e6:4a:0c:85:cd"",""s"":"" Uro_6691249"",""r"":-67,""f"":2462},{""b"":""36:78:c2:00:07:d6"",""s"":""KT WiFi "",""r"":-69,""f"":2432},{""b"":""30:78:c2:00:07:d6"",""s"":""KT WiFi"",""r"":-70,""f"":2432}]",""
1789876231496,2026-09-20 12:50:31,unknown,37.565749,127.019179,339.226,,,38.98726789351694,fused,6,LTE,NR_NSA,5G,true,false,true,false,false,51244304,463,100,1,8323,450,06,-70,-8,-51,17,4,0,,,,140,113,0.0011,0.0009,100,73,0.0008,0.0006,false,7,0,7,-72,463,2600,0.15511815,false,false,periodic,20,1,2,-4,1886,,,,"[{""type"":""LTE"",""pci"":463,""earfcn"":2600,""tac"":null,""rsrp"":-72,""rsrq"":-10,""rssi"":-51,""snr"":null,""ta"":0,""level"":4,""bands"":""5""},{""type"":""LTE"",""pci"":486,""earfcn"":100,""tac"":null,""rsrp"":-78,""rsrq"":-17,""rssi"":-51,""snr"":null,""ta"":0,""level"":4,""bands"":""1""},{""type"":""LTE"",""pci"":486,""earfcn"":2600,""tac"":null,""rsrp"":-83,""rsrq"":-20,""rssi"":-53,""snr"":null,""ta"":0,""level"":4,""bands"":""5""},{""type"":""LTE"",""pci"":475,""earfcn"":100,""tac"":null,""rsrp"":-84,""rsrq"":-18,""rssi"":-55,""snr"":null,""ta"":0,""level"":4,""bands"":""1""},{""type"":""LTE"",""pci"":475,""earfcn"":3050,""tac"":null,""rsrp"":-85,""rsrq"":-13,""rssi"":-63,""snr"":null,""ta"":0,""level"":4,""bands"":""7""},{""type"":""LTE"",""pci"":463,""earfcn"":3050,""tac"":null,""rsrp"":-88,""rsrq"":-13,""rssi"":-63,""snr"":null,""ta"":0,""level"":3,""bands"":""7""},{""type"":""LTE"",""pci"":486,""earfcn"":3050,""tac"":null,""rsrp"":-88,""rsrq"":-15,""rssi"":-63,""snr"":null,""ta"":0,""level"":3,""bands"":""7""}]",1013.3989,17,,26,9,,,,"[{""b"":""40:27:0b:02:a2:b8"",""s"":""U+zone"",""r"":-39,""f"":5785},{""b"":""40:27:0b:02:a2:b7"",""s"":""U+zone_2.4GHz"",""r"":-40,""f"":2432},{""b"":""02:17:b2:0b:47:88"",""s"":""T wifi zone"",""r"":-46,""f"":2472},{""b"":""02:17:b2:0b:47:8a"",""s"":""T wifi zone_secure"",""r"":-46,""f"":2472},{""b"":""22:17:b2:0b:47:8a"",""s"":""T wifi zone_secure"",""r"":-49,""f"":5280},{""b"":""22:17:b2:0b:47:88"",""s"":""T wifi zone"",""r"":-49,""f"":5280},{""b"":""30:78:c2:00:0a:b5"",""s"":""KT WiFi"",""r"":-51,""f"":2412},{""b"":""36:78:c2:00:0a:b5"",""s"":""KT WiFi "",""r"":-53,""f"":2412},{""b"":""36:78:c2:00:0a:b4"",""s"":""KT WiFi "",""r"":-56,""f"":5240},{""b"":""30:78:c2:00:0a:b4"",""s"":""KT WiFi"",""r"":-56,""f"":5240},{""b"":""30:89:d3:3c:ba:ef"",""s"":""GlobalWiFi_A3SIHR"",""r"":-61,""f"":2437},{""b"":""40:27:0b:02:a2:c6"",""s"":""U+zone_2.4GHz"",""r"":-62,""f"":2432},{""b"":""44:e6:4a:0c:85:cd"",""s"":"" Uro_6691249"",""r"":-67,""f"":2462},{""b"":""36:78:c2:00:07:d6"",""s"":""KT WiFi "",""r"":-69,""f"":2432},{""b"":""30:78:c2:00:07:d6"",""s"":""KT WiFi"",""r"":-70,""f"":2432}]",""
1789876235807,2026-09-20 12:50:35,unknown,37.5657204,127.0203326,24.531,,,38.90752247591177,fused,6,LTE,NR_NSA,5G,true,false,true,false,false,51244304,463,100,1,8323,450,06,-70,-8,-51,17,4,0,,,,489836,1010,3.9187,0.0081,489813,987,3.9185,0.0079,false,7,0,7,-72,463,2600,0.31475714,false,false,anchor,24,1,0,0,6196,,,,"[{""type"":""LTE"",""pci"":463,""earfcn"":2600,""tac"":null,""rsrp"":-72,""rsrq"":-10,""rssi"":-51,""snr"":null,""ta"":0,""level"":4,""bands"":""5""},{""type"":""LTE"",""pci"":486,""earfcn"":100,""tac"":null,""rsrp"":-78,""rsrq"":-17,""rssi"":-51,""snr"":null,""ta"":0,""level"":4,""bands"":""1""},{""type"":""LTE"",""pci"":486,""earfcn"":2600,""tac"":null,""rsrp"":-83,""rsrq"":-20,""rssi"":-53,""snr"":null,""ta"":0,""level"":4,""bands"":""5""},{""type"":""LTE"",""pci"":475,""earfcn"":100,""tac"":null,""rsrp"":-84,""rsrq"":-18,""rssi"":-55,""snr"":null,""ta"":0,""level"":4,""bands"":""1""},{""type"":""LTE"",""pci"":475,""earfcn"":3050,""tac"":null,""rsrp"":-85,""rsrq"":-13,""rssi"":-63,""snr"":null,""ta"":0,""level"":4,""bands"":""7""},{""type"":""LTE"",""pci"":463,""earfcn"":3050,""tac"":null,""rsrp"":-88,""rsrq"":-13,""rssi"":-63,""snr"":null,""ta"":0,""level"":3,""bands"":""7""},{""type"":""LTE"",""pci"":486,""earfcn"":3050,""tac"":null,""rsrp"":-88,""rsrq"":-15,""rssi"":-63,""snr"":null,""ta"":0,""level"":3,""bands"":""7""}]",1013.3694,118,46.323,32,1,신당역,,,"[{""b"":""40:27:0b:02:a2:b8"",""s"":""U+zone"",""r"":-37,""f"":5785},{""b"":""40:27:0b:02:a2:b7"",""s"":""U+zone_2.4GHz"",""r"":-38,""f"":2432},{""b"":""02:17:b2:0b:47:88"",""s"":""T wifi zone"",""r"":-44,""f"":2472},{""b"":""02:17:b2:0b:47:8a"",""s"":""T wifi zone_secure"",""r"":-47,""f"":2472},{""b"":""22:17:b2:0b:47:8a"",""s"":""T wifi zone_secure"",""r"":-47,""f"":5280},{""b"":""22:17:b2:0b:47:88"",""s"":""T wifi zone"",""r"":-48,""f"":5280},{""b"":""36:78:c2:00:0a:b5"",""s"":""KT WiFi "",""r"":-51,""f"":2412},{""b"":""30:78:c2:00:0a:b5"",""s"":""KT WiFi"",""r"":-52,""f"":2412},{""b"":""30:89:d3:3c:ba:ef"",""s"":""GlobalWiFi_A3SIHR"",""r"":-60,""f"":2437},{""b"":""36:78:c2:00:0a:b4"",""s"":""KT WiFi "",""r"":-61,""f"":5240},{""b"":""30:78:c2:00:0a:b4"",""s"":""KT WiFi"",""r"":-62,""f"":5240},{""b"":""30:78:c2:00:07:d6"",""s"":""KT WiFi"",""r"":-63,""f"":2432},{""b"":""02:17:b2:0b:7d:b6"",""s"":""T wifi zone"",""r"":-66,""f"":2452},{""b"":""02:17:b2:0b:7d:b8"",""s"":""T wifi zone_secure"",""r"":-66,""f"":2452},{""b"":""40:27:0b:02:a2:c7"",""s"":""U+zone"",""r"":-69,""f"":5620}]",""
1789876236509,2026-09-20 12:50:36,unknown,37.5656687,127.0199388,43.076,,,38.764746945470996,fused,4,LTE,NR_NSA,5G,true,false,true,false,false,51244304,463,100,1,8323,450,06,-72,-11,-51,14,4,0,,,,0,0,0.0000,0.0000,0,0,0.0000,0.0000,false,7,0,7,-78,463,2600,0.2354258,false,false,periodic,25,1,-2,-3,127,,,,"[{""type"":""LTE"",""pci"":463,""earfcn"":2600,""tac"":null,""rsrp"":-78,""rsrq"":-10,""rssi"":-57,""snr"":null,""ta"":0,""level"":4,""bands"":""5""},{""type"":""LTE"",""pci"":475,""earfcn"":100,""tac"":null,""rsrp"":-79,""rsrq"":-17,""rssi"":-53,""snr"":null,""ta"":0,""level"":4,""bands"":""1""},{""type"":""LTE"",""pci"":463,""earfcn"":3050,""tac"":null,""rsrp"":-81,""rsrq"":-12,""rssi"":-59,""snr"":null,""ta"":0,""level"":4,""bands"":""7""},{""type"":""LTE"",""pci"":486,""earfcn"":100,""tac"":null,""rsrp"":-84,""rsrq"":-20,""rssi"":-53,""snr"":null,""ta"":0,""level"":4,""bands"":""1""},{""type"":""LTE"",""pci"":486,""earfcn"":3050,""tac"":null,""rsrp"":-86,""rsrq"":-17,""rssi"":-59,""snr"":null,""ta"":0,""level"":3,""bands"":""7""},{""type"":""LTE"",""pci"":486,""earfcn"":2600,""tac"":null,""rsrp"":-87,""rsrq"":-20,""rssi"":-57,""snr"":null,""ta"":0,""level"":3,""bands"":""5""},{""type"":""LTE"",""pci"":475,""earfcn"":3050,""tac"":null,""rsrp"":-91,""rsrq"":-16,""rssi"":-59,""snr"":null,""ta"":0,""level"":3,""bands"":""7""}]",1013.37256,118,,32,2,,,,"[{""b"":""40:27:0b:02:a2:b8"",""s"":""U+zone"",""r"":-37,""f"":5785},{""b"":""40:27:0b:02:a2:b7"",""s"":""U+zone_2.4GHz"",""r"":-38,""f"":2432},{""b"":""02:17:b2:0b:47:88"",""s"":""T wifi zone"",""r"":-44,""f"":2472},{""b"":""02:17:b2:0b:47:8a"",""s"":""T wifi zone_secure"",""r"":-47,""f"":2472},{""b"":""22:17:b2:0b:47:8a"",""s"":""T wifi zone_secure"",""r"":-47,""f"":5280},{""b"":""22:17:b2:0b:47:88"",""s"":""T wifi zone"",""r"":-48,""f"":5280},{""b"":""36:78:c2:00:0a:b5"",""s"":""KT WiFi "",""r"":-51,""f"":2412},{""b"":""30:78:c2:00:0a:b5"",""s"":""KT WiFi"",""r"":-52,""f"":2412},{""b"":""30:89:d3:3c:ba:ef"",""s"":""GlobalWiFi_A3SIHR"",""r"":-60,""f"":2437},{""b"":""36:78:c2:00:0a:b4"",""s"":""KT WiFi "",""r"":-61,""f"":5240},{""b"":""30:78:c2:00:0a:b4"",""s"":""KT WiFi"",""r"":-62,""f"":5240},{""b"":""30:78:c2:00:07:d6"",""s"":""KT WiFi"",""r"":-63,""f"":2432},{""b"":""02:17:b2:0b:7d:b6"",""s"":""T wifi zone"",""r"":-66,""f"":2452},{""b"":""02:17:b2:0b:7d:b8"",""s"":""T wifi zone_secure"",""r"":-66,""f"":2452},{""b"":""40:27:0b:02:a2:c7"",""s"":""U+zone"",""r"":-69,""f"":5620}]",""
1789876241521,2026-09-20 12:50:41,unknown,37.5659702,127.0200716,100.0,,,38.95582865117715,fused,0,LTE,NR_NSA,5G,true,false,true,false,false,51244304,463,100,1,8323,450,06,-72,-11,-51,17,4,0,,,,132,116,0.0011,0.0009,112,96,0.0009,0.0008,false,7,0,7,-78,486,100,0.0055307294,false,false,periodic,30,0,0,3,142,,,,"[{""type"":""LTE"",""pci"":486,""earfcn"":100,""tac"":null,""rsrp"":-78,""rsrq"":-20,""rssi"":-51,""snr"":null,""ta"":0,""level"":4,""bands"":""1""},{""type"":""LTE"",""pci"":463,""earfcn"":3050,""tac"":null,""rsrp"":-78,""rsrq"":-11,""rssi"":-57,""snr"":null,""ta"":0,""level"":4,""bands"":""7""},{""type"":""LTE"",""pci"":463,""earfcn"":2600,""tac"":null,""rsrp"":-79,""rsrq"":-11,""rssi"":-57,""snr"":null,""ta"":0,""level"":4,""bands"":""5""},{""type"":""LTE"",""pci"":475,""earfcn"":100,""tac"":null,""rsrp"":-80,""rsrq"":-20,""rssi"":-51,""snr"":null,""ta"":0,""level"":4,""bands"":""1""},{""type"":""LTE"",""pci"":475,""earfcn"":3050,""tac"":null,""rsrp"":-84,""rsrq"":-15,""rssi"":-57,""snr"":null,""ta"":0,""level"":4,""bands"":""7""},{""type"":""LTE"",""pci"":486,""earfcn"":3050,""tac"":null,""rsrp"":-87,""rsrq"":-16,""rssi"":-57,""snr"":null,""ta"":0,""level"":3,""bands"":""7""},{""type"":""LTE"",""pci"":486,""earfcn"":2600,""tac"":null,""rsrp"":-98,""rsrq"":-20,""rssi"":-59,""snr"":null,""ta"":0,""level"":2,""bands"":""5""}]",1013.3641,26,,24,4,,,,"[{""b"":""40:27:0b:02:a2:b8"",""s"":""U+zone"",""r"":-40,""f"":5785},{""b"":""40:27:0b:02:a2:b7"",""s"":""U+zone_2.4GHz"",""r"":-43,""f"":2432},{""b"":""02:17:b2:0b:47:88"",""s"":""T wifi zone"",""r"":-48,""f"":2472},{""b"":""02:17:b2:0b:47:8a"",""s"":""T wifi zone_secure"",""r"":-48,""f"":2472},{""b"":""22:17:b2:0b:47:88"",""s"":""T wifi zone"",""r"":-51,""f"":5280},{""b"":""30:78:c2:00:0a:b5"",""s"":""KT WiFi"",""r"":-52,""f"":2412},{""b"":""22:17:b2:0b:47:8a"",""s"":""T wifi zone_secure"",""r"":-53,""f"":5280},{""b"":""36:78:c2:00:0a:b5"",""s"":""KT WiFi "",""r"":-54,""f"":2412},{""b"":""36:78:c2:00:0a:b4"",""s"":""KT WiFi "",""r"":-55,""f"":5240},{""b"":""30:78:c2:00:0a:b4"",""s"":""KT WiFi"",""r"":-55,""f"":5240},{""b"":""40:27:0b:02:a2:c6"",""s"":""U+zone_2.4GHz"",""r"":-61,""f"":2432},{""b"":""02:17:b2:0b:7d:b6"",""s"":""T wifi zone"",""r"":-64,""f"":2452},{""b"":""02:17:b2:0b:7d:b8"",""s"":""T wifi zone_secure"",""r"":-64,""f"":2452},{""b"":""30:89:d3:3c:ba:ef"",""s"":""GlobalWiFi_A3SIHR"",""r"":-64,""f"":2437},{""b"":""40:27:0b:02:a2:c7"",""s"":""U+zone"",""r"":-67,""f"":5620}]",""
1789876246544,2026-09-20 12:50:46,unknown,37.5659702,127.0200716,100.0,,,38.95582865117715,fused,5,LTE,NR_NSA,5G,true,false,true,false,false,51244304,463,100,1,8323,450,06,-73,-11,-51,12,4,0,,,,50,78,0.0004,0.0006,30,58,0.0002,0.0005,false,6,0,6,-74,463,2600,2.6476507E-6,false,false,periodic,35,0,-1,-5,157,,,,"[{""type"":""LTE"",""pci"":463,""earfcn"":2600,""tac"":null,""rsrp"":-74,""rsrq"":-7,""rssi"":-57,""snr"":null,""ta"":0,""level"":4,""bands"":""5""},{""type"":""LTE"",""pci"":463,""earfcn"":3050,""tac"":null,""rsrp"":-80,""rsrq"":-9,""rssi"":-61,""snr"":null,""ta"":0,""level"":4,""bands"":""7""},{""type"":""LTE"",""pci"":475,""earfcn"":100,""tac"":null,""rsrp"":-85,""rsrq"":-17,""rssi"":-57,""snr"":null,""ta"":0,""level"":4,""bands"":""1""},{""type"":""LTE"",""pci"":486,""earfcn"":100,""tac"":null,""rsrp"":-86,""rsrq"":-18,""rssi"":-57,""snr"":null,""ta"":0,""level"":3,""bands"":""1""},{""type"":""LTE"",""pci"":475,""earfcn"":3050,""tac"":null,""rsrp"":-88,""rsrq"":-10,""rssi"":-61,""snr"":null,""ta"":0,""level"":3,""bands"":""7""},{""type"":""LTE"",""pci"":486,""earfcn"":3050,""tac"":null,""rsrp"":-89,""rsrq"":-17,""rssi"":-61,""snr"":null,""ta"":0,""level"":3,""bands"":""7""}]",1013.3575,29,,24,9,,,,"[{""b"":""40:27:0b:02:a2:b8"",""s"":""U+zone"",""r"":-40,""f"":5785},{""b"":""40:27:0b:02:a2:b7"",""s"":""U+zone_2.4GHz"",""r"":-43,""f"":2432},{""b"":""02:17:b2:0b:47:88"",""s"":""T wifi zone"",""r"":-48,""f"":2472},{""b"":""02:17:b2:0b:47:8a"",""s"":""T wifi zone_secure"",""r"":-48,""f"":2472},{""b"":""22:17:b2:0b:47:88"",""s"":""T wifi zone"",""r"":-51,""f"":5280},{""b"":""30:78:c2:00:0a:b5"",""s"":""KT WiFi"",""r"":-52,""f"":2412},{""b"":""22:17:b2:0b:47:8a"",""s"":""T wifi zone_secure"",""r"":-53,""f"":5280},{""b"":""36:78:c2:00:0a:b5"",""s"":""KT WiFi "",""r"":-54,""f"":2412},{""b"":""36:78:c2:00:0a:b4"",""s"":""KT WiFi "",""r"":-55,""f"":5240},{""b"":""30:78:c2:00:0a:b4"",""s"":""KT WiFi"",""r"":-55,""f"":5240},{""b"":""40:27:0b:02:a2:c6"",""s"":""U+zone_2.4GHz"",""r"":-61,""f"":2432},{""b"":""02:17:b2:0b:7d:b6"",""s"":""T wifi zone"",""r"":-64,""f"":2452},{""b"":""02:17:b2:0b:7d:b8"",""s"":""T wifi zone_secure"",""r"":-64,""f"":2452},{""b"":""30:89:d3:3c:ba:ef"",""s"":""GlobalWiFi_A3SIHR"",""r"":-64,""f"":2437},{""b"":""40:27:0b:02:a2:c7"",""s"":""U+zone"",""r"":-67,""f"":5620}]",""
1789876251567,2026-09-20 12:50:51,unknown,37.5657427,127.0196862,83.683,,,39.04438014955684,fused,5,LTE,NR_NSA,5G,true,false,true,false,false,51244304,463,100,1,8323,450,06,-73,-11,-51,12,4,0,,,,12121,10092,0.0970,0.0807,12101,10073,0.0968,0.0806,false,6,0,6,-74,463,2600,0.051930267,false,false,periodic,40,0,0,0,5177,,,,"[{""type"":""LTE"",""pci"":463,""earfcn"":2600,""tac"":null,""rsrp"":-74,""rsrq"":-7,""rssi"":-57,""snr"":null,""ta"":0,""level"":4,""bands"":""5""},{""type"":""LTE"",""pci"":463,""earfcn"":3050,""tac"":null,""rsrp"":-80,""rsrq"":-9,""rssi"":-61,""snr"":null,""ta"":0,""level"":4,""bands"":""7""},{""type"":""LTE"",""pci"":475,""earfcn"":100,""tac"":null,""rsrp"":-85,""rsrq"":-17,""rssi"":-57,""snr"":null,""ta"":0,""level"":4,""bands"":""1""},{""type"":""LTE"",""pci"":486,""earfcn"":100,""tac"":null,""rsrp"":-86,""rsrq"":-18,""rssi"":-57,""snr"":null,""ta"":0,""level"":3,""bands"":""1""},{""type"":""LTE"",""pci"":475,""earfcn"":3050,""tac"":null,""rsrp"":-88,""rsrq"":-10,""rssi"":-61,""snr"":null,""ta"":0,""level"":3,""bands"":""7""},{""type"":""LTE"",""pci"":486,""earfcn"":3050,""tac"":null,""rsrp"":-89,""rsrq"":-17,""rssi"":-61,""snr"":null,""ta"":0,""level"":3,""bands"":""7""}]",1013.36005,15,,28,3,,,,"[{""b"":""40:27:0b:02:a2:b8"",""s"":""U+zone"",""r"":-38,""f"":5785},{""b"":""40:27:0b:02:a2:b7"",""s"":""U+zone_2.4GHz"",""r"":-38,""f"":2432},{""b"":""02:17:b2:0b:47:88"",""s"":""T wifi zone"",""r"":-43,""f"":2472},{""b"":""02:17:b2:0b:47:8a"",""s"":""T wifi zone_secure"",""r"":-43,""f"":2472},{""b"":""22:17:b2:0b:47:8a"",""s"":""T wifi zone_secure"",""r"":-46,""f"":5280},{""b"":""22:17:b2:0b:47:88"",""s"":""T wifi zone"",""r"":-46,""f"":5280},{""b"":""36:78:c2:00:0a:b4"",""s"":""KT WiFi "",""r"":-50,""f"":5240},{""b"":""36:78:c2:00:0a:b5"",""s"":""KT WiFi "",""r"":-51,""f"":2412},{""b"":""30:78:c2:00:0a:b4"",""s"":""KT WiFi"",""r"":-51,""f"":5240},{""b"":""30:78:c2:00:0a:b5"",""s"":""KT WiFi"",""r"":-51,""f"":2412},{""b"":""02:17:b2:0b:7d:b8"",""s"":""T wifi zone_secure"",""r"":-64,""f"":2452},{""b"":""40:27:0b:02:a2:c7"",""s"":""U+zone"",""r"":-65,""f"":5620},{""b"":""40:27:0b:02:a2:c6"",""s"":""U+zone_2.4GHz"",""r"":-65,""f"":2432},{""b"":""30:89:d3:3c:ba:ef"",""s"":""GlobalWiFi_A3SIHR"",""r"":-66,""f"":2437},{""b"":""02:17:b2:0b:7d:b6"",""s"":""T wifi zone"",""r"":-66,""f"":2452}]",""
1789876256574,2026-09-20 12:50:56,unknown,37.565704,127.0198188,64.289,,,39.325935243062055,fused,6,LTE,NR_NSA,5G,true,false,true,false,false,51244304,463,100,1,8323,450,06,-75,-9,-51,11,4,0,,,,10075,12907,0.0806,0.1033,10035,12867,0.0803,0.1029,false,6,0,6,-74,463,2600,0.12945977,false,false,periodic,45,0,-2,-1,5000,,,,"[{""type"":""LTE"",""pci"":463,""earfcn"":2600,""tac"":null,""rsrp"":-74,""rsrq"":-8,""rssi"":-53,""snr"":null,""ta"":0,""level"":4,""bands"":""5""},{""type"":""LTE"",""pci"":463,""earfcn"":3050,""tac"":null,""rsrp"":-76,""rsrq"":-8,""rssi"":-51,""snr"":null,""ta"":0,""level"":4,""bands"":""7""},{""type"":""LTE"",""pci"":475,""earfcn"":3050,""tac"":null,""rsrp"":-86,""rsrq"":-13,""rssi"":-59,""snr"":null,""ta"":0,""level"":3,""bands"":""7""},{""type"":""LTE"",""pci"":486,""earfcn"":3050,""tac"":null,""rsrp"":-87,""rsrq"":-17,""rssi"":-59,""snr"":null,""ta"":0,""level"":3,""bands"":""7""},{""type"":""LTE"",""pci"":486,""earfcn"":100,""tac"":null,""rsrp"":-91,""rsrq"":-18,""rssi"":-63,""snr"":null,""ta"":0,""level"":3,""bands"":""1""},{""type"":""LTE"",""pci"":475,""earfcn"":100,""tac"":null,""rsrp"":-91,""rsrq"":-19,""rssi"":-63,""snr"":null,""ta"":0,""level"":3,""bands"":""1""}]",1013.2304,30,,21,2,,,,"[{""b"":""40:27:0b:02:a2:b7"",""s"":""U+zone_2.4GHz"",""r"":-37,""f"":2432},{""b"":""40:27:0b:02:a2:b8"",""s"":""U+zone"",""r"":-43,""f"":5785},{""b"":""02:17:b2:0b:47:88"",""s"":""T wifi zone"",""r"":-48,""f"":2472},{""b"":""02:17:b2:0b:47:8a"",""s"":""T wifi zone_secure"",""r"":-48,""f"":2472},{""b"":""22:17:b2:0b:47:8a"",""s"":""T wifi zone_secure"",""r"":-54,""f"":5280},{""b"":""22:17:b2:0b:47:88"",""s"":""T wifi zone"",""r"":-54,""f"":5280},{""b"":""36:78:c2:00:0a:b4"",""s"":""KT WiFi "",""r"":-56,""f"":5240},{""b"":""30:78:c2:00:0a:b4"",""s"":""KT WiFi"",""r"":-57,""f"":5240},{""b"":""02:17:b2:0b:7d:b8"",""s"":""T wifi zone_secure"",""r"":-62,""f"":2452},{""b"":""40:27:0b:02:a2:c7"",""s"":""U+zone"",""r"":-63,""f"":5620},{""b"":""30:89:d3:3c:ba:ef"",""s"":""GlobalWiFi_A3SIHR"",""r"":-65,""f"":2437},{""b"":""22:17:b2:0b:7d:b6"",""s"":""T wifi zone"",""r"":-70,""f"":5200},{""b"":""22:17:b2:0b:7d:b8"",""s"":""T wifi zone_secure"",""r"":-70,""f"":5200},{""b"":""36:78:c2:00:07:d5"",""s"":""KT WiFi "",""r"":-72,""f"":5640},{""b"":""30:78:c2:00:07:d5"",""s"":""KT WiFi"",""r"":-73,""f"":5640}]",""
1789876261584,2026-09-20 12:51:01,unknown,37.5656824,127.0195484,68.897,,,39.50459541107313,fused,8,LTE,NR_NSA,5G,true,false,true,false,false,51244304,463,100,1,8323,450,06,-77,-10,-51,13,4,0,,,,186955,20348,1.4956,0.1628,186935,20328,1.4955,0.1626,false,7,0,7,-75,463,3050,0.1743021,false,false,periodic,50,0,-2,2,5002,,,,"[{""type"":""LTE"",""pci"":463,""earfcn"":3050,""tac"":null,""rsrp"":-75,""rsrq"":-8,""rssi"":-59,""snr"":null,""ta"":0,""level"":4,""bands"":""7""},{""type"":""LTE"",""pci"":463,""earfcn"":2600,""tac"":null,""rsrp"":-80,""rsrq"":-8,""rssi"":-61,""snr"":null,""ta"":0,""level"":4,""bands"":""5""},{""type"":""LTE"",""pci"":475,""earfcn"":3050,""tac"":null,""rsrp"":-84,""rsrq"":-15,""rssi"":-59,""snr"":null,""ta"":0,""level"":4,""bands"":""7""},{""type"":""LTE"",""pci"":475,""earfcn"":100,""tac"":null,""rsrp"":-86,""rsrq"":-17,""rssi"":-63,""snr"":null,""ta"":0,""level"":3,""bands"":""1""},{""type"":""LTE"",""pci"":486,""earfcn"":100,""tac"":null,""rsrp"":-90,""rsrq"":-17,""rssi"":-63,""snr"":null,""ta"":0,""level"":3,""bands"":""1""},{""type"":""LTE"",""pci"":486,""earfcn"":3050,""tac"":null,""rsrp"":-91,""rsrq"":-17,""rssi"":-59,""snr"":null,""ta"":0,""level"":3,""bands"":""7""},{""type"":""LTE"",""pci"":474,""earfcn"":100,""tac"":null,""rsrp"":-94,""rsrq"":-20,""rssi"":-65,""snr"":null,""ta"":0,""level"":3,""bands"":""1""}]",1013.1072,15,,21,7,,,,"[{""b"":""40:27:0b:02:a2:b7"",""s"":""U+zone_2.4GHz"",""r"":-37,""f"":2432},{""b"":""40:27:0b:02:a2:b8"",""s"":""U+zone"",""r"":-43,""f"":5785},{""b"":""02:17:b2:0b:47:88"",""s"":""T wifi zone"",""r"":-48,""f"":2472},{""b"":""02:17:b2:0b:47:8a"",""s"":""T wifi zone_secure"",""r"":-48,""f"":2472},{""b"":""22:17:b2:0b:47:8a"",""s"":""T wifi zone_secure"",""r"":-54,""f"":5280},{""b"":""22:17:b2:0b:47:88"",""s"":""T wifi zone"",""r"":-54,""f"":5280},{""b"":""36:78:c2:00:0a:b4"",""s"":""KT WiFi "",""r"":-56,""f"":5240},{""b"":""30:78:c2:00:0a:b4"",""s"":""KT WiFi"",""r"":-57,""f"":5240},{""b"":""02:17:b2:0b:7d:b8"",""s"":""T wifi zone_secure"",""r"":-62,""f"":2452},{""b"":""40:27:0b:02:a2:c7"",""s"":""U+zone"",""r"":-63,""f"":5620},{""b"":""30:89:d3:3c:ba:ef"",""s"":""GlobalWiFi_A3SIHR"",""r"":-65,""f"":2437},{""b"":""22:17:b2:0b:7d:b6"",""s"":""T wifi zone"",""r"":-70,""f"":5200},{""b"":""22:17:b2:0b:7d:b8"",""s"":""T wifi zone_secure"",""r"":-70,""f"":5200},{""b"":""36:78:c2:00:07:d5"",""s"":""KT WiFi "",""r"":-72,""f"":5640},{""b"":""30:78:c2:00:07:d5"",""s"":""KT WiFi"",""r"":-73,""f"":5640}]",""
1789876266602,2026-09-20 12:51:06,unknown,37.5657003,127.0197824,26.764,,,41.02620545106137,fused,3,LTE,NR_NSA,5G,true,false,true,false,false,51244304,463,100,1,8323,450,06,-87,-7,-59,15,3,0,,,,475976,11517,3.8078,0.0921,475956,11497,3.8076,0.0920,false,6,0,6,-77,463,2600,0.06658621,false,false,periodic,55,0,-10,2,4997,,,,"[{""type"":""LTE"",""pci"":463,""earfcn"":2600,""tac"":null,""rsrp"":-77,""rsrq"":-8,""rssi"":-57,""snr"":null,""ta"":0,""level"":4,""bands"":""5""},{""type"":""LTE"",""pci"":463,""earfcn"":3050,""tac"":null,""rsrp"":-78,""rsrq"":-6,""rssi"":-53,""snr"":null,""ta"":0,""level"":4,""bands"":""7""},{""type"":""LTE"",""pci"":475,""earfcn"":3050,""tac"":null,""rsrp"":-91,""rsrq"":-16,""rssi"":-63,""snr"":null,""ta"":0,""level"":3,""bands"":""7""},{""type"":""LTE"",""pci"":486,""earfcn"":100,""tac"":null,""rsrp"":-98,""rsrq"":-17,""rssi"":-77,""snr"":null,""ta"":0,""level"":2,""bands"":""1""},{""type"":""LTE"",""pci"":486,""earfcn"":3050,""tac"":null,""rsrp"":-98,""rsrq"":-17,""rssi"":-63,""snr"":null,""ta"":0,""level"":2,""bands"":""7""},{""type"":""LTE"",""pci"":475,""earfcn"":100,""tac"":null,""rsrp"":-104,""rsrq"":-17,""rssi"":-77,""snr"":null,""ta"":0,""level"":2,""bands"":""1""}]",1013.0547,284,41.168,35,1,,,,"[{""b"":""22:17:b2:0b:47:8a"",""s"":""T wifi zone_secure"",""r"":-44,""f"":5280},{""b"":""22:17:b2:0b:47:88"",""s"":""T wifi zone"",""r"":-44,""f"":5280},{""b"":""40:27:0b:02:a2:b8"",""s"":""U+zone"",""r"":-46,""f"":5785},{""b"":""36:78:c2:00:0a:b5"",""s"":""KT WiFi "",""r"":-54,""f"":2412},{""b"":""30:78:c2:00:0a:b5"",""s"":""KT WiFi"",""r"":-54,""f"":2412},{""b"":""36:78:c2:00:0a:b4"",""s"":""KT WiFi "",""r"":-57,""f"":5240},{""b"":""30:78:c2:00:0a:b4"",""s"":""KT WiFi"",""r"":-57,""f"":5240},{""b"":""00:40:5a:91:f2:1a"",""s"":""U+zone"",""r"":-58,""f"":2452},{""b"":""00:40:5a:91:f2:1b"",""s"":""FREE_U+zone"",""r"":-60,""f"":2452},{""b"":""40:27:0b:02:a2:c7"",""s"":""U+zone"",""r"":-67,""f"":5620},{""b"":""10:e3:c7:09:08:42"",""s"":""T wifi zone"",""r"":-69,""f"":5540},{""b"":""12:e3:c7:09:08:42"",""s"":""T Free WiFi Zone"",""r"":-70,""f"":5540},{""b"":""30:89:d3:3c:ba:ef"",""s"":""GlobalWiFi_A3SIHR"",""r"":-70,""f"":2437},{""b"":""30:78:c2:00:07:d5"",""s"":""KT WiFi"",""r"":-71,""f"":5640},{""b"":""36:78:c2:00:07:d5"",""s"":""KT WiFi "",""r"":-71,""f"":5640}]",""
1789876269876,2026-09-20 12:51:09,unknown,37.5657003,127.0197824,26.764,,,41.02620545106137,fused,6,LTE,NR_NSA,5G,true,false,true,false,false,51244303,459,100,1,8323,450,06,-85,-12,-51,13,4,0,,,,1362,4251,0.0109,0.0340,1332,4221,0.0107,0.0338,false,10,0,10,-84,459,2600,0.098379515,true,false,handover,0,1,,,4,51244304,-87,-7,"[{""type"":""LTE"",""pci"":459,""earfcn"":2600,""tac"":null,""rsrp"":-84,""rsrq"":-12,""rssi"":-61,""snr"":null,""ta"":0,""level"":4,""bands"":""5""},{""type"":""LTE"",""pci"":463,""earfcn"":2600,""tac"":null,""rsrp"":-88,""rsrq"":-20,""rssi"":-53,""snr"":null,""ta"":0,""level"":3,""bands"":""5""},{""type"":""LTE"",""pci"":463,""earfcn"":3050,""tac"":null,""rsrp"":-88,""rsrq"":-12,""rssi"":-61,""snr"":null,""ta"":0,""level"":3,""bands"":""7""},{""type"":""LTE"",""pci"":463,""earfcn"":100,""tac"":null,""rsrp"":-89,""rsrq"":-17,""rssi"":-63,""snr"":null,""ta"":0,""level"":3,""bands"":""1""},{""type"":""LTE"",""pci"":486,""earfcn"":100,""tac"":null,""rsrp"":-92,""rsrq"":-17,""rssi"":-61,""snr"":null,""ta"":0,""level"":3,""bands"":""1""},{""type"":""LTE"",""pci"":485,""earfcn"":100,""tac"":null,""rsrp"":-92,""rsrq"":-16,""rssi"":-67,""snr"":null,""ta"":0,""level"":3,""bands"":""1""},{""type"":""LTE"",""pci"":459,""earfcn"":3050,""tac"":null,""rsrp"":-93,""rsrq"":-14,""rssi"":-69,""snr"":null,""ta"":0,""level"":3,""bands"":""7""},{""type"":""LTE"",""pci"":475,""earfcn"":3050,""tac"":null,""rsrp"":-98,""rsrq"":-17,""rssi"":-71,""snr"":null,""ta"":0,""level"":2,""bands"":""7""},{""type"":""LTE"",""pci"":485,""earfcn"":3050,""tac"":null,""rsrp"":-99,""rsrq"":-17,""rssi"":-71,""snr"":null,""ta"":0,""level"":2,""bands"":""7""},{""type"":""LTE"",""pci"":486,""earfcn"":3050,""tac"":null,""rsrp"":-101,""rsrq"":-20,""rssi"":-69,""snr"":null,""ta"":0,""level"":2,""bands"":""7""}]",1012.91675,20,,35,5,,,,"[{""b"":""22:17:b2:0b:47:8a"",""s"":""T wifi zone_secure"",""r"":-44,""f"":5280},{""b"":""22:17:b2:0b:47:88"",""s"":""T wifi zone"",""r"":-44,""f"":5280},{""b"":""40:27:0b:02:a2:b8"",""s"":""U+zone"",""r"":-46,""f"":5785},{""b"":""36:78:c2:00:0a:b5"",""s"":""KT WiFi "",""r"":-54,""f"":2412},{""b"":""30:78:c2:00:0a:b5"",""s"":""KT WiFi"",""r"":-54,""f"":2412},{""b"":""36:78:c2:00:0a:b4"",""s"":""KT WiFi "",""r"":-57,""f"":5240},{""b"":""30:78:c2:00:0a:b4"",""s"":""KT WiFi"",""r"":-57,""f"":5240},{""b"":""00:40:5a:91:f2:1a"",""s"":""U+zone"",""r"":-58,""f"":2452},{""b"":""00:40:5a:91:f2:1b"",""s"":""FREE_U+zone"",""r"":-60,""f"":2452},{""b"":""40:27:0b:02:a2:c7"",""s"":""U+zone"",""r"":-67,""f"":5620},{""b"":""10:e3:c7:09:08:42"",""s"":""T wifi zone"",""r"":-69,""f"":5540},{""b"":""12:e3:c7:09:08:42"",""s"":""T Free WiFi Zone"",""r"":-70,""f"":5540},{""b"":""30:89:d3:3c:ba:ef"",""s"":""GlobalWiFi_A3SIHR"",""r"":-70,""f"":2437},{""b"":""30:78:c2:00:07:d5"",""s"":""KT WiFi"",""r"":-71,""f"":5640},{""b"":""36:78:c2:00:07:d5"",""s"":""KT WiFi "",""r"":-71,""f"":5640}]","[{""type"":""LTE"",""pci"":463,""earfcn"":2600,""tac"":null,""rsrp"":-77,""rsrq"":-8,""rssi"":-57,""snr"":null,""ta"":0,""level"":4,""bands"":""5""},{""type"":""LTE"",""pci"":463,""earfcn"":3050,""tac"":null,""rsrp"":-78,""rsrq"":-6,""rssi"":-53,""snr"":null,""ta"":0,""level"":4,""bands"":""7""},{""type"":""LTE"",""pci"":475,""earfcn"":3050,""tac"":null,""rsrp"":-91,""rsrq"":-16,""rssi"":-63,""snr"":null,""ta"":0,""level"":3,""bands"":""7""},{""type"":""LTE"",""pci"":486,""earfcn"":100,""tac"":null,""rsrp"":-98,""rsrq"":-17,""rssi"":-77,""snr"":null,""ta"":0,""level"":2,""bands"":""1""},{""type"":""LTE"",""pci"":486,""earfcn"":3050,""tac"":null,""rsrp"":-98,""rsrq"":-17,""rssi"":-63,""snr"":null,""ta"":0,""level"":2,""bands"":""7""},{""type"":""LTE"",""pci"":475,""earfcn"":100,""tac"":null,""rsrp"":-104,""rsrq"":-17,""rssi"":-77,""snr"":null,""ta"":0,""level"":2,""bands"":""1""}]"
1789876271611,2026-09-20 12:51:11,unknown,37.5657003,127.0197824,26.764,,,41.02620545106137,fused,8,LTE,NR_NSA,5G,true,false,true,false,false,51244303,459,100,1,8323,450,06,-85,-12,-51,13,4,0,,,,2439,2781,0.0195,0.0222,2439,2781,0.0195,0.0222,false,10,0,10,-84,459,2600,0.04417907,false,false,periodic,1,1,0,0,1742,,,,"[{""type"":""LTE"",""pci"":459,""earfcn"":2600,""tac"":null,""rsrp"":-84,""rsrq"":-12,""rssi"":-61,""snr"":null,""ta"":0,""level"":4,""bands"":""5""},{""type"":""LTE"",""pci"":463,""earfcn"":2600,""tac"":null,""rsrp"":-88,""rsrq"":-20,""rssi"":-53,""snr"":null,""ta"":0,""level"":3,""bands"":""5""},{""type"":""LTE"",""pci"":463,""earfcn"":3050,""tac"":null,""rsrp"":-88,""rsrq"":-12,""rssi"":-61,""snr"":null,""ta"":0,""level"":3,""bands"":""7""},{""type"":""LTE"",""pci"":463,""earfcn"":100,""tac"":null,""rsrp"":-89,""rsrq"":-17,""rssi"":-63,""snr"":null,""ta"":0,""level"":3,""bands"":""1""},{""type"":""LTE"",""pci"":486,""earfcn"":100,""tac"":null,""rsrp"":-92,""rsrq"":-17,""rssi"":-61,""snr"":null,""ta"":0,""level"":3,""bands"":""1""},{""type"":""LTE"",""pci"":485,""earfcn"":100,""tac"":null,""rsrp"":-92,""rsrq"":-16,""rssi"":-67,""snr"":null,""ta"":0,""level"":3,""bands"":""1""},{""type"":""LTE"",""pci"":459,""earfcn"":3050,""tac"":null,""rsrp"":-93,""rsrq"":-14,""rssi"":-69,""snr"":null,""ta"":0,""level"":3,""bands"":""7""},{""type"":""LTE"",""pci"":475,""earfcn"":3050,""tac"":null,""rsrp"":-98,""rsrq"":-17,""rssi"":-71,""snr"":null,""ta"":0,""level"":2,""bands"":""7""},{""type"":""LTE"",""pci"":485,""earfcn"":3050,""tac"":null,""rsrp"":-99,""rsrq"":-17,""rssi"":-71,""snr"":null,""ta"":0,""level"":2,""bands"":""7""},{""type"":""LTE"",""pci"":486,""earfcn"":3050,""tac"":null,""rsrp"":-101,""rsrq"":-20,""rssi"":-69,""snr"":null,""ta"":0,""level"":2,""bands"":""7""}]",1012.90784,20,,35,6,,,,"[{""b"":""22:17:b2:0b:47:8a"",""s"":""T wifi zone_secure"",""r"":-44,""f"":5280},{""b"":""22:17:b2:0b:47:88"",""s"":""T wifi zone"",""r"":-44,""f"":5280},{""b"":""40:27:0b:02:a2:b8"",""s"":""U+zone"",""r"":-46,""f"":5785},{""b"":""36:78:c2:00:0a:b5"",""s"":""KT WiFi "",""r"":-54,""f"":2412},{""b"":""30:78:c2:00:0a:b5"",""s"":""KT WiFi"",""r"":-54,""f"":2412},{""b"":""36:78:c2:00:0a:b4"",""s"":""KT WiFi "",""r"":-57,""f"":5240},{""b"":""30:78:c2:00:0a:b4"",""s"":""KT WiFi"",""r"":-57,""f"":5240},{""b"":""00:40:5a:91:f2:1a"",""s"":""U+zone"",""r"":-58,""f"":2452},{""b"":""00:40:5a:91:f2:1b"",""s"":""FREE_U+zone"",""r"":-60,""f"":2452},{""b"":""40:27:0b:02:a2:c7"",""s"":""U+zone"",""r"":-67,""f"":5620},{""b"":""10:e3:c7:09:08:42"",""s"":""T wifi zone"",""r"":-69,""f"":5540},{""b"":""12:e3:c7:09:08:42"",""s"":""T Free WiFi Zone"",""r"":-70,""f"":5540},{""b"":""30:89:d3:3c:ba:ef"",""s"":""GlobalWiFi_A3SIHR"",""r"":-70,""f"":2437},{""b"":""30:78:c2:00:07:d5"",""s"":""KT WiFi"",""r"":-71,""f"":5640},{""b"":""36:78:c2:00:07:d5"",""s"":""KT WiFi "",""r"":-71,""f"":5640}]",""
1789876276628,2026-09-20 12:51:16,unknown,37.56569,127.0186354,16.371,,,42.149717966306994,fused,6,LTE,NR_NSA,5G,true,false,true,false,false,51244303,459,100,1,8323,450,06,-85,-12,-51,13,4,0,,,,2491,3643,0.0199,0.0291,2452,3603,0.0196,0.0288,false,10,0,10,-84,459,2600,0.10337039,false,false,periodic,6,1,0,0,6757,,,,"[{""type"":""LTE"",""pci"":459,""earfcn"":2600,""tac"":null,""rsrp"":-84,""rsrq"":-12,""rssi"":-61,""snr"":null,""ta"":0,""level"":4,""bands"":""5""},{""type"":""LTE"",""pci"":463,""earfcn"":2600,""tac"":null,""rsrp"":-88,""rsrq"":-20,""rssi"":-53,""snr"":null,""ta"":0,""level"":3,""bands"":""5""},{""type"":""LTE"",""pci"":463,""earfcn"":3050,""tac"":null,""rsrp"":-88,""rsrq"":-12,""rssi"":-61,""snr"":null,""ta"":0,""level"":3,""bands"":""7""},{""type"":""LTE"",""pci"":463,""earfcn"":100,""tac"":null,""rsrp"":-89,""rsrq"":-17,""rssi"":-63,""snr"":null,""ta"":0,""level"":3,""bands"":""1""},{""type"":""LTE"",""pci"":486,""earfcn"":100,""tac"":null,""rsrp"":-92,""rsrq"":-17,""rssi"":-61,""snr"":null,""ta"":0,""level"":3,""bands"":""1""},{""type"":""LTE"",""pci"":485,""earfcn"":100,""tac"":null,""rsrp"":-92,""rsrq"":-16,""rssi"":-67,""snr"":null,""ta"":0,""level"":3,""bands"":""1""},{""type"":""LTE"",""pci"":459,""earfcn"":3050,""tac"":null,""rsrp"":-93,""rsrq"":-14,""rssi"":-69,""snr"":null,""ta"":0,""level"":3,""bands"":""7""},{""type"":""LTE"",""pci"":475,""earfcn"":3050,""tac"":null,""rsrp"":-98,""rsrq"":-17,""rssi"":-71,""snr"":null,""ta"":0,""level"":2,""bands"":""7""},{""type"":""LTE"",""pci"":485,""earfcn"":3050,""tac"":null,""rsrp"":-99,""rsrq"":-17,""rssi"":-71,""snr"":null,""ta"":0,""level"":2,""bands"":""7""},{""type"":""LTE"",""pci"":486,""earfcn"":3050,""tac"":null,""rsrp"":-101,""rsrq"":-20,""rssi"":-69,""snr"":null,""ta"":0,""level"":2,""bands"":""7""}]",1012.5821,27,,43,2,,,,"[{""b"":""40:27:0b:02:a2:b7"",""s"":""U+zone_2.4GHz"",""r"":-38,""f"":2432},{""b"":""40:27:0b:02:a2:b8"",""s"":""U+zone"",""r"":-39,""f"":5785},{""b"":""02:17:b2:0b:47:88"",""s"":""T wifi zone"",""r"":-43,""f"":2472},{""b"":""02:17:b2:0b:47:8a"",""s"":""T wifi zone_secure"",""r"":-43,""f"":2472},{""b"":""22:17:b2:0b:47:8a"",""s"":""T wifi zone_secure"",""r"":-46,""f"":5280},{""b"":""22:17:b2:0b:47:88"",""s"":""T wifi zone"",""r"":-46,""f"":5280},{""b"":""36:78:c2:00:0a:b5"",""s"":""KT WiFi "",""r"":-52,""f"":2412},{""b"":""36:78:c2:00:0a:b4"",""s"":""KT WiFi "",""r"":-54,""f"":5240},{""b"":""30:78:c2:00:0a:b4"",""s"":""KT WiFi"",""r"":-54,""f"":5240},{""b"":""30:78:c2:00:0a:b5"",""s"":""KT WiFi"",""r"":-54,""f"":2412},{""b"":""06:29:d5:33:98:41"",""s"":""U+zone_2.4GHz"",""r"":-59,""f"":2412},{""b"":""02:e3:c7:09:08:47"",""s"":""T wifi zone_secure"",""r"":-60,""f"":5765},{""b"":""30:89:d3:3d:39:f2"",""s"":""CRWiFi_0WJWJ2"",""r"":-60,""f"":2422},{""b"":""02:e3:c7:09:08:48"",""s"":""T wifi zone_secure"",""r"":-62,""f"":2432},{""b"":""10:e3:c7:09:08:47"",""s"":""T wifi zone"",""r"":-62,""f"":5765}]",""
1789876279029,2026-09-20 12:51:19,unknown,37.5656864,127.0187118,25.667,,,43.040758942688406,fused,6,LTE,NR_NSA,5G,true,false,true,false,false,51244301,485,100,1,8323,450,06,-86,-13,-53,11,3,0,,,,0,0,0.0000,0.0000,0,0,0.0000,0.0000,false,10,0,10,-85,459,100,0.07142683,true,false,handover,0,2,,,4,51244303,-85,-12,"[{""type"":""LTE"",""pci"":459,""earfcn"":100,""tac"":null,""rsrp"":-85,""rsrq"":-15,""rssi"":-55,""snr"":null,""ta"":0,""level"":4,""bands"":""1""},{""type"":""LTE"",""pci"":485,""earfcn"":3050,""tac"":null,""rsrp"":-85,""rsrq"":-13,""rssi"":-63,""snr"":null,""ta"":0,""level"":4,""bands"":""7""},{""type"":""LTE"",""pci"":459,""earfcn"":2600,""tac"":null,""rsrp"":-86,""rsrq"":-9,""rssi"":-63,""snr"":null,""ta"":0,""level"":3,""bands"":""5""},{""type"":""LTE"",""pci"":485,""earfcn"":2600,""tac"":null,""rsrp"":-89,""rsrq"":-20,""rssi"":-63,""snr"":null,""ta"":0,""level"":3,""bands"":""5""},{""type"":""LTE"",""pci"":459,""earfcn"":3050,""tac"":null,""rsrp"":-92,""rsrq"":-17,""rssi"":-63,""snr"":null,""ta"":0,""level"":3,""bands"":""7""},{""type"":""LTE"",""pci"":486,""earfcn"":3050,""tac"":null,""rsrp"":-93,""rsrq"":-20,""rssi"":-61,""snr"":null,""ta"":0,""level"":3,""bands"":""7""},{""type"":""LTE"",""pci"":464,""earfcn"":3050,""tac"":null,""rsrp"":-96,""rsrq"":-20,""rssi"":-63,""snr"":null,""ta"":0,""level"":2,""bands"":""7""},{""type"":""LTE"",""pci"":463,""earfcn"":3050,""tac"":null,""rsrp"":-98,""rsrq"":-19,""rssi"":-67,""snr"":null,""ta"":0,""level"":2,""bands"":""7""},{""type"":""LTE"",""pci"":475,""earfcn"":3050,""tac"":null,""rsrp"":-98,""rsrq"":-18,""rssi"":-67,""snr"":null,""ta"":0,""level"":2,""bands"":""7""},{""type"":""LTE"",""pci"":463,""earfcn"":2600,""tac"":null,""rsrp"":-99,""rsrq"":-19,""rssi"":-67,""snr"":null,""ta"":0,""level"":2,""bands"":""5""}]",1011.9053,27,,14,1,,,,"[{""b"":""40:27:0b:02:a2:b8"",""s"":""U+zone"",""r"":-38,""f"":5785},{""b"":""02:17:b2:0b:47:88"",""s"":""T wifi zone"",""r"":-41,""f"":2472},{""b"":""02:17:b2:0b:47:8a"",""s"":""T wifi zone_secure"",""r"":-42,""f"":2472},{""b"":""22:17:b2:0b:47:8a"",""s"":""T wifi zone_secure"",""r"":-49,""f"":5280},{""b"":""22:17:b2:0b:47:88"",""s"":""T wifi zone"",""r"":-49,""f"":5280},{""b"":""30:78:c2:00:0a:b5"",""s"":""KT WiFi"",""r"":-53,""f"":2412},{""b"":""36:78:c2:00:0a:b4"",""s"":""KT WiFi "",""r"":-54,""f"":5240},{""b"":""30:78:c2:00:0a:b4"",""s"":""KT WiFi"",""r"":-54,""f"":5240},{""b"":""40:27:0b:02:a2:c7"",""s"":""U+zone"",""r"":-67,""f"":5620},{""b"":""30:78:c2:00:07:d5"",""s"":""KT WiFi"",""r"":-70,""f"":5640},{""b"":""36:78:c2:00:07:d5"",""s"":""KT WiFi "",""r"":-71,""f"":5640},{""b"":""22:17:b2:0b:7d:b8"",""s"":""T wifi zone_secure"",""r"":-74,""f"":5200},{""b"":""22:17:b2:0b:7d:b6"",""s"":""T wifi zone"",""r"":-75,""f"":5200},{""b"":""36:78:c2:00:0a:b1"",""s"":""KT WiFi "",""r"":-90,""f"":5640}]","[{""type"":""LTE"",""pci"":459,""earfcn"":2600,""tac"":null,""rsrp"":-84,""rsrq"":-12,""rssi"":-61,""snr"":null,""ta"":0,""level"":4,""bands"":""5""},{""type"":""LTE"",""pci"":463,""earfcn"":2600,""tac"":null,""rsrp"":-88,""rsrq"":-20,""rssi"":-53,""snr"":null,""ta"":0,""level"":3,""bands"":""5""},{""type"":""LTE"",""pci"":463,""earfcn"":3050,""tac"":null,""rsrp"":-88,""rsrq"":-12,""rssi"":-61,""snr"":null,""ta"":0,""level"":3,""bands"":""7""},{""type"":""LTE"",""pci"":463,""earfcn"":100,""tac"":null,""rsrp"":-89,""rsrq"":-17,""rssi"":-63,""snr"":null,""ta"":0,""level"":3,""bands"":""1""},{""type"":""LTE"",""pci"":486,""earfcn"":100,""tac"":null,""rsrp"":-92,""rsrq"":-17,""rssi"":-61,""snr"":null,""ta"":0,""level"":3,""bands"":""1""},{""type"":""LTE"",""pci"":485,""earfcn"":100,""tac"":null,""rsrp"":-92,""rsrq"":-16,""rssi"":-67,""snr"":null,""ta"":0,""level"":3,""bands"":""1""},{""type"":""LTE"",""pci"":459,""earfcn"":3050,""tac"":null,""rsrp"":-93,""rsrq"":-14,""rssi"":-69,""snr"":null,""ta"":0,""level"":3,""bands"":""7""},{""type"":""LTE"",""pci"":475,""earfcn"":3050,""tac"":null,""rsrp"":-98,""rsrq"":-17,""rssi"":-71,""snr"":null,""ta"":0,""level"":2,""bands"":""7""},{""type"":""LTE"",""pci"":485,""earfcn"":3050,""tac"":null,""rsrp"":-99,""rsrq"":-17,""rssi"":-71,""snr"":null,""ta"":0,""level"":2,""bands"":""7""},{""type"":""LTE"",""pci"":486,""earfcn"":3050,""tac"":null,""rsrp"":-101,""rsrq"":-20,""rssi"":-69,""snr"":null,""ta"":0,""level"":2,""bands"":""7""}]"
1789876281641,2026-09-20 12:51:21,unknown,37.5656864,127.0187118,25.667,,,43.040758942688406,fused,9,LTE,NR_NSA,5G,true,false,true,false,false,51244301,485,100,1,8323,450,06,-64,-9,-51,9,4,0,,,,2594,3061,0.0208,0.0245,2555,3023,0.0204,0.0242,false,7,0,7,-63,485,2600,0.011144194,false,false,periodic,2,2,22,-2,10,,,,"[{""type"":""LTE"",""pci"":485,""earfcn"":2600,""tac"":null,""rsrp"":-63,""rsrq"":-12,""rssi"":-51,""snr"":null,""ta"":0,""level"":4,""bands"":""5""},{""type"":""LTE"",""pci"":485,""earfcn"":3050,""tac"":null,""rsrp"":-77,""rsrq"":-14,""rssi"":-53,""snr"":null,""ta"":0,""level"":4,""bands"":""7""},{""type"":""LTE"",""pci"":459,""earfcn"":100,""tac"":null,""rsrp"":-81,""rsrq"":-18,""rssi"":-53,""snr"":null,""ta"":0,""level"":4,""bands"":""1""},{""type"":""LTE"",""pci"":459,""earfcn"":3050,""tac"":null,""rsrp"":-92,""rsrq"":-17,""rssi"":-63,""snr"":null,""ta"":0,""level"":3,""bands"":""7""},{""type"":""LTE"",""pci"":459,""earfcn"":2600,""tac"":null,""rsrp"":-93,""rsrq"":-14,""rssi"":-63,""snr"":null,""ta"":0,""level"":3,""bands"":""5""},{""type"":""LTE"",""pci"":464,""earfcn"":3050,""tac"":null,""rsrp"":-96,""rsrq"":-20,""rssi"":-63,""snr"":null,""ta"":0,""level"":2,""bands"":""7""},{""type"":""LTE"",""pci"":475,""earfcn"":3050,""tac"":null,""rsrp"":-98,""rsrq"":-18,""rssi"":-67,""snr"":null,""ta"":0,""level"":2,""bands"":""7""}]",1011.63495,28,,14,4,,,,"[{""b"":""40:27:0b:02:a2:b8"",""s"":""U+zone"",""r"":-38,""f"":5785},{""b"":""02:17:b2:0b:47:88"",""s"":""T wifi zone"",""r"":-41,""f"":2472},{""b"":""02:17:b2:0b:47:8a"",""s"":""T wifi zone_secure"",""r"":-42,""f"":2472},{""b"":""22:17:b2:0b:47:8a"",""s"":""T wifi zone_secure"",""r"":-49,""f"":5280},{""b"":""22:17:b2:0b:47:88"",""s"":""T wifi zone"",""r"":-49,""f"":5280},{""b"":""30:78:c2:00:0a:b5"",""s"":""KT WiFi"",""r"":-53,""f"":2412},{""b"":""36:78:c2:00:0a:b4"",""s"":""KT WiFi "",""r"":-54,""f"":5240},{""b"":""30:78:c2:00:0a:b4"",""s"":""KT WiFi"",""r"":-54,""f"":5240},{""b"":""40:27:0b:02:a2:c7"",""s"":""U+zone"",""r"":-67,""f"":5620},{""b"":""30:78:c2:00:07:d5"",""s"":""KT WiFi"",""r"":-70,""f"":5640},{""b"":""36:78:c2:00:07:d5"",""s"":""KT WiFi "",""r"":-71,""f"":5640},{""b"":""22:17:b2:0b:7d:b8"",""s"":""T wifi zone_secure"",""r"":-74,""f"":5200},{""b"":""22:17:b2:0b:7d:b6"",""s"":""T wifi zone"",""r"":-75,""f"":5200},{""b"":""36:78:c2:00:0a:b1"",""s"":""KT WiFi "",""r"":-90,""f"":5640}]",""
1789876286657,2026-09-20 12:51:26,unknown,37.5656864,127.0187118,25.667,,,43.040758942688406,fused,14,LTE,NR_NSA,5G,true,false,true,false,false,51244301,485,100,1,8323,450,06,-81,-9,-51,15,4,0,,,,4596,1801,0.0368,0.0144,4576,1781,0.0366,0.0142,false,7,0,7,-83,485,3050,0.07106223,false,false,periodic,7,2,-17,6,12,,,,"[{""type"":""LTE"",""pci"":485,""earfcn"":3050,""tac"":null,""rsrp"":-83,""rsrq"":-12,""rssi"":-61,""snr"":null,""ta"":0,""level"":4,""bands"":""7""},{""type"":""LTE"",""pci"":484,""earfcn"":100,""tac"":null,""rsrp"":-87,""rsrq"":-16,""rssi"":-61,""snr"":null,""ta"":0,""level"":3,""bands"":""1""},{""type"":""LTE"",""pci"":459,""earfcn"":3050,""tac"":null,""rsrp"":-87,""rsrq"":-19,""rssi"":-57,""snr"":null,""ta"":0,""level"":3,""bands"":""7""},{""type"":""LTE"",""pci"":492,""earfcn"":100,""tac"":null,""rsrp"":-90,""rsrq"":-19,""rssi"":-61,""snr"":null,""ta"":0,""level"":3,""bands"":""1""},{""type"":""LTE"",""pci"":485,""earfcn"":2600,""tac"":null,""rsrp"":-94,""rsrq"":-12,""rssi"":-71,""snr"":null,""ta"":0,""level"":3,""bands"":""5""},{""type"":""LTE"",""pci"":378,""earfcn"":100,""tac"":null,""rsrp"":-95,""rsrq"":-18,""rssi"":-65,""snr"":null,""ta"":0,""level"":3,""bands"":""1""},{""type"":""LTE"",""pci"":459,""earfcn"":2600,""tac"":null,""rsrp"":-100,""rsrq"":-19,""rssi"":-71,""snr"":null,""ta"":0,""level"":2,""bands"":""5""}]",1011.68256,28,,14,9,,,,"[{""b"":""40:27:0b:02:a2:b8"",""s"":""U+zone"",""r"":-38,""f"":5785},{""b"":""02:17:b2:0b:47:88"",""s"":""T wifi zone"",""r"":-41,""f"":2472},{""b"":""02:17:b2:0b:47:8a"",""s"":""T wifi zone_secure"",""r"":-42,""f"":2472},{""b"":""22:17:b2:0b:47:8a"",""s"":""T wifi zone_secure"",""r"":-49,""f"":5280},{""b"":""22:17:b2:0b:47:88"",""s"":""T wifi zone"",""r"":-49,""f"":5280},{""b"":""30:78:c2:00:0a:b5"",""s"":""KT WiFi"",""r"":-53,""f"":2412},{""b"":""36:78:c2:00:0a:b4"",""s"":""KT WiFi "",""r"":-54,""f"":5240},{""b"":""30:78:c2:00:0a:b4"",""s"":""KT WiFi"",""r"":-54,""f"":5240},{""b"":""40:27:0b:02:a2:c7"",""s"":""U+zone"",""r"":-67,""f"":5620},{""b"":""30:78:c2:00:07:d5"",""s"":""KT WiFi"",""r"":-70,""f"":5640},{""b"":""36:78:c2:00:07:d5"",""s"":""KT WiFi "",""r"":-71,""f"":5640},{""b"":""22:17:b2:0b:7d:b8"",""s"":""T wifi zone_secure"",""r"":-74,""f"":5200},{""b"":""22:17:b2:0b:7d:b6"",""s"":""T wifi zone"",""r"":-75,""f"":5200},{""b"":""36:78:c2:00:0a:b1"",""s"":""KT WiFi "",""r"":-90,""f"":5640}]",""
1789876290254,2026-09-20 12:51:30,unknown,37.5656864,127.0187118,25.667,,,43.040758942688406,fused,18,LTE,NR_NSA,5G,true,false,true,false,false,51244300,484,100,1,8323,450,06,-78,-14,-51,9,4,0,,,,4542,395,0.0363,0.0032,4514,367,0.0361,0.0029,false,7,0,7,-86,485,100,0.26650542,true,false,handover,0,3,,,6,51244301,-81,-9,"[{""type"":""LTE"",""pci"":485,""earfcn"":100,""tac"":null,""rsrp"":-86,""rsrq"":-16,""rssi"":-51,""snr"":null,""ta"":0,""level"":3,""bands"":""1""},{""type"":""LTE"",""pci"":484,""earfcn"":3050,""tac"":null,""rsrp"":-88,""rsrq"":-11,""rssi"":-67,""snr"":null,""ta"":0,""level"":3,""bands"":""7""},{""type"":""LTE"",""pci"":485,""earfcn"":3050,""tac"":null,""rsrp"":-89,""rsrq"":-16,""rssi"":-67,""snr"":null,""ta"":0,""level"":3,""bands"":""7""},{""type"":""LTE"",""pci"":492,""earfcn"":100,""tac"":null,""rsrp"":-93,""rsrq"":-20,""rssi"":-63,""snr"":null,""ta"":0,""level"":3,""bands"":""1""},{""type"":""LTE"",""pci"":484,""earfcn"":2600,""tac"":null,""rsrp"":-93,""rsrq"":-13,""rssi"":-69,""snr"":null,""ta"":0,""level"":3,""bands"":""5""},{""type"":""LTE"",""pci"":485,""earfcn"":2600,""tac"":null,""rsrp"":-94,""rsrq"":-13,""rssi"":-69,""snr"":null,""ta"":0,""level"":3,""bands"":""5""},{""type"":""LTE"",""pci"":459,""earfcn"":3050,""tac"":null,""rsrp"":-100,""rsrq"":-20,""rssi"":-67,""snr"":null,""ta"":0,""level"":2,""bands"":""7""}]",1011.8332,36,,20,1,,,,"[{""b"":""40:27:0b:02:a2:b7"",""s"":""U+zone_2.4GHz"",""r"":-37,""f"":2432},{""b"":""40:27:0b:02:a2:b8"",""s"":""U+zone"",""r"":-41,""f"":5785},{""b"":""02:17:b2:0b:47:8a"",""s"":""T wifi zone_secure"",""r"":-42,""f"":2472},{""b"":""02:17:b2:0b:47:88"",""s"":""T wifi zone"",""r"":-43,""f"":2472},{""b"":""22:17:b2:0b:47:8a"",""s"":""T wifi zone_secure"",""r"":-46,""f"":5280},{""b"":""22:17:b2:0b:47:88"",""s"":""T wifi zone"",""r"":-46,""f"":5280},{""b"":""36:78:c2:00:0a:b5"",""s"":""KT WiFi "",""r"":-48,""f"":2412},{""b"":""30:78:c2:00:0a:b5"",""s"":""KT WiFi"",""r"":-48,""f"":2412},{""b"":""30:78:c2:00:0a:b4"",""s"":""KT WiFi"",""r"":-52,""f"":5240},{""b"":""36:78:c2:00:0a:b4"",""s"":""KT WiFi "",""r"":-54,""f"":5240},{""b"":""40:27:0b:02:a2:c7"",""s"":""U+zone"",""r"":-67,""f"":5620},{""b"":""30:78:c2:00:07:d6"",""s"":""KT WiFi"",""r"":-71,""f"":2432},{""b"":""36:78:c2:00:07:d6"",""s"":""KT WiFi "",""r"":-71,""f"":2432},{""b"":""22:17:b2:0b:7d:b6"",""s"":""T wifi zone"",""r"":-73,""f"":5200},{""b"":""22:17:b2:0b:7d:b8"",""s"":""T wifi zone_secure"",""r"":-73,""f"":5200}]","[{""type"":""LTE"",""pci"":485,""earfcn"":3050,""tac"":null,""rsrp"":-83,""rsrq"":-12,""rssi"":-61,""snr"":null,""ta"":0,""level"":4,""bands"":""7""},{""type"":""LTE"",""pci"":484,""earfcn"":100,""tac"":null,""rsrp"":-87,""rsrq"":-16,""rssi"":-61,""snr"":null,""ta"":0,""level"":3,""bands"":""1""},{""type"":""LTE"",""pci"":459,""earfcn"":3050,""tac"":null,""rsrp"":-87,""rsrq"":-19,""rssi"":-57,""snr"":null,""ta"":0,""level"":3,""bands"":""7""},{""type"":""LTE"",""pci"":492,""earfcn"":100,""tac"":null,""rsrp"":-90,""rsrq"":-19,""rssi"":-61,""snr"":null,""ta"":0,""level"":3,""bands"":""1""},{""type"":""LTE"",""pci"":485,""earfcn"":2600,""tac"":null,""rsrp"":-94,""rsrq"":-12,""rssi"":-71,""snr"":null,""ta"":0,""level"":3,""bands"":""5""},{""type"":""LTE"",""pci"":378,""earfcn"":100,""tac"":null,""rsrp"":-95,""rsrq"":-18,""rssi"":-65,""snr"":null,""ta"":0,""level"":3,""bands"":""1""},{""type"":""LTE"",""pci"":459,""earfcn"":2600,""tac"":null,""rsrp"":-100,""rsrq"":-19,""rssi"":-71,""snr"":null,""ta"":0,""level"":2,""bands"":""5""}]"
1789876291667,2026-09-20 12:51:31,unknown,37.5656864,127.0187118,25.667,,,43.040758942688406,fused,19,LTE,NR_NSA,5G,true,false,true,false,false,51244300,484,100,1,8323,450,06,-78,-14,-51,9,4,0,,,,0,0,0.0000,0.0000,0,0,0.0000,0.0000,false,7,0,7,-86,485,100,0.1286259,false,false,periodic,1,3,0,0,1422,,,,"[{""type"":""LTE"",""pci"":485,""earfcn"":100,""tac"":null,""rsrp"":-86,""rsrq"":-16,""rssi"":-51,""snr"":null,""ta"":0,""level"":3,""bands"":""1""},{""type"":""LTE"",""pci"":484,""earfcn"":3050,""tac"":null,""rsrp"":-88,""rsrq"":-11,""rssi"":-67,""snr"":null,""ta"":0,""level"":3,""bands"":""7""},{""type"":""LTE"",""pci"":485,""earfcn"":3050,""tac"":null,""rsrp"":-89,""rsrq"":-16,""rssi"":-67,""snr"":null,""ta"":0,""level"":3,""bands"":""7""},{""type"":""LTE"",""pci"":492,""earfcn"":100,""tac"":null,""rsrp"":-93,""rsrq"":-20,""rssi"":-63,""snr"":null,""ta"":0,""level"":3,""bands"":""1""},{""type"":""LTE"",""pci"":484,""earfcn"":2600,""tac"":null,""rsrp"":-93,""rsrq"":-13,""rssi"":-69,""snr"":null,""ta"":0,""level"":3,""bands"":""5""},{""type"":""LTE"",""pci"":485,""earfcn"":2600,""tac"":null,""rsrp"":-94,""rsrq"":-13,""rssi"":-69,""snr"":null,""ta"":0,""level"":3,""bands"":""5""},{""type"":""LTE"",""pci"":459,""earfcn"":3050,""tac"":null,""rsrp"":-100,""rsrq"":-20,""rssi"":-67,""snr"":null,""ta"":0,""level"":2,""bands"":""7""}]",1011.88336,36,,20,3,,,,"[{""b"":""40:27:0b:02:a2:b7"",""s"":""U+zone_2.4GHz"",""r"":-37,""f"":2432},{""b"":""40:27:0b:02:a2:b8"",""s"":""U+zone"",""r"":-41,""f"":5785},{""b"":""02:17:b2:0b:47:8a"",""s"":""T wifi zone_secure"",""r"":-42,""f"":2472},{""b"":""02:17:b2:0b:47:88"",""s"":""T wifi zone"",""r"":-43,""f"":2472},{""b"":""22:17:b2:0b:47:8a"",""s"":""T wifi zone_secure"",""r"":-46,""f"":5280},{""b"":""22:17:b2:0b:47:88"",""s"":""T wifi zone"",""r"":-46,""f"":5280},{""b"":""36:78:c2:00:0a:b5"",""s"":""KT WiFi "",""r"":-48,""f"":2412},{""b"":""30:78:c2:00:0a:b5"",""s"":""KT WiFi"",""r"":-48,""f"":2412},{""b"":""30:78:c2:00:0a:b4"",""s"":""KT WiFi"",""r"":-52,""f"":5240},{""b"":""36:78:c2:00:0a:b4"",""s"":""KT WiFi "",""r"":-54,""f"":5240},{""b"":""40:27:0b:02:a2:c7"",""s"":""U+zone"",""r"":-67,""f"":5620},{""b"":""30:78:c2:00:07:d6"",""s"":""KT WiFi"",""r"":-71,""f"":2432},{""b"":""36:78:c2:00:07:d6"",""s"":""KT WiFi "",""r"":-71,""f"":2432},{""b"":""22:17:b2:0b:7d:b6"",""s"":""T wifi zone"",""r"":-73,""f"":5200},{""b"":""22:17:b2:0b:7d:b8"",""s"":""T wifi zone_secure"",""r"":-73,""f"":5200}]",""
1789876296689,2026-09-20 12:51:36,unknown,37.5656864,127.0187118,25.667,,,43.040758942688406,fused,24,LTE,NR_NSA,5G,true,false,true,false,false,51244300,484,100,1,8323,450,06,-73,-10,-51,7,4,0,,,,423893,1544,3.3911,0.0124,423873,1524,3.3910,0.0122,false,7,0,7,-79,484,3050,0.12855348,false,false,periodic,6,3,5,-2,5001,,,,"[{""type"":""LTE"",""pci"":484,""earfcn"":3050,""tac"":null,""rsrp"":-79,""rsrq"":-7,""rssi"":-63,""snr"":null,""ta"":0,""level"":4,""bands"":""7""},{""type"":""LTE"",""pci"":484,""earfcn"":2600,""tac"":null,""rsrp"":-80,""rsrq"":-10,""rssi"":-59,""snr"":null,""ta"":0,""level"":4,""bands"":""5""},{""type"":""LTE"",""pci"":492,""earfcn"":100,""tac"":null,""rsrp"":-83,""rsrq"":-19,""rssi"":-55,""snr"":null,""ta"":0,""level"":4,""bands"":""1""},{""type"":""LTE"",""pci"":485,""earfcn"":100,""tac"":null,""rsrp"":-88,""rsrq"":-17,""rssi"":-57,""snr"":null,""ta"":0,""level"":3,""bands"":""1""},{""type"":""LTE"",""pci"":485,""earfcn"":3050,""tac"":null,""rsrp"":-89,""rsrq"":-16,""rssi"":-67,""snr"":null,""ta"":0,""level"":3,""bands"":""7""},{""type"":""LTE"",""pci"":485,""earfcn"":2600,""tac"":null,""rsrp"":-92,""rsrq"":-12,""rssi"":-71,""snr"":null,""ta"":0,""level"":3,""bands"":""5""},{""type"":""LTE"",""pci"":459,""earfcn"":3050,""tac"":null,""rsrp"":-100,""rsrq"":-20,""rssi"":-63,""snr"":null,""ta"":0,""level"":2,""bands"":""7""}]",1011.51764,21,70.006,19,1,,,,"[{""b"":""40:27:0b:02:a2:b8"",""s"":""U+zone"",""r"":-38,""f"":5785},{""b"":""40:27:0b:02:a2:b7"",""s"":""U+zone_2.4GHz"",""r"":-41,""f"":2432},{""b"":""36:78:c2:00:0a:b5"",""s"":""KT WiFi "",""r"":-47,""f"":2412},{""b"":""30:78:c2:00:0a:b5"",""s"":""KT WiFi"",""r"":-47,""f"":2412},{""b"":""22:17:b2:0b:47:8a"",""s"":""T wifi zone_secure"",""r"":-49,""f"":5280},{""b"":""22:17:b2:0b:47:88"",""s"":""T wifi zone"",""r"":-49,""f"":5280},{""b"":""36:78:c2:00:0a:b4"",""s"":""KT WiFi "",""r"":-54,""f"":5240},{""b"":""30:78:c2:00:0a:b4"",""s"":""KT WiFi"",""r"":-54,""f"":5240},{""b"":""40:27:0b:02:a2:c7"",""s"":""U+zone"",""r"":-64,""f"":5620},{""b"":""40:27:0b:02:a2:c6"",""s"":""U+zone_2.4GHz"",""r"":-66,""f"":2432},{""b"":""30:78:c2:00:07:d5"",""s"":""KT WiFi"",""r"":-71,""f"":5640},{""b"":""22:17:b2:0b:7d:b6"",""s"":""T wifi zone"",""r"":-72,""f"":5200},{""b"":""22:17:b2:0b:7d:b8"",""s"":""T wifi zone_secure"",""r"":-72,""f"":5200},{""b"":""36:78:c2:00:07:d6"",""s"":""KT WiFi "",""r"":-72,""f"":2432},{""b"":""36:78:c2:00:07:d5"",""s"":""KT WiFi "",""r"":-74,""f"":5640}]",""
1789876300174,2026-09-20 12:51:40,unknown,37.5656864,127.0187118,25.667,,,43.040758942688406,fused,27,LTE,NR_NSA,5G,true,false,true,false,false,51243532,492,100,1,8323,450,06,-79,-13,-51,10,4,0,,,,72,113,0.0006,0.0009,43,84,0.0003,0.0007,false,8,0,8,-87,484,100,0.18996628,true,false,handover,0,3,,,6,51244300,-73,-10,"[{""type"":""LTE"",""pci"":484,""earfcn"":100,""tac"":null,""rsrp"":-87,""rsrq"":-14,""rssi"":-51,""snr"":null,""ta"":0,""level"":3,""bands"":""1""},{""type"":""LTE"",""pci"":484,""earfcn"":2600,""tac"":null,""rsrp"":-87,""rsrq"":-8,""rssi"":-71,""snr"":null,""ta"":0,""level"":3,""bands"":""5""},{""type"":""LTE"",""pci"":492,""earfcn"":3050,""tac"":null,""rsrp"":-90,""rsrq"":-10,""rssi"":-71,""snr"":null,""ta"":0,""level"":3,""bands"":""7""},{""type"":""LTE"",""pci"":484,""earfcn"":3050,""tac"":null,""rsrp"":-93,""rsrq"":-11,""rssi"":-71,""snr"":null,""ta"":0,""level"":3,""bands"":""7""},{""type"":""LTE"",""pci"":492,""earfcn"":2600,""tac"":null,""rsrp"":-94,""rsrq"":-9,""rssi"":-71,""snr"":null,""ta"":0,""level"":3,""bands"":""5""},{""type"":""LTE"",""pci"":459,""earfcn"":3050,""tac"":null,""rsrp"":-97,""rsrq"":-19,""rssi"":-69,""snr"":null,""ta"":0,""level"":2,""bands"":""7""},{""type"":""LTE"",""pci"":485,""earfcn"":3050,""tac"":null,""rsrp"":-101,""rsrq"":-19,""rssi"":-71,""snr"":null,""ta"":0,""level"":2,""bands"":""7""},{""type"":""LTE"",""pci"":485,""earfcn"":2600,""tac"":null,""rsrp"":-105,""rsrq"":-20,""rssi"":-71,""snr"":null,""ta"":0,""level"":2,""bands"":""5""}]",1011.7733,12,,19,5,,,,"[{""b"":""40:27:0b:02:a2:b8"",""s"":""U+zone"",""r"":-38,""f"":5785},{""b"":""40:27:0b:02:a2:b7"",""s"":""U+zone_2.4GHz"",""r"":-41,""f"":2432},{""b"":""36:78:c2:00:0a:b5"",""s"":""KT WiFi "",""r"":-47,""f"":2412},{""b"":""30:78:c2:00:0a:b5"",""s"":""KT WiFi"",""r"":-47,""f"":2412},{""b"":""22:17:b2:0b:47:8a"",""s"":""T wifi zone_secure"",""r"":-49,""f"":5280},{""b"":""22:17:b2:0b:47:88"",""s"":""T wifi zone"",""r"":-49,""f"":5280},{""b"":""36:78:c2:00:0a:b4"",""s"":""KT WiFi "",""r"":-54,""f"":5240},{""b"":""30:78:c2:00:0a:b4"",""s"":""KT WiFi"",""r"":-54,""f"":5240},{""b"":""40:27:0b:02:a2:c7"",""s"":""U+zone"",""r"":-64,""f"":5620},{""b"":""40:27:0b:02:a2:c6"",""s"":""U+zone_2.4GHz"",""r"":-66,""f"":2432},{""b"":""30:78:c2:00:07:d5"",""s"":""KT WiFi"",""r"":-71,""f"":5640},{""b"":""22:17:b2:0b:7d:b6"",""s"":""T wifi zone"",""r"":-72,""f"":5200},{""b"":""22:17:b2:0b:7d:b8"",""s"":""T wifi zone_secure"",""r"":-72,""f"":5200},{""b"":""36:78:c2:00:07:d6"",""s"":""KT WiFi "",""r"":-72,""f"":2432},{""b"":""36:78:c2:00:07:d5"",""s"":""KT WiFi "",""r"":-74,""f"":5640}]","[{""type"":""LTE"",""pci"":484,""earfcn"":3050,""tac"":null,""rsrp"":-79,""rsrq"":-7,""rssi"":-63,""snr"":null,""ta"":0,""level"":4,""bands"":""7""},{""type"":""LTE"",""pci"":484,""earfcn"":2600,""tac"":null,""rsrp"":-80,""rsrq"":-10,""rssi"":-59,""snr"":null,""ta"":0,""level"":4,""bands"":""5""},{""type"":""LTE"",""pci"":492,""earfcn"":100,""tac"":null,""rsrp"":-83,""rsrq"":-19,""rssi"":-55,""snr"":null,""ta"":0,""level"":4,""bands"":""1""},{""type"":""LTE"",""pci"":485,""earfcn"":100,""tac"":null,""rsrp"":-88,""rsrq"":-17,""rssi"":-57,""snr"":null,""ta"":0,""level"":3,""bands"":""1""},{""type"":""LTE"",""pci"":485,""earfcn"":3050,""tac"":null,""rsrp"":-89,""rsrq"":-16,""rssi"":-67,""snr"":null,""ta"":0,""level"":3,""bands"":""7""},{""type"":""LTE"",""pci"":485,""earfcn"":2600,""tac"":null,""rsrp"":-92,""rsrq"":-12,""rssi"":-71,""snr"":null,""ta"":0,""level"":3,""bands"":""5""},{""type"":""LTE"",""pci"":459,""earfcn"":3050,""tac"":null,""rsrp"":-100,""rsrq"":-20,""rssi"":-63,""snr"":null,""ta"":0,""level"":2,""bands"":""7""}]"
1789876301710,2026-09-20 12:51:41,unknown,37.5656864,127.0187118,25.667,,,43.040758942688406,fused,29,LTE,NR_NSA,5G,true,false,true,false,false,51243532,492,100,1,8323,450,06,-79,-13,-51,10,4,0,,,,65,65,0.0005,0.0005,0,0,0.0000,0.0000,false,8,0,8,-87,484,100,0.04460585,false,false,periodic,1,3,0,0,1545,,,,"[{""type"":""LTE"",""pci"":484,""earfcn"":100,""tac"":null,""rsrp"":-87,""rsrq"":-14,""rssi"":-51,""snr"":null,""ta"":0,""level"":3,""bands"":""1""},{""type"":""LTE"",""pci"":484,""earfcn"":2600,""tac"":null,""rsrp"":-87,""rsrq"":-8,""rssi"":-71,""snr"":null,""ta"":0,""level"":3,""bands"":""5""},{""type"":""LTE"",""pci"":492,""earfcn"":3050,""tac"":null,""rsrp"":-90,""rsrq"":-10,""rssi"":-71,""snr"":null,""ta"":0,""level"":3,""bands"":""7""},{""type"":""LTE"",""pci"":484,""earfcn"":3050,""tac"":null,""rsrp"":-93,""rsrq"":-11,""rssi"":-71,""snr"":null,""ta"":0,""level"":3,""bands"":""7""},{""type"":""LTE"",""pci"":492,""earfcn"":2600,""tac"":null,""rsrp"":-94,""rsrq"":-9,""rssi"":-71,""snr"":null,""ta"":0,""level"":3,""bands"":""5""},{""type"":""LTE"",""pci"":459,""earfcn"":3050,""tac"":null,""rsrp"":-97,""rsrq"":-19,""rssi"":-69,""snr"":null,""ta"":0,""level"":2,""bands"":""7""},{""type"":""LTE"",""pci"":485,""earfcn"":3050,""tac"":null,""rsrp"":-101,""rsrq"":-19,""rssi"":-71,""snr"":null,""ta"":0,""level"":2,""bands"":""7""},{""type"":""LTE"",""pci"":485,""earfcn"":2600,""tac"":null,""rsrp"":-105,""rsrq"":-20,""rssi"":-71,""snr"":null,""ta"":0,""level"":2,""bands"":""5""}]",1011.8651,12,,19,6,,,,"[{""b"":""40:27:0b:02:a2:b8"",""s"":""U+zone"",""r"":-38,""f"":5785},{""b"":""40:27:0b:02:a2:b7"",""s"":""U+zone_2.4GHz"",""r"":-41,""f"":2432},{""b"":""36:78:c2:00:0a:b5"",""s"":""KT WiFi "",""r"":-47,""f"":2412},{""b"":""30:78:c2:00:0a:b5"",""s"":""KT WiFi"",""r"":-47,""f"":2412},{""b"":""22:17:b2:0b:47:8a"",""s"":""T wifi zone_secure"",""r"":-49,""f"":5280},{""b"":""22:17:b2:0b:47:88"",""s"":""T wifi zone"",""r"":-49,""f"":5280},{""b"":""36:78:c2:00:0a:b4"",""s"":""KT WiFi "",""r"":-54,""f"":5240},{""b"":""30:78:c2:00:0a:b4"",""s"":""KT WiFi"",""r"":-54,""f"":5240},{""b"":""40:27:0b:02:a2:c7"",""s"":""U+zone"",""r"":-64,""f"":5620},{""b"":""40:27:0b:02:a2:c6"",""s"":""U+zone_2.4GHz"",""r"":-66,""f"":2432},{""b"":""30:78:c2:00:07:d5"",""s"":""KT WiFi"",""r"":-71,""f"":5640},{""b"":""22:17:b2:0b:7d:b6"",""s"":""T wifi zone"",""r"":-72,""f"":5200},{""b"":""22:17:b2:0b:7d:b8"",""s"":""T wifi zone_secure"",""r"":-72,""f"":5200},{""b"":""36:78:c2:00:07:d6"",""s"":""KT WiFi "",""r"":-72,""f"":2432},{""b"":""36:78:c2:00:07:d5"",""s"":""KT WiFi "",""r"":-74,""f"":5640}]",""
1789876306730,2026-09-20 12:51:46,unknown,37.5656864,127.0187118,25.667,,,43.040758942688406,fused,34,LTE,NR_NSA,5G,true,false,true,false,false,51243532,492,100,1,8323,450,06,-79,-13,-51,10,4,0,,,,3487,300,0.0279,0.0024,3467,280,0.0277,0.0022,false,8,0,8,-87,484,100,0.033320025,false,false,periodic,6,3,0,0,6566,,,,"[{""type"":""LTE"",""pci"":484,""earfcn"":100,""tac"":null,""rsrp"":-87,""rsrq"":-14,""rssi"":-51,""snr"":null,""ta"":0,""level"":3,""bands"":""1""},{""type"":""LTE"",""pci"":484,""earfcn"":2600,""tac"":null,""rsrp"":-87,""rsrq"":-8,""rssi"":-71,""snr"":null,""ta"":0,""level"":3,""bands"":""5""},{""type"":""LTE"",""pci"":492,""earfcn"":3050,""tac"":null,""rsrp"":-90,""rsrq"":-10,""rssi"":-71,""snr"":null,""ta"":0,""level"":3,""bands"":""7""},{""type"":""LTE"",""pci"":484,""earfcn"":3050,""tac"":null,""rsrp"":-93,""rsrq"":-11,""rssi"":-71,""snr"":null,""ta"":0,""level"":3,""bands"":""7""},{""type"":""LTE"",""pci"":492,""earfcn"":2600,""tac"":null,""rsrp"":-94,""rsrq"":-9,""rssi"":-71,""snr"":null,""ta"":0,""level"":3,""bands"":""5""},{""type"":""LTE"",""pci"":459,""earfcn"":3050,""tac"":null,""rsrp"":-97,""rsrq"":-19,""rssi"":-69,""snr"":null,""ta"":0,""level"":2,""bands"":""7""},{""type"":""LTE"",""pci"":485,""earfcn"":3050,""tac"":null,""rsrp"":-101,""rsrq"":-19,""rssi"":-71,""snr"":null,""ta"":0,""level"":2,""bands"":""7""},{""type"":""LTE"",""pci"":485,""earfcn"":2600,""tac"":null,""rsrp"":-105,""rsrq"":-20,""rssi"":-71,""snr"":null,""ta"":0,""level"":2,""bands"":""5""}]",1012.53534,32,,24,4,,,,"[{""b"":""40:27:0b:02:a2:b7"",""s"":""U+zone_2.4GHz"",""r"":-35,""f"":2432},{""b"":""40:27:0b:02:a2:b8"",""s"":""U+zone"",""r"":-39,""f"":5785},{""b"":""36:78:c2:00:0a:b4"",""s"":""KT WiFi "",""r"":-44,""f"":5240},{""b"":""30:78:c2:00:0a:b4"",""s"":""KT WiFi"",""r"":-44,""f"":5240},{""b"":""02:17:b2:0b:47:88"",""s"":""T wifi zone"",""r"":-48,""f"":2472},{""b"":""02:17:b2:0b:47:8a"",""s"":""T wifi zone_secure"",""r"":-49,""f"":2472},{""b"":""22:17:b2:0b:47:88"",""s"":""T wifi zone"",""r"":-50,""f"":5280},{""b"":""22:17:b2:0b:47:8a"",""s"":""T wifi zone_secure"",""r"":-51,""f"":5280},{""b"":""36:78:c2:00:0a:b5"",""s"":""KT WiFi "",""r"":-54,""f"":2412},{""b"":""30:78:c2:00:0a:b5"",""s"":""KT WiFi"",""r"":-55,""f"":2412},{""b"":""40:27:0b:02:a2:c6"",""s"":""U+zone_2.4GHz"",""r"":-60,""f"":2432},{""b"":""40:27:0b:02:a2:c7"",""s"":""U+zone"",""r"":-64,""f"":5620},{""b"":""02:17:b2:0b:7d:b6"",""s"":""T wifi zone"",""r"":-65,""f"":2452},{""b"":""02:17:b2:0b:7d:b8"",""s"":""T wifi zone_secure"",""r"":-67,""f"":2452},{""b"":""30:78:c2:00:07:d6"",""s"":""KT WiFi"",""r"":-68,""f"":2432}]",""
1789876311754,2026-09-20 12:51:51,unknown,37.5656864,127.0187118,25.667,,,43.040758942688406,fused,39,LTE,NR_NSA,5G,true,false,true,false,false,51243532,492,100,1,8323,450,06,-71,-10,-51,18,4,0,,,,4249,463,0.0340,0.0037,4229,443,0.0338,0.0035,false,5,0,5,-70,484,2600,0.039873723,false,false,periodic,11,2,8,8,4994,,,,"[{""type"":""LTE"",""pci"":484,""earfcn"":2600,""tac"":null,""rsrp"":-70,""rsrq"":-17,""rssi"":-51,""snr"":null,""ta"":0,""level"":4,""bands"":""5""},{""type"":""LTE"",""pci"":485,""earfcn"":3050,""tac"":null,""rsrp"":-77,""rsrq"":-19,""rssi"":-51,""snr"":null,""ta"":0,""level"":4,""bands"":""7""},{""type"":""LTE"",""pci"":492,""earfcn"":3050,""tac"":null,""rsrp"":-78,""rsrq"":-10,""rssi"":-59,""snr"":null,""ta"":0,""level"":4,""bands"":""7""},{""type"":""LTE"",""pci"":492,""earfcn"":2600,""tac"":null,""rsrp"":-79,""rsrq"":-8,""rssi"":-63,""snr"":null,""ta"":0,""level"":4,""bands"":""5""},{""type"":""LTE"",""pci"":484,""earfcn"":3050,""tac"":null,""rsrp"":-88,""rsrq"":-18,""rssi"":-59,""snr"":null,""ta"":0,""level"":3,""bands"":""7""}]",1013.0912,29,,23,3,,,,"[{""b"":""40:27:0b:02:a2:b7"",""s"":""U+zone_2.4GHz"",""r"":-37,""f"":2432},{""b"":""40:27:0b:02:a2:b8"",""s"":""U+zone"",""r"":-41,""f"":5785},{""b"":""36:78:c2:00:0a:b4"",""s"":""KT WiFi "",""r"":-44,""f"":5240},{""b"":""30:78:c2:00:0a:b4"",""s"":""KT WiFi"",""r"":-44,""f"":5240},{""b"":""02:17:b2:0b:47:88"",""s"":""T wifi zone"",""r"":-47,""f"":2472},{""b"":""02:17:b2:0b:47:8a"",""s"":""T wifi zone_secure"",""r"":-47,""f"":2472},{""b"":""22:17:b2:0b:47:8a"",""s"":""T wifi zone_secure"",""r"":-50,""f"":5280},{""b"":""22:17:b2:0b:47:88"",""s"":""T wifi zone"",""r"":-50,""f"":5280},{""b"":""30:78:c2:00:0a:b5"",""s"":""KT WiFi"",""r"":-52,""f"":2412},{""b"":""36:78:c2:00:0a:b5"",""s"":""KT WiFi "",""r"":-53,""f"":2412},{""b"":""30:78:c2:00:07:d6"",""s"":""KT WiFi"",""r"":-66,""f"":2432},{""b"":""40:27:0b:02:a2:c7"",""s"":""U+zone"",""r"":-66,""f"":5620},{""b"":""02:17:b2:0b:7d:b8"",""s"":""T wifi zone_secure"",""r"":-66,""f"":2452},{""b"":""36:78:c2:00:07:d6"",""s"":""KT WiFi "",""r"":-71,""f"":2432},{""b"":""30:78:c2:00:07:d5"",""s"":""KT WiFi"",""r"":-72,""f"":5640}]",""
1789876314867,2026-09-20 12:51:54,unknown,37.5656864,127.0187118,25.667,,,43.040758942688406,fused,42,LTE,NR_NSA,5G,true,false,true,false,false,51243535,457,100,1,8323,450,06,-71,-13,-51,5,4,0,,,,32,32,0.0003,0.0003,0,0,0.0000,0.0000,false,6,0,6,-78,492,100,0.008573017,true,false,handover,0,3,,,3,51243532,-71,-10,"[{""type"":""LTE"",""pci"":492,""earfcn"":100,""tac"":null,""rsrp"":-78,""rsrq"":-13,""rssi"":-51,""snr"":null,""ta"":0,""level"":4,""bands"":""1""},{""type"":""LTE"",""pci"":492,""earfcn"":2600,""tac"":null,""rsrp"":-84,""rsrq"":-10,""rssi"":-65,""snr"":null,""ta"":0,""level"":4,""bands"":""5""},{""type"":""LTE"",""pci"":457,""earfcn"":2600,""tac"":null,""rsrp"":-84,""rsrq"":-9,""rssi"":-65,""snr"":null,""ta"":0,""level"":4,""bands"":""5""},{""type"":""LTE"",""pci"":457,""earfcn"":3050,""tac"":null,""rsrp"":-87,""rsrq"":-14,""rssi"":-63,""snr"":null,""ta"":0,""level"":3,""bands"":""7""},{""type"":""LTE"",""pci"":492,""earfcn"":3050,""tac"":null,""rsrp"":-88,""rsrq"":-15,""rssi"":-63,""snr"":null,""ta"":0,""level"":3,""bands"":""7""},{""type"":""LTE"",""pci"":484,""earfcn"":2600,""tac"":null,""rsrp"":-93,""rsrq"":-17,""rssi"":-65,""snr"":null,""ta"":0,""level"":3,""bands"":""5""}]",1013.1749,29,,23,6,,,,"[{""b"":""40:27:0b:02:a2:b7"",""s"":""U+zone_2.4GHz"",""r"":-37,""f"":2432},{""b"":""40:27:0b:02:a2:b8"",""s"":""U+zone"",""r"":-41,""f"":5785},{""b"":""36:78:c2:00:0a:b4"",""s"":""KT WiFi "",""r"":-44,""f"":5240},{""b"":""30:78:c2:00:0a:b4"",""s"":""KT WiFi"",""r"":-44,""f"":5240},{""b"":""02:17:b2:0b:47:88"",""s"":""T wifi zone"",""r"":-47,""f"":2472},{""b"":""02:17:b2:0b:47:8a"",""s"":""T wifi zone_secure"",""r"":-47,""f"":2472},{""b"":""22:17:b2:0b:47:8a"",""s"":""T wifi zone_secure"",""r"":-50,""f"":5280},{""b"":""22:17:b2:0b:47:88"",""s"":""T wifi zone"",""r"":-50,""f"":5280},{""b"":""30:78:c2:00:0a:b5"",""s"":""KT WiFi"",""r"":-52,""f"":2412},{""b"":""36:78:c2:00:0a:b5"",""s"":""KT WiFi "",""r"":-53,""f"":2412},{""b"":""30:78:c2:00:07:d6"",""s"":""KT WiFi"",""r"":-66,""f"":2432},{""b"":""40:27:0b:02:a2:c7"",""s"":""U+zone"",""r"":-66,""f"":5620},{""b"":""02:17:b2:0b:7d:b8"",""s"":""T wifi zone_secure"",""r"":-66,""f"":2452},{""b"":""36:78:c2:00:07:d6"",""s"":""KT WiFi "",""r"":-71,""f"":2432},{""b"":""30:78:c2:00:07:d5"",""s"":""KT WiFi"",""r"":-72,""f"":5640}]","[{""type"":""LTE"",""pci"":484,""earfcn"":2600,""tac"":null,""rsrp"":-70,""rsrq"":-17,""rssi"":-51,""snr"":null,""ta"":0,""level"":4,""bands"":""5""},{""type"":""LTE"",""pci"":485,""earfcn"":3050,""tac"":null,""rsrp"":-77,""rsrq"":-19,""rssi"":-51,""snr"":null,""ta"":0,""level"":4,""bands"":""7""},{""type"":""LTE"",""pci"":492,""earfcn"":3050,""tac"":null,""rsrp"":-78,""rsrq"":-10,""rssi"":-59,""snr"":null,""ta"":0,""level"":4,""bands"":""7""},{""type"":""LTE"",""pci"":492,""earfcn"":2600,""tac"":null,""rsrp"":-79,""rsrq"":-8,""rssi"":-63,""snr"":null,""ta"":0,""level"":4,""bands"":""5""},{""type"":""LTE"",""pci"":484,""earfcn"":3050,""tac"":null,""rsrp"":-88,""rsrq"":-18,""rssi"":-59,""snr"":null,""ta"":0,""level"":3,""bands"":""7""}]"
1789876316773,2026-09-20 12:51:56,unknown,37.5656864,127.0187118,25.667,,,43.040758942688406,fused,44,LTE,NR_NSA,5G,true,false,true,false,false,51243535,457,100,1,8323,450,06,-71,-13,-51,5,4,0,,,,34984,14784,0.2799,0.1183,34984,14784,0.2799,0.1183,false,6,0,6,-78,492,100,0.3715788,false,false,periodic,1,3,0,0,1909,,,,"[{""type"":""LTE"",""pci"":492,""earfcn"":100,""tac"":null,""rsrp"":-78,""rsrq"":-13,""rssi"":-51,""snr"":null,""ta"":0,""level"":4,""bands"":""1""},{""type"":""LTE"",""pci"":492,""earfcn"":2600,""tac"":null,""rsrp"":-84,""rsrq"":-10,""rssi"":-65,""snr"":null,""ta"":0,""level"":4,""bands"":""5""},{""type"":""LTE"",""pci"":457,""earfcn"":2600,""tac"":null,""rsrp"":-84,""rsrq"":-9,""rssi"":-65,""snr"":null,""ta"":0,""level"":4,""bands"":""5""},{""type"":""LTE"",""pci"":457,""earfcn"":3050,""tac"":null,""rsrp"":-87,""rsrq"":-14,""rssi"":-63,""snr"":null,""ta"":0,""level"":3,""bands"":""7""},{""type"":""LTE"",""pci"":492,""earfcn"":3050,""tac"":null,""rsrp"":-88,""rsrq"":-15,""rssi"":-63,""snr"":null,""ta"":0,""level"":3,""bands"":""7""},{""type"":""LTE"",""pci"":484,""earfcn"":2600,""tac"":null,""rsrp"":-93,""rsrq"":-17,""rssi"":-65,""snr"":null,""ta"":0,""level"":3,""bands"":""5""}]",1013.2281,14,,22,1,,,,"[{""b"":""40:27:0b:02:a2:b7"",""s"":""U+zone_2.4GHz"",""r"":-33,""f"":2432},{""b"":""40:27:0b:02:a2:b8"",""s"":""U+zone"",""r"":-42,""f"":5785},{""b"":""02:17:b2:0b:47:8a"",""s"":""T wifi zone_secure"",""r"":-43,""f"":2472},{""b"":""02:17:b2:0b:47:88"",""s"":""T wifi zone"",""r"":-44,""f"":2472},{""b"":""22:17:b2:0b:47:8a"",""s"":""T wifi zone_secure"",""r"":-47,""f"":5280},{""b"":""22:17:b2:0b:47:88"",""s"":""T wifi zone"",""r"":-47,""f"":5280},{""b"":""36:78:c2:00:0a:b5"",""s"":""KT WiFi "",""r"":-52,""f"":2412},{""b"":""30:78:c2:00:0a:b5"",""s"":""KT WiFi"",""r"":-53,""f"":2412},{""b"":""36:78:c2:00:0a:b4"",""s"":""KT WiFi "",""r"":-55,""f"":5240},{""b"":""30:78:c2:00:0a:b4"",""s"":""KT WiFi"",""r"":-55,""f"":5240},{""b"":""02:17:b2:0b:7d:b6"",""s"":""T wifi zone"",""r"":-60,""f"":2452},{""b"":""02:17:b2:0b:7d:b8"",""s"":""T wifi zone_secure"",""r"":-64,""f"":2452},{""b"":""40:27:0b:02:a2:c7"",""s"":""U+zone"",""r"":-65,""f"":5620},{""b"":""30:78:c2:00:07:d6"",""s"":""KT WiFi"",""r"":-70,""f"":2432},{""b"":""44:e6:4a:0c:85:cd"",""s"":"" Uro_6691249"",""r"":-71,""f"":2462}]",""
1789876321779,2026-09-20 12:52:01,unknown,37.5655575,127.0093333,100.0,,,40.853211031768225,fused,1,LTE,NR_NSA,5G,true,false,true,false,false,51243535,457,100,1,8323,450,06,-61,-11,-51,16,4,0,,,,1887,391,0.0151,0.0031,1847,351,0.0148,0.0028,false,6,0,6,-62,457,2600,0.030934894,false,false,periodic,6,2,10,11,1223,,,,"[{""type"":""LTE"",""pci"":457,""earfcn"":2600,""tac"":null,""rsrp"":-62,""rsrq"":-11,""rssi"":-51,""snr"":null,""ta"":0,""level"":4,""bands"":""5""},{""type"":""LTE"",""pci"":492,""earfcn"":100,""tac"":null,""rsrp"":-72,""rsrq"":-18,""rssi"":-51,""snr"":null,""ta"":0,""level"":4,""bands"":""1""},{""type"":""LTE"",""pci"":457,""earfcn"":3050,""tac"":null,""rsrp"":-72,""rsrq"":-9,""rssi"":-53,""snr"":null,""ta"":0,""level"":4,""bands"":""7""},{""type"":""LTE"",""pci"":484,""earfcn"":2600,""tac"":null,""rsrp"":-74,""rsrq"":-20,""rssi"":-51,""snr"":null,""ta"":0,""level"":4,""bands"":""5""},{""type"":""LTE"",""pci"":492,""earfcn"":3050,""tac"":null,""rsrp"":-88,""rsrq"":-15,""rssi"":-63,""snr"":null,""ta"":0,""level"":3,""bands"":""7""},{""type"":""LTE"",""pci"":492,""earfcn"":2600,""tac"":null,""rsrp"":-93,""rsrq"":-15,""rssi"":-61,""snr"":null,""ta"":0,""level"":3,""bands"":""5""}]",1013.3658,29,,22,6,,,,"[{""b"":""40:27:0b:02:a2:b7"",""s"":""U+zone_2.4GHz"",""r"":-33,""f"":2432},{""b"":""40:27:0b:02:a2:b8"",""s"":""U+zone"",""r"":-42,""f"":5785},{""b"":""02:17:b2:0b:47:8a"",""s"":""T wifi zone_secure"",""r"":-43,""f"":2472},{""b"":""02:17:b2:0b:47:88"",""s"":""T wifi zone"",""r"":-44,""f"":2472},{""b"":""22:17:b2:0b:47:8a"",""s"":""T wifi zone_secure"",""r"":-47,""f"":5280},{""b"":""22:17:b2:0b:47:88"",""s"":""T wifi zone"",""r"":-47,""f"":5280},{""b"":""36:78:c2:00:0a:b5"",""s"":""KT WiFi "",""r"":-52,""f"":2412},{""b"":""30:78:c2:00:0a:b5"",""s"":""KT WiFi"",""r"":-53,""f"":2412},{""b"":""36:78:c2:00:0a:b4"",""s"":""KT WiFi "",""r"":-55,""f"":5240},{""b"":""30:78:c2:00:0a:b4"",""s"":""KT WiFi"",""r"":-55,""f"":5240},{""b"":""02:17:b2:0b:7d:b6"",""s"":""T wifi zone"",""r"":-60,""f"":2452},{""b"":""02:17:b2:0b:7d:b8"",""s"":""T wifi zone_secure"",""r"":-64,""f"":2452},{""b"":""40:27:0b:02:a2:c7"",""s"":""U+zone"",""r"":-65,""f"":5620},{""b"":""30:78:c2:00:07:d6"",""s"":""KT WiFi"",""r"":-70,""f"":2432},{""b"":""44:e6:4a:0c:85:cd"",""s"":"" Uro_6691249"",""r"":-71,""f"":2462}]",""
1789876326789,2026-09-20 12:52:06,unknown,37.5655575,127.0093333,100.0,,,39.262757753111735,fused,1,LTE,NR_NSA,5G,true,false,true,false,false,51243535,457,100,1,8323,450,06,-72,-11,-51,23,4,0,,,,424195,1110,3.3936,0.0089,424175,1090,3.3934,0.0087,false,5,0,5,-59,457,2600,0.0014735673,false,false,periodic,11,2,-11,7,1230,,,,"[{""type"":""LTE"",""pci"":457,""earfcn"":2600,""tac"":null,""rsrp"":-59,""rsrq"":-8,""rssi"":-51,""snr"":null,""ta"":0,""level"":4,""bands"":""5""},{""type"":""LTE"",""pci"":457,""earfcn"":3050,""tac"":null,""rsrp"":-75,""rsrq"":-7,""rssi"":-51,""snr"":null,""ta"":0,""level"":4,""bands"":""7""},{""type"":""LTE"",""pci"":492,""earfcn"":2600,""tac"":null,""rsrp"":-77,""rsrq"":-20,""rssi"":-51,""snr"":null,""ta"":0,""level"":4,""bands"":""5""},{""type"":""LTE"",""pci"":492,""earfcn"":100,""tac"":null,""rsrp"":-80,""rsrq"":-18,""rssi"":-51,""snr"":null,""ta"":0,""level"":4,""bands"":""1""},{""type"":""LTE"",""pci"":492,""earfcn"":3050,""tac"":null,""rsrp"":-88,""rsrq"":-19,""rssi"":-55,""snr"":null,""ta"":0,""level"":3,""bands"":""7""}]",1013.43884,77,54.274,26,1,,,,"[{""b"":""40:27:0b:02:a2:b8"",""s"":""U+zone"",""r"":-37,""f"":5785},{""b"":""22:17:b2:0b:47:8a"",""s"":""T wifi zone_secure"",""r"":-43,""f"":5280},{""b"":""22:17:b2:0b:47:88"",""s"":""T wifi zone"",""r"":-44,""f"":5280},{""b"":""02:17:b2:0b:47:88"",""s"":""T wifi zone"",""r"":-47,""f"":2472},{""b"":""02:17:b2:0b:47:8a"",""s"":""T wifi zone_secure"",""r"":-48,""f"":2472},{""b"":""36:78:c2:00:0a:b5"",""s"":""KT WiFi "",""r"":-54,""f"":2412},{""b"":""36:78:c2:00:0a:b4"",""s"":""KT WiFi "",""r"":-54,""f"":5240},{""b"":""30:78:c2:00:0a:b4"",""s"":""KT WiFi"",""r"":-54,""f"":5240},{""b"":""30:78:c2:00:0a:b5"",""s"":""KT WiFi"",""r"":-54,""f"":2412},{""b"":""40:27:0b:02:a2:c7"",""s"":""U+zone"",""r"":-59,""f"":5620},{""b"":""30:89:d3:3c:ba:ef"",""s"":""GlobalWiFi_A3SIHR"",""r"":-61,""f"":2437},{""b"":""30:78:c2:00:07:d8"",""s"":""KT WiFi"",""r"":-68,""f"":5805},{""b"":""36:78:c2:00:07:d8"",""s"":""KT WiFi "",""r"":-68,""f"":5805},{""b"":""22:17:b2:0b:5a:74"",""s"":""T wifi zone"",""r"":-71,""f"":5520},{""b"":""22:17:b2:0b:5a:76"",""s"":""T wifi zone_secure"",""r"":-71,""f"":5520}]",""
1789876331801,2026-09-20 12:52:11,unknown,37.5655575,127.0093333,100.0,,,38.723696570469116,fused,1,LTE,NR_NSA,5G,true,false,true,false,false,51243535,457,100,1,8323,450,06,-66,-12,-51,22,4,0,,,,49302,7255,0.3944,0.0580,49282,7235,0.3943,0.0579,false,4,0,4,-63,457,2600,0.107688814,false,false,periodic,16,1,6,-1,1240,,,,"[{""type"":""LTE"",""pci"":457,""earfcn"":2600,""tac"":null,""rsrp"":-63,""rsrq"":-11,""rssi"":-51,""snr"":null,""ta"":0,""level"":4,""bands"":""5""},{""type"":""LTE"",""pci"":457,""earfcn"":3050,""tac"":null,""rsrp"":-78,""rsrq"":-13,""rssi"":-55,""snr"":null,""ta"":0,""level"":4,""bands"":""7""},{""type"":""LTE"",""pci"":492,""earfcn"":100,""tac"":null,""rsrp"":-80,""rsrq"":-17,""rssi"":-51,""snr"":null,""ta"":0,""level"":4,""bands"":""1""},{""type"":""LTE"",""pci"":492,""earfcn"":3050,""tac"":null,""rsrp"":-84,""rsrq"":-19,""rssi"":-55,""snr"":null,""ta"":0,""level"":4,""bands"":""7""}]",1013.51984,16,,28,4,,,,"[{""b"":""40:27:0b:02:a2:b8"",""s"":""U+zone"",""r"":-39,""f"":5785},{""b"":""22:17:b2:0b:47:8a"",""s"":""T wifi zone_secure"",""r"":-44,""f"":5280},{""b"":""22:17:b2:0b:47:88"",""s"":""T wifi zone"",""r"":-45,""f"":5280},{""b"":""36:78:c2:00:0a:b5"",""s"":""KT WiFi "",""r"":-54,""f"":2412},{""b"":""30:78:c2:00:0a:b5"",""s"":""KT WiFi"",""r"":-54,""f"":2412},{""b"":""36:78:c2:00:0a:b4"",""s"":""KT WiFi "",""r"":-57,""f"":5240},{""b"":""30:78:c2:00:0a:b4"",""s"":""KT WiFi"",""r"":-57,""f"":5240},{""b"":""40:27:0b:02:ac:09"",""s"":""U+zone"",""r"":-64,""f"":5620},{""b"":""40:27:0b:02:a2:c7"",""s"":""U+zone"",""r"":-64,""f"":5620},{""b"":""22:17:b2:0b:5a:74"",""s"":""T wifi zone"",""r"":-67,""f"":5520},{""b"":""22:17:b2:0b:5a:76"",""s"":""T wifi zone_secure"",""r"":-67,""f"":5520},{""b"":""22:17:b2:0b:7d:b6"",""s"":""T wifi zone"",""r"":-71,""f"":5200},{""b"":""22:17:b2:0b:7d:b8"",""s"":""T wifi zone_secure"",""r"":-72,""f"":5200},{""b"":""30:89:d3:42:eb:14"",""s"":""#Roamingman_A44C2X"",""r"":-73,""f"":5220},{""b"":""30:78:c2:00:07:d8"",""s"":""KT WiFi"",""r"":-74,""f"":5805}]",""
1789876336807,2026-09-20 12:52:16,unknown,37.5655575,127.0093333,100.0,,,38.723696570469116,fused,6,LTE,NR_NSA,5G,true,false,true,false,false,51243535,457,100,1,8323,450,06,-66,-12,-51,26,4,0,,,,173314,24725,1.3865,0.1978,173294,24705,1.3864,0.1976,false,4,0,4,-57,457,2600,0.29220548,false,false,periodic,21,1,0,4,1240,,,,"[{""type"":""LTE"",""pci"":457,""earfcn"":2600,""tac"":null,""rsrp"":-57,""rsrq"":-8,""rssi"":-51,""snr"":null,""ta"":0,""level"":4,""bands"":""5""},{""type"":""LTE"",""pci"":492,""earfcn"":100,""tac"":null,""rsrp"":-75,""rsrq"":-18,""rssi"":-51,""snr"":null,""ta"":0,""level"":4,""bands"":""1""},{""type"":""LTE"",""pci"":457,""earfcn"":3050,""tac"":null,""rsrp"":-75,""rsrq"":-9,""rssi"":-51,""snr"":null,""ta"":0,""level"":4,""bands"":""7""},{""type"":""LTE"",""pci"":492,""earfcn"":3050,""tac"":null,""rsrp"":-84,""rsrq"":-20,""rssi"":-53,""snr"":null,""ta"":0,""level"":4,""bands"":""7""}]",1013.5834,17,,28,9,,,,"[{""b"":""40:27:0b:02:a2:b8"",""s"":""U+zone"",""r"":-39,""f"":5785},{""b"":""22:17:b2:0b:47:8a"",""s"":""T wifi zone_secure"",""r"":-44,""f"":5280},{""b"":""22:17:b2:0b:47:88"",""s"":""T wifi zone"",""r"":-45,""f"":5280},{""b"":""36:78:c2:00:0a:b5"",""s"":""KT WiFi "",""r"":-54,""f"":2412},{""b"":""30:78:c2:00:0a:b5"",""s"":""KT WiFi"",""r"":-54,""f"":2412},{""b"":""36:78:c2:00:0a:b4"",""s"":""KT WiFi "",""r"":-57,""f"":5240},{""b"":""30:78:c2:00:0a:b4"",""s"":""KT WiFi"",""r"":-57,""f"":5240},{""b"":""40:27:0b:02:ac:09"",""s"":""U+zone"",""r"":-64,""f"":5620},{""b"":""40:27:0b:02:a2:c7"",""s"":""U+zone"",""r"":-64,""f"":5620},{""b"":""22:17:b2:0b:5a:74"",""s"":""T wifi zone"",""r"":-67,""f"":5520},{""b"":""22:17:b2:0b:5a:76"",""s"":""T wifi zone_secure"",""r"":-67,""f"":5520},{""b"":""22:17:b2:0b:7d:b6"",""s"":""T wifi zone"",""r"":-71,""f"":5200},{""b"":""22:17:b2:0b:7d:b8"",""s"":""T wifi zone_secure"",""r"":-72,""f"":5200},{""b"":""30:89:d3:42:eb:14"",""s"":""#Roamingman_A44C2X"",""r"":-73,""f"":5220},{""b"":""30:78:c2:00:07:d8"",""s"":""KT WiFi"",""r"":-74,""f"":5805}]",""
1789876341816,2026-09-20 12:52:21,unknown,37.5655575,127.0093333,100.0,,,36.29999923706055,fused,6,LTE,NR_NSA,5G,true,false,true,false,false,51243535,457,100,1,8323,450,06,-66,-12,-51,26,4,0,,,,216813,10832,1.7345,0.0867,216793,10812,1.7343,0.0865,false,4,0,4,-57,457,2600,0.15154833,false,false,periodic,26,1,0,0,6251,,,,"[{""type"":""LTE"",""pci"":457,""earfcn"":2600,""tac"":null,""rsrp"":-57,""rsrq"":-8,""rssi"":-51,""snr"":null,""ta"":0,""level"":4,""bands"":""5""},{""type"":""LTE"",""pci"":492,""earfcn"":100,""tac"":null,""rsrp"":-75,""rsrq"":-18,""rssi"":-51,""snr"":null,""ta"":0,""level"":4,""bands"":""1""},{""type"":""LTE"",""pci"":457,""earfcn"":3050,""tac"":null,""rsrp"":-75,""rsrq"":-9,""rssi"":-51,""snr"":null,""ta"":0,""level"":4,""bands"":""7""},{""type"":""LTE"",""pci"":492,""earfcn"":3050,""tac"":null,""rsrp"":-84,""rsrq"":-20,""rssi"":-53,""snr"":null,""ta"":0,""level"":4,""bands"":""7""}]",1013.5458,16,,24,4,,,,"[{""b"":""40:27:0b:02:a2:b8"",""s"":""U+zone"",""r"":-39,""f"":5785},{""b"":""22:17:b2:0b:47:8a"",""s"":""T wifi zone_secure"",""r"":-47,""f"":5280},{""b"":""22:17:b2:0b:47:88"",""s"":""T wifi zone"",""r"":-47,""f"":5280},{""b"":""36:78:c2:00:0a:b5"",""s"":""KT WiFi "",""r"":-50,""f"":2412},{""b"":""30:78:c2:00:0a:b5"",""s"":""KT WiFi"",""r"":-50,""f"":2412},{""b"":""36:78:c2:00:0a:b4"",""s"":""KT WiFi "",""r"":-54,""f"":5240},{""b"":""30:78:c2:00:0a:b4"",""s"":""KT WiFi"",""r"":-54,""f"":5240},{""b"":""30:89:d3:3c:ba:ef"",""s"":""GlobalWiFi_A3SIHR"",""r"":-58,""f"":2437},{""b"":""40:27:0b:02:ab:ff"",""s"":""U+zone"",""r"":-67,""f"":5785},{""b"":""40:27:0b:02:a2:c7"",""s"":""U+zone"",""r"":-68,""f"":5620},{""b"":""02:a7:89:36:74:ac"",""s"":"""",""r"":-71,""f"":5745},{""b"":""30:78:c2:00:07:d5"",""s"":""KT WiFi"",""r"":-72,""f"":5640},{""b"":""36:78:c2:00:07:d5"",""s"":""KT WiFi "",""r"":-72,""f"":5640},{""b"":""30:78:c2:00:0a:d5"",""s"":""KT WiFi"",""r"":-73,""f"":5320},{""b"":""22:17:b2:0b:7d:b8"",""s"":""T wifi zone_secure"",""r"":-73,""f"":5200}]",""
1789876346831,2026-09-20 12:52:26,unknown,37.5655575,127.0093333,100.0,,,35.89999771118164,fused,4,LTE,NR_NSA,5G,true,false,true,false,false,51243535,457,100,1,8323,450,06,-64,-12,-51,27,4,0,,,,39805,2562,0.3184,0.0205,39765,2522,0.3181,0.0202,false,4,0,4,-56,457,2600,4.4387984E-4,false,false,periodic,31,0,2,1,5008,,,,"[{""type"":""LTE"",""pci"":457,""earfcn"":2600,""tac"":null,""rsrp"":-56,""rsrq"":-8,""rssi"":-51,""snr"":null,""ta"":0,""level"":4,""bands"":""5""},{""type"":""LTE"",""pci"":457,""earfcn"":3050,""tac"":null,""rsrp"":-66,""rsrq"":-8,""rssi"":-51,""snr"":null,""ta"":0,""level"":4,""bands"":""7""},{""type"":""LTE"",""pci"":492,""earfcn"":100,""tac"":null,""rsrp"":-75,""rsrq"":-19,""rssi"":-51,""snr"":null,""ta"":0,""level"":4,""bands"":""1""},{""type"":""LTE"",""pci"":492,""earfcn"":3050,""tac"":null,""rsrp"":-82,""rsrq"":-13,""rssi"":-59,""snr"":null,""ta"":0,""level"":4,""bands"":""7""}]",1013.2228,11,,33,3,,,,"[{""b"":""40:27:0b:02:a2:b8"",""s"":""U+zone"",""r"":-39,""f"":5785},{""b"":""40:27:0b:02:a2:b7"",""s"":""U+zone_2.4GHz"",""r"":-45,""f"":2432},{""b"":""22:17:b2:0b:47:8a"",""s"":""T wifi zone_secure"",""r"":-47,""f"":5280},{""b"":""22:17:b2:0b:47:88"",""s"":""T wifi zone"",""r"":-47,""f"":5280},{""b"":""02:17:b2:0b:47:88"",""s"":""T wifi zone"",""r"":-50,""f"":2472},{""b"":""36:78:c2:00:0a:b5"",""s"":""KT WiFi "",""r"":-55,""f"":2412},{""b"":""30:78:c2:00:0a:b5"",""s"":""KT WiFi"",""r"":-55,""f"":2412},{""b"":""36:78:c2:00:0a:b4"",""s"":""KT WiFi "",""r"":-59,""f"":5240},{""b"":""30:89:d3:3c:ba:ef"",""s"":""GlobalWiFi_A3SIHR"",""r"":-59,""f"":2437},{""b"":""02:17:b2:0b:7d:b8"",""s"":""T wifi zone_secure"",""r"":-59,""f"":2452},{""b"":""02:17:b2:0b:7d:b6"",""s"":""T wifi zone"",""r"":-60,""f"":2452},{""b"":""30:78:c2:00:0a:b4"",""s"":""KT WiFi"",""r"":-60,""f"":5240},{""b"":""40:27:0b:02:a2:c7"",""s"":""U+zone"",""r"":-62,""f"":5620},{""b"":""00:40:5a:c4:09:8b"",""s"":""FREE_U+zone"",""r"":-67,""f"":2432},{""b"":""30:78:c2:00:07:d6"",""s"":""KT WiFi"",""r"":-68,""f"":2432}]",""
1789876351853,2026-09-20 12:52:31,unknown,37.5655575,127.0093333,100.0,,,40.03179400542894,fused,3,LTE,NR_NSA,5G,true,false,true,false,false,51243535,457,100,1,8323,450,06,-60,-12,-51,26,4,0,,,,151931,4125,1.2154,0.0330,151911,4105,1.2153,0.0328,false,3,0,3,-56,457,2600,0.0011460517,false,false,periodic,36,0,4,-1,5002,,,,"[{""type"":""LTE"",""pci"":457,""earfcn"":2600,""tac"":null,""rsrp"":-56,""rsrq"":-14,""rssi"":-51,""snr"":null,""ta"":0,""level"":4,""bands"":""5""},{""type"":""LTE"",""pci"":457,""earfcn"":3050,""tac"":null,""rsrp"":-70,""rsrq"":-9,""rssi"":-51,""snr"":null,""ta"":0,""level"":4,""bands"":""7""},{""type"":""LTE"",""pci"":492,""earfcn"":3050,""tac"":null,""rsrp"":-77,""rsrq"":-17,""rssi"":-51,""snr"":null,""ta"":0,""level"":4,""bands"":""7""}]",1013.0759,15,,33,1,,,,"[{""b"":""40:27:0b:02:a2:b7"",""s"":""U+zone_2.4GHz"",""r"":-39,""f"":2432},{""b"":""40:27:0b:02:a2:b8"",""s"":""U+zone"",""r"":-40,""f"":5785},{""b"":""22:17:b2:0b:47:8a"",""s"":""T wifi zone_secure"",""r"":-48,""f"":5280},{""b"":""22:17:b2:0b:47:88"",""s"":""T wifi zone"",""r"":-48,""f"":5280},{""b"":""30:89:d3:3c:ba:ef"",""s"":""GlobalWiFi_A3SIHR"",""r"":-51,""f"":2437},{""b"":""36:78:c2:00:0a:b5"",""s"":""KT WiFi "",""r"":-55,""f"":2412},{""b"":""36:78:c2:00:0a:b4"",""s"":""KT WiFi "",""r"":-57,""f"":5240},{""b"":""30:78:c2:00:0a:b5"",""s"":""KT WiFi"",""r"":-57,""f"":2412},{""b"":""02:17:b2:0b:91:d1"",""s"":""T wifi zone_secure"",""r"":-58,""f"":2452},{""b"":""30:78:c2:00:0a:b4"",""s"":""KT WiFi"",""r"":-59,""f"":5240},{""b"":""02:17:b2:0b:91:cf"",""s"":""T wifi zone"",""r"":-60,""f"":2452},{""b"":""40:27:0b:02:a2:c7"",""s"":""U+zone"",""r"":-60,""f"":5620},{""b"":""36:78:c2:00:07:e4"",""s"":""KT WiFi "",""r"":-65,""f"":5805},{""b"":""40:27:0b:02:ac:18"",""s"":""U+zone"",""r"":-65,""f"":5785},{""b"":""30:78:c2:00:07:e4"",""s"":""KT WiFi"",""r"":-66,""f"":5805}]",""
1789876356867,2026-09-20 12:52:36,unknown,37.5654242,127.0098943,30.0,,,41.29999923706055,fused,5,LTE,NR_NSA,5G,true,false,true,false,false,51243535,457,100,1,8323,450,06,-61,-11,-51,21,4,0,,,,482609,5639,3.8609,0.0451,482589,5619,3.8607,0.0450,false,4,0,4,-57,457,2600,0.0028888045,false,false,periodic,42,0,-1,-5,1185,,,,"[{""type"":""LTE"",""pci"":457,""earfcn"":2600,""tac"":null,""rsrp"":-57,""rsrq"":-13,""rssi"":-51,""snr"":null,""ta"":0,""level"":4,""bands"":""5""},{""type"":""LTE"",""pci"":492,""earfcn"":100,""tac"":null,""rsrp"":-66,""rsrq"":-19,""rssi"":-51,""snr"":null,""ta"":0,""level"":4,""bands"":""1""},{""type"":""LTE"",""pci"":457,""earfcn"":3050,""tac"":null,""rsrp"":-69,""rsrq"":-11,""rssi"":-51,""snr"":null,""ta"":0,""level"":4,""bands"":""7""},{""type"":""LTE"",""pci"":492,""earfcn"":3050,""tac"":null,""rsrp"":-83,""rsrq"":-20,""rssi"":-51,""snr"":null,""ta"":0,""level"":4,""bands"":""7""}]",1013.20233,33,46.654,35,3,,,,"[{""b"":""40:27:0b:02:a2:b7"",""s"":""U+zone_2.4GHz"",""r"":-39,""f"":2432},{""b"":""40:27:0b:02:a2:b8"",""s"":""U+zone"",""r"":-41,""f"":5785},{""b"":""02:17:b2:0b:47:88"",""s"":""T wifi zone"",""r"":-45,""f"":2472},{""b"":""22:17:b2:0b:47:8a"",""s"":""T wifi zone_secure"",""r"":-47,""f"":5280},{""b"":""22:17:b2:0b:47:88"",""s"":""T wifi zone"",""r"":-47,""f"":5280},{""b"":""02:17:b2:0b:47:8a"",""s"":""T wifi zone_secure"",""r"":-48,""f"":2472},{""b"":""30:78:c2:00:0a:b4"",""s"":""KT WiFi"",""r"":-48,""f"":5240},{""b"":""30:89:d3:3c:ba:ef"",""s"":""GlobalWiFi_A3SIHR"",""r"":-52,""f"":2437},{""b"":""36:78:c2:00:0a:b5"",""s"":""KT WiFi "",""r"":-54,""f"":2412},{""b"":""30:78:c2:00:0a:b5"",""s"":""KT WiFi"",""r"":-55,""f"":2412},{""b"":""36:78:c2:00:0a:b4"",""s"":""KT WiFi "",""r"":-57,""f"":5240},{""b"":""40:27:0b:02:a2:c6"",""s"":""U+zone_2.4GHz"",""r"":-57,""f"":2432},{""b"":""40:27:0b:02:a2:c7"",""s"":""U+zone"",""r"":-60,""f"":5620},{""b"":""00:40:5a:c4:09:8b"",""s"":""FREE_U+zone"",""r"":-65,""f"":2432},{""b"":""00:40:5a:c4:0b:32"",""s"":""U+zone"",""r"":-66,""f"":2412}]",""
1789876361879,2026-09-20 12:52:41,unknown,37.5655575,127.0093333,100.0,,,41.29999923706055,fused,1,LTE,NR_NSA,5G,true,false,true,false,false,51243535,457,100,1,8323,450,06,-60,-8,-51,20,4,0,,,,40681,2330,0.3254,0.0186,40661,2310,0.3253,0.0185,false,4,0,4,-57,457,2600,0.22383787,false,false,periodic,47,0,1,-1,1200,,,,"[{""type"":""LTE"",""pci"":457,""earfcn"":2600,""tac"":null,""rsrp"":-57,""rsrq"":-7,""rssi"":-51,""snr"":null,""ta"":0,""level"":4,""bands"":""5""},{""type"":""LTE"",""pci"":492,""earfcn"":100,""tac"":null,""rsrp"":-67,""rsrq"":-19,""rssi"":-51,""snr"":null,""ta"":0,""level"":4,""bands"":""1""},{""type"":""LTE"",""pci"":457,""earfcn"":3050,""tac"":null,""rsrp"":-68,""rsrq"":-8,""rssi"":-51,""snr"":null,""ta"":0,""level"":4,""bands"":""7""},{""type"":""LTE"",""pci"":492,""earfcn"":3050,""tac"":null,""rsrp"":-83,""rsrq"":-20,""rssi"":-51,""snr"":null,""ta"":0,""level"":4,""bands"":""7""}]",1013.18384,18,,22,3,,,,"[{""b"":""40:27:0b:02:a2:b8"",""s"":""U+zone"",""r"":-41,""f"":5785},{""b"":""22:17:b2:0b:47:8a"",""s"":""T wifi zone_secure"",""r"":-49,""f"":5280},{""b"":""22:17:b2:0b:47:88"",""s"":""T wifi zone"",""r"":-49,""f"":5280},{""b"":""36:78:c2:00:0a:b5"",""s"":""KT WiFi "",""r"":-54,""f"":2412},{""b"":""30:78:c2:00:0a:b5"",""s"":""KT WiFi"",""r"":-54,""f"":2412},{""b"":""30:89:d3:3c:ba:ef"",""s"":""GlobalWiFi_A3SIHR"",""r"":-56,""f"":2437},{""b"":""40:27:0b:02:a2:c6"",""s"":""U+zone_2.4GHz"",""r"":-57,""f"":2432},{""b"":""36:78:c2:00:0a:b4"",""s"":""KT WiFi "",""r"":-57,""f"":5240},{""b"":""30:78:c2:00:0a:b4"",""s"":""KT WiFi"",""r"":-57,""f"":5240},{""b"":""40:27:0b:02:a2:c7"",""s"":""U+zone"",""r"":-61,""f"":5620},{""b"":""30:78:c2:00:07:d6"",""s"":""KT WiFi"",""r"":-64,""f"":2432},{""b"":""36:78:c2:00:07:d6"",""s"":""KT WiFi "",""r"":-66,""f"":2432},{""b"":""22:17:b2:0b:7d:b6"",""s"":""T wifi zone"",""r"":-69,""f"":5200},{""b"":""22:17:b2:0b:7d:b8"",""s"":""T wifi zone_secure"",""r"":-69,""f"":5200},{""b"":""30:78:c2:00:07:d5"",""s"":""KT WiFi"",""r"":-71,""f"":5640}]",""
1789876366899,2026-09-20 12:52:46,unknown,37.5655575,127.0093333,100.0,,,41.29999923706055,fused,6,LTE,NR_NSA,5G,true,false,true,false,false,51243535,457,100,1,8323,450,06,-68,-8,-51,18,4,0,,,,28405,8206,0.2272,0.0656,28365,8166,0.2269,0.0653,false,4,0,4,-68,457,2600,0.024611067,false,false,periodic,52,0,-8,-2,1206,,,,"[{""type"":""LTE"",""pci"":457,""earfcn"":2600,""tac"":null,""rsrp"":-68,""rsrq"":-11,""rssi"":-51,""snr"":null,""ta"":0,""level"":4,""bands"":""5""},{""type"":""LTE"",""pci"":457,""earfcn"":3050,""tac"":null,""rsrp"":-70,""rsrq"":-10,""rssi"":-51,""snr"":null,""ta"":0,""level"":4,""bands"":""7""},{""type"":""LTE"",""pci"":492,""earfcn"":3050,""tac"":null,""rsrp"":-86,""rsrq"":-20,""rssi"":-53,""snr"":null,""ta"":0,""level"":3,""bands"":""7""},{""type"":""LTE"",""pci"":492,""earfcn"":100,""tac"":null,""rsrp"":-88,""rsrq"":-20,""rssi"":-51,""snr"":null,""ta"":0,""level"":3,""bands"":""1""}]",1013.0355,34,,22,8,,,,"[{""b"":""40:27:0b:02:a2:b8"",""s"":""U+zone"",""r"":-41,""f"":5785},{""b"":""22:17:b2:0b:47:8a"",""s"":""T wifi zone_secure"",""r"":-49,""f"":5280},{""b"":""22:17:b2:0b:47:88"",""s"":""T wifi zone"",""r"":-49,""f"":5280},{""b"":""36:78:c2:00:0a:b5"",""s"":""KT WiFi "",""r"":-54,""f"":2412},{""b"":""30:78:c2:00:0a:b5"",""s"":""KT WiFi"",""r"":-54,""f"":2412},{""b"":""30:89:d3:3c:ba:ef"",""s"":""GlobalWiFi_A3SIHR"",""r"":-56,""f"":2437},{""b"":""40:27:0b:02:a2:c6"",""s"":""U+zone_2.4GHz"",""r"":-57,""f"":2432},{""b"":""36:78:c2:00:0a:b4"",""s"":""KT WiFi "",""r"":-57,""f"":5240},{""b"":""30:78:c2:00:0a:b4"",""s"":""KT WiFi"",""r"":-57,""f"":5240},{""b"":""40:27:0b:02:a2:c7"",""s"":""U+zone"",""r"":-61,""f"":5620},{""b"":""30:78:c2:00:07:d6"",""s"":""KT WiFi"",""r"":-64,""f"":2432},{""b"":""36:78:c2:00:07:d6"",""s"":""KT WiFi "",""r"":-66,""f"":2432},{""b"":""22:17:b2:0b:7d:b6"",""s"":""T wifi zone"",""r"":-69,""f"":5200},{""b"":""22:17:b2:0b:7d:b8"",""s"":""T wifi zone_secure"",""r"":-69,""f"":5200},{""b"":""30:78:c2:00:07:d5"",""s"":""KT WiFi"",""r"":-71,""f"":5640}]",""
1789876371922,2026-09-20 12:52:51,unknown,37.5654465,127.0095717,48.894,,,41.053656981223085,fused,6,LTE,NR_NSA,5G,true,false,true,false,false,51243535,457,100,1,8323,450,06,-68,-8,-51,18,4,0,,,,217212,41359,1.7377,0.3309,217192,41340,1.7375,0.3307,false,4,0,4,-68,457,2600,0.14495395,false,false,periodic,57,0,0,0,6226,,,,"[{""type"":""LTE"",""pci"":457,""earfcn"":2600,""tac"":null,""rsrp"":-68,""rsrq"":-11,""rssi"":-51,""snr"":null,""ta"":0,""level"":4,""bands"":""5""},{""type"":""LTE"",""pci"":457,""earfcn"":3050,""tac"":null,""rsrp"":-70,""rsrq"":-10,""rssi"":-51,""snr"":null,""ta"":0,""level"":4,""bands"":""7""},{""type"":""LTE"",""pci"":492,""earfcn"":3050,""tac"":null,""rsrp"":-86,""rsrq"":-20,""rssi"":-53,""snr"":null,""ta"":0,""level"":3,""bands"":""7""},{""type"":""LTE"",""pci"":492,""earfcn"":100,""tac"":null,""rsrp"":-88,""rsrq"":-20,""rssi"":-51,""snr"":null,""ta"":0,""level"":3,""bands"":""1""}]",1013.00555,184,,25,4,,,,"[{""b"":""40:27:0b:02:a2:b7"",""s"":""U+zone_2.4GHz"",""r"":-37,""f"":2432},{""b"":""40:27:0b:02:a2:b8"",""s"":""U+zone"",""r"":-41,""f"":5785},{""b"":""02:17:b2:0b:47:8a"",""s"":""T wifi zone_secure"",""r"":-46,""f"":2472},{""b"":""02:17:b2:0b:47:88"",""s"":""T wifi zone"",""r"":-47,""f"":2472},{""b"":""22:17:b2:0b:47:8a"",""s"":""T wifi zone_secure"",""r"":-47,""f"":5280},{""b"":""22:17:b2:0b:47:88"",""s"":""T wifi zone"",""r"":-47,""f"":5280},{""b"":""36:78:c2:00:0a:b5"",""s"":""KT WiFi "",""r"":-53,""f"":2412},{""b"":""30:78:c2:00:0a:b5"",""s"":""KT WiFi"",""r"":-54,""f"":2412},{""b"":""30:78:c2:00:0a:b4"",""s"":""KT WiFi"",""r"":-56,""f"":5240},{""b"":""36:78:c2:00:0a:b4"",""s"":""KT WiFi "",""r"":-57,""f"":5240},{""b"":""40:27:0b:02:a2:c7"",""s"":""U+zone"",""r"":-65,""f"":5620},{""b"":""02:17:b2:0b:7d:b6"",""s"":""T wifi zone"",""r"":-67,""f"":2452},{""b"":""00:40:5a:c3:e6:fa"",""s"":""U+zone"",""r"":-68,""f"":2452},{""b"":""30:89:d3:3c:ba:ef"",""s"":""GlobalWiFi_A3SIHR"",""r"":-69,""f"":2437},{""b"":""02:a7:89:36:74:ac"",""s"":"""",""r"":-69,""f"":5745}]",""
1789876376934,2026-09-20 12:52:56,unknown,37.5654465,127.0095717,320.014,,,42.23674580745689,fused,4,LTE,NR_NSA,5G,true,false,true,false,false,51243535,457,100,1,8323,450,06,-65,-8,-51,17,4,0,,,,18153,18151,0.1452,0.1452,18133,18131,0.1451,0.1450,false,4,0,4,-59,457,2600,0.018024985,false,false,periodic,62,0,3,-1,5001,,,,"[{""type"":""LTE"",""pci"":457,""earfcn"":2600,""tac"":null,""rsrp"":-59,""rsrq"":-6,""rssi"":-51,""snr"":null,""ta"":0,""level"":4,""bands"":""5""},{""type"":""LTE"",""pci"":492,""earfcn"":3050,""tac"":null,""rsrp"":-79,""rsrq"":-18,""rssi"":-51,""snr"":null,""ta"":0,""level"":4,""bands"":""7""},{""type"":""LTE"",""pci"":457,""earfcn"":3050,""tac"":null,""rsrp"":-82,""rsrq"":-8,""rssi"":-55,""snr"":null,""ta"":0,""level"":4,""bands"":""7""},{""type"":""LTE"",""pci"":492,""earfcn"":100,""tac"":null,""rsrp"":-83,""rsrq"":-20,""rssi"":-51,""snr"":null,""ta"":0,""level"":4,""bands"":""1""}]",1012.79565,26,,23,2,,,,"[{""b"":""40:27:0b:02:a2:b7"",""s"":""U+zone_2.4GHz"",""r"":-36,""f"":2432},{""b"":""40:27:0b:02:a2:b8"",""s"":""U+zone"",""r"":-40,""f"":5785},{""b"":""02:17:b2:0b:47:88"",""s"":""T wifi zone"",""r"":-48,""f"":2472},{""b"":""02:17:b2:0b:47:8a"",""s"":""T wifi zone_secure"",""r"":-48,""f"":2472},{""b"":""22:17:b2:0b:47:88"",""s"":""T wifi zone"",""r"":-49,""f"":5280},{""b"":""22:17:b2:0b:47:8a"",""s"":""T wifi zone_secure"",""r"":-50,""f"":5280},{""b"":""36:78:c2:00:0a:b5"",""s"":""KT WiFi "",""r"":-52,""f"":2412},{""b"":""30:78:c2:00:0a:b4"",""s"":""KT WiFi"",""r"":-55,""f"":5240},{""b"":""30:78:c2:00:0a:b5"",""s"":""KT WiFi"",""r"":-55,""f"":2412},{""b"":""36:78:c2:00:0a:b4"",""s"":""KT WiFi "",""r"":-56,""f"":5240},{""b"":""40:27:0b:02:a2:c6"",""s"":""U+zone_2.4GHz"",""r"":-58,""f"":2432},{""b"":""40:27:0b:02:a2:c7"",""s"":""U+zone"",""r"":-64,""f"":5620},{""b"":""02:17:b2:0b:7d:b6"",""s"":""T wifi zone"",""r"":-64,""f"":2452},{""b"":""02:17:b2:0b:7d:b8"",""s"":""T wifi zone_secure"",""r"":-65,""f"":2452},{""b"":""44:e6:4a:0c:85:cd"",""s"":"" Uro_6691249"",""r"":-69,""f"":2462}]",""
1789876381942,2026-09-20 12:53:01,unknown,37.5654301,127.0098121,14.713,,,43.91220342255715,fused,2,LTE,NR_NSA,5G,true,false,true,false,false,51243535,457,100,1,8323,450,06,-70,-11,-51,27,4,0,,,,20259,11151,0.1621,0.0892,20239,11131,0.1619,0.0890,false,3,0,3,-70,457,2600,0.07625739,false,false,periodic,67,0,-5,10,2505,,,,"[{""type"":""LTE"",""pci"":457,""earfcn"":2600,""tac"":null,""rsrp"":-70,""rsrq"":-11,""rssi"":-51,""snr"":null,""ta"":0,""level"":4,""bands"":""5""},{""type"":""LTE"",""pci"":457,""earfcn"":3050,""tac"":null,""rsrp"":-83,""rsrq"":-10,""rssi"":-63,""snr"":null,""ta"":0,""level"":4,""bands"":""7""},{""type"":""LTE"",""pci"":492,""earfcn"":3050,""tac"":null,""rsrp"":-92,""rsrq"":-19,""rssi"":-63,""snr"":null,""ta"":0,""level"":3,""bands"":""7""}]",1012.6894,175,,32,0,,,,"[{""b"":""40:27:0b:02:a2:b7"",""s"":""U+zone_2.4GHz"",""r"":-35,""f"":2432},{""b"":""40:27:0b:02:a2:b8"",""s"":""U+zone"",""r"":-37,""f"":5785},{""b"":""36:78:c2:00:0a:b4"",""s"":""KT WiFi "",""r"":-43,""f"":5240},{""b"":""30:78:c2:00:0a:b4"",""s"":""KT WiFi"",""r"":-43,""f"":5240},{""b"":""02:17:b2:0b:47:88"",""s"":""T wifi zone"",""r"":-48,""f"":2472},{""b"":""30:78:c2:00:0a:b5"",""s"":""KT WiFi"",""r"":-50,""f"":2412},{""b"":""00:40:5a:c3:e6:fb"",""s"":""FREE_U+zone"",""r"":-51,""f"":2452},{""b"":""36:78:c2:00:0a:b5"",""s"":""KT WiFi "",""r"":-51,""f"":2412},{""b"":""22:17:b2:0b:47:88"",""s"":""T wifi zone"",""r"":-52,""f"":5280},{""b"":""00:40:5a:c4:0b:32"",""s"":""U+zone"",""r"":-53,""f"":2412},{""b"":""00:40:5a:c3:e6:fa"",""s"":""U+zone"",""r"":-54,""f"":2452},{""b"":""30:89:d3:3c:ba:ef"",""s"":""GlobalWiFi_A3SIHR"",""r"":-57,""f"":2437},{""b"":""00:40:5a:c4:0b:33"",""s"":""FREE_U+zone"",""r"":-59,""f"":2412},{""b"":""02:17:b2:0b:7d:b8"",""s"":""T wifi zone_secure"",""r"":-64,""f"":2452},{""b"":""40:27:0b:02:a2:c7"",""s"":""U+zone"",""r"":-65,""f"":5620}]",""
1789876386949,2026-09-20 12:53:06,unknown,37.5655069,127.0093625,27.953,,,46.099998474121094,fused,3,LTE,NR_NSA,5G,true,false,true,false,false,51243535,457,100,1,8323,450,06,-83,-7,-55,18,4,0,,,,431570,13182,3.4526,0.1055,431550,13162,3.4524,0.1053,false,6,0,6,-72,457,2600,0.05508329,false,false,periodic,72,0,-13,-9,642,,,,"[{""type"":""LTE"",""pci"":457,""earfcn"":2600,""tac"":null,""rsrp"":-72,""rsrq"":-7,""rssi"":-51,""snr"":null,""ta"":0,""level"":4,""bands"":""5""},{""type"":""LTE"",""pci"":457,""earfcn"":3050,""tac"":null,""rsrp"":-87,""rsrq"":-7,""rssi"":-59,""snr"":null,""ta"":0,""level"":3,""bands"":""7""},{""type"":""LTE"",""pci"":492,""earfcn"":3050,""tac"":null,""rsrp"":-92,""rsrq"":-13,""rssi"":-71,""snr"":null,""ta"":0,""level"":3,""bands"":""7""},{""type"":""LTE"",""pci"":492,""earfcn"":100,""tac"":null,""rsrp"":-93,""rsrq"":-14,""rssi"":-61,""snr"":null,""ta"":0,""level"":3,""bands"":""1""},{""type"":""LTE"",""pci"":489,""earfcn"":100,""tac"":null,""rsrp"":-94,""rsrq"":-20,""rssi"":-61,""snr"":null,""ta"":0,""level"":3,""bands"":""1""},{""type"":""LTE"",""pci"":497,""earfcn"":100,""tac"":null,""rsrp"":-97,""rsrq"":-16,""rssi"":-67,""snr"":null,""ta"":0,""level"":2,""bands"":""1""}]",1012.6696,119,46.012,28,2,,,,"[{""b"":""40:27:0b:02:a2:b7"",""s"":""U+zone_2.4GHz"",""r"":-35,""f"":2432},{""b"":""40:27:0b:02:a2:b8"",""s"":""U+zone"",""r"":-40,""f"":5785},{""b"":""02:17:b2:0b:47:88"",""s"":""T wifi zone"",""r"":-49,""f"":2472},{""b"":""02:17:b2:0b:47:8a"",""s"":""T wifi zone_secure"",""r"":-49,""f"":2472},{""b"":""22:17:b2:0b:47:88"",""s"":""T wifi zone"",""r"":-49,""f"":5280},{""b"":""22:17:b2:0b:47:8a"",""s"":""T wifi zone_secure"",""r"":-50,""f"":5280},{""b"":""36:78:c2:00:0a:b5"",""s"":""KT WiFi "",""r"":-51,""f"":2412},{""b"":""30:89:d3:3c:ba:ef"",""s"":""GlobalWiFi_A3SIHR"",""r"":-53,""f"":2437},{""b"":""30:78:c2:00:0a:b5"",""s"":""KT WiFi"",""r"":-53,""f"":2412},{""b"":""36:78:c2:00:0a:b4"",""s"":""KT WiFi "",""r"":-56,""f"":5240},{""b"":""30:78:c2:00:0a:b4"",""s"":""KT WiFi"",""r"":-56,""f"":5240},{""b"":""00:40:5a:c3:e9:7b"",""s"":""FREE_U+zone"",""r"":-62,""f"":2412},{""b"":""40:27:0b:02:a2:c6"",""s"":""U+zone_2.4GHz"",""r"":-63,""f"":2432},{""b"":""0a:09:b4:74:53:53"",""s"":""T Free WiFi Zone"",""r"":-64,""f"":2472},{""b"":""40:27:0b:02:a2:c7"",""s"":""U+zone"",""r"":-64,""f"":5620}]",""
1789876391311,2026-09-20 12:53:11,unknown,37.5655069,127.0093625,27.953,,,46.099998474121094,fused,8,LTE,NR_NSA,5G,true,false,true,false,false,51243537,497,100,1,8323,450,06,-75,-10,-51,14,4,0,,,,402,486,0.0032,0.0039,379,463,0.0030,0.0037,false,7,0,7,-72,497,2600,0.05553458,true,false,handover,0,1,,,7,51243535,-83,-7,"[{""type"":""LTE"",""pci"":497,""earfcn"":2600,""tac"":null,""rsrp"":-72,""rsrq"":-6,""rssi"":-55,""snr"":null,""ta"":0,""level"":4,""bands"":""5""},{""type"":""LTE"",""pci"":497,""earfcn"":3050,""tac"":null,""rsrp"":-81,""rsrq"":-7,""rssi"":-63,""snr"":null,""ta"":0,""level"":4,""bands"":""7""},{""type"":""LTE"",""pci"":457,""earfcn"":2600,""tac"":null,""rsrp"":-82,""rsrq"":-15,""rssi"":-57,""snr"":null,""ta"":0,""level"":4,""bands"":""5""},{""type"":""LTE"",""pci"":457,""earfcn"":100,""tac"":null,""rsrp"":-85,""rsrq"":-20,""rssi"":-55,""snr"":null,""ta"":0,""level"":4,""bands"":""1""},{""type"":""LTE"",""pci"":492,""earfcn"":3050,""tac"":null,""rsrp"":-93,""rsrq"":-19,""rssi"":-63,""snr"":null,""ta"":0,""level"":3,""bands"":""7""},{""type"":""LTE"",""pci"":492,""earfcn"":100,""tac"":null,""rsrp"":-94,""rsrq"":-19,""rssi"":-61,""snr"":null,""ta"":0,""level"":3,""bands"":""1""},{""type"":""LTE"",""pci"":457,""earfcn"":3050,""tac"":null,""rsrp"":-99,""rsrq"":-20,""rssi"":-63,""snr"":null,""ta"":0,""level"":2,""bands"":""7""}]",1012.6084,24,,33,0,,,,"[{""b"":""40:27:0b:02:a2:b7"",""s"":""U+zone_2.4GHz"",""r"":-34,""f"":2432},{""b"":""40:27:0b:02:a2:b8"",""s"":""U+zone"",""r"":-39,""f"":5785},{""b"":""22:17:b2:0b:47:8a"",""s"":""T wifi zone_secure"",""r"":-46,""f"":5280},{""b"":""22:17:b2:0b:47:88"",""s"":""T wifi zone"",""r"":-47,""f"":5280},{""b"":""36:78:c2:00:0a:b4"",""s"":""KT WiFi "",""r"":-48,""f"":5240},{""b"":""30:78:c2:00:0a:b4"",""s"":""KT WiFi"",""r"":-48,""f"":5240},{""b"":""36:78:c2:00:0a:b5"",""s"":""KT WiFi "",""r"":-51,""f"":2412},{""b"":""30:78:c2:00:0a:b5"",""s"":""KT WiFi"",""r"":-51,""f"":2412},{""b"":""00:40:5a:c3:e1:5a"",""s"":""U+zone"",""r"":-59,""f"":2472},{""b"":""40:27:0b:02:a2:c7"",""s"":""U+zone"",""r"":-63,""f"":5620},{""b"":""00:09:b4:74:53:5c"",""s"":""T wifi zone"",""r"":-63,""f"":5580},{""b"":""40:27:0b:02:a2:c6"",""s"":""U+zone_2.4GHz"",""r"":-64,""f"":2432},{""b"":""06:09:b4:74:53:5c"",""s"":""T wifi zone_secure"",""r"":-66,""f"":5580},{""b"":""0a:09:b4:74:53:5c"",""s"":""T Free WiFi Zone"",""r"":-67,""f"":5580},{""b"":""06:09:b4:74:53:4c"",""s"":""T wifi zone_secure"",""r"":-68,""f"":5580}]","[{""type"":""LTE"",""pci"":457,""earfcn"":2600,""tac"":null,""rsrp"":-72,""rsrq"":-7,""rssi"":-51,""snr"":null,""ta"":0,""level"":4,""bands"":""5""},{""type"":""LTE"",""pci"":457,""earfcn"":3050,""tac"":null,""rsrp"":-87,""rsrq"":-7,""rssi"":-59,""snr"":null,""ta"":0,""level"":3,""bands"":""7""},{""type"":""LTE"",""pci"":492,""earfcn"":3050,""tac"":null,""rsrp"":-92,""rsrq"":-13,""rssi"":-71,""snr"":null,""ta"":0,""level"":3,""bands"":""7""},{""type"":""LTE"",""pci"":492,""earfcn"":100,""tac"":null,""rsrp"":-93,""rsrq"":-14,""rssi"":-61,""snr"":null,""ta"":0,""level"":3,""bands"":""1""},{""type"":""LTE"",""pci"":489,""earfcn"":100,""tac"":null,""rsrp"":-94,""rsrq"":-20,""rssi"":-61,""snr"":null,""ta"":0,""level"":3,""bands"":""1""},{""type"":""LTE"",""pci"":497,""earfcn"":100,""tac"":null,""rsrp"":-97,""rsrq"":-16,""rssi"":-67,""snr"":null,""ta"":0,""level"":2,""bands"":""1""}]"
1789876391960,2026-09-20 12:53:11,unknown,37.5658089,127.0088118,41.478,,,45.06853601116905,fused,3,LTE,NR_NSA,5G,true,false,true,false,false,51243537,497,100,1,8323,450,06,-75,-10,-51,14,4,0,,,,0,0,0.0000,0.0000,0,0,0.0000,0.0000,false,7,0,7,-72,497,2600,0.05450035,false,false,periodic,0,1,0,0,656,,,,"[{""type"":""LTE"",""pci"":497,""earfcn"":2600,""tac"":null,""rsrp"":-72,""rsrq"":-6,""rssi"":-55,""snr"":null,""ta"":0,""level"":4,""bands"":""5""},{""type"":""LTE"",""pci"":497,""earfcn"":3050,""tac"":null,""rsrp"":-81,""rsrq"":-7,""rssi"":-63,""snr"":null,""ta"":0,""level"":4,""bands"":""7""},{""type"":""LTE"",""pci"":457,""earfcn"":2600,""tac"":null,""rsrp"":-82,""rsrq"":-15,""rssi"":-57,""snr"":null,""ta"":0,""level"":4,""bands"":""5""},{""type"":""LTE"",""pci"":457,""earfcn"":100,""tac"":null,""rsrp"":-85,""rsrq"":-20,""rssi"":-55,""snr"":null,""ta"":0,""level"":4,""bands"":""1""},{""type"":""LTE"",""pci"":492,""earfcn"":3050,""tac"":null,""rsrp"":-93,""rsrq"":-19,""rssi"":-63,""snr"":null,""ta"":0,""level"":3,""bands"":""7""},{""type"":""LTE"",""pci"":492,""earfcn"":100,""tac"":null,""rsrp"":-94,""rsrq"":-19,""rssi"":-61,""snr"":null,""ta"":0,""level"":3,""bands"":""1""},{""type"":""LTE"",""pci"":457,""earfcn"":3050,""tac"":null,""rsrp"":-99,""rsrq"":-20,""rssi"":-63,""snr"":null,""ta"":0,""level"":2,""bands"":""7""}]",1012.5942,24,,33,1,,,,"[{""b"":""40:27:0b:02:a2:b7"",""s"":""U+zone_2.4GHz"",""r"":-34,""f"":2432},{""b"":""40:27:0b:02:a2:b8"",""s"":""U+zone"",""r"":-39,""f"":5785},{""b"":""22:17:b2:0b:47:8a"",""s"":""T wifi zone_secure"",""r"":-46,""f"":5280},{""b"":""22:17:b2:0b:47:88"",""s"":""T wifi zone"",""r"":-47,""f"":5280},{""b"":""36:78:c2:00:0a:b4"",""s"":""KT WiFi "",""r"":-48,""f"":5240},{""b"":""30:78:c2:00:0a:b4"",""s"":""KT WiFi"",""r"":-48,""f"":5240},{""b"":""36:78:c2:00:0a:b5"",""s"":""KT WiFi "",""r"":-51,""f"":2412},{""b"":""30:78:c2:00:0a:b5"",""s"":""KT WiFi"",""r"":-51,""f"":2412},{""b"":""00:40:5a:c3:e1:5a"",""s"":""U+zone"",""r"":-59,""f"":2472},{""b"":""40:27:0b:02:a2:c7"",""s"":""U+zone"",""r"":-63,""f"":5620},{""b"":""00:09:b4:74:53:5c"",""s"":""T wifi zone"",""r"":-63,""f"":5580},{""b"":""40:27:0b:02:a2:c6"",""s"":""U+zone_2.4GHz"",""r"":-64,""f"":2432},{""b"":""06:09:b4:74:53:5c"",""s"":""T wifi zone_secure"",""r"":-66,""f"":5580},{""b"":""0a:09:b4:74:53:5c"",""s"":""T Free WiFi Zone"",""r"":-67,""f"":5580},{""b"":""06:09:b4:74:53:4c"",""s"":""T wifi zone_secure"",""r"":-68,""f"":5580}]",""
1789876396980,2026-09-20 12:53:16,unknown,37.5658895,127.0085617,61.989,,,45.44269239783549,fused,4,LTE,NR_NSA,5G,true,false,true,false,false,51243537,497,100,1,8323,450,06,-71,-6,-51,19,4,0,,,,31515,16663,0.2521,0.1333,31476,16624,0.2518,0.1330,false,7,0,7,-77,492,100,0.17969902,false,false,periodic,5,1,4,5,681,,,,"[{""type"":""LTE"",""pci"":492,""earfcn"":100,""tac"":null,""rsrp"":-77,""rsrq"":-20,""rssi"":-51,""snr"":null,""ta"":0,""level"":4,""bands"":""1""},{""type"":""LTE"",""pci"":497,""earfcn"":2600,""tac"":null,""rsrp"":-81,""rsrq"":-11,""rssi"":-59,""snr"":null,""ta"":0,""level"":4,""bands"":""5""},{""type"":""LTE"",""pci"":497,""earfcn"":3050,""tac"":null,""rsrp"":-82,""rsrq"":-9,""rssi"":-63,""snr"":null,""ta"":0,""level"":4,""bands"":""7""},{""type"":""LTE"",""pci"":457,""earfcn"":2600,""tac"":null,""rsrp"":-87,""rsrq"":-17,""rssi"":-59,""snr"":null,""ta"":0,""level"":3,""bands"":""5""},{""type"":""LTE"",""pci"":457,""earfcn"":3050,""tac"":null,""rsrp"":-91,""rsrq"":-17,""rssi"":-63,""snr"":null,""ta"":0,""level"":3,""bands"":""7""},{""type"":""LTE"",""pci"":492,""earfcn"":3050,""tac"":null,""rsrp"":-92,""rsrq"":-20,""rssi"":-57,""snr"":null,""ta"":0,""level"":3,""bands"":""7""},{""type"":""LTE"",""pci"":489,""earfcn"":3050,""tac"":null,""rsrp"":-96,""rsrq"":-20,""rssi"":-63,""snr"":null,""ta"":0,""level"":2,""bands"":""7""}]",1011.8895,12,,28,2,,,,"[{""b"":""40:27:0b:02:a2:b7"",""s"":""U+zone_2.4GHz"",""r"":-34,""f"":2432},{""b"":""40:27:0b:02:a2:b8"",""s"":""U+zone"",""r"":-38,""f"":5785},{""b"":""22:17:b2:0b:47:8a"",""s"":""T wifi zone_secure"",""r"":-43,""f"":5280},{""b"":""36:78:c2:00:0a:b5"",""s"":""KT WiFi "",""r"":-46,""f"":2412},{""b"":""22:17:b2:0b:47:88"",""s"":""T wifi zone"",""r"":-46,""f"":5280},{""b"":""30:78:c2:00:0a:b5"",""s"":""KT WiFi"",""r"":-46,""f"":2412},{""b"":""36:78:c2:00:0a:b4"",""s"":""KT WiFi "",""r"":-47,""f"":5240},{""b"":""30:78:c2:00:0a:b4"",""s"":""KT WiFi"",""r"":-48,""f"":5240},{""b"":""02:17:b2:0b:7d:b6"",""s"":""T wifi zone"",""r"":-63,""f"":2452},{""b"":""00:09:b4:74:53:5b"",""s"":""T wifi zone"",""r"":-64,""f"":2432},{""b"":""02:17:b2:0b:7d:b8"",""s"":""T wifi zone_secure"",""r"":-64,""f"":2452},{""b"":""40:27:0b:02:a2:c7"",""s"":""U+zone"",""r"":-65,""f"":5620},{""b"":""06:09:b4:75:ab:73"",""s"":""KT WiFi"",""r"":-65,""f"":2412},{""b"":""44:e6:4a:0c:85:cd"",""s"":"" Uro_6691249"",""r"":-67,""f"":2462},{""b"":""22:17:b2:0b:7d:b8"",""s"":""T wifi zone_secure"",""r"":-71,""f"":5200}]",""
1789876399587,2026-09-20 12:53:19,unknown,37.5658895,127.0085617,61.989,,,45.44269239783549,fused,6,LTE,NR_NSA,5G,true,false,true,false,false,51243534,489,100,1,8323,450,06,-84,-14,-51,15,4,0,,,,16403,5472,0.1312,0.0438,16403,5472,0.1312,0.0438,false,8,0,8,-80,497,2600,0.31151602,true,false,handover,0,2,,,3,51243537,-71,-6,"[{""type"":""LTE"",""pci"":497,""earfcn"":2600,""tac"":null,""rsrp"":-80,""rsrq"":-8,""rssi"":-57,""snr"":null,""ta"":0,""level"":4,""bands"":""5""},{""type"":""LTE"",""pci"":497,""earfcn"":100,""tac"":null,""rsrp"":-87,""rsrq"":-14,""rssi"":-51,""snr"":null,""ta"":0,""level"":3,""bands"":""1""},{""type"":""LTE"",""pci"":489,""earfcn"":3050,""tac"":null,""rsrp"":-87,""rsrq"":-13,""rssi"":-65,""snr"":null,""ta"":0,""level"":3,""bands"":""7""},{""type"":""LTE"",""pci"":489,""earfcn"":2600,""tac"":null,""rsrp"":-91,""rsrq"":-17,""rssi"":-61,""snr"":null,""ta"":0,""level"":3,""bands"":""5""},{""type"":""LTE"",""pci"":497,""earfcn"":3050,""tac"":null,""rsrp"":-92,""rsrq"":-13,""rssi"":-65,""snr"":null,""ta"":0,""level"":3,""bands"":""7""},{""type"":""LTE"",""pci"":492,""earfcn"":3050,""tac"":null,""rsrp"":-92,""rsrq"":-18,""rssi"":-63,""snr"":null,""ta"":0,""level"":3,""bands"":""7""},{""type"":""LTE"",""pci"":492,""earfcn"":100,""tac"":null,""rsrp"":-93,""rsrq"":-18,""rssi"":-59,""snr"":null,""ta"":0,""level"":3,""bands"":""1""},{""type"":""LTE"",""pci"":493,""earfcn"":2600,""tac"":null,""rsrp"":-108,""rsrq"":-20,""rssi"":-71,""snr"":null,""ta"":0,""level"":1,""bands"":""5""}]",1011.76227,12,,24,1,,,,"[{""b"":""40:27:0b:02:a2:b7"",""s"":""U+zone_2.4GHz"",""r"":-37,""f"":2432},{""b"":""40:27:0b:02:a2:b8"",""s"":""U+zone"",""r"":-38,""f"":5785},{""b"":""22:17:b2:0b:47:8a"",""s"":""T wifi zone_secure"",""r"":-48,""f"":5280},{""b"":""22:17:b2:0b:47:88"",""s"":""T wifi zone"",""r"":-48,""f"":5280},{""b"":""02:17:b2:0b:47:88"",""s"":""T wifi zone"",""r"":-50,""f"":2472},{""b"":""36:78:c2:00:0a:b5"",""s"":""KT WiFi "",""r"":-53,""f"":2412},{""b"":""30:78:c2:00:0a:b5"",""s"":""KT WiFi"",""r"":-53,""f"":2412},{""b"":""30:78:c2:00:0a:b4"",""s"":""KT WiFi"",""r"":-55,""f"":5240},{""b"":""02:17:b2:0b:47:8a"",""s"":""T wifi zone_secure"",""r"":-56,""f"":2472},{""b"":""36:78:c2:00:0a:b4"",""s"":""KT WiFi "",""r"":-56,""f"":5240},{""b"":""40:27:0b:02:a2:c7"",""s"":""U+zone"",""r"":-66,""f"":5620},{""b"":""02:a7:89:36:74:ac"",""s"":"""",""r"":-68,""f"":5745},{""b"":""22:17:b2:0b:7d:b8"",""s"":""T wifi zone_secure"",""r"":-69,""f"":5200},{""b"":""30:78:c2:00:07:d6"",""s"":""KT WiFi"",""r"":-70,""f"":2432},{""b"":""36:78:c2:00:07:d6"",""s"":""KT WiFi "",""r"":-70,""f"":2432}]","[{""type"":""LTE"",""pci"":492,""earfcn"":100,""tac"":null,""rsrp"":-77,""rsrq"":-20,""rssi"":-51,""snr"":null,""ta"":0,""level"":4,""bands"":""1""},{""type"":""LTE"",""pci"":497,""earfcn"":2600,""tac"":null,""rsrp"":-81,""rsrq"":-11,""rssi"":-59,""snr"":null,""ta"":0,""level"":4,""bands"":""5""},{""type"":""LTE"",""pci"":497,""earfcn"":3050,""tac"":null,""rsrp"":-82,""rsrq"":-9,""rssi"":-63,""snr"":null,""ta"":0,""level"":4,""bands"":""7""},{""type"":""LTE"",""pci"":457,""earfcn"":2600,""tac"":null,""rsrp"":-87,""rsrq"":-17,""rssi"":-59,""snr"":null,""ta"":0,""level"":3,""bands"":""5""},{""type"":""LTE"",""pci"":457,""earfcn"":3050,""tac"":null,""rsrp"":-91,""rsrq"":-17,""rssi"":-63,""snr"":null,""ta"":0,""level"":3,""bands"":""7""},{""type"":""LTE"",""pci"":492,""earfcn"":3050,""tac"":null,""rsrp"":-92,""rsrq"":-20,""rssi"":-57,""snr"":null,""ta"":0,""level"":3,""bands"":""7""},{""type"":""LTE"",""pci"":489,""earfcn"":3050,""tac"":null,""rsrp"":-96,""rsrq"":-20,""rssi"":-63,""snr"":null,""ta"":0,""level"":2,""bands"":""7""}]"
1789876401999,2026-09-20 12:53:21,unknown,37.5658895,127.0085617,61.989,,,45.44269239783549,fused,9,LTE,NR_NSA,5G,true,false,true,false,false,51243534,489,100,1,8323,450,06,-79,-11,-51,10,4,0,,,,3102992,73836,24.8239,0.5907,3102951,73795,24.8236,0.5904,false,8,0,8,-78,489,3050,0.029399266,false,false,periodic,2,2,5,-5,698,,,,"[{""type"":""LTE"",""pci"":489,""earfcn"":3050,""tac"":null,""rsrp"":-78,""rsrq"":-9,""rssi"":-51,""snr"":null,""ta"":0,""level"":4,""bands"":""7""},{""type"":""LTE"",""pci"":489,""earfcn"":2600,""tac"":null,""rsrp"":-85,""rsrq"":-9,""rssi"":-59,""snr"":null,""ta"":0,""level"":4,""bands"":""5""},{""type"":""LTE"",""pci"":492,""earfcn"":3050,""tac"":null,""rsrp"":-89,""rsrq"":-16,""rssi"":-61,""snr"":null,""ta"":0,""level"":3,""bands"":""7""},{""type"":""LTE"",""pci"":463,""earfcn"":2600,""tac"":null,""rsrp"":-91,""rsrq"":-19,""rssi"":-61,""snr"":null,""ta"":0,""level"":3,""bands"":""5""},{""type"":""LTE"",""pci"":497,""earfcn"":100,""tac"":null,""rsrp"":-92,""rsrq"":-18,""rssi"":-63,""snr"":null,""ta"":0,""level"":3,""bands"":""1""},{""type"":""LTE"",""pci"":497,""earfcn"":3050,""tac"":null,""rsrp"":-94,""rsrq"":-15,""rssi"":-63,""snr"":null,""ta"":0,""level"":3,""bands"":""7""},{""type"":""LTE"",""pci"":497,""earfcn"":2600,""tac"":null,""rsrp"":-98,""rsrq"":-13,""rssi"":-77,""snr"":null,""ta"":0,""level"":2,""bands"":""5""},{""type"":""LTE"",""pci"":493,""earfcn"":2600,""tac"":null,""rsrp"":-103,""rsrq"":-18,""rssi"":-77,""snr"":null,""ta"":0,""level"":2,""bands"":""5""}]",1011.4841,31,,24,3,,,,"[{""b"":""40:27:0b:02:a2:b7"",""s"":""U+zone_2.4GHz"",""r"":-37,""f"":2432},{""b"":""40:27:0b:02:a2:b8"",""s"":""U+zone"",""r"":-38,""f"":5785},{""b"":""22:17:b2:0b:47:8a"",""s"":""T wifi zone_secure"",""r"":-48,""f"":5280},{""b"":""22:17:b2:0b:47:88"",""s"":""T wifi zone"",""r"":-48,""f"":5280},{""b"":""02:17:b2:0b:47:88"",""s"":""T wifi zone"",""r"":-50,""f"":2472},{""b"":""36:78:c2:00:0a:b5"",""s"":""KT WiFi "",""r"":-53,""f"":2412},{""b"":""30:78:c2:00:0a:b5"",""s"":""KT WiFi"",""r"":-53,""f"":2412},{""b"":""30:78:c2:00:0a:b4"",""s"":""KT WiFi"",""r"":-55,""f"":5240},{""b"":""02:17:b2:0b:47:8a"",""s"":""T wifi zone_secure"",""r"":-56,""f"":2472},{""b"":""36:78:c2:00:0a:b4"",""s"":""KT WiFi "",""r"":-56,""f"":5240},{""b"":""40:27:0b:02:a2:c7"",""s"":""U+zone"",""r"":-66,""f"":5620},{""b"":""02:a7:89:36:74:ac"",""s"":"""",""r"":-68,""f"":5745},{""b"":""22:17:b2:0b:7d:b8"",""s"":""T wifi zone_secure"",""r"":-69,""f"":5200},{""b"":""30:78:c2:00:07:d6"",""s"":""KT WiFi"",""r"":-70,""f"":2432},{""b"":""36:78:c2:00:07:d6"",""s"":""KT WiFi "",""r"":-70,""f"":2432}]",""
1789876407019,2026-09-20 12:53:27,unknown,37.5658895,127.0085617,61.989,,,45.44269239783549,fused,14,LTE,NR_NSA,5G,true,false,true,false,false,51243534,489,100,1,8323,450,06,-67,-8,-51,12,4,0,,,,894996,10182,7.1600,0.0815,894976,10162,7.1598,0.0813,false,6,0,6,-61,497,2600,0.120517485,false,false,periodic,7,2,12,2,712,,,,"[{""type"":""LTE"",""pci"":497,""earfcn"":2600,""tac"":null,""rsrp"":-61,""rsrq"":-20,""rssi"":-51,""snr"":null,""ta"":0,""level"":4,""bands"":""5""},{""type"":""LTE"",""pci"":497,""earfcn"":100,""tac"":null,""rsrp"":-62,""rsrq"":-19,""rssi"":-51,""snr"":null,""ta"":0,""level"":4,""bands"":""1""},{""type"":""LTE"",""pci"":489,""earfcn"":2600,""tac"":null,""rsrp"":-70,""rsrq"":-7,""rssi"":-51,""snr"":null,""ta"":0,""level"":4,""bands"":""5""},{""type"":""LTE"",""pci"":489,""earfcn"":3050,""tac"":null,""rsrp"":-82,""rsrq"":-9,""rssi"":-51,""snr"":null,""ta"":0,""level"":4,""bands"":""7""},{""type"":""LTE"",""pci"":463,""earfcn"":2600,""tac"":null,""rsrp"":-92,""rsrq"":-19,""rssi"":-61,""snr"":null,""ta"":0,""level"":3,""bands"":""5""},{""type"":""LTE"",""pci"":497,""earfcn"":3050,""tac"":null,""rsrp"":-94,""rsrq"":-15,""rssi"":-63,""snr"":null,""ta"":0,""level"":3,""bands"":""7""}]",1011.22546,15,,24,8,,,,"[{""b"":""40:27:0b:02:a2:b7"",""s"":""U+zone_2.4GHz"",""r"":-37,""f"":2432},{""b"":""40:27:0b:02:a2:b8"",""s"":""U+zone"",""r"":-38,""f"":5785},{""b"":""22:17:b2:0b:47:8a"",""s"":""T wifi zone_secure"",""r"":-48,""f"":5280},{""b"":""22:17:b2:0b:47:88"",""s"":""T wifi zone"",""r"":-48,""f"":5280},{""b"":""02:17:b2:0b:47:88"",""s"":""T wifi zone"",""r"":-50,""f"":2472},{""b"":""36:78:c2:00:0a:b5"",""s"":""KT WiFi "",""r"":-53,""f"":2412},{""b"":""30:78:c2:00:0a:b5"",""s"":""KT WiFi"",""r"":-53,""f"":2412},{""b"":""30:78:c2:00:0a:b4"",""s"":""KT WiFi"",""r"":-55,""f"":5240},{""b"":""02:17:b2:0b:47:8a"",""s"":""T wifi zone_secure"",""r"":-56,""f"":2472},{""b"":""36:78:c2:00:0a:b4"",""s"":""KT WiFi "",""r"":-56,""f"":5240},{""b"":""40:27:0b:02:a2:c7"",""s"":""U+zone"",""r"":-66,""f"":5620},{""b"":""02:a7:89:36:74:ac"",""s"":"""",""r"":-68,""f"":5745},{""b"":""22:17:b2:0b:7d:b8"",""s"":""T wifi zone_secure"",""r"":-69,""f"":5200},{""b"":""30:78:c2:00:07:d6"",""s"":""KT WiFi"",""r"":-70,""f"":2432},{""b"":""36:78:c2:00:07:d6"",""s"":""KT WiFi "",""r"":-70,""f"":2432}]",""
1789876410647,2026-09-20 12:53:30,unknown,37.5658895,127.0085617,61.989,,,45.44269239783549,fused,17,LTE,NR_NSA,5G,true,false,true,false,false,51243533,493,100,1,8323,450,06,-75,-12,-51,17,4,0,,,,27,27,0.0002,0.0002,0,0,0.0000,0.0000,false,7,0,7,-77,489,100,0.008574538,true,false,handover,0,3,,,3,51243534,-67,-8,"[{""type"":""LTE"",""pci"":489,""earfcn"":100,""tac"":null,""rsrp"":-77,""rsrq"":-14,""rssi"":-53,""snr"":null,""ta"":0,""level"":4,""bands"":""1""},{""type"":""LTE"",""pci"":493,""earfcn"":3050,""tac"":null,""rsrp"":-77,""rsrq"":-11,""rssi"":-57,""snr"":null,""ta"":0,""level"":4,""bands"":""7""},{""type"":""LTE"",""pci"":495,""earfcn"":100,""tac"":null,""rsrp"":-80,""rsrq"":-20,""rssi"":-53,""snr"":null,""ta"":0,""level"":4,""bands"":""1""},{""type"":""LTE"",""pci"":489,""earfcn"":3050,""tac"":null,""rsrp"":-87,""rsrq"":-17,""rssi"":-57,""snr"":null,""ta"":0,""level"":3,""bands"":""7""},{""type"":""LTE"",""pci"":489,""earfcn"":2600,""tac"":null,""rsrp"":-92,""rsrq"":-13,""rssi"":-67,""snr"":null,""ta"":0,""level"":3,""bands"":""5""},{""type"":""LTE"",""pci"":463,""earfcn"":2600,""tac"":null,""rsrp"":-96,""rsrq"":-18,""rssi"":-67,""snr"":null,""ta"":0,""level"":2,""bands"":""5""},{""type"":""LTE"",""pci"":493,""earfcn"":2600,""tac"":null,""rsrp"":-96,""rsrq"":-14,""rssi"":-67,""snr"":null,""ta"":0,""level"":2,""bands"":""5""}]",1011.3455,15,,22,2,,,,"[{""b"":""40:27:0b:02:a2:b7"",""s"":""U+zone_2.4GHz"",""r"":-35,""f"":2432},{""b"":""40:27:0b:02:a2:b8"",""s"":""U+zone"",""r"":-39,""f"":5785},{""b"":""02:17:b2:0b:47:8a"",""s"":""T wifi zone_secure"",""r"":-47,""f"":2472},{""b"":""22:17:b2:0b:47:8a"",""s"":""T wifi zone_secure"",""r"":-49,""f"":5280},{""b"":""02:17:b2:0b:47:88"",""s"":""T wifi zone"",""r"":-49,""f"":2472},{""b"":""22:17:b2:0b:47:88"",""s"":""T wifi zone"",""r"":-49,""f"":5280},{""b"":""36:78:c2:00:0a:b5"",""s"":""KT WiFi "",""r"":-51,""f"":2412},{""b"":""30:78:c2:00:0a:b5"",""s"":""KT WiFi"",""r"":-51,""f"":2412},{""b"":""36:78:c2:00:0a:b4"",""s"":""KT WiFi "",""r"":-54,""f"":5240},{""b"":""30:78:c2:00:0a:b4"",""s"":""KT WiFi"",""r"":-54,""f"":5240},{""b"":""02:17:b2:0b:7d:b6"",""s"":""T wifi zone"",""r"":-62,""f"":2452},{""b"":""40:27:0b:02:a2:c7"",""s"":""U+zone"",""r"":-63,""f"":5620},{""b"":""30:78:c2:00:07:d6"",""s"":""KT WiFi"",""r"":-69,""f"":2432},{""b"":""36:78:c2:00:07:d6"",""s"":""KT WiFi "",""r"":-69,""f"":2432},{""b"":""22:17:b2:0b:7d:b8"",""s"":""T wifi zone_secure"",""r"":-70,""f"":5200}]","[{""type"":""LTE"",""pci"":497,""earfcn"":2600,""tac"":null,""rsrp"":-61,""rsrq"":-20,""rssi"":-51,""snr"":null,""ta"":0,""level"":4,""bands"":""5""},{""type"":""LTE"",""pci"":497,""earfcn"":100,""tac"":null,""rsrp"":-62,""rsrq"":-19,""rssi"":-51,""snr"":null,""ta"":0,""level"":4,""bands"":""1""},{""type"":""LTE"",""pci"":489,""earfcn"":2600,""tac"":null,""rsrp"":-70,""rsrq"":-7,""rssi"":-51,""snr"":null,""ta"":0,""level"":4,""bands"":""5""},{""type"":""LTE"",""pci"":489,""earfcn"":3050,""tac"":null,""rsrp"":-82,""rsrq"":-9,""rssi"":-51,""snr"":null,""ta"":0,""level"":4,""bands"":""7""},{""type"":""LTE"",""pci"":463,""earfcn"":2600,""tac"":null,""rsrp"":-92,""rsrq"":-19,""rssi"":-61,""snr"":null,""ta"":0,""level"":3,""bands"":""5""},{""type"":""LTE"",""pci"":497,""earfcn"":3050,""tac"":null,""rsrp"":-94,""rsrq"":-15,""rssi"":-63,""snr"":null,""ta"":0,""level"":3,""bands"":""7""}]"
1789876412037,2026-09-20 12:53:32,unknown,37.5658895,127.0085617,61.989,,,45.44269239783549,fused,19,LTE,NR_NSA,5G,true,false,true,false,false,51243533,493,100,1,8323,450,06,-75,-12,-51,17,4,0,,,,109,212,0.0009,0.0017,109,212,0.0009,0.0017,false,7,0,7,-77,489,100,0.027976274,false,false,periodic,1,3,0,0,1393,,,,"[{""type"":""LTE"",""pci"":489,""earfcn"":100,""tac"":null,""rsrp"":-77,""rsrq"":-14,""rssi"":-53,""snr"":null,""ta"":0,""level"":4,""bands"":""1""},{""type"":""LTE"",""pci"":493,""earfcn"":3050,""tac"":null,""rsrp"":-77,""rsrq"":-11,""rssi"":-57,""snr"":null,""ta"":0,""level"":4,""bands"":""7""},{""type"":""LTE"",""pci"":495,""earfcn"":100,""tac"":null,""rsrp"":-80,""rsrq"":-20,""rssi"":-53,""snr"":null,""ta"":0,""level"":4,""bands"":""1""},{""type"":""LTE"",""pci"":489,""earfcn"":3050,""tac"":null,""rsrp"":-87,""rsrq"":-17,""rssi"":-57,""snr"":null,""ta"":0,""level"":3,""bands"":""7""},{""type"":""LTE"",""pci"":489,""earfcn"":2600,""tac"":null,""rsrp"":-92,""rsrq"":-13,""rssi"":-67,""snr"":null,""ta"":0,""level"":3,""bands"":""5""},{""type"":""LTE"",""pci"":463,""earfcn"":2600,""tac"":null,""rsrp"":-96,""rsrq"":-18,""rssi"":-67,""snr"":null,""ta"":0,""level"":2,""bands"":""5""},{""type"":""LTE"",""pci"":493,""earfcn"":2600,""tac"":null,""rsrp"":-96,""rsrq"":-14,""rssi"":-67,""snr"":null,""ta"":0,""level"":2,""bands"":""5""}]",1011.2814,25,,22,3,,,,"[{""b"":""40:27:0b:02:a2:b7"",""s"":""U+zone_2.4GHz"",""r"":-35,""f"":2432},{""b"":""40:27:0b:02:a2:b8"",""s"":""U+zone"",""r"":-39,""f"":5785},{""b"":""02:17:b2:0b:47:8a"",""s"":""T wifi zone_secure"",""r"":-47,""f"":2472},{""b"":""22:17:b2:0b:47:8a"",""s"":""T wifi zone_secure"",""r"":-49,""f"":5280},{""b"":""02:17:b2:0b:47:88"",""s"":""T wifi zone"",""r"":-49,""f"":2472},{""b"":""22:17:b2:0b:47:88"",""s"":""T wifi zone"",""r"":-49,""f"":5280},{""b"":""36:78:c2:00:0a:b5"",""s"":""KT WiFi "",""r"":-51,""f"":2412},{""b"":""30:78:c2:00:0a:b5"",""s"":""KT WiFi"",""r"":-51,""f"":2412},{""b"":""36:78:c2:00:0a:b4"",""s"":""KT WiFi "",""r"":-54,""f"":5240},{""b"":""30:78:c2:00:0a:b4"",""s"":""KT WiFi"",""r"":-54,""f"":5240},{""b"":""02:17:b2:0b:7d:b6"",""s"":""T wifi zone"",""r"":-62,""f"":2452},{""b"":""40:27:0b:02:a2:c7"",""s"":""U+zone"",""r"":-63,""f"":5620},{""b"":""30:78:c2:00:07:d6"",""s"":""KT WiFi"",""r"":-69,""f"":2432},{""b"":""36:78:c2:00:07:d6"",""s"":""KT WiFi "",""r"":-69,""f"":2432},{""b"":""22:17:b2:0b:7d:b8"",""s"":""T wifi zone_secure"",""r"":-70,""f"":5200}]",""
1789876417043,2026-09-20 12:53:37,unknown,37.5658895,127.0085617,61.989,,,45.44269239783549,fused,24,LTE,NR_NSA,5G,true,false,true,false,false,51243533,493,100,1,8323,450,06,-69,-9,-51,18,4,0,,,,1083133,18206,8.6651,0.1456,1083093,18155,8.6647,0.1452,false,5,0,5,-71,493,2600,0.06652501,false,false,periodic,6,3,6,1,5000,,,,"[{""type"":""LTE"",""pci"":493,""earfcn"":2600,""tac"":null,""rsrp"":-71,""rsrq"":-12,""rssi"":-51,""snr"":null,""ta"":0,""level"":4,""bands"":""5""},{""type"":""LTE"",""pci"":493,""earfcn"":3050,""tac"":null,""rsrp"":-72,""rsrq"":-11,""rssi"":-51,""snr"":null,""ta"":0,""level"":4,""bands"":""7""},{""type"":""LTE"",""pci"":495,""earfcn"":100,""tac"":null,""rsrp"":-84,""rsrq"":-20,""rssi"":-53,""snr"":null,""ta"":0,""level"":4,""bands"":""1""},{""type"":""LTE"",""pci"":489,""earfcn"":3050,""tac"":null,""rsrp"":-87,""rsrq"":-17,""rssi"":-57,""snr"":null,""ta"":0,""level"":3,""bands"":""7""},{""type"":""LTE"",""pci"":489,""earfcn"":100,""tac"":null,""rsrp"":-89,""rsrq"":-15,""rssi"":-55,""snr"":null,""ta"":0,""level"":3,""bands"":""1""}]",1011.2425,18,47.696,22,2,,,,"[{""b"":""40:27:0b:02:a2:b7"",""s"":""U+zone_2.4GHz"",""r"":-36,""f"":2432},{""b"":""40:27:0b:02:a2:b8"",""s"":""U+zone"",""r"":-42,""f"":5785},{""b"":""02:17:b2:0b:47:88"",""s"":""T wifi zone"",""r"":-45,""f"":2472},{""b"":""22:17:b2:0b:47:8a"",""s"":""T wifi zone_secure"",""r"":-47,""f"":5280},{""b"":""22:17:b2:0b:47:88"",""s"":""T wifi zone"",""r"":-47,""f"":5280},{""b"":""02:17:b2:0b:47:8a"",""s"":""T wifi zone_secure"",""r"":-48,""f"":2472},{""b"":""36:78:c2:00:0a:b5"",""s"":""KT WiFi "",""r"":-53,""f"":2412},{""b"":""30:78:c2:00:0a:b5"",""s"":""KT WiFi"",""r"":-53,""f"":2412},{""b"":""36:78:c2:00:0a:b4"",""s"":""KT WiFi "",""r"":-54,""f"":5240},{""b"":""30:78:c2:00:0a:b4"",""s"":""KT WiFi"",""r"":-54,""f"":5240},{""b"":""02:17:b2:0b:7d:b6"",""s"":""T wifi zone"",""r"":-63,""f"":2452},{""b"":""02:17:b2:0b:7d:b8"",""s"":""T wifi zone_secure"",""r"":-64,""f"":2452},{""b"":""40:27:0b:02:a2:c7"",""s"":""U+zone"",""r"":-65,""f"":5620},{""b"":""22:17:b2:0b:7d:b6"",""s"":""T wifi zone"",""r"":-69,""f"":5200},{""b"":""22:17:b2:0b:7d:b8"",""s"":""T wifi zone_secure"",""r"":-69,""f"":5200}]",""
1789876420189,2026-09-20 12:53:40,unknown,37.5658895,127.0085617,61.989,,,45.44269239783549,fused,27,LTE,NR_NSA,5G,true,false,true,false,false,51225357,495,100,1,8323,450,06,-76,-11,-51,15,4,0,,,,2158150,32696,17.2652,0.2616,2158150,32696,17.2652,0.2616,false,8,0,8,-82,489,100,1.7427611,true,false,handover,0,4,,,5,51243533,-69,-9,"[{""type"":""LTE"",""pci"":489,""earfcn"":100,""tac"":null,""rsrp"":-82,""rsrq"":-18,""rssi"":-55,""snr"":null,""ta"":0,""level"":4,""bands"":""1""},{""type"":""LTE"",""pci"":495,""earfcn"":3050,""tac"":null,""rsrp"":-83,""rsrq"":-9,""rssi"":-63,""snr"":null,""ta"":0,""level"":4,""bands"":""7""},{""type"":""LTE"",""pci"":493,""earfcn"":3050,""tac"":null,""rsrp"":-84,""rsrq"":-15,""rssi"":-63,""snr"":null,""ta"":0,""level"":4,""bands"":""7""},{""type"":""LTE"",""pci"":495,""earfcn"":2600,""tac"":null,""rsrp"":-86,""rsrq"":-13,""rssi"":-65,""snr"":null,""ta"":0,""level"":3,""bands"":""5""},{""type"":""LTE"",""pci"":493,""earfcn"":100,""tac"":null,""rsrp"":-87,""rsrq"":-13,""rssi"":-51,""snr"":null,""ta"":0,""level"":3,""bands"":""1""},{""type"":""LTE"",""pci"":489,""earfcn"":3050,""tac"":null,""rsrp"":-90,""rsrq"":-19,""rssi"":-63,""snr"":null,""ta"":0,""level"":3,""bands"":""7""},{""type"":""LTE"",""pci"":479,""earfcn"":2600,""tac"":null,""rsrp"":-91,""rsrq"":-20,""rssi"":-59,""snr"":null,""ta"":0,""level"":3,""bands"":""5""},{""type"":""LTE"",""pci"":493,""earfcn"":2600,""tac"":null,""rsrp"":-97,""rsrq"":-13,""rssi"":-57,""snr"":null,""ta"":0,""level"":2,""bands"":""5""}]",1011.15106,18,,22,5,,,,"[{""b"":""40:27:0b:02:a2:b7"",""s"":""U+zone_2.4GHz"",""r"":-36,""f"":2432},{""b"":""40:27:0b:02:a2:b8"",""s"":""U+zone"",""r"":-42,""f"":5785},{""b"":""02:17:b2:0b:47:88"",""s"":""T wifi zone"",""r"":-45,""f"":2472},{""b"":""22:17:b2:0b:47:8a"",""s"":""T wifi zone_secure"",""r"":-47,""f"":5280},{""b"":""22:17:b2:0b:47:88"",""s"":""T wifi zone"",""r"":-47,""f"":5280},{""b"":""02:17:b2:0b:47:8a"",""s"":""T wifi zone_secure"",""r"":-48,""f"":2472},{""b"":""36:78:c2:00:0a:b5"",""s"":""KT WiFi "",""r"":-53,""f"":2412},{""b"":""30:78:c2:00:0a:b5"",""s"":""KT WiFi"",""r"":-53,""f"":2412},{""b"":""36:78:c2:00:0a:b4"",""s"":""KT WiFi "",""r"":-54,""f"":5240},{""b"":""30:78:c2:00:0a:b4"",""s"":""KT WiFi"",""r"":-54,""f"":5240},{""b"":""02:17:b2:0b:7d:b6"",""s"":""T wifi zone"",""r"":-63,""f"":2452},{""b"":""02:17:b2:0b:7d:b8"",""s"":""T wifi zone_secure"",""r"":-64,""f"":2452},{""b"":""40:27:0b:02:a2:c7"",""s"":""U+zone"",""r"":-65,""f"":5620},{""b"":""22:17:b2:0b:7d:b6"",""s"":""T wifi zone"",""r"":-69,""f"":5200},{""b"":""22:17:b2:0b:7d:b8"",""s"":""T wifi zone_secure"",""r"":-69,""f"":5200}]","[{""type"":""LTE"",""pci"":493,""earfcn"":2600,""tac"":null,""rsrp"":-71,""rsrq"":-12,""rssi"":-51,""snr"":null,""ta"":0,""level"":4,""bands"":""5""},{""type"":""LTE"",""pci"":493,""earfcn"":3050,""tac"":null,""rsrp"":-72,""rsrq"":-11,""rssi"":-51,""snr"":null,""ta"":0,""level"":4,""bands"":""7""},{""type"":""LTE"",""pci"":495,""earfcn"":100,""tac"":null,""rsrp"":-84,""rsrq"":-20,""rssi"":-53,""snr"":null,""ta"":0,""level"":4,""bands"":""1""},{""type"":""LTE"",""pci"":489,""earfcn"":3050,""tac"":null,""rsrp"":-87,""rsrq"":-17,""rssi"":-57,""snr"":null,""ta"":0,""level"":3,""bands"":""7""},{""type"":""LTE"",""pci"":489,""earfcn"":100,""tac"":null,""rsrp"":-89,""rsrq"":-15,""rssi"":-55,""snr"":null,""ta"":0,""level"":3,""bands"":""1""}]"
1789876422052,2026-09-20 12:53:42,unknown,37.5658895,127.0085617,61.989,,,45.44269239783549,fused,29,LTE,NR_NSA,5G,true,false,true,false,false,51225357,495,100,1,8323,450,06,-76,-11,-51,15,4,0,,,,504,1723,0.0040,0.0138,450,1669,0.0036,0.0134,false,8,0,8,-82,489,100,0.98639894,false,false,periodic,1,3,0,0,1871,,,,"[{""type"":""LTE"",""pci"":489,""earfcn"":100,""tac"":null,""rsrp"":-82,""rsrq"":-18,""rssi"":-55,""snr"":null,""ta"":0,""level"":4,""bands"":""1""},{""type"":""LTE"",""pci"":495,""earfcn"":3050,""tac"":null,""rsrp"":-83,""rsrq"":-9,""rssi"":-63,""snr"":null,""ta"":0,""level"":4,""bands"":""7""},{""type"":""LTE"",""pci"":493,""earfcn"":3050,""tac"":null,""rsrp"":-84,""rsrq"":-15,""rssi"":-63,""snr"":null,""ta"":0,""level"":4,""bands"":""7""},{""type"":""LTE"",""pci"":495,""earfcn"":2600,""tac"":null,""rsrp"":-86,""rsrq"":-13,""rssi"":-65,""snr"":null,""ta"":0,""level"":3,""bands"":""5""},{""type"":""LTE"",""pci"":493,""earfcn"":100,""tac"":null,""rsrp"":-87,""rsrq"":-13,""rssi"":-51,""snr"":null,""ta"":0,""level"":3,""bands"":""1""},{""type"":""LTE"",""pci"":489,""earfcn"":3050,""tac"":null,""rsrp"":-90,""rsrq"":-19,""rssi"":-63,""snr"":null,""ta"":0,""level"":3,""bands"":""7""},{""type"":""LTE"",""pci"":479,""earfcn"":2600,""tac"":null,""rsrp"":-91,""rsrq"":-20,""rssi"":-59,""snr"":null,""ta"":0,""level"":3,""bands"":""5""},{""type"":""LTE"",""pci"":493,""earfcn"":2600,""tac"":null,""rsrp"":-97,""rsrq"":-13,""rssi"":-57,""snr"":null,""ta"":0,""level"":2,""bands"":""5""}]",1011.4284,14,,22,7,,,,"[{""b"":""40:27:0b:02:a2:b7"",""s"":""U+zone_2.4GHz"",""r"":-36,""f"":2432},{""b"":""40:27:0b:02:a2:b8"",""s"":""U+zone"",""r"":-42,""f"":5785},{""b"":""02:17:b2:0b:47:88"",""s"":""T wifi zone"",""r"":-45,""f"":2472},{""b"":""22:17:b2:0b:47:8a"",""s"":""T wifi zone_secure"",""r"":-47,""f"":5280},{""b"":""22:17:b2:0b:47:88"",""s"":""T wifi zone"",""r"":-47,""f"":5280},{""b"":""02:17:b2:0b:47:8a"",""s"":""T wifi zone_secure"",""r"":-48,""f"":2472},{""b"":""36:78:c2:00:0a:b5"",""s"":""KT WiFi "",""r"":-53,""f"":2412},{""b"":""30:78:c2:00:0a:b5"",""s"":""KT WiFi"",""r"":-53,""f"":2412},{""b"":""36:78:c2:00:0a:b4"",""s"":""KT WiFi "",""r"":-54,""f"":5240},{""b"":""30:78:c2:00:0a:b4"",""s"":""KT WiFi"",""r"":-54,""f"":5240},{""b"":""02:17:b2:0b:7d:b6"",""s"":""T wifi zone"",""r"":-63,""f"":2452},{""b"":""02:17:b2:0b:7d:b8"",""s"":""T wifi zone_secure"",""r"":-64,""f"":2452},{""b"":""40:27:0b:02:a2:c7"",""s"":""U+zone"",""r"":-65,""f"":5620},{""b"":""22:17:b2:0b:7d:b6"",""s"":""T wifi zone"",""r"":-69,""f"":5200},{""b"":""22:17:b2:0b:7d:b8"",""s"":""T wifi zone_secure"",""r"":-69,""f"":5200}]",""
1789876427070,2026-09-20 12:53:47,unknown,37.5658895,127.0085617,61.989,,,45.44269239783549,fused,34,LTE,NR_NSA,5G,true,false,true,false,false,51225357,495,100,1,8323,450,06,-72,-8,-51,18,4,0,,,,5953,1677,0.0476,0.0134,5934,1657,0.0475,0.0133,false,6,0,6,-76,479,2600,0.23578888,false,false,periodic,6,3,4,3,233,,,,"[{""type"":""LTE"",""pci"":479,""earfcn"":2600,""tac"":null,""rsrp"":-76,""rsrq"":-20,""rssi"":-51,""snr"":null,""ta"":0,""level"":4,""bands"":""5""},{""type"":""LTE"",""pci"":495,""earfcn"":3050,""tac"":null,""rsrp"":-78,""rsrq"":-8,""rssi"":-61,""snr"":null,""ta"":0,""level"":4,""bands"":""7""},{""type"":""LTE"",""pci"":495,""earfcn"":2600,""tac"":null,""rsrp"":-86,""rsrq"":-11,""rssi"":-65,""snr"":null,""ta"":0,""level"":3,""bands"":""5""},{""type"":""LTE"",""pci"":489,""earfcn"":3050,""tac"":null,""rsrp"":-88,""rsrq"":-18,""rssi"":-61,""snr"":null,""ta"":0,""level"":3,""bands"":""7""},{""type"":""LTE"",""pci"":493,""earfcn"":3050,""tac"":null,""rsrp"":-90,""rsrq"":-20,""rssi"":-53,""snr"":null,""ta"":0,""level"":3,""bands"":""7""},{""type"":""LTE"",""pci"":493,""earfcn"":2600,""tac"":null,""rsrp"":-104,""rsrq"":-13,""rssi"":-81,""snr"":null,""ta"":0,""level"":2,""bands"":""5""}]",1012.48944,36,,22,5,,,,"[{""b"":""40:27:0b:02:a2:b7"",""s"":""U+zone_2.4GHz"",""r"":-35,""f"":2432},{""b"":""40:27:0b:02:a2:b8"",""s"":""U+zone"",""r"":-39,""f"":5785},{""b"":""02:17:b2:0b:47:8a"",""s"":""T wifi zone_secure"",""r"":-42,""f"":2472},{""b"":""02:17:b2:0b:47:88"",""s"":""T wifi zone"",""r"":-43,""f"":2472},{""b"":""22:17:b2:0b:47:8a"",""s"":""T wifi zone_secure"",""r"":-44,""f"":5280},{""b"":""36:78:c2:00:0a:b4"",""s"":""KT WiFi "",""r"":-44,""f"":5240},{""b"":""22:17:b2:0b:47:88"",""s"":""T wifi zone"",""r"":-45,""f"":5280},{""b"":""36:78:c2:00:0a:b5"",""s"":""KT WiFi "",""r"":-53,""f"":2412},{""b"":""30:78:c2:00:0a:b5"",""s"":""KT WiFi"",""r"":-53,""f"":2412},{""b"":""30:78:c2:00:0a:b4"",""s"":""KT WiFi"",""r"":-55,""f"":5240},{""b"":""02:17:b2:0b:7d:b6"",""s"":""T wifi zone"",""r"":-59,""f"":2452},{""b"":""02:17:b2:0b:7d:b8"",""s"":""T wifi zone_secure"",""r"":-59,""f"":2452},{""b"":""30:78:c2:00:07:d6"",""s"":""KT WiFi"",""r"":-61,""f"":2432},{""b"":""40:27:0b:02:a2:c7"",""s"":""U+zone"",""r"":-61,""f"":5620},{""b"":""36:78:c2:00:07:d6"",""s"":""KT WiFi "",""r"":-62,""f"":2432}]",""
1789876432089,2026-09-20 12:53:52,unknown,37.5658895,127.0085617,61.989,,,45.44269239783549,fused,39,LTE,NR_NSA,5G,true,false,true,false,false,51225357,495,100,1,8323,450,06,-72,-8,-51,18,4,0,,,,1329747,15616,10.6380,0.1249,1329727,15596,10.6378,0.1248,false,6,0,6,-76,479,2600,0.2392212,false,false,periodic,11,2,0,0,5243,,,,"[{""type"":""LTE"",""pci"":479,""earfcn"":2600,""tac"":null,""rsrp"":-76,""rsrq"":-20,""rssi"":-51,""snr"":null,""ta"":0,""level"":4,""bands"":""5""},{""type"":""LTE"",""pci"":495,""earfcn"":3050,""tac"":null,""rsrp"":-78,""rsrq"":-8,""rssi"":-61,""snr"":null,""ta"":0,""level"":4,""bands"":""7""},{""type"":""LTE"",""pci"":495,""earfcn"":2600,""tac"":null,""rsrp"":-86,""rsrq"":-11,""rssi"":-65,""snr"":null,""ta"":0,""level"":3,""bands"":""5""},{""type"":""LTE"",""pci"":489,""earfcn"":3050,""tac"":null,""rsrp"":-88,""rsrq"":-18,""rssi"":-61,""snr"":null,""ta"":0,""level"":3,""bands"":""7""},{""type"":""LTE"",""pci"":493,""earfcn"":3050,""tac"":null,""rsrp"":-90,""rsrq"":-20,""rssi"":-53,""snr"":null,""ta"":0,""level"":3,""bands"":""7""},{""type"":""LTE"",""pci"":493,""earfcn"":2600,""tac"":null,""rsrp"":-104,""rsrq"":-13,""rssi"":-81,""snr"":null,""ta"":0,""level"":2,""bands"":""5""}]",1013.15753,10,,21,3,,,,"[{""b"":""40:27:0b:02:a2:b7"",""s"":""U+zone_2.4GHz"",""r"":-35,""f"":2432},{""b"":""02:17:b2:0b:47:88"",""s"":""T wifi zone"",""r"":-41,""f"":2472},{""b"":""40:27:0b:02:a2:b8"",""s"":""U+zone"",""r"":-42,""f"":5785},{""b"":""02:17:b2:0b:47:8a"",""s"":""T wifi zone_secure"",""r"":-43,""f"":2472},{""b"":""22:17:b2:0b:47:8a"",""s"":""T wifi zone_secure"",""r"":-50,""f"":5280},{""b"":""22:17:b2:0b:47:88"",""s"":""T wifi zone"",""r"":-50,""f"":5280},{""b"":""36:78:c2:00:0a:b5"",""s"":""KT WiFi "",""r"":-51,""f"":2412},{""b"":""30:78:c2:00:0a:b5"",""s"":""KT WiFi"",""r"":-51,""f"":2412},{""b"":""30:78:c2:00:0a:b4"",""s"":""KT WiFi"",""r"":-55,""f"":5240},{""b"":""36:78:c2:00:0a:b4"",""s"":""KT WiFi "",""r"":-56,""f"":5240},{""b"":""40:27:0b:02:a2:c6"",""s"":""U+zone_2.4GHz"",""r"":-61,""f"":2432},{""b"":""40:27:0b:02:a2:c7"",""s"":""U+zone"",""r"":-66,""f"":5620},{""b"":""30:78:c2:00:07:d6"",""s"":""KT WiFi"",""r"":-67,""f"":2432},{""b"":""02:a7:89:36:74:ac"",""s"":"""",""r"":-69,""f"":5745},{""b"":""22:17:b2:0b:7d:b6"",""s"":""T wifi zone"",""r"":-72,""f"":5200}]",""
1789876437097,2026-09-20 12:53:57,unknown,37.5665854,126.9985935,100.0,,,42.249200331476565,fused,3,LTE,NR_NSA,5G,true,false,true,false,false,51225358,448,100,1,8323,450,06,-89,-11,-57,16,3,0,,,,8318739,47537,66.5499,0.3803,8318719,47517,66.5498,0.3801,false,8,0,8,-83,448,3050,0.038920574,true,false,periodic,0,3,,,4251,51225357,-72,-8,"[{""type"":""LTE"",""pci"":448,""earfcn"":3050,""tac"":null,""rsrp"":-83,""rsrq"":-12,""rssi"":-65,""snr"":null,""ta"":0,""level"":4,""bands"":""7""},{""type"":""LTE"",""pci"":495,""earfcn"":100,""tac"":null,""rsrp"":-86,""rsrq"":-11,""rssi"":-65,""snr"":null,""ta"":0,""level"":3,""bands"":""1""},{""type"":""LTE"",""pci"":495,""earfcn"":3050,""tac"":null,""rsrp"":-86,""rsrq"":-11,""rssi"":-65,""snr"":null,""ta"":0,""level"":3,""bands"":""7""},{""type"":""LTE"",""pci"":448,""earfcn"":2600,""tac"":null,""rsrp"":-86,""rsrq"":-12,""rssi"":-57,""snr"":null,""ta"":0,""level"":3,""bands"":""5""},{""type"":""LTE"",""pci"":479,""earfcn"":2600,""tac"":null,""rsrp"":-90,""rsrq"":-13,""rssi"":-67,""snr"":null,""ta"":0,""level"":3,""bands"":""5""},{""type"":""LTE"",""pci"":493,""earfcn"":3050,""tac"":null,""rsrp"":-92,""rsrq"":-18,""rssi"":-65,""snr"":null,""ta"":0,""level"":3,""bands"":""7""},{""type"":""LTE"",""pci"":493,""earfcn"":100,""tac"":null,""rsrp"":-93,""rsrq"":-18,""rssi"":-63,""snr"":null,""ta"":0,""level"":3,""bands"":""1""},{""type"":""LTE"",""pci"":495,""earfcn"":2600,""tac"":null,""rsrp"":-94,""rsrq"":-13,""rssi"":-67,""snr"":null,""ta"":0,""level"":3,""bands"":""5""}]",1013.3199,19,,23,1,,,,"[{""b"":""40:27:0b:02:a2:b7"",""s"":""U+zone_2.4GHz"",""r"":-35,""f"":2432},{""b"":""40:27:0b:02:a2:b8"",""s"":""U+zone"",""r"":-40,""f"":5785},{""b"":""02:17:b2:0b:47:88"",""s"":""T wifi zone"",""r"":-43,""f"":2472},{""b"":""02:17:b2:0b:47:8a"",""s"":""T wifi zone_secure"",""r"":-43,""f"":2472},{""b"":""36:78:c2:00:0a:b4"",""s"":""KT WiFi "",""r"":-45,""f"":5240},{""b"":""30:78:c2:00:0a:b4"",""s"":""KT WiFi"",""r"":-46,""f"":5240},{""b"":""22:17:b2:0b:47:88"",""s"":""T wifi zone"",""r"":-49,""f"":5280},{""b"":""22:17:b2:0b:47:8a"",""s"":""T wifi zone_secure"",""r"":-50,""f"":5280},{""b"":""36:78:c2:00:0a:b5"",""s"":""KT WiFi "",""r"":-51,""f"":2412},{""b"":""30:78:c2:00:0a:b5"",""s"":""KT WiFi"",""r"":-51,""f"":2412},{""b"":""40:27:0b:02:a2:c7"",""s"":""U+zone"",""r"":-65,""f"":5620},{""b"":""02:17:b2:0b:7d:b6"",""s"":""T wifi zone"",""r"":-66,""f"":2452},{""b"":""30:78:c2:00:07:d6"",""s"":""KT WiFi"",""r"":-67,""f"":2432},{""b"":""30:78:c2:00:07:d5"",""s"":""KT WiFi"",""r"":-69,""f"":5640},{""b"":""36:78:c2:00:07:d6"",""s"":""KT WiFi "",""r"":-69,""f"":2432}]","[{""type"":""LTE"",""pci"":479,""earfcn"":2600,""tac"":null,""rsrp"":-76,""rsrq"":-20,""rssi"":-51,""snr"":null,""ta"":0,""level"":4,""bands"":""5""},{""type"":""LTE"",""pci"":495,""earfcn"":3050,""tac"":null,""rsrp"":-78,""rsrq"":-8,""rssi"":-61,""snr"":null,""ta"":0,""level"":4,""bands"":""7""},{""type"":""LTE"",""pci"":495,""earfcn"":2600,""tac"":null,""rsrp"":-86,""rsrq"":-11,""rssi"":-65,""snr"":null,""ta"":0,""level"":3,""bands"":""5""},{""type"":""LTE"",""pci"":489,""earfcn"":3050,""tac"":null,""rsrp"":-88,""rsrq"":-18,""rssi"":-61,""snr"":null,""ta"":0,""level"":3,""bands"":""7""},{""type"":""LTE"",""pci"":493,""earfcn"":3050,""tac"":null,""rsrp"":-90,""rsrq"":-20,""rssi"":-53,""snr"":null,""ta"":0,""level"":3,""bands"":""7""},{""type"":""LTE"",""pci"":493,""earfcn"":2600,""tac"":null,""rsrp"":-104,""rsrq"":-13,""rssi"":-81,""snr"":null,""ta"":0,""level"":2,""bands"":""5""}]"
1789876442122,2026-09-20 12:54:02,unknown,37.5665854,126.9985935,100.0,,,40.17576937717947,fused,1,LTE,NR_NSA,5G,true,false,true,false,false,51225358,448,100,1,8323,450,06,-55,-6,-51,19,4,0,,,,1884103,40748,15.0728,0.3260,1884063,40709,15.0725,0.3257,false,3,0,3,-47,448,2600,0.004304904,false,false,periodic,5,2,34,3,1651,,,,"[{""type"":""LTE"",""pci"":448,""earfcn"":2600,""tac"":null,""rsrp"":-47,""rsrq"":-6,""rssi"":-51,""snr"":null,""ta"":0,""level"":4,""bands"":""5""},{""type"":""LTE"",""pci"":448,""earfcn"":3050,""tac"":null,""rsrp"":-57,""rsrq"":-6,""rssi"":-51,""snr"":null,""ta"":0,""level"":4,""bands"":""7""},{""type"":""LTE"",""pci"":495,""earfcn"":3050,""tac"":null,""rsrp"":-86,""rsrq"":-20,""rssi"":-55,""snr"":null,""ta"":0,""level"":3,""bands"":""7""}]",1013.51025,13,,23,1,,,,"[{""b"":""40:27:0b:02:a2:b8"",""s"":""U+zone"",""r"":-37,""f"":5785},{""b"":""40:27:0b:02:a2:b7"",""s"":""U+zone_2.4GHz"",""r"":-39,""f"":2432},{""b"":""02:17:b2:0b:47:88"",""s"":""T wifi zone"",""r"":-42,""f"":2472},{""b"":""02:17:b2:0b:47:8a"",""s"":""T wifi zone_secure"",""r"":-42,""f"":2472},{""b"":""22:17:b2:0b:47:8a"",""s"":""T wifi zone_secure"",""r"":-47,""f"":5280},{""b"":""22:17:b2:0b:47:88"",""s"":""T wifi zone"",""r"":-47,""f"":5280},{""b"":""30:78:c2:00:0a:b5"",""s"":""KT WiFi"",""r"":-52,""f"":2412},{""b"":""36:78:c2:00:0a:b5"",""s"":""KT WiFi "",""r"":-53,""f"":2412},{""b"":""30:78:c2:00:0a:b4"",""s"":""KT WiFi"",""r"":-56,""f"":5240},{""b"":""36:78:c2:00:0a:b4"",""s"":""KT WiFi "",""r"":-57,""f"":5240},{""b"":""40:27:0b:02:a2:c7"",""s"":""U+zone"",""r"":-60,""f"":5620},{""b"":""02:17:b2:0b:7d:b8"",""s"":""T wifi zone_secure"",""r"":-63,""f"":2452},{""b"":""44:e6:4a:0c:85:cd"",""s"":"" Uro_6691249"",""r"":-64,""f"":2462},{""b"":""30:78:c2:00:07:d6"",""s"":""KT WiFi"",""r"":-65,""f"":2432},{""b"":""02:17:b2:0b:7d:b6"",""s"":""T wifi zone"",""r"":-65,""f"":2452}]",""
1789876447136,2026-09-20 12:54:07,unknown,37.5667472,126.9986519,32.321,,,38.0,fused,3,LTE,NR_NSA,5G,true,false,true,false,false,51225358,448,100,1,8323,450,06,-71,-7,-51,28,4,0,,,,926910,10177,7.4153,0.0814,926890,10157,7.4151,0.0813,false,4,0,4,-65,448,2600,3.8891984E-4,false,false,periodic,10,2,-16,9,1648,,,,"[{""type"":""LTE"",""pci"":448,""earfcn"":2600,""tac"":null,""rsrp"":-65,""rsrq"":-6,""rssi"":-51,""snr"":null,""ta"":0,""level"":4,""bands"":""5""},{""type"":""LTE"",""pci"":448,""earfcn"":3050,""tac"":null,""rsrp"":-70,""rsrq"":-6,""rssi"":-51,""snr"":null,""ta"":0,""level"":4,""bands"":""7""},{""type"":""LTE"",""pci"":495,""earfcn"":100,""tac"":null,""rsrp"":-80,""rsrq"":-17,""rssi"":-51,""snr"":null,""ta"":0,""level"":4,""bands"":""1""},{""type"":""LTE"",""pci"":495,""earfcn"":3050,""tac"":null,""rsrp"":-89,""rsrq"":-17,""rssi"":-59,""snr"":null,""ta"":0,""level"":3,""bands"":""7""}]",1013.7311,11,113.793,30,2,,,,"[{""b"":""40:27:0b:02:a2:b8"",""s"":""U+zone"",""r"":-37,""f"":5785},{""b"":""40:27:0b:02:a2:b7"",""s"":""U+zone_2.4GHz"",""r"":-37,""f"":2432},{""b"":""02:17:b2:0b:47:88"",""s"":""T wifi zone"",""r"":-41,""f"":2472},{""b"":""02:17:b2:0b:47:8a"",""s"":""T wifi zone_secure"",""r"":-41,""f"":2472},{""b"":""22:17:b2:0b:47:8a"",""s"":""T wifi zone_secure"",""r"":-49,""f"":5280},{""b"":""22:17:b2:0b:47:88"",""s"":""T wifi zone"",""r"":-49,""f"":5280},{""b"":""36:78:c2:00:0a:b5"",""s"":""KT WiFi "",""r"":-51,""f"":2412},{""b"":""30:78:c2:00:0a:b5"",""s"":""KT WiFi"",""r"":-52,""f"":2412},{""b"":""36:78:c2:00:0a:b4"",""s"":""KT WiFi "",""r"":-55,""f"":5240},{""b"":""30:78:c2:00:0a:b4"",""s"":""KT WiFi"",""r"":-55,""f"":5240},{""b"":""40:27:0b:02:a2:c7"",""s"":""U+zone"",""r"":-65,""f"":5620},{""b"":""02:a7:89:36:74:ac"",""s"":"""",""r"":-65,""f"":5745},{""b"":""44:e6:4a:0c:85:cd"",""s"":"" Uro_6691249"",""r"":-67,""f"":2462},{""b"":""22:17:b2:0b:7d:b6"",""s"":""T wifi zone"",""r"":-71,""f"":5200},{""b"":""22:17:b2:0b:7d:b8"",""s"":""T wifi zone_secure"",""r"":-71,""f"":5200}]",""
1789876452156,2026-09-20 12:54:12,unknown,37.5667472,126.9986519,32.321,,,38.0,fused,8,LTE,NR_NSA,5G,true,false,true,false,false,51225358,448,100,1,8323,450,06,-64,-9,-51,25,4,0,,,,1944,1844,0.0156,0.0148,1924,1824,0.0154,0.0146,false,4,0,4,-67,448,3050,0.07850202,false,false,periodic,15,1,7,-3,1662,,,,"[{""type"":""LTE"",""pci"":448,""earfcn"":3050,""tac"":null,""rsrp"":-67,""rsrq"":-9,""rssi"":-51,""snr"":null,""ta"":0,""level"":4,""bands"":""7""},{""type"":""LTE"",""pci"":495,""earfcn"":3050,""tac"":null,""rsrp"":-74,""rsrq"":-18,""rssi"":-51,""snr"":null,""ta"":0,""level"":4,""bands"":""7""},{""type"":""LTE"",""pci"":448,""earfcn"":2600,""tac"":null,""rsrp"":-75,""rsrq"":-11,""rssi"":-53,""snr"":null,""ta"":0,""level"":4,""bands"":""5""},{""type"":""LTE"",""pci"":495,""earfcn"":100,""tac"":null,""rsrp"":-88,""rsrq"":-19,""rssi"":-55,""snr"":null,""ta"":0,""level"":3,""bands"":""1""}]",1013.68024,12,,30,7,,,,"[{""b"":""40:27:0b:02:a2:b8"",""s"":""U+zone"",""r"":-37,""f"":5785},{""b"":""40:27:0b:02:a2:b7"",""s"":""U+zone_2.4GHz"",""r"":-37,""f"":2432},{""b"":""02:17:b2:0b:47:88"",""s"":""T wifi zone"",""r"":-41,""f"":2472},{""b"":""02:17:b2:0b:47:8a"",""s"":""T wifi zone_secure"",""r"":-41,""f"":2472},{""b"":""22:17:b2:0b:47:8a"",""s"":""T wifi zone_secure"",""r"":-49,""f"":5280},{""b"":""22:17:b2:0b:47:88"",""s"":""T wifi zone"",""r"":-49,""f"":5280},{""b"":""36:78:c2:00:0a:b5"",""s"":""KT WiFi "",""r"":-51,""f"":2412},{""b"":""30:78:c2:00:0a:b5"",""s"":""KT WiFi"",""r"":-52,""f"":2412},{""b"":""36:78:c2:00:0a:b4"",""s"":""KT WiFi "",""r"":-55,""f"":5240},{""b"":""30:78:c2:00:0a:b4"",""s"":""KT WiFi"",""r"":-55,""f"":5240},{""b"":""40:27:0b:02:a2:c7"",""s"":""U+zone"",""r"":-65,""f"":5620},{""b"":""02:a7:89:36:74:ac"",""s"":"""",""r"":-65,""f"":5745},{""b"":""44:e6:4a:0c:85:cd"",""s"":"" Uro_6691249"",""r"":-67,""f"":2462},{""b"":""22:17:b2:0b:7d:b6"",""s"":""T wifi zone"",""r"":-71,""f"":5200},{""b"":""22:17:b2:0b:7d:b8"",""s"":""T wifi zone_secure"",""r"":-71,""f"":5200}]",""
1789876457171,2026-09-20 12:54:17,unknown,37.5667071,126.9985868,17.254,,,36.29999923706055,fused,6,LTE,NR_NSA,5G,true,false,true,false,false,51225358,448,100,1,8323,450,06,-64,-9,-51,25,4,0,,,,120380,6790,0.9630,0.0543,120360,6770,0.9629,0.0542,false,4,0,4,-67,448,3050,3.581093E-4,false,false,periodic,20,1,0,0,6675,,,,"[{""type"":""LTE"",""pci"":448,""earfcn"":3050,""tac"":null,""rsrp"":-67,""rsrq"":-9,""rssi"":-51,""snr"":null,""ta"":0,""level"":4,""bands"":""7""},{""type"":""LTE"",""pci"":495,""earfcn"":3050,""tac"":null,""rsrp"":-74,""rsrq"":-18,""rssi"":-51,""snr"":null,""ta"":0,""level"":4,""bands"":""7""},{""type"":""LTE"",""pci"":448,""earfcn"":2600,""tac"":null,""rsrp"":-75,""rsrq"":-11,""rssi"":-53,""snr"":null,""ta"":0,""level"":4,""bands"":""5""},{""type"":""LTE"",""pci"":495,""earfcn"":100,""tac"":null,""rsrp"":-88,""rsrq"":-19,""rssi"":-55,""snr"":null,""ta"":0,""level"":3,""bands"":""1""}]",1013.2595,11,,29,4,,,,"[{""b"":""40:27:0b:02:a2:b7"",""s"":""U+zone_2.4GHz"",""r"":-35,""f"":2432},{""b"":""40:27:0b:02:a2:b8"",""s"":""U+zone"",""r"":-38,""f"":5785},{""b"":""02:17:b2:0b:47:88"",""s"":""T wifi zone"",""r"":-42,""f"":2472},{""b"":""02:17:b2:0b:47:8a"",""s"":""T wifi zone_secure"",""r"":-42,""f"":2472},{""b"":""22:17:b2:0b:47:8a"",""s"":""T wifi zone_secure"",""r"":-48,""f"":5280},{""b"":""22:17:b2:0b:47:88"",""s"":""T wifi zone"",""r"":-49,""f"":5280},{""b"":""36:78:c2:00:0a:b5"",""s"":""KT WiFi "",""r"":-50,""f"":2412},{""b"":""30:78:c2:00:0a:b5"",""s"":""KT WiFi"",""r"":-50,""f"":2412},{""b"":""30:78:c2:00:0a:b4"",""s"":""KT WiFi"",""r"":-57,""f"":5240},{""b"":""36:78:c2:00:0a:b4"",""s"":""KT WiFi "",""r"":-58,""f"":5240},{""b"":""02:17:b2:0b:7d:b6"",""s"":""T wifi zone"",""r"":-63,""f"":2452},{""b"":""00:40:5a:af:bc:4b"",""s"":""FREE_U+zone"",""r"":-64,""f"":2452},{""b"":""40:27:0b:02:a2:c7"",""s"":""U+zone"",""r"":-64,""f"":5620},{""b"":""00:40:5a:af:bc:4a"",""s"":""U+zone"",""r"":-65,""f"":2452},{""b"":""02:a7:89:36:74:ac"",""s"":"""",""r"":-67,""f"":5745}]",""
1789876462180,2026-09-20 12:54:22,unknown,37.5667253,126.9986244,20.4,,,38.0,fused,4,LTE,NR_NSA,5G,true,false,true,false,false,51225358,448,100,1,8323,450,06,-63,-9,-51,27,4,0,,,,658460,13996,5.2677,0.1120,658420,13956,5.2674,0.1116,false,2,0,2,-65,448,3050,4.5959474E-5,false,false,periodic,25,1,1,2,5001,,,,"[{""type"":""LTE"",""pci"":448,""earfcn"":3050,""tac"":null,""rsrp"":-65,""rsrq"":-8,""rssi"":-51,""snr"":null,""ta"":0,""level"":4,""bands"":""7""},{""type"":""LTE"",""pci"":448,""earfcn"":2600,""tac"":null,""rsrp"":-66,""rsrq"":-9,""rssi"":-51,""snr"":null,""ta"":0,""level"":4,""bands"":""5""}]",1013.1871,28,,33,2,,,,"[{""b"":""40:27:0b:02:a2:b7"",""s"":""U+zone_2.4GHz"",""r"":-38,""f"":2432},{""b"":""40:27:0b:02:a2:b8"",""s"":""U+zone"",""r"":-41,""f"":5785},{""b"":""02:17:b2:0b:47:88"",""s"":""T wifi zone"",""r"":-41,""f"":2472},{""b"":""02:17:b2:0b:47:8a"",""s"":""T wifi zone_secure"",""r"":-45,""f"":2472},{""b"":""22:17:b2:0b:47:8a"",""s"":""T wifi zone_secure"",""r"":-48,""f"":5280},{""b"":""22:17:b2:0b:47:88"",""s"":""T wifi zone"",""r"":-48,""f"":5280},{""b"":""30:78:c2:00:0a:b4"",""s"":""KT WiFi"",""r"":-49,""f"":5240},{""b"":""00:40:5a:af:bc:4a"",""s"":""U+zone"",""r"":-57,""f"":2452},{""b"":""36:78:c2:00:0a:b4"",""s"":""KT WiFi "",""r"":-58,""f"":5240},{""b"":""40:27:0b:02:a2:c6"",""s"":""U+zone_2.4GHz"",""r"":-60,""f"":2432},{""b"":""02:17:b2:0b:7d:b6"",""s"":""T wifi zone"",""r"":-63,""f"":2452},{""b"":""02:17:b2:0b:7d:b8"",""s"":""T wifi zone_secure"",""r"":-64,""f"":2452},{""b"":""10:e3:c7:07:38:df"",""s"":""T wifi zone"",""r"":-65,""f"":5745},{""b"":""12:e3:c7:07:38:df"",""s"":""T wifi zone_secure"",""r"":-65,""f"":5745},{""b"":""22:e3:c7:07:38:df"",""s"":""T Free WiFi Zone"",""r"":-65,""f"":5745}]",""
1789876467193,2026-09-20 12:54:27,unknown,37.5667318,126.9986093,12.261,,,40.68954286858898,fused,2,LTE,NR_NSA,5G,true,false,true,false,false,51225358,448,100,1,8323,450,06,-67,-10,-51,27,4,0,,,,516385,17230,4.1311,0.1378,516365,17210,4.1309,0.1377,false,3,0,3,-65,448,3050,0.0050463025,false,false,periodic,30,0,-4,0,2969,,,,"[{""type"":""LTE"",""pci"":448,""earfcn"":3050,""tac"":null,""rsrp"":-65,""rsrq"":-7,""rssi"":-51,""snr"":null,""ta"":0,""level"":4,""bands"":""7""},{""type"":""LTE"",""pci"":448,""earfcn"":2600,""tac"":null,""rsrp"":-67,""rsrq"":-7,""rssi"":-51,""snr"":null,""ta"":0,""level"":4,""bands"":""5""},{""type"":""LTE"",""pci"":495,""earfcn"":100,""tac"":null,""rsrp"":-79,""rsrq"":-20,""rssi"":-51,""snr"":null,""ta"":0,""level"":4,""bands"":""1""}]",1013.2215,11,,37,1,,,,"[{""b"":""40:27:0b:02:a2:b8"",""s"":""U+zone"",""r"":-39,""f"":5785},{""b"":""40:27:0b:02:a2:b7"",""s"":""U+zone_2.4GHz"",""r"":-39,""f"":2432},{""b"":""02:17:b2:0b:47:88"",""s"":""T wifi zone"",""r"":-44,""f"":2472},{""b"":""02:17:b2:0b:47:8a"",""s"":""T wifi zone_secure"",""r"":-45,""f"":2472},{""b"":""22:17:b2:0b:47:8a"",""s"":""T wifi zone_secure"",""r"":-48,""f"":5280},{""b"":""22:17:b2:0b:47:88"",""s"":""T wifi zone"",""r"":-48,""f"":5280},{""b"":""30:78:c2:00:0a:b5"",""s"":""KT WiFi"",""r"":-53,""f"":2412},{""b"":""36:78:c2:00:0a:b5"",""s"":""KT WiFi "",""r"":-55,""f"":2412},{""b"":""00:40:5a:af:bc:4b"",""s"":""FREE_U+zone"",""r"":-57,""f"":2452},{""b"":""00:40:5a:af:bc:4a"",""s"":""U+zone"",""r"":-57,""f"":2452},{""b"":""36:78:c2:00:0a:b4"",""s"":""KT WiFi "",""r"":-58,""f"":5240},{""b"":""30:78:c2:00:0a:b4"",""s"":""KT WiFi"",""r"":-58,""f"":5240},{""b"":""22:e3:c7:07:38:e0"",""s"":""T Free WiFi Zone"",""r"":-62,""f"":2472},{""b"":""40:27:0b:02:a2:c7"",""s"":""U+zone"",""r"":-63,""f"":5620},{""b"":""02:17:b2:0b:7d:b8"",""s"":""T wifi zone_secure"",""r"":-64,""f"":2452}]",""
1789876472217,2026-09-20 12:54:32,unknown,37.5667209,126.9986232,22.5,,,40.45958400332129,fused,2,LTE,NR_NSA,5G,true,false,true,false,false,51225358,448,100,1,8323,450,06,-68,-11,-51,26,4,0,,,,1784,3219,0.0143,0.0258,1764,3199,0.0141,0.0256,false,4,0,4,-65,448,3050,2.3969644E-6,false,false,periodic,35,0,-1,-1,1227,,,,"[{""type"":""LTE"",""pci"":448,""earfcn"":3050,""tac"":null,""rsrp"":-65,""rsrq"":-9,""rssi"":-51,""snr"":null,""ta"":0,""level"":4,""bands"":""7""},{""type"":""LTE"",""pci"":448,""earfcn"":2600,""tac"":null,""rsrp"":-70,""rsrq"":-11,""rssi"":-51,""snr"":null,""ta"":0,""level"":4,""bands"":""5""},{""type"":""LTE"",""pci"":495,""earfcn"":3050,""tac"":null,""rsrp"":-74,""rsrq"":-20,""rssi"":-51,""snr"":null,""ta"":0,""level"":4,""bands"":""7""},{""type"":""LTE"",""pci"":495,""earfcn"":100,""tac"":null,""rsrp"":-84,""rsrq"":-20,""rssi"":-55,""snr"":null,""ta"":0,""level"":4,""bands"":""1""}]",1013.1966,18,,28,1,,,,"[{""b"":""40:27:0b:02:a2:b7"",""s"":""U+zone_2.4GHz"",""r"":-36,""f"":2432},{""b"":""40:27:0b:02:a2:b8"",""s"":""U+zone"",""r"":-37,""f"":5785},{""b"":""02:17:b2:0b:47:88"",""s"":""T wifi zone"",""r"":-41,""f"":2472},{""b"":""02:17:b2:0b:47:8a"",""s"":""T wifi zone_secure"",""r"":-43,""f"":2472},{""b"":""22:17:b2:0b:47:8a"",""s"":""T wifi zone_secure"",""r"":-46,""f"":5280},{""b"":""22:17:b2:0b:47:88"",""s"":""T wifi zone"",""r"":-46,""f"":5280},{""b"":""30:78:c2:00:0a:b5"",""s"":""KT WiFi"",""r"":-54,""f"":2412},{""b"":""36:78:c2:00:0a:b5"",""s"":""KT WiFi "",""r"":-55,""f"":2412},{""b"":""36:78:c2:00:0a:b4"",""s"":""KT WiFi "",""r"":-57,""f"":5240},{""b"":""30:78:c2:00:0a:b4"",""s"":""KT WiFi"",""r"":-57,""f"":5240},{""b"":""00:40:5a:af:bc:4a"",""s"":""U+zone"",""r"":-60,""f"":2452},{""b"":""02:17:b2:0b:7d:b6"",""s"":""T wifi zone"",""r"":-63,""f"":2452},{""b"":""40:27:0b:02:a1:37"",""s"":""U+zone"",""r"":-64,""f"":5785},{""b"":""00:40:5a:af:bc:4b"",""s"":""FREE_U+zone"",""r"":-65,""f"":2452},{""b"":""40:27:0b:02:a2:c7"",""s"":""U+zone"",""r"":-65,""f"":5620}]",""
1789876477231,2026-09-20 12:54:37,unknown,37.5667209,126.9986232,288.5,,,40.403648992865214,fused,1,LTE,NR_NSA,5G,true,false,true,false,false,51225358,448,100,1,8323,450,06,-71,-12,-51,25,4,0,,,,4100377,26390,32.8030,0.2111,4100357,26370,32.8029,0.2110,false,4,0,4,-66,448,3050,0.18907176,false,false,periodic,40,0,-3,-1,1147,,,,"[{""type"":""LTE"",""pci"":448,""earfcn"":3050,""tac"":null,""rsrp"":-66,""rsrq"":-7,""rssi"":-51,""snr"":null,""ta"":0,""level"":4,""bands"":""7""},{""type"":""LTE"",""pci"":448,""earfcn"":2600,""tac"":null,""rsrp"":-66,""rsrq"":-6,""rssi"":-51,""snr"":null,""ta"":0,""level"":4,""bands"":""5""},{""type"":""LTE"",""pci"":495,""earfcn"":100,""tac"":null,""rsrp"":-78,""rsrq"":-20,""rssi"":-51,""snr"":null,""ta"":0,""level"":4,""bands"":""1""},{""type"":""LTE"",""pci"":495,""earfcn"":3050,""tac"":null,""rsrp"":-79,""rsrq"":-20,""rssi"":-51,""snr"":null,""ta"":0,""level"":4,""bands"":""7""}]",1013.2542,56,54.242,28,2,,,,"[{""b"":""40:27:0b:02:a2:b7"",""s"":""U+zone_2.4GHz"",""r"":-35,""f"":2432},{""b"":""40:27:0b:02:a2:b8"",""s"":""U+zone"",""r"":-36,""f"":5785},{""b"":""02:17:b2:0b:47:8a"",""s"":""T wifi zone_secure"",""r"":-43,""f"":2472},{""b"":""02:17:b2:0b:47:88"",""s"":""T wifi zone"",""r"":-46,""f"":2472},{""b"":""22:17:b2:0b:47:8a"",""s"":""T wifi zone_secure"",""r"":-46,""f"":5280},{""b"":""22:17:b2:0b:47:88"",""s"":""T wifi zone"",""r"":-48,""f"":5280},{""b"":""96:6a:8f:e3:3e:d4"",""s"":""TT.AE"",""r"":-52,""f"":2412},{""b"":""30:78:c2:00:0a:b5"",""s"":""KT WiFi"",""r"":-53,""f"":2412},{""b"":""36:78:c2:00:0a:b5"",""s"":""KT WiFi "",""r"":-54,""f"":2412},{""b"":""36:78:c2:00:0a:b4"",""s"":""KT WiFi "",""r"":-57,""f"":5240},{""b"":""30:78:c2:00:0a:b4"",""s"":""KT WiFi"",""r"":-58,""f"":5240},{""b"":""40:27:0b:02:a2:c7"",""s"":""U+zone"",""r"":-64,""f"":5620},{""b"":""b2:0b:b0:0d:aa:e2"",""s"":""Galaxy S21 Ultra 5G1538"",""r"":-65,""f"":2437},{""b"":""00:1d:93:c7:65:14"",""s"":""KT WiFi "",""r"":-71,""f"":5240},{""b"":""22:17:b2:0b:7d:b8"",""s"":""T wifi zone_secure"",""r"":-72,""f"":5200}]",""
1789876482240,2026-09-20 12:54:42,unknown,37.5667209,126.9986232,288.5,,,40.403648992865214,fused,6,LTE,NR_NSA,5G,true,false,true,false,false,51225358,448,100,1,8323,450,06,-64,-10,-51,24,4,0,,,,8936217,39975,71.4897,0.3198,8936177,39935,71.4894,0.3195,false,4,0,4,-61,448,2600,0.037985146,false,false,periodic,45,0,7,-1,1151,,,,"[{""type"":""LTE"",""pci"":448,""earfcn"":2600,""tac"":null,""rsrp"":-61,""rsrq"":-6,""rssi"":-51,""snr"":null,""ta"":0,""level"":4,""bands"":""5""},{""type"":""LTE"",""pci"":448,""earfcn"":3050,""tac"":null,""rsrp"":-67,""rsrq"":-9,""rssi"":-51,""snr"":null,""ta"":0,""level"":4,""bands"":""7""},{""type"":""LTE"",""pci"":495,""earfcn"":100,""tac"":null,""rsrp"":-80,""rsrq"":-19,""rssi"":-51,""snr"":null,""ta"":0,""level"":4,""bands"":""1""},{""type"":""LTE"",""pci"":495,""earfcn"":3050,""tac"":null,""rsrp"":-80,""rsrq"":-19,""rssi"":-51,""snr"":null,""ta"":0,""level"":4,""bands"":""7""}]",1013.159,30,,28,7,,,,"[{""b"":""40:27:0b:02:a2:b7"",""s"":""U+zone_2.4GHz"",""r"":-35,""f"":2432},{""b"":""40:27:0b:02:a2:b8"",""s"":""U+zone"",""r"":-36,""f"":5785},{""b"":""02:17:b2:0b:47:8a"",""s"":""T wifi zone_secure"",""r"":-43,""f"":2472},{""b"":""02:17:b2:0b:47:88"",""s"":""T wifi zone"",""r"":-46,""f"":2472},{""b"":""22:17:b2:0b:47:8a"",""s"":""T wifi zone_secure"",""r"":-46,""f"":5280},{""b"":""22:17:b2:0b:47:88"",""s"":""T wifi zone"",""r"":-48,""f"":5280},{""b"":""96:6a:8f:e3:3e:d4"",""s"":""TT.AE"",""r"":-52,""f"":2412},{""b"":""30:78:c2:00:0a:b5"",""s"":""KT WiFi"",""r"":-53,""f"":2412},{""b"":""36:78:c2:00:0a:b5"",""s"":""KT WiFi "",""r"":-54,""f"":2412},{""b"":""36:78:c2:00:0a:b4"",""s"":""KT WiFi "",""r"":-57,""f"":5240},{""b"":""30:78:c2:00:0a:b4"",""s"":""KT WiFi"",""r"":-58,""f"":5240},{""b"":""40:27:0b:02:a2:c7"",""s"":""U+zone"",""r"":-64,""f"":5620},{""b"":""b2:0b:b0:0d:aa:e2"",""s"":""Galaxy S21 Ultra 5G1538"",""r"":-65,""f"":2437},{""b"":""00:1d:93:c7:65:14"",""s"":""KT WiFi "",""r"":-71,""f"":5240},{""b"":""22:17:b2:0b:7d:b8"",""s"":""T wifi zone_secure"",""r"":-72,""f"":5200}]",""
1789876487247,2026-09-20 12:54:47,unknown,37.5667149,126.9986206,24.9,,,40.80038109435285,fused,6,LTE,NR_NSA,5G,true,false,true,false,false,51225358,448,100,1,8323,450,06,-64,-10,-51,24,4,0,,,,5777206,16161,46.2176,0.1293,5777186,16141,46.2175,0.1291,false,4,0,4,-61,448,2600,1.9002786E-5,false,false,periodic,50,0,0,0,6159,,,,"[{""type"":""LTE"",""pci"":448,""earfcn"":2600,""tac"":null,""rsrp"":-61,""rsrq"":-6,""rssi"":-51,""snr"":null,""ta"":0,""level"":4,""bands"":""5""},{""type"":""LTE"",""pci"":448,""earfcn"":3050,""tac"":null,""rsrp"":-67,""rsrq"":-9,""rssi"":-51,""snr"":null,""ta"":0,""level"":4,""bands"":""7""},{""type"":""LTE"",""pci"":495,""earfcn"":100,""tac"":null,""rsrp"":-80,""rsrq"":-19,""rssi"":-51,""snr"":null,""ta"":0,""level"":4,""bands"":""1""},{""type"":""LTE"",""pci"":495,""earfcn"":3050,""tac"":null,""rsrp"":-80,""rsrq"":-19,""rssi"":-51,""snr"":null,""ta"":0,""level"":4,""bands"":""7""}]",1012.8173,36,,29,4,,,,"[{""b"":""40:27:0b:02:a2:b7"",""s"":""U+zone_2.4GHz"",""r"":-35,""f"":2432},{""b"":""40:27:0b:02:a2:b8"",""s"":""U+zone"",""r"":-38,""f"":5785},{""b"":""22:17:b2:0b:47:8a"",""s"":""T wifi zone_secure"",""r"":-46,""f"":5280},{""b"":""22:17:b2:0b:47:88"",""s"":""T wifi zone"",""r"":-46,""f"":5280},{""b"":""02:17:b2:0b:47:8a"",""s"":""T wifi zone_secure"",""r"":-47,""f"":2472},{""b"":""02:17:b2:0b:47:88"",""s"":""T wifi zone"",""r"":-48,""f"":2472},{""b"":""30:78:c2:00:0a:b5"",""s"":""KT WiFi"",""r"":-52,""f"":2412},{""b"":""30:78:c2:00:0a:b4"",""s"":""KT WiFi"",""r"":-55,""f"":5240},{""b"":""36:78:c2:00:0a:b4"",""s"":""KT WiFi "",""r"":-56,""f"":5240},{""b"":""36:78:c2:00:0a:b5"",""s"":""KT WiFi "",""r"":-57,""f"":2412},{""b"":""96:6a:8f:e3:3e:d4"",""s"":""TT.AE"",""r"":-57,""f"":2412},{""b"":""00:40:5a:af:bc:4b"",""s"":""FREE_U+zone"",""r"":-62,""f"":2452},{""b"":""40:27:0b:02:a2:c6"",""s"":""U+zone_2.4GHz"",""r"":-63,""f"":2432},{""b"":""22:e3:c7:07:38:df"",""s"":""T Free WiFi Zone"",""r"":-63,""f"":5745},{""b"":""10:e3:c7:07:38:df"",""s"":""T wifi zone"",""r"":-64,""f"":5745}]",""
1789876489390,2026-09-20 12:54:49,unknown,37.5667149,126.9986206,24.9,,,40.80038109435285,fused,8,LTE,NR_NSA,5G,true,false,true,false,false,51225360,467,100,1,8323,450,06,-80,-13,-51,20,4,0,,,,0,0,0.0000,0.0000,0,0,0.0000,0.0000,false,5,0,5,-75,467,2600,0.0011719187,true,false,handover,0,1,,,7,51225358,-64,-10,"[{""type"":""LTE"",""pci"":467,""earfcn"":2600,""tac"":null,""rsrp"":-75,""rsrq"":-16,""rssi"":-51,""snr"":null,""ta"":0,""level"":4,""bands"":""5""},{""type"":""LTE"",""pci"":467,""earfcn"":3050,""tac"":null,""rsrp"":-86,""rsrq"":-13,""rssi"":-65,""snr"":null,""ta"":0,""level"":3,""bands"":""7""},{""type"":""LTE"",""pci"":448,""earfcn"":100,""tac"":null,""rsrp"":-87,""rsrq"":-15,""rssi"":-51,""snr"":null,""ta"":0,""level"":3,""bands"":""1""},{""type"":""LTE"",""pci"":482,""earfcn"":100,""tac"":null,""rsrp"":-87,""rsrq"":-19,""rssi"":-57,""snr"":null,""ta"":0,""level"":3,""bands"":""1""},{""type"":""LTE"",""pci"":495,""earfcn"":3050,""tac"":null,""rsrp"":-93,""rsrq"":-19,""rssi"":-65,""snr"":null,""ta"":0,""level"":3,""bands"":""7""}]",1012.7366,36,,29,6,,,,"[{""b"":""40:27:0b:02:a2:b7"",""s"":""U+zone_2.4GHz"",""r"":-35,""f"":2432},{""b"":""40:27:0b:02:a2:b8"",""s"":""U+zone"",""r"":-38,""f"":5785},{""b"":""22:17:b2:0b:47:8a"",""s"":""T wifi zone_secure"",""r"":-46,""f"":5280},{""b"":""22:17:b2:0b:47:88"",""s"":""T wifi zone"",""r"":-46,""f"":5280},{""b"":""02:17:b2:0b:47:8a"",""s"":""T wifi zone_secure"",""r"":-47,""f"":2472},{""b"":""02:17:b2:0b:47:88"",""s"":""T wifi zone"",""r"":-48,""f"":2472},{""b"":""30:78:c2:00:0a:b5"",""s"":""KT WiFi"",""r"":-52,""f"":2412},{""b"":""30:78:c2:00:0a:b4"",""s"":""KT WiFi"",""r"":-55,""f"":5240},{""b"":""36:78:c2:00:0a:b4"",""s"":""KT WiFi "",""r"":-56,""f"":5240},{""b"":""36:78:c2:00:0a:b5"",""s"":""KT WiFi "",""r"":-57,""f"":2412},{""b"":""96:6a:8f:e3:3e:d4"",""s"":""TT.AE"",""r"":-57,""f"":2412},{""b"":""00:40:5a:af:bc:4b"",""s"":""FREE_U+zone"",""r"":-62,""f"":2452},{""b"":""40:27:0b:02:a2:c6"",""s"":""U+zone_2.4GHz"",""r"":-63,""f"":2432},{""b"":""22:e3:c7:07:38:df"",""s"":""T Free WiFi Zone"",""r"":-63,""f"":5745},{""b"":""10:e3:c7:07:38:df"",""s"":""T wifi zone"",""r"":-64,""f"":5745}]","[{""type"":""LTE"",""pci"":448,""earfcn"":2600,""tac"":null,""rsrp"":-61,""rsrq"":-6,""rssi"":-51,""snr"":null,""ta"":0,""level"":4,""bands"":""5""},{""type"":""LTE"",""pci"":448,""earfcn"":3050,""tac"":null,""rsrp"":-67,""rsrq"":-9,""rssi"":-51,""snr"":null,""ta"":0,""level"":4,""bands"":""7""},{""type"":""LTE"",""pci"":495,""earfcn"":100,""tac"":null,""rsrp"":-80,""rsrq"":-19,""rssi"":-51,""snr"":null,""ta"":0,""level"":4,""bands"":""1""},{""type"":""LTE"",""pci"":495,""earfcn"":3050,""tac"":null,""rsrp"":-80,""rsrq"":-19,""rssi"":-51,""snr"":null,""ta"":0,""level"":4,""bands"":""7""}]"
1789876492257,2026-09-20 12:54:52,unknown,37.566717,126.9983977,22.666,,,42.22845740368917,fused,4,LTE,NR_NSA,5G,true,false,true,false,false,51225360,467,100,1,8323,450,06,-80,-13,-51,20,4,0,,,,8504,7482,0.0680,0.0599,8469,7447,0.0678,0.0596,false,5,0,5,-75,467,2600,0.10937735,false,false,periodic,2,1,0,0,2874,,,,"[{""type"":""LTE"",""pci"":467,""earfcn"":2600,""tac"":null,""rsrp"":-75,""rsrq"":-16,""rssi"":-51,""snr"":null,""ta"":0,""level"":4,""bands"":""5""},{""type"":""LTE"",""pci"":467,""earfcn"":3050,""tac"":null,""rsrp"":-86,""rsrq"":-13,""rssi"":-65,""snr"":null,""ta"":0,""level"":3,""bands"":""7""},{""type"":""LTE"",""pci"":448,""earfcn"":100,""tac"":null,""rsrp"":-87,""rsrq"":-15,""rssi"":-51,""snr"":null,""ta"":0,""level"":3,""bands"":""1""},{""type"":""LTE"",""pci"":482,""earfcn"":100,""tac"":null,""rsrp"":-87,""rsrq"":-19,""rssi"":-57,""snr"":null,""ta"":0,""level"":3,""bands"":""1""},{""type"":""LTE"",""pci"":495,""earfcn"":3050,""tac"":null,""rsrp"":-93,""rsrq"":-19,""rssi"":-65,""snr"":null,""ta"":0,""level"":3,""bands"":""7""}]",1012.6337,31,,36,2,,,,"[{""b"":""40:27:0b:02:a2:b7"",""s"":""U+zone_2.4GHz"",""r"":-33,""f"":2432},{""b"":""40:27:0b:02:a2:b8"",""s"":""U+zone"",""r"":-36,""f"":5785},{""b"":""02:17:b2:0b:47:8a"",""s"":""T wifi zone_secure"",""r"":-43,""f"":2472},{""b"":""22:17:b2:0b:47:8a"",""s"":""T wifi zone_secure"",""r"":-45,""f"":5280},{""b"":""22:17:b2:0b:47:88"",""s"":""T wifi zone"",""r"":-47,""f"":5280},{""b"":""30:78:c2:00:0a:b5"",""s"":""KT WiFi"",""r"":-48,""f"":2412},{""b"":""36:78:c2:00:0a:b5"",""s"":""KT WiFi "",""r"":-49,""f"":2412},{""b"":""02:17:b2:0b:47:88"",""s"":""T wifi zone"",""r"":-50,""f"":2472},{""b"":""00:40:5a:b8:2f:9a"",""s"":""U+zone"",""r"":-53,""f"":2432},{""b"":""36:78:c2:00:0a:b4"",""s"":""KT WiFi "",""r"":-56,""f"":5240},{""b"":""30:78:c2:00:0a:b4"",""s"":""KT WiFi"",""r"":-57,""f"":5240},{""b"":""02:17:b2:0c:3d:a2"",""s"":""T wifi zone_secure"",""r"":-63,""f"":2412},{""b"":""10:e3:c7:07:38:df"",""s"":""T wifi zone"",""r"":-66,""f"":5745},{""b"":""40:27:0b:02:a2:c7"",""s"":""U+zone"",""r"":-66,""f"":5620},{""b"":""12:e3:c7:07:38:df"",""s"":""T wifi zone_secure"",""r"":-66,""f"":5745}]",""
1789876497271,2026-09-20 12:54:57,unknown,37.566717,126.9983977,288.626,,,44.62206590990073,fused,2,LTE,NR_NSA,5G,true,false,true,false,false,51225360,467,100,1,8323,450,06,-86,-10,-51,12,3,0,,,,213224,87889,1.7058,0.7031,213124,87789,1.7050,0.7023,false,7,0,7,-77,467,2600,1.5790462,false,false,periodic,7,1,-6,-8,2628,,,,"[{""type"":""LTE"",""pci"":467,""earfcn"":2600,""tac"":null,""rsrp"":-77,""rsrq"":-8,""rssi"":-53,""snr"":null,""ta"":0,""level"":4,""bands"":""5""},{""type"":""LTE"",""pci"":448,""earfcn"":100,""tac"":null,""rsrp"":-80,""rsrq"":-18,""rssi"":-51,""snr"":null,""ta"":0,""level"":4,""bands"":""1""},{""type"":""LTE"",""pci"":477,""earfcn"":2600,""tac"":null,""rsrp"":-85,""rsrq"":-19,""rssi"":-57,""snr"":null,""ta"":0,""level"":4,""bands"":""5""},{""type"":""LTE"",""pci"":467,""earfcn"":3050,""tac"":null,""rsrp"":-86,""rsrq"":-9,""rssi"":-55,""snr"":null,""ta"":0,""level"":3,""bands"":""7""},{""type"":""LTE"",""pci"":495,""earfcn"":3050,""tac"":null,""rsrp"":-96,""rsrq"":-19,""rssi"":-67,""snr"":null,""ta"":0,""level"":2,""bands"":""7""},{""type"":""LTE"",""pci"":482,""earfcn"":3050,""tac"":null,""rsrp"":-99,""rsrq"":-19,""rssi"":-71,""snr"":null,""ta"":0,""level"":2,""bands"":""7""},{""type"":""LTE"",""pci"":448,""earfcn"":3050,""tac"":null,""rsrp"":-99,""rsrq"":-18,""rssi"":-71,""snr"":null,""ta"":0,""level"":2,""bands"":""7""}]",1012.6131,11,,36,7,,,,"[{""b"":""40:27:0b:02:a2:b7"",""s"":""U+zone_2.4GHz"",""r"":-33,""f"":2432},{""b"":""40:27:0b:02:a2:b8"",""s"":""U+zone"",""r"":-36,""f"":5785},{""b"":""02:17:b2:0b:47:8a"",""s"":""T wifi zone_secure"",""r"":-43,""f"":2472},{""b"":""22:17:b2:0b:47:8a"",""s"":""T wifi zone_secure"",""r"":-45,""f"":5280},{""b"":""22:17:b2:0b:47:88"",""s"":""T wifi zone"",""r"":-47,""f"":5280},{""b"":""30:78:c2:00:0a:b5"",""s"":""KT WiFi"",""r"":-48,""f"":2412},{""b"":""36:78:c2:00:0a:b5"",""s"":""KT WiFi "",""r"":-49,""f"":2412},{""b"":""02:17:b2:0b:47:88"",""s"":""T wifi zone"",""r"":-50,""f"":2472},{""b"":""00:40:5a:b8:2f:9a"",""s"":""U+zone"",""r"":-53,""f"":2432},{""b"":""36:78:c2:00:0a:b4"",""s"":""KT WiFi "",""r"":-56,""f"":5240},{""b"":""30:78:c2:00:0a:b4"",""s"":""KT WiFi"",""r"":-57,""f"":5240},{""b"":""02:17:b2:0c:3d:a2"",""s"":""T wifi zone_secure"",""r"":-63,""f"":2412},{""b"":""10:e3:c7:07:38:df"",""s"":""T wifi zone"",""r"":-66,""f"":5745},{""b"":""40:27:0b:02:a2:c7"",""s"":""U+zone"",""r"":-66,""f"":5620},{""b"":""12:e3:c7:07:38:df"",""s"":""T wifi zone_secure"",""r"":-66,""f"":5745}]",""
1789876502279,2026-09-20 12:55:02,unknown,37.5662874,126.9962439,100.0,,,45.39417265600137,fused,2,LTE,NR_NSA,5G,true,false,true,false,false,51225360,467,100,1,8323,450,06,-56,-10,-51,17,4,0,,,,163995,49436,1.3120,0.3955,163895,49336,1.3112,0.3947,false,7,0,7,-51,467,2600,0.32313418,false,false,periodic,12,1,30,5,2632,,,,"[{""type"":""LTE"",""pci"":467,""earfcn"":2600,""tac"":null,""rsrp"":-51,""rsrq"":-6,""rssi"":-51,""snr"":null,""ta"":0,""level"":4,""bands"":""5""},{""type"":""LTE"",""pci"":233,""earfcn"":2600,""tac"":null,""rsrp"":-58,""rsrq"":-17,""rssi"":-51,""snr"":null,""ta"":0,""level"":4,""bands"":""5""},{""type"":""LTE"",""pci"":467,""earfcn"":3050,""tac"":null,""rsrp"":-60,""rsrq"":-7,""rssi"":-51,""snr"":null,""ta"":0,""level"":4,""bands"":""7""},{""type"":""LTE"",""pci"":448,""earfcn"":3050,""tac"":null,""rsrp"":-73,""rsrq"":-19,""rssi"":-51,""snr"":null,""ta"":0,""level"":4,""bands"":""7""},{""type"":""LTE"",""pci"":474,""earfcn"":100,""tac"":null,""rsrp"":-75,""rsrq"":-18,""rssi"":-51,""snr"":null,""ta"":0,""level"":4,""bands"":""1""},{""type"":""LTE"",""pci"":477,""earfcn"":2600,""tac"":null,""rsrp"":-84,""rsrq"":-20,""rssi"":-51,""snr"":null,""ta"":0,""level"":4,""bands"":""5""},{""type"":""LTE"",""pci"":474,""earfcn"":3050,""tac"":null,""rsrp"":-89,""rsrq"":-20,""rssi"":-53,""snr"":null,""ta"":0,""level"":3,""bands"":""7""}]",1011.7771,11,,21,0,,,,"[{""b"":""40:27:0b:02:a2:b7"",""s"":""U+zone_2.4GHz"",""r"":-33,""f"":2432},{""b"":""40:27:0b:02:a2:b8"",""s"":""U+zone"",""r"":-38,""f"":5785},{""b"":""22:17:b2:0b:47:8a"",""s"":""T wifi zone_secure"",""r"":-43,""f"":5280},{""b"":""22:17:b2:0b:47:88"",""s"":""T wifi zone"",""r"":-43,""f"":5280},{""b"":""02:17:b2:0b:47:88"",""s"":""T wifi zone"",""r"":-49,""f"":2472},{""b"":""02:17:b2:0b:47:8a"",""s"":""T wifi zone_secure"",""r"":-49,""f"":2472},{""b"":""30:78:c2:00:0a:b5"",""s"":""KT WiFi"",""r"":-51,""f"":2412},{""b"":""36:78:c2:00:0a:b5"",""s"":""KT WiFi "",""r"":-52,""f"":2412},{""b"":""30:78:c2:00:0a:b4"",""s"":""KT WiFi"",""r"":-55,""f"":5240},{""b"":""36:78:c2:00:0a:b4"",""s"":""KT WiFi "",""r"":-56,""f"":5240},{""b"":""40:27:0b:02:a2:c6"",""s"":""U+zone_2.4GHz"",""r"":-60,""f"":2432},{""b"":""b2:0b:b0:0d:aa:e2"",""s"":""Galaxy S21 Ultra 5G1538"",""r"":-67,""f"":2437},{""b"":""40:27:0b:02:a2:c7"",""s"":""U+zone"",""r"":-67,""f"":5620},{""b"":""22:17:b2:0b:7d:b8"",""s"":""T wifi zone_secure"",""r"":-72,""f"":5200},{""b"":""22:17:b2:0b:7d:b6"",""s"":""T wifi zone"",""r"":-73,""f"":5200}]",""
1789876504571,2026-09-20 12:55:04,unknown,37.5662874,126.9962439,100.0,,,45.39417265600137,fused,4,LTE,NR_NSA,5G,true,false,true,false,false,51225356,474,100,1,8323,450,06,-87,-14,-51,15,3,0,,,,3591,17195,0.0287,0.1376,3460,17064,0.0277,0.1365,false,5,0,5,-82,467,2600,0.41740832,true,false,handover,0,2,,,6,51225360,-56,-10,"[{""type"":""LTE"",""pci"":467,""earfcn"":2600,""tac"":null,""rsrp"":-82,""rsrq"":-7,""rssi"":-55,""snr"":null,""ta"":0,""level"":4,""bands"":""5""},{""type"":""LTE"",""pci"":467,""earfcn"":100,""tac"":null,""rsrp"":-86,""rsrq"":-13,""rssi"":-59,""snr"":null,""ta"":0,""level"":3,""bands"":""1""},{""type"":""LTE"",""pci"":467,""earfcn"":3050,""tac"":null,""rsrp"":-86,""rsrq"":-12,""rssi"":-63,""snr"":null,""ta"":0,""level"":3,""bands"":""7""},{""type"":""LTE"",""pci"":474,""earfcn"":3050,""tac"":null,""rsrp"":-87,""rsrq"":-13,""rssi"":-63,""snr"":null,""ta"":0,""level"":3,""bands"":""7""},{""type"":""LTE"",""pci"":474,""earfcn"":2600,""tac"":null,""rsrp"":-91,""rsrq"":-19,""rssi"":-65,""snr"":null,""ta"":0,""level"":3,""bands"":""5""}]",1011.60394,11,,21,3,,,,"[{""b"":""40:27:0b:02:a2:b7"",""s"":""U+zone_2.4GHz"",""r"":-33,""f"":2432},{""b"":""40:27:0b:02:a2:b8"",""s"":""U+zone"",""r"":-38,""f"":5785},{""b"":""22:17:b2:0b:47:8a"",""s"":""T wifi zone_secure"",""r"":-43,""f"":5280},{""b"":""22:17:b2:0b:47:88"",""s"":""T wifi zone"",""r"":-43,""f"":5280},{""b"":""02:17:b2:0b:47:88"",""s"":""T wifi zone"",""r"":-49,""f"":2472},{""b"":""02:17:b2:0b:47:8a"",""s"":""T wifi zone_secure"",""r"":-49,""f"":2472},{""b"":""30:78:c2:00:0a:b5"",""s"":""KT WiFi"",""r"":-51,""f"":2412},{""b"":""36:78:c2:00:0a:b5"",""s"":""KT WiFi "",""r"":-52,""f"":2412},{""b"":""30:78:c2:00:0a:b4"",""s"":""KT WiFi"",""r"":-55,""f"":5240},{""b"":""36:78:c2:00:0a:b4"",""s"":""KT WiFi "",""r"":-56,""f"":5240},{""b"":""40:27:0b:02:a2:c6"",""s"":""U+zone_2.4GHz"",""r"":-60,""f"":2432},{""b"":""b2:0b:b0:0d:aa:e2"",""s"":""Galaxy S21 Ultra 5G1538"",""r"":-67,""f"":2437},{""b"":""40:27:0b:02:a2:c7"",""s"":""U+zone"",""r"":-67,""f"":5620},{""b"":""22:17:b2:0b:7d:b8"",""s"":""T wifi zone_secure"",""r"":-72,""f"":5200},{""b"":""22:17:b2:0b:7d:b6"",""s"":""T wifi zone"",""r"":-73,""f"":5200}]","[{""type"":""LTE"",""pci"":467,""earfcn"":2600,""tac"":null,""rsrp"":-51,""rsrq"":-6,""rssi"":-51,""snr"":null,""ta"":0,""level"":4,""bands"":""5""},{""type"":""LTE"",""pci"":233,""earfcn"":2600,""tac"":null,""rsrp"":-58,""rsrq"":-17,""rssi"":-51,""snr"":null,""ta"":0,""level"":4,""bands"":""5""},{""type"":""LTE"",""pci"":467,""earfcn"":3050,""tac"":null,""rsrp"":-60,""rsrq"":-7,""rssi"":-51,""snr"":null,""ta"":0,""level"":4,""bands"":""7""},{""type"":""LTE"",""pci"":448,""earfcn"":3050,""tac"":null,""rsrp"":-73,""rsrq"":-19,""rssi"":-51,""snr"":null,""ta"":0,""level"":4,""bands"":""7""},{""type"":""LTE"",""pci"":474,""earfcn"":100,""tac"":null,""rsrp"":-75,""rsrq"":-18,""rssi"":-51,""snr"":null,""ta"":0,""level"":4,""bands"":""1""},{""type"":""LTE"",""pci"":477,""earfcn"":2600,""tac"":null,""rsrp"":-84,""rsrq"":-20,""rssi"":-51,""snr"":null,""ta"":0,""level"":4,""bands"":""5""},{""type"":""LTE"",""pci"":474,""earfcn"":3050,""tac"":null,""rsrp"":-89,""rsrq"":-20,""rssi"":-53,""snr"":null,""ta"":0,""level"":3,""bands"":""7""}]"
1789876508387,2026-09-20 12:55:08,unknown,37.5662874,126.9962439,100.0,,,45.39417265600137,fused,8,LTE,NR_NSA,5G,true,false,true,false,false,51225356,474,100,1,8323,450,06,-82,-8,-53,11,4,0,,,,636838,27878,5.0947,0.2230,636812,27851,5.0945,0.2228,false,6,0,6,-76,474,3050,0.28959036,false,false,periodic,3,2,5,-4,1869,,,,"[{""type"":""LTE"",""pci"":474,""earfcn"":3050,""tac"":null,""rsrp"":-76,""rsrq"":-12,""rssi"":-53,""snr"":null,""ta"":0,""level"":4,""bands"":""7""},{""type"":""LTE"",""pci"":467,""earfcn"":2600,""tac"":null,""rsrp"":-82,""rsrq"":-10,""rssi"":-61,""snr"":null,""ta"":0,""level"":4,""bands"":""5""},{""type"":""LTE"",""pci"":467,""earfcn"":3050,""tac"":null,""rsrp"":-86,""rsrq"":-12,""rssi"":-63,""snr"":null,""ta"":0,""level"":3,""bands"":""7""},{""type"":""LTE"",""pci"":474,""earfcn"":2600,""tac"":null,""rsrp"":-90,""rsrq"":-17,""rssi"":-71,""snr"":null,""ta"":0,""level"":3,""bands"":""5""},{""type"":""LTE"",""pci"":467,""earfcn"":100,""tac"":null,""rsrp"":-91,""rsrq"":-16,""rssi"":-65,""snr"":null,""ta"":0,""level"":3,""bands"":""1""},{""type"":""LTE"",""pci"":469,""earfcn"":100,""tac"":null,""rsrp"":-94,""rsrq"":-14,""rssi"":-65,""snr"":null,""ta"":0,""level"":3,""bands"":""1""}]",1011.5032,9,128.591,20,1,,,,"[{""b"":""40:27:0b:02:a2:b7"",""s"":""U+zone_2.4GHz"",""r"":-34,""f"":2432},{""b"":""40:27:0b:02:a2:b8"",""s"":""U+zone"",""r"":-39,""f"":5785},{""b"":""02:17:b2:0b:47:88"",""s"":""T wifi zone"",""r"":-42,""f"":2472},{""b"":""02:17:b2:0b:47:8a"",""s"":""T wifi zone_secure"",""r"":-42,""f"":2472},{""b"":""22:17:b2:0b:47:8a"",""s"":""T wifi zone_secure"",""r"":-44,""f"":5280},{""b"":""22:17:b2:0b:47:88"",""s"":""T wifi zone"",""r"":-44,""f"":5280},{""b"":""30:78:c2:00:0a:b5"",""s"":""KT WiFi"",""r"":-53,""f"":2412},{""b"":""36:78:c2:00:0a:b5"",""s"":""KT WiFi "",""r"":-55,""f"":2412},{""b"":""36:78:c2:00:0a:b4"",""s"":""KT WiFi "",""r"":-59,""f"":5240},{""b"":""30:78:c2:00:0a:b4"",""s"":""KT WiFi"",""r"":-59,""f"":5240},{""b"":""40:27:0b:02:a2:c7"",""s"":""U+zone"",""r"":-67,""f"":5620},{""b"":""22:17:b2:0b:7d:b6"",""s"":""T wifi zone"",""r"":-69,""f"":5200},{""b"":""22:17:b2:0b:7d:b8"",""s"":""T wifi zone_secure"",""r"":-69,""f"":5200},{""b"":""36:78:c2:00:07:d5"",""s"":""KT WiFi "",""r"":-74,""f"":5640},{""b"":""30:78:c2:00:07:d5"",""s"":""KT WiFi"",""r"":-75,""f"":5640}]",""
1789876513401,2026-09-20 12:55:13,unknown,37.5662874,126.9962439,100.0,,,45.39417265600137,fused,13,LTE,NR_NSA,5G,true,false,true,false,false,51225356,474,100,1,8323,450,06,-71,-10,-51,13,4,0,,,,1046,4536,0.0084,0.0363,1026,4516,0.0082,0.0361,false,8,0,8,-70,469,3050,0.12349476,false,false,periodic,8,2,11,2,1878,,,,"[{""type"":""LTE"",""pci"":469,""earfcn"":3050,""tac"":null,""rsrp"":-70,""rsrq"":-20,""rssi"":-51,""snr"":null,""ta"":0,""level"":4,""bands"":""7""},{""type"":""LTE"",""pci"":474,""earfcn"":2600,""tac"":null,""rsrp"":-73,""rsrq"":-8,""rssi"":-55,""snr"":null,""ta"":0,""level"":4,""bands"":""5""},{""type"":""LTE"",""pci"":474,""earfcn"":3050,""tac"":null,""rsrp"":-77,""rsrq"":-12,""rssi"":-53,""snr"":null,""ta"":0,""level"":4,""bands"":""7""},{""type"":""LTE"",""pci"":469,""earfcn"":100,""tac"":null,""rsrp"":-78,""rsrq"":-19,""rssi"":-51,""snr"":null,""ta"":0,""level"":4,""bands"":""1""},{""type"":""LTE"",""pci"":467,""earfcn"":100,""tac"":null,""rsrp"":-79,""rsrq"":-19,""rssi"":-51,""snr"":null,""ta"":0,""level"":4,""bands"":""1""},{""type"":""LTE"",""pci"":480,""earfcn"":2600,""tac"":null,""rsrp"":-81,""rsrq"":-15,""rssi"":-55,""snr"":null,""ta"":0,""level"":4,""bands"":""5""},{""type"":""LTE"",""pci"":467,""earfcn"":2600,""tac"":null,""rsrp"":-90,""rsrq"":-20,""rssi"":-55,""snr"":null,""ta"":0,""level"":3,""bands"":""5""},{""type"":""LTE"",""pci"":467,""earfcn"":3050,""tac"":null,""rsrp"":-102,""rsrq"":-20,""rssi"":-57,""snr"":null,""ta"":0,""level"":2,""bands"":""7""}]",1011.6124,35,,20,6,,,,"[{""b"":""40:27:0b:02:a2:b7"",""s"":""U+zone_2.4GHz"",""r"":-34,""f"":2432},{""b"":""40:27:0b:02:a2:b8"",""s"":""U+zone"",""r"":-39,""f"":5785},{""b"":""02:17:b2:0b:47:88"",""s"":""T wifi zone"",""r"":-42,""f"":2472},{""b"":""02:17:b2:0b:47:8a"",""s"":""T wifi zone_secure"",""r"":-42,""f"":2472},{""b"":""22:17:b2:0b:47:8a"",""s"":""T wifi zone_secure"",""r"":-44,""f"":5280},{""b"":""22:17:b2:0b:47:88"",""s"":""T wifi zone"",""r"":-44,""f"":5280},{""b"":""30:78:c2:00:0a:b5"",""s"":""KT WiFi"",""r"":-53,""f"":2412},{""b"":""36:78:c2:00:0a:b5"",""s"":""KT WiFi "",""r"":-55,""f"":2412},{""b"":""36:78:c2:00:0a:b4"",""s"":""KT WiFi "",""r"":-59,""f"":5240},{""b"":""30:78:c2:00:0a:b4"",""s"":""KT WiFi"",""r"":-59,""f"":5240},{""b"":""40:27:0b:02:a2:c7"",""s"":""U+zone"",""r"":-67,""f"":5620},{""b"":""22:17:b2:0b:7d:b6"",""s"":""T wifi zone"",""r"":-69,""f"":5200},{""b"":""22:17:b2:0b:7d:b8"",""s"":""T wifi zone_secure"",""r"":-69,""f"":5200},{""b"":""36:78:c2:00:07:d5"",""s"":""KT WiFi "",""r"":-74,""f"":5640},{""b"":""30:78:c2:00:07:d5"",""s"":""KT WiFi"",""r"":-75,""f"":5640}]",""
1789876516535,2026-09-20 12:55:16,unknown,37.5662874,126.9962439,100.0,,,45.39417265600137,fused,16,LTE,NR_NSA,5G,true,false,true,false,false,51225101,469,100,1,8323,450,06,-55,-6,-51,15,4,0,,,,1303,16530,0.0104,0.1322,1271,16498,0.0102,0.1320,false,5,0,5,-60,469,2600,0.1698362,true,false,handover,0,3,,,5,51225356,-71,-10,"[{""type"":""LTE"",""pci"":469,""earfcn"":2600,""tac"":null,""rsrp"":-60,""rsrq"":-11,""rssi"":-51,""snr"":null,""ta"":0,""level"":4,""bands"":""5""},{""type"":""LTE"",""pci"":469,""earfcn"":3050,""tac"":null,""rsrp"":-70,""rsrq"":-9,""rssi"":-51,""snr"":null,""ta"":0,""level"":4,""bands"":""7""},{""type"":""LTE"",""pci"":474,""earfcn"":100,""tac"":null,""rsrp"":-74,""rsrq"":-18,""rssi"":-51,""snr"":null,""ta"":0,""level"":4,""bands"":""1""},{""type"":""LTE"",""pci"":474,""earfcn"":3050,""tac"":null,""rsrp"":-81,""rsrq"":-13,""rssi"":-57,""snr"":null,""ta"":0,""level"":4,""bands"":""7""},{""type"":""LTE"",""pci"":467,""earfcn"":3050,""tac"":null,""rsrp"":-102,""rsrq"":-20,""rssi"":-57,""snr"":null,""ta"":0,""level"":2,""bands"":""7""}]",1012.0763,35,,23,3,,,,"[{""b"":""40:27:0b:02:a2:b7"",""s"":""U+zone_2.4GHz"",""r"":-36,""f"":2432},{""b"":""40:27:0b:02:a2:b8"",""s"":""U+zone"",""r"":-38,""f"":5785},{""b"":""22:17:b2:0b:47:8a"",""s"":""T wifi zone_secure"",""r"":-43,""f"":5280},{""b"":""22:17:b2:0b:47:88"",""s"":""T wifi zone"",""r"":-43,""f"":5280},{""b"":""02:17:b2:0b:47:8a"",""s"":""T wifi zone_secure"",""r"":-46,""f"":2472},{""b"":""02:17:b2:0b:47:88"",""s"":""T wifi zone"",""r"":-47,""f"":2472},{""b"":""36:78:c2:00:0a:b5"",""s"":""KT WiFi "",""r"":-51,""f"":2412},{""b"":""30:78:c2:00:0a:b5"",""s"":""KT WiFi"",""r"":-52,""f"":2412},{""b"":""36:78:c2:00:0a:b4"",""s"":""KT WiFi "",""r"":-56,""f"":5240},{""b"":""30:78:c2:00:0a:b4"",""s"":""KT WiFi"",""r"":-56,""f"":5240},{""b"":""02:17:b2:0b:7d:b6"",""s"":""T wifi zone"",""r"":-62,""f"":2452},{""b"":""b2:0b:b0:0d:aa:e2"",""s"":""Galaxy S21 Ultra 5G1538"",""r"":-65,""f"":2437},{""b"":""40:27:0b:02:a2:c7"",""s"":""U+zone"",""r"":-67,""f"":5620},{""b"":""36:78:c2:00:07:d6"",""s"":""KT WiFi "",""r"":-69,""f"":2432},{""b"":""22:17:b2:0b:7d:b6"",""s"":""T wifi zone"",""r"":-72,""f"":5200}]","[{""type"":""LTE"",""pci"":469,""earfcn"":3050,""tac"":null,""rsrp"":-70,""rsrq"":-20,""rssi"":-51,""snr"":null,""ta"":0,""level"":4,""bands"":""7""},{""type"":""LTE"",""pci"":474,""earfcn"":2600,""tac"":null,""rsrp"":-73,""rsrq"":-8,""rssi"":-55,""snr"":null,""ta"":0,""level"":4,""bands"":""5""},{""type"":""LTE"",""pci"":474,""earfcn"":3050,""tac"":null,""rsrp"":-77,""rsrq"":-12,""rssi"":-53,""snr"":null,""ta"":0,""level"":4,""bands"":""7""},{""type"":""LTE"",""pci"":469,""earfcn"":100,""tac"":null,""rsrp"":-78,""rsrq"":-19,""rssi"":-51,""snr"":null,""ta"":0,""level"":4,""bands"":""1""},{""type"":""LTE"",""pci"":467,""earfcn"":100,""tac"":null,""rsrp"":-79,""rsrq"":-19,""rssi"":-51,""snr"":null,""ta"":0,""level"":4,""bands"":""1""},{""type"":""LTE"",""pci"":480,""earfcn"":2600,""tac"":null,""rsrp"":-81,""rsrq"":-15,""rssi"":-55,""snr"":null,""ta"":0,""level"":4,""bands"":""5""},{""type"":""LTE"",""pci"":467,""earfcn"":2600,""tac"":null,""rsrp"":-90,""rsrq"":-20,""rssi"":-55,""snr"":null,""ta"":0,""level"":3,""bands"":""5""},{""type"":""LTE"",""pci"":467,""earfcn"":3050,""tac"":null,""rsrp"":-102,""rsrq"":-20,""rssi"":-57,""snr"":null,""ta"":0,""level"":2,""bands"":""7""}]"
1789876518427,2026-09-20 12:55:18,unknown,37.5662874,126.9962439,100.0,,,45.39417265600137,fused,18,LTE,NR_NSA,5G,true,false,true,false,false,51225101,469,100,1,8323,450,06,-55,-6,-51,15,4,0,,,,353,402,0.0028,0.0032,353,402,0.0028,0.0032,false,5,0,5,-60,469,2600,0.06334755,false,false,periodic,1,3,0,0,1897,,,,"[{""type"":""LTE"",""pci"":469,""earfcn"":2600,""tac"":null,""rsrp"":-60,""rsrq"":-11,""rssi"":-51,""snr"":null,""ta"":0,""level"":4,""bands"":""5""},{""type"":""LTE"",""pci"":469,""earfcn"":3050,""tac"":null,""rsrp"":-70,""rsrq"":-9,""rssi"":-51,""snr"":null,""ta"":0,""level"":4,""bands"":""7""},{""type"":""LTE"",""pci"":474,""earfcn"":100,""tac"":null,""rsrp"":-74,""rsrq"":-18,""rssi"":-51,""snr"":null,""ta"":0,""level"":4,""bands"":""1""},{""type"":""LTE"",""pci"":474,""earfcn"":3050,""tac"":null,""rsrp"":-81,""rsrq"":-13,""rssi"":-57,""snr"":null,""ta"":0,""level"":4,""bands"":""7""},{""type"":""LTE"",""pci"":467,""earfcn"":3050,""tac"":null,""rsrp"":-102,""rsrq"":-20,""rssi"":-57,""snr"":null,""ta"":0,""level"":2,""bands"":""7""}]",1012.2465,14,,23,5,,,,"[{""b"":""40:27:0b:02:a2:b7"",""s"":""U+zone_2.4GHz"",""r"":-36,""f"":2432},{""b"":""40:27:0b:02:a2:b8"",""s"":""U+zone"",""r"":-38,""f"":5785},{""b"":""22:17:b2:0b:47:8a"",""s"":""T wifi zone_secure"",""r"":-43,""f"":5280},{""b"":""22:17:b2:0b:47:88"",""s"":""T wifi zone"",""r"":-43,""f"":5280},{""b"":""02:17:b2:0b:47:8a"",""s"":""T wifi zone_secure"",""r"":-46,""f"":2472},{""b"":""02:17:b2:0b:47:88"",""s"":""T wifi zone"",""r"":-47,""f"":2472},{""b"":""36:78:c2:00:0a:b5"",""s"":""KT WiFi "",""r"":-51,""f"":2412},{""b"":""30:78:c2:00:0a:b5"",""s"":""KT WiFi"",""r"":-52,""f"":2412},{""b"":""36:78:c2:00:0a:b4"",""s"":""KT WiFi "",""r"":-56,""f"":5240},{""b"":""30:78:c2:00:0a:b4"",""s"":""KT WiFi"",""r"":-56,""f"":5240},{""b"":""02:17:b2:0b:7d:b6"",""s"":""T wifi zone"",""r"":-62,""f"":2452},{""b"":""b2:0b:b0:0d:aa:e2"",""s"":""Galaxy S21 Ultra 5G1538"",""r"":-65,""f"":2437},{""b"":""40:27:0b:02:a2:c7"",""s"":""U+zone"",""r"":-67,""f"":5620},{""b"":""36:78:c2:00:07:d6"",""s"":""KT WiFi "",""r"":-69,""f"":2432},{""b"":""22:17:b2:0b:7d:b6"",""s"":""T wifi zone"",""r"":-72,""f"":5200}]",""
1789876523461,2026-09-20 12:55:23,unknown,37.5662874,126.9962439,100.0,,,45.39417265600137,fused,23,LTE,NR_NSA,5G,true,false,true,false,false,51225101,469,100,1,8323,450,06,-73,-9,-51,15,4,0,,,,1483,971,0.0119,0.0078,1443,931,0.0115,0.0074,false,6,0,6,-75,469,3050,0.20010114,false,false,periodic,6,2,-18,0,1941,,,,"[{""type"":""LTE"",""pci"":469,""earfcn"":3050,""tac"":null,""rsrp"":-75,""rsrq"":-12,""rssi"":-51,""snr"":null,""ta"":0,""level"":4,""bands"":""7""},{""type"":""LTE"",""pci"":474,""earfcn"":100,""tac"":null,""rsrp"":-81,""rsrq"":-18,""rssi"":-53,""snr"":null,""ta"":0,""level"":4,""bands"":""1""},{""type"":""LTE"",""pci"":469,""earfcn"":2600,""tac"":null,""rsrp"":-82,""rsrq"":-8,""rssi"":-65,""snr"":null,""ta"":0,""level"":4,""bands"":""5""},{""type"":""LTE"",""pci"":471,""earfcn"":100,""tac"":null,""rsrp"":-86,""rsrq"":-19,""rssi"":-53,""snr"":null,""ta"":0,""level"":3,""bands"":""1""},{""type"":""LTE"",""pci"":471,""earfcn"":2600,""tac"":null,""rsrp"":-86,""rsrq"":-13,""rssi"":-65,""snr"":null,""ta"":0,""level"":3,""bands"":""5""},{""type"":""LTE"",""pci"":474,""earfcn"":3050,""tac"":null,""rsrp"":-93,""rsrq"":-20,""rssi"":-61,""snr"":null,""ta"":0,""level"":3,""bands"":""7""}]",1012.67596,22,,23,10,,,,"[{""b"":""40:27:0b:02:a2:b7"",""s"":""U+zone_2.4GHz"",""r"":-36,""f"":2432},{""b"":""40:27:0b:02:a2:b8"",""s"":""U+zone"",""r"":-38,""f"":5785},{""b"":""22:17:b2:0b:47:8a"",""s"":""T wifi zone_secure"",""r"":-43,""f"":5280},{""b"":""22:17:b2:0b:47:88"",""s"":""T wifi zone"",""r"":-43,""f"":5280},{""b"":""02:17:b2:0b:47:8a"",""s"":""T wifi zone_secure"",""r"":-46,""f"":2472},{""b"":""02:17:b2:0b:47:88"",""s"":""T wifi zone"",""r"":-47,""f"":2472},{""b"":""36:78:c2:00:0a:b5"",""s"":""KT WiFi "",""r"":-51,""f"":2412},{""b"":""30:78:c2:00:0a:b5"",""s"":""KT WiFi"",""r"":-52,""f"":2412},{""b"":""36:78:c2:00:0a:b4"",""s"":""KT WiFi "",""r"":-56,""f"":5240},{""b"":""30:78:c2:00:0a:b4"",""s"":""KT WiFi"",""r"":-56,""f"":5240},{""b"":""02:17:b2:0b:7d:b6"",""s"":""T wifi zone"",""r"":-62,""f"":2452},{""b"":""b2:0b:b0:0d:aa:e2"",""s"":""Galaxy S21 Ultra 5G1538"",""r"":-65,""f"":2437},{""b"":""40:27:0b:02:a2:c7"",""s"":""U+zone"",""r"":-67,""f"":5620},{""b"":""36:78:c2:00:07:d6"",""s"":""KT WiFi "",""r"":-69,""f"":2432},{""b"":""22:17:b2:0b:7d:b6"",""s"":""T wifi zone"",""r"":-72,""f"":5200}]",""
1789876524907,2026-09-20 12:55:24,unknown,37.5662874,126.9962439,100.0,,,45.39417265600137,fused,25,LTE,NR_NSA,5G,true,false,true,false,false,51225103,471,100,1,8323,450,06,-69,-10,-51,12,4,0,,,,9386,29920,0.0751,0.2394,9386,29920,0.0751,0.2394,false,7,0,7,-73,471,3050,2.5311368,true,false,handover,0,3,,,2,51225101,-73,-9,"[{""type"":""LTE"",""pci"":471,""earfcn"":3050,""tac"":null,""rsrp"":-73,""rsrq"":-12,""rssi"":-55,""snr"":null,""ta"":0,""level"":4,""bands"":""7""},{""type"":""LTE"",""pci"":471,""earfcn"":2600,""tac"":null,""rsrp"":-74,""rsrq"":-11,""rssi"":-57,""snr"":null,""ta"":0,""level"":4,""bands"":""5""},{""type"":""LTE"",""pci"":469,""earfcn"":3050,""tac"":null,""rsrp"":-79,""rsrq"":-13,""rssi"":-55,""snr"":null,""ta"":0,""level"":4,""bands"":""7""},{""type"":""LTE"",""pci"":474,""earfcn"":3050,""tac"":null,""rsrp"":-79,""rsrq"":-16,""rssi"":-55,""snr"":null,""ta"":0,""level"":4,""bands"":""7""},{""type"":""LTE"",""pci"":469,""earfcn"":100,""tac"":null,""rsrp"":-80,""rsrq"":-13,""rssi"":-51,""snr"":null,""ta"":0,""level"":4,""bands"":""1""},{""type"":""LTE"",""pci"":469,""earfcn"":2600,""tac"":null,""rsrp"":-85,""rsrq"":-15,""rssi"":-57,""snr"":null,""ta"":0,""level"":4,""bands"":""5""},{""type"":""LTE"",""pci"":462,""earfcn"":2600,""tac"":null,""rsrp"":-85,""rsrq"":-17,""rssi"":-57,""snr"":null,""ta"":0,""level"":4,""bands"":""5""}]",1012.656,22,,20,1,,,,"[{""b"":""40:27:0b:02:a2:b8"",""s"":""U+zone"",""r"":-36,""f"":5785},{""b"":""40:27:0b:02:a2:b7"",""s"":""U+zone_2.4GHz"",""r"":-36,""f"":2432},{""b"":""02:17:b2:0b:47:88"",""s"":""T wifi zone"",""r"":-43,""f"":2472},{""b"":""02:17:b2:0b:47:8a"",""s"":""T wifi zone_secure"",""r"":-44,""f"":2472},{""b"":""22:17:b2:0b:47:8a"",""s"":""T wifi zone_secure"",""r"":-45,""f"":5280},{""b"":""22:17:b2:0b:47:88"",""s"":""T wifi zone"",""r"":-45,""f"":5280},{""b"":""30:78:c2:00:0a:b4"",""s"":""KT WiFi"",""r"":-53,""f"":5240},{""b"":""36:78:c2:00:0a:b5"",""s"":""KT WiFi "",""r"":-55,""f"":2412},{""b"":""36:78:c2:00:0a:b4"",""s"":""KT WiFi "",""r"":-55,""f"":5240},{""b"":""30:78:c2:00:0a:b5"",""s"":""KT WiFi"",""r"":-55,""f"":2412},{""b"":""02:17:b2:0b:7d:b8"",""s"":""T wifi zone_secure"",""r"":-64,""f"":2452},{""b"":""02:17:b2:0b:7d:b6"",""s"":""T wifi zone"",""r"":-65,""f"":2452},{""b"":""40:27:0b:02:a2:c7"",""s"":""U+zone"",""r"":-68,""f"":5620},{""b"":""22:17:b2:0b:7d:b6"",""s"":""T wifi zone"",""r"":-72,""f"":5200},{""b"":""22:17:b2:0b:7d:b8"",""s"":""T wifi zone_secure"",""r"":-72,""f"":5200}]","[{""type"":""LTE"",""pci"":469,""earfcn"":3050,""tac"":null,""rsrp"":-75,""rsrq"":-12,""rssi"":-51,""snr"":null,""ta"":0,""level"":4,""bands"":""7""},{""type"":""LTE"",""pci"":474,""earfcn"":100,""tac"":null,""rsrp"":-81,""rsrq"":-18,""rssi"":-53,""snr"":null,""ta"":0,""level"":4,""bands"":""1""},{""type"":""LTE"",""pci"":469,""earfcn"":2600,""tac"":null,""rsrp"":-82,""rsrq"":-8,""rssi"":-65,""snr"":null,""ta"":0,""level"":4,""bands"":""5""},{""type"":""LTE"",""pci"":471,""earfcn"":100,""tac"":null,""rsrp"":-86,""rsrq"":-19,""rssi"":-53,""snr"":null,""ta"":0,""level"":3,""bands"":""1""},{""type"":""LTE"",""pci"":471,""earfcn"":2600,""tac"":null,""rsrp"":-86,""rsrq"":-13,""rssi"":-65,""snr"":null,""ta"":0,""level"":3,""bands"":""5""},{""type"":""LTE"",""pci"":474,""earfcn"":3050,""tac"":null,""rsrp"":-93,""rsrq"":-20,""rssi"":-61,""snr"":null,""ta"":0,""level"":3,""bands"":""7""}]"
1789876528491,2026-09-20 12:55:28,unknown,37.5662874,126.9962439,100.0,,,45.39417265600137,fused,28,LTE,NR_NSA,5G,true,false,true,false,false,51225103,471,100,1,8323,450,06,-59,-8,-51,13,4,0,,,,4397,7744,0.0352,0.0620,4369,7716,0.0350,0.0617,false,7,0,7,-58,471,2600,7.6824584,false,false,periodic,3,3,10,1,156,,,,"[{""type"":""LTE"",""pci"":471,""earfcn"":2600,""tac"":null,""rsrp"":-58,""rsrq"":-11,""rssi"":-51,""snr"":null,""ta"":0,""level"":4,""bands"":""5""},{""type"":""LTE"",""pci"":471,""earfcn"":3050,""tac"":null,""rsrp"":-75,""rsrq"":-9,""rssi"":-55,""snr"":null,""ta"":0,""level"":4,""bands"":""7""},{""type"":""LTE"",""pci"":469,""earfcn"":2600,""tac"":null,""rsrp"":-78,""rsrq"":-20,""rssi"":-51,""snr"":null,""ta"":0,""level"":4,""bands"":""5""},{""type"":""LTE"",""pci"":469,""earfcn"":3050,""tac"":null,""rsrp"":-84,""rsrq"":-16,""rssi"":-55,""snr"":null,""ta"":0,""level"":4,""bands"":""7""},{""type"":""LTE"",""pci"":462,""earfcn"":2600,""tac"":null,""rsrp"":-85,""rsrq"":-17,""rssi"":-57,""snr"":null,""ta"":0,""level"":4,""bands"":""5""},{""type"":""LTE"",""pci"":469,""earfcn"":100,""tac"":null,""rsrp"":-86,""rsrq"":-18,""rssi"":-57,""snr"":null,""ta"":0,""level"":3,""bands"":""1""},{""type"":""LTE"",""pci"":474,""earfcn"":3050,""tac"":null,""rsrp"":-89,""rsrq"":-15,""rssi"":-63,""snr"":null,""ta"":0,""level"":3,""bands"":""7""}]",1012.9329,20,,20,5,,,,"[{""b"":""40:27:0b:02:a2:b8"",""s"":""U+zone"",""r"":-36,""f"":5785},{""b"":""40:27:0b:02:a2:b7"",""s"":""U+zone_2.4GHz"",""r"":-36,""f"":2432},{""b"":""02:17:b2:0b:47:88"",""s"":""T wifi zone"",""r"":-43,""f"":2472},{""b"":""02:17:b2:0b:47:8a"",""s"":""T wifi zone_secure"",""r"":-44,""f"":2472},{""b"":""22:17:b2:0b:47:8a"",""s"":""T wifi zone_secure"",""r"":-45,""f"":5280},{""b"":""22:17:b2:0b:47:88"",""s"":""T wifi zone"",""r"":-45,""f"":5280},{""b"":""30:78:c2:00:0a:b4"",""s"":""KT WiFi"",""r"":-53,""f"":5240},{""b"":""36:78:c2:00:0a:b5"",""s"":""KT WiFi "",""r"":-55,""f"":2412},{""b"":""36:78:c2:00:0a:b4"",""s"":""KT WiFi "",""r"":-55,""f"":5240},{""b"":""30:78:c2:00:0a:b5"",""s"":""KT WiFi"",""r"":-55,""f"":2412},{""b"":""02:17:b2:0b:7d:b8"",""s"":""T wifi zone_secure"",""r"":-64,""f"":2452},{""b"":""02:17:b2:0b:7d:b6"",""s"":""T wifi zone"",""r"":-65,""f"":2452},{""b"":""40:27:0b:02:a2:c7"",""s"":""U+zone"",""r"":-68,""f"":5620},{""b"":""22:17:b2:0b:7d:b6"",""s"":""T wifi zone"",""r"":-72,""f"":5200},{""b"":""22:17:b2:0b:7d:b8"",""s"":""T wifi zone_secure"",""r"":-72,""f"":5200}]",""
1789876533509,2026-09-20 12:55:33,unknown,37.5663058,126.9915277,66.064,,,43.90391340387863,fused,5,LTE,NR_NSA,5G,true,false,true,false,false,51225103,471,100,1,8323,450,06,-59,-8,-51,13,4,0,,,,3310,292,0.0265,0.0023,3290,272,0.0263,0.0022,false,7,0,7,-58,471,2600,0.4815919,false,false,periodic,8,3,0,0,5178,,,,"[{""type"":""LTE"",""pci"":471,""earfcn"":2600,""tac"":null,""rsrp"":-58,""rsrq"":-11,""rssi"":-51,""snr"":null,""ta"":0,""level"":4,""bands"":""5""},{""type"":""LTE"",""pci"":471,""earfcn"":3050,""tac"":null,""rsrp"":-75,""rsrq"":-9,""rssi"":-55,""snr"":null,""ta"":0,""level"":4,""bands"":""7""},{""type"":""LTE"",""pci"":469,""earfcn"":2600,""tac"":null,""rsrp"":-78,""rsrq"":-20,""rssi"":-51,""snr"":null,""ta"":0,""level"":4,""bands"":""5""},{""type"":""LTE"",""pci"":469,""earfcn"":3050,""tac"":null,""rsrp"":-84,""rsrq"":-16,""rssi"":-55,""snr"":null,""ta"":0,""level"":4,""bands"":""7""},{""type"":""LTE"",""pci"":462,""earfcn"":2600,""tac"":null,""rsrp"":-85,""rsrq"":-17,""rssi"":-57,""snr"":null,""ta"":0,""level"":4,""bands"":""5""},{""type"":""LTE"",""pci"":469,""earfcn"":100,""tac"":null,""rsrp"":-86,""rsrq"":-18,""rssi"":-57,""snr"":null,""ta"":0,""level"":3,""bands"":""1""},{""type"":""LTE"",""pci"":474,""earfcn"":3050,""tac"":null,""rsrp"":-89,""rsrq"":-15,""rssi"":-63,""snr"":null,""ta"":0,""level"":3,""bands"":""7""}]",1012.9512,11,,33,3,,,,"[{""b"":""40:27:0b:02:a2:b7"",""s"":""U+zone_2.4GHz"",""r"":-37,""f"":2432},{""b"":""40:27:0b:02:a2:b8"",""s"":""U+zone"",""r"":-42,""f"":5785},{""b"":""02:17:b2:0b:47:8a"",""s"":""T wifi zone_secure"",""r"":-42,""f"":2472},{""b"":""30:78:c2:00:0a:b4"",""s"":""KT WiFi"",""r"":-43,""f"":5240},{""b"":""02:17:b2:0b:47:88"",""s"":""T wifi zone"",""r"":-44,""f"":2472},{""b"":""36:78:c2:00:0a:b4"",""s"":""KT WiFi "",""r"":-45,""f"":5240},{""b"":""36:78:c2:00:0a:b5"",""s"":""KT WiFi "",""r"":-48,""f"":2412},{""b"":""22:17:b2:0b:47:8a"",""s"":""T wifi zone_secure"",""r"":-48,""f"":5280},{""b"":""22:17:b2:0b:47:88"",""s"":""T wifi zone"",""r"":-48,""f"":5280},{""b"":""30:78:c2:00:0a:b5"",""s"":""KT WiFi"",""r"":-48,""f"":2412},{""b"":""40:27:0b:02:a2:c7"",""s"":""U+zone"",""r"":-67,""f"":5620},{""b"":""22:17:b2:0b:7d:b6"",""s"":""T wifi zone"",""r"":-71,""f"":5200},{""b"":""22:17:b2:0b:7d:b8"",""s"":""T wifi zone_secure"",""r"":-72,""f"":5200},{""b"":""30:78:c2:00:07:d5"",""s"":""KT WiFi"",""r"":-76,""f"":5640},{""b"":""36:78:c2:00:07:d5"",""s"":""KT WiFi "",""r"":-76,""f"":5640}]",""
1789876538401,2026-09-20 12:55:38,unknown,37.5663224,126.9915746,50.466,,,42.809183019462104,fused,5,LTE,NR_NSA,5G,true,false,true,false,false,51225103,471,100,1,8323,450,06,-67,-8,-51,25,4,0,,,,431623,1050,3.4530,0.0084,431603,1029,3.4528,0.0082,false,7,0,7,-67,469,2600,4.163026,false,false,anchor,13,2,-8,12,4863,,,,"[{""type"":""LTE"",""pci"":469,""earfcn"":2600,""tac"":null,""rsrp"":-67,""rsrq"":-17,""rssi"":-51,""snr"":null,""ta"":0,""level"":4,""bands"":""5""},{""type"":""LTE"",""pci"":471,""earfcn"":2600,""tac"":null,""rsrp"":-69,""rsrq"":-11,""rssi"":-51,""snr"":null,""ta"":0,""level"":4,""bands"":""5""},{""type"":""LTE"",""pci"":471,""earfcn"":3050,""tac"":null,""rsrp"":-71,""rsrq"":-8,""rssi"":-55,""snr"":null,""ta"":0,""level"":4,""bands"":""7""},{""type"":""LTE"",""pci"":474,""earfcn"":3050,""tac"":null,""rsrp"":-77,""rsrq"":-16,""rssi"":-55,""snr"":null,""ta"":0,""level"":4,""bands"":""7""},{""type"":""LTE"",""pci"":469,""earfcn"":100,""tac"":null,""rsrp"":-78,""rsrq"":-17,""rssi"":-51,""snr"":null,""ta"":0,""level"":4,""bands"":""1""},{""type"":""LTE"",""pci"":462,""earfcn"":2600,""tac"":null,""rsrp"":-80,""rsrq"":-20,""rssi"":-51,""snr"":null,""ta"":0,""level"":4,""bands"":""5""},{""type"":""LTE"",""pci"":469,""earfcn"":3050,""tac"":null,""rsrp"":-87,""rsrq"":-18,""rssi"":-55,""snr"":null,""ta"":0,""level"":3,""bands"":""7""}]",1012.9731,11,116.234,35,1,을지로3가역,,,"[{""b"":""40:27:0b:02:a2:b7"",""s"":""U+zone_2.4GHz"",""r"":-38,""f"":2432},{""b"":""40:27:0b:02:a2:b8"",""s"":""U+zone"",""r"":-42,""f"":5785},{""b"":""02:17:b2:0b:47:88"",""s"":""T wifi zone"",""r"":-44,""f"":2472},{""b"":""02:17:b2:0b:47:8a"",""s"":""T wifi zone_secure"",""r"":-48,""f"":2472},{""b"":""22:17:b2:0b:47:8a"",""s"":""T wifi zone_secure"",""r"":-49,""f"":5280},{""b"":""22:17:b2:0b:47:88"",""s"":""T wifi zone"",""r"":-49,""f"":5280},{""b"":""36:78:c2:00:0a:b4"",""s"":""KT WiFi "",""r"":-57,""f"":5240},{""b"":""30:78:c2:00:0a:b4"",""s"":""KT WiFi"",""r"":-58,""f"":5240},{""b"":""30:78:c2:00:07:d6"",""s"":""KT WiFi"",""r"":-69,""f"":2432},{""b"":""40:27:0b:02:a2:c7"",""s"":""U+zone"",""r"":-73,""f"":5620},{""b"":""0a:29:d5:33:85:83"",""s"":""Public WiFi Secure"",""r"":-75,""f"":5785},{""b"":""0a:29:d5:33:85:81"",""s"":""U+zone"",""r"":-75,""f"":5785},{""b"":""0a:29:d5:33:85:82"",""s"":""FREE_U+zone"",""r"":-76,""f"":5785},{""b"":""0a:29:d5:33:85:80"",""s"":""Public WiFi Free"",""r"":-76,""f"":5785},{""b"":""0a:29:d5:33:85:c3"",""s"":""Public WiFi Secure"",""r"":-79,""f"":5220}]",""
1789876538538,2026-09-20 12:55:38,unknown,37.5663224,126.9915746,50.466,,,42.809183019462104,fused,5,LTE,NR_NSA,5G,true,false,true,false,false,51225103,471,100,1,8323,450,06,-67,-8,-51,25,4,0,,,,0,0,0.0000,0.0000,0,0,0.0000,0.0000,false,7,0,7,-67,469,2600,4.233125,false,false,periodic,13,2,0,0,4998,,,,"[{""type"":""LTE"",""pci"":469,""earfcn"":2600,""tac"":null,""rsrp"":-67,""rsrq"":-17,""rssi"":-51,""snr"":null,""ta"":0,""level"":4,""bands"":""5""},{""type"":""LTE"",""pci"":471,""earfcn"":2600,""tac"":null,""rsrp"":-69,""rsrq"":-11,""rssi"":-51,""snr"":null,""ta"":0,""level"":4,""bands"":""5""},{""type"":""LTE"",""pci"":471,""earfcn"":3050,""tac"":null,""rsrp"":-71,""rsrq"":-8,""rssi"":-55,""snr"":null,""ta"":0,""level"":4,""bands"":""7""},{""type"":""LTE"",""pci"":474,""earfcn"":3050,""tac"":null,""rsrp"":-77,""rsrq"":-16,""rssi"":-55,""snr"":null,""ta"":0,""level"":4,""bands"":""7""},{""type"":""LTE"",""pci"":469,""earfcn"":100,""tac"":null,""rsrp"":-78,""rsrq"":-17,""rssi"":-51,""snr"":null,""ta"":0,""level"":4,""bands"":""1""},{""type"":""LTE"",""pci"":462,""earfcn"":2600,""tac"":null,""rsrp"":-80,""rsrq"":-20,""rssi"":-51,""snr"":null,""ta"":0,""level"":4,""bands"":""5""},{""type"":""LTE"",""pci"":469,""earfcn"":3050,""tac"":null,""rsrp"":-87,""rsrq"":-18,""rssi"":-55,""snr"":null,""ta"":0,""level"":3,""bands"":""7""}]",1012.97687,11,,35,1,,,,"[{""b"":""40:27:0b:02:a2:b7"",""s"":""U+zone_2.4GHz"",""r"":-38,""f"":2432},{""b"":""40:27:0b:02:a2:b8"",""s"":""U+zone"",""r"":-42,""f"":5785},{""b"":""02:17:b2:0b:47:88"",""s"":""T wifi zone"",""r"":-44,""f"":2472},{""b"":""02:17:b2:0b:47:8a"",""s"":""T wifi zone_secure"",""r"":-48,""f"":2472},{""b"":""22:17:b2:0b:47:8a"",""s"":""T wifi zone_secure"",""r"":-49,""f"":5280},{""b"":""22:17:b2:0b:47:88"",""s"":""T wifi zone"",""r"":-49,""f"":5280},{""b"":""36:78:c2:00:0a:b4"",""s"":""KT WiFi "",""r"":-57,""f"":5240},{""b"":""30:78:c2:00:0a:b4"",""s"":""KT WiFi"",""r"":-58,""f"":5240},{""b"":""30:78:c2:00:07:d6"",""s"":""KT WiFi"",""r"":-69,""f"":2432},{""b"":""40:27:0b:02:a2:c7"",""s"":""U+zone"",""r"":-73,""f"":5620},{""b"":""0a:29:d5:33:85:83"",""s"":""Public WiFi Secure"",""r"":-75,""f"":5785},{""b"":""0a:29:d5:33:85:81"",""s"":""U+zone"",""r"":-75,""f"":5785},{""b"":""0a:29:d5:33:85:82"",""s"":""FREE_U+zone"",""r"":-76,""f"":5785},{""b"":""0a:29:d5:33:85:80"",""s"":""Public WiFi Free"",""r"":-76,""f"":5785},{""b"":""0a:29:d5:33:85:c3"",""s"":""Public WiFi Secure"",""r"":-79,""f"":5220}]",""
1789876543550,2026-09-20 12:55:43,unknown,37.5663128,126.9915066,37.722,,,42.63408053313822,fused,7,LTE,NR_NSA,5G,true,false,true,false,false,51225103,471,100,1,8323,450,06,-77,-10,-51,19,4,0,,,,1406,615,0.0112,0.0049,1386,595,0.0111,0.0048,false,6,0,6,-74,232,2600,10.062554,false,false,periodic,18,2,-10,-6,5001,,,,"[{""type"":""LTE"",""pci"":232,""earfcn"":2600,""tac"":null,""rsrp"":-74,""rsrq"":-20,""rssi"":-51,""snr"":null,""ta"":0,""level"":4,""bands"":""5""},{""type"":""LTE"",""pci"":471,""earfcn"":2600,""tac"":null,""rsrp"":-75,""rsrq"":-7,""rssi"":-51,""snr"":null,""ta"":0,""level"":4,""bands"":""5""},{""type"":""LTE"",""pci"":471,""earfcn"":3050,""tac"":null,""rsrp"":-78,""rsrq"":-11,""rssi"":-51,""snr"":null,""ta"":0,""level"":4,""bands"":""7""},{""type"":""LTE"",""pci"":469,""earfcn"":3050,""tac"":null,""rsrp"":-83,""rsrq"":-16,""rssi"":-55,""snr"":null,""ta"":0,""level"":4,""bands"":""7""},{""type"":""LTE"",""pci"":469,""earfcn"":100,""tac"":null,""rsrp"":-84,""rsrq"":-15,""rssi"":-53,""snr"":null,""ta"":0,""level"":4,""bands"":""1""},{""type"":""LTE"",""pci"":474,""earfcn"":3050,""tac"":null,""rsrp"":-88,""rsrq"":-18,""rssi"":-61,""snr"":null,""ta"":0,""level"":3,""bands"":""7""}]",1012.94525,14,,35,6,,,,"[{""b"":""40:27:0b:02:a2:b7"",""s"":""U+zone_2.4GHz"",""r"":-38,""f"":2432},{""b"":""40:27:0b:02:a2:b8"",""s"":""U+zone"",""r"":-42,""f"":5785},{""b"":""02:17:b2:0b:47:88"",""s"":""T wifi zone"",""r"":-44,""f"":2472},{""b"":""02:17:b2:0b:47:8a"",""s"":""T wifi zone_secure"",""r"":-48,""f"":2472},{""b"":""22:17:b2:0b:47:8a"",""s"":""T wifi zone_secure"",""r"":-49,""f"":5280},{""b"":""22:17:b2:0b:47:88"",""s"":""T wifi zone"",""r"":-49,""f"":5280},{""b"":""36:78:c2:00:0a:b4"",""s"":""KT WiFi "",""r"":-57,""f"":5240},{""b"":""30:78:c2:00:0a:b4"",""s"":""KT WiFi"",""r"":-58,""f"":5240},{""b"":""30:78:c2:00:07:d6"",""s"":""KT WiFi"",""r"":-69,""f"":2432},{""b"":""40:27:0b:02:a2:c7"",""s"":""U+zone"",""r"":-73,""f"":5620},{""b"":""0a:29:d5:33:85:83"",""s"":""Public WiFi Secure"",""r"":-75,""f"":5785},{""b"":""0a:29:d5:33:85:81"",""s"":""U+zone"",""r"":-75,""f"":5785},{""b"":""0a:29:d5:33:85:82"",""s"":""FREE_U+zone"",""r"":-76,""f"":5785},{""b"":""0a:29:d5:33:85:80"",""s"":""Public WiFi Free"",""r"":-76,""f"":5785},{""b"":""0a:29:d5:33:85:c3"",""s"":""Public WiFi Secure"",""r"":-79,""f"":5220}]",""
1789876548562,2026-09-20 12:55:48,unknown,37.5663366,126.9918443,25.031,,,42.0,fused,3,LTE,NR_NSA,5G,true,false,true,false,false,51225103,471,100,1,8323,450,06,-77,-10,-51,19,4,0,,,,70,98,0.0006,0.0008,30,59,0.0002,0.0005,false,6,0,6,-74,232,2600,26.007494,false,false,periodic,23,1,0,0,10014,,,,"[{""type"":""LTE"",""pci"":232,""earfcn"":2600,""tac"":null,""rsrp"":-74,""rsrq"":-20,""rssi"":-51,""snr"":null,""ta"":0,""level"":4,""bands"":""5""},{""type"":""LTE"",""pci"":471,""earfcn"":2600,""tac"":null,""rsrp"":-75,""rsrq"":-7,""rssi"":-51,""snr"":null,""ta"":0,""level"":4,""bands"":""5""},{""type"":""LTE"",""pci"":471,""earfcn"":3050,""tac"":null,""rsrp"":-78,""rsrq"":-11,""rssi"":-51,""snr"":null,""ta"":0,""level"":4,""bands"":""7""},{""type"":""LTE"",""pci"":469,""earfcn"":3050,""tac"":null,""rsrp"":-83,""rsrq"":-16,""rssi"":-55,""snr"":null,""ta"":0,""level"":4,""bands"":""7""},{""type"":""LTE"",""pci"":469,""earfcn"":100,""tac"":null,""rsrp"":-84,""rsrq"":-15,""rssi"":-53,""snr"":null,""ta"":0,""level"":4,""bands"":""1""},{""type"":""LTE"",""pci"":474,""earfcn"":3050,""tac"":null,""rsrp"":-88,""rsrq"":-18,""rssi"":-61,""snr"":null,""ta"":0,""level"":3,""bands"":""7""}]",1012.98303,31,,44,1,,,,"[{""b"":""40:27:0b:02:a2:b8"",""s"":""U+zone"",""r"":-59,""f"":5785},{""b"":""02:e3:c7:0b:04:06"",""s"":""T wifi zone_secure"",""r"":-61,""f"":2452},{""b"":""12:e3:c7:0b:04:06"",""s"":""T Free WiFi Zone"",""r"":-61,""f"":2452},{""b"":""10:e3:c7:0b:04:06"",""s"":""T wifi zone"",""r"":-62,""f"":2452},{""b"":""06:29:d5:33:85:c2"",""s"":""FREE_U+zone_2.4GHz"",""r"":-65,""f"":2452},{""b"":""06:29:d5:33:85:c3"",""s"":""Public WiFi Secure"",""r"":-65,""f"":2452},{""b"":""02:17:b2:0b:47:88"",""s"":""T wifi zone"",""r"":-65,""f"":2472},{""b"":""10:e3:c7:0b:04:05"",""s"":""T wifi zone"",""r"":-65,""f"":5785},{""b"":""06:29:d5:33:85:c1"",""s"":""U+zone_2.4GHz"",""r"":-66,""f"":2452},{""b"":""02:17:b2:0b:47:8a"",""s"":""T wifi zone_secure"",""r"":-66,""f"":2472},{""b"":""e6:36:f9:d6:53:b8"",""s"":""红魔10 Pro+氘锋透明版"",""r"":-66,""f"":2412},{""b"":""0a:29:d5:33:85:c1"",""s"":""U+zone"",""r"":-67,""f"":5220},{""b"":""0a:29:d5:33:85:c0"",""s"":""Public WiFi Free"",""r"":-67,""f"":5220},{""b"":""0a:29:d5:33:85:c3"",""s"":""Public WiFi Secure"",""r"":-68,""f"":5220},{""b"":""02:e3:c7:0b:03:fb"",""s"":""T wifi zone_secure"",""r"":-68,""f"":5300}]",""
1789876553579,2026-09-20 12:55:53,unknown,37.5663366,126.9918443,25.031,,,42.0,fused,8,LTE,NR_NSA,5G,true,false,true,false,false,51225103,471,100,1,8323,450,06,-71,-9,-51,,4,0,,,,158,119,0.0013,0.0010,138,99,0.0011,0.0008,false,5,0,5,-68,471,3050,41.763115,false,false,periodic,28,1,6,,5000,,,,"[{""type"":""LTE"",""pci"":471,""earfcn"":3050,""tac"":null,""rsrp"":-68,""rsrq"":-7,""rssi"":-51,""snr"":null,""ta"":0,""level"":4,""bands"":""7""},{""type"":""LTE"",""pci"":471,""earfcn"":2600,""tac"":null,""rsrp"":-75,""rsrq"":-9,""rssi"":-55,""snr"":null,""ta"":0,""level"":4,""bands"":""5""},{""type"":""LTE"",""pci"":469,""earfcn"":100,""tac"":null,""rsrp"":-84,""rsrq"":-20,""rssi"":-51,""snr"":null,""ta"":0,""level"":4,""bands"":""1""},{""type"":""LTE"",""pci"":232,""earfcn"":3050,""tac"":null,""rsrp"":-90,""rsrq"":-20,""rssi"":-55,""snr"":null,""ta"":0,""level"":3,""bands"":""7""},{""type"":""LTE"",""pci"":469,""earfcn"":3050,""tac"":null,""rsrp"":-91,""rsrq"":-20,""rssi"":-55,""snr"":null,""ta"":0,""level"":3,""bands"":""7""}]",1012.9754,31,,44,6,,,,"[{""b"":""40:27:0b:02:a2:b8"",""s"":""U+zone"",""r"":-59,""f"":5785},{""b"":""02:e3:c7:0b:04:06"",""s"":""T wifi zone_secure"",""r"":-61,""f"":2452},{""b"":""12:e3:c7:0b:04:06"",""s"":""T Free WiFi Zone"",""r"":-61,""f"":2452},{""b"":""10:e3:c7:0b:04:06"",""s"":""T wifi zone"",""r"":-62,""f"":2452},{""b"":""06:29:d5:33:85:c2"",""s"":""FREE_U+zone_2.4GHz"",""r"":-65,""f"":2452},{""b"":""06:29:d5:33:85:c3"",""s"":""Public WiFi Secure"",""r"":-65,""f"":2452},{""b"":""02:17:b2:0b:47:88"",""s"":""T wifi zone"",""r"":-65,""f"":2472},{""b"":""10:e3:c7:0b:04:05"",""s"":""T wifi zone"",""r"":-65,""f"":5785},{""b"":""06:29:d5:33:85:c1"",""s"":""U+zone_2.4GHz"",""r"":-66,""f"":2452},{""b"":""02:17:b2:0b:47:8a"",""s"":""T wifi zone_secure"",""r"":-66,""f"":2472},{""b"":""e6:36:f9:d6:53:b8"",""s"":""红魔10 Pro+氘锋透明版"",""r"":-66,""f"":2412},{""b"":""0a:29:d5:33:85:c1"",""s"":""U+zone"",""r"":-67,""f"":5220},{""b"":""0a:29:d5:33:85:c0"",""s"":""Public WiFi Free"",""r"":-67,""f"":5220},{""b"":""0a:29:d5:33:85:c3"",""s"":""Public WiFi Secure"",""r"":-68,""f"":5220},{""b"":""02:e3:c7:0b:03:fb"",""s"":""T wifi zone_secure"",""r"":-68,""f"":5300}]",""
1789876558594,2026-09-20 12:55:58,unknown,37.5663373,126.9918664,22.466,0.08618351,,42.0,fused,0,LTE,NR_NSA,5G,true,false,true,false,false,51225103,471,100,1,8323,450,06,-71,-9,-51,,4,0,,,,3187,2931,0.0255,0.0234,3167,2911,0.0253,0.0233,false,5,0,5,-68,471,3050,56.552555,false,false,periodic,33,0,0,,10015,,,,"[{""type"":""LTE"",""pci"":471,""earfcn"":3050,""tac"":null,""rsrp"":-68,""rsrq"":-7,""rssi"":-51,""snr"":null,""ta"":0,""level"":4,""bands"":""7""},{""type"":""LTE"",""pci"":471,""earfcn"":2600,""tac"":null,""rsrp"":-75,""rsrq"":-9,""rssi"":-55,""snr"":null,""ta"":0,""level"":4,""bands"":""5""},{""type"":""LTE"",""pci"":469,""earfcn"":100,""tac"":null,""rsrp"":-84,""rsrq"":-20,""rssi"":-51,""snr"":null,""ta"":0,""level"":4,""bands"":""1""},{""type"":""LTE"",""pci"":232,""earfcn"":3050,""tac"":null,""rsrp"":-90,""rsrq"":-20,""rssi"":-55,""snr"":null,""ta"":0,""level"":3,""bands"":""7""},{""type"":""LTE"",""pci"":469,""earfcn"":3050,""tac"":null,""rsrp"":-91,""rsrq"":-20,""rssi"":-55,""snr"":null,""ta"":0,""level"":3,""bands"":""7""}]",1013.00555,11,,35,5,,,,"[{""b"":""12:e3:c7:0b:04:06"",""s"":""T Free WiFi Zone"",""r"":-53,""f"":2452},{""b"":""02:e3:c7:0b:04:06"",""s"":""T wifi zone_secure"",""r"":-54,""f"":2452},{""b"":""10:e3:c7:0b:04:06"",""s"":""T wifi zone"",""r"":-57,""f"":2452},{""b"":""02:e3:c7:0b:04:05"",""s"":""T wifi zone_secure"",""r"":-61,""f"":5785},{""b"":""e6:36:f9:d6:53:b8"",""s"":""红魔10 Pro+氘锋透明版"",""r"":-64,""f"":2412},{""b"":""12:e3:c7:0b:03:fc"",""s"":""T Free WiFi Zone"",""r"":-65,""f"":2432},{""b"":""10:e3:c7:0b:03:fc"",""s"":""T wifi zone"",""r"":-65,""f"":2432},{""b"":""06:29:d5:33:85:c1"",""s"":""U+zone_2.4GHz"",""r"":-67,""f"":2452},{""b"":""0a:29:d5:33:85:c3"",""s"":""Public WiFi Secure"",""r"":-69,""f"":5220},{""b"":""02:e3:c7:0b:03:fb"",""s"":""T wifi zone_secure"",""r"":-69,""f"":5300},{""b"":""0a:29:d5:33:85:c2"",""s"":""FREE_U+zone"",""r"":-69,""f"":5220},{""b"":""12:e3:c7:0b:03:fb"",""s"":""T Free WiFi Zone"",""r"":-69,""f"":5300},{""b"":""0a:29:d5:33:85:c1"",""s"":""U+zone"",""r"":-70,""f"":5220},{""b"":""0a:29:d5:33:85:c0"",""s"":""Public WiFi Free"",""r"":-71,""f"":5220},{""b"":""36:78:c2:00:0a:b5"",""s"":""KT WiFi "",""r"":-73,""f"":2412}]",""
1789876563604,2026-09-20 12:56:03,unknown,37.5663326,126.9919215,19.283,1.1897063,102.02719,42.0,fused,0,LTE,NR_NSA,5G,true,false,true,false,false,51225103,471,100,1,8323,450,06,-53,-8,-51,,4,0,,,,110,124,0.0009,0.0010,90,104,0.0007,0.0008,false,5,0,5,-55,471,2600,1.1897063,false,false,periodic,38,0,18,,5003,,,,"[{""type"":""LTE"",""pci"":471,""earfcn"":2600,""tac"":null,""rsrp"":-55,""rsrq"":-6,""rssi"":-51,""snr"":null,""ta"":0,""level"":4,""bands"":""5""},{""type"":""LTE"",""pci"":471,""earfcn"":3050,""tac"":null,""rsrp"":-56,""rsrq"":-11,""rssi"":-51,""snr"":null,""ta"":0,""level"":4,""bands"":""7""},{""type"":""LTE"",""pci"":469,""earfcn"":3050,""tac"":null,""rsrp"":-62,""rsrq"":-19,""rssi"":-51,""snr"":null,""ta"":0,""level"":4,""bands"":""7""},{""type"":""LTE"",""pci"":232,""earfcn"":100,""tac"":null,""rsrp"":-92,""rsrq"":-19,""rssi"":-51,""snr"":null,""ta"":0,""level"":3,""bands"":""1""},{""type"":""LTE"",""pci"":232,""earfcn"":3050,""tac"":null,""rsrp"":-96,""rsrq"":-20,""rssi"":-63,""snr"":null,""ta"":0,""level"":2,""bands"":""7""}]",1012.97266,31,,27,3,,,,"[{""b"":""10:e3:c7:0b:04:05"",""s"":""T wifi zone"",""r"":-50,""f"":5785},{""b"":""12:e3:c7:0b:04:06"",""s"":""T Free WiFi Zone"",""r"":-50,""f"":2452},{""b"":""02:e3:c7:0b:04:06"",""s"":""T wifi zone_secure"",""r"":-51,""f"":2452},{""b"":""02:e3:c7:0b:04:05"",""s"":""T wifi zone_secure"",""r"":-51,""f"":5785},{""b"":""12:e3:c7:0b:04:05"",""s"":""T Free WiFi Zone"",""r"":-51,""f"":5785},{""b"":""10:e3:c7:0b:04:06"",""s"":""T wifi zone"",""r"":-52,""f"":2452},{""b"":""12:e3:c7:0b:03:fb"",""s"":""T Free WiFi Zone"",""r"":-62,""f"":5300},{""b"":""02:e3:c7:0b:03:fb"",""s"":""T wifi zone_secure"",""r"":-63,""f"":5300},{""b"":""10:e3:c7:0b:03:fb"",""s"":""T wifi zone"",""r"":-63,""f"":5300},{""b"":""12:e3:c7:0b:03:fc"",""s"":""T Free WiFi Zone"",""r"":-68,""f"":2432},{""b"":""02:e3:c7:0b:03:fc"",""s"":""T wifi zone_secure"",""r"":-70,""f"":2432},{""b"":""10:e3:c7:0b:03:fc"",""s"":""T wifi zone"",""r"":-70,""f"":2432},{""b"":""06:29:d5:33:85:c1"",""s"":""U+zone_2.4GHz"",""r"":-73,""f"":2452},{""b"":""06:29:d5:33:85:c0"",""s"":""Public WiFi Free"",""r"":-75,""f"":2452},{""b"":""40:27:0b:02:a2:b8"",""s"":""U+zone"",""r"":-79,""f"":5785}]",""
1789876568648,2026-09-20 12:56:08,unknown,37.5663231,126.9919994,11.665,1.2473028,92.668526,42.0,fused,0,LTE,NR_NSA,5G,true,false,true,false,false,51225103,471,100,1,8323,450,06,-53,-8,-51,,4,0,,,,418729,814,3.3498,0.0065,418689,774,3.3495,0.0062,false,5,0,5,-55,471,2600,1.2473028,false,false,periodic,43,0,0,,10049,,,,"[{""type"":""LTE"",""pci"":471,""earfcn"":2600,""tac"":null,""rsrp"":-55,""rsrq"":-6,""rssi"":-51,""snr"":null,""ta"":0,""level"":4,""bands"":""5""},{""type"":""LTE"",""pci"":471,""earfcn"":3050,""tac"":null,""rsrp"":-56,""rsrq"":-11,""rssi"":-51,""snr"":null,""ta"":0,""level"":4,""bands"":""7""},{""type"":""LTE"",""pci"":469,""earfcn"":3050,""tac"":null,""rsrp"":-62,""rsrq"":-19,""rssi"":-51,""snr"":null,""ta"":0,""level"":4,""bands"":""7""},{""type"":""LTE"",""pci"":232,""earfcn"":100,""tac"":null,""rsrp"":-92,""rsrq"":-19,""rssi"":-51,""snr"":null,""ta"":0,""level"":3,""bands"":""1""},{""type"":""LTE"",""pci"":232,""earfcn"":3050,""tac"":null,""rsrp"":-96,""rsrq"":-20,""rssi"":-63,""snr"":null,""ta"":0,""level"":2,""bands"":""7""}]",1012.91504,105,46.490,27,3,,,,"[{""b"":""10:e3:c7:0b:04:05"",""s"":""T wifi zone"",""r"":-41,""f"":5785},{""b"":""02:e3:c7:0b:04:05"",""s"":""T wifi zone_secure"",""r"":-41,""f"":5785},{""b"":""12:e3:c7:0b:04:05"",""s"":""T Free WiFi Zone"",""r"":-41,""f"":5785},{""b"":""10:e3:c7:0b:04:06"",""s"":""T wifi zone"",""r"":-44,""f"":2452},{""b"":""12:e3:c7:0b:04:06"",""s"":""T Free WiFi Zone"",""r"":-45,""f"":2452},{""b"":""02:e3:c7:0b:04:06"",""s"":""T wifi zone_secure"",""r"":-46,""f"":2452},{""b"":""02:e3:c7:0b:03:fb"",""s"":""T wifi zone_secure"",""r"":-61,""f"":5300},{""b"":""12:e3:c7:0b:03:fb"",""s"":""T Free WiFi Zone"",""r"":-63,""f"":5300},{""b"":""10:e3:c7:0b:03:fb"",""s"":""T wifi zone"",""r"":-63,""f"":5300},{""b"":""10:e3:c7:0b:03:fc"",""s"":""T wifi zone"",""r"":-66,""f"":2432},{""b"":""12:e3:c7:0b:03:fc"",""s"":""T Free WiFi Zone"",""r"":-70,""f"":2432},{""b"":""06:29:d5:33:85:c1"",""s"":""U+zone_2.4GHz"",""r"":-71,""f"":2452},{""b"":""02:e3:c7:0b:03:fc"",""s"":""T wifi zone_secure"",""r"":-71,""f"":2432},{""b"":""06:29:d5:33:85:c0"",""s"":""Public WiFi Free"",""r"":-75,""f"":2452},{""b"":""02:17:b2:0b:47:88"",""s"":""T wifi zone"",""r"":-82,""f"":2472}]",""
1789876573674,2026-09-20 12:56:13,unknown,37.5663283,126.9921029,12.625,1.4372853,81.47846,42.099998474121094,fused,0,LTE,NR_NSA,5G,true,false,true,false,false,51225103,471,100,1,8323,450,06,-65,-11,-51,,4,0,,,,50,78,0.0004,0.0006,30,58,0.0002,0.0005,false,3,0,3,-61,471,2600,1.4372853,false,false,periodic,48,0,-12,,5003,,,,"[{""type"":""LTE"",""pci"":471,""earfcn"":2600,""tac"":null,""rsrp"":-61,""rsrq"":-6,""rssi"":-51,""snr"":null,""ta"":0,""level"":4,""bands"":""5""},{""type"":""LTE"",""pci"":471,""earfcn"":3050,""tac"":null,""rsrp"":-66,""rsrq"":-12,""rssi"":-51,""snr"":null,""ta"":0,""level"":4,""bands"":""7""},{""type"":""LTE"",""pci"":232,""earfcn"":2600,""tac"":null,""rsrp"":-74,""rsrq"":-18,""rssi"":-51,""snr"":null,""ta"":0,""level"":4,""bands"":""5""}]",1012.9469,22,,19,1,,,,"[{""b"":""10:e3:c7:0b:04:05"",""s"":""T wifi zone"",""r"":-38,""f"":5785},{""b"":""02:e3:c7:0b:04:05"",""s"":""T wifi zone_secure"",""r"":-40,""f"":5785},{""b"":""12:e3:c7:0b:04:05"",""s"":""T Free WiFi Zone"",""r"":-40,""f"":5785},{""b"":""10:e3:c7:0b:04:06"",""s"":""T wifi zone"",""r"":-42,""f"":2452},{""b"":""02:e3:c7:0b:04:06"",""s"":""T wifi zone_secure"",""r"":-42,""f"":2452},{""b"":""12:e3:c7:0b:04:06"",""s"":""T Free WiFi Zone"",""r"":-43,""f"":2452},{""b"":""12:e3:c7:0b:03:fc"",""s"":""T Free WiFi Zone"",""r"":-65,""f"":2432},{""b"":""12:e3:c7:0b:03:fb"",""s"":""T Free WiFi Zone"",""r"":-66,""f"":5300},{""b"":""02:e3:c7:0b:03:fb"",""s"":""T wifi zone_secure"",""r"":-67,""f"":5300},{""b"":""10:e3:c7:0b:03:fb"",""s"":""T wifi zone"",""r"":-67,""f"":5300},{""b"":""10:e3:c7:0b:03:fc"",""s"":""T wifi zone"",""r"":-80,""f"":2432},{""b"":""36:78:c2:00:0a:b5"",""s"":""KT WiFi "",""r"":-85,""f"":2412},{""b"":""22:17:b2:0b:47:88"",""s"":""T wifi zone"",""r"":-88,""f"":5280},{""b"":""22:17:b2:0b:47:8a"",""s"":""T wifi zone_secure"",""r"":-89,""f"":5280},{""b"":""40:27:0b:02:a2:b8"",""s"":""U+zone"",""r"":-89,""f"":5785}]",""
1789876578691,2026-09-20 12:56:18,unknown,37.5663333,126.9921689,15.275,1.3073633,86.37919,42.099998474121094,fused,0,LTE,NR_NSA,5G,true,false,true,false,false,51225103,471,100,1,8323,450,06,-65,-11,-51,,4,0,,,,106,134,0.0008,0.0011,86,114,0.0007,0.0009,false,3,0,3,-61,471,2600,1.3073633,false,false,periodic,53,0,0,,10021,,,,"[{""type"":""LTE"",""pci"":471,""earfcn"":2600,""tac"":null,""rsrp"":-61,""rsrq"":-6,""rssi"":-51,""snr"":null,""ta"":0,""level"":4,""bands"":""5""},{""type"":""LTE"",""pci"":471,""earfcn"":3050,""tac"":null,""rsrp"":-66,""rsrq"":-12,""rssi"":-51,""snr"":null,""ta"":0,""level"":4,""bands"":""7""},{""type"":""LTE"",""pci"":232,""earfcn"":2600,""tac"":null,""rsrp"":-74,""rsrq"":-18,""rssi"":-51,""snr"":null,""ta"":0,""level"":4,""bands"":""5""}]",1012.83624,29,,19,6,,,,"[{""b"":""10:e3:c7:0b:04:05"",""s"":""T wifi zone"",""r"":-38,""f"":5785},{""b"":""02:e3:c7:0b:04:05"",""s"":""T wifi zone_secure"",""r"":-40,""f"":5785},{""b"":""12:e3:c7:0b:04:05"",""s"":""T Free WiFi Zone"",""r"":-40,""f"":5785},{""b"":""10:e3:c7:0b:04:06"",""s"":""T wifi zone"",""r"":-42,""f"":2452},{""b"":""02:e3:c7:0b:04:06"",""s"":""T wifi zone_secure"",""r"":-42,""f"":2452},{""b"":""12:e3:c7:0b:04:06"",""s"":""T Free WiFi Zone"",""r"":-43,""f"":2452},{""b"":""12:e3:c7:0b:03:fc"",""s"":""T Free WiFi Zone"",""r"":-65,""f"":2432},{""b"":""12:e3:c7:0b:03:fb"",""s"":""T Free WiFi Zone"",""r"":-66,""f"":5300},{""b"":""02:e3:c7:0b:03:fb"",""s"":""T wifi zone_secure"",""r"":-67,""f"":5300},{""b"":""10:e3:c7:0b:03:fb"",""s"":""T wifi zone"",""r"":-67,""f"":5300},{""b"":""10:e3:c7:0b:03:fc"",""s"":""T wifi zone"",""r"":-80,""f"":2432},{""b"":""36:78:c2:00:0a:b5"",""s"":""KT WiFi "",""r"":-85,""f"":2412},{""b"":""22:17:b2:0b:47:88"",""s"":""T wifi zone"",""r"":-88,""f"":5280},{""b"":""22:17:b2:0b:47:8a"",""s"":""T wifi zone_secure"",""r"":-89,""f"":5280},{""b"":""40:27:0b:02:a2:b8"",""s"":""U+zone"",""r"":-89,""f"":5785}]",""
1789876583711,2026-09-20 12:56:23,unknown,37.5663408,126.9921615,11.748,1.2921737,130.16818,42.099998474121094,fused,1,LTE,NR_NSA,5G,true,false,true,false,false,51225103,471,100,1,8323,450,06,-68,-10,-51,,4,0,,,,177,408,0.0014,0.0033,157,388,0.0013,0.0031,false,5,0,5,-63,471,2600,1.2921737,false,false,periodic,58,0,-3,,5000,,,,"[{""type"":""LTE"",""pci"":471,""earfcn"":2600,""tac"":null,""rsrp"":-63,""rsrq"":-7,""rssi"":-51,""snr"":null,""ta"":0,""level"":4,""bands"":""5""},{""type"":""LTE"",""pci"":471,""earfcn"":3050,""tac"":null,""rsrp"":-74,""rsrq"":-7,""rssi"":-57,""snr"":null,""ta"":0,""level"":4,""bands"":""7""},{""type"":""LTE"",""pci"":232,""earfcn"":2600,""tac"":null,""rsrp"":-77,""rsrq"":-18,""rssi"":-51,""snr"":null,""ta"":0,""level"":4,""bands"":""5""},{""type"":""LTE"",""pci"":232,""earfcn"":100,""tac"":null,""rsrp"":-86,""rsrq"":-15,""rssi"":-57,""snr"":null,""ta"":0,""level"":3,""bands"":""1""},{""type"":""LTE"",""pci"":232,""earfcn"":3050,""tac"":null,""rsrp"":-92,""rsrq"":-20,""rssi"":-57,""snr"":null,""ta"":0,""level"":3,""bands"":""7""}]",1012.80945,35,,21,5,,,,"[{""b"":""12:e3:c7:0b:04:05"",""s"":""T Free WiFi Zone"",""r"":-47,""f"":5785},{""b"":""10:e3:c7:0b:04:05"",""s"":""T wifi zone"",""r"":-48,""f"":5785},{""b"":""02:e3:c7:0b:04:05"",""s"":""T wifi zone_secure"",""r"":-48,""f"":5785},{""b"":""12:e3:c7:0b:04:06"",""s"":""T Free WiFi Zone"",""r"":-48,""f"":2452},{""b"":""02:e3:c7:0b:04:06"",""s"":""T wifi zone_secure"",""r"":-49,""f"":2452},{""b"":""10:e3:c7:0b:04:06"",""s"":""T wifi zone"",""r"":-50,""f"":2452},{""b"":""10:e3:c7:0b:03:fb"",""s"":""T wifi zone"",""r"":-61,""f"":5300},{""b"":""12:e3:c7:0b:03:fc"",""s"":""T Free WiFi Zone"",""r"":-64,""f"":2432},{""b"":""12:e3:c7:0b:03:fb"",""s"":""T Free WiFi Zone"",""r"":-67,""f"":5300},{""b"":""02:e3:c7:0b:03:fb"",""s"":""T wifi zone_secure"",""r"":-72,""f"":5300},{""b"":""0a:29:d5:33:85:c3"",""s"":""Public WiFi Secure"",""r"":-80,""f"":5220},{""b"":""0a:29:d5:33:85:c2"",""s"":""FREE_U+zone"",""r"":-80,""f"":5220},{""b"":""e6:36:f9:d6:53:b8"",""s"":""红魔10 Pro+氘锋透明版"",""r"":-81,""f"":2412},{""b"":""0a:29:d5:33:85:c1"",""s"":""U+zone"",""r"":-81,""f"":5220},{""b"":""0a:29:d5:33:85:c0"",""s"":""Public WiFi Free"",""r"":-83,""f"":5220}]",""
1789876588734,2026-09-20 12:56:28,unknown,37.5663506,126.9922249,7.072,1.2596072,89.68156,42.0,fused,0,LTE,NR_NSA,5G,true,false,true,false,false,51225103,471,100,1,8323,450,06,-68,-10,-51,,4,0,,,,70,315,0.0006,0.0025,30,275,0.0002,0.0022,false,5,0,5,-63,471,2600,1.2596072,false,false,periodic,63,0,0,,10019,,,,"[{""type"":""LTE"",""pci"":471,""earfcn"":2600,""tac"":null,""rsrp"":-63,""rsrq"":-7,""rssi"":-51,""snr"":null,""ta"":0,""level"":4,""bands"":""5""},{""type"":""LTE"",""pci"":471,""earfcn"":3050,""tac"":null,""rsrp"":-74,""rsrq"":-7,""rssi"":-57,""snr"":null,""ta"":0,""level"":4,""bands"":""7""},{""type"":""LTE"",""pci"":232,""earfcn"":2600,""tac"":null,""rsrp"":-77,""rsrq"":-18,""rssi"":-51,""snr"":null,""ta"":0,""level"":4,""bands"":""5""},{""type"":""LTE"",""pci"":232,""earfcn"":100,""tac"":null,""rsrp"":-86,""rsrq"":-15,""rssi"":-57,""snr"":null,""ta"":0,""level"":3,""bands"":""1""},{""type"":""LTE"",""pci"":232,""earfcn"":3050,""tac"":null,""rsrp"":-92,""rsrq"":-20,""rssi"":-57,""snr"":null,""ta"":0,""level"":3,""bands"":""7""}]",1012.8343,33,,19,3,,,,"[{""b"":""02:e3:c7:0b:04:05"",""s"":""T wifi zone_secure"",""r"":-46,""f"":5785},{""b"":""12:e3:c7:0b:04:05"",""s"":""T Free WiFi Zone"",""r"":-46,""f"":5785},{""b"":""10:e3:c7:0b:04:05"",""s"":""T wifi zone"",""r"":-47,""f"":5785},{""b"":""02:e3:c7:0b:03:fb"",""s"":""T wifi zone_secure"",""r"":-54,""f"":5300},{""b"":""12:e3:c7:0b:03:fb"",""s"":""T Free WiFi Zone"",""r"":-56,""f"":5300},{""b"":""10:e3:c7:0b:03:fb"",""s"":""T wifi zone"",""r"":-58,""f"":5300},{""b"":""02:e3:c7:0b:04:06"",""s"":""T wifi zone_secure"",""r"":-59,""f"":2452},{""b"":""12:e3:c7:0b:04:06"",""s"":""T Free WiFi Zone"",""r"":-59,""f"":2452},{""b"":""12:e3:c7:0b:03:fc"",""s"":""T Free WiFi Zone"",""r"":-60,""f"":2432},{""b"":""02:e3:c7:0b:03:fc"",""s"":""T wifi zone_secure"",""r"":-60,""f"":2432},{""b"":""10:e3:c7:0b:04:06"",""s"":""T wifi zone"",""r"":-60,""f"":2452},{""b"":""10:e3:c7:0b:03:fc"",""s"":""T wifi zone"",""r"":-61,""f"":2432},{""b"":""54:7e:1a:12:08:c1"",""s"":""KT_WiFi_08BC"",""r"":-79,""f"":2437},{""b"":""0a:29:d5:33:85:c0"",""s"":""Public WiFi Free"",""r"":-83,""f"":5220},{""b"":""12:09:b4:75:a9:74"",""s"":""KT GiGA WiFi "",""r"":-91,""f"":5520}]",""
1789876593742,2026-09-20 12:56:33,unknown,37.5663531,126.9923147,6.809,1.2237453,88.758354,41.89999771118164,fused,0,LTE,NR_NSA,5G,true,false,true,false,false,51225103,471,100,1,8323,450,06,-83,-11,-51,,4,0,,,,50,79,0.0004,0.0006,30,59,0.0002,0.0005,false,5,0,5,-72,232,2600,1.2237453,false,false,periodic,68,0,-15,,5004,,,,"[{""type"":""LTE"",""pci"":232,""earfcn"":2600,""tac"":null,""rsrp"":-72,""rsrq"":-8,""rssi"":-55,""snr"":null,""ta"":0,""level"":4,""bands"":""5""},{""type"":""LTE"",""pci"":471,""earfcn"":2600,""tac"":null,""rsrp"":-77,""rsrq"":-10,""rssi"":-55,""snr"":null,""ta"":0,""level"":4,""bands"":""5""},{""type"":""LTE"",""pci"":471,""earfcn"":3050,""tac"":null,""rsrp"":-83,""rsrq"":-9,""rssi"":-63,""snr"":null,""ta"":0,""level"":4,""bands"":""7""},{""type"":""LTE"",""pci"":232,""earfcn"":100,""tac"":null,""rsrp"":-84,""rsrq"":-13,""rssi"":-57,""snr"":null,""ta"":0,""level"":4,""bands"":""1""},{""type"":""LTE"",""pci"":232,""earfcn"":3050,""tac"":null,""rsrp"":-87,""rsrq"":-13,""rssi"":-63,""snr"":null,""ta"":0,""level"":3,""bands"":""7""}]",1012.90125,35,,17,1,,,,"[{""b"":""10:e3:c7:0b:04:05"",""s"":""T wifi zone"",""r"":-51,""f"":5785},{""b"":""02:e3:c7:0b:04:05"",""s"":""T wifi zone_secure"",""r"":-51,""f"":5785},{""b"":""12:e3:c7:0b:04:05"",""s"":""T Free WiFi Zone"",""r"":-51,""f"":5785},{""b"":""02:e3:c7:0b:03:fb"",""s"":""T wifi zone_secure"",""r"":-56,""f"":5300},{""b"":""10:e3:c7:0b:03:fb"",""s"":""T wifi zone"",""r"":-57,""f"":5300},{""b"":""12:e3:c7:0b:03:fb"",""s"":""T Free WiFi Zone"",""r"":-58,""f"":5300},{""b"":""12:e3:c7:0b:03:fc"",""s"":""T Free WiFi Zone"",""r"":-59,""f"":2432},{""b"":""02:e3:c7:0b:03:fc"",""s"":""T wifi zone_secure"",""r"":-59,""f"":2432},{""b"":""10:e3:c7:0b:03:fc"",""s"":""T wifi zone"",""r"":-61,""f"":2432},{""b"":""02:e3:c7:0b:04:06"",""s"":""T wifi zone_secure"",""r"":-63,""f"":2452},{""b"":""0a:29:d5:33:85:c1"",""s"":""U+zone"",""r"":-73,""f"":5220},{""b"":""0a:29:d5:33:85:c2"",""s"":""FREE_U+zone"",""r"":-73,""f"":5220},{""b"":""0a:29:d5:33:85:c0"",""s"":""Public WiFi Free"",""r"":-74,""f"":5220},{""b"":""0a:29:d5:33:85:c3"",""s"":""Public WiFi Secure"",""r"":-77,""f"":5220},{""b"":""70:5d:cc:2c:45:c8"",""s"":""shall"",""r"":-81,""f"":2422}]",""
1789876595572,2026-09-20 12:56:35,unknown,37.5663541,126.9923271,6.768,1.285824,92.70031,41.89999771118164,fused,0,LTE,NR_NSA,5G,true,false,true,false,false,51249420,232,100,1,8326,450,06,-82,-8,-51,,4,0,,,,0,0,0.0000,0.0000,0,0,0.0000,0.0000,false,6,0,6,-74,232,2600,1.285824,true,false,handover,0,1,,,5,51225103,-83,-11,"[{""type"":""LTE"",""pci"":232,""earfcn"":2600,""tac"":null,""rsrp"":-74,""rsrq"":-9,""rssi"":-57,""snr"":null,""ta"":0,""level"":4,""bands"":""5""},{""type"":""LTE"",""pci"":471,""earfcn"":2600,""tac"":null,""rsrp"":-80,""rsrq"":-11,""rssi"":-57,""snr"":null,""ta"":0,""level"":4,""bands"":""5""},{""type"":""LTE"",""pci"":471,""earfcn"":100,""tac"":null,""rsrp"":-85,""rsrq"":-11,""rssi"":-61,""snr"":null,""ta"":0,""level"":4,""bands"":""1""},{""type"":""LTE"",""pci"":471,""earfcn"":3050,""tac"":null,""rsrp"":-85,""rsrq"":-9,""rssi"":-67,""snr"":null,""ta"":0,""level"":4,""bands"":""7""},{""type"":""LTE"",""pci"":232,""earfcn"":3050,""tac"":null,""rsrp"":-88,""rsrq"":-10,""rssi"":-67,""snr"":null,""ta"":0,""level"":3,""bands"":""7""},{""type"":""LTE"",""pci"":410,""earfcn"":100,""tac"":null,""rsrp"":-90,""rsrq"":-20,""rssi"":-59,""snr"":null,""ta"":0,""level"":3,""bands"":""1""}]",1012.9588,35,,17,3,,,,"[{""b"":""10:e3:c7:0b:04:05"",""s"":""T wifi zone"",""r"":-51,""f"":5785},{""b"":""02:e3:c7:0b:04:05"",""s"":""T wifi zone_secure"",""r"":-51,""f"":5785},{""b"":""12:e3:c7:0b:04:05"",""s"":""T Free WiFi Zone"",""r"":-51,""f"":5785},{""b"":""02:e3:c7:0b:03:fb"",""s"":""T wifi zone_secure"",""r"":-56,""f"":5300},{""b"":""10:e3:c7:0b:03:fb"",""s"":""T wifi zone"",""r"":-57,""f"":5300},{""b"":""12:e3:c7:0b:03:fb"",""s"":""T Free WiFi Zone"",""r"":-58,""f"":5300},{""b"":""12:e3:c7:0b:03:fc"",""s"":""T Free WiFi Zone"",""r"":-59,""f"":2432},{""b"":""02:e3:c7:0b:03:fc"",""s"":""T wifi zone_secure"",""r"":-59,""f"":2432},{""b"":""10:e3:c7:0b:03:fc"",""s"":""T wifi zone"",""r"":-61,""f"":2432},{""b"":""02:e3:c7:0b:04:06"",""s"":""T wifi zone_secure"",""r"":-63,""f"":2452},{""b"":""0a:29:d5:33:85:c1"",""s"":""U+zone"",""r"":-73,""f"":5220},{""b"":""0a:29:d5:33:85:c2"",""s"":""FREE_U+zone"",""r"":-73,""f"":5220},{""b"":""0a:29:d5:33:85:c0"",""s"":""Public WiFi Free"",""r"":-74,""f"":5220},{""b"":""0a:29:d5:33:85:c3"",""s"":""Public WiFi Secure"",""r"":-77,""f"":5220},{""b"":""70:5d:cc:2c:45:c8"",""s"":""shall"",""r"":-81,""f"":2422}]","[{""type"":""LTE"",""pci"":232,""earfcn"":2600,""tac"":null,""rsrp"":-72,""rsrq"":-8,""rssi"":-55,""snr"":null,""ta"":0,""level"":4,""bands"":""5""},{""type"":""LTE"",""pci"":471,""earfcn"":2600,""tac"":null,""rsrp"":-77,""rsrq"":-10,""rssi"":-55,""snr"":null,""ta"":0,""level"":4,""bands"":""5""},{""type"":""LTE"",""pci"":471,""earfcn"":3050,""tac"":null,""rsrp"":-83,""rsrq"":-9,""rssi"":-63,""snr"":null,""ta"":0,""level"":4,""bands"":""7""},{""type"":""LTE"",""pci"":232,""earfcn"":100,""tac"":null,""rsrp"":-84,""rsrq"":-13,""rssi"":-57,""snr"":null,""ta"":0,""level"":4,""bands"":""1""},{""type"":""LTE"",""pci"":232,""earfcn"":3050,""tac"":null,""rsrp"":-87,""rsrq"":-13,""rssi"":-63,""snr"":null,""ta"":0,""level"":3,""bands"":""7""}]"
1789876598763,2026-09-20 12:56:38,unknown,37.5663592,126.9923739,7.174,1.3250077,90.23934,41.89999771118164,fused,1,LTE,NR_NSA,5G,true,false,true,false,false,51249420,232,100,1,8326,450,06,-82,-8,-51,,4,0,,,,661039,1146,5.2883,0.0092,661008,1115,5.2881,0.0089,false,6,0,6,-74,232,2600,1.3250077,false,false,periodic,3,1,0,,3195,,,,"[{""type"":""LTE"",""pci"":232,""earfcn"":2600,""tac"":null,""rsrp"":-74,""rsrq"":-9,""rssi"":-57,""snr"":null,""ta"":0,""level"":4,""bands"":""5""},{""type"":""LTE"",""pci"":471,""earfcn"":2600,""tac"":null,""rsrp"":-80,""rsrq"":-11,""rssi"":-57,""snr"":null,""ta"":0,""level"":4,""bands"":""5""},{""type"":""LTE"",""pci"":471,""earfcn"":100,""tac"":null,""rsrp"":-85,""rsrq"":-11,""rssi"":-61,""snr"":null,""ta"":0,""level"":4,""bands"":""1""},{""type"":""LTE"",""pci"":471,""earfcn"":3050,""tac"":null,""rsrp"":-85,""rsrq"":-9,""rssi"":-67,""snr"":null,""ta"":0,""level"":4,""bands"":""7""},{""type"":""LTE"",""pci"":232,""earfcn"":3050,""tac"":null,""rsrp"":-88,""rsrq"":-10,""rssi"":-67,""snr"":null,""ta"":0,""level"":3,""bands"":""7""},{""type"":""LTE"",""pci"":410,""earfcn"":100,""tac"":null,""rsrp"":-90,""rsrq"":-20,""rssi"":-59,""snr"":null,""ta"":0,""level"":3,""bands"":""1""}]",1012.98157,191,43.298,19,2,,,,"[{""b"":""12:e3:c7:0b:03:fb"",""s"":""T Free WiFi Zone"",""r"":-52,""f"":5300},{""b"":""10:e3:c7:0b:04:05"",""s"":""T wifi zone"",""r"":-53,""f"":5785},{""b"":""02:e3:c7:0b:04:05"",""s"":""T wifi zone_secure"",""r"":-53,""f"":5785},{""b"":""02:e3:c7:0b:03:fb"",""s"":""T wifi zone_secure"",""r"":-55,""f"":5300},{""b"":""10:e3:c7:0b:03:fb"",""s"":""T wifi zone"",""r"":-55,""f"":5300},{""b"":""12:e3:c7:0b:04:05"",""s"":""T Free WiFi Zone"",""r"":-56,""f"":5785},{""b"":""10:e3:c7:0b:03:fc"",""s"":""T wifi zone"",""r"":-57,""f"":2432},{""b"":""12:e3:c7:0b:03:fc"",""s"":""T Free WiFi Zone"",""r"":-58,""f"":2432},{""b"":""02:e3:c7:0b:03:fc"",""s"":""T wifi zone_secure"",""r"":-58,""f"":2432},{""b"":""12:e3:c7:0b:04:06"",""s"":""T Free WiFi Zone"",""r"":-63,""f"":2452},{""b"":""02:e3:c7:0b:04:06"",""s"":""T wifi zone_secure"",""r"":-64,""f"":2452},{""b"":""10:e3:c7:0b:04:06"",""s"":""T wifi zone"",""r"":-65,""f"":2452},{""b"":""0a:29:d5:33:85:c2"",""s"":""FREE_U+zone"",""r"":-80,""f"":5220},{""b"":""0a:29:d5:33:85:c3"",""s"":""Public WiFi Secure"",""r"":-81,""f"":5220},{""b"":""0a:29:d5:33:85:c1"",""s"":""U+zone"",""r"":-81,""f"":5220}]",""
1789876603770,2026-09-20 12:56:43,unknown,37.5663762,126.9924691,5.725,1.1937051,87.38691,41.89999771118164,fused,0,LTE,NR_NSA,5G,true,false,true,false,false,51249420,232,100,1,8326,450,06,-76,-10,-51,,4,0,,,,64,79,0.0005,0.0006,44,59,0.0004,0.0005,false,5,0,5,-65,471,2600,1.1937051,false,false,periodic,8,1,6,,5005,,,,"[{""type"":""LTE"",""pci"":471,""earfcn"":2600,""tac"":null,""rsrp"":-65,""rsrq"":-13,""rssi"":-51,""snr"":null,""ta"":0,""level"":4,""bands"":""5""},{""type"":""LTE"",""pci"":232,""earfcn"":2600,""tac"":null,""rsrp"":-66,""rsrq"":-9,""rssi"":-51,""snr"":null,""ta"":0,""level"":4,""bands"":""5""},{""type"":""LTE"",""pci"":471,""earfcn"":100,""tac"":null,""rsrp"":-80,""rsrq"":-15,""rssi"":-53,""snr"":null,""ta"":0,""level"":4,""bands"":""1""},{""type"":""LTE"",""pci"":232,""earfcn"":3050,""tac"":null,""rsrp"":-89,""rsrq"":-10,""rssi"":-67,""snr"":null,""ta"":0,""level"":3,""bands"":""7""},{""type"":""LTE"",""pci"":471,""earfcn"":3050,""tac"":null,""rsrp"":-90,""rsrq"":-12,""rssi"":-67,""snr"":null,""ta"":0,""level"":3,""bands"":""7""}]",1012.91974,36,,19,7,,,,"[{""b"":""12:e3:c7:0b:03:fb"",""s"":""T Free WiFi Zone"",""r"":-52,""f"":5300},{""b"":""10:e3:c7:0b:04:05"",""s"":""T wifi zone"",""r"":-53,""f"":5785},{""b"":""02:e3:c7:0b:04:05"",""s"":""T wifi zone_secure"",""r"":-53,""f"":5785},{""b"":""02:e3:c7:0b:03:fb"",""s"":""T wifi zone_secure"",""r"":-55,""f"":5300},{""b"":""10:e3:c7:0b:03:fb"",""s"":""T wifi zone"",""r"":-55,""f"":5300},{""b"":""12:e3:c7:0b:04:05"",""s"":""T Free WiFi Zone"",""r"":-56,""f"":5785},{""b"":""10:e3:c7:0b:03:fc"",""s"":""T wifi zone"",""r"":-57,""f"":2432},{""b"":""12:e3:c7:0b:03:fc"",""s"":""T Free WiFi Zone"",""r"":-58,""f"":2432},{""b"":""02:e3:c7:0b:03:fc"",""s"":""T wifi zone_secure"",""r"":-58,""f"":2432},{""b"":""12:e3:c7:0b:04:06"",""s"":""T Free WiFi Zone"",""r"":-63,""f"":2452},{""b"":""02:e3:c7:0b:04:06"",""s"":""T wifi zone_secure"",""r"":-64,""f"":2452},{""b"":""10:e3:c7:0b:04:06"",""s"":""T wifi zone"",""r"":-65,""f"":2452},{""b"":""0a:29:d5:33:85:c2"",""s"":""FREE_U+zone"",""r"":-80,""f"":5220},{""b"":""0a:29:d5:33:85:c3"",""s"":""Public WiFi Secure"",""r"":-81,""f"":5220},{""b"":""0a:29:d5:33:85:c1"",""s"":""U+zone"",""r"":-81,""f"":5220}]",""
1789876608794,2026-09-20 12:56:48,unknown,37.5663966,126.9925481,4.464,1.1895044,77.25229,41.89999771118164,fused,0,LTE,NR_NSA,5G,true,false,true,false,false,51249420,232,100,1,8326,450,06,-76,-10,-51,,4,0,,,,452,517,0.0036,0.0041,432,497,0.0035,0.0040,false,5,0,5,-65,471,2600,1.1895044,false,false,periodic,13,1,0,,10028,,,,"[{""type"":""LTE"",""pci"":471,""earfcn"":2600,""tac"":null,""rsrp"":-65,""rsrq"":-13,""rssi"":-51,""snr"":null,""ta"":0,""level"":4,""bands"":""5""},{""type"":""LTE"",""pci"":232,""earfcn"":2600,""tac"":null,""rsrp"":-66,""rsrq"":-9,""rssi"":-51,""snr"":null,""ta"":0,""level"":4,""bands"":""5""},{""type"":""LTE"",""pci"":471,""earfcn"":100,""tac"":null,""rsrp"":-80,""rsrq"":-15,""rssi"":-53,""snr"":null,""ta"":0,""level"":4,""bands"":""1""},{""type"":""LTE"",""pci"":232,""earfcn"":3050,""tac"":null,""rsrp"":-89,""rsrq"":-10,""rssi"":-67,""snr"":null,""ta"":0,""level"":3,""bands"":""7""},{""type"":""LTE"",""pci"":471,""earfcn"":3050,""tac"":null,""rsrp"":-90,""rsrq"":-12,""rssi"":-67,""snr"":null,""ta"":0,""level"":3,""bands"":""7""}]",1012.8498,49,,15,5,,,,"[{""b"":""12:e3:c7:0b:03:fb"",""s"":""T Free WiFi Zone"",""r"":-50,""f"":5300},{""b"":""02:e3:c7:0b:03:fb"",""s"":""T wifi zone_secure"",""r"":-50,""f"":5300},{""b"":""10:e3:c7:0b:03:fc"",""s"":""T wifi zone"",""r"":-50,""f"":2432},{""b"":""10:e3:c7:0b:03:fb"",""s"":""T wifi zone"",""r"":-51,""f"":5300},{""b"":""10:e3:c7:0b:04:05"",""s"":""T wifi zone"",""r"":-58,""f"":5785},{""b"":""02:e3:c7:0b:04:05"",""s"":""T wifi zone_secure"",""r"":-58,""f"":5785},{""b"":""12:e3:c7:0b:04:05"",""s"":""T Free WiFi Zone"",""r"":-58,""f"":5785},{""b"":""02:e3:c7:0b:04:06"",""s"":""T wifi zone_secure"",""r"":-62,""f"":2452},{""b"":""12:e3:c7:0b:04:06"",""s"":""T Free WiFi Zone"",""r"":-62,""f"":2452},{""b"":""10:e3:c7:0b:04:06"",""s"":""T wifi zone"",""r"":-63,""f"":2452},{""b"":""0a:29:d5:33:85:c3"",""s"":""Public WiFi Secure"",""r"":-87,""f"":5220},{""b"":""0a:29:d5:33:85:c2"",""s"":""FREE_U+zone"",""r"":-88,""f"":5220},{""b"":""0a:29:d5:33:85:c1"",""s"":""U+zone"",""r"":-89,""f"":5220},{""b"":""0a:09:b4:75:a9:74"",""s"":""KT WiFi "",""r"":-90,""f"":5520},{""b"":""0e:09:b4:75:a9:74"",""s"":""KT GiGA WiFi"",""r"":-93,""f"":5520}]",""
1789876613817,2026-09-20 12:56:53,unknown,37.5664001,126.9926112,5.339,1.1867294,81.869774,41.89999771118164,fused,0,LTE,LTE_CA,4G,false,false,false,false,false,51249420,232,100,1,8326,450,06,-77,-7,-51,,4,0,,,,2572,1125,0.0206,0.0090,2533,1085,0.0203,0.0087,false,6,0,6,-75,232,2600,1.1867294,false,false,periodic,18,1,-1,,5003,,,,"[{""type"":""LTE"",""pci"":232,""earfcn"":2600,""tac"":null,""rsrp"":-75,""rsrq"":-8,""rssi"":-57,""snr"":null,""ta"":0,""level"":4,""bands"":""5""},{""type"":""LTE"",""pci"":232,""earfcn"":3050,""tac"":null,""rsrp"":-77,""rsrq"":-8,""rssi"":-59,""snr"":null,""ta"":0,""level"":4,""bands"":""7""},{""type"":""LTE"",""pci"":471,""earfcn"":2600,""tac"":null,""rsrp"":-82,""rsrq"":-13,""rssi"":-57,""snr"":null,""ta"":0,""level"":4,""bands"":""5""},{""type"":""LTE"",""pci"":471,""earfcn"":100,""tac"":null,""rsrp"":-87,""rsrq"":-18,""rssi"":-53,""snr"":null,""ta"":0,""level"":3,""bands"":""1""},{""type"":""LTE"",""pci"":471,""earfcn"":3050,""tac"":null,""rsrp"":-87,""rsrq"":-12,""rssi"":-65,""snr"":null,""ta"":0,""level"":3,""bands"":""7""},{""type"":""LTE"",""pci"":469,""earfcn"":100,""tac"":null,""rsrp"":-90,""rsrq"":-17,""rssi"":-63,""snr"":null,""ta"":0,""level"":3,""bands"":""1""}]",1012.9979,55,,10,4,,,,"[{""b"":""02:e3:c7:0b:03:fb"",""s"":""T wifi zone_secure"",""r"":-37,""f"":5300},{""b"":""02:e3:c7:0b:03:fc"",""s"":""T wifi zone_secure"",""r"":-38,""f"":2432},{""b"":""12:e3:c7:0b:03:fb"",""s"":""T Free WiFi Zone"",""r"":-39,""f"":5300},{""b"":""10:e3:c7:0b:03:fb"",""s"":""T wifi zone"",""r"":-39,""f"":5300},{""b"":""12:e3:c7:0b:03:fc"",""s"":""T Free WiFi Zone"",""r"":-40,""f"":2432},{""b"":""10:e3:c7:0b:03:fc"",""s"":""T wifi zone"",""r"":-41,""f"":2432},{""b"":""10:e3:c7:0b:04:05"",""s"":""T wifi zone"",""r"":-67,""f"":5785},{""b"":""12:e3:c7:0b:04:06"",""s"":""T Free WiFi Zone"",""r"":-69,""f"":2452},{""b"":""02:e3:c7:0b:04:06"",""s"":""T wifi zone_secure"",""r"":-70,""f"":2452},{""b"":""10:e3:c7:0b:04:06"",""s"":""T wifi zone"",""r"":-72,""f"":2452}]",""
1789876618839,2026-09-20 12:56:58,unknown,37.5664154,126.992691,8.357,1.2078055,66.56069,41.89999771118164,fused,0,LTE,LTE_CA,4G,false,false,false,false,false,51249420,232,100,1,8326,450,06,-77,-7,-51,,4,0,,,,93,194,0.0007,0.0016,73,175,0.0006,0.0014,false,6,0,6,-75,232,2600,1.2078055,false,false,periodic,23,1,0,,10024,,,,"[{""type"":""LTE"",""pci"":232,""earfcn"":2600,""tac"":null,""rsrp"":-75,""rsrq"":-8,""rssi"":-57,""snr"":null,""ta"":0,""level"":4,""bands"":""5""},{""type"":""LTE"",""pci"":232,""earfcn"":3050,""tac"":null,""rsrp"":-77,""rsrq"":-8,""rssi"":-59,""snr"":null,""ta"":0,""level"":4,""bands"":""7""},{""type"":""LTE"",""pci"":471,""earfcn"":2600,""tac"":null,""rsrp"":-82,""rsrq"":-13,""rssi"":-57,""snr"":null,""ta"":0,""level"":4,""bands"":""5""},{""type"":""LTE"",""pci"":471,""earfcn"":100,""tac"":null,""rsrp"":-87,""rsrq"":-18,""rssi"":-53,""snr"":null,""ta"":0,""level"":3,""bands"":""1""},{""type"":""LTE"",""pci"":471,""earfcn"":3050,""tac"":null,""rsrp"":-87,""rsrq"":-12,""rssi"":-65,""snr"":null,""ta"":0,""level"":3,""bands"":""7""},{""type"":""LTE"",""pci"":469,""earfcn"":100,""tac"":null,""rsrp"":-90,""rsrq"":-17,""rssi"":-63,""snr"":null,""ta"":0,""level"":3,""bands"":""1""}]",1012.9618,41,,7,5,,,,"[{""b"":""10:e3:c7:0b:03:fb"",""s"":""T wifi zone"",""r"":-24,""f"":5300},{""b"":""02:e3:c7:0b:03:fb"",""s"":""T wifi zone_secure"",""r"":-28,""f"":5300},{""b"":""02:e3:c7:0b:03:fc"",""s"":""T wifi zone_secure"",""r"":-28,""f"":2432},{""b"":""12:e3:c7:0b:03:fc"",""s"":""T Free WiFi Zone"",""r"":-29,""f"":2432},{""b"":""10:e3:c7:0b:03:fc"",""s"":""T wifi zone"",""r"":-29,""f"":2432},{""b"":""12:e3:c7:0b:03:fb"",""s"":""T Free WiFi Zone"",""r"":-37,""f"":5300},{""b"":""12:e3:c7:0b:04:05"",""s"":""T Free WiFi Zone"",""r"":-68,""f"":5785}]",""
1789876623860,2026-09-20 12:57:03,unknown,37.5664364,126.9927001,10.429,1.1800406,30.866524,41.89999771118164,fused,1,LTE,LTE_CA,4G,false,false,false,false,false,51249420,232,100,1,8326,450,06,-65,-6,-51,,4,0,,,,64,78,0.0005,0.0006,44,58,0.0004,0.0005,false,7,0,7,-64,232,3050,1.1800406,false,false,periodic,28,1,12,,4997,,,,"[{""type"":""LTE"",""pci"":232,""earfcn"":3050,""tac"":null,""rsrp"":-64,""rsrq"":-7,""rssi"":-51,""snr"":null,""ta"":0,""level"":4,""bands"":""7""},{""type"":""LTE"",""pci"":232,""earfcn"":2600,""tac"":null,""rsrp"":-67,""rsrq"":-10,""rssi"":-51,""snr"":null,""ta"":0,""level"":4,""bands"":""5""},{""type"":""LTE"",""pci"":471,""earfcn"":2600,""tac"":null,""rsrp"":-78,""rsrq"":-20,""rssi"":-51,""snr"":null,""ta"":0,""level"":4,""bands"":""5""},{""type"":""LTE"",""pci"":410,""earfcn"":2600,""tac"":null,""rsrp"":-81,""rsrq"":-20,""rssi"":-51,""snr"":null,""ta"":0,""level"":4,""bands"":""5""},{""type"":""LTE"",""pci"":410,""earfcn"":3050,""tac"":null,""rsrp"":-81,""rsrq"":-17,""rssi"":-53,""snr"":null,""ta"":0,""level"":4,""bands"":""7""},{""type"":""LTE"",""pci"":471,""earfcn"":3050,""tac"":null,""rsrp"":-84,""rsrq"":-20,""rssi"":-51,""snr"":null,""ta"":0,""level"":4,""bands"":""7""},{""type"":""LTE"",""pci"":471,""earfcn"":100,""tac"":null,""rsrp"":-89,""rsrq"":-18,""rssi"":-55,""snr"":null,""ta"":0,""level"":3,""bands"":""1""}]",1012.9945,32,,14,2,,,,"[{""b"":""12:e3:c7:0b:03:fb"",""s"":""T Free WiFi Zone"",""r"":-45,""f"":5300},{""b"":""10:e3:c7:0b:03:fb"",""s"":""T wifi zone"",""r"":-46,""f"":5300},{""b"":""02:e3:c7:0b:03:fc"",""s"":""T wifi zone_secure"",""r"":-50,""f"":2432},{""b"":""10:e3:c7:0b:03:fc"",""s"":""T wifi zone"",""r"":-50,""f"":2432},{""b"":""12:e3:c7:0b:03:fc"",""s"":""T Free WiFi Zone"",""r"":-51,""f"":2432},{""b"":""02:e3:c7:0b:03:fb"",""s"":""T wifi zone_secure"",""r"":-56,""f"":5300},{""b"":""02:e3:c7:0b:04:05"",""s"":""T wifi zone_secure"",""r"":-63,""f"":5785},{""b"":""12:e3:c7:0b:04:05"",""s"":""T Free WiFi Zone"",""r"":-63,""f"":5785},{""b"":""32:89:d3:ca:1a:02"",""s"":""GlobalWiFi_10OW8P"",""r"":-71,""f"":2462},{""b"":""0a:29:d5:33:85:c1"",""s"":""U+zone"",""r"":-90,""f"":5220},{""b"":""0a:29:d5:33:85:c0"",""s"":""Public WiFi Free"",""r"":-90,""f"":5220},{""b"":""0a:29:d5:33:85:c3"",""s"":""Public WiFi Secure"",""r"":-91,""f"":5220},{""b"":""02:e3:c7:09:03:06"",""s"":""T Free WiFi Zone"",""r"":-92,""f"":5580},{""b"":""0a:29:d5:33:85:c2"",""s"":""FREE_U+zone"",""r"":-92,""f"":5220}]",""
1789876628870,2026-09-20 12:57:08,unknown,37.5664876,126.9926477,9.503,1.2615397,349.91174,41.89999771118164,fused,0,LTE,NR_NSA,5G,true,false,true,false,false,51249420,232,100,1,8326,450,06,-74,-6,-51,25,4,0,,,,420870,1271,3.3670,0.0102,420850,1251,3.3668,0.0100,false,5,0,5,-74,232,2600,1.2615397,false,false,periodic,33,0,-9,,2827,,,,"[{""type"":""LTE"",""pci"":232,""earfcn"":2600,""tac"":null,""rsrp"":-74,""rsrq"":-7,""rssi"":-57,""snr"":null,""ta"":0,""level"":4,""bands"":""5""},{""type"":""LTE"",""pci"":232,""earfcn"":3050,""tac"":null,""rsrp"":-81,""rsrq"":-7,""rssi"":-65,""snr"":null,""ta"":0,""level"":4,""bands"":""7""},{""type"":""LTE"",""pci"":471,""earfcn"":2600,""tac"":null,""rsrp"":-89,""rsrq"":-18,""rssi"":-61,""snr"":null,""ta"":0,""level"":3,""bands"":""5""},{""type"":""LTE"",""pci"":471,""earfcn"":100,""tac"":null,""rsrp"":-91,""rsrq"":-20,""rssi"":-57,""snr"":null,""ta"":0,""level"":3,""bands"":""1""},{""type"":""LTE"",""pci"":471,""earfcn"":3050,""tac"":null,""rsrp"":-96,""rsrq"":-20,""rssi"":-61,""snr"":null,""ta"":0,""level"":2,""bands"":""7""}]",1013.0808,167,39.233,16,4,,,,"[{""b"":""12:e3:c7:0b:03:fc"",""s"":""T Free WiFi Zone"",""r"":-50,""f"":2432},{""b"":""02:e3:c7:0b:03:fc"",""s"":""T wifi zone_secure"",""r"":-50,""f"":2432},{""b"":""10:e3:c7:0b:03:fc"",""s"":""T wifi zone"",""r"":-50,""f"":2432},{""b"":""12:e3:c7:0b:03:fb"",""s"":""T Free WiFi Zone"",""r"":-57,""f"":5300},{""b"":""02:e3:c7:0b:03:fb"",""s"":""T wifi zone_secure"",""r"":-57,""f"":5300},{""b"":""10:e3:c7:0b:03:fb"",""s"":""T wifi zone"",""r"":-57,""f"":5300},{""b"":""32:89:d3:ca:1a:02"",""s"":""GlobalWiFi_10OW8P"",""r"":-64,""f"":2462},{""b"":""10:e3:c7:0b:04:05"",""s"":""T wifi zone"",""r"":-69,""f"":5785},{""b"":""02:e3:c7:0b:04:05"",""s"":""T wifi zone_secure"",""r"":-69,""f"":5785},{""b"":""32:89:d3:c3:d9:36"",""s"":""GlobalWiFi_107LDV"",""r"":-74,""f"":2412},{""b"":""10:e3:c7:0b:04:06"",""s"":""T wifi zone"",""r"":-78,""f"":2452},{""b"":""32:89:d3:ca:15:6b"",""s"":""GlobalWiFi_10OF91"",""r"":-78,""f"":2437},{""b"":""0a:29:d5:5a:34:00"",""s"":""metro_afc_5g_L3"",""r"":-87,""f"":5805},{""b"":""0a:29:d5:33:85:c3"",""s"":""Public WiFi Secure"",""r"":-93,""f"":5220},{""b"":""0a:29:d5:33:85:c1"",""s"":""U+zone"",""r"":-94,""f"":5220}]",""
1789876633878,2026-09-20 12:57:13,unknown,37.5665616,126.9926361,9.164,1.4099269,338.88626,41.89999771118164,fused,0,LTE,NR_NSA,5G,true,false,true,false,false,51249420,232,100,1,8326,450,06,-74,-6,-51,25,4,0,,,,70,99,0.0006,0.0008,30,59,0.0002,0.0005,false,5,0,5,-74,232,2600,1.4099269,false,false,periodic,38,0,0,0,7835,,,,"[{""type"":""LTE"",""pci"":232,""earfcn"":2600,""tac"":null,""rsrp"":-74,""rsrq"":-7,""rssi"":-57,""snr"":null,""ta"":0,""level"":4,""bands"":""5""},{""type"":""LTE"",""pci"":232,""earfcn"":3050,""tac"":null,""rsrp"":-81,""rsrq"":-7,""rssi"":-65,""snr"":null,""ta"":0,""level"":4,""bands"":""7""},{""type"":""LTE"",""pci"":471,""earfcn"":2600,""tac"":null,""rsrp"":-89,""rsrq"":-18,""rssi"":-61,""snr"":null,""ta"":0,""level"":3,""bands"":""5""},{""type"":""LTE"",""pci"":471,""earfcn"":100,""tac"":null,""rsrp"":-91,""rsrq"":-20,""rssi"":-57,""snr"":null,""ta"":0,""level"":3,""bands"":""1""},{""type"":""LTE"",""pci"":471,""earfcn"":3050,""tac"":null,""rsrp"":-96,""rsrq"":-20,""rssi"":-61,""snr"":null,""ta"":0,""level"":2,""bands"":""7""}]",1013.2687,28,,10,1,,,,"[{""b"":""32:89:d3:c3:d9:36"",""s"":""GlobalWiFi_107LDV"",""r"":-62,""f"":2412},{""b"":""00:40:5a:b7:9c:0a"",""s"":""U+zone"",""r"":-62,""f"":2432},{""b"":""12:e3:c7:0b:03:fc"",""s"":""T Free WiFi Zone"",""r"":-65,""f"":2432},{""b"":""32:89:d3:ca:15:6b"",""s"":""GlobalWiFi_10OF91"",""r"":-68,""f"":2437},{""b"":""00:40:5a:b7:9c:0b"",""s"":""FREE_U+zone"",""r"":-68,""f"":2432},{""b"":""0a:29:d5:5a:34:00"",""s"":""metro_afc_5g_L3"",""r"":-71,""f"":5805},{""b"":""12:e3:c7:0b:03:fb"",""s"":""T Free WiFi Zone"",""r"":-73,""f"":5300},{""b"":""02:e3:c7:0b:03:fb"",""s"":""T wifi zone_secure"",""r"":-77,""f"":5300},{""b"":""10:e3:c7:0b:03:fb"",""s"":""T wifi zone"",""r"":-82,""f"":5300},{""b"":""0a:29:d5:5a:34:10"",""s"":""metro_afc_5g_L3"",""r"":-84,""f"":5180}]",""
1789876638888,2026-09-20 12:57:18,unknown,37.5666159,126.9925894,9.871,1.1785871,331.46246,39.323927782005164,fused,0,LTE,NR_NSA,5G,true,false,true,false,false,51249420,232,100,1,8326,450,06,-71,-5,-51,,4,0,,,,64,112,0.0005,0.0009,44,92,0.0004,0.0007,false,4,0,4,-68,232,2600,1.1785871,false,false,periodic,43,0,3,,1084,,,,"[{""type"":""LTE"",""pci"":232,""earfcn"":2600,""tac"":null,""rsrp"":-68,""rsrq"":-8,""rssi"":-51,""snr"":null,""ta"":0,""level"":4,""bands"":""5""},{""type"":""LTE"",""pci"":232,""earfcn"":3050,""tac"":null,""rsrp"":-75,""rsrq"":-12,""rssi"":-51,""snr"":null,""ta"":0,""level"":4,""bands"":""7""},{""type"":""LTE"",""pci"":459,""earfcn"":100,""tac"":null,""rsrp"":-83,""rsrq"":-18,""rssi"":-51,""snr"":null,""ta"":0,""level"":4,""bands"":""1""},{""type"":""LTE"",""pci"":471,""earfcn"":2600,""tac"":null,""rsrp"":-87,""rsrq"":-20,""rssi"":-53,""snr"":null,""ta"":0,""level"":3,""bands"":""5""}]",1013.2678,30,,10,6,,,,"[{""b"":""32:89:d3:c3:d9:36"",""s"":""GlobalWiFi_107LDV"",""r"":-62,""f"":2412},{""b"":""00:40:5a:b7:9c:0a"",""s"":""U+zone"",""r"":-62,""f"":2432},{""b"":""12:e3:c7:0b:03:fc"",""s"":""T Free WiFi Zone"",""r"":-65,""f"":2432},{""b"":""32:89:d3:ca:15:6b"",""s"":""GlobalWiFi_10OF91"",""r"":-68,""f"":2437},{""b"":""00:40:5a:b7:9c:0b"",""s"":""FREE_U+zone"",""r"":-68,""f"":2432},{""b"":""0a:29:d5:5a:34:00"",""s"":""metro_afc_5g_L3"",""r"":-71,""f"":5805},{""b"":""12:e3:c7:0b:03:fb"",""s"":""T Free WiFi Zone"",""r"":-73,""f"":5300},{""b"":""02:e3:c7:0b:03:fb"",""s"":""T wifi zone_secure"",""r"":-77,""f"":5300},{""b"":""10:e3:c7:0b:03:fb"",""s"":""T wifi zone"",""r"":-82,""f"":5300},{""b"":""0a:29:d5:5a:34:10"",""s"":""metro_afc_5g_L3"",""r"":-84,""f"":5180}]",""
1789876643900,2026-09-20 12:57:23,unknown,37.5666736,126.992571,12.898,1.1636858,339.54132,39.34412467056073,fused,0,LTE,NR_NSA,5G,true,false,true,false,false,51249420,232,100,1,8326,450,06,-71,-5,-51,,4,0,,,,178,411,0.0014,0.0033,158,391,0.0013,0.0031,false,4,0,4,-68,232,2600,1.1636858,false,false,periodic,48,0,0,,6094,,,,"[{""type"":""LTE"",""pci"":232,""earfcn"":2600,""tac"":null,""rsrp"":-68,""rsrq"":-8,""rssi"":-51,""snr"":null,""ta"":0,""level"":4,""bands"":""5""},{""type"":""LTE"",""pci"":232,""earfcn"":3050,""tac"":null,""rsrp"":-75,""rsrq"":-12,""rssi"":-51,""snr"":null,""ta"":0,""level"":4,""bands"":""7""},{""type"":""LTE"",""pci"":459,""earfcn"":100,""tac"":null,""rsrp"":-83,""rsrq"":-18,""rssi"":-51,""snr"":null,""ta"":0,""level"":4,""bands"":""1""},{""type"":""LTE"",""pci"":471,""earfcn"":2600,""tac"":null,""rsrp"":-87,""rsrq"":-20,""rssi"":-53,""snr"":null,""ta"":0,""level"":3,""bands"":""5""}]",1013.20514,11,,9,4,,,,"[{""b"":""32:89:d3:ca:1a:02"",""s"":""GlobalWiFi_10OW8P"",""r"":-48,""f"":2462},{""b"":""32:89:d3:ca:15:6b"",""s"":""GlobalWiFi_10OF91"",""r"":-60,""f"":2437},{""b"":""0a:29:d5:5a:34:00"",""s"":""metro_afc_5g_L3"",""r"":-69,""f"":5805},{""b"":""00:40:5a:b7:c0:93"",""s"":""FREE_U+zone"",""r"":-71,""f"":2472},{""b"":""00:40:5a:b7:a5:e3"",""s"":""FREE_U+zone"",""r"":-79,""f"":2412},{""b"":""00:40:5a:b7:a5:e2"",""s"":""U+zone"",""r"":-80,""f"":2412},{""b"":""02:e3:c7:0b:03:fb"",""s"":""T wifi zone_secure"",""r"":-85,""f"":5300},{""b"":""12:e3:c7:0b:03:fb"",""s"":""T Free WiFi Zone"",""r"":-87,""f"":5300},{""b"":""0a:29:d5:5a:34:10"",""s"":""metro_afc_5g_L3"",""r"":-88,""f"":5180}]",""
1789876648907,2026-09-20 12:57:28,unknown,37.5667297,126.9925438,13.513,1.2029306,335.6608,39.515058159628474,fused,0,LTE,NR_NSA,5G,true,false,true,false,false,51249420,232,100,1,8326,450,06,-71,-5,-51,,4,0,,,,264,283,0.0021,0.0023,244,263,0.0020,0.0021,false,4,0,4,-68,232,2600,1.2029306,false,false,periodic,53,0,0,,11104,,,,"[{""type"":""LTE"",""pci"":232,""earfcn"":2600,""tac"":null,""rsrp"":-68,""rsrq"":-8,""rssi"":-51,""snr"":null,""ta"":0,""level"":4,""bands"":""5""},{""type"":""LTE"",""pci"":232,""earfcn"":3050,""tac"":null,""rsrp"":-75,""rsrq"":-12,""rssi"":-51,""snr"":null,""ta"":0,""level"":4,""bands"":""7""},{""type"":""LTE"",""pci"":459,""earfcn"":100,""tac"":null,""rsrp"":-83,""rsrq"":-18,""rssi"":-51,""snr"":null,""ta"":0,""level"":4,""bands"":""1""},{""type"":""LTE"",""pci"":471,""earfcn"":2600,""tac"":null,""rsrp"":-87,""rsrq"":-20,""rssi"":-53,""snr"":null,""ta"":0,""level"":3,""bands"":""5""}]",1013.18365,27,,12,4,,,,"[{""b"":""32:89:d3:c3:d9:36"",""s"":""GlobalWiFi_107LDV"",""r"":-59,""f"":2412},{""b"":""0a:29:d5:5a:34:00"",""s"":""metro_afc_5g_L3"",""r"":-61,""f"":5805},{""b"":""32:89:d3:ca:1a:02"",""s"":""GlobalWiFi_10OW8P"",""r"":-62,""f"":2462},{""b"":""32:89:d3:ca:15:6b"",""s"":""GlobalWiFi_10OF91"",""r"":-63,""f"":2437},{""b"":""06:29:d5:5a:34:00"",""s"":""smartair_2G_0"",""r"":-64,""f"":2462},{""b"":""00:40:5a:b7:9c:0b"",""s"":""FREE_U+zone"",""r"":-65,""f"":2432},{""b"":""00:40:5a:b7:69:33"",""s"":""FREE_U+zone"",""r"":-74,""f"":2452},{""b"":""0a:29:d5:af:51:91"",""s"":""U+zone"",""r"":-85,""f"":5180},{""b"":""02:e3:c7:0b:03:fb"",""s"":""T wifi zone_secure"",""r"":-89,""f"":5300},{""b"":""12:e3:c7:0b:03:fb"",""s"":""T Free WiFi Zone"",""r"":-90,""f"":5300},{""b"":""10:e3:c7:0b:03:fb"",""s"":""T wifi zone"",""r"":-90,""f"":5300},{""b"":""0a:29:d5:af:51:b1"",""s"":""U+zone"",""r"":-91,""f"":5745}]",""
1789876653927,2026-09-20 12:57:33,unknown,37.566794,126.9925316,14.443,1.0949435,47.266384,39.906549387296664,fused,0,LTE,NR_NSA,5G,true,false,true,false,false,51249420,232,100,1,8326,450,06,-72,-6,-51,,4,0,,,,50,78,0.0004,0.0006,30,58,0.0002,0.0005,false,4,0,4,-64,232,2600,1.0949435,false,false,periodic,58,0,-1,,5000,,,,"[{""type"":""LTE"",""pci"":232,""earfcn"":2600,""tac"":null,""rsrp"":-64,""rsrq"":-6,""rssi"":-51,""snr"":null,""ta"":0,""level"":4,""bands"":""5""},{""type"":""LTE"",""pci"":471,""earfcn"":2600,""tac"":null,""rsrp"":-71,""rsrq"":-20,""rssi"":-51,""snr"":null,""ta"":0,""level"":4,""bands"":""5""},{""type"":""LTE"",""pci"":459,""earfcn"":100,""tac"":null,""rsrp"":-81,""rsrq"":-19,""rssi"":-51,""snr"":null,""ta"":0,""level"":4,""bands"":""1""},{""type"":""LTE"",""pci"":232,""earfcn"":3050,""tac"":null,""rsrp"":-88,""rsrq"":-7,""rssi"":-69,""snr"":null,""ta"":0,""level"":3,""bands"":""7""}]",1013.18384,32,,9,3,,,,"[{""b"":""32:89:d3:c3:d9:36"",""s"":""GlobalWiFi_107LDV"",""r"":-65,""f"":2412},{""b"":""32:89:d3:ca:1a:02"",""s"":""GlobalWiFi_10OW8P"",""r"":-70,""f"":2462},{""b"":""00:40:5a:b7:69:33"",""s"":""FREE_U+zone"",""r"":-71,""f"":2452},{""b"":""00:40:5a:b7:69:32"",""s"":""U+zone"",""r"":-72,""f"":2452},{""b"":""06:29:d5:5a:34:00"",""s"":""smartair_2G_0"",""r"":-72,""f"":2462},{""b"":""0a:29:d5:5a:34:00"",""s"":""metro_afc_5g_L3"",""r"":-73,""f"":5805},{""b"":""00:40:5a:b7:c0:92"",""s"":""U+zone"",""r"":-76,""f"":2472},{""b"":""00:40:5a:b7:93:fa"",""s"":""U+zone"",""r"":-82,""f"":2472},{""b"":""0a:29:d5:5a:34:10"",""s"":""metro_afc_5g_L3"",""r"":-87,""f"":5180}]",""
1789876658940,2026-09-20 12:57:38,unknown,37.5668172,126.9925699,14.373,0.9761609,0.6514988,38.29999923706055,fused,0,LTE,NR_NSA,5G,true,false,true,false,false,51249420,232,100,1,8326,450,06,-67,-6,-51,14,4,0,,,,421251,529,3.3700,0.0042,421211,489,3.3697,0.0039,false,5,0,5,-65,232,2600,0.9761609,false,false,periodic,63,0,5,,5001,,,,"[{""type"":""LTE"",""pci"":232,""earfcn"":2600,""tac"":null,""rsrp"":-65,""rsrq"":-8,""rssi"":-51,""snr"":null,""ta"":0,""level"":4,""bands"":""5""},{""type"":""LTE"",""pci"":232,""earfcn"":3050,""tac"":null,""rsrp"":-68,""rsrq"":-7,""rssi"":-51,""snr"":null,""ta"":0,""level"":4,""bands"":""7""},{""type"":""LTE"",""pci"":313,""earfcn"":100,""tac"":null,""rsrp"":-81,""rsrq"":-16,""rssi"":-53,""snr"":null,""ta"":0,""level"":4,""bands"":""1""},{""type"":""LTE"",""pci"":459,""earfcn"":100,""tac"":null,""rsrp"":-86,""rsrq"":-20,""rssi"":-53,""snr"":null,""ta"":0,""level"":3,""bands"":""1""},{""type"":""LTE"",""pci"":459,""earfcn"":3050,""tac"":null,""rsrp"":-101,""rsrq"":-20,""rssi"":-69,""snr"":null,""ta"":0,""level"":2,""bands"":""7""}]",1013.20215,127,49.694,8,5,,,,"[{""b"":""00:40:5a:b7:9c:0a"",""s"":""U+zone"",""r"":-51,""f"":2432},{""b"":""00:40:5a:b7:9c:0b"",""s"":""FREE_U+zone"",""r"":-58,""f"":2432},{""b"":""32:89:d3:c3:d9:36"",""s"":""GlobalWiFi_107LDV"",""r"":-62,""f"":2412},{""b"":""32:89:d3:ca:15:6b"",""s"":""GlobalWiFi_10OF91"",""r"":-64,""f"":2437},{""b"":""00:40:5a:b7:69:32"",""s"":""U+zone"",""r"":-70,""f"":2452},{""b"":""06:29:d5:5a:34:00"",""s"":""smartair_2G_0"",""r"":-75,""f"":2462},{""b"":""0a:29:d5:5a:34:00"",""s"":""metro_afc_5g_L3"",""r"":-77,""f"":5805},{""b"":""0a:29:d5:5a:34:10"",""s"":""metro_afc_5g_L3"",""r"":-88,""f"":5180}]",""
1789876663951,2026-09-20 12:57:43,unknown,37.566843,126.9925577,11.326,0.9706317,1.9729917,38.29999923706055,fused,1,LTE,NR_NSA,5G,true,false,true,false,false,51249420,232,100,1,8326,450,06,-60,-6,-51,17,4,0,,,,1038,1245,0.0083,0.0100,1018,1225,0.0081,0.0098,false,5,0,5,-54,232,2600,0.9706317,false,false,periodic,68,0,7,3,5001,,,,"[{""type"":""LTE"",""pci"":232,""earfcn"":2600,""tac"":null,""rsrp"":-54,""rsrq"":-8,""rssi"":-51,""snr"":null,""ta"":0,""level"":4,""bands"":""5""},{""type"":""LTE"",""pci"":232,""earfcn"":3050,""tac"":null,""rsrp"":-66,""rsrq"":-4,""rssi"":-51,""snr"":null,""ta"":0,""level"":4,""bands"":""7""},{""type"":""LTE"",""pci"":459,""earfcn"":100,""tac"":null,""rsrp"":-77,""rsrq"":-13,""rssi"":-53,""snr"":null,""ta"":0,""level"":4,""bands"":""1""},{""type"":""LTE"",""pci"":459,""earfcn"":2600,""tac"":null,""rsrp"":-84,""rsrq"":-20,""rssi"":-53,""snr"":null,""ta"":0,""level"":4,""bands"":""5""},{""type"":""LTE"",""pci"":459,""earfcn"":3050,""tac"":null,""rsrp"":-91,""rsrq"":-20,""rssi"":-57,""snr"":null,""ta"":0,""level"":3,""bands"":""7""}]",1013.231,39,,8,6,,,,"[{""b"":""00:40:5a:b7:9c:0b"",""s"":""FREE_U+zone"",""r"":-49,""f"":2432},{""b"":""00:40:5a:b7:9c:0a"",""s"":""U+zone"",""r"":-49,""f"":2432},{""b"":""32:89:d3:c3:d9:36"",""s"":""GlobalWiFi_107LDV"",""r"":-61,""f"":2412},{""b"":""00:40:5a:b7:69:32"",""s"":""U+zone"",""r"":-69,""f"":2452},{""b"":""00:40:5a:b7:69:33"",""s"":""FREE_U+zone"",""r"":-69,""f"":2452},{""b"":""06:29:d5:5a:34:00"",""s"":""smartair_2G_0"",""r"":-75,""f"":2462},{""b"":""0a:29:d5:5a:34:00"",""s"":""metro_afc_5g_L3"",""r"":-79,""f"":5805},{""b"":""0a:29:d5:5a:34:10"",""s"":""metro_afc_5g_L3"",""r"":-87,""f"":5180}]",""
1789876667512,2026-09-20 12:57:47,unknown,37.5668782,126.9925421,11.579,1.0319093,352.89523,38.29999923706055,fused,0,LTE,NR_NSA,5G,true,false,true,false,false,51249422,459,100,1,8326,450,06,-64,-10,-51,17,4,0,,,,1576,510,0.0126,0.0041,1548,482,0.0124,0.0039,false,4,0,4,-61,232,2600,1.0319093,true,false,handover,0,1,,,10,51249420,-60,-6,"[{""type"":""LTE"",""pci"":232,""earfcn"":2600,""tac"":null,""rsrp"":-61,""rsrq"":-8,""rssi"":-51,""snr"":null,""ta"":0,""level"":4,""bands"":""5""},{""type"":""LTE"",""pci"":232,""earfcn"":100,""tac"":null,""rsrp"":-70,""rsrq"":-11,""rssi"":-51,""snr"":null,""ta"":0,""level"":4,""bands"":""1""},{""type"":""LTE"",""pci"":232,""earfcn"":3050,""tac"":null,""rsrp"":-74,""rsrq"":-9,""rssi"":-53,""snr"":null,""ta"":0,""level"":4,""bands"":""7""},{""type"":""LTE"",""pci"":459,""earfcn"":3050,""tac"":null,""rsrp"":-89,""rsrq"":-20,""rssi"":-53,""snr"":null,""ta"":0,""level"":3,""bands"":""7""}]",1013.2561,39,,3,3,,,,"[{""b"":""00:40:5a:b7:9c:0b"",""s"":""FREE_U+zone"",""r"":-37,""f"":2432},{""b"":""00:40:5a:b7:9c:0a"",""s"":""U+zone"",""r"":-37,""f"":2432},{""b"":""0a:29:d5:5a:34:00"",""s"":""metro_afc_5g_L3"",""r"":-84,""f"":5805}]","[{""type"":""LTE"",""pci"":232,""earfcn"":2600,""tac"":null,""rsrp"":-54,""rsrq"":-8,""rssi"":-51,""snr"":null,""ta"":0,""level"":4,""bands"":""5""},{""type"":""LTE"",""pci"":232,""earfcn"":3050,""tac"":null,""rsrp"":-66,""rsrq"":-4,""rssi"":-51,""snr"":null,""ta"":0,""level"":4,""bands"":""7""},{""type"":""LTE"",""pci"":459,""earfcn"":100,""tac"":null,""rsrp"":-77,""rsrq"":-13,""rssi"":-53,""snr"":null,""ta"":0,""level"":4,""bands"":""1""},{""type"":""LTE"",""pci"":459,""earfcn"":2600,""tac"":null,""rsrp"":-84,""rsrq"":-20,""rssi"":-53,""snr"":null,""ta"":0,""level"":4,""bands"":""5""},{""type"":""LTE"",""pci"":459,""earfcn"":3050,""tac"":null,""rsrp"":-91,""rsrq"":-20,""rssi"":-57,""snr"":null,""ta"":0,""level"":3,""bands"":""7""}]"
1789876668959,2026-09-20 12:57:48,unknown,37.5668915,126.9925364,11.947,1.110342,349.86865,38.29999923706055,fused,0,LTE,NR_NSA,5G,true,false,true,false,false,51249422,459,100,1,8326,450,06,-64,-10,-51,17,4,0,,,,147526,55112,1.1802,0.4409,147526,55112,1.1802,0.4409,false,4,0,4,-61,232,2600,1.110342,false,false,periodic,1,1,0,0,1452,,,,"[{""type"":""LTE"",""pci"":232,""earfcn"":2600,""tac"":null,""rsrp"":-61,""rsrq"":-8,""rssi"":-51,""snr"":null,""ta"":0,""level"":4,""bands"":""5""},{""type"":""LTE"",""pci"":232,""earfcn"":100,""tac"":null,""rsrp"":-70,""rsrq"":-11,""rssi"":-51,""snr"":null,""ta"":0,""level"":4,""bands"":""1""},{""type"":""LTE"",""pci"":232,""earfcn"":3050,""tac"":null,""rsrp"":-74,""rsrq"":-9,""rssi"":-53,""snr"":null,""ta"":0,""level"":4,""bands"":""7""},{""type"":""LTE"",""pci"":459,""earfcn"":3050,""tac"":null,""rsrp"":-89,""rsrq"":-20,""rssi"":-53,""snr"":null,""ta"":0,""level"":3,""bands"":""7""}]",1013.1613,10,,3,5,,,,"[{""b"":""00:40:5a:b7:9c:0b"",""s"":""FREE_U+zone"",""r"":-37,""f"":2432},{""b"":""00:40:5a:b7:9c:0a"",""s"":""U+zone"",""r"":-37,""f"":2432},{""b"":""0a:29:d5:5a:34:00"",""s"":""metro_afc_5g_L3"",""r"":-84,""f"":5805}]",""
1789876671379,2026-09-20 12:57:51,unknown,37.5669134,126.9925397,12.346,1.3294189,57.544895,38.29999923706055,fused,0,LTE,NR_NSA,5G,true,false,true,false,false,51249420,232,100,1,8326,450,06,-71,-8,-51,16,4,0,,,,228528,26093,1.8282,0.2087,228487,26052,1.8279,0.2084,false,5,0,5,-59,232,2600,1.3294189,true,true,handover,0,2,,,7,51249422,-64,-10,"[{""type"":""LTE"",""pci"":232,""earfcn"":2600,""tac"":null,""rsrp"":-59,""rsrq"":-8,""rssi"":-51,""snr"":null,""ta"":0,""level"":4,""bands"":""5""},{""type"":""LTE"",""pci"":459,""earfcn"":100,""tac"":null,""rsrp"":-68,""rsrq"":-9,""rssi"":-51,""snr"":null,""ta"":0,""level"":4,""bands"":""1""},{""type"":""LTE"",""pci"":459,""earfcn"":2600,""tac"":null,""rsrp"":-76,""rsrq"":-20,""rssi"":-51,""snr"":null,""ta"":0,""level"":4,""bands"":""5""},{""type"":""LTE"",""pci"":232,""earfcn"":3050,""tac"":null,""rsrp"":-77,""rsrq"":-6,""rssi"":-61,""snr"":null,""ta"":0,""level"":4,""bands"":""7""},{""type"":""LTE"",""pci"":459,""earfcn"":3050,""tac"":null,""rsrp"":-90,""rsrq"":-14,""rssi"":-61,""snr"":null,""ta"":0,""level"":3,""bands"":""7""}]",1013.2578,10,,3,7,,,,"[{""b"":""00:40:5a:b7:9c:0b"",""s"":""FREE_U+zone"",""r"":-37,""f"":2432},{""b"":""00:40:5a:b7:9c:0a"",""s"":""U+zone"",""r"":-37,""f"":2432},{""b"":""0a:29:d5:5a:34:00"",""s"":""metro_afc_5g_L3"",""r"":-84,""f"":5805}]","[{""type"":""LTE"",""pci"":232,""earfcn"":2600,""tac"":null,""rsrp"":-61,""rsrq"":-8,""rssi"":-51,""snr"":null,""ta"":0,""level"":4,""bands"":""5""},{""type"":""LTE"",""pci"":232,""earfcn"":100,""tac"":null,""rsrp"":-70,""rsrq"":-11,""rssi"":-51,""snr"":null,""ta"":0,""level"":4,""bands"":""1""},{""type"":""LTE"",""pci"":232,""earfcn"":3050,""tac"":null,""rsrp"":-74,""rsrq"":-9,""rssi"":-53,""snr"":null,""ta"":0,""level"":4,""bands"":""7""},{""type"":""LTE"",""pci"":459,""earfcn"":3050,""tac"":null,""rsrp"":-89,""rsrq"":-20,""rssi"":-53,""snr"":null,""ta"":0,""level"":3,""bands"":""7""}]"
1789876673964,2026-09-20 12:57:53,unknown,37.5669307,126.9925394,13.379,1.0484741,350.24026,38.29999923706055,fused,0,LTE,NR_NSA,5G,true,false,true,false,false,51249420,232,100,1,8326,450,06,-71,-8,-51,16,4,0,,,,1412276,65789,11.2982,0.5263,1412276,65789,11.2982,0.5263,false,5,0,5,-59,232,2600,1.0484741,false,false,periodic,2,2,0,0,2590,,,,"[{""type"":""LTE"",""pci"":232,""earfcn"":2600,""tac"":null,""rsrp"":-59,""rsrq"":-8,""rssi"":-51,""snr"":null,""ta"":0,""level"":4,""bands"":""5""},{""type"":""LTE"",""pci"":459,""earfcn"":100,""tac"":null,""rsrp"":-68,""rsrq"":-9,""rssi"":-51,""snr"":null,""ta"":0,""level"":4,""bands"":""1""},{""type"":""LTE"",""pci"":459,""earfcn"":2600,""tac"":null,""rsrp"":-76,""rsrq"":-20,""rssi"":-51,""snr"":null,""ta"":0,""level"":4,""bands"":""5""},{""type"":""LTE"",""pci"":232,""earfcn"":3050,""tac"":null,""rsrp"":-77,""rsrq"":-6,""rssi"":-61,""snr"":null,""ta"":0,""level"":4,""bands"":""7""},{""type"":""LTE"",""pci"":459,""earfcn"":3050,""tac"":null,""rsrp"":-90,""rsrq"":-14,""rssi"":-61,""snr"":null,""ta"":0,""level"":3,""bands"":""7""}]",1013.34,11,,2,4,,,,"[{""b"":""00:40:5a:b7:93:fa"",""s"":""U+zone"",""r"":-74,""f"":2472},{""b"":""0a:29:d5:5a:34:00"",""s"":""metro_afc_5g_L3"",""r"":-89,""f"":5805}]",""
1789876677394,2026-09-20 12:57:57,unknown,37.5669377,126.9925343,15.746,1.1476282,357.10577,38.29999923706055,fused,1,LTE,NR_NSA,5G,true,false,true,false,false,51249422,459,100,1,8326,450,06,-66,-8,-51,12,4,0,,,,72365,33115,0.5789,0.2649,72336,33086,0.5787,0.2647,false,5,0,5,-61,232,2600,1.1476282,true,true,handover,0,3,,,7,51249420,-71,-8,"[{""type"":""LTE"",""pci"":232,""earfcn"":2600,""tac"":null,""rsrp"":-61,""rsrq"":-7,""rssi"":-51,""snr"":null,""ta"":0,""level"":4,""bands"":""5""},{""type"":""LTE"",""pci"":232,""earfcn"":100,""tac"":null,""rsrp"":-72,""rsrq"":-11,""rssi"":-51,""snr"":null,""ta"":0,""level"":4,""bands"":""1""},{""type"":""LTE"",""pci"":459,""earfcn"":2600,""tac"":null,""rsrp"":-76,""rsrq"":-20,""rssi"":-51,""snr"":null,""ta"":0,""level"":4,""bands"":""5""},{""type"":""LTE"",""pci"":232,""earfcn"":3050,""tac"":null,""rsrp"":-80,""rsrq"":-8,""rssi"":-61,""snr"":null,""ta"":0,""level"":4,""bands"":""7""},{""type"":""LTE"",""pci"":459,""earfcn"":3050,""tac"":null,""rsrp"":-84,""rsrq"":-12,""rssi"":-61,""snr"":null,""ta"":0,""level"":4,""bands"":""7""}]",1013.48645,11,,2,7,,,,"[{""b"":""00:40:5a:b7:93:fa"",""s"":""U+zone"",""r"":-74,""f"":2472},{""b"":""0a:29:d5:5a:34:00"",""s"":""metro_afc_5g_L3"",""r"":-89,""f"":5805}]","[{""type"":""LTE"",""pci"":232,""earfcn"":2600,""tac"":null,""rsrp"":-59,""rsrq"":-8,""rssi"":-51,""snr"":null,""ta"":0,""level"":4,""bands"":""5""},{""type"":""LTE"",""pci"":459,""earfcn"":100,""tac"":null,""rsrp"":-68,""rsrq"":-9,""rssi"":-51,""snr"":null,""ta"":0,""level"":4,""bands"":""1""},{""type"":""LTE"",""pci"":459,""earfcn"":2600,""tac"":null,""rsrp"":-76,""rsrq"":-20,""rssi"":-51,""snr"":null,""ta"":0,""level"":4,""bands"":""5""},{""type"":""LTE"",""pci"":232,""earfcn"":3050,""tac"":null,""rsrp"":-77,""rsrq"":-6,""rssi"":-61,""snr"":null,""ta"":0,""level"":4,""bands"":""7""},{""type"":""LTE"",""pci"":459,""earfcn"":3050,""tac"":null,""rsrp"":-90,""rsrq"":-14,""rssi"":-61,""snr"":null,""ta"":0,""level"":3,""bands"":""7""}]"
1789876678971,2026-09-20 12:57:58,unknown,37.5669416,126.9925361,18.62,1.1422426,358.98718,37.970940317201425,fused,0,LTE,NR_NSA,5G,true,false,true,false,false,51249422,459,100,1,8326,450,06,-66,-8,-51,12,4,0,,,,20927,10695,0.1674,0.0856,20864,10632,0.1669,0.0851,false,5,0,5,-61,232,2600,1.1422426,false,false,periodic,1,3,0,0,1585,,,,"[{""type"":""LTE"",""pci"":232,""earfcn"":2600,""tac"":null,""rsrp"":-61,""rsrq"":-7,""rssi"":-51,""snr"":null,""ta"":0,""level"":4,""bands"":""5""},{""type"":""LTE"",""pci"":232,""earfcn"":100,""tac"":null,""rsrp"":-72,""rsrq"":-11,""rssi"":-51,""snr"":null,""ta"":0,""level"":4,""bands"":""1""},{""type"":""LTE"",""pci"":459,""earfcn"":2600,""tac"":null,""rsrp"":-76,""rsrq"":-20,""rssi"":-51,""snr"":null,""ta"":0,""level"":4,""bands"":""5""},{""type"":""LTE"",""pci"":232,""earfcn"":3050,""tac"":null,""rsrp"":-80,""rsrq"":-8,""rssi"":-61,""snr"":null,""ta"":0,""level"":4,""bands"":""7""},{""type"":""LTE"",""pci"":459,""earfcn"":3050,""tac"":null,""rsrp"":-84,""rsrq"":-12,""rssi"":-61,""snr"":null,""ta"":0,""level"":4,""bands"":""7""}]",1013.54407,11,,3,3,,,,"[{""b"":""00:40:5a:b7:69:32"",""s"":""U+zone"",""r"":-76,""f"":2452},{""b"":""00:40:5a:b7:a5:e3"",""s"":""FREE_U+zone"",""r"":-80,""f"":2412},{""b"":""0a:29:d5:5a:34:00"",""s"":""metro_afc_5g_L3"",""r"":-89,""f"":5805}]",""
1789876683980,2026-09-20 12:58:03,unknown,37.5669671,126.9925197,26.674,1.183973,350.477,36.37206709322012,fused,0,LTE,NR_NSA,5G,true,false,true,false,false,51249422,459,100,1,8326,450,06,-63,-8,-51,15,4,0,,,,22484,3745,0.1799,0.0300,22464,3725,0.1797,0.0298,false,5,0,5,-67,459,2600,1.183973,false,false,periodic,6,3,3,3,5002,,,,"[{""type"":""LTE"",""pci"":459,""earfcn"":2600,""tac"":null,""rsrp"":-67,""rsrq"":-8,""rssi"":-51,""snr"":null,""ta"":0,""level"":4,""bands"":""5""},{""type"":""LTE"",""pci"":232,""earfcn"":100,""tac"":null,""rsrp"":-68,""rsrq"":-14,""rssi"":-51,""snr"":null,""ta"":0,""level"":4,""bands"":""1""},{""type"":""LTE"",""pci"":232,""earfcn"":2600,""tac"":null,""rsrp"":-73,""rsrq"":-14,""rssi"":-51,""snr"":null,""ta"":0,""level"":4,""bands"":""5""},{""type"":""LTE"",""pci"":459,""earfcn"":3050,""tac"":null,""rsrp"":-81,""rsrq"":-11,""rssi"":-61,""snr"":null,""ta"":0,""level"":4,""bands"":""7""},{""type"":""LTE"",""pci"":232,""earfcn"":3050,""tac"":null,""rsrp"":-83,""rsrq"":-10,""rssi"":-61,""snr"":null,""ta"":0,""level"":4,""bands"":""7""}]",1013.66516,14,,5,2,,,,"[{""b"":""00:40:5a:b7:9c:0b"",""s"":""FREE_U+zone"",""r"":-56,""f"":2432},{""b"":""00:40:5a:b7:9c:0a"",""s"":""U+zone"",""r"":-61,""f"":2432},{""b"":""00:40:5a:b7:93:fb"",""s"":""FREE_U+zone"",""r"":-64,""f"":2472},{""b"":""00:40:5a:b7:69:33"",""s"":""FREE_U+zone"",""r"":-80,""f"":2452},{""b"":""00:40:5a:b7:69:32"",""s"":""U+zone"",""r"":-82,""f"":2452}]",""
1789876688999,2026-09-20 12:58:08,unknown,37.5668332,126.9925182,27.144,1.1277033,214.69319,35.36481377538059,fused,2,LTE,NR_NSA,5G,true,false,true,false,false,51249422,459,100,1,8326,450,06,-52,-7,-51,24,4,0,,,,422846,2772,3.3828,0.0222,422827,2752,3.3826,0.0220,false,6,0,6,-59,232,100,1.1277033,false,false,periodic,11,3,11,9,2409,,,,"[{""type"":""LTE"",""pci"":232,""earfcn"":100,""tac"":null,""rsrp"":-59,""rsrq"":-19,""rssi"":-51,""snr"":null,""ta"":0,""level"":4,""bands"":""1""},{""type"":""LTE"",""pci"":232,""earfcn"":2600,""tac"":null,""rsrp"":-67,""rsrq"":-14,""rssi"":-51,""snr"":null,""ta"":0,""level"":4,""bands"":""5""},{""type"":""LTE"",""pci"":459,""earfcn"":2600,""tac"":null,""rsrp"":-68,""rsrq"":-12,""rssi"":-51,""snr"":null,""ta"":0,""level"":4,""bands"":""5""},{""type"":""LTE"",""pci"":459,""earfcn"":3050,""tac"":null,""rsrp"":-70,""rsrq"":-9,""rssi"":-51,""snr"":null,""ta"":0,""level"":4,""bands"":""7""},{""type"":""LTE"",""pci"":468,""earfcn"":3050,""tac"":null,""rsrp"":-78,""rsrq"":-18,""rssi"":-51,""snr"":null,""ta"":0,""level"":4,""bands"":""7""},{""type"":""LTE"",""pci"":232,""earfcn"":3050,""tac"":null,""rsrp"":-80,""rsrq"":-15,""rssi"":-51,""snr"":null,""ta"":0,""level"":4,""bands"":""7""}]",1013.7523,234,42.146,5,4,,,,"[{""b"":""00:40:5a:b7:9c:0a"",""s"":""U+zone"",""r"":-57,""f"":2432},{""b"":""00:40:5a:b7:9c:0b"",""s"":""FREE_U+zone"",""r"":-58,""f"":2432},{""b"":""00:40:5a:b7:69:33"",""s"":""FREE_U+zone"",""r"":-77,""f"":2452},{""b"":""00:40:5a:b7:69:32"",""s"":""U+zone"",""r"":-79,""f"":2452},{""b"":""00:40:5a:b7:a5:e2"",""s"":""U+zone"",""r"":-82,""f"":2412}]",""
1789876694016,2026-09-20 12:58:14,unknown,37.5668618,126.9924665,36.951,0.7663608,282.6781,34.04755526924968,fused,0,LTE,NR_NSA,5G,true,false,true,false,false,51249422,459,100,1,8326,450,06,-52,-8,-51,25,4,0,,,,70,114,0.0006,0.0009,51,94,0.0004,0.0008,false,5,0,5,-69,459,2600,0.7663608,false,false,periodic,16,3,0,1,2421,,,,"[{""type"":""LTE"",""pci"":459,""earfcn"":2600,""tac"":null,""rsrp"":-69,""rsrq"":-10,""rssi"":-51,""snr"":null,""ta"":0,""level"":4,""bands"":""5""},{""type"":""LTE"",""pci"":459,""earfcn"":3050,""tac"":null,""rsrp"":-76,""rsrq"":-8,""rssi"":-57,""snr"":null,""ta"":0,""level"":4,""bands"":""7""},{""type"":""LTE"",""pci"":232,""earfcn"":2600,""tac"":null,""rsrp"":-83,""rsrq"":-20,""rssi"":-51,""snr"":null,""ta"":0,""level"":4,""bands"":""5""},{""type"":""LTE"",""pci"":468,""earfcn"":3050,""tac"":null,""rsrp"":-84,""rsrq"":-16,""rssi"":-57,""snr"":null,""ta"":0,""level"":4,""bands"":""7""},{""type"":""LTE"",""pci"":232,""earfcn"":3050,""tac"":null,""rsrp"":-85,""rsrq"":-14,""rssi"":-61,""snr"":null,""ta"":0,""level"":4,""bands"":""7""}]",1013.8577,29,,,,,,,"",""
1789876699042,2026-09-20 12:58:19,unknown,37.5668785,126.9924357,41.02,0.761432,288.38763,33.38977793139136,fused,0,LTE,NR_NSA,5G,true,false,true,false,false,51249422,459,100,1,8326,450,06,-52,-9,-51,29,4,0,,,,2348,1275,0.0188,0.0102,2328,1256,0.0186,0.0100,false,6,0,6,-60,459,2600,0.761432,false,false,periodic,21,2,0,4,102,,,,"[{""type"":""LTE"",""pci"":459,""earfcn"":2600,""tac"":null,""rsrp"":-60,""rsrq"":-11,""rssi"":-51,""snr"":null,""ta"":0,""level"":4,""bands"":""5""},{""type"":""LTE"",""pci"":459,""earfcn"":3050,""tac"":null,""rsrp"":-73,""rsrq"":-8,""rssi"":-55,""snr"":null,""ta"":0,""level"":4,""bands"":""7""},{""type"":""LTE"",""pci"":232,""earfcn"":2600,""tac"":null,""rsrp"":-77,""rsrq"":-20,""rssi"":-51,""snr"":null,""ta"":0,""level"":4,""bands"":""5""},{""type"":""LTE"",""pci"":468,""earfcn"":3050,""tac"":null,""rsrp"":-83,""rsrq"":-16,""rssi"":-55,""snr"":null,""ta"":0,""level"":4,""bands"":""7""},{""type"":""LTE"",""pci"":232,""earfcn"":3050,""tac"":null,""rsrp"":-84,""rsrq"":-17,""rssi"":-57,""snr"":null,""ta"":0,""level"":4,""bands"":""7""},{""type"":""LTE"",""pci"":469,""earfcn"":3050,""tac"":null,""rsrp"":-88,""rsrq"":-16,""rssi"":-55,""snr"":null,""ta"":0,""level"":3,""bands"":""7""}]",1013.69666,9,,1,4,,,,"[{""b"":""00:40:5a:b7:69:32"",""s"":""U+zone"",""r"":-80,""f"":2452}]",""
1789876704062,2026-09-20 12:58:24,unknown,37.5668785,126.9924357,41.02,0.761432,288.38763,33.38977793139136,fused,5,LTE,NR_NSA,5G,true,false,true,false,false,51249422,459,100,1,8326,450,06,-51,-9,-51,29,4,0,,,,347,525,0.0028,0.0042,307,485,0.0025,0.0039,false,6,0,6,-56,459,2600,0.761432,false,false,periodic,26,1,1,0,115,,,,"[{""type"":""LTE"",""pci"":459,""earfcn"":2600,""tac"":null,""rsrp"":-56,""rsrq"":-11,""rssi"":-51,""snr"":null,""ta"":0,""level"":4,""bands"":""5""},{""type"":""LTE"",""pci"":459,""earfcn"":3050,""tac"":null,""rsrp"":-66,""rsrq"":-9,""rssi"":-51,""snr"":null,""ta"":0,""level"":4,""bands"":""7""},{""type"":""LTE"",""pci"":468,""earfcn"":3050,""tac"":null,""rsrp"":-75,""rsrq"":-18,""rssi"":-51,""snr"":null,""ta"":0,""level"":4,""bands"":""7""},{""type"":""LTE"",""pci"":232,""earfcn"":3050,""tac"":null,""rsrp"":-76,""rsrq"":-18,""rssi"":-51,""snr"":null,""ta"":0,""level"":4,""bands"":""7""},{""type"":""LTE"",""pci"":469,""earfcn"":3050,""tac"":null,""rsrp"":-76,""rsrq"":-18,""rssi"":-51,""snr"":null,""ta"":0,""level"":4,""bands"":""7""},{""type"":""LTE"",""pci"":232,""earfcn"":2600,""tac"":null,""rsrp"":-77,""rsrq"":-20,""rssi"":-51,""snr"":null,""ta"":0,""level"":4,""bands"":""5""}]",1013.8823,32,,1,9,,,,"[{""b"":""00:40:5a:b7:69:32"",""s"":""U+zone"",""r"":-80,""f"":2452}]",""
1789876709081,2026-09-20 12:58:29,unknown,37.5668646,126.9924198,79.321,0.4532535,259.5256,33.092087279477425,fused,4,LTE,NR_NSA,5G,true,false,true,false,false,51249422,459,100,1,8326,450,06,-51,-9,-51,29,4,0,,,,330,242,0.0026,0.0019,310,222,0.0025,0.0018,false,6,0,6,-56,459,2600,0.4532535,false,false,periodic,31,0,0,0,5132,,,,"[{""type"":""LTE"",""pci"":459,""earfcn"":2600,""tac"":null,""rsrp"":-56,""rsrq"":-11,""rssi"":-51,""snr"":null,""ta"":0,""level"":4,""bands"":""5""},{""type"":""LTE"",""pci"":459,""earfcn"":3050,""tac"":null,""rsrp"":-66,""rsrq"":-9,""rssi"":-51,""snr"":null,""ta"":0,""level"":4,""bands"":""7""},{""type"":""LTE"",""pci"":468,""earfcn"":3050,""tac"":null,""rsrp"":-75,""rsrq"":-18,""rssi"":-51,""snr"":null,""ta"":0,""level"":4,""bands"":""7""},{""type"":""LTE"",""pci"":232,""earfcn"":3050,""tac"":null,""rsrp"":-76,""rsrq"":-18,""rssi"":-51,""snr"":null,""ta"":0,""level"":4,""bands"":""7""},{""type"":""LTE"",""pci"":469,""earfcn"":3050,""tac"":null,""rsrp"":-76,""rsrq"":-18,""rssi"":-51,""snr"":null,""ta"":0,""level"":4,""bands"":""7""},{""type"":""LTE"",""pci"":232,""earfcn"":2600,""tac"":null,""rsrp"":-77,""rsrq"":-20,""rssi"":-51,""snr"":null,""ta"":0,""level"":4,""bands"":""5""}]",1013.8834,38,,2,4,,,,"[{""b"":""00:40:5a:b7:9c:0a"",""s"":""U+zone"",""r"":-75,""f"":2432},{""b"":""00:40:5a:b7:9c:0b"",""s"":""FREE_U+zone"",""r"":-77,""f"":2432}]",""
1789876714098,2026-09-20 12:58:34,unknown,37.5669395,126.9925124,57.91,0.54777944,328.14197,33.89999771118164,fused,0,LTE,NR_NSA,5G,true,false,true,false,false,51249422,459,100,1,8326,450,06,-51,-8,-51,29,4,0,,,,1889,896,0.0151,0.0072,1869,876,0.0150,0.0070,false,6,0,6,-55,459,2600,0.54777944,false,false,periodic,36,0,0,0,5003,,,,"[{""type"":""LTE"",""pci"":459,""earfcn"":2600,""tac"":null,""rsrp"":-55,""rsrq"":-11,""rssi"":-51,""snr"":null,""ta"":0,""level"":4,""bands"":""5""},{""type"":""LTE"",""pci"":459,""earfcn"":3050,""tac"":null,""rsrp"":-72,""rsrq"":-8,""rssi"":-53,""snr"":null,""ta"":0,""level"":4,""bands"":""7""},{""type"":""LTE"",""pci"":468,""earfcn"":3050,""tac"":null,""rsrp"":-74,""rsrq"":-18,""rssi"":-51,""snr"":null,""ta"":0,""level"":4,""bands"":""7""},{""type"":""LTE"",""pci"":232,""earfcn"":3050,""tac"":null,""rsrp"":-76,""rsrq"":-18,""rssi"":-51,""snr"":null,""ta"":0,""level"":4,""bands"":""7""},{""type"":""LTE"",""pci"":232,""earfcn"":2600,""tac"":null,""rsrp"":-77,""rsrq"":-20,""rssi"":-51,""snr"":null,""ta"":0,""level"":4,""bands"":""5""},{""type"":""LTE"",""pci"":469,""earfcn"":3050,""tac"":null,""rsrp"":-86,""rsrq"":-19,""rssi"":-53,""snr"":null,""ta"":0,""level"":3,""bands"":""7""}]",1013.95416,50,,4,7,,,,"[{""b"":""00:40:5a:b7:93:fb"",""s"":""FREE_U+zone"",""r"":-66,""f"":2472},{""b"":""00:40:5a:b7:93:fa"",""s"":""U+zone"",""r"":-66,""f"":2472},{""b"":""00:40:5a:b7:9c:0b"",""s"":""FREE_U+zone"",""r"":-75,""f"":2432},{""b"":""00:40:5a:b7:9c:0a"",""s"":""U+zone"",""r"":-78,""f"":2432}]",""
1789876719119,2026-09-20 12:58:39,unknown,37.566937,126.9925182,59.019,0.18930277,321.7965,33.89999771118164,fused,3,LTE,NR_NSA,5G,true,false,true,false,false,51249422,459,100,1,8326,450,06,-49,-9,-51,30,4,0,,,,420644,1008,3.3652,0.0081,420624,988,3.3650,0.0079,false,3,0,3,-56,459,2600,0.18930277,false,false,periodic,41,0,2,1,5001,,,,"[{""type"":""LTE"",""pci"":459,""earfcn"":2600,""tac"":null,""rsrp"":-56,""rsrq"":-11,""rssi"":-51,""snr"":null,""ta"":0,""level"":4,""bands"":""5""},{""type"":""LTE"",""pci"":459,""earfcn"":3050,""tac"":null,""rsrp"":-67,""rsrq"":-8,""rssi"":-51,""snr"":null,""ta"":0,""level"":4,""bands"":""7""},{""type"":""LTE"",""pci"":469,""earfcn"":3050,""tac"":null,""rsrp"":-82,""rsrq"":-19,""rssi"":-53,""snr"":null,""ta"":0,""level"":4,""bands"":""7""}]",1013.89746,10,86.197,,,,,,"",""
1789876724128,2026-09-20 12:58:44,unknown,37.5669593,126.9925145,100.0,0.18989246,322.09833,33.89999771118164,fused,3,LTE,NR_NSA,5G,true,false,true,false,false,51249422,459,100,1,8326,450,06,-47,-8,-51,30,4,0,,,,55,84,0.0004,0.0007,15,44,0.0001,0.0004,false,3,0,3,-53,459,2600,0.18989246,false,false,periodic,46,0,2,0,5001,,,,"[{""type"":""LTE"",""pci"":459,""earfcn"":2600,""tac"":null,""rsrp"":-53,""rsrq"":-9,""rssi"":-51,""snr"":null,""ta"":0,""level"":4,""bands"":""5""},{""type"":""LTE"",""pci"":459,""earfcn"":3050,""tac"":null,""rsrp"":-68,""rsrq"":-7,""rssi"":-51,""snr"":null,""ta"":0,""level"":4,""bands"":""7""},{""type"":""LTE"",""pci"":469,""earfcn"":3050,""tac"":null,""rsrp"":-73,""rsrq"":-20,""rssi"":-51,""snr"":null,""ta"":0,""level"":4,""bands"":""7""}]",1013.9204,29,,1,2,,,,"[{""b"":""00:40:5a:b7:9c:0b"",""s"":""FREE_U+zone"",""r"":-78,""f"":2432}]",""
1789876729137,2026-09-20 12:58:49,unknown,37.5669371,126.9925166,37.147,0.1462061,312.34253,33.89999771118164,fused,5,LTE,NR_NSA,5G,true,false,true,false,false,51249422,459,100,1,8326,450,06,-47,-8,-51,30,4,0,,,,2878,1731,0.0230,0.0138,2858,1711,0.0229,0.0137,false,2,0,2,-55,459,2600,0.1462061,false,false,periodic,51,0,0,0,2851,,,,"[{""type"":""LTE"",""pci"":459,""earfcn"":2600,""tac"":null,""rsrp"":-55,""rsrq"":-11,""rssi"":-51,""snr"":null,""ta"":0,""level"":4,""bands"":""5""},{""type"":""LTE"",""pci"":459,""earfcn"":3050,""tac"":null,""rsrp"":-65,""rsrq"":-9,""rssi"":-51,""snr"":null,""ta"":0,""level"":4,""bands"":""7""}]",1013.9004,29,,4,4,,,,"[{""b"":""00:40:5a:b7:93:fa"",""s"":""U+zone"",""r"":-68,""f"":2472},{""b"":""00:40:5a:b7:69:33"",""s"":""FREE_U+zone"",""r"":-79,""f"":2452},{""b"":""00:40:5a:b7:69:32"",""s"":""U+zone"",""r"":-83,""f"":2452},{""b"":""00:40:5a:b7:ae:9b"",""s"":""FREE_U+zone"",""r"":-84,""f"":2412}]",""
1789876734156,2026-09-20 12:58:54,unknown,37.5669177,126.9925235,60.838,0.119690396,262.82248,33.89999771118164,fused,1,LTE,NR_NSA,5G,true,false,true,false,false,51249422,459,100,1,8326,450,06,-46,-9,-51,30,4,0,,,,2001,1158,0.0160,0.0093,1981,1139,0.0158,0.0091,false,2,0,2,-57,459,2600,0.119690396,false,false,periodic,56,0,1,0,2862,,,,"[{""type"":""LTE"",""pci"":459,""earfcn"":2600,""tac"":null,""rsrp"":-57,""rsrq"":-11,""rssi"":-51,""snr"":null,""ta"":0,""level"":4,""bands"":""5""},{""type"":""LTE"",""pci"":459,""earfcn"":3050,""tac"":null,""rsrp"":-64,""rsrq"":-8,""rssi"":-51,""snr"":null,""ta"":0,""level"":4,""bands"":""7""}]",1013.87067,28,,,,,,,"",""
1789876739168,2026-09-20 12:58:59,unknown,37.5669177,126.9925235,60.838,0.119690396,262.82248,33.89999771118164,fused,6,LTE,NR_NSA,5G,true,false,true,false,false,51249422,459,100,1,8326,450,06,-46,-9,-51,30,4,0,,,,760,612,0.0061,0.0049,740,592,0.0059,0.0047,false,2,0,2,-57,459,2600,0.119690396,false,false,periodic,61,0,0,0,519,,,,"[{""type"":""LTE"",""pci"":459,""earfcn"":2600,""tac"":null,""rsrp"":-57,""rsrq"":-11,""rssi"":-51,""snr"":null,""ta"":0,""level"":4,""bands"":""5""},{""type"":""LTE"",""pci"":459,""earfcn"":3050,""tac"":null,""rsrp"":-71,""rsrq"":-12,""rssi"":-51,""snr"":null,""ta"":0,""level"":4,""bands"":""7""}]",1013.89105,31,,,,,,,"",""
1789876744186,2026-09-20 12:59:04,unknown,37.5669442,126.9925212,27.1,0.111938395,266.61432,33.89999771118164,fused,5,LTE,NR_NSA,5G,true,false,true,false,false,51249422,459,100,1,8326,450,06,-46,-9,-51,30,4,0,,,,1894,923,0.0152,0.0074,1874,903,0.0150,0.0072,false,2,0,2,-57,459,2600,0.111938395,false,false,periodic,66,0,0,0,5538,,,,"[{""type"":""LTE"",""pci"":459,""earfcn"":2600,""tac"":null,""rsrp"":-57,""rsrq"":-11,""rssi"":-51,""snr"":null,""ta"":0,""level"":4,""bands"":""5""},{""type"":""LTE"",""pci"":459,""earfcn"":3050,""tac"":null,""rsrp"":-71,""rsrq"":-12,""rssi"":-51,""snr"":null,""ta"":0,""level"":4,""bands"":""7""}]",1013.84454,31,,3,4,,,,"[{""b"":""00:40:5a:b7:93:fa"",""s"":""U+zone"",""r"":-62,""f"":2472},{""b"":""00:40:5a:b7:9c:0a"",""s"":""U+zone"",""r"":-80,""f"":2432},{""b"":""00:40:5a:b7:9c:0b"",""s"":""FREE_U+zone"",""r"":-81,""f"":2432}]",""
1789876749205,2026-09-20 12:59:09,unknown,37.5669459,126.9925329,45.552,0.12843603,66.60238,33.89999771118164,fused,0,LTE,NR_NSA,5G,true,false,true,false,false,51249422,459,100,1,8326,450,06,-48,-8,-51,30,4,0,,,,1300,232,0.0104,0.0019,1260,192,0.0101,0.0015,false,2,0,2,-58,459,2600,0.12843603,false,false,periodic,71,0,-2,0,5003,,,,"[{""type"":""LTE"",""pci"":459,""earfcn"":2600,""tac"":null,""rsrp"":-58,""rsrq"":-11,""rssi"":-51,""snr"":null,""ta"":0,""level"":4,""bands"":""5""},{""type"":""LTE"",""pci"":459,""earfcn"":3050,""tac"":null,""rsrp"":-66,""rsrq"":-9,""rssi"":-51,""snr"":null,""ta"":0,""level"":4,""bands"":""7""}]",1013.8632,35,,2,5,,,,"[{""b"":""00:40:5a:b7:9c:0b"",""s"":""FREE_U+zone"",""r"":-79,""f"":2432},{""b"":""00:40:5a:b7:9c:0a"",""s"":""U+zone"",""r"":-79,""f"":2432}]",""
1789876754221,2026-09-20 12:59:14,unknown,37.5669483,126.992528,46.688,0.077884756,,33.89999771118164,fused,2,LTE,NR_NSA,5G,true,false,true,false,false,51249422,459,100,1,8326,450,06,-50,-9,-51,30,4,0,,,,419847,495,3.3588,0.0040,419827,475,3.3586,0.0038,false,3,0,3,-63,459,2600,0.7347221,false,false,periodic,76,0,-2,0,5003,,,,"[{""type"":""LTE"",""pci"":459,""earfcn"":2600,""tac"":null,""rsrp"":-63,""rsrq"":-11,""rssi"":-51,""snr"":null,""ta"":0,""level"":4,""bands"":""5""},{""type"":""LTE"",""pci"":459,""earfcn"":3050,""tac"":null,""rsrp"":-70,""rsrq"":-11,""rssi"":-51,""snr"":null,""ta"":0,""level"":4,""bands"":""7""},{""type"":""LTE"",""pci"":481,""earfcn"":3050,""tac"":null,""rsrp"":-81,""rsrq"":-18,""rssi"":-51,""snr"":null,""ta"":0,""level"":4,""bands"":""7""}]",1013.8889,59,60.014,2,4,,,,"[{""b"":""00:40:5a:b7:9c:0b"",""s"":""FREE_U+zone"",""r"":-79,""f"":2432},{""b"":""00:40:5a:b7:9c:0a"",""s"":""U+zone"",""r"":-79,""f"":2432}]",""
1789876759238,2026-09-20 12:59:19,unknown,37.5669489,126.9925349,39.398,0.07788434,,33.89999771118164,fused,4,LTE,NR_NSA,5G,true,false,true,false,false,51249422,459,100,1,8326,450,06,-44,-7,-51,30,4,0,,,,1757,813,0.0141,0.0065,1737,793,0.0139,0.0063,false,3,0,3,-59,459,2600,3.2742913,false,false,periodic,81,0,6,0,5000,,,,"[{""type"":""LTE"",""pci"":459,""earfcn"":2600,""tac"":null,""rsrp"":-59,""rsrq"":-11,""rssi"":-51,""snr"":null,""ta"":0,""level"":4,""bands"":""5""},{""type"":""LTE"",""pci"":459,""earfcn"":3050,""tac"":null,""rsrp"":-64,""rsrq"":-8,""rssi"":-51,""snr"":null,""ta"":0,""level"":4,""bands"":""7""},{""type"":""LTE"",""pci"":481,""earfcn"":3050,""tac"":null,""rsrp"":-77,""rsrq"":-20,""rssi"":-51,""snr"":null,""ta"":0,""level"":4,""bands"":""7""}]",1013.7126,45,,2,3,,,,"[{""b"":""00:40:5a:b7:93:fa"",""s"":""U+zone"",""r"":-68,""f"":2472},{""b"":""00:40:5a:b7:9c:0a"",""s"":""U+zone"",""r"":-77,""f"":2432}]",""
1789876764256,2026-09-20 12:59:24,unknown,37.5669525,126.9925377,67.121,0.079029456,,33.18645594875675,fused,1,LTE,NR_NSA,5G,true,false,true,false,false,51249422,459,100,1,8326,450,06,-46,-9,-51,30,4,0,,,,329,505,0.0026,0.0040,309,485,0.0025,0.0039,false,2,0,2,-60,459,2600,0.44504407,false,false,periodic,86,0,-2,0,5002,,,,"[{""type"":""LTE"",""pci"":459,""earfcn"":2600,""tac"":null,""rsrp"":-60,""rsrq"":-8,""rssi"":-51,""snr"":null,""ta"":0,""level"":4,""bands"":""5""},{""type"":""LTE"",""pci"":459,""earfcn"":3050,""tac"":null,""rsrp"":-76,""rsrq"":-7,""rssi"":-59,""snr"":null,""ta"":0,""level"":4,""bands"":""7""}]",1013.8807,15,,2,3,,,,"[{""b"":""00:40:5a:b7:9c:0b"",""s"":""FREE_U+zone"",""r"":-75,""f"":2432},{""b"":""00:40:5a:b7:9c:0a"",""s"":""U+zone"",""r"":-77,""f"":2432}]",""
1789876769275,2026-09-20 12:59:29,unknown,37.5669549,126.9925281,65.247,0.07605382,,33.16264913276984,fused,1,LTE,NR_NSA,5G,true,false,true,false,false,51249422,459,100,1,8326,450,06,-49,-9,-51,30,4,0,,,,85,114,0.0007,0.0009,65,94,0.0005,0.0008,false,2,0,2,-55,459,2600,0.62430215,false,false,periodic,91,0,-3,0,4998,,,,"[{""type"":""LTE"",""pci"":459,""earfcn"":2600,""tac"":null,""rsrp"":-55,""rsrq"":-11,""rssi"":-51,""snr"":null,""ta"":0,""level"":4,""bands"":""5""},{""type"":""LTE"",""pci"":459,""earfcn"":3050,""tac"":null,""rsrp"":-69,""rsrq"":-9,""rssi"":-51,""snr"":null,""ta"":0,""level"":4,""bands"":""7""}]",1013.99243,25,,1,3,,,,"[{""b"":""00:40:5a:b7:9c:0b"",""s"":""FREE_U+zone"",""r"":-81,""f"":2432}]",""
1789876774295,2026-09-20 12:59:34,unknown,37.5669569,126.9925205,63.361,0.07806652,,33.009459023707834,fused,0,LTE,NR_NSA,5G,true,false,true,false,false,51249422,459,100,1,8326,450,06,-45,-8,-51,29,4,0,,,,5751,3768,0.0460,0.0301,5711,3728,0.0457,0.0298,false,2,0,2,-54,459,2600,0.19811215,false,false,periodic,96,0,4,-1,5002,,,,"[{""type"":""LTE"",""pci"":459,""earfcn"":2600,""tac"":null,""rsrp"":-54,""rsrq"":-11,""rssi"":-51,""snr"":null,""ta"":0,""level"":4,""bands"":""5""},{""type"":""LTE"",""pci"":459,""earfcn"":3050,""tac"":null,""rsrp"":-72,""rsrq"":-9,""rssi"":-53,""snr"":null,""ta"":0,""level"":4,""bands"":""7""}]",1013.94507,34,,3,2,,,,"[{""b"":""00:40:5a:b7:69:33"",""s"":""FREE_U+zone"",""r"":-78,""f"":2452},{""b"":""00:40:5a:b7:9c:0a"",""s"":""U+zone"",""r"":-80,""f"":2432},{""b"":""00:40:5a:b7:9c:0b"",""s"":""FREE_U+zone"",""r"":-84,""f"":2432}]",""
1789876779306,2026-09-20 12:59:39,unknown,37.5669569,126.9925205,63.361,0.07806652,,33.009459023707834,fused,5,LTE,NR_NSA,5G,true,false,true,false,false,51249422,459,100,1,8326,450,06,-44,-9,-51,30,4,0,,,,73431,6884,0.5874,0.0551,73411,6864,0.5873,0.0549,false,2,0,2,-51,459,2600,0.120966546,false,false,periodic,101,0,1,1,2657,,,,"[{""type"":""LTE"",""pci"":459,""earfcn"":2600,""tac"":null,""rsrp"":-51,""rsrq"":-9,""rssi"":-51,""snr"":null,""ta"":0,""level"":4,""bands"":""5""},{""type"":""LTE"",""pci"":459,""earfcn"":3050,""tac"":null,""rsrp"":-68,""rsrq"":-8,""rssi"":-51,""snr"":null,""ta"":0,""level"":4,""bands"":""7""}]",1013.89594,11,,2,5,,,,"[{""b"":""00:40:5a:b7:93:fa"",""s"":""U+zone"",""r"":-69,""f"":2472},{""b"":""00:40:5a:b7:9c:0a"",""s"":""U+zone"",""r"":-78,""f"":2432}]",""
1789876784315,2026-09-20 12:59:44,unknown,37.5669562,126.9925363,47.402,0.07497348,,33.89999771118164,fused,2,LTE,NR_NSA,5G,true,false,true,false,false,51249422,459,100,1,8326,450,06,-46,-8,-51,29,4,0,,,,478696,12294,3.8296,0.0984,478676,12274,3.8294,0.0982,false,3,0,3,-55,459,2600,0.05730969,false,false,periodic,106,0,-2,-1,2671,,,,"[{""type"":""LTE"",""pci"":459,""earfcn"":2600,""tac"":null,""rsrp"":-55,""rsrq"":-7,""rssi"":-51,""snr"":null,""ta"":0,""level"":4,""bands"":""5""},{""type"":""LTE"",""pci"":459,""earfcn"":3050,""tac"":null,""rsrp"":-77,""rsrq"":-8,""rssi"":-59,""snr"":null,""ta"":0,""level"":4,""bands"":""7""},{""type"":""LTE"",""pci"":469,""earfcn"":3050,""tac"":null,""rsrp"":-88,""rsrq"":-20,""rssi"":-59,""snr"":null,""ta"":0,""level"":3,""bands"":""7""}]",1013.9669,19,100.313,1,2,,,,"[{""b"":""00:40:5a:b7:93:fa"",""s"":""U+zone"",""r"":-64,""f"":2472}]",""
1789876789333,2026-09-20 12:59:49,unknown,37.5669548,126.9925394,47.405,0.07233903,,33.89999771118164,fused,2,LTE,NR_NSA,5G,true,false,true,false,false,51249422,459,100,1,8326,450,06,-45,-8,-51,29,4,0,,,,788,444,0.0063,0.0036,768,424,0.0061,0.0034,false,4,0,4,-50,459,2600,0.5279246,false,false,periodic,111,0,1,0,2042,,,,"[{""type"":""LTE"",""pci"":459,""earfcn"":2600,""tac"":null,""rsrp"":-50,""rsrq"":-7,""rssi"":-51,""snr"":null,""ta"":0,""level"":4,""bands"":""5""},{""type"":""LTE"",""pci"":459,""earfcn"":3050,""tac"":null,""rsrp"":-67,""rsrq"":-6,""rssi"":-51,""snr"":null,""ta"":0,""level"":4,""bands"":""7""},{""type"":""LTE"",""pci"":468,""earfcn"":3050,""tac"":null,""rsrp"":-80,""rsrq"":-16,""rssi"":-53,""snr"":null,""ta"":0,""level"":4,""bands"":""7""},{""type"":""LTE"",""pci"":469,""earfcn"":3050,""tac"":null,""rsrp"":-87,""rsrq"":-20,""rssi"":-55,""snr"":null,""ta"":0,""level"":3,""bands"":""7""}]",1013.90894,31,,2,5,,,,"[{""b"":""00:40:5a:b7:9c:0b"",""s"":""FREE_U+zone"",""r"":-77,""f"":2432},{""b"":""00:40:5a:b7:9c:0a"",""s"":""U+zone"",""r"":-77,""f"":2432}]",""
1789876794351,2026-09-20 12:59:54,unknown,37.5669524,126.9925443,47.313,0.0550186,,33.89999771118164,fused,1,LTE,NR_NSA,5G,true,false,true,false,false,51249422,459,100,1,8326,450,06,-46,-8,-51,30,4,0,,,,283102,16199,2.2648,0.1296,283062,16159,2.2645,0.1293,false,4,0,4,-55,459,2600,2.0130317,false,false,periodic,116,0,-1,1,2059,,,,"[{""type"":""LTE"",""pci"":459,""earfcn"":2600,""tac"":null,""rsrp"":-55,""rsrq"":-8,""rssi"":-51,""snr"":null,""ta"":0,""level"":4,""bands"":""5""},{""type"":""LTE"",""pci"":459,""earfcn"":3050,""tac"":null,""rsrp"":-66,""rsrq"":-8,""rssi"":-51,""snr"":null,""ta"":0,""level"":4,""bands"":""7""},{""type"":""LTE"",""pci"":468,""earfcn"":3050,""tac"":null,""rsrp"":-74,""rsrq"":-16,""rssi"":-51,""snr"":null,""ta"":0,""level"":4,""bands"":""7""},{""type"":""LTE"",""pci"":469,""earfcn"":3050,""tac"":null,""rsrp"":-84,""rsrq"":-20,""rssi"":-53,""snr"":null,""ta"":0,""level"":4,""bands"":""7""}]",1013.9229,75,,2,10,,,,"[{""b"":""00:40:5a:b7:9c:0b"",""s"":""FREE_U+zone"",""r"":-77,""f"":2432},{""b"":""00:40:5a:b7:9c:0a"",""s"":""U+zone"",""r"":-77,""f"":2432}]",""
1789876799370,2026-09-20 12:59:59,unknown,37.566951,126.9925451,47.392,0.049982578,,33.89999771118164,fused,4,LTE,NR_NSA,5G,true,false,true,false,false,51249422,459,100,1,8326,450,06,-46,-8,-51,30,4,0,,,,6816,2172,0.0545,0.0174,6796,2153,0.0544,0.0172,false,4,0,4,-55,459,2600,1.2623855,false,false,periodic,121,0,0,0,7076,,,,"[{""type"":""LTE"",""pci"":459,""earfcn"":2600,""tac"":null,""rsrp"":-55,""rsrq"":-8,""rssi"":-51,""snr"":null,""ta"":0,""level"":4,""bands"":""5""},{""type"":""LTE"",""pci"":459,""earfcn"":3050,""tac"":null,""rsrp"":-66,""rsrq"":-8,""rssi"":-51,""snr"":null,""ta"":0,""level"":4,""bands"":""7""},{""type"":""LTE"",""pci"":468,""earfcn"":3050,""tac"":null,""rsrp"":-74,""rsrq"":-16,""rssi"":-51,""snr"":null,""ta"":0,""level"":4,""bands"":""7""},{""type"":""LTE"",""pci"":469,""earfcn"":3050,""tac"":null,""rsrp"":-84,""rsrq"":-20,""rssi"":-53,""snr"":null,""ta"":0,""level"":4,""bands"":""7""}]",1013.9121,26,,2,15,,,,"[{""b"":""00:40:5a:b7:9c:0b"",""s"":""FREE_U+zone"",""r"":-77,""f"":2432},{""b"":""00:40:5a:b7:9c:0a"",""s"":""U+zone"",""r"":-77,""f"":2432}]",""
1789876804385,2026-09-20 13:00:04,unknown,37.5669636,126.9925474,100.0,0.124519855,25.401812,33.89999771118164,fused,6,LTE,NR_NSA,5G,true,false,true,false,false,51249422,459,100,1,8326,450,06,-46,-8,-51,30,4,0,,,,50,93,0.0004,0.0007,30,73,0.0002,0.0006,false,4,0,4,-55,459,2600,0.124519855,false,false,periodic,126,0,0,0,12093,,,,"[{""type"":""LTE"",""pci"":459,""earfcn"":2600,""tac"":null,""rsrp"":-55,""rsrq"":-8,""rssi"":-51,""snr"":null,""ta"":0,""level"":4,""bands"":""5""},{""type"":""LTE"",""pci"":459,""earfcn"":3050,""tac"":null,""rsrp"":-66,""rsrq"":-8,""rssi"":-51,""snr"":null,""ta"":0,""level"":4,""bands"":""7""},{""type"":""LTE"",""pci"":468,""earfcn"":3050,""tac"":null,""rsrp"":-74,""rsrq"":-16,""rssi"":-51,""snr"":null,""ta"":0,""level"":4,""bands"":""7""},{""type"":""LTE"",""pci"":469,""earfcn"":3050,""tac"":null,""rsrp"":-84,""rsrq"":-20,""rssi"":-53,""snr"":null,""ta"":0,""level"":4,""bands"":""7""}]",1013.9104,32,,,,,,,"",""
1789876809403,2026-09-20 13:00:09,unknown,37.5669442,126.9925403,56.1,0.07981049,,33.89999771118164,fused,5,LTE,NR_NSA,5G,true,false,true,false,false,51249422,459,100,1,8326,450,06,-50,-8,-51,,4,0,,,,419,466,0.0034,0.0037,399,446,0.0032,0.0036,false,3,0,3,-67,459,2600,0.0010770381,false,false,periodic,132,0,-4,,5002,,,,"[{""type"":""LTE"",""pci"":459,""earfcn"":2600,""tac"":null,""rsrp"":-67,""rsrq"":-11,""rssi"":-51,""snr"":null,""ta"":0,""level"":4,""bands"":""5""},{""type"":""LTE"",""pci"":459,""earfcn"":3050,""tac"":null,""rsrp"":-73,""rsrq"":-8,""rssi"":-55,""snr"":null,""ta"":0,""level"":4,""bands"":""7""},{""type"":""LTE"",""pci"":469,""earfcn"":3050,""tac"":null,""rsrp"":-85,""rsrq"":-20,""rssi"":-55,""snr"":null,""ta"":0,""level"":4,""bands"":""7""}]",1013.9282,35,,4,5,,,,"[{""b"":""00:40:5a:b7:93:fb"",""s"":""FREE_U+zone"",""r"":-74,""f"":2472},{""b"":""00:40:5a:b7:9c:0a"",""s"":""U+zone"",""r"":-79,""f"":2432},{""b"":""00:40:5a:b7:9c:0b"",""s"":""FREE_U+zone"",""r"":-80,""f"":2432},{""b"":""00:40:5a:b7:69:33"",""s"":""FREE_U+zone"",""r"":-84,""f"":2452}]",""
1789876814415,2026-09-20 13:00:14,unknown,37.5669294,126.9925348,66.381,0.14143729,193.1116,33.89999771118164,fused,4,LTE,NR_NSA,5G,true,false,true,false,false,51249422,459,100,1,8326,450,06,-50,-8,-51,,4,0,,,,421170,1619,3.3694,0.0130,421130,1579,3.3690,0.0126,false,3,0,3,-67,459,2600,0.14143729,false,false,periodic,137,0,0,,10011,,,,"[{""type"":""LTE"",""pci"":459,""earfcn"":2600,""tac"":null,""rsrp"":-67,""rsrq"":-11,""rssi"":-51,""snr"":null,""ta"":0,""level"":4,""bands"":""5""},{""type"":""LTE"",""pci"":459,""earfcn"":3050,""tac"":null,""rsrp"":-73,""rsrq"":-8,""rssi"":-55,""snr"":null,""ta"":0,""level"":4,""bands"":""7""},{""type"":""LTE"",""pci"":469,""earfcn"":3050,""tac"":null,""rsrp"":-85,""rsrq"":-20,""rssi"":-55,""snr"":null,""ta"":0,""level"":4,""bands"":""7""}]",1013.9563,12,87.929,1,3,,,,"[{""b"":""00:40:5a:b7:69:33"",""s"":""FREE_U+zone"",""r"":-84,""f"":2452}]",""
1789876819422,2026-09-20 13:00:19,unknown,37.566921,126.9925309,74.616,0.17688099,199.41061,33.89999771118164,fused,3,LTE,NR_NSA,5G,true,false,true,false,false,51249422,459,100,1,8326,450,06,-51,-8,-51,,4,0,,,,1436,1120,0.0115,0.0090,1416,1100,0.0113,0.0088,false,2,0,2,-60,459,2600,0.17688099,false,false,periodic,142,0,-1,,5004,,,,"[{""type"":""LTE"",""pci"":459,""earfcn"":2600,""tac"":null,""rsrp"":-60,""rsrq"":-7,""rssi"":-51,""snr"":null,""ta"":0,""level"":4,""bands"":""5""},{""type"":""LTE"",""pci"":459,""earfcn"":3050,""tac"":null,""rsrp"":-75,""rsrq"":-6,""rssi"":-51,""snr"":null,""ta"":0,""level"":4,""bands"":""7""}]",1014.00305,11,,2,3,,,,"[{""b"":""00:40:5a:b7:9c:0b"",""s"":""FREE_U+zone"",""r"":-80,""f"":2432},{""b"":""00:40:5a:b7:9c:0a"",""s"":""U+zone"",""r"":-80,""f"":2432}]",""
1789876824431,2026-09-20 13:00:24,unknown,37.5669453,126.9925377,45.6,0.33714372,11.609571,33.89999771118164,fused,2,LTE,NR_NSA,5G,true,false,true,false,false,51249422,459,100,1,8326,450,06,-51,-8,-51,,4,0,,,,1489,984,0.0119,0.0079,1469,964,0.0118,0.0077,false,2,0,2,-60,459,2600,0.33714372,false,false,periodic,147,0,0,,10014,,,,"[{""type"":""LTE"",""pci"":459,""earfcn"":2600,""tac"":null,""rsrp"":-60,""rsrq"":-7,""rssi"":-51,""snr"":null,""ta"":0,""level"":4,""bands"":""5""},{""type"":""LTE"",""pci"":459,""earfcn"":3050,""tac"":null,""rsrp"":-75,""rsrq"":-6,""rssi"":-51,""snr"":null,""ta"":0,""level"":4,""bands"":""7""}]",1014.05743,42,,3,2,,,,"[{""b"":""00:40:5a:b7:93:fb"",""s"":""FREE_U+zone"",""r"":-71,""f"":2472},{""b"":""00:40:5a:b7:93:fa"",""s"":""U+zone"",""r"":-73,""f"":2472},{""b"":""00:40:5a:b7:69:33"",""s"":""FREE_U+zone"",""r"":-83,""f"":2452}]",""
1789876829449,2026-09-20 13:00:29,unknown,37.5669478,126.9925384,45.6,0.078714505,,31.9713574175887,fused,1,LTE,NR_NSA,5G,true,false,true,false,false,51249422,459,100,1,8326,450,06,-52,-9,-51,,4,0,,,,50,78,0.0004,0.0006,30,58,0.0002,0.0005,false,3,0,3,-59,459,2600,0.010752532,false,false,periodic,152,0,-1,,5001,,,,"[{""type"":""LTE"",""pci"":459,""earfcn"":2600,""tac"":null,""rsrp"":-59,""rsrq"":-7,""rssi"":-51,""snr"":null,""ta"":0,""level"":4,""bands"":""5""},{""type"":""LTE"",""pci"":459,""earfcn"":3050,""tac"":null,""rsrp"":-75,""rsrq"":-8,""rssi"":-51,""snr"":null,""ta"":0,""level"":4,""bands"":""7""},{""type"":""LTE"",""pci"":469,""earfcn"":3050,""tac"":null,""rsrp"":-80,""rsrq"":-17,""rssi"":-53,""snr"":null,""ta"":0,""level"":4,""bands"":""7""}]",1013.9986,26,,1,1,,,,"[{""b"":""00:40:5a:b7:93:fb"",""s"":""FREE_U+zone"",""r"":-71,""f"":2472}]",""
1789876834464,2026-09-20 13:00:34,unknown,37.5669478,126.9925384,45.6,0.078714505,,31.9713574175887,fused,6,LTE,NR_NSA,5G,true,false,true,false,false,51249422,459,100,1,8326,450,06,-52,-9,-51,,4,0,,,,50,78,0.0004,0.0006,30,59,0.0002,0.0005,false,3,0,3,-59,459,2600,0.005011393,false,false,periodic,157,0,0,,10015,,,,"[{""type"":""LTE"",""pci"":459,""earfcn"":2600,""tac"":null,""rsrp"":-59,""rsrq"":-7,""rssi"":-51,""snr"":null,""ta"":0,""level"":4,""bands"":""5""},{""type"":""LTE"",""pci"":459,""earfcn"":3050,""tac"":null,""rsrp"":-75,""rsrq"":-8,""rssi"":-51,""snr"":null,""ta"":0,""level"":4,""bands"":""7""},{""type"":""LTE"",""pci"":469,""earfcn"":3050,""tac"":null,""rsrp"":-80,""rsrq"":-17,""rssi"":-53,""snr"":null,""ta"":0,""level"":4,""bands"":""7""}]",1013.92786,31,,1,6,,,,"[{""b"":""00:40:5a:b7:93:fb"",""s"":""FREE_U+zone"",""r"":-71,""f"":2472}]",""
1789876839481,2026-09-20 13:00:39,unknown,37.5669445,126.9925339,58.598,0.1140543,231.78279,33.89999771118164,fused,4,LTE,NR_NSA,5G,true,false,true,false,false,51249422,459,100,1,8326,450,06,-48,-9,-51,,4,0,,,,426,384,0.0034,0.0031,386,344,0.0031,0.0028,false,3,0,3,-59,459,2600,0.1140543,false,false,periodic,162,0,4,,5001,,,,"[{""type"":""LTE"",""pci"":459,""earfcn"":2600,""tac"":null,""rsrp"":-59,""rsrq"":-7,""rssi"":-51,""snr"":null,""ta"":0,""level"":4,""bands"":""5""},{""type"":""LTE"",""pci"":459,""earfcn"":3050,""tac"":null,""rsrp"":-73,""rsrq"":-6,""rssi"":-51,""snr"":null,""ta"":0,""level"":4,""bands"":""7""},{""type"":""LTE"",""pci"":481,""earfcn"":3050,""tac"":null,""rsrp"":-78,""rsrq"":-17,""rssi"":-51,""snr"":null,""ta"":0,""level"":4,""bands"":""7""}]",1013.88934,34,,2,3,,,,"[{""b"":""00:40:5a:b7:93:fa"",""s"":""U+zone"",""r"":-74,""f"":2472},{""b"":""00:40:5a:b7:69:33"",""s"":""FREE_U+zone"",""r"":-82,""f"":2452}]",""
1789876844500,2026-09-20 13:00:44,unknown,37.5669431,126.9925317,75.497,0.045863904,,33.89999771118164,fused,1,LTE,NR_NSA,5G,true,false,true,false,false,51249422,459,100,1,8326,450,06,-48,-9,-51,,4,0,,,,422030,1593,3.3762,0.0127,422010,1573,3.3761,0.0126,false,3,0,3,-59,459,2600,0.0028703015,false,false,periodic,167,0,0,,10021,,,,"[{""type"":""LTE"",""pci"":459,""earfcn"":2600,""tac"":null,""rsrp"":-59,""rsrq"":-7,""rssi"":-51,""snr"":null,""ta"":0,""level"":4,""bands"":""5""},{""type"":""LTE"",""pci"":459,""earfcn"":3050,""tac"":null,""rsrp"":-73,""rsrq"":-6,""rssi"":-51,""snr"":null,""ta"":0,""level"":4,""bands"":""7""},{""type"":""LTE"",""pci"":481,""earfcn"":3050,""tac"":null,""rsrp"":-78,""rsrq"":-17,""rssi"":-51,""snr"":null,""ta"":0,""level"":4,""bands"":""7""}]",1013.8728,13,70.077,10,5,,,,"[{""b"":""00:1d:93:c7:64:5e"",""s"":""ollehWiFi "",""r"":-63,""f"":5560},{""b"":""06:29:d5:af:59:a1"",""s"":""U+zone_2.4GHz"",""r"":-66,""f"":2462},{""b"":""06:1d:93:c7:64:5e"",""s"":""ollehWiFi"",""r"":-68,""f"":5560},{""b"":""22:17:b2:0b:68:a2"",""s"":""T wifi zone_secure"",""r"":-78,""f"":5600},{""b"":""00:40:5a:b7:9c:0a"",""s"":""U+zone"",""r"":-79,""f"":2432},{""b"":""22:17:b2:0b:6a:48"",""s"":""T wifi zone_secure"",""r"":-80,""f"":5280},{""b"":""0a:29:d5:af:59:a1"",""s"":""U+zone"",""r"":-80,""f"":5805},{""b"":""22:17:b2:0b:68:a0"",""s"":""T wifi zone"",""r"":-81,""f"":5600},{""b"":""00:40:5a:b7:9c:0b"",""s"":""FREE_U+zone"",""r"":-81,""f"":2432},{""b"":""22:17:b2:0b:6a:46"",""s"":""T wifi zone"",""r"":-82,""f"":5280}]",""
1789876849536,2026-09-20 13:00:49,unknown,37.5669431,126.9925317,75.497,0.045863904,,33.89999771118164,fused,6,LTE,NR_NSA,5G,true,false,true,false,false,51249422,459,100,1,8326,450,06,-44,-10,-51,,4,0,,,,243,826,0.0019,0.0066,223,806,0.0018,0.0064,false,3,0,3,-65,459,2600,0.17076857,false,false,periodic,172,0,4,,5004,,,,"[{""type"":""LTE"",""pci"":459,""earfcn"":2600,""tac"":null,""rsrp"":-65,""rsrq"":-10,""rssi"":-51,""snr"":null,""ta"":0,""level"":4,""bands"":""5""},{""type"":""LTE"",""pci"":459,""earfcn"":3050,""tac"":null,""rsrp"":-72,""rsrq"":-10,""rssi"":-51,""snr"":null,""ta"":0,""level"":4,""bands"":""7""},{""type"":""LTE"",""pci"":469,""earfcn"":3050,""tac"":null,""rsrp"":-81,""rsrq"":-20,""rssi"":-51,""snr"":null,""ta"":0,""level"":4,""bands"":""7""}]",1013.95905,11,,10,10,,,,"[{""b"":""00:1d:93:c7:64:5e"",""s"":""ollehWiFi "",""r"":-63,""f"":5560},{""b"":""06:29:d5:af:59:a1"",""s"":""U+zone_2.4GHz"",""r"":-66,""f"":2462},{""b"":""06:1d:93:c7:64:5e"",""s"":""ollehWiFi"",""r"":-68,""f"":5560},{""b"":""22:17:b2:0b:68:a2"",""s"":""T wifi zone_secure"",""r"":-78,""f"":5600},{""b"":""00:40:5a:b7:9c:0a"",""s"":""U+zone"",""r"":-79,""f"":2432},{""b"":""22:17:b2:0b:6a:48"",""s"":""T wifi zone_secure"",""r"":-80,""f"":5280},{""b"":""0a:29:d5:af:59:a1"",""s"":""U+zone"",""r"":-80,""f"":5805},{""b"":""22:17:b2:0b:68:a0"",""s"":""T wifi zone"",""r"":-81,""f"":5600},{""b"":""00:40:5a:b7:9c:0b"",""s"":""FREE_U+zone"",""r"":-81,""f"":2432},{""b"":""22:17:b2:0b:6a:46"",""s"":""T wifi zone"",""r"":-82,""f"":5280}]",""
1789876854558,2026-09-20 13:00:54,unknown,37.5669465,126.9925398,40.526,0.110989526,63.142757,33.89999771118164,fused,6,LTE,NR_NSA,5G,true,false,true,false,false,51249422,459,100,1,8326,450,06,-44,-10,-51,,4,0,,,,50,78,0.0004,0.0006,30,58,0.0002,0.0005,false,3,0,3,-65,459,2600,0.110989526,false,false,periodic,177,0,0,,10028,,,,"[{""type"":""LTE"",""pci"":459,""earfcn"":2600,""tac"":null,""rsrp"":-65,""rsrq"":-10,""rssi"":-51,""snr"":null,""ta"":0,""level"":4,""bands"":""5""},{""type"":""LTE"",""pci"":459,""earfcn"":3050,""tac"":null,""rsrp"":-72,""rsrq"":-10,""rssi"":-51,""snr"":null,""ta"":0,""level"":4,""bands"":""7""},{""type"":""LTE"",""pci"":469,""earfcn"":3050,""tac"":null,""rsrp"":-81,""rsrq"":-20,""rssi"":-51,""snr"":null,""ta"":0,""level"":4,""bands"":""7""}]",1014.06934,32,,17,4,,,,"[{""b"":""06:29:d5:af:59:41"",""s"":""U+zone_2.4GHz"",""r"":-55,""f"":2437},{""b"":""0a:29:d5:af:59:41"",""s"":""U+zone"",""r"":-58,""f"":5745},{""b"":""06:1d:93:c7:55:25"",""s"":""ollehWiFi"",""r"":-63,""f"":2472},{""b"":""0a:29:d5:af:59:51"",""s"":""U+zone"",""r"":-68,""f"":5785},{""b"":""0e:1d:93:c7:55:24"",""s"":""KT WiFi "",""r"":-69,""f"":5560},{""b"":""00:40:5a:b7:93:fb"",""s"":""FREE_U+zone"",""r"":-69,""f"":2472},{""b"":""0a:1d:93:c7:55:24"",""s"":""KT WiFi"",""r"":-69,""f"":5560},{""b"":""06:1d:93:c7:55:24"",""s"":""ollehWiFi"",""r"":-70,""f"":5560},{""b"":""22:17:b2:0b:68:8e"",""s"":""T wifi zone"",""r"":-71,""f"":5600},{""b"":""00:1d:93:c7:55:24"",""s"":""ollehWiFi "",""r"":-72,""f"":5560},{""b"":""30:78:c2:00:10:12"",""s"":""KT WiFi"",""r"":-83,""f"":5240},{""b"":""36:78:c2:00:10:12"",""s"":""KT WiFi "",""r"":-83,""f"":5240},{""b"":""22:17:b2:0b:68:98"",""s"":""T wifi zone"",""r"":-84,""f"":5600},{""b"":""22:17:b2:0b:68:9a"",""s"":""T wifi zone_secure"",""r"":-86,""f"":5600},{""b"":""0a:29:d5:af:59:61"",""s"":""U+zone"",""r"":-89,""f"":5745}]",""
1789876859586,2026-09-20 13:00:59,unknown,37.5669469,126.9925406,49.938,0.022352159,,32.039101150558345,fused,4,LTE,NR_NSA,5G,true,false,true,false,false,51249422,459,100,1,8326,450,06,-46,-10,-51,,4,0,,,,444,384,0.0036,0.0031,404,344,0.0032,0.0028,false,3,0,3,-64,459,2600,4.748677,false,false,periodic,182,0,-2,,4998,,,,"[{""type"":""LTE"",""pci"":459,""earfcn"":2600,""tac"":null,""rsrp"":-64,""rsrq"":-11,""rssi"":-51,""snr"":null,""ta"":0,""level"":4,""bands"":""5""},{""type"":""LTE"",""pci"":459,""earfcn"":3050,""tac"":null,""rsrp"":-70,""rsrq"":-9,""rssi"":-51,""snr"":null,""ta"":0,""level"":4,""bands"":""7""},{""type"":""LTE"",""pci"":469,""earfcn"":3050,""tac"":null,""rsrp"":-82,""rsrq"":-20,""rssi"":-51,""snr"":null,""ta"":0,""level"":4,""bands"":""7""}]",1014.1172,26,,17,3,,,,"[{""b"":""06:29:d5:af:59:21"",""s"":""U+zone_2.4GHz"",""r"":-59,""f"":2437},{""b"":""0a:29:d5:af:59:21"",""s"":""U+zone"",""r"":-59,""f"":5745},{""b"":""06:29:d5:af:59:31"",""s"":""U+zone_2.4GHz"",""r"":-65,""f"":2437},{""b"":""22:17:b2:0b:68:94"",""s"":""T wifi zone_secure"",""r"":-66,""f"":5280},{""b"":""02:17:b2:0b:68:92"",""s"":""T wifi zone"",""r"":-69,""f"":2412},{""b"":""06:1d:93:c7:65:2a"",""s"":""ollehWiFi"",""r"":-69,""f"":5560},{""b"":""0a:29:d5:af:59:31"",""s"":""U+zone"",""r"":-69,""f"":5765},{""b"":""00:1d:93:c7:65:2a"",""s"":""ollehWiFi "",""r"":-69,""f"":5560},{""b"":""0e:1d:93:c7:65:2a"",""s"":""KT WiFi "",""r"":-70,""f"":5560},{""b"":""0a:1d:93:c7:65:2a"",""s"":""KT WiFi"",""r"":-70,""f"":5560},{""b"":""02:17:b2:0b:68:94"",""s"":""T wifi zone_secure"",""r"":-71,""f"":2412},{""b"":""00:40:5a:b7:9c:0a"",""s"":""U+zone"",""r"":-78,""f"":2432},{""b"":""36:78:c2:00:10:0f"",""s"":""KT WiFi "",""r"":-78,""f"":5240},{""b"":""30:78:c2:00:10:0f"",""s"":""KT WiFi"",""r"":-79,""f"":5240},{""b"":""22:17:b2:0b:68:90"",""s"":""T wifi zone"",""r"":-83,""f"":5600}]",""
1789876864597,2026-09-20 13:01:04,unknown,37.5669469,126.9925387,47.769,0.036880564,,32.02697104713715,fused,7,LTE,LTE_CA,4G,false,false,false,false,false,51249422,459,100,1,8326,450,06,-46,-10,-51,,4,0,,,,514,445,0.0041,0.0036,494,425,0.0040,0.0034,false,3,0,3,-64,459,2600,7.083863,false,false,periodic,187,0,0,,10011,,,,"[{""type"":""LTE"",""pci"":459,""earfcn"":2600,""tac"":null,""rsrp"":-64,""rsrq"":-11,""rssi"":-51,""snr"":null,""ta"":0,""level"":4,""bands"":""5""},{""type"":""LTE"",""pci"":459,""earfcn"":3050,""tac"":null,""rsrp"":-70,""rsrq"":-9,""rssi"":-51,""snr"":null,""ta"":0,""level"":4,""bands"":""7""},{""type"":""LTE"",""pci"":469,""earfcn"":3050,""tac"":null,""rsrp"":-82,""rsrq"":-20,""rssi"":-51,""snr"":null,""ta"":0,""level"":4,""bands"":""7""}]",1014.12415,23,,19,5,,,,"[{""b"":""06:29:d5:af:59:21"",""s"":""U+zone_2.4GHz"",""r"":-58,""f"":2437},{""b"":""0a:29:d5:af:59:21"",""s"":""U+zone"",""r"":-63,""f"":5745},{""b"":""8a:40:67:30:8a:96"",""s"":""ktEgg_8a96"",""r"":-65,""f"":2462},{""b"":""00:40:5a:b7:93:fb"",""s"":""FREE_U+zone"",""r"":-71,""f"":2472},{""b"":""0a:29:d5:af:59:11"",""s"":""U+zone"",""r"":-75,""f"":5765},{""b"":""06:1d:93:c7:65:2a"",""s"":""ollehWiFi"",""r"":-75,""f"":5560},{""b"":""00:1d:93:c7:65:2a"",""s"":""ollehWiFi "",""r"":-75,""f"":5560},{""b"":""0e:1d:93:c7:65:2a"",""s"":""KT WiFi "",""r"":-76,""f"":5560},{""b"":""22:17:b2:0b:68:98"",""s"":""T wifi zone_secure"",""r"":-76,""f"":5600},{""b"":""0a:1d:93:c7:65:2a"",""s"":""KT WiFi"",""r"":-76,""f"":5560},{""b"":""22:17:b2:0b:68:94"",""s"":""T wifi zone_secure"",""r"":-76,""f"":5280},{""b"":""22:17:b2:0b:68:96"",""s"":""T wifi zone"",""r"":-77,""f"":5600},{""b"":""02:17:b2:0b:68:96"",""s"":""T wifi zone"",""r"":-79,""f"":2412},{""b"":""00:40:5a:b7:69:33"",""s"":""FREE_U+zone"",""r"":-81,""f"":2452},{""b"":""0a:29:d5:af:59:31"",""s"":""U+zone"",""r"":-84,""f"":5765}]",""
1789876869610,2026-09-20 13:01:09,unknown,37.5669458,126.9925401,35.554,0.021248054,,31.61896955861746,fused,6,LTE,LTE_CA,4G,false,false,false,false,false,51249422,459,100,1,8326,450,06,-45,-13,-51,,4,0,,,,50,78,0.0004,0.0006,30,59,0.0002,0.0005,false,4,0,4,-57,459,2600,0.33514985,false,false,periodic,192,0,1,,5004,,,,"[{""type"":""LTE"",""pci"":459,""earfcn"":2600,""tac"":null,""rsrp"":-57,""rsrq"":-7,""rssi"":-51,""snr"":null,""ta"":0,""level"":4,""bands"":""5""},{""type"":""LTE"",""pci"":459,""earfcn"":3050,""tac"":null,""rsrp"":-64,""rsrq"":-11,""rssi"":-51,""snr"":null,""ta"":0,""level"":4,""bands"":""7""},{""type"":""LTE"",""pci"":469,""earfcn"":3050,""tac"":null,""rsrp"":-72,""rsrq"":-20,""rssi"":-51,""snr"":null,""ta"":0,""level"":4,""bands"":""7""},{""type"":""LTE"",""pci"":468,""earfcn"":3050,""tac"":null,""rsrp"":-82,""rsrq"":-17,""rssi"":-55,""snr"":null,""ta"":0,""level"":4,""bands"":""7""}]",1014.12415,27,,17,4,,,,"[{""b"":""06:29:d5:af:59:11"",""s"":""U+zone_2.4GHz"",""r"":-56,""f"":2462},{""b"":""0a:29:d5:af:59:11"",""s"":""U+zone"",""r"":-64,""f"":5765},{""b"":""02:17:b2:0b:68:96"",""s"":""T wifi zone"",""r"":-66,""f"":2412},{""b"":""02:17:b2:0b:68:98"",""s"":""T wifi zone_secure"",""r"":-66,""f"":2412},{""b"":""00:40:5a:b7:93:fa"",""s"":""U+zone"",""r"":-67,""f"":2472},{""b"":""30:78:c2:00:10:0d"",""s"":""KT WiFi"",""r"":-70,""f"":2432},{""b"":""36:78:c2:00:10:0d"",""s"":""KT WiFi "",""r"":-70,""f"":2432},{""b"":""22:17:b2:0b:68:98"",""s"":""T wifi zone_secure"",""r"":-70,""f"":5600},{""b"":""22:17:b2:0b:68:96"",""s"":""T wifi zone"",""r"":-71,""f"":5600},{""b"":""30:78:c2:00:10:0c"",""s"":""KT WiFi"",""r"":-72,""f"":5240},{""b"":""36:78:c2:00:10:0c"",""s"":""KT WiFi "",""r"":-72,""f"":5240},{""b"":""0a:29:d5:af:59:21"",""s"":""U+zone"",""r"":-78,""f"":5745},{""b"":""00:40:5a:b7:69:32"",""s"":""U+zone"",""r"":-83,""f"":2452},{""b"":""22:17:b2:0b:68:94"",""s"":""T wifi zone_secure"",""r"":-83,""f"":5280},{""b"":""22:17:b2:0b:68:92"",""s"":""T wifi zone"",""r"":-84,""f"":5280}]",""
1789876874633,2026-09-20 13:01:14,unknown,37.5669492,126.9925339,65.725,0.10680151,359.6238,31.77484258894094,fused,3,LTE,LTE_CA,4G,false,false,false,false,false,51249422,459,100,1,8326,450,06,-45,-13,-51,,4,0,,,,422201,1899,3.3776,0.0152,422181,1879,3.3774,0.0150,false,4,0,4,-57,459,2600,0.10680151,false,false,periodic,197,0,0,,10027,,,,"[{""type"":""LTE"",""pci"":459,""earfcn"":2600,""tac"":null,""rsrp"":-57,""rsrq"":-7,""rssi"":-51,""snr"":null,""ta"":0,""level"":4,""bands"":""5""},{""type"":""LTE"",""pci"":459,""earfcn"":3050,""tac"":null,""rsrp"":-64,""rsrq"":-11,""rssi"":-51,""snr"":null,""ta"":0,""level"":4,""bands"":""7""},{""type"":""LTE"",""pci"":469,""earfcn"":3050,""tac"":null,""rsrp"":-72,""rsrq"":-20,""rssi"":-51,""snr"":null,""ta"":0,""level"":4,""bands"":""7""},{""type"":""LTE"",""pci"":468,""earfcn"":3050,""tac"":null,""rsrp"":-82,""rsrq"":-17,""rssi"":-55,""snr"":null,""ta"":0,""level"":4,""bands"":""7""}]",1014.0541,17,74.737,16,4,,,,"[{""b"":""06:29:d5:af:59:11"",""s"":""U+zone_2.4GHz"",""r"":-54,""f"":2462},{""b"":""0a:29:d5:af:59:11"",""s"":""U+zone"",""r"":-59,""f"":5765},{""b"":""30:78:c2:00:10:0c"",""s"":""KT WiFi"",""r"":-64,""f"":5240},{""b"":""36:78:c2:00:10:0c"",""s"":""KT WiFi "",""r"":-64,""f"":5240},{""b"":""02:17:b2:0b:68:98"",""s"":""T wifi zone_secure"",""r"":-65,""f"":2412},{""b"":""30:78:c2:00:10:0d"",""s"":""KT WiFi"",""r"":-66,""f"":2432},{""b"":""02:17:b2:0b:68:96"",""s"":""T wifi zone"",""r"":-66,""f"":2412},{""b"":""36:78:c2:00:10:0d"",""s"":""KT WiFi "",""r"":-66,""f"":2432},{""b"":""22:17:b2:0b:68:98"",""s"":""T wifi zone_secure"",""r"":-70,""f"":5600},{""b"":""22:17:b2:0b:68:96"",""s"":""T wifi zone"",""r"":-70,""f"":5600},{""b"":""0a:29:d5:af:59:21"",""s"":""U+zone"",""r"":-73,""f"":5745},{""b"":""0a:29:d5:af:59:31"",""s"":""U+zone"",""r"":-85,""f"":5765},{""b"":""22:17:b2:0b:68:92"",""s"":""T wifi zone"",""r"":-85,""f"":5280},{""b"":""22:17:b2:0b:68:94"",""s"":""T wifi zone_secure"",""r"":-86,""f"":5280},{""b"":""06:1d:93:c7:65:2a"",""s"":""ollehWiFi"",""r"":-87,""f"":5560}]",""
1789876879656,2026-09-20 13:01:19,unknown,37.5669506,126.992536,45.6,0.10671547,359.6835,31.29583738519979,fused,3,LTE,LTE_CA,4G,false,false,false,false,false,51249422,459,100,1,8326,450,06,-45,-10,-51,,4,0,,,,159,170,0.0013,0.0014,139,150,0.0011,0.0012,false,2,0,2,-57,459,2600,0.10671547,false,false,periodic,202,0,0,,5003,,,,"[{""type"":""LTE"",""pci"":459,""earfcn"":2600,""tac"":null,""rsrp"":-57,""rsrq"":-10,""rssi"":-51,""snr"":null,""ta"":0,""level"":4,""bands"":""5""},{""type"":""LTE"",""pci"":459,""earfcn"":3050,""tac"":null,""rsrp"":-67,""rsrq"":-12,""rssi"":-51,""snr"":null,""ta"":0,""level"":4,""bands"":""7""}]",1013.8781,37,,20,1,,,,"[{""b"":""06:29:d5:af:59:11"",""s"":""U+zone_2.4GHz"",""r"":-50,""f"":2462},{""b"":""0a:29:d5:af:59:11"",""s"":""U+zone"",""r"":-57,""f"":5765},{""b"":""02:17:b2:0b:68:96"",""s"":""T wifi zone"",""r"":-59,""f"":2412},{""b"":""02:17:b2:0b:68:98"",""s"":""T wifi zone_secure"",""r"":-59,""f"":2412},{""b"":""30:78:c2:00:10:0d"",""s"":""KT WiFi"",""r"":-63,""f"":2432},{""b"":""22:17:b2:0b:68:98"",""s"":""T wifi zone_secure"",""r"":-68,""f"":5600},{""b"":""30:78:c2:00:10:0c"",""s"":""KT WiFi"",""r"":-69,""f"":5240},{""b"":""36:78:c2:00:10:0c"",""s"":""KT WiFi "",""r"":-69,""f"":5240},{""b"":""22:17:b2:0b:68:96"",""s"":""T wifi zone"",""r"":-69,""f"":5600},{""b"":""06:29:d5:af:59:21"",""s"":""U+zone_2.4GHz"",""r"":-70,""f"":2437},{""b"":""8a:40:67:30:8a:96"",""s"":""ktEgg_8a96"",""r"":-70,""f"":2462},{""b"":""00:40:5a:b7:93:fa"",""s"":""U+zone"",""r"":-71,""f"":2472},{""b"":""0a:29:d5:af:59:21"",""s"":""U+zone"",""r"":-75,""f"":5745},{""b"":""0e:1d:93:c7:65:2a"",""s"":""KT WiFi "",""r"":-85,""f"":5560},{""b"":""00:1d:93:c7:65:2a"",""s"":""ollehWiFi "",""r"":-85,""f"":5560}]",""
1789876884679,2026-09-20 13:01:24,unknown,37.5669506,126.992536,45.6,0.10671547,359.6835,31.29583738519979,fused,8,LTE,LTE_CA,4G,false,false,false,false,false,51249422,459,100,1,8326,450,06,-45,-10,-51,,4,0,,,,3155,2049,0.0252,0.0164,3115,2010,0.0249,0.0161,false,2,0,2,-57,459,2600,0.10671547,false,false,periodic,207,0,0,,10025,,,,"[{""type"":""LTE"",""pci"":459,""earfcn"":2600,""tac"":null,""rsrp"":-57,""rsrq"":-10,""rssi"":-51,""snr"":null,""ta"":0,""level"":4,""bands"":""5""},{""type"":""LTE"",""pci"":459,""earfcn"":3050,""tac"":null,""rsrp"":-67,""rsrq"":-12,""rssi"":-51,""snr"":null,""ta"":0,""level"":4,""bands"":""7""}]",1013.76355,35,,20,6,,,,"[{""b"":""06:29:d5:af:59:11"",""s"":""U+zone_2.4GHz"",""r"":-50,""f"":2462},{""b"":""0a:29:d5:af:59:11"",""s"":""U+zone"",""r"":-57,""f"":5765},{""b"":""02:17:b2:0b:68:96"",""s"":""T wifi zone"",""r"":-59,""f"":2412},{""b"":""02:17:b2:0b:68:98"",""s"":""T wifi zone_secure"",""r"":-59,""f"":2412},{""b"":""30:78:c2:00:10:0d"",""s"":""KT WiFi"",""r"":-63,""f"":2432},{""b"":""22:17:b2:0b:68:98"",""s"":""T wifi zone_secure"",""r"":-68,""f"":5600},{""b"":""30:78:c2:00:10:0c"",""s"":""KT WiFi"",""r"":-69,""f"":5240},{""b"":""36:78:c2:00:10:0c"",""s"":""KT WiFi "",""r"":-69,""f"":5240},{""b"":""22:17:b2:0b:68:96"",""s"":""T wifi zone"",""r"":-69,""f"":5600},{""b"":""06:29:d5:af:59:21"",""s"":""U+zone_2.4GHz"",""r"":-70,""f"":2437},{""b"":""8a:40:67:30:8a:96"",""s"":""ktEgg_8a96"",""r"":-70,""f"":2462},{""b"":""00:40:5a:b7:93:fa"",""s"":""U+zone"",""r"":-71,""f"":2472},{""b"":""0a:29:d5:af:59:21"",""s"":""U+zone"",""r"":-75,""f"":5745},{""b"":""0e:1d:93:c7:65:2a"",""s"":""KT WiFi "",""r"":-85,""f"":5560},{""b"":""00:1d:93:c7:65:2a"",""s"":""ollehWiFi "",""r"":-85,""f"":5560}]",""
1789876889700,2026-09-20 13:01:29,unknown,37.5669478,126.992538,55.311,0.04502171,,33.89999771118164,fused,6,LTE,LTE_CA,4G,false,false,false,false,false,51249422,459,100,1,8326,450,06,-46,-13,-51,,4,0,,,,2390,1038,0.0191,0.0083,2371,1018,0.0190,0.0081,false,3,0,3,-60,459,2600,5.8014116,false,false,periodic,212,0,-1,,5003,,,,"[{""type"":""LTE"",""pci"":459,""earfcn"":2600,""tac"":null,""rsrp"":-60,""rsrq"":-15,""rssi"":-51,""snr"":null,""ta"":0,""level"":4,""bands"":""5""},{""type"":""LTE"",""pci"":459,""earfcn"":3050,""tac"":null,""rsrp"":-74,""rsrq"":-14,""rssi"":-51,""snr"":null,""ta"":0,""level"":4,""bands"":""7""},{""type"":""LTE"",""pci"":469,""earfcn"":3050,""tac"":null,""rsrp"":-79,""rsrq"":-16,""rssi"":-51,""snr"":null,""ta"":0,""level"":4,""bands"":""7""}]",1013.6605,27,,24,5,,,,"[{""b"":""06:29:d5:af:59:11"",""s"":""U+zone_2.4GHz"",""r"":-48,""f"":2462},{""b"":""0a:29:d5:af:59:11"",""s"":""U+zone"",""r"":-58,""f"":5765},{""b"":""02:17:b2:0b:68:96"",""s"":""T wifi zone"",""r"":-59,""f"":2412},{""b"":""30:78:c2:00:10:0d"",""s"":""KT WiFi"",""r"":-63,""f"":2432},{""b"":""02:17:b2:0b:68:98"",""s"":""T wifi zone_secure"",""r"":-63,""f"":2412},{""b"":""36:78:c2:00:10:0d"",""s"":""KT WiFi "",""r"":-63,""f"":2432},{""b"":""8a:40:67:30:8a:96"",""s"":""ktEgg_8a96"",""r"":-65,""f"":2462},{""b"":""30:78:c2:00:10:0c"",""s"":""KT WiFi"",""r"":-67,""f"":5240},{""b"":""36:78:c2:00:10:0c"",""s"":""KT WiFi "",""r"":-67,""f"":5240},{""b"":""22:17:b2:0b:68:98"",""s"":""T wifi zone_secure"",""r"":-67,""f"":5600},{""b"":""22:17:b2:0b:68:96"",""s"":""T wifi zone"",""r"":-67,""f"":5600},{""b"":""0a:29:d5:af:59:21"",""s"":""U+zone"",""r"":-74,""f"":5745},{""b"":""02:17:b2:0b:68:94"",""s"":""T wifi zone_secure"",""r"":-79,""f"":2412},{""b"":""0a:29:d5:9c:3e:51"",""s"":""U+zone"",""r"":-84,""f"":5745},{""b"":""0a:1d:93:c7:65:2a"",""s"":""KT WiFi"",""r"":-84,""f"":5560}]",""
1789876894723,2026-09-20 13:01:34,unknown,37.5669467,126.9925402,40.526,0.03631499,,33.89999771118164,fused,5,LTE,LTE_CA,4G,false,false,false,false,false,51249422,459,100,1,8326,450,06,-46,-13,-51,,4,0,,,,50,78,0.0004,0.0006,30,58,0.0002,0.0005,false,3,0,3,-60,459,2600,0.89224005,false,false,periodic,217,0,0,,10026,,,,"[{""type"":""LTE"",""pci"":459,""earfcn"":2600,""tac"":null,""rsrp"":-60,""rsrq"":-15,""rssi"":-51,""snr"":null,""ta"":0,""level"":4,""bands"":""5""},{""type"":""LTE"",""pci"":459,""earfcn"":3050,""tac"":null,""rsrp"":-74,""rsrq"":-14,""rssi"":-51,""snr"":null,""ta"":0,""level"":4,""bands"":""7""},{""type"":""LTE"",""pci"":469,""earfcn"":3050,""tac"":null,""rsrp"":-79,""rsrq"":-16,""rssi"":-51,""snr"":null,""ta"":0,""level"":4,""bands"":""7""}]",1013.7882,24,,30,4,,,,"[{""b"":""06:29:d5:9c:3e:51"",""s"":""U+zone_2.4GHz"",""r"":-53,""f"":2437},{""b"":""06:29:d5:af:59:11"",""s"":""U+zone_2.4GHz"",""r"":-54,""f"":2462},{""b"":""0a:29:d5:9c:3e:51"",""s"":""U+zone"",""r"":-58,""f"":5745},{""b"":""0a:29:d5:af:59:11"",""s"":""U+zone"",""r"":-60,""f"":5765},{""b"":""36:78:c2:00:10:0d"",""s"":""KT WiFi "",""r"":-65,""f"":2432},{""b"":""30:78:c2:00:10:0d"",""s"":""KT WiFi"",""r"":-66,""f"":2432},{""b"":""02:17:b2:0b:69:dc"",""s"":""T wifi zone"",""r"":-66,""f"":2472},{""b"":""22:17:b2:0b:69:dc"",""s"":""T wifi zone"",""r"":-67,""f"":5520},{""b"":""22:17:b2:0b:69:de"",""s"":""T wifi zone_secure"",""r"":-67,""f"":5520},{""b"":""02:17:b2:0b:69:de"",""s"":""T wifi zone_secure"",""r"":-67,""f"":2472},{""b"":""22:17:b2:0b:68:98"",""s"":""T wifi zone_secure"",""r"":-68,""f"":5600},{""b"":""22:17:b2:0b:68:96"",""s"":""T wifi zone"",""r"":-69,""f"":5600},{""b"":""00:40:5a:b7:93:fa"",""s"":""U+zone"",""r"":-69,""f"":2472},{""b"":""30:78:c2:00:10:0c"",""s"":""KT WiFi"",""r"":-71,""f"":5240},{""b"":""36:78:c2:00:10:0c"",""s"":""KT WiFi "",""r"":-71,""f"":5240}]",""
1789876899747,2026-09-20 13:01:39,unknown,37.5669493,126.9925677,60.842,0.43496415,89.37537,33.89999771118164,fused,0,LTE,LTE_CA,4G,false,false,false,false,false,51249422,459,100,1,8326,450,06,-48,-11,-51,,4,0,,,,64,78,0.0005,0.0006,44,58,0.0004,0.0005,false,4,0,4,-56,459,2600,0.43496415,false,false,periodic,222,0,-2,,5002,,,,"[{""type"":""LTE"",""pci"":459,""earfcn"":2600,""tac"":null,""rsrp"":-56,""rsrq"":-9,""rssi"":-51,""snr"":null,""ta"":0,""level"":4,""bands"":""5""},{""type"":""LTE"",""pci"":459,""earfcn"":3050,""tac"":null,""rsrp"":-68,""rsrq"":-12,""rssi"":-51,""snr"":null,""ta"":0,""level"":4,""bands"":""7""},{""type"":""LTE"",""pci"":468,""earfcn"":3050,""tac"":null,""rsrp"":-79,""rsrq"":-20,""rssi"":-51,""snr"":null,""ta"":0,""level"":4,""bands"":""7""},{""type"":""LTE"",""pci"":469,""earfcn"":3050,""tac"":null,""rsrp"":-94,""rsrq"":-20,""rssi"":-57,""snr"":null,""ta"":0,""level"":3,""bands"":""7""}]",1013.68066,34,,30,5,,,,"[{""b"":""06:29:d5:9c:3e:51"",""s"":""U+zone_2.4GHz"",""r"":-52,""f"":2437},{""b"":""0a:29:d5:9c:3e:51"",""s"":""U+zone"",""r"":-55,""f"":5745},{""b"":""0a:29:d5:af:59:11"",""s"":""U+zone"",""r"":-58,""f"":5765},{""b"":""02:17:b2:0b:69:dc"",""s"":""T wifi zone"",""r"":-62,""f"":2472},{""b"":""02:17:b2:0b:69:de"",""s"":""T wifi zone_secure"",""r"":-65,""f"":2472},{""b"":""02:17:b2:0b:68:98"",""s"":""T wifi zone_secure"",""r"":-65,""f"":2412},{""b"":""06:29:d5:af:59:21"",""s"":""U+zone_2.4GHz"",""r"":-66,""f"":2437},{""b"":""02:17:b2:0b:68:96"",""s"":""T wifi zone"",""r"":-66,""f"":2412},{""b"":""36:78:c2:00:10:0d"",""s"":""KT WiFi "",""r"":-66,""f"":2432},{""b"":""00:40:5a:b7:93:fa"",""s"":""U+zone"",""r"":-67,""f"":2472},{""b"":""22:17:b2:0b:69:dc"",""s"":""T wifi zone"",""r"":-68,""f"":5520},{""b"":""06:29:d5:9c:3e:61"",""s"":""U+zone_2.4GHz"",""r"":-69,""f"":2462},{""b"":""22:17:b2:0b:69:de"",""s"":""T wifi zone_secure"",""r"":-69,""f"":5520},{""b"":""30:78:c2:00:10:0c"",""s"":""KT WiFi"",""r"":-71,""f"":5240},{""b"":""36:78:c2:00:10:0c"",""s"":""KT WiFi "",""r"":-71,""f"":5240}]",""
1789876904768,2026-09-20 13:01:44,unknown,37.5669358,126.9925808,58.578,0.79416215,90.06023,33.89999771118164,fused,0,LTE,LTE_CA,4G,false,false,false,false,false,51249422,459,100,1,8326,450,06,-48,-11,-51,,4,0,,,,420716,1384,3.3657,0.0111,420696,1364,3.3656,0.0109,false,4,0,4,-56,459,2600,0.79416215,false,false,periodic,227,0,0,,10024,,,,"[{""type"":""LTE"",""pci"":459,""earfcn"":2600,""tac"":null,""rsrp"":-56,""rsrq"":-9,""rssi"":-51,""snr"":null,""ta"":0,""level"":4,""bands"":""5""},{""type"":""LTE"",""pci"":459,""earfcn"":3050,""tac"":null,""rsrp"":-68,""rsrq"":-12,""rssi"":-51,""snr"":null,""ta"":0,""level"":4,""bands"":""7""},{""type"":""LTE"",""pci"":468,""earfcn"":3050,""tac"":null,""rsrp"":-79,""rsrq"":-20,""rssi"":-51,""snr"":null,""ta"":0,""level"":4,""bands"":""7""},{""type"":""LTE"",""pci"":469,""earfcn"":3050,""tac"":null,""rsrp"":-94,""rsrq"":-20,""rssi"":-57,""snr"":null,""ta"":0,""level"":3,""bands"":""7""}]",1013.64417,40,72.444,24,2,,,,"[{""b"":""0a:29:d5:9c:3e:51"",""s"":""U+zone"",""r"":-44,""f"":5745},{""b"":""06:29:d5:9c:3e:51"",""s"":""U+zone_2.4GHz"",""r"":-46,""f"":2437},{""b"":""22:17:b2:0b:69:dc"",""s"":""T wifi zone"",""r"":-54,""f"":5520},{""b"":""30:78:c2:00:0f:59"",""s"":""KT WiFi"",""r"":-55,""f"":2412},{""b"":""36:78:c2:00:0f:59"",""s"":""KT WiFi "",""r"":-56,""f"":2412},{""b"":""22:17:b2:0b:69:de"",""s"":""T wifi zone_secure"",""r"":-57,""f"":5520},{""b"":""02:17:b2:0b:69:dc"",""s"":""T wifi zone"",""r"":-58,""f"":2472},{""b"":""02:17:b2:0b:69:de"",""s"":""T wifi zone_secure"",""r"":-59,""f"":2472},{""b"":""30:78:c2:00:0f:58"",""s"":""KT WiFi"",""r"":-62,""f"":5320},{""b"":""36:78:c2:00:0f:58"",""s"":""KT WiFi "",""r"":-62,""f"":5320},{""b"":""06:29:d5:af:59:11"",""s"":""U+zone_2.4GHz"",""r"":-65,""f"":2462},{""b"":""02:17:b2:0b:68:96"",""s"":""T wifi zone"",""r"":-70,""f"":2412},{""b"":""0a:29:d5:9c:3e:61"",""s"":""U+zone"",""r"":-71,""f"":5745},{""b"":""02:17:b2:0b:68:98"",""s"":""T wifi zone_secure"",""r"":-71,""f"":2412},{""b"":""0a:29:d5:af:59:11"",""s"":""U+zone"",""r"":-72,""f"":5765}]",""
1789876909793,2026-09-20 13:01:49,unknown,37.5669477,126.9925995,65.579,0.7775124,88.88694,33.89999771118164,fused,2,LTE,LTE_CA,4G,false,false,false,false,false,51249422,459,100,1,8326,450,06,-46,-7,-51,,4,0,,,,70,98,0.0006,0.0008,30,58,0.0002,0.0005,false,3,0,3,-66,459,2600,0.7775124,false,false,periodic,232,0,2,,5004,,,,"[{""type"":""LTE"",""pci"":459,""earfcn"":2600,""tac"":null,""rsrp"":-66,""rsrq"":-6,""rssi"":-51,""snr"":null,""ta"":0,""level"":4,""bands"":""5""},{""type"":""LTE"",""pci"":459,""earfcn"":3050,""tac"":null,""rsrp"":-71,""rsrq"":-10,""rssi"":-51,""snr"":null,""ta"":0,""level"":4,""bands"":""7""},{""type"":""LTE"",""pci"":469,""earfcn"":3050,""tac"":null,""rsrp"":-82,""rsrq"":-15,""rssi"":-55,""snr"":null,""ta"":0,""level"":4,""bands"":""7""}]",1013.6626,27,,16,1,,,,"[{""b"":""06:29:d5:9c:3e:51"",""s"":""U+zone_2.4GHz"",""r"":-47,""f"":2437},{""b"":""0a:29:d5:9c:3e:51"",""s"":""U+zone"",""r"":-51,""f"":5745},{""b"":""22:17:b2:0b:69:de"",""s"":""T wifi zone_secure"",""r"":-58,""f"":5520},{""b"":""02:17:b2:0b:69:dc"",""s"":""T wifi zone"",""r"":-58,""f"":2472},{""b"":""22:17:b2:0b:69:dc"",""s"":""T wifi zone"",""r"":-58,""f"":5520},{""b"":""02:17:b2:0b:69:de"",""s"":""T wifi zone_secure"",""r"":-59,""f"":2472},{""b"":""36:78:c2:00:0f:59"",""s"":""KT WiFi "",""r"":-59,""f"":2412},{""b"":""30:78:c2:00:0f:59"",""s"":""KT WiFi"",""r"":-61,""f"":2412},{""b"":""30:78:c2:00:0f:58"",""s"":""KT WiFi"",""r"":-65,""f"":5320},{""b"":""36:78:c2:00:0f:58"",""s"":""KT WiFi "",""r"":-66,""f"":5320},{""b"":""0a:29:d5:9c:3e:61"",""s"":""U+zone"",""r"":-75,""f"":5745},{""b"":""22:17:b2:0b:37:5c"",""s"":""T wifi zone_secure"",""r"":-78,""f"":5745},{""b"":""22:17:b2:0b:37:5a"",""s"":""T wifi zone"",""r"":-79,""f"":5745},{""b"":""06:1d:93:c7:66:76"",""s"":""KT WiFi "",""r"":-81,""f"":5240},{""b"":""22:17:b2:0b:69:e0"",""s"":""T wifi zone"",""r"":-90,""f"":5280}]",""
1789876914818,2026-09-20 13:01:54,unknown,37.5669477,126.9925995,65.579,0.7775124,88.88694,33.89999771118164,fused,7,LTE,LTE_CA,4G,false,false,false,false,false,51249422,459,100,1,8326,450,06,-46,-7,-51,,4,0,,,,99,109,0.0008,0.0009,79,89,0.0006,0.0007,false,3,0,3,-66,459,2600,0.7775124,false,false,periodic,237,0,0,,10027,,,,"[{""type"":""LTE"",""pci"":459,""earfcn"":2600,""tac"":null,""rsrp"":-66,""rsrq"":-6,""rssi"":-51,""snr"":null,""ta"":0,""level"":4,""bands"":""5""},{""type"":""LTE"",""pci"":459,""earfcn"":3050,""tac"":null,""rsrp"":-71,""rsrq"":-10,""rssi"":-51,""snr"":null,""ta"":0,""level"":4,""bands"":""7""},{""type"":""LTE"",""pci"":469,""earfcn"":3050,""tac"":null,""rsrp"":-82,""rsrq"":-15,""rssi"":-55,""snr"":null,""ta"":0,""level"":4,""bands"":""7""}]",1013.70276,42,,16,6,,,,"[{""b"":""06:29:d5:9c:3e:51"",""s"":""U+zone_2.4GHz"",""r"":-47,""f"":2437},{""b"":""0a:29:d5:9c:3e:51"",""s"":""U+zone"",""r"":-51,""f"":5745},{""b"":""22:17:b2:0b:69:de"",""s"":""T wifi zone_secure"",""r"":-58,""f"":5520},{""b"":""02:17:b2:0b:69:dc"",""s"":""T wifi zone"",""r"":-58,""f"":2472},{""b"":""22:17:b2:0b:69:dc"",""s"":""T wifi zone"",""r"":-58,""f"":5520},{""b"":""02:17:b2:0b:69:de"",""s"":""T wifi zone_secure"",""r"":-59,""f"":2472},{""b"":""36:78:c2:00:0f:59"",""s"":""KT WiFi "",""r"":-59,""f"":2412},{""b"":""30:78:c2:00:0f:59"",""s"":""KT WiFi"",""r"":-61,""f"":2412},{""b"":""30:78:c2:00:0f:58"",""s"":""KT WiFi"",""r"":-65,""f"":5320},{""b"":""36:78:c2:00:0f:58"",""s"":""KT WiFi "",""r"":-66,""f"":5320},{""b"":""0a:29:d5:9c:3e:61"",""s"":""U+zone"",""r"":-75,""f"":5745},{""b"":""22:17:b2:0b:37:5c"",""s"":""T wifi zone_secure"",""r"":-78,""f"":5745},{""b"":""22:17:b2:0b:37:5a"",""s"":""T wifi zone"",""r"":-79,""f"":5745},{""b"":""06:1d:93:c7:66:76"",""s"":""KT WiFi "",""r"":-81,""f"":5240},{""b"":""22:17:b2:0b:69:e0"",""s"":""T wifi zone"",""r"":-90,""f"":5280}]",""
1789876919840,2026-09-20 13:01:59,unknown,37.566964,126.9926411,100.0,0.7646028,84.49814,33.89999771118164,fused,6,LTE,LTE_CA,4G,false,false,false,false,false,51249422,459,100,1,8326,450,06,-66,-9,-51,,4,0,,,,64,78,0.0005,0.0006,44,58,0.0004,0.0005,false,4,0,4,-69,459,2600,0.7646028,false,false,periodic,242,0,-20,,4999,,,,"[{""type"":""LTE"",""pci"":459,""earfcn"":2600,""tac"":null,""rsrp"":-69,""rsrq"":-6,""rssi"":-53,""snr"":null,""ta"":0,""level"":4,""bands"":""5""},{""type"":""LTE"",""pci"":459,""earfcn"":3050,""tac"":null,""rsrp"":-92,""rsrq"":-11,""rssi"":-69,""snr"":null,""ta"":0,""level"":3,""bands"":""7""},{""type"":""LTE"",""pci"":0,""earfcn"":3050,""tac"":null,""rsrp"":-99,""rsrq"":-17,""rssi"":-71,""snr"":null,""ta"":0,""level"":2,""bands"":""7""},{""type"":""LTE"",""pci"":469,""earfcn"":3050,""tac"":null,""rsrp"":-110,""rsrq"":-20,""rssi"":-71,""snr"":null,""ta"":0,""level"":1,""bands"":""7""}]",1013.7327,36,,17,6,,,,"[{""b"":""06:29:d5:9c:3e:51"",""s"":""U+zone_2.4GHz"",""r"":-47,""f"":2437},{""b"":""0a:29:d5:9c:3e:51"",""s"":""U+zone"",""r"":-52,""f"":5745},{""b"":""02:17:b2:0b:69:dc"",""s"":""T wifi zone"",""r"":-58,""f"":2472},{""b"":""22:17:b2:0b:69:de"",""s"":""T wifi zone_secure"",""r"":-59,""f"":5520},{""b"":""22:17:b2:0b:69:dc"",""s"":""T wifi zone"",""r"":-60,""f"":5520},{""b"":""02:17:b2:0b:69:de"",""s"":""T wifi zone_secure"",""r"":-61,""f"":2472},{""b"":""36:78:c2:00:0f:59"",""s"":""KT WiFi "",""r"":-63,""f"":2412},{""b"":""30:78:c2:00:0f:59"",""s"":""KT WiFi"",""r"":-64,""f"":2412},{""b"":""30:78:c2:00:0f:58"",""s"":""KT WiFi"",""r"":-66,""f"":5320},{""b"":""36:78:c2:00:0f:58"",""s"":""KT WiFi "",""r"":-67,""f"":5320},{""b"":""0a:29:d5:9c:3e:61"",""s"":""U+zone"",""r"":-77,""f"":5745},{""b"":""22:17:b2:0b:37:5c"",""s"":""T wifi zone_secure"",""r"":-81,""f"":5745},{""b"":""22:17:b2:0b:37:5a"",""s"":""T wifi zone"",""r"":-81,""f"":5745},{""b"":""06:1d:93:c7:66:76"",""s"":""KT WiFi "",""r"":-84,""f"":5240},{""b"":""0a:29:d5:9c:3e:71"",""s"":""U+zone"",""r"":-89,""f"":5745}]",""
1789876924853,2026-09-20 13:02:04,unknown,37.5669853,126.992663,100.0,0.70506936,75.72078,33.89999771118164,fused,6,LTE,LTE_CA,4G,false,false,false,false,false,51249422,459,100,1,8326,450,06,-66,-9,-51,,4,0,,,,1172,1112,0.0094,0.0089,1152,1092,0.0092,0.0087,false,4,0,4,-69,459,2600,0.70506936,false,false,periodic,247,0,0,,10015,,,,"[{""type"":""LTE"",""pci"":459,""earfcn"":2600,""tac"":null,""rsrp"":-69,""rsrq"":-6,""rssi"":-53,""snr"":null,""ta"":0,""level"":4,""bands"":""5""},{""type"":""LTE"",""pci"":459,""earfcn"":3050,""tac"":null,""rsrp"":-92,""rsrq"":-11,""rssi"":-69,""snr"":null,""ta"":0,""level"":3,""bands"":""7""},{""type"":""LTE"",""pci"":0,""earfcn"":3050,""tac"":null,""rsrp"":-99,""rsrq"":-17,""rssi"":-71,""snr"":null,""ta"":0,""level"":2,""bands"":""7""},{""type"":""LTE"",""pci"":469,""earfcn"":3050,""tac"":null,""rsrp"":-110,""rsrq"":-20,""rssi"":-71,""snr"":null,""ta"":0,""level"":1,""bands"":""7""}]",1013.815,33,,17,5,,,,"[{""b"":""06:29:d5:9c:3e:51"",""s"":""U+zone_2.4GHz"",""r"":-48,""f"":2437},{""b"":""0a:29:d5:9c:3e:51"",""s"":""U+zone"",""r"":-49,""f"":5745},{""b"":""22:17:b2:0b:69:de"",""s"":""T wifi zone_secure"",""r"":-57,""f"":5520},{""b"":""22:17:b2:0b:69:dc"",""s"":""T wifi zone"",""r"":-57,""f"":5520},{""b"":""30:78:c2:00:0f:59"",""s"":""KT WiFi"",""r"":-64,""f"":2412},{""b"":""02:17:b2:0b:69:dc"",""s"":""T wifi zone"",""r"":-65,""f"":2472},{""b"":""02:17:b2:0b:69:de"",""s"":""T wifi zone_secure"",""r"":-66,""f"":2472},{""b"":""30:78:c2:00:0f:58"",""s"":""KT WiFi"",""r"":-67,""f"":5320},{""b"":""36:78:c2:00:0f:58"",""s"":""KT WiFi "",""r"":-67,""f"":5320},{""b"":""06:29:d5:9c:3e:61"",""s"":""U+zone_2.4GHz"",""r"":-74,""f"":2462},{""b"":""0a:29:d5:9c:3e:61"",""s"":""U+zone"",""r"":-75,""f"":5745},{""b"":""06:1d:93:c7:66:77"",""s"":""KT WiFi "",""r"":-79,""f"":2472},{""b"":""22:17:b2:0b:37:5a"",""s"":""T wifi zone"",""r"":-82,""f"":5745},{""b"":""22:17:b2:0b:37:5c"",""s"":""T wifi zone_secure"",""r"":-83,""f"":5745},{""b"":""00:1d:93:c7:66:76"",""s"":""KT WiFi"",""r"":-85,""f"":5240}]",""
1789876929876,2026-09-20 13:02:09,unknown,37.5669745,126.9926492,82.451,0.42944187,81.7702,33.89999771118164,fused,5,LTE,LTE_CA,4G,false,false,false,false,false,51249422,459,100,1,8326,450,06,-59,-8,-51,,4,0,,,,70,98,0.0006,0.0008,30,58,0.0002,0.0005,false,5,0,5,-71,459,2600,0.42944187,false,false,periodic,252,0,7,,5000,,,,"[{""type"":""LTE"",""pci"":459,""earfcn"":2600,""tac"":null,""rsrp"":-71,""rsrq"":-6,""rssi"":-55,""snr"":null,""ta"":0,""level"":4,""bands"":""5""},{""type"":""LTE"",""pci"":459,""earfcn"":3050,""tac"":null,""rsrp"":-83,""rsrq"":-12,""rssi"":-61,""snr"":null,""ta"":0,""level"":4,""bands"":""7""},{""type"":""LTE"",""pci"":469,""earfcn"":3050,""tac"":null,""rsrp"":-90,""rsrq"":-17,""rssi"":-61,""snr"":null,""ta"":0,""level"":3,""bands"":""7""},{""type"":""LTE"",""pci"":0,""earfcn"":3050,""tac"":null,""rsrp"":-93,""rsrq"":-20,""rssi"":-61,""snr"":null,""ta"":0,""level"":3,""bands"":""7""},{""type"":""LTE"",""pci"":7,""earfcn"":3050,""tac"":null,""rsrp"":-102,""rsrq"":-20,""rssi"":-69,""snr"":null,""ta"":0,""level"":2,""bands"":""7""}]",1014.2602,37,,12,5,,,,"[{""b"":""0a:29:d5:9c:3e:51"",""s"":""U+zone"",""r"":-49,""f"":5745},{""b"":""22:17:b2:0b:69:dc"",""s"":""T wifi zone"",""r"":-55,""f"":5520},{""b"":""22:17:b2:0b:69:de"",""s"":""T wifi zone_secure"",""r"":-57,""f"":5520},{""b"":""30:78:c2:00:0f:58"",""s"":""KT WiFi"",""r"":-60,""f"":5320},{""b"":""36:78:c2:00:0f:58"",""s"":""KT WiFi "",""r"":-60,""f"":5320},{""b"":""00:1d:93:c7:66:77"",""s"":""KT WiFi"",""r"":-76,""f"":2472},{""b"":""02:17:b2:0b:37:5c"",""s"":""T wifi zone_secure"",""r"":-77,""f"":2412},{""b"":""06:1d:93:c7:66:76"",""s"":""KT WiFi "",""r"":-83,""f"":5240},{""b"":""22:17:b2:0b:37:5c"",""s"":""T wifi zone_secure"",""r"":-84,""f"":5745},{""b"":""22:17:b2:0b:37:5a"",""s"":""T wifi zone"",""r"":-84,""f"":5745},{""b"":""0a:29:d5:9c:3e:61"",""s"":""U+zone"",""r"":-84,""f"":5745},{""b"":""00:1d:93:c7:66:76"",""s"":""KT WiFi"",""r"":-85,""f"":5240}]",""
1789876934893,2026-09-20 13:02:14,unknown,37.5669534,126.9925735,89.953,1.1371838,250.44919,33.89999771118164,fused,5,LTE,LTE_CA,4G,false,false,false,false,false,51249422,459,100,1,8326,450,06,-59,-8,-51,,4,0,,,,420609,1628,3.3649,0.0130,420589,1608,3.3647,0.0129,false,5,0,5,-71,459,2600,1.1371838,false,false,periodic,257,0,0,,10020,,,,"[{""type"":""LTE"",""pci"":459,""earfcn"":2600,""tac"":null,""rsrp"":-71,""rsrq"":-6,""rssi"":-55,""snr"":null,""ta"":0,""level"":4,""bands"":""5""},{""type"":""LTE"",""pci"":459,""earfcn"":3050,""tac"":null,""rsrp"":-83,""rsrq"":-12,""rssi"":-61,""snr"":null,""ta"":0,""level"":4,""bands"":""7""},{""type"":""LTE"",""pci"":469,""earfcn"":3050,""tac"":null,""rsrp"":-90,""rsrq"":-17,""rssi"":-61,""snr"":null,""ta"":0,""level"":3,""bands"":""7""},{""type"":""LTE"",""pci"":0,""earfcn"":3050,""tac"":null,""rsrp"":-93,""rsrq"":-20,""rssi"":-61,""snr"":null,""ta"":0,""level"":3,""bands"":""7""},{""type"":""LTE"",""pci"":7,""earfcn"":3050,""tac"":null,""rsrp"":-102,""rsrq"":-20,""rssi"":-69,""snr"":null,""ta"":0,""level"":2,""bands"":""7""}]",1014.8403,62,51.160,20,3,,,,"[{""b"":""06:29:d5:9c:3e:51"",""s"":""U+zone_2.4GHz"",""r"":-38,""f"":2437},{""b"":""0a:29:d5:9c:3e:51"",""s"":""U+zone"",""r"":-45,""f"":5745},{""b"":""30:78:c2:00:0f:59"",""s"":""KT WiFi"",""r"":-46,""f"":2412},{""b"":""22:17:b2:0b:69:de"",""s"":""T wifi zone_secure"",""r"":-49,""f"":5520},{""b"":""02:17:b2:0b:69:dc"",""s"":""T wifi zone"",""r"":-49,""f"":2472},{""b"":""02:17:b2:0b:69:de"",""s"":""T wifi zone_secure"",""r"":-49,""f"":2472},{""b"":""22:17:b2:0b:69:dc"",""s"":""T wifi zone"",""r"":-49,""f"":5520},{""b"":""36:78:c2:00:0f:59"",""s"":""KT WiFi "",""r"":-51,""f"":2412},{""b"":""36:78:c2:00:0f:58"",""s"":""KT WiFi "",""r"":-59,""f"":5320},{""b"":""30:78:c2:00:0f:58"",""s"":""KT WiFi"",""r"":-60,""f"":5320},{""b"":""06:29:d5:9c:3e:61"",""s"":""U+zone_2.4GHz"",""r"":-64,""f"":2462},{""b"":""06:1d:93:c7:66:77"",""s"":""KT WiFi "",""r"":-67,""f"":2472},{""b"":""0a:29:d5:9c:3e:61"",""s"":""U+zone"",""r"":-75,""f"":5745},{""b"":""22:17:b2:0b:37:5c"",""s"":""T wifi zone_secure"",""r"":-78,""f"":5745},{""b"":""22:17:b2:0b:37:5a"",""s"":""T wifi zone"",""r"":-78,""f"":5745}]",""
1789876936881,2026-09-20 13:02:16,unknown,37.5669534,126.9925735,89.953,1.1371838,250.44919,33.89999771118164,fused,7,LTE,LTE_CA,4G,false,false,false,false,false,51264269,469,100,1,8333,450,06,-75,-10,-51,,4,1,,,,76,148,0.0006,0.0012,76,148,0.0006,0.0012,false,7,0,7,-82,7,100,1.1371838,true,false,handover,0,1,,,8,51249422,-59,-8,"[{""type"":""LTE"",""pci"":7,""earfcn"":100,""tac"":null,""rsrp"":-82,""rsrq"":-17,""rssi"":-55,""snr"":null,""ta"":1,""level"":4,""bands"":""1""},{""type"":""LTE"",""pci"":459,""earfcn"":100,""tac"":null,""rsrp"":-83,""rsrq"":-15,""rssi"":-55,""snr"":null,""ta"":1,""level"":4,""bands"":""1""},{""type"":""LTE"",""pci"":469,""earfcn"":3050,""tac"":null,""rsrp"":-85,""rsrq"":-8,""rssi"":-69,""snr"":null,""ta"":1,""level"":4,""bands"":""7""},{""type"":""LTE"",""pci"":469,""earfcn"":2600,""tac"":null,""rsrp"":-86,""rsrq"":-11,""rssi"":-67,""snr"":null,""ta"":1,""level"":3,""bands"":""5""},{""type"":""LTE"",""pci"":459,""earfcn"":2600,""tac"":null,""rsrp"":-89,""rsrq"":-10,""rssi"":-67,""snr"":null,""ta"":1,""level"":3,""bands"":""5""},{""type"":""LTE"",""pci"":0,""earfcn"":100,""tac"":null,""rsrp"":-90,""rsrq"":-20,""rssi"":-59,""snr"":null,""ta"":1,""level"":3,""bands"":""1""},{""type"":""LTE"",""pci"":248,""earfcn"":100,""tac"":null,""rsrp"":-92,""rsrq"":-18,""rssi"":-59,""snr"":null,""ta"":1,""level"":3,""bands"":""1""}]",1014.81354,19,,20,5,,,,"[{""b"":""06:29:d5:9c:3e:51"",""s"":""U+zone_2.4GHz"",""r"":-38,""f"":2437},{""b"":""0a:29:d5:9c:3e:51"",""s"":""U+zone"",""r"":-45,""f"":5745},{""b"":""30:78:c2:00:0f:59"",""s"":""KT WiFi"",""r"":-46,""f"":2412},{""b"":""22:17:b2:0b:69:de"",""s"":""T wifi zone_secure"",""r"":-49,""f"":5520},{""b"":""02:17:b2:0b:69:dc"",""s"":""T wifi zone"",""r"":-49,""f"":2472},{""b"":""02:17:b2:0b:69:de"",""s"":""T wifi zone_secure"",""r"":-49,""f"":2472},{""b"":""22:17:b2:0b:69:dc"",""s"":""T wifi zone"",""r"":-49,""f"":5520},{""b"":""36:78:c2:00:0f:59"",""s"":""KT WiFi "",""r"":-51,""f"":2412},{""b"":""36:78:c2:00:0f:58"",""s"":""KT WiFi "",""r"":-59,""f"":5320},{""b"":""30:78:c2:00:0f:58"",""s"":""KT WiFi"",""r"":-60,""f"":5320},{""b"":""06:29:d5:9c:3e:61"",""s"":""U+zone_2.4GHz"",""r"":-64,""f"":2462},{""b"":""06:1d:93:c7:66:77"",""s"":""KT WiFi "",""r"":-67,""f"":2472},{""b"":""0a:29:d5:9c:3e:61"",""s"":""U+zone"",""r"":-75,""f"":5745},{""b"":""22:17:b2:0b:37:5c"",""s"":""T wifi zone_secure"",""r"":-78,""f"":5745},{""b"":""22:17:b2:0b:37:5a"",""s"":""T wifi zone"",""r"":-78,""f"":5745}]","[{""type"":""LTE"",""pci"":459,""earfcn"":2600,""tac"":null,""rsrp"":-71,""rsrq"":-6,""rssi"":-55,""snr"":null,""ta"":0,""level"":4,""bands"":""5""},{""type"":""LTE"",""pci"":459,""earfcn"":3050,""tac"":null,""rsrp"":-83,""rsrq"":-12,""rssi"":-61,""snr"":null,""ta"":0,""level"":4,""bands"":""7""},{""type"":""LTE"",""pci"":469,""earfcn"":3050,""tac"":null,""rsrp"":-90,""rsrq"":-17,""rssi"":-61,""snr"":null,""ta"":0,""level"":3,""bands"":""7""},{""type"":""LTE"",""pci"":0,""earfcn"":3050,""tac"":null,""rsrp"":-93,""rsrq"":-20,""rssi"":-61,""snr"":null,""ta"":0,""level"":3,""bands"":""7""},{""type"":""LTE"",""pci"":7,""earfcn"":3050,""tac"":null,""rsrp"":-102,""rsrq"":-20,""rssi"":-69,""snr"":null,""ta"":0,""level"":2,""bands"":""7""}]"
1789876939916,2026-09-20 13:02:19,unknown,37.5670381,126.9925433,100.0,1.128297,331.58987,26.450013929988742,fused,3,LTE,LTE_CA,4G,false,false,false,false,false,51264269,469,100,1,8333,450,06,-75,-10,-51,,4,1,,,,32,32,0.0003,0.0003,0,0,0.0000,0.0000,false,7,0,7,-82,7,100,1.128297,false,false,periodic,3,1,0,,3046,,,,"[{""type"":""LTE"",""pci"":7,""earfcn"":100,""tac"":null,""rsrp"":-82,""rsrq"":-17,""rssi"":-55,""snr"":null,""ta"":1,""level"":4,""bands"":""1""},{""type"":""LTE"",""pci"":459,""earfcn"":100,""tac"":null,""rsrp"":-83,""rsrq"":-15,""rssi"":-55,""snr"":null,""ta"":1,""level"":4,""bands"":""1""},{""type"":""LTE"",""pci"":469,""earfcn"":3050,""tac"":null,""rsrp"":-85,""rsrq"":-8,""rssi"":-69,""snr"":null,""ta"":1,""level"":4,""bands"":""7""},{""type"":""LTE"",""pci"":469,""earfcn"":2600,""tac"":null,""rsrp"":-86,""rsrq"":-11,""rssi"":-67,""snr"":null,""ta"":1,""level"":3,""bands"":""5""},{""type"":""LTE"",""pci"":459,""earfcn"":2600,""tac"":null,""rsrp"":-89,""rsrq"":-10,""rssi"":-67,""snr"":null,""ta"":1,""level"":3,""bands"":""5""},{""type"":""LTE"",""pci"":0,""earfcn"":100,""tac"":null,""rsrp"":-90,""rsrq"":-20,""rssi"":-59,""snr"":null,""ta"":1,""level"":3,""bands"":""1""},{""type"":""LTE"",""pci"":248,""earfcn"":100,""tac"":null,""rsrp"":-92,""rsrq"":-18,""rssi"":-59,""snr"":null,""ta"":1,""level"":3,""bands"":""1""}]",1014.92145,19,,27,1,,,,"[{""b"":""06:29:d5:9c:3e:51"",""s"":""U+zone_2.4GHz"",""r"":-38,""f"":2437},{""b"":""0a:29:d5:9c:3e:51"",""s"":""U+zone"",""r"":-41,""f"":5745},{""b"":""22:17:b2:0b:69:dc"",""s"":""T wifi zone"",""r"":-51,""f"":5520},{""b"":""02:17:b2:0b:69:dc"",""s"":""T wifi zone"",""r"":-52,""f"":2472},{""b"":""36:78:c2:00:0f:59"",""s"":""KT WiFi "",""r"":-52,""f"":2412},{""b"":""30:78:c2:00:0f:59"",""s"":""KT WiFi"",""r"":-53,""f"":2412},{""b"":""22:17:b2:0b:69:de"",""s"":""T wifi zone_secure"",""r"":-53,""f"":5520},{""b"":""02:17:b2:0b:69:de"",""s"":""T wifi zone_secure"",""r"":-55,""f"":2472},{""b"":""36:78:c2:00:0f:58"",""s"":""KT WiFi "",""r"":-56,""f"":5320},{""b"":""30:78:c2:00:0f:58"",""s"":""KT WiFi"",""r"":-57,""f"":5320},{""b"":""06:29:d5:9c:3e:61"",""s"":""U+zone_2.4GHz"",""r"":-66,""f"":2462},{""b"":""0a:29:d5:9c:3e:61"",""s"":""U+zone"",""r"":-68,""f"":5745},{""b"":""02:17:b2:0b:37:5a"",""s"":""T wifi zone"",""r"":-68,""f"":2412},{""b"":""02:17:b2:0b:37:5c"",""s"":""T wifi zone_secure"",""r"":-69,""f"":2412},{""b"":""22:17:b2:0b:37:5c"",""s"":""T wifi zone_secure"",""r"":-74,""f"":5745}]",""
1789876944939,2026-09-20 13:02:24,unknown,37.5670381,126.9925433,100.0,1.128297,331.58987,26.450013929988742,fused,8,LTE,LTE_CA,4G,false,false,false,false,false,51264269,469,100,1,8333,450,06,-75,-10,-51,,4,1,,,,194,410,0.0016,0.0033,174,390,0.0014,0.0031,false,7,0,7,-82,7,100,1.128297,false,false,periodic,8,1,0,,8069,,,,"[{""type"":""LTE"",""pci"":7,""earfcn"":100,""tac"":null,""rsrp"":-82,""rsrq"":-17,""rssi"":-55,""snr"":null,""ta"":1,""level"":4,""bands"":""1""},{""type"":""LTE"",""pci"":459,""earfcn"":100,""tac"":null,""rsrp"":-83,""rsrq"":-15,""rssi"":-55,""snr"":null,""ta"":1,""level"":4,""bands"":""1""},{""type"":""LTE"",""pci"":469,""earfcn"":3050,""tac"":null,""rsrp"":-85,""rsrq"":-8,""rssi"":-69,""snr"":null,""ta"":1,""level"":4,""bands"":""7""},{""type"":""LTE"",""pci"":469,""earfcn"":2600,""tac"":null,""rsrp"":-86,""rsrq"":-11,""rssi"":-67,""snr"":null,""ta"":1,""level"":3,""bands"":""5""},{""type"":""LTE"",""pci"":459,""earfcn"":2600,""tac"":null,""rsrp"":-89,""rsrq"":-10,""rssi"":-67,""snr"":null,""ta"":1,""level"":3,""bands"":""5""},{""type"":""LTE"",""pci"":0,""earfcn"":100,""tac"":null,""rsrp"":-90,""rsrq"":-20,""rssi"":-59,""snr"":null,""ta"":1,""level"":3,""bands"":""1""},{""type"":""LTE"",""pci"":248,""earfcn"":100,""tac"":null,""rsrp"":-92,""rsrq"":-18,""rssi"":-59,""snr"":null,""ta"":1,""level"":3,""bands"":""1""}]",1014.38324,46,,27,6,,,,"[{""b"":""06:29:d5:9c:3e:51"",""s"":""U+zone_2.4GHz"",""r"":-38,""f"":2437},{""b"":""0a:29:d5:9c:3e:51"",""s"":""U+zone"",""r"":-41,""f"":5745},{""b"":""22:17:b2:0b:69:dc"",""s"":""T wifi zone"",""r"":-51,""f"":5520},{""b"":""02:17:b2:0b:69:dc"",""s"":""T wifi zone"",""r"":-52,""f"":2472},{""b"":""36:78:c2:00:0f:59"",""s"":""KT WiFi "",""r"":-52,""f"":2412},{""b"":""30:78:c2:00:0f:59"",""s"":""KT WiFi"",""r"":-53,""f"":2412},{""b"":""22:17:b2:0b:69:de"",""s"":""T wifi zone_secure"",""r"":-53,""f"":5520},{""b"":""02:17:b2:0b:69:de"",""s"":""T wifi zone_secure"",""r"":-55,""f"":2472},{""b"":""36:78:c2:00:0f:58"",""s"":""KT WiFi "",""r"":-56,""f"":5320},{""b"":""30:78:c2:00:0f:58"",""s"":""KT WiFi"",""r"":-57,""f"":5320},{""b"":""06:29:d5:9c:3e:61"",""s"":""U+zone_2.4GHz"",""r"":-66,""f"":2462},{""b"":""0a:29:d5:9c:3e:61"",""s"":""U+zone"",""r"":-68,""f"":5745},{""b"":""02:17:b2:0b:37:5a"",""s"":""T wifi zone"",""r"":-68,""f"":2412},{""b"":""02:17:b2:0b:37:5c"",""s"":""T wifi zone_secure"",""r"":-69,""f"":2412},{""b"":""22:17:b2:0b:37:5c"",""s"":""T wifi zone_secure"",""r"":-74,""f"":5745}]",""
1789876949962,2026-09-20 13:02:29,unknown,37.5670381,126.9925433,100.0,1.128297,331.58987,26.450013929988742,fused,13,LTE,LTE_CA,4G,false,false,false,false,false,51264269,469,100,1,8333,450,06,-64,-5,-51,,4,0,,,,199,180,0.0016,0.0014,179,160,0.0014,0.0013,false,5,0,5,-61,469,2600,1.128297,false,false,periodic,13,1,11,,5003,,,,"[{""type"":""LTE"",""pci"":469,""earfcn"":2600,""tac"":null,""rsrp"":-61,""rsrq"":-7,""rssi"":-51,""snr"":null,""ta"":0,""level"":4,""bands"":""5""},{""type"":""LTE"",""pci"":469,""earfcn"":3050,""tac"":null,""rsrp"":-69,""rsrq"":-12,""rssi"":-51,""snr"":null,""ta"":0,""level"":4,""bands"":""7""},{""type"":""LTE"",""pci"":459,""earfcn"":3050,""tac"":null,""rsrp"":-81,""rsrq"":-18,""rssi"":-53,""snr"":null,""ta"":0,""level"":4,""bands"":""7""},{""type"":""LTE"",""pci"":459,""earfcn"":2600,""tac"":null,""rsrp"":-96,""rsrq"":-20,""rssi"":-57,""snr"":null,""ta"":0,""level"":2,""bands"":""5""},{""type"":""LTE"",""pci"":0,""earfcn"":2600,""tac"":null,""rsrp"":-96,""rsrq"":-20,""rssi"":-57,""snr"":null,""ta"":0,""level"":2,""bands"":""5""}]",1013.75464,31,,22,4,,,,"[{""b"":""06:29:d5:9c:3e:51"",""s"":""U+zone_2.4GHz"",""r"":-40,""f"":2437},{""b"":""0a:29:d5:9c:3e:51"",""s"":""U+zone"",""r"":-40,""f"":5745},{""b"":""02:17:b2:0b:69:dc"",""s"":""T wifi zone"",""r"":-48,""f"":2472},{""b"":""02:17:b2:0b:69:de"",""s"":""T wifi zone_secure"",""r"":-48,""f"":2472},{""b"":""22:17:b2:0b:69:de"",""s"":""T wifi zone_secure"",""r"":-51,""f"":5520},{""b"":""22:17:b2:0b:69:dc"",""s"":""T wifi zone"",""r"":-51,""f"":5520},{""b"":""36:78:c2:00:0f:59"",""s"":""KT WiFi "",""r"":-54,""f"":2412},{""b"":""30:78:c2:00:0f:59"",""s"":""KT WiFi"",""r"":-56,""f"":2412},{""b"":""30:78:c2:00:0f:58"",""s"":""KT WiFi"",""r"":-58,""f"":5320},{""b"":""36:78:c2:00:0f:58"",""s"":""KT WiFi "",""r"":-58,""f"":5320},{""b"":""06:29:d5:9c:3e:61"",""s"":""U+zone_2.4GHz"",""r"":-64,""f"":2462},{""b"":""0a:29:d5:9c:3e:61"",""s"":""U+zone"",""r"":-72,""f"":5745},{""b"":""22:17:b2:0b:37:5a"",""s"":""T wifi zone"",""r"":-76,""f"":5745},{""b"":""22:17:b2:0b:37:5c"",""s"":""T wifi zone_secure"",""r"":-78,""f"":5745},{""b"":""02:17:b2:0b:69:e0"",""s"":""T wifi zone"",""r"":-78,""f"":2412}]",""
1789876954985,2026-09-20 13:02:34,unknown,37.5670381,126.9925433,100.0,1.128297,331.58987,26.450013929988742,fused,18,LTE,LTE_CA,4G,false,false,false,false,false,51264269,469,100,1,8333,450,06,-64,-5,-51,,4,0,,,,84,98,0.0007,0.0008,44,58,0.0004,0.0005,false,5,0,5,-61,469,2600,1.128297,false,false,periodic,18,1,0,,10026,,,,"[{""type"":""LTE"",""pci"":469,""earfcn"":2600,""tac"":null,""rsrp"":-61,""rsrq"":-7,""rssi"":-51,""snr"":null,""ta"":0,""level"":4,""bands"":""5""},{""type"":""LTE"",""pci"":469,""earfcn"":3050,""tac"":null,""rsrp"":-69,""rsrq"":-12,""rssi"":-51,""snr"":null,""ta"":0,""level"":4,""bands"":""7""},{""type"":""LTE"",""pci"":459,""earfcn"":3050,""tac"":null,""rsrp"":-81,""rsrq"":-18,""rssi"":-53,""snr"":null,""ta"":0,""level"":4,""bands"":""7""},{""type"":""LTE"",""pci"":459,""earfcn"":2600,""tac"":null,""rsrp"":-96,""rsrq"":-20,""rssi"":-57,""snr"":null,""ta"":0,""level"":2,""bands"":""5""},{""type"":""LTE"",""pci"":0,""earfcn"":2600,""tac"":null,""rsrp"":-96,""rsrq"":-20,""rssi"":-57,""snr"":null,""ta"":0,""level"":2,""bands"":""5""}]",1014.3144,34,,23,3,,,,"[{""b"":""06:29:d5:9c:3e:51"",""s"":""U+zone_2.4GHz"",""r"":-39,""f"":2437},{""b"":""0a:29:d5:9c:3e:51"",""s"":""U+zone"",""r"":-42,""f"":5745},{""b"":""36:78:c2:00:0f:59"",""s"":""KT WiFi "",""r"":-49,""f"":2412},{""b"":""30:78:c2:00:0f:59"",""s"":""KT WiFi"",""r"":-49,""f"":2412},{""b"":""22:17:b2:0b:69:de"",""s"":""T wifi zone_secure"",""r"":-52,""f"":5520},{""b"":""02:17:b2:0b:69:dc"",""s"":""T wifi zone"",""r"":-52,""f"":2472},{""b"":""22:17:b2:0b:69:dc"",""s"":""T wifi zone"",""r"":-52,""f"":5520},{""b"":""02:17:b2:0b:69:de"",""s"":""T wifi zone_secure"",""r"":-53,""f"":2472},{""b"":""30:78:c2:00:0f:58"",""s"":""KT WiFi"",""r"":-59,""f"":5320},{""b"":""36:78:c2:00:0f:58"",""s"":""KT WiFi "",""r"":-59,""f"":5320},{""b"":""0a:29:d5:9c:3e:61"",""s"":""U+zone"",""r"":-67,""f"":5745},{""b"":""02:17:b2:0b:37:5a"",""s"":""T wifi zone"",""r"":-71,""f"":2412},{""b"":""00:1d:93:c7:66:76"",""s"":""KT WiFi"",""r"":-72,""f"":5240},{""b"":""22:17:b2:0b:37:5c"",""s"":""T wifi zone_secure"",""r"":-74,""f"":5745},{""b"":""22:17:b2:0b:37:5a"",""s"":""T wifi zone"",""r"":-74,""f"":5745}]",""
1789876960008,2026-09-20 13:02:40,unknown,37.5670381,126.9925433,100.0,1.128297,331.58987,26.450013929988742,fused,23,LTE,LTE_CA,4G,false,false,false,false,false,51264016,0,100,1,8333,450,06,-66,-7,-51,,4,0,,,,5657,329,0.0453,0.0026,5637,309,0.0451,0.0025,false,9,0,9,-65,0,2600,1.128297,true,false,periodic,0,2,,,5003,51264269,-64,-5,"[{""type"":""LTE"",""pci"":0,""earfcn"":2600,""tac"":null,""rsrp"":-65,""rsrq"":-11,""rssi"":-51,""snr"":null,""ta"":0,""level"":4,""bands"":""5""},{""type"":""LTE"",""pci"":0,""earfcn"":3050,""tac"":null,""rsrp"":-75,""rsrq"":-12,""rssi"":-53,""snr"":null,""ta"":0,""level"":4,""bands"":""7""},{""type"":""LTE"",""pci"":7,""earfcn"":100,""tac"":null,""rsrp"":-83,""rsrq"":-20,""rssi"":-51,""snr"":null,""ta"":0,""level"":4,""bands"":""1""},{""type"":""LTE"",""pci"":469,""earfcn"":100,""tac"":null,""rsrp"":-90,""rsrq"":-13,""rssi"":-61,""snr"":null,""ta"":0,""level"":3,""bands"":""1""},{""type"":""LTE"",""pci"":469,""earfcn"":2600,""tac"":null,""rsrp"":-90,""rsrq"":-18,""rssi"":-63,""snr"":null,""ta"":0,""level"":3,""bands"":""5""},{""type"":""LTE"",""pci"":438,""earfcn"":3050,""tac"":null,""rsrp"":-93,""rsrq"":-18,""rssi"":-65,""snr"":null,""ta"":0,""level"":3,""bands"":""7""},{""type"":""LTE"",""pci"":483,""earfcn"":2600,""tac"":null,""rsrp"":-95,""rsrq"":-17,""rssi"":-67,""snr"":null,""ta"":0,""level"":3,""bands"":""5""},{""type"":""LTE"",""pci"":7,""earfcn"":3050,""tac"":null,""rsrp"":-97,""rsrq"":-20,""rssi"":-65,""snr"":null,""ta"":0,""level"":2,""bands"":""7""},{""type"":""LTE"",""pci"":469,""earfcn"":3050,""tac"":null,""rsrp"":-102,""rsrq"":-17,""rssi"":-65,""snr"":null,""ta"":0,""level"":2,""bands"":""7""}]",1014.1852,72,,17,4,,,,"[{""b"":""06:29:d5:9c:3e:51"",""s"":""U+zone_2.4GHz"",""r"":-45,""f"":2437},{""b"":""0a:29:d5:9c:3e:51"",""s"":""U+zone"",""r"":-46,""f"":5745},{""b"":""22:17:b2:0b:69:de"",""s"":""T wifi zone_secure"",""r"":-53,""f"":5520},{""b"":""02:17:b2:0b:69:dc"",""s"":""T wifi zone"",""r"":-54,""f"":2472},{""b"":""22:17:b2:0b:69:dc"",""s"":""T wifi zone"",""r"":-54,""f"":5520},{""b"":""02:17:b2:0b:69:de"",""s"":""T wifi zone_secure"",""r"":-55,""f"":2472},{""b"":""36:78:c2:00:0f:59"",""s"":""KT WiFi "",""r"":-56,""f"":2412},{""b"":""30:78:c2:00:0f:59"",""s"":""KT WiFi"",""r"":-56,""f"":2412},{""b"":""30:78:c2:00:0f:58"",""s"":""KT WiFi"",""r"":-60,""f"":5320},{""b"":""36:78:c2:00:0f:58"",""s"":""KT WiFi "",""r"":-60,""f"":5320},{""b"":""0a:29:d5:9c:3e:61"",""s"":""U+zone"",""r"":-72,""f"":5745},{""b"":""22:17:b2:0b:37:5c"",""s"":""T wifi zone_secure"",""r"":-75,""f"":5745},{""b"":""22:17:b2:0b:37:5a"",""s"":""T wifi zone"",""r"":-75,""f"":5745},{""b"":""0a:29:d5:9c:3e:71"",""s"":""U+zone"",""r"":-83,""f"":5745},{""b"":""22:17:b2:0b:69:e2"",""s"":""T wifi zone_secure"",""r"":-89,""f"":5280}]","[{""type"":""LTE"",""pci"":469,""earfcn"":2600,""tac"":null,""rsrp"":-61,""rsrq"":-7,""rssi"":-51,""snr"":null,""ta"":0,""level"":4,""bands"":""5""},{""type"":""LTE"",""pci"":469,""earfcn"":3050,""tac"":null,""rsrp"":-69,""rsrq"":-12,""rssi"":-51,""snr"":null,""ta"":0,""level"":4,""bands"":""7""},{""type"":""LTE"",""pci"":459,""earfcn"":3050,""tac"":null,""rsrp"":-81,""rsrq"":-18,""rssi"":-53,""snr"":null,""ta"":0,""level"":4,""bands"":""7""},{""type"":""LTE"",""pci"":459,""earfcn"":2600,""tac"":null,""rsrp"":-96,""rsrq"":-20,""rssi"":-57,""snr"":null,""ta"":0,""level"":2,""bands"":""5""},{""type"":""LTE"",""pci"":0,""earfcn"":2600,""tac"":null,""rsrp"":-96,""rsrq"":-20,""rssi"":-57,""snr"":null,""ta"":0,""level"":2,""bands"":""5""}]"
1789876965031,2026-09-20 13:02:45,unknown,37.5718618,126.9917784,36.398,,,30.438622448666436,fused,2,LTE,LTE_CA,4G,false,false,false,false,false,51264016,0,100,1,8333,450,06,-66,-7,-51,,4,0,,,,429645,2081,3.4372,0.0166,429625,2061,3.4370,0.0165,false,9,0,9,-65,0,2600,2.6280587,false,false,periodic,5,2,0,,10024,,,,"[{""type"":""LTE"",""pci"":0,""earfcn"":2600,""tac"":null,""rsrp"":-65,""rsrq"":-11,""rssi"":-51,""snr"":null,""ta"":0,""level"":4,""bands"":""5""},{""type"":""LTE"",""pci"":0,""earfcn"":3050,""tac"":null,""rsrp"":-75,""rsrq"":-12,""rssi"":-53,""snr"":null,""ta"":0,""level"":4,""bands"":""7""},{""type"":""LTE"",""pci"":7,""earfcn"":100,""tac"":null,""rsrp"":-83,""rsrq"":-20,""rssi"":-51,""snr"":null,""ta"":0,""level"":4,""bands"":""1""},{""type"":""LTE"",""pci"":469,""earfcn"":100,""tac"":null,""rsrp"":-90,""rsrq"":-13,""rssi"":-61,""snr"":null,""ta"":0,""level"":3,""bands"":""1""},{""type"":""LTE"",""pci"":469,""earfcn"":2600,""tac"":null,""rsrp"":-90,""rsrq"":-18,""rssi"":-63,""snr"":null,""ta"":0,""level"":3,""bands"":""5""},{""type"":""LTE"",""pci"":438,""earfcn"":3050,""tac"":null,""rsrp"":-93,""rsrq"":-18,""rssi"":-65,""snr"":null,""ta"":0,""level"":3,""bands"":""7""},{""type"":""LTE"",""pci"":483,""earfcn"":2600,""tac"":null,""rsrp"":-95,""rsrq"":-17,""rssi"":-67,""snr"":null,""ta"":0,""level"":3,""bands"":""5""},{""type"":""LTE"",""pci"":7,""earfcn"":3050,""tac"":null,""rsrp"":-97,""rsrq"":-20,""rssi"":-65,""snr"":null,""ta"":0,""level"":2,""bands"":""7""},{""type"":""LTE"",""pci"":469,""earfcn"":3050,""tac"":null,""rsrp"":-102,""rsrq"":-17,""rssi"":-65,""snr"":null,""ta"":0,""level"":2,""bands"":""7""}]",1014.0396,184,37.811,46,0,,,,"[{""b"":""06:29:d5:9c:3e:51"",""s"":""U+zone_2.4GHz"",""r"":-40,""f"":2437},{""b"":""0a:29:d5:9c:3e:51"",""s"":""U+zone"",""r"":-42,""f"":5745},{""b"":""22:17:b2:0b:69:dc"",""s"":""T wifi zone"",""r"":-49,""f"":5520},{""b"":""22:17:b2:0b:69:de"",""s"":""T wifi zone_secure"",""r"":-49,""f"":5520},{""b"":""02:17:b2:0b:69:dc"",""s"":""T wifi zone"",""r"":-53,""f"":2472},{""b"":""02:17:b2:0b:69:de"",""s"":""T wifi zone_secure"",""r"":-54,""f"":2472},{""b"":""06:09:b4:74:44:0c"",""s"":""T wifi zone_secure"",""r"":-55,""f"":5180},{""b"":""00:09:b4:74:44:0c"",""s"":""T wifi zone"",""r"":-55,""f"":5180},{""b"":""0a:09:b4:74:44:0c"",""s"":""T Free WiFi Zone"",""r"":-56,""f"":5180},{""b"":""00:09:b4:74:44:0b"",""s"":""T wifi zone"",""r"":-56,""f"":2472},{""b"":""06:09:b4:74:44:0b"",""s"":""T wifi zone_secure"",""r"":-58,""f"":2472},{""b"":""06:29:d5:5d:f2:10"",""s"":""Public WiFi Free"",""r"":-59,""f"":2412},{""b"":""06:29:d5:5d:f2:12"",""s"":""FREE_U+zone_2.4GHz"",""r"":-60,""f"":2412},{""b"":""0e:09:b4:76:2c:bc"",""s"":""KT GiGA WiFi"",""r"":-61,""f"":5560},{""b"":""30:78:c2:00:0f:58"",""s"":""KT WiFi"",""r"":-61,""f"":5320}]",""
1789876970054,2026-09-20 13:02:50,unknown,37.5718618,126.9917784,36.398,,,30.438622448666436,fused,7,LTE,LTE_CA,4G,false,false,false,false,false,51264016,0,100,1,8333,450,06,-85,-14,-51,,4,2,,,,2770,309,0.0222,0.0025,2750,337,0.0220,0.0027,false,7,0,7,-73,464,100,1.8339741,false,false,periodic,10,1,-19,,5001,,,,"[{""type"":""LTE"",""pci"":464,""earfcn"":100,""tac"":null,""rsrp"":-73,""rsrq"":-13,""rssi"":-53,""snr"":null,""ta"":2,""level"":4,""bands"":""1""},{""type"":""LTE"",""pci"":0,""earfcn"":2600,""tac"":null,""rsrp"":-75,""rsrq"":-7,""rssi"":-57,""snr"":null,""ta"":2,""level"":4,""bands"":""5""},{""type"":""LTE"",""pci"":464,""earfcn"":2600,""tac"":null,""rsrp"":-82,""rsrq"":-15,""rssi"":-57,""snr"":null,""ta"":2,""level"":4,""bands"":""5""},{""type"":""LTE"",""pci"":7,""earfcn"":100,""tac"":null,""rsrp"":-86,""rsrq"":-15,""rssi"":-59,""snr"":null,""ta"":2,""level"":3,""bands"":""1""},{""type"":""LTE"",""pci"":483,""earfcn"":2600,""tac"":null,""rsrp"":-86,""rsrq"":-17,""rssi"":-57,""snr"":null,""ta"":2,""level"":3,""bands"":""5""},{""type"":""LTE"",""pci"":438,""earfcn"":100,""tac"":null,""rsrp"":-89,""rsrq"":-20,""rssi"":-59,""snr"":null,""ta"":2,""level"":3,""bands"":""1""},{""type"":""LTE"",""pci"":469,""earfcn"":2600,""tac"":null,""rsrp"":-99,""rsrq"":-20,""rssi"":-69,""snr"":null,""ta"":2,""level"":2,""bands"":""5""}]",1013.927,55,,29,1,,,,"[{""b"":""06:29:d5:9c:3e:51"",""s"":""U+zone_2.4GHz"",""r"":-38,""f"":2437},{""b"":""0a:29:d5:9c:3e:51"",""s"":""U+zone"",""r"":-41,""f"":5745},{""b"":""22:17:b2:0b:69:dc"",""s"":""T wifi zone"",""r"":-50,""f"":5520},{""b"":""22:17:b2:0b:69:de"",""s"":""T wifi zone_secure"",""r"":-50,""f"":5520},{""b"":""02:17:b2:0b:69:dc"",""s"":""T wifi zone"",""r"":-51,""f"":2472},{""b"":""02:17:b2:0b:69:de"",""s"":""T wifi zone_secure"",""r"":-51,""f"":2472},{""b"":""30:78:c2:00:0f:59"",""s"":""KT WiFi"",""r"":-57,""f"":2412},{""b"":""36:78:c2:00:0f:59"",""s"":""KT WiFi "",""r"":-57,""f"":2412},{""b"":""36:78:c2:00:0f:58"",""s"":""KT WiFi "",""r"":-60,""f"":5320},{""b"":""30:78:c2:00:0f:58"",""s"":""KT WiFi"",""r"":-61,""f"":5320},{""b"":""30:89:d3:32:1b:ec"",""s"":""GlobalWiFi_0QFD4Y"",""r"":-61,""f"":2442},{""b"":""06:09:b4:74:43:eb"",""s"":""T wifi zone_secure"",""r"":-63,""f"":2432},{""b"":""06:29:d5:9c:3e:61"",""s"":""U+zone_2.4GHz"",""r"":-64,""f"":2462},{""b"":""02:17:b2:0b:37:5a"",""s"":""T wifi zone"",""r"":-67,""f"":2412},{""b"":""00:09:b4:74:43:eb"",""s"":""T wifi zone"",""r"":-67,""f"":2432}]",""
1789876975080,2026-09-20 13:02:55,unknown,37.5718807,126.991774,64.356,0.13090257,349.44348,32.0,fused,5,LTE,LTE_CA,4G,false,false,false,false,false,51264016,0,100,1,8333,450,06,-85,-14,-51,,4,2,,,,3185,297,0.0255,0.0024,3145,210,0.0252,0.0017,false,7,0,7,-73,464,100,0.13090257,false,false,periodic,15,1,0,,10026,,,,"[{""type"":""LTE"",""pci"":464,""earfcn"":100,""tac"":null,""rsrp"":-73,""rsrq"":-13,""rssi"":-53,""snr"":null,""ta"":2,""level"":4,""bands"":""1""},{""type"":""LTE"",""pci"":0,""earfcn"":2600,""tac"":null,""rsrp"":-75,""rsrq"":-7,""rssi"":-57,""snr"":null,""ta"":2,""level"":4,""bands"":""5""},{""type"":""LTE"",""pci"":464,""earfcn"":2600,""tac"":null,""rsrp"":-82,""rsrq"":-15,""rssi"":-57,""snr"":null,""ta"":2,""level"":4,""bands"":""5""},{""type"":""LTE"",""pci"":7,""earfcn"":100,""tac"":null,""rsrp"":-86,""rsrq"":-15,""rssi"":-59,""snr"":null,""ta"":2,""level"":3,""bands"":""1""},{""type"":""LTE"",""pci"":483,""earfcn"":2600,""tac"":null,""rsrp"":-86,""rsrq"":-17,""rssi"":-57,""snr"":null,""ta"":2,""level"":3,""bands"":""5""},{""type"":""LTE"",""pci"":438,""earfcn"":100,""tac"":null,""rsrp"":-89,""rsrq"":-20,""rssi"":-59,""snr"":null,""ta"":2,""level"":3,""bands"":""1""},{""type"":""LTE"",""pci"":469,""earfcn"":2600,""tac"":null,""rsrp"":-99,""rsrq"":-20,""rssi"":-69,""snr"":null,""ta"":2,""level"":2,""bands"":""5""}]",1013.88684,31,,29,6,,,,"[{""b"":""06:29:d5:9c:3e:51"",""s"":""U+zone_2.4GHz"",""r"":-38,""f"":2437},{""b"":""0a:29:d5:9c:3e:51"",""s"":""U+zone"",""r"":-41,""f"":5745},{""b"":""22:17:b2:0b:69:dc"",""s"":""T wifi zone"",""r"":-50,""f"":5520},{""b"":""22:17:b2:0b:69:de"",""s"":""T wifi zone_secure"",""r"":-50,""f"":5520},{""b"":""02:17:b2:0b:69:dc"",""s"":""T wifi zone"",""r"":-51,""f"":2472},{""b"":""02:17:b2:0b:69:de"",""s"":""T wifi zone_secure"",""r"":-51,""f"":2472},{""b"":""30:78:c2:00:0f:59"",""s"":""KT WiFi"",""r"":-57,""f"":2412},{""b"":""36:78:c2:00:0f:59"",""s"":""KT WiFi "",""r"":-57,""f"":2412},{""b"":""36:78:c2:00:0f:58"",""s"":""KT WiFi "",""r"":-60,""f"":5320},{""b"":""30:78:c2:00:0f:58"",""s"":""KT WiFi"",""r"":-61,""f"":5320},{""b"":""30:89:d3:32:1b:ec"",""s"":""GlobalWiFi_0QFD4Y"",""r"":-61,""f"":2442},{""b"":""06:09:b4:74:43:eb"",""s"":""T wifi zone_secure"",""r"":-63,""f"":2432},{""b"":""06:29:d5:9c:3e:61"",""s"":""U+zone_2.4GHz"",""r"":-64,""f"":2462},{""b"":""02:17:b2:0b:37:5a"",""s"":""T wifi zone"",""r"":-67,""f"":2412},{""b"":""00:09:b4:74:43:eb"",""s"":""T wifi zone"",""r"":-67,""f"":2432}]",""
1789876980104,2026-09-20 13:03:00,unknown,37.5720962,126.9916857,33.021,1.524576,342.27286,33.89999771118164,fused,3,LTE,LTE_CA,4G,false,false,false,false,false,51264014,464,100,1,8333,450,06,-73,-11,-51,,4,0,,,,5776,362,0.0462,0.0029,5756,342,0.0460,0.0027,false,8,0,8,-66,464,2600,1.524576,true,false,periodic,0,2,,,5003,51264016,-85,-14,"[{""type"":""LTE"",""pci"":464,""earfcn"":2600,""tac"":null,""rsrp"":-66,""rsrq"":-8,""rssi"":-51,""snr"":null,""ta"":0,""level"":4,""bands"":""5""},{""type"":""LTE"",""pci"":464,""earfcn"":3050,""tac"":null,""rsrp"":-72,""rsrq"":-12,""rssi"":-51,""snr"":null,""ta"":0,""level"":4,""bands"":""7""},{""type"":""LTE"",""pci"":427,""earfcn"":3050,""tac"":null,""rsrp"":-80,""rsrq"":-18,""rssi"":-51,""snr"":null,""ta"":0,""level"":4,""bands"":""7""},{""type"":""LTE"",""pci"":438,""earfcn"":100,""tac"":null,""rsrp"":-91,""rsrq"":-18,""rssi"":-65,""snr"":null,""ta"":0,""level"":3,""bands"":""1""},{""type"":""LTE"",""pci"":7,""earfcn"":100,""tac"":null,""rsrp"":-91,""rsrq"":-16,""rssi"":-65,""snr"":null,""ta"":0,""level"":3,""bands"":""1""},{""type"":""LTE"",""pci"":7,""earfcn"":3050,""tac"":null,""rsrp"":-94,""rsrq"":-16,""rssi"":-59,""snr"":null,""ta"":0,""level"":3,""bands"":""7""},{""type"":""LTE"",""pci"":427,""earfcn"":2600,""tac"":null,""rsrp"":-96,""rsrq"":-20,""rssi"":-51,""snr"":null,""ta"":0,""level"":2,""bands"":""5""},{""type"":""LTE"",""pci"":438,""earfcn"":3050,""tac"":null,""rsrp"":-99,""rsrq"":-18,""rssi"":-59,""snr"":null,""ta"":0,""level"":2,""bands"":""7""}]",1013.89105,46,,34,4,,,,"[{""b"":""06:29:d5:9c:3e:51"",""s"":""U+zone_2.4GHz"",""r"":-42,""f"":2437},{""b"":""0a:29:d5:9c:3e:51"",""s"":""U+zone"",""r"":-46,""f"":5745},{""b"":""32:89:d3:d2:d3:26"",""s"":""#Roamingman_11C2AT"",""r"":-48,""f"":5745},{""b"":""0a:29:d5:33:8f:21"",""s"":""U+zone"",""r"":-49,""f"":5320},{""b"":""0a:29:d5:33:8f:23"",""s"":""Public WiFi Secure"",""r"":-49,""f"":5320},{""b"":""0a:29:d5:33:8f:22"",""s"":""FREE_U+zone"",""r"":-50,""f"":5320},{""b"":""0a:29:d5:33:8f:20"",""s"":""Public WiFi Free"",""r"":-50,""f"":5320},{""b"":""22:17:b2:0b:69:dc"",""s"":""T wifi zone"",""r"":-51,""f"":5520},{""b"":""22:17:b2:0b:69:de"",""s"":""T wifi zone_secure"",""r"":-51,""f"":5520},{""b"":""02:17:b2:0b:69:dc"",""s"":""T wifi zone"",""r"":-51,""f"":2472},{""b"":""02:17:b2:0b:69:de"",""s"":""T wifi zone_secure"",""r"":-51,""f"":2472},{""b"":""06:29:d5:33:8f:23"",""s"":""Public WiFi Secure"",""r"":-55,""f"":2412},{""b"":""06:29:d5:33:8f:22"",""s"":""FREE_U+zone_2.4GHz"",""r"":-57,""f"":2412},{""b"":""06:29:d5:33:8f:20"",""s"":""Public WiFi Free"",""r"":-57,""f"":2412},{""b"":""06:29:d5:33:8f:21"",""s"":""U+zone_2.4GHz"",""r"":-57,""f"":2412}]","[{""type"":""LTE"",""pci"":464,""earfcn"":100,""tac"":null,""rsrp"":-73,""rsrq"":-13,""rssi"":-53,""snr"":null,""ta"":2,""level"":4,""bands"":""1""},{""type"":""LTE"",""pci"":0,""earfcn"":2600,""tac"":null,""rsrp"":-75,""rsrq"":-7,""rssi"":-57,""snr"":null,""ta"":2,""level"":4,""bands"":""5""},{""type"":""LTE"",""pci"":464,""earfcn"":2600,""tac"":null,""rsrp"":-82,""rsrq"":-15,""rssi"":-57,""snr"":null,""ta"":2,""level"":4,""bands"":""5""},{""type"":""LTE"",""pci"":7,""earfcn"":100,""tac"":null,""rsrp"":-86,""rsrq"":-15,""rssi"":-59,""snr"":null,""ta"":2,""level"":3,""bands"":""1""},{""type"":""LTE"",""pci"":483,""earfcn"":2600,""tac"":null,""rsrp"":-86,""rsrq"":-17,""rssi"":-57,""snr"":null,""ta"":2,""level"":3,""bands"":""5""},{""type"":""LTE"",""pci"":438,""earfcn"":100,""tac"":null,""rsrp"":-89,""rsrq"":-20,""rssi"":-59,""snr"":null,""ta"":2,""level"":3,""bands"":""1""},{""type"":""LTE"",""pci"":469,""earfcn"":2600,""tac"":null,""rsrp"":-99,""rsrq"":-20,""rssi"":-69,""snr"":null,""ta"":2,""level"":2,""bands"":""5""}]"
1789876985133,2026-09-20 13:03:05,unknown,37.5725575,126.991702,15.59,5.11572,359.00974,33.89999771118164,fused,2,LTE,LTE_CA,4G,false,false,false,false,false,51264014,464,100,1,8333,450,06,-73,-11,-51,,4,0,,,,5619,204,0.0450,0.0016,5599,184,0.0448,0.0015,false,8,0,8,-66,464,2600,5.11572,false,false,periodic,5,2,0,,10031,,,,"[{""type"":""LTE"",""pci"":464,""earfcn"":2600,""tac"":null,""rsrp"":-66,""rsrq"":-8,""rssi"":-51,""snr"":null,""ta"":0,""level"":4,""bands"":""5""},{""type"":""LTE"",""pci"":464,""earfcn"":3050,""tac"":null,""rsrp"":-72,""rsrq"":-12,""rssi"":-51,""snr"":null,""ta"":0,""level"":4,""bands"":""7""},{""type"":""LTE"",""pci"":427,""earfcn"":3050,""tac"":null,""rsrp"":-80,""rsrq"":-18,""rssi"":-51,""snr"":null,""ta"":0,""level"":4,""bands"":""7""},{""type"":""LTE"",""pci"":438,""earfcn"":100,""tac"":null,""rsrp"":-91,""rsrq"":-18,""rssi"":-65,""snr"":null,""ta"":0,""level"":3,""bands"":""1""},{""type"":""LTE"",""pci"":7,""earfcn"":100,""tac"":null,""rsrp"":-91,""rsrq"":-16,""rssi"":-65,""snr"":null,""ta"":0,""level"":3,""bands"":""1""},{""type"":""LTE"",""pci"":7,""earfcn"":3050,""tac"":null,""rsrp"":-94,""rsrq"":-16,""rssi"":-59,""snr"":null,""ta"":0,""level"":3,""bands"":""7""},{""type"":""LTE"",""pci"":427,""earfcn"":2600,""tac"":null,""rsrp"":-96,""rsrq"":-20,""rssi"":-51,""snr"":null,""ta"":0,""level"":2,""bands"":""5""},{""type"":""LTE"",""pci"":438,""earfcn"":3050,""tac"":null,""rsrp"":-99,""rsrq"":-18,""rssi"":-59,""snr"":null,""ta"":0,""level"":2,""bands"":""7""}]",1013.7823,49,,26,3,,,,"[{""b"":""06:29:d5:9c:3e:51"",""s"":""U+zone_2.4GHz"",""r"":-38,""f"":2437},{""b"":""0a:29:d5:9c:3e:51"",""s"":""U+zone"",""r"":-46,""f"":5745},{""b"":""0a:09:b4:74:43:fb"",""s"":""T Free WiFi Zone"",""r"":-47,""f"":2452},{""b"":""30:78:c2:00:0f:59"",""s"":""KT WiFi"",""r"":-50,""f"":2412},{""b"":""36:78:c2:00:0f:59"",""s"":""KT WiFi "",""r"":-50,""f"":2412},{""b"":""06:09:b4:74:43:fc"",""s"":""T wifi zone_secure"",""r"":-52,""f"":5540},{""b"":""22:17:b2:0b:69:de"",""s"":""T wifi zone_secure"",""r"":-52,""f"":5520},{""b"":""0a:09:b4:74:43:fc"",""s"":""T Free WiFi Zone"",""r"":-52,""f"":5540},{""b"":""22:17:b2:0b:69:dc"",""s"":""T wifi zone"",""r"":-53,""f"":5520},{""b"":""30:78:c2:00:0f:58"",""s"":""KT WiFi"",""r"":-54,""f"":5320},{""b"":""00:09:b4:74:43:fc"",""s"":""T wifi zone"",""r"":-54,""f"":5540},{""b"":""36:78:c2:00:0f:58"",""s"":""KT WiFi "",""r"":-54,""f"":5320},{""b"":""02:17:b2:0b:69:de"",""s"":""T wifi zone_secure"",""r"":-55,""f"":2472},{""b"":""02:17:b2:0b:69:dc"",""s"":""T wifi zone"",""r"":-57,""f"":2472},{""b"":""06:29:d5:33:8f:20"",""s"":""Public WiFi Free"",""r"":-64,""f"":2412}]",""
1789876990159,2026-09-20 13:03:10,unknown,37.5725814,126.9916803,12.661,3.8191438,355.76236,33.89999771118164,fused,3,LTE,LTE_CA,4G,false,false,false,false,false,51264014,464,100,1,8333,450,06,-53,-9,-51,,4,0,,,,50,78,0.0004,0.0006,30,58,0.0002,0.0005,false,6,0,6,-57,7,100,3.8191438,false,false,periodic,10,1,20,,5003,,,,"[{""type"":""LTE"",""pci"":7,""earfcn"":100,""tac"":null,""rsrp"":-57,""rsrq"":-20,""rssi"":-51,""snr"":null,""ta"":0,""level"":4,""bands"":""1""},{""type"":""LTE"",""pci"":464,""earfcn"":3050,""tac"":null,""rsrp"":-74,""rsrq"":-13,""rssi"":-51,""snr"":null,""ta"":0,""level"":4,""bands"":""7""},{""type"":""LTE"",""pci"":464,""earfcn"":2600,""tac"":null,""rsrp"":-78,""rsrq"":-8,""rssi"":-61,""snr"":null,""ta"":0,""level"":4,""bands"":""5""},{""type"":""LTE"",""pci"":7,""earfcn"":3050,""tac"":null,""rsrp"":-80,""rsrq"":-15,""rssi"":-51,""snr"":null,""ta"":0,""level"":4,""bands"":""7""},{""type"":""LTE"",""pci"":438,""earfcn"":3050,""tac"":null,""rsrp"":-80,""rsrq"":-17,""rssi"":-51,""snr"":null,""ta"":0,""level"":4,""bands"":""7""},{""type"":""LTE"",""pci"":7,""earfcn"":2600,""tac"":null,""rsrp"":-89,""rsrq"":-18,""rssi"":-61,""snr"":null,""ta"":0,""level"":3,""bands"":""5""}]",1013.85815,73,,32,5,,,,"[{""b"":""06:29:d5:9c:3e:51"",""s"":""U+zone_2.4GHz"",""r"":-41,""f"":2437},{""b"":""0a:29:d5:9c:3e:51"",""s"":""U+zone"",""r"":-43,""f"":5745},{""b"":""22:17:b2:0b:69:dc"",""s"":""T wifi zone"",""r"":-51,""f"":5520},{""b"":""22:17:b2:0b:69:de"",""s"":""T wifi zone_secure"",""r"":-51,""f"":5520},{""b"":""02:17:b2:0b:69:dc"",""s"":""T wifi zone"",""r"":-52,""f"":2472},{""b"":""02:17:b2:0b:69:de"",""s"":""T wifi zone_secure"",""r"":-52,""f"":2472},{""b"":""00:09:b4:74:43:fc"",""s"":""T wifi zone"",""r"":-55,""f"":5540},{""b"":""06:09:b4:74:43:fb"",""s"":""T wifi zone_secure"",""r"":-56,""f"":2452},{""b"":""30:78:c2:00:0f:59"",""s"":""KT WiFi"",""r"":-57,""f"":2412},{""b"":""0a:09:b4:74:43:fc"",""s"":""T Free WiFi Zone"",""r"":-57,""f"":5540},{""b"":""06:09:b4:74:43:fc"",""s"":""T wifi zone_secure"",""r"":-58,""f"":5540},{""b"":""30:78:c2:00:0f:58"",""s"":""KT WiFi"",""r"":-60,""f"":5320},{""b"":""36:78:c2:00:0f:58"",""s"":""KT WiFi "",""r"":-60,""f"":5320},{""b"":""06:1d:93:c7:66:77"",""s"":""KT WiFi "",""r"":-65,""f"":2472},{""b"":""06:29:d5:33:8f:20"",""s"":""Public WiFi Free"",""r"":-67,""f"":2412}]",""
1789876995197,2026-09-20 13:03:15,unknown,37.5725739,126.9916711,9.183,1.1684937,352.3823,32.099998474121094,fused,1,LTE,LTE_CA,4G,false,false,false,false,false,51264014,464,100,1,8333,450,06,-53,-9,-51,,4,0,,,,419141,1279,3.3531,0.0102,419121,1259,3.3530,0.0101,false,6,0,6,-57,7,100,1.1684937,false,false,periodic,15,1,0,,10040,,,,"[{""type"":""LTE"",""pci"":7,""earfcn"":100,""tac"":null,""rsrp"":-57,""rsrq"":-20,""rssi"":-51,""snr"":null,""ta"":0,""level"":4,""bands"":""1""},{""type"":""LTE"",""pci"":464,""earfcn"":3050,""tac"":null,""rsrp"":-74,""rsrq"":-13,""rssi"":-51,""snr"":null,""ta"":0,""level"":4,""bands"":""7""},{""type"":""LTE"",""pci"":464,""earfcn"":2600,""tac"":null,""rsrp"":-78,""rsrq"":-8,""rssi"":-61,""snr"":null,""ta"":0,""level"":4,""bands"":""5""},{""type"":""LTE"",""pci"":7,""earfcn"":3050,""tac"":null,""rsrp"":-80,""rsrq"":-15,""rssi"":-51,""snr"":null,""ta"":0,""level"":4,""bands"":""7""},{""type"":""LTE"",""pci"":438,""earfcn"":3050,""tac"":null,""rsrp"":-80,""rsrq"":-17,""rssi"":-51,""snr"":null,""ta"":0,""level"":4,""bands"":""7""},{""type"":""LTE"",""pci"":7,""earfcn"":2600,""tac"":null,""rsrp"":-89,""rsrq"":-18,""rssi"":-61,""snr"":null,""ta"":0,""level"":3,""bands"":""5""}]",1013.893,30,55.913,27,2,,,,"[{""b"":""06:29:d5:9c:3e:51"",""s"":""U+zone_2.4GHz"",""r"":-45,""f"":2437},{""b"":""06:09:b4:74:43:fb"",""s"":""T wifi zone_secure"",""r"":-49,""f"":2452},{""b"":""00:09:b4:74:43:fb"",""s"":""T wifi zone"",""r"":-49,""f"":2452},{""b"":""02:17:b2:0b:69:dc"",""s"":""T wifi zone"",""r"":-49,""f"":2472},{""b"":""0a:29:d5:9c:3e:51"",""s"":""U+zone"",""r"":-49,""f"":5745},{""b"":""0a:09:b4:74:43:fb"",""s"":""T Free WiFi Zone"",""r"":-49,""f"":2452},{""b"":""02:17:b2:0b:69:de"",""s"":""T wifi zone_secure"",""r"":-50,""f"":2472},{""b"":""00:09:b4:74:43:fc"",""s"":""T wifi zone"",""r"":-54,""f"":5540},{""b"":""0a:09:b4:74:43:fc"",""s"":""T Free WiFi Zone"",""r"":-55,""f"":5540},{""b"":""06:09:b4:74:43:fc"",""s"":""T wifi zone_secure"",""r"":-56,""f"":5540},{""b"":""30:78:c2:00:0f:58"",""s"":""KT WiFi"",""r"":-57,""f"":5320},{""b"":""22:17:b2:0b:69:dc"",""s"":""T wifi zone"",""r"":-57,""f"":5520},{""b"":""22:17:b2:0b:69:de"",""s"":""T wifi zone_secure"",""r"":-57,""f"":5520},{""b"":""36:78:c2:00:0f:58"",""s"":""KT WiFi "",""r"":-57,""f"":5320},{""b"":""06:29:d5:33:8f:21"",""s"":""U+zone_2.4GHz"",""r"":-62,""f"":2412}]",""
1789877000214,2026-09-20 13:03:20,unknown,37.5725739,126.9916711,9.183,1.1684937,352.3823,32.099998474121094,fused,6,LTE,LTE_CA,4G,false,false,false,false,false,51264014,464,100,1,8333,450,06,-49,-8,-51,,4,0,,,,70,98,0.0006,0.0008,30,58,0.0002,0.0005,false,6,0,6,-66,464,2600,1.1684937,false,false,periodic,20,1,4,,5003,,,,"[{""type"":""LTE"",""pci"":464,""earfcn"":2600,""tac"":null,""rsrp"":-66,""rsrq"":-6,""rssi"":-51,""snr"":null,""ta"":0,""level"":4,""bands"":""5""},{""type"":""LTE"",""pci"":464,""earfcn"":3050,""tac"":null,""rsrp"":-72,""rsrq"":-9,""rssi"":-53,""snr"":null,""ta"":0,""level"":4,""bands"":""7""},{""type"":""LTE"",""pci"":7,""earfcn"":100,""tac"":null,""rsrp"":-76,""rsrq"":-15,""rssi"":-51,""snr"":null,""ta"":0,""level"":4,""bands"":""1""},{""type"":""LTE"",""pci"":7,""earfcn"":3050,""tac"":null,""rsrp"":-80,""rsrq"":-17,""rssi"":-53,""snr"":null,""ta"":0,""level"":4,""bands"":""7""},{""type"":""LTE"",""pci"":438,""earfcn"":3050,""tac"":null,""rsrp"":-80,""rsrq"":-17,""rssi"":-53,""snr"":null,""ta"":0,""level"":4,""bands"":""7""},{""type"":""LTE"",""pci"":7,""earfcn"":2600,""tac"":null,""rsrp"":-93,""rsrq"":-20,""rssi"":-51,""snr"":null,""ta"":0,""level"":3,""bands"":""5""}]",1013.87616,46,,27,7,,,,"[{""b"":""06:29:d5:9c:3e:51"",""s"":""U+zone_2.4GHz"",""r"":-45,""f"":2437},{""b"":""06:09:b4:74:43:fb"",""s"":""T wifi zone_secure"",""r"":-49,""f"":2452},{""b"":""00:09:b4:74:43:fb"",""s"":""T wifi zone"",""r"":-49,""f"":2452},{""b"":""02:17:b2:0b:69:dc"",""s"":""T wifi zone"",""r"":-49,""f"":2472},{""b"":""0a:29:d5:9c:3e:51"",""s"":""U+zone"",""r"":-49,""f"":5745},{""b"":""0a:09:b4:74:43:fb"",""s"":""T Free WiFi Zone"",""r"":-49,""f"":2452},{""b"":""02:17:b2:0b:69:de"",""s"":""T wifi zone_secure"",""r"":-50,""f"":2472},{""b"":""00:09:b4:74:43:fc"",""s"":""T wifi zone"",""r"":-54,""f"":5540},{""b"":""0a:09:b4:74:43:fc"",""s"":""T Free WiFi Zone"",""r"":-55,""f"":5540},{""b"":""06:09:b4:74:43:fc"",""s"":""T wifi zone_secure"",""r"":-56,""f"":5540},{""b"":""30:78:c2:00:0f:58"",""s"":""KT WiFi"",""r"":-57,""f"":5320},{""b"":""22:17:b2:0b:69:dc"",""s"":""T wifi zone"",""r"":-57,""f"":5520},{""b"":""22:17:b2:0b:69:de"",""s"":""T wifi zone_secure"",""r"":-57,""f"":5520},{""b"":""36:78:c2:00:0f:58"",""s"":""KT WiFi "",""r"":-57,""f"":5320},{""b"":""06:29:d5:33:8f:21"",""s"":""U+zone_2.4GHz"",""r"":-62,""f"":2412}]",""
1789877005232,2026-09-20 13:03:25,unknown,37.5725424,126.9916558,7.241,0.16534677,256.20636,33.89999771118164,fused,1,LTE,LTE_CA,4G,false,false,false,false,false,51264014,464,100,1,8333,450,06,-49,-8,-51,,4,0,,,,177,410,0.0014,0.0033,158,390,0.0013,0.0031,false,6,0,6,-66,464,2600,0.16534677,false,false,periodic,25,1,0,,10021,,,,"[{""type"":""LTE"",""pci"":464,""earfcn"":2600,""tac"":null,""rsrp"":-66,""rsrq"":-6,""rssi"":-51,""snr"":null,""ta"":0,""level"":4,""bands"":""5""},{""type"":""LTE"",""pci"":464,""earfcn"":3050,""tac"":null,""rsrp"":-72,""rsrq"":-9,""rssi"":-53,""snr"":null,""ta"":0,""level"":4,""bands"":""7""},{""type"":""LTE"",""pci"":7,""earfcn"":100,""tac"":null,""rsrp"":-76,""rsrq"":-15,""rssi"":-51,""snr"":null,""ta"":0,""level"":4,""bands"":""1""},{""type"":""LTE"",""pci"":7,""earfcn"":3050,""tac"":null,""rsrp"":-80,""rsrq"":-17,""rssi"":-53,""snr"":null,""ta"":0,""level"":4,""bands"":""7""},{""type"":""LTE"",""pci"":438,""earfcn"":3050,""tac"":null,""rsrp"":-80,""rsrq"":-17,""rssi"":-53,""snr"":null,""ta"":0,""level"":4,""bands"":""7""},{""type"":""LTE"",""pci"":7,""earfcn"":2600,""tac"":null,""rsrp"":-93,""rsrq"":-20,""rssi"":-51,""snr"":null,""ta"":0,""level"":3,""bands"":""5""}]",1013.8807,48,,29,3,,,,"[{""b"":""06:29:d5:9c:3e:51"",""s"":""U+zone_2.4GHz"",""r"":-39,""f"":2437},{""b"":""0a:29:d5:9c:3e:51"",""s"":""U+zone"",""r"":-47,""f"":5745},{""b"":""00:09:b4:74:43:fb"",""s"":""T wifi zone"",""r"":-48,""f"":2452},{""b"":""06:09:b4:74:43:fb"",""s"":""T wifi zone_secure"",""r"":-49,""f"":2452},{""b"":""02:17:b2:0b:69:de"",""s"":""T wifi zone_secure"",""r"":-49,""f"":2472},{""b"":""0a:09:b4:74:43:fb"",""s"":""T Free WiFi Zone"",""r"":-49,""f"":2452},{""b"":""02:17:b2:0b:69:dc"",""s"":""T wifi zone"",""r"":-50,""f"":2472},{""b"":""22:17:b2:0b:69:dc"",""s"":""T wifi zone"",""r"":-53,""f"":5520},{""b"":""22:17:b2:0b:69:de"",""s"":""T wifi zone_secure"",""r"":-54,""f"":5520},{""b"":""00:09:b4:74:43:fc"",""s"":""T wifi zone"",""r"":-56,""f"":5540},{""b"":""06:09:b4:74:43:fc"",""s"":""T wifi zone_secure"",""r"":-57,""f"":5540},{""b"":""36:78:c2:00:0f:59"",""s"":""KT WiFi "",""r"":-57,""f"":2412},{""b"":""0a:09:b4:74:43:fc"",""s"":""T Free WiFi Zone"",""r"":-57,""f"":5540},{""b"":""30:78:c2:00:0f:58"",""s"":""KT WiFi"",""r"":-58,""f"":5320},{""b"":""30:78:c2:00:0f:59"",""s"":""KT WiFi"",""r"":-58,""f"":2412}]",""
1789877010254,2026-09-20 13:03:30,unknown,37.5725424,126.9916558,7.241,0.16534677,256.20636,33.89999771118164,fused,6,LTE,LTE_CA,4G,false,false,false,false,false,51264014,464,100,1,8333,450,06,-52,-10,-51,,4,0,,,,50,78,0.0004,0.0006,30,58,0.0002,0.0005,false,4,0,4,-72,464,2600,0.16534677,false,false,periodic,30,0,-3,,5002,,,,"[{""type"":""LTE"",""pci"":464,""earfcn"":2600,""tac"":null,""rsrp"":-72,""rsrq"":-7,""rssi"":-57,""snr"":null,""ta"":0,""level"":4,""bands"":""5""},{""type"":""LTE"",""pci"":464,""earfcn"":3050,""tac"":null,""rsrp"":-78,""rsrq"":-7,""rssi"":-61,""snr"":null,""ta"":0,""level"":4,""bands"":""7""},{""type"":""LTE"",""pci"":7,""earfcn"":3050,""tac"":null,""rsrp"":-87,""rsrq"":-16,""rssi"":-61,""snr"":null,""ta"":0,""level"":3,""bands"":""7""},{""type"":""LTE"",""pci"":438,""earfcn"":3050,""tac"":null,""rsrp"":-88,""rsrq"":-17,""rssi"":-61,""snr"":null,""ta"":0,""level"":3,""bands"":""7""}]",1013.8688,48,,29,8,,,,"[{""b"":""06:29:d5:9c:3e:51"",""s"":""U+zone_2.4GHz"",""r"":-39,""f"":2437},{""b"":""0a:29:d5:9c:3e:51"",""s"":""U+zone"",""r"":-47,""f"":5745},{""b"":""00:09:b4:74:43:fb"",""s"":""T wifi zone"",""r"":-48,""f"":2452},{""b"":""06:09:b4:74:43:fb"",""s"":""T wifi zone_secure"",""r"":-49,""f"":2452},{""b"":""02:17:b2:0b:69:de"",""s"":""T wifi zone_secure"",""r"":-49,""f"":2472},{""b"":""0a:09:b4:74:43:fb"",""s"":""T Free WiFi Zone"",""r"":-49,""f"":2452},{""b"":""02:17:b2:0b:69:dc"",""s"":""T wifi zone"",""r"":-50,""f"":2472},{""b"":""22:17:b2:0b:69:dc"",""s"":""T wifi zone"",""r"":-53,""f"":5520},{""b"":""22:17:b2:0b:69:de"",""s"":""T wifi zone_secure"",""r"":-54,""f"":5520},{""b"":""00:09:b4:74:43:fc"",""s"":""T wifi zone"",""r"":-56,""f"":5540},{""b"":""06:09:b4:74:43:fc"",""s"":""T wifi zone_secure"",""r"":-57,""f"":5540},{""b"":""36:78:c2:00:0f:59"",""s"":""KT WiFi "",""r"":-57,""f"":2412},{""b"":""0a:09:b4:74:43:fc"",""s"":""T Free WiFi Zone"",""r"":-57,""f"":5540},{""b"":""30:78:c2:00:0f:58"",""s"":""KT WiFi"",""r"":-58,""f"":5320},{""b"":""30:78:c2:00:0f:59"",""s"":""KT WiFi"",""r"":-58,""f"":2412}]",""
1789877015278,2026-09-20 13:03:35,unknown,37.5725403,126.9916554,6.688,0.06018239,,33.89999771118164,fused,3,LTE,LTE_CA,4G,false,false,false,false,false,51264014,464,100,1,8333,450,06,-52,-10,-51,,4,0,,,,50,78,0.0004,0.0006,30,58,0.0002,0.0005,false,4,0,4,-72,464,2600,1.02791215E-4,false,false,periodic,35,0,0,,10025,,,,"[{""type"":""LTE"",""pci"":464,""earfcn"":2600,""tac"":null,""rsrp"":-72,""rsrq"":-7,""rssi"":-57,""snr"":null,""ta"":0,""level"":4,""bands"":""5""},{""type"":""LTE"",""pci"":464,""earfcn"":3050,""tac"":null,""rsrp"":-78,""rsrq"":-7,""rssi"":-61,""snr"":null,""ta"":0,""level"":4,""bands"":""7""},{""type"":""LTE"",""pci"":7,""earfcn"":3050,""tac"":null,""rsrp"":-87,""rsrq"":-16,""rssi"":-61,""snr"":null,""ta"":0,""level"":3,""bands"":""7""},{""type"":""LTE"",""pci"":438,""earfcn"":3050,""tac"":null,""rsrp"":-88,""rsrq"":-17,""rssi"":-61,""snr"":null,""ta"":0,""level"":3,""bands"":""7""}]",1013.8647,50,,25,4,,,,"[{""b"":""06:29:d5:9c:3e:51"",""s"":""U+zone_2.4GHz"",""r"":-38,""f"":2437},{""b"":""0a:29:d5:9c:3e:51"",""s"":""U+zone"",""r"":-49,""f"":5745},{""b"":""06:09:b4:74:43:fb"",""s"":""T wifi zone_secure"",""r"":-51,""f"":2452},{""b"":""00:09:b4:74:43:fb"",""s"":""T wifi zone"",""r"":-51,""f"":2452},{""b"":""22:17:b2:0b:69:dc"",""s"":""T wifi zone"",""r"":-52,""f"":5520},{""b"":""22:17:b2:0b:69:de"",""s"":""T wifi zone_secure"",""r"":-52,""f"":5520},{""b"":""02:17:b2:0b:69:dc"",""s"":""T wifi zone"",""r"":-53,""f"":2472},{""b"":""02:17:b2:0b:69:de"",""s"":""T wifi zone_secure"",""r"":-53,""f"":2472},{""b"":""0a:09:b4:74:43:fb"",""s"":""T Free WiFi Zone"",""r"":-53,""f"":2452},{""b"":""00:09:b4:74:43:fc"",""s"":""T wifi zone"",""r"":-58,""f"":5540},{""b"":""0a:09:b4:74:43:fc"",""s"":""T Free WiFi Zone"",""r"":-58,""f"":5540},{""b"":""06:09:b4:74:43:fc"",""s"":""T wifi zone_secure"",""r"":-59,""f"":5540},{""b"":""30:78:c2:00:0f:58"",""s"":""KT WiFi"",""r"":-59,""f"":5320},{""b"":""36:78:c2:00:0f:58"",""s"":""KT WiFi "",""r"":-59,""f"":5320},{""b"":""0a:29:d5:9c:3e:61"",""s"":""U+zone"",""r"":-71,""f"":5745}]",""
1789877020300,2026-09-20 13:03:40,unknown,37.5725343,126.9916516,6.099,0.04329111,,33.765927083712,fused,1,LTE,NR_NSA,5G,true,false,true,false,false,51264014,464,100,1,8333,450,06,-54,-9,-51,,4,0,,,,1584,2409,0.0127,0.0193,1564,2389,0.0125,0.0191,false,5,0,5,-70,464,2600,2.5779274,false,false,periodic,40,0,-2,,4998,,,,"[{""type"":""LTE"",""pci"":464,""earfcn"":2600,""tac"":null,""rsrp"":-70,""rsrq"":-6,""rssi"":-53,""snr"":null,""ta"":0,""level"":4,""bands"":""5""},{""type"":""LTE"",""pci"":464,""earfcn"":3050,""tac"":null,""rsrp"":-75,""rsrq"":-8,""rssi"":-55,""snr"":null,""ta"":0,""level"":4,""bands"":""7""},{""type"":""LTE"",""pci"":438,""earfcn"":3050,""tac"":null,""rsrp"":-81,""rsrq"":-15,""rssi"":-55,""snr"":null,""ta"":0,""level"":4,""bands"":""7""},{""type"":""LTE"",""pci"":7,""earfcn"":3050,""tac"":null,""rsrp"":-83,""rsrq"":-17,""rssi"":-55,""snr"":null,""ta"":0,""level"":4,""bands"":""7""},{""type"":""LTE"",""pci"":7,""earfcn"":2600,""tac"":null,""rsrp"":-92,""rsrq"":-20,""rssi"":-53,""snr"":null,""ta"":0,""level"":3,""bands"":""5""}]",1013.8203,50,,29,5,,,,"[{""b"":""06:29:d5:9c:3e:51"",""s"":""U+zone_2.4GHz"",""r"":-37,""f"":2437},{""b"":""0a:29:d5:9c:3e:51"",""s"":""U+zone"",""r"":-44,""f"":5745},{""b"":""36:78:c2:00:0f:58"",""s"":""KT WiFi "",""r"":-48,""f"":5320},{""b"":""30:78:c2:00:0f:58"",""s"":""KT WiFi"",""r"":-50,""f"":5320},{""b"":""02:17:b2:0b:69:dc"",""s"":""T wifi zone"",""r"":-50,""f"":2472},{""b"":""00:09:b4:74:43:fb"",""s"":""T wifi zone"",""r"":-51,""f"":2452},{""b"":""06:09:b4:74:43:fb"",""s"":""T wifi zone_secure"",""r"":-52,""f"":2452},{""b"":""22:17:b2:0b:69:dc"",""s"":""T wifi zone"",""r"":-52,""f"":5520},{""b"":""02:17:b2:0b:69:de"",""s"":""T wifi zone_secure"",""r"":-52,""f"":2472},{""b"":""22:17:b2:0b:69:de"",""s"":""T wifi zone_secure"",""r"":-53,""f"":5520},{""b"":""0a:09:b4:74:43:fb"",""s"":""T Free WiFi Zone"",""r"":-53,""f"":2452},{""b"":""36:78:c2:00:0f:59"",""s"":""KT WiFi "",""r"":-55,""f"":2412},{""b"":""30:78:c2:00:0f:59"",""s"":""KT WiFi"",""r"":-57,""f"":2412},{""b"":""06:09:b4:74:43:fc"",""s"":""T wifi zone_secure"",""r"":-58,""f"":5540},{""b"":""00:09:b4:74:43:fc"",""s"":""T wifi zone"",""r"":-58,""f"":5540}]",""
1789877025308,2026-09-20 13:03:45,unknown,37.5725353,126.9916465,7.272,0.031297307,,32.0,fused,0,LTE,NR_NSA,5G,true,false,true,false,false,51264014,464,100,1,8333,450,06,-57,-7,-51,27,4,0,,,,422038,1587,3.3763,0.0127,421998,1547,3.3760,0.0124,false,5,0,5,-73,464,2600,1.6088972,false,false,periodic,45,0,-3,,5005,,,,"[{""type"":""LTE"",""pci"":464,""earfcn"":2600,""tac"":null,""rsrp"":-73,""rsrq"":-7,""rssi"":-57,""snr"":null,""ta"":0,""level"":4,""bands"":""5""},{""type"":""LTE"",""pci"":464,""earfcn"":3050,""tac"":null,""rsrp"":-77,""rsrq"":-9,""rssi"":-57,""snr"":null,""ta"":0,""level"":4,""bands"":""7""},{""type"":""LTE"",""pci"":7,""earfcn"":3050,""tac"":null,""rsrp"":-79,""rsrq"":-11,""rssi"":-57,""snr"":null,""ta"":0,""level"":4,""bands"":""7""},{""type"":""LTE"",""pci"":438,""earfcn"":3050,""tac"":null,""rsrp"":-83,""rsrq"":-13,""rssi"":-57,""snr"":null,""ta"":0,""level"":4,""bands"":""7""},{""type"":""LTE"",""pci"":7,""earfcn"":2600,""tac"":null,""rsrp"":-93,""rsrq"":-20,""rssi"":-57,""snr"":null,""ta"":0,""level"":3,""bands"":""5""}]",1014.28503,33,75.544,27,5,,,,"[{""b"":""06:29:d5:9c:3e:51"",""s"":""U+zone_2.4GHz"",""r"":-42,""f"":2437},{""b"":""0a:29:d5:9c:3e:51"",""s"":""U+zone"",""r"":-45,""f"":5745},{""b"":""02:17:b2:0b:69:dc"",""s"":""T wifi zone"",""r"":-49,""f"":2472},{""b"":""22:17:b2:0b:69:dc"",""s"":""T wifi zone"",""r"":-50,""f"":5520},{""b"":""22:17:b2:0b:69:de"",""s"":""T wifi zone_secure"",""r"":-50,""f"":5520},{""b"":""02:17:b2:0b:69:de"",""s"":""T wifi zone_secure"",""r"":-50,""f"":2472},{""b"":""36:78:c2:00:0f:59"",""s"":""KT WiFi "",""r"":-53,""f"":2412},{""b"":""06:09:b4:74:43:fb"",""s"":""T wifi zone_secure"",""r"":-54,""f"":2452},{""b"":""00:09:b4:74:43:fb"",""s"":""T wifi zone"",""r"":-55,""f"":2452},{""b"":""30:78:c2:00:0f:59"",""s"":""KT WiFi"",""r"":-56,""f"":2412},{""b"":""06:29:d5:33:8f:20"",""s"":""Public WiFi Free"",""r"":-57,""f"":2412},{""b"":""0a:09:b4:74:43:fc"",""s"":""T Free WiFi Zone"",""r"":-57,""f"":5540},{""b"":""0a:09:b4:74:43:fb"",""s"":""T Free WiFi Zone"",""r"":-57,""f"":2452},{""b"":""30:78:c2:00:0f:58"",""s"":""KT WiFi"",""r"":-58,""f"":5320},{""b"":""00:09:b4:74:43:fc"",""s"":""T wifi zone"",""r"":-58,""f"":5540}]",""
1789877030333,2026-09-20 13:03:50,unknown,37.5725353,126.9916465,7.74,0.009838252,,32.0,fused,2,LTE,NR_NSA,5G,true,false,true,false,false,51264014,464,100,1,8333,450,06,-57,-7,-51,27,4,0,,,,50,78,0.0004,0.0006,30,58,0.0002,0.0005,false,5,0,5,-73,464,2600,0.14026316,false,false,periodic,50,0,0,0,10029,,,,"[{""type"":""LTE"",""pci"":464,""earfcn"":2600,""tac"":null,""rsrp"":-73,""rsrq"":-7,""rssi"":-57,""snr"":null,""ta"":0,""level"":4,""bands"":""5""},{""type"":""LTE"",""pci"":464,""earfcn"":3050,""tac"":null,""rsrp"":-77,""rsrq"":-9,""rssi"":-57,""snr"":null,""ta"":0,""level"":4,""bands"":""7""},{""type"":""LTE"",""pci"":7,""earfcn"":3050,""tac"":null,""rsrp"":-79,""rsrq"":-11,""rssi"":-57,""snr"":null,""ta"":0,""level"":4,""bands"":""7""},{""type"":""LTE"",""pci"":438,""earfcn"":3050,""tac"":null,""rsrp"":-83,""rsrq"":-13,""rssi"":-57,""snr"":null,""ta"":0,""level"":4,""bands"":""7""},{""type"":""LTE"",""pci"":7,""earfcn"":2600,""tac"":null,""rsrp"":-93,""rsrq"":-20,""rssi"":-57,""snr"":null,""ta"":0,""level"":3,""bands"":""5""}]",1015.3002,25,,13,3,,,,"[{""b"":""06:29:d5:9c:3e:51"",""s"":""U+zone_2.4GHz"",""r"":-40,""f"":2437},{""b"":""0a:29:d5:9c:3e:51"",""s"":""U+zone"",""r"":-47,""f"":5745},{""b"":""22:17:b2:0b:69:de"",""s"":""T wifi zone_secure"",""r"":-50,""f"":5520},{""b"":""22:17:b2:0b:69:dc"",""s"":""T wifi zone"",""r"":-50,""f"":5520},{""b"":""02:17:b2:0b:69:dc"",""s"":""T wifi zone"",""r"":-52,""f"":2472},{""b"":""02:17:b2:0b:69:de"",""s"":""T wifi zone_secure"",""r"":-53,""f"":2472},{""b"":""36:78:c2:00:0f:59"",""s"":""KT WiFi "",""r"":-57,""f"":2412},{""b"":""30:78:c2:00:0f:59"",""s"":""KT WiFi"",""r"":-57,""f"":2412},{""b"":""0a:29:d5:9c:3e:61"",""s"":""U+zone"",""r"":-75,""f"":5745},{""b"":""22:17:b2:0b:37:5a"",""s"":""T wifi zone"",""r"":-80,""f"":5745},{""b"":""22:17:b2:0b:37:5c"",""s"":""T wifi zone_secure"",""r"":-81,""f"":5745},{""b"":""32:89:d3:d2:d3:26"",""s"":""#Roamingman_11C2AT"",""r"":-84,""f"":5745},{""b"":""06:1d:93:c7:66:76"",""s"":""KT WiFi "",""r"":-84,""f"":5240}]",""
1789877035354,2026-09-20 13:03:55,unknown,37.5725435,126.991636,33.796,0.1928285,314.5464,23.690180435432634,fused,3,LTE,NR_NSA,5G,true,false,true,false,false,51264014,464,100,1,8333,450,06,-84,-13,-51,,4,0,,,,50,78,0.0004,0.0006,30,58,0.0002,0.0005,false,8,0,8,-82,7,100,0.1928285,false,false,periodic,55,0,-27,,5003,,,,"[{""type"":""LTE"",""pci"":7,""earfcn"":100,""tac"":null,""rsrp"":-82,""rsrq"":-14,""rssi"":-59,""snr"":null,""ta"":0,""level"":4,""bands"":""1""},{""type"":""LTE"",""pci"":7,""earfcn"":3050,""tac"":null,""rsrp"":-84,""rsrq"":-12,""rssi"":-65,""snr"":null,""ta"":0,""level"":4,""bands"":""7""},{""type"":""LTE"",""pci"":438,""earfcn"":100,""tac"":null,""rsrp"":-87,""rsrq"":-14,""rssi"":-59,""snr"":null,""ta"":0,""level"":3,""bands"":""1""},{""type"":""LTE"",""pci"":438,""earfcn"":3050,""tac"":null,""rsrp"":-87,""rsrq"":-13,""rssi"":-65,""snr"":null,""ta"":0,""level"":3,""bands"":""7""},{""type"":""LTE"",""pci"":464,""earfcn"":2600,""tac"":null,""rsrp"":-89,""rsrq"":-16,""rssi"":-67,""snr"":null,""ta"":0,""level"":3,""bands"":""5""},{""type"":""LTE"",""pci"":438,""earfcn"":2600,""tac"":null,""rsrp"":-89,""rsrq"":-12,""rssi"":-67,""snr"":null,""ta"":0,""level"":3,""bands"":""5""},{""type"":""LTE"",""pci"":464,""earfcn"":3050,""tac"":null,""rsrp"":-90,""rsrq"":-14,""rssi"":-65,""snr"":null,""ta"":0,""level"":3,""bands"":""7""},{""type"":""LTE"",""pci"":7,""earfcn"":2600,""tac"":null,""rsrp"":-91,""rsrq"":-10,""rssi"":-67,""snr"":null,""ta"":0,""level"":3,""bands"":""5""}]",1015.8779,33,,14,2,,,,"[{""b"":""06:29:d5:9c:3e:51"",""s"":""U+zone_2.4GHz"",""r"":-38,""f"":2437},{""b"":""0a:29:d5:9c:3e:51"",""s"":""U+zone"",""r"":-48,""f"":5745},{""b"":""22:17:b2:0b:69:de"",""s"":""T wifi zone_secure"",""r"":-52,""f"":5520},{""b"":""22:17:b2:0b:69:dc"",""s"":""T wifi zone"",""r"":-54,""f"":5520},{""b"":""30:78:c2:00:0f:58"",""s"":""KT WiFi"",""r"":-58,""f"":5320},{""b"":""36:78:c2:00:0f:58"",""s"":""KT WiFi "",""r"":-59,""f"":5320},{""b"":""30:78:c2:00:0f:59"",""s"":""KT WiFi"",""r"":-60,""f"":2412},{""b"":""0a:29:d5:9c:3e:61"",""s"":""U+zone"",""r"":-80,""f"":5745},{""b"":""22:17:b2:0b:37:5c"",""s"":""T wifi zone_secure"",""r"":-83,""f"":5745},{""b"":""22:17:b2:0b:37:5a"",""s"":""T wifi zone"",""r"":-83,""f"":5745},{""b"":""32:89:d3:d2:d3:26"",""s"":""#Roamingman_11C2AT"",""r"":-85,""f"":5745},{""b"":""06:1d:93:c7:66:76"",""s"":""KT WiFi "",""r"":-85,""f"":5240},{""b"":""00:1d:93:c7:66:76"",""s"":""KT WiFi"",""r"":-87,""f"":5240},{""b"":""86:2c:26:ad:30:e4"",""s"":""yuki-wifi"",""r"":-89,""f"":5805}]",""
1789877037807,2026-09-20 13:03:57,unknown,37.5725435,126.991636,33.796,0.1928285,314.5464,23.690180435432634,fused,6,LTE,NR_NSA,5G,true,false,true,false,false,51231503,438,100,1,8333,450,06,-67,-10,-51,5,4,0,,,,206,259,0.0016,0.0021,165,218,0.0013,0.0017,false,7,0,7,-66,438,3050,0.1928285,true,false,handover,0,1,,,19,51264014,-84,-13,"[{""type"":""LTE"",""pci"":438,""earfcn"":3050,""tac"":null,""rsrp"":-66,""rsrq"":-9,""rssi"":-51,""snr"":null,""ta"":0,""level"":4,""bands"":""7""},{""type"":""LTE"",""pci"":7,""earfcn"":100,""tac"":null,""rsrp"":-78,""rsrq"":-16,""rssi"":-51,""snr"":null,""ta"":0,""level"":4,""bands"":""1""},{""type"":""LTE"",""pci"":438,""earfcn"":2600,""tac"":null,""rsrp"":-80,""rsrq"":-11,""rssi"":-57,""snr"":null,""ta"":0,""level"":4,""bands"":""5""},{""type"":""LTE"",""pci"":7,""earfcn"":3050,""tac"":null,""rsrp"":-87,""rsrq"":-11,""rssi"":-63,""snr"":null,""ta"":0,""level"":3,""bands"":""7""},{""type"":""LTE"",""pci"":7,""earfcn"":2600,""tac"":null,""rsrp"":-91,""rsrq"":-15,""rssi"":-63,""snr"":null,""ta"":0,""level"":3,""bands"":""5""},{""type"":""LTE"",""pci"":464,""earfcn"":3050,""tac"":null,""rsrp"":-95,""rsrq"":-20,""rssi"":-63,""snr"":null,""ta"":0,""level"":3,""bands"":""7""},{""type"":""LTE"",""pci"":464,""earfcn"":2600,""tac"":null,""rsrp"":-100,""rsrq"":-19,""rssi"":-65,""snr"":null,""ta"":0,""level"":2,""bands"":""5""}]",1015.328,43,,18,2,,,,"[{""b"":""06:29:d5:9c:3e:51"",""s"":""U+zone_2.4GHz"",""r"":-39,""f"":2437},{""b"":""22:17:b2:0b:69:dc"",""s"":""T wifi zone"",""r"":-48,""f"":5520},{""b"":""0a:29:d5:9c:3e:51"",""s"":""U+zone"",""r"":-49,""f"":5745},{""b"":""22:17:b2:0b:69:de"",""s"":""T wifi zone_secure"",""r"":-50,""f"":5520},{""b"":""02:17:b2:0b:69:de"",""s"":""T wifi zone_secure"",""r"":-50,""f"":2472},{""b"":""02:17:b2:0b:69:dc"",""s"":""T wifi zone"",""r"":-52,""f"":2472},{""b"":""30:78:c2:00:0f:58"",""s"":""KT WiFi"",""r"":-58,""f"":5320},{""b"":""36:78:c2:00:0f:59"",""s"":""KT WiFi "",""r"":-58,""f"":2412},{""b"":""30:78:c2:00:0f:59"",""s"":""KT WiFi"",""r"":-58,""f"":2412},{""b"":""36:78:c2:00:0f:58"",""s"":""KT WiFi "",""r"":-59,""f"":5320},{""b"":""02:17:b2:0b:37:5a"",""s"":""T wifi zone"",""r"":-73,""f"":2412},{""b"":""0a:29:d5:9c:3e:61"",""s"":""U+zone"",""r"":-80,""f"":5745},{""b"":""22:17:b2:0b:37:5a"",""s"":""T wifi zone"",""r"":-84,""f"":5745},{""b"":""22:17:b2:0b:37:5c"",""s"":""T wifi zone_secure"",""r"":-85,""f"":5745},{""b"":""06:1d:93:c7:66:76"",""s"":""KT WiFi "",""r"":-86,""f"":5240}]","[{""type"":""LTE"",""pci"":7,""earfcn"":100,""tac"":null,""rsrp"":-82,""rsrq"":-14,""rssi"":-59,""snr"":null,""ta"":0,""level"":4,""bands"":""1""},{""type"":""LTE"",""pci"":7,""earfcn"":3050,""tac"":null,""rsrp"":-84,""rsrq"":-12,""rssi"":-65,""snr"":null,""ta"":0,""level"":4,""bands"":""7""},{""type"":""LTE"",""pci"":438,""earfcn"":100,""tac"":null,""rsrp"":-87,""rsrq"":-14,""rssi"":-59,""snr"":null,""ta"":0,""level"":3,""bands"":""1""},{""type"":""LTE"",""pci"":438,""earfcn"":3050,""tac"":null,""rsrp"":-87,""rsrq"":-13,""rssi"":-65,""snr"":null,""ta"":0,""level"":3,""bands"":""7""},{""type"":""LTE"",""pci"":464,""earfcn"":2600,""tac"":null,""rsrp"":-89,""rsrq"":-16,""rssi"":-67,""snr"":null,""ta"":0,""level"":3,""bands"":""5""},{""type"":""LTE"",""pci"":438,""earfcn"":2600,""tac"":null,""rsrp"":-89,""rsrq"":-12,""rssi"":-67,""snr"":null,""ta"":0,""level"":3,""bands"":""5""},{""type"":""LTE"",""pci"":464,""earfcn"":3050,""tac"":null,""rsrp"":-90,""rsrq"":-14,""rssi"":-65,""snr"":null,""ta"":0,""level"":3,""bands"":""7""},{""type"":""LTE"",""pci"":7,""earfcn"":2600,""tac"":null,""rsrp"":-91,""rsrq"":-10,""rssi"":-67,""snr"":null,""ta"":0,""level"":3,""bands"":""5""}]"
1789877040374,2026-09-20 13:04:00,unknown,37.5725435,126.991636,33.796,0.1928285,314.5464,23.690180435432634,fused,8,LTE,NR_NSA,5G,true,false,true,false,false,51231503,438,100,1,8333,450,06,-68,-10,-51,5,4,0,,,,9172,7040,0.0734,0.0563,9172,7040,0.0734,0.0563,false,7,0,7,-66,438,3050,0.1928285,false,false,periodic,2,1,-1,0,2571,,,,"[{""type"":""LTE"",""pci"":438,""earfcn"":3050,""tac"":null,""rsrp"":-66,""rsrq"":-9,""rssi"":-51,""snr"":null,""ta"":0,""level"":4,""bands"":""7""},{""type"":""LTE"",""pci"":7,""earfcn"":100,""tac"":null,""rsrp"":-78,""rsrq"":-16,""rssi"":-51,""snr"":null,""ta"":0,""level"":4,""bands"":""1""},{""type"":""LTE"",""pci"":438,""earfcn"":2600,""tac"":null,""rsrp"":-80,""rsrq"":-11,""rssi"":-57,""snr"":null,""ta"":0,""level"":4,""bands"":""5""},{""type"":""LTE"",""pci"":7,""earfcn"":3050,""tac"":null,""rsrp"":-87,""rsrq"":-11,""rssi"":-63,""snr"":null,""ta"":0,""level"":3,""bands"":""7""},{""type"":""LTE"",""pci"":7,""earfcn"":2600,""tac"":null,""rsrp"":-91,""rsrq"":-15,""rssi"":-63,""snr"":null,""ta"":0,""level"":3,""bands"":""5""},{""type"":""LTE"",""pci"":464,""earfcn"":3050,""tac"":null,""rsrp"":-95,""rsrq"":-20,""rssi"":-63,""snr"":null,""ta"":0,""level"":3,""bands"":""7""},{""type"":""LTE"",""pci"":464,""earfcn"":2600,""tac"":null,""rsrp"":-100,""rsrq"":-19,""rssi"":-65,""snr"":null,""ta"":0,""level"":2,""bands"":""5""}]",1015.04706,43,,18,5,,,,"[{""b"":""06:29:d5:9c:3e:51"",""s"":""U+zone_2.4GHz"",""r"":-39,""f"":2437},{""b"":""22:17:b2:0b:69:dc"",""s"":""T wifi zone"",""r"":-48,""f"":5520},{""b"":""0a:29:d5:9c:3e:51"",""s"":""U+zone"",""r"":-49,""f"":5745},{""b"":""22:17:b2:0b:69:de"",""s"":""T wifi zone_secure"",""r"":-50,""f"":5520},{""b"":""02:17:b2:0b:69:de"",""s"":""T wifi zone_secure"",""r"":-50,""f"":2472},{""b"":""02:17:b2:0b:69:dc"",""s"":""T wifi zone"",""r"":-52,""f"":2472},{""b"":""30:78:c2:00:0f:58"",""s"":""KT WiFi"",""r"":-58,""f"":5320},{""b"":""36:78:c2:00:0f:59"",""s"":""KT WiFi "",""r"":-58,""f"":2412},{""b"":""30:78:c2:00:0f:59"",""s"":""KT WiFi"",""r"":-58,""f"":2412},{""b"":""36:78:c2:00:0f:58"",""s"":""KT WiFi "",""r"":-59,""f"":5320},{""b"":""02:17:b2:0b:37:5a"",""s"":""T wifi zone"",""r"":-73,""f"":2412},{""b"":""0a:29:d5:9c:3e:61"",""s"":""U+zone"",""r"":-80,""f"":5745},{""b"":""22:17:b2:0b:37:5a"",""s"":""T wifi zone"",""r"":-84,""f"":5745},{""b"":""22:17:b2:0b:37:5c"",""s"":""T wifi zone_secure"",""r"":-85,""f"":5745},{""b"":""06:1d:93:c7:66:76"",""s"":""KT WiFi "",""r"":-86,""f"":5240}]",""
1789877045215,2026-09-20 13:04:05,unknown,37.5725435,126.991636,33.796,0.1928285,314.5464,23.690180435432634,fused,13,LTE,NR_NSA,5G,true,false,true,false,false,51231501,7,100,1,8333,450,06,-71,-13,-51,16,4,1,,,,115,143,0.0009,0.0011,73,102,0.0006,0.0008,false,7,0,7,-63,464,3050,0.1928285,true,false,handover,0,2,,,5,51231503,-68,-10,"[{""type"":""LTE"",""pci"":464,""earfcn"":3050,""tac"":null,""rsrp"":-63,""rsrq"":-18,""rssi"":-51,""snr"":null,""ta"":1,""level"":4,""bands"":""7""},{""type"":""LTE"",""pci"":438,""earfcn"":100,""tac"":null,""rsrp"":-78,""rsrq"":-14,""rssi"":-51,""snr"":null,""ta"":1,""level"":4,""bands"":""1""},{""type"":""LTE"",""pci"":438,""earfcn"":3050,""tac"":null,""rsrp"":-79,""rsrq"":-9,""rssi"":-61,""snr"":null,""ta"":1,""level"":4,""bands"":""7""},{""type"":""LTE"",""pci"":7,""earfcn"":2600,""tac"":null,""rsrp"":-86,""rsrq"":-13,""rssi"":-63,""snr"":null,""ta"":1,""level"":3,""bands"":""5""},{""type"":""LTE"",""pci"":7,""earfcn"":3050,""tac"":null,""rsrp"":-86,""rsrq"":-11,""rssi"":-61,""snr"":null,""ta"":1,""level"":3,""bands"":""7""},{""type"":""LTE"",""pci"":438,""earfcn"":2600,""tac"":null,""rsrp"":-88,""rsrq"":-15,""rssi"":-63,""snr"":null,""ta"":1,""level"":3,""bands"":""5""},{""type"":""LTE"",""pci"":464,""earfcn"":2600,""tac"":null,""rsrp"":-98,""rsrq"":-20,""rssi"":-55,""snr"":null,""ta"":1,""level"":2,""bands"":""5""}]",1014.1091,21,,18,5,,,,"[{""b"":""06:29:d5:9c:3e:51"",""s"":""U+zone_2.4GHz"",""r"":-40,""f"":2437},{""b"":""0a:29:d5:9c:3e:51"",""s"":""U+zone"",""r"":-44,""f"":5745},{""b"":""02:17:b2:0b:69:de"",""s"":""T wifi zone_secure"",""r"":-50,""f"":2472},{""b"":""22:17:b2:0b:69:de"",""s"":""T wifi zone_secure"",""r"":-51,""f"":5520},{""b"":""22:17:b2:0b:69:dc"",""s"":""T wifi zone"",""r"":-51,""f"":5520},{""b"":""30:78:c2:00:0f:58"",""s"":""KT WiFi"",""r"":-56,""f"":5320},{""b"":""02:17:b2:0b:69:dc"",""s"":""T wifi zone"",""r"":-57,""f"":2472},{""b"":""36:78:c2:00:0f:59"",""s"":""KT WiFi "",""r"":-57,""f"":2412},{""b"":""36:78:c2:00:0f:58"",""s"":""KT WiFi "",""r"":-57,""f"":5320},{""b"":""30:78:c2:00:0f:59"",""s"":""KT WiFi"",""r"":-58,""f"":2412},{""b"":""0a:29:d5:9c:3e:61"",""s"":""U+zone"",""r"":-75,""f"":5745},{""b"":""22:17:b2:0b:37:5c"",""s"":""T wifi zone_secure"",""r"":-75,""f"":5745},{""b"":""22:17:b2:0b:37:5a"",""s"":""T wifi zone"",""r"":-75,""f"":5745},{""b"":""00:1d:93:c7:66:76"",""s"":""KT WiFi"",""r"":-82,""f"":5240},{""b"":""32:89:d3:d2:d3:26"",""s"":""#Roamingman_11C2AT"",""r"":-88,""f"":5745}]","[{""type"":""LTE"",""pci"":438,""earfcn"":3050,""tac"":null,""rsrp"":-66,""rsrq"":-9,""rssi"":-51,""snr"":null,""ta"":0,""level"":4,""bands"":""7""},{""type"":""LTE"",""pci"":7,""earfcn"":100,""tac"":null,""rsrp"":-78,""rsrq"":-16,""rssi"":-51,""snr"":null,""ta"":0,""level"":4,""bands"":""1""},{""type"":""LTE"",""pci"":438,""earfcn"":2600,""tac"":null,""rsrp"":-80,""rsrq"":-11,""rssi"":-57,""snr"":null,""ta"":0,""level"":4,""bands"":""5""},{""type"":""LTE"",""pci"":7,""earfcn"":3050,""tac"":null,""rsrp"":-87,""rsrq"":-11,""rssi"":-63,""snr"":null,""ta"":0,""level"":3,""bands"":""7""},{""type"":""LTE"",""pci"":7,""earfcn"":2600,""tac"":null,""rsrp"":-91,""rsrq"":-15,""rssi"":-63,""snr"":null,""ta"":0,""level"":3,""bands"":""5""},{""type"":""LTE"",""pci"":464,""earfcn"":3050,""tac"":null,""rsrp"":-95,""rsrq"":-20,""rssi"":-63,""snr"":null,""ta"":0,""level"":3,""bands"":""7""},{""type"":""LTE"",""pci"":464,""earfcn"":2600,""tac"":null,""rsrp"":-100,""rsrq"":-19,""rssi"":-65,""snr"":null,""ta"":0,""level"":2,""bands"":""5""}]"
1789877045385,2026-09-20 13:04:05,unknown,37.5725435,126.991636,33.796,0.1928285,314.5464,23.690180435432634,fused,13,LTE,NR_NSA,5G,true,false,true,false,false,51231501,7,100,1,8333,450,06,-71,-13,-51,16,4,1,,,,0,0,0.0000,0.0000,0,0,0.0000,0.0000,false,7,0,7,-63,464,3050,0.1928285,false,false,periodic,0,2,0,0,177,,,,"[{""type"":""LTE"",""pci"":464,""earfcn"":3050,""tac"":null,""rsrp"":-63,""rsrq"":-18,""rssi"":-51,""snr"":null,""ta"":1,""level"":4,""bands"":""7""},{""type"":""LTE"",""pci"":438,""earfcn"":100,""tac"":null,""rsrp"":-78,""rsrq"":-14,""rssi"":-51,""snr"":null,""ta"":1,""level"":4,""bands"":""1""},{""type"":""LTE"",""pci"":438,""earfcn"":3050,""tac"":null,""rsrp"":-79,""rsrq"":-9,""rssi"":-61,""snr"":null,""ta"":1,""level"":4,""bands"":""7""},{""type"":""LTE"",""pci"":7,""earfcn"":2600,""tac"":null,""rsrp"":-86,""rsrq"":-13,""rssi"":-63,""snr"":null,""ta"":1,""level"":3,""bands"":""5""},{""type"":""LTE"",""pci"":7,""earfcn"":3050,""tac"":null,""rsrp"":-86,""rsrq"":-11,""rssi"":-61,""snr"":null,""ta"":1,""level"":3,""bands"":""7""},{""type"":""LTE"",""pci"":438,""earfcn"":2600,""tac"":null,""rsrp"":-88,""rsrq"":-15,""rssi"":-63,""snr"":null,""ta"":1,""level"":3,""bands"":""5""},{""type"":""LTE"",""pci"":464,""earfcn"":2600,""tac"":null,""rsrp"":-98,""rsrq"":-20,""rssi"":-55,""snr"":null,""ta"":1,""level"":2,""bands"":""5""}]",1014.12585,21,,18,6,,,,"[{""b"":""06:29:d5:9c:3e:51"",""s"":""U+zone_2.4GHz"",""r"":-40,""f"":2437},{""b"":""0a:29:d5:9c:3e:51"",""s"":""U+zone"",""r"":-44,""f"":5745},{""b"":""02:17:b2:0b:69:de"",""s"":""T wifi zone_secure"",""r"":-50,""f"":2472},{""b"":""22:17:b2:0b:69:de"",""s"":""T wifi zone_secure"",""r"":-51,""f"":5520},{""b"":""22:17:b2:0b:69:dc"",""s"":""T wifi zone"",""r"":-51,""f"":5520},{""b"":""30:78:c2:00:0f:58"",""s"":""KT WiFi"",""r"":-56,""f"":5320},{""b"":""02:17:b2:0b:69:dc"",""s"":""T wifi zone"",""r"":-57,""f"":2472},{""b"":""36:78:c2:00:0f:59"",""s"":""KT WiFi "",""r"":-57,""f"":2412},{""b"":""36:78:c2:00:0f:58"",""s"":""KT WiFi "",""r"":-57,""f"":5320},{""b"":""30:78:c2:00:0f:59"",""s"":""KT WiFi"",""r"":-58,""f"":2412},{""b"":""0a:29:d5:9c:3e:61"",""s"":""U+zone"",""r"":-75,""f"":5745},{""b"":""22:17:b2:0b:37:5c"",""s"":""T wifi zone_secure"",""r"":-75,""f"":5745},{""b"":""22:17:b2:0b:37:5a"",""s"":""T wifi zone"",""r"":-75,""f"":5745},{""b"":""00:1d:93:c7:66:76"",""s"":""KT WiFi"",""r"":-82,""f"":5240},{""b"":""32:89:d3:d2:d3:26"",""s"":""#Roamingman_11C2AT"",""r"":-88,""f"":5745}]",""
1789877050404,2026-09-20 13:04:10,unknown,37.5725435,126.991636,33.796,0.1928285,314.5464,23.690180435432634,fused,18,LTE,NR_NSA,5G,true,false,true,false,false,51231501,7,100,1,8333,450,06,-73,-9,-51,15,4,1,,,,172,171,0.0014,0.0014,152,151,0.0012,0.0012,false,5,0,5,-74,7,3050,0.1928285,false,false,periodic,5,2,-2,-1,2612,,,,"[{""type"":""LTE"",""pci"":7,""earfcn"":3050,""tac"":null,""rsrp"":-74,""rsrq"":-9,""rssi"":-55,""snr"":null,""ta"":1,""level"":4,""bands"":""7""},{""type"":""LTE"",""pci"":438,""earfcn"":100,""tac"":null,""rsrp"":-80,""rsrq"":-13,""rssi"":-59,""snr"":null,""ta"":1,""level"":4,""bands"":""1""},{""type"":""LTE"",""pci"":438,""earfcn"":3050,""tac"":null,""rsrp"":-81,""rsrq"":-15,""rssi"":-55,""snr"":null,""ta"":1,""level"":4,""bands"":""7""},{""type"":""LTE"",""pci"":7,""earfcn"":2600,""tac"":null,""rsrp"":-82,""rsrq"":-11,""rssi"":-61,""snr"":null,""ta"":1,""level"":4,""bands"":""5""},{""type"":""LTE"",""pci"":438,""earfcn"":2600,""tac"":null,""rsrp"":-90,""rsrq"":-17,""rssi"":-61,""snr"":null,""ta"":1,""level"":3,""bands"":""5""}]",1013.6429,42,,14,6,,,,"[{""b"":""06:29:d5:9c:3e:51"",""s"":""U+zone_2.4GHz"",""r"":-39,""f"":2437},{""b"":""0a:29:d5:9c:3e:51"",""s"":""U+zone"",""r"":-42,""f"":5745},{""b"":""22:17:b2:0b:69:de"",""s"":""T wifi zone_secure"",""r"":-48,""f"":5520},{""b"":""22:17:b2:0b:69:dc"",""s"":""T wifi zone"",""r"":-48,""f"":5520},{""b"":""02:17:b2:0b:69:dc"",""s"":""T wifi zone"",""r"":-53,""f"":2472},{""b"":""02:17:b2:0b:69:de"",""s"":""T wifi zone_secure"",""r"":-53,""f"":2472},{""b"":""30:78:c2:00:0f:58"",""s"":""KT WiFi"",""r"":-60,""f"":5320},{""b"":""36:78:c2:00:0f:58"",""s"":""KT WiFi "",""r"":-60,""f"":5320},{""b"":""06:29:d5:9c:3e:61"",""s"":""U+zone_2.4GHz"",""r"":-72,""f"":2462},{""b"":""0a:29:d5:9c:3e:61"",""s"":""U+zone"",""r"":-72,""f"":5745},{""b"":""22:17:b2:0b:37:5a"",""s"":""T wifi zone"",""r"":-75,""f"":5745},{""b"":""22:17:b2:0b:37:5c"",""s"":""T wifi zone_secure"",""r"":-79,""f"":5745},{""b"":""32:89:d3:d2:d3:26"",""s"":""#Roamingman_11C2AT"",""r"":-86,""f"":5745},{""b"":""0a:29:d5:9c:3e:71"",""s"":""U+zone"",""r"":-90,""f"":5745}]",""
1789877055424,2026-09-20 13:04:15,unknown,37.5725435,126.991636,33.796,0.1928285,314.5464,23.690180435432634,fused,23,LTE,NR_NSA,5G,true,false,true,false,false,51231501,7,100,1,8333,450,06,-71,-9,-51,12,4,0,,,,420626,738,3.3650,0.0059,420606,718,3.3648,0.0057,false,6,0,6,-75,7,2600,0.1928285,false,false,periodic,10,2,2,-3,2628,,,,"[{""type"":""LTE"",""pci"":7,""earfcn"":2600,""tac"":null,""rsrp"":-75,""rsrq"":-7,""rssi"":-51,""snr"":null,""ta"":0,""level"":4,""bands"":""5""},{""type"":""LTE"",""pci"":7,""earfcn"":3050,""tac"":null,""rsrp"":-78,""rsrq"":-7,""rssi"":-51,""snr"":null,""ta"":0,""level"":4,""bands"":""7""},{""type"":""LTE"",""pci"":467,""earfcn"":3050,""tac"":null,""rsrp"":-90,""rsrq"":-18,""rssi"":-63,""snr"":null,""ta"":0,""level"":3,""bands"":""7""},{""type"":""LTE"",""pci"":438,""earfcn"":2600,""tac"":null,""rsrp"":-93,""rsrq"":-19,""rssi"":-63,""snr"":null,""ta"":0,""level"":3,""bands"":""5""},{""type"":""LTE"",""pci"":438,""earfcn"":3050,""tac"":null,""rsrp"":-93,""rsrq"":-20,""rssi"":-61,""snr"":null,""ta"":0,""level"":3,""bands"":""7""},{""type"":""LTE"",""pci"":438,""earfcn"":100,""tac"":null,""rsrp"":-94,""rsrq"":-20,""rssi"":-61,""snr"":null,""ta"":0,""level"":3,""bands"":""1""}]",1013.44226,9,56.960,17,6,,,,"[{""b"":""06:29:d5:9c:3e:51"",""s"":""U+zone_2.4GHz"",""r"":-38,""f"":2437},{""b"":""0a:29:d5:9c:3e:51"",""s"":""U+zone"",""r"":-44,""f"":5745},{""b"":""22:17:b2:0b:69:de"",""s"":""T wifi zone_secure"",""r"":-48,""f"":5520},{""b"":""22:17:b2:0b:69:dc"",""s"":""T wifi zone"",""r"":-48,""f"":5520},{""b"":""30:78:c2:00:0f:58"",""s"":""KT WiFi"",""r"":-52,""f"":5320},{""b"":""02:17:b2:0b:69:dc"",""s"":""T wifi zone"",""r"":-54,""f"":2472},{""b"":""02:17:b2:0b:69:de"",""s"":""T wifi zone_secure"",""r"":-54,""f"":2472},{""b"":""36:78:c2:00:0f:58"",""s"":""KT WiFi "",""r"":-54,""f"":5320},{""b"":""36:78:c2:00:0f:59"",""s"":""KT WiFi "",""r"":-58,""f"":2412},{""b"":""30:78:c2:00:0f:59"",""s"":""KT WiFi"",""r"":-59,""f"":2412},{""b"":""0a:29:d5:9c:3e:61"",""s"":""U+zone"",""r"":-74,""f"":5745},{""b"":""22:17:b2:0b:37:5c"",""s"":""T wifi zone_secure"",""r"":-76,""f"":5745},{""b"":""22:17:b2:0b:37:5a"",""s"":""T wifi zone"",""r"":-77,""f"":5745},{""b"":""00:1d:93:c7:66:76"",""s"":""KT WiFi"",""r"":-78,""f"":5240},{""b"":""06:1d:93:c7:66:76"",""s"":""KT WiFi "",""r"":-79,""f"":5240}]",""
1789877060448,2026-09-20 13:04:20,unknown,37.5725435,126.991636,33.796,0.1928285,314.5464,23.690180435432634,fused,28,LTE,NR_NSA,5G,true,false,true,false,false,51231501,7,100,1,8333,450,06,-46,-8,-51,21,4,0,,,,50,78,0.0004,0.0006,30,58,0.0002,0.0005,false,6,0,6,-59,7,2600,0.1928285,false,false,periodic,15,2,25,9,2647,,,,"[{""type"":""LTE"",""pci"":7,""earfcn"":2600,""tac"":null,""rsrp"":-59,""rsrq"":-11,""rssi"":-51,""snr"":null,""ta"":0,""level"":4,""bands"":""5""},{""type"":""LTE"",""pci"":7,""earfcn"":3050,""tac"":null,""rsrp"":-66,""rsrq"":-7,""rssi"":-51,""snr"":null,""ta"":0,""level"":4,""bands"":""7""},{""type"":""LTE"",""pci"":438,""earfcn"":2600,""tac"":null,""rsrp"":-67,""rsrq"":-19,""rssi"":-51,""snr"":null,""ta"":0,""level"":4,""bands"":""5""},{""type"":""LTE"",""pci"":467,""earfcn"":100,""tac"":null,""rsrp"":-68,""rsrq"":-17,""rssi"":-51,""snr"":null,""ta"":0,""level"":4,""bands"":""1""},{""type"":""LTE"",""pci"":438,""earfcn"":3050,""tac"":null,""rsrp"":-87,""rsrq"":-20,""rssi"":-55,""snr"":null,""ta"":0,""level"":3,""bands"":""7""},{""type"":""LTE"",""pci"":467,""earfcn"":3050,""tac"":null,""rsrp"":-90,""rsrq"":-18,""rssi"":-63,""snr"":null,""ta"":0,""level"":3,""bands"":""7""}]",1013.4926,20,,18,1,,,,"[{""b"":""06:29:d5:9c:3e:51"",""s"":""U+zone_2.4GHz"",""r"":-39,""f"":2437},{""b"":""0a:29:d5:9c:3e:51"",""s"":""U+zone"",""r"":-39,""f"":5745},{""b"":""22:17:b2:0b:69:de"",""s"":""T wifi zone_secure"",""r"":-50,""f"":5520},{""b"":""22:17:b2:0b:69:dc"",""s"":""T wifi zone"",""r"":-50,""f"":5520},{""b"":""02:17:b2:0b:69:dc"",""s"":""T wifi zone"",""r"":-53,""f"":2472},{""b"":""02:17:b2:0b:69:de"",""s"":""T wifi zone_secure"",""r"":-54,""f"":2472},{""b"":""36:78:c2:00:0f:59"",""s"":""KT WiFi "",""r"":-60,""f"":2412},{""b"":""30:78:c2:00:0f:59"",""s"":""KT WiFi"",""r"":-60,""f"":2412},{""b"":""30:78:c2:00:0f:58"",""s"":""KT WiFi"",""r"":-63,""f"":5320},{""b"":""36:78:c2:00:0f:58"",""s"":""KT WiFi "",""r"":-63,""f"":5320},{""b"":""22:17:b2:0b:37:5c"",""s"":""T wifi zone_secure"",""r"":-76,""f"":5745},{""b"":""22:17:b2:0b:37:5a"",""s"":""T wifi zone"",""r"":-76,""f"":5745},{""b"":""0a:29:d5:9c:3e:61"",""s"":""U+zone"",""r"":-77,""f"":5745},{""b"":""06:1d:93:c7:66:76"",""s"":""KT WiFi "",""r"":-81,""f"":5240},{""b"":""32:89:d3:d2:d3:26"",""s"":""#Roamingman_11C2AT"",""r"":-82,""f"":5745}]",""
1789877065468,2026-09-20 13:04:25,unknown,37.5725435,126.991636,33.796,0.1928285,314.5464,23.690180435432634,fused,33,LTE,NR_NSA,5G,true,false,true,false,false,51231501,7,100,1,8333,450,06,-78,-14,-51,21,4,0,,,,214,429,0.0017,0.0034,174,389,0.0014,0.0031,false,7,0,7,-67,438,2600,0.1928285,false,false,periodic,20,2,-32,0,1570,,,,"[{""type"":""LTE"",""pci"":438,""earfcn"":2600,""tac"":null,""rsrp"":-67,""rsrq"":-19,""rssi"":-51,""snr"":null,""ta"":0,""level"":4,""bands"":""5""},{""type"":""LTE"",""pci"":7,""earfcn"":3050,""tac"":null,""rsrp"":-77,""rsrq"":-8,""rssi"":-59,""snr"":null,""ta"":0,""level"":4,""bands"":""7""},{""type"":""LTE"",""pci"":467,""earfcn"":2600,""tac"":null,""rsrp"":-81,""rsrq"":-9,""rssi"":-65,""snr"":null,""ta"":0,""level"":4,""bands"":""5""},{""type"":""LTE"",""pci"":467,""earfcn"":3050,""tac"":null,""rsrp"":-82,""rsrq"":-13,""rssi"":-59,""snr"":null,""ta"":0,""level"":4,""bands"":""7""},{""type"":""LTE"",""pci"":467,""earfcn"":100,""tac"":null,""rsrp"":-83,""rsrq"":-14,""rssi"":-63,""snr"":null,""ta"":0,""level"":4,""bands"":""1""},{""type"":""LTE"",""pci"":438,""earfcn"":3050,""tac"":null,""rsrp"":-87,""rsrq"":-20,""rssi"":-55,""snr"":null,""ta"":0,""level"":3,""bands"":""7""},{""type"":""LTE"",""pci"":7,""earfcn"":2600,""tac"":null,""rsrp"":-99,""rsrq"":-16,""rssi"":-65,""snr"":null,""ta"":0,""level"":2,""bands"":""5""}]",1013.3396,15,,18,6,,,,"[{""b"":""06:29:d5:9c:3e:51"",""s"":""U+zone_2.4GHz"",""r"":-39,""f"":2437},{""b"":""0a:29:d5:9c:3e:51"",""s"":""U+zone"",""r"":-39,""f"":5745},{""b"":""22:17:b2:0b:69:de"",""s"":""T wifi zone_secure"",""r"":-50,""f"":5520},{""b"":""22:17:b2:0b:69:dc"",""s"":""T wifi zone"",""r"":-50,""f"":5520},{""b"":""02:17:b2:0b:69:dc"",""s"":""T wifi zone"",""r"":-53,""f"":2472},{""b"":""02:17:b2:0b:69:de"",""s"":""T wifi zone_secure"",""r"":-54,""f"":2472},{""b"":""36:78:c2:00:0f:59"",""s"":""KT WiFi "",""r"":-60,""f"":2412},{""b"":""30:78:c2:00:0f:59"",""s"":""KT WiFi"",""r"":-60,""f"":2412},{""b"":""30:78:c2:00:0f:58"",""s"":""KT WiFi"",""r"":-63,""f"":5320},{""b"":""36:78:c2:00:0f:58"",""s"":""KT WiFi "",""r"":-63,""f"":5320},{""b"":""22:17:b2:0b:37:5c"",""s"":""T wifi zone_secure"",""r"":-76,""f"":5745},{""b"":""22:17:b2:0b:37:5a"",""s"":""T wifi zone"",""r"":-76,""f"":5745},{""b"":""0a:29:d5:9c:3e:61"",""s"":""U+zone"",""r"":-77,""f"":5745},{""b"":""06:1d:93:c7:66:76"",""s"":""KT WiFi "",""r"":-81,""f"":5240},{""b"":""32:89:d3:d2:d3:26"",""s"":""#Roamingman_11C2AT"",""r"":-82,""f"":5745}]",""
1789877070051,2026-09-20 13:04:30,unknown,37.5725435,126.991636,33.796,0.1928285,314.5464,23.690180435432634,fused,38,LTE,NR_NSA,5G,true,false,true,false,false,51231502,467,100,1,8333,450,06,-73,-8,-51,8,4,0,,,,54,86,0.0004,0.0007,33,64,0.0003,0.0005,false,6,0,6,-71,288,100,0.1928285,true,false,handover,0,2,,,8,51231501,-78,-14,"[{""type"":""LTE"",""pci"":288,""earfcn"":100,""tac"":null,""rsrp"":-71,""rsrq"":-14,""rssi"":-51,""snr"":null,""ta"":0,""level"":4,""bands"":""1""},{""type"":""LTE"",""pci"":467,""earfcn"":2600,""tac"":null,""rsrp"":-76,""rsrq"":-11,""rssi"":-55,""snr"":null,""ta"":0,""level"":4,""bands"":""5""},{""type"":""LTE"",""pci"":467,""earfcn"":3050,""tac"":null,""rsrp"":-81,""rsrq"":-9,""rssi"":-63,""snr"":null,""ta"":0,""level"":4,""bands"":""7""},{""type"":""LTE"",""pci"":7,""earfcn"":100,""tac"":null,""rsrp"":-84,""rsrq"":-13,""rssi"":-55,""snr"":null,""ta"":0,""level"":4,""bands"":""1""},{""type"":""LTE"",""pci"":7,""earfcn"":2600,""tac"":null,""rsrp"":-86,""rsrq"":-19,""rssi"":-57,""snr"":null,""ta"":0,""level"":3,""bands"":""5""},{""type"":""LTE"",""pci"":7,""earfcn"":3050,""tac"":null,""rsrp"":-94,""rsrq"":-20,""rssi"":-63,""snr"":null,""ta"":0,""level"":3,""bands"":""7""}]",1013.3158,47,,16,5,,,,"[{""b"":""0a:29:d5:9c:3e:51"",""s"":""U+zone"",""r"":-41,""f"":5745},{""b"":""06:29:d5:9c:3e:51"",""s"":""U+zone_2.4GHz"",""r"":-44,""f"":2437},{""b"":""22:17:b2:0b:69:de"",""s"":""T wifi zone_secure"",""r"":-49,""f"":5520},{""b"":""22:17:b2:0b:69:dc"",""s"":""T wifi zone"",""r"":-49,""f"":5520},{""b"":""30:78:c2:00:0f:59"",""s"":""KT WiFi"",""r"":-54,""f"":2412},{""b"":""36:78:c2:00:0f:59"",""s"":""KT WiFi "",""r"":-55,""f"":2412},{""b"":""30:78:c2:00:0f:58"",""s"":""KT WiFi"",""r"":-59,""f"":5320},{""b"":""36:78:c2:00:0f:58"",""s"":""KT WiFi "",""r"":-59,""f"":5320},{""b"":""0a:29:d5:9c:3e:61"",""s"":""U+zone"",""r"":-68,""f"":5745},{""b"":""22:17:b2:0b:37:5a"",""s"":""T wifi zone"",""r"":-75,""f"":5745},{""b"":""22:17:b2:0b:37:5c"",""s"":""T wifi zone_secure"",""r"":-76,""f"":5745},{""b"":""32:89:d3:d2:d3:26"",""s"":""#Roamingman_11C2AT"",""r"":-77,""f"":5745},{""b"":""00:1d:93:c7:66:76"",""s"":""KT WiFi"",""r"":-79,""f"":5240},{""b"":""22:17:b2:0b:69:e0"",""s"":""T wifi zone"",""r"":-89,""f"":5280},{""b"":""22:17:b2:0b:69:e2"",""s"":""T wifi zone_secure"",""r"":-90,""f"":5280}]","[{""type"":""LTE"",""pci"":438,""earfcn"":2600,""tac"":null,""rsrp"":-67,""rsrq"":-19,""rssi"":-51,""snr"":null,""ta"":0,""level"":4,""bands"":""5""},{""type"":""LTE"",""pci"":7,""earfcn"":3050,""tac"":null,""rsrp"":-77,""rsrq"":-8,""rssi"":-59,""snr"":null,""ta"":0,""level"":4,""bands"":""7""},{""type"":""LTE"",""pci"":467,""earfcn"":2600,""tac"":null,""rsrp"":-81,""rsrq"":-9,""rssi"":-65,""snr"":null,""ta"":0,""level"":4,""bands"":""5""},{""type"":""LTE"",""pci"":467,""earfcn"":3050,""tac"":null,""rsrp"":-82,""rsrq"":-13,""rssi"":-59,""snr"":null,""ta"":0,""level"":4,""bands"":""7""},{""type"":""LTE"",""pci"":467,""earfcn"":100,""tac"":null,""rsrp"":-83,""rsrq"":-14,""rssi"":-63,""snr"":null,""ta"":0,""level"":4,""bands"":""1""},{""type"":""LTE"",""pci"":438,""earfcn"":3050,""tac"":null,""rsrp"":-87,""rsrq"":-20,""rssi"":-55,""snr"":null,""ta"":0,""level"":3,""bands"":""7""},{""type"":""LTE"",""pci"":7,""earfcn"":2600,""tac"":null,""rsrp"":-99,""rsrq"":-16,""rssi"":-65,""snr"":null,""ta"":0,""level"":2,""bands"":""5""}]"
1789877070477,2026-09-20 13:04:30,unknown,37.5725435,126.991636,33.796,0.1928285,314.5464,23.690180435432634,fused,38,LTE,NR_NSA,5G,true,false,true,false,false,51231502,467,100,1,8333,450,06,-73,-8,-51,8,4,0,,,,0,0,0.0000,0.0000,0,0,0.0000,0.0000,false,6,0,6,-71,288,100,0.1928285,false,false,periodic,0,2,0,0,433,,,,"[{""type"":""LTE"",""pci"":288,""earfcn"":100,""tac"":null,""rsrp"":-71,""rsrq"":-14,""rssi"":-51,""snr"":null,""ta"":0,""level"":4,""bands"":""1""},{""type"":""LTE"",""pci"":467,""earfcn"":2600,""tac"":null,""rsrp"":-76,""rsrq"":-11,""rssi"":-55,""snr"":null,""ta"":0,""level"":4,""bands"":""5""},{""type"":""LTE"",""pci"":467,""earfcn"":3050,""tac"":null,""rsrp"":-81,""rsrq"":-9,""rssi"":-63,""snr"":null,""ta"":0,""level"":4,""bands"":""7""},{""type"":""LTE"",""pci"":7,""earfcn"":100,""tac"":null,""rsrp"":-84,""rsrq"":-13,""rssi"":-55,""snr"":null,""ta"":0,""level"":4,""bands"":""1""},{""type"":""LTE"",""pci"":7,""earfcn"":2600,""tac"":null,""rsrp"":-86,""rsrq"":-19,""rssi"":-57,""snr"":null,""ta"":0,""level"":3,""bands"":""5""},{""type"":""LTE"",""pci"":7,""earfcn"":3050,""tac"":null,""rsrp"":-94,""rsrq"":-20,""rssi"":-63,""snr"":null,""ta"":0,""level"":3,""bands"":""7""}]",1013.29987,47,,16,5,,,,"[{""b"":""0a:29:d5:9c:3e:51"",""s"":""U+zone"",""r"":-41,""f"":5745},{""b"":""06:29:d5:9c:3e:51"",""s"":""U+zone_2.4GHz"",""r"":-44,""f"":2437},{""b"":""22:17:b2:0b:69:de"",""s"":""T wifi zone_secure"",""r"":-49,""f"":5520},{""b"":""22:17:b2:0b:69:dc"",""s"":""T wifi zone"",""r"":-49,""f"":5520},{""b"":""30:78:c2:00:0f:59"",""s"":""KT WiFi"",""r"":-54,""f"":2412},{""b"":""36:78:c2:00:0f:59"",""s"":""KT WiFi "",""r"":-55,""f"":2412},{""b"":""30:78:c2:00:0f:58"",""s"":""KT WiFi"",""r"":-59,""f"":5320},{""b"":""36:78:c2:00:0f:58"",""s"":""KT WiFi "",""r"":-59,""f"":5320},{""b"":""0a:29:d5:9c:3e:61"",""s"":""U+zone"",""r"":-68,""f"":5745},{""b"":""22:17:b2:0b:37:5a"",""s"":""T wifi zone"",""r"":-75,""f"":5745},{""b"":""22:17:b2:0b:37:5c"",""s"":""T wifi zone_secure"",""r"":-76,""f"":5745},{""b"":""32:89:d3:d2:d3:26"",""s"":""#Roamingman_11C2AT"",""r"":-77,""f"":5745},{""b"":""00:1d:93:c7:66:76"",""s"":""KT WiFi"",""r"":-79,""f"":5240},{""b"":""22:17:b2:0b:69:e0"",""s"":""T wifi zone"",""r"":-89,""f"":5280},{""b"":""22:17:b2:0b:69:e2"",""s"":""T wifi zone_secure"",""r"":-90,""f"":5280}]",""
1789877075490,2026-09-20 13:04:35,unknown,37.5725435,126.991636,33.796,0.1928285,314.5464,23.690180435432634,fused,43,LTE,NR_NSA,5G,true,false,true,false,false,51231502,467,100,1,8333,450,06,-51,-7,-51,19,4,0,,,,6807,869,0.0545,0.0070,6787,849,0.0543,0.0068,false,4,0,4,-54,467,2600,0.1928285,false,false,periodic,5,1,22,11,444,,,,"[{""type"":""LTE"",""pci"":467,""earfcn"":2600,""tac"":null,""rsrp"":-54,""rsrq"":-12,""rssi"":-51,""snr"":null,""ta"":0,""level"":4,""bands"":""5""},{""type"":""LTE"",""pci"":467,""earfcn"":3050,""tac"":null,""rsrp"":-61,""rsrq"":-9,""rssi"":-51,""snr"":null,""ta"":0,""level"":4,""bands"":""7""},{""type"":""LTE"",""pci"":7,""earfcn"":2600,""tac"":null,""rsrp"":-74,""rsrq"":-20,""rssi"":-51,""snr"":null,""ta"":0,""level"":4,""bands"":""5""},{""type"":""LTE"",""pci"":7,""earfcn"":3050,""tac"":null,""rsrp"":-94,""rsrq"":-20,""rssi"":-63,""snr"":null,""ta"":0,""level"":3,""bands"":""7""}]",1013.32306,11,,19,6,,,,"[{""b"":""06:29:d5:9c:3e:51"",""s"":""U+zone_2.4GHz"",""r"":-41,""f"":2437},{""b"":""0a:29:d5:9c:3e:51"",""s"":""U+zone"",""r"":-42,""f"":5745},{""b"":""22:17:b2:0b:69:de"",""s"":""T wifi zone_secure"",""r"":-50,""f"":5520},{""b"":""22:17:b2:0b:69:dc"",""s"":""T wifi zone"",""r"":-50,""f"":5520},{""b"":""36:78:c2:00:0f:59"",""s"":""KT WiFi "",""r"":-52,""f"":2412},{""b"":""02:17:b2:0b:69:de"",""s"":""T wifi zone_secure"",""r"":-56,""f"":2472},{""b"":""30:78:c2:00:0f:59"",""s"":""KT WiFi"",""r"":-57,""f"":2412},{""b"":""02:17:b2:0b:69:dc"",""s"":""T wifi zone"",""r"":-58,""f"":2472},{""b"":""06:29:d5:9c:3e:61"",""s"":""U+zone_2.4GHz"",""r"":-60,""f"":2462},{""b"":""36:78:c2:00:0f:58"",""s"":""KT WiFi "",""r"":-60,""f"":5320},{""b"":""30:78:c2:00:0f:58"",""s"":""KT WiFi"",""r"":-61,""f"":5320},{""b"":""0a:29:d5:9c:3e:61"",""s"":""U+zone"",""r"":-75,""f"":5745},{""b"":""00:1d:93:c7:66:76"",""s"":""KT WiFi"",""r"":-77,""f"":5240},{""b"":""22:17:b2:0b:37:5c"",""s"":""T wifi zone_secure"",""r"":-80,""f"":5745},{""b"":""22:17:b2:0b:37:5a"",""s"":""T wifi zone"",""r"":-81,""f"":5745}]",""
1789877080511,2026-09-20 13:04:40,unknown,37.5725435,126.991636,33.796,0.1928285,314.5464,23.690180435432634,fused,48,LTE,NR_NSA,5G,true,false,true,false,false,51231502,467,100,1,8333,450,06,-71,-8,-51,29,4,0,,,,6171,411,0.0494,0.0033,6151,391,0.0492,0.0031,false,5,0,5,-74,7,2600,0.1928285,false,false,periodic,10,1,-20,10,462,,,,"[{""type"":""LTE"",""pci"":7,""earfcn"":2600,""tac"":null,""rsrp"":-74,""rsrq"":-20,""rssi"":-51,""snr"":null,""ta"":0,""level"":4,""bands"":""5""},{""type"":""LTE"",""pci"":467,""earfcn"":2600,""tac"":null,""rsrp"":-81,""rsrq"":-10,""rssi"":-59,""snr"":null,""ta"":0,""level"":4,""bands"":""5""},{""type"":""LTE"",""pci"":467,""earfcn"":3050,""tac"":null,""rsrp"":-85,""rsrq"":-8,""rssi"":-65,""snr"":null,""ta"":0,""level"":4,""bands"":""7""},{""type"":""LTE"",""pci"":7,""earfcn"":3050,""tac"":null,""rsrp"":-94,""rsrq"":-20,""rssi"":-63,""snr"":null,""ta"":0,""level"":3,""bands"":""7""},{""type"":""LTE"",""pci"":474,""earfcn"":2600,""tac"":null,""rsrp"":-95,""rsrq"":-20,""rssi"":-57,""snr"":null,""ta"":0,""level"":3,""bands"":""5""}]",1013.1749,36,,16,6,,,,"[{""b"":""06:29:d5:9c:3e:51"",""s"":""U+zone_2.4GHz"",""r"":-40,""f"":2437},{""b"":""0a:29:d5:9c:3e:51"",""s"":""U+zone"",""r"":-46,""f"":5745},{""b"":""22:17:b2:0b:69:de"",""s"":""T wifi zone_secure"",""r"":-51,""f"":5520},{""b"":""22:17:b2:0b:69:dc"",""s"":""T wifi zone"",""r"":-51,""f"":5520},{""b"":""02:17:b2:0b:69:dc"",""s"":""T wifi zone"",""r"":-55,""f"":2472},{""b"":""02:17:b2:0b:69:de"",""s"":""T wifi zone_secure"",""r"":-55,""f"":2472},{""b"":""36:78:c2:00:0f:59"",""s"":""KT WiFi "",""r"":-56,""f"":2412},{""b"":""30:78:c2:00:0f:59"",""s"":""KT WiFi"",""r"":-56,""f"":2412},{""b"":""30:78:c2:00:0f:58"",""s"":""KT WiFi"",""r"":-58,""f"":5320},{""b"":""36:78:c2:00:0f:58"",""s"":""KT WiFi "",""r"":-58,""f"":5320},{""b"":""0a:29:d5:9c:3e:61"",""s"":""U+zone"",""r"":-73,""f"":5745},{""b"":""22:17:b2:0b:37:5c"",""s"":""T wifi zone_secure"",""r"":-80,""f"":5745},{""b"":""22:17:b2:0b:37:5a"",""s"":""T wifi zone"",""r"":-80,""f"":5745},{""b"":""32:89:d3:d2:d3:26"",""s"":""#Roamingman_11C2AT"",""r"":-81,""f"":5745},{""b"":""00:1d:93:c7:66:76"",""s"":""KT WiFi"",""r"":-81,""f"":5240}]",""
1789877085533,2026-09-20 13:04:45,unknown,37.5725435,126.991636,33.796,0.1928285,314.5464,23.690180435432634,fused,53,LTE,NR_NSA,5G,true,false,true,false,false,51231502,467,100,1,8333,450,06,-71,-8,-51,29,4,0,,,,426112,905,3.4089,0.0072,426092,885,3.4087,0.0071,false,5,0,5,-74,7,2600,0.1928285,false,false,periodic,15,1,0,0,5485,,,,"[{""type"":""LTE"",""pci"":7,""earfcn"":2600,""tac"":null,""rsrp"":-74,""rsrq"":-20,""rssi"":-51,""snr"":null,""ta"":0,""level"":4,""bands"":""5""},{""type"":""LTE"",""pci"":467,""earfcn"":2600,""tac"":null,""rsrp"":-81,""rsrq"":-10,""rssi"":-59,""snr"":null,""ta"":0,""level"":4,""bands"":""5""},{""type"":""LTE"",""pci"":467,""earfcn"":3050,""tac"":null,""rsrp"":-85,""rsrq"":-8,""rssi"":-65,""snr"":null,""ta"":0,""level"":4,""bands"":""7""},{""type"":""LTE"",""pci"":7,""earfcn"":3050,""tac"":null,""rsrp"":-94,""rsrq"":-20,""rssi"":-63,""snr"":null,""ta"":0,""level"":3,""bands"":""7""},{""type"":""LTE"",""pci"":474,""earfcn"":2600,""tac"":null,""rsrp"":-95,""rsrq"":-20,""rssi"":-57,""snr"":null,""ta"":0,""level"":3,""bands"":""5""}]",1013.0494,9,80.763,15,4,,,,"[{""b"":""06:29:d5:9c:3e:51"",""s"":""U+zone_2.4GHz"",""r"":-40,""f"":2437},{""b"":""0a:29:d5:9c:3e:51"",""s"":""U+zone"",""r"":-41,""f"":5745},{""b"":""22:17:b2:0b:69:de"",""s"":""T wifi zone_secure"",""r"":-50,""f"":5520},{""b"":""22:17:b2:0b:69:dc"",""s"":""T wifi zone"",""r"":-50,""f"":5520},{""b"":""02:17:b2:0b:69:dc"",""s"":""T wifi zone"",""r"":-52,""f"":2472},{""b"":""02:17:b2:0b:69:de"",""s"":""T wifi zone_secure"",""r"":-53,""f"":2472},{""b"":""36:78:c2:00:0f:59"",""s"":""KT WiFi "",""r"":-53,""f"":2412},{""b"":""30:78:c2:00:0f:59"",""s"":""KT WiFi"",""r"":-53,""f"":2412},{""b"":""30:78:c2:00:0f:58"",""s"":""KT WiFi"",""r"":-56,""f"":5320},{""b"":""36:78:c2:00:0f:58"",""s"":""KT WiFi "",""r"":-56,""f"":5320},{""b"":""0a:29:d5:9c:3e:61"",""s"":""U+zone"",""r"":-72,""f"":5745},{""b"":""22:17:b2:0b:37:5c"",""s"":""T wifi zone_secure"",""r"":-77,""f"":5745},{""b"":""22:17:b2:0b:37:5a"",""s"":""T wifi zone"",""r"":-77,""f"":5745},{""b"":""32:89:d3:d2:d3:26"",""s"":""#Roamingman_11C2AT"",""r"":-84,""f"":5745},{""b"":""86:2c:26:ad:30:e4"",""s"":""yuki-wifi"",""r"":-87,""f"":5805}]",""
1789877090251,2026-09-20 13:04:50,unknown,37.5725435,126.991636,33.796,0.1928285,314.5464,23.690180435432634,fused,58,LTE,NR_NSA,5G,true,false,true,false,false,52506636,461,100,1,8333,450,06,-91,-12,-57,13,3,3,,,,10150,5197,0.0812,0.0416,10108,5154,0.0809,0.0412,false,7,0,7,-87,474,2600,0.1928285,true,false,handover,0,2,,,6,51231502,-71,-8,"[{""type"":""LTE"",""pci"":474,""earfcn"":2600,""tac"":null,""rsrp"":-87,""rsrq"":-11,""rssi"":-65,""snr"":null,""ta"":3,""level"":3,""bands"":""5""},{""type"":""LTE"",""pci"":474,""earfcn"":100,""tac"":null,""rsrp"":-91,""rsrq"":-16,""rssi"":-63,""snr"":null,""ta"":3,""level"":3,""bands"":""1""},{""type"":""LTE"",""pci"":474,""earfcn"":3050,""tac"":null,""rsrp"":-93,""rsrq"":-11,""rssi"":-73,""snr"":null,""ta"":3,""level"":3,""bands"":""7""},{""type"":""LTE"",""pci"":467,""earfcn"":100,""tac"":null,""rsrp"":-94,""rsrq"":-13,""rssi"":-55,""snr"":null,""ta"":3,""level"":3,""bands"":""1""},{""type"":""LTE"",""pci"":467,""earfcn"":3050,""tac"":null,""rsrp"":-96,""rsrq"":-12,""rssi"":-73,""snr"":null,""ta"":3,""level"":2,""bands"":""7""},{""type"":""LTE"",""pci"":447,""earfcn"":2600,""tac"":null,""rsrp"":-97,""rsrq"":-20,""rssi"":-65,""snr"":null,""ta"":3,""level"":2,""bands"":""5""},{""type"":""LTE"",""pci"":461,""earfcn"":3050,""tac"":null,""rsrp"":-99,""rsrq"":-14,""rssi"":-73,""snr"":null,""ta"":3,""level"":2,""bands"":""7""}]",1012.92865,19,,16,2,,,,"[{""b"":""0a:29:d5:9c:3e:51"",""s"":""U+zone"",""r"":-42,""f"":5745},{""b"":""06:29:d5:9c:3e:51"",""s"":""U+zone_2.4GHz"",""r"":-45,""f"":2437},{""b"":""22:17:b2:0b:69:de"",""s"":""T wifi zone_secure"",""r"":-48,""f"":5520},{""b"":""22:17:b2:0b:69:dc"",""s"":""T wifi zone"",""r"":-49,""f"":5520},{""b"":""02:17:b2:0b:69:de"",""s"":""T wifi zone_secure"",""r"":-50,""f"":2472},{""b"":""02:17:b2:0b:69:dc"",""s"":""T wifi zone"",""r"":-55,""f"":2472},{""b"":""36:78:c2:00:0f:59"",""s"":""KT WiFi "",""r"":-55,""f"":2412},{""b"":""30:78:c2:00:0f:59"",""s"":""KT WiFi"",""r"":-56,""f"":2412},{""b"":""36:78:c2:00:0f:58"",""s"":""KT WiFi "",""r"":-59,""f"":5320},{""b"":""30:78:c2:00:0f:58"",""s"":""KT WiFi"",""r"":-60,""f"":5320},{""b"":""06:29:d5:9c:3e:61"",""s"":""U+zone_2.4GHz"",""r"":-69,""f"":2462},{""b"":""0a:29:d5:9c:3e:61"",""s"":""U+zone"",""r"":-70,""f"":5745},{""b"":""22:17:b2:0b:37:5c"",""s"":""T wifi zone_secure"",""r"":-76,""f"":5745},{""b"":""22:17:b2:0b:37:5a"",""s"":""T wifi zone"",""r"":-76,""f"":5745},{""b"":""32:89:d3:d2:d3:26"",""s"":""#Roamingman_11C2AT"",""r"":-80,""f"":5745}]","[{""type"":""LTE"",""pci"":7,""earfcn"":2600,""tac"":null,""rsrp"":-74,""rsrq"":-20,""rssi"":-51,""snr"":null,""ta"":0,""level"":4,""bands"":""5""},{""type"":""LTE"",""pci"":467,""earfcn"":2600,""tac"":null,""rsrp"":-81,""rsrq"":-10,""rssi"":-59,""snr"":null,""ta"":0,""level"":4,""bands"":""5""},{""type"":""LTE"",""pci"":467,""earfcn"":3050,""tac"":null,""rsrp"":-85,""rsrq"":-8,""rssi"":-65,""snr"":null,""ta"":0,""level"":4,""bands"":""7""},{""type"":""LTE"",""pci"":7,""earfcn"":3050,""tac"":null,""rsrp"":-94,""rsrq"":-20,""rssi"":-63,""snr"":null,""ta"":0,""level"":3,""bands"":""7""},{""type"":""LTE"",""pci"":474,""earfcn"":2600,""tac"":null,""rsrp"":-95,""rsrq"":-20,""rssi"":-57,""snr"":null,""ta"":0,""level"":3,""bands"":""5""}]"
1789877090557,2026-09-20 13:04:50,unknown,37.5725435,126.991636,33.796,0.1928285,314.5464,23.690180435432634,fused,58,LTE,NR_NSA,5G,true,false,true,false,false,52506636,461,100,1,8333,450,06,-91,-12,-57,13,3,3,,,,0,0,0.0000,0.0000,0,0,0.0000,0.0000,false,7,0,7,-87,474,2600,0.1928285,false,false,periodic,0,2,0,0,312,,,,"[{""type"":""LTE"",""pci"":474,""earfcn"":2600,""tac"":null,""rsrp"":-87,""rsrq"":-11,""rssi"":-65,""snr"":null,""ta"":3,""level"":3,""bands"":""5""},{""type"":""LTE"",""pci"":474,""earfcn"":100,""tac"":null,""rsrp"":-91,""rsrq"":-16,""rssi"":-63,""snr"":null,""ta"":3,""level"":3,""bands"":""1""},{""type"":""LTE"",""pci"":474,""earfcn"":3050,""tac"":null,""rsrp"":-93,""rsrq"":-11,""rssi"":-73,""snr"":null,""ta"":3,""level"":3,""bands"":""7""},{""type"":""LTE"",""pci"":467,""earfcn"":100,""tac"":null,""rsrp"":-94,""rsrq"":-13,""rssi"":-55,""snr"":null,""ta"":3,""level"":3,""bands"":""1""},{""type"":""LTE"",""pci"":467,""earfcn"":3050,""tac"":null,""rsrp"":-96,""rsrq"":-12,""rssi"":-73,""snr"":null,""ta"":3,""level"":2,""bands"":""7""},{""type"":""LTE"",""pci"":447,""earfcn"":2600,""tac"":null,""rsrp"":-97,""rsrq"":-20,""rssi"":-65,""snr"":null,""ta"":3,""level"":2,""bands"":""5""},{""type"":""LTE"",""pci"":461,""earfcn"":3050,""tac"":null,""rsrp"":-99,""rsrq"":-14,""rssi"":-73,""snr"":null,""ta"":3,""level"":2,""bands"":""7""}]",1012.92505,19,,16,3,,,,"[{""b"":""0a:29:d5:9c:3e:51"",""s"":""U+zone"",""r"":-42,""f"":5745},{""b"":""06:29:d5:9c:3e:51"",""s"":""U+zone_2.4GHz"",""r"":-45,""f"":2437},{""b"":""22:17:b2:0b:69:de"",""s"":""T wifi zone_secure"",""r"":-48,""f"":5520},{""b"":""22:17:b2:0b:69:dc"",""s"":""T wifi zone"",""r"":-49,""f"":5520},{""b"":""02:17:b2:0b:69:de"",""s"":""T wifi zone_secure"",""r"":-50,""f"":2472},{""b"":""02:17:b2:0b:69:dc"",""s"":""T wifi zone"",""r"":-55,""f"":2472},{""b"":""36:78:c2:00:0f:59"",""s"":""KT WiFi "",""r"":-55,""f"":2412},{""b"":""30:78:c2:00:0f:59"",""s"":""KT WiFi"",""r"":-56,""f"":2412},{""b"":""36:78:c2:00:0f:58"",""s"":""KT WiFi "",""r"":-59,""f"":5320},{""b"":""30:78:c2:00:0f:58"",""s"":""KT WiFi"",""r"":-60,""f"":5320},{""b"":""06:29:d5:9c:3e:61"",""s"":""U+zone_2.4GHz"",""r"":-69,""f"":2462},{""b"":""0a:29:d5:9c:3e:61"",""s"":""U+zone"",""r"":-70,""f"":5745},{""b"":""22:17:b2:0b:37:5c"",""s"":""T wifi zone_secure"",""r"":-76,""f"":5745},{""b"":""22:17:b2:0b:37:5a"",""s"":""T wifi zone"",""r"":-76,""f"":5745},{""b"":""32:89:d3:d2:d3:26"",""s"":""#Roamingman_11C2AT"",""r"":-80,""f"":5745}]",""
1789877094169,2026-09-20 13:04:54,unknown,37.5725435,126.991636,33.796,0.1928285,314.5464,23.690180435432634,stale_fused,62,LTE,NR_NSA,5G,true,false,true,false,false,51231759,474,100,1,8333,450,06,-89,-12,-55,9,3,0,,,,2354,2395,0.0188,0.0192,2326,2368,0.0186,0.0189,false,9,0,9,-89,467,100,0.1928285,true,false,handover,0,3,,,5,52506636,-91,-12,"[{""type"":""LTE"",""pci"":467,""earfcn"":100,""tac"":null,""rsrp"":-89,""rsrq"":-15,""rssi"":-65,""snr"":null,""ta"":0,""level"":3,""bands"":""1""},{""type"":""LTE"",""pci"":461,""earfcn"":100,""tac"":null,""rsrp"":-89,""rsrq"":-14,""rssi"":-65,""snr"":null,""ta"":0,""level"":3,""bands"":""1""},{""type"":""LTE"",""pci"":474,""earfcn"":2600,""tac"":null,""rsrp"":-92,""rsrq"":-11,""rssi"":-69,""snr"":null,""ta"":0,""level"":3,""bands"":""5""},{""type"":""LTE"",""pci"":474,""earfcn"":3050,""tac"":null,""rsrp"":-93,""rsrq"":-10,""rssi"":-75,""snr"":null,""ta"":0,""level"":3,""bands"":""7""},{""type"":""LTE"",""pci"":447,""earfcn"":2600,""tac"":null,""rsrp"":-95,""rsrq"":-20,""rssi"":-63,""snr"":null,""ta"":0,""level"":3,""bands"":""5""},{""type"":""LTE"",""pci"":461,""earfcn"":2600,""tac"":null,""rsrp"":-98,""rsrq"":-16,""rssi"":-69,""snr"":null,""ta"":0,""level"":2,""bands"":""5""},{""type"":""LTE"",""pci"":467,""earfcn"":3050,""tac"":null,""rsrp"":-103,""rsrq"":-14,""rssi"":-75,""snr"":null,""ta"":0,""level"":2,""bands"":""7""},{""type"":""LTE"",""pci"":461,""earfcn"":3050,""tac"":null,""rsrp"":-104,""rsrq"":-15,""rssi"":-75,""snr"":null,""ta"":0,""level"":2,""bands"":""7""},{""type"":""LTE"",""pci"":467,""earfcn"":2600,""tac"":null,""rsrp"":-108,""rsrq"":-19,""rssi"":-75,""snr"":null,""ta"":0,""level"":1,""bands"":""5""}]",1012.8602,9,,16,6,,,,"[{""b"":""0a:29:d5:9c:3e:51"",""s"":""U+zone"",""r"":-42,""f"":5745},{""b"":""06:29:d5:9c:3e:51"",""s"":""U+zone_2.4GHz"",""r"":-45,""f"":2437},{""b"":""22:17:b2:0b:69:de"",""s"":""T wifi zone_secure"",""r"":-48,""f"":5520},{""b"":""22:17:b2:0b:69:dc"",""s"":""T wifi zone"",""r"":-49,""f"":5520},{""b"":""02:17:b2:0b:69:de"",""s"":""T wifi zone_secure"",""r"":-50,""f"":2472},{""b"":""02:17:b2:0b:69:dc"",""s"":""T wifi zone"",""r"":-55,""f"":2472},{""b"":""36:78:c2:00:0f:59"",""s"":""KT WiFi "",""r"":-55,""f"":2412},{""b"":""30:78:c2:00:0f:59"",""s"":""KT WiFi"",""r"":-56,""f"":2412},{""b"":""36:78:c2:00:0f:58"",""s"":""KT WiFi "",""r"":-59,""f"":5320},{""b"":""30:78:c2:00:0f:58"",""s"":""KT WiFi"",""r"":-60,""f"":5320},{""b"":""06:29:d5:9c:3e:61"",""s"":""U+zone_2.4GHz"",""r"":-69,""f"":2462},{""b"":""0a:29:d5:9c:3e:61"",""s"":""U+zone"",""r"":-70,""f"":5745},{""b"":""22:17:b2:0b:37:5c"",""s"":""T wifi zone_secure"",""r"":-76,""f"":5745},{""b"":""22:17:b2:0b:37:5a"",""s"":""T wifi zone"",""r"":-76,""f"":5745},{""b"":""32:89:d3:d2:d3:26"",""s"":""#Roamingman_11C2AT"",""r"":-80,""f"":5745}]","[{""type"":""LTE"",""pci"":474,""earfcn"":2600,""tac"":null,""rsrp"":-87,""rsrq"":-11,""rssi"":-65,""snr"":null,""ta"":3,""level"":3,""bands"":""5""},{""type"":""LTE"",""pci"":474,""earfcn"":100,""tac"":null,""rsrp"":-91,""rsrq"":-16,""rssi"":-63,""snr"":null,""ta"":3,""level"":3,""bands"":""1""},{""type"":""LTE"",""pci"":474,""earfcn"":3050,""tac"":null,""rsrp"":-93,""rsrq"":-11,""rssi"":-73,""snr"":null,""ta"":3,""level"":3,""bands"":""7""},{""type"":""LTE"",""pci"":467,""earfcn"":100,""tac"":null,""rsrp"":-94,""rsrq"":-13,""rssi"":-55,""snr"":null,""ta"":3,""level"":3,""bands"":""1""},{""type"":""LTE"",""pci"":467,""earfcn"":3050,""tac"":null,""rsrp"":-96,""rsrq"":-12,""rssi"":-73,""snr"":null,""ta"":3,""level"":2,""bands"":""7""},{""type"":""LTE"",""pci"":447,""earfcn"":2600,""tac"":null,""rsrp"":-97,""rsrq"":-20,""rssi"":-65,""snr"":null,""ta"":3,""level"":2,""bands"":""5""},{""type"":""LTE"",""pci"":461,""earfcn"":3050,""tac"":null,""rsrp"":-99,""rsrq"":-14,""rssi"":-73,""snr"":null,""ta"":3,""level"":2,""bands"":""7""}]"
1789877095573,2026-09-20 13:04:55,unknown,37.5725435,126.991636,33.796,0.1928285,314.5464,23.690180435432634,stale_fused,63,LTE,NR_NSA,5G,true,false,true,false,false,51231759,474,100,1,8333,450,06,-89,-12,-55,9,3,0,,,,19933,603,0.1595,0.0048,19933,603,0.1595,0.0048,false,9,0,9,-89,467,100,0.1928285,false,false,periodic,1,3,0,0,1410,,,,"[{""type"":""LTE"",""pci"":467,""earfcn"":100,""tac"":null,""rsrp"":-89,""rsrq"":-15,""rssi"":-65,""snr"":null,""ta"":0,""level"":3,""bands"":""1""},{""type"":""LTE"",""pci"":461,""earfcn"":100,""tac"":null,""rsrp"":-89,""rsrq"":-14,""rssi"":-65,""snr"":null,""ta"":0,""level"":3,""bands"":""1""},{""type"":""LTE"",""pci"":474,""earfcn"":2600,""tac"":null,""rsrp"":-92,""rsrq"":-11,""rssi"":-69,""snr"":null,""ta"":0,""level"":3,""bands"":""5""},{""type"":""LTE"",""pci"":474,""earfcn"":3050,""tac"":null,""rsrp"":-93,""rsrq"":-10,""rssi"":-75,""snr"":null,""ta"":0,""level"":3,""bands"":""7""},{""type"":""LTE"",""pci"":447,""earfcn"":2600,""tac"":null,""rsrp"":-95,""rsrq"":-20,""rssi"":-63,""snr"":null,""ta"":0,""level"":3,""bands"":""5""},{""type"":""LTE"",""pci"":461,""earfcn"":2600,""tac"":null,""rsrp"":-98,""rsrq"":-16,""rssi"":-69,""snr"":null,""ta"":0,""level"":2,""bands"":""5""},{""type"":""LTE"",""pci"":467,""earfcn"":3050,""tac"":null,""rsrp"":-103,""rsrq"":-14,""rssi"":-75,""snr"":null,""ta"":0,""level"":2,""bands"":""7""},{""type"":""LTE"",""pci"":461,""earfcn"":3050,""tac"":null,""rsrp"":-104,""rsrq"":-15,""rssi"":-75,""snr"":null,""ta"":0,""level"":2,""bands"":""7""},{""type"":""LTE"",""pci"":467,""earfcn"":2600,""tac"":null,""rsrp"":-108,""rsrq"":-19,""rssi"":-75,""snr"":null,""ta"":0,""level"":1,""bands"":""5""}]",1012.83344,9,,15,1,,,,"[{""b"":""06:29:d5:9c:3e:51"",""s"":""U+zone_2.4GHz"",""r"":-41,""f"":2437},{""b"":""0a:29:d5:9c:3e:51"",""s"":""U+zone"",""r"":-41,""f"":5745},{""b"":""22:17:b2:0b:69:de"",""s"":""T wifi zone_secure"",""r"":-48,""f"":5520},{""b"":""22:17:b2:0b:69:dc"",""s"":""T wifi zone"",""r"":-48,""f"":5520},{""b"":""02:17:b2:0b:69:dc"",""s"":""T wifi zone"",""r"":-57,""f"":2472},{""b"":""02:17:b2:0b:69:de"",""s"":""T wifi zone_secure"",""r"":-57,""f"":2472},{""b"":""30:78:c2:00:0f:59"",""s"":""KT WiFi"",""r"":-57,""f"":2412},{""b"":""30:78:c2:00:0f:58"",""s"":""KT WiFi"",""r"":-59,""f"":5320},{""b"":""36:78:c2:00:0f:58"",""s"":""KT WiFi "",""r"":-59,""f"":5320},{""b"":""0a:29:d5:9c:3e:61"",""s"":""U+zone"",""r"":-72,""f"":5745},{""b"":""22:17:b2:0b:37:5c"",""s"":""T wifi zone_secure"",""r"":-77,""f"":5745},{""b"":""22:17:b2:0b:37:5a"",""s"":""T wifi zone"",""r"":-77,""f"":5745},{""b"":""32:89:d3:d2:d3:26"",""s"":""#Roamingman_11C2AT"",""r"":-82,""f"":5745},{""b"":""00:1d:93:c7:66:76"",""s"":""KT WiFi"",""r"":-83,""f"":5240},{""b"":""0a:29:d5:9c:3e:71"",""s"":""U+zone"",""r"":-92,""f"":5745}]",""
1789877100586,2026-09-20 13:05:00,unknown,37.5725435,126.991636,33.796,0.1928285,314.5464,23.690180435432634,stale_fused,68,LTE,NR_NSA,5G,true,false,true,false,false,51231759,474,100,1,8333,450,06,-78,-9,-51,5,4,0,,,,157,134,0.0013,0.0011,137,114,0.0011,0.0009,false,9,0,9,-79,474,2600,0.1928285,false,false,periodic,6,2,11,-4,1977,,,,"[{""type"":""LTE"",""pci"":474,""earfcn"":2600,""tac"":null,""rsrp"":-79,""rsrq"":-10,""rssi"":-57,""snr"":null,""ta"":0,""level"":4,""bands"":""5""},{""type"":""LTE"",""pci"":467,""earfcn"":100,""tac"":null,""rsrp"":-84,""rsrq"":-16,""rssi"":-57,""snr"":null,""ta"":0,""level"":4,""bands"":""1""},{""type"":""LTE"",""pci"":447,""earfcn"":2600,""tac"":null,""rsrp"":-87,""rsrq"":-18,""rssi"":-59,""snr"":null,""ta"":0,""level"":3,""bands"":""5""},{""type"":""LTE"",""pci"":474,""earfcn"":3050,""tac"":null,""rsrp"":-91,""rsrq"":-9,""rssi"":-71,""snr"":null,""ta"":0,""level"":3,""bands"":""7""},{""type"":""LTE"",""pci"":461,""earfcn"":100,""tac"":null,""rsrp"":-93,""rsrq"":-16,""rssi"":-65,""snr"":null,""ta"":0,""level"":3,""bands"":""1""},{""type"":""LTE"",""pci"":461,""earfcn"":3050,""tac"":null,""rsrp"":-95,""rsrq"":-15,""rssi"":-71,""snr"":null,""ta"":0,""level"":3,""bands"":""7""},{""type"":""LTE"",""pci"":461,""earfcn"":2600,""tac"":null,""rsrp"":-98,""rsrq"":-20,""rssi"":-65,""snr"":null,""ta"":0,""level"":2,""bands"":""5""},{""type"":""LTE"",""pci"":467,""earfcn"":2600,""tac"":null,""rsrp"":-98,""rsrq"":-20,""rssi"":-65,""snr"":null,""ta"":0,""level"":2,""bands"":""5""},{""type"":""LTE"",""pci"":467,""earfcn"":3050,""tac"":null,""rsrp"":-101,""rsrq"":-20,""rssi"":-71,""snr"":null,""ta"":0,""level"":2,""bands"":""7""}]",1012.8139,14,,15,6,,,,"[{""b"":""06:29:d5:9c:3e:51"",""s"":""U+zone_2.4GHz"",""r"":-41,""f"":2437},{""b"":""0a:29:d5:9c:3e:51"",""s"":""U+zone"",""r"":-41,""f"":5745},{""b"":""22:17:b2:0b:69:de"",""s"":""T wifi zone_secure"",""r"":-48,""f"":5520},{""b"":""22:17:b2:0b:69:dc"",""s"":""T wifi zone"",""r"":-48,""f"":5520},{""b"":""02:17:b2:0b:69:dc"",""s"":""T wifi zone"",""r"":-57,""f"":2472},{""b"":""02:17:b2:0b:69:de"",""s"":""T wifi zone_secure"",""r"":-57,""f"":2472},{""b"":""30:78:c2:00:0f:59"",""s"":""KT WiFi"",""r"":-57,""f"":2412},{""b"":""30:78:c2:00:0f:58"",""s"":""KT WiFi"",""r"":-59,""f"":5320},{""b"":""36:78:c2:00:0f:58"",""s"":""KT WiFi "",""r"":-59,""f"":5320},{""b"":""0a:29:d5:9c:3e:61"",""s"":""U+zone"",""r"":-72,""f"":5745},{""b"":""22:17:b2:0b:37:5c"",""s"":""T wifi zone_secure"",""r"":-77,""f"":5745},{""b"":""22:17:b2:0b:37:5a"",""s"":""T wifi zone"",""r"":-77,""f"":5745},{""b"":""32:89:d3:d2:d3:26"",""s"":""#Roamingman_11C2AT"",""r"":-82,""f"":5745},{""b"":""00:1d:93:c7:66:76"",""s"":""KT WiFi"",""r"":-83,""f"":5240},{""b"":""0a:29:d5:9c:3e:71"",""s"":""U+zone"",""r"":-92,""f"":5745}]",""
1789877105609,2026-09-20 13:05:05,unknown,37.5767086,126.9858379,100.0,,,41.99740965498891,fused,7,LTE,NR_NSA,5G,true,false,true,false,false,51231759,474,100,1,8333,450,06,-66,-11,-51,20,4,0,,,,64,78,0.0005,0.0006,44,58,0.0004,0.0005,false,8,0,8,-61,461,2600,0.50102663,false,false,periodic,11,2,12,15,860,,,,"[{""type"":""LTE"",""pci"":461,""earfcn"":2600,""tac"":null,""rsrp"":-61,""rsrq"":-20,""rssi"":-51,""snr"":null,""ta"":0,""level"":4,""bands"":""5""},{""type"":""LTE"",""pci"":474,""earfcn"":2600,""tac"":null,""rsrp"":-67,""rsrq"":-8,""rssi"":-51,""snr"":null,""ta"":0,""level"":4,""bands"":""5""},{""type"":""LTE"",""pci"":467,""earfcn"":2600,""tac"":null,""rsrp"":-73,""rsrq"":-19,""rssi"":-51,""snr"":null,""ta"":0,""level"":4,""bands"":""5""},{""type"":""LTE"",""pci"":474,""earfcn"":3050,""tac"":null,""rsrp"":-74,""rsrq"":-10,""rssi"":-55,""snr"":null,""ta"":0,""level"":4,""bands"":""7""},{""type"":""LTE"",""pci"":447,""earfcn"":2600,""tac"":null,""rsrp"":-79,""rsrq"":-16,""rssi"":-51,""snr"":null,""ta"":0,""level"":4,""bands"":""5""},{""type"":""LTE"",""pci"":467,""earfcn"":3050,""tac"":null,""rsrp"":-84,""rsrq"":-19,""rssi"":-55,""snr"":null,""ta"":0,""level"":4,""bands"":""7""},{""type"":""LTE"",""pci"":461,""earfcn"":3050,""tac"":null,""rsrp"":-89,""rsrq"":-19,""rssi"":-59,""snr"":null,""ta"":0,""level"":3,""bands"":""7""},{""type"":""LTE"",""pci"":461,""earfcn"":100,""tac"":null,""rsrp"":-90,""rsrq"":-20,""rssi"":-51,""snr"":null,""ta"":0,""level"":3,""bands"":""1""}]",1013.0164,31,,15,5,,,,"[{""b"":""06:29:d5:9c:3e:51"",""s"":""U+zone_2.4GHz"",""r"":-40,""f"":2437},{""b"":""0a:29:d5:9c:3e:51"",""s"":""U+zone"",""r"":-42,""f"":5745},{""b"":""02:17:b2:0b:69:dc"",""s"":""T wifi zone"",""r"":-50,""f"":2472},{""b"":""22:17:b2:0b:69:de"",""s"":""T wifi zone_secure"",""r"":-51,""f"":5520},{""b"":""02:17:b2:0b:69:de"",""s"":""T wifi zone_secure"",""r"":-51,""f"":2472},{""b"":""22:17:b2:0b:69:dc"",""s"":""T wifi zone"",""r"":-51,""f"":5520},{""b"":""30:78:c2:00:0f:58"",""s"":""KT WiFi"",""r"":-58,""f"":5320},{""b"":""36:78:c2:00:0f:58"",""s"":""KT WiFi "",""r"":-58,""f"":5320},{""b"":""02:17:b2:0b:37:5c"",""s"":""T wifi zone_secure"",""r"":-70,""f"":2412},{""b"":""0a:29:d5:9c:3e:61"",""s"":""U+zone"",""r"":-71,""f"":5745},{""b"":""22:17:b2:0b:37:5c"",""s"":""T wifi zone_secure"",""r"":-76,""f"":5745},{""b"":""22:17:b2:0b:37:5a"",""s"":""T wifi zone"",""r"":-76,""f"":5745},{""b"":""00:1d:93:c7:66:76"",""s"":""KT WiFi"",""r"":-79,""f"":5240},{""b"":""32:89:d3:d2:d3:26"",""s"":""#Roamingman_11C2AT"",""r"":-83,""f"":5745},{""b"":""0a:29:d5:9c:3e:71"",""s"":""U+zone"",""r"":-88,""f"":5745}]",""
1789877110635,2026-09-20 13:05:10,unknown,37.5666632,126.998443,12.691,,,40.72620332544466,fused,4,LTE,NR_NSA,5G,true,false,true,false,false,51231759,474,100,1,8333,450,06,-64,-8,-51,21,4,0,,,,70,98,0.0006,0.0008,30,58,0.0002,0.0005,false,8,0,8,-56,474,2600,0.0255634,false,false,periodic,16,2,2,1,876,,,,"[{""type"":""LTE"",""pci"":474,""earfcn"":2600,""tac"":null,""rsrp"":-56,""rsrq"":-8,""rssi"":-51,""snr"":null,""ta"":0,""level"":4,""bands"":""5""},{""type"":""LTE"",""pci"":461,""earfcn"":2600,""tac"":null,""rsrp"":-61,""rsrq"":-20,""rssi"":-51,""snr"":null,""ta"":0,""level"":4,""bands"":""5""},{""type"":""LTE"",""pci"":447,""earfcn"":100,""tac"":null,""rsrp"":-77,""rsrq"":-17,""rssi"":-51,""snr"":null,""ta"":0,""level"":4,""bands"":""1""},{""type"":""LTE"",""pci"":474,""earfcn"":3050,""tac"":null,""rsrp"":-77,""rsrq"":-9,""rssi"":-57,""snr"":null,""ta"":0,""level"":4,""bands"":""7""},{""type"":""LTE"",""pci"":461,""earfcn"":100,""tac"":null,""rsrp"":-79,""rsrq"":-17,""rssi"":-51,""snr"":null,""ta"":0,""level"":4,""bands"":""1""},{""type"":""LTE"",""pci"":447,""earfcn"":2600,""tac"":null,""rsrp"":-87,""rsrq"":-18,""rssi"":-59,""snr"":null,""ta"":0,""level"":3,""bands"":""5""},{""type"":""LTE"",""pci"":461,""earfcn"":3050,""tac"":null,""rsrp"":-88,""rsrq"":-18,""rssi"":-57,""snr"":null,""ta"":0,""level"":3,""bands"":""7""},{""type"":""LTE"",""pci"":467,""earfcn"":3050,""tac"":null,""rsrp"":-95,""rsrq"":-20,""rssi"":-61,""snr"":null,""ta"":0,""level"":3,""bands"":""7""}]",1013.0676,30,,29,3,,,,"[{""b"":""02:e3:c7:09:0b:ae"",""s"":""T wifi zone_secure"",""r"":-38,""f"":2412},{""b"":""10:e3:c7:09:0b:ae"",""s"":""T wifi zone"",""r"":-38,""f"":2412},{""b"":""12:e3:c7:09:0b:ae"",""s"":""T Free WiFi Zone"",""r"":-40,""f"":2412},{""b"":""0a:29:d5:9c:3e:51"",""s"":""U+zone"",""r"":-42,""f"":5745},{""b"":""22:17:b2:0b:69:de"",""s"":""T wifi zone_secure"",""r"":-48,""f"":5520},{""b"":""22:17:b2:0b:69:dc"",""s"":""T wifi zone"",""r"":-49,""f"":5520},{""b"":""12:e3:c7:09:0b:ad"",""s"":""T Free WiFi Zone"",""r"":-51,""f"":5180},{""b"":""02:e3:c7:09:0b:ad"",""s"":""T wifi zone_secure"",""r"":-53,""f"":5180},{""b"":""02:17:b2:0b:69:de"",""s"":""T wifi zone_secure"",""r"":-53,""f"":2472},{""b"":""30:78:c2:00:0f:59"",""s"":""KT WiFi"",""r"":-54,""f"":2412},{""b"":""10:e3:c7:09:0b:ad"",""s"":""T wifi zone"",""r"":-55,""f"":5180},{""b"":""02:17:b2:0b:69:dc"",""s"":""T wifi zone"",""r"":-55,""f"":2472},{""b"":""36:78:c2:00:0f:58"",""s"":""KT WiFi "",""r"":-60,""f"":5320},{""b"":""30:78:c2:00:0f:58"",""s"":""KT WiFi"",""r"":-61,""f"":5320},{""b"":""0a:29:d5:9c:3e:61"",""s"":""U+zone"",""r"":-63,""f"":5745}]",""
1789877112411,2026-09-20 13:05:12,unknown,37.5666632,126.998443,12.691,,,40.72620332544466,fused,6,LTE,NR_NSA,5G,true,false,true,false,false,52506641,447,100,1,8333,450,06,-81,-12,-51,19,4,1,,,,11787,3018,0.0943,0.0241,11787,3018,0.0943,0.0241,false,8,0,8,-77,447,2600,0.018603131,true,false,handover,0,3,,,5,51231759,-64,-8,"[{""type"":""LTE"",""pci"":447,""earfcn"":2600,""tac"":null,""rsrp"":-77,""rsrq"":-14,""rssi"":-55,""snr"":null,""ta"":1,""level"":4,""bands"":""5""},{""type"":""LTE"",""pci"":474,""earfcn"":2600,""tac"":null,""rsrp"":-79,""rsrq"":-13,""rssi"":-55,""snr"":null,""ta"":1,""level"":4,""bands"":""5""},{""type"":""LTE"",""pci"":474,""earfcn"":100,""tac"":null,""rsrp"":-80,""rsrq"":-14,""rssi"":-55,""snr"":null,""ta"":1,""level"":4,""bands"":""1""},{""type"":""LTE"",""pci"":461,""earfcn"":100,""tac"":null,""rsrp"":-83,""rsrq"":-15,""rssi"":-55,""snr"":null,""ta"":1,""level"":4,""bands"":""1""},{""type"":""LTE"",""pci"":461,""earfcn"":2600,""tac"":null,""rsrp"":-83,""rsrq"":-19,""rssi"":-55,""snr"":null,""ta"":1,""level"":4,""bands"":""5""},{""type"":""LTE"",""pci"":447,""earfcn"":3050,""tac"":null,""rsrp"":-89,""rsrq"":-12,""rssi"":-67,""snr"":null,""ta"":1,""level"":3,""bands"":""7""},{""type"":""LTE"",""pci"":461,""earfcn"":3050,""tac"":null,""rsrp"":-90,""rsrq"":-10,""rssi"":-67,""snr"":null,""ta"":1,""level"":3,""bands"":""7""},{""type"":""LTE"",""pci"":474,""earfcn"":3050,""tac"":null,""rsrp"":-93,""rsrq"":-14,""rssi"":-67,""snr"":null,""ta"":1,""level"":3,""bands"":""7""}]",1013.1048,30,,44,1,,,,"[{""b"":""06:29:d5:9c:3e:51"",""s"":""U+zone_2.4GHz"",""r"":-41,""f"":2437},{""b"":""12:e3:c7:09:0b:ae"",""s"":""T Free WiFi Zone"",""r"":-44,""f"":2412},{""b"":""0a:29:d5:9c:3e:51"",""s"":""U+zone"",""r"":-45,""f"":5745},{""b"":""22:17:b2:0b:69:dc"",""s"":""T wifi zone"",""r"":-50,""f"":5520},{""b"":""22:17:b2:0b:69:de"",""s"":""T wifi zone_secure"",""r"":-50,""f"":5520},{""b"":""36:78:c2:00:0f:59"",""s"":""KT WiFi "",""r"":-53,""f"":2412},{""b"":""02:17:b2:0b:69:dc"",""s"":""T wifi zone"",""r"":-55,""f"":2472},{""b"":""02:17:b2:0b:69:de"",""s"":""T wifi zone_secure"",""r"":-56,""f"":2472},{""b"":""12:06:ac:80:27:96"",""s"":""FREE_U+zone_2.4GHz"",""r"":-57,""f"":2452},{""b"":""30:78:c2:00:0f:58"",""s"":""KT WiFi"",""r"":-58,""f"":5320},{""b"":""a8:dd:9f:5d:b3:e3"",""s"":""Rakuten-B3E3-2.4GHz"",""r"":-59,""f"":2437},{""b"":""30:78:c2:00:0f:59"",""s"":""KT WiFi"",""r"":-59,""f"":2412},{""b"":""02:06:ac:80:27:96"",""s"":""U+zone_2.4GHz"",""r"":-59,""f"":2452},{""b"":""12:e3:c7:09:0b:bd"",""s"":""T Free WiFi Zone"",""r"":-59,""f"":2412},{""b"":""36:78:c2:00:0f:58"",""s"":""KT WiFi "",""r"":-60,""f"":5320}]","[{""type"":""LTE"",""pci"":474,""earfcn"":2600,""tac"":null,""rsrp"":-56,""rsrq"":-8,""rssi"":-51,""snr"":null,""ta"":0,""level"":4,""bands"":""5""},{""type"":""LTE"",""pci"":461,""earfcn"":2600,""tac"":null,""rsrp"":-61,""rsrq"":-20,""rssi"":-51,""snr"":null,""ta"":0,""level"":4,""bands"":""5""},{""type"":""LTE"",""pci"":447,""earfcn"":100,""tac"":null,""rsrp"":-77,""rsrq"":-17,""rssi"":-51,""snr"":null,""ta"":0,""level"":4,""bands"":""1""},{""type"":""LTE"",""pci"":474,""earfcn"":3050,""tac"":null,""rsrp"":-77,""rsrq"":-9,""rssi"":-57,""snr"":null,""ta"":0,""level"":4,""bands"":""7""},{""type"":""LTE"",""pci"":461,""earfcn"":100,""tac"":null,""rsrp"":-79,""rsrq"":-17,""rssi"":-51,""snr"":null,""ta"":0,""level"":4,""bands"":""1""},{""type"":""LTE"",""pci"":447,""earfcn"":2600,""tac"":null,""rsrp"":-87,""rsrq"":-18,""rssi"":-59,""snr"":null,""ta"":0,""level"":3,""bands"":""5""},{""type"":""LTE"",""pci"":461,""earfcn"":3050,""tac"":null,""rsrp"":-88,""rsrq"":-18,""rssi"":-57,""snr"":null,""ta"":0,""level"":3,""bands"":""7""},{""type"":""LTE"",""pci"":467,""earfcn"":3050,""tac"":null,""rsrp"":-95,""rsrq"":-20,""rssi"":-61,""snr"":null,""ta"":0,""level"":3,""bands"":""7""}]"
1789877115646,2026-09-20 13:05:15,unknown,37.5665229,126.9972122,19.968,,,40.14867398057352,fused,5,LTE,NR_NSA,5G,true,false,true,false,false,52506641,447,100,1,8333,450,06,-74,-6,-51,15,4,1,,,,648353,634,5.1868,0.0051,648322,603,5.1866,0.0048,false,9,0,9,-67,447,2600,0.0145350965,false,false,periodic,3,3,7,-4,887,,,,"[{""type"":""LTE"",""pci"":447,""earfcn"":2600,""tac"":null,""rsrp"":-67,""rsrq"":-6,""rssi"":-51,""snr"":null,""ta"":1,""level"":4,""bands"":""5""},{""type"":""LTE"",""pci"":474,""earfcn"":2600,""tac"":null,""rsrp"":-78,""rsrq"":-17,""rssi"":-51,""snr"":null,""ta"":1,""level"":4,""bands"":""5""},{""type"":""LTE"",""pci"":461,""earfcn"":100,""tac"":null,""rsrp"":-80,""rsrq"":-17,""rssi"":-57,""snr"":null,""ta"":1,""level"":4,""bands"":""1""},{""type"":""LTE"",""pci"":290,""earfcn"":100,""tac"":null,""rsrp"":-84,""rsrq"":-20,""rssi"":-53,""snr"":null,""ta"":1,""level"":4,""bands"":""1""},{""type"":""LTE"",""pci"":456,""earfcn"":2600,""tac"":null,""rsrp"":-85,""rsrq"":-19,""rssi"":-57,""snr"":null,""ta"":1,""level"":4,""bands"":""5""},{""type"":""LTE"",""pci"":447,""earfcn"":3050,""tac"":null,""rsrp"":-85,""rsrq"":-8,""rssi"":-67,""snr"":null,""ta"":1,""level"":4,""bands"":""7""},{""type"":""LTE"",""pci"":474,""earfcn"":100,""tac"":null,""rsrp"":-86,""rsrq"":-16,""rssi"":-57,""snr"":null,""ta"":1,""level"":3,""bands"":""1""},{""type"":""LTE"",""pci"":461,""earfcn"":2600,""tac"":null,""rsrp"":-86,""rsrq"":-17,""rssi"":-57,""snr"":null,""ta"":1,""level"":3,""bands"":""5""},{""type"":""LTE"",""pci"":461,""earfcn"":3050,""tac"":null,""rsrp"":-88,""rsrq"":-11,""rssi"":-67,""snr"":null,""ta"":1,""level"":3,""bands"":""7""}]",1013.11395,15,87.542,44,4,,,,"[{""b"":""06:29:d5:9c:3e:51"",""s"":""U+zone_2.4GHz"",""r"":-41,""f"":2437},{""b"":""12:e3:c7:09:0b:ae"",""s"":""T Free WiFi Zone"",""r"":-44,""f"":2412},{""b"":""0a:29:d5:9c:3e:51"",""s"":""U+zone"",""r"":-45,""f"":5745},{""b"":""22:17:b2:0b:69:dc"",""s"":""T wifi zone"",""r"":-50,""f"":5520},{""b"":""22:17:b2:0b:69:de"",""s"":""T wifi zone_secure"",""r"":-50,""f"":5520},{""b"":""36:78:c2:00:0f:59"",""s"":""KT WiFi "",""r"":-53,""f"":2412},{""b"":""02:17:b2:0b:69:dc"",""s"":""T wifi zone"",""r"":-55,""f"":2472},{""b"":""02:17:b2:0b:69:de"",""s"":""T wifi zone_secure"",""r"":-56,""f"":2472},{""b"":""12:06:ac:80:27:96"",""s"":""FREE_U+zone_2.4GHz"",""r"":-57,""f"":2452},{""b"":""30:78:c2:00:0f:58"",""s"":""KT WiFi"",""r"":-58,""f"":5320},{""b"":""a8:dd:9f:5d:b3:e3"",""s"":""Rakuten-B3E3-2.4GHz"",""r"":-59,""f"":2437},{""b"":""30:78:c2:00:0f:59"",""s"":""KT WiFi"",""r"":-59,""f"":2412},{""b"":""02:06:ac:80:27:96"",""s"":""U+zone_2.4GHz"",""r"":-59,""f"":2452},{""b"":""12:e3:c7:09:0b:bd"",""s"":""T Free WiFi Zone"",""r"":-59,""f"":2412},{""b"":""36:78:c2:00:0f:58"",""s"":""KT WiFi "",""r"":-60,""f"":5320}]",""
1789877120669,2026-09-20 13:05:20,unknown,37.5665229,126.9972122,19.968,,,40.14867398057352,fused,10,LTE,NR_NSA,5G,true,false,true,false,false,52506641,447,100,1,8333,450,06,-64,-8,-51,14,4,0,,,,50,93,0.0004,0.0007,30,73,0.0002,0.0006,false,8,0,8,-76,447,2600,0.24271022,false,false,periodic,8,2,10,-1,901,,,,"[{""type"":""LTE"",""pci"":447,""earfcn"":2600,""tac"":null,""rsrp"":-76,""rsrq"":-12,""rssi"":-55,""snr"":null,""ta"":0,""level"":4,""bands"":""5""},{""type"":""LTE"",""pci"":447,""earfcn"":3050,""tac"":null,""rsrp"":-79,""rsrq"":-10,""rssi"":-59,""snr"":null,""ta"":0,""level"":4,""bands"":""7""},{""type"":""LTE"",""pci"":461,""earfcn"":100,""tac"":null,""rsrp"":-81,""rsrq"":-19,""rssi"":-51,""snr"":null,""ta"":0,""level"":4,""bands"":""1""},{""type"":""LTE"",""pci"":290,""earfcn"":100,""tac"":null,""rsrp"":-81,""rsrq"":-18,""rssi"":-51,""snr"":null,""ta"":0,""level"":4,""bands"":""1""},{""type"":""LTE"",""pci"":474,""earfcn"":2600,""tac"":null,""rsrp"":-82,""rsrq"":-17,""rssi"":-55,""snr"":null,""ta"":0,""level"":4,""bands"":""5""},{""type"":""LTE"",""pci"":461,""earfcn"":3050,""tac"":null,""rsrp"":-83,""rsrq"":-10,""rssi"":-59,""snr"":null,""ta"":0,""level"":4,""bands"":""7""},{""type"":""LTE"",""pci"":461,""earfcn"":2600,""tac"":null,""rsrp"":-84,""rsrq"":-20,""rssi"":-55,""snr"":null,""ta"":0,""level"":4,""bands"":""5""},{""type"":""LTE"",""pci"":456,""earfcn"":2600,""tac"":null,""rsrp"":-86,""rsrq"":-20,""rssi"":-55,""snr"":null,""ta"":0,""level"":3,""bands"":""5""}]",1012.80817,31,,44,9,,,,"[{""b"":""06:29:d5:9c:3e:51"",""s"":""U+zone_2.4GHz"",""r"":-41,""f"":2437},{""b"":""12:e3:c7:09:0b:ae"",""s"":""T Free WiFi Zone"",""r"":-44,""f"":2412},{""b"":""0a:29:d5:9c:3e:51"",""s"":""U+zone"",""r"":-45,""f"":5745},{""b"":""22:17:b2:0b:69:dc"",""s"":""T wifi zone"",""r"":-50,""f"":5520},{""b"":""22:17:b2:0b:69:de"",""s"":""T wifi zone_secure"",""r"":-50,""f"":5520},{""b"":""36:78:c2:00:0f:59"",""s"":""KT WiFi "",""r"":-53,""f"":2412},{""b"":""02:17:b2:0b:69:dc"",""s"":""T wifi zone"",""r"":-55,""f"":2472},{""b"":""02:17:b2:0b:69:de"",""s"":""T wifi zone_secure"",""r"":-56,""f"":2472},{""b"":""12:06:ac:80:27:96"",""s"":""FREE_U+zone_2.4GHz"",""r"":-57,""f"":2452},{""b"":""30:78:c2:00:0f:58"",""s"":""KT WiFi"",""r"":-58,""f"":5320},{""b"":""a8:dd:9f:5d:b3:e3"",""s"":""Rakuten-B3E3-2.4GHz"",""r"":-59,""f"":2437},{""b"":""30:78:c2:00:0f:59"",""s"":""KT WiFi"",""r"":-59,""f"":2412},{""b"":""02:06:ac:80:27:96"",""s"":""U+zone_2.4GHz"",""r"":-59,""f"":2452},{""b"":""12:e3:c7:09:0b:bd"",""s"":""T Free WiFi Zone"",""r"":-59,""f"":2412},{""b"":""36:78:c2:00:0f:58"",""s"":""KT WiFi "",""r"":-60,""f"":5320}]",""
1789877125694,2026-09-20 13:05:25,unknown,37.5665229,126.9972122,427.366,,,39.804185519162026,fused,5,LTE,NR_NSA,5G,true,false,true,false,false,52506641,447,100,1,8333,450,06,-64,-8,-51,14,4,0,,,,177,409,0.0014,0.0033,157,389,0.0013,0.0031,false,8,0,8,-76,447,2600,4.662458,false,false,periodic,13,1,0,0,5926,,,,"[{""type"":""LTE"",""pci"":447,""earfcn"":2600,""tac"":null,""rsrp"":-76,""rsrq"":-12,""rssi"":-55,""snr"":null,""ta"":0,""level"":4,""bands"":""5""},{""type"":""LTE"",""pci"":447,""earfcn"":3050,""tac"":null,""rsrp"":-79,""rsrq"":-10,""rssi"":-59,""snr"":null,""ta"":0,""level"":4,""bands"":""7""},{""type"":""LTE"",""pci"":461,""earfcn"":100,""tac"":null,""rsrp"":-81,""rsrq"":-19,""rssi"":-51,""snr"":null,""ta"":0,""level"":4,""bands"":""1""},{""type"":""LTE"",""pci"":290,""earfcn"":100,""tac"":null,""rsrp"":-81,""rsrq"":-18,""rssi"":-51,""snr"":null,""ta"":0,""level"":4,""bands"":""1""},{""type"":""LTE"",""pci"":474,""earfcn"":2600,""tac"":null,""rsrp"":-82,""rsrq"":-17,""rssi"":-55,""snr"":null,""ta"":0,""level"":4,""bands"":""5""},{""type"":""LTE"",""pci"":461,""earfcn"":3050,""tac"":null,""rsrp"":-83,""rsrq"":-10,""rssi"":-59,""snr"":null,""ta"":0,""level"":4,""bands"":""7""},{""type"":""LTE"",""pci"":461,""earfcn"":2600,""tac"":null,""rsrp"":-84,""rsrq"":-20,""rssi"":-55,""snr"":null,""ta"":0,""level"":4,""bands"":""5""},{""type"":""LTE"",""pci"":456,""earfcn"":2600,""tac"":null,""rsrp"":-86,""rsrq"":-20,""rssi"":-55,""snr"":null,""ta"":0,""level"":3,""bands"":""5""}]",1012.5993,36,,18,4,,,,"[{""b"":""0a:29:d5:9c:3e:51"",""s"":""U+zone"",""r"":-43,""f"":5745},{""b"":""22:17:b2:0b:69:de"",""s"":""T wifi zone_secure"",""r"":-52,""f"":5520},{""b"":""22:17:b2:0b:69:dc"",""s"":""T wifi zone"",""r"":-52,""f"":5520},{""b"":""8a:40:67:1b:9e:8e"",""s"":""ktEgg_9e8e"",""r"":-53,""f"":2462},{""b"":""12:06:ac:80:27:9a"",""s"":""FREE_U+zone_2.4GHz"",""r"":-55,""f"":2452},{""b"":""02:06:ac:80:27:9a"",""s"":""U+zone_2.4GHz"",""r"":-57,""f"":2452},{""b"":""30:78:c2:00:0f:58"",""s"":""KT WiFi"",""r"":-58,""f"":5320},{""b"":""36:78:c2:00:0f:58"",""s"":""KT WiFi "",""r"":-58,""f"":5320},{""b"":""12:06:ac:80:27:9b"",""s"":""FREE_U+zone"",""r"":-61,""f"":5260},{""b"":""02:06:ac:80:27:9b"",""s"":""U+zone"",""r"":-66,""f"":5260},{""b"":""12:e3:c7:09:11:ed"",""s"":""T Free WiFi Zone"",""r"":-71,""f"":5580},{""b"":""02:e3:c7:09:11:ed"",""s"":""T wifi zone_secure"",""r"":-73,""f"":5580},{""b"":""0a:29:d5:9c:3e:61"",""s"":""U+zone"",""r"":-73,""f"":5745},{""b"":""32:89:d3:d2:d3:26"",""s"":""#Roamingman_11C2AT"",""r"":-77,""f"":5745},{""b"":""22:17:b2:0b:37:5c"",""s"":""T wifi zone_secure"",""r"":-81,""f"":5745}]",""
1789877129302,2026-09-20 13:05:29,unknown,37.5761891,126.9848963,28.368,,,43.40498816607504,fused,2,LTE,NR_NSA,5G,true,false,true,false,false,52506641,447,100,1,8333,450,06,-56,-8,-51,25,4,0,,,,5474,1980,0.0438,0.0158,5447,1953,0.0436,0.0156,false,7,0,7,-66,447,3050,8.708201,false,false,anchor,16,1,8,11,3584,,,,"[{""type"":""LTE"",""pci"":447,""earfcn"":3050,""tac"":null,""rsrp"":-66,""rsrq"":-13,""rssi"":-51,""snr"":null,""ta"":0,""level"":4,""bands"":""7""},{""type"":""LTE"",""pci"":461,""earfcn"":100,""tac"":null,""rsrp"":-68,""rsrq"":-18,""rssi"":-51,""snr"":null,""ta"":0,""level"":4,""bands"":""1""},{""type"":""LTE"",""pci"":447,""earfcn"":2600,""tac"":null,""rsrp"":-70,""rsrq"":-6,""rssi"":-53,""snr"":null,""ta"":0,""level"":4,""bands"":""5""},{""type"":""LTE"",""pci"":461,""earfcn"":3050,""tac"":null,""rsrp"":-73,""rsrq"":-17,""rssi"":-51,""snr"":null,""ta"":0,""level"":4,""bands"":""7""},{""type"":""LTE"",""pci"":474,""earfcn"":2600,""tac"":null,""rsrp"":-76,""rsrq"":-17,""rssi"":-51,""snr"":null,""ta"":0,""level"":4,""bands"":""5""},{""type"":""LTE"",""pci"":456,""earfcn"":2600,""tac"":null,""rsrp"":-79,""rsrq"":-15,""rssi"":-53,""snr"":null,""ta"":0,""level"":4,""bands"":""5""},{""type"":""LTE"",""pci"":461,""earfcn"":2600,""tac"":null,""rsrp"":-94,""rsrq"":-20,""rssi"":-53,""snr"":null,""ta"":0,""level"":3,""bands"":""5""}]",1012.27057,30,,24,1,안국역,,,"[{""b"":""0a:29:d5:9c:3e:51"",""s"":""U+zone"",""r"":-45,""f"":5745},{""b"":""22:17:b2:0b:69:de"",""s"":""T wifi zone_secure"",""r"":-48,""f"":5520},{""b"":""22:17:b2:0b:69:dc"",""s"":""T wifi zone"",""r"":-48,""f"":5520},{""b"":""02:17:b2:0b:69:de"",""s"":""T wifi zone_secure"",""r"":-49,""f"":2472},{""b"":""02:17:b2:0b:69:dc"",""s"":""T wifi zone"",""r"":-50,""f"":2472},{""b"":""30:78:c2:00:0f:59"",""s"":""KT WiFi"",""r"":-50,""f"":2412},{""b"":""36:78:c2:00:0f:59"",""s"":""KT WiFi "",""r"":-51,""f"":2412},{""b"":""02:06:ac:80:27:9a"",""s"":""U+zone_2.4GHz"",""r"":-55,""f"":2452},{""b"":""12:06:ac:80:27:9a"",""s"":""FREE_U+zone_2.4GHz"",""r"":-58,""f"":2452},{""b"":""30:78:c2:00:0f:58"",""s"":""KT WiFi"",""r"":-60,""f"":5320},{""b"":""36:78:c2:00:0f:58"",""s"":""KT WiFi "",""r"":-60,""f"":5320},{""b"":""12:06:ac:80:27:9b"",""s"":""FREE_U+zone"",""r"":-65,""f"":5260},{""b"":""02:06:ac:80:27:9b"",""s"":""U+zone"",""r"":-66,""f"":5260},{""b"":""10:e3:c7:09:11:ee"",""s"":""T wifi zone"",""r"":-67,""f"":2472},{""b"":""0a:29:d5:9c:3e:61"",""s"":""U+zone"",""r"":-69,""f"":5745}]",""
