timestamp,datetime,activity,latitude,longitude,gps_accuracy_m,gps_speed_ms,gps_bearing_deg,gps_altitude_m,location_source,location_age_s,network_type,override_network_type,generation,is_5g,is_5g_actual,is_5g_display,nr_cell_seen,nr_serving_cell_seen,serving_cell_id,serving_pci,serving_freq_arfcn,serving_band,serving_tac,mcc,mnc,rsrp_dbm,rsrq_db,rssi_dbm,sinr_snr_db,signal_level,timing_advance_lte,csi_rsrp_dbm,csi_rsrq_db,csi_sinr_db,rx_speed_Bps,tx_speed_Bps,rx_bitrate_Mbps,tx_bitrate_Mbps,mobile_rx_speed_Bps,mobile_tx_speed_Bps,mobile_rx_bitrate_Mbps,mobile_tx_bitrate_Mbps,wifi_active,neighbor_count,nr_neighbor_count,lte_neighbor_count,best_nbr_rsrp_dbm,best_nbr_pci,best_nbr_arfcn,imu_speed_ms,handover_detected,ping_pong_detected,collect_trigger,cell_duration_s,ho_count_30s,rsrp_delta,sinr_delta,cell_info_age_ms,prev_serving_cell_id,prev_rsrp_dbm,prev_rsrq_db,neighbors_json,pressure_hpa,rtt_ms,probe_dl_mbps,probe_ul_mbps,wifi_ap_count,wifi_scan_age_s,anchor_station,anchor_lat,anchor_lon,wifi_scan_json,prev_neighbors_json
1790512741831,2026-09-27 21:39:01,car,37.5466033,127.0682033,25.631,0.13041745,90.174,50.281322264047745,fused,2,LTE,NR_NSA,5G,true,false,true,false,false,52543750,273,2600,5,8282,450,06,-96,-9,-67,6,2,0,,,,2455,65459,0.0196,0.5237,2435,65439,0.0195,0.5235,false,7,0,7,-93,273,100,0.13041745,false,false,periodic,11,1,-8,-3,2373,,,,"[{""type"":""LTE"",""pci"":273,""earfcn"":100,""tac"":null,""rsrp"":-93,""rsrq"":-10,""rssi"":-67,""snr"":null,""ta"":0,""level"":3,""bands"":""1""},{""type"":""LTE"",""pci"":273,""earfcn"":3050,""tac"":null,""rsrp"":-97,""rsrq"":-7,""rssi"":-69,""snr"":null,""ta"":0,""level"":2,""bands"":""7""},{""type"":""LTE"",""pci"":421,""earfcn"":2600,""tac"":null,""rsrp"":-102,""rsrq"":-17,""rssi"":-75,""snr"":null,""ta"":0,""level"":2,""bands"":""5""},{""type"":""LTE"",""pci"":421,""earfcn"":100,""tac"":null,""rsrp"":-103,""rsrq"":-19,""rssi"":-73,""snr"":null,""ta"":0,""level"":2,""bands"":""1""},{""type"":""LTE"",""pci"":418,""earfcn"":2600,""tac"":null,""rsrp"":-106,""rsrq"":-20,""rssi"":-75,""snr"":null,""ta"":0,""level"":1,""bands"":""5""},{""type"":""LTE"",""pci"":272,""earfcn"":3050,""tac"":null,""rsrp"":-107,""rsrq"":-19,""rssi"":-77,""snr"":null,""ta"":0,""level"":1,""bands"":""7""},{""type"":""LTE"",""pci"":418,""earfcn"":3050,""tac"":null,""rsrp"":-114,""rsrq"":-16,""rssi"":-79,""snr"":null,""ta"":0,""level"":1,""bands"":""7""}]",1004.39294,10,0.524,0.524,9,1,,,,"[{""b"":""dc:8e:8d:bf:e7:b6"",""s"":""DLive5G_E7B7"",""r"":-56,""f"":5220},{""b"":""dc:8e:8d:bf:e6:93"",""s"":""DLive_E68E"",""r"":-59,""f"":2462},{""b"":""dc:8e:8d:bf:e7:4e"",""s"":""DLive_E749"",""r"":-67,""f"":2412},{""b"":""36:e6:e6:e8:d8:bf"",""s"":"""",""r"":-67,""f"":2412},{""b"":""ca:dd:6a:05:5c:1b"",""s"":""[LG_CeilingCassette A\/C]5c1b"",""r"":-69,""f"":2462},{""b"":""1e:39:29:f9:f9:7d"",""s"":""[LG_CeilingCassette A\/C]f97d"",""r"":-77,""f"":2462},{""b"":""b0:38:6c:b1:26:36"",""s"":""ggulbam"",""r"":-81,""f"":2447},{""b"":""da:e3:5e:f5:14:7c"",""s"":""[LG_Wall-Mount A\/C]147c"",""r"":-84,""f"":2452},{""b"":""dc:8e:8d:bf:e7:48"",""s"":""DLive5G_E749"",""r"":-90,""f"":5220}]",""
1790512746848,2026-09-27 21:39:06,car,37.5466049,127.0682054,20.134,0.0947583,,50.752469738238844,fused,5,LTE,NR_NSA,5G,true,false,true,false,false,52543750,273,2600,5,8282,450,06,-98,-9,-71,6,2,0,,,,2385,65276,0.0191,0.5222,2346,65236,0.0188,0.5219,false,6,0,6,-95,273,100,6.450706E-5,false,false,periodic,16,1,-2,0,1725,,,,"[{""type"":""LTE"",""pci"":273,""earfcn"":100,""tac"":null,""rsrp"":-95,""rsrq"":-7,""rssi"":-79,""snr"":null,""ta"":0,""level"":3,""bands"":""1""},{""type"":""LTE"",""pci"":421,""earfcn"":2600,""tac"":null,""rsrp"":-100,""rsrq"":-14,""rssi"":-75,""snr"":null,""ta"":0,""level"":2,""bands"":""5""},{""type"":""LTE"",""pci"":418,""earfcn"":2600,""tac"":null,""rsrp"":-105,""rsrq"":-19,""rssi"":-75,""snr"":null,""ta"":0,""level"":2,""bands"":""5""},{""type"":""LTE"",""pci"":273,""earfcn"":3050,""tac"":null,""rsrp"":-113,""rsrq"":-9,""rssi"":-91,""snr"":null,""ta"":0,""level"":1,""bands"":""7""},{""type"":""LTE"",""pci"":418,""earfcn"":3050,""tac"":null,""rsrp"":-117,""rsrq"":-17,""rssi"":-91,""snr"":null,""ta"":0,""level"":0,""bands"":""7""},{""type"":""LTE"",""pci"":272,""earfcn"":3050,""tac"":null,""rsrp"":-119,""rsrq"":-18,""rssi"":-91,""snr"":null,""ta"":0,""level"":0,""bands"":""7""}]",1004.387,32,0.524,0.524,9,6,,,,"[{""b"":""dc:8e:8d:bf:e7:b6"",""s"":""DLive5G_E7B7"",""r"":-56,""f"":5220},{""b"":""dc:8e:8d:bf:e6:93"",""s"":""DLive_E68E"",""r"":-59,""f"":2462},{""b"":""dc:8e:8d:bf:e7:4e"",""s"":""DLive_E749"",""r"":-67,""f"":2412},{""b"":""36:e6:e6:e8:d8:bf"",""s"":"""",""r"":-67,""f"":2412},{""b"":""ca:dd:6a:05:5c:1b"",""s"":""[LG_CeilingCassette A\/C]5c1b"",""r"":-69,""f"":2462},{""b"":""1e:39:29:f9:f9:7d"",""s"":""[LG_CeilingCassette A\/C]f97d"",""r"":-77,""f"":2462},{""b"":""b0:38:6c:b1:26:36"",""s"":""ggulbam"",""r"":-81,""f"":2447},{""b"":""da:e3:5e:f5:14:7c"",""s"":""[LG_Wall-Mount A\/C]147c"",""r"":-84,""f"":2452},{""b"":""dc:8e:8d:bf:e7:48"",""s"":""DLive5G_E749"",""r"":-90,""f"":5220}]",""
1790512751859,2026-09-27 21:39:11,car,37.546587,127.0681995,9.808,0.055425648,,51.08169857377965,fused,4,LTE,NR_NSA,5G,true,false,true,false,false,52543750,273,2600,5,8282,450,06,-92,-7,-65,8,3,0,,,,2449,63645,0.0196,0.5092,2429,63626,0.0194,0.5090,false,7,0,7,-96,273,100,3.088606E-8,false,false,periodic,21,1,6,2,1070,,,,"[{""type"":""LTE"",""pci"":273,""earfcn"":100,""tac"":null,""rsrp"":-96,""rsrq"":-11,""rssi"":-75,""snr"":null,""ta"":0,""level"":2,""bands"":""1""},{""type"":""LTE"",""pci"":418,""earfcn"":2600,""tac"":null,""rsrp"":-98,""rsrq"":-18,""rssi"":-69,""snr"":null,""ta"":0,""level"":2,""bands"":""5""},{""type"":""LTE"",""pci"":421,""earfcn"":2600,""tac"":null,""rsrp"":-99,""rsrq"":-19,""rssi"":-69,""snr"":null,""ta"":0,""level"":2,""bands"":""5""},{""type"":""LTE"",""pci"":421,""earfcn"":100,""tac"":null,""rsrp"":-104,""rsrq"":-19,""rssi"":-71,""snr"":null,""ta"":0,""level"":2,""bands"":""1""},{""type"":""LTE"",""pci"":273,""earfcn"":3050,""tac"":null,""rsrp"":-107,""rsrq"":-6,""rssi"":-91,""snr"":null,""ta"":0,""level"":1,""bands"":""7""},{""type"":""LTE"",""pci"":272,""earfcn"":3050,""tac"":null,""rsrp"":-118,""rsrq"":-18,""rssi"":-91,""snr"":null,""ta"":0,""level"":0,""bands"":""7""},{""type"":""LTE"",""pci"":418,""earfcn"":3050,""tac"":null,""rsrp"":-124,""rsrq"":-20,""rssi"":-91,""snr"":null,""ta"":0,""level"":0,""bands"":""7""}]",1004.39404,13,0.459,0.459,8,6,,,,"[{""b"":""dc:8e:8d:bf:e7:bc"",""s"":""DLive_E7B7"",""r"":-41,""f"":2412},{""b"":""dc:8e:8d:bf:e7:b6"",""s"":""DLive5G_E7B7"",""r"":-57,""f"":5220},{""b"":""ca:dd:6a:05:5c:1b"",""s"":""[LG_CeilingCassette A\/C]5c1b"",""r"":-67,""f"":2462},{""b"":""dc:8e:8d:bf:e7:17"",""s"":""DLive_E712"",""r"":-68,""f"":2462},{""b"":""dc:8e:8d:bf:e7:4e"",""s"":""DLive_E749"",""r"":-72,""f"":2412},{""b"":""00:07:89:82:be:31"",""s"":""KT_GiGA_2G_Wave2_BE2E"",""r"":-84,""f"":2437},{""b"":""88:bd:09:82:bf:35"",""s"":""DLive_BF30"",""r"":-85,""f"":2462},{""b"":""dc:8e:8d:bf:e7:48"",""s"":""DLive5G_E749"",""r"":-90,""f"":5220}]",""
1790512756871,2026-09-27 21:39:16,car,37.5465868,127.0682077,9.722,0.059077848,,51.076472620804935,fused,3,LTE,NR_NSA,5G,true,false,true,false,false,52543750,273,2600,5,8282,450,06,-94,-7,-67,8,3,0,,,,280058,72947,2.2405,0.5836,280038,72927,2.2403,0.5834,false,8,0,8,-88,273,100,1.4788542E-11,false,false,periodic,26,1,-2,0,382,,,,"[{""type"":""LTE"",""pci"":273,""earfcn"":100,""tac"":null,""rsrp"":-88,""rsrq"":-8,""rssi"":-55,""snr"":null,""ta"":0,""level"":3,""bands"":""1""},{""type"":""LTE"",""pci"":418,""earfcn"":100,""tac"":null,""rsrp"":-95,""rsrq"":-20,""rssi"":-65,""snr"":null,""ta"":0,""level"":3,""bands"":""1""},{""type"":""LTE"",""pci"":273,""earfcn"":3050,""tac"":null,""rsrp"":-98,""rsrq"":-8,""rssi"":-65,""snr"":null,""ta"":0,""level"":2,""bands"":""7""},{""type"":""LTE"",""pci"":421,""earfcn"":100,""tac"":null,""rsrp"":-98,""rsrq"":-16,""rssi"":-65,""snr"":null,""ta"":0,""level"":2,""bands"":""1""},{""type"":""LTE"",""pci"":421,""earfcn"":2600,""tac"":null,""rsrp"":-100,""rsrq"":-19,""rssi"":-71,""snr"":null,""ta"":0,""level"":2,""bands"":""5""},{""type"":""LTE"",""pci"":418,""earfcn"":2600,""tac"":null,""rsrp"":-102,""rsrq"":-20,""rssi"":-71,""snr"":null,""ta"":0,""level"":2,""bands"":""5""},{""type"":""LTE"",""pci"":272,""earfcn"":3050,""tac"":null,""rsrp"":-104,""rsrq"":-17,""rssi"":-75,""snr"":null,""ta"":0,""level"":2,""bands"":""7""},{""type"":""LTE"",""pci"":418,""earfcn"":3050,""tac"":null,""rsrp"":-105,""rsrq"":-19,""rssi"":-75,""snr"":null,""ta"":0,""level"":2,""bands"":""7""}]",1004.5383,33,0.459,0.459,6,5,,,,"[{""b"":""dc:8e:8d:bf:e7:bc"",""s"":""DLive_E7B7"",""r"":-42,""f"":2412},{""b"":""dc:8e:8d:bf:e7:b6"",""s"":""DLive5G_E7B7"",""r"":-52,""f"":5220},{""b"":""dc:8e:8d:bf:e6:93"",""s"":""DLive_E68E"",""r"":-54,""f"":2462},{""b"":""1e:39:29:f9:f9:45"",""s"":""[LG_CeilingCassette A\/C]f945"",""r"":-79,""f"":2462},{""b"":""b0:38:6c:2d:13:02"",""s"":""205호"",""r"":-82,""f"":2417},{""b"":""dc:8e:8d:bf:e7:48"",""s"":""DLive5G_E749"",""r"":-92,""f"":5220}]",""
1790512761880,2026-09-27 21:39:21,car,37.5465785,127.0682058,9.791,0.010644918,,49.857919334656344,fused,3,LTE,NR_NSA,5G,true,false,true,false,false,52543750,273,2600,5,8282,450,06,-94,-7,-67,8,3,0,,,,3294,67073,0.0264,0.5366,3274,67053,0.0262,0.5364,false,8,0,8,-88,273,100,7.315085E-15,false,false,periodic,31,0,0,0,5393,,,,"[{""type"":""LTE"",""pci"":273,""earfcn"":100,""tac"":null,""rsrp"":-88,""rsrq"":-8,""rssi"":-55,""snr"":null,""ta"":0,""level"":3,""bands"":""1""},{""type"":""LTE"",""pci"":418,""earfcn"":100,""tac"":null,""rsrp"":-95,""rsrq"":-20,""rssi"":-65,""snr"":null,""ta"":0,""level"":3,""bands"":""1""},{""type"":""LTE"",""pci"":273,""earfcn"":3050,""tac"":null,""rsrp"":-98,""rsrq"":-8,""rssi"":-65,""snr"":null,""ta"":0,""level"":2,""bands"":""7""},{""type"":""LTE"",""pci"":421,""earfcn"":100,""tac"":null,""rsrp"":-98,""rsrq"":-16,""rssi"":-65,""snr"":null,""ta"":0,""level"":2,""bands"":""1""},{""type"":""LTE"",""pci"":421,""earfcn"":2600,""tac"":null,""rsrp"":-100,""rsrq"":-19,""rssi"":-71,""snr"":null,""ta"":0,""level"":2,""bands"":""5""},{""type"":""LTE"",""pci"":418,""earfcn"":2600,""tac"":null,""rsrp"":-102,""rsrq"":-20,""rssi"":-71,""snr"":null,""ta"":0,""level"":2,""bands"":""5""},{""type"":""LTE"",""pci"":272,""earfcn"":3050,""tac"":null,""rsrp"":-104,""rsrq"":-17,""rssi"":-75,""snr"":null,""ta"":0,""level"":2,""bands"":""7""},{""type"":""LTE"",""pci"":418,""earfcn"":3050,""tac"":null,""rsrp"":-105,""rsrq"":-19,""rssi"":-75,""snr"":null,""ta"":0,""level"":2,""bands"":""7""}]",1004.54126,29,0.524,0.524,7,1,,,,"[{""b"":""dc:8e:8d:bf:e7:b6"",""s"":""DLive5G_E7B7"",""r"":-53,""f"":5220},{""b"":""dc:8e:8d:bf:e6:93"",""s"":""DLive_E68E"",""r"":-56,""f"":2462},{""b"":""1e:39:29:f9:f9:7d"",""s"":""[LG_CeilingCassette A\/C]f97d"",""r"":-73,""f"":2462},{""b"":""1e:39:29:f9:f9:45"",""s"":""[LG_CeilingCassette A\/C]f945"",""r"":-75,""f"":2462},{""b"":""70:5d:cc:e0:27:0a"",""s"":""iptime403"",""r"":-83,""f"":2427},{""b"":""dc:8e:8d:bf:e7:11"",""s"":""DLive5G_E712"",""r"":-91,""f"":5220},{""b"":""dc:8e:8d:bf:e7:48"",""s"":""DLive5G_E749"",""r"":-91,""f"":5220}]",""
1790512766892,2026-09-27 21:39:26,car,37.5465816,127.0682093,9.311,0.012440787,,50.23545173424846,fused,4,LTE,NR_NSA,5G,true,false,true,false,false,52543750,273,2600,5,8282,450,06,-93,-9,-65,5,3,0,,,,2167,63653,0.0173,0.5092,2127,63613,0.0170,0.5089,false,8,0,8,-96,273,100,3.5025863E-18,false,false,periodic,36,0,1,-3,5000,,,,"[{""type"":""LTE"",""pci"":273,""earfcn"":100,""tac"":null,""rsrp"":-96,""rsrq"":-13,""rssi"":-73,""snr"":null,""ta"":0,""level"":2,""bands"":""1""},{""type"":""LTE"",""pci"":421,""earfcn"":2600,""tac"":null,""rsrp"":-101,""rsrq"":-20,""rssi"":-71,""snr"":null,""ta"":0,""level"":2,""bands"":""5""},{""type"":""LTE"",""pci"":418,""earfcn"":2600,""tac"":null,""rsrp"":-101,""rsrq"":-19,""rssi"":-71,""snr"":null,""ta"":0,""level"":2,""bands"":""5""},{""type"":""LTE"",""pci"":273,""earfcn"":3050,""tac"":null,""rsrp"":-112,""rsrq"":-7,""rssi"":-93,""snr"":null,""ta"":0,""level"":1,""bands"":""7""},{""type"":""LTE"",""pci"":421,""earfcn"":100,""tac"":null,""rsrp"":-115,""rsrq"":-19,""rssi"":-79,""snr"":null,""ta"":0,""level"":1,""bands"":""1""},{""type"":""LTE"",""pci"":272,""earfcn"":3050,""tac"":null,""rsrp"":-119,""rsrq"":-16,""rssi"":-93,""snr"":null,""ta"":0,""level"":0,""bands"":""7""},{""type"":""LTE"",""pci"":418,""earfcn"":100,""tac"":null,""rsrp"":-120,""rsrq"":-20,""rssi"":-79,""snr"":null,""ta"":0,""level"":0,""bands"":""1""},{""type"":""LTE"",""pci"":418,""earfcn"":3050,""tac"":null,""rsrp"":-122,""rsrq"":-18,""rssi"":-93,""snr"":null,""ta"":0,""level"":0,""bands"":""7""}]",1004.54126,31,0.459,0.459,7,7,,,,"[{""b"":""dc:8e:8d:bf:e7:b6"",""s"":""DLive5G_E7B7"",""r"":-53,""f"":5220},{""b"":""dc:8e:8d:bf:e6:93"",""s"":""DLive_E68E"",""r"":-56,""f"":2462},{""b"":""1e:39:29:f9:f9:7d"",""s"":""[LG_CeilingCassette A\/C]f97d"",""r"":-73,""f"":2462},{""b"":""1e:39:29:f9:f9:45"",""s"":""[LG_CeilingCassette A\/C]f945"",""r"":-75,""f"":2462},{""b"":""70:5d:cc:e0:27:0a"",""s"":""iptime403"",""r"":-83,""f"":2427},{""b"":""dc:8e:8d:bf:e7:11"",""s"":""DLive5G_E712"",""r"":-91,""f"":5220},{""b"":""dc:8e:8d:bf:e7:48"",""s"":""DLive5G_E749"",""r"":-91,""f"":5220}]",""
1790512771905,2026-09-27 21:39:31,car,37.5465821,127.0682101,8.909,0.015881758,,50.22604644543436,fused,2,LTE,NR_NSA,5G,true,false,true,false,false,52543750,273,2600,5,8282,450,06,-93,-9,-63,5,3,0,,,,2332,66845,0.0187,0.5348,2312,66825,0.0185,0.5346,false,7,0,7,-94,273,100,1.6771103E-21,false,false,periodic,41,0,0,0,5001,,,,"[{""type"":""LTE"",""pci"":273,""earfcn"":100,""tac"":null,""rsrp"":-94,""rsrq"":-7,""rssi"":-63,""snr"":null,""ta"":0,""level"":3,""bands"":""1""},{""type"":""LTE"",""pci"":273,""earfcn"":3050,""tac"":null,""rsrp"":-97,""rsrq"":-7,""rssi"":-71,""snr"":null,""ta"":0,""level"":2,""bands"":""7""},{""type"":""LTE"",""pci"":421,""earfcn"":100,""tac"":null,""rsrp"":-101,""rsrq"":-17,""rssi"":-73,""snr"":null,""ta"":0,""level"":2,""bands"":""1""},{""type"":""LTE"",""pci"":421,""earfcn"":2600,""tac"":null,""rsrp"":-102,""rsrq"":-18,""rssi"":-71,""snr"":null,""ta"":0,""level"":2,""bands"":""5""},{""type"":""LTE"",""pci"":418,""earfcn"":2600,""tac"":null,""rsrp"":-104,""rsrq"":-19,""rssi"":-71,""snr"":null,""ta"":0,""level"":2,""bands"":""5""},{""type"":""LTE"",""pci"":272,""earfcn"":3050,""tac"":null,""rsrp"":-112,""rsrq"":-15,""rssi"":-79,""snr"":null,""ta"":0,""level"":1,""bands"":""7""},{""type"":""LTE"",""pci"":418,""earfcn"":3050,""tac"":null,""rsrp"":-119,""rsrq"":-18,""rssi"":-91,""snr"":null,""ta"":0,""level"":0,""bands"":""7""}]",1004.5457,31,0.459,0.459,7,3,,,,"[{""b"":""dc:8e:8d:bf:e7:bc"",""s"":""DLive_E7B7"",""r"":-42,""f"":2412},{""b"":""dc:8e:8d:bf:e7:b6"",""s"":""DLive5G_E7B7"",""r"":-52,""f"":5220},{""b"":""dc:8e:8d:bf:e7:4e"",""s"":""DLive_E749"",""r"":-54,""f"":2412},{""b"":""dc:8e:8d:bf:e6:93"",""s"":""DLive_E68E"",""r"":-55,""f"":2462},{""b"":""ca:dd:6a:05:5c:1b"",""s"":""[LG_CeilingCassette A\/C]5c1b"",""r"":-67,""f"":2462},{""b"":""1e:39:29:f9:f9:45"",""s"":""[LG_CeilingCassette A\/C]f945"",""r"":-75,""f"":2462},{""b"":""dc:8e:8d:bf:e7:48"",""s"":""DLive5G_E749"",""r"":-91,""f"":5220}]",""
1790512776919,2026-09-27 21:39:36,car,37.5465709,127.0682072,8.244,0.01760492,,50.03962365384554,fused,1,LTE,NR_NSA,5G,true,false,true,false,false,52543750,273,2600,5,8282,450,06,-94,-8,-69,8,3,0,,,,2101,68766,0.0168,0.5501,2081,68746,0.0166,0.5500,false,7,0,7,-98,273,100,8.030398E-25,false,false,periodic,46,0,-1,3,5002,,,,"[{""type"":""LTE"",""pci"":273,""earfcn"":100,""tac"":null,""rsrp"":-98,""rsrq"":-7,""rssi"":-81,""snr"":null,""ta"":0,""level"":2,""bands"":""1""},{""type"":""LTE"",""pci"":421,""earfcn"":2600,""tac"":null,""rsrp"":-101,""rsrq"":-18,""rssi"":-73,""snr"":null,""ta"":0,""level"":2,""bands"":""5""},{""type"":""LTE"",""pci"":418,""earfcn"":2600,""tac"":null,""rsrp"":-101,""rsrq"":-19,""rssi"":-73,""snr"":null,""ta"":0,""level"":2,""bands"":""5""},{""type"":""LTE"",""pci"":273,""earfcn"":3050,""tac"":null,""rsrp"":-113,""rsrq"":-8,""rssi"":-95,""snr"":null,""ta"":0,""level"":1,""bands"":""7""},{""type"":""LTE"",""pci"":421,""earfcn"":100,""tac"":null,""rsrp"":-113,""rsrq"":-15,""rssi"":-81,""snr"":null,""ta"":0,""level"":1,""bands"":""1""},{""type"":""LTE"",""pci"":418,""earfcn"":3050,""tac"":null,""rsrp"":-118,""rsrq"":-14,""rssi"":-95,""snr"":null,""ta"":0,""level"":0,""bands"":""7""},{""type"":""LTE"",""pci"":272,""earfcn"":3050,""tac"":null,""rsrp"":-118,""rsrq"":-15,""rssi"":-95,""snr"":null,""ta"":0,""level"":0,""bands"":""7""}]",1004.5502,14,0.459,0.524,7,2,,,,"[{""b"":""dc:8e:8d:bf:e7:bc"",""s"":""DLive_E7B7"",""r"":-42,""f"":2412},{""b"":""dc:8e:8d:bf:e7:b6"",""s"":""DLive5G_E7B7"",""r"":-52,""f"":5220},{""b"":""dc:8e:8d:bf:e6:93"",""s"":""DLive_E68E"",""r"":-55,""f"":2462},{""b"":""dc:8e:8d:bf:e7:4e"",""s"":""DLive_E749"",""r"":-67,""f"":2412},{""b"":""1e:39:29:f9:f9:7d"",""s"":""[LG_CeilingCassette A\/C]f97d"",""r"":-77,""f"":2462},{""b"":""88:36:6c:6a:84:c2"",""s"":""hong"",""r"":-82,""f"":2427},{""b"":""dc:8e:8d:bf:e7:48"",""s"":""DLive5G_E749"",""r"":-91,""f"":5220}]",""
1790512781931,2026-09-27 21:39:41,car,37.5465646,127.0682081,7.762,0.018805599,,50.004615330866415,fused,0,LTE,NR_NSA,5G,true,false,true,false,false,52543750,273,2600,5,8282,450,06,-94,-8,-69,8,3,0,,,,1932,63588,0.0155,0.5087,1912,63569,0.0153,0.5086,false,9,0,9,-96,273,100,3.8451502E-28,false,false,periodic,51,0,0,0,2646,,,,"[{""type"":""LTE"",""pci"":273,""earfcn"":100,""tac"":null,""rsrp"":-96,""rsrq"":-10,""rssi"":-75,""snr"":null,""ta"":0,""level"":2,""bands"":""1""},{""type"":""LTE"",""pci"":418,""earfcn"":2600,""tac"":null,""rsrp"":-103,""rsrq"":-17,""rssi"":-75,""snr"":null,""ta"":0,""level"":2,""bands"":""5""},{""type"":""LTE"",""pci"":421,""earfcn"":2600,""tac"":null,""rsrp"":-105,""rsrq"":-18,""rssi"":-75,""snr"":null,""ta"":0,""level"":2,""bands"":""5""},{""type"":""LTE"",""pci"":272,""earfcn"":2600,""tac"":null,""rsrp"":-106,""rsrq"":-19,""rssi"":-75,""snr"":null,""ta"":0,""level"":1,""bands"":""5""},{""type"":""LTE"",""pci"":273,""earfcn"":3050,""tac"":null,""rsrp"":-107,""rsrq"":-11,""rssi"":-85,""snr"":null,""ta"":0,""level"":1,""bands"":""7""},{""type"":""LTE"",""pci"":350,""earfcn"":3050,""tac"":null,""rsrp"":-115,""rsrq"":-20,""rssi"":-85,""snr"":null,""ta"":0,""level"":1,""bands"":""7""},{""type"":""LTE"",""pci"":421,""earfcn"":100,""tac"":null,""rsrp"":-116,""rsrq"":-19,""rssi"":-81,""snr"":null,""ta"":0,""level"":0,""bands"":""1""},{""type"":""LTE"",""pci"":272,""earfcn"":3050,""tac"":null,""rsrp"":-121,""rsrq"":-20,""rssi"":-91,""snr"":null,""ta"":0,""level"":0,""bands"":""7""},{""type"":""LTE"",""pci"":418,""earfcn"":3050,""tac"":null,""rsrp"":-122,""rsrq"":-20,""rssi"":-91,""snr"":null,""ta"":0,""level"":0,""bands"":""7""}]",1004.5534,13,0.524,0.459,3,2,,,,"[{""b"":""dc:8e:8d:bf:e7:b6"",""s"":""DLive5G_E7B7"",""r"":-51,""f"":5220},{""b"":""58:86:94:5b:74:de"",""s"":""Trees"",""r"":-86,""f"":2437},{""b"":""dc:8e:8d:bf:e7:48"",""s"":""DLive5G_E749"",""r"":-91,""f"":5220}]",""
1790512786943,2026-09-27 21:39:46,car,37.5465646,127.0682081,7.762,0.018805599,,50.004615330866415,fused,5,LTE,NR_NSA,5G,true,false,true,false,false,52543750,273,2600,5,8282,450,06,-94,-12,-65,8,3,0,,,,2581,65815,0.0206,0.5265,2561,65795,0.0205,0.5264,false,8,0,8,-97,273,100,1.8411623E-31,false,false,periodic,56,0,0,0,2069,,,,"[{""type"":""LTE"",""pci"":273,""earfcn"":100,""tac"":null,""rsrp"":-97,""rsrq"":-7,""rssi"":-81,""snr"":null,""ta"":0,""level"":2,""bands"":""1""},{""type"":""LTE"",""pci"":421,""earfcn"":2600,""tac"":null,""rsrp"":-104,""rsrq"":-18,""rssi"":-75,""snr"":null,""ta"":0,""level"":2,""bands"":""5""},{""type"":""LTE"",""pci"":418,""earfcn"":2600,""tac"":null,""rsrp"":-106,""rsrq"":-18,""rssi"":-75,""snr"":null,""ta"":0,""level"":1,""bands"":""5""},{""type"":""LTE"",""pci"":273,""earfcn"":3050,""tac"":null,""rsrp"":-108,""rsrq"":-9,""rssi"":-89,""snr"":null,""ta"":0,""level"":1,""bands"":""7""},{""type"":""LTE"",""pci"":421,""earfcn"":100,""tac"":null,""rsrp"":-117,""rsrq"":-20,""rssi"":-81,""snr"":null,""ta"":0,""level"":0,""bands"":""1""},{""type"":""LTE"",""pci"":418,""earfcn"":3050,""tac"":null,""rsrp"":-119,""rsrq"":-20,""rssi"":-89,""snr"":null,""ta"":0,""level"":0,""bands"":""7""},{""type"":""LTE"",""pci"":350,""earfcn"":3050,""tac"":null,""rsrp"":-121,""rsrq"":-20,""rssi"":-89,""snr"":null,""ta"":0,""level"":0,""bands"":""7""},{""type"":""LTE"",""pci"":272,""earfcn"":3050,""tac"":null,""rsrp"":-122,""rsrq"":-20,""rssi"":-91,""snr"":null,""ta"":0,""level"":0,""bands"":""7""}]",1004.5587,15,0.459,0.459,3,7,,,,"[{""b"":""dc:8e:8d:bf:e7:b6"",""s"":""DLive5G_E7B7"",""r"":-51,""f"":5220},{""b"":""58:86:94:5b:74:de"",""s"":""Trees"",""r"":-86,""f"":2437},{""b"":""dc:8e:8d:bf:e7:48"",""s"":""DLive5G_E749"",""r"":-91,""f"":5220}]",""
1790512791952,2026-09-27 21:39:51,car,37.5465695,127.0682161,7.101,0.018230038,,49.84897341376232,fused,1,LTE,NR_NSA,5G,true,false,true,false,false,52543750,273,2600,5,8282,450,06,-92,-9,-67,9,3,0,,,,2125,68333,0.0170,0.5467,2086,68293,0.0167,0.5463,false,7,0,7,-97,273,100,8.815997E-35,false,false,periodic,61,0,2,1,1129,,,,"[{""type"":""LTE"",""pci"":273,""earfcn"":100,""tac"":null,""rsrp"":-97,""rsrq"":-8,""rssi"":-81,""snr"":null,""ta"":0,""level"":2,""bands"":""1""},{""type"":""LTE"",""pci"":421,""earfcn"":2600,""tac"":null,""rsrp"":-100,""rsrq"":-19,""rssi"":-71,""snr"":null,""ta"":0,""level"":2,""bands"":""5""},{""type"":""LTE"",""pci"":418,""earfcn"":2600,""tac"":null,""rsrp"":-102,""rsrq"":-19,""rssi"":-75,""snr"":null,""ta"":0,""level"":2,""bands"":""5""},{""type"":""LTE"",""pci"":273,""earfcn"":3050,""tac"":null,""rsrp"":-108,""rsrq"":-9,""rssi"":-89,""snr"":null,""ta"":0,""level"":1,""bands"":""7""},{""type"":""LTE"",""pci"":421,""earfcn"":100,""tac"":null,""rsrp"":-116,""rsrq"":-20,""rssi"":-81,""snr"":null,""ta"":0,""level"":0,""bands"":""1""},{""type"":""LTE"",""pci"":272,""earfcn"":3050,""tac"":null,""rsrp"":-117,""rsrq"":-18,""rssi"":-89,""snr"":null,""ta"":0,""level"":0,""bands"":""7""},{""type"":""LTE"",""pci"":418,""earfcn"":3050,""tac"":null,""rsrp"":-118,""rsrq"":-20,""rssi"":-89,""snr"":null,""ta"":0,""level"":0,""bands"":""7""}]",1004.5613,33,0.459,0.459,4,3,,,,"[{""b"":""dc:8e:8d:bf:e7:b6"",""s"":""DLive5G_E7B7"",""r"":-55,""f"":5220},{""b"":""dc:8e:8d:bf:e6:93"",""s"":""DLive_E68E"",""r"":-55,""f"":2462},{""b"":""1e:39:29:f9:f9:7d"",""s"":""[LG_CeilingCassette A\/C]f97d"",""r"":-76,""f"":2462},{""b"":""dc:8e:8d:bf:e7:48"",""s"":""DLive5G_E749"",""r"":-92,""f"":5220}]",""
1790512796964,2026-09-27 21:39:56,car,37.5465695,127.0682161,7.101,0.018230038,,49.84897341376232,fused,6,LTE,NR_NSA,5G,true,false,true,false,false,52543750,273,2600,5,8282,450,06,-95,-9,-67,12,3,0,,,,2430,65698,0.0194,0.5256,2410,65678,0.0193,0.5254,false,8,0,8,-95,273,100,4.221354E-38,false,false,periodic,66,0,-3,3,1139,,,,"[{""type"":""LTE"",""pci"":273,""earfcn"":100,""tac"":null,""rsrp"":-95,""rsrq"":-7,""rssi"":-79,""snr"":null,""ta"":0,""level"":3,""bands"":""1""},{""type"":""LTE"",""pci"":272,""earfcn"":2600,""tac"":null,""rsrp"":-99,""rsrq"":-18,""rssi"":-71,""snr"":null,""ta"":0,""level"":2,""bands"":""5""},{""type"":""LTE"",""pci"":421,""earfcn"":2600,""tac"":null,""rsrp"":-101,""rsrq"":-19,""rssi"":-73,""snr"":null,""ta"":0,""level"":2,""bands"":""5""},{""type"":""LTE"",""pci"":418,""earfcn"":2600,""tac"":null,""rsrp"":-102,""rsrq"":-18,""rssi"":-71,""snr"":null,""ta"":0,""level"":2,""bands"":""5""},{""type"":""LTE"",""pci"":273,""earfcn"":3050,""tac"":null,""rsrp"":-111,""rsrq"":-12,""rssi"":-89,""snr"":null,""ta"":0,""level"":1,""bands"":""7""},{""type"":""LTE"",""pci"":421,""earfcn"":100,""tac"":null,""rsrp"":-115,""rsrq"":-20,""rssi"":-79,""snr"":null,""ta"":0,""level"":1,""bands"":""1""},{""type"":""LTE"",""pci"":272,""earfcn"":3050,""tac"":null,""rsrp"":-119,""rsrq"":-19,""rssi"":-89,""snr"":null,""ta"":0,""level"":0,""bands"":""7""},{""type"":""LTE"",""pci"":418,""earfcn"":3050,""tac"":null,""rsrp"":-121,""rsrq"":-20,""rssi"":-89,""snr"":null,""ta"":0,""level"":0,""bands"":""7""}]",1004.5676,36,0.524,0.524,4,8,,,,"[{""b"":""dc:8e:8d:bf:e7:b6"",""s"":""DLive5G_E7B7"",""r"":-55,""f"":5220},{""b"":""dc:8e:8d:bf:e6:93"",""s"":""DLive_E68E"",""r"":-55,""f"":2462},{""b"":""1e:39:29:f9:f9:7d"",""s"":""[LG_CeilingCassette A\/C]f97d"",""r"":-76,""f"":2462},{""b"":""dc:8e:8d:bf:e7:48"",""s"":""DLive5G_E749"",""r"":-92,""f"":5220}]",""
1790512801975,2026-09-27 21:40:01,car,37.5465669,127.0682173,6.513,0.021607742,,49.801947909694775,fused,1,LTE,NR_NSA,5G,true,false,true,false,false,52543750,273,2600,5,8282,450,06,-90,-11,-59,8,3,0,,,,1976,64689,0.0158,0.5175,1956,64669,0.0156,0.5174,false,8,0,8,-93,273,100,6.1135283,false,false,periodic,71,0,5,-4,256,,,,"[{""type"":""LTE"",""pci"":273,""earfcn"":100,""tac"":null,""rsrp"":-93,""rsrq"":-9,""rssi"":-75,""snr"":null,""ta"":0,""level"":3,""bands"":""1""},{""type"":""LTE"",""pci"":421,""earfcn"":2600,""tac"":null,""rsrp"":-96,""rsrq"":-16,""rssi"":-69,""snr"":null,""ta"":0,""level"":2,""bands"":""5""},{""type"":""LTE"",""pci"":418,""earfcn"":2600,""tac"":null,""rsrp"":-99,""rsrq"":-19,""rssi"":-71,""snr"":null,""ta"":0,""level"":2,""bands"":""5""},{""type"":""LTE"",""pci"":272,""earfcn"":2600,""tac"":null,""rsrp"":-99,""rsrq"":-19,""rssi"":-71,""snr"":null,""ta"":0,""level"":2,""bands"":""5""},{""type"":""LTE"",""pci"":273,""earfcn"":3050,""tac"":null,""rsrp"":-102,""rsrq"":-10,""rssi"":-83,""snr"":null,""ta"":0,""level"":2,""bands"":""7""},{""type"":""LTE"",""pci"":418,""earfcn"":3050,""tac"":null,""rsrp"":-113,""rsrq"":-19,""rssi"":-83,""snr"":null,""ta"":0,""level"":1,""bands"":""7""},{""type"":""LTE"",""pci"":421,""earfcn"":100,""tac"":null,""rsrp"":-113,""rsrq"":-18,""rssi"":-85,""snr"":null,""ta"":0,""level"":1,""bands"":""1""},{""type"":""LTE"",""pci"":272,""earfcn"":3050,""tac"":null,""rsrp"":-119,""rsrq"":-18,""rssi"":-91,""snr"":null,""ta"":0,""level"":0,""bands"":""7""}]",1004.57996,36,0.459,0.459,6,5,,,,"[{""b"":""dc:8e:8d:bf:e7:bc"",""s"":""DLive_E7B7"",""r"":-39,""f"":2412},{""b"":""dc:8e:8d:bf:e7:b6"",""s"":""DLive5G_E7B7"",""r"":-53,""f"":5220},{""b"":""dc:8e:8d:bf:e6:93"",""s"":""DLive_E68E"",""r"":-56,""f"":2462},{""b"":""ca:dd:6a:05:5c:1b"",""s"":""[LG_CeilingCassette A\/C]5c1b"",""r"":-69,""f"":2462},{""b"":""90:9f:33:a1:f3:26"",""s"":""iptime_mmmm"",""r"":-84,""f"":2447},{""b"":""dc:8e:8d:bf:e7:48"",""s"":""DLive5G_E749"",""r"":-91,""f"":5220}]",""
1790512806987,2026-09-27 21:40:06,car,37.5465666,127.0682193,6.323,0.022077927,,50.599998474121094,fused,0,LTE,NR_NSA,5G,true,false,true,false,false,52543750,273,2600,5,8282,450,06,-90,-11,-59,8,3,0,,,,12225,66734,0.0978,0.5339,12205,66714,0.0976,0.5337,false,8,0,8,-93,273,100,17.427837,false,false,periodic,76,0,0,0,5269,,,,"[{""type"":""LTE"",""pci"":273,""earfcn"":100,""tac"":null,""rsrp"":-93,""rsrq"":-9,""rssi"":-75,""snr"":null,""ta"":0,""level"":3,""bands"":""1""},{""type"":""LTE"",""pci"":421,""earfcn"":2600,""tac"":null,""rsrp"":-96,""rsrq"":-16,""rssi"":-69,""snr"":null,""ta"":0,""level"":2,""bands"":""5""},{""type"":""LTE"",""pci"":418,""earfcn"":2600,""tac"":null,""rsrp"":-99,""rsrq"":-19,""rssi"":-71,""snr"":null,""ta"":0,""level"":2,""bands"":""5""},{""type"":""LTE"",""pci"":272,""earfcn"":2600,""tac"":null,""rsrp"":-99,""rsrq"":-19,""rssi"":-71,""snr"":null,""ta"":0,""level"":2,""bands"":""5""},{""type"":""LTE"",""pci"":273,""earfcn"":3050,""tac"":null,""rsrp"":-102,""rsrq"":-10,""rssi"":-83,""snr"":null,""ta"":0,""level"":2,""bands"":""7""},{""type"":""LTE"",""pci"":418,""earfcn"":3050,""tac"":null,""rsrp"":-113,""rsrq"":-19,""rssi"":-83,""snr"":null,""ta"":0,""level"":1,""bands"":""7""},{""type"":""LTE"",""pci"":421,""earfcn"":100,""tac"":null,""rsrp"":-113,""rsrq"":-18,""rssi"":-85,""snr"":null,""ta"":0,""level"":1,""bands"":""1""},{""type"":""LTE"",""pci"":272,""earfcn"":3050,""tac"":null,""rsrp"":-119,""rsrq"":-18,""rssi"":-91,""snr"":null,""ta"":0,""level"":0,""bands"":""7""}]",1004.6439,28,0.459,0.459,7,4,,,,"[{""b"":""dc:8e:8d:bf:e7:bc"",""s"":""DLive_E7B7"",""r"":-39,""f"":2412},{""b"":""dc:8e:8d:bf:e7:b6"",""s"":""DLive5G_E7B7"",""r"":-45,""f"":5220},{""b"":""dc:8e:8d:bf:e6:93"",""s"":""DLive_E68E"",""r"":-61,""f"":2462},{""b"":""ca:dd:6a:05:5c:1b"",""s"":""[LG_CeilingCassette A\/C]5c1b"",""r"":-62,""f"":2462},{""b"":""dc:8e:8d:bf:e7:4e"",""s"":""DLive_E749"",""r"":-70,""f"":2412},{""b"":""dc:8e:8d:bf:e7:48"",""s"":""DLive5G_E749"",""r"":-90,""f"":5220},{""b"":""dc:8e:8d:bf:e7:11"",""s"":""DLive5G_E712"",""r"":-92,""f"":5220}]",""
1790512812002,2026-09-27 21:40:12,car,37.5465695,127.0682229,6.398,0.12931691,89.976585,50.20000076293945,fused,0,LTE,NR_NSA,5G,true,false,true,false,false,52543750,273,2600,5,8282,450,06,-91,-10,-63,6,3,0,,,,4498,68988,0.0360,0.5519,4458,68948,0.0357,0.5516,false,7,0,7,-82,273,100,0.12931691,false,false,periodic,81,0,-1,-2,5003,,,,"[{""type"":""LTE"",""pci"":273,""earfcn"":100,""tac"":null,""rsrp"":-82,""rsrq"":-9,""rssi"":-63,""snr"":null,""ta"":0,""level"":4,""bands"":""1""},{""type"":""LTE"",""pci"":273,""earfcn"":3050,""tac"":null,""rsrp"":-92,""rsrq"":-12,""rssi"":-69,""snr"":null,""ta"":0,""level"":3,""bands"":""7""},{""type"":""LTE"",""pci"":421,""earfcn"":100,""tac"":null,""rsrp"":-94,""rsrq"":-17,""rssi"":-67,""snr"":null,""ta"":0,""level"":3,""bands"":""1""},{""type"":""LTE"",""pci"":418,""earfcn"":2600,""tac"":null,""rsrp"":-95,""rsrq"":-19,""rssi"":-67,""snr"":null,""ta"":0,""level"":3,""bands"":""5""},{""type"":""LTE"",""pci"":421,""earfcn"":2600,""tac"":null,""rsrp"":-98,""rsrq"":-17,""rssi"":-71,""snr"":null,""ta"":0,""level"":2,""bands"":""5""},{""type"":""LTE"",""pci"":418,""earfcn"":3050,""tac"":null,""rsrp"":-107,""rsrq"":-20,""rssi"":-75,""snr"":null,""ta"":0,""level"":1,""bands"":""7""},{""type"":""LTE"",""pci"":272,""earfcn"":3050,""tac"":null,""rsrp"":-108,""rsrq"":-20,""rssi"":-77,""snr"":null,""ta"":0,""level"":1,""bands"":""7""}]",1004.30304,22,0.524,0.524,5,3,,,,"[{""b"":""dc:8e:8d:bf:e7:bc"",""s"":""DLive_E7B7"",""r"":-31,""f"":2412},{""b"":""dc:8e:8d:bf:e7:b6"",""s"":""DLive5G_E7B7"",""r"":-44,""f"":5220},{""b"":""dc:8e:8d:bf:e7:17"",""s"":""DLive_E712"",""r"":-68,""f"":2462},{""b"":""1e:39:29:f9:f9:45"",""s"":""[LG_CeilingCassette A\/C]f945"",""r"":-68,""f"":2462},{""b"":""dc:8e:8d:bf:e7:48"",""s"":""DLive5G_E749"",""r"":-88,""f"":5220}]",""
1790512817013,2026-09-27 21:40:17,car,37.5465694,127.0682252,6.603,0.12375489,266.62265,49.129571468300284,fused,1,LTE,NR_NSA,5G,true,false,true,false,false,52543750,273,2600,5,8282,450,06,-89,-8,-63,3,3,0,,,,2282,63654,0.0183,0.5092,2262,63634,0.0181,0.5091,false,6,0,6,-87,273,100,0.12375489,false,false,periodic,86,0,2,-3,5000,,,,"[{""type"":""LTE"",""pci"":273,""earfcn"":100,""tac"":null,""rsrp"":-87,""rsrq"":-6,""rssi"":-71,""snr"":null,""ta"":0,""level"":3,""bands"":""1""},{""type"":""LTE"",""pci"":421,""earfcn"":2600,""tac"":null,""rsrp"":-94,""rsrq"":-16,""rssi"":-71,""snr"":null,""ta"":0,""level"":3,""bands"":""5""},{""type"":""LTE"",""pci"":273,""earfcn"":3050,""tac"":null,""rsrp"":-95,""rsrq"":-8,""rssi"":-77,""snr"":null,""ta"":0,""level"":3,""bands"":""7""},{""type"":""LTE"",""pci"":418,""earfcn"":2600,""tac"":null,""rsrp"":-100,""rsrq"":-20,""rssi"":-71,""snr"":null,""ta"":0,""level"":2,""bands"":""5""},{""type"":""LTE"",""pci"":421,""earfcn"":100,""tac"":null,""rsrp"":-102,""rsrq"":-20,""rssi"":-65,""snr"":null,""ta"":0,""level"":2,""bands"":""1""},{""type"":""LTE"",""pci"":418,""earfcn"":3050,""tac"":null,""rsrp"":-107,""rsrq"":-20,""rssi"":-79,""snr"":null,""ta"":0,""level"":1,""bands"":""7""}]",1004.6692,26,0.524,0.459,5,2,,,,"[{""b"":""dc:8e:8d:bf:e7:bc"",""s"":""DLive_E7B7"",""r"":-34,""f"":2412},{""b"":""dc:8e:8d:bf:e7:b6"",""s"":""DLive5G_E7B7"",""r"":-45,""f"":5220},{""b"":""1e:39:29:f9:f9:7d"",""s"":""[LG_CeilingCassette A\/C]f97d"",""r"":-73,""f"":2462},{""b"":""70:5d:cc:e0:14:2e"",""s"":""402"",""r"":-83,""f"":2452},{""b"":""80:ca:4b:d9:e0:1b"",""s"":""U+NetE018_5G"",""r"":-90,""f"":5805}]",""
1790512822025,2026-09-27 21:40:22,car,37.5465723,127.0682276,6.609,0.12216544,245.81985,48.944185507846726,fused,2,LTE,NR_NSA,5G,true,false,true,false,false,52543750,273,2600,5,8282,450,06,-90,-9,-65,4,3,0,,,,2188,65401,0.0175,0.5232,2168,65381,0.0173,0.5230,false,8,0,8,-82,273,100,0.12216544,false,false,periodic,91,0,-1,1,2826,,,,"[{""type"":""LTE"",""pci"":273,""earfcn"":100,""tac"":null,""rsrp"":-82,""rsrq"":-11,""rssi"":-59,""snr"":null,""ta"":0,""level"":4,""bands"":""1""},{""type"":""LTE"",""pci"":418,""earfcn"":100,""tac"":null,""rsrp"":-88,""rsrq"":-18,""rssi"":-59,""snr"":null,""ta"":0,""level"":3,""bands"":""1""},{""type"":""LTE"",""pci"":421,""earfcn"":2600,""tac"":null,""rsrp"":-92,""rsrq"":-15,""rssi"":-67,""snr"":null,""ta"":0,""level"":3,""bands"":""5""},{""type"":""LTE"",""pci"":272,""earfcn"":2600,""tac"":null,""rsrp"":-95,""rsrq"":-20,""rssi"":-65,""snr"":null,""ta"":0,""level"":3,""bands"":""5""},{""type"":""LTE"",""pci"":273,""earfcn"":3050,""tac"":null,""rsrp"":-99,""rsrq"":-12,""rssi"":-77,""snr"":null,""ta"":0,""level"":2,""bands"":""7""},{""type"":""LTE"",""pci"":418,""earfcn"":2600,""tac"":null,""rsrp"":-101,""rsrq"":-20,""rssi"":-69,""snr"":null,""ta"":0,""level"":2,""bands"":""5""},{""type"":""LTE"",""pci"":421,""earfcn"":100,""tac"":null,""rsrp"":-102,""rsrq"":-20,""rssi"":-65,""snr"":null,""ta"":0,""level"":2,""bands"":""1""},{""type"":""LTE"",""pci"":418,""earfcn"":3050,""tac"":null,""rsrp"":-111,""rsrq"":-20,""rssi"":-79,""snr"":null,""ta"":0,""level"":1,""bands"":""7""}]",1004.6709,11,0.459,0.459,7,4,,,,"[{""b"":""dc:8e:8d:bf:e7:bc"",""s"":""DLive_E7B7"",""r"":-31,""f"":2412},{""b"":""dc:8e:8d:bf:e7:b6"",""s"":""DLive5G_E7B7"",""r"":-47,""f"":5220},{""b"":""ca:dd:6a:05:5c:1b"",""s"":""[LG_CeilingCassette A\/C]5c1b"",""r"":-51,""f"":2462},{""b"":""1e:39:29:f9:f9:7d"",""s"":""[LG_CeilingCassette A\/C]f97d"",""r"":-67,""f"":2462},{""b"":""1e:39:29:f9:f9:45"",""s"":""[LG_CeilingCassette A\/C]f945"",""r"":-67,""f"":2462},{""b"":""90:9f:33:a1:f3:26"",""s"":""iptime_mmmm"",""r"":-83,""f"":2447},{""b"":""dc:8e:8d:bf:e7:11"",""s"":""DLive5G_E712"",""r"":-92,""f"":5220}]",""
1790512827035,2026-09-27 21:40:27,car,37.5465745,127.0682317,6.416,0.05770774,,48.83658580409258,fused,0,LTE,NR_NSA,5G,true,false,true,false,false,52543750,273,2600,5,8282,450,06,-88,-10,-57,8,3,0,,,,1249675,70434,9.9974,0.5635,1249655,70414,9.9972,0.5633,false,6,0,6,-87,273,100,0.0013095617,false,false,periodic,96,0,2,4,2844,,,,"[{""type"":""LTE"",""pci"":273,""earfcn"":100,""tac"":null,""rsrp"":-87,""rsrq"":-10,""rssi"":-69,""snr"":null,""ta"":0,""level"":3,""bands"":""1""},{""type"":""LTE"",""pci"":418,""earfcn"":100,""tac"":null,""rsrp"":-96,""rsrq"":-20,""rssi"":-65,""snr"":null,""ta"":0,""level"":2,""bands"":""1""},{""type"":""LTE"",""pci"":273,""earfcn"":3050,""tac"":null,""rsrp"":-99,""rsrq"":-9,""rssi"":-81,""snr"":null,""ta"":0,""level"":2,""bands"":""7""},{""type"":""LTE"",""pci"":421,""earfcn"":2600,""tac"":null,""rsrp"":-102,""rsrq"":-20,""rssi"":-71,""snr"":null,""ta"":0,""level"":2,""bands"":""5""},{""type"":""LTE"",""pci"":421,""earfcn"":100,""tac"":null,""rsrp"":-102,""rsrq"":-20,""rssi"":-65,""snr"":null,""ta"":0,""level"":2,""bands"":""1""},{""type"":""LTE"",""pci"":418,""earfcn"":3050,""tac"":null,""rsrp"":-108,""rsrq"":-17,""rssi"":-81,""snr"":null,""ta"":0,""level"":1,""bands"":""7""}]",1004.67365,38,0.459,0.459,7,1,,,,"[{""b"":""dc:8e:8d:bf:e7:bc"",""s"":""DLive_E7B7"",""r"":-33,""f"":2412},{""b"":""dc:8e:8d:bf:e7:b6"",""s"":""DLive5G_E7B7"",""r"":-39,""f"":5220},{""b"":""dc:8e:8d:bf:e6:93"",""s"":""DLive_E68E"",""r"":-65,""f"":2462},{""b"":""70:5d:cc:e0:14:44"",""s"":""Sehuntory"",""r"":-83,""f"":2417},{""b"":""8a:ca:4b:d9:e0:1b"",""s"":"""",""r"":-88,""f"":5805},{""b"":""80:ca:4b:d9:e0:1b"",""s"":""U+NetE018_5G"",""r"":-89,""f"":5805},{""b"":""dc:8e:8d:bf:e7:48"",""s"":""DLive5G_E749"",""r"":-90,""f"":5220}]",""
1790512832054,2026-09-27 21:40:32,car,37.5465766,127.068228,6.221,0.009577058,,48.80419304879548,fused,1,LTE,NR_NSA,5G,true,false,true,false,false,52543750,273,2600,5,8282,450,06,-90,-11,-61,8,3,0,,,,600871,67985,4.8070,0.5439,600831,67946,4.8066,0.5436,false,6,0,6,-86,273,100,1.8403962,false,false,periodic,101,0,-2,0,1835,,,,"[{""type"":""LTE"",""pci"":273,""earfcn"":100,""tac"":null,""rsrp"":-86,""rsrq"":-9,""rssi"":-65,""snr"":null,""ta"":0,""level"":3,""bands"":""1""},{""type"":""LTE"",""pci"":421,""earfcn"":2600,""tac"":null,""rsrp"":-93,""rsrq"":-19,""rssi"":-65,""snr"":null,""ta"":0,""level"":3,""bands"":""5""},{""type"":""LTE"",""pci"":421,""earfcn"":100,""tac"":null,""rsrp"":-93,""rsrq"":-16,""rssi"":-65,""snr"":null,""ta"":0,""level"":3,""bands"":""1""},{""type"":""LTE"",""pci"":418,""earfcn"":100,""tac"":null,""rsrp"":-96,""rsrq"":-20,""rssi"":-65,""snr"":null,""ta"":0,""level"":2,""bands"":""1""},{""type"":""LTE"",""pci"":273,""earfcn"":3050,""tac"":null,""rsrp"":-98,""rsrq"":-10,""rssi"":-69,""snr"":null,""ta"":0,""level"":2,""bands"":""7""},{""type"":""LTE"",""pci"":418,""earfcn"":3050,""tac"":null,""rsrp"":-105,""rsrq"":-17,""rssi"":-77,""snr"":null,""ta"":0,""level"":2,""bands"":""7""}]",1004.6501,17,0.459,0.524,7,6,,,,"[{""b"":""dc:8e:8d:bf:e7:bc"",""s"":""DLive_E7B7"",""r"":-33,""f"":2412},{""b"":""dc:8e:8d:bf:e7:b6"",""s"":""DLive5G_E7B7"",""r"":-39,""f"":5220},{""b"":""dc:8e:8d:bf:e6:93"",""s"":""DLive_E68E"",""r"":-65,""f"":2462},{""b"":""70:5d:cc:e0:14:44"",""s"":""Sehuntory"",""r"":-83,""f"":2417},{""b"":""8a:ca:4b:d9:e0:1b"",""s"":"""",""r"":-88,""f"":5805},{""b"":""80:ca:4b:d9:e0:1b"",""s"":""U+NetE018_5G"",""r"":-89,""f"":5805},{""b"":""dc:8e:8d:bf:e7:48"",""s"":""DLive5G_E749"",""r"":-90,""f"":5220}]",""
1790512837063,2026-09-27 21:40:37,car,37.5465772,127.0682276,6.275,0.071776204,,48.79687857255034,fused,4,LTE,NR_NSA,5G,true,false,true,false,false,52543750,273,2600,5,8282,450,06,-88,-12,-59,5,3,0,,,,2150,63756,0.0172,0.5100,2130,63736,0.0170,0.5099,false,6,0,6,-87,273,100,0.31791157,false,false,periodic,106,0,2,-3,1193,,,,"[{""type"":""LTE"",""pci"":273,""earfcn"":100,""tac"":null,""rsrp"":-87,""rsrq"":-9,""rssi"":-67,""snr"":null,""ta"":0,""level"":3,""bands"":""1""},{""type"":""LTE"",""pci"":421,""earfcn"":100,""tac"":null,""rsrp"":-94,""rsrq"":-19,""rssi"":-65,""snr"":null,""ta"":0,""level"":3,""bands"":""1""},{""type"":""LTE"",""pci"":421,""earfcn"":2600,""tac"":null,""rsrp"":-95,""rsrq"":-18,""rssi"":-69,""snr"":null,""ta"":0,""level"":3,""bands"":""5""},{""type"":""LTE"",""pci"":273,""earfcn"":3050,""tac"":null,""rsrp"":-95,""rsrq"":-9,""rssi"":-77,""snr"":null,""ta"":0,""level"":3,""bands"":""7""},{""type"":""LTE"",""pci"":272,""earfcn"":100,""tac"":null,""rsrp"":-97,""rsrq"":-20,""rssi"":-65,""snr"":null,""ta"":0,""level"":2,""bands"":""1""},{""type"":""LTE"",""pci"":418,""earfcn"":3050,""tac"":null,""rsrp"":-109,""rsrq"":-16,""rssi"":-77,""snr"":null,""ta"":0,""level"":1,""bands"":""7""}]",1004.6437,18,0.524,0.459,7,6,,,,"[{""b"":""dc:8e:8d:bf:e7:b6"",""s"":""DLive5G_E7B7"",""r"":-41,""f"":5220},{""b"":""72:7f:f0:63:d5:4c"",""s"":"""",""r"":-79,""f"":2457},{""b"":""b0:38:6c:2d:13:02"",""s"":""205호"",""r"":-81,""f"":2417},{""b"":""8a:ca:4b:d9:e0:1b"",""s"":"""",""r"":-88,""f"":5805},{""b"":""80:ca:4b:d9:e0:1b"",""s"":""U+NetE018_5G"",""r"":-89,""f"":5805},{""b"":""dc:8e:8d:bf:e7:11"",""s"":""DLive5G_E712"",""r"":-93,""f"":5220},{""b"":""dc:8e:8d:bf:e7:48"",""s"":""DLive5G_E749"",""r"":-93,""f"":5220}]",""
1790512842075,2026-09-27 21:40:42,car,37.5465802,127.0682332,6.559,0.018011237,,49.34052921134172,fused,3,LTE,NR_NSA,5G,true,false,true,false,false,52543750,273,2600,5,8282,450,06,-86,-9,-61,7,3,0,,,,1903,65323,0.0152,0.5226,1883,65303,0.0151,0.5224,false,6,0,6,-87,273,100,0.036703117,false,false,periodic,111,0,2,2,463,,,,"[{""type"":""LTE"",""pci"":273,""earfcn"":100,""tac"":null,""rsrp"":-87,""rsrq"":-9,""rssi"":-69,""snr"":null,""ta"":0,""level"":3,""bands"":""1""},{""type"":""LTE"",""pci"":273,""earfcn"":3050,""tac"":null,""rsrp"":-97,""rsrq"":-9,""rssi"":-79,""snr"":null,""ta"":0,""level"":2,""bands"":""7""},{""type"":""LTE"",""pci"":421,""earfcn"":100,""tac"":null,""rsrp"":-98,""rsrq"":-20,""rssi"":-69,""snr"":null,""ta"":0,""level"":2,""bands"":""1""},{""type"":""LTE"",""pci"":272,""earfcn"":100,""tac"":null,""rsrp"":-102,""rsrq"":-20,""rssi"":-69,""snr"":null,""ta"":0,""level"":2,""bands"":""1""},{""type"":""LTE"",""pci"":421,""earfcn"":2600,""tac"":null,""rsrp"":-109,""rsrq"":-20,""rssi"":-69,""snr"":null,""ta"":0,""level"":1,""bands"":""5""},{""type"":""LTE"",""pci"":418,""earfcn"":3050,""tac"":null,""rsrp"":-110,""rsrq"":-18,""rssi"":-79,""snr"":null,""ta"":0,""level"":1,""bands"":""7""}]",1004.64734,20,0.459,0.524,10,5,,,,"[{""b"":""dc:8e:8d:bf:e7:bc"",""s"":""DLive_E7B7"",""r"":-33,""f"":2412},{""b"":""dc:8e:8d:bf:e7:b6"",""s"":""DLive5G_E7B7"",""r"":-36,""f"":5220},{""b"":""ca:dd:6a:05:5c:1b"",""s"":""[LG_CeilingCassette A\/C]5c1b"",""r"":-55,""f"":2462},{""b"":""1e:39:29:f9:f9:7d"",""s"":""[LG_CeilingCassette A\/C]f97d"",""r"":-68,""f"":2462},{""b"":""dc:8e:8d:bf:e7:17"",""s"":""DLive_E712"",""r"":-71,""f"":2462},{""b"":""ca:dd:6a:04:d3:bd"",""s"":""[LG_CeilingCassette A\/C]d3bd"",""r"":-84,""f"":2462},{""b"":""dc:8e:8d:bf:e7:48"",""s"":""DLive5G_E749"",""r"":-84,""f"":5220},{""b"":""8a:ca:4b:d9:e0:1b"",""s"":"""",""r"":-88,""f"":5805},{""b"":""80:ca:4b:d9:e0:1b"",""s"":""U+NetE018_5G"",""r"":-90,""f"":5805},{""b"":""dc:8e:8d:bf:e7:11"",""s"":""DLive5G_E712"",""r"":-93,""f"":5220}]",""
1790512847092,2026-09-27 21:40:47,car,37.5465822,127.0682339,6.102,0.07945835,,49.446068975351835,fused,3,LTE,NR_NSA,5G,true,false,true,false,false,52543750,273,2600,5,8282,450,06,-86,-9,-61,7,3,0,,,,6323,69151,0.0506,0.5532,6303,69131,0.0504,0.5530,false,6,0,6,-87,273,100,0.03359932,false,false,periodic,116,0,0,0,5479,,,,"[{""type"":""LTE"",""pci"":273,""earfcn"":100,""tac"":null,""rsrp"":-87,""rsrq"":-9,""rssi"":-69,""snr"":null,""ta"":0,""level"":3,""bands"":""1""},{""type"":""LTE"",""pci"":273,""earfcn"":3050,""tac"":null,""rsrp"":-97,""rsrq"":-9,""rssi"":-79,""snr"":null,""ta"":0,""level"":2,""bands"":""7""},{""type"":""LTE"",""pci"":421,""earfcn"":100,""tac"":null,""rsrp"":-98,""rsrq"":-20,""rssi"":-69,""snr"":null,""ta"":0,""level"":2,""bands"":""1""},{""type"":""LTE"",""pci"":272,""earfcn"":100,""tac"":null,""rsrp"":-102,""rsrq"":-20,""rssi"":-69,""snr"":null,""ta"":0,""level"":2,""bands"":""1""},{""type"":""LTE"",""pci"":421,""earfcn"":2600,""tac"":null,""rsrp"":-109,""rsrq"":-20,""rssi"":-69,""snr"":null,""ta"":0,""level"":1,""bands"":""5""},{""type"":""LTE"",""pci"":418,""earfcn"":3050,""tac"":null,""rsrp"":-110,""rsrq"":-18,""rssi"":-79,""snr"":null,""ta"":0,""level"":1,""bands"":""7""}]",1004.6482,14,0.459,0.459,6,4,,,,"[{""b"":""dc:8e:8d:bf:e7:bc"",""s"":""DLive_E7B7"",""r"":-32,""f"":2412},{""b"":""dc:8e:8d:bf:e7:b6"",""s"":""DLive5G_E7B7"",""r"":-34,""f"":5220},{""b"":""72:7f:f0:63:d5:4b"",""s"":""TP-Link_D548"",""r"":-79,""f"":2457},{""b"":""70:5d:cc:e0:2c:b8"",""s"":""203"",""r"":-81,""f"":2452},{""b"":""dc:8e:8d:bf:e7:48"",""s"":""DLive5G_E749"",""r"":-86,""f"":5220},{""b"":""dc:8e:8d:bf:e7:11"",""s"":""DLive5G_E712"",""r"":-94,""f"":5220}]",""
1790512852109,2026-09-27 21:40:52,car,37.5465832,127.0682365,5.953,0.07984511,,49.320647951897314,fused,0,LTE,NR_NSA,5G,true,false,true,false,false,52543750,273,2600,5,8282,450,06,-90,-9,-65,7,3,0,,,,13827,67596,0.1106,0.5408,13807,67576,0.1105,0.5406,false,8,0,8,-85,273,100,0.36082575,false,false,periodic,121,0,-4,0,4999,,,,"[{""type"":""LTE"",""pci"":273,""earfcn"":100,""tac"":null,""rsrp"":-85,""rsrq"":-9,""rssi"":-67,""snr"":null,""ta"":0,""level"":4,""bands"":""1""},{""type"":""LTE"",""pci"":421,""earfcn"":2600,""tac"":null,""rsrp"":-94,""rsrq"":-14,""rssi"":-69,""snr"":null,""ta"":0,""level"":3,""bands"":""5""},{""type"":""LTE"",""pci"":273,""earfcn"":3050,""tac"":null,""rsrp"":-94,""rsrq"":-10,""rssi"":-73,""snr"":null,""ta"":0,""level"":3,""bands"":""7""},{""type"":""LTE"",""pci"":421,""earfcn"":100,""tac"":null,""rsrp"":-98,""rsrq"":-20,""rssi"":-67,""snr"":null,""ta"":0,""level"":2,""bands"":""1""},{""type"":""LTE"",""pci"":272,""earfcn"":2600,""tac"":null,""rsrp"":-99,""rsrq"":-19,""rssi"":-69,""snr"":null,""ta"":0,""level"":2,""bands"":""5""},{""type"":""LTE"",""pci"":418,""earfcn"":3050,""tac"":null,""rsrp"":-107,""rsrq"":-16,""rssi"":-81,""snr"":null,""ta"":0,""level"":1,""bands"":""7""},{""type"":""LTE"",""pci"":272,""earfcn"":3050,""tac"":null,""rsrp"":-108,""rsrq"":-20,""rssi"":-77,""snr"":null,""ta"":0,""level"":1,""bands"":""7""},{""type"":""LTE"",""pci"":272,""earfcn"":100,""tac"":null,""rsrp"":-109,""rsrq"":-20,""rssi"":-73,""snr"":null,""ta"":0,""level"":1,""bands"":""1""}]",1004.6412,9,0.524,0.459,7,4,,,,"[{""b"":""dc:8e:8d:bf:e7:bc"",""s"":""DLive_E7B7"",""r"":-34,""f"":2412},{""b"":""dc:8e:8d:bf:e7:b6"",""s"":""DLive5G_E7B7"",""r"":-38,""f"":5220},{""b"":""ca:dd:6a:05:5c:1b"",""s"":""[LG_CeilingCassette A\/C]5c1b"",""r"":-53,""f"":2462},{""b"":""dc:8e:8d:bf:e6:93"",""s"":""DLive_E68E"",""r"":-63,""f"":2462},{""b"":""1e:39:29:f9:f9:45"",""s"":""[LG_CeilingCassette A\/C]f945"",""r"":-67,""f"":2462},{""b"":""1e:39:29:f9:f9:7d"",""s"":""[LG_CeilingCassette A\/C]f97d"",""r"":-74,""f"":2462},{""b"":""dc:8e:8d:bf:e7:48"",""s"":""DLive5G_E749"",""r"":-92,""f"":5220}]",""
1790512857121,2026-09-27 21:40:57,car,37.5465836,127.0682366,6.002,0.08056027,,49.26117309401485,fused,2,LTE,NR_NSA,5G,true,false,true,false,false,52543750,273,2600,5,8282,450,06,-88,-8,-63,6,3,0,,,,1323903,83725,10.5912,0.6698,1329020,83685,10.6322,0.6695,false,5,0,5,-86,273,100,0.025593406,false,false,periodic,126,0,2,-1,5003,,,,"[{""type"":""LTE"",""pci"":273,""earfcn"":100,""tac"":null,""rsrp"":-86,""rsrq"":-11,""rssi"":-65,""snr"":null,""ta"":0,""level"":3,""bands"":""1""},{""type"":""LTE"",""pci"":421,""earfcn"":2600,""tac"":null,""rsrp"":-94,""rsrq"":-17,""rssi"":-67,""snr"":null,""ta"":0,""level"":3,""bands"":""5""},{""type"":""LTE"",""pci"":421,""earfcn"":100,""tac"":null,""rsrp"":-94,""rsrq"":-19,""rssi"":-65,""snr"":null,""ta"":0,""level"":3,""bands"":""1""},{""type"":""LTE"",""pci"":273,""earfcn"":3050,""tac"":null,""rsrp"":-97,""rsrq"":-8,""rssi"":-81,""snr"":null,""ta"":0,""level"":2,""bands"":""7""},{""type"":""LTE"",""pci"":272,""earfcn"":3050,""tac"":null,""rsrp"":-114,""rsrq"":-20,""rssi"":-81,""snr"":null,""ta"":0,""level"":1,""bands"":""7""}]",1004.6654,18,0.459,0.459,10,3,,,,"[{""b"":""dc:8e:8d:bf:e7:bc"",""s"":""DLive_E7B7"",""r"":-32,""f"":2412},{""b"":""dc:8e:8d:bf:e7:b6"",""s"":""DLive5G_E7B7"",""r"":-35,""f"":5220},{""b"":""dc:8e:8d:bf:e6:93"",""s"":""DLive_E68E"",""r"":-66,""f"":2462},{""b"":""dc:8e:8d:bf:e7:17"",""s"":""DLive_E712"",""r"":-67,""f"":2462},{""b"":""1e:39:29:f9:f9:7d"",""s"":""[LG_CeilingCassette A\/C]f97d"",""r"":-69,""f"":2462},{""b"":""dc:8e:8d:bf:e7:4e"",""s"":""DLive_E749"",""r"":-72,""f"":2412},{""b"":""00:07:89:bc:8c:f4"",""s"":""KT_GiGA_2G_Wave2_8CF1"",""r"":-84,""f"":2417},{""b"":""b0:38:6c:08:f1:00"",""s"":""🍟_5G"",""r"":-87,""f"":5745},{""b"":""dc:8e:8d:bf:e7:11"",""s"":""DLive5G_E712"",""r"":-92,""f"":5220},{""b"":""76:7f:f0:63:d5:4d"",""s"":"""",""r"":-93,""f"":5180}]",""
1790512862135,2026-09-27 21:41:02,car,37.5465845,127.0682384,6.515,0.07847882,,49.15929179053782,fused,1,LTE,NR_NSA,5G,true,false,true,false,false,52543750,273,2600,5,8282,450,06,-87,-8,-61,6,3,0,,,,1383271,83193,11.0662,0.6655,1378075,83153,11.0246,0.6652,false,6,0,6,-90,273,100,0.38093773,false,false,periodic,131,0,1,0,5001,,,,"[{""type"":""LTE"",""pci"":273,""earfcn"":100,""tac"":null,""rsrp"":-90,""rsrq"":-9,""rssi"":-71,""snr"":null,""ta"":0,""level"":3,""bands"":""1""},{""type"":""LTE"",""pci"":421,""earfcn"":2600,""tac"":null,""rsrp"":-93,""rsrq"":-17,""rssi"":-65,""snr"":null,""ta"":0,""level"":3,""bands"":""5""},{""type"":""LTE"",""pci"":273,""earfcn"":3050,""tac"":null,""rsrp"":-99,""rsrq"":-8,""rssi"":-81,""snr"":null,""ta"":0,""level"":2,""bands"":""7""},{""type"":""LTE"",""pci"":421,""earfcn"":100,""tac"":null,""rsrp"":-102,""rsrq"":-20,""rssi"":-69,""snr"":null,""ta"":0,""level"":2,""bands"":""1""},{""type"":""LTE"",""pci"":272,""earfcn"":3050,""tac"":null,""rsrp"":-110,""rsrq"":-20,""rssi"":-81,""snr"":null,""ta"":0,""level"":1,""bands"":""7""},{""type"":""LTE"",""pci"":418,""earfcn"":3050,""tac"":null,""rsrp"":-117,""rsrq"":-20,""rssi"":-81,""snr"":null,""ta"":0,""level"":0,""bands"":""7""}]",1004.6785,11,0.459,0.524,6,3,,,,"[{""b"":""dc:8e:8d:bf:e7:bc"",""s"":""DLive_E7B7"",""r"":-33,""f"":2412},{""b"":""dc:8e:8d:bf:e7:b6"",""s"":""DLive5G_E7B7"",""r"":-38,""f"":5220},{""b"":""80:ca:4b:d9:e0:1b"",""s"":""U+NetE018_5G"",""r"":-88,""f"":5805},{""b"":""00:1d:ec:78:16:64"",""s"":""KT_IPTV_WiFi_5G_1664"",""r"":-90,""f"":5765},{""b"":""12:07:89:bc:8c:f5"",""s"":"""",""r"":-91,""f"":5805},{""b"":""dc:8e:8d:bf:e7:11"",""s"":""DLive5G_E712"",""r"":-92,""f"":5220}]",""
1790512867147,2026-09-27 21:41:07,car,37.5465858,127.0682392,6.396,0.07187315,,48.962382840561375,fused,0,LTE,NR_NSA,5G,true,false,true,false,false,52543750,273,2600,5,8282,450,06,-89,-9,-61,8,3,0,,,,9770,67959,0.0782,0.5437,9730,67919,0.0778,0.5434,false,6,0,6,-87,273,100,0.18979007,false,false,periodic,136,0,-2,2,5000,,,,"[{""type"":""LTE"",""pci"":273,""earfcn"":100,""tac"":null,""rsrp"":-87,""rsrq"":-7,""rssi"":-59,""snr"":null,""ta"":0,""level"":3,""bands"":""1""},{""type"":""LTE"",""pci"":273,""earfcn"":3050,""tac"":null,""rsrp"":-95,""rsrq"":-7,""rssi"":-69,""snr"":null,""ta"":0,""level"":3,""bands"":""7""},{""type"":""LTE"",""pci"":421,""earfcn"":2600,""tac"":null,""rsrp"":-96,""rsrq"":-18,""rssi"":-67,""snr"":null,""ta"":0,""level"":2,""bands"":""5""},{""type"":""LTE"",""pci"":421,""earfcn"":100,""tac"":null,""rsrp"":-99,""rsrq"":-20,""rssi"":-69,""snr"":null,""ta"":0,""level"":2,""bands"":""1""},{""type"":""LTE"",""pci"":418,""earfcn"":3050,""tac"":null,""rsrp"":-106,""rsrq"":-19,""rssi"":-77,""snr"":null,""ta"":0,""level"":1,""bands"":""7""},{""type"":""LTE"",""pci"":272,""earfcn"":3050,""tac"":null,""rsrp"":-107,""rsrq"":-19,""rssi"":-77,""snr"":null,""ta"":0,""level"":1,""bands"":""7""}]",1004.7465,12,0.459,0.459,10,2,,,,"[{""b"":""dc:8e:8d:bf:e7:bc"",""s"":""DLive_E7B7"",""r"":-35,""f"":2412},{""b"":""dc:8e:8d:bf:e7:b6"",""s"":""DLive5G_E7B7"",""r"":-37,""f"":5220},{""b"":""ca:dd:6a:05:5c:1b"",""s"":""[LG_CeilingCassette A\/C]5c1b"",""r"":-56,""f"":2462},{""b"":""dc:8e:8d:bf:e6:93"",""s"":""DLive_E68E"",""r"":-65,""f"":2462},{""b"":""1e:39:29:f9:f9:7d"",""s"":""[LG_CeilingCassette A\/C]f97d"",""r"":-69,""f"":2462},{""b"":""1e:39:29:f9:f9:45"",""s"":""[LG_CeilingCassette A\/C]f945"",""r"":-72,""f"":2462},{""b"":""88:36:6c:6a:84:c2"",""s"":""hong"",""r"":-79,""f"":2427},{""b"":""70:5d:cc:a7:fa:88"",""s"":""605"",""r"":-82,""f"":2457},{""b"":""12:06:ac:10:21:e2"",""s"":""PublicWiFi@Seoul"",""r"":-84,""f"":2472},{""b"":""dc:8e:8d:bf:e7:11"",""s"":""DLive5G_E712"",""r"":-93,""f"":5220}]",""
1790512872160,2026-09-27 21:41:12,car,37.5465863,127.0682384,5.922,0.06545062,,48.78587358561879,fused,0,LTE,NR_NSA,5G,true,false,true,false,false,52543750,273,2600,5,8282,450,06,-92,-9,-65,6,3,0,,,,9019,66142,0.0722,0.5291,8999,66122,0.0720,0.5290,false,7,0,7,-90,273,100,0.10682614,false,false,periodic,141,0,-3,-2,2476,,,,"[{""type"":""LTE"",""pci"":273,""earfcn"":100,""tac"":null,""rsrp"":-90,""rsrq"":-10,""rssi"":-65,""snr"":null,""ta"":0,""level"":3,""bands"":""1""},{""type"":""LTE"",""pci"":273,""earfcn"":3050,""tac"":null,""rsrp"":-96,""rsrq"":-8,""rssi"":-63,""snr"":null,""ta"":0,""level"":2,""bands"":""7""},{""type"":""LTE"",""pci"":421,""earfcn"":100,""tac"":null,""rsrp"":-98,""rsrq"":-17,""rssi"":-67,""snr"":null,""ta"":0,""level"":2,""bands"":""1""},{""type"":""LTE"",""pci"":418,""earfcn"":2600,""tac"":null,""rsrp"":-99,""rsrq"":-20,""rssi"":-69,""snr"":null,""ta"":0,""level"":2,""bands"":""5""},{""type"":""LTE"",""pci"":421,""earfcn"":2600,""tac"":null,""rsrp"":-101,""rsrq"":-18,""rssi"":-71,""snr"":null,""ta"":0,""level"":2,""bands"":""5""},{""type"":""LTE"",""pci"":272,""earfcn"":100,""tac"":null,""rsrp"":-102,""rsrq"":-19,""rssi"":-69,""snr"":null,""ta"":0,""level"":2,""bands"":""1""},{""type"":""LTE"",""pci"":418,""earfcn"":3050,""tac"":null,""rsrp"":-112,""rsrq"":-20,""rssi"":-79,""snr"":null,""ta"":0,""level"":1,""bands"":""7""}]",1004.7327,10,0.524,0.459,7,1,,,,"[{""b"":""dc:8e:8d:bf:e7:bc"",""s"":""DLive_E7B7"",""r"":-36,""f"":2412},{""b"":""dc:8e:8d:bf:e7:b6"",""s"":""DLive5G_E7B7"",""r"":-40,""f"":5220},{""b"":""dc:8e:8d:bf:e6:93"",""s"":""DLive_E68E"",""r"":-62,""f"":2462},{""b"":""1e:39:29:f9:f9:7d"",""s"":""[LG_CeilingCassette A\/C]f97d"",""r"":-66,""f"":2462},{""b"":""b0:38:6c:08:f1:02"",""s"":""🍟"",""r"":-83,""f"":2412},{""b"":""b0:38:6c:2d:13:02"",""s"":""205호"",""r"":-83,""f"":2417},{""b"":""dc:8e:8d:bf:e7:48"",""s"":""DLive5G_E749"",""r"":-85,""f"":5220}]",""
1790512877175,2026-09-27 21:41:17,car,37.5465863,127.0682384,5.922,0.06545062,,48.78587358561879,fused,5,LTE,NR_NSA,5G,true,false,true,false,false,52543750,273,2600,5,8282,450,06,-89,-10,-63,6,3,0,,,,13554,66476,0.1084,0.5318,13515,66436,0.1081,0.5315,false,7,0,7,-87,273,100,5.803622E-5,false,false,periodic,146,0,3,0,1826,,,,"[{""type"":""LTE"",""pci"":273,""earfcn"":100,""tac"":null,""rsrp"":-87,""rsrq"":-7,""rssi"":-59,""snr"":null,""ta"":0,""level"":3,""bands"":""1""},{""type"":""LTE"",""pci"":421,""earfcn"":2600,""tac"":null,""rsrp"":-95,""rsrq"":-16,""rssi"":-69,""snr"":null,""ta"":0,""level"":3,""bands"":""5""},{""type"":""LTE"",""pci"":273,""earfcn"":3050,""tac"":null,""rsrp"":-97,""rsrq"":-7,""rssi"":-71,""snr"":null,""ta"":0,""level"":2,""bands"":""7""},{""type"":""LTE"",""pci"":421,""earfcn"":100,""tac"":null,""rsrp"":-102,""rsrq"":-20,""rssi"":-71,""snr"":null,""ta"":0,""level"":2,""bands"":""1""},{""type"":""LTE"",""pci"":272,""earfcn"":100,""tac"":null,""rsrp"":-106,""rsrq"":-20,""rssi"":-71,""snr"":null,""ta"":0,""level"":1,""bands"":""1""},{""type"":""LTE"",""pci"":418,""earfcn"":100,""tac"":null,""rsrp"":-106,""rsrq"":-20,""rssi"":-71,""snr"":null,""ta"":0,""level"":1,""bands"":""1""},{""type"":""LTE"",""pci"":418,""earfcn"":3050,""tac"":null,""rsrp"":-110,""rsrq"":-16,""rssi"":-83,""snr"":null,""ta"":0,""level"":1,""bands"":""7""}]",1004.7026,10,0.459,0.524,7,6,,,,"[{""b"":""dc:8e:8d:bf:e7:bc"",""s"":""DLive_E7B7"",""r"":-36,""f"":2412},{""b"":""dc:8e:8d:bf:e7:b6"",""s"":""DLive5G_E7B7"",""r"":-40,""f"":5220},{""b"":""dc:8e:8d:bf:e6:93"",""s"":""DLive_E68E"",""r"":-62,""f"":2462},{""b"":""1e:39:29:f9:f9:7d"",""s"":""[LG_CeilingCassette A\/C]f97d"",""r"":-66,""f"":2462},{""b"":""b0:38:6c:08:f1:02"",""s"":""🍟"",""r"":-83,""f"":2412},{""b"":""b0:38:6c:2d:13:02"",""s"":""205호"",""r"":-83,""f"":2417},{""b"":""dc:8e:8d:bf:e7:48"",""s"":""DLive5G_E749"",""r"":-85,""f"":5220}]",""
1790512882186,2026-09-27 21:41:22,car,37.546586,127.0682396,5.734,0.058641136,,50.20000076293945,fused,1,LTE,NR_NSA,5G,true,false,true,false,false,52543750,273,2600,5,8282,450,06,-91,-12,-59,3,3,0,,,,657408,67596,5.2593,0.5408,659448,67596,5.2756,0.5408,false,8,0,8,-88,273,100,0.023362113,false,false,periodic,151,0,-2,-3,1158,,,,"[{""type"":""LTE"",""pci"":273,""earfcn"":100,""tac"":null,""rsrp"":-88,""rsrq"":-12,""rssi"":-65,""snr"":null,""ta"":0,""level"":3,""bands"":""1""},{""type"":""LTE"",""pci"":421,""earfcn"":2600,""tac"":null,""rsrp"":-92,""rsrq"":-15,""rssi"":-67,""snr"":null,""ta"":0,""level"":3,""bands"":""5""},{""type"":""LTE"",""pci"":272,""earfcn"":100,""tac"":null,""rsrp"":-95,""rsrq"":-19,""rssi"":-65,""snr"":null,""ta"":0,""level"":3,""bands"":""1""},{""type"":""LTE"",""pci"":421,""earfcn"":100,""tac"":null,""rsrp"":-96,""rsrq"":-20,""rssi"":-65,""snr"":null,""ta"":0,""level"":2,""bands"":""1""},{""type"":""LTE"",""pci"":418,""earfcn"":100,""tac"":null,""rsrp"":-96,""rsrq"":-20,""rssi"":-65,""snr"":null,""ta"":0,""level"":2,""bands"":""1""},{""type"":""LTE"",""pci"":418,""earfcn"":2600,""tac"":null,""rsrp"":-99,""rsrq"":-19,""rssi"":-69,""snr"":null,""ta"":0,""level"":2,""bands"":""5""},{""type"":""LTE"",""pci"":273,""earfcn"":3050,""tac"":null,""rsrp"":-100,""rsrq"":-11,""rssi"":-79,""snr"":null,""ta"":0,""level"":2,""bands"":""7""},{""type"":""LTE"",""pci"":418,""earfcn"":3050,""tac"":null,""rsrp"":-109,""rsrq"":-16,""rssi"":-79,""snr"":null,""ta"":0,""level"":1,""bands"":""7""}]",1004.699,12,0.524,0.459,8,3,,,,"[{""b"":""dc:8e:8d:bf:e7:bc"",""s"":""DLive_E7B7"",""r"":-34,""f"":2412},{""b"":""dc:8e:8d:bf:e7:b6"",""s"":""DLive5G_E7B7"",""r"":-39,""f"":5220},{""b"":""ca:dd:6a:05:5c:1b"",""s"":""[LG_CeilingCassette A\/C]5c1b"",""r"":-54,""f"":2462},{""b"":""dc:8e:8d:bf:e6:93"",""s"":""DLive_E68E"",""r"":-60,""f"":2462},{""b"":""dc:8e:8d:bf:e7:4e"",""s"":""DLive_E749"",""r"":-73,""f"":2412},{""b"":""08:5d:dd:9a:58:72"",""s"":""olleh_WiFi_586F"",""r"":-84,""f"":2442},{""b"":""dc:8e:8d:bf:e7:48"",""s"":""DLive5G_E749"",""r"":-89,""f"":5220},{""b"":""88:36:6c:6a:84:c0"",""s"":""hong5G"",""r"":-91,""f"":5745}]",""
1790512887211,2026-09-27 21:41:27,car,37.546586,127.0682396,5.734,0.058641136,,50.20000076293945,fused,6,LTE,NR_NSA,5G,true,false,true,false,false,52543750,273,2600,5,8282,450,06,-90,-9,-63,4,3,0,,,,1351894,71204,10.8152,0.5696,1349821,71164,10.7986,0.5693,false,7,0,7,-88,273,100,1.1186845E-5,false,false,periodic,156,0,1,1,1179,,,,"[{""type"":""LTE"",""pci"":273,""earfcn"":100,""tac"":null,""rsrp"":-88,""rsrq"":-8,""rssi"":-69,""snr"":null,""ta"":0,""level"":3,""bands"":""1""},{""type"":""LTE"",""pci"":421,""earfcn"":2600,""tac"":null,""rsrp"":-94,""rsrq"":-16,""rssi"":-67,""snr"":null,""ta"":0,""level"":3,""bands"":""5""},{""type"":""LTE"",""pci"":272,""earfcn"":100,""tac"":null,""rsrp"":-95,""rsrq"":-18,""rssi"":-65,""snr"":null,""ta"":0,""level"":3,""bands"":""1""},{""type"":""LTE"",""pci"":418,""earfcn"":2600,""tac"":null,""rsrp"":-97,""rsrq"":-18,""rssi"":-69,""snr"":null,""ta"":0,""level"":2,""bands"":""5""},{""type"":""LTE"",""pci"":273,""earfcn"":3050,""tac"":null,""rsrp"":-102,""rsrq"":-8,""rssi"":-83,""snr"":null,""ta"":0,""level"":2,""bands"":""7""},{""type"":""LTE"",""pci"":418,""earfcn"":3050,""tac"":null,""rsrp"":-115,""rsrq"":-16,""rssi"":-83,""snr"":null,""ta"":0,""level"":1,""bands"":""7""},{""type"":""LTE"",""pci"":109,""earfcn"":3050,""tac"":null,""rsrp"":-116,""rsrq"":-19,""rssi"":-83,""snr"":null,""ta"":0,""level"":0,""bands"":""7""}]",1004.7181,10,0.524,0.459,8,8,,,,"[{""b"":""dc:8e:8d:bf:e7:bc"",""s"":""DLive_E7B7"",""r"":-34,""f"":2412},{""b"":""dc:8e:8d:bf:e7:b6"",""s"":""DLive5G_E7B7"",""r"":-39,""f"":5220},{""b"":""ca:dd:6a:05:5c:1b"",""s"":""[LG_CeilingCassette A\/C]5c1b"",""r"":-54,""f"":2462},{""b"":""dc:8e:8d:bf:e6:93"",""s"":""DLive_E68E"",""r"":-60,""f"":2462},{""b"":""dc:8e:8d:bf:e7:4e"",""s"":""DLive_E749"",""r"":-73,""f"":2412},{""b"":""08:5d:dd:9a:58:72"",""s"":""olleh_WiFi_586F"",""r"":-84,""f"":2442},{""b"":""dc:8e:8d:bf:e7:48"",""s"":""DLive5G_E749"",""r"":-89,""f"":5220},{""b"":""88:36:6c:6a:84:c0"",""s"":""hong5G"",""r"":-91,""f"":5745}]",""
1790512892223,2026-09-27 21:41:32,car,37.5465859,127.0682393,6.042,0.05980862,,48.63368731060095,fused,3,LTE,NR_NSA,5G,true,false,true,false,false,52543750,273,2600,5,8282,450,06,-90,-9,-63,4,3,0,,,,2348,65353,0.0188,0.5228,2328,65333,0.0186,0.5227,false,7,0,7,-89,273,100,5.3567093E-9,false,false,periodic,161,0,0,0,422,,,,"[{""type"":""LTE"",""pci"":273,""earfcn"":100,""tac"":null,""rsrp"":-89,""rsrq"":-9,""rssi"":-69,""snr"":null,""ta"":0,""level"":3,""bands"":""1""},{""type"":""LTE"",""pci"":421,""earfcn"":2600,""tac"":null,""rsrp"":-96,""rsrq"":-16,""rssi"":-67,""snr"":null,""ta"":0,""level"":2,""bands"":""5""},{""type"":""LTE"",""pci"":418,""earfcn"":2600,""tac"":null,""rsrp"":-100,""rsrq"":-19,""rssi"":-71,""snr"":null,""ta"":0,""level"":2,""bands"":""5""},{""type"":""LTE"",""pci"":273,""earfcn"":3050,""tac"":null,""rsrp"":-101,""rsrq"":-9,""rssi"":-83,""snr"":null,""ta"":0,""level"":2,""bands"":""7""},{""type"":""LTE"",""pci"":418,""earfcn"":100,""tac"":null,""rsrp"":-103,""rsrq"":-20,""rssi"":-69,""snr"":null,""ta"":0,""level"":2,""bands"":""1""},{""type"":""LTE"",""pci"":418,""earfcn"":3050,""tac"":null,""rsrp"":-116,""rsrq"":-16,""rssi"":-85,""snr"":null,""ta"":0,""level"":0,""bands"":""7""},{""type"":""LTE"",""pci"":109,""earfcn"":3050,""tac"":null,""rsrp"":-116,""rsrq"":-20,""rssi"":-85,""snr"":null,""ta"":0,""level"":0,""bands"":""7""}]",1004.7228,11,0.459,0.459,10,5,,,,"[{""b"":""dc:8e:8d:bf:e7:bc"",""s"":""DLive_E7B7"",""r"":-31,""f"":2412},{""b"":""dc:8e:8d:bf:e7:b6"",""s"":""DLive5G_E7B7"",""r"":-42,""f"":5220},{""b"":""ca:dd:6a:05:5c:1b"",""s"":""[LG_CeilingCassette A\/C]5c1b"",""r"":-49,""f"":2462},{""b"":""dc:8e:8d:bf:e6:93"",""s"":""DLive_E68E"",""r"":-61,""f"":2462},{""b"":""1e:39:29:f9:f9:7d"",""s"":""[LG_CeilingCassette A\/C]f97d"",""r"":-70,""f"":2462},{""b"":""1e:39:29:f9:f9:45"",""s"":""[LG_CeilingCassette A\/C]f945"",""r"":-71,""f"":2462},{""b"":""70:5d:cc:a7:fa:88"",""s"":""605"",""r"":-84,""f"":2457},{""b"":""70:5d:cc:da:6f:aa"",""s"":""WNDRLAND"",""r"":-85,""f"":2447},{""b"":""80:ca:4b:d9:e0:1b"",""s"":""U+NetE018_5G"",""r"":-90,""f"":5805},{""b"":""8a:ca:4b:d9:e0:1b"",""s"":"""",""r"":-91,""f"":5805}]",""
1790512897235,2026-09-27 21:41:37,car,37.5465869,127.0682395,5.543,0.052694235,,48.555320659766465,fused,1,LTE,NR_NSA,5G,true,false,true,false,false,52543750,273,2600,5,8282,450,06,-90,-9,-63,4,3,0,,,,2291,65353,0.0183,0.5228,2271,65333,0.0182,0.5227,false,7,0,7,-89,273,100,0.06880704,false,false,periodic,166,0,0,0,5434,,,,"[{""type"":""LTE"",""pci"":273,""earfcn"":100,""tac"":null,""rsrp"":-89,""rsrq"":-9,""rssi"":-69,""snr"":null,""ta"":0,""level"":3,""bands"":""1""},{""type"":""LTE"",""pci"":421,""earfcn"":2600,""tac"":null,""rsrp"":-96,""rsrq"":-16,""rssi"":-67,""snr"":null,""ta"":0,""level"":2,""bands"":""5""},{""type"":""LTE"",""pci"":418,""earfcn"":2600,""tac"":null,""rsrp"":-100,""rsrq"":-19,""rssi"":-71,""snr"":null,""ta"":0,""level"":2,""bands"":""5""},{""type"":""LTE"",""pci"":273,""earfcn"":3050,""tac"":null,""rsrp"":-101,""rsrq"":-9,""rssi"":-83,""snr"":null,""ta"":0,""level"":2,""bands"":""7""},{""type"":""LTE"",""pci"":418,""earfcn"":100,""tac"":null,""rsrp"":-103,""rsrq"":-20,""rssi"":-69,""snr"":null,""ta"":0,""level"":2,""bands"":""1""},{""type"":""LTE"",""pci"":418,""earfcn"":3050,""tac"":null,""rsrp"":-116,""rsrq"":-16,""rssi"":-85,""snr"":null,""ta"":0,""level"":0,""bands"":""7""},{""type"":""LTE"",""pci"":109,""earfcn"":3050,""tac"":null,""rsrp"":-116,""rsrq"":-20,""rssi"":-85,""snr"":null,""ta"":0,""level"":0,""bands"":""7""}]",1004.7797,12,0.459,0.524,10,4,,,,"[{""b"":""dc:8e:8d:bf:e7:bc"",""s"":""DLive_E7B7"",""r"":-33,""f"":2412},{""b"":""dc:8e:8d:bf:e7:b6"",""s"":""DLive5G_E7B7"",""r"":-40,""f"":5220},{""b"":""dc:8e:8d:bf:e6:93"",""s"":""DLive_E68E"",""r"":-61,""f"":2462},{""b"":""1e:39:29:f9:f9:7d"",""s"":""[LG_CeilingCassette A\/C]f97d"",""r"":-69,""f"":2462},{""b"":""1e:39:29:f9:f9:45"",""s"":""[LG_CeilingCassette A\/C]f945"",""r"":-69,""f"":2462},{""b"":""72:7f:f0:63:d5:4b"",""s"":""TP-Link_D548"",""r"":-82,""f"":2457},{""b"":""70:5d:cc:e0:23:50"",""s"":""603"",""r"":-84,""f"":2417},{""b"":""70:5d:cc:df:03:54"",""s"":""604"",""r"":-84,""f"":2412},{""b"":""90:9f:33:a1:f3:26"",""s"":""iptime_mmmm"",""r"":-84,""f"":2447},{""b"":""00:1d:ec:78:16:64"",""s"":""KT_IPTV_WiFi_5G_1664"",""r"":-92,""f"":5765}]",""
1790512902249,2026-09-27 21:41:42,car,37.5465883,127.0682416,5.298,1.4964343,89.999756,48.72147715756989,fused,2,LTE,NR_NSA,5G,true,false,true,false,false,52543750,273,2600,5,8282,450,06,-89,-9,-61,4,3,0,,,,908882,68467,7.2711,0.5477,908842,68427,7.2707,0.5474,false,9,0,9,-84,273,100,1.4964343,false,false,periodic,171,0,1,0,5002,,,,"[{""type"":""LTE"",""pci"":273,""earfcn"":100,""tac"":null,""rsrp"":-84,""rsrq"":-7,""rssi"":-69,""snr"":null,""ta"":0,""level"":4,""bands"":""1""},{""type"":""LTE"",""pci"":272,""earfcn"":100,""tac"":null,""rsrp"":-93,""rsrq"":-18,""rssi"":-65,""snr"":null,""ta"":0,""level"":3,""bands"":""1""},{""type"":""LTE"",""pci"":421,""earfcn"":2600,""tac"":null,""rsrp"":-94,""rsrq"":-16,""rssi"":-67,""snr"":null,""ta"":0,""level"":3,""bands"":""5""},{""type"":""LTE"",""pci"":421,""earfcn"":100,""tac"":null,""rsrp"":-105,""rsrq"":-20,""rssi"":-69,""snr"":null,""ta"":0,""level"":2,""bands"":""1""},{""type"":""LTE"",""pci"":273,""earfcn"":3050,""tac"":null,""rsrp"":-106,""rsrq"":-10,""rssi"":-85,""snr"":null,""ta"":0,""level"":1,""bands"":""7""},{""type"":""LTE"",""pci"":418,""earfcn"":100,""tac"":null,""rsrp"":-106,""rsrq"":-20,""rssi"":-69,""snr"":null,""ta"":0,""level"":1,""bands"":""1""},{""type"":""LTE"",""pci"":418,""earfcn"":3050,""tac"":null,""rsrp"":-110,""rsrq"":-16,""rssi"":-85,""snr"":null,""ta"":0,""level"":1,""bands"":""7""},{""type"":""LTE"",""pci"":109,""earfcn"":3050,""tac"":null,""rsrp"":-116,""rsrq"":-20,""rssi"":-85,""snr"":null,""ta"":0,""level"":0,""bands"":""7""},{""type"":""LTE"",""pci"":272,""earfcn"":3050,""tac"":null,""rsrp"":-117,""rsrq"":-20,""rssi"":-83,""snr"":null,""ta"":0,""level"":0,""bands"":""7""}]",1004.7829,11,0.459,0.459,10,4,,,,"[{""b"":""dc:8e:8d:bf:e7:bc"",""s"":""DLive_E7B7"",""r"":-35,""f"":2412},{""b"":""dc:8e:8d:bf:e7:b6"",""s"":""DLive5G_E7B7"",""r"":-43,""f"":5220},{""b"":""ca:dd:6a:05:5c:1b"",""s"":""[LG_CeilingCassette A\/C]5c1b"",""r"":-58,""f"":2462},{""b"":""dc:8e:8d:bf:e7:17"",""s"":""DLive_E712"",""r"":-69,""f"":2462},{""b"":""88:36:6c:6a:84:c2"",""s"":""hong"",""r"":-73,""f"":2427},{""b"":""1e:39:29:f9:f9:45"",""s"":""[LG_CeilingCassette A\/C]f945"",""r"":-74,""f"":2462},{""b"":""02:1d:ec:df:4d:c6"",""s"":""KT_IPTV_WiFi_2G_4DC6"",""r"":-81,""f"":2452},{""b"":""50:46:ae:36:27:2a"",""s"":""U+Net1D88"",""r"":-81,""f"":2462},{""b"":""b0:38:6c:08:f1:00"",""s"":""🍟_5G"",""r"":-91,""f"":5745},{""b"":""dc:8e:8d:bf:e7:48"",""s"":""DLive5G_E749"",""r"":-91,""f"":5220}]",""
1790512907261,2026-09-27 21:41:47,car,37.54659,127.0682773,12.382,1.5342697,89.87525,48.247116054262435,fused,1,LTE,NR_NSA,5G,true,false,true,false,false,52543750,273,2600,5,8282,450,06,-89,-10,-63,5,3,0,,,,2443,68080,0.0195,0.5446,2423,68060,0.0194,0.5445,false,8,0,8,-84,273,100,1.5342697,false,false,periodic,176,0,0,1,5001,,,,"[{""type"":""LTE"",""pci"":273,""earfcn"":100,""tac"":null,""rsrp"":-84,""rsrq"":-11,""rssi"":-63,""snr"":null,""ta"":0,""level"":4,""bands"":""1""},{""type"":""LTE"",""pci"":421,""earfcn"":2600,""tac"":null,""rsrp"":-93,""rsrq"":-18,""rssi"":-67,""snr"":null,""ta"":0,""level"":3,""bands"":""5""},{""type"":""LTE"",""pci"":272,""earfcn"":100,""tac"":null,""rsrp"":-93,""rsrq"":-18,""rssi"":-65,""snr"":null,""ta"":0,""level"":3,""bands"":""1""},{""type"":""LTE"",""pci"":273,""earfcn"":3050,""tac"":null,""rsrp"":-105,""rsrq"":-9,""rssi"":-85,""snr"":null,""ta"":0,""level"":2,""bands"":""7""},{""type"":""LTE"",""pci"":421,""earfcn"":100,""tac"":null,""rsrp"":-105,""rsrq"":-20,""rssi"":-69,""snr"":null,""ta"":0,""level"":2,""bands"":""1""},{""type"":""LTE"",""pci"":418,""earfcn"":100,""tac"":null,""rsrp"":-107,""rsrq"":-20,""rssi"":-69,""snr"":null,""ta"":0,""level"":1,""bands"":""1""},{""type"":""LTE"",""pci"":418,""earfcn"":3050,""tac"":null,""rsrp"":-110,""rsrq"":-14,""rssi"":-85,""snr"":null,""ta"":0,""level"":1,""bands"":""7""},{""type"":""LTE"",""pci"":272,""earfcn"":3050,""tac"":null,""rsrp"":-111,""rsrq"":-18,""rssi"":-83,""snr"":null,""ta"":0,""level"":1,""bands"":""7""}]",1004.79224,11,0.524,0.459,7,3,,,,"[{""b"":""dc:8e:8d:bf:e7:bc"",""s"":""DLive_E7B7"",""r"":-34,""f"":2412},{""b"":""dc:8e:8d:bf:e7:b6"",""s"":""DLive5G_E7B7"",""r"":-45,""f"":5220},{""b"":""dc:8e:8d:bf:e6:93"",""s"":""DLive_E68E"",""r"":-63,""f"":2462},{""b"":""02:1d:ec:df:4d:c6"",""s"":""KT_IPTV_WiFi_2G_4DC6"",""r"":-82,""f"":2452},{""b"":""70:5d:cc:e0:2c:b8"",""s"":""203"",""r"":-84,""f"":2452},{""b"":""b0:38:6c:08:f1:00"",""s"":""🍟_5G"",""r"":-91,""f"":5745},{""b"":""dc:8e:8d:bf:e7:11"",""s"":""DLive5G_E712"",""r"":-93,""f"":5220}]",""
1790512912273,2026-09-27 21:41:52,car,37.5465879,127.0682651,20.52,0.38203883,90.02531,48.19226320913829,fused,2,LTE,NR_NSA,5G,true,false,true,false,false,52543750,273,2600,5,8282,450,06,-89,-10,-63,5,3,0,,,,2334,65353,0.0187,0.5228,2314,65333,0.0185,0.5227,false,6,0,6,-84,273,100,0.38203883,false,false,periodic,181,0,0,0,5000,,,,"[{""type"":""LTE"",""pci"":273,""earfcn"":100,""tac"":null,""rsrp"":-84,""rsrq"":-9,""rssi"":-65,""snr"":null,""ta"":0,""level"":4,""bands"":""1""},{""type"":""LTE"",""pci"":421,""earfcn"":2600,""tac"":null,""rsrp"":-95,""rsrq"":-18,""rssi"":-67,""snr"":null,""ta"":0,""level"":3,""bands"":""5""},{""type"":""LTE"",""pci"":272,""earfcn"":100,""tac"":null,""rsrp"":-102,""rsrq"":-20,""rssi"":-67,""snr"":null,""ta"":0,""level"":2,""bands"":""1""},{""type"":""LTE"",""pci"":273,""earfcn"":3050,""tac"":null,""rsrp"":-106,""rsrq"":-9,""rssi"":-83,""snr"":null,""ta"":0,""level"":1,""bands"":""7""},{""type"":""LTE"",""pci"":421,""earfcn"":100,""tac"":null,""rsrp"":-107,""rsrq"":-20,""rssi"":-67,""snr"":null,""ta"":0,""level"":1,""bands"":""1""},{""type"":""LTE"",""pci"":418,""earfcn"":3050,""tac"":null,""rsrp"":-109,""rsrq"":-14,""rssi"":-83,""snr"":null,""ta"":0,""level"":1,""bands"":""7""}]",1004.7982,12,0.459,0.459,7,4,,,,"[{""b"":""dc:8e:8d:bf:e7:b6"",""s"":""DLive5G_E7B7"",""r"":-50,""f"":5220},{""b"":""ca:dd:6a:05:5c:1b"",""s"":""[LG_CeilingCassette A\/C]5c1b"",""r"":-52,""f"":2462},{""b"":""dc:8e:8d:bf:e6:93"",""s"":""DLive_E68E"",""r"":-67,""f"":2462},{""b"":""1e:39:29:f9:f9:7d"",""s"":""[LG_CeilingCassette A\/C]f97d"",""r"":-80,""f"":2462},{""b"":""12:09:a5:41:d0:63"",""s"":"""",""r"":-83,""f"":2457},{""b"":""70:5d:cc:a7:fa:88"",""s"":""605"",""r"":-84,""f"":2457},{""b"":""dc:8e:8d:bf:e7:11"",""s"":""DLive5G_E712"",""r"":-92,""f"":5220}]",""
1790512917285,2026-09-27 21:41:57,car,37.54659,127.0682455,8.462,0.10909953,89.99996,48.13427629614294,fused,1,LTE,NR_NSA,5G,true,false,true,false,false,52543750,273,2600,5,8282,450,06,-89,-9,-61,7,3,0,,,,2376,65640,0.0190,0.5251,2356,65620,0.0188,0.5250,false,5,0,5,-84,273,100,0.10909953,false,false,periodic,186,0,0,2,5005,,,,"[{""type"":""LTE"",""pci"":273,""earfcn"":100,""tac"":null,""rsrp"":-84,""rsrq"":-12,""rssi"":-63,""snr"":null,""ta"":0,""level"":4,""bands"":""1""},{""type"":""LTE"",""pci"":421,""earfcn"":100,""tac"":null,""rsrp"":-93,""rsrq"":-17,""rssi"":-65,""snr"":null,""ta"":0,""level"":3,""bands"":""1""},{""type"":""LTE"",""pci"":421,""earfcn"":2600,""tac"":null,""rsrp"":-96,""rsrq"":-18,""rssi"":-73,""snr"":null,""ta"":0,""level"":2,""bands"":""5""},{""type"":""LTE"",""pci"":418,""earfcn"":3050,""tac"":null,""rsrp"":-109,""rsrq"":-12,""rssi"":-87,""snr"":null,""ta"":0,""level"":1,""bands"":""7""},{""type"":""LTE"",""pci"":273,""earfcn"":3050,""tac"":null,""rsrp"":-113,""rsrq"":-11,""rssi"":-87,""snr"":null,""ta"":0,""level"":1,""bands"":""7""}]",1004.7455,12,0.459,0.524,4,2,,,,"[{""b"":""dc:8e:8d:bf:e7:b6"",""s"":""DLive5G_E7B7"",""r"":-43,""f"":5220},{""b"":""70:5d:cc:e0:25:8a"",""s"":""504"",""r"":-84,""f"":2452},{""b"":""88:36:6c:6a:84:c0"",""s"":""hong5G"",""r"":-90,""f"":5745},{""b"":""dc:8e:8d:bf:e7:48"",""s"":""DLive5G_E749"",""r"":-93,""f"":5220}]",""
1790512919576,2026-09-27 21:41:59,car,37.54659,127.0682455,8.462,0.10909953,89.99996,48.13427629614294,fused,3,LTE,NR_NSA,5G,true,false,true,false,false,52545035,421,2600,5,8282,450,06,-93,-11,-65,6,3,0,,,,2400,61891,0.0192,0.4951,2357,61848,0.0189,0.4948,false,2,0,2,-97,273,2600,0.10909953,true,false,handover,0,1,,,6,52543750,-89,-9,"[{""type"":""LTE"",""pci"":273,""earfcn"":2600,""tac"":null,""rsrp"":-97,""rsrq"":-14,""rssi"":-67,""snr"":null,""ta"":0,""level"":2,""bands"":""5""},{""type"":""LTE"",""pci"":272,""earfcn"":2600,""tac"":null,""rsrp"":-98,""rsrq"":-20,""rssi"":-69,""snr"":null,""ta"":0,""level"":2,""bands"":""5""}]",1004.7502,12,0.459,0.459,4,5,,,,"[{""b"":""dc:8e:8d:bf:e7:b6"",""s"":""DLive5G_E7B7"",""r"":-43,""f"":5220},{""b"":""70:5d:cc:e0:25:8a"",""s"":""504"",""r"":-84,""f"":2452},{""b"":""88:36:6c:6a:84:c0"",""s"":""hong5G"",""r"":-90,""f"":5745},{""b"":""dc:8e:8d:bf:e7:48"",""s"":""DLive5G_E749"",""r"":-93,""f"":5220}]","[{""type"":""LTE"",""pci"":273,""earfcn"":100,""tac"":null,""rsrp"":-84,""rsrq"":-12,""rssi"":-63,""snr"":null,""ta"":0,""level"":4,""bands"":""1""},{""type"":""LTE"",""pci"":421,""earfcn"":100,""tac"":null,""rsrp"":-93,""rsrq"":-17,""rssi"":-65,""snr"":null,""ta"":0,""level"":3,""bands"":""1""},{""type"":""LTE"",""pci"":421,""earfcn"":2600,""tac"":null,""rsrp"":-96,""rsrq"":-18,""rssi"":-73,""snr"":null,""ta"":0,""level"":2,""bands"":""5""},{""type"":""LTE"",""pci"":418,""earfcn"":3050,""tac"":null,""rsrp"":-109,""rsrq"":-12,""rssi"":-87,""snr"":null,""ta"":0,""level"":1,""bands"":""7""},{""type"":""LTE"",""pci"":273,""earfcn"":3050,""tac"":null,""rsrp"":-113,""rsrq"":-11,""rssi"":-87,""snr"":null,""ta"":0,""level"":1,""bands"":""7""}]"
1790512922305,2026-09-27 21:42:02,car,37.546591,127.068243,7.147,0.012989957,,48.16472234312704,fused,0,LTE,NR_NSA,5G,true,false,true,false,false,52545035,421,2600,5,8282,450,06,-93,-11,-65,6,3,0,,,,494255,72613,3.9540,0.5809,494219,72577,3.9538,0.5806,false,2,0,2,-97,273,2600,0.023064518,false,false,periodic,2,1,0,0,2736,,,,"[{""type"":""LTE"",""pci"":273,""earfcn"":2600,""tac"":null,""rsrp"":-97,""rsrq"":-14,""rssi"":-67,""snr"":null,""ta"":0,""level"":2,""bands"":""5""},{""type"":""LTE"",""pci"":272,""earfcn"":2600,""tac"":null,""rsrp"":-98,""rsrq"":-20,""rssi"":-69,""snr"":null,""ta"":0,""level"":2,""bands"":""5""}]",1004.7621,13,0.459,0.459,11,2,,,,"[{""b"":""dc:8e:8d:bf:e7:b6"",""s"":""DLive5G_E7B7"",""r"":-34,""f"":5220},{""b"":""dc:8e:8d:bf:e7:bc"",""s"":""DLive_E7B7"",""r"":-36,""f"":2412},{""b"":""ca:dd:6a:05:5c:1b"",""s"":""[LG_CeilingCassette A\/C]5c1b"",""r"":-51,""f"":2462},{""b"":""dc:8e:8d:bf:e6:93"",""s"":""DLive_E68E"",""r"":-61,""f"":2462},{""b"":""1e:39:29:f9:f9:45"",""s"":""[LG_CeilingCassette A\/C]f945"",""r"":-70,""f"":2462},{""b"":""02:1d:ec:df:4d:c6"",""s"":""KT_IPTV_WiFi_2G_4DC6"",""r"":-84,""f"":2452},{""b"":""88:36:6c:6a:84:c0"",""s"":""hong5G"",""r"":-89,""f"":5745},{""b"":""b0:38:6c:08:f1:00"",""s"":""🍟_5G"",""r"":-90,""f"":5745},{""b"":""dc:8e:8d:bf:e7:48"",""s"":""DLive5G_E749"",""r"":-90,""f"":5220},{""b"":""76:7f:f0:63:d5:4c"",""s"":""TP-Link_D548_5G"",""r"":-92,""f"":5180},{""b"":""08:36:c9:fd:49:b0"",""s"":""NETGEAR12"",""r"":-93,""f"":5765}]",""
1790512927318,2026-09-27 21:42:07,car,37.546591,127.068243,7.147,0.012989957,,48.16472234312704,fused,5,LTE,NR_NSA,5G,true,false,true,false,false,52545035,421,2600,5,8282,450,06,-95,-13,-63,3,3,0,,,,1947963,73486,15.5837,0.5879,1947923,73446,15.5834,0.5876,false,2,0,2,-99,273,2600,3.982538E-4,false,false,periodic,7,1,-2,-3,2009,,,,"[{""type"":""LTE"",""pci"":273,""earfcn"":2600,""tac"":null,""rsrp"":-99,""rsrq"":-17,""rssi"":-69,""snr"":null,""ta"":0,""level"":2,""bands"":""5""},{""type"":""LTE"",""pci"":272,""earfcn"":2600,""tac"":null,""rsrp"":-100,""rsrq"":-17,""rssi"":-69,""snr"":null,""ta"":0,""level"":2,""bands"":""5""}]",1004.76697,12,0.459,0.459,11,7,,,,"[{""b"":""dc:8e:8d:bf:e7:b6"",""s"":""DLive5G_E7B7"",""r"":-34,""f"":5220},{""b"":""dc:8e:8d:bf:e7:bc"",""s"":""DLive_E7B7"",""r"":-36,""f"":2412},{""b"":""ca:dd:6a:05:5c:1b"",""s"":""[LG_CeilingCassette A\/C]5c1b"",""r"":-51,""f"":2462},{""b"":""dc:8e:8d:bf:e6:93"",""s"":""DLive_E68E"",""r"":-61,""f"":2462},{""b"":""1e:39:29:f9:f9:45"",""s"":""[LG_CeilingCassette A\/C]f945"",""r"":-70,""f"":2462},{""b"":""02:1d:ec:df:4d:c6"",""s"":""KT_IPTV_WiFi_2G_4DC6"",""r"":-84,""f"":2452},{""b"":""88:36:6c:6a:84:c0"",""s"":""hong5G"",""r"":-89,""f"":5745},{""b"":""b0:38:6c:08:f1:00"",""s"":""🍟_5G"",""r"":-90,""f"":5745},{""b"":""dc:8e:8d:bf:e7:48"",""s"":""DLive5G_E749"",""r"":-90,""f"":5220},{""b"":""76:7f:f0:63:d5:4c"",""s"":""TP-Link_D548_5G"",""r"":-92,""f"":5180},{""b"":""08:36:c9:fd:49:b0"",""s"":""NETGEAR12"",""r"":-93,""f"":5765}]",""
1790512929238,2026-09-27 21:42:09,car,37.546591,127.0682431,4.349,0.014517866,,48.204246829596755,fused,1,LTE,NR_NSA,5G,true,false,true,false,false,52543750,273,2600,5,8282,450,06,-92,-15,-61,1,3,0,,,,2025,64510,0.0162,0.5161,2025,64510,0.0162,0.5161,false,3,0,3,-93,421,2600,0.5070799,true,true,handover,0,2,,,9,52545035,-95,-13,"[{""type"":""LTE"",""pci"":421,""earfcn"":2600,""tac"":null,""rsrp"":-93,""rsrq"":-14,""rssi"":-67,""snr"":null,""ta"":0,""level"":3,""bands"":""5""},{""type"":""LTE"",""pci"":272,""earfcn"":2600,""tac"":null,""rsrp"":-97,""rsrq"":-19,""rssi"":-67,""snr"":null,""ta"":0,""level"":2,""bands"":""5""},{""type"":""LTE"",""pci"":131,""earfcn"":2600,""tac"":null,""rsrp"":-97,""rsrq"":-18,""rssi"":-69,""snr"":null,""ta"":0,""level"":2,""bands"":""5""}]",1004.7347,12,0.459,0.459,10,3,,,,"[{""b"":""dc:8e:8d:bf:e7:bc"",""s"":""DLive_E7B7"",""r"":-34,""f"":2412},{""b"":""dc:8e:8d:bf:e7:b6"",""s"":""DLive5G_E7B7"",""r"":-37,""f"":5220},{""b"":""dc:8e:8d:bf:e6:93"",""s"":""DLive_E68E"",""r"":-61,""f"":2462},{""b"":""1e:39:29:f9:f9:45"",""s"":""[LG_CeilingCassette A\/C]f945"",""r"":-70,""f"":2462},{""b"":""1e:39:29:f9:f9:7d"",""s"":""[LG_CeilingCassette A\/C]f97d"",""r"":-76,""f"":2462},{""b"":""b0:38:6c:b1:26:36"",""s"":""ggulbam"",""r"":-83,""f"":2447},{""b"":""b0:38:6c:08:f1:00"",""s"":""🍟_5G"",""r"":-89,""f"":5745},{""b"":""88:36:6c:6a:84:c0"",""s"":""hong5G"",""r"":-89,""f"":5745},{""b"":""dc:8e:8d:bf:e7:48"",""s"":""DLive5G_E749"",""r"":-90,""f"":5220},{""b"":""dc:8e:8d:bf:e7:11"",""s"":""DLive5G_E712"",""r"":-94,""f"":5220}]","[{""type"":""LTE"",""pci"":273,""earfcn"":2600,""tac"":null,""rsrp"":-99,""rsrq"":-17,""rssi"":-69,""snr"":null,""ta"":0,""level"":2,""bands"":""5""},{""type"":""LTE"",""pci"":272,""earfcn"":2600,""tac"":null,""rsrp"":-100,""rsrq"":-17,""rssi"":-69,""snr"":null,""ta"":0,""level"":2,""bands"":""5""}]"
1790512930366,2026-09-27 21:42:10,car,37.546591,127.0682431,4.349,0.014517866,,48.204246829596755,fused,2,LTE,NR_NSA,5G,true,false,true,false,false,52545035,421,2600,5,8282,450,06,-91,-13,-61,1,3,0,,,,2258,62797,0.0181,0.5024,2170,62709,0.0174,0.5017,false,3,0,3,-94,273,2600,0.098482974,true,true,handover,0,3,,,6,52543750,-92,-15,"[{""type"":""LTE"",""pci"":273,""earfcn"":2600,""tac"":null,""rsrp"":-94,""rsrq"":-12,""rssi"":-63,""snr"":null,""ta"":0,""level"":3,""bands"":""5""},{""type"":""LTE"",""pci"":272,""earfcn"":2600,""tac"":null,""rsrp"":-95,""rsrq"":-18,""rssi"":-67,""snr"":null,""ta"":0,""level"":3,""bands"":""5""},{""type"":""LTE"",""pci"":131,""earfcn"":2600,""tac"":null,""rsrp"":-98,""rsrq"":-19,""rssi"":-67,""snr"":null,""ta"":0,""level"":2,""bands"":""5""}]",1004.76843,12,0.459,0.459,10,4,,,,"[{""b"":""dc:8e:8d:bf:e7:bc"",""s"":""DLive_E7B7"",""r"":-34,""f"":2412},{""b"":""dc:8e:8d:bf:e7:b6"",""s"":""DLive5G_E7B7"",""r"":-37,""f"":5220},{""b"":""dc:8e:8d:bf:e6:93"",""s"":""DLive_E68E"",""r"":-61,""f"":2462},{""b"":""1e:39:29:f9:f9:45"",""s"":""[LG_CeilingCassette A\/C]f945"",""r"":-70,""f"":2462},{""b"":""1e:39:29:f9:f9:7d"",""s"":""[LG_CeilingCassette A\/C]f97d"",""r"":-76,""f"":2462},{""b"":""b0:38:6c:b1:26:36"",""s"":""ggulbam"",""r"":-83,""f"":2447},{""b"":""b0:38:6c:08:f1:00"",""s"":""🍟_5G"",""r"":-89,""f"":5745},{""b"":""88:36:6c:6a:84:c0"",""s"":""hong5G"",""r"":-89,""f"":5745},{""b"":""dc:8e:8d:bf:e7:48"",""s"":""DLive5G_E749"",""r"":-90,""f"":5220},{""b"":""dc:8e:8d:bf:e7:11"",""s"":""DLive5G_E712"",""r"":-94,""f"":5220}]","[{""type"":""LTE"",""pci"":421,""earfcn"":2600,""tac"":null,""rsrp"":-93,""rsrq"":-14,""rssi"":-67,""snr"":null,""ta"":0,""level"":3,""bands"":""5""},{""type"":""LTE"",""pci"":272,""earfcn"":2600,""tac"":null,""rsrp"":-97,""rsrq"":-19,""rssi"":-67,""snr"":null,""ta"":0,""level"":2,""bands"":""5""},{""type"":""LTE"",""pci"":131,""earfcn"":2600,""tac"":null,""rsrp"":-97,""rsrq"":-18,""rssi"":-69,""snr"":null,""ta"":0,""level"":2,""bands"":""5""}]"
1790512932330,2026-09-27 21:42:12,car,37.546591,127.0682431,4.349,0.014517866,,48.204246829596755,fused,4,LTE,NR_NSA,5G,true,false,true,false,false,52545035,421,2600,5,8282,450,06,-92,-13,-61,1,3,0,,,,2276,67681,0.0182,0.5414,2276,67681,0.0182,0.5414,false,3,0,3,-94,273,2600,0.04064333,false,false,periodic,1,3,-1,0,1349,,,,"[{""type"":""LTE"",""pci"":273,""earfcn"":2600,""tac"":null,""rsrp"":-94,""rsrq"":-14,""rssi"":-67,""snr"":null,""ta"":0,""level"":3,""bands"":""5""},{""type"":""LTE"",""pci"":131,""earfcn"":2600,""tac"":null,""rsrp"":-97,""rsrq"":-20,""rssi"":-67,""snr"":null,""ta"":0,""level"":2,""bands"":""5""},{""type"":""LTE"",""pci"":418,""earfcn"":2600,""tac"":null,""rsrp"":-98,""rsrq"":-20,""rssi"":-67,""snr"":null,""ta"":0,""level"":2,""bands"":""5""}]",1004.7865,13,0.524,0.524,10,6,,,,"[{""b"":""dc:8e:8d:bf:e7:bc"",""s"":""DLive_E7B7"",""r"":-34,""f"":2412},{""b"":""dc:8e:8d:bf:e7:b6"",""s"":""DLive5G_E7B7"",""r"":-37,""f"":5220},{""b"":""dc:8e:8d:bf:e6:93"",""s"":""DLive_E68E"",""r"":-61,""f"":2462},{""b"":""1e:39:29:f9:f9:45"",""s"":""[LG_CeilingCassette A\/C]f945"",""r"":-70,""f"":2462},{""b"":""1e:39:29:f9:f9:7d"",""s"":""[LG_CeilingCassette A\/C]f97d"",""r"":-76,""f"":2462},{""b"":""b0:38:6c:b1:26:36"",""s"":""ggulbam"",""r"":-83,""f"":2447},{""b"":""b0:38:6c:08:f1:00"",""s"":""🍟_5G"",""r"":-89,""f"":5745},{""b"":""88:36:6c:6a:84:c0"",""s"":""hong5G"",""r"":-89,""f"":5745},{""b"":""dc:8e:8d:bf:e7:48"",""s"":""DLive5G_E749"",""r"":-90,""f"":5220},{""b"":""dc:8e:8d:bf:e7:11"",""s"":""DLive5G_E712"",""r"":-94,""f"":5220}]",""
1790512937339,2026-09-27 21:42:17,car,37.5465909,127.0682431,4.228,0.016173938,,48.14782558646884,fused,4,LTE,NR_NSA,5G,true,false,true,false,false,52545035,421,2600,5,8282,450,06,-96,-15,-61,4,2,0,,,,860193,83409,6.8815,0.6673,860153,83369,6.8812,0.6670,false,2,0,2,-96,273,2600,0.22558463,false,false,periodic,6,3,-4,3,692,,,,"[{""type"":""LTE"",""pci"":273,""earfcn"":2600,""tac"":null,""rsrp"":-96,""rsrq"":-16,""rssi"":-71,""snr"":null,""ta"":0,""level"":2,""bands"":""5""},{""type"":""LTE"",""pci"":272,""earfcn"":2600,""tac"":null,""rsrp"":-101,""rsrq"":-20,""rssi"":-71,""snr"":null,""ta"":0,""level"":2,""bands"":""5""}]",1004.7765,10,0.459,0.459,10,5,,,,"[{""b"":""dc:8e:8d:bf:e7:bc"",""s"":""DLive_E7B7"",""r"":-35,""f"":2412},{""b"":""dc:8e:8d:bf:e7:b6"",""s"":""DLive5G_E7B7"",""r"":-38,""f"":5220},{""b"":""ca:dd:6a:05:5c:1b"",""s"":""[LG_CeilingCassette A\/C]5c1b"",""r"":-54,""f"":2462},{""b"":""dc:8e:8d:bf:e6:93"",""s"":""DLive_E68E"",""r"":-61,""f"":2462},{""b"":""88:36:6c:6a:84:c2"",""s"":""hong"",""r"":-77,""f"":2427},{""b"":""1e:39:29:f9:f9:7d"",""s"":""[LG_CeilingCassette A\/C]f97d"",""r"":-78,""f"":2462},{""b"":""8a:ca:4b:d9:e0:1b"",""s"":"""",""r"":-87,""f"":5805},{""b"":""80:ca:4b:d9:e0:1b"",""s"":""U+NetE018_5G"",""r"":-88,""f"":5805},{""b"":""dc:8e:8d:bf:e7:48"",""s"":""DLive5G_E749"",""r"":-90,""f"":5220},{""b"":""00:07:89:17:c4:a5"",""s"":""olleh_GiGA_WiFi_C4A1"",""r"":-91,""f"":5745}]",""
1790512942352,2026-09-27 21:42:22,car,37.546591,127.0682431,4.114,0.017606473,,47.98811939443085,fused,0,LTE,NR_NSA,5G,true,false,true,false,false,52545035,421,2600,5,8282,450,06,-96,-14,-63,4,2,0,,,,2204642,82097,17.6371,0.6568,2204622,82077,17.6370,0.6566,false,2,0,2,-96,273,2600,0.030354695,false,false,periodic,11,3,0,0,503,,,,"[{""type"":""LTE"",""pci"":273,""earfcn"":2600,""tac"":null,""rsrp"":-96,""rsrq"":-16,""rssi"":-71,""snr"":null,""ta"":0,""level"":2,""bands"":""5""},{""type"":""LTE"",""pci"":272,""earfcn"":2600,""tac"":null,""rsrp"":-98,""rsrq"":-18,""rssi"":-71,""snr"":null,""ta"":0,""level"":2,""bands"":""5""}]",1004.78735,10,0.459,0.459,11,2,,,,"[{""b"":""dc:8e:8d:bf:e7:bc"",""s"":""DLive_E7B7"",""r"":-35,""f"":2412},{""b"":""dc:8e:8d:bf:e7:b6"",""s"":""DLive5G_E7B7"",""r"":-35,""f"":5220},{""b"":""ca:dd:6a:05:5c:1b"",""s"":""[LG_CeilingCassette A\/C]5c1b"",""r"":-57,""f"":2462},{""b"":""dc:8e:8d:bf:e6:93"",""s"":""DLive_E68E"",""r"":-63,""f"":2462},{""b"":""dc:8e:8d:bf:e7:17"",""s"":""DLive_E712"",""r"":-64,""f"":2462},{""b"":""1e:39:29:f9:f9:45"",""s"":""[LG_CeilingCassette A\/C]f945"",""r"":-71,""f"":2462},{""b"":""72:7f:f0:63:d5:4c"",""s"":"""",""r"":-80,""f"":2457},{""b"":""b0:38:6c:08:f1:02"",""s"":""🍟"",""r"":-81,""f"":2412},{""b"":""b0:38:6c:2d:13:02"",""s"":""205호"",""r"":-81,""f"":2417},{""b"":""70:5d:cc:e0:23:50"",""s"":""603"",""r"":-84,""f"":2417},{""b"":""dc:8e:8d:bf:e7:48"",""s"":""DLive5G_E749"",""r"":-89,""f"":5220}]",""
1790512947365,2026-09-27 21:42:27,car,37.546591,127.0682431,4.114,0.017606473,,47.98811939443085,fused,5,LTE,NR_NSA,5G,true,false,true,false,false,52545035,421,2600,5,8282,450,06,-96,-14,-63,1,2,0,,,,2382,65374,0.0191,0.5230,2342,65334,0.0187,0.5227,false,4,0,4,-96,273,2600,1.4534744E-5,false,false,periodic,16,3,0,-3,515,,,,"[{""type"":""LTE"",""pci"":273,""earfcn"":2600,""tac"":null,""rsrp"":-96,""rsrq"":-16,""rssi"":-69,""snr"":null,""ta"":0,""level"":2,""bands"":""5""},{""type"":""LTE"",""pci"":131,""earfcn"":2600,""tac"":null,""rsrp"":-100,""rsrq"":-20,""rssi"":-71,""snr"":null,""ta"":0,""level"":2,""bands"":""5""},{""type"":""LTE"",""pci"":272,""earfcn"":2600,""tac"":null,""rsrp"":-101,""rsrq"":-20,""rssi"":-71,""snr"":null,""ta"":0,""level"":2,""bands"":""5""},{""type"":""LTE"",""pci"":418,""earfcn"":2600,""tac"":null,""rsrp"":-101,""rsrq"":-20,""rssi"":-69,""snr"":null,""ta"":0,""level"":2,""bands"":""5""}]",1004.7937,10,0.459,0.524,11,7,,,,"[{""b"":""dc:8e:8d:bf:e7:bc"",""s"":""DLive_E7B7"",""r"":-35,""f"":2412},{""b"":""dc:8e:8d:bf:e7:b6"",""s"":""DLive5G_E7B7"",""r"":-35,""f"":5220},{""b"":""ca:dd:6a:05:5c:1b"",""s"":""[LG_CeilingCassette A\/C]5c1b"",""r"":-57,""f"":2462},{""b"":""dc:8e:8d:bf:e6:93"",""s"":""DLive_E68E"",""r"":-63,""f"":2462},{""b"":""dc:8e:8d:bf:e7:17"",""s"":""DLive_E712"",""r"":-64,""f"":2462},{""b"":""1e:39:29:f9:f9:45"",""s"":""[LG_CeilingCassette A\/C]f945"",""r"":-71,""f"":2462},{""b"":""72:7f:f0:63:d5:4c"",""s"":"""",""r"":-80,""f"":2457},{""b"":""b0:38:6c:08:f1:02"",""s"":""🍟"",""r"":-81,""f"":2412},{""b"":""b0:38:6c:2d:13:02"",""s"":""205호"",""r"":-81,""f"":2417},{""b"":""70:5d:cc:e0:23:50"",""s"":""603"",""r"":-84,""f"":2417},{""b"":""dc:8e:8d:bf:e7:48"",""s"":""DLive5G_E749"",""r"":-89,""f"":5220}]",""
1790512952378,2026-09-27 21:42:32,car,37.546591,127.068243,4.13,0.018737078,,48.08626308354299,fused,3,LTE,NR_NSA,5G,true,false,true,false,false,52545035,421,2600,5,8282,450,06,-96,-14,-63,1,2,0,,,,2345,63619,0.0188,0.5090,2325,63599,0.0186,0.5088,false,4,0,4,-96,273,2600,6.959705E-9,false,false,periodic,22,2,0,0,5527,,,,"[{""type"":""LTE"",""pci"":273,""earfcn"":2600,""tac"":null,""rsrp"":-96,""rsrq"":-16,""rssi"":-69,""snr"":null,""ta"":0,""level"":2,""bands"":""5""},{""type"":""LTE"",""pci"":131,""earfcn"":2600,""tac"":null,""rsrp"":-100,""rsrq"":-20,""rssi"":-71,""snr"":null,""ta"":0,""level"":2,""bands"":""5""},{""type"":""LTE"",""pci"":272,""earfcn"":2600,""tac"":null,""rsrp"":-101,""rsrq"":-20,""rssi"":-71,""snr"":null,""ta"":0,""level"":2,""bands"":""5""},{""type"":""LTE"",""pci"":418,""earfcn"":2600,""tac"":null,""rsrp"":-101,""rsrq"":-20,""rssi"":-69,""snr"":null,""ta"":0,""level"":2,""bands"":""5""}]",1004.8016,10,0.524,0.459,6,4,,,,"[{""b"":""dc:8e:8d:bf:e7:b6"",""s"":""DLive5G_E7B7"",""r"":-35,""f"":5220},{""b"":""ca:dd:6a:05:5c:1b"",""s"":""[LG_CeilingCassette A\/C]5c1b"",""r"":-55,""f"":2462},{""b"":""dc:8e:8d:bf:e6:93"",""s"":""DLive_E68E"",""r"":-63,""f"":2462},{""b"":""80:ca:4b:d9:e0:1b"",""s"":""U+NetE018_5G"",""r"":-87,""f"":5805},{""b"":""dc:8e:8d:bf:e7:48"",""s"":""DLive5G_E749"",""r"":-88,""f"":5220},{""b"":""8a:ca:4b:d9:e0:1b"",""s"":"""",""r"":-89,""f"":5805}]",""
1790512957389,2026-09-27 21:42:37,car,37.5465909,127.0682427,4.093,0.020078262,,48.1953212339518,fused,2,LTE,NR_NSA,5G,true,false,true,false,false,52545035,421,2600,5,8282,450,06,-96,-13,-65,1,2,0,,,,2449,65366,0.0196,0.5229,2429,65346,0.0194,0.5228,false,4,0,4,-95,273,2600,3.44271E-12,false,false,periodic,27,2,0,0,5002,,,,"[{""type"":""LTE"",""pci"":273,""earfcn"":2600,""tac"":null,""rsrp"":-95,""rsrq"":-15,""rssi"":-71,""snr"":null,""ta"":0,""level"":3,""bands"":""5""},{""type"":""LTE"",""pci"":272,""earfcn"":2600,""tac"":null,""rsrp"":-97,""rsrq"":-18,""rssi"":-71,""snr"":null,""ta"":0,""level"":2,""bands"":""5""},{""type"":""LTE"",""pci"":131,""earfcn"":2600,""tac"":null,""rsrp"":-99,""rsrq"":-18,""rssi"":-71,""snr"":null,""ta"":0,""level"":2,""bands"":""5""},{""type"":""LTE"",""pci"":418,""earfcn"":2600,""tac"":null,""rsrp"":-101,""rsrq"":-20,""rssi"":-71,""snr"":null,""ta"":0,""level"":2,""bands"":""5""}]",1004.8056,11,0.459,0.459,12,3,,,,"[{""b"":""dc:8e:8d:bf:e7:b6"",""s"":""DLive5G_E7B7"",""r"":-33,""f"":5220},{""b"":""dc:8e:8d:bf:e7:bc"",""s"":""DLive_E7B7"",""r"":-35,""f"":2412},{""b"":""ca:dd:6a:05:5c:1b"",""s"":""[LG_CeilingCassette A\/C]5c1b"",""r"":-53,""f"":2462},{""b"":""dc:8e:8d:bf:e6:93"",""s"":""DLive_E68E"",""r"":-55,""f"":2462},{""b"":""dc:8e:8d:bf:e7:17"",""s"":""DLive_E712"",""r"":-65,""f"":2462},{""b"":""88:36:6c:6a:84:c2"",""s"":""hong"",""r"":-75,""f"":2427},{""b"":""1e:39:29:f9:f9:7d"",""s"":""[LG_CeilingCassette A\/C]f97d"",""r"":-77,""f"":2462},{""b"":""38:f4:5e:3d:ab:f7"",""s"":""SK_ABF4_2.4G"",""r"":-78,""f"":2412},{""b"":""58:86:94:dd:fd:b6"",""s"":""iptime_niulgul"",""r"":-83,""f"":2432},{""b"":""80:ca:4b:d9:e0:1b"",""s"":""U+NetE018_5G"",""r"":-88,""f"":5805},{""b"":""8a:ca:4b:d9:e0:1b"",""s"":"""",""r"":-88,""f"":5805},{""b"":""dc:8e:8d:bf:e7:48"",""s"":""DLive5G_E749"",""r"":-88,""f"":5220}]",""
1790512962403,2026-09-27 21:42:42,car,37.5465896,127.0682408,4.089,0.021296322,,48.054349029921156,fused,1,LTE,NR_NSA,5G,true,false,true,false,false,52545035,421,2600,5,8282,450,06,-96,-13,-63,1,2,0,,,,525606,68712,4.2048,0.5497,525586,68692,4.2047,0.5495,false,3,0,3,-95,273,2600,1.6484733E-15,false,false,periodic,32,0,0,0,5000,,,,"[{""type"":""LTE"",""pci"":273,""earfcn"":2600,""tac"":null,""rsrp"":-95,""rsrq"":-16,""rssi"":-69,""snr"":null,""ta"":0,""level"":3,""bands"":""5""},{""type"":""LTE"",""pci"":272,""earfcn"":2600,""tac"":null,""rsrp"":-99,""rsrq"":-20,""rssi"":-69,""snr"":null,""ta"":0,""level"":2,""bands"":""5""},{""type"":""LTE"",""pci"":418,""earfcn"":2600,""tac"":null,""rsrp"":-99,""rsrq"":-19,""rssi"":-69,""snr"":null,""ta"":0,""level"":2,""bands"":""5""}]",1004.8146,11,0.459,0.459,14,3,,,,"[{""b"":""dc:8e:8d:bf:e7:b6"",""s"":""DLive5G_E7B7"",""r"":-33,""f"":5220},{""b"":""dc:8e:8d:bf:e7:bc"",""s"":""DLive_E7B7"",""r"":-35,""f"":2412},{""b"":""ca:dd:6a:05:5c:1b"",""s"":""[LG_CeilingCassette A\/C]5c1b"",""r"":-54,""f"":2462},{""b"":""36:e6:e6:e8:d8:bf"",""s"":"""",""r"":-63,""f"":2412},{""b"":""dc:8e:8d:bf:e7:17"",""s"":""DLive_E712"",""r"":-64,""f"":2462},{""b"":""dc:8e:8d:bf:e6:93"",""s"":""DLive_E68E"",""r"":-64,""f"":2462},{""b"":""1e:39:29:f9:f9:45"",""s"":""[LG_CeilingCassette A\/C]f945"",""r"":-71,""f"":2462},{""b"":""dc:8e:8d:bf:e7:4e"",""s"":""DLive_E749"",""r"":-79,""f"":2412},{""b"":""da:e3:5e:f5:14:7c"",""s"":""[LG_Wall-Mount A\/C]147c"",""r"":-82,""f"":2452},{""b"":""02:1d:ec:f9:16:64"",""s"":""KT_IPTV_WiFi_2G_1664"",""r"":-85,""f"":2452},{""b"":""88:36:6c:6a:84:c0"",""s"":""hong5G"",""r"":-88,""f"":5745},{""b"":""dc:8e:8d:bf:e7:48"",""s"":""DLive5G_E749"",""r"":-89,""f"":5220},{""b"":""b0:38:6c:08:f1:00"",""s"":""🍟_5G"",""r"":-91,""f"":5745},{""b"":""dc:8e:8d:bf:e7:11"",""s"":""DLive5G_E712"",""r"":-93,""f"":5220}]",""
1790512967409,2026-09-27 21:42:47,car,37.5465908,127.0682416,3.984,0.02233835,,47.97964643961657,fused,0,LTE,NR_NSA,5G,true,false,true,false,false,52545035,421,2600,5,8282,450,06,-96,-14,-63,4,2,0,,,,2372,65450,0.0190,0.5236,2332,65410,0.0187,0.5233,false,3,0,3,-97,273,2600,0.03404619,false,false,periodic,37,0,0,3,5002,,,,"[{""type"":""LTE"",""pci"":273,""earfcn"":2600,""tac"":null,""rsrp"":-97,""rsrq"":-16,""rssi"":-69,""snr"":null,""ta"":0,""level"":2,""bands"":""5""},{""type"":""LTE"",""pci"":272,""earfcn"":2600,""tac"":null,""rsrp"":-97,""rsrq"":-19,""rssi"":-67,""snr"":null,""ta"":0,""level"":2,""bands"":""5""},{""type"":""LTE"",""pci"":418,""earfcn"":2600,""tac"":null,""rsrp"":-98,""rsrq"":-19,""rssi"":-69,""snr"":null,""ta"":0,""level"":2,""bands"":""5""}]",1004.8235,11,0.524,0.524,10,2,,,,"[{""b"":""dc:8e:8d:bf:e7:b6"",""s"":""DLive5G_E7B7"",""r"":-34,""f"":5220},{""b"":""dc:8e:8d:bf:e7:bc"",""s"":""DLive_E7B7"",""r"":-36,""f"":2412},{""b"":""ca:dd:6a:05:5c:1b"",""s"":""[LG_CeilingCassette A\/C]5c1b"",""r"":-56,""f"":2462},{""b"":""dc:8e:8d:bf:e7:17"",""s"":""DLive_E712"",""r"":-65,""f"":2462},{""b"":""1e:39:29:f9:f9:45"",""s"":""[LG_CeilingCassette A\/C]f945"",""r"":-73,""f"":2462},{""b"":""12:f4:5e:3d:ab:f7"",""s"":"""",""r"":-82,""f"":2412},{""b"":""9c:9d:7e:5f:6c:be"",""s"":""1029_1029"",""r"":-84,""f"":2417},{""b"":""8a:ca:4b:d9:e0:1b"",""s"":"""",""r"":-87,""f"":5805},{""b"":""80:ca:4b:d9:e0:1b"",""s"":""U+NetE018_5G"",""r"":-88,""f"":5805},{""b"":""dc:8e:8d:bf:e7:48"",""s"":""DLive5G_E749"",""r"":-88,""f"":5220}]",""
1790512972421,2026-09-27 21:42:52,car,37.5465918,127.0682419,3.916,0.023655867,,47.74087221313992,fused,2,LTE,NR_NSA,5G,true,false,true,false,false,52545035,421,2600,5,8282,450,06,-96,-13,-63,3,2,0,,,,2482,63719,0.0199,0.5098,2462,63699,0.0197,0.5096,false,2,0,2,-96,273,2600,1.6302354E-5,false,false,periodic,42,0,0,-1,2387,,,,"[{""type"":""LTE"",""pci"":273,""earfcn"":2600,""tac"":null,""rsrp"":-96,""rsrq"":-15,""rssi"":-71,""snr"":null,""ta"":0,""level"":2,""bands"":""5""},{""type"":""LTE"",""pci"":272,""earfcn"":2600,""tac"":null,""rsrp"":-98,""rsrq"":-17,""rssi"":-71,""snr"":null,""ta"":0,""level"":2,""bands"":""5""}]",1004.8265,10,0.459,0.459,10,4,,,,"[{""b"":""dc:8e:8d:bf:e7:b6"",""s"":""DLive5G_E7B7"",""r"":-34,""f"":5220},{""b"":""dc:8e:8d:bf:e7:bc"",""s"":""DLive_E7B7"",""r"":-37,""f"":2412},{""b"":""dc:8e:8d:bf:e7:17"",""s"":""DLive_E712"",""r"":-64,""f"":2462},{""b"":""1e:39:29:f9:f9:45"",""s"":""[LG_CeilingCassette A\/C]f945"",""r"":-73,""f"":2462},{""b"":""dc:8e:8d:bf:e7:4e"",""s"":""DLive_E749"",""r"":-76,""f"":2412},{""b"":""02:1d:ec:df:4d:c6"",""s"":""KT_IPTV_WiFi_2G_4DC6"",""r"":-83,""f"":2452},{""b"":""88:36:6c:6a:84:c0"",""s"":""hong5G"",""r"":-88,""f"":5745},{""b"":""dc:8e:8d:bf:e7:48"",""s"":""DLive5G_E749"",""r"":-89,""f"":5220},{""b"":""b0:38:6c:08:f1:00"",""s"":""🍟_5G"",""r"":-90,""f"":5745},{""b"":""dc:8e:8d:bf:e7:11"",""s"":""DLive5G_E712"",""r"":-93,""f"":5220}]",""
1790512977434,2026-09-27 21:42:57,car,37.5465918,127.0682422,3.976,0.024619825,,47.64788685370485,fused,0,LTE,NR_NSA,5G,true,false,true,false,false,52545035,421,2600,5,8282,450,06,-96,-13,-63,3,2,0,,,,2490,65672,0.0199,0.5254,2470,65652,0.0198,0.5252,false,3,0,3,-96,273,2600,6.638702E-4,false,false,periodic,47,0,0,0,2396,,,,"[{""type"":""LTE"",""pci"":273,""earfcn"":2600,""tac"":null,""rsrp"":-96,""rsrq"":-14,""rssi"":-69,""snr"":null,""ta"":0,""level"":2,""bands"":""5""},{""type"":""LTE"",""pci"":272,""earfcn"":2600,""tac"":null,""rsrp"":-100,""rsrq"":-17,""rssi"":-73,""snr"":null,""ta"":0,""level"":2,""bands"":""5""},{""type"":""LTE"",""pci"":418,""earfcn"":2600,""tac"":null,""rsrp"":-101,""rsrq"":-18,""rssi"":-73,""snr"":null,""ta"":0,""level"":2,""bands"":""5""}]",1004.8356,11,0.459,0.459,7,1,,,,"[{""b"":""dc:8e:8d:bf:e7:b6"",""s"":""DLive5G_E7B7"",""r"":-34,""f"":5220},{""b"":""dc:8e:8d:bf:e7:bc"",""s"":""DLive_E7B7"",""r"":-35,""f"":2412},{""b"":""dc:8e:8d:bf:e7:17"",""s"":""DLive_E712"",""r"":-67,""f"":2462},{""b"":""1e:39:29:f9:f9:45"",""s"":""[LG_CeilingCassette A\/C]f945"",""r"":-74,""f"":2462},{""b"":""b0:38:6c:36:ff:8a"",""s"":""subin"",""r"":-84,""f"":2412},{""b"":""80:ca:4b:d9:e0:1b"",""s"":""U+NetE018_5G"",""r"":-87,""f"":5805},{""b"":""8a:ca:4b:d9:e0:1b"",""s"":"""",""r"":-87,""f"":5805}]",""
1790512982449,2026-09-27 21:43:02,car,37.5465918,127.0682422,3.976,0.024619825,,47.64788685370485,fused,5,LTE,NR_NSA,5G,true,false,true,false,false,52545035,421,2600,5,8282,450,06,-95,-14,-61,3,3,0,,,,2509,66367,0.0201,0.5309,2489,66347,0.0199,0.5308,false,3,0,3,-96,273,2600,0.13763943,false,false,periodic,52,0,1,0,1529,,,,"[{""type"":""LTE"",""pci"":273,""earfcn"":2600,""tac"":null,""rsrp"":-96,""rsrq"":-14,""rssi"":-73,""snr"":null,""ta"":0,""level"":2,""bands"":""5""},{""type"":""LTE"",""pci"":418,""earfcn"":2600,""tac"":null,""rsrp"":-102,""rsrq"":-18,""rssi"":-73,""snr"":null,""ta"":0,""level"":2,""bands"":""5""},{""type"":""LTE"",""pci"":131,""earfcn"":2600,""tac"":null,""rsrp"":-104,""rsrq"":-20,""rssi"":-73,""snr"":null,""ta"":0,""level"":2,""bands"":""5""}]",1004.8564,11,0.524,0.524,7,6,,,,"[{""b"":""dc:8e:8d:bf:e7:b6"",""s"":""DLive5G_E7B7"",""r"":-34,""f"":5220},{""b"":""dc:8e:8d:bf:e7:bc"",""s"":""DLive_E7B7"",""r"":-35,""f"":2412},{""b"":""dc:8e:8d:bf:e7:17"",""s"":""DLive_E712"",""r"":-67,""f"":2462},{""b"":""1e:39:29:f9:f9:45"",""s"":""[LG_CeilingCassette A\/C]f945"",""r"":-74,""f"":2462},{""b"":""b0:38:6c:36:ff:8a"",""s"":""subin"",""r"":-84,""f"":2412},{""b"":""80:ca:4b:d9:e0:1b"",""s"":""U+NetE018_5G"",""r"":-87,""f"":5805},{""b"":""8a:ca:4b:d9:e0:1b"",""s"":"""",""r"":-87,""f"":5805}]",""
1790512986415,2026-09-27 21:43:06,car,37.5465927,127.0682426,3.959,0.025355708,,47.57318586064275,fused,3,LTE,NR_NSA,5G,true,false,true,false,false,52543750,273,2600,5,8282,450,06,-88,-10,-59,2,3,0,,,,2260,64753,0.0181,0.5180,2234,64728,0.0179,0.5178,false,1,0,1,-94,421,2600,3.9788778,true,false,handover,0,1,,,6,52545035,-95,-14,"[{""type"":""LTE"",""pci"":421,""earfcn"":2600,""tac"":null,""rsrp"":-94,""rsrq"":-15,""rssi"":-65,""snr"":null,""ta"":0,""level"":3,""bands"":""5""}]",1004.8205,10,0.459,0.524,10,4,,,,"[{""b"":""dc:8e:8d:bf:e7:bc"",""s"":""DLive_E7B7"",""r"":-34,""f"":2412},{""b"":""dc:8e:8d:bf:e7:b6"",""s"":""DLive5G_E7B7"",""r"":-37,""f"":5220},{""b"":""ca:dd:6a:05:5c:1b"",""s"":""[LG_CeilingCassette A\/C]5c1b"",""r"":-55,""f"":2462},{""b"":""dc:8e:8d:bf:e6:93"",""s"":""DLive_E68E"",""r"":-62,""f"":2462},{""b"":""dc:8e:8d:bf:e7:4e"",""s"":""DLive_E749"",""r"":-74,""f"":2412},{""b"":""72:7f:f0:63:d5:4b"",""s"":""TP-Link_D548"",""r"":-77,""f"":2457},{""b"":""dc:8e:8d:bf:e7:48"",""s"":""DLive5G_E749"",""r"":-88,""f"":5220},{""b"":""88:36:6c:6a:84:c0"",""s"":""hong5G"",""r"":-88,""f"":5745},{""b"":""b0:38:6c:08:f1:00"",""s"":""🍟_5G"",""r"":-91,""f"":5745},{""b"":""dc:8e:8d:bf:e7:11"",""s"":""DLive5G_E712"",""r"":-93,""f"":5220}]","[{""type"":""LTE"",""pci"":273,""earfcn"":2600,""tac"":null,""rsrp"":-96,""rsrq"":-14,""rssi"":-73,""snr"":null,""ta"":0,""level"":2,""bands"":""5""},{""type"":""LTE"",""pci"":418,""earfcn"":2600,""tac"":null,""rsrp"":-102,""rsrq"":-18,""rssi"":-73,""snr"":null,""ta"":0,""level"":2,""bands"":""5""},{""type"":""LTE"",""pci"":131,""earfcn"":2600,""tac"":null,""rsrp"":-104,""rsrq"":-20,""rssi"":-73,""snr"":null,""ta"":0,""level"":2,""bands"":""5""}]"
1790512987461,2026-09-27 21:43:07,car,37.5465926,127.068243,3.937,0.025278252,,47.66416926423872,fused,0,LTE,NR_NSA,5G,true,false,true,false,false,52543750,273,2600,5,8282,450,06,-89,-9,-59,2,3,0,,,,2271,59172,0.0182,0.4734,2271,59172,0.0182,0.4734,false,3,0,3,-93,421,2600,0.8658621,false,false,periodic,1,1,-1,0,705,,,,"[{""type"":""LTE"",""pci"":421,""earfcn"":2600,""tac"":null,""rsrp"":-93,""rsrq"":-16,""rssi"":-65,""snr"":null,""ta"":0,""level"":3,""bands"":""5""},{""type"":""LTE"",""pci"":273,""earfcn"":3050,""tac"":null,""rsrp"":-96,""rsrq"":-9,""rssi"":-77,""snr"":null,""ta"":0,""level"":2,""bands"":""7""},{""type"":""LTE"",""pci"":418,""earfcn"":3050,""tac"":null,""rsrp"":-102,""rsrq"":-16,""rssi"":-77,""snr"":null,""ta"":0,""level"":2,""bands"":""7""}]",1004.96545,10,0.524,0.459,10,5,,,,"[{""b"":""dc:8e:8d:bf:e7:bc"",""s"":""DLive_E7B7"",""r"":-34,""f"":2412},{""b"":""dc:8e:8d:bf:e7:b6"",""s"":""DLive5G_E7B7"",""r"":-37,""f"":5220},{""b"":""ca:dd:6a:05:5c:1b"",""s"":""[LG_CeilingCassette A\/C]5c1b"",""r"":-55,""f"":2462},{""b"":""dc:8e:8d:bf:e6:93"",""s"":""DLive_E68E"",""r"":-62,""f"":2462},{""b"":""dc:8e:8d:bf:e7:4e"",""s"":""DLive_E749"",""r"":-74,""f"":2412},{""b"":""72:7f:f0:63:d5:4b"",""s"":""TP-Link_D548"",""r"":-77,""f"":2457},{""b"":""dc:8e:8d:bf:e7:48"",""s"":""DLive5G_E749"",""r"":-88,""f"":5220},{""b"":""88:36:6c:6a:84:c0"",""s"":""hong5G"",""r"":-88,""f"":5745},{""b"":""b0:38:6c:08:f1:00"",""s"":""🍟_5G"",""r"":-91,""f"":5745},{""b"":""dc:8e:8d:bf:e7:11"",""s"":""DLive5G_E712"",""r"":-93,""f"":5220}]",""
1790512992472,2026-09-27 21:43:12,car,37.5465926,127.0682429,3.94,0.025519228,,47.58790204632234,fused,3,LTE,NR_NSA,5G,true,false,true,false,false,52543750,273,2600,5,8282,450,06,-88,-12,-59,3,3,0,,,,2340,65386,0.0187,0.5231,2300,65346,0.0184,0.5228,false,4,0,4,-87,273,100,0.012410268,false,false,periodic,6,1,1,1,52,,,,"[{""type"":""LTE"",""pci"":273,""earfcn"":100,""tac"":null,""rsrp"":-87,""rsrq"":-10,""rssi"":-67,""snr"":null,""ta"":0,""level"":3,""bands"":""1""},{""type"":""LTE"",""pci"":421,""earfcn"":2600,""tac"":null,""rsrp"":-93,""rsrq"":-15,""rssi"":-65,""snr"":null,""ta"":0,""level"":3,""bands"":""5""},{""type"":""LTE"",""pci"":273,""earfcn"":3050,""tac"":null,""rsrp"":-96,""rsrq"":-12,""rssi"":-73,""snr"":null,""ta"":0,""level"":2,""bands"":""7""},{""type"":""LTE"",""pci"":418,""earfcn"":3050,""tac"":null,""rsrp"":-101,""rsrq"":-18,""rssi"":-73,""snr"":null,""ta"":0,""level"":2,""bands"":""7""}]",1004.9093,15,0.459,0.459,8,5,,,,"[{""b"":""dc:8e:8d:bf:e7:bc"",""s"":""DLive_E7B7"",""r"":-31,""f"":2412},{""b"":""dc:8e:8d:bf:e7:b6"",""s"":""DLive5G_E7B7"",""r"":-40,""f"":5220},{""b"":""dc:8e:8d:bf:e6:93"",""s"":""DLive_E68E"",""r"":-61,""f"":2462},{""b"":""00:07:89:82:be:31"",""s"":""KT_GiGA_2G_Wave2_BE2E"",""r"":-82,""f"":2437},{""b"":""08:36:c9:fd:49:b1"",""s"":""NETGEAR12"",""r"":-85,""f"":2432},{""b"":""88:36:6c:6a:84:c0"",""s"":""hong5G"",""r"":-88,""f"":5745},{""b"":""dc:8e:8d:bf:e7:48"",""s"":""DLive5G_E749"",""r"":-89,""f"":5220},{""b"":""dc:8e:8d:bf:e7:11"",""s"":""DLive5G_E712"",""r"":-91,""f"":5220}]",""
1790512997483,2026-09-27 21:43:17,car,37.5465926,127.0682429,3.911,0.026418537,,46.8295103478105,fused,2,LTE,NR_NSA,5G,true,false,true,false,false,52543750,273,2600,5,8282,450,06,-88,-12,-59,3,3,0,,,,2442,65430,0.0195,0.5234,2422,65410,0.0194,0.5233,false,4,0,4,-87,273,100,5.9424456E-6,false,false,periodic,11,1,0,0,5065,,,,"[{""type"":""LTE"",""pci"":273,""earfcn"":100,""tac"":null,""rsrp"":-87,""rsrq"":-10,""rssi"":-67,""snr"":null,""ta"":0,""level"":3,""bands"":""1""},{""type"":""LTE"",""pci"":421,""earfcn"":2600,""tac"":null,""rsrp"":-93,""rsrq"":-15,""rssi"":-65,""snr"":null,""ta"":0,""level"":3,""bands"":""5""},{""type"":""LTE"",""pci"":273,""earfcn"":3050,""tac"":null,""rsrp"":-96,""rsrq"":-12,""rssi"":-73,""snr"":null,""ta"":0,""level"":2,""bands"":""7""},{""type"":""LTE"",""pci"":418,""earfcn"":3050,""tac"":null,""rsrp"":-101,""rsrq"":-18,""rssi"":-73,""snr"":null,""ta"":0,""level"":2,""bands"":""7""}]",1004.91656,13,0.459,0.459,8,4,,,,"[{""b"":""dc:8e:8d:bf:e7:bc"",""s"":""DLive_E7B7"",""r"":-29,""f"":2412},{""b"":""dc:8e:8d:bf:e7:b6"",""s"":""DLive5G_E7B7"",""r"":-42,""f"":5220},{""b"":""dc:8e:8d:bf:e6:93"",""s"":""DLive_E68E"",""r"":-63,""f"":2462},{""b"":""1e:39:29:f9:f9:7d"",""s"":""[LG_CeilingCassette A\/C]f97d"",""r"":-71,""f"":2462},{""b"":""12:f4:5e:3d:ab:f7"",""s"":"""",""r"":-81,""f"":2412},{""b"":""70:5d:cc:e0:14:2e"",""s"":""402"",""r"":-82,""f"":2452},{""b"":""dc:8e:8d:bf:e7:48"",""s"":""DLive5G_E749"",""r"":-88,""f"":5220},{""b"":""dc:8e:8d:bf:e7:11"",""s"":""DLive5G_E712"",""r"":-93,""f"":5220}]",""
1790513002505,2026-09-27 21:43:22,car,37.5465925,127.0682428,3.901,0.026921175,,47.0465671191791,fused,2,LTE,NR_NSA,5G,true,false,true,false,false,52543750,273,2600,5,8282,450,06,-91,-12,-61,3,3,0,,,,228317,67775,1.8265,0.5422,228297,67755,1.8264,0.5420,false,4,0,4,-88,273,100,0.0019930217,false,false,periodic,16,1,-3,0,4998,,,,"[{""type"":""LTE"",""pci"":273,""earfcn"":100,""tac"":null,""rsrp"":-88,""rsrq"":-11,""rssi"":-65,""snr"":null,""ta"":0,""level"":3,""bands"":""1""},{""type"":""LTE"",""pci"":421,""earfcn"":2600,""tac"":null,""rsrp"":-93,""rsrq"":-15,""rssi"":-67,""snr"":null,""ta"":0,""level"":3,""bands"":""5""},{""type"":""LTE"",""pci"":273,""earfcn"":3050,""tac"":null,""rsrp"":-95,""rsrq"":-10,""rssi"":-77,""snr"":null,""ta"":0,""level"":3,""bands"":""7""},{""type"":""LTE"",""pci"":418,""earfcn"":3050,""tac"":null,""rsrp"":-104,""rsrq"":-18,""rssi"":-77,""snr"":null,""ta"":0,""level"":2,""bands"":""7""}]",1004.9246,10,0.524,0.524,6,4,,,,"[{""b"":""dc:8e:8d:bf:e7:b6"",""s"":""DLive5G_E7B7"",""r"":-39,""f"":5220},{""b"":""dc:8e:8d:bf:e7:bc"",""s"":""DLive_E7B7"",""r"":-43,""f"":2412},{""b"":""dc:8e:8d:bf:e6:93"",""s"":""DLive_E68E"",""r"":-65,""f"":2462},{""b"":""ca:dd:6a:05:5c:1b"",""s"":""[LG_CeilingCassette A\/C]5c1b"",""r"":-68,""f"":2462},{""b"":""dc:8e:8d:bf:e7:48"",""s"":""DLive5G_E749"",""r"":-89,""f"":5220},{""b"":""dc:8e:8d:bf:e7:11"",""s"":""DLive5G_E712"",""r"":-94,""f"":5220}]",""
1790513007522,2026-09-27 21:43:27,car,37.5465925,127.0682431,3.862,0.028540125,,46.7443688831016,fused,2,LTE,NR_NSA,5G,true,false,true,false,false,52543750,273,2600,5,8282,450,06,-89,-11,-63,3,3,0,,,,3550,66766,0.0284,0.5341,3530,66746,0.0282,0.5340,false,5,0,5,-87,273,100,9.543243E-7,false,false,periodic,21,1,2,0,4998,,,,"[{""type"":""LTE"",""pci"":273,""earfcn"":100,""tac"":null,""rsrp"":-87,""rsrq"":-12,""rssi"":-65,""snr"":null,""ta"":0,""level"":3,""bands"":""1""},{""type"":""LTE"",""pci"":421,""earfcn"":2600,""tac"":null,""rsrp"":-92,""rsrq"":-15,""rssi"":-65,""snr"":null,""ta"":0,""level"":3,""bands"":""5""},{""type"":""LTE"",""pci"":273,""earfcn"":3050,""tac"":null,""rsrp"":-97,""rsrq"":-9,""rssi"":-77,""snr"":null,""ta"":0,""level"":2,""bands"":""7""},{""type"":""LTE"",""pci"":421,""earfcn"":100,""tac"":null,""rsrp"":-98,""rsrq"":-20,""rssi"":-69,""snr"":null,""ta"":0,""level"":2,""bands"":""1""},{""type"":""LTE"",""pci"":418,""earfcn"":3050,""tac"":null,""rsrp"":-104,""rsrq"":-17,""rssi"":-77,""snr"":null,""ta"":0,""level"":2,""bands"":""7""}]",1004.9312,12,0.459,0.459,8,3,,,,"[{""b"":""dc:8e:8d:bf:e7:bc"",""s"":""DLive_E7B7"",""r"":-33,""f"":2412},{""b"":""dc:8e:8d:bf:e7:b6"",""s"":""DLive5G_E7B7"",""r"":-40,""f"":5220},{""b"":""dc:8e:8d:bf:e6:93"",""s"":""DLive_E68E"",""r"":-60,""f"":2462},{""b"":""dc:8e:8d:bf:e7:4e"",""s"":""DLive_E749"",""r"":-69,""f"":2412},{""b"":""1e:39:29:f9:f9:7d"",""s"":""[LG_CeilingCassette A\/C]f97d"",""r"":-74,""f"":2462},{""b"":""72:7f:f0:63:d5:4b"",""s"":""TP-Link_D548"",""r"":-79,""f"":2457},{""b"":""dc:8e:8d:bf:e7:11"",""s"":""DLive5G_E712"",""r"":-89,""f"":5220},{""b"":""dc:8e:8d:bf:e7:48"",""s"":""DLive5G_E749"",""r"":-89,""f"":5220}]",""
1790513012532,2026-09-27 21:43:32,car,37.5465915,127.068242,3.896,0.028837947,,46.97723179835424,fused,1,LTE,NR_NSA,5G,true,false,true,false,false,52543750,273,2600,5,8282,450,06,-89,-10,-61,3,3,0,,,,2545,65999,0.0204,0.5280,2505,65959,0.0200,0.5277,false,5,0,5,-87,273,100,0.015336391,false,false,periodic,26,1,0,0,5001,,,,"[{""type"":""LTE"",""pci"":273,""earfcn"":100,""tac"":null,""rsrp"":-87,""rsrq"":-12,""rssi"":-63,""snr"":null,""ta"":0,""level"":3,""bands"":""1""},{""type"":""LTE"",""pci"":421,""earfcn"":2600,""tac"":null,""rsrp"":-93,""rsrq"":-16,""rssi"":-65,""snr"":null,""ta"":0,""level"":3,""bands"":""5""},{""type"":""LTE"",""pci"":273,""earfcn"":3050,""tac"":null,""rsrp"":-96,""rsrq"":-9,""rssi"":-79,""snr"":null,""ta"":0,""level"":2,""bands"":""7""},{""type"":""LTE"",""pci"":421,""earfcn"":100,""tac"":null,""rsrp"":-101,""rsrq"":-20,""rssi"":-69,""snr"":null,""ta"":0,""level"":2,""bands"":""1""},{""type"":""LTE"",""pci"":418,""earfcn"":3050,""tac"":null,""rsrp"":-103,""rsrq"":-15,""rssi"":-79,""snr"":null,""ta"":0,""level"":2,""bands"":""7""}]",1004.9393,11,0.459,0.459,7,2,,,,"[{""b"":""dc:8e:8d:bf:e7:bc"",""s"":""DLive_E7B7"",""r"":-32,""f"":2412},{""b"":""dc:8e:8d:bf:e7:b6"",""s"":""DLive5G_E7B7"",""r"":-39,""f"":5220},{""b"":""ca:dd:6a:05:5c:1b"",""s"":""[LG_CeilingCassette A\/C]5c1b"",""r"":-56,""f"":2462},{""b"":""00:07:89:82:be:31"",""s"":""KT_GiGA_2G_Wave2_BE2E"",""r"":-82,""f"":2437},{""b"":""dc:8e:8d:bf:e7:48"",""s"":""DLive5G_E749"",""r"":-88,""f"":5220},{""b"":""88:36:6c:6a:84:c0"",""s"":""hong5G"",""r"":-88,""f"":5745},{""b"":""dc:8e:8d:bf:e7:11"",""s"":""DLive5G_E712"",""r"":-89,""f"":5220}]",""
1790513017554,2026-09-27 21:43:37,car,37.546592,127.0682426,3.811,0.029151186,,46.67320308197159,fused,0,LTE,NR_NSA,5G,true,false,true,false,false,52543750,273,2600,5,8282,450,06,-88,-11,-59,4,3,0,,,,14597,66335,0.1168,0.5307,14577,66315,0.1166,0.5305,false,5,0,5,-82,273,100,0.1574353,false,false,periodic,31,0,1,1,2783,,,,"[{""type"":""LTE"",""pci"":273,""earfcn"":100,""tac"":null,""rsrp"":-82,""rsrq"":-10,""rssi"":-63,""snr"":null,""ta"":0,""level"":4,""bands"":""1""},{""type"":""LTE"",""pci"":421,""earfcn"":2600,""tac"":null,""rsrp"":-93,""rsrq"":-16,""rssi"":-65,""snr"":null,""ta"":0,""level"":3,""bands"":""5""},{""type"":""LTE"",""pci"":273,""earfcn"":3050,""tac"":null,""rsrp"":-94,""rsrq"":-12,""rssi"":-73,""snr"":null,""ta"":0,""level"":3,""bands"":""7""},{""type"":""LTE"",""pci"":421,""earfcn"":100,""tac"":null,""rsrp"":-97,""rsrq"":-20,""rssi"":-67,""snr"":null,""ta"":0,""level"":2,""bands"":""1""},{""type"":""LTE"",""pci"":418,""earfcn"":3050,""tac"":null,""rsrp"":-101,""rsrq"":-17,""rssi"":-73,""snr"":null,""ta"":0,""level"":2,""bands"":""7""}]",1004.8815,10,0.459,0.459,8,2,,,,"[{""b"":""dc:8e:8d:bf:e7:bc"",""s"":""DLive_E7B7"",""r"":-33,""f"":2412},{""b"":""dc:8e:8d:bf:e7:b6"",""s"":""DLive5G_E7B7"",""r"":-36,""f"":5220},{""b"":""dc:8e:8d:bf:e6:93"",""s"":""DLive_E68E"",""r"":-63,""f"":2462},{""b"":""1e:39:29:f9:f9:45"",""s"":""[LG_CeilingCassette A\/C]f945"",""r"":-72,""f"":2462},{""b"":""00:07:89:82:be:31"",""s"":""KT_GiGA_2G_Wave2_BE2E"",""r"":-82,""f"":2437},{""b"":""dc:8e:8d:bf:e7:48"",""s"":""DLive5G_E749"",""r"":-85,""f"":5220},{""b"":""12:07:89:bc:8c:f5"",""s"":"""",""r"":-89,""f"":5805},{""b"":""dc:8e:8d:bf:e7:11"",""s"":""DLive5G_E712"",""r"":-93,""f"":5220}]",""
1790513022567,2026-09-27 21:43:42,car,37.546592,127.0682426,3.811,0.029151186,,46.67320308197159,fused,5,LTE,NR_NSA,5G,true,false,true,false,false,52543750,273,2600,5,8282,450,06,-91,-12,-63,3,3,0,,,,8743,66221,0.0699,0.5298,8723,66201,0.0698,0.5296,false,6,0,6,-84,273,100,0.1811941,false,false,periodic,36,0,-3,-1,2064,,,,"[{""type"":""LTE"",""pci"":273,""earfcn"":100,""tac"":null,""rsrp"":-84,""rsrq"":-9,""rssi"":-57,""snr"":null,""ta"":0,""level"":4,""bands"":""1""},{""type"":""LTE"",""pci"":421,""earfcn"":100,""tac"":null,""rsrp"":-91,""rsrq"":-20,""rssi"":-61,""snr"":null,""ta"":0,""level"":3,""bands"":""1""},{""type"":""LTE"",""pci"":273,""earfcn"":3050,""tac"":null,""rsrp"":-92,""rsrq"":-8,""rssi"":-65,""snr"":null,""ta"":0,""level"":3,""bands"":""7""},{""type"":""LTE"",""pci"":421,""earfcn"":2600,""tac"":null,""rsrp"":-98,""rsrq"":-17,""rssi"":-69,""snr"":null,""ta"":0,""level"":2,""bands"":""5""},{""type"":""LTE"",""pci"":418,""earfcn"":3050,""tac"":null,""rsrp"":-99,""rsrq"":-19,""rssi"":-69,""snr"":null,""ta"":0,""level"":2,""bands"":""7""},{""type"":""LTE"",""pci"":418,""earfcn"":100,""tac"":null,""rsrp"":-103,""rsrq"":-20,""rssi"":-67,""snr"":null,""ta"":0,""level"":2,""bands"":""1""}]",1004.897,13,0.459,0.524,8,7,,,,"[{""b"":""dc:8e:8d:bf:e7:bc"",""s"":""DLive_E7B7"",""r"":-33,""f"":2412},{""b"":""dc:8e:8d:bf:e7:b6"",""s"":""DLive5G_E7B7"",""r"":-36,""f"":5220},{""b"":""dc:8e:8d:bf:e6:93"",""s"":""DLive_E68E"",""r"":-63,""f"":2462},{""b"":""1e:39:29:f9:f9:45"",""s"":""[LG_CeilingCassette A\/C]f945"",""r"":-72,""f"":2462},{""b"":""00:07:89:82:be:31"",""s"":""KT_GiGA_2G_Wave2_BE2E"",""r"":-82,""f"":2437},{""b"":""dc:8e:8d:bf:e7:48"",""s"":""DLive5G_E749"",""r"":-85,""f"":5220},{""b"":""12:07:89:bc:8c:f5"",""s"":"""",""r"":-89,""f"":5805},{""b"":""dc:8e:8d:bf:e7:11"",""s"":""DLive5G_E712"",""r"":-93,""f"":5220}]",""
1790513027579,2026-09-27 21:43:47,car,37.5465917,127.0682427,3.789,0.030033084,,46.95328455495182,fused,4,LTE,NR_NSA,5G,true,false,true,false,false,52543750,273,2600,5,8282,450,06,-92,-12,-61,5,3,0,,,,3138240,81731,25.1059,0.6538,3138200,81691,25.1056,0.6535,false,5,0,5,-82,273,100,7.4737484E-4,false,false,periodic,41,0,-1,2,1405,,,,"[{""type"":""LTE"",""pci"":273,""earfcn"":100,""tac"":null,""rsrp"":-82,""rsrq"":-7,""rssi"":-53,""snr"":null,""ta"":0,""level"":4,""bands"":""1""},{""type"":""LTE"",""pci"":273,""earfcn"":3050,""tac"":null,""rsrp"":-90,""rsrq"":-8,""rssi"":-59,""snr"":null,""ta"":0,""level"":3,""bands"":""7""},{""type"":""LTE"",""pci"":421,""earfcn"":2600,""tac"":null,""rsrp"":-99,""rsrq"":-18,""rssi"":-71,""snr"":null,""ta"":0,""level"":2,""bands"":""5""},{""type"":""LTE"",""pci"":418,""earfcn"":3050,""tac"":null,""rsrp"":-111,""rsrq"":-17,""rssi"":-83,""snr"":null,""ta"":0,""level"":1,""bands"":""7""},{""type"":""LTE"",""pci"":272,""earfcn"":3050,""tac"":null,""rsrp"":-113,""rsrq"":-19,""rssi"":-83,""snr"":null,""ta"":0,""level"":1,""bands"":""7""}]",1004.90466,9,0.524,0.459,9,6,,,,"[{""b"":""dc:8e:8d:bf:e7:bc"",""s"":""DLive_E7B7"",""r"":-28,""f"":2412},{""b"":""dc:8e:8d:bf:e7:b6"",""s"":""DLive5G_E7B7"",""r"":-38,""f"":5220},{""b"":""dc:8e:8d:bf:e6:93"",""s"":""DLive_E68E"",""r"":-68,""f"":2462},{""b"":""1e:39:29:f9:f9:7d"",""s"":""[LG_CeilingCassette A\/C]f97d"",""r"":-72,""f"":2462},{""b"":""1e:39:29:f9:f9:45"",""s"":""[LG_CeilingCassette A\/C]f945"",""r"":-73,""f"":2462},{""b"":""b0:38:6c:08:f1:02"",""s"":""🍟"",""r"":-79,""f"":2412},{""b"":""38:f4:5e:19:1b:18"",""s"":""KT_GiGA_1B15"",""r"":-83,""f"":2417},{""b"":""80:ca:4b:d9:e0:1b"",""s"":""U+NetE018_5G"",""r"":-88,""f"":5805},{""b"":""dc:8e:8d:bf:e7:48"",""s"":""DLive5G_E749"",""r"":-91,""f"":5220}]",""
1790513032589,2026-09-27 21:43:52,car,37.5465918,127.0682432,3.762,0.030522238,,46.90420570116072,fused,0,LTE,NR_NSA,5G,true,false,true,false,false,52543750,273,2600,5,8282,450,06,-91,-12,-61,5,3,0,,,,6132,65430,0.0491,0.5234,6112,65410,0.0489,0.5233,false,7,0,7,-86,273,100,0.001718296,false,false,periodic,46,0,1,0,744,,,,"[{""type"":""LTE"",""pci"":273,""earfcn"":100,""tac"":null,""rsrp"":-86,""rsrq"":-8,""rssi"":-69,""snr"":null,""ta"":0,""level"":3,""bands"":""1""},{""type"":""LTE"",""pci"":421,""earfcn"":2600,""tac"":null,""rsrp"":-97,""rsrq"":-16,""rssi"":-69,""snr"":null,""ta"":0,""level"":2,""bands"":""5""},{""type"":""LTE"",""pci"":418,""earfcn"":2600,""tac"":null,""rsrp"":-98,""rsrq"":-20,""rssi"":-69,""snr"":null,""ta"":0,""level"":2,""bands"":""5""},{""type"":""LTE"",""pci"":273,""earfcn"":3050,""tac"":null,""rsrp"":-98,""rsrq"":-10,""rssi"":-77,""snr"":null,""ta"":0,""level"":2,""bands"":""7""},{""type"":""LTE"",""pci"":272,""earfcn"":2600,""tac"":null,""rsrp"":-99,""rsrq"":-20,""rssi"":-69,""snr"":null,""ta"":0,""level"":2,""bands"":""5""},{""type"":""LTE"",""pci"":418,""earfcn"":3050,""tac"":null,""rsrp"":-102,""rsrq"":-15,""rssi"":-77,""snr"":null,""ta"":0,""level"":2,""bands"":""7""},{""type"":""LTE"",""pci"":272,""earfcn"":3050,""tac"":null,""rsrp"":-106,""rsrq"":-19,""rssi"":-77,""snr"":null,""ta"":0,""level"":1,""bands"":""7""}]",1004.9093,11,0.459,0.459,8,3,,,,"[{""b"":""dc:8e:8d:bf:e7:bc"",""s"":""DLive_E7B7"",""r"":-30,""f"":2412},{""b"":""dc:8e:8d:bf:e7:b6"",""s"":""DLive5G_E7B7"",""r"":-41,""f"":5220},{""b"":""ca:dd:6a:05:5c:1b"",""s"":""[LG_CeilingCassette A\/C]5c1b"",""r"":-60,""f"":2462},{""b"":""1e:39:29:f9:f9:45"",""s"":""[LG_CeilingCassette A\/C]f945"",""r"":-69,""f"":2462},{""b"":""dc:8e:8d:bf:e7:4e"",""s"":""DLive_E749"",""r"":-75,""f"":2412},{""b"":""dc:8e:8d:bf:e7:48"",""s"":""DLive5G_E749"",""r"":-87,""f"":5220},{""b"":""dc:8e:8d:bf:e7:11"",""s"":""DLive5G_E712"",""r"":-91,""f"":5220},{""b"":""88:36:6c:6a:84:c0"",""s"":""hong5G"",""r"":-91,""f"":5745}]",""
1790513037601,2026-09-27 21:43:57,car,37.5465918,127.0682432,3.762,0.030522238,,46.90420570116072,fused,5,LTE,NR_NSA,5G,true,false,true,false,false,52543750,273,2600,5,8282,450,06,-92,-12,-63,3,3,0,,,,6594,67475,0.0528,0.5398,6554,67435,0.0524,0.5395,false,8,0,8,-89,273,100,0.33963326,false,false,periodic,51,0,-1,-2,756,,,,"[{""type"":""LTE"",""pci"":273,""earfcn"":100,""tac"":null,""rsrp"":-89,""rsrq"":-10,""rssi"":-57,""snr"":null,""ta"":0,""level"":3,""bands"":""1""},{""type"":""LTE"",""pci"":421,""earfcn"":2600,""tac"":null,""rsrp"":-96,""rsrq"":-16,""rssi"":-69,""snr"":null,""ta"":0,""level"":2,""bands"":""5""},{""type"":""LTE"",""pci"":421,""earfcn"":100,""tac"":null,""rsrp"":-98,""rsrq"":-19,""rssi"":-69,""snr"":null,""ta"":0,""level"":2,""bands"":""1""},{""type"":""LTE"",""pci"":272,""earfcn"":2600,""tac"":null,""rsrp"":-99,""rsrq"":-18,""rssi"":-69,""snr"":null,""ta"":0,""level"":2,""bands"":""5""},{""type"":""LTE"",""pci"":418,""earfcn"":2600,""tac"":null,""rsrp"":-99,""rsrq"":-20,""rssi"":-69,""snr"":null,""ta"":0,""level"":2,""bands"":""5""},{""type"":""LTE"",""pci"":273,""earfcn"":3050,""tac"":null,""rsrp"":-103,""rsrq"":-12,""rssi"":-81,""snr"":null,""ta"":0,""level"":2,""bands"":""7""},{""type"":""LTE"",""pci"":418,""earfcn"":3050,""tac"":null,""rsrp"":-105,""rsrq"":-14,""rssi"":-81,""snr"":null,""ta"":0,""level"":2,""bands"":""7""},{""type"":""LTE"",""pci"":272,""earfcn"":3050,""tac"":null,""rsrp"":-107,""rsrq"":-18,""rssi"":-81,""snr"":null,""ta"":0,""level"":1,""bands"":""7""}]",1004.9153,10,0.459,0.524,8,8,,,,"[{""b"":""dc:8e:8d:bf:e7:bc"",""s"":""DLive_E7B7"",""r"":-30,""f"":2412},{""b"":""dc:8e:8d:bf:e7:b6"",""s"":""DLive5G_E7B7"",""r"":-41,""f"":5220},{""b"":""ca:dd:6a:05:5c:1b"",""s"":""[LG_CeilingCassette A\/C]5c1b"",""r"":-60,""f"":2462},{""b"":""1e:39:29:f9:f9:45"",""s"":""[LG_CeilingCassette A\/C]f945"",""r"":-69,""f"":2462},{""b"":""dc:8e:8d:bf:e7:4e"",""s"":""DLive_E749"",""r"":-75,""f"":2412},{""b"":""dc:8e:8d:bf:e7:48"",""s"":""DLive5G_E749"",""r"":-87,""f"":5220},{""b"":""dc:8e:8d:bf:e7:11"",""s"":""DLive5G_E712"",""r"":-91,""f"":5220},{""b"":""88:36:6c:6a:84:c0"",""s"":""hong5G"",""r"":-91,""f"":5745}]",""
1790513042611,2026-09-27 21:44:02,car,37.5465919,127.0682432,3.836,0.031586647,,46.79869217429382,fused,3,LTE,NR_NSA,5G,true,false,true,false,false,52543750,273,2600,5,8282,450,06,-92,-12,-63,3,3,0,,,,4390093,83614,35.1207,0.6689,4390073,83594,35.1206,0.6688,false,7,0,7,-88,273,100,1.6262209E-4,false,false,periodic,56,0,0,0,80,,,,"[{""type"":""LTE"",""pci"":273,""earfcn"":100,""tac"":null,""rsrp"":-88,""rsrq"":-8,""rssi"":-71,""snr"":null,""ta"":0,""level"":3,""bands"":""1""},{""type"":""LTE"",""pci"":421,""earfcn"":2600,""tac"":null,""rsrp"":-96,""rsrq"":-17,""rssi"":-69,""snr"":null,""ta"":0,""level"":2,""bands"":""5""},{""type"":""LTE"",""pci"":272,""earfcn"":2600,""tac"":null,""rsrp"":-98,""rsrq"":-19,""rssi"":-69,""snr"":null,""ta"":0,""level"":2,""bands"":""5""},{""type"":""LTE"",""pci"":421,""earfcn"":100,""tac"":null,""rsrp"":-99,""rsrq"":-19,""rssi"":-71,""snr"":null,""ta"":0,""level"":2,""bands"":""1""},{""type"":""LTE"",""pci"":418,""earfcn"":3050,""tac"":null,""rsrp"":-103,""rsrq"":-14,""rssi"":-77,""snr"":null,""ta"":0,""level"":2,""bands"":""7""},{""type"":""LTE"",""pci"":272,""earfcn"":3050,""tac"":null,""rsrp"":-107,""rsrq"":-19,""rssi"":-77,""snr"":null,""ta"":0,""level"":1,""bands"":""7""},{""type"":""LTE"",""pci"":273,""earfcn"":3050,""tac"":null,""rsrp"":-108,""rsrq"":-12,""rssi"":-77,""snr"":null,""ta"":0,""level"":1,""bands"":""7""}]",1004.9253,13,0.524,0.459,9,5,,,,"[{""b"":""dc:8e:8d:bf:e7:bc"",""s"":""DLive_E7B7"",""r"":-37,""f"":2412},{""b"":""dc:8e:8d:bf:e7:b6"",""s"":""DLive5G_E7B7"",""r"":-43,""f"":5220},{""b"":""ca:dd:6a:05:5c:1b"",""s"":""[LG_CeilingCassette A\/C]5c1b"",""r"":-53,""f"":2462},{""b"":""dc:8e:8d:bf:e6:93"",""s"":""DLive_E68E"",""r"":-61,""f"":2462},{""b"":""36:e6:e6:e8:d8:bf"",""s"":"""",""r"":-66,""f"":2412},{""b"":""1e:39:29:f9:f9:45"",""s"":""[LG_CeilingCassette A\/C]f945"",""r"":-67,""f"":2462},{""b"":""70:5d:cc:a7:fa:88"",""s"":""605"",""r"":-83,""f"":2457},{""b"":""88:36:6c:6a:84:c0"",""s"":""hong5G"",""r"":-87,""f"":5745},{""b"":""dc:8e:8d:bf:e7:48"",""s"":""DLive5G_E749"",""r"":-89,""f"":5220}]",""
1790513047624,2026-09-27 21:44:07,car,37.5465922,127.0682433,3.804,0.031656116,,46.80065266521146,fused,2,LTE,NR_NSA,5G,true,false,true,false,false,52543750,273,2600,5,8282,450,06,-92,-12,-63,3,3,0,,,,433124,68057,3.4650,0.5445,433104,68037,3.4648,0.5443,false,7,0,7,-88,273,100,0.047182024,false,false,periodic,61,0,0,0,5091,,,,"[{""type"":""LTE"",""pci"":273,""earfcn"":100,""tac"":null,""rsrp"":-88,""rsrq"":-8,""rssi"":-71,""snr"":null,""ta"":0,""level"":3,""bands"":""1""},{""type"":""LTE"",""pci"":421,""earfcn"":2600,""tac"":null,""rsrp"":-96,""rsrq"":-17,""rssi"":-69,""snr"":null,""ta"":0,""level"":2,""bands"":""5""},{""type"":""LTE"",""pci"":272,""earfcn"":2600,""tac"":null,""rsrp"":-98,""rsrq"":-19,""rssi"":-69,""snr"":null,""ta"":0,""level"":2,""bands"":""5""},{""type"":""LTE"",""pci"":421,""earfcn"":100,""tac"":null,""rsrp"":-99,""rsrq"":-19,""rssi"":-71,""snr"":null,""ta"":0,""level"":2,""bands"":""1""},{""type"":""LTE"",""pci"":418,""earfcn"":3050,""tac"":null,""rsrp"":-103,""rsrq"":-14,""rssi"":-77,""snr"":null,""ta"":0,""level"":2,""bands"":""7""},{""type"":""LTE"",""pci"":272,""earfcn"":3050,""tac"":null,""rsrp"":-107,""rsrq"":-19,""rssi"":-77,""snr"":null,""ta"":0,""level"":1,""bands"":""7""},{""type"":""LTE"",""pci"":273,""earfcn"":3050,""tac"":null,""rsrp"":-108,""rsrq"":-12,""rssi"":-77,""snr"":null,""ta"":0,""level"":1,""bands"":""7""}]",1004.9265,11,0.459,0.459,6,4,,,,"[{""b"":""dc:8e:8d:bf:e7:bc"",""s"":""DLive_E7B7"",""r"":-34,""f"":2412},{""b"":""dc:8e:8d:bf:e7:b6"",""s"":""DLive5G_E7B7"",""r"":-41,""f"":5220},{""b"":""ca:dd:6a:05:5c:1b"",""s"":""[LG_CeilingCassette A\/C]5c1b"",""r"":-56,""f"":2462},{""b"":""dc:8e:8d:bf:e6:93"",""s"":""DLive_E68E"",""r"":-65,""f"":2462},{""b"":""b0:38:6c:08:f1:00"",""s"":""🍟_5G"",""r"":-88,""f"":5745},{""b"":""dc:8e:8d:bf:e7:48"",""s"":""DLive5G_E749"",""r"":-92,""f"":5220}]",""
1790513052636,2026-09-27 21:44:12,car,37.546592,127.0682437,3.809,0.032459404,,46.793304451975985,fused,2,LTE,NR_NSA,5G,true,false,true,false,false,52543750,273,2600,5,8282,450,06,-91,-10,-63,2,3,0,,,,2363,65353,0.0189,0.5228,2343,65333,0.0187,0.5227,false,6,0,6,-82,273,100,2.3338205E-5,false,false,periodic,66,0,1,-1,5001,,,,"[{""type"":""LTE"",""pci"":273,""earfcn"":100,""tac"":null,""rsrp"":-82,""rsrq"":-9,""rssi"":-63,""snr"":null,""ta"":0,""level"":4,""bands"":""1""},{""type"":""LTE"",""pci"":421,""earfcn"":100,""tac"":null,""rsrp"":-89,""rsrq"":-17,""rssi"":-63,""snr"":null,""ta"":0,""level"":3,""bands"":""1""},{""type"":""LTE"",""pci"":421,""earfcn"":2600,""tac"":null,""rsrp"":-95,""rsrq"":-15,""rssi"":-69,""snr"":null,""ta"":0,""level"":3,""bands"":""5""},{""type"":""LTE"",""pci"":273,""earfcn"":3050,""tac"":null,""rsrp"":-96,""rsrq"":-10,""rssi"":-75,""snr"":null,""ta"":0,""level"":2,""bands"":""7""},{""type"":""LTE"",""pci"":418,""earfcn"":3050,""tac"":null,""rsrp"":-103,""rsrq"":-17,""rssi"":-75,""snr"":null,""ta"":0,""level"":2,""bands"":""7""},{""type"":""LTE"",""pci"":272,""earfcn"":3050,""tac"":null,""rsrp"":-108,""rsrq"":-19,""rssi"":-79,""snr"":null,""ta"":0,""level"":1,""bands"":""7""}]",1004.9327,10,0.459,0.524,10,3,,,,"[{""b"":""dc:8e:8d:bf:e7:bc"",""s"":""DLive_E7B7"",""r"":-29,""f"":2412},{""b"":""dc:8e:8d:bf:e7:b6"",""s"":""DLive5G_E7B7"",""r"":-45,""f"":5220},{""b"":""dc:8e:8d:bf:e6:93"",""s"":""DLive_E68E"",""r"":-61,""f"":2462},{""b"":""1e:39:29:f9:f9:7d"",""s"":""[LG_CeilingCassette A\/C]f97d"",""r"":-67,""f"":2462},{""b"":""1e:39:29:f9:f9:45"",""s"":""[LG_CeilingCassette A\/C]f945"",""r"":-79,""f"":2462},{""b"":""dc:8e:8d:bf:e7:48"",""s"":""DLive5G_E749"",""r"":-86,""f"":5220},{""b"":""b0:38:6c:08:f1:00"",""s"":""🍟_5G"",""r"":-88,""f"":5745},{""b"":""00:07:89:bc:8c:f5"",""s"":""KT_GiGA_5G_Wave2_8CF1"",""r"":-88,""f"":5805},{""b"":""76:7f:f0:63:d5:4d"",""s"":"""",""r"":-90,""f"":5180},{""b"":""dc:8e:8d:bf:e7:11"",""s"":""DLive5G_E712"",""r"":-90,""f"":5220}]",""
1790513057650,2026-09-27 21:44:17,car,37.5465916,127.0682438,3.818,0.03276175,,46.749428429900206,fused,1,LTE,NR_NSA,5G,true,false,true,false,false,52543750,273,2600,5,8282,450,06,-91,-11,-63,4,3,0,,,,2339,63583,0.0187,0.5087,2299,63543,0.0184,0.5083,false,7,0,7,-83,273,100,0.06983123,false,false,periodic,71,0,0,2,5003,,,,"[{""type"":""LTE"",""pci"":273,""earfcn"":100,""tac"":null,""rsrp"":-83,""rsrq"":-12,""rssi"":-61,""snr"":null,""ta"":0,""level"":4,""bands"":""1""},{""type"":""LTE"",""pci"":421,""earfcn"":100,""tac"":null,""rsrp"":-90,""rsrq"":-19,""rssi"":-63,""snr"":null,""ta"":0,""level"":3,""bands"":""1""},{""type"":""LTE"",""pci"":421,""earfcn"":2600,""tac"":null,""rsrp"":-94,""rsrq"":-15,""rssi"":-69,""snr"":null,""ta"":0,""level"":3,""bands"":""5""},{""type"":""LTE"",""pci"":273,""earfcn"":3050,""tac"":null,""rsrp"":-95,""rsrq"":-12,""rssi"":-73,""snr"":null,""ta"":0,""level"":3,""bands"":""7""},{""type"":""LTE"",""pci"":272,""earfcn"":2600,""tac"":null,""rsrp"":-99,""rsrq"":-19,""rssi"":-69,""snr"":null,""ta"":0,""level"":2,""bands"":""5""},{""type"":""LTE"",""pci"":272,""earfcn"":3050,""tac"":null,""rsrp"":-102,""rsrq"":-20,""rssi"":-73,""snr"":null,""ta"":0,""level"":2,""bands"":""7""},{""type"":""LTE"",""pci"":418,""earfcn"":3050,""tac"":null,""rsrp"":-106,""rsrq"":-20,""rssi"":-75,""snr"":null,""ta"":0,""level"":1,""bands"":""7""}]",1004.93884,10,0.459,0.459,14,3,,,,"[{""b"":""dc:8e:8d:bf:e7:bc"",""s"":""DLive_E7B7"",""r"":-26,""f"":2412},{""b"":""dc:8e:8d:bf:e7:b6"",""s"":""DLive5G_E7B7"",""r"":-42,""f"":5220},{""b"":""ca:dd:6a:05:5c:1b"",""s"":""[LG_CeilingCassette A\/C]5c1b"",""r"":-60,""f"":2462},{""b"":""1e:39:29:f9:f9:45"",""s"":""[LG_CeilingCassette A\/C]f945"",""r"":-68,""f"":2462},{""b"":""36:e6:e6:e8:d8:bf"",""s"":"""",""r"":-81,""f"":2412},{""b"":""70:5d:cc:a7:fa:88"",""s"":""605"",""r"":-82,""f"":2457},{""b"":""70:5d:cc:da:6f:aa"",""s"":""WNDRLAND"",""r"":-84,""f"":2447},{""b"":""88:bd:09:82:bf:35"",""s"":""DLive_BF30"",""r"":-84,""f"":2462},{""b"":""00:07:89:82:be:31"",""s"":""KT_GiGA_2G_Wave2_BE2E"",""r"":-84,""f"":2437},{""b"":""dc:8e:8d:bf:e7:48"",""s"":""DLive5G_E749"",""r"":-89,""f"":5220},{""b"":""12:07:89:bc:8c:f5"",""s"":"""",""r"":-90,""f"":5805},{""b"":""80:ca:4b:d9:e0:1b"",""s"":""U+NetE018_5G"",""r"":-91,""f"":5805},{""b"":""dc:8e:8d:bf:e7:11"",""s"":""DLive5G_E712"",""r"":-91,""f"":5220},{""b"":""8a:ca:4b:d9:e0:1b"",""s"":"""",""r"":-92,""f"":5805}]",""
1790513062662,2026-09-27 21:44:22,car,37.5465925,127.068245,3.656,0.032441728,,46.660774312239425,fused,1,LTE,NR_NSA,5G,true,false,true,false,false,52543750,273,2600,5,8282,450,06,-91,-12,-61,3,3,0,,,,2982,66836,0.0239,0.5347,2962,66817,0.0237,0.5345,false,7,0,7,-86,273,100,0.46526295,false,false,periodic,76,0,0,-1,5002,,,,"[{""type"":""LTE"",""pci"":273,""earfcn"":100,""tac"":null,""rsrp"":-86,""rsrq"":-10,""rssi"":-67,""snr"":null,""ta"":0,""level"":3,""bands"":""1""},{""type"":""LTE"",""pci"":421,""earfcn"":2600,""tac"":null,""rsrp"":-94,""rsrq"":-14,""rssi"":-69,""snr"":null,""ta"":0,""level"":3,""bands"":""5""},{""type"":""LTE"",""pci"":273,""earfcn"":3050,""tac"":null,""rsrp"":-96,""rsrq"":-10,""rssi"":-75,""snr"":null,""ta"":0,""level"":2,""bands"":""7""},{""type"":""LTE"",""pci"":272,""earfcn"":2600,""tac"":null,""rsrp"":-97,""rsrq"":-18,""rssi"":-69,""snr"":null,""ta"":0,""level"":2,""bands"":""5""},{""type"":""LTE"",""pci"":421,""earfcn"":100,""tac"":null,""rsrp"":-98,""rsrq"":-20,""rssi"":-65,""snr"":null,""ta"":0,""level"":2,""bands"":""1""},{""type"":""LTE"",""pci"":418,""earfcn"":3050,""tac"":null,""rsrp"":-102,""rsrq"":-18,""rssi"":-75,""snr"":null,""ta"":0,""level"":2,""bands"":""7""},{""type"":""LTE"",""pci"":272,""earfcn"":3050,""tac"":null,""rsrp"":-109,""rsrq"":-20,""rssi"":-75,""snr"":null,""ta"":0,""level"":1,""bands"":""7""}]",1004.9393,10,0.524,0.459,6,5,,,,"[{""b"":""dc:8e:8d:bf:e7:bc"",""s"":""DLive_E7B7"",""r"":-26,""f"":2412},{""b"":""dc:8e:8d:bf:e7:b6"",""s"":""DLive5G_E7B7"",""r"":-44,""f"":5220},{""b"":""b0:38:6c:08:f1:00"",""s"":""🍟_5G"",""r"":-88,""f"":5745},{""b"":""88:36:6c:6a:84:c0"",""s"":""hong5G"",""r"":-89,""f"":5745},{""b"":""dc:8e:8d:bf:e7:11"",""s"":""DLive5G_E712"",""r"":-91,""f"":5220},{""b"":""dc:8e:8d:bf:e7:48"",""s"":""DLive5G_E749"",""r"":-92,""f"":5220}]",""
1790513067675,2026-09-27 21:44:27,car,37.5465925,127.0682451,3.705,0.032902867,,46.609606815295365,fused,0,LTE,NR_NSA,5G,true,false,true,false,false,52543750,273,2600,5,8282,450,06,-93,-13,-61,3,3,0,,,,9536,66129,0.0763,0.5290,9516,66109,0.0761,0.5289,false,9,0,9,-86,273,100,0.31469795,false,false,periodic,81,0,-2,0,5001,,,,"[{""type"":""LTE"",""pci"":273,""earfcn"":100,""tac"":null,""rsrp"":-86,""rsrq"":-12,""rssi"":-63,""snr"":null,""ta"":0,""level"":3,""bands"":""1""},{""type"":""LTE"",""pci"":421,""earfcn"":100,""tac"":null,""rsrp"":-94,""rsrq"":-20,""rssi"":-63,""snr"":null,""ta"":0,""level"":3,""bands"":""1""},{""type"":""LTE"",""pci"":273,""earfcn"":3050,""tac"":null,""rsrp"":-96,""rsrq"":-12,""rssi"":-73,""snr"":null,""ta"":0,""level"":2,""bands"":""7""},{""type"":""LTE"",""pci"":421,""earfcn"":2600,""tac"":null,""rsrp"":-97,""rsrq"":-16,""rssi"":-71,""snr"":null,""ta"":0,""level"":2,""bands"":""5""},{""type"":""LTE"",""pci"":272,""earfcn"":2600,""tac"":null,""rsrp"":-101,""rsrq"":-19,""rssi"":-71,""snr"":null,""ta"":0,""level"":2,""bands"":""5""},{""type"":""LTE"",""pci"":418,""earfcn"":2600,""tac"":null,""rsrp"":-101,""rsrq"":-20,""rssi"":-71,""snr"":null,""ta"":0,""level"":2,""bands"":""5""},{""type"":""LTE"",""pci"":179,""earfcn"":2600,""tac"":null,""rsrp"":-102,""rsrq"":-19,""rssi"":-71,""snr"":null,""ta"":0,""level"":2,""bands"":""5""},{""type"":""LTE"",""pci"":272,""earfcn"":3050,""tac"":null,""rsrp"":-102,""rsrq"":-19,""rssi"":-73,""snr"":null,""ta"":0,""level"":2,""bands"":""7""},{""type"":""LTE"",""pci"":418,""earfcn"":3050,""tac"":null,""rsrp"":-104,""rsrq"":-18,""rssi"":-77,""snr"":null,""ta"":0,""level"":2,""bands"":""7""}]",1004.9642,12,0.459,0.459,13,2,,,,"[{""b"":""dc:8e:8d:bf:e7:bc"",""s"":""DLive_E7B7"",""r"":-33,""f"":2412},{""b"":""dc:8e:8d:bf:e7:b6"",""s"":""DLive5G_E7B7"",""r"":-38,""f"":5220},{""b"":""ca:dd:6a:05:5c:1b"",""s"":""[LG_CeilingCassette A\/C]5c1b"",""r"":-58,""f"":2462},{""b"":""dc:8e:8d:bf:e6:93"",""s"":""DLive_E68E"",""r"":-61,""f"":2462},{""b"":""1e:39:29:f9:f9:7d"",""s"":""[LG_CeilingCassette A\/C]f97d"",""r"":-68,""f"":2462},{""b"":""70:5d:cc:e0:14:2e"",""s"":""402"",""r"":-84,""f"":2452},{""b"":""08:5d:dd:9a:58:72"",""s"":""olleh_WiFi_586F"",""r"":-85,""f"":2442},{""b"":""8a:ca:4b:d9:e0:1b"",""s"":"""",""r"":-88,""f"":5805},{""b"":""80:ca:4b:d9:e0:1b"",""s"":""U+NetE018_5G"",""r"":-89,""f"":5805},{""b"":""dc:8e:8d:bf:e7:48"",""s"":""DLive5G_E749"",""r"":-89,""f"":5220},{""b"":""94:a1:a2:5a:14:4d"",""s"":""TF790-504c134e"",""r"":-89,""f"":5180},{""b"":""12:07:89:bc:8c:f5"",""s"":"""",""r"":-90,""f"":5805},{""b"":""dc:8e:8d:bf:e7:11"",""s"":""DLive5G_E712"",""r"":-90,""f"":5220}]",""
1790513072687,2026-09-27 21:44:32,car,37.5465924,127.0682443,3.77,0.033031058,,43.5,fused,0,LTE,NR_NSA,5G,true,false,true,false,false,52543750,273,2600,5,8282,450,06,-92,-11,-61,3,3,0,,,,9685,66299,0.0775,0.5304,9665,66279,0.0773,0.5302,false,9,0,9,-87,273,100,0.056470644,false,false,periodic,86,0,1,0,2391,,,,"[{""type"":""LTE"",""pci"":273,""earfcn"":100,""tac"":null,""rsrp"":-87,""rsrq"":-9,""rssi"":-67,""snr"":null,""ta"":0,""level"":3,""bands"":""1""},{""type"":""LTE"",""pci"":421,""earfcn"":2600,""tac"":null,""rsrp"":-94,""rsrq"":-15,""rssi"":-69,""snr"":null,""ta"":0,""level"":3,""bands"":""5""},{""type"":""LTE"",""pci"":421,""earfcn"":100,""tac"":null,""rsrp"":-98,""rsrq"":-20,""rssi"":-67,""snr"":null,""ta"":0,""level"":2,""bands"":""1""},{""type"":""LTE"",""pci"":418,""earfcn"":2600,""tac"":null,""rsrp"":-99,""rsrq"":-19,""rssi"":-69,""snr"":null,""ta"":0,""level"":2,""bands"":""5""},{""type"":""LTE"",""pci"":273,""earfcn"":3050,""tac"":null,""rsrp"":-99,""rsrq"":-10,""rssi"":-79,""snr"":null,""ta"":0,""level"":2,""bands"":""7""},{""type"":""LTE"",""pci"":418,""earfcn"":100,""tac"":null,""rsrp"":-99,""rsrq"":-20,""rssi"":-69,""snr"":null,""ta"":0,""level"":2,""bands"":""1""},{""type"":""LTE"",""pci"":272,""earfcn"":2600,""tac"":null,""rsrp"":-100,""rsrq"":-19,""rssi"":-69,""snr"":null,""ta"":0,""level"":2,""bands"":""5""},{""type"":""LTE"",""pci"":418,""earfcn"":3050,""tac"":null,""rsrp"":-106,""rsrq"":-18,""rssi"":-79,""snr"":null,""ta"":0,""level"":1,""bands"":""7""},{""type"":""LTE"",""pci"":272,""earfcn"":3050,""tac"":null,""rsrp"":-111,""rsrq"":-20,""rssi"":-79,""snr"":null,""ta"":0,""level"":1,""bands"":""7""}]",1005.0175,9,0.459,0.524,9,1,,,,"[{""b"":""dc:8e:8d:bf:e7:bc"",""s"":""DLive_E7B7"",""r"":-27,""f"":2412},{""b"":""dc:8e:8d:bf:e7:b6"",""s"":""DLive5G_E7B7"",""r"":-42,""f"":5220},{""b"":""dc:8e:8d:bf:e6:93"",""s"":""DLive_E68E"",""r"":-66,""f"":2462},{""b"":""1e:39:29:f9:f9:45"",""s"":""[LG_CeilingCassette A\/C]f945"",""r"":-71,""f"":2462},{""b"":""1e:39:29:f9:f9:7d"",""s"":""[LG_CeilingCassette A\/C]f97d"",""r"":-72,""f"":2462},{""b"":""00:07:89:bc:8c:f5"",""s"":""KT_GiGA_5G_Wave2_8CF1"",""r"":-89,""f"":5805},{""b"":""dc:8e:8d:bf:e7:11"",""s"":""DLive5G_E712"",""r"":-90,""f"":5220},{""b"":""b0:38:6c:08:f1:00"",""s"":""🍟_5G"",""r"":-90,""f"":5745},{""b"":""dc:8e:8d:bf:e7:48"",""s"":""DLive5G_E749"",""r"":-90,""f"":5220}]",""
1790513077693,2026-09-27 21:44:37,car,37.5465967,127.0682401,8.234,0.6414669,296.4845,46.4919563128566,fused,0,LTE,NR_NSA,5G,true,false,true,false,false,52543750,273,2600,5,8282,450,06,-93,-13,-61,1,3,0,,,,5241,66800,0.0419,0.5344,5221,66780,0.0418,0.5342,false,9,0,9,-89,273,100,0.6414669,false,false,periodic,91,0,-1,-2,1628,,,,"[{""type"":""LTE"",""pci"":273,""earfcn"":100,""tac"":null,""rsrp"":-89,""rsrq"":-8,""rssi"":-71,""snr"":null,""ta"":0,""level"":3,""bands"":""1""},{""type"":""LTE"",""pci"":421,""earfcn"":2600,""tac"":null,""rsrp"":-94,""rsrq"":-16,""rssi"":-69,""snr"":null,""ta"":0,""level"":3,""bands"":""5""},{""type"":""LTE"",""pci"":418,""earfcn"":2600,""tac"":null,""rsrp"":-98,""rsrq"":-19,""rssi"":-69,""snr"":null,""ta"":0,""level"":2,""bands"":""5""},{""type"":""LTE"",""pci"":273,""earfcn"":3050,""tac"":null,""rsrp"":-99,""rsrq"":-11,""rssi"":-77,""snr"":null,""ta"":0,""level"":2,""bands"":""7""},{""type"":""LTE"",""pci"":272,""earfcn"":2600,""tac"":null,""rsrp"":-100,""rsrq"":-20,""rssi"":-69,""snr"":null,""ta"":0,""level"":2,""bands"":""5""},{""type"":""LTE"",""pci"":418,""earfcn"":100,""tac"":null,""rsrp"":-101,""rsrq"":-20,""rssi"":-71,""snr"":null,""ta"":0,""level"":2,""bands"":""1""},{""type"":""LTE"",""pci"":421,""earfcn"":100,""tac"":null,""rsrp"":-102,""rsrq"":-20,""rssi"":-71,""snr"":null,""ta"":0,""level"":2,""bands"":""1""},{""type"":""LTE"",""pci"":272,""earfcn"":3050,""tac"":null,""rsrp"":-103,""rsrq"":-17,""rssi"":-77,""snr"":null,""ta"":0,""level"":2,""bands"":""7""},{""type"":""LTE"",""pci"":418,""earfcn"":3050,""tac"":null,""rsrp"":-104,""rsrq"":-18,""rssi"":-77,""snr"":null,""ta"":0,""level"":2,""bands"":""7""}]",1004.95435,11,0.524,0.459,9,6,,,,"[{""b"":""dc:8e:8d:bf:e7:bc"",""s"":""DLive_E7B7"",""r"":-27,""f"":2412},{""b"":""dc:8e:8d:bf:e7:b6"",""s"":""DLive5G_E7B7"",""r"":-42,""f"":5220},{""b"":""dc:8e:8d:bf:e6:93"",""s"":""DLive_E68E"",""r"":-66,""f"":2462},{""b"":""1e:39:29:f9:f9:45"",""s"":""[LG_CeilingCassette A\/C]f945"",""r"":-71,""f"":2462},{""b"":""1e:39:29:f9:f9:7d"",""s"":""[LG_CeilingCassette A\/C]f97d"",""r"":-72,""f"":2462},{""b"":""00:07:89:bc:8c:f5"",""s"":""KT_GiGA_5G_Wave2_8CF1"",""r"":-89,""f"":5805},{""b"":""dc:8e:8d:bf:e7:11"",""s"":""DLive5G_E712"",""r"":-90,""f"":5220},{""b"":""b0:38:6c:08:f1:00"",""s"":""🍟_5G"",""r"":-90,""f"":5745},{""b"":""dc:8e:8d:bf:e7:48"",""s"":""DLive5G_E749"",""r"":-90,""f"":5220}]",""
1790513082706,2026-09-27 21:44:42,car,37.5466309,127.0682466,17.246,1.6220471,355.87085,46.80538609614956,fused,0,LTE,NR_NSA,5G,true,false,true,false,false,52543750,273,2600,5,8282,450,06,-91,-11,-63,0,3,0,,,,2244644,80588,17.9572,0.6447,2244604,80548,17.9568,0.6444,false,8,0,8,-86,273,100,1.6220471,false,false,periodic,96,0,2,-1,977,,,,"[{""type"":""LTE"",""pci"":273,""earfcn"":100,""tac"":null,""rsrp"":-86,""rsrq"":-9,""rssi"":-63,""snr"":null,""ta"":0,""level"":3,""bands"":""1""},{""type"":""LTE"",""pci"":421,""earfcn"":2600,""tac"":null,""rsrp"":-95,""rsrq"":-16,""rssi"":-67,""snr"":null,""ta"":0,""level"":3,""bands"":""5""},{""type"":""LTE"",""pci"":272,""earfcn"":2600,""tac"":null,""rsrp"":-96,""rsrq"":-19,""rssi"":-67,""snr"":null,""ta"":0,""level"":2,""bands"":""5""},{""type"":""LTE"",""pci"":273,""earfcn"":3050,""tac"":null,""rsrp"":-96,""rsrq"":-7,""rssi"":-67,""snr"":null,""ta"":0,""level"":2,""bands"":""7""},{""type"":""LTE"",""pci"":418,""earfcn"":100,""tac"":null,""rsrp"":-99,""rsrq"":-20,""rssi"":-69,""snr"":null,""ta"":0,""level"":2,""bands"":""1""},{""type"":""LTE"",""pci"":418,""earfcn"":2600,""tac"":null,""rsrp"":-101,""rsrq"":-20,""rssi"":-69,""snr"":null,""ta"":0,""level"":2,""bands"":""5""},{""type"":""LTE"",""pci"":272,""earfcn"":3050,""tac"":null,""rsrp"":-106,""rsrq"":-19,""rssi"":-79,""snr"":null,""ta"":0,""level"":1,""bands"":""7""},{""type"":""LTE"",""pci"":418,""earfcn"":3050,""tac"":null,""rsrp"":-108,""rsrq"":-19,""rssi"":-79,""snr"":null,""ta"":0,""level"":1,""bands"":""7""}]",1005.0228,10,0.459,0.459,9,5,,,,"[{""b"":""dc:8e:8d:bf:e7:bc"",""s"":""DLive_E7B7"",""r"":-27,""f"":2412},{""b"":""dc:8e:8d:bf:e7:b6"",""s"":""DLive5G_E7B7"",""r"":-40,""f"":5220},{""b"":""dc:8e:8d:bf:e7:17"",""s"":""DLive_E712"",""r"":-63,""f"":2462},{""b"":""1e:39:29:f9:f9:45"",""s"":""[LG_CeilingCassette A\/C]f945"",""r"":-64,""f"":2462},{""b"":""36:e6:e6:e8:d8:bf"",""s"":"""",""r"":-64,""f"":2412},{""b"":""1e:39:29:f9:f9:7d"",""s"":""[LG_CeilingCassette A\/C]f97d"",""r"":-72,""f"":2462},{""b"":""dc:8e:8d:bf:e7:4e"",""s"":""DLive_E749"",""r"":-73,""f"":2412},{""b"":""dc:8e:8d:bf:e7:48"",""s"":""DLive5G_E749"",""r"":-88,""f"":5220},{""b"":""dc:8e:8d:bf:e7:11"",""s"":""DLive5G_E712"",""r"":-92,""f"":5220}]",""
1790513087722,2026-09-27 21:44:47,car,37.546605,127.0682339,18.672,0.45407373,296.53375,46.19175336377339,fused,0,LTE,NR_NSA,5G,true,false,true,false,false,52543750,273,2600,5,8282,450,06,-89,-9,-63,4,3,0,,,,2586,68803,0.0207,0.5504,2547,68763,0.0204,0.5501,false,7,0,7,-94,273,3050,0.45407373,false,false,periodic,101,0,2,4,316,,,,"[{""type"":""LTE"",""pci"":273,""earfcn"":3050,""tac"":null,""rsrp"":-94,""rsrq"":-10,""rssi"":-75,""snr"":null,""ta"":0,""level"":3,""bands"":""7""},{""type"":""LTE"",""pci"":273,""earfcn"":100,""tac"":null,""rsrp"":-94,""rsrq"":-8,""rssi"":-77,""snr"":null,""ta"":0,""level"":3,""bands"":""1""},{""type"":""LTE"",""pci"":421,""earfcn"":2600,""tac"":null,""rsrp"":-97,""rsrq"":-16,""rssi"":-71,""snr"":null,""ta"":0,""level"":2,""bands"":""5""},{""type"":""LTE"",""pci"":272,""earfcn"":2600,""tac"":null,""rsrp"":-98,""rsrq"":-19,""rssi"":-67,""snr"":null,""ta"":0,""level"":2,""bands"":""5""},{""type"":""LTE"",""pci"":418,""earfcn"":3050,""tac"":null,""rsrp"":-101,""rsrq"":-17,""rssi"":-75,""snr"":null,""ta"":0,""level"":2,""bands"":""7""},{""type"":""LTE"",""pci"":421,""earfcn"":100,""tac"":null,""rsrp"":-105,""rsrq"":-16,""rssi"":-77,""snr"":null,""ta"":0,""level"":2,""bands"":""1""},{""type"":""LTE"",""pci"":418,""earfcn"":100,""tac"":null,""rsrp"":-110,""rsrq"":-20,""rssi"":-77,""snr"":null,""ta"":0,""level"":1,""bands"":""1""}]",1005.0194,11,0.459,0.524,6,5,,,,"[{""b"":""dc:8e:8d:bf:e7:bc"",""s"":""DLive_E7B7"",""r"":-34,""f"":2412},{""b"":""dc:8e:8d:bf:e7:b6"",""s"":""DLive5G_E7B7"",""r"":-45,""f"":5220},{""b"":""ca:dd:6a:05:5c:1b"",""s"":""[LG_CeilingCassette A\/C]5c1b"",""r"":-51,""f"":2462},{""b"":""dc:8e:8d:bf:e6:93"",""s"":""DLive_E68E"",""r"":-62,""f"":2462},{""b"":""dc:8e:8d:bf:e7:48"",""s"":""DLive5G_E749"",""r"":-91,""f"":5220},{""b"":""dc:8e:8d:bf:e7:11"",""s"":""DLive5G_E712"",""r"":-91,""f"":5220}]",""
1790513092733,2026-09-27 21:44:52,car,37.5465933,127.0682409,11.331,0.104996316,264.79388,43.5,fused,0,LTE,NR_NSA,5G,true,false,true,false,false,52543750,273,2600,5,8282,450,06,-87,-13,-55,6,3,0,,,,2310,63636,0.0185,0.5091,2290,63616,0.0183,0.5089,false,6,0,6,-81,273,100,0.104996316,false,false,periodic,106,0,2,2,59,,,,"[{""type"":""LTE"",""pci"":273,""earfcn"":100,""tac"":null,""rsrp"":-81,""rsrq"":-7,""rssi"":-65,""snr"":null,""ta"":0,""level"":4,""bands"":""1""},{""type"":""LTE"",""pci"":421,""earfcn"":2600,""tac"":null,""rsrp"":-87,""rsrq"":-15,""rssi"":-61,""snr"":null,""ta"":0,""level"":3,""bands"":""5""},{""type"":""LTE"",""pci"":273,""earfcn"":3050,""tac"":null,""rsrp"":-98,""rsrq"":-12,""rssi"":-75,""snr"":null,""ta"":0,""level"":2,""bands"":""7""},{""type"":""LTE"",""pci"":421,""earfcn"":100,""tac"":null,""rsrp"":-99,""rsrq"":-19,""rssi"":-65,""snr"":null,""ta"":0,""level"":2,""bands"":""1""},{""type"":""LTE"",""pci"":418,""earfcn"":3050,""tac"":null,""rsrp"":-104,""rsrq"":-18,""rssi"":-75,""snr"":null,""ta"":0,""level"":2,""bands"":""7""},{""type"":""LTE"",""pci"":418,""earfcn"":100,""tac"":null,""rsrp"":-106,""rsrq"":-19,""rssi"":-75,""snr"":null,""ta"":0,""level"":1,""bands"":""1""}]",1004.9896,11,0.459,0.459,8,5,,,,"[{""b"":""dc:8e:8d:bf:e7:bc"",""s"":""DLive_E7B7"",""r"":-33,""f"":2412},{""b"":""dc:8e:8d:bf:e7:b6"",""s"":""DLive5G_E7B7"",""r"":-46,""f"":5220},{""b"":""dc:8e:8d:bf:e6:93"",""s"":""DLive_E68E"",""r"":-62,""f"":2462},{""b"":""1e:39:29:f9:f9:45"",""s"":""[LG_CeilingCassette A\/C]f945"",""r"":-69,""f"":2462},{""b"":""1e:39:29:f9:f9:7d"",""s"":""[LG_CeilingCassette A\/C]f97d"",""r"":-71,""f"":2462},{""b"":""b0:38:6c:b1:26:36"",""s"":""ggulbam"",""r"":-84,""f"":2447},{""b"":""dc:8e:8d:bf:e7:48"",""s"":""DLive5G_E749"",""r"":-89,""f"":5220},{""b"":""dc:8e:8d:bf:e7:11"",""s"":""DLive5G_E712"",""r"":-93,""f"":5220}]",""
1790513097743,2026-09-27 21:44:57,car,37.5465917,127.0682389,10.109,0.70886755,261.80005,46.167569972271835,fused,0,LTE,NR_NSA,5G,true,false,true,false,false,52543750,273,2600,5,8282,450,06,-87,-13,-55,6,3,0,,,,2477,65711,0.0198,0.5257,2457,65691,0.0197,0.5255,false,6,0,6,-81,273,100,0.70886755,false,false,periodic,111,0,0,0,5071,,,,"[{""type"":""LTE"",""pci"":273,""earfcn"":100,""tac"":null,""rsrp"":-81,""rsrq"":-7,""rssi"":-65,""snr"":null,""ta"":0,""level"":4,""bands"":""1""},{""type"":""LTE"",""pci"":421,""earfcn"":2600,""tac"":null,""rsrp"":-87,""rsrq"":-15,""rssi"":-61,""snr"":null,""ta"":0,""level"":3,""bands"":""5""},{""type"":""LTE"",""pci"":273,""earfcn"":3050,""tac"":null,""rsrp"":-98,""rsrq"":-12,""rssi"":-75,""snr"":null,""ta"":0,""level"":2,""bands"":""7""},{""type"":""LTE"",""pci"":421,""earfcn"":100,""tac"":null,""rsrp"":-99,""rsrq"":-19,""rssi"":-65,""snr"":null,""ta"":0,""level"":2,""bands"":""1""},{""type"":""LTE"",""pci"":418,""earfcn"":3050,""tac"":null,""rsrp"":-104,""rsrq"":-18,""rssi"":-75,""snr"":null,""ta"":0,""level"":2,""bands"":""7""},{""type"":""LTE"",""pci"":418,""earfcn"":100,""tac"":null,""rsrp"":-106,""rsrq"":-19,""rssi"":-75,""snr"":null,""ta"":0,""level"":1,""bands"":""1""}]",1005.0071,10,0.524,0.459,10,4,,,,"[{""b"":""dc:8e:8d:bf:e7:bc"",""s"":""DLive_E7B7"",""r"":-36,""f"":2412},{""b"":""dc:8e:8d:bf:e7:b6"",""s"":""DLive5G_E7B7"",""r"":-47,""f"":5220},{""b"":""ca:dd:6a:05:5c:1b"",""s"":""[LG_CeilingCassette A\/C]5c1b"",""r"":-52,""f"":2462},{""b"":""1e:39:29:f9:f9:7d"",""s"":""[LG_CeilingCassette A\/C]f97d"",""r"":-82,""f"":2462},{""b"":""08:5d:dd:9a:58:72"",""s"":""olleh_WiFi_586F"",""r"":-83,""f"":2442},{""b"":""12:09:a5:41:d0:63"",""s"":"""",""r"":-85,""f"":2457},{""b"":""80:ca:4b:d9:e0:1b"",""s"":""U+NetE018_5G"",""r"":-87,""f"":5805},{""b"":""8a:ca:4b:d9:e0:1b"",""s"":"""",""r"":-87,""f"":5805},{""b"":""dc:8e:8d:bf:e7:48"",""s"":""DLive5G_E749"",""r"":-90,""f"":5220},{""b"":""dc:8e:8d:bf:e7:11"",""s"":""DLive5G_E712"",""r"":-92,""f"":5220}]",""
1790513102756,2026-09-27 21:45:02,car,37.54659,127.068233,11.897,0.87125903,264.2233,46.18118183807516,fused,2,LTE,NR_NSA,5G,true,false,true,false,false,52543750,273,2600,5,8282,450,06,-87,-13,-55,3,3,0,,,,4422,66006,0.0354,0.5280,4383,65966,0.0351,0.5277,false,6,0,6,-82,273,100,0.87125903,false,false,periodic,116,0,0,-3,5002,,,,"[{""type"":""LTE"",""pci"":273,""earfcn"":100,""tac"":null,""rsrp"":-82,""rsrq"":-7,""rssi"":-65,""snr"":null,""ta"":0,""level"":4,""bands"":""1""},{""type"":""LTE"",""pci"":421,""earfcn"":2600,""tac"":null,""rsrp"":-87,""rsrq"":-14,""rssi"":-63,""snr"":null,""ta"":0,""level"":3,""bands"":""5""},{""type"":""LTE"",""pci"":273,""earfcn"":3050,""tac"":null,""rsrp"":-102,""rsrq"":-11,""rssi"":-81,""snr"":null,""ta"":0,""level"":2,""bands"":""7""},{""type"":""LTE"",""pci"":421,""earfcn"":100,""tac"":null,""rsrp"":-102,""rsrq"":-16,""rssi"":-65,""snr"":null,""ta"":0,""level"":2,""bands"":""1""},{""type"":""LTE"",""pci"":418,""earfcn"":3050,""tac"":null,""rsrp"":-105,""rsrq"":-16,""rssi"":-81,""snr"":null,""ta"":0,""level"":2,""bands"":""7""},{""type"":""LTE"",""pci"":418,""earfcn"":100,""tac"":null,""rsrp"":-106,""rsrq"":-19,""rssi"":-75,""snr"":null,""ta"":0,""level"":1,""bands"":""1""}]",1005.04663,11,0.459,0.524,5,3,,,,"[{""b"":""dc:8e:8d:bf:e7:bc"",""s"":""DLive_E7B7"",""r"":-32,""f"":2412},{""b"":""dc:8e:8d:bf:e7:b6"",""s"":""DLive5G_E7B7"",""r"":-44,""f"":5220},{""b"":""70:5d:cc:e0:25:8a"",""s"":""504"",""r"":-84,""f"":2452},{""b"":""dc:8e:8d:bf:e7:48"",""s"":""DLive5G_E749"",""r"":-86,""f"":5220},{""b"":""dc:8e:8d:bf:e7:11"",""s"":""DLive5G_E712"",""r"":-92,""f"":5220}]",""
1790513107768,2026-09-27 21:45:07,car,37.5465878,127.0682362,7.896,0.25325635,257.66827,43.5,fused,1,LTE,NR_NSA,5G,true,false,true,false,false,52543750,273,2600,5,8282,450,06,-89,-13,-57,1,3,0,,,,2488037,73104,19.9043,0.5848,2488017,73084,19.9041,0.5847,false,6,0,6,-83,273,100,0.25325635,false,false,periodic,121,0,-2,-2,5001,,,,"[{""type"":""LTE"",""pci"":273,""earfcn"":100,""tac"":null,""rsrp"":-83,""rsrq"":-12,""rssi"":-59,""snr"":null,""ta"":0,""level"":4,""bands"":""1""},{""type"":""LTE"",""pci"":421,""earfcn"":2600,""tac"":null,""rsrp"":-88,""rsrq"":-14,""rssi"":-63,""snr"":null,""ta"":0,""level"":3,""bands"":""5""},{""type"":""LTE"",""pci"":421,""earfcn"":100,""tac"":null,""rsrp"":-97,""rsrq"":-17,""rssi"":-63,""snr"":null,""ta"":0,""level"":2,""bands"":""1""},{""type"":""LTE"",""pci"":273,""earfcn"":3050,""tac"":null,""rsrp"":-101,""rsrq"":-11,""rssi"":-79,""snr"":null,""ta"":0,""level"":2,""bands"":""7""},{""type"":""LTE"",""pci"":418,""earfcn"":3050,""tac"":null,""rsrp"":-104,""rsrq"":-15,""rssi"":-79,""snr"":null,""ta"":0,""level"":2,""bands"":""7""},{""type"":""LTE"",""pci"":272,""earfcn"":3050,""tac"":null,""rsrp"":-109,""rsrq"":-19,""rssi"":-79,""snr"":null,""ta"":0,""level"":1,""bands"":""7""}]",1005.0196,12,0.459,0.459,7,2,,,,"[{""b"":""dc:8e:8d:bf:e7:bc"",""s"":""DLive_E7B7"",""r"":-34,""f"":2412},{""b"":""dc:8e:8d:bf:e7:b6"",""s"":""DLive5G_E7B7"",""r"":-46,""f"":5220},{""b"":""ca:dd:6a:05:5c:1b"",""s"":""[LG_CeilingCassette A\/C]5c1b"",""r"":-54,""f"":2462},{""b"":""dc:8e:8d:bf:e6:93"",""s"":""DLive_E68E"",""r"":-68,""f"":2462},{""b"":""1e:39:29:f9:f9:45"",""s"":""[LG_CeilingCassette A\/C]f945"",""r"":-70,""f"":2462},{""b"":""1e:39:29:f9:f9:7d"",""s"":""[LG_CeilingCassette A\/C]f97d"",""r"":-77,""f"":2462},{""b"":""dc:8e:8d:bf:e7:48"",""s"":""DLive5G_E749"",""r"":-91,""f"":5220}]",""
1790513112779,2026-09-27 21:45:12,car,37.5465809,127.0682367,7.232,0.2489037,216.09479,43.5,fused,0,LTE,NR_NSA,5G,true,false,true,false,false,52543750,273,2600,5,8282,450,06,-87,-12,-57,2,3,0,,,,1239562,69560,9.9165,0.5565,1239542,69540,9.9163,0.5563,false,7,0,7,-82,273,100,0.2489037,false,false,periodic,126,0,2,1,2571,,,,"[{""type"":""LTE"",""pci"":273,""earfcn"":100,""tac"":null,""rsrp"":-82,""rsrq"":-7,""rssi"":-65,""snr"":null,""ta"":0,""level"":4,""bands"":""1""},{""type"":""LTE"",""pci"":421,""earfcn"":2600,""tac"":null,""rsrp"":-88,""rsrq"":-14,""rssi"":-63,""snr"":null,""ta"":0,""level"":3,""bands"":""5""},{""type"":""LTE"",""pci"":109,""earfcn"":2600,""tac"":null,""rsrp"":-93,""rsrq"":-19,""rssi"":-63,""snr"":null,""ta"":0,""level"":3,""bands"":""5""},{""type"":""LTE"",""pci"":421,""earfcn"":100,""tac"":null,""rsrp"":-101,""rsrq"":-15,""rssi"":-65,""snr"":null,""ta"":0,""level"":2,""bands"":""1""},{""type"":""LTE"",""pci"":273,""earfcn"":3050,""tac"":null,""rsrp"":-103,""rsrq"":-11,""rssi"":-81,""snr"":null,""ta"":0,""level"":2,""bands"":""7""},{""type"":""LTE"",""pci"":418,""earfcn"":3050,""tac"":null,""rsrp"":-103,""rsrq"":-14,""rssi"":-81,""snr"":null,""ta"":0,""level"":2,""bands"":""7""},{""type"":""LTE"",""pci"":272,""earfcn"":3050,""tac"":null,""rsrp"":-108,""rsrq"":-18,""rssi"":-81,""snr"":null,""ta"":0,""level"":1,""bands"":""7""}]",1005.00323,12,0.524,0.459,6,1,,,,"[{""b"":""dc:8e:8d:bf:e7:bc"",""s"":""DLive_E7B7"",""r"":-37,""f"":2412},{""b"":""dc:8e:8d:bf:e7:b6"",""s"":""DLive5G_E7B7"",""r"":-45,""f"":5220},{""b"":""dc:8e:8d:bf:e7:17"",""s"":""DLive_E712"",""r"":-66,""f"":2462},{""b"":""dc:8e:8d:bf:e7:4e"",""s"":""DLive_E749"",""r"":-70,""f"":2412},{""b"":""36:e6:e6:e8:d8:bf"",""s"":"""",""r"":-80,""f"":2412},{""b"":""dc:8e:8d:bf:e7:48"",""s"":""DLive5G_E749"",""r"":-90,""f"":5220}]",""
1790513117796,2026-09-27 21:45:17,car,37.5465766,127.0682364,6.969,0.30589825,206.84135,46.10907291562843,fused,0,LTE,NR_NSA,5G,true,false,true,false,false,52543750,273,2600,5,8282,450,06,-87,-11,-55,1,3,0,,,,2543,65412,0.0203,0.5233,2523,65392,0.0202,0.5231,false,7,0,7,-81,273,100,0.30589825,false,false,periodic,131,0,0,-1,1809,,,,"[{""type"":""LTE"",""pci"":273,""earfcn"":100,""tac"":null,""rsrp"":-81,""rsrq"":-9,""rssi"":-65,""snr"":null,""ta"":0,""level"":4,""bands"":""1""},{""type"":""LTE"",""pci"":421,""earfcn"":2600,""tac"":null,""rsrp"":-88,""rsrq"":-14,""rssi"":-63,""snr"":null,""ta"":0,""level"":3,""bands"":""5""},{""type"":""LTE"",""pci"":109,""earfcn"":2600,""tac"":null,""rsrp"":-93,""rsrq"":-18,""rssi"":-63,""snr"":null,""ta"":0,""level"":3,""bands"":""5""},{""type"":""LTE"",""pci"":421,""earfcn"":100,""tac"":null,""rsrp"":-100,""rsrq"":-14,""rssi"":-65,""snr"":null,""ta"":0,""level"":2,""bands"":""1""},{""type"":""LTE"",""pci"":273,""earfcn"":3050,""tac"":null,""rsrp"":-102,""rsrq"":-13,""rssi"":-79,""snr"":null,""ta"":0,""level"":2,""bands"":""7""},{""type"":""LTE"",""pci"":418,""earfcn"":3050,""tac"":null,""rsrp"":-104,""rsrq"":-16,""rssi"":-79,""snr"":null,""ta"":0,""level"":2,""bands"":""7""},{""type"":""LTE"",""pci"":272,""earfcn"":3050,""tac"":null,""rsrp"":-107,""rsrq"":-17,""rssi"":-79,""snr"":null,""ta"":0,""level"":1,""bands"":""7""}]",1005.12036,11,0.459,0.459,6,6,,,,"[{""b"":""dc:8e:8d:bf:e7:bc"",""s"":""DLive_E7B7"",""r"":-37,""f"":2412},{""b"":""dc:8e:8d:bf:e7:b6"",""s"":""DLive5G_E7B7"",""r"":-45,""f"":5220},{""b"":""dc:8e:8d:bf:e7:17"",""s"":""DLive_E712"",""r"":-66,""f"":2462},{""b"":""dc:8e:8d:bf:e7:4e"",""s"":""DLive_E749"",""r"":-70,""f"":2412},{""b"":""36:e6:e6:e8:d8:bf"",""s"":"""",""r"":-80,""f"":2412},{""b"":""dc:8e:8d:bf:e7:48"",""s"":""DLive5G_E749"",""r"":-90,""f"":5220}]",""
1790513122806,2026-09-27 21:45:22,car,37.5465791,127.06824,7.526,0.31436226,90.12793,43.5,fused,1,LTE,NR_NSA,5G,true,false,true,false,false,52543750,273,2600,5,8282,450,06,-90,-12,-59,1,3,0,,,,12957,66287,0.1037,0.5303,12937,66267,0.1035,0.5301,false,9,0,9,-83,273,100,0.31436226,false,false,periodic,136,0,-3,0,1116,,,,"[{""type"":""LTE"",""pci"":273,""earfcn"":100,""tac"":null,""rsrp"":-83,""rsrq"":-11,""rssi"":-61,""snr"":null,""ta"":0,""level"":4,""bands"":""1""},{""type"":""LTE"",""pci"":421,""earfcn"":2600,""tac"":null,""rsrp"":-91,""rsrq"":-14,""rssi"":-65,""snr"":null,""ta"":0,""level"":3,""bands"":""5""},{""type"":""LTE"",""pci"":109,""earfcn"":2600,""tac"":null,""rsrp"":-93,""rsrq"":-19,""rssi"":-65,""snr"":null,""ta"":0,""level"":3,""bands"":""5""},{""type"":""LTE"",""pci"":421,""earfcn"":100,""tac"":null,""rsrp"":-97,""rsrq"":-15,""rssi"":-65,""snr"":null,""ta"":0,""level"":2,""bands"":""1""},{""type"":""LTE"",""pci"":273,""earfcn"":3050,""tac"":null,""rsrp"":-100,""rsrq"":-10,""rssi"":-79,""snr"":null,""ta"":0,""level"":2,""bands"":""7""},{""type"":""LTE"",""pci"":418,""earfcn"":3050,""tac"":null,""rsrp"":-104,""rsrq"":-16,""rssi"":-79,""snr"":null,""ta"":0,""level"":2,""bands"":""7""},{""type"":""LTE"",""pci"":418,""earfcn"":100,""tac"":null,""rsrp"":-108,""rsrq"":-19,""rssi"":-65,""snr"":null,""ta"":0,""level"":1,""bands"":""1""},{""type"":""LTE"",""pci"":272,""earfcn"":3050,""tac"":null,""rsrp"":-109,""rsrq"":-20,""rssi"":-79,""snr"":null,""ta"":0,""level"":1,""bands"":""7""},{""type"":""LTE"",""pci"":350,""earfcn"":3050,""tac"":null,""rsrp"":-109,""rsrq"":-20,""rssi"":-77,""snr"":null,""ta"":0,""level"":1,""bands"":""7""}]",1005.02686,9,0.459,0.524,4,4,,,,"[{""b"":""dc:8e:8d:bf:e7:bc"",""s"":""DLive_E7B7"",""r"":-33,""f"":2412},{""b"":""dc:8e:8d:bf:e7:b6"",""s"":""DLive5G_E7B7"",""r"":-41,""f"":5220},{""b"":""dc:8e:8d:bf:e7:4e"",""s"":""DLive_E749"",""r"":-73,""f"":2412},{""b"":""dc:8e:8d:bf:e7:48"",""s"":""DLive5G_E749"",""r"":-91,""f"":5220}]",""
1790513127817,2026-09-27 21:45:27,car,37.5465771,127.068243,9.168,0.3511336,90.00344,43.5,fused,0,LTE,NR_NSA,5G,true,false,true,false,false,52543750,273,2600,5,8282,450,06,-91,-13,-59,1,3,0,,,,1259703,64196,10.0776,0.5136,1259663,64156,10.0773,0.5132,false,9,0,9,-82,273,100,0.3511336,false,false,periodic,141,0,-1,0,1124,,,,"[{""type"":""LTE"",""pci"":273,""earfcn"":100,""tac"":null,""rsrp"":-82,""rsrq"":-8,""rssi"":-63,""snr"":null,""ta"":0,""level"":4,""bands"":""1""},{""type"":""LTE"",""pci"":421,""earfcn"":2600,""tac"":null,""rsrp"":-90,""rsrq"":-13,""rssi"":-65,""snr"":null,""ta"":0,""level"":3,""bands"":""5""},{""type"":""LTE"",""pci"":418,""earfcn"":100,""tac"":null,""rsrp"":-90,""rsrq"":-16,""rssi"":-65,""snr"":null,""ta"":0,""level"":3,""bands"":""1""},{""type"":""LTE"",""pci"":421,""earfcn"":100,""tac"":null,""rsrp"":-93,""rsrq"":-19,""rssi"":-65,""snr"":null,""ta"":0,""level"":3,""bands"":""1""},{""type"":""LTE"",""pci"":109,""earfcn"":2600,""tac"":null,""rsrp"":-97,""rsrq"":-20,""rssi"":-67,""snr"":null,""ta"":0,""level"":2,""bands"":""5""},{""type"":""LTE"",""pci"":273,""earfcn"":3050,""tac"":null,""rsrp"":-99,""rsrq"":-9,""rssi"":-81,""snr"":null,""ta"":0,""level"":2,""bands"":""7""},{""type"":""LTE"",""pci"":418,""earfcn"":3050,""tac"":null,""rsrp"":-104,""rsrq"":-14,""rssi"":-81,""snr"":null,""ta"":0,""level"":2,""bands"":""7""},{""type"":""LTE"",""pci"":272,""earfcn"":3050,""tac"":null,""rsrp"":-108,""rsrq"":-18,""rssi"":-81,""snr"":null,""ta"":0,""level"":1,""bands"":""7""},{""type"":""LTE"",""pci"":350,""earfcn"":3050,""tac"":null,""rsrp"":-109,""rsrq"":-20,""rssi"":-77,""snr"":null,""ta"":0,""level"":1,""bands"":""7""}]",1005.03595,11,0.526,0.459,4,9,,,,"[{""b"":""dc:8e:8d:bf:e7:bc"",""s"":""DLive_E7B7"",""r"":-33,""f"":2412},{""b"":""dc:8e:8d:bf:e7:b6"",""s"":""DLive5G_E7B7"",""r"":-41,""f"":5220},{""b"":""dc:8e:8d:bf:e7:4e"",""s"":""DLive_E749"",""r"":-73,""f"":2412},{""b"":""dc:8e:8d:bf:e7:48"",""s"":""DLive5G_E749"",""r"":-91,""f"":5220}]",""
1790513132833,2026-09-27 21:45:32,car,37.5465775,127.0682433,9.983,0.3091919,90.24609,45.911068906361834,fused,1,LTE,NR_NSA,5G,true,false,true,false,false,52543750,273,2600,5,8282,450,06,-91,-13,-61,0,3,0,,,,8261,65337,0.0661,0.5227,8241,65317,0.0659,0.5225,false,7,0,7,-83,273,100,0.3091919,false,false,periodic,146,0,0,-1,949,,,,"[{""type"":""LTE"",""pci"":273,""earfcn"":100,""tac"":null,""rsrp"":-83,""rsrq"":-10,""rssi"":-65,""snr"":null,""ta"":0,""level"":4,""bands"":""1""},{""type"":""LTE"",""pci"":421,""earfcn"":100,""tac"":null,""rsrp"":-88,""rsrq"":-17,""rssi"":-61,""snr"":null,""ta"":0,""level"":3,""bands"":""1""},{""type"":""LTE"",""pci"":418,""earfcn"":100,""tac"":null,""rsrp"":-90,""rsrq"":-16,""rssi"":-65,""snr"":null,""ta"":0,""level"":3,""bands"":""1""},{""type"":""LTE"",""pci"":421,""earfcn"":2600,""tac"":null,""rsrp"":-91,""rsrq"":-14,""rssi"":-67,""snr"":null,""ta"":0,""level"":3,""bands"":""5""},{""type"":""LTE"",""pci"":273,""earfcn"":3050,""tac"":null,""rsrp"":-99,""rsrq"":-11,""rssi"":-77,""snr"":null,""ta"":0,""level"":2,""bands"":""7""},{""type"":""LTE"",""pci"":418,""earfcn"":3050,""tac"":null,""rsrp"":-105,""rsrq"":-18,""rssi"":-77,""snr"":null,""ta"":0,""level"":2,""bands"":""7""},{""type"":""LTE"",""pci"":272,""earfcn"":3050,""tac"":null,""rsrp"":-106,""rsrq"":-18,""rssi"":-77,""snr"":null,""ta"":0,""level"":1,""bands"":""7""}]",1005.0375,11,0.459,0.459,3,5,,,,"[{""b"":""dc:8e:8d:bf:e7:bc"",""s"":""DLive_E7B7"",""r"":-34,""f"":2412},{""b"":""dc:8e:8d:bf:e7:b6"",""s"":""DLive5G_E7B7"",""r"":-42,""f"":5220},{""b"":""dc:8e:8d:bf:e7:48"",""s"":""DLive5G_E749"",""r"":-86,""f"":5220}]",""
1790513137842,2026-09-27 21:45:37,car,37.546581,127.0682498,9.585,0.33130527,89.95684,43.5,fused,0,LTE,NR_NSA,5G,true,false,true,false,false,52543750,273,2600,5,8282,450,06,-91,-13,-61,0,3,0,,,,4515,68178,0.0361,0.5454,4495,68158,0.0360,0.5453,false,9,0,9,-84,273,100,0.33130527,false,false,periodic,151,0,0,0,571,,,,"[{""type"":""LTE"",""pci"":273,""earfcn"":100,""tac"":null,""rsrp"":-84,""rsrq"":-11,""rssi"":-63,""snr"":null,""ta"":0,""level"":4,""bands"":""1""},{""type"":""LTE"",""pci"":421,""earfcn"":100,""tac"":null,""rsrp"":-88,""rsrq"":-17,""rssi"":-61,""snr"":null,""ta"":0,""level"":3,""bands"":""1""},{""type"":""LTE"",""pci"":418,""earfcn"":100,""tac"":null,""rsrp"":-90,""rsrq"":-16,""rssi"":-65,""snr"":null,""ta"":0,""level"":3,""bands"":""1""},{""type"":""LTE"",""pci"":421,""earfcn"":2600,""tac"":null,""rsrp"":-91,""rsrq"":-13,""rssi"":-67,""snr"":null,""ta"":0,""level"":3,""bands"":""5""},{""type"":""LTE"",""pci"":109,""earfcn"":2600,""tac"":null,""rsrp"":-96,""rsrq"":-20,""rssi"":-67,""snr"":null,""ta"":0,""level"":2,""bands"":""5""},{""type"":""LTE"",""pci"":418,""earfcn"":2600,""tac"":null,""rsrp"":-99,""rsrq"":-20,""rssi"":-65,""snr"":null,""ta"":0,""level"":2,""bands"":""5""},{""type"":""LTE"",""pci"":273,""earfcn"":3050,""tac"":null,""rsrp"":-99,""rsrq"":-9,""rssi"":-77,""snr"":null,""ta"":0,""level"":2,""bands"":""7""},{""type"":""LTE"",""pci"":418,""earfcn"":3050,""tac"":null,""rsrp"":-105,""rsrq"":-16,""rssi"":-77,""snr"":null,""ta"":0,""level"":2,""bands"":""7""},{""type"":""LTE"",""pci"":272,""earfcn"":3050,""tac"":null,""rsrp"":-109,""rsrq"":-19,""rssi"":-81,""snr"":null,""ta"":0,""level"":1,""bands"":""7""}]",1005.0396,12,0.459,0.524,6,5,,,,"[{""b"":""dc:8e:8d:bf:e7:bc"",""s"":""DLive_E7B7"",""r"":-32,""f"":2412},{""b"":""dc:8e:8d:bf:e7:b6"",""s"":""DLive5G_E7B7"",""r"":-42,""f"":5220},{""b"":""00:07:89:bc:8c:f4"",""s"":""KT_GiGA_2G_Wave2_8CF1"",""r"":-82,""f"":2417},{""b"":""00:07:89:82:be:31"",""s"":""KT_GiGA_2G_Wave2_BE2E"",""r"":-83,""f"":2437},{""b"":""dc:8e:8d:bf:e7:48"",""s"":""DLive5G_E749"",""r"":-87,""f"":5220},{""b"":""88:36:6c:6a:84:c0"",""s"":""hong5G"",""r"":-89,""f"":5745}]",""
1790513142853,2026-09-27 21:45:42,car,37.5465822,127.0682509,9.47,0.39464742,89.99761,43.5,fused,1,LTE,NR_NSA,5G,true,false,true,false,false,52543750,273,2600,5,8282,450,06,-91,-13,-61,0,3,0,,,,2288,64040,0.0183,0.5123,2268,64020,0.0181,0.5122,false,9,0,9,-84,273,100,0.39464742,false,false,periodic,156,0,0,0,5583,,,,"[{""type"":""LTE"",""pci"":273,""earfcn"":100,""tac"":null,""rsrp"":-84,""rsrq"":-11,""rssi"":-63,""snr"":null,""ta"":0,""level"":4,""bands"":""1""},{""type"":""LTE"",""pci"":421,""earfcn"":100,""tac"":null,""rsrp"":-88,""rsrq"":-17,""rssi"":-61,""snr"":null,""ta"":0,""level"":3,""bands"":""1""},{""type"":""LTE"",""pci"":418,""earfcn"":100,""tac"":null,""rsrp"":-90,""rsrq"":-16,""rssi"":-65,""snr"":null,""ta"":0,""level"":3,""bands"":""1""},{""type"":""LTE"",""pci"":421,""earfcn"":2600,""tac"":null,""rsrp"":-91,""rsrq"":-13,""rssi"":-67,""snr"":null,""ta"":0,""level"":3,""bands"":""5""},{""type"":""LTE"",""pci"":109,""earfcn"":2600,""tac"":null,""rsrp"":-96,""rsrq"":-20,""rssi"":-67,""snr"":null,""ta"":0,""level"":2,""bands"":""5""},{""type"":""LTE"",""pci"":418,""earfcn"":2600,""tac"":null,""rsrp"":-99,""rsrq"":-20,""rssi"":-65,""snr"":null,""ta"":0,""level"":2,""bands"":""5""},{""type"":""LTE"",""pci"":273,""earfcn"":3050,""tac"":null,""rsrp"":-99,""rsrq"":-9,""rssi"":-77,""snr"":null,""ta"":0,""level"":2,""bands"":""7""},{""type"":""LTE"",""pci"":418,""earfcn"":3050,""tac"":null,""rsrp"":-105,""rsrq"":-16,""rssi"":-77,""snr"":null,""ta"":0,""level"":2,""bands"":""7""},{""type"":""LTE"",""pci"":272,""earfcn"":3050,""tac"":null,""rsrp"":-109,""rsrq"":-19,""rssi"":-81,""snr"":null,""ta"":0,""level"":1,""bands"":""7""}]",1005.0428,11,0.524,0.459,9,4,,,,"[{""b"":""dc:8e:8d:bf:e7:bc"",""s"":""DLive_E7B7"",""r"":-32,""f"":2412},{""b"":""dc:8e:8d:bf:e7:b6"",""s"":""DLive5G_E7B7"",""r"":-43,""f"":5220},{""b"":""ca:dd:6a:05:5c:1b"",""s"":""[LG_CeilingCassette A\/C]5c1b"",""r"":-53,""f"":2462},{""b"":""dc:8e:8d:bf:e6:93"",""s"":""DLive_E68E"",""r"":-66,""f"":2462},{""b"":""1e:39:29:f9:f9:45"",""s"":""[LG_CeilingCassette A\/C]f945"",""r"":-71,""f"":2462},{""b"":""70:5d:cc:df:3f:80"",""s"":""502"",""r"":-83,""f"":2422},{""b"":""b0:38:6c:08:f1:00"",""s"":""🍟_5G"",""r"":-89,""f"":5745},{""b"":""dc:8e:8d:bf:e7:48"",""s"":""DLive5G_E749"",""r"":-89,""f"":5220},{""b"":""dc:8e:8d:bf:e7:11"",""s"":""DLive5G_E712"",""r"":-94,""f"":5220}]",""
1790513147865,2026-09-27 21:45:47,car,37.5465813,127.0682522,10.574,0.37633464,89.99956,43.5,fused,0,LTE,NR_NSA,5G,true,false,true,false,false,52543750,273,2600,5,8282,450,06,-91,-12,-63,0,3,0,,,,9752,66184,0.0780,0.5295,9712,66145,0.0777,0.5292,false,6,0,6,-83,273,100,0.37633464,false,false,periodic,161,0,0,0,5003,,,,"[{""type"":""LTE"",""pci"":273,""earfcn"":100,""tac"":null,""rsrp"":-83,""rsrq"":-10,""rssi"":-61,""snr"":null,""ta"":0,""level"":4,""bands"":""1""},{""type"":""LTE"",""pci"":421,""earfcn"":2600,""tac"":null,""rsrp"":-91,""rsrq"":-13,""rssi"":-67,""snr"":null,""ta"":0,""level"":3,""bands"":""5""},{""type"":""LTE"",""pci"":421,""earfcn"":100,""tac"":null,""rsrp"":-93,""rsrq"":-18,""rssi"":-61,""snr"":null,""ta"":0,""level"":3,""bands"":""1""},{""type"":""LTE"",""pci"":273,""earfcn"":3050,""tac"":null,""rsrp"":-99,""rsrq"":-12,""rssi"":-77,""snr"":null,""ta"":0,""level"":2,""bands"":""7""},{""type"":""LTE"",""pci"":418,""earfcn"":3050,""tac"":null,""rsrp"":-108,""rsrq"":-20,""rssi"":-77,""snr"":null,""ta"":0,""level"":1,""bands"":""7""},{""type"":""LTE"",""pci"":272,""earfcn"":3050,""tac"":null,""rsrp"":-109,""rsrq"":-20,""rssi"":-77,""snr"":null,""ta"":0,""level"":1,""bands"":""7""}]",1005.07465,30,0.459,0.459,7,4,,,,"[{""b"":""dc:8e:8d:bf:e7:bc"",""s"":""DLive_E7B7"",""r"":-34,""f"":2412},{""b"":""dc:8e:8d:bf:e7:b6"",""s"":""DLive5G_E7B7"",""r"":-41,""f"":5220},{""b"":""ca:dd:6a:05:5c:1b"",""s"":""[LG_CeilingCassette A\/C]5c1b"",""r"":-52,""f"":2462},{""b"":""dc:8e:8d:bf:e6:93"",""s"":""DLive_E68E"",""r"":-65,""f"":2462},{""b"":""1e:39:29:f9:f9:7d"",""s"":""[LG_CeilingCassette A\/C]f97d"",""r"":-76,""f"":2462},{""b"":""88:36:6c:6a:84:c0"",""s"":""hong5G"",""r"":-90,""f"":5745},{""b"":""dc:8e:8d:bf:e7:48"",""s"":""DLive5G_E749"",""r"":-94,""f"":5220}]",""
1790513152883,2026-09-27 21:45:52,car,37.546582,127.0682558,10.355,0.4986118,89.7725,43.5,fused,1,LTE,NR_NSA,5G,true,false,true,false,false,52543750,273,2600,5,8282,450,06,-89,-13,-61,-1,3,0,,,,6209,76231,0.0497,0.6098,6149,76171,0.0492,0.6094,false,7,0,7,-83,273,100,0.4986118,false,false,periodic,166,0,2,-1,4998,,,,"[{""type"":""LTE"",""pci"":273,""earfcn"":100,""tac"":null,""rsrp"":-83,""rsrq"":-9,""rssi"":-63,""snr"":null,""ta"":0,""level"":4,""bands"":""1""},{""type"":""LTE"",""pci"":421,""earfcn"":2600,""tac"":null,""rsrp"":-90,""rsrq"":-13,""rssi"":-65,""snr"":null,""ta"":0,""level"":3,""bands"":""5""},{""type"":""LTE"",""pci"":109,""earfcn"":2600,""tac"":null,""rsrp"":-93,""rsrq"":-19,""rssi"":-65,""snr"":null,""ta"":0,""level"":3,""bands"":""5""},{""type"":""LTE"",""pci"":421,""earfcn"":100,""tac"":null,""rsrp"":-95,""rsrq"":-16,""rssi"":-63,""snr"":null,""ta"":0,""level"":3,""bands"":""1""},{""type"":""LTE"",""pci"":273,""earfcn"":3050,""tac"":null,""rsrp"":-98,""rsrq"":-11,""rssi"":-77,""snr"":null,""ta"":0,""level"":2,""bands"":""7""},{""type"":""LTE"",""pci"":272,""earfcn"":3050,""tac"":null,""rsrp"":-104,""rsrq"":-18,""rssi"":-77,""snr"":null,""ta"":0,""level"":2,""bands"":""7""},{""type"":""LTE"",""pci"":418,""earfcn"":3050,""tac"":null,""rsrp"":-107,""rsrq"":-18,""rssi"":-77,""snr"":null,""ta"":0,""level"":1,""bands"":""7""}]",1005.04663,16,0.459,0.524,5,5,,,,"[{""b"":""dc:8e:8d:bf:e7:bc"",""s"":""DLive_E7B7"",""r"":-37,""f"":2412},{""b"":""dc:8e:8d:bf:e7:b6"",""s"":""DLive5G_E7B7"",""r"":-41,""f"":5220},{""b"":""ca:dd:6a:05:5c:1b"",""s"":""[LG_CeilingCassette A\/C]5c1b"",""r"":-56,""f"":2462},{""b"":""70:5d:cc:e0:14:2e"",""s"":""402"",""r"":-83,""f"":2452},{""b"":""dc:8e:8d:bf:e7:48"",""s"":""DLive5G_E749"",""r"":-92,""f"":5220}]",""
1790513157895,2026-09-27 21:45:57,car,37.5465862,127.0682636,13.095,0.7410251,89.10271,43.5,fused,0,LTE,NR_NSA,5G,true,false,true,false,false,52543750,273,2600,5,8282,450,06,-86,-11,-59,0,3,0,,,,3314,69528,0.0265,0.5562,3294,69508,0.0264,0.5561,false,8,0,8,-82,273,100,0.7410251,false,false,periodic,171,0,3,1,5002,,,,"[{""type"":""LTE"",""pci"":273,""earfcn"":100,""tac"":null,""rsrp"":-82,""rsrq"":-7,""rssi"":-51,""snr"":null,""ta"":0,""level"":4,""bands"":""1""},{""type"":""LTE"",""pci"":421,""earfcn"":2600,""tac"":null,""rsrp"":-90,""rsrq"":-13,""rssi"":-63,""snr"":null,""ta"":0,""level"":3,""bands"":""5""},{""type"":""LTE"",""pci"":109,""earfcn"":2600,""tac"":null,""rsrp"":-92,""rsrq"":-20,""rssi"":-63,""snr"":null,""ta"":0,""level"":3,""bands"":""5""},{""type"":""LTE"",""pci"":418,""earfcn"":100,""tac"":null,""rsrp"":-93,""rsrq"":-17,""rssi"":-65,""snr"":null,""ta"":0,""level"":3,""bands"":""1""},{""type"":""LTE"",""pci"":273,""earfcn"":3050,""tac"":null,""rsrp"":-97,""rsrq"":-8,""rssi"":-69,""snr"":null,""ta"":0,""level"":2,""bands"":""7""},{""type"":""LTE"",""pci"":421,""earfcn"":100,""tac"":null,""rsrp"":-97,""rsrq"":-15,""rssi"":-65,""snr"":null,""ta"":0,""level"":2,""bands"":""1""},{""type"":""LTE"",""pci"":418,""earfcn"":3050,""tac"":null,""rsrp"":-103,""rsrq"":-17,""rssi"":-77,""snr"":null,""ta"":0,""level"":2,""bands"":""7""},{""type"":""LTE"",""pci"":272,""earfcn"":3050,""tac"":null,""rsrp"":-104,""rsrq"":-19,""rssi"":-75,""snr"":null,""ta"":0,""level"":2,""bands"":""7""}]",1005.118,12,0.524,0.524,9,3,,,,"[{""b"":""dc:8e:8d:bf:e7:bc"",""s"":""DLive_E7B7"",""r"":-38,""f"":2412},{""b"":""dc:8e:8d:bf:e7:b6"",""s"":""DLive5G_E7B7"",""r"":-43,""f"":5220},{""b"":""ca:dd:6a:05:5c:1b"",""s"":""[LG_CeilingCassette A\/C]5c1b"",""r"":-51,""f"":2462},{""b"":""1e:39:29:f9:f9:45"",""s"":""[LG_CeilingCassette A\/C]f945"",""r"":-71,""f"":2462},{""b"":""1e:39:29:f9:f9:7d"",""s"":""[LG_CeilingCassette A\/C]f97d"",""r"":-75,""f"":2462},{""b"":""b0:38:6c:2d:13:02"",""s"":""205호"",""r"":-80,""f"":2417},{""b"":""70:5d:cc:e0:23:50"",""s"":""603"",""r"":-83,""f"":2417},{""b"":""72:7f:f0:63:d5:4c"",""s"":"""",""r"":-83,""f"":2457},{""b"":""02:06:ac:10:21:e2"",""s"":""T wifi zone_secure"",""r"":-86,""f"":2472}]",""
1790513162909,2026-09-27 21:46:02,car,37.5465848,127.0682688,15.042,0.88562125,90.076614,43.5,fused,1,LTE,NR_NSA,5G,true,false,true,false,false,52543750,273,2600,5,8282,450,06,-88,-13,-59,1,3,0,,,,2372,63659,0.0190,0.5093,2352,63640,0.0188,0.5091,false,8,0,8,-84,273,100,0.88562125,false,false,periodic,176,0,-2,1,4998,,,,"[{""type"":""LTE"",""pci"":273,""earfcn"":100,""tac"":null,""rsrp"":-84,""rsrq"":-7,""rssi"":-67,""snr"":null,""ta"":0,""level"":4,""bands"":""1""},{""type"":""LTE"",""pci"":421,""earfcn"":2600,""tac"":null,""rsrp"":-90,""rsrq"":-15,""rssi"":-65,""snr"":null,""ta"":0,""level"":3,""bands"":""5""},{""type"":""LTE"",""pci"":418,""earfcn"":2600,""tac"":null,""rsrp"":-95,""rsrq"":-20,""rssi"":-65,""snr"":null,""ta"":0,""level"":3,""bands"":""5""},{""type"":""LTE"",""pci"":273,""earfcn"":3050,""tac"":null,""rsrp"":-95,""rsrq"":-8,""rssi"":-77,""snr"":null,""ta"":0,""level"":3,""bands"":""7""},{""type"":""LTE"",""pci"":421,""earfcn"":100,""tac"":null,""rsrp"":-103,""rsrq"":-20,""rssi"":-67,""snr"":null,""ta"":0,""level"":2,""bands"":""1""},{""type"":""LTE"",""pci"":272,""earfcn"":3050,""tac"":null,""rsrp"":-104,""rsrq"":-19,""rssi"":-75,""snr"":null,""ta"":0,""level"":2,""bands"":""7""},{""type"":""LTE"",""pci"":418,""earfcn"":3050,""tac"":null,""rsrp"":-106,""rsrq"":-19,""rssi"":-77,""snr"":null,""ta"":0,""level"":1,""bands"":""7""},{""type"":""LTE"",""pci"":418,""earfcn"":100,""tac"":null,""rsrp"":-107,""rsrq"":-17,""rssi"":-69,""snr"":null,""ta"":0,""level"":1,""bands"":""1""}]",1005.0521,30,0.524,0.459,6,2,,,,"[{""b"":""dc:8e:8d:bf:e7:bc"",""s"":""DLive_E7B7"",""r"":-36,""f"":2412},{""b"":""dc:8e:8d:bf:e7:b6"",""s"":""DLive5G_E7B7"",""r"":-44,""f"":5220},{""b"":""ca:dd:6a:05:5c:1b"",""s"":""[LG_CeilingCassette A\/C]5c1b"",""r"":-57,""f"":2462},{""b"":""dc:8e:8d:bf:e6:93"",""s"":""DLive_E68E"",""r"":-67,""f"":2462},{""b"":""dc:8e:8d:bf:e7:4e"",""s"":""DLive_E749"",""r"":-71,""f"":2412},{""b"":""dc:8e:8d:bf:e7:48"",""s"":""DLive5G_E749"",""r"":-84,""f"":5220}]",""
1790513167933,2026-09-27 21:46:07,car,37.5465861,127.0682539,12.525,0.4178532,90.00693,43.5,fused,1,LTE,NR_NSA,5G,true,false,true,false,false,52543750,273,2600,5,8282,450,06,-87,-12,-59,1,3,0,,,,3505,68419,0.0280,0.5474,3485,68399,0.0279,0.5472,false,7,0,7,-82,273,100,0.4178532,false,false,periodic,181,0,1,0,2718,,,,"[{""type"":""LTE"",""pci"":273,""earfcn"":100,""tac"":null,""rsrp"":-82,""rsrq"":-12,""rssi"":-59,""snr"":null,""ta"":0,""level"":4,""bands"":""1""},{""type"":""LTE"",""pci"":421,""earfcn"":2600,""tac"":null,""rsrp"":-87,""rsrq"":-14,""rssi"":-63,""snr"":null,""ta"":0,""level"":3,""bands"":""5""},{""type"":""LTE"",""pci"":418,""earfcn"":100,""tac"":null,""rsrp"":-89,""rsrq"":-17,""rssi"":-61,""snr"":null,""ta"":0,""level"":3,""bands"":""1""},{""type"":""LTE"",""pci"":421,""earfcn"":100,""tac"":null,""rsrp"":-90,""rsrq"":-20,""rssi"":-59,""snr"":null,""ta"":0,""level"":3,""bands"":""1""},{""type"":""LTE"",""pci"":273,""earfcn"":3050,""tac"":null,""rsrp"":-100,""rsrq"":-12,""rssi"":-79,""snr"":null,""ta"":0,""level"":2,""bands"":""7""},{""type"":""LTE"",""pci"":418,""earfcn"":3050,""tac"":null,""rsrp"":-107,""rsrq"":-17,""rssi"":-79,""snr"":null,""ta"":0,""level"":1,""bands"":""7""},{""type"":""LTE"",""pci"":272,""earfcn"":3050,""tac"":null,""rsrp"":-108,""rsrq"":-20,""rssi"":-77,""snr"":null,""ta"":0,""level"":1,""bands"":""7""}]",1005.06146,33,0.459,0.459,5,1,,,,"[{""b"":""dc:8e:8d:bf:e7:bc"",""s"":""DLive_E7B7"",""r"":-35,""f"":2412},{""b"":""dc:8e:8d:bf:e7:b6"",""s"":""DLive5G_E7B7"",""r"":-45,""f"":5220},{""b"":""ca:dd:6a:05:5c:1b"",""s"":""[LG_CeilingCassette A\/C]5c1b"",""r"":-58,""f"":2462},{""b"":""dc:8e:8d:bf:e7:4e"",""s"":""DLive_E749"",""r"":-71,""f"":2412},{""b"":""dc:8e:8d:bf:e7:48"",""s"":""DLive5G_E749"",""r"":-91,""f"":5220}]",""
1790513172946,2026-09-27 21:46:12,car,37.5465839,127.0682539,13.392,0.82356215,90.04011,43.5,fused,0,LTE,NR_NSA,5G,true,false,true,false,false,52543750,273,2600,5,8282,450,06,-87,-12,-55,2,3,0,,,,305959,76967,2.4477,0.6157,305920,76927,2.4474,0.6154,false,7,0,7,-80,273,100,0.82356215,false,false,periodic,186,0,0,1,1865,,,,"[{""type"":""LTE"",""pci"":273,""earfcn"":100,""tac"":null,""rsrp"":-80,""rsrq"":-8,""rssi"":-53,""snr"":null,""ta"":0,""level"":4,""bands"":""1""},{""type"":""LTE"",""pci"":421,""earfcn"":2600,""tac"":null,""rsrp"":-87,""rsrq"":-15,""rssi"":-61,""snr"":null,""ta"":0,""level"":3,""bands"":""5""},{""type"":""LTE"",""pci"":421,""earfcn"":100,""tac"":null,""rsrp"":-90,""rsrq"":-20,""rssi"":-59,""snr"":null,""ta"":0,""level"":3,""bands"":""1""},{""type"":""LTE"",""pci"":418,""earfcn"":2600,""tac"":null,""rsrp"":-95,""rsrq"":-20,""rssi"":-65,""snr"":null,""ta"":0,""level"":3,""bands"":""5""},{""type"":""LTE"",""pci"":273,""earfcn"":3050,""tac"":null,""rsrp"":-96,""rsrq"":-7,""rssi"":-69,""snr"":null,""ta"":0,""level"":2,""bands"":""7""},{""type"":""LTE"",""pci"":418,""earfcn"":3050,""tac"":null,""rsrp"":-104,""rsrq"":-17,""rssi"":-79,""snr"":null,""ta"":0,""level"":2,""bands"":""7""},{""type"":""LTE"",""pci"":272,""earfcn"":3050,""tac"":null,""rsrp"":-106,""rsrq"":-18,""rssi"":-79,""snr"":null,""ta"":0,""level"":1,""bands"":""7""}]",1005.0396,14,0.459,0.524,5,6,,,,"[{""b"":""dc:8e:8d:bf:e7:bc"",""s"":""DLive_E7B7"",""r"":-35,""f"":2412},{""b"":""dc:8e:8d:bf:e7:b6"",""s"":""DLive5G_E7B7"",""r"":-45,""f"":5220},{""b"":""ca:dd:6a:05:5c:1b"",""s"":""[LG_CeilingCassette A\/C]5c1b"",""r"":-58,""f"":2462},{""b"":""dc:8e:8d:bf:e7:4e"",""s"":""DLive_E749"",""r"":-71,""f"":2412},{""b"":""dc:8e:8d:bf:e7:48"",""s"":""DLive5G_E749"",""r"":-91,""f"":5220}]",""
1790513177960,2026-09-27 21:46:17,car,37.5465846,127.0682647,14.998,0.81699044,89.75816,43.5,fused,1,LTE,NR_NSA,5G,true,false,true,false,false,52543750,273,2600,5,8282,450,06,-86,-14,-53,-1,3,0,,,,2402,67092,0.0192,0.5367,2362,67052,0.0189,0.5364,false,8,0,8,-80,273,100,0.81699044,false,false,periodic,191,0,1,-3,766,,,,"[{""type"":""LTE"",""pci"":273,""earfcn"":100,""tac"":null,""rsrp"":-80,""rsrq"":-7,""rssi"":-63,""snr"":null,""ta"":0,""level"":4,""bands"":""1""},{""type"":""LTE"",""pci"":421,""earfcn"":2600,""tac"":null,""rsrp"":-87,""rsrq"":-16,""rssi"":-61,""snr"":null,""ta"":0,""level"":3,""bands"":""5""},{""type"":""LTE"",""pci"":421,""earfcn"":100,""tac"":null,""rsrp"":-87,""rsrq"":-19,""rssi"":-57,""snr"":null,""ta"":0,""level"":3,""bands"":""1""},{""type"":""LTE"",""pci"":272,""earfcn"":2600,""tac"":null,""rsrp"":-92,""rsrq"":-19,""rssi"":-61,""snr"":null,""ta"":0,""level"":3,""bands"":""5""},{""type"":""LTE"",""pci"":418,""earfcn"":2600,""tac"":null,""rsrp"":-92,""rsrq"":-20,""rssi"":-61,""snr"":null,""ta"":0,""level"":3,""bands"":""5""},{""type"":""LTE"",""pci"":273,""earfcn"":3050,""tac"":null,""rsrp"":-97,""rsrq"":-10,""rssi"":-77,""snr"":null,""ta"":0,""level"":2,""bands"":""7""},{""type"":""LTE"",""pci"":418,""earfcn"":3050,""tac"":null,""rsrp"":-104,""rsrq"":-17,""rssi"":-77,""snr"":null,""ta"":0,""level"":2,""bands"":""7""},{""type"":""LTE"",""pci"":272,""earfcn"":3050,""tac"":null,""rsrp"":-107,""rsrq"":-20,""rssi"":-77,""snr"":null,""ta"":0,""level"":1,""bands"":""7""}]",1005.06146,11,0.524,0.459,6,5,,,,"[{""b"":""dc:8e:8d:bf:e7:b6"",""s"":""DLive5G_E7B7"",""r"":-41,""f"":5220},{""b"":""dc:8e:8d:bf:e6:93"",""s"":""DLive_E68E"",""r"":-64,""f"":2462},{""b"":""1e:39:29:f9:f9:7d"",""s"":""[LG_CeilingCassette A\/C]f97d"",""r"":-76,""f"":2462},{""b"":""da:e3:5e:f5:14:7c"",""s"":""[LG_Wall-Mount A\/C]147c"",""r"":-79,""f"":2452},{""b"":""12:06:ac:10:21:e2"",""s"":""PublicWiFi@Seoul"",""r"":-85,""f"":2472},{""b"":""dc:8e:8d:bf:e7:48"",""s"":""DLive5G_E749"",""r"":-91,""f"":5220}]",""
1790513182972,2026-09-27 21:46:22,car,37.5465814,127.0682644,15.637,0.71858805,90.50518,43.5,fused,0,LTE,NR_NSA,5G,true,false,true,false,false,52543750,273,2600,5,8282,450,06,-88,-13,-55,-1,3,0,,,,10569,66199,0.0846,0.5296,10549,66179,0.0844,0.5294,false,7,0,7,-81,273,100,0.71858805,false,false,periodic,196,0,-2,0,74,,,,"[{""type"":""LTE"",""pci"":273,""earfcn"":100,""tac"":null,""rsrp"":-81,""rsrq"":-12,""rssi"":-59,""snr"":null,""ta"":0,""level"":4,""bands"":""1""},{""type"":""LTE"",""pci"":421,""earfcn"":100,""tac"":null,""rsrp"":-88,""rsrq"":-20,""rssi"":-59,""snr"":null,""ta"":0,""level"":3,""bands"":""1""},{""type"":""LTE"",""pci"":421,""earfcn"":2600,""tac"":null,""rsrp"":-90,""rsrq"":-15,""rssi"":-65,""snr"":null,""ta"":0,""level"":3,""bands"":""5""},{""type"":""LTE"",""pci"":272,""earfcn"":2600,""tac"":null,""rsrp"":-95,""rsrq"":-19,""rssi"":-63,""snr"":null,""ta"":0,""level"":3,""bands"":""5""},{""type"":""LTE"",""pci"":273,""earfcn"":3050,""tac"":null,""rsrp"":-95,""rsrq"":-9,""rssi"":-77,""snr"":null,""ta"":0,""level"":3,""bands"":""7""},{""type"":""LTE"",""pci"":418,""earfcn"":3050,""tac"":null,""rsrp"":-104,""rsrq"":-17,""rssi"":-77,""snr"":null,""ta"":0,""level"":2,""bands"":""7""},{""type"":""LTE"",""pci"":272,""earfcn"":3050,""tac"":null,""rsrp"":-107,""rsrq"":-19,""rssi"":-77,""snr"":null,""ta"":0,""level"":1,""bands"":""7""}]",1005.0655,12,0.459,0.459,6,5,,,,"[{""b"":""dc:8e:8d:bf:e7:bc"",""s"":""DLive_E7B7"",""r"":-35,""f"":2412},{""b"":""dc:8e:8d:bf:e7:b6"",""s"":""DLive5G_E7B7"",""r"":-41,""f"":5220},{""b"":""dc:8e:8d:bf:e6:93"",""s"":""DLive_E68E"",""r"":-67,""f"":2462},{""b"":""1e:39:29:f9:f9:45"",""s"":""[LG_CeilingCassette A\/C]f945"",""r"":-70,""f"":2462},{""b"":""1e:39:29:f9:f9:7d"",""s"":""[LG_CeilingCassette A\/C]f97d"",""r"":-76,""f"":2462},{""b"":""dc:8e:8d:bf:e7:48"",""s"":""DLive5G_E749"",""r"":-86,""f"":5220}]",""
1790513187981,2026-09-27 21:46:27,car,37.5465908,127.0682655,16.096,0.6133859,20.87354,43.5,fused,1,LTE,NR_NSA,5G,true,false,true,false,false,52543750,273,2600,5,8282,450,06,-88,-13,-55,-1,3,0,,,,4048,65537,0.0324,0.5243,4028,65517,0.0322,0.5241,false,7,0,7,-81,273,100,0.6133859,false,false,periodic,201,0,0,0,5087,,,,"[{""type"":""LTE"",""pci"":273,""earfcn"":100,""tac"":null,""rsrp"":-81,""rsrq"":-12,""rssi"":-59,""snr"":null,""ta"":0,""level"":4,""bands"":""1""},{""type"":""LTE"",""pci"":421,""earfcn"":100,""tac"":null,""rsrp"":-88,""rsrq"":-20,""rssi"":-59,""snr"":null,""ta"":0,""level"":3,""bands"":""1""},{""type"":""LTE"",""pci"":421,""earfcn"":2600,""tac"":null,""rsrp"":-90,""rsrq"":-15,""rssi"":-65,""snr"":null,""ta"":0,""level"":3,""bands"":""5""},{""type"":""LTE"",""pci"":272,""earfcn"":2600,""tac"":null,""rsrp"":-95,""rsrq"":-19,""rssi"":-63,""snr"":null,""ta"":0,""level"":3,""bands"":""5""},{""type"":""LTE"",""pci"":273,""earfcn"":3050,""tac"":null,""rsrp"":-95,""rsrq"":-9,""rssi"":-77,""snr"":null,""ta"":0,""level"":3,""bands"":""7""},{""type"":""LTE"",""pci"":418,""earfcn"":3050,""tac"":null,""rsrp"":-104,""rsrq"":-17,""rssi"":-77,""snr"":null,""ta"":0,""level"":2,""bands"":""7""},{""type"":""LTE"",""pci"":272,""earfcn"":3050,""tac"":null,""rsrp"":-107,""rsrq"":-19,""rssi"":-77,""snr"":null,""ta"":0,""level"":1,""bands"":""7""}]",1005.0706,14,0.459,0.459,5,4,,,,"[{""b"":""dc:8e:8d:bf:e7:bc"",""s"":""DLive_E7B7"",""r"":-34,""f"":2412},{""b"":""dc:8e:8d:bf:e7:b6"",""s"":""DLive5G_E7B7"",""r"":-42,""f"":5220},{""b"":""dc:8e:8d:bf:e7:17"",""s"":""DLive_E712"",""r"":-71,""f"":2462},{""b"":""da:e3:5e:f5:14:7c"",""s"":""[LG_Wall-Mount A\/C]147c"",""r"":-80,""f"":2452},{""b"":""b0:38:6c:2d:13:02"",""s"":""205호"",""r"":-83,""f"":2417}]",""
1790513192997,2026-09-27 21:46:32,car,37.5466001,127.0682665,16.474,0.7837173,35.58412,43.5,fused,0,LTE,NR_NSA,5G,true,false,true,false,false,52543750,273,2600,5,8282,450,06,-86,-11,-59,-1,3,0,,,,2338,68389,0.0187,0.5471,2298,68350,0.0184,0.5468,false,8,0,8,-80,273,100,0.7837173,false,false,periodic,206,0,2,0,5000,,,,"[{""type"":""LTE"",""pci"":273,""earfcn"":100,""tac"":null,""rsrp"":-80,""rsrq"":-7,""rssi"":-63,""snr"":null,""ta"":0,""level"":4,""bands"":""1""},{""type"":""LTE"",""pci"":421,""earfcn"":2600,""tac"":null,""rsrp"":-87,""rsrq"":-15,""rssi"":-61,""snr"":null,""ta"":0,""level"":3,""bands"":""5""},{""type"":""LTE"",""pci"":418,""earfcn"":2600,""tac"":null,""rsrp"":-93,""rsrq"":-19,""rssi"":-61,""snr"":null,""ta"":0,""level"":3,""bands"":""5""},{""type"":""LTE"",""pci"":272,""earfcn"":2600,""tac"":null,""rsrp"":-95,""rsrq"":-18,""rssi"":-65,""snr"":null,""ta"":0,""level"":3,""bands"":""5""},{""type"":""LTE"",""pci"":273,""earfcn"":3050,""tac"":null,""rsrp"":-96,""rsrq"":-9,""rssi"":-77,""snr"":null,""ta"":0,""level"":2,""bands"":""7""},{""type"":""LTE"",""pci"":421,""earfcn"":100,""tac"":null,""rsrp"":-102,""rsrq"":-20,""rssi"":-63,""snr"":null,""ta"":0,""level"":2,""bands"":""1""},{""type"":""LTE"",""pci"":418,""earfcn"":3050,""tac"":null,""rsrp"":-105,""rsrq"":-19,""rssi"":-77,""snr"":null,""ta"":0,""level"":2,""bands"":""7""},{""type"":""LTE"",""pci"":272,""earfcn"":3050,""tac"":null,""rsrp"":-107,""rsrq"":-20,""rssi"":-77,""snr"":null,""ta"":0,""level"":1,""bands"":""7""}]",1005.06744,11,0.459,0.524,4,3,,,,"[{""b"":""dc:8e:8d:bf:e7:b6"",""s"":""DLive5G_E7B7"",""r"":-41,""f"":5220},{""b"":""dc:8e:8d:bf:e7:17"",""s"":""DLive_E712"",""r"":-69,""f"":2462},{""b"":""1e:39:29:f9:f9:45"",""s"":""[LG_CeilingCassette A\/C]f945"",""r"":-69,""f"":2462},{""b"":""dc:8e:8d:bf:e7:48"",""s"":""DLive5G_E749"",""r"":-92,""f"":5220}]",""
1790513198010,2026-09-27 21:46:38,car,37.5466053,127.0682639,17.159,0.83652943,28.515154,43.599998474121094,fused,1,LTE,NR_NSA,5G,true,false,true,false,false,52543750,273,2600,5,8282,450,06,-87,-11,-55,-1,3,0,,,,2565,63602,0.0205,0.5088,2545,63582,0.0204,0.5087,false,8,0,8,-81,273,100,0.83652943,false,false,periodic,211,0,-1,0,5002,,,,"[{""type"":""LTE"",""pci"":273,""earfcn"":100,""tac"":null,""rsrp"":-81,""rsrq"":-7,""rssi"":-65,""snr"":null,""ta"":0,""level"":4,""bands"":""1""},{""type"":""LTE"",""pci"":421,""earfcn"":2600,""tac"":null,""rsrp"":-87,""rsrq"":-15,""rssi"":-61,""snr"":null,""ta"":0,""level"":3,""bands"":""5""},{""type"":""LTE"",""pci"":272,""earfcn"":2600,""tac"":null,""rsrp"":-94,""rsrq"":-18,""rssi"":-65,""snr"":null,""ta"":0,""level"":3,""bands"":""5""},{""type"":""LTE"",""pci"":418,""earfcn"":2600,""tac"":null,""rsrp"":-96,""rsrq"":-20,""rssi"":-63,""snr"":null,""ta"":0,""level"":2,""bands"":""5""},{""type"":""LTE"",""pci"":273,""earfcn"":3050,""tac"":null,""rsrp"":-97,""rsrq"":-11,""rssi"":-75,""snr"":null,""ta"":0,""level"":2,""bands"":""7""},{""type"":""LTE"",""pci"":272,""earfcn"":3050,""tac"":null,""rsrp"":-104,""rsrq"":-19,""rssi"":-75,""snr"":null,""ta"":0,""level"":2,""bands"":""7""},{""type"":""LTE"",""pci"":421,""earfcn"":100,""tac"":null,""rsrp"":-104,""rsrq"":-20,""rssi"":-65,""snr"":null,""ta"":0,""level"":2,""bands"":""1""},{""type"":""LTE"",""pci"":418,""earfcn"":3050,""tac"":null,""rsrp"":-106,""rsrq"":-20,""rssi"":-75,""snr"":null,""ta"":0,""level"":1,""bands"":""7""}]",1005.0668,11,0.524,0.459,6,2,,,,"[{""b"":""dc:8e:8d:bf:e7:bc"",""s"":""DLive_E7B7"",""r"":-34,""f"":2412},{""b"":""dc:8e:8d:bf:e7:b6"",""s"":""DLive5G_E7B7"",""r"":-41,""f"":5220},{""b"":""ca:dd:6a:05:5c:1b"",""s"":""[LG_CeilingCassette A\/C]5c1b"",""r"":-51,""f"":2462},{""b"":""1e:39:29:f9:f9:45"",""s"":""[LG_CeilingCassette A\/C]f945"",""r"":-57,""f"":2462},{""b"":""36:e6:e6:e8:d8:bf"",""s"":"""",""r"":-72,""f"":2412},{""b"":""dc:8e:8d:bf:e7:48"",""s"":""DLive5G_E749"",""r"":-92,""f"":5220}]",""
1790513203022,2026-09-27 21:46:43,car,37.5466111,127.0682544,14.562,0.8940824,354.83093,43.5,fused,0,LTE,NR_NSA,5G,true,false,true,false,false,52543750,273,2600,5,8282,450,06,-89,-12,-57,-1,3,0,,,,730252,73476,5.8420,0.5878,730232,73456,5.8419,0.5876,false,7,0,7,-80,273,100,0.8940824,false,false,periodic,216,0,-2,0,2733,,,,"[{""type"":""LTE"",""pci"":273,""earfcn"":100,""tac"":null,""rsrp"":-80,""rsrq"":-10,""rssi"":-57,""snr"":null,""ta"":0,""level"":4,""bands"":""1""},{""type"":""LTE"",""pci"":421,""earfcn"":2600,""tac"":null,""rsrp"":-89,""rsrq"":-15,""rssi"":-65,""snr"":null,""ta"":0,""level"":3,""bands"":""5""},{""type"":""LTE"",""pci"":272,""earfcn"":2600,""tac"":null,""rsrp"":-95,""rsrq"":-17,""rssi"":-65,""snr"":null,""ta"":0,""level"":3,""bands"":""5""},{""type"":""LTE"",""pci"":273,""earfcn"":3050,""tac"":null,""rsrp"":-97,""rsrq"":-10,""rssi"":-77,""snr"":null,""ta"":0,""level"":2,""bands"":""7""},{""type"":""LTE"",""pci"":421,""earfcn"":100,""tac"":null,""rsrp"":-104,""rsrq"":-20,""rssi"":-65,""snr"":null,""ta"":0,""level"":2,""bands"":""1""},{""type"":""LTE"",""pci"":418,""earfcn"":3050,""tac"":null,""rsrp"":-107,""rsrq"":-20,""rssi"":-77,""snr"":null,""ta"":0,""level"":1,""bands"":""7""},{""type"":""LTE"",""pci"":272,""earfcn"":3050,""tac"":null,""rsrp"":-110,""rsrq"":-20,""rssi"":-79,""snr"":null,""ta"":0,""level"":1,""bands"":""7""}]",1005.06995,12,0.459,0.459,10,2,,,,"[{""b"":""dc:8e:8d:bf:e7:b6"",""s"":""DLive5G_E7B7"",""r"":-41,""f"":5220},{""b"":""dc:8e:8d:bf:e7:bc"",""s"":""DLive_E7B7"",""r"":-45,""f"":2412},{""b"":""ca:dd:6a:05:5c:1b"",""s"":""[LG_CeilingCassette A\/C]5c1b"",""r"":-56,""f"":2462},{""b"":""1e:39:29:f9:f9:45"",""s"":""[LG_CeilingCassette A\/C]f945"",""r"":-65,""f"":2462},{""b"":""1e:39:29:f9:f9:7d"",""s"":""[LG_CeilingCassette A\/C]f97d"",""r"":-66,""f"":2462},{""b"":""dc:8e:8d:bf:e6:93"",""s"":""DLive_E68E"",""r"":-66,""f"":2462},{""b"":""36:e6:e6:e8:d8:bf"",""s"":"""",""r"":-73,""f"":2412},{""b"":""00:07:89:bc:8c:f4"",""s"":""KT_GiGA_2G_Wave2_8CF1"",""r"":-79,""f"":2417},{""b"":""dc:8e:8d:bf:e7:48"",""s"":""DLive5G_E749"",""r"":-86,""f"":5220},{""b"":""88:36:6c:6a:84:c0"",""s"":""hong5G"",""r"":-91,""f"":5745}]",""
1790513208038,2026-09-27 21:46:48,car,37.5466168,127.0682474,14.484,0.9078305,342.13528,43.5,fused,1,LTE,NR_NSA,5G,true,false,true,false,false,52543750,273,2600,5,8282,450,06,-89,-13,-57,-2,3,0,,,,2893317,79529,23.1465,0.6362,2893297,79509,23.1464,0.6361,false,7,0,7,-79,273,100,0.9078305,false,false,periodic,221,0,0,-1,2083,,,,"[{""type"":""LTE"",""pci"":273,""earfcn"":100,""tac"":null,""rsrp"":-79,""rsrq"":-7,""rssi"":-51,""snr"":null,""ta"":0,""level"":4,""bands"":""1""},{""type"":""LTE"",""pci"":421,""earfcn"":2600,""tac"":null,""rsrp"":-91,""rsrq"":-16,""rssi"":-63,""snr"":null,""ta"":0,""level"":3,""bands"":""5""},{""type"":""LTE"",""pci"":272,""earfcn"":2600,""tac"":null,""rsrp"":-91,""rsrq"":-20,""rssi"":-61,""snr"":null,""ta"":0,""level"":3,""bands"":""5""},{""type"":""LTE"",""pci"":380,""earfcn"":2600,""tac"":null,""rsrp"":-96,""rsrq"":-19,""rssi"":-63,""snr"":null,""ta"":0,""level"":2,""bands"":""5""},{""type"":""LTE"",""pci"":273,""earfcn"":3050,""tac"":null,""rsrp"":-97,""rsrq"":-8,""rssi"":-67,""snr"":null,""ta"":0,""level"":2,""bands"":""7""},{""type"":""LTE"",""pci"":418,""earfcn"":3050,""tac"":null,""rsrp"":-108,""rsrq"":-20,""rssi"":-79,""snr"":null,""ta"":0,""level"":1,""bands"":""7""},{""type"":""LTE"",""pci"":272,""earfcn"":3050,""tac"":null,""rsrp"":-108,""rsrq"":-20,""rssi"":-77,""snr"":null,""ta"":0,""level"":1,""bands"":""7""}]",1005.07275,13,0.459,0.524,10,7,,,,"[{""b"":""dc:8e:8d:bf:e7:b6"",""s"":""DLive5G_E7B7"",""r"":-41,""f"":5220},{""b"":""dc:8e:8d:bf:e7:bc"",""s"":""DLive_E7B7"",""r"":-45,""f"":2412},{""b"":""ca:dd:6a:05:5c:1b"",""s"":""[LG_CeilingCassette A\/C]5c1b"",""r"":-56,""f"":2462},{""b"":""1e:39:29:f9:f9:45"",""s"":""[LG_CeilingCassette A\/C]f945"",""r"":-65,""f"":2462},{""b"":""1e:39:29:f9:f9:7d"",""s"":""[LG_CeilingCassette A\/C]f97d"",""r"":-66,""f"":2462},{""b"":""dc:8e:8d:bf:e6:93"",""s"":""DLive_E68E"",""r"":-66,""f"":2462},{""b"":""36:e6:e6:e8:d8:bf"",""s"":"""",""r"":-73,""f"":2412},{""b"":""00:07:89:bc:8c:f4"",""s"":""KT_GiGA_2G_Wave2_8CF1"",""r"":-79,""f"":2417},{""b"":""dc:8e:8d:bf:e7:48"",""s"":""DLive5G_E749"",""r"":-86,""f"":5220},{""b"":""88:36:6c:6a:84:c0"",""s"":""hong5G"",""r"":-91,""f"":5745}]",""
1790513213049,2026-09-27 21:46:53,car,37.5466056,127.068249,14.583,0.7538685,90.005486,43.5,fused,0,LTE,NR_NSA,5G,true,false,true,false,false,52543750,273,2600,5,8282,450,06,-85,-14,-51,-1,4,0,,,,2412,63621,0.0193,0.5090,2372,63581,0.0190,0.5086,false,7,0,7,-79,273,100,0.7538685,false,false,periodic,226,0,4,1,1420,,,,"[{""type"":""LTE"",""pci"":273,""earfcn"":100,""tac"":null,""rsrp"":-79,""rsrq"":-8,""rssi"":-51,""snr"":null,""ta"":0,""level"":4,""bands"":""1""},{""type"":""LTE"",""pci"":421,""earfcn"":2600,""tac"":null,""rsrp"":-85,""rsrq"":-15,""rssi"":-61,""snr"":null,""ta"":0,""level"":4,""bands"":""5""},{""type"":""LTE"",""pci"":421,""earfcn"":100,""tac"":null,""rsrp"":-86,""rsrq"":-19,""rssi"":-57,""snr"":null,""ta"":0,""level"":3,""bands"":""1""},{""type"":""LTE"",""pci"":272,""earfcn"":2600,""tac"":null,""rsrp"":-89,""rsrq"":-19,""rssi"":-61,""snr"":null,""ta"":0,""level"":3,""bands"":""5""},{""type"":""LTE"",""pci"":273,""earfcn"":3050,""tac"":null,""rsrp"":-95,""rsrq"":-8,""rssi"":-65,""snr"":null,""ta"":0,""level"":3,""bands"":""7""},{""type"":""LTE"",""pci"":418,""earfcn"":3050,""tac"":null,""rsrp"":-104,""rsrq"":-18,""rssi"":-77,""snr"":null,""ta"":0,""level"":2,""bands"":""7""},{""type"":""LTE"",""pci"":272,""earfcn"":3050,""tac"":null,""rsrp"":-105,""rsrq"":-18,""rssi"":-77,""snr"":null,""ta"":0,""level"":2,""bands"":""7""}]",1005.0712,12,0.459,0.459,9,3,,,,"[{""b"":""dc:8e:8d:bf:e7:bc"",""s"":""DLive_E7B7"",""r"":-31,""f"":2412},{""b"":""dc:8e:8d:bf:e7:b6"",""s"":""DLive5G_E7B7"",""r"":-42,""f"":5220},{""b"":""ca:dd:6a:05:5c:1b"",""s"":""[LG_CeilingCassette A\/C]5c1b"",""r"":-57,""f"":2462},{""b"":""dc:8e:8d:bf:e6:93"",""s"":""DLive_E68E"",""r"":-63,""f"":2462},{""b"":""1e:39:29:f9:f9:45"",""s"":""[LG_CeilingCassette A\/C]f945"",""r"":-66,""f"":2462},{""b"":""70:5d:cc:a3:26:70"",""s"":""iptime_602"",""r"":-83,""f"":2432},{""b"":""36:e6:e6:e8:d8:bf"",""s"":"""",""r"":-84,""f"":2412},{""b"":""dc:8e:8d:bf:e7:48"",""s"":""DLive5G_E749"",""r"":-88,""f"":5220},{""b"":""dc:8e:8d:bf:e7:11"",""s"":""DLive5G_E712"",""r"":-93,""f"":5220}]",""
1790513218062,2026-09-27 21:46:58,car,37.5466043,127.0682578,18.415,0.87077516,90.02281,43.5,fused,1,LTE,NR_NSA,5G,true,false,true,false,false,52543750,273,2600,5,8282,450,06,-88,-14,-55,-2,3,0,,,,2722,65670,0.0218,0.5254,2702,65650,0.0216,0.5252,false,7,0,7,-79,273,100,0.87077516,false,false,periodic,231,0,-3,-1,1432,,,,"[{""type"":""LTE"",""pci"":273,""earfcn"":100,""tac"":null,""rsrp"":-79,""rsrq"":-7,""rssi"":-51,""snr"":null,""ta"":0,""level"":4,""bands"":""1""},{""type"":""LTE"",""pci"":421,""earfcn"":2600,""tac"":null,""rsrp"":-87,""rsrq"":-15,""rssi"":-63,""snr"":null,""ta"":0,""level"":3,""bands"":""5""},{""type"":""LTE"",""pci"":272,""earfcn"":2600,""tac"":null,""rsrp"":-92,""rsrq"":-20,""rssi"":-61,""snr"":null,""ta"":0,""level"":3,""bands"":""5""},{""type"":""LTE"",""pci"":273,""earfcn"":3050,""tac"":null,""rsrp"":-95,""rsrq"":-8,""rssi"":-67,""snr"":null,""ta"":0,""level"":3,""bands"":""7""},{""type"":""LTE"",""pci"":421,""earfcn"":100,""tac"":null,""rsrp"":-96,""rsrq"":-20,""rssi"":-63,""snr"":null,""ta"":0,""level"":2,""bands"":""1""},{""type"":""LTE"",""pci"":272,""earfcn"":3050,""tac"":null,""rsrp"":-106,""rsrq"":-20,""rssi"":-75,""snr"":null,""ta"":0,""level"":1,""bands"":""7""},{""type"":""LTE"",""pci"":418,""earfcn"":3050,""tac"":null,""rsrp"":-107,""rsrq"":-19,""rssi"":-77,""snr"":null,""ta"":0,""level"":1,""bands"":""7""}]",1005.07764,10,0.524,0.459,9,8,,,,"[{""b"":""dc:8e:8d:bf:e7:bc"",""s"":""DLive_E7B7"",""r"":-31,""f"":2412},{""b"":""dc:8e:8d:bf:e7:b6"",""s"":""DLive5G_E7B7"",""r"":-42,""f"":5220},{""b"":""ca:dd:6a:05:5c:1b"",""s"":""[LG_CeilingCassette A\/C]5c1b"",""r"":-57,""f"":2462},{""b"":""dc:8e:8d:bf:e6:93"",""s"":""DLive_E68E"",""r"":-63,""f"":2462},{""b"":""1e:39:29:f9:f9:45"",""s"":""[LG_CeilingCassette A\/C]f945"",""r"":-66,""f"":2462},{""b"":""70:5d:cc:a3:26:70"",""s"":""iptime_602"",""r"":-83,""f"":2432},{""b"":""36:e6:e6:e8:d8:bf"",""s"":"""",""r"":-84,""f"":2412},{""b"":""dc:8e:8d:bf:e7:48"",""s"":""DLive5G_E749"",""r"":-88,""f"":5220},{""b"":""dc:8e:8d:bf:e7:11"",""s"":""DLive5G_E712"",""r"":-93,""f"":5220}]",""
1790513223076,2026-09-27 21:47:03,car,37.5465964,127.0682596,18.067,0.7703268,90.03438,43.5,fused,0,LTE,NR_NSA,5G,true,false,true,false,false,52543750,273,2600,5,8282,450,06,-89,-12,-57,-1,3,0,,,,1545366,73535,12.3629,0.5883,1545347,73515,12.3628,0.5881,false,7,0,7,-79,273,100,0.7703268,false,false,periodic,236,0,-1,1,738,,,,"[{""type"":""LTE"",""pci"":273,""earfcn"":100,""tac"":null,""rsrp"":-79,""rsrq"":-7,""rssi"":-51,""snr"":null,""ta"":0,""level"":4,""bands"":""1""},{""type"":""LTE"",""pci"":421,""earfcn"":2600,""tac"":null,""rsrp"":-90,""rsrq"":-16,""rssi"":-63,""snr"":null,""ta"":0,""level"":3,""bands"":""5""},{""type"":""LTE"",""pci"":273,""earfcn"":3050,""tac"":null,""rsrp"":-95,""rsrq"":-8,""rssi"":-67,""snr"":null,""ta"":0,""level"":3,""bands"":""7""},{""type"":""LTE"",""pci"":272,""earfcn"":2600,""tac"":null,""rsrp"":-96,""rsrq"":-19,""rssi"":-63,""snr"":null,""ta"":0,""level"":2,""bands"":""5""},{""type"":""LTE"",""pci"":421,""earfcn"":100,""tac"":null,""rsrp"":-100,""rsrq"":-20,""rssi"":-63,""snr"":null,""ta"":0,""level"":2,""bands"":""1""},{""type"":""LTE"",""pci"":418,""earfcn"":3050,""tac"":null,""rsrp"":-108,""rsrq"":-20,""rssi"":-77,""snr"":null,""ta"":0,""level"":1,""bands"":""7""},{""type"":""LTE"",""pci"":272,""earfcn"":3050,""tac"":null,""rsrp"":-108,""rsrq"":-20,""rssi"":-77,""snr"":null,""ta"":0,""level"":1,""bands"":""7""}]",1005.0732,13,0.459,0.459,8,5,,,,"[{""b"":""dc:8e:8d:bf:e7:bc"",""s"":""DLive_E7B7"",""r"":-33,""f"":2412},{""b"":""dc:8e:8d:bf:e7:b6"",""s"":""DLive5G_E7B7"",""r"":-44,""f"":5220},{""b"":""ca:dd:6a:05:5c:1b"",""s"":""[LG_CeilingCassette A\/C]5c1b"",""r"":-63,""f"":2462},{""b"":""dc:8e:8d:bf:e6:93"",""s"":""DLive_E68E"",""r"":-63,""f"":2462},{""b"":""1e:39:29:f9:f9:45"",""s"":""[LG_CeilingCassette A\/C]f945"",""r"":-68,""f"":2462},{""b"":""12:f4:5e:44:73:77"",""s"":"""",""r"":-84,""f"":2462},{""b"":""dc:8e:8d:bf:e7:48"",""s"":""DLive5G_E749"",""r"":-88,""f"":5220},{""b"":""b0:38:6c:08:f1:00"",""s"":""🍟_5G"",""r"":-92,""f"":5745}]",""
1790513228087,2026-09-27 21:47:08,car,37.5465938,127.0682486,15.441,0.48979986,90.006096,43.5,fused,1,LTE,NR_NSA,5G,true,false,true,false,false,52543750,273,2600,5,8282,450,06,-88,-11,-57,0,3,0,,,,1249750,66054,9.9980,0.5284,1249730,66034,9.9978,0.5283,false,7,0,7,-81,273,100,0.48979986,false,false,periodic,241,0,1,1,43,,,,"[{""type"":""LTE"",""pci"":273,""earfcn"":100,""tac"":null,""rsrp"":-81,""rsrq"":-11,""rssi"":-59,""snr"":null,""ta"":0,""level"":4,""bands"":""1""},{""type"":""LTE"",""pci"":421,""earfcn"":100,""tac"":null,""rsrp"":-87,""rsrq"":-19,""rssi"":-59,""snr"":null,""ta"":0,""level"":3,""bands"":""1""},{""type"":""LTE"",""pci"":421,""earfcn"":2600,""tac"":null,""rsrp"":-88,""rsrq"":-16,""rssi"":-61,""snr"":null,""ta"":0,""level"":3,""bands"":""5""},{""type"":""LTE"",""pci"":272,""earfcn"":2600,""tac"":null,""rsrp"":-93,""rsrq"":-17,""rssi"":-63,""snr"":null,""ta"":0,""level"":3,""bands"":""5""},{""type"":""LTE"",""pci"":273,""earfcn"":3050,""tac"":null,""rsrp"":-95,""rsrq"":-10,""rssi"":-77,""snr"":null,""ta"":0,""level"":3,""bands"":""7""},{""type"":""LTE"",""pci"":418,""earfcn"":3050,""tac"":null,""rsrp"":-105,""rsrq"":-19,""rssi"":-77,""snr"":null,""ta"":0,""level"":2,""bands"":""7""},{""type"":""LTE"",""pci"":272,""earfcn"":3050,""tac"":null,""rsrp"":-108,""rsrq"":-20,""rssi"":-77,""snr"":null,""ta"":0,""level"":1,""bands"":""7""}]",1005.0755,11,0.459,0.524,9,5,,,,"[{""b"":""dc:8e:8d:bf:e7:bc"",""s"":""DLive_E7B7"",""r"":-32,""f"":2412},{""b"":""dc:8e:8d:bf:e7:b6"",""s"":""DLive5G_E7B7"",""r"":-44,""f"":5220},{""b"":""ca:dd:6a:05:5c:1b"",""s"":""[LG_CeilingCassette A\/C]5c1b"",""r"":-60,""f"":2462},{""b"":""dc:8e:8d:bf:e6:93"",""s"":""DLive_E68E"",""r"":-63,""f"":2462},{""b"":""1e:39:29:f9:f9:45"",""s"":""[LG_CeilingCassette A\/C]f945"",""r"":-70,""f"":2462},{""b"":""dc:8e:8d:bf:e7:17"",""s"":""DLive_E712"",""r"":-71,""f"":2462},{""b"":""dc:8e:8d:bf:e7:4e"",""s"":""DLive_E749"",""r"":-80,""f"":2412},{""b"":""b0:38:6c:b1:26:36"",""s"":""ggulbam"",""r"":-83,""f"":2447},{""b"":""dc:8e:8d:bf:e7:48"",""s"":""DLive5G_E749"",""r"":-89,""f"":5220}]",""
1790513233099,2026-09-27 21:47:13,car,37.5465937,127.0682517,13.29,0.38649327,90.00024,43.5,fused,0,LTE,NR_NSA,5G,true,false,true,false,false,52543750,273,2600,5,8282,450,06,-88,-11,-57,0,3,0,,,,1322228,69501,10.5778,0.5560,1322208,69481,10.5777,0.5558,false,7,0,7,-81,273,100,0.38649327,false,false,periodic,246,0,0,0,5056,,,,"[{""type"":""LTE"",""pci"":273,""earfcn"":100,""tac"":null,""rsrp"":-81,""rsrq"":-11,""rssi"":-59,""snr"":null,""ta"":0,""level"":4,""bands"":""1""},{""type"":""LTE"",""pci"":421,""earfcn"":100,""tac"":null,""rsrp"":-87,""rsrq"":-19,""rssi"":-59,""snr"":null,""ta"":0,""level"":3,""bands"":""1""},{""type"":""LTE"",""pci"":421,""earfcn"":2600,""tac"":null,""rsrp"":-88,""rsrq"":-16,""rssi"":-61,""snr"":null,""ta"":0,""level"":3,""bands"":""5""},{""type"":""LTE"",""pci"":272,""earfcn"":2600,""tac"":null,""rsrp"":-93,""rsrq"":-17,""rssi"":-63,""snr"":null,""ta"":0,""level"":3,""bands"":""5""},{""type"":""LTE"",""pci"":273,""earfcn"":3050,""tac"":null,""rsrp"":-95,""rsrq"":-10,""rssi"":-77,""snr"":null,""ta"":0,""level"":3,""bands"":""7""},{""type"":""LTE"",""pci"":418,""earfcn"":3050,""tac"":null,""rsrp"":-105,""rsrq"":-19,""rssi"":-77,""snr"":null,""ta"":0,""level"":2,""bands"":""7""},{""type"":""LTE"",""pci"":272,""earfcn"":3050,""tac"":null,""rsrp"":-108,""rsrq"":-20,""rssi"":-77,""snr"":null,""ta"":0,""level"":1,""bands"":""7""}]",1005.0827,14,0.459,0.459,7,4,,,,"[{""b"":""dc:8e:8d:bf:e7:bc"",""s"":""DLive_E7B7"",""r"":-33,""f"":2412},{""b"":""dc:8e:8d:bf:e7:b6"",""s"":""DLive5G_E7B7"",""r"":-45,""f"":5220},{""b"":""ca:dd:6a:05:5c:1b"",""s"":""[LG_CeilingCassette A\/C]5c1b"",""r"":-59,""f"":2462},{""b"":""1e:39:29:f9:f9:45"",""s"":""[LG_CeilingCassette A\/C]f945"",""r"":-69,""f"":2462},{""b"":""dc:8e:8d:bf:e7:17"",""s"":""DLive_E712"",""r"":-69,""f"":2462},{""b"":""70:5d:cc:e0:14:62"",""s"":""703"",""r"":-84,""f"":2422},{""b"":""dc:8e:8d:bf:e7:48"",""s"":""DLive5G_E749"",""r"":-84,""f"":5220}]",""
1790513238116,2026-09-27 21:47:18,car,37.5465934,127.0682545,12.301,0.42180952,155.28043,43.5,fused,1,LTE,NR_NSA,5G,true,false,true,false,false,52543750,273,2600,5,8282,450,06,-86,-12,-59,1,3,0,,,,2771,65378,0.0222,0.5230,2746,65338,0.0220,0.5227,false,6,0,6,-81,273,100,0.42180952,false,false,periodic,251,0,2,1,5001,,,,"[{""type"":""LTE"",""pci"":273,""earfcn"":100,""tac"":null,""rsrp"":-81,""rsrq"":-9,""rssi"":-65,""snr"":null,""ta"":0,""level"":4,""bands"":""1""},{""type"":""LTE"",""pci"":421,""earfcn"":2600,""tac"":null,""rsrp"":-87,""rsrq"":-15,""rssi"":-61,""snr"":null,""ta"":0,""level"":3,""bands"":""5""},{""type"":""LTE"",""pci"":273,""earfcn"":3050,""tac"":null,""rsrp"":-95,""rsrq"":-8,""rssi"":-77,""snr"":null,""ta"":0,""level"":3,""bands"":""7""},{""type"":""LTE"",""pci"":421,""earfcn"":100,""tac"":null,""rsrp"":-102,""rsrq"":-20,""rssi"":-65,""snr"":null,""ta"":0,""level"":2,""bands"":""1""},{""type"":""LTE"",""pci"":418,""earfcn"":3050,""tac"":null,""rsrp"":-108,""rsrq"":-19,""rssi"":-77,""snr"":null,""ta"":0,""level"":1,""bands"":""7""},{""type"":""LTE"",""pci"":272,""earfcn"":3050,""tac"":null,""rsrp"":-110,""rsrq"":-20,""rssi"":-77,""snr"":null,""ta"":0,""level"":1,""bands"":""7""}]",1005.0959,21,0.510,0.459,7,6,,,,"[{""b"":""dc:8e:8d:bf:e7:bc"",""s"":""DLive_E7B7"",""r"":-34,""f"":2412},{""b"":""dc:8e:8d:bf:e7:b6"",""s"":""DLive5G_E7B7"",""r"":-44,""f"":5220},{""b"":""dc:8e:8d:bf:e7:4e"",""s"":""DLive_E749"",""r"":-67,""f"":2412},{""b"":""1e:39:29:f9:f9:45"",""s"":""[LG_CeilingCassette A\/C]f945"",""r"":-78,""f"":2462},{""b"":""b0:38:6c:08:f1:02"",""s"":""🍟"",""r"":-79,""f"":2412},{""b"":""dc:8e:8d:bf:e7:48"",""s"":""DLive5G_E749"",""r"":-85,""f"":5220},{""b"":""b0:38:6c:08:f1:00"",""s"":""🍟_5G"",""r"":-92,""f"":5745}]",""
1790513243127,2026-09-27 21:47:23,car,37.5465876,127.0682617,13.744,0.61626935,126.755455,43.5,fused,0,LTE,NR_NSA,5G,true,false,true,false,false,52543750,273,2600,5,8282,450,06,-87,-11,-55,1,3,0,,,,4727,65465,0.0378,0.5237,4693,65446,0.0375,0.5236,false,7,0,7,-81,273,100,0.61626935,false,false,periodic,256,0,-1,0,5006,,,,"[{""type"":""LTE"",""pci"":273,""earfcn"":100,""tac"":null,""rsrp"":-81,""rsrq"":-9,""rssi"":-63,""snr"":null,""ta"":0,""level"":4,""bands"":""1""},{""type"":""LTE"",""pci"":421,""earfcn"":2600,""tac"":null,""rsrp"":-87,""rsrq"":-15,""rssi"":-61,""snr"":null,""ta"":0,""level"":3,""bands"":""5""},{""type"":""LTE"",""pci"":272,""earfcn"":2600,""tac"":null,""rsrp"":-90,""rsrq"":-19,""rssi"":-61,""snr"":null,""ta"":0,""level"":3,""bands"":""5""},{""type"":""LTE"",""pci"":421,""earfcn"":100,""tac"":null,""rsrp"":-94,""rsrq"":-20,""rssi"":-61,""snr"":null,""ta"":0,""level"":3,""bands"":""1""},{""type"":""LTE"",""pci"":273,""earfcn"":3050,""tac"":null,""rsrp"":-95,""rsrq"":-9,""rssi"":-75,""snr"":null,""ta"":0,""level"":3,""bands"":""7""},{""type"":""LTE"",""pci"":418,""earfcn"":3050,""tac"":null,""rsrp"":-104,""rsrq"":-18,""rssi"":-77,""snr"":null,""ta"":0,""level"":2,""bands"":""7""},{""type"":""LTE"",""pci"":272,""earfcn"":3050,""tac"":null,""rsrp"":-110,""rsrq"":-20,""rssi"":-77,""snr"":null,""ta"":0,""level"":1,""bands"":""7""}]",1005.0789,16,0.524,0.524,3,5,,,,"[{""b"":""dc:8e:8d:bf:e7:b6"",""s"":""DLive5G_E7B7"",""r"":-44,""f"":5220},{""b"":""dc:8e:8d:bf:e7:17"",""s"":""DLive_E712"",""r"":-68,""f"":2462},{""b"":""dc:8e:8d:bf:e7:48"",""s"":""DLive5G_E749"",""r"":-85,""f"":5220}]",""
1790513248147,2026-09-27 21:47:28,car,37.5465881,127.0682626,15.329,0.70833504,128.03865,43.5,fused,2,LTE,NR_NSA,5G,true,false,true,false,false,52543750,273,2600,5,8282,450,06,-89,-13,-57,1,3,0,,,,2330,63531,0.0186,0.5082,2310,63511,0.0185,0.5081,false,7,0,7,-80,273,100,0.70833504,false,false,periodic,261,0,-2,0,5005,,,,"[{""type"":""LTE"",""pci"":273,""earfcn"":100,""tac"":null,""rsrp"":-80,""rsrq"":-7,""rssi"":-65,""snr"":null,""ta"":0,""level"":4,""bands"":""1""},{""type"":""LTE"",""pci"":421,""earfcn"":2600,""tac"":null,""rsrp"":-88,""rsrq"":-15,""rssi"":-61,""snr"":null,""ta"":0,""level"":3,""bands"":""5""},{""type"":""LTE"",""pci"":273,""earfcn"":3050,""tac"":null,""rsrp"":-94,""rsrq"":-9,""rssi"":-75,""snr"":null,""ta"":0,""level"":3,""bands"":""7""},{""type"":""LTE"",""pci"":272,""earfcn"":2600,""tac"":null,""rsrp"":-95,""rsrq"":-19,""rssi"":-63,""snr"":null,""ta"":0,""level"":3,""bands"":""5""},{""type"":""LTE"",""pci"":421,""earfcn"":100,""tac"":null,""rsrp"":-100,""rsrq"":-20,""rssi"":-65,""snr"":null,""ta"":0,""level"":2,""bands"":""1""},{""type"":""LTE"",""pci"":272,""earfcn"":3050,""tac"":null,""rsrp"":-104,""rsrq"":-18,""rssi"":-77,""snr"":null,""ta"":0,""level"":2,""bands"":""7""},{""type"":""LTE"",""pci"":418,""earfcn"":3050,""tac"":null,""rsrp"":-106,""rsrq"":-19,""rssi"":-75,""snr"":null,""ta"":0,""level"":1,""bands"":""7""}]",1005.0719,11,0.459,0.459,9,3,,,,"[{""b"":""dc:8e:8d:bf:e7:bc"",""s"":""DLive_E7B7"",""r"":-33,""f"":2412},{""b"":""dc:8e:8d:bf:e7:b6"",""s"":""DLive5G_E7B7"",""r"":-44,""f"":5220},{""b"":""ca:dd:6a:05:5c:1b"",""s"":""[LG_CeilingCassette A\/C]5c1b"",""r"":-56,""f"":2462},{""b"":""dc:8e:8d:bf:e7:17"",""s"":""DLive_E712"",""r"":-69,""f"":2462},{""b"":""1e:39:29:f9:f9:7d"",""s"":""[LG_CeilingCassette A\/C]f97d"",""r"":-76,""f"":2462},{""b"":""1e:39:29:f9:f9:45"",""s"":""[LG_CeilingCassette A\/C]f945"",""r"":-82,""f"":2462},{""b"":""02:06:ac:10:21:e2"",""s"":""T wifi zone_secure"",""r"":-85,""f"":2472},{""b"":""80:ca:4b:d9:e0:1b"",""s"":""U+NetE018_5G"",""r"":-90,""f"":5805},{""b"":""8a:ca:4b:d9:e0:1b"",""s"":"""",""r"":-91,""f"":5805}]",""
1790513253165,2026-09-27 21:47:33,car,37.5465838,127.0682535,14.416,0.67825294,167.8525,43.599998474121094,fused,0,LTE,NR_NSA,5G,true,false,true,false,false,52543750,273,2600,5,8282,450,06,-87,-13,-55,-1,3,0,,,,175358,67322,1.4029,0.5386,175338,67302,1.4027,0.5384,false,7,0,7,-81,273,100,0.67825294,false,false,periodic,266,0,2,-2,5004,,,,"[{""type"":""LTE"",""pci"":273,""earfcn"":100,""tac"":null,""rsrp"":-81,""rsrq"":-11,""rssi"":-59,""snr"":null,""ta"":0,""level"":4,""bands"":""1""},{""type"":""LTE"",""pci"":421,""earfcn"":2600,""tac"":null,""rsrp"":-88,""rsrq"":-15,""rssi"":-61,""snr"":null,""ta"":0,""level"":3,""bands"":""5""},{""type"":""LTE"",""pci"":272,""earfcn"":2600,""tac"":null,""rsrp"":-91,""rsrq"":-17,""rssi"":-61,""snr"":null,""ta"":0,""level"":3,""bands"":""5""},{""type"":""LTE"",""pci"":273,""earfcn"":3050,""tac"":null,""rsrp"":-95,""rsrq"":-10,""rssi"":-75,""snr"":null,""ta"":0,""level"":3,""bands"":""7""},{""type"":""LTE"",""pci"":418,""earfcn"":2600,""tac"":null,""rsrp"":-96,""rsrq"":-19,""rssi"":-63,""snr"":null,""ta"":0,""level"":2,""bands"":""5""},{""type"":""LTE"",""pci"":418,""earfcn"":3050,""tac"":null,""rsrp"":-104,""rsrq"":-19,""rssi"":-75,""snr"":null,""ta"":0,""level"":2,""bands"":""7""},{""type"":""LTE"",""pci"":272,""earfcn"":3050,""tac"":null,""rsrp"":-104,""rsrq"":-18,""rssi"":-77,""snr"":null,""ta"":0,""level"":2,""bands"":""7""}]",1005.07996,33,0.459,0.459,10,2,,,,"[{""b"":""dc:8e:8d:bf:e7:bc"",""s"":""DLive_E7B7"",""r"":-41,""f"":2412},{""b"":""dc:8e:8d:bf:e7:b6"",""s"":""DLive5G_E7B7"",""r"":-45,""f"":5220},{""b"":""ca:dd:6a:05:5c:1b"",""s"":""[LG_CeilingCassette A\/C]5c1b"",""r"":-54,""f"":2462},{""b"":""dc:8e:8d:bf:e7:17"",""s"":""DLive_E712"",""r"":-67,""f"":2462},{""b"":""1e:39:29:f9:f9:45"",""s"":""[LG_CeilingCassette A\/C]f945"",""r"":-69,""f"":2462},{""b"":""1e:39:29:f9:f9:7d"",""s"":""[LG_CeilingCassette A\/C]f97d"",""r"":-75,""f"":2462},{""b"":""dc:8e:8d:bf:e7:4e"",""s"":""DLive_E749"",""r"":-77,""f"":2412},{""b"":""b0:38:6c:08:f1:02"",""s"":""🍟"",""r"":-82,""f"":2412},{""b"":""70:5d:cc:e0:25:8a"",""s"":""504"",""r"":-85,""f"":2452},{""b"":""80:ca:4b:d9:e0:1b"",""s"":""U+NetE018_5G"",""r"":-90,""f"":5805}]",""
1790513258183,2026-09-27 21:47:38,car,37.546584,127.0682608,13.596,0.63501143,167.30032,43.5,fused,0,LTE,NR_NSA,5G,true,false,true,false,false,52543750,273,2600,5,8282,450,06,-88,-12,-59,0,3,0,,,,2337,65309,0.0187,0.5225,2297,65269,0.0184,0.5222,false,8,0,8,-80,273,100,0.63501143,false,false,periodic,271,0,-1,1,2526,,,,"[{""type"":""LTE"",""pci"":273,""earfcn"":100,""tac"":null,""rsrp"":-80,""rsrq"":-12,""rssi"":-59,""snr"":null,""ta"":0,""level"":4,""bands"":""1""},{""type"":""LTE"",""pci"":421,""earfcn"":2600,""tac"":null,""rsrp"":-88,""rsrq"":-15,""rssi"":-63,""snr"":null,""ta"":0,""level"":3,""bands"":""5""},{""type"":""LTE"",""pci"":421,""earfcn"":100,""tac"":null,""rsrp"":-89,""rsrq"":-20,""rssi"":-59,""snr"":null,""ta"":0,""level"":3,""bands"":""1""},{""type"":""LTE"",""pci"":272,""earfcn"":2600,""tac"":null,""rsrp"":-91,""rsrq"":-18,""rssi"":-61,""snr"":null,""ta"":0,""level"":3,""bands"":""5""},{""type"":""LTE"",""pci"":273,""earfcn"":3050,""tac"":null,""rsrp"":-95,""rsrq"":-10,""rssi"":-75,""snr"":null,""ta"":0,""level"":3,""bands"":""7""},{""type"":""LTE"",""pci"":418,""earfcn"":2600,""tac"":null,""rsrp"":-96,""rsrq"":-19,""rssi"":-63,""snr"":null,""ta"":0,""level"":2,""bands"":""5""},{""type"":""LTE"",""pci"":418,""earfcn"":3050,""tac"":null,""rsrp"":-106,""rsrq"":-20,""rssi"":-75,""snr"":null,""ta"":0,""level"":1,""bands"":""7""},{""type"":""LTE"",""pci"":272,""earfcn"":3050,""tac"":null,""rsrp"":-109,""rsrq"":-20,""rssi"":-75,""snr"":null,""ta"":0,""level"":1,""bands"":""7""}]",1005.07825,34,0.459,0.459,8,1,,,,"[{""b"":""dc:8e:8d:bf:e7:bc"",""s"":""DLive_E7B7"",""r"":-32,""f"":2412},{""b"":""dc:8e:8d:bf:e7:b6"",""s"":""DLive5G_E7B7"",""r"":-47,""f"":5220},{""b"":""dc:8e:8d:bf:e7:17"",""s"":""DLive_E712"",""r"":-68,""f"":2462},{""b"":""88:36:6c:6a:84:c2"",""s"":""hong"",""r"":-72,""f"":2427},{""b"":""dc:8e:8d:bf:e7:4e"",""s"":""DLive_E749"",""r"":-77,""f"":2412},{""b"":""70:5d:cc:a3:26:70"",""s"":""iptime_602"",""r"":-82,""f"":2432},{""b"":""b0:38:6c:08:f1:00"",""s"":""🍟_5G"",""r"":-89,""f"":5745},{""b"":""88:36:6c:6a:84:c0"",""s"":""hong5G"",""r"":-92,""f"":5745}]",""
1790513263192,2026-09-27 21:47:43,car,37.5465878,127.068257,11.512,0.5116747,191.66887,43.5,fused,0,LTE,NR_NSA,5G,true,false,true,false,false,52543750,273,2600,5,8282,450,06,-88,-13,-57,1,3,0,,,,2327,65374,0.0186,0.5230,2307,65354,0.0185,0.5228,false,8,0,8,-80,273,100,0.5116747,false,false,periodic,276,0,0,1,1720,,,,"[{""type"":""LTE"",""pci"":273,""earfcn"":100,""tac"":null,""rsrp"":-80,""rsrq"":-11,""rssi"":-59,""snr"":null,""ta"":0,""level"":4,""bands"":""1""},{""type"":""LTE"",""pci"":421,""earfcn"":2600,""tac"":null,""rsrp"":-88,""rsrq"":-15,""rssi"":-63,""snr"":null,""ta"":0,""level"":3,""bands"":""5""},{""type"":""LTE"",""pci"":272,""earfcn"":2600,""tac"":null,""rsrp"":-92,""rsrq"":-17,""rssi"":-61,""snr"":null,""ta"":0,""level"":3,""bands"":""5""},{""type"":""LTE"",""pci"":421,""earfcn"":100,""tac"":null,""rsrp"":-92,""rsrq"":-20,""rssi"":-61,""snr"":null,""ta"":0,""level"":3,""bands"":""1""},{""type"":""LTE"",""pci"":418,""earfcn"":2600,""tac"":null,""rsrp"":-94,""rsrq"":-19,""rssi"":-63,""snr"":null,""ta"":0,""level"":3,""bands"":""5""},{""type"":""LTE"",""pci"":273,""earfcn"":3050,""tac"":null,""rsrp"":-94,""rsrq"":-9,""rssi"":-75,""snr"":null,""ta"":0,""level"":3,""bands"":""7""},{""type"":""LTE"",""pci"":418,""earfcn"":3050,""tac"":null,""rsrp"":-106,""rsrq"":-20,""rssi"":-75,""snr"":null,""ta"":0,""level"":1,""bands"":""7""},{""type"":""LTE"",""pci"":272,""earfcn"":3050,""tac"":null,""rsrp"":-109,""rsrq"":-20,""rssi"":-75,""snr"":null,""ta"":0,""level"":1,""bands"":""7""}]",1005.08105,11,0.524,0.524,8,6,,,,"[{""b"":""dc:8e:8d:bf:e7:bc"",""s"":""DLive_E7B7"",""r"":-32,""f"":2412},{""b"":""dc:8e:8d:bf:e7:b6"",""s"":""DLive5G_E7B7"",""r"":-47,""f"":5220},{""b"":""dc:8e:8d:bf:e7:17"",""s"":""DLive_E712"",""r"":-68,""f"":2462},{""b"":""88:36:6c:6a:84:c2"",""s"":""hong"",""r"":-72,""f"":2427},{""b"":""dc:8e:8d:bf:e7:4e"",""s"":""DLive_E749"",""r"":-77,""f"":2412},{""b"":""70:5d:cc:a3:26:70"",""s"":""iptime_602"",""r"":-82,""f"":2432},{""b"":""b0:38:6c:08:f1:00"",""s"":""🍟_5G"",""r"":-89,""f"":5745},{""b"":""88:36:6c:6a:84:c0"",""s"":""hong5G"",""r"":-92,""f"":5745}]",""
1790513268206,2026-09-27 21:47:48,car,37.5465885,127.0682527,11.437,0.35995427,205.33902,43.5,fused,1,LTE,NR_NSA,5G,true,false,true,false,false,52543750,273,2600,5,8282,450,06,-88,-12,-61,1,3,0,,,,2161,63607,0.0173,0.5089,2141,63587,0.0171,0.5087,false,8,0,8,-80,273,100,0.35995427,false,false,periodic,281,0,0,0,1077,,,,"[{""type"":""LTE"",""pci"":273,""earfcn"":100,""tac"":null,""rsrp"":-80,""rsrq"":-10,""rssi"":-61,""snr"":null,""ta"":0,""level"":4,""bands"":""1""},{""type"":""LTE"",""pci"":421,""earfcn"":100,""tac"":null,""rsrp"":-88,""rsrq"":-20,""rssi"":-59,""snr"":null,""ta"":0,""level"":3,""bands"":""1""},{""type"":""LTE"",""pci"":421,""earfcn"":2600,""tac"":null,""rsrp"":-89,""rsrq"":-15,""rssi"":-63,""snr"":null,""ta"":0,""level"":3,""bands"":""5""},{""type"":""LTE"",""pci"":272,""earfcn"":2600,""tac"":null,""rsrp"":-93,""rsrq"":-18,""rssi"":-63,""snr"":null,""ta"":0,""level"":3,""bands"":""5""},{""type"":""LTE"",""pci"":273,""earfcn"":3050,""tac"":null,""rsrp"":-95,""rsrq"":-12,""rssi"":-71,""snr"":null,""ta"":0,""level"":3,""bands"":""7""},{""type"":""LTE"",""pci"":418,""earfcn"":2600,""tac"":null,""rsrp"":-96,""rsrq"":-20,""rssi"":-63,""snr"":null,""ta"":0,""level"":2,""bands"":""5""},{""type"":""LTE"",""pci"":418,""earfcn"":3050,""tac"":null,""rsrp"":-103,""rsrq"":-19,""rssi"":-75,""snr"":null,""ta"":0,""level"":2,""bands"":""7""},{""type"":""LTE"",""pci"":272,""earfcn"":3050,""tac"":null,""rsrp"":-109,""rsrq"":-20,""rssi"":-75,""snr"":null,""ta"":0,""level"":1,""bands"":""7""}]",1005.0806,11,0.459,0.459,7,6,,,,"[{""b"":""dc:8e:8d:bf:e7:bc"",""s"":""DLive_E7B7"",""r"":-33,""f"":2412},{""b"":""dc:8e:8d:bf:e7:b6"",""s"":""DLive5G_E7B7"",""r"":-47,""f"":5220},{""b"":""dc:8e:8d:bf:e7:17"",""s"":""DLive_E712"",""r"":-67,""f"":2462},{""b"":""1e:39:29:f9:f9:7d"",""s"":""[LG_CeilingCassette A\/C]f97d"",""r"":-75,""f"":2462},{""b"":""70:5d:cc:df:03:54"",""s"":""604"",""r"":-83,""f"":2412},{""b"":""70:5d:cc:e0:27:0a"",""s"":""iptime403"",""r"":-84,""f"":2427},{""b"":""b0:38:6c:08:f1:00"",""s"":""🍟_5G"",""r"":-90,""f"":5745}]",""
1790513273226,2026-09-27 21:47:53,car,37.5465844,127.0682495,10.446,0.29185203,218.84636,43.5,fused,0,LTE,NR_NSA,5G,true,false,true,false,false,52543750,273,2600,5,8282,450,06,-88,-12,-57,0,3,0,,,,2115,65249,0.0169,0.5220,2095,65229,0.0168,0.5218,false,8,0,8,-81,273,100,0.29185203,false,false,periodic,286,0,0,-1,632,,,,"[{""type"":""LTE"",""pci"":273,""earfcn"":100,""tac"":null,""rsrp"":-81,""rsrq"":-11,""rssi"":-59,""snr"":null,""ta"":0,""level"":4,""bands"":""1""},{""type"":""LTE"",""pci"":421,""earfcn"":2600,""tac"":null,""rsrp"":-87,""rsrq"":-15,""rssi"":-63,""snr"":null,""ta"":0,""level"":3,""bands"":""5""},{""type"":""LTE"",""pci"":421,""earfcn"":100,""tac"":null,""rsrp"":-88,""rsrq"":-18,""rssi"":-59,""snr"":null,""ta"":0,""level"":3,""bands"":""1""},{""type"":""LTE"",""pci"":272,""earfcn"":2600,""tac"":null,""rsrp"":-92,""rsrq"":-17,""rssi"":-61,""snr"":null,""ta"":0,""level"":3,""bands"":""5""},{""type"":""LTE"",""pci"":418,""earfcn"":2600,""tac"":null,""rsrp"":-92,""rsrq"":-20,""rssi"":-61,""snr"":null,""ta"":0,""level"":3,""bands"":""5""},{""type"":""LTE"",""pci"":273,""earfcn"":3050,""tac"":null,""rsrp"":-94,""rsrq"":-11,""rssi"":-73,""snr"":null,""ta"":0,""level"":3,""bands"":""7""},{""type"":""LTE"",""pci"":418,""earfcn"":3050,""tac"":null,""rsrp"":-103,""rsrq"":-19,""rssi"":-73,""snr"":null,""ta"":0,""level"":2,""bands"":""7""},{""type"":""LTE"",""pci"":272,""earfcn"":3050,""tac"":null,""rsrp"":-103,""rsrq"":-20,""rssi"":-73,""snr"":null,""ta"":0,""level"":2,""bands"":""7""}]",1005.07935,13,0.459,0.459,11,5,,,,"[{""b"":""dc:8e:8d:bf:e7:bc"",""s"":""DLive_E7B7"",""r"":-33,""f"":2412},{""b"":""dc:8e:8d:bf:e7:b6"",""s"":""DLive5G_E7B7"",""r"":-48,""f"":5220},{""b"":""ca:dd:6a:05:5c:1b"",""s"":""[LG_CeilingCassette A\/C]5c1b"",""r"":-55,""f"":2462},{""b"":""1e:39:29:f9:f9:45"",""s"":""[LG_CeilingCassette A\/C]f945"",""r"":-67,""f"":2462},{""b"":""dc:8e:8d:bf:e6:93"",""s"":""DLive_E68E"",""r"":-69,""f"":2462},{""b"":""1e:39:29:f9:f9:7d"",""s"":""[LG_CeilingCassette A\/C]f97d"",""r"":-74,""f"":2462},{""b"":""88:3c:1c:47:e8:bc"",""s"":""KT_GiGA_2G_E8B8"",""r"":-77,""f"":2422},{""b"":""da:e3:5e:f5:14:7c"",""s"":""[LG_Wall-Mount A\/C]147c"",""r"":-78,""f"":2452},{""b"":""08:36:c9:fd:49:b1"",""s"":""NETGEAR12"",""r"":-85,""f"":2432},{""b"":""80:ca:4b:d9:e0:1b"",""s"":""U+NetE018_5G"",""r"":-90,""f"":5805},{""b"":""dc:8e:8d:bf:e7:48"",""s"":""DLive5G_E749"",""r"":-92,""f"":5220}]",""
1790513278246,2026-09-27 21:47:58,car,37.5465832,127.0682458,10.452,0.33630002,220.5084,43.5,fused,1,LTE,NR_NSA,5G,true,false,true,false,false,52543750,273,2600,5,8282,450,06,-88,-12,-57,0,3,0,,,,2372,65580,0.0190,0.5246,2352,65560,0.0188,0.5245,false,8,0,8,-81,273,100,0.33630002,false,false,periodic,291,0,0,0,5651,,,,"[{""type"":""LTE"",""pci"":273,""earfcn"":100,""tac"":null,""rsrp"":-81,""rsrq"":-11,""rssi"":-59,""snr"":null,""ta"":0,""level"":4,""bands"":""1""},{""type"":""LTE"",""pci"":421,""earfcn"":2600,""tac"":null,""rsrp"":-87,""rsrq"":-15,""rssi"":-63,""snr"":null,""ta"":0,""level"":3,""bands"":""5""},{""type"":""LTE"",""pci"":421,""earfcn"":100,""tac"":null,""rsrp"":-88,""rsrq"":-18,""rssi"":-59,""snr"":null,""ta"":0,""level"":3,""bands"":""1""},{""type"":""LTE"",""pci"":272,""earfcn"":2600,""tac"":null,""rsrp"":-92,""rsrq"":-17,""rssi"":-61,""snr"":null,""ta"":0,""level"":3,""bands"":""5""},{""type"":""LTE"",""pci"":418,""earfcn"":2600,""tac"":null,""rsrp"":-92,""rsrq"":-20,""rssi"":-61,""snr"":null,""ta"":0,""level"":3,""bands"":""5""},{""type"":""LTE"",""pci"":273,""earfcn"":3050,""tac"":null,""rsrp"":-94,""rsrq"":-11,""rssi"":-73,""snr"":null,""ta"":0,""level"":3,""bands"":""7""},{""type"":""LTE"",""pci"":418,""earfcn"":3050,""tac"":null,""rsrp"":-103,""rsrq"":-19,""rssi"":-73,""snr"":null,""ta"":0,""level"":2,""bands"":""7""},{""type"":""LTE"",""pci"":272,""earfcn"":3050,""tac"":null,""rsrp"":-103,""rsrq"":-20,""rssi"":-73,""snr"":null,""ta"":0,""level"":2,""bands"":""7""}]",1005.0753,10,0.459,0.524,6,4,,,,"[{""b"":""dc:8e:8d:bf:e7:bc"",""s"":""DLive_E7B7"",""r"":-41,""f"":2412},{""b"":""dc:8e:8d:bf:e7:b6"",""s"":""DLive5G_E7B7"",""r"":-47,""f"":5220},{""b"":""dc:8e:8d:bf:e6:93"",""s"":""DLive_E68E"",""r"":-67,""f"":2462},{""b"":""dc:8e:8d:bf:e7:4e"",""s"":""DLive_E749"",""r"":-71,""f"":2412},{""b"":""1e:39:29:f9:f9:7d"",""s"":""[LG_CeilingCassette A\/C]f97d"",""r"":-82,""f"":2462},{""b"":""70:5d:cc:a3:26:70"",""s"":""iptime_602"",""r"":-83,""f"":2432}]",""
1790513283264,2026-09-27 21:48:03,car,37.5465839,127.0682437,10.319,0.3545469,218.74991,43.5,fused,0,LTE,NR_NSA,5G,true,false,true,false,false,52543750,273,2600,5,8282,450,06,-88,-12,-59,-1,3,0,,,,2064605,84768,16.5168,0.6781,2064545,84708,16.5164,0.6777,false,8,0,8,-80,273,100,0.3545469,false,false,periodic,296,0,0,-1,5002,,,,"[{""type"":""LTE"",""pci"":273,""earfcn"":100,""tac"":null,""rsrp"":-80,""rsrq"":-11,""rssi"":-57,""snr"":null,""ta"":0,""level"":4,""bands"":""1""},{""type"":""LTE"",""pci"":421,""earfcn"":2600,""tac"":null,""rsrp"":-88,""rsrq"":-15,""rssi"":-63,""snr"":null,""ta"":0,""level"":3,""bands"":""5""},{""type"":""LTE"",""pci"":272,""earfcn"":2600,""tac"":null,""rsrp"":-93,""rsrq"":-17,""rssi"":-63,""snr"":null,""ta"":0,""level"":3,""bands"":""5""},{""type"":""LTE"",""pci"":273,""earfcn"":3050,""tac"":null,""rsrp"":-95,""rsrq"":-9,""rssi"":-75,""snr"":null,""ta"":0,""level"":3,""bands"":""7""},{""type"":""LTE"",""pci"":418,""earfcn"":2600,""tac"":null,""rsrp"":-96,""rsrq"":-19,""rssi"":-63,""snr"":null,""ta"":0,""level"":2,""bands"":""5""},{""type"":""LTE"",""pci"":421,""earfcn"":100,""tac"":null,""rsrp"":-100,""rsrq"":-20,""rssi"":-63,""snr"":null,""ta"":0,""level"":2,""bands"":""1""},{""type"":""LTE"",""pci"":418,""earfcn"":3050,""tac"":null,""rsrp"":-108,""rsrq"":-19,""rssi"":-79,""snr"":null,""ta"":0,""level"":1,""bands"":""7""},{""type"":""LTE"",""pci"":272,""earfcn"":3050,""tac"":null,""rsrp"":-111,""rsrq"":-20,""rssi"":-79,""snr"":null,""ta"":0,""level"":1,""bands"":""7""}]",1005.06915,11,0.524,0.524,10,4,,,,"[{""b"":""dc:8e:8d:bf:e7:bc"",""s"":""DLive_E7B7"",""r"":-33,""f"":2412},{""b"":""dc:8e:8d:bf:e7:b6"",""s"":""DLive5G_E7B7"",""r"":-44,""f"":5220},{""b"":""ca:dd:6a:05:5c:1b"",""s"":""[LG_CeilingCassette A\/C]5c1b"",""r"":-54,""f"":2462},{""b"":""dc:8e:8d:bf:e6:93"",""s"":""DLive_E68E"",""r"":-68,""f"":2462},{""b"":""1e:39:29:f9:f9:45"",""s"":""[LG_CeilingCassette A\/C]f945"",""r"":-69,""f"":2462},{""b"":""1e:39:29:f9:f9:7d"",""s"":""[LG_CeilingCassette A\/C]f97d"",""r"":-76,""f"":2462},{""b"":""72:7f:f0:63:d5:4c"",""s"":"""",""r"":-81,""f"":2457},{""b"":""70:5d:cc:e0:2c:b8"",""s"":""203"",""r"":-83,""f"":2452},{""b"":""b0:38:6c:08:f1:00"",""s"":""🍟_5G"",""r"":-93,""f"":5745},{""b"":""dc:8e:8d:bf:e7:48"",""s"":""DLive5G_E749"",""r"":-94,""f"":5220}]",""
1790513288277,2026-09-27 21:48:08,car,37.546583,127.0682429,10.501,0.44987237,213.90659,43.5,fused,2,LTE,NR_NSA,5G,true,false,true,false,false,52543750,273,2600,5,8282,450,06,-88,-13,-57,-1,3,0,,,,2276,63576,0.0182,0.5086,2256,63556,0.0180,0.5084,false,7,0,7,-79,273,100,0.44987237,false,false,periodic,301,0,0,0,5001,,,,"[{""type"":""LTE"",""pci"":273,""earfcn"":100,""tac"":null,""rsrp"":-79,""rsrq"":-7,""rssi"":-51,""snr"":null,""ta"":0,""level"":4,""bands"":""1""},{""type"":""LTE"",""pci"":421,""earfcn"":100,""tac"":null,""rsrp"":-86,""rsrq"":-19,""rssi"":-57,""snr"":null,""ta"":0,""level"":3,""bands"":""1""},{""type"":""LTE"",""pci"":421,""earfcn"":2600,""tac"":null,""rsrp"":-89,""rsrq"":-15,""rssi"":-63,""snr"":null,""ta"":0,""level"":3,""bands"":""5""},{""type"":""LTE"",""pci"":272,""earfcn"":2600,""tac"":null,""rsrp"":-90,""rsrq"":-18,""rssi"":-61,""snr"":null,""ta"":0,""level"":3,""bands"":""5""},{""type"":""LTE"",""pci"":273,""earfcn"":3050,""tac"":null,""rsrp"":-96,""rsrq"":-7,""rssi"":-67,""snr"":null,""ta"":0,""level"":2,""bands"":""7""},{""type"":""LTE"",""pci"":418,""earfcn"":3050,""tac"":null,""rsrp"":-112,""rsrq"":-18,""rssi"":-85,""snr"":null,""ta"":0,""level"":1,""bands"":""7""},{""type"":""LTE"",""pci"":272,""earfcn"":3050,""tac"":null,""rsrp"":-116,""rsrq"":-20,""rssi"":-85,""snr"":null,""ta"":0,""level"":0,""bands"":""7""}]",1005.0808,9,0.459,0.459,10,3,,,,"[{""b"":""dc:8e:8d:bf:e7:bc"",""s"":""DLive_E7B7"",""r"":-31,""f"":2412},{""b"":""dc:8e:8d:bf:e7:b6"",""s"":""DLive5G_E7B7"",""r"":-47,""f"":5220},{""b"":""ca:dd:6a:05:5c:1b"",""s"":""[LG_CeilingCassette A\/C]5c1b"",""r"":-56,""f"":2462},{""b"":""dc:8e:8d:bf:e6:93"",""s"":""DLive_E68E"",""r"":-60,""f"":2462},{""b"":""dc:8e:8d:bf:e7:17"",""s"":""DLive_E712"",""r"":-67,""f"":2462},{""b"":""dc:8e:8d:bf:e7:4e"",""s"":""DLive_E749"",""r"":-76,""f"":2412},{""b"":""1e:39:29:f9:f9:7d"",""s"":""[LG_CeilingCassette A\/C]f97d"",""r"":-77,""f"":2462},{""b"":""12:f4:5e:44:73:77"",""s"":"""",""r"":-82,""f"":2462},{""b"":""88:36:6c:6a:84:c0"",""s"":""hong5G"",""r"":-90,""f"":5745},{""b"":""dc:8e:8d:bf:e7:48"",""s"":""DLive5G_E749"",""r"":-92,""f"":5220}]",""
1790513293287,2026-09-27 21:48:13,car,37.5465793,127.0682325,11.823,0.44581696,224.89487,43.5,fused,0,LTE,NR_NSA,5G,true,false,true,false,false,52543750,273,2600,5,8282,450,06,-89,-12,-57,-2,3,0,,,,2220,65379,0.0178,0.5230,2200,65359,0.0176,0.5229,false,7,0,7,-80,273,100,0.44581696,false,false,periodic,306,0,-1,-1,5000,,,,"[{""type"":""LTE"",""pci"":273,""earfcn"":100,""tac"":null,""rsrp"":-80,""rsrq"":-10,""rssi"":-61,""snr"":null,""ta"":0,""level"":4,""bands"":""1""},{""type"":""LTE"",""pci"":421,""earfcn"":2600,""tac"":null,""rsrp"":-89,""rsrq"":-15,""rssi"":-63,""snr"":null,""ta"":0,""level"":3,""bands"":""5""},{""type"":""LTE"",""pci"":421,""earfcn"":100,""tac"":null,""rsrp"":-92,""rsrq"":-19,""rssi"":-59,""snr"":null,""ta"":0,""level"":3,""bands"":""1""},{""type"":""LTE"",""pci"":272,""earfcn"":2600,""tac"":null,""rsrp"":-93,""rsrq"":-18,""rssi"":-63,""snr"":null,""ta"":0,""level"":3,""bands"":""5""},{""type"":""LTE"",""pci"":273,""earfcn"":3050,""tac"":null,""rsrp"":-96,""rsrq"":-10,""rssi"":-75,""snr"":null,""ta"":0,""level"":2,""bands"":""7""},{""type"":""LTE"",""pci"":272,""earfcn"":3050,""tac"":null,""rsrp"":-103,""rsrq"":-17,""rssi"":-73,""snr"":null,""ta"":0,""level"":2,""bands"":""7""},{""type"":""LTE"",""pci"":418,""earfcn"":3050,""tac"":null,""rsrp"":-106,""rsrq"":-20,""rssi"":-77,""snr"":null,""ta"":0,""level"":1,""bands"":""7""}]",1005.08356,11,0.524,0.459,9,3,,,,"[{""b"":""dc:8e:8d:bf:e7:bc"",""s"":""DLive_E7B7"",""r"":-34,""f"":2412},{""b"":""dc:8e:8d:bf:e7:b6"",""s"":""DLive5G_E7B7"",""r"":-46,""f"":5220},{""b"":""ca:dd:6a:05:5c:1b"",""s"":""[LG_CeilingCassette A\/C]5c1b"",""r"":-55,""f"":2462},{""b"":""dc:8e:8d:bf:e6:93"",""s"":""DLive_E68E"",""r"":-65,""f"":2462},{""b"":""70:5d:cc:a3:26:70"",""s"":""iptime_602"",""r"":-83,""f"":2432},{""b"":""50:46:ae:36:27:2a"",""s"":""U+Net1D88"",""r"":-83,""f"":2462},{""b"":""dc:8e:8d:bf:e7:48"",""s"":""DLive5G_E749"",""r"":-90,""f"":5220},{""b"":""80:ca:4b:d9:e0:1b"",""s"":""U+NetE018_5G"",""r"":-91,""f"":5805},{""b"":""8a:ca:4b:d9:e0:1b"",""s"":"""",""r"":-91,""f"":5805}]",""
1790513298298,2026-09-27 21:48:18,car,37.546579,127.0682317,11.406,0.49135306,227.96011,43.5,fused,1,LTE,NR_NSA,5G,true,false,true,false,false,52543750,273,2600,5,8282,450,06,-88,-12,-55,-2,3,0,,,,904364,70121,7.2349,0.5610,904344,70101,7.2348,0.5608,false,8,0,8,-80,273,100,0.49135306,false,false,periodic,311,0,1,0,5000,,,,"[{""type"":""LTE"",""pci"":273,""earfcn"":100,""tac"":null,""rsrp"":-80,""rsrq"":-10,""rssi"":-59,""snr"":null,""ta"":0,""level"":4,""bands"":""1""},{""type"":""LTE"",""pci"":421,""earfcn"":100,""tac"":null,""rsrp"":-85,""rsrq"":-17,""rssi"":-57,""snr"":null,""ta"":0,""level"":4,""bands"":""1""},{""type"":""LTE"",""pci"":421,""earfcn"":2600,""tac"":null,""rsrp"":-88,""rsrq"":-15,""rssi"":-63,""snr"":null,""ta"":0,""level"":3,""bands"":""5""},{""type"":""LTE"",""pci"":272,""earfcn"":2600,""tac"":null,""rsrp"":-90,""rsrq"":-18,""rssi"":-61,""snr"":null,""ta"":0,""level"":3,""bands"":""5""},{""type"":""LTE"",""pci"":273,""earfcn"":3050,""tac"":null,""rsrp"":-95,""rsrq"":-9,""rssi"":-75,""snr"":null,""ta"":0,""level"":3,""bands"":""7""},{""type"":""LTE"",""pci"":418,""earfcn"":2600,""tac"":null,""rsrp"":-97,""rsrq"":-19,""rssi"":-63,""snr"":null,""ta"":0,""level"":2,""bands"":""5""},{""type"":""LTE"",""pci"":418,""earfcn"":3050,""tac"":null,""rsrp"":-109,""rsrq"":-19,""rssi"":-75,""snr"":null,""ta"":0,""level"":1,""bands"":""7""},{""type"":""LTE"",""pci"":272,""earfcn"":3050,""tac"":null,""rsrp"":-109,""rsrq"":-20,""rssi"":-75,""snr"":null,""ta"":0,""level"":1,""bands"":""7""}]",1005.08527,111,0.459,0.524,7,2,,,,"[{""b"":""dc:8e:8d:bf:e7:bc"",""s"":""DLive_E7B7"",""r"":-32,""f"":2412},{""b"":""dc:8e:8d:bf:e7:b6"",""s"":""DLive5G_E7B7"",""r"":-46,""f"":5220},{""b"":""ca:dd:6a:05:5c:1b"",""s"":""[LG_CeilingCassette A\/C]5c1b"",""r"":-58,""f"":2462},{""b"":""dc:8e:8d:bf:e6:93"",""s"":""DLive_E68E"",""r"":-66,""f"":2462},{""b"":""1e:39:29:f9:f9:7d"",""s"":""[LG_CeilingCassette A\/C]f97d"",""r"":-74,""f"":2462},{""b"":""70:5d:cc:e0:27:0a"",""s"":""iptime403"",""r"":-83,""f"":2427},{""b"":""90:9f:33:a1:f3:26"",""s"":""iptime_mmmm"",""r"":-83,""f"":2447}]",""
1790513303308,2026-09-27 21:48:23,car,37.5465784,127.0682306,12.903,0.547529,216.15808,43.5,fused,0,LTE,NR_NSA,5G,true,false,true,false,false,52543750,273,2600,5,8282,450,06,-89,-13,-55,-1,3,0,,,,56274,65236,0.4502,0.5219,56234,65196,0.4499,0.5216,false,7,0,7,-80,273,100,0.547529,false,false,periodic,316,0,-1,1,2377,,,,"[{""type"":""LTE"",""pci"":273,""earfcn"":100,""tac"":null,""rsrp"":-80,""rsrq"":-11,""rssi"":-59,""snr"":null,""ta"":0,""level"":4,""bands"":""1""},{""type"":""LTE"",""pci"":421,""earfcn"":2600,""tac"":null,""rsrp"":-90,""rsrq"":-15,""rssi"":-65,""snr"":null,""ta"":0,""level"":3,""bands"":""5""},{""type"":""LTE"",""pci"":421,""earfcn"":100,""tac"":null,""rsrp"":-90,""rsrq"":-20,""rssi"":-59,""snr"":null,""ta"":0,""level"":3,""bands"":""1""},{""type"":""LTE"",""pci"":272,""earfcn"":2600,""tac"":null,""rsrp"":-94,""rsrq"":-17,""rssi"":-65,""snr"":null,""ta"":0,""level"":3,""bands"":""5""},{""type"":""LTE"",""pci"":273,""earfcn"":3050,""tac"":null,""rsrp"":-96,""rsrq"":-9,""rssi"":-77,""snr"":null,""ta"":0,""level"":2,""bands"":""7""},{""type"":""LTE"",""pci"":272,""earfcn"":3050,""tac"":null,""rsrp"":-103,""rsrq"":-18,""rssi"":-73,""snr"":null,""ta"":0,""level"":2,""bands"":""7""},{""type"":""LTE"",""pci"":418,""earfcn"":3050,""tac"":null,""rsrp"":-109,""rsrq"":-20,""rssi"":-77,""snr"":null,""ta"":0,""level"":1,""bands"":""7""}]",1005.0814,9,0.459,0.459,7,4,,,,"[{""b"":""dc:8e:8d:bf:e7:bc"",""s"":""DLive_E7B7"",""r"":-33,""f"":2412},{""b"":""dc:8e:8d:bf:e7:b6"",""s"":""DLive5G_E7B7"",""r"":-47,""f"":5220},{""b"":""ca:dd:6a:05:5c:1b"",""s"":""[LG_CeilingCassette A\/C]5c1b"",""r"":-58,""f"":2462},{""b"":""dc:8e:8d:bf:e6:93"",""s"":""DLive_E68E"",""r"":-67,""f"":2462},{""b"":""1e:39:29:f9:f9:7d"",""s"":""[LG_CeilingCassette A\/C]f97d"",""r"":-72,""f"":2462},{""b"":""00:06:ac:10:21:e2"",""s"":""T wifi zone"",""r"":-85,""f"":2472},{""b"":""dc:8e:8d:bf:e7:48"",""s"":""DLive5G_E749"",""r"":-93,""f"":5220}]",""
1790513308315,2026-09-27 21:48:28,car,37.5465733,127.0682312,15.709,0.582037,203.70825,43.5,fused,1,LTE,NR_NSA,5G,true,false,true,false,false,52543750,273,2600,5,8282,450,06,-89,-13,-55,-1,3,0,,,,2379,65418,0.0190,0.5233,2359,65398,0.0189,0.5232,false,8,0,8,-81,273,100,0.582037,false,false,periodic,321,0,0,0,2382,,,,"[{""type"":""LTE"",""pci"":273,""earfcn"":100,""tac"":null,""rsrp"":-81,""rsrq"":-7,""rssi"":-63,""snr"":null,""ta"":0,""level"":4,""bands"":""1""},{""type"":""LTE"",""pci"":421,""earfcn"":2600,""tac"":null,""rsrp"":-89,""rsrq"":-15,""rssi"":-63,""snr"":null,""ta"":0,""level"":3,""bands"":""5""},{""type"":""LTE"",""pci"":272,""earfcn"":2600,""tac"":null,""rsrp"":-90,""rsrq"":-17,""rssi"":-61,""snr"":null,""ta"":0,""level"":3,""bands"":""5""},{""type"":""LTE"",""pci"":418,""earfcn"":2600,""tac"":null,""rsrp"":-94,""rsrq"":-20,""rssi"":-63,""snr"":null,""ta"":0,""level"":3,""bands"":""5""},{""type"":""LTE"",""pci"":273,""earfcn"":3050,""tac"":null,""rsrp"":-96,""rsrq"":-10,""rssi"":-77,""snr"":null,""ta"":0,""level"":2,""bands"":""7""},{""type"":""LTE"",""pci"":421,""earfcn"":100,""tac"":null,""rsrp"":-99,""rsrq"":-20,""rssi"":-63,""snr"":null,""ta"":0,""level"":2,""bands"":""1""},{""type"":""LTE"",""pci"":418,""earfcn"":3050,""tac"":null,""rsrp"":-105,""rsrq"":-19,""rssi"":-75,""snr"":null,""ta"":0,""level"":2,""bands"":""7""},{""type"":""LTE"",""pci"":272,""earfcn"":3050,""tac"":null,""rsrp"":-108,""rsrq"":-20,""rssi"":-75,""snr"":null,""ta"":0,""level"":1,""bands"":""7""}]",1005.0827,10,0.524,0.459,12,1,,,,"[{""b"":""dc:8e:8d:bf:e7:b6"",""s"":""DLive5G_E7B7"",""r"":-45,""f"":5220},{""b"":""dc:8e:8d:bf:e6:93"",""s"":""DLive_E68E"",""r"":-67,""f"":2462},{""b"":""1e:39:29:f9:f9:45"",""s"":""[LG_CeilingCassette A\/C]f945"",""r"":-68,""f"":2462},{""b"":""dc:8e:8d:bf:e7:17"",""s"":""DLive_E712"",""r"":-68,""f"":2462},{""b"":""dc:8e:8d:bf:e7:4e"",""s"":""DLive_E749"",""r"":-70,""f"":2412},{""b"":""da:e3:5e:f5:14:7c"",""s"":""[LG_Wall-Mount A\/C]147c"",""r"":-81,""f"":2452},{""b"":""b0:38:6c:b1:26:36"",""s"":""ggulbam"",""r"":-83,""f"":2447},{""b"":""38:f4:5e:44:73:77"",""s"":""SK_7374_2.4G"",""r"":-83,""f"":2462},{""b"":""08:36:c9:fd:49:b1"",""s"":""NETGEAR12"",""r"":-85,""f"":2432},{""b"":""70:5d:cc:df:3f:80"",""s"":""502"",""r"":-85,""f"":2422},{""b"":""88:36:6c:6a:84:c0"",""s"":""hong5G"",""r"":-90,""f"":5745},{""b"":""dc:8e:8d:bf:e7:48"",""s"":""DLive5G_E749"",""r"":-93,""f"":5220}]",""
1790513313331,2026-09-27 21:48:33,car,37.5465757,127.0682419,12.263,0.47910455,181.65305,43.5,fused,0,LTE,NR_NSA,5G,true,false,true,false,false,52543750,273,2600,5,8282,450,06,-85,-11,-55,-2,4,0,,,,2361,65301,0.0189,0.5224,2341,65281,0.0187,0.5222,false,6,0,6,-81,273,100,0.47910455,false,false,periodic,326,0,4,-1,1727,,,,"[{""type"":""LTE"",""pci"":273,""earfcn"":100,""tac"":null,""rsrp"":-81,""rsrq"":-9,""rssi"":-61,""snr"":null,""ta"":0,""level"":4,""bands"":""1""},{""type"":""LTE"",""pci"":421,""earfcn"":2600,""tac"":null,""rsrp"":-85,""rsrq"":-14,""rssi"":-61,""snr"":null,""ta"":0,""level"":4,""bands"":""5""},{""type"":""LTE"",""pci"":273,""earfcn"":3050,""tac"":null,""rsrp"":-95,""rsrq"":-11,""rssi"":-73,""snr"":null,""ta"":0,""level"":3,""bands"":""7""},{""type"":""LTE"",""pci"":421,""earfcn"":100,""tac"":null,""rsrp"":-98,""rsrq"":-20,""rssi"":-63,""snr"":null,""ta"":0,""level"":2,""bands"":""1""},{""type"":""LTE"",""pci"":418,""earfcn"":3050,""tac"":null,""rsrp"":-102,""rsrq"":-19,""rssi"":-73,""snr"":null,""ta"":0,""level"":2,""bands"":""7""},{""type"":""LTE"",""pci"":272,""earfcn"":3050,""tac"":null,""rsrp"":-103,""rsrq"":-18,""rssi"":-73,""snr"":null,""ta"":0,""level"":2,""bands"":""7""}]",1005.0834,9,0.459,0.524,12,6,,,,"[{""b"":""dc:8e:8d:bf:e7:b6"",""s"":""DLive5G_E7B7"",""r"":-45,""f"":5220},{""b"":""dc:8e:8d:bf:e6:93"",""s"":""DLive_E68E"",""r"":-67,""f"":2462},{""b"":""1e:39:29:f9:f9:45"",""s"":""[LG_CeilingCassette A\/C]f945"",""r"":-68,""f"":2462},{""b"":""dc:8e:8d:bf:e7:17"",""s"":""DLive_E712"",""r"":-68,""f"":2462},{""b"":""dc:8e:8d:bf:e7:4e"",""s"":""DLive_E749"",""r"":-70,""f"":2412},{""b"":""da:e3:5e:f5:14:7c"",""s"":""[LG_Wall-Mount A\/C]147c"",""r"":-81,""f"":2452},{""b"":""b0:38:6c:b1:26:36"",""s"":""ggulbam"",""r"":-83,""f"":2447},{""b"":""38:f4:5e:44:73:77"",""s"":""SK_7374_2.4G"",""r"":-83,""f"":2462},{""b"":""08:36:c9:fd:49:b1"",""s"":""NETGEAR12"",""r"":-85,""f"":2432},{""b"":""70:5d:cc:df:3f:80"",""s"":""502"",""r"":-85,""f"":2422},{""b"":""88:36:6c:6a:84:c0"",""s"":""hong5G"",""r"":-90,""f"":5745},{""b"":""dc:8e:8d:bf:e7:48"",""s"":""DLive5G_E749"",""r"":-93,""f"":5220}]",""
1790513318360,2026-09-27 21:48:38,car,37.5465866,127.0682442,11.861,0.47418186,89.9886,43.5,fused,1,LTE,NR_NSA,5G,true,false,true,false,false,52543750,273,2600,5,8282,450,06,-88,-12,-57,-2,3,0,,,,352103,67385,2.8168,0.5391,352083,67366,2.8167,0.5389,false,7,0,7,-79,273,100,0.47418186,false,false,periodic,331,0,-3,0,1084,,,,"[{""type"":""LTE"",""pci"":273,""earfcn"":100,""tac"":null,""rsrp"":-79,""rsrq"":-7,""rssi"":-51,""snr"":null,""ta"":0,""level"":4,""bands"":""1""},{""type"":""LTE"",""pci"":421,""earfcn"":2600,""tac"":null,""rsrp"":-87,""rsrq"":-14,""rssi"":-65,""snr"":null,""ta"":0,""level"":3,""bands"":""5""},{""type"":""LTE"",""pci"":272,""earfcn"":2600,""tac"":null,""rsrp"":-92,""rsrq"":-18,""rssi"":-61,""snr"":null,""ta"":0,""level"":3,""bands"":""5""},{""type"":""LTE"",""pci"":273,""earfcn"":3050,""tac"":null,""rsrp"":-95,""rsrq"":-8,""rssi"":-67,""snr"":null,""ta"":0,""level"":3,""bands"":""7""},{""type"":""LTE"",""pci"":421,""earfcn"":100,""tac"":null,""rsrp"":-96,""rsrq"":-20,""rssi"":-61,""snr"":null,""ta"":0,""level"":2,""bands"":""1""},{""type"":""LTE"",""pci"":418,""earfcn"":3050,""tac"":null,""rsrp"":-108,""rsrq"":-20,""rssi"":-77,""snr"":null,""ta"":0,""level"":1,""bands"":""7""},{""type"":""LTE"",""pci"":272,""earfcn"":3050,""tac"":null,""rsrp"":-108,""rsrq"":-17,""rssi"":-77,""snr"":null,""ta"":0,""level"":1,""bands"":""7""}]",1005.0827,11,0.459,0.524,7,6,,,,"[{""b"":""dc:8e:8d:bf:e7:bc"",""s"":""DLive_E7B7"",""r"":-33,""f"":2412},{""b"":""dc:8e:8d:bf:e7:b6"",""s"":""DLive5G_E7B7"",""r"":-45,""f"":5220},{""b"":""1e:39:29:f9:f9:45"",""s"":""[LG_CeilingCassette A\/C]f945"",""r"":-68,""f"":2462},{""b"":""dc:8e:8d:bf:e7:17"",""s"":""DLive_E712"",""r"":-69,""f"":2462},{""b"":""80:ca:4b:d9:e0:1b"",""s"":""U+NetE018_5G"",""r"":-90,""f"":5805},{""b"":""8a:ca:4b:d9:e0:1b"",""s"":"""",""r"":-92,""f"":5805},{""b"":""dc:8e:8d:bf:e7:48"",""s"":""DLive5G_E749"",""r"":-92,""f"":5220}]",""
1790513323372,2026-09-27 21:48:43,car,37.5465879,127.0682499,12.94,0.5362578,90.00289,43.5,fused,0,LTE,NR_NSA,5G,true,false,true,false,false,52543750,273,2600,5,8282,450,06,-86,-11,-59,0,3,0,,,,11563,64418,0.0925,0.5153,11543,64398,0.0923,0.5152,false,6,0,6,-79,273,100,0.5362578,false,false,periodic,336,0,2,2,533,,,,"[{""type"":""LTE"",""pci"":273,""earfcn"":100,""tac"":null,""rsrp"":-79,""rsrq"":-7,""rssi"":-53,""snr"":null,""ta"":0,""level"":4,""bands"":""1""},{""type"":""LTE"",""pci"":421,""earfcn"":2600,""tac"":null,""rsrp"":-86,""rsrq"":-15,""rssi"":-61,""snr"":null,""ta"":0,""level"":3,""bands"":""5""},{""type"":""LTE"",""pci"":272,""earfcn"":2600,""tac"":null,""rsrp"":-93,""rsrq"":-18,""rssi"":-61,""snr"":null,""ta"":0,""level"":3,""bands"":""5""},{""type"":""LTE"",""pci"":421,""earfcn"":100,""tac"":null,""rsrp"":-94,""rsrq"":-20,""rssi"":-63,""snr"":null,""ta"":0,""level"":3,""bands"":""1""},{""type"":""LTE"",""pci"":273,""earfcn"":3050,""tac"":null,""rsrp"":-96,""rsrq"":-7,""rssi"":-69,""snr"":null,""ta"":0,""level"":2,""bands"":""7""},{""type"":""LTE"",""pci"":272,""earfcn"":3050,""tac"":null,""rsrp"":-107,""rsrq"":-17,""rssi"":-77,""snr"":null,""ta"":0,""level"":1,""bands"":""7""}]",1005.09186,11,0.459,0.459,2,5,,,,"[{""b"":""dc:8e:8d:bf:e7:b6"",""s"":""DLive5G_E7B7"",""r"":-45,""f"":5220},{""b"":""70:5d:cc:e0:2c:b8"",""s"":""203"",""r"":-85,""f"":2452}]",""
1790513328382,2026-09-27 21:48:48,car,37.5465919,127.0682579,14.192,0.5439092,89.98077,43.5,fused,1,LTE,NR_NSA,5G,true,false,true,false,false,52543750,273,2600,5,8282,450,06,-86,-11,-59,0,3,0,,,,1261140,66040,10.0891,0.5283,1261100,66000,10.0888,0.5280,false,6,0,6,-79,273,100,0.5439092,false,false,periodic,341,0,0,0,5544,,,,"[{""type"":""LTE"",""pci"":273,""earfcn"":100,""tac"":null,""rsrp"":-79,""rsrq"":-7,""rssi"":-53,""snr"":null,""ta"":0,""level"":4,""bands"":""1""},{""type"":""LTE"",""pci"":421,""earfcn"":2600,""tac"":null,""rsrp"":-86,""rsrq"":-15,""rssi"":-61,""snr"":null,""ta"":0,""level"":3,""bands"":""5""},{""type"":""LTE"",""pci"":272,""earfcn"":2600,""tac"":null,""rsrp"":-93,""rsrq"":-18,""rssi"":-61,""snr"":null,""ta"":0,""level"":3,""bands"":""5""},{""type"":""LTE"",""pci"":421,""earfcn"":100,""tac"":null,""rsrp"":-94,""rsrq"":-20,""rssi"":-63,""snr"":null,""ta"":0,""level"":3,""bands"":""1""},{""type"":""LTE"",""pci"":273,""earfcn"":3050,""tac"":null,""rsrp"":-96,""rsrq"":-7,""rssi"":-69,""snr"":null,""ta"":0,""level"":2,""bands"":""7""},{""type"":""LTE"",""pci"":272,""earfcn"":3050,""tac"":null,""rsrp"":-107,""rsrq"":-17,""rssi"":-77,""snr"":null,""ta"":0,""level"":1,""bands"":""7""}]",1005.0868,10,0.459,0.459,9,4,,,,"[{""b"":""dc:8e:8d:bf:e7:bc"",""s"":""DLive_E7B7"",""r"":-34,""f"":2412},{""b"":""dc:8e:8d:bf:e7:b6"",""s"":""DLive5G_E7B7"",""r"":-43,""f"":5220},{""b"":""dc:8e:8d:bf:e6:93"",""s"":""DLive_E68E"",""r"":-66,""f"":2462},{""b"":""dc:8e:8d:bf:e7:17"",""s"":""DLive_E712"",""r"":-68,""f"":2462},{""b"":""36:e6:e6:e8:d8:bf"",""s"":"""",""r"":-68,""f"":2412},{""b"":""da:e3:5e:f5:14:7c"",""s"":""[LG_Wall-Mount A\/C]147c"",""r"":-82,""f"":2452},{""b"":""88:3c:1c:75:fd:9a"",""s"":""KT_GiGA_2G_FD96"",""r"":-84,""f"":2437},{""b"":""dc:8e:8d:bf:e7:48"",""s"":""DLive5G_E749"",""r"":-91,""f"":5220},{""b"":""88:36:6c:6a:84:c0"",""s"":""hong5G"",""r"":-91,""f"":5745}]",""
1790513333394,2026-09-27 21:48:53,car,37.5465955,127.0682581,13.394,0.52564305,89.99747,43.5,fused,0,LTE,NR_NSA,5G,true,false,true,false,false,52543750,273,2600,5,8282,450,06,-89,-13,-55,-1,3,0,,,,8521,65398,0.0682,0.5232,8501,65378,0.0680,0.5230,false,7,0,7,-80,273,100,0.52564305,false,false,periodic,346,0,-3,-1,5000,,,,"[{""type"":""LTE"",""pci"":273,""earfcn"":100,""tac"":null,""rsrp"":-80,""rsrq"":-8,""rssi"":-65,""snr"":null,""ta"":0,""level"":4,""bands"":""1""},{""type"":""LTE"",""pci"":421,""earfcn"":2600,""tac"":null,""rsrp"":-87,""rsrq"":-15,""rssi"":-63,""snr"":null,""ta"":0,""level"":3,""bands"":""5""},{""type"":""LTE"",""pci"":272,""earfcn"":2600,""tac"":null,""rsrp"":-94,""rsrq"":-19,""rssi"":-63,""snr"":null,""ta"":0,""level"":3,""bands"":""5""},{""type"":""LTE"",""pci"":273,""earfcn"":3050,""tac"":null,""rsrp"":-96,""rsrq"":-10,""rssi"":-73,""snr"":null,""ta"":0,""level"":2,""bands"":""7""},{""type"":""LTE"",""pci"":418,""earfcn"":3050,""tac"":null,""rsrp"":-101,""rsrq"":-18,""rssi"":-73,""snr"":null,""ta"":0,""level"":2,""bands"":""7""},{""type"":""LTE"",""pci"":421,""earfcn"":100,""tac"":null,""rsrp"":-101,""rsrq"":-20,""rssi"":-65,""snr"":null,""ta"":0,""level"":2,""bands"":""1""},{""type"":""LTE"",""pci"":272,""earfcn"":3050,""tac"":null,""rsrp"":-107,""rsrq"":-17,""rssi"":-77,""snr"":null,""ta"":0,""level"":1,""bands"":""7""}]",1005.0753,10,0.459,0.524,10,5,,,,"[{""b"":""dc:8e:8d:bf:e7:bc"",""s"":""DLive_E7B7"",""r"":-34,""f"":2412},{""b"":""dc:8e:8d:bf:e7:b6"",""s"":""DLive5G_E7B7"",""r"":-43,""f"":5220},{""b"":""ca:dd:6a:05:5c:1b"",""s"":""[LG_CeilingCassette A\/C]5c1b"",""r"":-57,""f"":2462},{""b"":""dc:8e:8d:bf:e7:17"",""s"":""DLive_E712"",""r"":-69,""f"":2462},{""b"":""dc:8e:8d:bf:e6:93"",""s"":""DLive_E68E"",""r"":-75,""f"":2462},{""b"":""00:07:89:82:be:31"",""s"":""KT_GiGA_2G_Wave2_BE2E"",""r"":-81,""f"":2437},{""b"":""00:07:89:bc:8c:f4"",""s"":""KT_GiGA_2G_Wave2_8CF1"",""r"":-83,""f"":2417},{""b"":""8a:ca:4b:d9:e0:1b"",""s"":"""",""r"":-90,""f"":5805},{""b"":""dc:8e:8d:bf:e7:48"",""s"":""DLive5G_E749"",""r"":-90,""f"":5220},{""b"":""88:36:6c:6a:84:c0"",""s"":""hong5G"",""r"":-91,""f"":5745}]",""
1790513338405,2026-09-27 21:48:58,car,37.5465896,127.0682552,14.177,0.4917485,90.02397,43.5,fused,1,LTE,NR_NSA,5G,true,false,true,false,false,52543750,273,2600,5,8282,450,06,-87,-12,-53,-3,3,0,,,,2693,64115,0.0215,0.5129,2673,64095,0.0214,0.5128,false,8,0,8,-80,273,100,0.4917485,false,false,periodic,351,0,2,-2,4999,,,,"[{""type"":""LTE"",""pci"":273,""earfcn"":100,""tac"":null,""rsrp"":-80,""rsrq"":-10,""rssi"":-59,""snr"":null,""ta"":0,""level"":4,""bands"":""1""},{""type"":""LTE"",""pci"":421,""earfcn"":2600,""tac"":null,""rsrp"":-87,""rsrq"":-14,""rssi"":-61,""snr"":null,""ta"":0,""level"":3,""bands"":""5""},{""type"":""LTE"",""pci"":418,""earfcn"":2600,""tac"":null,""rsrp"":-92,""rsrq"":-20,""rssi"":-61,""snr"":null,""ta"":0,""level"":3,""bands"":""5""},{""type"":""LTE"",""pci"":421,""earfcn"":100,""tac"":null,""rsrp"":-92,""rsrq"":-20,""rssi"":-61,""snr"":null,""ta"":0,""level"":3,""bands"":""1""},{""type"":""LTE"",""pci"":272,""earfcn"":2600,""tac"":null,""rsrp"":-94,""rsrq"":-18,""rssi"":-65,""snr"":null,""ta"":0,""level"":3,""bands"":""5""},{""type"":""LTE"",""pci"":273,""earfcn"":3050,""tac"":null,""rsrp"":-96,""rsrq"":-10,""rssi"":-73,""snr"":null,""ta"":0,""level"":2,""bands"":""7""},{""type"":""LTE"",""pci"":272,""earfcn"":3050,""tac"":null,""rsrp"":-104,""rsrq"":-19,""rssi"":-73,""snr"":null,""ta"":0,""level"":2,""bands"":""7""},{""type"":""LTE"",""pci"":418,""earfcn"":3050,""tac"":null,""rsrp"":-106,""rsrq"":-18,""rssi"":-79,""snr"":null,""ta"":0,""level"":1,""bands"":""7""}]",1005.0851,10,0.524,0.459,12,4,,,,"[{""b"":""dc:8e:8d:bf:e7:bc"",""s"":""DLive_E7B7"",""r"":-35,""f"":2412},{""b"":""dc:8e:8d:bf:e7:b6"",""s"":""DLive5G_E7B7"",""r"":-43,""f"":5220},{""b"":""dc:8e:8d:bf:e6:93"",""s"":""DLive_E68E"",""r"":-65,""f"":2462},{""b"":""1e:39:29:f9:f9:7d"",""s"":""[LG_CeilingCassette A\/C]f97d"",""r"":-69,""f"":2462},{""b"":""1e:39:29:f9:f9:45"",""s"":""[LG_CeilingCassette A\/C]f945"",""r"":-69,""f"":2462},{""b"":""70:5d:cc:df:03:54"",""s"":""604"",""r"":-81,""f"":2412},{""b"":""b0:38:6c:36:ff:8a"",""s"":""subin"",""r"":-83,""f"":2412},{""b"":""90:9f:33:a1:f3:26"",""s"":""iptime_mmmm"",""r"":-83,""f"":2447},{""b"":""7c:8b:ca:9a:8a:bb"",""s"":""303"",""r"":-84,""f"":2417},{""b"":""80:ca:4b:d9:e0:1b"",""s"":""U+NetE018_5G"",""r"":-90,""f"":5805},{""b"":""88:36:6c:6a:84:c0"",""s"":""hong5G"",""r"":-91,""f"":5745},{""b"":""dc:8e:8d:bf:e7:48"",""s"":""DLive5G_E749"",""r"":-93,""f"":5220}]",""
1790513343417,2026-09-27 21:49:03,car,37.5465898,127.0682539,13.868,0.3900582,89.99247,43.5,fused,0,LTE,NR_NSA,5G,true,false,true,false,false,52543750,273,2600,5,8282,450,06,-89,-13,-55,-2,3,0,,,,2474,66187,0.0198,0.5295,2454,66167,0.0196,0.5293,false,7,0,7,-81,273,100,0.3900582,false,false,periodic,357,0,-2,1,5005,,,,"[{""type"":""LTE"",""pci"":273,""earfcn"":100,""tac"":null,""rsrp"":-81,""rsrq"":-12,""rssi"":-57,""snr"":null,""ta"":0,""level"":4,""bands"":""1""},{""type"":""LTE"",""pci"":421,""earfcn"":2600,""tac"":null,""rsrp"":-89,""rsrq"":-15,""rssi"":-63,""snr"":null,""ta"":0,""level"":3,""bands"":""5""},{""type"":""LTE"",""pci"":273,""earfcn"":3050,""tac"":null,""rsrp"":-96,""rsrq"":-10,""rssi"":-77,""snr"":null,""ta"":0,""level"":2,""bands"":""7""},{""type"":""LTE"",""pci"":418,""earfcn"":2600,""tac"":null,""rsrp"":-97,""rsrq"":-20,""rssi"":-65,""snr"":null,""ta"":0,""level"":2,""bands"":""5""},{""type"":""LTE"",""pci"":421,""earfcn"":100,""tac"":null,""rsrp"":-99,""rsrq"":-20,""rssi"":-63,""snr"":null,""ta"":0,""level"":2,""bands"":""1""},{""type"":""LTE"",""pci"":418,""earfcn"":3050,""tac"":null,""rsrp"":-106,""rsrq"":-20,""rssi"":-77,""snr"":null,""ta"":0,""level"":1,""bands"":""7""},{""type"":""LTE"",""pci"":272,""earfcn"":3050,""tac"":null,""rsrp"":-110,""rsrq"":-18,""rssi"":-77,""snr"":null,""ta"":0,""level"":1,""bands"":""7""}]",1005.0897,11,0.480,0.459,8,3,,,,"[{""b"":""dc:8e:8d:bf:e7:bc"",""s"":""DLive_E7B7"",""r"":-36,""f"":2412},{""b"":""dc:8e:8d:bf:e7:b6"",""s"":""DLive5G_E7B7"",""r"":-45,""f"":5220},{""b"":""ca:dd:6a:05:5c:1b"",""s"":""[LG_CeilingCassette A\/C]5c1b"",""r"":-55,""f"":2462},{""b"":""dc:8e:8d:bf:e6:93"",""s"":""DLive_E68E"",""r"":-67,""f"":2462},{""b"":""1e:39:29:f9:f9:45"",""s"":""[LG_CeilingCassette A\/C]f945"",""r"":-68,""f"":2462},{""b"":""72:7f:f0:63:d5:4c"",""s"":"""",""r"":-79,""f"":2457},{""b"":""70:5d:cc:e0:27:0a"",""s"":""iptime403"",""r"":-82,""f"":2427},{""b"":""88:36:6c:6a:84:c0"",""s"":""hong5G"",""r"":-92,""f"":5745}]",""
1790513348435,2026-09-27 21:49:08,car,37.5465901,127.0682551,12.168,0.45991555,89.999825,43.5,fused,1,LTE,NR_NSA,5G,true,false,true,false,false,52543750,273,2600,5,8282,450,06,-86,-12,-57,-2,3,0,,,,10001,66257,0.0800,0.5301,9962,66217,0.0797,0.5297,false,7,0,7,-80,273,100,0.45991555,false,false,periodic,362,0,3,0,5000,,,,"[{""type"":""LTE"",""pci"":273,""earfcn"":100,""tac"":null,""rsrp"":-80,""rsrq"":-12,""rssi"":-57,""snr"":null,""ta"":0,""level"":4,""bands"":""1""},{""type"":""LTE"",""pci"":421,""earfcn"":2600,""tac"":null,""rsrp"":-85,""rsrq"":-14,""rssi"":-61,""snr"":null,""ta"":0,""level"":4,""bands"":""5""},{""type"":""LTE"",""pci"":272,""earfcn"":2600,""tac"":null,""rsrp"":-92,""rsrq"":-17,""rssi"":-61,""snr"":null,""ta"":0,""level"":3,""bands"":""5""},{""type"":""LTE"",""pci"":273,""earfcn"":3050,""tac"":null,""rsrp"":-96,""rsrq"":-12,""rssi"":-73,""snr"":null,""ta"":0,""level"":2,""bands"":""7""},{""type"":""LTE"",""pci"":421,""earfcn"":100,""tac"":null,""rsrp"":-100,""rsrq"":-20,""rssi"":-63,""snr"":null,""ta"":0,""level"":2,""bands"":""1""},{""type"":""LTE"",""pci"":418,""earfcn"":3050,""tac"":null,""rsrp"":-101,""rsrq"":-18,""rssi"":-73,""snr"":null,""ta"":0,""level"":2,""bands"":""7""},{""type"":""LTE"",""pci"":272,""earfcn"":3050,""tac"":null,""rsrp"":-110,""rsrq"":-18,""rssi"":-77,""snr"":null,""ta"":0,""level"":1,""bands"":""7""}]",1005.084,12,0.524,0.524,9,2,,,,"[{""b"":""dc:8e:8d:bf:e7:bc"",""s"":""DLive_E7B7"",""r"":-34,""f"":2412},{""b"":""dc:8e:8d:bf:e7:b6"",""s"":""DLive5G_E7B7"",""r"":-43,""f"":5220},{""b"":""ca:dd:6a:05:5c:1b"",""s"":""[LG_CeilingCassette A\/C]5c1b"",""r"":-58,""f"":2462},{""b"":""dc:8e:8d:bf:e6:93"",""s"":""DLive_E68E"",""r"":-68,""f"":2462},{""b"":""36:e6:e6:e8:d8:bf"",""s"":"""",""r"":-69,""f"":2412},{""b"":""dc:8e:8d:bf:e7:4e"",""s"":""DLive_E749"",""r"":-73,""f"":2412},{""b"":""90:9f:33:a1:f3:26"",""s"":""iptime_mmmm"",""r"":-83,""f"":2447},{""b"":""02:1d:ec:df:4d:c6"",""s"":""KT_IPTV_WiFi_2G_4DC6"",""r"":-86,""f"":2452},{""b"":""88:36:6c:6a:84:c0"",""s"":""hong5G"",""r"":-91,""f"":5745}]",""
1790513353445,2026-09-27 21:49:13,car,37.5465929,127.0682567,12.923,0.52086574,89.99933,43.5,fused,0,LTE,NR_NSA,5G,true,false,true,false,false,52543750,273,2600,5,8282,450,06,-85,-13,-55,-3,4,0,,,,6162,65158,0.0493,0.5213,6142,65138,0.0491,0.5211,false,7,0,7,-81,273,100,0.52086574,false,false,periodic,367,0,1,-1,2646,,,,"[{""type"":""LTE"",""pci"":273,""earfcn"":100,""tac"":null,""rsrp"":-81,""rsrq"":-11,""rssi"":-59,""snr"":null,""ta"":0,""level"":4,""bands"":""1""},{""type"":""LTE"",""pci"":421,""earfcn"":2600,""tac"":null,""rsrp"":-85,""rsrq"":-14,""rssi"":-61,""snr"":null,""ta"":0,""level"":4,""bands"":""5""},{""type"":""LTE"",""pci"":421,""earfcn"":100,""tac"":null,""rsrp"":-90,""rsrq"":-20,""rssi"":-59,""snr"":null,""ta"":0,""level"":3,""bands"":""1""},{""type"":""LTE"",""pci"":272,""earfcn"":2600,""tac"":null,""rsrp"":-92,""rsrq"":-19,""rssi"":-61,""snr"":null,""ta"":0,""level"":3,""bands"":""5""},{""type"":""LTE"",""pci"":273,""earfcn"":3050,""tac"":null,""rsrp"":-96,""rsrq"":-10,""rssi"":-75,""snr"":null,""ta"":0,""level"":2,""bands"":""7""},{""type"":""LTE"",""pci"":272,""earfcn"":3050,""tac"":null,""rsrp"":-103,""rsrq"":-20,""rssi"":-73,""snr"":null,""ta"":0,""level"":2,""bands"":""7""},{""type"":""LTE"",""pci"":418,""earfcn"":3050,""tac"":null,""rsrp"":-103,""rsrq"":-20,""rssi"":-73,""snr"":null,""ta"":0,""level"":2,""bands"":""7""}]",1004.99133,10,0.524,0.459,7,1,,,,"[{""b"":""dc:8e:8d:bf:e7:bc"",""s"":""DLive_E7B7"",""r"":-32,""f"":2412},{""b"":""dc:8e:8d:bf:e7:b6"",""s"":""DLive5G_E7B7"",""r"":-44,""f"":5220},{""b"":""dc:8e:8d:bf:e7:17"",""s"":""DLive_E712"",""r"":-68,""f"":2462},{""b"":""36:e6:e6:e8:d8:bf"",""s"":"""",""r"":-80,""f"":2412},{""b"":""12:f4:5e:44:73:77"",""s"":"""",""r"":-84,""f"":2462},{""b"":""88:36:6c:6a:84:c0"",""s"":""hong5G"",""r"":-90,""f"":5745},{""b"":""dc:8e:8d:bf:e7:11"",""s"":""DLive5G_E712"",""r"":-93,""f"":5220}]",""
1790513358463,2026-09-27 21:49:18,car,37.5465952,127.068255,11.903,0.44352326,74.63009,43.5,fused,1,LTE,NR_NSA,5G,true,false,true,false,false,52543750,273,2600,5,8282,450,06,-89,-12,-57,-2,3,0,,,,2507,67614,0.0201,0.5409,2487,67595,0.0199,0.5408,false,6,0,6,-84,273,100,0.44352326,false,false,periodic,372,0,-4,1,1991,,,,"[{""type"":""LTE"",""pci"":273,""earfcn"":100,""tac"":null,""rsrp"":-84,""rsrq"":-10,""rssi"":-65,""snr"":null,""ta"":0,""level"":4,""bands"":""1""},{""type"":""LTE"",""pci"":421,""earfcn"":2600,""tac"":null,""rsrp"":-89,""rsrq"":-15,""rssi"":-65,""snr"":null,""ta"":0,""level"":3,""bands"":""5""},{""type"":""LTE"",""pci"":421,""earfcn"":100,""tac"":null,""rsrp"":-102,""rsrq"":-17,""rssi"":-67,""snr"":null,""ta"":0,""level"":2,""bands"":""1""},{""type"":""LTE"",""pci"":273,""earfcn"":3050,""tac"":null,""rsrp"":-107,""rsrq"":-12,""rssi"":-83,""snr"":null,""ta"":0,""level"":1,""bands"":""7""},{""type"":""LTE"",""pci"":418,""earfcn"":3050,""tac"":null,""rsrp"":-108,""rsrq"":-15,""rssi"":-83,""snr"":null,""ta"":0,""level"":1,""bands"":""7""},{""type"":""LTE"",""pci"":272,""earfcn"":3050,""tac"":null,""rsrp"":-110,""rsrq"":-17,""rssi"":-83,""snr"":null,""ta"":0,""level"":1,""bands"":""7""}]",1005.09906,12,0.459,0.459,7,7,,,,"[{""b"":""dc:8e:8d:bf:e7:bc"",""s"":""DLive_E7B7"",""r"":-32,""f"":2412},{""b"":""dc:8e:8d:bf:e7:b6"",""s"":""DLive5G_E7B7"",""r"":-44,""f"":5220},{""b"":""dc:8e:8d:bf:e7:17"",""s"":""DLive_E712"",""r"":-68,""f"":2462},{""b"":""36:e6:e6:e8:d8:bf"",""s"":"""",""r"":-80,""f"":2412},{""b"":""12:f4:5e:44:73:77"",""s"":"""",""r"":-84,""f"":2462},{""b"":""88:36:6c:6a:84:c0"",""s"":""hong5G"",""r"":-90,""f"":5745},{""b"":""dc:8e:8d:bf:e7:11"",""s"":""DLive5G_E712"",""r"":-93,""f"":5220}]",""
1790513363480,2026-09-27 21:49:23,car,37.5465911,127.0682551,11.88,0.41410306,88.742874,43.5,fused,1,LTE,NR_NSA,5G,true,false,true,false,false,52543750,273,2600,5,8282,450,06,-85,-12,-57,1,4,0,,,,11417,68067,0.0913,0.5445,11397,68047,0.0912,0.5444,false,6,0,6,-82,273,100,0.41410306,false,false,periodic,377,0,4,3,1349,,,,"[{""type"":""LTE"",""pci"":273,""earfcn"":100,""tac"":null,""rsrp"":-82,""rsrq"":-8,""rssi"":-55,""snr"":null,""ta"":0,""level"":4,""bands"":""1""},{""type"":""LTE"",""pci"":421,""earfcn"":2600,""tac"":null,""rsrp"":-90,""rsrq"":-16,""rssi"":-63,""snr"":null,""ta"":0,""level"":3,""bands"":""5""},{""type"":""LTE"",""pci"":421,""earfcn"":100,""tac"":null,""rsrp"":-97,""rsrq"":-17,""rssi"":-63,""snr"":null,""ta"":0,""level"":2,""bands"":""1""},{""type"":""LTE"",""pci"":273,""earfcn"":3050,""tac"":null,""rsrp"":-99,""rsrq"":-9,""rssi"":-71,""snr"":null,""ta"":0,""level"":2,""bands"":""7""},{""type"":""LTE"",""pci"":418,""earfcn"":3050,""tac"":null,""rsrp"":-110,""rsrq"":-16,""rssi"":-83,""snr"":null,""ta"":0,""level"":1,""bands"":""7""},{""type"":""LTE"",""pci"":272,""earfcn"":3050,""tac"":null,""rsrp"":-111,""rsrq"":-17,""rssi"":-83,""snr"":null,""ta"":0,""level"":1,""bands"":""7""}]",1005.09656,10,0.459,0.459,4,4,,,,"[{""b"":""dc:8e:8d:bf:e7:bc"",""s"":""DLive_E7B7"",""r"":-36,""f"":2412},{""b"":""dc:8e:8d:bf:e7:b6"",""s"":""DLive5G_E7B7"",""r"":-47,""f"":5220},{""b"":""dc:8e:8d:bf:e7:48"",""s"":""DLive5G_E749"",""r"":-91,""f"":5220},{""b"":""dc:8e:8d:bf:e7:11"",""s"":""DLive5G_E712"",""r"":-91,""f"":5220}]",""
1790513368491,2026-09-27 21:49:28,car,37.5465899,127.0682619,13.799,0.4697464,90.01216,43.5,fused,1,LTE,NR_NSA,5G,true,false,true,false,false,52543750,273,2600,5,8282,450,06,-88,-13,-55,0,3,0,,,,705561,75816,5.6445,0.6065,705542,75796,5.6443,0.6064,false,6,0,6,-83,273,100,0.4697464,false,false,periodic,382,0,-3,-1,1358,,,,"[{""type"":""LTE"",""pci"":273,""earfcn"":100,""tac"":null,""rsrp"":-83,""rsrq"":-12,""rssi"":-61,""snr"":null,""ta"":0,""level"":4,""bands"":""1""},{""type"":""LTE"",""pci"":421,""earfcn"":100,""tac"":null,""rsrp"":-88,""rsrq"":-18,""rssi"":-59,""snr"":null,""ta"":0,""level"":3,""bands"":""1""},{""type"":""LTE"",""pci"":421,""earfcn"":2600,""tac"":null,""rsrp"":-89,""rsrq"":-15,""rssi"":-63,""snr"":null,""ta"":0,""level"":3,""bands"":""5""},{""type"":""LTE"",""pci"":273,""earfcn"":3050,""tac"":null,""rsrp"":-108,""rsrq"":-13,""rssi"":-85,""snr"":null,""ta"":0,""level"":1,""bands"":""7""},{""type"":""LTE"",""pci"":418,""earfcn"":3050,""tac"":null,""rsrp"":-112,""rsrq"":-17,""rssi"":-85,""snr"":null,""ta"":0,""level"":1,""bands"":""7""},{""type"":""LTE"",""pci"":272,""earfcn"":3050,""tac"":null,""rsrp"":-114,""rsrq"":-20,""rssi"":-85,""snr"":null,""ta"":0,""level"":1,""bands"":""7""}]",1005.0927,17,0.524,0.524,4,9,,,,"[{""b"":""dc:8e:8d:bf:e7:bc"",""s"":""DLive_E7B7"",""r"":-36,""f"":2412},{""b"":""dc:8e:8d:bf:e7:b6"",""s"":""DLive5G_E7B7"",""r"":-47,""f"":5220},{""b"":""dc:8e:8d:bf:e7:48"",""s"":""DLive5G_E749"",""r"":-91,""f"":5220},{""b"":""dc:8e:8d:bf:e7:11"",""s"":""DLive5G_E712"",""r"":-91,""f"":5220}]",""
1790513373503,2026-09-27 21:49:33,car,37.5465953,127.0682608,12.728,0.39745626,59.91175,43.599998474121094,fused,0,LTE,NR_NSA,5G,true,false,true,false,false,52543750,273,2600,5,8282,450,06,-90,-14,-57,1,3,0,,,,2565,67173,0.0205,0.5374,2505,67113,0.0200,0.5369,false,6,0,6,-83,273,100,0.39745626,false,false,periodic,387,0,-2,1,632,,,,"[{""type"":""LTE"",""pci"":273,""earfcn"":100,""tac"":null,""rsrp"":-83,""rsrq"":-7,""rssi"":-67,""snr"":null,""ta"":0,""level"":4,""bands"":""1""},{""type"":""LTE"",""pci"":421,""earfcn"":2600,""tac"":null,""rsrp"":-90,""rsrq"":-15,""rssi"":-65,""snr"":null,""ta"":0,""level"":3,""bands"":""5""},{""type"":""LTE"",""pci"":421,""earfcn"":100,""tac"":null,""rsrp"":-101,""rsrq"":-20,""rssi"":-67,""snr"":null,""ta"":0,""level"":2,""bands"":""1""},{""type"":""LTE"",""pci"":273,""earfcn"":3050,""tac"":null,""rsrp"":-102,""rsrq"":-10,""rssi"":-83,""snr"":null,""ta"":0,""level"":2,""bands"":""7""},{""type"":""LTE"",""pci"":418,""earfcn"":3050,""tac"":null,""rsrp"":-109,""rsrq"":-17,""rssi"":-83,""snr"":null,""ta"":0,""level"":1,""bands"":""7""},{""type"":""LTE"",""pci"":272,""earfcn"":3050,""tac"":null,""rsrp"":-111,""rsrq"":-19,""rssi"":-83,""snr"":null,""ta"":0,""level"":1,""bands"":""7""}]",1005.10693,11,0.459,0.459,6,5,,,,"[{""b"":""dc:8e:8d:bf:e7:b6"",""s"":""DLive5G_E7B7"",""r"":-46,""f"":5220},{""b"":""ca:dd:6a:05:5c:1b"",""s"":""[LG_CeilingCassette A\/C]5c1b"",""r"":-53,""f"":2462},{""b"":""dc:8e:8d:bf:e7:17"",""s"":""DLive_E712"",""r"":-67,""f"":2462},{""b"":""1e:39:29:f9:f9:45"",""s"":""[LG_CeilingCassette A\/C]f945"",""r"":-68,""f"":2462},{""b"":""dc:8e:8d:bf:e7:48"",""s"":""DLive5G_E749"",""r"":-91,""f"":5220},{""b"":""dc:8e:8d:bf:e7:11"",""s"":""DLive5G_E712"",""r"":-93,""f"":5220}]",""
1790513378514,2026-09-27 21:49:38,car,37.5465953,127.0682587,11.712,0.41441032,39.642822,43.5,fused,1,LTE,NR_NSA,5G,true,false,true,false,false,52543750,273,2600,5,8282,450,06,-90,-14,-57,1,3,0,,,,2409,65410,0.0193,0.5233,2389,65390,0.0191,0.5231,false,6,0,6,-83,273,100,0.41441032,false,false,periodic,392,0,0,0,5642,,,,"[{""type"":""LTE"",""pci"":273,""earfcn"":100,""tac"":null,""rsrp"":-83,""rsrq"":-7,""rssi"":-67,""snr"":null,""ta"":0,""level"":4,""bands"":""1""},{""type"":""LTE"",""pci"":421,""earfcn"":2600,""tac"":null,""rsrp"":-90,""rsrq"":-15,""rssi"":-65,""snr"":null,""ta"":0,""level"":3,""bands"":""5""},{""type"":""LTE"",""pci"":421,""earfcn"":100,""tac"":null,""rsrp"":-101,""rsrq"":-20,""rssi"":-67,""snr"":null,""ta"":0,""level"":2,""bands"":""1""},{""type"":""LTE"",""pci"":273,""earfcn"":3050,""tac"":null,""rsrp"":-102,""rsrq"":-10,""rssi"":-83,""snr"":null,""ta"":0,""level"":2,""bands"":""7""},{""type"":""LTE"",""pci"":418,""earfcn"":3050,""tac"":null,""rsrp"":-109,""rsrq"":-17,""rssi"":-83,""snr"":null,""ta"":0,""level"":1,""bands"":""7""},{""type"":""LTE"",""pci"":272,""earfcn"":3050,""tac"":null,""rsrp"":-111,""rsrq"":-19,""rssi"":-83,""snr"":null,""ta"":0,""level"":1,""bands"":""7""}]",1005.1118,105,0.459,0.459,6,4,,,,"[{""b"":""dc:8e:8d:bf:e7:bc"",""s"":""DLive_E7B7"",""r"":-35,""f"":2412},{""b"":""dc:8e:8d:bf:e7:b6"",""s"":""DLive5G_E7B7"",""r"":-43,""f"":5220},{""b"":""ca:dd:6a:05:5c:1b"",""s"":""[LG_CeilingCassette A\/C]5c1b"",""r"":-49,""f"":2462},{""b"":""1e:39:29:f9:f9:45"",""s"":""[LG_CeilingCassette A\/C]f945"",""r"":-68,""f"":2462},{""b"":""dc:8e:8d:bf:e7:48"",""s"":""DLive5G_E749"",""r"":-89,""f"":5220},{""b"":""dc:8e:8d:bf:e7:11"",""s"":""DLive5G_E712"",""r"":-90,""f"":5220}]",""
1790513383523,2026-09-27 21:49:43,car,37.5465992,127.0682581,11.359,0.4321697,65.132355,43.599998474121094,fused,0,LTE,NR_NSA,5G,true,false,true,false,false,52543750,273,2600,5,8282,450,06,-90,-13,-59,1,3,0,,,,2278,65392,0.0182,0.5231,2258,65372,0.0181,0.5230,false,7,0,7,-83,273,100,0.4321697,false,false,periodic,397,0,0,0,5000,,,,"[{""type"":""LTE"",""pci"":273,""earfcn"":100,""tac"":null,""rsrp"":-83,""rsrq"":-8,""rssi"":-65,""snr"":null,""ta"":0,""level"":4,""bands"":""1""},{""type"":""LTE"",""pci"":421,""earfcn"":2600,""tac"":null,""rsrp"":-90,""rsrq"":-15,""rssi"":-65,""snr"":null,""ta"":0,""level"":3,""bands"":""5""},{""type"":""LTE"",""pci"":421,""earfcn"":100,""tac"":null,""rsrp"":-101,""rsrq"":-20,""rssi"":-67,""snr"":null,""ta"":0,""level"":2,""bands"":""1""},{""type"":""LTE"",""pci"":273,""earfcn"":3050,""tac"":null,""rsrp"":-102,""rsrq"":-11,""rssi"":-81,""snr"":null,""ta"":0,""level"":2,""bands"":""7""},{""type"":""LTE"",""pci"":418,""earfcn"":100,""tac"":null,""rsrp"":-103,""rsrq"":-20,""rssi"":-67,""snr"":null,""ta"":0,""level"":2,""bands"":""1""},{""type"":""LTE"",""pci"":418,""earfcn"":3050,""tac"":null,""rsrp"":-108,""rsrq"":-17,""rssi"":-81,""snr"":null,""ta"":0,""level"":1,""bands"":""7""},{""type"":""LTE"",""pci"":272,""earfcn"":3050,""tac"":null,""rsrp"":-112,""rsrq"":-20,""rssi"":-81,""snr"":null,""ta"":0,""level"":1,""bands"":""7""}]",1005.11017,9,0.524,0.524,7,4,,,,"[{""b"":""dc:8e:8d:bf:e7:b6"",""s"":""DLive5G_E7B7"",""r"":-43,""f"":5220},{""b"":""ca:dd:6a:05:5c:1b"",""s"":""[LG_CeilingCassette A\/C]5c1b"",""r"":-51,""f"":2462},{""b"":""1e:39:29:f9:f9:45"",""s"":""[LG_CeilingCassette A\/C]f945"",""r"":-66,""f"":2462},{""b"":""1e:39:29:f9:f9:7d"",""s"":""[LG_CeilingCassette A\/C]f97d"",""r"":-78,""f"":2462},{""b"":""b0:38:6c:08:f1:00"",""s"":""🍟_5G"",""r"":-91,""f"":5745},{""b"":""dc:8e:8d:bf:e7:11"",""s"":""DLive5G_E712"",""r"":-92,""f"":5220},{""b"":""dc:8e:8d:bf:e7:48"",""s"":""DLive5G_E749"",""r"":-92,""f"":5220}]",""
1790513388533,2026-09-27 21:49:48,car,37.5465985,127.068257,11.62,0.4657173,82.640755,43.5,fused,1,LTE,NR_NSA,5G,true,false,true,false,false,52543750,273,2600,5,8282,450,06,-90,-13,-57,1,3,0,,,,2265,63658,0.0181,0.5093,2245,63638,0.0180,0.5091,false,7,0,7,-83,273,100,0.4657173,false,false,periodic,402,0,0,0,5000,,,,"[{""type"":""LTE"",""pci"":273,""earfcn"":100,""tac"":null,""rsrp"":-83,""rsrq"":-9,""rssi"":-63,""snr"":null,""ta"":0,""level"":4,""bands"":""1""},{""type"":""LTE"",""pci"":421,""earfcn"":2600,""tac"":null,""rsrp"":-90,""rsrq"":-14,""rssi"":-65,""snr"":null,""ta"":0,""level"":3,""bands"":""5""},{""type"":""LTE"",""pci"":272,""earfcn"":2600,""tac"":null,""rsrp"":-95,""rsrq"":-19,""rssi"":-65,""snr"":null,""ta"":0,""level"":3,""bands"":""5""},{""type"":""LTE"",""pci"":273,""earfcn"":3050,""tac"":null,""rsrp"":-101,""rsrq"":-9,""rssi"":-81,""snr"":null,""ta"":0,""level"":2,""bands"":""7""},{""type"":""LTE"",""pci"":418,""earfcn"":100,""tac"":null,""rsrp"":-104,""rsrq"":-20,""rssi"":-67,""snr"":null,""ta"":0,""level"":2,""bands"":""1""},{""type"":""LTE"",""pci"":272,""earfcn"":3050,""tac"":null,""rsrp"":-109,""rsrq"":-18,""rssi"":-81,""snr"":null,""ta"":0,""level"":1,""bands"":""7""},{""type"":""LTE"",""pci"":418,""earfcn"":3050,""tac"":null,""rsrp"":-109,""rsrq"":-17,""rssi"":-81,""snr"":null,""ta"":0,""level"":1,""bands"":""7""}]",1005.11523,12,0.524,0.459,8,3,,,,"[{""b"":""dc:8e:8d:bf:e7:bc"",""s"":""DLive_E7B7"",""r"":-36,""f"":2412},{""b"":""dc:8e:8d:bf:e7:b6"",""s"":""DLive5G_E7B7"",""r"":-44,""f"":5220},{""b"":""ca:dd:6a:05:5c:1b"",""s"":""[LG_CeilingCassette A\/C]5c1b"",""r"":-53,""f"":2462},{""b"":""1e:39:29:f9:f9:45"",""s"":""[LG_CeilingCassette A\/C]f945"",""r"":-66,""f"":2462},{""b"":""dc:8e:8d:bf:e7:17"",""s"":""DLive_E712"",""r"":-76,""f"":2462},{""b"":""b0:38:6c:08:f1:02"",""s"":""🍟"",""r"":-81,""f"":2412},{""b"":""b0:38:6c:2d:13:02"",""s"":""205호"",""r"":-83,""f"":2417},{""b"":""dc:8e:8d:bf:e7:48"",""s"":""DLive5G_E749"",""r"":-93,""f"":5220}]",""
1790513393542,2026-09-27 21:49:53,car,37.5465985,127.0682564,10.796,0.4475444,89.29857,43.5,fused,0,LTE,NR_NSA,5G,true,false,true,false,false,52543750,273,2600,5,8282,450,06,-90,-13,-61,1,3,0,,,,402694,74041,3.2216,0.5923,402654,74001,3.2212,0.5920,false,7,0,7,-82,273,100,0.4475444,false,false,periodic,407,0,0,0,5001,,,,"[{""type"":""LTE"",""pci"":273,""earfcn"":100,""tac"":null,""rsrp"":-82,""rsrq"":-9,""rssi"":-63,""snr"":null,""ta"":0,""level"":4,""bands"":""1""},{""type"":""LTE"",""pci"":421,""earfcn"":2600,""tac"":null,""rsrp"":-90,""rsrq"":-14,""rssi"":-65,""snr"":null,""ta"":0,""level"":3,""bands"":""5""},{""type"":""LTE"",""pci"":418,""earfcn"":2600,""tac"":null,""rsrp"":-96,""rsrq"":-20,""rssi"":-65,""snr"":null,""ta"":0,""level"":2,""bands"":""5""},{""type"":""LTE"",""pci"":273,""earfcn"":3050,""tac"":null,""rsrp"":-103,""rsrq"":-12,""rssi"":-81,""snr"":null,""ta"":0,""level"":2,""bands"":""7""},{""type"":""LTE"",""pci"":418,""earfcn"":100,""tac"":null,""rsrp"":-105,""rsrq"":-20,""rssi"":-67,""snr"":null,""ta"":0,""level"":2,""bands"":""1""},{""type"":""LTE"",""pci"":418,""earfcn"":3050,""tac"":null,""rsrp"":-109,""rsrq"":-19,""rssi"":-81,""snr"":null,""ta"":0,""level"":1,""bands"":""7""},{""type"":""LTE"",""pci"":272,""earfcn"":3050,""tac"":null,""rsrp"":-111,""rsrq"":-19,""rssi"":-81,""snr"":null,""ta"":0,""level"":1,""bands"":""7""}]",1005.1146,14,0.459,0.459,9,5,,,,"[{""b"":""dc:8e:8d:bf:e7:b6"",""s"":""DLive5G_E7B7"",""r"":-43,""f"":5220},{""b"":""dc:8e:8d:bf:e7:bc"",""s"":""DLive_E7B7"",""r"":-67,""f"":2412},{""b"":""dc:8e:8d:bf:e6:93"",""s"":""DLive_E68E"",""r"":-68,""f"":2462},{""b"":""dc:8e:8d:bf:e7:4e"",""s"":""DLive_E749"",""r"":-73,""f"":2412},{""b"":""1e:39:29:f9:f9:7d"",""s"":""[LG_CeilingCassette A\/C]f97d"",""r"":-78,""f"":2462},{""b"":""88:3c:1c:47:e8:bc"",""s"":""KT_GiGA_2G_E8B8"",""r"":-78,""f"":2422},{""b"":""dc:8e:8d:bf:e7:48"",""s"":""DLive5G_E749"",""r"":-90,""f"":5220},{""b"":""b0:38:6c:08:f1:00"",""s"":""🍟_5G"",""r"":-91,""f"":5745},{""b"":""dc:8e:8d:bf:e7:11"",""s"":""DLive5G_E712"",""r"":-92,""f"":5220}]",""
1790513398553,2026-09-27 21:49:58,car,37.546597,127.0682601,13.06,0.57362574,90.001816,43.5,fused,1,LTE,NR_NSA,5G,true,false,true,false,false,52543750,273,2600,5,8282,450,06,-90,-14,-57,-2,3,0,,,,2838,65698,0.0227,0.5256,2818,65678,0.0225,0.5254,false,7,0,7,-83,273,100,0.57362574,false,false,periodic,412,0,0,-3,5000,,,,"[{""type"":""LTE"",""pci"":273,""earfcn"":100,""tac"":null,""rsrp"":-83,""rsrq"":-8,""rssi"":-63,""snr"":null,""ta"":0,""level"":4,""bands"":""1""},{""type"":""LTE"",""pci"":421,""earfcn"":2600,""tac"":null,""rsrp"":-91,""rsrq"":-15,""rssi"":-65,""snr"":null,""ta"":0,""level"":3,""bands"":""5""},{""type"":""LTE"",""pci"":272,""earfcn"":2600,""tac"":null,""rsrp"":-94,""rsrq"":-18,""rssi"":-65,""snr"":null,""ta"":0,""level"":3,""bands"":""5""},{""type"":""LTE"",""pci"":418,""earfcn"":2600,""tac"":null,""rsrp"":-98,""rsrq"":-20,""rssi"":-65,""snr"":null,""ta"":0,""level"":2,""bands"":""5""},{""type"":""LTE"",""pci"":273,""earfcn"":3050,""tac"":null,""rsrp"":-102,""rsrq"":-10,""rssi"":-81,""snr"":null,""ta"":0,""level"":2,""bands"":""7""},{""type"":""LTE"",""pci"":272,""earfcn"":3050,""tac"":null,""rsrp"":-108,""rsrq"":-17,""rssi"":-81,""snr"":null,""ta"":0,""level"":1,""bands"":""7""},{""type"":""LTE"",""pci"":418,""earfcn"":3050,""tac"":null,""rsrp"":-109,""rsrq"":-18,""rssi"":-81,""snr"":null,""ta"":0,""level"":1,""bands"":""7""}]",1005.1178,9,0.524,0.459,7,2,,,,"[{""b"":""dc:8e:8d:bf:e7:bc"",""s"":""DLive_E7B7"",""r"":-35,""f"":2412},{""b"":""dc:8e:8d:bf:e7:b6"",""s"":""DLive5G_E7B7"",""r"":-42,""f"":5220},{""b"":""dc:8e:8d:bf:e7:17"",""s"":""DLive_E712"",""r"":-69,""f"":2462},{""b"":""dc:8e:8d:bf:e6:93"",""s"":""DLive_E68E"",""r"":-69,""f"":2462},{""b"":""dc:8e:8d:bf:e7:4e"",""s"":""DLive_E749"",""r"":-77,""f"":2412},{""b"":""dc:8e:8d:bf:e7:11"",""s"":""DLive5G_E712"",""r"":-91,""f"":5220},{""b"":""dc:8e:8d:bf:e7:48"",""s"":""DLive5G_E749"",""r"":-91,""f"":5220}]",""
1790513403564,2026-09-27 21:50:03,car,37.5466007,127.0682593,13.451,0.52138644,89.9948,43.5,fused,0,LTE,NR_NSA,5G,true,false,true,false,false,52543750,273,2600,5,8282,450,06,-89,-12,-61,-2,3,0,,,,596536,68422,4.7723,0.5474,596516,68402,4.7721,0.5472,false,5,0,5,-82,273,100,0.52138644,false,false,periodic,417,0,1,0,2978,,,,"[{""type"":""LTE"",""pci"":273,""earfcn"":100,""tac"":null,""rsrp"":-82,""rsrq"":-6,""rssi"":-67,""snr"":null,""ta"":0,""level"":4,""bands"":""1""},{""type"":""LTE"",""pci"":421,""earfcn"":2600,""tac"":null,""rsrp"":-89,""rsrq"":-14,""rssi"":-63,""snr"":null,""ta"":0,""level"":3,""bands"":""5""},{""type"":""LTE"",""pci"":273,""earfcn"":3050,""tac"":null,""rsrp"":-99,""rsrq"":-8,""rssi"":-71,""snr"":null,""ta"":0,""level"":2,""bands"":""7""},{""type"":""LTE"",""pci"":418,""earfcn"":3050,""tac"":null,""rsrp"":-111,""rsrq"":-17,""rssi"":-81,""snr"":null,""ta"":0,""level"":1,""bands"":""7""},{""type"":""LTE"",""pci"":272,""earfcn"":3050,""tac"":null,""rsrp"":-113,""rsrq"":-20,""rssi"":-81,""snr"":null,""ta"":0,""level"":1,""bands"":""7""}]",1005.1214,9,0.459,0.524,6,2,,,,"[{""b"":""dc:8e:8d:bf:e7:bc"",""s"":""DLive_E7B7"",""r"":-38,""f"":2412},{""b"":""dc:8e:8d:bf:e7:b6"",""s"":""DLive5G_E7B7"",""r"":-43,""f"":5220},{""b"":""88:36:6c:6a:84:c2"",""s"":""hong"",""r"":-75,""f"":2427},{""b"":""50:46:ae:36:27:2a"",""s"":""U+Net1D88"",""r"":-83,""f"":2462},{""b"":""dc:8e:8d:bf:e7:11"",""s"":""DLive5G_E712"",""r"":-91,""f"":5220},{""b"":""dc:8e:8d:bf:e7:48"",""s"":""DLive5G_E749"",""r"":-93,""f"":5220}]",""
1790513408578,2026-09-27 21:50:08,car,37.5465976,127.0682583,13.05,0.43377694,90.00428,43.5,fused,1,LTE,NR_NSA,5G,true,false,true,false,false,52543750,273,2600,5,8282,450,06,-90,-11,-61,-2,3,0,,,,2544,66022,0.0204,0.5282,2524,66002,0.0202,0.5280,false,5,0,5,-82,273,100,0.43377694,false,false,periodic,422,0,-1,0,2314,,,,"[{""type"":""LTE"",""pci"":273,""earfcn"":100,""tac"":null,""rsrp"":-82,""rsrq"":-7,""rssi"":-65,""snr"":null,""ta"":0,""level"":4,""bands"":""1""},{""type"":""LTE"",""pci"":421,""earfcn"":2600,""tac"":null,""rsrp"":-91,""rsrq"":-15,""rssi"":-65,""snr"":null,""ta"":0,""level"":3,""bands"":""5""},{""type"":""LTE"",""pci"":418,""earfcn"":2600,""tac"":null,""rsrp"":-96,""rsrq"":-20,""rssi"":-65,""snr"":null,""ta"":0,""level"":2,""bands"":""5""},{""type"":""LTE"",""pci"":273,""earfcn"":3050,""tac"":null,""rsrp"":-101,""rsrq"":-10,""rssi"":-81,""snr"":null,""ta"":0,""level"":2,""bands"":""7""},{""type"":""LTE"",""pci"":418,""earfcn"":3050,""tac"":null,""rsrp"":-108,""rsrq"":-18,""rssi"":-81,""snr"":null,""ta"":0,""level"":1,""bands"":""7""}]",1005.12225,10,0.524,0.459,6,7,,,,"[{""b"":""dc:8e:8d:bf:e7:bc"",""s"":""DLive_E7B7"",""r"":-38,""f"":2412},{""b"":""dc:8e:8d:bf:e7:b6"",""s"":""DLive5G_E7B7"",""r"":-43,""f"":5220},{""b"":""88:36:6c:6a:84:c2"",""s"":""hong"",""r"":-75,""f"":2427},{""b"":""50:46:ae:36:27:2a"",""s"":""U+Net1D88"",""r"":-83,""f"":2462},{""b"":""dc:8e:8d:bf:e7:11"",""s"":""DLive5G_E712"",""r"":-91,""f"":5220},{""b"":""dc:8e:8d:bf:e7:48"",""s"":""DLive5G_E749"",""r"":-93,""f"":5220}]",""
1790513413590,2026-09-27 21:50:13,car,37.5465985,127.0682564,11.785,0.46906215,89.99917,43.5,fused,0,LTE,NR_NSA,5G,true,false,true,false,false,52543750,273,2600,5,8282,450,06,-90,-13,-59,-2,3,0,,,,3436,65160,0.0275,0.5213,3416,65140,0.0273,0.5211,false,4,0,4,-82,273,100,0.46906215,false,false,periodic,427,0,0,0,2025,,,,"[{""type"":""LTE"",""pci"":273,""earfcn"":100,""tac"":null,""rsrp"":-82,""rsrq"":-12,""rssi"":-59,""snr"":null,""ta"":0,""level"":4,""bands"":""1""},{""type"":""LTE"",""pci"":421,""earfcn"":2600,""tac"":null,""rsrp"":-90,""rsrq"":-15,""rssi"":-67,""snr"":null,""ta"":0,""level"":3,""bands"":""5""},{""type"":""LTE"",""pci"":273,""earfcn"":3050,""tac"":null,""rsrp"":-101,""rsrq"":-11,""rssi"":-81,""snr"":null,""ta"":0,""level"":2,""bands"":""7""},{""type"":""LTE"",""pci"":272,""earfcn"":3050,""tac"":null,""rsrp"":-110,""rsrq"":-19,""rssi"":-81,""snr"":null,""ta"":0,""level"":1,""bands"":""7""}]",1005.13776,11,0.459,0.459,5,7,,,,"[{""b"":""dc:8e:8d:bf:e7:bc"",""s"":""DLive_E7B7"",""r"":-35,""f"":2412},{""b"":""dc:8e:8d:bf:e7:b6"",""s"":""DLive5G_E7B7"",""r"":-43,""f"":5220},{""b"":""dc:8e:8d:bf:e7:11"",""s"":""DLive5G_E712"",""r"":-91,""f"":5220},{""b"":""b0:38:6c:08:f1:00"",""s"":""🍟_5G"",""r"":-91,""f"":5745},{""b"":""dc:8e:8d:bf:e7:48"",""s"":""DLive5G_E749"",""r"":-92,""f"":5220}]",""
1790513418603,2026-09-27 21:50:18,car,37.5465978,127.068256,12.655,0.48048258,90.000534,43.5,fused,1,LTE,NR_NSA,5G,true,false,true,false,false,52543750,273,2600,5,8282,450,06,-90,-14,-57,-2,3,0,,,,20555,67611,0.1644,0.5409,20515,67571,0.1641,0.5406,false,7,0,7,-81,273,100,0.48048258,false,false,periodic,432,0,0,0,1340,,,,"[{""type"":""LTE"",""pci"":273,""earfcn"":100,""tac"":null,""rsrp"":-81,""rsrq"":-7,""rssi"":-65,""snr"":null,""ta"":0,""level"":4,""bands"":""1""},{""type"":""LTE"",""pci"":421,""earfcn"":2600,""tac"":null,""rsrp"":-92,""rsrq"":-15,""rssi"":-65,""snr"":null,""ta"":0,""level"":3,""bands"":""5""},{""type"":""LTE"",""pci"":418,""earfcn"":2600,""tac"":null,""rsrp"":-95,""rsrq"":-20,""rssi"":-65,""snr"":null,""ta"":0,""level"":3,""bands"":""5""},{""type"":""LTE"",""pci"":272,""earfcn"":2600,""tac"":null,""rsrp"":-95,""rsrq"":-19,""rssi"":-67,""snr"":null,""ta"":0,""level"":3,""bands"":""5""},{""type"":""LTE"",""pci"":273,""earfcn"":3050,""tac"":null,""rsrp"":-101,""rsrq"":-11,""rssi"":-79,""snr"":null,""ta"":0,""level"":2,""bands"":""7""},{""type"":""LTE"",""pci"":421,""earfcn"":100,""tac"":null,""rsrp"":-102,""rsrq"":-19,""rssi"":-65,""snr"":null,""ta"":0,""level"":2,""bands"":""1""},{""type"":""LTE"",""pci"":272,""earfcn"":3050,""tac"":null,""rsrp"":-108,""rsrq"":-19,""rssi"":-79,""snr"":null,""ta"":0,""level"":1,""bands"":""7""}]",1005.12695,9,0.459,0.524,5,6,,,,"[{""b"":""dc:8e:8d:bf:e7:bc"",""s"":""DLive_E7B7"",""r"":-35,""f"":2412},{""b"":""dc:8e:8d:bf:e7:b6"",""s"":""DLive5G_E7B7"",""r"":-44,""f"":5220},{""b"":""ca:dd:6a:05:5c:1b"",""s"":""[LG_CeilingCassette A\/C]5c1b"",""r"":-52,""f"":2462},{""b"":""1e:39:29:f9:f9:7d"",""s"":""[LG_CeilingCassette A\/C]f97d"",""r"":-79,""f"":2462},{""b"":""dc:8e:8d:bf:e7:48"",""s"":""DLive5G_E749"",""r"":-89,""f"":5220}]",""
1790513423612,2026-09-27 21:50:23,car,37.5465925,127.0682528,12.654,0.47493863,90.0663,43.5,fused,0,LTE,NR_NSA,5G,true,false,true,false,false,52543750,273,2600,5,8282,450,06,-88,-12,-59,-2,3,0,,,,4811,65689,0.0385,0.5255,4791,65669,0.0383,0.5254,false,8,0,8,-82,273,100,0.47493863,false,false,periodic,437,0,2,0,907,,,,"[{""type"":""LTE"",""pci"":273,""earfcn"":100,""tac"":null,""rsrp"":-82,""rsrq"":-9,""rssi"":-63,""snr"":null,""ta"":0,""level"":4,""bands"":""1""},{""type"":""LTE"",""pci"":421,""earfcn"":2600,""tac"":null,""rsrp"":-89,""rsrq"":-15,""rssi"":-63,""snr"":null,""ta"":0,""level"":3,""bands"":""5""},{""type"":""LTE"",""pci"":272,""earfcn"":2600,""tac"":null,""rsrp"":-97,""rsrq"":-20,""rssi"":-67,""snr"":null,""ta"":0,""level"":2,""bands"":""5""},{""type"":""LTE"",""pci"":418,""earfcn"":2600,""tac"":null,""rsrp"":-99,""rsrq"":-20,""rssi"":-67,""snr"":null,""ta"":0,""level"":2,""bands"":""5""},{""type"":""LTE"",""pci"":273,""earfcn"":3050,""tac"":null,""rsrp"":-100,""rsrq"":-9,""rssi"":-81,""snr"":null,""ta"":0,""level"":2,""bands"":""7""},{""type"":""LTE"",""pci"":421,""earfcn"":100,""tac"":null,""rsrp"":-102,""rsrq"":-20,""rssi"":-65,""snr"":null,""ta"":0,""level"":2,""bands"":""1""},{""type"":""LTE"",""pci"":272,""earfcn"":3050,""tac"":null,""rsrp"":-108,""rsrq"":-18,""rssi"":-81,""snr"":null,""ta"":0,""level"":1,""bands"":""7""},{""type"":""LTE"",""pci"":418,""earfcn"":3050,""tac"":null,""rsrp"":-110,""rsrq"":-19,""rssi"":-81,""snr"":null,""ta"":0,""level"":1,""bands"":""7""}]",1005.12225,9,0.524,0.459,7,5,,,,"[{""b"":""dc:8e:8d:bf:e7:bc"",""s"":""DLive_E7B7"",""r"":-34,""f"":2412},{""b"":""dc:8e:8d:bf:e7:b6"",""s"":""DLive5G_E7B7"",""r"":-46,""f"":5220},{""b"":""ca:dd:6a:05:5c:1b"",""s"":""[LG_CeilingCassette A\/C]5c1b"",""r"":-53,""f"":2462},{""b"":""dc:8e:8d:bf:e6:93"",""s"":""DLive_E68E"",""r"":-61,""f"":2462},{""b"":""1e:39:29:f9:f9:45"",""s"":""[LG_CeilingCassette A\/C]f945"",""r"":-66,""f"":2462},{""b"":""1e:39:29:f9:f9:7d"",""s"":""[LG_CeilingCassette A\/C]f97d"",""r"":-78,""f"":2462},{""b"":""dc:8e:8d:bf:e7:48"",""s"":""DLive5G_E749"",""r"":-93,""f"":5220}]",""
1790513428625,2026-09-27 21:50:28,car,37.5465994,127.0682519,14.333,0.5040147,88.99907,43.5,fused,1,LTE,NR_NSA,5G,true,false,true,false,false,52543750,273,2600,5,8282,450,06,-90,-13,-59,0,3,0,,,,1321286,71601,10.5703,0.5728,1321266,71581,10.5701,0.5726,false,6,0,6,-82,273,100,0.5040147,false,false,periodic,442,0,-2,2,222,,,,"[{""type"":""LTE"",""pci"":273,""earfcn"":100,""tac"":null,""rsrp"":-82,""rsrq"":-7,""rssi"":-55,""snr"":null,""ta"":0,""level"":4,""bands"":""1""},{""type"":""LTE"",""pci"":421,""earfcn"":2600,""tac"":null,""rsrp"":-91,""rsrq"":-15,""rssi"":-65,""snr"":null,""ta"":0,""level"":3,""bands"":""5""},{""type"":""LTE"",""pci"":421,""earfcn"":100,""tac"":null,""rsrp"":-93,""rsrq"":-18,""rssi"":-63,""snr"":null,""ta"":0,""level"":3,""bands"":""1""},{""type"":""LTE"",""pci"":273,""earfcn"":3050,""tac"":null,""rsrp"":-98,""rsrq"":-8,""rssi"":-71,""snr"":null,""ta"":0,""level"":2,""bands"":""7""},{""type"":""LTE"",""pci"":418,""earfcn"":3050,""tac"":null,""rsrp"":-105,""rsrq"":-17,""rssi"":-79,""snr"":null,""ta"":0,""level"":2,""bands"":""7""},{""type"":""LTE"",""pci"":272,""earfcn"":3050,""tac"":null,""rsrp"":-110,""rsrq"":-19,""rssi"":-81,""snr"":null,""ta"":0,""level"":1,""bands"":""7""}]",1005.1333,12,0.459,0.459,5,5,,,,"[{""b"":""dc:8e:8d:bf:e7:bc"",""s"":""DLive_E7B7"",""r"":-34,""f"":2412},{""b"":""dc:8e:8d:bf:e7:b6"",""s"":""DLive5G_E7B7"",""r"":-45,""f"":5220},{""b"":""36:e6:e6:e8:d8:bf"",""s"":"""",""r"":-67,""f"":2412},{""b"":""1e:39:29:f9:f9:45"",""s"":""[LG_CeilingCassette A\/C]f945"",""r"":-67,""f"":2462},{""b"":""dc:8e:8d:bf:e7:48"",""s"":""DLive5G_E749"",""r"":-90,""f"":5220}]",""
1790513433636,2026-09-27 21:50:33,car,37.5465985,127.068256,13.486,0.42020714,90.13268,43.5,fused,1,LTE,NR_NSA,5G,true,false,true,false,false,52543750,273,2600,5,8282,450,06,-90,-13,-59,0,3,0,,,,451873,74383,3.6150,0.5951,451833,74343,3.6147,0.5947,false,6,0,6,-82,273,100,0.42020714,false,false,periodic,447,0,0,0,5232,,,,"[{""type"":""LTE"",""pci"":273,""earfcn"":100,""tac"":null,""rsrp"":-82,""rsrq"":-7,""rssi"":-55,""snr"":null,""ta"":0,""level"":4,""bands"":""1""},{""type"":""LTE"",""pci"":421,""earfcn"":2600,""tac"":null,""rsrp"":-91,""rsrq"":-15,""rssi"":-65,""snr"":null,""ta"":0,""level"":3,""bands"":""5""},{""type"":""LTE"",""pci"":421,""earfcn"":100,""tac"":null,""rsrp"":-93,""rsrq"":-18,""rssi"":-63,""snr"":null,""ta"":0,""level"":3,""bands"":""1""},{""type"":""LTE"",""pci"":273,""earfcn"":3050,""tac"":null,""rsrp"":-98,""rsrq"":-8,""rssi"":-71,""snr"":null,""ta"":0,""level"":2,""bands"":""7""},{""type"":""LTE"",""pci"":418,""earfcn"":3050,""tac"":null,""rsrp"":-105,""rsrq"":-17,""rssi"":-79,""snr"":null,""ta"":0,""level"":2,""bands"":""7""},{""type"":""LTE"",""pci"":272,""earfcn"":3050,""tac"":null,""rsrp"":-110,""rsrq"":-19,""rssi"":-81,""snr"":null,""ta"":0,""level"":1,""bands"":""7""}]",1005.12244,11,0.524,0.524,9,4,,,,"[{""b"":""dc:8e:8d:bf:e7:bc"",""s"":""DLive_E7B7"",""r"":-34,""f"":2412},{""b"":""dc:8e:8d:bf:e7:b6"",""s"":""DLive5G_E7B7"",""r"":-43,""f"":5220},{""b"":""ca:dd:6a:05:5c:1b"",""s"":""[LG_CeilingCassette A\/C]5c1b"",""r"":-54,""f"":2462},{""b"":""dc:8e:8d:bf:e7:17"",""s"":""DLive_E712"",""r"":-66,""f"":2462},{""b"":""dc:8e:8d:bf:e6:93"",""s"":""DLive_E68E"",""r"":-67,""f"":2462},{""b"":""1e:39:29:f9:f9:7d"",""s"":""[LG_CeilingCassette A\/C]f97d"",""r"":-78,""f"":2462},{""b"":""dc:8e:8d:bf:e7:11"",""s"":""DLive5G_E712"",""r"":-92,""f"":5220},{""b"":""dc:8e:8d:bf:e7:48"",""s"":""DLive5G_E749"",""r"":-92,""f"":5220},{""b"":""b0:38:6c:08:f1:00"",""s"":""🍟_5G"",""r"":-93,""f"":5745}]",""
1790513438646,2026-09-27 21:50:38,car,37.5465964,127.0682539,14.052,0.44738436,90.24362,43.5,fused,1,LTE,NR_NSA,5G,true,false,true,false,false,52545035,421,2600,5,8282,450,06,-90,-13,-63,2,3,0,,,,18973,70658,0.1518,0.5653,18933,70618,0.1515,0.5649,false,2,0,2,-94,273,2600,0.44738436,true,false,periodic,0,1,,,4408,52543750,-90,-13,"[{""type"":""LTE"",""pci"":273,""earfcn"":2600,""tac"":null,""rsrp"":-94,""rsrq"":-11,""rssi"":-67,""snr"":null,""ta"":0,""level"":3,""bands"":""5""},{""type"":""LTE"",""pci"":418,""earfcn"":2600,""tac"":null,""rsrp"":-99,""rsrq"":-19,""rssi"":-67,""snr"":null,""ta"":0,""level"":2,""bands"":""5""}]",1005.0679,10,0.459,0.459,8,3,,,,"[{""b"":""dc:8e:8d:bf:e7:bc"",""s"":""DLive_E7B7"",""r"":-33,""f"":2412},{""b"":""dc:8e:8d:bf:e7:b6"",""s"":""DLive5G_E7B7"",""r"":-45,""f"":5220},{""b"":""ca:dd:6a:05:5c:1b"",""s"":""[LG_CeilingCassette A\/C]5c1b"",""r"":-62,""f"":2462},{""b"":""dc:8e:8d:bf:e7:4e"",""s"":""DLive_E749"",""r"":-71,""f"":2412},{""b"":""70:5d:cc:a3:26:70"",""s"":""iptime_602"",""r"":-83,""f"":2432},{""b"":""1e:39:29:f9:f9:45"",""s"":""[LG_CeilingCassette A\/C]f945"",""r"":-83,""f"":2462},{""b"":""70:5d:cc:e0:14:2e"",""s"":""402"",""r"":-85,""f"":2452},{""b"":""dc:8e:8d:bf:e7:11"",""s"":""DLive5G_E712"",""r"":-94,""f"":5220}]","[{""type"":""LTE"",""pci"":273,""earfcn"":100,""tac"":null,""rsrp"":-82,""rsrq"":-7,""rssi"":-55,""snr"":null,""ta"":0,""level"":4,""bands"":""1""},{""type"":""LTE"",""pci"":421,""earfcn"":2600,""tac"":null,""rsrp"":-91,""rsrq"":-15,""rssi"":-65,""snr"":null,""ta"":0,""level"":3,""bands"":""5""},{""type"":""LTE"",""pci"":421,""earfcn"":100,""tac"":null,""rsrp"":-93,""rsrq"":-18,""rssi"":-63,""snr"":null,""ta"":0,""level"":3,""bands"":""1""},{""type"":""LTE"",""pci"":273,""earfcn"":3050,""tac"":null,""rsrp"":-98,""rsrq"":-8,""rssi"":-71,""snr"":null,""ta"":0,""level"":2,""bands"":""7""},{""type"":""LTE"",""pci"":418,""earfcn"":3050,""tac"":null,""rsrp"":-105,""rsrq"":-17,""rssi"":-79,""snr"":null,""ta"":0,""level"":2,""bands"":""7""},{""type"":""LTE"",""pci"":272,""earfcn"":3050,""tac"":null,""rsrp"":-110,""rsrq"":-19,""rssi"":-81,""snr"":null,""ta"":0,""level"":1,""bands"":""7""}]"
1790513443658,2026-09-27 21:50:43,car,37.5465941,127.0682437,13.447,0.45828092,99.68766,43.5,fused,1,LTE,NR_NSA,5G,true,false,true,false,false,52545035,421,2600,5,8282,450,06,-95,-13,-65,4,3,0,,,,2348,65353,0.0188,0.5228,2328,65333,0.0186,0.5227,false,1,0,1,-95,273,2600,0.45828092,false,false,periodic,5,1,-5,2,5001,,,,"[{""type"":""LTE"",""pci"":273,""earfcn"":2600,""tac"":null,""rsrp"":-95,""rsrq"":-13,""rssi"":-73,""snr"":null,""ta"":0,""level"":3,""bands"":""5""}]",1005.1346,10,0.459,0.459,11,3,,,,"[{""b"":""dc:8e:8d:bf:e7:bc"",""s"":""DLive_E7B7"",""r"":-30,""f"":2412},{""b"":""dc:8e:8d:bf:e7:b6"",""s"":""DLive5G_E7B7"",""r"":-42,""f"":5220},{""b"":""ca:dd:6a:05:5c:1b"",""s"":""[LG_CeilingCassette A\/C]5c1b"",""r"":-54,""f"":2462},{""b"":""dc:8e:8d:bf:e6:93"",""s"":""DLive_E68E"",""r"":-66,""f"":2462},{""b"":""1e:39:29:f9:f9:45"",""s"":""[LG_CeilingCassette A\/C]f945"",""r"":-72,""f"":2462},{""b"":""70:5d:cc:e0:2c:b8"",""s"":""203"",""r"":-85,""f"":2452},{""b"":""28:4e:e9:4b:68:9a"",""s"":""U+Net689B"",""r"":-85,""f"":2412},{""b"":""70:5d:cc:df:3f:80"",""s"":""502"",""r"":-85,""f"":2422},{""b"":""dc:8e:8d:bf:e7:11"",""s"":""DLive5G_E712"",""r"":-92,""f"":5220},{""b"":""b0:38:6c:08:f1:00"",""s"":""🍟_5G"",""r"":-92,""f"":5745},{""b"":""dc:8e:8d:bf:e7:48"",""s"":""DLive5G_E749"",""r"":-93,""f"":5220}]",""
1790513448671,2026-09-27 21:50:48,car,37.5465884,127.0682332,12.51,0.4431825,107.78017,43.5,fused,0,LTE,NR_NSA,5G,true,false,true,false,false,52545035,421,2600,5,8282,450,06,-95,-13,-63,3,3,0,,,,2383986,79528,19.0719,0.6362,2388088,79508,19.1047,0.6361,false,1,0,1,-96,273,2600,0.4431825,false,false,periodic,10,1,0,-1,5001,,,,"[{""type"":""LTE"",""pci"":273,""earfcn"":2600,""tac"":null,""rsrp"":-96,""rsrq"":-13,""rssi"":-71,""snr"":null,""ta"":0,""level"":2,""bands"":""5""}]",1005.1458,16,0.524,0.524,6,2,,,,"[{""b"":""dc:8e:8d:bf:e7:bc"",""s"":""DLive_E7B7"",""r"":-30,""f"":2412},{""b"":""dc:8e:8d:bf:e7:b6"",""s"":""DLive5G_E7B7"",""r"":-43,""f"":5220},{""b"":""dc:8e:8d:bf:e6:93"",""s"":""DLive_E68E"",""r"":-65,""f"":2462},{""b"":""36:e6:e6:e8:d8:bf"",""s"":"""",""r"":-67,""f"":2412},{""b"":""dc:8e:8d:bf:e7:48"",""s"":""DLive5G_E749"",""r"":-92,""f"":5220},{""b"":""dc:8e:8d:bf:e7:11"",""s"":""DLive5G_E712"",""r"":-92,""f"":5220}]",""
1790513453680,2026-09-27 21:50:53,car,37.5465909,127.0682419,12.322,0.47220147,90.00102,43.5,fused,0,LTE,NR_NSA,5G,true,false,true,false,false,52545035,421,2600,5,8282,450,06,-94,-13,-63,4,3,0,,,,403441,66970,3.2275,0.5358,399295,66950,3.1944,0.5356,false,1,0,1,-97,273,2600,0.47220147,false,false,periodic,15,1,1,1,2496,,,,"[{""type"":""LTE"",""pci"":273,""earfcn"":2600,""tac"":null,""rsrp"":-97,""rsrq"":-12,""rssi"":-71,""snr"":null,""ta"":0,""level"":2,""bands"":""5""}]",1005.14777,12,0.459,0.524,8,5,,,,"[{""b"":""dc:8e:8d:bf:e7:bc"",""s"":""DLive_E7B7"",""r"":-31,""f"":2412},{""b"":""dc:8e:8d:bf:e7:b6"",""s"":""DLive5G_E7B7"",""r"":-43,""f"":5220},{""b"":""dc:8e:8d:bf:e6:93"",""s"":""DLive_E68E"",""r"":-67,""f"":2462},{""b"":""dc:8e:8d:bf:e7:4e"",""s"":""DLive_E749"",""r"":-69,""f"":2412},{""b"":""1e:39:29:f9:f9:45"",""s"":""[LG_CeilingCassette A\/C]f945"",""r"":-71,""f"":2462},{""b"":""36:e6:e6:e8:d8:bf"",""s"":"""",""r"":-71,""f"":2412},{""b"":""da:e3:5e:f5:14:7c"",""s"":""[LG_Wall-Mount A\/C]147c"",""r"":-80,""f"":2452},{""b"":""dc:8e:8d:bf:e7:48"",""s"":""DLive5G_E749"",""r"":-92,""f"":5220}]",""
1790513458692,2026-09-27 21:50:58,car,37.5465902,127.0682424,15.475,0.4607323,90.00111,43.5,fused,0,LTE,NR_NSA,5G,true,false,true,false,false,52545035,421,2600,5,8282,450,06,-95,-13,-63,4,3,0,,,,2491,63965,0.0199,0.5117,2471,63945,0.0198,0.5116,false,1,0,1,-97,273,2600,0.4607323,false,false,periodic,20,1,-1,0,2506,,,,"[{""type"":""LTE"",""pci"":273,""earfcn"":2600,""tac"":null,""rsrp"":-97,""rsrq"":-14,""rssi"":-71,""snr"":null,""ta"":0,""level"":2,""bands"":""5""}]",1005.1577,11,0.459,0.459,7,1,,,,"[{""b"":""dc:8e:8d:bf:e7:bc"",""s"":""DLive_E7B7"",""r"":-30,""f"":2412},{""b"":""dc:8e:8d:bf:e7:b6"",""s"":""DLive5G_E7B7"",""r"":-41,""f"":5220},{""b"":""ca:dd:6a:05:5c:1b"",""s"":""[LG_CeilingCassette A\/C]5c1b"",""r"":-56,""f"":2462},{""b"":""36:e6:e6:e8:d8:bf"",""s"":"""",""r"":-65,""f"":2412},{""b"":""00:07:89:bc:8c:f4"",""s"":""KT_GiGA_2G_Wave2_8CF1"",""r"":-83,""f"":2417},{""b"":""00:07:89:82:be:31"",""s"":""KT_GiGA_2G_Wave2_BE2E"",""r"":-84,""f"":2437},{""b"":""dc:8e:8d:bf:e7:48"",""s"":""DLive5G_E749"",""r"":-92,""f"":5220}]",""
1790513463702,2026-09-27 21:51:03,car,37.5465977,127.0682531,12.25,0.4278715,89.997025,43.5,fused,0,LTE,NR_NSA,5G,true,false,true,false,false,52545035,421,2600,5,8282,450,06,-95,-14,-63,3,3,0,,,,2398,65399,0.0192,0.5232,2358,65359,0.0189,0.5229,false,2,0,2,-96,273,2600,0.4278715,false,false,periodic,25,1,0,-1,1848,,,,"[{""type"":""LTE"",""pci"":273,""earfcn"":2600,""tac"":null,""rsrp"":-96,""rsrq"":-14,""rssi"":-71,""snr"":null,""ta"":0,""level"":2,""bands"":""5""},{""type"":""LTE"",""pci"":131,""earfcn"":2600,""tac"":null,""rsrp"":-97,""rsrq"":-18,""rssi"":-69,""snr"":null,""ta"":0,""level"":2,""bands"":""5""}]",1005.1601,10,0.524,0.459,7,6,,,,"[{""b"":""dc:8e:8d:bf:e7:bc"",""s"":""DLive_E7B7"",""r"":-30,""f"":2412},{""b"":""dc:8e:8d:bf:e7:b6"",""s"":""DLive5G_E7B7"",""r"":-41,""f"":5220},{""b"":""ca:dd:6a:05:5c:1b"",""s"":""[LG_CeilingCassette A\/C]5c1b"",""r"":-56,""f"":2462},{""b"":""36:e6:e6:e8:d8:bf"",""s"":"""",""r"":-65,""f"":2412},{""b"":""00:07:89:bc:8c:f4"",""s"":""KT_GiGA_2G_Wave2_8CF1"",""r"":-83,""f"":2417},{""b"":""00:07:89:82:be:31"",""s"":""KT_GiGA_2G_Wave2_BE2E"",""r"":-84,""f"":2437},{""b"":""dc:8e:8d:bf:e7:48"",""s"":""DLive5G_E749"",""r"":-92,""f"":5220}]",""
1790513468724,2026-09-27 21:51:08,car,37.5465959,127.0682537,12.797,0.39149854,90.00193,43.5,fused,1,LTE,NR_NSA,5G,true,false,true,false,false,52545035,421,2600,5,8282,450,06,-95,-11,-65,4,3,0,,,,2372,65223,0.0190,0.5218,2352,65203,0.0188,0.5216,false,1,0,1,-96,273,2600,0.39149854,false,false,periodic,30,0,0,1,1217,,,,"[{""type"":""LTE"",""pci"":273,""earfcn"":2600,""tac"":null,""rsrp"":-96,""rsrq"":-13,""rssi"":-71,""snr"":null,""ta"":0,""level"":2,""bands"":""5""}]",1005.15436,11,0.524,0.524,6,6,,,,"[{""b"":""dc:8e:8d:bf:e7:bc"",""s"":""DLive_E7B7"",""r"":-31,""f"":2412},{""b"":""dc:8e:8d:bf:e7:b6"",""s"":""DLive5G_E7B7"",""r"":-41,""f"":5220},{""b"":""dc:8e:8d:bf:e6:93"",""s"":""DLive_E68E"",""r"":-68,""f"":2462},{""b"":""1e:39:29:f9:f9:7d"",""s"":""[LG_CeilingCassette A\/C]f97d"",""r"":-78,""f"":2462},{""b"":""08:5d:dd:9a:58:72"",""s"":""olleh_WiFi_586F"",""r"":-85,""f"":2442},{""b"":""dc:8e:8d:bf:e7:48"",""s"":""DLive5G_E749"",""r"":-92,""f"":5220}]",""
1790513473734,2026-09-27 21:51:13,car,37.5465929,127.0682493,12.092,0.35073897,90.00189,43.5,fused,0,LTE,NR_NSA,5G,true,false,true,false,false,52545035,421,2600,5,8282,450,06,-95,-13,-61,2,3,0,,,,869347,71110,6.9548,0.5689,869327,71090,6.9546,0.5687,false,1,0,1,-94,273,2600,0.35073897,false,false,periodic,35,0,0,-2,566,,,,"[{""type"":""LTE"",""pci"":273,""earfcn"":2600,""tac"":null,""rsrp"":-94,""rsrq"":-13,""rssi"":-71,""snr"":null,""ta"":0,""level"":3,""bands"":""5""}]",1005.21387,11,0.459,0.459,9,5,,,,"[{""b"":""dc:8e:8d:bf:e7:bc"",""s"":""DLive_E7B7"",""r"":-30,""f"":2412},{""b"":""dc:8e:8d:bf:e7:b6"",""s"":""DLive5G_E7B7"",""r"":-42,""f"":5220},{""b"":""ca:dd:6a:05:5c:1b"",""s"":""[LG_CeilingCassette A\/C]5c1b"",""r"":-55,""f"":2462},{""b"":""dc:8e:8d:bf:e6:93"",""s"":""DLive_E68E"",""r"":-69,""f"":2462},{""b"":""1e:39:29:f9:f9:7d"",""s"":""[LG_CeilingCassette A\/C]f97d"",""r"":-78,""f"":2462},{""b"":""70:5d:cc:e0:23:50"",""s"":""603"",""r"":-82,""f"":2417},{""b"":""70:5d:cc:e0:2c:b8"",""s"":""203"",""r"":-86,""f"":2452},{""b"":""dc:8e:8d:bf:e7:11"",""s"":""DLive5G_E712"",""r"":-91,""f"":5220},{""b"":""dc:8e:8d:bf:e7:48"",""s"":""DLive5G_E749"",""r"":-92,""f"":5220}]",""
1790513478745,2026-09-27 21:51:18,car,37.5465977,127.068249,11.827,0.28177842,89.99484,43.5,fused,1,LTE,NR_NSA,5G,true,false,true,false,false,52545035,421,2600,5,8282,450,06,-95,-13,-61,2,3,0,,,,2306,65380,0.0184,0.5230,2286,65360,0.0183,0.5229,false,1,0,1,-94,273,2600,0.28177842,false,false,periodic,40,0,0,0,5577,,,,"[{""type"":""LTE"",""pci"":273,""earfcn"":2600,""tac"":null,""rsrp"":-94,""rsrq"":-13,""rssi"":-71,""snr"":null,""ta"":0,""level"":3,""bands"":""5""}]",1005.1535,10,0.459,0.459,8,4,,,,"[{""b"":""dc:8e:8d:bf:e7:bc"",""s"":""DLive_E7B7"",""r"":-34,""f"":2412},{""b"":""dc:8e:8d:bf:e7:b6"",""s"":""DLive5G_E7B7"",""r"":-42,""f"":5220},{""b"":""1e:39:29:f9:f9:45"",""s"":""[LG_CeilingCassette A\/C]f945"",""r"":-74,""f"":2462},{""b"":""36:e6:e6:e8:d8:bf"",""s"":"""",""r"":-75,""f"":2412},{""b"":""1e:39:29:f9:f9:7d"",""s"":""[LG_CeilingCassette A\/C]f97d"",""r"":-78,""f"":2462},{""b"":""da:e3:5e:f5:14:7c"",""s"":""[LG_Wall-Mount A\/C]147c"",""r"":-83,""f"":2452},{""b"":""88:3c:1c:75:fd:9a"",""s"":""KT_GiGA_2G_FD96"",""r"":-84,""f"":2437},{""b"":""dc:8e:8d:bf:e7:48"",""s"":""DLive5G_E749"",""r"":-93,""f"":5220}]",""
1790513483757,2026-09-27 21:51:23,car,37.5465973,127.06825,10.106,0.32219708,90.00113,43.5,fused,0,LTE,NR_NSA,5G,true,false,true,false,false,52545035,421,2600,5,8282,450,06,-92,-12,-63,2,3,0,,,,2397,65373,0.0192,0.5230,2357,65333,0.0189,0.5227,false,1,0,1,-97,273,2600,0.32219708,false,false,periodic,45,0,3,0,5001,,,,"[{""type"":""LTE"",""pci"":273,""earfcn"":2600,""tac"":null,""rsrp"":-97,""rsrq"":-14,""rssi"":-73,""snr"":null,""ta"":0,""level"":2,""bands"":""5""}]",1005.1337,10,0.524,0.524,7,6,,,,"[{""b"":""dc:8e:8d:bf:e7:bc"",""s"":""DLive_E7B7"",""r"":-33,""f"":2412},{""b"":""dc:8e:8d:bf:e7:b6"",""s"":""DLive5G_E7B7"",""r"":-42,""f"":5220},{""b"":""ca:dd:6a:05:5c:1b"",""s"":""[LG_CeilingCassette A\/C]5c1b"",""r"":-55,""f"":2462},{""b"":""dc:8e:8d:bf:e6:93"",""s"":""DLive_E68E"",""r"":-68,""f"":2462},{""b"":""36:e6:e6:e8:d8:bf"",""s"":"""",""r"":-69,""f"":2412},{""b"":""1e:39:29:f9:f9:45"",""s"":""[LG_CeilingCassette A\/C]f945"",""r"":-73,""f"":2462},{""b"":""1e:39:29:f9:f9:7d"",""s"":""[LG_CeilingCassette A\/C]f97d"",""r"":-76,""f"":2462}]",""
1790513488768,2026-09-27 21:51:28,car,37.5465965,127.0682496,10.753,0.34048814,90.00104,43.5,fused,2,LTE,NR_NSA,5G,true,false,true,false,false,52545035,421,2600,5,8282,450,06,-92,-13,-63,2,3,0,,,,3568,65083,0.0285,0.5207,3548,66197,0.0284,0.5296,false,1,0,1,-97,273,2600,0.34048814,false,false,periodic,50,0,0,0,5002,,,,"[{""type"":""LTE"",""pci"":273,""earfcn"":2600,""tac"":null,""rsrp"":-97,""rsrq"":-14,""rssi"":-73,""snr"":null,""ta"":0,""level"":2,""bands"":""5""}]",1005.142,13,0.483,0.459,6,4,,,,"[{""b"":""dc:8e:8d:bf:e7:bc"",""s"":""DLive_E7B7"",""r"":-34,""f"":2412},{""b"":""dc:8e:8d:bf:e7:b6"",""s"":""DLive5G_E7B7"",""r"":-41,""f"":5220},{""b"":""ca:dd:6a:05:5c:1b"",""s"":""[LG_CeilingCassette A\/C]5c1b"",""r"":-55,""f"":2462},{""b"":""dc:8e:8d:bf:e6:93"",""s"":""DLive_E68E"",""r"":-66,""f"":2462},{""b"":""70:5d:cc:a7:fa:88"",""s"":""605"",""r"":-84,""f"":2457},{""b"":""dc:8e:8d:bf:e7:11"",""s"":""DLive5G_E712"",""r"":-93,""f"":5220}]",""
1790513493778,2026-09-27 21:51:33,car,37.5465962,127.0682478,10.869,0.30197796,209.64195,43.5,fused,0,LTE,NR_NSA,5G,true,false,true,false,false,52545035,421,2600,5,8282,450,06,-95,-13,-63,3,3,0,,,,815351,70844,6.5228,0.5668,815331,69691,6.5226,0.5575,false,1,0,1,-96,273,2600,0.30197796,false,false,periodic,55,0,-3,1,5004,,,,"[{""type"":""LTE"",""pci"":273,""earfcn"":2600,""tac"":null,""rsrp"":-96,""rsrq"":-14,""rssi"":-73,""snr"":null,""ta"":0,""level"":2,""bands"":""5""}]",1005.1429,22,0.459,0.459,6,3,,,,"[{""b"":""dc:8e:8d:bf:e7:bc"",""s"":""DLive_E7B7"",""r"":-35,""f"":2412},{""b"":""dc:8e:8d:bf:e7:b6"",""s"":""DLive5G_E7B7"",""r"":-40,""f"":5220},{""b"":""dc:8e:8d:bf:e7:17"",""s"":""DLive_E712"",""r"":-66,""f"":2462},{""b"":""dc:8e:8d:bf:e6:93"",""s"":""DLive_E68E"",""r"":-68,""f"":2462},{""b"":""38:f4:5e:44:73:77"",""s"":""SK_7374_2.4G"",""r"":-82,""f"":2462},{""b"":""dc:8e:8d:bf:e7:11"",""s"":""DLive5G_E712"",""r"":-93,""f"":5220}]",""
1790513498797,2026-09-27 21:51:38,car,37.5465958,127.0682443,10.915,0.39951798,90.00133,43.5,fused,0,LTE,NR_NSA,5G,true,false,true,false,false,52545035,421,2600,5,8282,450,06,-95,-13,-65,4,3,0,,,,2345,65262,0.0188,0.5221,2325,65242,0.0186,0.5219,false,1,0,1,-97,273,2600,0.39951798,false,false,periodic,60,0,0,1,5001,,,,"[{""type"":""LTE"",""pci"":273,""earfcn"":2600,""tac"":null,""rsrp"":-97,""rsrq"":-15,""rssi"":-73,""snr"":null,""ta"":0,""level"":2,""bands"":""5""}]",1005.1418,29,0.459,0.459,7,2,,,,"[{""b"":""dc:8e:8d:bf:e7:bc"",""s"":""DLive_E7B7"",""r"":-34,""f"":2412},{""b"":""dc:8e:8d:bf:e7:b6"",""s"":""DLive5G_E7B7"",""r"":-41,""f"":5220},{""b"":""ca:dd:6a:05:5c:1b"",""s"":""[LG_CeilingCassette A\/C]5c1b"",""r"":-57,""f"":2462},{""b"":""dc:8e:8d:bf:e6:93"",""s"":""DLive_E68E"",""r"":-70,""f"":2462},{""b"":""70:5d:cc:e0:23:50"",""s"":""603"",""r"":-83,""f"":2417},{""b"":""70:5d:cc:e0:27:0a"",""s"":""iptime403"",""r"":-84,""f"":2427},{""b"":""dc:8e:8d:bf:e7:11"",""s"":""DLive5G_E712"",""r"":-94,""f"":5220}]",""
1790513503817,2026-09-27 21:51:43,car,37.5465941,127.0682443,10.652,0.356783,90.00092,43.5,fused,0,LTE,NR_NSA,5G,true,false,true,false,false,52545035,421,2600,5,8282,450,06,-93,-13,-61,2,3,0,,,,2258,65249,0.0181,0.5220,2239,65229,0.0179,0.5218,false,1,0,1,-92,273,2600,0.356783,false,false,periodic,65,0,2,-2,2594,,,,"[{""type"":""LTE"",""pci"":273,""earfcn"":2600,""tac"":null,""rsrp"":-92,""rsrq"":-10,""rssi"":-69,""snr"":null,""ta"":0,""level"":3,""bands"":""5""}]",1005.1433,14,0.459,0.524,5,2,,,,"[{""b"":""dc:8e:8d:bf:e7:bc"",""s"":""DLive_E7B7"",""r"":-33,""f"":2412},{""b"":""dc:8e:8d:bf:e7:b6"",""s"":""DLive5G_E7B7"",""r"":-44,""f"":5220},{""b"":""dc:8e:8d:bf:e7:4e"",""s"":""DLive_E749"",""r"":-66,""f"":2412},{""b"":""08:5d:dd:9a:58:72"",""s"":""olleh_WiFi_586F"",""r"":-84,""f"":2442},{""b"":""dc:8e:8d:bf:e7:11"",""s"":""DLive5G_E712"",""r"":-93,""f"":5220}]",""
1790513508837,2026-09-27 21:51:48,car,37.5465923,127.0682423,11.097,0.36921638,221.18393,43.5,fused,1,LTE,NR_NSA,5G,true,false,true,false,false,52545035,421,2600,5,8282,450,06,-93,-11,-65,2,3,0,,,,292551,66101,2.3404,0.5288,292512,66062,2.3401,0.5285,false,1,0,1,-92,273,2600,0.36921638,false,false,periodic,70,0,0,0,2122,,,,"[{""type"":""LTE"",""pci"":273,""earfcn"":2600,""tac"":null,""rsrp"":-92,""rsrq"":-12,""rssi"":-71,""snr"":null,""ta"":0,""level"":3,""bands"":""5""}]",1005.1915,31,0.524,0.459,5,7,,,,"[{""b"":""dc:8e:8d:bf:e7:bc"",""s"":""DLive_E7B7"",""r"":-33,""f"":2412},{""b"":""dc:8e:8d:bf:e7:b6"",""s"":""DLive5G_E7B7"",""r"":-44,""f"":5220},{""b"":""dc:8e:8d:bf:e7:4e"",""s"":""DLive_E749"",""r"":-66,""f"":2412},{""b"":""08:5d:dd:9a:58:72"",""s"":""olleh_WiFi_586F"",""r"":-84,""f"":2442},{""b"":""dc:8e:8d:bf:e7:11"",""s"":""DLive5G_E712"",""r"":-93,""f"":5220}]",""
1790513512939,2026-09-27 21:51:52,car,37.5465945,127.0682421,11.443,0.36701006,89.996925,43.5,fused,0,LTE,NR_NSA,5G,true,false,true,false,false,52543750,273,2600,5,8282,450,06,-92,-10,-63,3,3,0,,,,2235,66791,0.0179,0.5343,2211,66767,0.0177,0.5341,false,1,0,1,-93,421,2600,0.36701006,true,false,handover,0,1,,,4,52545035,-93,-11,"[{""type"":""LTE"",""pci"":421,""earfcn"":2600,""tac"":null,""rsrp"":-93,""rsrq"":-12,""rssi"":-71,""snr"":null,""ta"":0,""level"":3,""bands"":""5""}]",1005.14496,31,0.524,0.524,8,3,,,,"[{""b"":""dc:8e:8d:bf:e7:bc"",""s"":""DLive_E7B7"",""r"":-33,""f"":2412},{""b"":""dc:8e:8d:bf:e7:b6"",""s"":""DLive5G_E7B7"",""r"":-42,""f"":5220},{""b"":""ca:dd:6a:05:5c:1b"",""s"":""[LG_CeilingCassette A\/C]5c1b"",""r"":-64,""f"":2462},{""b"":""1e:39:29:f9:f9:45"",""s"":""[LG_CeilingCassette A\/C]f945"",""r"":-74,""f"":2462},{""b"":""1e:39:29:f9:f9:7d"",""s"":""[LG_CeilingCassette A\/C]f97d"",""r"":-78,""f"":2462},{""b"":""72:7f:f0:63:d5:4c"",""s"":"""",""r"":-82,""f"":2457},{""b"":""b0:38:6c:2d:13:02"",""s"":""205호"",""r"":-83,""f"":2417},{""b"":""dc:8e:8d:bf:e7:11"",""s"":""DLive5G_E712"",""r"":-92,""f"":5220}]","[{""type"":""LTE"",""pci"":273,""earfcn"":2600,""tac"":null,""rsrp"":-92,""rsrq"":-12,""rssi"":-71,""snr"":null,""ta"":0,""level"":3,""bands"":""5""}]"
1790513513854,2026-09-27 21:51:53,car,37.5465945,127.0682421,11.443,0.36701006,89.996925,43.5,fused,1,LTE,NR_NSA,5G,true,false,true,false,false,52543750,273,2600,5,8282,450,06,-92,-10,-63,3,3,0,,,,0,0,0.0000,0.0000,0,0,0.0000,0.0000,false,1,0,1,-93,421,2600,0.36701006,false,false,periodic,0,1,0,0,921,,,,"[{""type"":""LTE"",""pci"":421,""earfcn"":2600,""tac"":null,""rsrp"":-93,""rsrq"":-12,""rssi"":-71,""snr"":null,""ta"":0,""level"":3,""bands"":""5""}]",1005.1471,45,0.459,0.459,8,4,,,,"[{""b"":""dc:8e:8d:bf:e7:bc"",""s"":""DLive_E7B7"",""r"":-33,""f"":2412},{""b"":""dc:8e:8d:bf:e7:b6"",""s"":""DLive5G_E7B7"",""r"":-42,""f"":5220},{""b"":""ca:dd:6a:05:5c:1b"",""s"":""[LG_CeilingCassette A\/C]5c1b"",""r"":-64,""f"":2462},{""b"":""1e:39:29:f9:f9:45"",""s"":""[LG_CeilingCassette A\/C]f945"",""r"":-74,""f"":2462},{""b"":""1e:39:29:f9:f9:7d"",""s"":""[LG_CeilingCassette A\/C]f97d"",""r"":-78,""f"":2462},{""b"":""72:7f:f0:63:d5:4c"",""s"":"""",""r"":-82,""f"":2457},{""b"":""b0:38:6c:2d:13:02"",""s"":""205호"",""r"":-83,""f"":2417},{""b"":""dc:8e:8d:bf:e7:11"",""s"":""DLive5G_E712"",""r"":-92,""f"":5220}]",""
1790513518868,2026-09-27 21:51:58,car,37.5465941,127.0682464,12.208,0.43995577,90.00173,43.5,fused,1,LTE,NR_NSA,5G,true,false,true,false,false,52543750,273,2600,5,8282,450,06,-94,-9,-63,4,3,0,,,,2979,76343,0.0238,0.6107,2959,76323,0.0237,0.6106,false,6,0,6,-86,273,100,0.43995577,false,false,periodic,5,1,-2,1,1485,,,,"[{""type"":""LTE"",""pci"":273,""earfcn"":100,""tac"":null,""rsrp"":-86,""rsrq"":-10,""rssi"":-67,""snr"":null,""ta"":0,""level"":3,""bands"":""1""},{""type"":""LTE"",""pci"":421,""earfcn"":2600,""tac"":null,""rsrp"":-94,""rsrq"":-11,""rssi"":-71,""snr"":null,""ta"":0,""level"":3,""bands"":""5""},{""type"":""LTE"",""pci"":273,""earfcn"":3050,""tac"":null,""rsrp"":-99,""rsrq"":-12,""rssi"":-77,""snr"":null,""ta"":0,""level"":2,""bands"":""7""},{""type"":""LTE"",""pci"":421,""earfcn"":100,""tac"":null,""rsrp"":-103,""rsrq"":-20,""rssi"":-71,""snr"":null,""ta"":0,""level"":2,""bands"":""1""},{""type"":""LTE"",""pci"":272,""earfcn"":3050,""tac"":null,""rsrp"":-106,""rsrq"":-18,""rssi"":-77,""snr"":null,""ta"":0,""level"":1,""bands"":""7""},{""type"":""LTE"",""pci"":418,""earfcn"":3050,""tac"":null,""rsrp"":-109,""rsrq"":-19,""rssi"":-79,""snr"":null,""ta"":0,""level"":1,""bands"":""7""}]",1005.14417,15,0.459,0.459,8,9,,,,"[{""b"":""dc:8e:8d:bf:e7:bc"",""s"":""DLive_E7B7"",""r"":-33,""f"":2412},{""b"":""dc:8e:8d:bf:e7:b6"",""s"":""DLive5G_E7B7"",""r"":-42,""f"":5220},{""b"":""ca:dd:6a:05:5c:1b"",""s"":""[LG_CeilingCassette A\/C]5c1b"",""r"":-64,""f"":2462},{""b"":""1e:39:29:f9:f9:45"",""s"":""[LG_CeilingCassette A\/C]f945"",""r"":-74,""f"":2462},{""b"":""1e:39:29:f9:f9:7d"",""s"":""[LG_CeilingCassette A\/C]f97d"",""r"":-78,""f"":2462},{""b"":""72:7f:f0:63:d5:4c"",""s"":"""",""r"":-82,""f"":2457},{""b"":""b0:38:6c:2d:13:02"",""s"":""205호"",""r"":-83,""f"":2417},{""b"":""dc:8e:8d:bf:e7:11"",""s"":""DLive5G_E712"",""r"":-92,""f"":5220}]",""
1790513523880,2026-09-27 21:52:03,car,37.5465905,127.06825,13.649,0.3524298,90.46262,43.5,fused,0,LTE,NR_NSA,5G,true,false,true,false,false,52543750,273,2600,5,8282,450,06,-93,-10,-63,8,3,0,,,,644261,68365,5.1541,0.5469,644241,68345,5.1539,0.5468,false,6,0,6,-87,273,100,0.3524298,false,false,periodic,10,1,1,4,586,,,,"[{""type"":""LTE"",""pci"":273,""earfcn"":100,""tac"":null,""rsrp"":-87,""rsrq"":-9,""rssi"":-69,""snr"":null,""ta"":0,""level"":3,""bands"":""1""},{""type"":""LTE"",""pci"":421,""earfcn"":2600,""tac"":null,""rsrp"":-95,""rsrq"":-13,""rssi"":-71,""snr"":null,""ta"":0,""level"":3,""bands"":""5""},{""type"":""LTE"",""pci"":273,""earfcn"":3050,""tac"":null,""rsrp"":-100,""rsrq"":-8,""rssi"":-83,""snr"":null,""ta"":0,""level"":2,""bands"":""7""},{""type"":""LTE"",""pci"":421,""earfcn"":100,""tac"":null,""rsrp"":-103,""rsrq"":-20,""rssi"":-71,""snr"":null,""ta"":0,""level"":2,""bands"":""1""},{""type"":""LTE"",""pci"":418,""earfcn"":3050,""tac"":null,""rsrp"":-109,""rsrq"":-16,""rssi"":-83,""snr"":null,""ta"":0,""level"":1,""bands"":""7""},{""type"":""LTE"",""pci"":272,""earfcn"":3050,""tac"":null,""rsrp"":-110,""rsrq"":-17,""rssi"":-83,""snr"":null,""ta"":0,""level"":1,""bands"":""7""}]",1005.13074,30,0.459,0.524,4,5,,,,"[{""b"":""dc:8e:8d:bf:e7:bc"",""s"":""DLive_E7B7"",""r"":-33,""f"":2412},{""b"":""dc:8e:8d:bf:e7:b6"",""s"":""DLive5G_E7B7"",""r"":-43,""f"":5220},{""b"":""ca:dd:6a:05:5c:1b"",""s"":""[LG_CeilingCassette A\/C]5c1b"",""r"":-55,""f"":2462},{""b"":""1e:39:29:f9:f9:45"",""s"":""[LG_CeilingCassette A\/C]f945"",""r"":-73,""f"":2462}]",""
1790513528898,2026-09-27 21:52:08,car,37.5465904,127.0682511,13.35,0.29528865,90.0011,43.5,fused,1,LTE,NR_NSA,5G,true,false,true,false,false,52543750,273,2600,5,8282,450,06,-93,-10,-63,8,3,0,,,,1264159,64165,10.1133,0.5133,1264119,64125,10.1130,0.5130,false,6,0,6,-87,273,100,0.29528865,false,false,periodic,15,1,0,0,5604,,,,"[{""type"":""LTE"",""pci"":273,""earfcn"":100,""tac"":null,""rsrp"":-87,""rsrq"":-9,""rssi"":-69,""snr"":null,""ta"":0,""level"":3,""bands"":""1""},{""type"":""LTE"",""pci"":421,""earfcn"":2600,""tac"":null,""rsrp"":-95,""rsrq"":-13,""rssi"":-71,""snr"":null,""ta"":0,""level"":3,""bands"":""5""},{""type"":""LTE"",""pci"":273,""earfcn"":3050,""tac"":null,""rsrp"":-100,""rsrq"":-8,""rssi"":-83,""snr"":null,""ta"":0,""level"":2,""bands"":""7""},{""type"":""LTE"",""pci"":421,""earfcn"":100,""tac"":null,""rsrp"":-103,""rsrq"":-20,""rssi"":-71,""snr"":null,""ta"":0,""level"":2,""bands"":""1""},{""type"":""LTE"",""pci"":418,""earfcn"":3050,""tac"":null,""rsrp"":-109,""rsrq"":-16,""rssi"":-83,""snr"":null,""ta"":0,""level"":1,""bands"":""7""},{""type"":""LTE"",""pci"":272,""earfcn"":3050,""tac"":null,""rsrp"":-110,""rsrq"":-17,""rssi"":-83,""snr"":null,""ta"":0,""level"":1,""bands"":""7""}]",1005.13715,24,0.524,0.459,6,4,,,,"[{""b"":""dc:8e:8d:bf:e7:bc"",""s"":""DLive_E7B7"",""r"":-33,""f"":2412},{""b"":""dc:8e:8d:bf:e7:b6"",""s"":""DLive5G_E7B7"",""r"":-42,""f"":5220},{""b"":""ca:dd:6a:05:5c:1b"",""s"":""[LG_CeilingCassette A\/C]5c1b"",""r"":-55,""f"":2462},{""b"":""1e:39:29:f9:f9:45"",""s"":""[LG_CeilingCassette A\/C]f945"",""r"":-77,""f"":2462},{""b"":""70:5d:cc:e0:23:50"",""s"":""603"",""r"":-84,""f"":2417},{""b"":""b0:38:6c:2d:13:02"",""s"":""205호"",""r"":-84,""f"":2417}]",""
1790513533919,2026-09-27 21:52:13,car,37.5465923,127.0682499,11.742,0.3118599,89.99643,43.5,fused,1,LTE,NR_NSA,5G,true,false,true,false,false,52543750,273,2600,5,8282,450,06,-90,-11,-65,5,3,0,,,,2418,65294,0.0193,0.5224,2398,65274,0.0192,0.5222,false,6,0,6,-84,273,100,0.3118599,false,false,periodic,20,1,3,-3,5002,,,,"[{""type"":""LTE"",""pci"":273,""earfcn"":100,""tac"":null,""rsrp"":-84,""rsrq"":-7,""rssi"":-57,""snr"":null,""ta"":0,""level"":4,""bands"":""1""},{""type"":""LTE"",""pci"":421,""earfcn"":2600,""tac"":null,""rsrp"":-94,""rsrq"":-16,""rssi"":-73,""snr"":null,""ta"":0,""level"":3,""bands"":""5""},{""type"":""LTE"",""pci"":273,""earfcn"":3050,""tac"":null,""rsrp"":-99,""rsrq"":-7,""rssi"":-71,""snr"":null,""ta"":0,""level"":2,""bands"":""7""},{""type"":""LTE"",""pci"":421,""earfcn"":100,""tac"":null,""rsrp"":-104,""rsrq"":-17,""rssi"":-67,""snr"":null,""ta"":0,""level"":2,""bands"":""1""},{""type"":""LTE"",""pci"":418,""earfcn"":3050,""tac"":null,""rsrp"":-112,""rsrq"":-16,""rssi"":-83,""snr"":null,""ta"":0,""level"":1,""bands"":""7""},{""type"":""LTE"",""pci"":272,""earfcn"":3050,""tac"":null,""rsrp"":-114,""rsrq"":-20,""rssi"":-83,""snr"":null,""ta"":0,""level"":1,""bands"":""7""}]",1005.1475,13,0.459,0.459,9,4,,,,"[{""b"":""dc:8e:8d:bf:e7:bc"",""s"":""DLive_E7B7"",""r"":-34,""f"":2412},{""b"":""dc:8e:8d:bf:e7:b6"",""s"":""DLive5G_E7B7"",""r"":-41,""f"":5220},{""b"":""ca:dd:6a:05:5c:1b"",""s"":""[LG_CeilingCassette A\/C]5c1b"",""r"":-54,""f"":2462},{""b"":""36:e6:e6:e8:d8:bf"",""s"":"""",""r"":-69,""f"":2412},{""b"":""1e:39:29:f9:f9:45"",""s"":""[LG_CeilingCassette A\/C]f945"",""r"":-77,""f"":2462},{""b"":""1e:39:29:f9:f9:7d"",""s"":""[LG_CeilingCassette A\/C]f97d"",""r"":-78,""f"":2462},{""b"":""88:36:6c:6a:84:c2"",""s"":""hong"",""r"":-81,""f"":2427},{""b"":""70:5d:cc:e0:14:2e"",""s"":""402"",""r"":-84,""f"":2452},{""b"":""dc:8e:8d:bf:e7:11"",""s"":""DLive5G_E712"",""r"":-92,""f"":5220}]",""
1790513538936,2026-09-27 21:52:18,car,37.5465905,127.0682502,10.888,0.3865462,90.003204,43.5,fused,0,LTE,NR_NSA,5G,true,false,true,false,false,52543750,273,2600,5,8282,450,06,-94,-10,-63,6,3,0,,,,2562,65373,0.0205,0.5230,2542,65353,0.0203,0.5228,false,6,0,6,-87,273,100,0.3865462,false,false,periodic,25,1,-4,1,5001,,,,"[{""type"":""LTE"",""pci"":273,""earfcn"":100,""tac"":null,""rsrp"":-87,""rsrq"":-8,""rssi"":-67,""snr"":null,""ta"":0,""level"":3,""bands"":""1""},{""type"":""LTE"",""pci"":421,""earfcn"":2600,""tac"":null,""rsrp"":-94,""rsrq"":-11,""rssi"":-73,""snr"":null,""ta"":0,""level"":3,""bands"":""5""},{""type"":""LTE"",""pci"":421,""earfcn"":100,""tac"":null,""rsrp"":-100,""rsrq"":-20,""rssi"":-69,""snr"":null,""ta"":0,""level"":2,""bands"":""1""},{""type"":""LTE"",""pci"":273,""earfcn"":3050,""tac"":null,""rsrp"":-100,""rsrq"":-12,""rssi"":-77,""snr"":null,""ta"":0,""level"":2,""bands"":""7""},{""type"":""LTE"",""pci"":418,""earfcn"":3050,""tac"":null,""rsrp"":-108,""rsrq"":-11,""rssi"":-83,""snr"":null,""ta"":0,""level"":1,""bands"":""7""},{""type"":""LTE"",""pci"":272,""earfcn"":3050,""tac"":null,""rsrp"":-108,""rsrq"":-20,""rssi"":-77,""snr"":null,""ta"":0,""level"":1,""bands"":""7""}]",1005.1418,28,0.459,0.524,6,3,,,,"[{""b"":""dc:8e:8d:bf:e7:bc"",""s"":""DLive_E7B7"",""r"":-34,""f"":2412},{""b"":""dc:8e:8d:bf:e7:b6"",""s"":""DLive5G_E7B7"",""r"":-41,""f"":5220},{""b"":""dc:8e:8d:bf:e6:93"",""s"":""DLive_E68E"",""r"":-65,""f"":2462},{""b"":""1e:39:29:f9:f9:7d"",""s"":""[LG_CeilingCassette A\/C]f97d"",""r"":-77,""f"":2462},{""b"":""b0:38:6c:b1:26:36"",""s"":""ggulbam"",""r"":-84,""f"":2447},{""b"":""b0:38:6c:08:f1:00"",""s"":""🍟_5G"",""r"":-91,""f"":5745}]",""
1790513543947,2026-09-27 21:52:23,car,37.5465898,127.0682518,11.371,0.44445536,90.00103,43.5,fused,1,LTE,NR_NSA,5G,true,false,true,false,false,52543750,273,2600,5,8282,450,06,-92,-9,-63,6,3,0,,,,31981,64474,0.2558,0.5158,31961,64454,0.2557,0.5156,false,6,0,6,-87,273,100,0.44445536,false,false,periodic,31,0,2,0,5000,,,,"[{""type"":""LTE"",""pci"":273,""earfcn"":100,""tac"":null,""rsrp"":-87,""rsrq"":-11,""rssi"":-65,""snr"":null,""ta"":0,""level"":3,""bands"":""1""},{""type"":""LTE"",""pci"":421,""earfcn"":100,""tac"":null,""rsrp"":-96,""rsrq"":-19,""rssi"":-65,""snr"":null,""ta"":0,""level"":2,""bands"":""1""},{""type"":""LTE"",""pci"":421,""earfcn"":2600,""tac"":null,""rsrp"":-98,""rsrq"":-17,""rssi"":-73,""snr"":null,""ta"":0,""level"":2,""bands"":""5""},{""type"":""LTE"",""pci"":272,""earfcn"":2600,""tac"":null,""rsrp"":-104,""rsrq"":-20,""rssi"":-73,""snr"":null,""ta"":0,""level"":2,""bands"":""5""},{""type"":""LTE"",""pci"":273,""earfcn"":3050,""tac"":null,""rsrp"":-104,""rsrq"":-11,""rssi"":-83,""snr"":null,""ta"":0,""level"":2,""bands"":""7""},{""type"":""LTE"",""pci"":418,""earfcn"":3050,""tac"":null,""rsrp"":-107,""rsrq"":-15,""rssi"":-83,""snr"":null,""ta"":0,""level"":1,""bands"":""7""}]",1005.14246,12,0.524,0.459,8,6,,,,"[{""b"":""dc:8e:8d:bf:e7:bc"",""s"":""DLive_E7B7"",""r"":-34,""f"":2412},{""b"":""dc:8e:8d:bf:e7:b6"",""s"":""DLive5G_E7B7"",""r"":-43,""f"":5220},{""b"":""dc:8e:8d:bf:e7:17"",""s"":""DLive_E712"",""r"":-70,""f"":2462},{""b"":""1e:39:29:f9:f9:45"",""s"":""[LG_CeilingCassette A\/C]f945"",""r"":-71,""f"":2462},{""b"":""dc:8e:8d:bf:e7:4e"",""s"":""DLive_E749"",""r"":-77,""f"":2412},{""b"":""b0:38:6c:b1:26:36"",""s"":""ggulbam"",""r"":-83,""f"":2447},{""b"":""38:f4:5e:44:73:77"",""s"":""SK_7374_2.4G"",""r"":-84,""f"":2462},{""b"":""dc:8e:8d:bf:e7:11"",""s"":""DLive5G_E712"",""r"":-94,""f"":5220}]",""
1790513548956,2026-09-27 21:52:28,car,37.5465912,127.0682551,14.389,0.41682363,89.7529,43.5,fused,0,LTE,NR_NSA,5G,true,false,true,false,false,52543750,273,2600,5,8282,450,06,-92,-9,-61,6,3,0,,,,150881,66305,1.2070,0.5304,150861,66285,1.2069,0.5303,false,7,0,7,-87,273,100,0.41682363,false,false,periodic,36,0,0,0,5002,,,,"[{""type"":""LTE"",""pci"":273,""earfcn"":100,""tac"":null,""rsrp"":-87,""rsrq"":-9,""rssi"":-59,""snr"":null,""ta"":0,""level"":3,""bands"":""1""},{""type"":""LTE"",""pci"":109,""earfcn"":2600,""tac"":null,""rsrp"":-97,""rsrq"":-20,""rssi"":-67,""snr"":null,""ta"":0,""level"":2,""bands"":""5""},{""type"":""LTE"",""pci"":421,""earfcn"":100,""tac"":null,""rsrp"":-97,""rsrq"":-19,""rssi"":-69,""snr"":null,""ta"":0,""level"":2,""bands"":""1""},{""type"":""LTE"",""pci"":421,""earfcn"":2600,""tac"":null,""rsrp"":-98,""rsrq"":-17,""rssi"":-71,""snr"":null,""ta"":0,""level"":2,""bands"":""5""},{""type"":""LTE"",""pci"":273,""earfcn"":3050,""tac"":null,""rsrp"":-99,""rsrq"":-9,""rssi"":-71,""snr"":null,""ta"":0,""level"":2,""bands"":""7""},{""type"":""LTE"",""pci"":272,""earfcn"":2600,""tac"":null,""rsrp"":-100,""rsrq"":-19,""rssi"":-71,""snr"":null,""ta"":0,""level"":2,""bands"":""5""},{""type"":""LTE"",""pci"":418,""earfcn"":3050,""tac"":null,""rsrp"":-109,""rsrq"":-15,""rssi"":-85,""snr"":null,""ta"":0,""level"":1,""bands"":""7""}]",1005.1605,10,0.459,0.459,8,2,,,,"[{""b"":""dc:8e:8d:bf:e7:bc"",""s"":""DLive_E7B7"",""r"":-37,""f"":2412},{""b"":""dc:8e:8d:bf:e7:b6"",""s"":""DLive5G_E7B7"",""r"":-42,""f"":5220},{""b"":""ca:dd:6a:05:5c:1b"",""s"":""[LG_CeilingCassette A\/C]5c1b"",""r"":-56,""f"":2462},{""b"":""dc:8e:8d:bf:e6:93"",""s"":""DLive_E68E"",""r"":-67,""f"":2462},{""b"":""1e:39:29:f9:f9:45"",""s"":""[LG_CeilingCassette A\/C]f945"",""r"":-72,""f"":2462},{""b"":""36:e6:e6:e8:d8:bf"",""s"":"""",""r"":-72,""f"":2412},{""b"":""dc:8e:8d:bf:e7:4e"",""s"":""DLive_E749"",""r"":-75,""f"":2412},{""b"":""dc:8e:8d:bf:e7:11"",""s"":""DLive5G_E712"",""r"":-94,""f"":5220}]",""
1790513553970,2026-09-27 21:52:33,car,37.5465922,127.0682531,12.709,0.4717127,89.99427,43.5,fused,1,LTE,NR_NSA,5G,true,false,true,false,false,52543750,273,2600,5,8282,450,06,-92,-9,-59,6,3,0,,,,2237,65387,0.0179,0.5231,2197,65347,0.0176,0.5228,false,7,0,7,-89,273,100,0.4717127,false,false,periodic,41,0,0,0,2835,,,,"[{""type"":""LTE"",""pci"":273,""earfcn"":100,""tac"":null,""rsrp"":-89,""rsrq"":-9,""rssi"":-69,""snr"":null,""ta"":0,""level"":3,""bands"":""1""},{""type"":""LTE"",""pci"":421,""earfcn"":2600,""tac"":null,""rsrp"":-94,""rsrq"":-16,""rssi"":-69,""snr"":null,""ta"":0,""level"":3,""bands"":""5""},{""type"":""LTE"",""pci"":421,""earfcn"":100,""tac"":null,""rsrp"":-100,""rsrq"":-20,""rssi"":-69,""snr"":null,""ta"":0,""level"":2,""bands"":""1""},{""type"":""LTE"",""pci"":272,""earfcn"":2600,""tac"":null,""rsrp"":-101,""rsrq"":-19,""rssi"":-71,""snr"":null,""ta"":0,""level"":2,""bands"":""5""},{""type"":""LTE"",""pci"":273,""earfcn"":3050,""tac"":null,""rsrp"":-105,""rsrq"":-11,""rssi"":-83,""snr"":null,""ta"":0,""level"":2,""bands"":""7""},{""type"":""LTE"",""pci"":418,""earfcn"":3050,""tac"":null,""rsrp"":-111,""rsrq"":-17,""rssi"":-83,""snr"":null,""ta"":0,""level"":1,""bands"":""7""},{""type"":""LTE"",""pci"":272,""earfcn"":3050,""tac"":null,""rsrp"":-114,""rsrq"":-20,""rssi"":-81,""snr"":null,""ta"":0,""level"":1,""bands"":""7""}]",1005.1416,12,0.459,0.459,5,2,,,,"[{""b"":""dc:8e:8d:bf:e7:bc"",""s"":""DLive_E7B7"",""r"":-34,""f"":2412},{""b"":""dc:8e:8d:bf:e7:b6"",""s"":""DLive5G_E7B7"",""r"":-40,""f"":5220},{""b"":""ca:dd:6a:05:5c:1b"",""s"":""[LG_CeilingCassette A\/C]5c1b"",""r"":-55,""f"":2462},{""b"":""1e:39:29:f9:f9:45"",""s"":""[LG_CeilingCassette A\/C]f945"",""r"":-72,""f"":2462},{""b"":""88:36:6c:6a:84:c2"",""s"":""hong"",""r"":-76,""f"":2427}]",""
1790513558989,2026-09-27 21:52:38,car,37.5465921,127.0682506,12.616,0.4502736,90.00128,43.5,fused,0,LTE,NR_NSA,5G,true,false,true,false,false,52543750,273,2600,5,8282,450,06,-91,-9,-59,3,3,0,,,,2183,65275,0.0175,0.5222,2163,65255,0.0173,0.5220,false,6,0,6,-88,273,100,0.4502736,false,false,periodic,46,0,1,-3,2006,,,,"[{""type"":""LTE"",""pci"":273,""earfcn"":100,""tac"":null,""rsrp"":-88,""rsrq"":-9,""rssi"":-69,""snr"":null,""ta"":0,""level"":3,""bands"":""1""},{""type"":""LTE"",""pci"":421,""earfcn"":2600,""tac"":null,""rsrp"":-96,""rsrq"":-15,""rssi"":-73,""snr"":null,""ta"":0,""level"":2,""bands"":""5""},{""type"":""LTE"",""pci"":421,""earfcn"":100,""tac"":null,""rsrp"":-106,""rsrq"":-20,""rssi"":-71,""snr"":null,""ta"":0,""level"":1,""bands"":""1""},{""type"":""LTE"",""pci"":273,""earfcn"":3050,""tac"":null,""rsrp"":-109,""rsrq"":-15,""rssi"":-85,""snr"":null,""ta"":0,""level"":1,""bands"":""7""},{""type"":""LTE"",""pci"":418,""earfcn"":3050,""tac"":null,""rsrp"":-109,""rsrq"":-15,""rssi"":-85,""snr"":null,""ta"":0,""level"":1,""bands"":""7""},{""type"":""LTE"",""pci"":272,""earfcn"":3050,""tac"":null,""rsrp"":-112,""rsrq"":-18,""rssi"":-85,""snr"":null,""ta"":0,""level"":1,""bands"":""7""}]",1005.1412,14,0.459,0.524,5,7,,,,"[{""b"":""dc:8e:8d:bf:e7:bc"",""s"":""DLive_E7B7"",""r"":-34,""f"":2412},{""b"":""dc:8e:8d:bf:e7:b6"",""s"":""DLive5G_E7B7"",""r"":-40,""f"":5220},{""b"":""ca:dd:6a:05:5c:1b"",""s"":""[LG_CeilingCassette A\/C]5c1b"",""r"":-55,""f"":2462},{""b"":""1e:39:29:f9:f9:45"",""s"":""[LG_CeilingCassette A\/C]f945"",""r"":-72,""f"":2462},{""b"":""88:36:6c:6a:84:c2"",""s"":""hong"",""r"":-76,""f"":2427}]",""
1790513564009,2026-09-27 21:52:44,car,37.5465899,127.06825,12.829,0.427808,90.0017,43.5,fused,1,LTE,NR_NSA,5G,true,false,true,false,false,52543750,273,2600,5,8282,450,06,-91,-10,-61,-1,3,0,,,,2200,63513,0.0176,0.5081,2181,63494,0.0174,0.5080,false,6,0,6,-89,273,100,0.427808,false,false,periodic,51,0,0,-4,1354,,,,"[{""type"":""LTE"",""pci"":273,""earfcn"":100,""tac"":null,""rsrp"":-89,""rsrq"":-9,""rssi"":-69,""snr"":null,""ta"":0,""level"":3,""bands"":""1""},{""type"":""LTE"",""pci"":421,""earfcn"":2600,""tac"":null,""rsrp"":-96,""rsrq"":-14,""rssi"":-71,""snr"":null,""ta"":0,""level"":2,""bands"":""5""},{""type"":""LTE"",""pci"":421,""earfcn"":100,""tac"":null,""rsrp"":-104,""rsrq"":-20,""rssi"":-69,""snr"":null,""ta"":0,""level"":2,""bands"":""1""},{""type"":""LTE"",""pci"":273,""earfcn"":3050,""tac"":null,""rsrp"":-109,""rsrq"":-12,""rssi"":-87,""snr"":null,""ta"":0,""level"":1,""bands"":""7""},{""type"":""LTE"",""pci"":418,""earfcn"":3050,""tac"":null,""rsrp"":-109,""rsrq"":-13,""rssi"":-87,""snr"":null,""ta"":0,""level"":1,""bands"":""7""},{""type"":""LTE"",""pci"":272,""earfcn"":3050,""tac"":null,""rsrp"":-114,""rsrq"":-18,""rssi"":-87,""snr"":null,""ta"":0,""level"":1,""bands"":""7""}]",1005.14417,11,0.524,0.459,4,6,,,,"[{""b"":""dc:8e:8d:bf:e7:bc"",""s"":""DLive_E7B7"",""r"":-33,""f"":2412},{""b"":""dc:8e:8d:bf:e7:b6"",""s"":""DLive5G_E7B7"",""r"":-41,""f"":5220},{""b"":""dc:8e:8d:bf:e6:93"",""s"":""DLive_E68E"",""r"":-67,""f"":2462},{""b"":""70:5d:cc:e0:23:50"",""s"":""603"",""r"":-84,""f"":2417}]",""
1790513569029,2026-09-27 21:52:49,car,37.5465925,127.0682491,12.45,0.40882164,89.997894,43.5,fused,0,LTE,NR_NSA,5G,true,false,true,false,false,52543750,273,2600,5,8282,450,06,-91,-9,-61,0,3,0,,,,2135,65249,0.0171,0.5220,2115,65229,0.0169,0.5218,false,7,0,7,-89,273,100,0.40882164,false,false,periodic,56,0,0,1,699,,,,"[{""type"":""LTE"",""pci"":273,""earfcn"":100,""tac"":null,""rsrp"":-89,""rsrq"":-11,""rssi"":-65,""snr"":null,""ta"":0,""level"":3,""bands"":""1""},{""type"":""LTE"",""pci"":421,""earfcn"":2600,""tac"":null,""rsrp"":-96,""rsrq"":-16,""rssi"":-71,""snr"":null,""ta"":0,""level"":2,""bands"":""5""},{""type"":""LTE"",""pci"":421,""earfcn"":100,""tac"":null,""rsrp"":-97,""rsrq"":-20,""rssi"":-65,""snr"":null,""ta"":0,""level"":2,""bands"":""1""},{""type"":""LTE"",""pci"":109,""earfcn"":100,""tac"":null,""rsrp"":-102,""rsrq"":-20,""rssi"":-71,""snr"":null,""ta"":0,""level"":2,""bands"":""1""},{""type"":""LTE"",""pci"":273,""earfcn"":3050,""tac"":null,""rsrp"":-108,""rsrq"":-12,""rssi"":-83,""snr"":null,""ta"":0,""level"":1,""bands"":""7""},{""type"":""LTE"",""pci"":418,""earfcn"":3050,""tac"":null,""rsrp"":-108,""rsrq"":-15,""rssi"":-83,""snr"":null,""ta"":0,""level"":1,""bands"":""7""},{""type"":""LTE"",""pci"":272,""earfcn"":3050,""tac"":null,""rsrp"":-112,""rsrq"":-17,""rssi"":-85,""snr"":null,""ta"":0,""level"":1,""bands"":""7""}]",1005.1418,12,0.459,0.459,8,5,,,,"[{""b"":""dc:8e:8d:bf:e7:bc"",""s"":""DLive_E7B7"",""r"":-33,""f"":2412},{""b"":""dc:8e:8d:bf:e7:b6"",""s"":""DLive5G_E7B7"",""r"":-41,""f"":5220},{""b"":""ca:dd:6a:05:5c:1b"",""s"":""[LG_CeilingCassette A\/C]5c1b"",""r"":-57,""f"":2462},{""b"":""dc:8e:8d:bf:e6:93"",""s"":""DLive_E68E"",""r"":-67,""f"":2462},{""b"":""dc:8e:8d:bf:e7:17"",""s"":""DLive_E712"",""r"":-71,""f"":2462},{""b"":""1e:39:29:f9:f9:45"",""s"":""[LG_CeilingCassette A\/C]f945"",""r"":-72,""f"":2462},{""b"":""da:e3:5e:f5:14:7c"",""s"":""[LG_Wall-Mount A\/C]147c"",""r"":-82,""f"":2452},{""b"":""08:36:c9:fd:49:b1"",""s"":""NETGEAR12"",""r"":-84,""f"":2432}]",""
1790513574042,2026-09-27 21:52:54,car,37.546593,127.068252,11.72,0.4308504,89.99879,43.5,fused,1,LTE,NR_NSA,5G,true,false,true,false,false,52543750,273,2600,5,8282,450,06,-92,-10,-59,1,3,0,,,,2181,65386,0.0174,0.5231,2141,65346,0.0171,0.5228,false,5,0,5,-91,273,100,0.4308504,false,false,periodic,61,0,-1,1,706,,,,"[{""type"":""LTE"",""pci"":273,""earfcn"":100,""tac"":null,""rsrp"":-91,""rsrq"":-10,""rssi"":-71,""snr"":null,""ta"":0,""level"":3,""bands"":""1""},{""type"":""LTE"",""pci"":421,""earfcn"":2600,""tac"":null,""rsrp"":-94,""rsrq"":-15,""rssi"":-69,""snr"":null,""ta"":0,""level"":3,""bands"":""5""},{""type"":""LTE"",""pci"":421,""earfcn"":100,""tac"":null,""rsrp"":-102,""rsrq"":-20,""rssi"":-71,""snr"":null,""ta"":0,""level"":2,""bands"":""1""},{""type"":""LTE"",""pci"":273,""earfcn"":3050,""tac"":null,""rsrp"":-103,""rsrq"":-10,""rssi"":-83,""snr"":null,""ta"":0,""level"":2,""bands"":""7""},{""type"":""LTE"",""pci"":418,""earfcn"":3050,""tac"":null,""rsrp"":-112,""rsrq"":-19,""rssi"":-83,""snr"":null,""ta"":0,""level"":1,""bands"":""7""}]",1005.14624,9,0.459,0.459,5,6,,,,"[{""b"":""dc:8e:8d:bf:e7:bc"",""s"":""DLive_E7B7"",""r"":-33,""f"":2412},{""b"":""dc:8e:8d:bf:e7:b6"",""s"":""DLive5G_E7B7"",""r"":-42,""f"":5220},{""b"":""ca:dd:6a:05:5c:1b"",""s"":""[LG_CeilingCassette A\/C]5c1b"",""r"":-57,""f"":2462},{""b"":""dc:8e:8d:bf:e7:17"",""s"":""DLive_E712"",""r"":-68,""f"":2462},{""b"":""1e:39:29:f9:f9:7d"",""s"":""[LG_CeilingCassette A\/C]f97d"",""r"":-81,""f"":2462}]",""
1790513579053,2026-09-27 21:52:59,car,37.5465926,127.0682526,12.831,0.44337264,90.000374,43.5,fused,0,LTE,NR_NSA,5G,true,false,true,false,false,52543750,273,2600,5,8282,450,06,-92,-10,-59,1,3,0,,,,2232,65712,0.0179,0.5257,2212,65692,0.0177,0.5255,false,5,0,5,-91,273,100,0.44337264,false,false,periodic,66,0,0,0,5716,,,,"[{""type"":""LTE"",""pci"":273,""earfcn"":100,""tac"":null,""rsrp"":-91,""rsrq"":-10,""rssi"":-71,""snr"":null,""ta"":0,""level"":3,""bands"":""1""},{""type"":""LTE"",""pci"":421,""earfcn"":2600,""tac"":null,""rsrp"":-94,""rsrq"":-15,""rssi"":-69,""snr"":null,""ta"":0,""level"":3,""bands"":""5""},{""type"":""LTE"",""pci"":421,""earfcn"":100,""tac"":null,""rsrp"":-102,""rsrq"":-20,""rssi"":-71,""snr"":null,""ta"":0,""level"":2,""bands"":""1""},{""type"":""LTE"",""pci"":273,""earfcn"":3050,""tac"":null,""rsrp"":-103,""rsrq"":-10,""rssi"":-83,""snr"":null,""ta"":0,""level"":2,""bands"":""7""},{""type"":""LTE"",""pci"":418,""earfcn"":3050,""tac"":null,""rsrp"":-112,""rsrq"":-19,""rssi"":-83,""snr"":null,""ta"":0,""level"":1,""bands"":""7""}]",1005.15393,11,0.459,0.524,4,4,,,,"[{""b"":""dc:8e:8d:bf:e7:b6"",""s"":""DLive5G_E7B7"",""r"":-40,""f"":5220},{""b"":""dc:8e:8d:bf:e6:93"",""s"":""DLive_E68E"",""r"":-65,""f"":2462},{""b"":""b0:38:6c:2d:13:02"",""s"":""205호"",""r"":-83,""f"":2417},{""b"":""b0:38:6c:b1:26:36"",""s"":""ggulbam"",""r"":-84,""f"":2447}]",""
1790513584062,2026-09-27 21:53:04,car,37.5465924,127.0682496,13.265,0.37484387,90.00009,43.5,fused,1,LTE,NR_NSA,5G,true,false,true,false,false,52543750,273,2600,5,8282,450,06,-91,-11,-59,-1,3,0,,,,2241,63679,0.0179,0.5094,2221,63659,0.0178,0.5093,false,5,0,5,-91,273,100,0.37484387,false,false,periodic,71,0,1,-2,5001,,,,"[{""type"":""LTE"",""pci"":273,""earfcn"":100,""tac"":null,""rsrp"":-91,""rsrq"":-10,""rssi"":-71,""snr"":null,""ta"":0,""level"":3,""bands"":""1""},{""type"":""LTE"",""pci"":421,""earfcn"":2600,""tac"":null,""rsrp"":-95,""rsrq"":-16,""rssi"":-67,""snr"":null,""ta"":0,""level"":3,""bands"":""5""},{""type"":""LTE"",""pci"":421,""earfcn"":100,""tac"":null,""rsrp"":-103,""rsrq"":-20,""rssi"":-71,""snr"":null,""ta"":0,""level"":2,""bands"":""1""},{""type"":""LTE"",""pci"":273,""earfcn"":3050,""tac"":null,""rsrp"":-104,""rsrq"":-12,""rssi"":-81,""snr"":null,""ta"":0,""level"":2,""bands"":""7""},{""type"":""LTE"",""pci"":418,""earfcn"":3050,""tac"":null,""rsrp"":-111,""rsrq"":-18,""rssi"":-83,""snr"":null,""ta"":0,""level"":1,""bands"":""7""}]",1005.1401,11,0.459,0.459,5,4,,,,"[{""b"":""dc:8e:8d:bf:e7:bc"",""s"":""DLive_E7B7"",""r"":-33,""f"":2412},{""b"":""dc:8e:8d:bf:e7:b6"",""s"":""DLive5G_E7B7"",""r"":-40,""f"":5220},{""b"":""ca:dd:6a:05:5c:1b"",""s"":""[LG_CeilingCassette A\/C]5c1b"",""r"":-59,""f"":2462},{""b"":""1e:39:29:f9:f9:45"",""s"":""[LG_CeilingCassette A\/C]f945"",""r"":-72,""f"":2462},{""b"":""00:07:89:82:be:31"",""s"":""KT_GiGA_2G_Wave2_BE2E"",""r"":-84,""f"":2437}]",""
1790513589073,2026-09-27 21:53:09,car,37.5465909,127.0682459,11.986,0.4239538,90.00239,43.5,fused,0,LTE,NR_NSA,5G,true,false,true,false,false,52543750,273,2600,5,8282,450,06,-91,-12,-59,0,3,0,,,,2154,65392,0.0172,0.5231,2134,65372,0.0171,0.5230,false,5,0,5,-91,273,100,0.4239538,false,false,periodic,76,0,0,1,4998,,,,"[{""type"":""LTE"",""pci"":273,""earfcn"":100,""tac"":null,""rsrp"":-91,""rsrq"":-10,""rssi"":-71,""snr"":null,""ta"":0,""level"":3,""bands"":""1""},{""type"":""LTE"",""pci"":421,""earfcn"":2600,""tac"":null,""rsrp"":-95,""rsrq"":-14,""rssi"":-71,""snr"":null,""ta"":0,""level"":3,""bands"":""5""},{""type"":""LTE"",""pci"":421,""earfcn"":100,""tac"":null,""rsrp"":-104,""rsrq"":-20,""rssi"":-71,""snr"":null,""ta"":0,""level"":2,""bands"":""1""},{""type"":""LTE"",""pci"":273,""earfcn"":3050,""tac"":null,""rsrp"":-105,""rsrq"":-10,""rssi"":-85,""snr"":null,""ta"":0,""level"":2,""bands"":""7""},{""type"":""LTE"",""pci"":418,""earfcn"":3050,""tac"":null,""rsrp"":-111,""rsrq"":-16,""rssi"":-85,""snr"":null,""ta"":0,""level"":1,""bands"":""7""}]",1005.14496,10,0.524,0.459,5,3,,,,"[{""b"":""dc:8e:8d:bf:e7:bc"",""s"":""DLive_E7B7"",""r"":-33,""f"":2412},{""b"":""dc:8e:8d:bf:e7:b6"",""s"":""DLive5G_E7B7"",""r"":-39,""f"":5220},{""b"":""ca:dd:6a:05:5c:1b"",""s"":""[LG_CeilingCassette A\/C]5c1b"",""r"":-58,""f"":2462},{""b"":""dc:8e:8d:bf:e6:93"",""s"":""DLive_E68E"",""r"":-65,""f"":2462},{""b"":""1e:39:29:f9:f9:45"",""s"":""[LG_CeilingCassette A\/C]f945"",""r"":-72,""f"":2462}]",""
1790513594078,2026-09-27 21:53:14,car,37.5465907,127.068246,12.338,0.45713806,90.00056,43.5,fused,1,LTE,NR_NSA,5G,true,false,true,false,false,52543750,273,2600,5,8282,450,06,-91,-9,-59,1,3,0,,,,4437,65621,0.0355,0.5250,4417,65601,0.0353,0.5248,false,6,0,6,-91,273,100,0.45713806,false,false,periodic,81,0,0,1,4999,,,,"[{""type"":""LTE"",""pci"":273,""earfcn"":100,""tac"":null,""rsrp"":-91,""rsrq"":-10,""rssi"":-71,""snr"":null,""ta"":0,""level"":3,""bands"":""1""},{""type"":""LTE"",""pci"":421,""earfcn"":2600,""tac"":null,""rsrp"":-94,""rsrq"":-14,""rssi"":-69,""snr"":null,""ta"":0,""level"":3,""bands"":""5""},{""type"":""LTE"",""pci"":421,""earfcn"":100,""tac"":null,""rsrp"":-104,""rsrq"":-20,""rssi"":-71,""snr"":null,""ta"":0,""level"":2,""bands"":""1""},{""type"":""LTE"",""pci"":273,""earfcn"":3050,""tac"":null,""rsrp"":-105,""rsrq"":-12,""rssi"":-83,""snr"":null,""ta"":0,""level"":2,""bands"":""7""},{""type"":""LTE"",""pci"":418,""earfcn"":3050,""tac"":null,""rsrp"":-111,""rsrq"":-17,""rssi"":-83,""snr"":null,""ta"":0,""level"":1,""bands"":""7""},{""type"":""LTE"",""pci"":272,""earfcn"":3050,""tac"":null,""rsrp"":-115,""rsrq"":-19,""rssi"":-85,""snr"":null,""ta"":0,""level"":1,""bands"":""7""}]",1005.1495,10,0.459,0.524,8,2,,,,"[{""b"":""dc:8e:8d:bf:e7:bc"",""s"":""DLive_E7B7"",""r"":-33,""f"":2412},{""b"":""dc:8e:8d:bf:e7:b6"",""s"":""DLive5G_E7B7"",""r"":-40,""f"":5220},{""b"":""dc:8e:8d:bf:e7:4e"",""s"":""DLive_E749"",""r"":-70,""f"":2412},{""b"":""dc:8e:8d:bf:e6:93"",""s"":""DLive_E68E"",""r"":-72,""f"":2462},{""b"":""1e:39:29:f9:f9:45"",""s"":""[LG_CeilingCassette A\/C]f945"",""r"":-73,""f"":2462},{""b"":""58:86:94:5b:74:de"",""s"":""Trees"",""r"":-83,""f"":2437},{""b"":""02:1d:ec:df:4d:c6"",""s"":""KT_IPTV_WiFi_2G_4DC6"",""r"":-85,""f"":2452},{""b"":""00:06:ac:10:21:e2"",""s"":""T wifi zone"",""r"":-85,""f"":2472}]",""
1790513599087,2026-09-27 21:53:19,car,37.546591,127.0682486,12.388,0.4266771,89.99976,43.5,fused,0,LTE,NR_NSA,5G,true,false,true,false,false,52543750,273,2600,5,8282,450,06,-91,-9,-63,-2,3,0,,,,2304,64364,0.0184,0.5149,2264,64324,0.0181,0.5146,false,6,0,6,-91,273,100,0.4266771,false,false,periodic,86,0,0,-3,2917,,,,"[{""type"":""LTE"",""pci"":273,""earfcn"":100,""tac"":null,""rsrp"":-91,""rsrq"":-9,""rssi"":-71,""snr"":null,""ta"":0,""level"":3,""bands"":""1""},{""type"":""LTE"",""pci"":421,""earfcn"":2600,""tac"":null,""rsrp"":-94,""rsrq"":-15,""rssi"":-69,""snr"":null,""ta"":0,""level"":3,""bands"":""5""},{""type"":""LTE"",""pci"":421,""earfcn"":100,""tac"":null,""rsrp"":-100,""rsrq"":-19,""rssi"":-71,""snr"":null,""ta"":0,""level"":2,""bands"":""1""},{""type"":""LTE"",""pci"":273,""earfcn"":3050,""tac"":null,""rsrp"":-106,""rsrq"":-12,""rssi"":-83,""snr"":null,""ta"":0,""level"":1,""bands"":""7""},{""type"":""LTE"",""pci"":418,""earfcn"":3050,""tac"":null,""rsrp"":-110,""rsrq"":-16,""rssi"":-83,""snr"":null,""ta"":0,""level"":1,""bands"":""7""},{""type"":""LTE"",""pci"":272,""earfcn"":3050,""tac"":null,""rsrp"":-111,""rsrq"":-17,""rssi"":-85,""snr"":null,""ta"":0,""level"":1,""bands"":""7""}]",1005.1773,11,0.459,0.459,6,2,,,,"[{""b"":""dc:8e:8d:bf:e7:bc"",""s"":""DLive_E7B7"",""r"":-33,""f"":2412},{""b"":""dc:8e:8d:bf:e7:b6"",""s"":""DLive5G_E7B7"",""r"":-40,""f"":5220},{""b"":""dc:8e:8d:bf:e6:93"",""s"":""DLive_E68E"",""r"":-57,""f"":2462},{""b"":""ca:dd:6a:05:5c:1b"",""s"":""[LG_CeilingCassette A\/C]5c1b"",""r"":-58,""f"":2462},{""b"":""1e:39:29:f9:f9:45"",""s"":""[LG_CeilingCassette A\/C]f945"",""r"":-72,""f"":2462},{""b"":""36:e6:e6:e8:d8:bf"",""s"":"""",""r"":-76,""f"":2412}]",""
1790513604099,2026-09-27 21:53:24,car,37.5465837,127.0682405,11.54,0.41935837,90.00047,43.5,fused,1,LTE,NR_NSA,5G,true,false,true,false,false,52543750,273,2600,5,8282,450,06,-91,-11,-59,-1,3,0,,,,4214,65455,0.0337,0.5236,4194,65435,0.0336,0.5235,false,6,0,6,-89,273,100,0.41935837,false,false,periodic,91,0,0,1,2264,,,,"[{""type"":""LTE"",""pci"":273,""earfcn"":100,""tac"":null,""rsrp"":-89,""rsrq"":-10,""rssi"":-71,""snr"":null,""ta"":0,""level"":3,""bands"":""1""},{""type"":""LTE"",""pci"":421,""earfcn"":2600,""tac"":null,""rsrp"":-96,""rsrq"":-17,""rssi"":-69,""snr"":null,""ta"":0,""level"":2,""bands"":""5""},{""type"":""LTE"",""pci"":421,""earfcn"":100,""tac"":null,""rsrp"":-98,""rsrq"":-20,""rssi"":-67,""snr"":null,""ta"":0,""level"":2,""bands"":""1""},{""type"":""LTE"",""pci"":273,""earfcn"":3050,""tac"":null,""rsrp"":-102,""rsrq"":-10,""rssi"":-83,""snr"":null,""ta"":0,""level"":2,""bands"":""7""},{""type"":""LTE"",""pci"":418,""earfcn"":3050,""tac"":null,""rsrp"":-110,""rsrq"":-17,""rssi"":-83,""snr"":null,""ta"":0,""level"":1,""bands"":""7""},{""type"":""LTE"",""pci"":272,""earfcn"":3050,""tac"":null,""rsrp"":-110,""rsrq"":-17,""rssi"":-83,""snr"":null,""ta"":0,""level"":1,""bands"":""7""}]",1005.13477,11,0.524,0.459,6,4,,,,"[{""b"":""dc:8e:8d:bf:e7:bc"",""s"":""DLive_E7B7"",""r"":-33,""f"":2412},{""b"":""dc:8e:8d:bf:e7:b6"",""s"":""DLive5G_E7B7"",""r"":-41,""f"":5220},{""b"":""ca:dd:6a:05:5c:1b"",""s"":""[LG_CeilingCassette A\/C]5c1b"",""r"":-55,""f"":2462},{""b"":""1e:39:29:f9:f9:45"",""s"":""[LG_CeilingCassette A\/C]f945"",""r"":-69,""f"":2462},{""b"":""dc:8e:8d:bf:e7:17"",""s"":""DLive_E712"",""r"":-70,""f"":2462},{""b"":""dc:8e:8d:bf:e7:11"",""s"":""DLive5G_E712"",""r"":-94,""f"":5220}]",""
1790513609111,2026-09-27 21:53:29,car,37.5465821,127.0682433,14.47,0.473552,90.00353,43.5,fused,0,LTE,NR_NSA,5G,true,false,true,false,false,52543750,273,2600,5,8282,450,06,-91,-13,-59,-1,3,0,,,,335351,83804,2.6828,0.6704,335311,83764,2.6825,0.6701,false,6,0,6,-90,273,100,0.473552,false,false,periodic,96,0,0,0,2273,,,,"[{""type"":""LTE"",""pci"":273,""earfcn"":100,""tac"":null,""rsrp"":-90,""rsrq"":-9,""rssi"":-71,""snr"":null,""ta"":0,""level"":3,""bands"":""1""},{""type"":""LTE"",""pci"":421,""earfcn"":2600,""tac"":null,""rsrp"":-95,""rsrq"":-18,""rssi"":-67,""snr"":null,""ta"":0,""level"":3,""bands"":""5""},{""type"":""LTE"",""pci"":421,""earfcn"":100,""tac"":null,""rsrp"":-103,""rsrq"":-20,""rssi"":-73,""snr"":null,""ta"":0,""level"":2,""bands"":""1""},{""type"":""LTE"",""pci"":273,""earfcn"":3050,""tac"":null,""rsrp"":-105,""rsrq"":-10,""rssi"":-85,""snr"":null,""ta"":0,""level"":2,""bands"":""7""},{""type"":""LTE"",""pci"":418,""earfcn"":3050,""tac"":null,""rsrp"":-110,""rsrq"":-15,""rssi"":-85,""snr"":null,""ta"":0,""level"":1,""bands"":""7""},{""type"":""LTE"",""pci"":272,""earfcn"":3050,""tac"":null,""rsrp"":-110,""rsrq"":-16,""rssi"":-85,""snr"":null,""ta"":0,""level"":1,""bands"":""7""}]",1005.1501,10,0.480,0.524,6,9,,,,"[{""b"":""dc:8e:8d:bf:e7:bc"",""s"":""DLive_E7B7"",""r"":-33,""f"":2412},{""b"":""dc:8e:8d:bf:e7:b6"",""s"":""DLive5G_E7B7"",""r"":-41,""f"":5220},{""b"":""ca:dd:6a:05:5c:1b"",""s"":""[LG_CeilingCassette A\/C]5c1b"",""r"":-55,""f"":2462},{""b"":""1e:39:29:f9:f9:45"",""s"":""[LG_CeilingCassette A\/C]f945"",""r"":-69,""f"":2462},{""b"":""dc:8e:8d:bf:e7:17"",""s"":""DLive_E712"",""r"":-70,""f"":2462},{""b"":""dc:8e:8d:bf:e7:11"",""s"":""DLive5G_E712"",""r"":-94,""f"":5220}]",""
1790513614134,2026-09-27 21:53:34,car,37.5465884,127.0682403,14.413,0.43982747,89.99643,43.5,fused,1,LTE,NR_NSA,5G,true,false,true,false,false,52543750,273,2600,5,8282,450,06,-91,-12,-61,-1,3,0,,,,10372,67311,0.0830,0.5385,10352,67292,0.0828,0.5383,false,6,0,6,-90,273,100,0.43982747,false,false,periodic,101,0,0,0,1560,,,,"[{""type"":""LTE"",""pci"":273,""earfcn"":100,""tac"":null,""rsrp"":-90,""rsrq"":-11,""rssi"":-67,""snr"":null,""ta"":0,""level"":3,""bands"":""1""},{""type"":""LTE"",""pci"":421,""earfcn"":2600,""tac"":null,""rsrp"":-95,""rsrq"":-16,""rssi"":-67,""snr"":null,""ta"":0,""level"":3,""bands"":""5""},{""type"":""LTE"",""pci"":421,""earfcn"":100,""tac"":null,""rsrp"":-104,""rsrq"":-20,""rssi"":-73,""snr"":null,""ta"":0,""level"":2,""bands"":""1""},{""type"":""LTE"",""pci"":273,""earfcn"":3050,""tac"":null,""rsrp"":-107,""rsrq"":-12,""rssi"":-85,""snr"":null,""ta"":0,""level"":1,""bands"":""7""},{""type"":""LTE"",""pci"":418,""earfcn"":3050,""tac"":null,""rsrp"":-109,""rsrq"":-14,""rssi"":-85,""snr"":null,""ta"":0,""level"":1,""bands"":""7""},{""type"":""LTE"",""pci"":272,""earfcn"":3050,""tac"":null,""rsrp"":-112,""rsrq"":-17,""rssi"":-85,""snr"":null,""ta"":0,""level"":1,""bands"":""7""}]",1005.1446,11,0.459,0.524,3,6,,,,"[{""b"":""dc:8e:8d:bf:e7:bc"",""s"":""DLive_E7B7"",""r"":-36,""f"":2412},{""b"":""dc:8e:8d:bf:e7:b6"",""s"":""DLive5G_E7B7"",""r"":-42,""f"":5220},{""b"":""1e:39:29:f9:f9:45"",""s"":""[LG_CeilingCassette A\/C]f945"",""r"":-72,""f"":2462}]",""
1790513619146,2026-09-27 21:53:39,car,37.5465917,127.0682408,12.776,0.36463082,89.998535,43.5,fused,0,LTE,NR_NSA,5G,true,false,true,false,false,52543750,273,2600,5,8282,450,06,-91,-10,-61,-2,3,0,,,,3793,63782,0.0303,0.5103,3753,63742,0.0300,0.5099,false,6,0,6,-89,273,100,0.36463082,false,false,periodic,106,0,0,-1,807,,,,"[{""type"":""LTE"",""pci"":273,""earfcn"":100,""tac"":null,""rsrp"":-89,""rsrq"":-11,""rssi"":-67,""snr"":null,""ta"":0,""level"":3,""bands"":""1""},{""type"":""LTE"",""pci"":421,""earfcn"":2600,""tac"":null,""rsrp"":-94,""rsrq"":-15,""rssi"":-67,""snr"":null,""ta"":0,""level"":3,""bands"":""5""},{""type"":""LTE"",""pci"":421,""earfcn"":100,""tac"":null,""rsrp"":-101,""rsrq"":-20,""rssi"":-69,""snr"":null,""ta"":0,""level"":2,""bands"":""1""},{""type"":""LTE"",""pci"":273,""earfcn"":3050,""tac"":null,""rsrp"":-108,""rsrq"":-11,""rssi"":-85,""snr"":null,""ta"":0,""level"":1,""bands"":""7""},{""type"":""LTE"",""pci"":418,""earfcn"":3050,""tac"":null,""rsrp"":-110,""rsrq"":-16,""rssi"":-85,""snr"":null,""ta"":0,""level"":1,""bands"":""7""},{""type"":""LTE"",""pci"":272,""earfcn"":3050,""tac"":null,""rsrp"":-112,""rsrq"":-17,""rssi"":-85,""snr"":null,""ta"":0,""level"":1,""bands"":""7""}]",1005.0385,12,0.524,0.459,6,5,,,,"[{""b"":""dc:8e:8d:bf:e7:bc"",""s"":""DLive_E7B7"",""r"":-40,""f"":2412},{""b"":""dc:8e:8d:bf:e7:b6"",""s"":""DLive5G_E7B7"",""r"":-41,""f"":5220},{""b"":""ca:dd:6a:05:5c:1b"",""s"":""[LG_CeilingCassette A\/C]5c1b"",""r"":-56,""f"":2462},{""b"":""88:36:6c:6a:84:c2"",""s"":""hong"",""r"":-76,""f"":2427},{""b"":""70:5d:cc:e0:23:50"",""s"":""603"",""r"":-83,""f"":2417},{""b"":""50:46:ae:36:27:2a"",""s"":""U+Net1D88"",""r"":-85,""f"":2462}]",""
1790513621092,2026-09-27 21:53:41,car,37.5465918,127.068239,12.732,0.3651849,89.99966,43.5,fused,0,LTE,NR_NSA,5G,true,false,true,false,false,52545035,421,2600,5,8282,450,06,-88,-13,-57,0,3,0,,,,2145,63611,0.0172,0.5089,2145,66581,0.0172,0.5326,false,2,0,2,-94,273,2600,0.3651849,true,false,handover,0,1,,,5,52543750,-91,-10,"[{""type"":""LTE"",""pci"":273,""earfcn"":2600,""tac"":null,""rsrp"":-94,""rsrq"":-11,""rssi"":-65,""snr"":null,""ta"":0,""level"":3,""bands"":""5""},{""type"":""LTE"",""pci"":418,""earfcn"":2600,""tac"":null,""rsrp"":-96,""rsrq"":-20,""rssi"":-65,""snr"":null,""ta"":0,""level"":2,""bands"":""5""}]",1005.1809,12,0.459,0.459,8,2,,,,"[{""b"":""dc:8e:8d:bf:e7:bc"",""s"":""DLive_E7B7"",""r"":-34,""f"":2412},{""b"":""dc:8e:8d:bf:e7:b6"",""s"":""DLive5G_E7B7"",""r"":-40,""f"":5220},{""b"":""ca:dd:6a:05:5c:1b"",""s"":""[LG_CeilingCassette A\/C]5c1b"",""r"":-56,""f"":2462},{""b"":""dc:8e:8d:bf:e6:93"",""s"":""DLive_E68E"",""r"":-62,""f"":2462},{""b"":""1e:39:29:f9:f9:45"",""s"":""[LG_CeilingCassette A\/C]f945"",""r"":-66,""f"":2462},{""b"":""1e:39:29:f9:f9:7d"",""s"":""[LG_CeilingCassette A\/C]f97d"",""r"":-71,""f"":2462},{""b"":""28:4e:e9:4b:68:9a"",""s"":""U+Net689B"",""r"":-84,""f"":2412},{""b"":""dc:8e:8d:bf:e7:11"",""s"":""DLive5G_E712"",""r"":-94,""f"":5220}]","[{""type"":""LTE"",""pci"":273,""earfcn"":100,""tac"":null,""rsrp"":-89,""rsrq"":-11,""rssi"":-67,""snr"":null,""ta"":0,""level"":3,""bands"":""1""},{""type"":""LTE"",""pci"":421,""earfcn"":2600,""tac"":null,""rsrp"":-94,""rsrq"":-15,""rssi"":-67,""snr"":null,""ta"":0,""level"":3,""bands"":""5""},{""type"":""LTE"",""pci"":421,""earfcn"":100,""tac"":null,""rsrp"":-101,""rsrq"":-20,""rssi"":-69,""snr"":null,""ta"":0,""level"":2,""bands"":""1""},{""type"":""LTE"",""pci"":273,""earfcn"":3050,""tac"":null,""rsrp"":-108,""rsrq"":-11,""rssi"":-85,""snr"":null,""ta"":0,""level"":1,""bands"":""7""},{""type"":""LTE"",""pci"":418,""earfcn"":3050,""tac"":null,""rsrp"":-110,""rsrq"":-16,""rssi"":-85,""snr"":null,""ta"":0,""level"":1,""bands"":""7""},{""type"":""LTE"",""pci"":272,""earfcn"":3050,""tac"":null,""rsrp"":-112,""rsrq"":-17,""rssi"":-85,""snr"":null,""ta"":0,""level"":1,""bands"":""7""}]"
1790513624158,2026-09-27 21:53:44,car,37.546589,127.0682394,11.614,0.40912783,90.0024,43.5,fused,1,LTE,NR_NSA,5G,true,false,true,false,false,52545035,421,2600,5,8282,450,06,-90,-14,-57,1,3,0,,,,2659,66501,0.0213,0.5320,2626,64583,0.0210,0.5167,false,2,0,2,-93,273,2600,0.40912783,false,false,periodic,3,1,-2,1,141,,,,"[{""type"":""LTE"",""pci"":273,""earfcn"":2600,""tac"":null,""rsrp"":-93,""rsrq"":-12,""rssi"":-65,""snr"":null,""ta"":0,""level"":3,""bands"":""5""},{""type"":""LTE"",""pci"":418,""earfcn"":2600,""tac"":null,""rsrp"":-98,""rsrq"":-20,""rssi"":-65,""snr"":null,""ta"":0,""level"":2,""bands"":""5""}]",1005.13715,10,0.459,0.459,8,5,,,,"[{""b"":""dc:8e:8d:bf:e7:bc"",""s"":""DLive_E7B7"",""r"":-34,""f"":2412},{""b"":""dc:8e:8d:bf:e7:b6"",""s"":""DLive5G_E7B7"",""r"":-40,""f"":5220},{""b"":""ca:dd:6a:05:5c:1b"",""s"":""[LG_CeilingCassette A\/C]5c1b"",""r"":-56,""f"":2462},{""b"":""dc:8e:8d:bf:e6:93"",""s"":""DLive_E68E"",""r"":-62,""f"":2462},{""b"":""1e:39:29:f9:f9:45"",""s"":""[LG_CeilingCassette A\/C]f945"",""r"":-66,""f"":2462},{""b"":""1e:39:29:f9:f9:7d"",""s"":""[LG_CeilingCassette A\/C]f97d"",""r"":-71,""f"":2462},{""b"":""28:4e:e9:4b:68:9a"",""s"":""U+Net689B"",""r"":-84,""f"":2412},{""b"":""dc:8e:8d:bf:e7:11"",""s"":""DLive5G_E712"",""r"":-94,""f"":5220}]",""
1790513629168,2026-09-27 21:53:49,car,37.5465901,127.0682437,12.112,0.48506021,89.99702,43.5,fused,0,LTE,NR_NSA,5G,true,false,true,false,false,52545035,421,2600,5,8282,450,06,-90,-14,-57,1,3,0,,,,1272946,69669,10.1836,0.5574,1272926,69649,10.1834,0.5572,false,2,0,2,-93,273,2600,0.48506021,false,false,periodic,8,1,0,0,5150,,,,"[{""type"":""LTE"",""pci"":273,""earfcn"":2600,""tac"":null,""rsrp"":-93,""rsrq"":-12,""rssi"":-65,""snr"":null,""ta"":0,""level"":3,""bands"":""5""},{""type"":""LTE"",""pci"":418,""earfcn"":2600,""tac"":null,""rsrp"":-98,""rsrq"":-20,""rssi"":-65,""snr"":null,""ta"":0,""level"":2,""bands"":""5""}]",1005.16345,10,0.459,0.524,6,4,,,,"[{""b"":""dc:8e:8d:bf:e7:bc"",""s"":""DLive_E7B7"",""r"":-31,""f"":2412},{""b"":""dc:8e:8d:bf:e7:b6"",""s"":""DLive5G_E7B7"",""r"":-44,""f"":5220},{""b"":""dc:8e:8d:bf:e6:93"",""s"":""DLive_E68E"",""r"":-66,""f"":2462},{""b"":""36:e6:e6:e8:d8:bf"",""s"":"""",""r"":-69,""f"":2412},{""b"":""dc:8e:8d:bf:e7:11"",""s"":""DLive5G_E712"",""r"":-91,""f"":5220},{""b"":""dc:8e:8d:bf:e7:48"",""s"":""DLive5G_E749"",""r"":-94,""f"":5220}]",""
1790513634180,2026-09-27 21:53:54,car,37.5465928,127.0682457,11.979,0.43706158,89.99708,43.5,fused,1,LTE,NR_NSA,5G,true,false,true,false,false,52545035,421,2600,5,8282,450,06,-90,-13,-59,4,3,0,,,,12096,67248,0.0968,0.5380,12076,67228,0.0966,0.5378,false,1,0,1,-94,273,2600,0.43706158,false,false,periodic,13,1,0,3,5001,,,,"[{""type"":""LTE"",""pci"":273,""earfcn"":2600,""tac"":null,""rsrp"":-94,""rsrq"":-10,""rssi"":-65,""snr"":null,""ta"":0,""level"":3,""bands"":""5""}]",1005.1488,105,0.459,0.459,7,6,,,,"[{""b"":""dc:8e:8d:bf:e7:bc"",""s"":""DLive_E7B7"",""r"":-31,""f"":2412},{""b"":""dc:8e:8d:bf:e7:b6"",""s"":""DLive5G_E7B7"",""r"":-44,""f"":5220},{""b"":""ca:dd:6a:05:5c:1b"",""s"":""[LG_CeilingCassette A\/C]5c1b"",""r"":-59,""f"":2462},{""b"":""dc:8e:8d:bf:e7:4e"",""s"":""DLive_E749"",""r"":-70,""f"":2412},{""b"":""50:46:ae:36:27:2a"",""s"":""U+Net1D88"",""r"":-83,""f"":2462},{""b"":""dc:8e:8d:bf:e7:11"",""s"":""DLive5G_E712"",""r"":-92,""f"":5220},{""b"":""dc:8e:8d:bf:e7:48"",""s"":""DLive5G_E749"",""r"":-94,""f"":5220}]",""
1790513639188,2026-09-27 21:53:59,car,37.5465958,127.068247,13.252,0.9338609,89.985306,43.5,fused,1,LTE,NR_NSA,5G,true,false,true,false,false,52545035,421,2600,5,8282,450,06,-89,-14,-57,4,3,0,,,,5238,66021,0.0419,0.5282,5218,66001,0.0417,0.5280,false,2,0,2,-94,273,2600,0.9338609,false,false,periodic,18,1,1,0,5002,,,,"[{""type"":""LTE"",""pci"":273,""earfcn"":2600,""tac"":null,""rsrp"":-94,""rsrq"":-11,""rssi"":-63,""snr"":null,""ta"":0,""level"":3,""bands"":""5""},{""type"":""LTE"",""pci"":418,""earfcn"":2600,""tac"":null,""rsrp"":-97,""rsrq"":-20,""rssi"":-63,""snr"":null,""ta"":0,""level"":2,""bands"":""5""}]",1005.1178,11,0.459,0.459,7,3,,,,"[{""b"":""dc:8e:8d:bf:e7:bc"",""s"":""DLive_E7B7"",""r"":-31,""f"":2412},{""b"":""dc:8e:8d:bf:e7:b6"",""s"":""DLive5G_E7B7"",""r"":-44,""f"":5220},{""b"":""ca:dd:6a:05:5c:1b"",""s"":""[LG_CeilingCassette A\/C]5c1b"",""r"":-56,""f"":2462},{""b"":""90:9f:33:a1:f3:26"",""s"":""iptime_mmmm"",""r"":-82,""f"":2447},{""b"":""b0:38:6c:08:f1:02"",""s"":""🍟"",""r"":-84,""f"":2412},{""b"":""dc:8e:8d:bf:e7:11"",""s"":""DLive5G_E712"",""r"":-92,""f"":5220},{""b"":""dc:8e:8d:bf:e7:48"",""s"":""DLive5G_E749"",""r"":-94,""f"":5220}]",""
1790513644201,2026-09-27 21:54:04,car,37.5465959,127.068259,15.6,0.9381291,89.996346,43.5,fused,1,LTE,NR_NSA,5G,true,false,true,false,false,52545035,421,2600,5,8282,450,06,-90,-13,-59,4,3,0,,,,3145,66098,0.0252,0.5288,3105,66058,0.0248,0.5285,false,2,0,2,-95,273,2600,0.9381291,false,false,periodic,23,1,-1,0,5002,,,,"[{""type"":""LTE"",""pci"":273,""earfcn"":2600,""tac"":null,""rsrp"":-95,""rsrq"":-10,""rssi"":-67,""snr"":null,""ta"":0,""level"":3,""bands"":""5""},{""type"":""LTE"",""pci"":418,""earfcn"":2600,""tac"":null,""rsrp"":-98,""rsrq"":-19,""rssi"":-67,""snr"":null,""ta"":0,""level"":2,""bands"":""5""}]",1005.15796,12,0.524,0.524,6,3,,,,"[{""b"":""dc:8e:8d:bf:e7:bc"",""s"":""DLive_E7B7"",""r"":-31,""f"":2412},{""b"":""dc:8e:8d:bf:e7:b6"",""s"":""DLive5G_E7B7"",""r"":-47,""f"":5220},{""b"":""ca:dd:6a:05:5c:1b"",""s"":""[LG_CeilingCassette A\/C]5c1b"",""r"":-53,""f"":2462},{""b"":""1e:39:29:f9:f9:45"",""s"":""[LG_CeilingCassette A\/C]f945"",""r"":-69,""f"":2462},{""b"":""dc:8e:8d:bf:e7:4e"",""s"":""DLive_E749"",""r"":-71,""f"":2412},{""b"":""dc:8e:8d:bf:e7:11"",""s"":""DLive5G_E712"",""r"":-93,""f"":5220}]",""
1790513649212,2026-09-27 21:54:09,car,37.5465925,127.0682582,17.226,0.36890548,90.01786,43.5,fused,0,LTE,NR_NSA,5G,true,false,true,false,false,52545035,421,2600,5,8282,450,06,-92,-14,-59,3,3,0,,,,14564,64820,0.1165,0.5186,14544,64800,0.1164,0.5184,false,2,0,2,-94,273,2600,0.36890548,false,false,periodic,28,1,-2,-1,5001,,,,"[{""type"":""LTE"",""pci"":273,""earfcn"":2600,""tac"":null,""rsrp"":-94,""rsrq"":-11,""rssi"":-67,""snr"":null,""ta"":0,""level"":3,""bands"":""5""},{""type"":""LTE"",""pci"":418,""earfcn"":2600,""tac"":null,""rsrp"":-99,""rsrq"":-20,""rssi"":-67,""snr"":null,""ta"":0,""level"":2,""bands"":""5""}]",1005.1356,13,0.459,0.459,10,2,,,,"[{""b"":""dc:8e:8d:bf:e7:bc"",""s"":""DLive_E7B7"",""r"":-40,""f"":2412},{""b"":""dc:8e:8d:bf:e7:b6"",""s"":""DLive5G_E7B7"",""r"":-47,""f"":5220},{""b"":""dc:8e:8d:bf:e6:93"",""s"":""DLive_E68E"",""r"":-64,""f"":2462},{""b"":""1e:39:29:f9:f9:45"",""s"":""[LG_CeilingCassette A\/C]f945"",""r"":-66,""f"":2462},{""b"":""dc:8e:8d:bf:e7:4e"",""s"":""DLive_E749"",""r"":-69,""f"":2412},{""b"":""1e:39:29:f9:f9:7d"",""s"":""[LG_CeilingCassette A\/C]f97d"",""r"":-76,""f"":2462},{""b"":""88:3c:1c:47:e8:bc"",""s"":""KT_GiGA_2G_E8B8"",""r"":-79,""f"":2422},{""b"":""da:e3:5e:f5:14:7c"",""s"":""[LG_Wall-Mount A\/C]147c"",""r"":-82,""f"":2452},{""b"":""dc:8e:8d:bf:e7:48"",""s"":""DLive5G_E749"",""r"":-90,""f"":5220},{""b"":""dc:8e:8d:bf:e7:11"",""s"":""DLive5G_E712"",""r"":-92,""f"":5220}]",""
1790513654223,2026-09-27 21:54:14,car,37.5465928,127.0682483,12.688,0.14756553,89.999855,43.5,fused,0,LTE,NR_NSA,5G,true,false,true,false,false,52545035,421,2600,5,8282,450,06,-94,-14,-63,3,3,0,,,,27267,76783,0.2181,0.6143,27207,76723,0.2177,0.6138,false,2,0,2,-93,273,2600,0.14756553,false,false,periodic,33,0,-2,0,2439,,,,"[{""type"":""LTE"",""pci"":273,""earfcn"":2600,""tac"":null,""rsrp"":-93,""rsrq"":-13,""rssi"":-69,""snr"":null,""ta"":0,""level"":3,""bands"":""5""},{""type"":""LTE"",""pci"":418,""earfcn"":2600,""tac"":null,""rsrp"":-103,""rsrq"":-20,""rssi"":-69,""snr"":null,""ta"":0,""level"":2,""bands"":""5""}]",1005.1339,11,0.459,0.459,4,1,,,,"[{""b"":""dc:8e:8d:bf:e7:b6"",""s"":""DLive5G_E7B7"",""r"":-43,""f"":5220},{""b"":""dc:8e:8d:bf:e7:bc"",""s"":""DLive_E7B7"",""r"":-68,""f"":2412},{""b"":""dc:8e:8d:bf:e7:17"",""s"":""DLive_E712"",""r"":-70,""f"":2462},{""b"":""72:7f:f0:63:d5:4c"",""s"":"""",""r"":-81,""f"":2457}]",""
1790513659243,2026-09-27 21:54:19,car,37.5465928,127.0682483,12.688,0.14756553,89.999855,43.5,fused,5,LTE,NR_NSA,5G,true,false,true,false,false,52545035,421,2600,5,8282,450,06,-95,-14,-65,3,3,0,,,,3907,68863,0.0313,0.5509,3887,68843,0.0311,0.5507,false,2,0,2,-95,273,2600,0.14756553,false,false,periodic,38,0,-1,0,1761,,,,"[{""type"":""LTE"",""pci"":273,""earfcn"":2600,""tac"":null,""rsrp"":-95,""rsrq"":-13,""rssi"":-73,""snr"":null,""ta"":0,""level"":3,""bands"":""5""},{""type"":""LTE"",""pci"":418,""earfcn"":2600,""tac"":null,""rsrp"":-101,""rsrq"":-18,""rssi"":-73,""snr"":null,""ta"":0,""level"":2,""bands"":""5""}]",1005.11395,12,0.524,0.524,4,6,,,,"[{""b"":""dc:8e:8d:bf:e7:b6"",""s"":""DLive5G_E7B7"",""r"":-43,""f"":5220},{""b"":""dc:8e:8d:bf:e7:bc"",""s"":""DLive_E7B7"",""r"":-68,""f"":2412},{""b"":""dc:8e:8d:bf:e7:17"",""s"":""DLive_E712"",""r"":-70,""f"":2462},{""b"":""72:7f:f0:63:d5:4c"",""s"":"""",""r"":-81,""f"":2457}]",""
1790513664253,2026-09-27 21:54:24,car,37.5465948,127.0682459,10.133,0.081626005,,43.5,fused,4,LTE,NR_NSA,5G,true,false,true,false,false,52545035,421,2600,5,8282,450,06,-95,-15,-61,2,3,0,,,,2125,65354,0.0170,0.5228,2085,65314,0.0167,0.5225,false,2,0,2,-94,273,2600,0.0024218315,false,false,periodic,43,0,0,-1,1505,,,,"[{""type"":""LTE"",""pci"":273,""earfcn"":2600,""tac"":null,""rsrp"":-94,""rsrq"":-14,""rssi"":-69,""snr"":null,""ta"":0,""level"":3,""bands"":""5""},{""type"":""LTE"",""pci"":418,""earfcn"":2600,""tac"":null,""rsrp"":-99,""rsrq"":-19,""rssi"":-69,""snr"":null,""ta"":0,""level"":2,""bands"":""5""}]",1005.12244,11,0.459,0.524,6,6,,,,"[{""b"":""dc:8e:8d:bf:e7:bc"",""s"":""DLive_E7B7"",""r"":-37,""f"":2412},{""b"":""dc:8e:8d:bf:e7:b6"",""s"":""DLive5G_E7B7"",""r"":-44,""f"":5220},{""b"":""dc:8e:8d:bf:e6:93"",""s"":""DLive_E68E"",""r"":-65,""f"":2462},{""b"":""36:e6:e6:e8:d8:bf"",""s"":"""",""r"":-67,""f"":2412},{""b"":""dc:8e:8d:bf:e7:17"",""s"":""DLive_E712"",""r"":-69,""f"":2462},{""b"":""1e:39:29:f9:f9:45"",""s"":""[LG_CeilingCassette A\/C]f945"",""r"":-69,""f"":2462}]",""
1790513669264,2026-09-27 21:54:29,car,37.5465955,127.0682429,8.143,0.18404028,89.999985,43.5,fused,0,LTE,NR_NSA,5G,true,false,true,false,false,52545035,421,2600,5,8282,450,06,-95,-14,-63,0,3,0,,,,2420,66942,0.0194,0.5355,2400,66922,0.0192,0.5354,false,2,0,2,-92,273,2600,0.18404028,false,false,periodic,48,0,0,-2,814,,,,"[{""type"":""LTE"",""pci"":273,""earfcn"":2600,""tac"":null,""rsrp"":-92,""rsrq"":-12,""rssi"":-71,""snr"":null,""ta"":0,""level"":3,""bands"":""5""},{""type"":""LTE"",""pci"":418,""earfcn"":2600,""tac"":null,""rsrp"":-103,""rsrq"":-20,""rssi"":-71,""snr"":null,""ta"":0,""level"":2,""bands"":""5""}]",1005.1482,12,0.459,0.459,7,5,,,,"[{""b"":""dc:8e:8d:bf:e7:bc"",""s"":""DLive_E7B7"",""r"":-34,""f"":2412},{""b"":""dc:8e:8d:bf:e7:b6"",""s"":""DLive5G_E7B7"",""r"":-43,""f"":5220},{""b"":""dc:8e:8d:bf:e6:93"",""s"":""DLive_E68E"",""r"":-65,""f"":2462},{""b"":""1e:39:29:f9:f9:45"",""s"":""[LG_CeilingCassette A\/C]f945"",""r"":-70,""f"":2462},{""b"":""1e:39:29:f9:f9:7d"",""s"":""[LG_CeilingCassette A\/C]f97d"",""r"":-81,""f"":2462},{""b"":""90:de:80:78:86:62"",""s"":""GNET_BB_MVR-S1_788662"",""r"":-81,""f"":2457},{""b"":""dc:8e:8d:bf:e7:11"",""s"":""DLive5G_E712"",""r"":-92,""f"":5220}]",""
1790513674278,2026-09-27 21:54:34,car,37.5465964,127.0682437,7.98,0.28287134,89.999374,43.5,fused,1,LTE,NR_NSA,5G,true,false,true,false,false,52545035,421,2600,5,8282,450,06,-94,-13,-63,0,3,0,,,,2315,65353,0.0185,0.5228,2295,65333,0.0184,0.5227,false,2,0,2,-92,273,2600,0.28287134,false,false,periodic,53,0,1,0,132,,,,"[{""type"":""LTE"",""pci"":273,""earfcn"":2600,""tac"":null,""rsrp"":-92,""rsrq"":-11,""rssi"":-69,""snr"":null,""ta"":0,""level"":3,""bands"":""5""},{""type"":""LTE"",""pci"":418,""earfcn"":2600,""tac"":null,""rsrp"":-103,""rsrq"":-20,""rssi"":-71,""snr"":null,""ta"":0,""level"":2,""bands"":""5""}]",1005.1248,10,0.459,0.459,10,5,,,,"[{""b"":""dc:8e:8d:bf:e7:bc"",""s"":""DLive_E7B7"",""r"":-34,""f"":2412},{""b"":""dc:8e:8d:bf:e7:b6"",""s"":""DLive5G_E7B7"",""r"":-43,""f"":5220},{""b"":""ca:dd:6a:05:5c:1b"",""s"":""[LG_CeilingCassette A\/C]5c1b"",""r"":-53,""f"":2462},{""b"":""dc:8e:8d:bf:e6:93"",""s"":""DLive_E68E"",""r"":-64,""f"":2462},{""b"":""36:e6:e6:e8:d8:bf"",""s"":"""",""r"":-67,""f"":2412},{""b"":""dc:8e:8d:bf:e7:4e"",""s"":""DLive_E749"",""r"":-71,""f"":2412},{""b"":""88:36:6c:6a:84:c2"",""s"":""hong"",""r"":-77,""f"":2427},{""b"":""08:5d:dd:9a:58:72"",""s"":""olleh_WiFi_586F"",""r"":-83,""f"":2442},{""b"":""70:5d:cc:a3:26:70"",""s"":""iptime_602"",""r"":-85,""f"":2432},{""b"":""dc:8e:8d:bf:e7:11"",""s"":""DLive5G_E712"",""r"":-92,""f"":5220}]",""
1790513679286,2026-09-27 21:54:39,car,37.5465958,127.0682466,8.664,0.39420936,89.99995,43.5,fused,0,LTE,NR_NSA,5G,true,false,true,false,false,52545035,421,2600,5,8282,450,06,-94,-13,-63,0,3,0,,,,2755,69717,0.0220,0.5577,2735,69697,0.0219,0.5576,false,2,0,2,-92,273,2600,0.39420936,false,false,periodic,58,0,0,0,5141,,,,"[{""type"":""LTE"",""pci"":273,""earfcn"":2600,""tac"":null,""rsrp"":-92,""rsrq"":-11,""rssi"":-69,""snr"":null,""ta"":0,""level"":3,""bands"":""5""},{""type"":""LTE"",""pci"":418,""earfcn"":2600,""tac"":null,""rsrp"":-103,""rsrq"":-20,""rssi"":-71,""snr"":null,""ta"":0,""level"":2,""bands"":""5""}]",1005.1108,13,0.524,0.524,7,4,,,,"[{""b"":""dc:8e:8d:bf:e7:bc"",""s"":""DLive_E7B7"",""r"":-34,""f"":2412},{""b"":""dc:8e:8d:bf:e7:b6"",""s"":""DLive5G_E7B7"",""r"":-44,""f"":5220},{""b"":""dc:8e:8d:bf:e6:93"",""s"":""DLive_E68E"",""r"":-64,""f"":2462},{""b"":""1e:39:29:f9:f9:45"",""s"":""[LG_CeilingCassette A\/C]f945"",""r"":-67,""f"":2462},{""b"":""b0:38:6c:08:f1:02"",""s"":""🍟"",""r"":-84,""f"":2412},{""b"":""90:9f:33:a1:f3:26"",""s"":""iptime_mmmm"",""r"":-84,""f"":2447},{""b"":""dc:8e:8d:bf:e7:11"",""s"":""DLive5G_E712"",""r"":-91,""f"":5220}]",""
1790513684297,2026-09-27 21:54:44,car,37.5465959,127.0682473,9.712,0.46405286,89.99963,43.5,fused,2,LTE,NR_NSA,5G,true,false,true,false,false,52545035,421,2600,5,8282,450,06,-93,-13,-61,4,3,0,,,,10924,64498,0.0874,0.5160,10884,64458,0.0871,0.5157,false,2,0,2,-95,273,2600,0.46405286,false,false,periodic,63,0,1,4,5001,,,,"[{""type"":""LTE"",""pci"":273,""earfcn"":2600,""tac"":null,""rsrp"":-95,""rsrq"":-10,""rssi"":-69,""snr"":null,""ta"":0,""level"":3,""bands"":""5""},{""type"":""LTE"",""pci"":418,""earfcn"":2600,""tac"":null,""rsrp"":-103,""rsrq"":-20,""rssi"":-69,""snr"":null,""ta"":0,""level"":2,""bands"":""5""}]",1005.1624,11,0.459,0.459,8,3,,,,"[{""b"":""dc:8e:8d:bf:e7:bc"",""s"":""DLive_E7B7"",""r"":-36,""f"":2412},{""b"":""dc:8e:8d:bf:e7:b6"",""s"":""DLive5G_E7B7"",""r"":-41,""f"":5220},{""b"":""1e:39:29:f9:f9:45"",""s"":""[LG_CeilingCassette A\/C]f945"",""r"":-68,""f"":2462},{""b"":""dc:8e:8d:bf:e7:17"",""s"":""DLive_E712"",""r"":-70,""f"":2462},{""b"":""1e:39:29:f9:f9:7d"",""s"":""[LG_CeilingCassette A\/C]f97d"",""r"":-79,""f"":2462},{""b"":""88:3c:1c:47:e8:bc"",""s"":""KT_GiGA_2G_E8B8"",""r"":-81,""f"":2422},{""b"":""da:e3:5e:f5:14:7c"",""s"":""[LG_Wall-Mount A\/C]147c"",""r"":-82,""f"":2452},{""b"":""dc:8e:8d:bf:e7:48"",""s"":""DLive5G_E749"",""r"":-93,""f"":5220}]",""
1790513687974,2026-09-27 21:54:47,car,37.5465973,127.0682543,11.342,0.48937377,89.99894,43.5,fused,0,LTE,NR_NSA,5G,true,false,true,false,false,52543750,273,2600,5,8282,450,06,-88,-12,-61,2,3,0,,,,2318,65022,0.0185,0.5202,2318,65022,0.0185,0.5202,false,1,0,1,-97,421,2600,0.48937377,true,false,handover,0,1,,,5,52545035,-93,-13,"[{""type"":""LTE"",""pci"":421,""earfcn"":2600,""tac"":null,""rsrp"":-97,""rsrq"":-15,""rssi"":-65,""snr"":null,""ta"":0,""level"":2,""bands"":""5""}]",1005.0339,11,0.459,0.459,5,1,,,,"[{""b"":""dc:8e:8d:bf:e7:bc"",""s"":""DLive_E7B7"",""r"":-35,""f"":2412},{""b"":""dc:8e:8d:bf:e7:b6"",""s"":""DLive5G_E7B7"",""r"":-46,""f"":5220},{""b"":""ca:dd:6a:05:5c:1b"",""s"":""[LG_CeilingCassette A\/C]5c1b"",""r"":-55,""f"":2462},{""b"":""1e:39:29:f9:f9:7d"",""s"":""[LG_CeilingCassette A\/C]f97d"",""r"":-79,""f"":2462},{""b"":""dc:8e:8d:bf:e7:48"",""s"":""DLive5G_E749"",""r"":-93,""f"":5220}]","[{""type"":""LTE"",""pci"":273,""earfcn"":2600,""tac"":null,""rsrp"":-95,""rsrq"":-10,""rssi"":-69,""snr"":null,""ta"":0,""level"":3,""bands"":""5""},{""type"":""LTE"",""pci"":418,""earfcn"":2600,""tac"":null,""rsrp"":-103,""rsrq"":-20,""rssi"":-69,""snr"":null,""ta"":0,""level"":2,""bands"":""5""}]"
1790513689315,2026-09-27 21:54:49,car,37.5465976,127.0682583,12.43,0.38216132,89.93593,43.5,fused,0,LTE,NR_NSA,5G,true,false,true,false,false,52543750,273,2600,5,8282,450,06,-88,-12,-61,2,3,0,,,,2827,66343,0.0226,0.5307,2753,66268,0.0220,0.5301,false,1,0,1,-97,421,2600,0.38216132,false,false,periodic,1,1,0,0,1347,,,,"[{""type"":""LTE"",""pci"":421,""earfcn"":2600,""tac"":null,""rsrp"":-97,""rsrq"":-15,""rssi"":-65,""snr"":null,""ta"":0,""level"":2,""bands"":""5""}]",1005.08636,11,0.459,0.459,5,3,,,,"[{""b"":""dc:8e:8d:bf:e7:bc"",""s"":""DLive_E7B7"",""r"":-35,""f"":2412},{""b"":""dc:8e:8d:bf:e7:b6"",""s"":""DLive5G_E7B7"",""r"":-46,""f"":5220},{""b"":""ca:dd:6a:05:5c:1b"",""s"":""[LG_CeilingCassette A\/C]5c1b"",""r"":-55,""f"":2462},{""b"":""1e:39:29:f9:f9:7d"",""s"":""[LG_CeilingCassette A\/C]f97d"",""r"":-79,""f"":2462},{""b"":""dc:8e:8d:bf:e7:48"",""s"":""DLive5G_E749"",""r"":-93,""f"":5220}]",""
1790513694323,2026-09-27 21:54:54,car,37.5465998,127.0682481,10.997,0.016107295,,43.5,fused,0,LTE,NR_NSA,5G,true,false,true,false,false,52543750,273,2600,5,8282,450,06,-87,-11,-55,2,3,0,,,,5703,65523,0.0456,0.5242,5683,65503,0.0455,0.5240,false,8,0,8,-87,273,100,5.5271587,false,false,periodic,6,1,1,0,4998,,,,"[{""type"":""LTE"",""pci"":273,""earfcn"":100,""tac"":null,""rsrp"":-87,""rsrq"":-6,""rssi"":-69,""snr"":null,""ta"":0,""level"":3,""bands"":""1""},{""type"":""LTE"",""pci"":273,""earfcn"":3050,""tac"":null,""rsrp"":-93,""rsrq"":-7,""rssi"":-75,""snr"":null,""ta"":0,""level"":3,""bands"":""7""},{""type"":""LTE"",""pci"":109,""earfcn"":2600,""tac"":null,""rsrp"":-97,""rsrq"":-20,""rssi"":-65,""snr"":null,""ta"":0,""level"":2,""bands"":""5""},{""type"":""LTE"",""pci"":272,""earfcn"":2600,""tac"":null,""rsrp"":-98,""rsrq"":-17,""rssi"":-65,""snr"":null,""ta"":0,""level"":2,""bands"":""5""},{""type"":""LTE"",""pci"":421,""earfcn"":100,""tac"":null,""rsrp"":-99,""rsrq"":-17,""rssi"":-69,""snr"":null,""ta"":0,""level"":2,""bands"":""1""},{""type"":""LTE"",""pci"":421,""earfcn"":2600,""tac"":null,""rsrp"":-100,""rsrq"":-16,""rssi"":-69,""snr"":null,""ta"":0,""level"":2,""bands"":""5""},{""type"":""LTE"",""pci"":272,""earfcn"":3050,""tac"":null,""rsrp"":-109,""rsrq"":-20,""rssi"":-75,""snr"":null,""ta"":0,""level"":1,""bands"":""7""},{""type"":""LTE"",""pci"":418,""earfcn"":3050,""tac"":null,""rsrp"":-113,""rsrq"":-15,""rssi"":-77,""snr"":null,""ta"":0,""level"":1,""bands"":""7""}]",1005.0757,11,0.524,0.524,3,5,,,,"[{""b"":""dc:8e:8d:bf:e7:bc"",""s"":""DLive_E7B7"",""r"":-39,""f"":2412},{""b"":""dc:8e:8d:bf:e7:b6"",""s"":""DLive5G_E7B7"",""r"":-50,""f"":5220},{""b"":""ca:dd:6a:05:5c:1b"",""s"":""[LG_CeilingCassette A\/C]5c1b"",""r"":-57,""f"":2462}]",""
1790513699334,2026-09-27 21:54:59,car,37.5466011,127.0682458,8.715,0.0752518,,43.5,fused,0,LTE,NR_NSA,5G,true,false,true,false,false,52543750,273,2600,5,8282,450,06,-90,-11,-61,5,3,0,,,,7343,67041,0.0587,0.5363,7323,67021,0.0586,0.5362,false,9,0,9,-87,273,100,0.0134806065,false,false,periodic,11,1,-3,3,5001,,,,"[{""type"":""LTE"",""pci"":273,""earfcn"":100,""tac"":null,""rsrp"":-87,""rsrq"":-9,""rssi"":-69,""snr"":null,""ta"":0,""level"":3,""bands"":""1""},{""type"":""LTE"",""pci"":272,""earfcn"":2600,""tac"":null,""rsrp"":-94,""rsrq"":-18,""rssi"":-67,""snr"":null,""ta"":0,""level"":3,""bands"":""5""},{""type"":""LTE"",""pci"":421,""earfcn"":2600,""tac"":null,""rsrp"":-101,""rsrq"":-20,""rssi"":-69,""snr"":null,""ta"":0,""level"":2,""bands"":""5""},{""type"":""LTE"",""pci"":273,""earfcn"":3050,""tac"":null,""rsrp"":-101,""rsrq"":-12,""rssi"":-79,""snr"":null,""ta"":0,""level"":2,""bands"":""7""},{""type"":""LTE"",""pci"":421,""earfcn"":100,""tac"":null,""rsrp"":-101,""rsrq"":-17,""rssi"":-69,""snr"":null,""ta"":0,""level"":2,""bands"":""1""},{""type"":""LTE"",""pci"":59,""earfcn"":2600,""tac"":null,""rsrp"":-104,""rsrq"":-20,""rssi"":-73,""snr"":null,""ta"":0,""level"":2,""bands"":""5""},{""type"":""LTE"",""pci"":109,""earfcn"":2600,""tac"":null,""rsrp"":-105,""rsrq"":-20,""rssi"":-73,""snr"":null,""ta"":0,""level"":2,""bands"":""5""},{""type"":""LTE"",""pci"":272,""earfcn"":3050,""tac"":null,""rsrp"":-109,""rsrq"":-19,""rssi"":-79,""snr"":null,""ta"":0,""level"":1,""bands"":""7""},{""type"":""LTE"",""pci"":418,""earfcn"":3050,""tac"":null,""rsrp"":-114,""rsrq"":-20,""rssi"":-81,""snr"":null,""ta"":0,""level"":1,""bands"":""7""}]",1005.1254,12,0.459,0.459,6,2,,,,"[{""b"":""dc:8e:8d:bf:e7:bc"",""s"":""DLive_E7B7"",""r"":-34,""f"":2412},{""b"":""dc:8e:8d:bf:e7:b6"",""s"":""DLive5G_E7B7"",""r"":-50,""f"":5220},{""b"":""ca:dd:6a:05:5c:1b"",""s"":""[LG_CeilingCassette A\/C]5c1b"",""r"":-52,""f"":2462},{""b"":""dc:8e:8d:bf:e7:17"",""s"":""DLive_E712"",""r"":-68,""f"":2462},{""b"":""dc:8e:8d:bf:e7:48"",""s"":""DLive5G_E749"",""r"":-92,""f"":5220},{""b"":""dc:8e:8d:bf:e7:11"",""s"":""DLive5G_E712"",""r"":-94,""f"":5220}]",""
1790513704351,2026-09-27 21:55:04,car,37.5465987,127.0682453,8.551,0.063818045,,43.5,fused,1,LTE,NR_NSA,5G,true,false,true,false,false,52543750,273,2600,5,8282,450,06,-92,-12,-65,4,3,0,,,,4400,66306,0.0352,0.5304,4380,66287,0.0350,0.5303,false,8,0,8,-86,273,100,6.4507917E-6,false,false,periodic,16,1,-2,-1,2363,,,,"[{""type"":""LTE"",""pci"":273,""earfcn"":100,""tac"":null,""rsrp"":-86,""rsrq"":-9,""rssi"":-67,""snr"":null,""ta"":0,""level"":3,""bands"":""1""},{""type"":""LTE"",""pci"":273,""earfcn"":3050,""tac"":null,""rsrp"":-94,""rsrq"":-7,""rssi"":-79,""snr"":null,""ta"":0,""level"":3,""bands"":""7""},{""type"":""LTE"",""pci"":421,""earfcn"":2600,""tac"":null,""rsrp"":-97,""rsrq"":-14,""rssi"":-73,""snr"":null,""ta"":0,""level"":2,""bands"":""5""},{""type"":""LTE"",""pci"":421,""earfcn"":100,""tac"":null,""rsrp"":-99,""rsrq"":-14,""rssi"":-67,""snr"":null,""ta"":0,""level"":2,""bands"":""1""},{""type"":""LTE"",""pci"":272,""earfcn"":2600,""tac"":null,""rsrp"":-102,""rsrq"":-19,""rssi"":-73,""snr"":null,""ta"":0,""level"":2,""bands"":""5""},{""type"":""LTE"",""pci"":418,""earfcn"":100,""tac"":null,""rsrp"":-104,""rsrq"":-19,""rssi"":-69,""snr"":null,""ta"":0,""level"":2,""bands"":""1""},{""type"":""LTE"",""pci"":418,""earfcn"":3050,""tac"":null,""rsrp"":-107,""rsrq"":-18,""rssi"":-77,""snr"":null,""ta"":0,""level"":1,""bands"":""7""},{""type"":""LTE"",""pci"":272,""earfcn"":3050,""tac"":null,""rsrp"":-109,""rsrq"":-20,""rssi"":-79,""snr"":null,""ta"":0,""level"":1,""bands"":""7""}]",1005.1231,14,0.459,0.459,6,7,,,,"[{""b"":""dc:8e:8d:bf:e7:bc"",""s"":""DLive_E7B7"",""r"":-34,""f"":2412},{""b"":""dc:8e:8d:bf:e7:b6"",""s"":""DLive5G_E7B7"",""r"":-50,""f"":5220},{""b"":""ca:dd:6a:05:5c:1b"",""s"":""[LG_CeilingCassette A\/C]5c1b"",""r"":-52,""f"":2462},{""b"":""dc:8e:8d:bf:e7:17"",""s"":""DLive_E712"",""r"":-68,""f"":2462},{""b"":""dc:8e:8d:bf:e7:48"",""s"":""DLive5G_E749"",""r"":-92,""f"":5220},{""b"":""dc:8e:8d:bf:e7:11"",""s"":""DLive5G_E712"",""r"":-94,""f"":5220}]",""
1790513709361,2026-09-27 21:55:09,car,37.5465991,127.068242,8.983,0.1087476,170.86491,43.5,fused,0,LTE,NR_NSA,5G,true,false,true,false,false,52543750,273,2600,5,8282,450,06,-89,-10,-59,3,3,0,,,,401263,69983,3.2101,0.5599,401223,69943,3.2098,0.5595,false,8,0,8,-85,273,100,0.1087476,false,false,periodic,21,1,3,-1,1642,,,,"[{""type"":""LTE"",""pci"":273,""earfcn"":100,""tac"":null,""rsrp"":-85,""rsrq"":-10,""rssi"":-65,""snr"":null,""ta"":0,""level"":4,""bands"":""1""},{""type"":""LTE"",""pci"":421,""earfcn"":2600,""tac"":null,""rsrp"":-92,""rsrq"":-12,""rssi"":-71,""snr"":null,""ta"":0,""level"":3,""bands"":""5""},{""type"":""LTE"",""pci"":273,""earfcn"":3050,""tac"":null,""rsrp"":-94,""rsrq"":-12,""rssi"":-71,""snr"":null,""ta"":0,""level"":3,""bands"":""7""},{""type"":""LTE"",""pci"":418,""earfcn"":2600,""tac"":null,""rsrp"":-97,""rsrq"":-18,""rssi"":-69,""snr"":null,""ta"":0,""level"":2,""bands"":""5""},{""type"":""LTE"",""pci"":418,""earfcn"":100,""tac"":null,""rsrp"":-99,""rsrq"":-19,""rssi"":-71,""snr"":null,""ta"":0,""level"":2,""bands"":""1""},{""type"":""LTE"",""pci"":418,""earfcn"":3050,""tac"":null,""rsrp"":-102,""rsrq"":-20,""rssi"":-71,""snr"":null,""ta"":0,""level"":2,""bands"":""7""},{""type"":""LTE"",""pci"":421,""earfcn"":100,""tac"":null,""rsrp"":-104,""rsrq"":-17,""rssi"":-71,""snr"":null,""ta"":0,""level"":2,""bands"":""1""},{""type"":""LTE"",""pci"":272,""earfcn"":3050,""tac"":null,""rsrp"":-105,""rsrq"":-20,""rssi"":-75,""snr"":null,""ta"":0,""level"":2,""bands"":""7""}]",1005.09845,30,0.524,0.459,6,6,,,,"[{""b"":""dc:8e:8d:bf:e7:bc"",""s"":""DLive_E7B7"",""r"":-34,""f"":2412},{""b"":""dc:8e:8d:bf:e7:b6"",""s"":""DLive5G_E7B7"",""r"":-52,""f"":5220},{""b"":""ca:dd:6a:05:5c:1b"",""s"":""[LG_CeilingCassette A\/C]5c1b"",""r"":-56,""f"":2462},{""b"":""dc:8e:8d:bf:e7:17"",""s"":""DLive_E712"",""r"":-69,""f"":2462},{""b"":""b0:38:6c:08:f1:02"",""s"":""🍟"",""r"":-82,""f"":2412},{""b"":""dc:8e:8d:bf:e7:11"",""s"":""DLive5G_E712"",""r"":-92,""f"":5220}]",""
1790513714373,2026-09-27 21:55:14,car,37.5465881,127.0682543,16.539,0.11389371,90.065025,43.5,fused,1,LTE,NR_NSA,5G,true,false,true,false,false,52543750,273,2600,5,8282,450,06,-92,-11,-63,4,3,0,,,,3871,72451,0.0310,0.5796,3831,72411,0.0306,0.5793,false,6,0,6,-89,273,100,0.11389371,false,false,periodic,26,1,-3,1,985,,,,"[{""type"":""LTE"",""pci"":273,""earfcn"":100,""tac"":null,""rsrp"":-89,""rsrq"":-10,""rssi"":-69,""snr"":null,""ta"":0,""level"":3,""bands"":""1""},{""type"":""LTE"",""pci"":273,""earfcn"":3050,""tac"":null,""rsrp"":-95,""rsrq"":-12,""rssi"":-73,""snr"":null,""ta"":0,""level"":3,""bands"":""7""},{""type"":""LTE"",""pci"":421,""earfcn"":2600,""tac"":null,""rsrp"":-96,""rsrq"":-13,""rssi"":-73,""snr"":null,""ta"":0,""level"":2,""bands"":""5""},{""type"":""LTE"",""pci"":421,""earfcn"":100,""tac"":null,""rsrp"":-98,""rsrq"":-16,""rssi"":-69,""snr"":null,""ta"":0,""level"":2,""bands"":""1""},{""type"":""LTE"",""pci"":418,""earfcn"":3050,""tac"":null,""rsrp"":-107,""rsrq"":-20,""rssi"":-75,""snr"":null,""ta"":0,""level"":1,""bands"":""7""},{""type"":""LTE"",""pci"":272,""earfcn"":3050,""tac"":null,""rsrp"":-107,""rsrq"":-19,""rssi"":-77,""snr"":null,""ta"":0,""level"":1,""bands"":""7""}]",1005.1165,16,0.459,0.524,6,5,,,,"[{""b"":""dc:8e:8d:bf:e7:bc"",""s"":""DLive_E7B7"",""r"":-36,""f"":2412},{""b"":""dc:8e:8d:bf:e7:b6"",""s"":""DLive5G_E7B7"",""r"":-44,""f"":5220},{""b"":""ca:dd:6a:05:5c:1b"",""s"":""[LG_CeilingCassette A\/C]5c1b"",""r"":-52,""f"":2462},{""b"":""1e:39:29:f9:f9:7d"",""s"":""[LG_CeilingCassette A\/C]f97d"",""r"":-73,""f"":2462},{""b"":""1e:39:29:f9:f9:45"",""s"":""[LG_CeilingCassette A\/C]f945"",""r"":-77,""f"":2462},{""b"":""b0:38:6c:08:f1:02"",""s"":""🍟"",""r"":-83,""f"":2412}]",""
1790513719393,2026-09-27 21:55:19,car,37.546588,127.0682536,12.369,0.16053583,89.999916,43.5,fused,0,LTE,NR_NSA,5G,true,false,true,false,false,52543750,273,2600,5,8282,450,06,-90,-10,-63,4,3,0,,,,9388,65184,0.0751,0.5215,9368,65164,0.0749,0.5213,false,7,0,7,-85,273,100,0.16053583,false,false,periodic,31,0,2,0,333,,,,"[{""type"":""LTE"",""pci"":273,""earfcn"":100,""tac"":null,""rsrp"":-85,""rsrq"":-9,""rssi"":-67,""snr"":null,""ta"":0,""level"":4,""bands"":""1""},{""type"":""LTE"",""pci"":273,""earfcn"":3050,""tac"":null,""rsrp"":-94,""rsrq"":-9,""rssi"":-75,""snr"":null,""ta"":0,""level"":3,""bands"":""7""},{""type"":""LTE"",""pci"":421,""earfcn"":100,""tac"":null,""rsrp"":-95,""rsrq"":-18,""rssi"":-67,""snr"":null,""ta"":0,""level"":3,""bands"":""1""},{""type"":""LTE"",""pci"":421,""earfcn"":2600,""tac"":null,""rsrp"":-96,""rsrq"":-12,""rssi"":-73,""snr"":null,""ta"":0,""level"":2,""bands"":""5""},{""type"":""LTE"",""pci"":418,""earfcn"":2600,""tac"":null,""rsrp"":-100,""rsrq"":-18,""rssi"":-73,""snr"":null,""ta"":0,""level"":2,""bands"":""5""},{""type"":""LTE"",""pci"":418,""earfcn"":3050,""tac"":null,""rsrp"":-106,""rsrq"":-18,""rssi"":-77,""snr"":null,""ta"":0,""level"":1,""bands"":""7""},{""type"":""LTE"",""pci"":272,""earfcn"":3050,""tac"":null,""rsrp"":-107,""rsrq"":-19,""rssi"":-75,""snr"":null,""ta"":0,""level"":1,""bands"":""7""}]",1005.1201,33,0.459,0.459,8,5,,,,"[{""b"":""dc:8e:8d:bf:e7:b6"",""s"":""DLive5G_E7B7"",""r"":-47,""f"":5220},{""b"":""1e:39:29:f9:f9:7d"",""s"":""[LG_CeilingCassette A\/C]f97d"",""r"":-76,""f"":2462},{""b"":""1e:39:29:f9:f9:45"",""s"":""[LG_CeilingCassette A\/C]f945"",""r"":-76,""f"":2462},{""b"":""dc:8e:8d:bf:e7:4e"",""s"":""DLive_E749"",""r"":-80,""f"":2412},{""b"":""88:3c:1c:47:e8:bc"",""s"":""KT_GiGA_2G_E8B8"",""r"":-81,""f"":2422},{""b"":""08:36:c9:fd:49:b1"",""s"":""NETGEAR12"",""r"":-84,""f"":2432},{""b"":""da:e3:5e:f5:14:7c"",""s"":""[LG_Wall-Mount A\/C]147c"",""r"":-86,""f"":2452},{""b"":""88:36:6c:6a:84:c0"",""s"":""hong5G"",""r"":-92,""f"":5745}]",""
1790513724403,2026-09-27 21:55:24,car,37.5465914,127.0682506,8.538,0.25145614,284.46353,43.5,fused,1,LTE,NR_NSA,5G,true,false,true,false,false,52543750,273,2600,5,8282,450,06,-90,-9,-63,8,3,0,,,,6695,68944,0.0536,0.5516,6675,68924,0.0534,0.5514,false,7,0,7,-86,273,100,0.25145614,false,false,periodic,36,0,0,4,340,,,,"[{""type"":""LTE"",""pci"":273,""earfcn"":100,""tac"":null,""rsrp"":-86,""rsrq"":-9,""rssi"":-67,""snr"":null,""ta"":0,""level"":3,""bands"":""1""},{""type"":""LTE"",""pci"":273,""earfcn"":3050,""tac"":null,""rsrp"":-94,""rsrq"":-10,""rssi"":-75,""snr"":null,""ta"":0,""level"":3,""bands"":""7""},{""type"":""LTE"",""pci"":421,""earfcn"":2600,""tac"":null,""rsrp"":-95,""rsrq"":-11,""rssi"":-73,""snr"":null,""ta"":0,""level"":3,""bands"":""5""},{""type"":""LTE"",""pci"":421,""earfcn"":100,""tac"":null,""rsrp"":-96,""rsrq"":-17,""rssi"":-67,""snr"":null,""ta"":0,""level"":2,""bands"":""1""},{""type"":""LTE"",""pci"":418,""earfcn"":2600,""tac"":null,""rsrp"":-103,""rsrq"":-19,""rssi"":-73,""snr"":null,""ta"":0,""level"":2,""bands"":""5""},{""type"":""LTE"",""pci"":418,""earfcn"":3050,""tac"":null,""rsrp"":-106,""rsrq"":-20,""rssi"":-75,""snr"":null,""ta"":0,""level"":1,""bands"":""7""},{""type"":""LTE"",""pci"":272,""earfcn"":3050,""tac"":null,""rsrp"":-107,""rsrq"":-19,""rssi"":-77,""snr"":null,""ta"":0,""level"":1,""bands"":""7""}]",1005.1127,16,0.509,0.459,5,6,,,,"[{""b"":""dc:8e:8d:bf:e7:bc"",""s"":""DLive_E7B7"",""r"":-36,""f"":2412},{""b"":""dc:8e:8d:bf:e7:b6"",""s"":""DLive5G_E7B7"",""r"":-45,""f"":5220},{""b"":""36:e6:e6:e8:d8:bf"",""s"":"""",""r"":-68,""f"":2412},{""b"":""12:f4:5e:44:73:77"",""s"":"""",""r"":-83,""f"":2462},{""b"":""02:06:ac:10:21:e2"",""s"":""T wifi zone_secure"",""r"":-85,""f"":2472}]",""
1790513729416,2026-09-27 21:55:29,car,37.5465927,127.0682499,8.527,0.34357592,297.76385,43.5,fused,0,LTE,NR_NSA,5G,true,false,true,false,false,52543750,273,2600,5,8282,450,06,-90,-9,-63,8,3,0,,,,1271932,69249,10.1755,0.5540,1271892,69209,10.1751,0.5537,false,7,0,7,-86,273,100,0.34357592,false,false,periodic,41,0,0,0,5350,,,,"[{""type"":""LTE"",""pci"":273,""earfcn"":100,""tac"":null,""rsrp"":-86,""rsrq"":-9,""rssi"":-67,""snr"":null,""ta"":0,""level"":3,""bands"":""1""},{""type"":""LTE"",""pci"":273,""earfcn"":3050,""tac"":null,""rsrp"":-94,""rsrq"":-10,""rssi"":-75,""snr"":null,""ta"":0,""level"":3,""bands"":""7""},{""type"":""LTE"",""pci"":421,""earfcn"":2600,""tac"":null,""rsrp"":-95,""rsrq"":-11,""rssi"":-73,""snr"":null,""ta"":0,""level"":3,""bands"":""5""},{""type"":""LTE"",""pci"":421,""earfcn"":100,""tac"":null,""rsrp"":-96,""rsrq"":-17,""rssi"":-67,""snr"":null,""ta"":0,""level"":2,""bands"":""1""},{""type"":""LTE"",""pci"":418,""earfcn"":2600,""tac"":null,""rsrp"":-103,""rsrq"":-19,""rssi"":-73,""snr"":null,""ta"":0,""level"":2,""bands"":""5""},{""type"":""LTE"",""pci"":418,""earfcn"":3050,""tac"":null,""rsrp"":-106,""rsrq"":-20,""rssi"":-75,""snr"":null,""ta"":0,""level"":1,""bands"":""7""},{""type"":""LTE"",""pci"":272,""earfcn"":3050,""tac"":null,""rsrp"":-107,""rsrq"":-19,""rssi"":-77,""snr"":null,""ta"":0,""level"":1,""bands"":""7""}]",1005.11523,16,0.459,0.524,8,4,,,,"[{""b"":""dc:8e:8d:bf:e7:bc"",""s"":""DLive_E7B7"",""r"":-37,""f"":2412},{""b"":""dc:8e:8d:bf:e7:b6"",""s"":""DLive5G_E7B7"",""r"":-47,""f"":5220},{""b"":""ca:dd:6a:05:5c:1b"",""s"":""[LG_CeilingCassette A\/C]5c1b"",""r"":-56,""f"":2462},{""b"":""36:e6:e6:e8:d8:bf"",""s"":"""",""r"":-69,""f"":2412},{""b"":""dc:8e:8d:bf:e6:93"",""s"":""DLive_E68E"",""r"":-71,""f"":2462},{""b"":""1e:39:29:f9:f9:45"",""s"":""[LG_CeilingCassette A\/C]f945"",""r"":-77,""f"":2462},{""b"":""1e:39:29:f9:f9:7d"",""s"":""[LG_CeilingCassette A\/C]f97d"",""r"":-78,""f"":2462},{""b"":""dc:8e:8d:bf:e7:11"",""s"":""DLive5G_E712"",""r"":-93,""f"":5220}]",""
1790513734436,2026-09-27 21:55:34,car,37.5465933,127.0682467,9.135,0.3792917,89.85002,43.5,fused,2,LTE,NR_NSA,5G,true,false,true,false,false,52543750,273,2600,5,8282,450,06,-91,-11,-63,9,3,0,,,,3817,68533,0.0305,0.5483,3797,68513,0.0304,0.5481,false,7,0,7,-85,273,100,0.3792917,false,false,periodic,46,0,-1,1,5003,,,,"[{""type"":""LTE"",""pci"":273,""earfcn"":100,""tac"":null,""rsrp"":-85,""rsrq"":-9,""rssi"":-55,""snr"":null,""ta"":0,""level"":4,""bands"":""1""},{""type"":""LTE"",""pci"":273,""earfcn"":3050,""tac"":null,""rsrp"":-94,""rsrq"":-7,""rssi"":-67,""snr"":null,""ta"":0,""level"":3,""bands"":""7""},{""type"":""LTE"",""pci"":421,""earfcn"":2600,""tac"":null,""rsrp"":-95,""rsrq"":-13,""rssi"":-71,""snr"":null,""ta"":0,""level"":3,""bands"":""5""},{""type"":""LTE"",""pci"":421,""earfcn"":100,""tac"":null,""rsrp"":-99,""rsrq"":-20,""rssi"":-67,""snr"":null,""ta"":0,""level"":2,""bands"":""1""},{""type"":""LTE"",""pci"":418,""earfcn"":2600,""tac"":null,""rsrp"":-101,""rsrq"":-18,""rssi"":-71,""snr"":null,""ta"":0,""level"":2,""bands"":""5""},{""type"":""LTE"",""pci"":272,""earfcn"":3050,""tac"":null,""rsrp"":-105,""rsrq"":-19,""rssi"":-77,""snr"":null,""ta"":0,""level"":2,""bands"":""7""},{""type"":""LTE"",""pci"":418,""earfcn"":3050,""tac"":null,""rsrp"":-107,""rsrq"":-20,""rssi"":-77,""snr"":null,""ta"":0,""level"":1,""bands"":""7""}]",1005.11096,28,0.459,0.524,9,3,,,,"[{""b"":""dc:8e:8d:bf:e7:bc"",""s"":""DLive_E7B7"",""r"":-37,""f"":2412},{""b"":""dc:8e:8d:bf:e7:b6"",""s"":""DLive5G_E7B7"",""r"":-46,""f"":5220},{""b"":""ca:dd:6a:05:5c:1b"",""s"":""[LG_CeilingCassette A\/C]5c1b"",""r"":-56,""f"":2462},{""b"":""1e:39:29:f9:f9:7d"",""s"":""[LG_CeilingCassette A\/C]f97d"",""r"":-76,""f"":2462},{""b"":""1e:39:29:f9:f9:45"",""s"":""[LG_CeilingCassette A\/C]f945"",""r"":-76,""f"":2462},{""b"":""88:3c:1c:47:e8:bc"",""s"":""KT_GiGA_2G_E8B8"",""r"":-78,""f"":2422},{""b"":""00:07:89:82:be:31"",""s"":""KT_GiGA_2G_Wave2_BE2E"",""r"":-83,""f"":2437},{""b"":""70:5d:cc:a7:fa:88"",""s"":""605"",""r"":-84,""f"":2457},{""b"":""dc:8e:8d:bf:e7:11"",""s"":""DLive5G_E712"",""r"":-94,""f"":5220}]",""
1790513739448,2026-09-27 21:55:39,car,37.5465907,127.0682488,9.663,0.30904913,90.001884,43.5,fused,0,LTE,NR_NSA,5G,true,false,true,false,false,52543750,273,2600,5,8282,450,06,-91,-9,-65,7,3,0,,,,440883,72045,3.5271,0.5764,440863,72025,3.5269,0.5762,false,7,0,7,-86,273,100,0.30904913,false,false,periodic,51,0,0,-2,5000,,,,"[{""type"":""LTE"",""pci"":273,""earfcn"":100,""tac"":null,""rsrp"":-86,""rsrq"":-9,""rssi"":-67,""snr"":null,""ta"":0,""level"":3,""bands"":""1""},{""type"":""LTE"",""pci"":273,""earfcn"":3050,""tac"":null,""rsrp"":-94,""rsrq"":-9,""rssi"":-75,""snr"":null,""ta"":0,""level"":3,""bands"":""7""},{""type"":""LTE"",""pci"":421,""earfcn"":2600,""tac"":null,""rsrp"":-96,""rsrq"":-12,""rssi"":-75,""snr"":null,""ta"":0,""level"":2,""bands"":""5""},{""type"":""LTE"",""pci"":109,""earfcn"":2600,""tac"":null,""rsrp"":-99,""rsrq"":-17,""rssi"":-69,""snr"":null,""ta"":0,""level"":2,""bands"":""5""},{""type"":""LTE"",""pci"":421,""earfcn"":100,""tac"":null,""rsrp"":-99,""rsrq"":-20,""rssi"":-67,""snr"":null,""ta"":0,""level"":2,""bands"":""1""},{""type"":""LTE"",""pci"":418,""earfcn"":2600,""tac"":null,""rsrp"":-102,""rsrq"":-19,""rssi"":-75,""snr"":null,""ta"":0,""level"":2,""bands"":""5""},{""type"":""LTE"",""pci"":418,""earfcn"":3050,""tac"":null,""rsrp"":-107,""rsrq"":-20,""rssi"":-77,""snr"":null,""ta"":0,""level"":1,""bands"":""7""}]",1005.128,32,0.524,0.459,10,3,,,,"[{""b"":""dc:8e:8d:bf:e7:bc"",""s"":""DLive_E7B7"",""r"":-38,""f"":2412},{""b"":""dc:8e:8d:bf:e7:b6"",""s"":""DLive5G_E7B7"",""r"":-46,""f"":5220},{""b"":""ca:dd:6a:05:5c:1b"",""s"":""[LG_CeilingCassette A\/C]5c1b"",""r"":-56,""f"":2462},{""b"":""dc:8e:8d:bf:e6:93"",""s"":""DLive_E68E"",""r"":-71,""f"":2462},{""b"":""dc:8e:8d:bf:e7:4e"",""s"":""DLive_E749"",""r"":-73,""f"":2412},{""b"":""1e:39:29:f9:f9:7d"",""s"":""[LG_CeilingCassette A\/C]f97d"",""r"":-77,""f"":2462},{""b"":""88:3c:1c:47:e8:bc"",""s"":""KT_GiGA_2G_E8B8"",""r"":-81,""f"":2422},{""b"":""08:36:c9:fd:49:b1"",""s"":""NETGEAR12"",""r"":-84,""f"":2432},{""b"":""70:5d:cc:df:3f:80"",""s"":""502"",""r"":-84,""f"":2422},{""b"":""dc:8e:8d:bf:e7:11"",""s"":""DLive5G_E712"",""r"":-92,""f"":5220}]",""
1790513744459,2026-09-27 21:55:44,car,37.5465907,127.0682477,9.396,0.31601667,89.99954,43.5,fused,1,LTE,NR_NSA,5G,true,false,true,false,false,52543750,273,2600,5,8282,450,06,-92,-10,-63,8,3,0,,,,3421,70434,0.0274,0.5635,3381,70394,0.0270,0.5632,false,6,0,6,-87,273,100,0.31601667,false,false,periodic,56,0,-1,1,5003,,,,"[{""type"":""LTE"",""pci"":273,""earfcn"":100,""tac"":null,""rsrp"":-87,""rsrq"":-7,""rssi"":-59,""snr"":null,""ta"":0,""level"":3,""bands"":""1""},{""type"":""LTE"",""pci"":273,""earfcn"":3050,""tac"":null,""rsrp"":-94,""rsrq"":-7,""rssi"":-67,""snr"":null,""ta"":0,""level"":3,""bands"":""7""},{""type"":""LTE"",""pci"":421,""earfcn"":2600,""tac"":null,""rsrp"":-96,""rsrq"":-15,""rssi"":-69,""snr"":null,""ta"":0,""level"":2,""bands"":""5""},{""type"":""LTE"",""pci"":421,""earfcn"":100,""tac"":null,""rsrp"":-99,""rsrq"":-20,""rssi"":-69,""snr"":null,""ta"":0,""level"":2,""bands"":""1""},{""type"":""LTE"",""pci"":272,""earfcn"":3050,""tac"":null,""rsrp"":-104,""rsrq"":-17,""rssi"":-73,""snr"":null,""ta"":0,""level"":2,""bands"":""7""},{""type"":""LTE"",""pci"":418,""earfcn"":3050,""tac"":null,""rsrp"":-107,""rsrq"":-17,""rssi"":-77,""snr"":null,""ta"":0,""level"":1,""bands"":""7""}]",1005.1108,21,0.459,0.524,10,2,,,,"[{""b"":""dc:8e:8d:bf:e7:bc"",""s"":""DLive_E7B7"",""r"":-32,""f"":2412},{""b"":""dc:8e:8d:bf:e7:b6"",""s"":""DLive5G_E7B7"",""r"":-40,""f"":5220},{""b"":""ca:dd:6a:05:5c:1b"",""s"":""[LG_CeilingCassette A\/C]5c1b"",""r"":-57,""f"":2462},{""b"":""dc:8e:8d:bf:e7:17"",""s"":""DLive_E712"",""r"":-69,""f"":2462},{""b"":""1e:39:29:f9:f9:45"",""s"":""[LG_CeilingCassette A\/C]f945"",""r"":-71,""f"":2462},{""b"":""1e:39:29:f9:f9:7d"",""s"":""[LG_CeilingCassette A\/C]f97d"",""r"":-73,""f"":2462},{""b"":""70:5d:cc:a7:fa:88"",""s"":""605"",""r"":-83,""f"":2457},{""b"":""00:07:89:bc:8c:f4"",""s"":""KT_GiGA_2G_Wave2_8CF1"",""r"":-84,""f"":2417},{""b"":""88:36:6c:6a:84:c0"",""s"":""hong5G"",""r"":-92,""f"":5745},{""b"":""dc:8e:8d:bf:e7:11"",""s"":""DLive5G_E712"",""r"":-94,""f"":5220}]",""
1790513749475,2026-09-27 21:55:49,car,37.5465935,127.0682489,9.254,0.30101347,90.00011,43.5,fused,0,LTE,NR_NSA,5G,true,false,true,false,false,52543750,273,2600,5,8282,450,06,-86,-10,-59,5,3,0,,,,2695,67975,0.0216,0.5438,2675,68521,0.0214,0.5482,false,7,0,7,-90,273,100,0.30101347,false,false,periodic,61,0,6,-3,2532,,,,"[{""type"":""LTE"",""pci"":273,""earfcn"":100,""tac"":null,""rsrp"":-90,""rsrq"":-10,""rssi"":-69,""snr"":null,""ta"":0,""level"":3,""bands"":""1""},{""type"":""LTE"",""pci"":421,""earfcn"":2600,""tac"":null,""rsrp"":-93,""rsrq"":-12,""rssi"":-67,""snr"":null,""ta"":0,""level"":3,""bands"":""5""},{""type"":""LTE"",""pci"":418,""earfcn"":2600,""tac"":null,""rsrp"":-98,""rsrq"":-19,""rssi"":-67,""snr"":null,""ta"":0,""level"":2,""bands"":""5""},{""type"":""LTE"",""pci"":273,""earfcn"":3050,""tac"":null,""rsrp"":-98,""rsrq"":-12,""rssi"":-77,""snr"":null,""ta"":0,""level"":2,""bands"":""7""},{""type"":""LTE"",""pci"":421,""earfcn"":100,""tac"":null,""rsrp"":-102,""rsrq"":-13,""rssi"":-69,""snr"":null,""ta"":0,""level"":2,""bands"":""1""},{""type"":""LTE"",""pci"":272,""earfcn"":3050,""tac"":null,""rsrp"":-104,""rsrq"":-19,""rssi"":-75,""snr"":null,""ta"":0,""level"":2,""bands"":""7""},{""type"":""LTE"",""pci"":418,""earfcn"":3050,""tac"":null,""rsrp"":-106,""rsrq"":-19,""rssi"":-77,""snr"":null,""ta"":0,""level"":1,""bands"":""7""}]",1005.10864,28,0.459,0.524,10,7,,,,"[{""b"":""dc:8e:8d:bf:e7:bc"",""s"":""DLive_E7B7"",""r"":-32,""f"":2412},{""b"":""dc:8e:8d:bf:e7:b6"",""s"":""DLive5G_E7B7"",""r"":-40,""f"":5220},{""b"":""ca:dd:6a:05:5c:1b"",""s"":""[LG_CeilingCassette A\/C]5c1b"",""r"":-57,""f"":2462},{""b"":""dc:8e:8d:bf:e7:17"",""s"":""DLive_E712"",""r"":-69,""f"":2462},{""b"":""1e:39:29:f9:f9:45"",""s"":""[LG_CeilingCassette A\/C]f945"",""r"":-71,""f"":2462},{""b"":""1e:39:29:f9:f9:7d"",""s"":""[LG_CeilingCassette A\/C]f97d"",""r"":-73,""f"":2462},{""b"":""70:5d:cc:a7:fa:88"",""s"":""605"",""r"":-83,""f"":2457},{""b"":""00:07:89:bc:8c:f4"",""s"":""KT_GiGA_2G_Wave2_8CF1"",""r"":-84,""f"":2417},{""b"":""88:36:6c:6a:84:c0"",""s"":""hong5G"",""r"":-92,""f"":5745},{""b"":""dc:8e:8d:bf:e7:11"",""s"":""DLive5G_E712"",""r"":-94,""f"":5220}]",""
1790513754498,2026-09-27 21:55:54,car,37.5465929,127.0682472,10.029,0.3574834,89.99948,43.5,fused,1,LTE,NR_NSA,5G,true,false,true,false,false,52543750,273,2600,5,8282,450,06,-84,-10,-55,5,4,0,,,,2932,69829,0.0235,0.5586,2892,69224,0.0231,0.5538,false,6,0,6,-86,273,100,0.3574834,false,false,periodic,66,0,2,0,1948,,,,"[{""type"":""LTE"",""pci"":273,""earfcn"":100,""tac"":null,""rsrp"":-86,""rsrq"":-9,""rssi"":-67,""snr"":null,""ta"":0,""level"":3,""bands"":""1""},{""type"":""LTE"",""pci"":421,""earfcn"":2600,""tac"":null,""rsrp"":-92,""rsrq"":-13,""rssi"":-65,""snr"":null,""ta"":0,""level"":3,""bands"":""5""},{""type"":""LTE"",""pci"":273,""earfcn"":3050,""tac"":null,""rsrp"":-99,""rsrq"":-12,""rssi"":-77,""snr"":null,""ta"":0,""level"":2,""bands"":""7""},{""type"":""LTE"",""pci"":421,""earfcn"":100,""tac"":null,""rsrp"":-102,""rsrq"":-15,""rssi"":-69,""snr"":null,""ta"":0,""level"":2,""bands"":""1""},{""type"":""LTE"",""pci"":418,""earfcn"":3050,""tac"":null,""rsrp"":-105,""rsrq"":-18,""rssi"":-77,""snr"":null,""ta"":0,""level"":2,""bands"":""7""},{""type"":""LTE"",""pci"":272,""earfcn"":3050,""tac"":null,""rsrp"":-109,""rsrq"":-20,""rssi"":-77,""snr"":null,""ta"":0,""level"":1,""bands"":""7""}]",1005.11096,27,0.524,0.459,5,6,,,,"[{""b"":""dc:8e:8d:bf:e7:bc"",""s"":""DLive_E7B7"",""r"":-32,""f"":2412},{""b"":""dc:8e:8d:bf:e7:b6"",""s"":""DLive5G_E7B7"",""r"":-40,""f"":5220},{""b"":""dc:8e:8d:bf:e7:4e"",""s"":""DLive_E749"",""r"":-68,""f"":2412},{""b"":""1e:39:29:f9:f9:7d"",""s"":""[LG_CeilingCassette A\/C]f97d"",""r"":-74,""f"":2462},{""b"":""36:e6:e6:e8:d8:bf"",""s"":"""",""r"":-79,""f"":2412}]",""
1790513759510,2026-09-27 21:55:59,car,37.5465958,127.0682502,11.169,0.4611317,89.99615,43.599998474121094,fused,0,LTE,NR_NSA,5G,true,false,true,false,false,52543750,273,2600,5,8282,450,06,-90,-11,-61,7,3,0,,,,2869,68515,0.0230,0.5481,2849,68495,0.0228,0.5480,false,7,0,7,-89,273,100,0.4611317,false,false,periodic,71,0,-6,2,1297,,,,"[{""type"":""LTE"",""pci"":273,""earfcn"":100,""tac"":null,""rsrp"":-89,""rsrq"":-10,""rssi"":-69,""snr"":null,""ta"":0,""level"":3,""bands"":""1""},{""type"":""LTE"",""pci"":421,""earfcn"":2600,""tac"":null,""rsrp"":-95,""rsrq"":-16,""rssi"":-69,""snr"":null,""ta"":0,""level"":3,""bands"":""5""},{""type"":""LTE"",""pci"":273,""earfcn"":3050,""tac"":null,""rsrp"":-97,""rsrq"":-11,""rssi"":-77,""snr"":null,""ta"":0,""level"":2,""bands"":""7""},{""type"":""LTE"",""pci"":421,""earfcn"":100,""tac"":null,""rsrp"":-100,""rsrq"":-15,""rssi"":-69,""snr"":null,""ta"":0,""level"":2,""bands"":""1""},{""type"":""LTE"",""pci"":109,""earfcn"":2600,""tac"":null,""rsrp"":-102,""rsrq"":-20,""rssi"":-69,""snr"":null,""ta"":0,""level"":2,""bands"":""5""},{""type"":""LTE"",""pci"":418,""earfcn"":3050,""tac"":null,""rsrp"":-105,""rsrq"":-19,""rssi"":-77,""snr"":null,""ta"":0,""level"":2,""bands"":""7""},{""type"":""LTE"",""pci"":272,""earfcn"":3050,""tac"":null,""rsrp"":-106,""rsrq"":-18,""rssi"":-77,""snr"":null,""ta"":0,""level"":1,""bands"":""7""}]",1005.1046,36,0.524,0.459,6,6,,,,"[{""b"":""dc:8e:8d:bf:e7:b6"",""s"":""DLive5G_E7B7"",""r"":-41,""f"":5220},{""b"":""ca:dd:6a:05:5c:1b"",""s"":""[LG_CeilingCassette A\/C]5c1b"",""r"":-56,""f"":2462},{""b"":""1e:39:29:f9:f9:45"",""s"":""[LG_CeilingCassette A\/C]f945"",""r"":-61,""f"":2462},{""b"":""dc:8e:8d:bf:e7:17"",""s"":""DLive_E712"",""r"":-65,""f"":2462},{""b"":""88:36:6c:6a:84:c2"",""s"":""hong"",""r"":-75,""f"":2427},{""b"":""70:5d:cc:a3:26:70"",""s"":""iptime_602"",""r"":-84,""f"":2432}]",""
1790513764520,2026-09-27 21:56:04,car,37.5465951,127.0682496,11.572,0.4093811,90.00047,43.5,fused,1,LTE,NR_NSA,5G,true,false,true,false,false,52543750,273,2600,5,8282,450,06,-89,-11,-61,3,3,0,,,,4122,69489,0.0330,0.5559,4102,69469,0.0328,0.5558,false,7,0,7,-89,273,100,0.4093811,false,false,periodic,76,0,1,-4,636,,,,"[{""type"":""LTE"",""pci"":273,""earfcn"":100,""tac"":null,""rsrp"":-89,""rsrq"":-9,""rssi"":-71,""snr"":null,""ta"":0,""level"":3,""bands"":""1""},{""type"":""LTE"",""pci"":273,""earfcn"":3050,""tac"":null,""rsrp"":-94,""rsrq"":-11,""rssi"":-75,""snr"":null,""ta"":0,""level"":3,""bands"":""7""},{""type"":""LTE"",""pci"":421,""earfcn"":2600,""tac"":null,""rsrp"":-96,""rsrq"":-17,""rssi"":-69,""snr"":null,""ta"":0,""level"":2,""bands"":""5""},{""type"":""LTE"",""pci"":109,""earfcn"":2600,""tac"":null,""rsrp"":-97,""rsrq"":-20,""rssi"":-69,""snr"":null,""ta"":0,""level"":2,""bands"":""5""},{""type"":""LTE"",""pci"":421,""earfcn"":100,""tac"":null,""rsrp"":-100,""rsrq"":-14,""rssi"":-71,""snr"":null,""ta"":0,""level"":2,""bands"":""1""},{""type"":""LTE"",""pci"":418,""earfcn"":3050,""tac"":null,""rsrp"":-104,""rsrq"":-19,""rssi"":-75,""snr"":null,""ta"":0,""level"":2,""bands"":""7""},{""type"":""LTE"",""pci"":272,""earfcn"":3050,""tac"":null,""rsrp"":-104,""rsrq"":-19,""rssi"":-75,""snr"":null,""ta"":0,""level"":2,""bands"":""7""}]",1005.101,13,0.459,0.524,5,5,,,,"[{""b"":""dc:8e:8d:bf:e7:b6"",""s"":""DLive5G_E7B7"",""r"":-40,""f"":5220},{""b"":""ca:dd:6a:05:5c:1b"",""s"":""[LG_CeilingCassette A\/C]5c1b"",""r"":-54,""f"":2462},{""b"":""1e:39:29:f9:f9:45"",""s"":""[LG_CeilingCassette A\/C]f945"",""r"":-66,""f"":2462},{""b"":""dc:8e:8d:bf:e6:93"",""s"":""DLive_E68E"",""r"":-66,""f"":2462},{""b"":""dc:8e:8d:bf:e7:48"",""s"":""DLive5G_E749"",""r"":-92,""f"":5220}]",""
1790513769525,2026-09-27 21:56:09,car,37.546593,127.0682512,12.87,0.5000186,90.00207,43.5,fused,0,LTE,NR_NSA,5G,true,false,true,false,false,52543750,273,2600,5,8282,450,06,-89,-11,-61,3,3,0,,,,2696,64272,0.0216,0.5142,2676,64252,0.0214,0.5140,false,7,0,7,-89,273,100,0.5000186,false,false,periodic,81,0,0,0,5643,,,,"[{""type"":""LTE"",""pci"":273,""earfcn"":100,""tac"":null,""rsrp"":-89,""rsrq"":-9,""rssi"":-71,""snr"":null,""ta"":0,""level"":3,""bands"":""1""},{""type"":""LTE"",""pci"":273,""earfcn"":3050,""tac"":null,""rsrp"":-94,""rsrq"":-11,""rssi"":-75,""snr"":null,""ta"":0,""level"":3,""bands"":""7""},{""type"":""LTE"",""pci"":421,""earfcn"":2600,""tac"":null,""rsrp"":-96,""rsrq"":-17,""rssi"":-69,""snr"":null,""ta"":0,""level"":2,""bands"":""5""},{""type"":""LTE"",""pci"":109,""earfcn"":2600,""tac"":null,""rsrp"":-97,""rsrq"":-20,""rssi"":-69,""snr"":null,""ta"":0,""level"":2,""bands"":""5""},{""type"":""LTE"",""pci"":421,""earfcn"":100,""tac"":null,""rsrp"":-100,""rsrq"":-14,""rssi"":-71,""snr"":null,""ta"":0,""level"":2,""bands"":""1""},{""type"":""LTE"",""pci"":418,""earfcn"":3050,""tac"":null,""rsrp"":-104,""rsrq"":-19,""rssi"":-75,""snr"":null,""ta"":0,""level"":2,""bands"":""7""},{""type"":""LTE"",""pci"":272,""earfcn"":3050,""tac"":null,""rsrp"":-104,""rsrq"":-19,""rssi"":-75,""snr"":null,""ta"":0,""level"":2,""bands"":""7""}]",1005.0989,33,0.459,0.459,6,4,,,,"[{""b"":""dc:8e:8d:bf:e7:bc"",""s"":""DLive_E7B7"",""r"":-33,""f"":2412},{""b"":""dc:8e:8d:bf:e7:b6"",""s"":""DLive5G_E7B7"",""r"":-40,""f"":5220},{""b"":""ca:dd:6a:05:5c:1b"",""s"":""[LG_CeilingCassette A\/C]5c1b"",""r"":-58,""f"":2462},{""b"":""dc:8e:8d:bf:e6:93"",""s"":""DLive_E68E"",""r"":-67,""f"":2462},{""b"":""70:5d:cc:e0:14:62"",""s"":""703"",""r"":-83,""f"":2422},{""b"":""dc:8e:8d:bf:e7:48"",""s"":""DLive5G_E749"",""r"":-91,""f"":5220}]",""
1790513774536,2026-09-27 21:56:14,car,37.5465919,127.0682502,13.842,0.41165677,90.00315,43.5,fused,1,LTE,NR_NSA,5G,true,false,true,false,false,52543750,273,2600,5,8282,450,06,-90,-11,-61,2,3,0,,,,2811,68353,0.0225,0.5468,2771,68313,0.0222,0.5465,false,8,0,8,-89,273,100,0.41165677,false,false,periodic,86,0,-1,-1,5002,,,,"[{""type"":""LTE"",""pci"":273,""earfcn"":100,""tac"":null,""rsrp"":-89,""rsrq"":-9,""rssi"":-71,""snr"":null,""ta"":0,""level"":3,""bands"":""1""},{""type"":""LTE"",""pci"":421,""earfcn"":2600,""tac"":null,""rsrp"":-94,""rsrq"":-15,""rssi"":-67,""snr"":null,""ta"":0,""level"":3,""bands"":""5""},{""type"":""LTE"",""pci"":273,""earfcn"":3050,""tac"":null,""rsrp"":-96,""rsrq"":-12,""rssi"":-73,""snr"":null,""ta"":0,""level"":2,""bands"":""7""},{""type"":""LTE"",""pci"":418,""earfcn"":2600,""tac"":null,""rsrp"":-97,""rsrq"":-19,""rssi"":-67,""snr"":null,""ta"":0,""level"":2,""bands"":""5""},{""type"":""LTE"",""pci"":109,""earfcn"":2600,""tac"":null,""rsrp"":-98,""rsrq"":-18,""rssi"":-69,""snr"":null,""ta"":0,""level"":2,""bands"":""5""},{""type"":""LTE"",""pci"":421,""earfcn"":100,""tac"":null,""rsrp"":-99,""rsrq"":-15,""rssi"":-71,""snr"":null,""ta"":0,""level"":2,""bands"":""1""},{""type"":""LTE"",""pci"":418,""earfcn"":3050,""tac"":null,""rsrp"":-104,""rsrq"":-17,""rssi"":-77,""snr"":null,""ta"":0,""level"":2,""bands"":""7""},{""type"":""LTE"",""pci"":272,""earfcn"":3050,""tac"":null,""rsrp"":-110,""rsrq"":-20,""rssi"":-77,""snr"":null,""ta"":0,""level"":1,""bands"":""7""}]",1005.0946,22,0.493,0.459,9,4,,,,"[{""b"":""dc:8e:8d:bf:e7:bc"",""s"":""DLive_E7B7"",""r"":-33,""f"":2412},{""b"":""dc:8e:8d:bf:e7:b6"",""s"":""DLive5G_E7B7"",""r"":-40,""f"":5220},{""b"":""ca:dd:6a:05:5c:1b"",""s"":""[LG_CeilingCassette A\/C]5c1b"",""r"":-57,""f"":2462},{""b"":""dc:8e:8d:bf:e6:93"",""s"":""DLive_E68E"",""r"":-66,""f"":2462},{""b"":""1e:39:29:f9:f9:7d"",""s"":""[LG_CeilingCassette A\/C]f97d"",""r"":-72,""f"":2462},{""b"":""b0:38:6c:08:f1:02"",""s"":""🍟"",""r"":-75,""f"":2412},{""b"":""12:f4:5e:3d:ab:f7"",""s"":"""",""r"":-81,""f"":2412},{""b"":""38:f4:5e:19:1b:18"",""s"":""KT_GiGA_1B15"",""r"":-84,""f"":2417},{""b"":""dc:8e:8d:bf:e7:48"",""s"":""DLive5G_E749"",""r"":-93,""f"":5220}]",""
1790513779554,2026-09-27 21:56:19,car,37.54659,127.0682477,13.298,0.43626586,90.00219,43.5,fused,0,LTE,NR_NSA,5G,true,false,true,false,false,52543750,273,2600,5,8282,450,06,-89,-11,-59,2,3,0,,,,3488,68497,0.0279,0.5480,3497,68477,0.0280,0.5478,false,6,0,6,-89,273,100,0.43626586,false,false,periodic,91,0,1,0,5000,,,,"[{""type"":""LTE"",""pci"":273,""earfcn"":100,""tac"":null,""rsrp"":-89,""rsrq"":-12,""rssi"":-65,""snr"":null,""ta"":0,""level"":3,""bands"":""1""},{""type"":""LTE"",""pci"":421,""earfcn"":2600,""tac"":null,""rsrp"":-94,""rsrq"":-15,""rssi"":-69,""snr"":null,""ta"":0,""level"":3,""bands"":""5""},{""type"":""LTE"",""pci"":421,""earfcn"":100,""tac"":null,""rsrp"":-95,""rsrq"":-17,""rssi"":-65,""snr"":null,""ta"":0,""level"":3,""bands"":""1""},{""type"":""LTE"",""pci"":273,""earfcn"":3050,""tac"":null,""rsrp"":-96,""rsrq"":-11,""rssi"":-77,""snr"":null,""ta"":0,""level"":2,""bands"":""7""},{""type"":""LTE"",""pci"":418,""earfcn"":3050,""tac"":null,""rsrp"":-105,""rsrq"":-19,""rssi"":-75,""snr"":null,""ta"":0,""level"":2,""bands"":""7""},{""type"":""LTE"",""pci"":272,""earfcn"":3050,""tac"":null,""rsrp"":-111,""rsrq"":-20,""rssi"":-79,""snr"":null,""ta"":0,""level"":1,""bands"":""7""}]",1005.0944,12,0.524,0.524,8,3,,,,"[{""b"":""dc:8e:8d:bf:e7:bc"",""s"":""DLive_E7B7"",""r"":-32,""f"":2412},{""b"":""dc:8e:8d:bf:e7:b6"",""s"":""DLive5G_E7B7"",""r"":-39,""f"":5220},{""b"":""dc:8e:8d:bf:e6:93"",""s"":""DLive_E68E"",""r"":-64,""f"":2462},{""b"":""1e:39:29:f9:f9:45"",""s"":""[LG_CeilingCassette A\/C]f945"",""r"":-68,""f"":2462},{""b"":""1e:39:29:f9:f9:7d"",""s"":""[LG_CeilingCassette A\/C]f97d"",""r"":-72,""f"":2462},{""b"":""70:5d:cc:df:3f:80"",""s"":""502"",""r"":-82,""f"":2422},{""b"":""70:5d:cc:e0:2c:b8"",""s"":""203"",""r"":-84,""f"":2452},{""b"":""dc:8e:8d:bf:e7:48"",""s"":""DLive5G_E749"",""r"":-89,""f"":5220}]",""
1790513784567,2026-09-27 21:56:24,car,37.5465899,127.0682498,13.879,0.47774228,90.00041,43.5,fused,1,LTE,NR_NSA,5G,true,false,true,false,false,52543750,273,2600,5,8282,450,06,-86,-10,-59,2,3,0,,,,2833,67653,0.0227,0.5412,2785,67633,0.0223,0.5411,false,7,0,7,-89,273,100,0.47774228,false,false,periodic,96,0,3,0,5002,,,,"[{""type"":""LTE"",""pci"":273,""earfcn"":100,""tac"":null,""rsrp"":-89,""rsrq"":-9,""rssi"":-69,""snr"":null,""ta"":0,""level"":3,""bands"":""1""},{""type"":""LTE"",""pci"":421,""earfcn"":2600,""tac"":null,""rsrp"":-93,""rsrq"":-16,""rssi"":-67,""snr"":null,""ta"":0,""level"":3,""bands"":""5""},{""type"":""LTE"",""pci"":418,""earfcn"":2600,""tac"":null,""rsrp"":-97,""rsrq"":-19,""rssi"":-67,""snr"":null,""ta"":0,""level"":2,""bands"":""5""},{""type"":""LTE"",""pci"":273,""earfcn"":3050,""tac"":null,""rsrp"":-97,""rsrq"":-11,""rssi"":-77,""snr"":null,""ta"":0,""level"":2,""bands"":""7""},{""type"":""LTE"",""pci"":421,""earfcn"":100,""tac"":null,""rsrp"":-101,""rsrq"":-15,""rssi"":-69,""snr"":null,""ta"":0,""level"":2,""bands"":""1""},{""type"":""LTE"",""pci"":418,""earfcn"":3050,""tac"":null,""rsrp"":-104,""rsrq"":-17,""rssi"":-77,""snr"":null,""ta"":0,""level"":2,""bands"":""7""},{""type"":""LTE"",""pci"":272,""earfcn"":3050,""tac"":null,""rsrp"":-107,""rsrq"":-20,""rssi"":-77,""snr"":null,""ta"":0,""level"":1,""bands"":""7""}]",1005.08887,31,0.524,0.524,10,6,,,,"[{""b"":""dc:8e:8d:bf:e7:bc"",""s"":""DLive_E7B7"",""r"":-33,""f"":2412},{""b"":""dc:8e:8d:bf:e7:b6"",""s"":""DLive5G_E7B7"",""r"":-40,""f"":5220},{""b"":""ca:dd:6a:05:5c:1b"",""s"":""[LG_CeilingCassette A\/C]5c1b"",""r"":-53,""f"":2462},{""b"":""dc:8e:8d:bf:e6:93"",""s"":""DLive_E68E"",""r"":-64,""f"":2462},{""b"":""1e:39:29:f9:f9:45"",""s"":""[LG_CeilingCassette A\/C]f945"",""r"":-67,""f"":2462},{""b"":""1e:39:29:f9:f9:7d"",""s"":""[LG_CeilingCassette A\/C]f97d"",""r"":-73,""f"":2462},{""b"":""88:36:6c:6a:84:c2"",""s"":""hong"",""r"":-79,""f"":2427},{""b"":""00:07:89:82:be:31"",""s"":""KT_GiGA_2G_Wave2_BE2E"",""r"":-83,""f"":2437},{""b"":""dc:8e:8d:bf:e7:48"",""s"":""DLive5G_E749"",""r"":-89,""f"":5220},{""b"":""b0:38:6c:08:f1:00"",""s"":""🍟_5G"",""r"":-91,""f"":5745}]",""
1790513789579,2026-09-27 21:56:29,car,37.5465898,127.0682507,17.587,0.5114258,90.00095,43.5,fused,1,LTE,NR_NSA,5G,true,false,true,false,false,52543750,273,2600,5,8282,450,06,-88,-10,-59,4,3,0,,,,2800,66495,0.0224,0.5320,2780,66475,0.0222,0.5318,false,6,0,6,-90,273,100,0.5114258,false,false,periodic,101,0,-2,2,5004,,,,"[{""type"":""LTE"",""pci"":273,""earfcn"":100,""tac"":null,""rsrp"":-90,""rsrq"":-11,""rssi"":-69,""snr"":null,""ta"":0,""level"":3,""bands"":""1""},{""type"":""LTE"",""pci"":421,""earfcn"":2600,""tac"":null,""rsrp"":-95,""rsrq"":-15,""rssi"":-69,""snr"":null,""ta"":0,""level"":3,""bands"":""5""},{""type"":""LTE"",""pci"":273,""earfcn"":3050,""tac"":null,""rsrp"":-98,""rsrq"":-11,""rssi"":-77,""snr"":null,""ta"":0,""level"":2,""bands"":""7""},{""type"":""LTE"",""pci"":421,""earfcn"":100,""tac"":null,""rsrp"":-98,""rsrq"":-16,""rssi"":-69,""snr"":null,""ta"":0,""level"":2,""bands"":""1""},{""type"":""LTE"",""pci"":418,""earfcn"":3050,""tac"":null,""rsrp"":-103,""rsrq"":-17,""rssi"":-77,""snr"":null,""ta"":0,""level"":2,""bands"":""7""},{""type"":""LTE"",""pci"":272,""earfcn"":3050,""tac"":null,""rsrp"":-109,""rsrq"":-20,""rssi"":-77,""snr"":null,""ta"":0,""level"":1,""bands"":""7""}]",1005.0891,34,0.459,0.459,8,3,,,,"[{""b"":""dc:8e:8d:bf:e7:bc"",""s"":""DLive_E7B7"",""r"":-31,""f"":2412},{""b"":""dc:8e:8d:bf:e7:b6"",""s"":""DLive5G_E7B7"",""r"":-40,""f"":5220},{""b"":""ca:dd:6a:05:5c:1b"",""s"":""[LG_CeilingCassette A\/C]5c1b"",""r"":-57,""f"":2462},{""b"":""dc:8e:8d:bf:e6:93"",""s"":""DLive_E68E"",""r"":-64,""f"":2462},{""b"":""dc:8e:8d:bf:e7:4e"",""s"":""DLive_E749"",""r"":-65,""f"":2412},{""b"":""00:07:89:82:be:31"",""s"":""KT_GiGA_2G_Wave2_BE2E"",""r"":-80,""f"":2437},{""b"":""70:5d:cc:e0:14:62"",""s"":""703"",""r"":-84,""f"":2422},{""b"":""dc:8e:8d:bf:e7:48"",""s"":""DLive5G_E749"",""r"":-90,""f"":5220}]",""
1790513794596,2026-09-27 21:56:34,car,37.5465862,127.0682503,16.917,0.35479525,90.00824,43.5,fused,0,LTE,NR_NSA,5G,true,false,true,false,false,52543750,273,2600,5,8282,450,06,-89,-10,-61,5,3,0,,,,2724,68117,0.0218,0.5449,2704,68097,0.0216,0.5448,false,7,0,7,-89,273,100,0.35479525,false,false,periodic,106,0,-1,1,5000,,,,"[{""type"":""LTE"",""pci"":273,""earfcn"":100,""tac"":null,""rsrp"":-89,""rsrq"":-12,""rssi"":-67,""snr"":null,""ta"":0,""level"":3,""bands"":""1""},{""type"":""LTE"",""pci"":421,""earfcn"":2600,""tac"":null,""rsrp"":-95,""rsrq"":-15,""rssi"":-69,""snr"":null,""ta"":0,""level"":3,""bands"":""5""},{""type"":""LTE"",""pci"":421,""earfcn"":100,""tac"":null,""rsrp"":-98,""rsrq"":-14,""rssi"":-67,""snr"":null,""ta"":0,""level"":2,""bands"":""1""},{""type"":""LTE"",""pci"":418,""earfcn"":2600,""tac"":null,""rsrp"":-99,""rsrq"":-18,""rssi"":-69,""snr"":null,""ta"":0,""level"":2,""bands"":""5""},{""type"":""LTE"",""pci"":273,""earfcn"":3050,""tac"":null,""rsrp"":-99,""rsrq"":-13,""rssi"":-75,""snr"":null,""ta"":0,""level"":2,""bands"":""7""},{""type"":""LTE"",""pci"":418,""earfcn"":3050,""tac"":null,""rsrp"":-103,""rsrq"":-17,""rssi"":-75,""snr"":null,""ta"":0,""level"":2,""bands"":""7""},{""type"":""LTE"",""pci"":272,""earfcn"":3050,""tac"":null,""rsrp"":-106,""rsrq"":-20,""rssi"":-75,""snr"":null,""ta"":0,""level"":1,""bands"":""7""}]",1005.08844,30,0.459,0.459,8,2,,,,"[{""b"":""dc:8e:8d:bf:e7:bc"",""s"":""DLive_E7B7"",""r"":-31,""f"":2412},{""b"":""dc:8e:8d:bf:e7:b6"",""s"":""DLive5G_E7B7"",""r"":-39,""f"":5220},{""b"":""ca:dd:6a:05:5c:1b"",""s"":""[LG_CeilingCassette A\/C]5c1b"",""r"":-57,""f"":2462},{""b"":""dc:8e:8d:bf:e6:93"",""s"":""DLive_E68E"",""r"":-63,""f"":2462},{""b"":""1e:39:29:f9:f9:45"",""s"":""[LG_CeilingCassette A\/C]f945"",""r"":-71,""f"":2462},{""b"":""dc:8e:8d:bf:e7:4e"",""s"":""DLive_E749"",""r"":-72,""f"":2412},{""b"":""70:5d:cc:e0:27:0a"",""s"":""iptime403"",""r"":-83,""f"":2427},{""b"":""dc:8e:8d:bf:e7:48"",""s"":""DLive5G_E749"",""r"":-85,""f"":5220}]",""
1790513799607,2026-09-27 21:56:39,car,37.5465854,127.0682341,13.563,0.31980672,90.00016,43.5,fused,0,LTE,NR_NSA,5G,true,false,true,false,false,52543750,273,2600,5,8282,450,06,-91,-10,-63,4,3,0,,,,2719,68217,0.0218,0.5457,2679,68177,0.0214,0.5454,false,6,0,6,-90,273,100,0.31980672,false,false,periodic,111,0,-2,-1,2356,,,,"[{""type"":""LTE"",""pci"":273,""earfcn"":100,""tac"":null,""rsrp"":-90,""rsrq"":-11,""rssi"":-71,""snr"":null,""ta"":0,""level"":3,""bands"":""1""},{""type"":""LTE"",""pci"":421,""earfcn"":2600,""tac"":null,""rsrp"":-93,""rsrq"":-16,""rssi"":-65,""snr"":null,""ta"":0,""level"":3,""bands"":""5""},{""type"":""LTE"",""pci"":273,""earfcn"":3050,""tac"":null,""rsrp"":-97,""rsrq"":-11,""rssi"":-77,""snr"":null,""ta"":0,""level"":2,""bands"":""7""},{""type"":""LTE"",""pci"":421,""earfcn"":100,""tac"":null,""rsrp"":-102,""rsrq"":-16,""rssi"":-71,""snr"":null,""ta"":0,""level"":2,""bands"":""1""},{""type"":""LTE"",""pci"":418,""earfcn"":3050,""tac"":null,""rsrp"":-104,""rsrq"":-18,""rssi"":-77,""snr"":null,""ta"":0,""level"":2,""bands"":""7""},{""type"":""LTE"",""pci"":272,""earfcn"":3050,""tac"":null,""rsrp"":-106,""rsrq"":-20,""rssi"":-77,""snr"":null,""ta"":0,""level"":1,""bands"":""7""}]",1005.08716,17,0.524,0.524,8,7,,,,"[{""b"":""dc:8e:8d:bf:e7:bc"",""s"":""DLive_E7B7"",""r"":-31,""f"":2412},{""b"":""dc:8e:8d:bf:e7:b6"",""s"":""DLive5G_E7B7"",""r"":-39,""f"":5220},{""b"":""ca:dd:6a:05:5c:1b"",""s"":""[LG_CeilingCassette A\/C]5c1b"",""r"":-57,""f"":2462},{""b"":""dc:8e:8d:bf:e6:93"",""s"":""DLive_E68E"",""r"":-63,""f"":2462},{""b"":""1e:39:29:f9:f9:45"",""s"":""[LG_CeilingCassette A\/C]f945"",""r"":-71,""f"":2462},{""b"":""dc:8e:8d:bf:e7:4e"",""s"":""DLive_E749"",""r"":-72,""f"":2412},{""b"":""70:5d:cc:e0:27:0a"",""s"":""iptime403"",""r"":-83,""f"":2427},{""b"":""dc:8e:8d:bf:e7:48"",""s"":""DLive5G_E749"",""r"":-85,""f"":5220}]",""
1790513804618,2026-09-27 21:56:44,car,37.5465841,127.068236,11.412,0.34721407,90.000084,43.5,fused,1,LTE,NR_NSA,5G,true,false,true,false,false,52543750,273,2600,5,8282,450,06,-89,-11,-61,5,3,0,,,,154685,72413,1.2375,0.5793,154645,72373,1.2372,0.5790,false,6,0,6,-82,273,100,0.34721407,false,false,periodic,116,0,2,1,1698,,,,"[{""type"":""LTE"",""pci"":273,""earfcn"":100,""tac"":null,""rsrp"":-82,""rsrq"":-6,""rssi"":-53,""snr"":null,""ta"":0,""level"":4,""bands"":""1""},{""type"":""LTE"",""pci"":421,""earfcn"":2600,""tac"":null,""rsrp"":-91,""rsrq"":-13,""rssi"":-67,""snr"":null,""ta"":0,""level"":3,""bands"":""5""},{""type"":""LTE"",""pci"":421,""earfcn"":100,""tac"":null,""rsrp"":-96,""rsrq"":-20,""rssi"":-65,""snr"":null,""ta"":0,""level"":2,""bands"":""1""},{""type"":""LTE"",""pci"":273,""earfcn"":3050,""tac"":null,""rsrp"":-99,""rsrq"":-6,""rssi"":-71,""snr"":null,""ta"":0,""level"":2,""bands"":""7""},{""type"":""LTE"",""pci"":272,""earfcn"":3050,""tac"":null,""rsrp"":-105,""rsrq"":-20,""rssi"":-75,""snr"":null,""ta"":0,""level"":2,""bands"":""7""},{""type"":""LTE"",""pci"":418,""earfcn"":3050,""tac"":null,""rsrp"":-112,""rsrq"":-16,""rssi"":-83,""snr"":null,""ta"":0,""level"":1,""bands"":""7""}]",1005.0798,33,0.459,0.459,11,6,,,,"[{""b"":""dc:8e:8d:bf:e7:bc"",""s"":""DLive_E7B7"",""r"":-32,""f"":2412},{""b"":""dc:8e:8d:bf:e7:b6"",""s"":""DLive5G_E7B7"",""r"":-40,""f"":5220},{""b"":""ca:dd:6a:05:5c:1b"",""s"":""[LG_CeilingCassette A\/C]5c1b"",""r"":-52,""f"":2462},{""b"":""dc:8e:8d:bf:e6:93"",""s"":""DLive_E68E"",""r"":-67,""f"":2462},{""b"":""1e:39:29:f9:f9:45"",""s"":""[LG_CeilingCassette A\/C]f945"",""r"":-69,""f"":2462},{""b"":""1e:39:29:f9:f9:7d"",""s"":""[LG_CeilingCassette A\/C]f97d"",""r"":-72,""f"":2462},{""b"":""dc:8e:8d:bf:e7:4e"",""s"":""DLive_E749"",""r"":-73,""f"":2412},{""b"":""88:3c:1c:47:e8:bc"",""s"":""KT_GiGA_2G_E8B8"",""r"":-81,""f"":2422},{""b"":""38:f4:5e:44:73:77"",""s"":""SK_7374_2.4G"",""r"":-82,""f"":2462},{""b"":""70:5d:cc:df:3f:80"",""s"":""502"",""r"":-83,""f"":2422},{""b"":""dc:8e:8d:bf:e7:48"",""s"":""DLive5G_E749"",""r"":-90,""f"":5220}]",""
1790513809634,2026-09-27 21:56:49,car,37.5465933,127.0682417,10.785,0.38804668,37.389572,43.5,fused,0,LTE,NR_NSA,5G,true,false,true,false,false,52543750,273,2600,5,8282,450,06,-90,-13,-61,5,3,0,,,,10363,68580,0.0829,0.5486,10343,68560,0.0827,0.5485,false,6,0,6,-82,273,100,0.38804668,false,false,periodic,121,0,-1,0,1033,,,,"[{""type"":""LTE"",""pci"":273,""earfcn"":100,""tac"":null,""rsrp"":-82,""rsrq"":-7,""rssi"":-55,""snr"":null,""ta"":0,""level"":4,""bands"":""1""},{""type"":""LTE"",""pci"":421,""earfcn"":2600,""tac"":null,""rsrp"":-92,""rsrq"":-14,""rssi"":-67,""snr"":null,""ta"":0,""level"":3,""bands"":""5""},{""type"":""LTE"",""pci"":273,""earfcn"":3050,""tac"":null,""rsrp"":-92,""rsrq"":-8,""rssi"":-65,""snr"":null,""ta"":0,""level"":3,""bands"":""7""},{""type"":""LTE"",""pci"":421,""earfcn"":100,""tac"":null,""rsrp"":-97,""rsrq"":-17,""rssi"":-65,""snr"":null,""ta"":0,""level"":2,""bands"":""1""},{""type"":""LTE"",""pci"":418,""earfcn"":3050,""tac"":null,""rsrp"":-104,""rsrq"":-18,""rssi"":-75,""snr"":null,""ta"":0,""level"":2,""bands"":""7""},{""type"":""LTE"",""pci"":272,""earfcn"":3050,""tac"":null,""rsrp"":-106,""rsrq"":-20,""rssi"":-75,""snr"":null,""ta"":0,""level"":1,""bands"":""7""}]",1005.0795,31,0.459,0.459,7,6,,,,"[{""b"":""dc:8e:8d:bf:e7:b6"",""s"":""DLive5G_E7B7"",""r"":-44,""f"":5220},{""b"":""ca:dd:6a:05:5c:1b"",""s"":""[LG_CeilingCassette A\/C]5c1b"",""r"":-52,""f"":2462},{""b"":""1e:39:29:f9:f9:45"",""s"":""[LG_CeilingCassette A\/C]f945"",""r"":-74,""f"":2462},{""b"":""1e:39:29:f9:f9:7d"",""s"":""[LG_CeilingCassette A\/C]f97d"",""r"":-77,""f"":2462},{""b"":""50:46:ae:36:27:2a"",""s"":""U+Net1D88"",""r"":-81,""f"":2462},{""b"":""dc:8e:8d:bf:e7:48"",""s"":""DLive5G_E749"",""r"":-90,""f"":5220},{""b"":""88:36:6c:6a:84:c0"",""s"":""hong5G"",""r"":-91,""f"":5745}]",""
1790513814644,2026-09-27 21:56:54,car,37.5465973,127.0682456,10.143,0.40258673,35.741425,43.5,fused,1,LTE,NR_NSA,5G,true,false,true,false,false,52543750,273,2600,5,8282,450,06,-87,-10,-59,3,3,0,,,,9413,67130,0.0753,0.5370,9394,67110,0.0752,0.5369,false,6,0,6,-82,273,100,0.40258673,false,false,periodic,126,0,3,-2,1043,,,,"[{""type"":""LTE"",""pci"":273,""earfcn"":100,""tac"":null,""rsrp"":-82,""rsrq"":-10,""rssi"":-51,""snr"":null,""ta"":0,""level"":4,""bands"":""1""},{""type"":""LTE"",""pci"":421,""earfcn"":2600,""tac"":null,""rsrp"":-92,""rsrq"":-13,""rssi"":-67,""snr"":null,""ta"":0,""level"":3,""bands"":""5""},{""type"":""LTE"",""pci"":421,""earfcn"":100,""tac"":null,""rsrp"":-92,""rsrq"":-17,""rssi"":-65,""snr"":null,""ta"":0,""level"":3,""bands"":""1""},{""type"":""LTE"",""pci"":273,""earfcn"":3050,""tac"":null,""rsrp"":-93,""rsrq"":-10,""rssi"":-61,""snr"":null,""ta"":0,""level"":3,""bands"":""7""},{""type"":""LTE"",""pci"":272,""earfcn"":3050,""tac"":null,""rsrp"":-99,""rsrq"":-18,""rssi"":-71,""snr"":null,""ta"":0,""level"":2,""bands"":""7""},{""type"":""LTE"",""pci"":418,""earfcn"":3050,""tac"":null,""rsrp"":-112,""rsrq"":-20,""rssi"":-77,""snr"":null,""ta"":0,""level"":1,""bands"":""7""}]",1005.06976,20,0.524,0.524,8,7,,,,"[{""b"":""dc:8e:8d:bf:e7:bc"",""s"":""DLive_E7B7"",""r"":-34,""f"":2412},{""b"":""dc:8e:8d:bf:e7:b6"",""s"":""DLive5G_E7B7"",""r"":-44,""f"":5220},{""b"":""ca:dd:6a:05:5c:1b"",""s"":""[LG_CeilingCassette A\/C]5c1b"",""r"":-51,""f"":2462},{""b"":""1e:39:29:f9:f9:45"",""s"":""[LG_CeilingCassette A\/C]f945"",""r"":-71,""f"":2462},{""b"":""1e:39:29:f9:f9:7d"",""s"":""[LG_CeilingCassette A\/C]f97d"",""r"":-79,""f"":2462},{""b"":""da:e3:5e:f5:14:7c"",""s"":""[LG_Wall-Mount A\/C]147c"",""r"":-82,""f"":2452},{""b"":""dc:8e:8d:bf:e7:48"",""s"":""DLive5G_E749"",""r"":-91,""f"":5220},{""b"":""dc:8e:8d:bf:e7:11"",""s"":""DLive5G_E712"",""r"":-93,""f"":5220}]",""
1790513819656,2026-09-27 21:56:59,car,37.5466001,127.0682516,10.569,0.34930968,46.95099,43.5,fused,0,LTE,NR_NSA,5G,true,false,true,false,false,52543750,273,2600,5,8282,450,06,-86,-11,-57,3,3,0,,,,3461,69061,0.0277,0.5525,3421,69021,0.0274,0.5522,false,5,0,5,-84,273,100,0.34930968,false,false,periodic,131,0,1,0,285,,,,"[{""type"":""LTE"",""pci"":273,""earfcn"":100,""tac"":null,""rsrp"":-84,""rsrq"":-9,""rssi"":-65,""snr"":null,""ta"":0,""level"":4,""bands"":""1""},{""type"":""LTE"",""pci"":421,""earfcn"":2600,""tac"":null,""rsrp"":-90,""rsrq"":-14,""rssi"":-61,""snr"":null,""ta"":0,""level"":3,""bands"":""5""},{""type"":""LTE"",""pci"":273,""earfcn"":3050,""tac"":null,""rsrp"":-93,""rsrq"":-12,""rssi"":-71,""snr"":null,""ta"":0,""level"":3,""bands"":""7""},{""type"":""LTE"",""pci"":421,""earfcn"":100,""tac"":null,""rsrp"":-98,""rsrq"":-20,""rssi"":-65,""snr"":null,""ta"":0,""level"":2,""bands"":""1""},{""type"":""LTE"",""pci"":272,""earfcn"":3050,""tac"":null,""rsrp"":-100,""rsrq"":-19,""rssi"":-71,""snr"":null,""ta"":0,""level"":2,""bands"":""7""}]",1005.0706,30,0.459,0.524,8,5,,,,"[{""b"":""dc:8e:8d:bf:e7:bc"",""s"":""DLive_E7B7"",""r"":-36,""f"":2412},{""b"":""dc:8e:8d:bf:e7:b6"",""s"":""DLive5G_E7B7"",""r"":-46,""f"":5220},{""b"":""36:e6:e6:e8:d8:bf"",""s"":"""",""r"":-69,""f"":2412},{""b"":""1e:39:29:f9:f9:45"",""s"":""[LG_CeilingCassette A\/C]f945"",""r"":-71,""f"":2462},{""b"":""dc:8e:8d:bf:e7:17"",""s"":""DLive_E712"",""r"":-71,""f"":2462},{""b"":""1e:39:29:f9:f9:7d"",""s"":""[LG_CeilingCassette A\/C]f97d"",""r"":-81,""f"":2462},{""b"":""58:86:94:dd:fd:b6"",""s"":""iptime_niulgul"",""r"":-85,""f"":2432},{""b"":""dc:8e:8d:bf:e7:48"",""s"":""DLive5G_E749"",""r"":-89,""f"":5220}]",""
1790513824675,2026-09-27 21:57:04,car,37.5466033,127.0682531,10.604,0.31371734,40.09342,43.5,fused,1,LTE,NR_NSA,5G,true,false,true,false,false,52543750,273,2600,5,8282,450,06,-86,-11,-57,3,3,0,,,,253653,67894,2.0292,0.5432,253633,67874,2.0291,0.5430,false,5,0,5,-84,273,100,0.31371734,false,false,periodic,136,0,0,0,5304,,,,"[{""type"":""LTE"",""pci"":273,""earfcn"":100,""tac"":null,""rsrp"":-84,""rsrq"":-9,""rssi"":-65,""snr"":null,""ta"":0,""level"":4,""bands"":""1""},{""type"":""LTE"",""pci"":421,""earfcn"":2600,""tac"":null,""rsrp"":-90,""rsrq"":-14,""rssi"":-61,""snr"":null,""ta"":0,""level"":3,""bands"":""5""},{""type"":""LTE"",""pci"":273,""earfcn"":3050,""tac"":null,""rsrp"":-93,""rsrq"":-12,""rssi"":-71,""snr"":null,""ta"":0,""level"":3,""bands"":""7""},{""type"":""LTE"",""pci"":421,""earfcn"":100,""tac"":null,""rsrp"":-98,""rsrq"":-20,""rssi"":-65,""snr"":null,""ta"":0,""level"":2,""bands"":""1""},{""type"":""LTE"",""pci"":272,""earfcn"":3050,""tac"":null,""rsrp"":-100,""rsrq"":-19,""rssi"":-71,""snr"":null,""ta"":0,""level"":2,""bands"":""7""}]",1005.07654,30,0.459,0.459,8,4,,,,"[{""b"":""dc:8e:8d:bf:e7:bc"",""s"":""DLive_E7B7"",""r"":-34,""f"":2412},{""b"":""dc:8e:8d:bf:e7:b6"",""s"":""DLive5G_E7B7"",""r"":-47,""f"":5220},{""b"":""ca:dd:6a:05:5c:1b"",""s"":""[LG_CeilingCassette A\/C]5c1b"",""r"":-51,""f"":2462},{""b"":""da:e3:5e:f5:14:7c"",""s"":""[LG_Wall-Mount A\/C]147c"",""r"":-81,""f"":2452},{""b"":""88:3c:1c:75:fd:9a"",""s"":""KT_GiGA_2G_FD96"",""r"":-84,""f"":2437},{""b"":""dc:8e:8d:bf:e7:48"",""s"":""DLive5G_E749"",""r"":-92,""f"":5220},{""b"":""88:36:6c:6a:84:c0"",""s"":""hong5G"",""r"":-92,""f"":5745},{""b"":""dc:8e:8d:bf:e7:11"",""s"":""DLive5G_E712"",""r"":-94,""f"":5220}]",""
1790513829685,2026-09-27 21:57:09,car,37.5466029,127.0682519,9.919,0.30603015,40.633675,43.5,fused,1,LTE,NR_NSA,5G,true,false,true,false,false,52543750,273,2600,5,8282,450,06,-86,-12,-57,2,3,0,,,,1267629,75229,10.1410,0.6018,1267589,75189,10.1407,0.6015,false,5,0,5,-84,273,100,0.30603015,false,false,periodic,141,0,0,-1,4999,,,,"[{""type"":""LTE"",""pci"":273,""earfcn"":100,""tac"":null,""rsrp"":-84,""rsrq"":-8,""rssi"":-67,""snr"":null,""ta"":0,""level"":4,""bands"":""1""},{""type"":""LTE"",""pci"":421,""earfcn"":2600,""tac"":null,""rsrp"":-92,""rsrq"":-15,""rssi"":-67,""snr"":null,""ta"":0,""level"":3,""bands"":""5""},{""type"":""LTE"",""pci"":421,""earfcn"":100,""tac"":null,""rsrp"":-92,""rsrq"":-17,""rssi"":-63,""snr"":null,""ta"":0,""level"":3,""bands"":""1""},{""type"":""LTE"",""pci"":273,""earfcn"":3050,""tac"":null,""rsrp"":-93,""rsrq"":-8,""rssi"":-65,""snr"":null,""ta"":0,""level"":3,""bands"":""7""},{""type"":""LTE"",""pci"":272,""earfcn"":3050,""tac"":null,""rsrp"":-100,""rsrq"":-19,""rssi"":-71,""snr"":null,""ta"":0,""level"":2,""bands"":""7""}]",1005.01666,16,0.459,0.459,8,3,,,,"[{""b"":""dc:8e:8d:bf:e7:bc"",""s"":""DLive_E7B7"",""r"":-29,""f"":2412},{""b"":""dc:8e:8d:bf:e7:b6"",""s"":""DLive5G_E7B7"",""r"":-42,""f"":5220},{""b"":""ca:dd:6a:05:5c:1b"",""s"":""[LG_CeilingCassette A\/C]5c1b"",""r"":-48,""f"":2462},{""b"":""1e:39:29:f9:f9:7d"",""s"":""[LG_CeilingCassette A\/C]f97d"",""r"":-75,""f"":2462},{""b"":""ca:dd:6a:08:2c:55"",""s"":""[LG_CeilingCassette A\/C]2c55"",""r"":-84,""f"":2462},{""b"":""00:07:89:bc:8c:f4"",""s"":""KT_GiGA_2G_Wave2_8CF1"",""r"":-85,""f"":2417},{""b"":""dc:8e:8d:bf:e7:11"",""s"":""DLive5G_E712"",""r"":-92,""f"":5220},{""b"":""88:36:6c:6a:84:c0"",""s"":""hong5G"",""r"":-92,""f"":5745}]",""
1790513834694,2026-09-27 21:57:14,car,37.5466054,127.0682531,9.49,0.36904785,29.678486,43.5,fused,1,LTE,NR_NSA,5G,true,false,true,false,false,52543750,273,2600,5,8282,450,06,-89,-11,-59,1,3,0,,,,289999,83066,2.3200,0.6645,289979,83046,2.3198,0.6644,false,8,0,8,-81,273,100,0.36904785,false,false,periodic,146,0,-3,-1,5011,,,,"[{""type"":""LTE"",""pci"":273,""earfcn"":100,""tac"":null,""rsrp"":-81,""rsrq"":-7,""rssi"":-55,""snr"":null,""ta"":0,""level"":4,""bands"":""1""},{""type"":""LTE"",""pci"":421,""earfcn"":2600,""tac"":null,""rsrp"":-93,""rsrq"":-15,""rssi"":-65,""snr"":null,""ta"":0,""level"":3,""bands"":""5""},{""type"":""LTE"",""pci"":273,""earfcn"":3050,""tac"":null,""rsrp"":-93,""rsrq"":-8,""rssi"":-65,""snr"":null,""ta"":0,""level"":3,""bands"":""7""},{""type"":""LTE"",""pci"":109,""earfcn"":2600,""tac"":null,""rsrp"":-96,""rsrq"":-20,""rssi"":-67,""snr"":null,""ta"":0,""level"":2,""bands"":""5""},{""type"":""LTE"",""pci"":421,""earfcn"":100,""tac"":null,""rsrp"":-96,""rsrq"":-18,""rssi"":-65,""snr"":null,""ta"":0,""level"":2,""bands"":""1""},{""type"":""LTE"",""pci"":418,""earfcn"":2600,""tac"":null,""rsrp"":-97,""rsrq"":-20,""rssi"":-67,""snr"":null,""ta"":0,""level"":2,""bands"":""5""},{""type"":""LTE"",""pci"":272,""earfcn"":3050,""tac"":null,""rsrp"":-103,""rsrq"":-17,""rssi"":-77,""snr"":null,""ta"":0,""level"":2,""bands"":""7""},{""type"":""LTE"",""pci"":418,""earfcn"":3050,""tac"":null,""rsrp"":-107,""rsrq"":-20,""rssi"":-77,""snr"":null,""ta"":0,""level"":1,""bands"":""7""}]",1005.088,18,0.524,0.524,11,3,,,,"[{""b"":""dc:8e:8d:bf:e7:bc"",""s"":""DLive_E7B7"",""r"":-32,""f"":2412},{""b"":""dc:8e:8d:bf:e7:b6"",""s"":""DLive5G_E7B7"",""r"":-41,""f"":5220},{""b"":""ca:dd:6a:05:5c:1b"",""s"":""[LG_CeilingCassette A\/C]5c1b"",""r"":-54,""f"":2462},{""b"":""1e:39:29:f9:f9:45"",""s"":""[LG_CeilingCassette A\/C]f945"",""r"":-67,""f"":2462},{""b"":""dc:8e:8d:bf:e7:4e"",""s"":""DLive_E749"",""r"":-67,""f"":2412},{""b"":""dc:8e:8d:bf:e7:17"",""s"":""DLive_E712"",""r"":-68,""f"":2462},{""b"":""1e:39:29:f9:f9:7d"",""s"":""[LG_CeilingCassette A\/C]f97d"",""r"":-77,""f"":2462},{""b"":""b0:38:6c:b1:26:36"",""s"":""ggulbam"",""r"":-82,""f"":2447},{""b"":""70:5d:cc:e0:14:62"",""s"":""703"",""r"":-84,""f"":2422},{""b"":""ca:dd:6a:08:2c:55"",""s"":""[LG_CeilingCassette A\/C]2c55"",""r"":-84,""f"":2462},{""b"":""dc:8e:8d:bf:e7:48"",""s"":""DLive5G_E749"",""r"":-91,""f"":5220}]",""
1790513839712,2026-09-27 21:57:19,car,37.546604,127.0682513,8.793,0.2951041,51.8975,43.5,fused,0,LTE,NR_NSA,5G,true,false,true,false,false,52543750,273,2600,5,8282,450,06,-88,-12,-57,1,3,0,,,,183832,75970,1.4707,0.6078,183812,75950,1.4705,0.6076,false,6,0,6,-81,273,100,0.2951041,false,false,periodic,151,0,1,0,5002,,,,"[{""type"":""LTE"",""pci"":273,""earfcn"":100,""tac"":null,""rsrp"":-81,""rsrq"":-8,""rssi"":-53,""snr"":null,""ta"":0,""level"":4,""bands"":""1""},{""type"":""LTE"",""pci"":421,""earfcn"":2600,""tac"":null,""rsrp"":-89,""rsrq"":-15,""rssi"":-63,""snr"":null,""ta"":0,""level"":3,""bands"":""5""},{""type"":""LTE"",""pci"":273,""earfcn"":3050,""tac"":null,""rsrp"":-95,""rsrq"":-10,""rssi"":-67,""snr"":null,""ta"":0,""level"":3,""bands"":""7""},{""type"":""LTE"",""pci"":421,""earfcn"":100,""tac"":null,""rsrp"":-95,""rsrq"":-18,""rssi"":-63,""snr"":null,""ta"":0,""level"":3,""bands"":""1""},{""type"":""LTE"",""pci"":272,""earfcn"":3050,""tac"":null,""rsrp"":-109,""rsrq"":-20,""rssi"":-79,""snr"":null,""ta"":0,""level"":1,""bands"":""7""},{""type"":""LTE"",""pci"":418,""earfcn"":3050,""tac"":null,""rsrp"":-109,""rsrq"":-20,""rssi"":-79,""snr"":null,""ta"":0,""level"":1,""bands"":""7""}]",1005.06213,152,0.459,0.459,13,2,,,,"[{""b"":""dc:8e:8d:bf:e7:bc"",""s"":""DLive_E7B7"",""r"":-31,""f"":2412},{""b"":""dc:8e:8d:bf:e7:b6"",""s"":""DLive5G_E7B7"",""r"":-41,""f"":5220},{""b"":""dc:8e:8d:bf:e6:93"",""s"":""DLive_E68E"",""r"":-63,""f"":2462},{""b"":""1e:39:29:f9:f9:45"",""s"":""[LG_CeilingCassette A\/C]f945"",""r"":-74,""f"":2462},{""b"":""1e:39:29:f9:f9:7d"",""s"":""[LG_CeilingCassette A\/C]f97d"",""r"":-79,""f"":2462},{""b"":""da:e3:5e:f5:14:7c"",""s"":""[LG_Wall-Mount A\/C]147c"",""r"":-79,""f"":2452},{""b"":""72:7f:f0:63:d5:4b"",""s"":""TP-Link_D548"",""r"":-80,""f"":2457},{""b"":""b0:38:6c:b1:26:36"",""s"":""ggulbam"",""r"":-82,""f"":2447},{""b"":""b0:38:6c:2d:13:02"",""s"":""205호"",""r"":-83,""f"":2417},{""b"":""00:07:89:82:be:31"",""s"":""KT_GiGA_2G_Wave2_BE2E"",""r"":-84,""f"":2437},{""b"":""dc:8e:8d:bf:e7:48"",""s"":""DLive5G_E749"",""r"":-88,""f"":5220},{""b"":""76:7f:f0:63:d5:4c"",""s"":""TP-Link_D548_5G"",""r"":-92,""f"":5180},{""b"":""76:7f:f0:63:d5:4d"",""s"":"""",""r"":-92,""f"":5180}]",""
1790513844722,2026-09-27 21:57:24,car,37.5466023,127.0682561,9.1,0.2906432,77.722145,43.5,fused,1,LTE,NR_NSA,5G,true,false,true,false,false,52543750,273,2600,5,8282,450,06,-86,-13,-59,0,3,0,,,,2350,66981,0.0188,0.5358,2310,66941,0.0185,0.5355,false,7,0,7,-82,273,100,0.2906432,false,false,periodic,156,0,2,-1,5005,,,,"[{""type"":""LTE"",""pci"":273,""earfcn"":100,""tac"":null,""rsrp"":-82,""rsrq"":-9,""rssi"":-53,""snr"":null,""ta"":0,""level"":4,""bands"":""1""},{""type"":""LTE"",""pci"":421,""earfcn"":2600,""tac"":null,""rsrp"":-91,""rsrq"":-16,""rssi"":-63,""snr"":null,""ta"":0,""level"":3,""bands"":""5""},{""type"":""LTE"",""pci"":272,""earfcn"":2600,""tac"":null,""rsrp"":-91,""rsrq"":-18,""rssi"":-63,""snr"":null,""ta"":0,""level"":3,""bands"":""5""},{""type"":""LTE"",""pci"":421,""earfcn"":100,""tac"":null,""rsrp"":-94,""rsrq"":-19,""rssi"":-65,""snr"":null,""ta"":0,""level"":3,""bands"":""1""},{""type"":""LTE"",""pci"":273,""earfcn"":3050,""tac"":null,""rsrp"":-96,""rsrq"":-9,""rssi"":-77,""snr"":null,""ta"":0,""level"":2,""bands"":""7""},{""type"":""LTE"",""pci"":272,""earfcn"":3050,""tac"":null,""rsrp"":-106,""rsrq"":-20,""rssi"":-77,""snr"":null,""ta"":0,""level"":1,""bands"":""7""},{""type"":""LTE"",""pci"":418,""earfcn"":3050,""tac"":null,""rsrp"":-106,""rsrq"":-20,""rssi"":-75,""snr"":null,""ta"":0,""level"":1,""bands"":""7""}]",1005.05743,10,0.459,0.459,13,7,,,,"[{""b"":""dc:8e:8d:bf:e7:bc"",""s"":""DLive_E7B7"",""r"":-31,""f"":2412},{""b"":""dc:8e:8d:bf:e7:b6"",""s"":""DLive5G_E7B7"",""r"":-41,""f"":5220},{""b"":""dc:8e:8d:bf:e6:93"",""s"":""DLive_E68E"",""r"":-63,""f"":2462},{""b"":""1e:39:29:f9:f9:45"",""s"":""[LG_CeilingCassette A\/C]f945"",""r"":-74,""f"":2462},{""b"":""1e:39:29:f9:f9:7d"",""s"":""[LG_CeilingCassette A\/C]f97d"",""r"":-79,""f"":2462},{""b"":""da:e3:5e:f5:14:7c"",""s"":""[LG_Wall-Mount A\/C]147c"",""r"":-79,""f"":2452},{""b"":""72:7f:f0:63:d5:4b"",""s"":""TP-Link_D548"",""r"":-80,""f"":2457},{""b"":""b0:38:6c:b1:26:36"",""s"":""ggulbam"",""r"":-82,""f"":2447},{""b"":""b0:38:6c:2d:13:02"",""s"":""205호"",""r"":-83,""f"":2417},{""b"":""00:07:89:82:be:31"",""s"":""KT_GiGA_2G_Wave2_BE2E"",""r"":-84,""f"":2437},{""b"":""dc:8e:8d:bf:e7:48"",""s"":""DLive5G_E749"",""r"":-88,""f"":5220},{""b"":""76:7f:f0:63:d5:4c"",""s"":""TP-Link_D548_5G"",""r"":-92,""f"":5180},{""b"":""76:7f:f0:63:d5:4d"",""s"":"""",""r"":-92,""f"":5180}]",""
1790513849740,2026-09-27 21:57:29,car,37.5466015,127.0682591,9.948,0.32940796,84.52392,43.5,fused,1,LTE,NR_NSA,5G,true,false,true,false,false,52543750,273,2600,5,8282,450,06,-92,-10,-65,2,3,0,,,,34813,72268,0.2785,0.5781,34793,72248,0.2783,0.5780,false,6,0,6,-82,273,100,0.32940796,false,false,periodic,161,0,-6,2,5008,,,,"[{""type"":""LTE"",""pci"":273,""earfcn"":100,""tac"":null,""rsrp"":-82,""rsrq"":-10,""rssi"":-63,""snr"":null,""ta"":0,""level"":4,""bands"":""1""},{""type"":""LTE"",""pci"":421,""earfcn"":2600,""tac"":null,""rsrp"":-93,""rsrq"":-12,""rssi"":-71,""snr"":null,""ta"":0,""level"":3,""bands"":""5""},{""type"":""LTE"",""pci"":421,""earfcn"":100,""tac"":null,""rsrp"":-94,""rsrq"":-17,""rssi"":-65,""snr"":null,""ta"":0,""level"":3,""bands"":""1""},{""type"":""LTE"",""pci"":273,""earfcn"":3050,""tac"":null,""rsrp"":-98,""rsrq"":-12,""rssi"":-75,""snr"":null,""ta"":0,""level"":2,""bands"":""7""},{""type"":""LTE"",""pci"":418,""earfcn"":3050,""tac"":null,""rsrp"":-102,""rsrq"":-18,""rssi"":-73,""snr"":null,""ta"":0,""level"":2,""bands"":""7""},{""type"":""LTE"",""pci"":272,""earfcn"":3050,""tac"":null,""rsrp"":-109,""rsrq"":-20,""rssi"":-77,""snr"":null,""ta"":0,""level"":1,""bands"":""7""}]",1005.0742,23,0.481,0.524,14,2,,,,"[{""b"":""dc:8e:8d:bf:e7:bc"",""s"":""DLive_E7B7"",""r"":-33,""f"":2412},{""b"":""dc:8e:8d:bf:e7:b6"",""s"":""DLive5G_E7B7"",""r"":-45,""f"":5220},{""b"":""ca:dd:6a:05:5c:1b"",""s"":""[LG_CeilingCassette A\/C]5c1b"",""r"":-50,""f"":2462},{""b"":""dc:8e:8d:bf:e6:93"",""s"":""DLive_E68E"",""r"":-67,""f"":2462},{""b"":""1e:39:29:f9:f9:45"",""s"":""[LG_CeilingCassette A\/C]f945"",""r"":-71,""f"":2462},{""b"":""88:36:6c:6a:84:c2"",""s"":""hong"",""r"":-75,""f"":2427},{""b"":""1e:39:29:f9:f9:7d"",""s"":""[LG_CeilingCassette A\/C]f97d"",""r"":-76,""f"":2462},{""b"":""b0:38:6c:08:f1:02"",""s"":""🍟"",""r"":-81,""f"":2412},{""b"":""b0:38:6c:2d:13:02"",""s"":""205호"",""r"":-82,""f"":2417},{""b"":""da:e3:5e:f5:14:7c"",""s"":""[LG_Wall-Mount A\/C]147c"",""r"":-82,""f"":2452},{""b"":""72:7f:f0:63:d5:4c"",""s"":"""",""r"":-82,""f"":2457},{""b"":""b0:38:6c:36:ff:8a"",""s"":""subin"",""r"":-83,""f"":2412},{""b"":""00:07:89:82:be:31"",""s"":""KT_GiGA_2G_Wave2_BE2E"",""r"":-83,""f"":2437},{""b"":""dc:8e:8d:bf:e7:48"",""s"":""DLive5G_E749"",""r"":-89,""f"":5220}]",""
1790513854759,2026-09-27 21:57:34,car,37.5465986,127.0682617,10.371,0.33316654,92.90152,43.5,fused,0,LTE,NR_NSA,5G,true,false,true,false,false,52543750,273,2600,5,8282,450,06,-89,-11,-61,3,3,0,,,,2158,63639,0.0173,0.5091,2139,65337,0.0171,0.5227,false,7,0,7,-82,273,100,0.33316654,false,false,periodic,166,0,3,1,2921,,,,"[{""type"":""LTE"",""pci"":273,""earfcn"":100,""tac"":null,""rsrp"":-82,""rsrq"":-9,""rssi"":-63,""snr"":null,""ta"":0,""level"":4,""bands"":""1""},{""type"":""LTE"",""pci"":421,""earfcn"":2600,""tac"":null,""rsrp"":-92,""rsrq"":-14,""rssi"":-69,""snr"":null,""ta"":0,""level"":3,""bands"":""5""},{""type"":""LTE"",""pci"":418,""earfcn"":100,""tac"":null,""rsrp"":-92,""rsrq"":-20,""rssi"":-61,""snr"":null,""ta"":0,""level"":3,""bands"":""1""},{""type"":""LTE"",""pci"":421,""earfcn"":100,""tac"":null,""rsrp"":-94,""rsrq"":-17,""rssi"":-65,""snr"":null,""ta"":0,""level"":3,""bands"":""1""},{""type"":""LTE"",""pci"":273,""earfcn"":3050,""tac"":null,""rsrp"":-98,""rsrq"":-10,""rssi"":-79,""snr"":null,""ta"":0,""level"":2,""bands"":""7""},{""type"":""LTE"",""pci"":272,""earfcn"":3050,""tac"":null,""rsrp"":-108,""rsrq"":-20,""rssi"":-79,""snr"":null,""ta"":0,""level"":1,""bands"":""7""},{""type"":""LTE"",""pci"":418,""earfcn"":3050,""tac"":null,""rsrp"":-109,""rsrq"":-20,""rssi"":-79,""snr"":null,""ta"":0,""level"":1,""bands"":""7""}]",1005.0589,13,0.459,0.459,12,2,,,,"[{""b"":""dc:8e:8d:bf:e7:bc"",""s"":""DLive_E7B7"",""r"":-31,""f"":2412},{""b"":""dc:8e:8d:bf:e7:b6"",""s"":""DLive5G_E7B7"",""r"":-44,""f"":5220},{""b"":""dc:8e:8d:bf:e6:93"",""s"":""DLive_E68E"",""r"":-67,""f"":2462},{""b"":""dc:8e:8d:bf:e7:17"",""s"":""DLive_E712"",""r"":-68,""f"":2462},{""b"":""1e:39:29:f9:f9:45"",""s"":""[LG_CeilingCassette A\/C]f945"",""r"":-70,""f"":2462},{""b"":""dc:8e:8d:bf:e7:4e"",""s"":""DLive_E749"",""r"":-71,""f"":2412},{""b"":""88:36:6c:6a:84:c2"",""s"":""hong"",""r"":-74,""f"":2427},{""b"":""1e:39:29:f9:f9:7d"",""s"":""[LG_CeilingCassette A\/C]f97d"",""r"":-78,""f"":2462},{""b"":""da:e3:5e:f5:14:7c"",""s"":""[LG_Wall-Mount A\/C]147c"",""r"":-79,""f"":2452},{""b"":""70:5d:cc:e0:27:0a"",""s"":""iptime403"",""r"":-84,""f"":2427},{""b"":""38:f4:5e:44:73:77"",""s"":""SK_7374_2.4G"",""r"":-84,""f"":2462},{""b"":""dc:8e:8d:bf:e7:48"",""s"":""DLive5G_E749"",""r"":-89,""f"":5220}]",""
1790513859773,2026-09-27 21:57:39,car,37.546593,127.0682625,10.396,0.3455707,90.2329,43.5,fused,0,LTE,NR_NSA,5G,true,false,true,false,false,52543750,273,2600,5,8282,450,06,-90,-11,-61,3,3,0,,,,2218,65327,0.0177,0.5226,2198,63587,0.0176,0.5087,false,6,0,6,-82,273,100,0.3455707,false,false,periodic,171,0,-1,0,2366,,,,"[{""type"":""LTE"",""pci"":273,""earfcn"":100,""tac"":null,""rsrp"":-82,""rsrq"":-12,""rssi"":-61,""snr"":null,""ta"":0,""level"":4,""bands"":""1""},{""type"":""LTE"",""pci"":421,""earfcn"":2600,""tac"":null,""rsrp"":-91,""rsrq"":-13,""rssi"":-69,""snr"":null,""ta"":0,""level"":3,""bands"":""5""},{""type"":""LTE"",""pci"":421,""earfcn"":100,""tac"":null,""rsrp"":-92,""rsrq"":-20,""rssi"":-61,""snr"":null,""ta"":0,""level"":3,""bands"":""1""},{""type"":""LTE"",""pci"":418,""earfcn"":100,""tac"":null,""rsrp"":-92,""rsrq"":-20,""rssi"":-61,""snr"":null,""ta"":0,""level"":3,""bands"":""1""},{""type"":""LTE"",""pci"":273,""earfcn"":3050,""tac"":null,""rsrp"":-98,""rsrq"":-10,""rssi"":-79,""snr"":null,""ta"":0,""level"":2,""bands"":""7""},{""type"":""LTE"",""pci"":418,""earfcn"":3050,""tac"":null,""rsrp"":-108,""rsrq"":-20,""rssi"":-79,""snr"":null,""ta"":0,""level"":1,""bands"":""7""}]",1004.9973,12,0.456,0.459,7,1,,,,"[{""b"":""dc:8e:8d:bf:e7:bc"",""s"":""DLive_E7B7"",""r"":-33,""f"":2412},{""b"":""dc:8e:8d:bf:e7:b6"",""s"":""DLive5G_E7B7"",""r"":-47,""f"":5220},{""b"":""ca:dd:6a:05:5c:1b"",""s"":""[LG_CeilingCassette A\/C]5c1b"",""r"":-55,""f"":2462},{""b"":""1e:39:29:f9:f9:45"",""s"":""[LG_CeilingCassette A\/C]f945"",""r"":-66,""f"":2462},{""b"":""dc:8e:8d:bf:e6:93"",""s"":""DLive_E68E"",""r"":-68,""f"":2462},{""b"":""1e:39:29:f9:f9:7d"",""s"":""[LG_CeilingCassette A\/C]f97d"",""r"":-79,""f"":2462},{""b"":""dc:8e:8d:bf:e7:48"",""s"":""DLive5G_E749"",""r"":-87,""f"":5220}]",""
1790513863022,2026-09-27 21:57:43,car,37.546594,127.0682613,10.959,0.33902982,89.999405,43.5,fused,0,LTE,NR_NSA,5G,true,false,true,false,false,52545035,421,2600,5,8282,450,06,-92,-12,-63,2,3,0,,,,2087,65457,0.0167,0.5237,2056,65426,0.0164,0.5234,false,3,0,3,-95,273,2600,0.33902982,true,false,handover,0,1,,,4,52543750,-90,-11,"[{""type"":""LTE"",""pci"":273,""earfcn"":2600,""tac"":null,""rsrp"":-95,""rsrq"":-11,""rssi"":-69,""snr"":null,""ta"":0,""level"":3,""bands"":""5""},{""type"":""LTE"",""pci"":423,""earfcn"":2600,""tac"":null,""rsrp"":-98,""rsrq"":-19,""rssi"":-69,""snr"":null,""ta"":0,""level"":2,""bands"":""5""},{""type"":""LTE"",""pci"":418,""earfcn"":2600,""tac"":null,""rsrp"":-100,""rsrq"":-19,""rssi"":-71,""snr"":null,""ta"":0,""level"":2,""bands"":""5""}]",1004.97925,10,0.524,0.459,7,5,,,,"[{""b"":""dc:8e:8d:bf:e7:bc"",""s"":""DLive_E7B7"",""r"":-33,""f"":2412},{""b"":""dc:8e:8d:bf:e7:b6"",""s"":""DLive5G_E7B7"",""r"":-47,""f"":5220},{""b"":""ca:dd:6a:05:5c:1b"",""s"":""[LG_CeilingCassette A\/C]5c1b"",""r"":-55,""f"":2462},{""b"":""1e:39:29:f9:f9:45"",""s"":""[LG_CeilingCassette A\/C]f945"",""r"":-66,""f"":2462},{""b"":""dc:8e:8d:bf:e6:93"",""s"":""DLive_E68E"",""r"":-68,""f"":2462},{""b"":""1e:39:29:f9:f9:7d"",""s"":""[LG_CeilingCassette A\/C]f97d"",""r"":-79,""f"":2462},{""b"":""dc:8e:8d:bf:e7:48"",""s"":""DLive5G_E749"",""r"":-87,""f"":5220}]","[{""type"":""LTE"",""pci"":273,""earfcn"":100,""tac"":null,""rsrp"":-82,""rsrq"":-12,""rssi"":-61,""snr"":null,""ta"":0,""level"":4,""bands"":""1""},{""type"":""LTE"",""pci"":421,""earfcn"":2600,""tac"":null,""rsrp"":-91,""rsrq"":-13,""rssi"":-69,""snr"":null,""ta"":0,""level"":3,""bands"":""5""},{""type"":""LTE"",""pci"":421,""earfcn"":100,""tac"":null,""rsrp"":-92,""rsrq"":-20,""rssi"":-61,""snr"":null,""ta"":0,""level"":3,""bands"":""1""},{""type"":""LTE"",""pci"":418,""earfcn"":100,""tac"":null,""rsrp"":-92,""rsrq"":-20,""rssi"":-61,""snr"":null,""ta"":0,""level"":3,""bands"":""1""},{""type"":""LTE"",""pci"":273,""earfcn"":3050,""tac"":null,""rsrp"":-98,""rsrq"":-10,""rssi"":-79,""snr"":null,""ta"":0,""level"":2,""bands"":""7""},{""type"":""LTE"",""pci"":418,""earfcn"":3050,""tac"":null,""rsrp"":-108,""rsrq"":-20,""rssi"":-79,""snr"":null,""ta"":0,""level"":1,""bands"":""7""}]"
1790513864780,2026-09-27 21:57:44,car,37.546594,127.0682613,10.959,0.33902982,89.999405,43.5,fused,1,LTE,NR_NSA,5G,true,false,true,false,false,52545035,421,2600,5,8282,450,06,-92,-12,-63,2,3,0,,,,2088,65384,0.0167,0.5231,2088,65384,0.0167,0.5231,false,3,0,3,-95,273,2600,0.33902982,false,false,periodic,1,1,0,0,1767,,,,"[{""type"":""LTE"",""pci"":273,""earfcn"":2600,""tac"":null,""rsrp"":-95,""rsrq"":-11,""rssi"":-69,""snr"":null,""ta"":0,""level"":3,""bands"":""5""},{""type"":""LTE"",""pci"":423,""earfcn"":2600,""tac"":null,""rsrp"":-98,""rsrq"":-19,""rssi"":-69,""snr"":null,""ta"":0,""level"":2,""bands"":""5""},{""type"":""LTE"",""pci"":418,""earfcn"":2600,""tac"":null,""rsrp"":-100,""rsrq"":-19,""rssi"":-71,""snr"":null,""ta"":0,""level"":2,""bands"":""5""}]",1004.93695,10,0.524,0.459,7,6,,,,"[{""b"":""dc:8e:8d:bf:e7:bc"",""s"":""DLive_E7B7"",""r"":-33,""f"":2412},{""b"":""dc:8e:8d:bf:e7:b6"",""s"":""DLive5G_E7B7"",""r"":-47,""f"":5220},{""b"":""ca:dd:6a:05:5c:1b"",""s"":""[LG_CeilingCassette A\/C]5c1b"",""r"":-55,""f"":2462},{""b"":""1e:39:29:f9:f9:45"",""s"":""[LG_CeilingCassette A\/C]f945"",""r"":-66,""f"":2462},{""b"":""dc:8e:8d:bf:e6:93"",""s"":""DLive_E68E"",""r"":-68,""f"":2462},{""b"":""1e:39:29:f9:f9:7d"",""s"":""[LG_CeilingCassette A\/C]f97d"",""r"":-79,""f"":2462},{""b"":""dc:8e:8d:bf:e7:48"",""s"":""DLive5G_E749"",""r"":-87,""f"":5220}]",""
1790513869796,2026-09-27 21:57:49,car,37.5465962,127.068263,10.922,0.39332792,89.94558,43.5,fused,0,LTE,NR_NSA,5G,true,false,true,false,false,52545035,421,2600,5,8282,450,06,-93,-12,-61,4,3,0,,,,19637,68215,0.1571,0.5457,19597,68176,0.1568,0.5454,false,2,0,2,-95,273,2600,0.39332792,false,false,periodic,6,1,-1,2,1264,,,,"[{""type"":""LTE"",""pci"":273,""earfcn"":2600,""tac"":null,""rsrp"":-95,""rsrq"":-11,""rssi"":-69,""snr"":null,""ta"":0,""level"":3,""bands"":""5""},{""type"":""LTE"",""pci"":418,""earfcn"":2600,""tac"":null,""rsrp"":-101,""rsrq"":-18,""rssi"":-73,""snr"":null,""ta"":0,""level"":2,""bands"":""5""}]",1005.0549,14,0.459,0.524,11,6,,,,"[{""b"":""dc:8e:8d:bf:e7:bc"",""s"":""DLive_E7B7"",""r"":-35,""f"":2412},{""b"":""dc:8e:8d:bf:e7:b6"",""s"":""DLive5G_E7B7"",""r"":-45,""f"":5220},{""b"":""ca:dd:6a:05:5c:1b"",""s"":""[LG_CeilingCassette A\/C]5c1b"",""r"":-54,""f"":2462},{""b"":""36:e6:e6:e8:d8:bf"",""s"":"""",""r"":-69,""f"":2412},{""b"":""dc:8e:8d:bf:e6:93"",""s"":""DLive_E68E"",""r"":-70,""f"":2462},{""b"":""1e:39:29:f9:f9:45"",""s"":""[LG_CeilingCassette A\/C]f945"",""r"":-72,""f"":2462},{""b"":""88:36:6c:6a:84:c2"",""s"":""hong"",""r"":-78,""f"":2427},{""b"":""1e:39:29:f9:f9:7d"",""s"":""[LG_CeilingCassette A\/C]f97d"",""r"":-81,""f"":2462},{""b"":""72:7f:f0:63:d5:4c"",""s"":"""",""r"":-84,""f"":2457},{""b"":""b0:38:6c:b1:26:36"",""s"":""ggulbam"",""r"":-85,""f"":2447},{""b"":""dc:8e:8d:bf:e7:11"",""s"":""DLive5G_E712"",""r"":-93,""f"":5220}]",""
1790513874819,2026-09-27 21:57:54,car,37.5465994,127.0682606,12.325,0.44395247,32.174805,43.5,fused,0,LTE,NR_NSA,5G,true,false,true,false,false,52545035,421,2600,5,8282,450,06,-94,-12,-63,4,3,0,,,,12501,69103,0.1000,0.5528,12481,69084,0.0998,0.5527,false,2,0,2,-96,273,2600,0.44395247,false,false,periodic,11,1,-1,0,935,,,,"[{""type"":""LTE"",""pci"":273,""earfcn"":2600,""tac"":null,""rsrp"":-96,""rsrq"":-11,""rssi"":-69,""snr"":null,""ta"":0,""level"":2,""bands"":""5""},{""type"":""LTE"",""pci"":418,""earfcn"":2600,""tac"":null,""rsrp"":-99,""rsrq"":-19,""rssi"":-69,""snr"":null,""ta"":0,""level"":2,""bands"":""5""}]",1005.0511,61,0.459,0.459,7,5,,,,"[{""b"":""dc:8e:8d:bf:e7:bc"",""s"":""DLive_E7B7"",""r"":-33,""f"":2412},{""b"":""dc:8e:8d:bf:e7:b6"",""s"":""DLive5G_E7B7"",""r"":-42,""f"":5220},{""b"":""dc:8e:8d:bf:e6:93"",""s"":""DLive_E68E"",""r"":-67,""f"":2462},{""b"":""dc:8e:8d:bf:e7:4e"",""s"":""DLive_E749"",""r"":-72,""f"":2412},{""b"":""38:f4:5e:44:73:77"",""s"":""SK_7374_2.4G"",""r"":-83,""f"":2462},{""b"":""00:07:89:82:be:31"",""s"":""KT_GiGA_2G_Wave2_BE2E"",""r"":-84,""f"":2437},{""b"":""dc:8e:8d:bf:e7:48"",""s"":""DLive5G_E749"",""r"":-88,""f"":5220}]",""
1790513879839,2026-09-27 21:57:59,car,37.5465992,127.0682572,12.35,0.40418738,81.36712,43.5,fused,0,LTE,NR_NSA,5G,true,false,true,false,false,52545035,421,2600,5,8282,450,06,-91,-11,-61,4,3,0,,,,5991,69972,0.0479,0.5598,5971,69952,0.0478,0.5596,false,2,0,2,-95,273,2600,0.40418738,false,false,periodic,16,1,3,0,380,,,,"[{""type"":""LTE"",""pci"":273,""earfcn"":2600,""tac"":null,""rsrp"":-95,""rsrq"":-11,""rssi"":-69,""snr"":null,""ta"":0,""level"":3,""bands"":""5""},{""type"":""LTE"",""pci"":418,""earfcn"":2600,""tac"":null,""rsrp"":-100,""rsrq"":-20,""rssi"":-69,""snr"":null,""ta"":0,""level"":2,""bands"":""5""}]",1005.14624,10,0.459,0.459,9,5,,,,"[{""b"":""dc:8e:8d:bf:e7:bc"",""s"":""DLive_E7B7"",""r"":-33,""f"":2412},{""b"":""dc:8e:8d:bf:e7:b6"",""s"":""DLive5G_E7B7"",""r"":-42,""f"":5220},{""b"":""ca:dd:6a:05:5c:1b"",""s"":""[LG_CeilingCassette A\/C]5c1b"",""r"":-57,""f"":2462},{""b"":""dc:8e:8d:bf:e6:93"",""s"":""DLive_E68E"",""r"":-69,""f"":2462},{""b"":""1e:39:29:f9:f9:45"",""s"":""[LG_CeilingCassette A\/C]f945"",""r"":-72,""f"":2462},{""b"":""88:3c:1c:47:e8:bc"",""s"":""KT_GiGA_2G_E8B8"",""r"":-80,""f"":2422},{""b"":""1e:39:29:f9:f9:7d"",""s"":""[LG_CeilingCassette A\/C]f97d"",""r"":-81,""f"":2462},{""b"":""50:46:ae:36:27:2a"",""s"":""U+Net1D88"",""r"":-83,""f"":2462},{""b"":""dc:8e:8d:bf:e7:48"",""s"":""DLive5G_E749"",""r"":-85,""f"":5220}]",""
1790513884846,2026-09-27 21:58:04,car,37.5465955,127.0682555,11.867,0.37254298,89.52547,43.5,fused,1,LTE,NR_NSA,5G,true,false,true,false,false,52545035,421,2600,5,8282,450,06,-91,-11,-61,4,3,0,,,,86735,96124,0.6939,0.7690,86715,96104,0.6937,0.7688,false,2,0,2,-95,273,2600,0.37254298,false,false,periodic,21,1,0,0,5388,,,,"[{""type"":""LTE"",""pci"":273,""earfcn"":2600,""tac"":null,""rsrp"":-95,""rsrq"":-11,""rssi"":-69,""snr"":null,""ta"":0,""level"":3,""bands"":""5""},{""type"":""LTE"",""pci"":418,""earfcn"":2600,""tac"":null,""rsrp"":-100,""rsrq"":-20,""rssi"":-69,""snr"":null,""ta"":0,""level"":2,""bands"":""5""}]",1004.9843,13,0.524,0.459,10,4,,,,"[{""b"":""dc:8e:8d:bf:e7:bc"",""s"":""DLive_E7B7"",""r"":-34,""f"":2412},{""b"":""dc:8e:8d:bf:e7:b6"",""s"":""DLive5G_E7B7"",""r"":-41,""f"":5220},{""b"":""ca:dd:6a:05:5c:1b"",""s"":""[LG_CeilingCassette A\/C]5c1b"",""r"":-53,""f"":2462},{""b"":""dc:8e:8d:bf:e6:93"",""s"":""DLive_E68E"",""r"":-67,""f"":2462},{""b"":""1e:39:29:f9:f9:45"",""s"":""[LG_CeilingCassette A\/C]f945"",""r"":-72,""f"":2462},{""b"":""88:36:6c:6a:84:c2"",""s"":""hong"",""r"":-72,""f"":2427},{""b"":""da:e3:5e:f5:14:7c"",""s"":""[LG_Wall-Mount A\/C]147c"",""r"":-81,""f"":2452},{""b"":""b0:38:6c:2d:13:02"",""s"":""205호"",""r"":-83,""f"":2417},{""b"":""dc:8e:8d:bf:e7:48"",""s"":""DLive5G_E749"",""r"":-84,""f"":5220},{""b"":""dc:8e:8d:bf:e7:11"",""s"":""DLive5G_E712"",""r"":-93,""f"":5220}]",""
1790513889853,2026-09-27 21:58:09,car,37.5465916,127.0682547,11.622,0.33713377,90.39036,43.599998474121094,fused,0,LTE,NR_NSA,5G,true,false,true,false,false,52545035,421,2600,5,8282,450,06,-91,-13,-59,4,3,0,,,,153394,95231,1.2272,0.7618,153354,95191,1.2268,0.7615,false,1,0,1,-92,273,2600,0.33713377,false,false,periodic,26,1,0,0,5001,,,,"[{""type"":""LTE"",""pci"":273,""earfcn"":2600,""tac"":null,""rsrp"":-92,""rsrq"":-12,""rssi"":-67,""snr"":null,""ta"":0,""level"":3,""bands"":""5""}]",1005.02045,11,0.459,0.524,13,4,,,,"[{""b"":""dc:8e:8d:bf:e7:bc"",""s"":""DLive_E7B7"",""r"":-37,""f"":2412},{""b"":""dc:8e:8d:bf:e7:b6"",""s"":""DLive5G_E7B7"",""r"":-40,""f"":5220},{""b"":""ca:dd:6a:05:5c:1b"",""s"":""[LG_CeilingCassette A\/C]5c1b"",""r"":-51,""f"":2462},{""b"":""dc:8e:8d:bf:e7:4e"",""s"":""DLive_E749"",""r"":-67,""f"":2412},{""b"":""dc:8e:8d:bf:e7:17"",""s"":""DLive_E712"",""r"":-68,""f"":2462},{""b"":""1e:39:29:f9:f9:45"",""s"":""[LG_CeilingCassette A\/C]f945"",""r"":-71,""f"":2462},{""b"":""1e:39:29:f9:f9:7d"",""s"":""[LG_CeilingCassette A\/C]f97d"",""r"":-78,""f"":2462},{""b"":""08:5d:dd:9a:58:72"",""s"":""olleh_WiFi_586F"",""r"":-78,""f"":2442},{""b"":""da:e3:5e:f5:14:7c"",""s"":""[LG_Wall-Mount A\/C]147c"",""r"":-79,""f"":2452},{""b"":""b0:38:6c:2d:13:02"",""s"":""205호"",""r"":-82,""f"":2417},{""b"":""70:5d:cc:e0:14:44"",""s"":""Sehuntory"",""r"":-84,""f"":2417},{""b"":""00:06:ac:10:21:e2"",""s"":""T wifi zone"",""r"":-85,""f"":2472},{""b"":""dc:8e:8d:bf:e7:48"",""s"":""DLive5G_E749"",""r"":-88,""f"":5220}]",""
1790513891791,2026-09-27 21:58:11,car,37.5465906,127.0682526,10.513,0.36223838,90.11743,43.599998474121094,fused,0,LTE,NR_NSA,5G,true,false,true,false,false,52543750,273,2600,5,8282,450,06,-90,-10,-63,5,3,0,,,,5193,68346,0.0415,0.5468,5193,68346,0.0415,0.5468,false,2,0,2,-95,421,2600,0.36223838,true,true,handover,0,2,,,3,52545035,-91,-13,"[{""type"":""LTE"",""pci"":421,""earfcn"":2600,""tac"":null,""rsrp"":-95,""rsrq"":-13,""rssi"":-67,""snr"":null,""ta"":0,""level"":3,""bands"":""5""},{""type"":""LTE"",""pci"":418,""earfcn"":2600,""tac"":null,""rsrp"":-98,""rsrq"":-18,""rssi"":-69,""snr"":null,""ta"":0,""level"":2,""bands"":""5""}]",1005.07446,11,0.459,0.524,13,6,,,,"[{""b"":""dc:8e:8d:bf:e7:bc"",""s"":""DLive_E7B7"",""r"":-37,""f"":2412},{""b"":""dc:8e:8d:bf:e7:b6"",""s"":""DLive5G_E7B7"",""r"":-40,""f"":5220},{""b"":""ca:dd:6a:05:5c:1b"",""s"":""[LG_CeilingCassette A\/C]5c1b"",""r"":-51,""f"":2462},{""b"":""dc:8e:8d:bf:e7:4e"",""s"":""DLive_E749"",""r"":-67,""f"":2412},{""b"":""dc:8e:8d:bf:e7:17"",""s"":""DLive_E712"",""r"":-68,""f"":2462},{""b"":""1e:39:29:f9:f9:45"",""s"":""[LG_CeilingCassette A\/C]f945"",""r"":-71,""f"":2462},{""b"":""1e:39:29:f9:f9:7d"",""s"":""[LG_CeilingCassette A\/C]f97d"",""r"":-78,""f"":2462},{""b"":""08:5d:dd:9a:58:72"",""s"":""olleh_WiFi_586F"",""r"":-78,""f"":2442},{""b"":""da:e3:5e:f5:14:7c"",""s"":""[LG_Wall-Mount A\/C]147c"",""r"":-79,""f"":2452},{""b"":""b0:38:6c:2d:13:02"",""s"":""205호"",""r"":-82,""f"":2417},{""b"":""70:5d:cc:e0:14:44"",""s"":""Sehuntory"",""r"":-84,""f"":2417},{""b"":""00:06:ac:10:21:e2"",""s"":""T wifi zone"",""r"":-85,""f"":2472},{""b"":""dc:8e:8d:bf:e7:48"",""s"":""DLive5G_E749"",""r"":-88,""f"":5220}]","[{""type"":""LTE"",""pci"":273,""earfcn"":2600,""tac"":null,""rsrp"":-92,""rsrq"":-12,""rssi"":-67,""snr"":null,""ta"":0,""level"":3,""bands"":""5""}]"
1790513894862,2026-09-27 21:58:14,car,37.5465902,127.0682542,10.333,0.3983392,90.10507,43.599998474121094,fused,1,LTE,NR_NSA,5G,true,false,true,false,false,52543750,273,2600,5,8282,450,06,-90,-10,-63,5,3,0,,,,148900,87104,1.1912,0.6968,148868,87071,1.1909,0.6966,false,2,0,2,-95,421,2600,0.3983392,false,false,periodic,3,1,0,0,3075,,,,"[{""type"":""LTE"",""pci"":421,""earfcn"":2600,""tac"":null,""rsrp"":-95,""rsrq"":-13,""rssi"":-67,""snr"":null,""ta"":0,""level"":3,""bands"":""5""},{""type"":""LTE"",""pci"":418,""earfcn"":2600,""tac"":null,""rsrp"":-98,""rsrq"":-18,""rssi"":-69,""snr"":null,""ta"":0,""level"":2,""bands"":""5""}]",1005.06146,11,0.459,0.459,8,3,,,,"[{""b"":""dc:8e:8d:bf:e7:bc"",""s"":""DLive_E7B7"",""r"":-34,""f"":2412},{""b"":""dc:8e:8d:bf:e7:b6"",""s"":""DLive5G_E7B7"",""r"":-40,""f"":5220},{""b"":""ca:dd:6a:05:5c:1b"",""s"":""[LG_CeilingCassette A\/C]5c1b"",""r"":-53,""f"":2462},{""b"":""dc:8e:8d:bf:e7:17"",""s"":""DLive_E712"",""r"":-68,""f"":2462},{""b"":""1e:39:29:f9:f9:45"",""s"":""[LG_CeilingCassette A\/C]f945"",""r"":-74,""f"":2462},{""b"":""1e:39:29:f9:f9:7d"",""s"":""[LG_CeilingCassette A\/C]f97d"",""r"":-80,""f"":2462},{""b"":""88:3c:1c:47:e8:bc"",""s"":""KT_GiGA_2G_E8B8"",""r"":-81,""f"":2422},{""b"":""58:86:94:5b:74:de"",""s"":""Trees"",""r"":-84,""f"":2437}]",""
