timestamp,datetime,activity,latitude,longitude,gps_accuracy_m,gps_speed_ms,gps_bearing_deg,gps_altitude_m,location_source,location_age_s,network_type,override_network_type,generation,is_5g,is_5g_actual,is_5g_display,nr_cell_seen,nr_serving_cell_seen,serving_cell_id,serving_pci,serving_freq_arfcn,serving_band,serving_tac,mcc,mnc,rsrp_dbm,rsrq_db,rssi_dbm,sinr_snr_db,signal_level,timing_advance_lte,csi_rsrp_dbm,csi_rsrq_db,csi_sinr_db,rx_speed_Bps,tx_speed_Bps,rx_bitrate_Mbps,tx_bitrate_Mbps,mobile_rx_speed_Bps,mobile_tx_speed_Bps,mobile_rx_bitrate_Mbps,mobile_tx_bitrate_Mbps,wifi_active,neighbor_count,nr_neighbor_count,lte_neighbor_count,best_nbr_rsrp_dbm,best_nbr_pci,best_nbr_arfcn,imu_speed_ms,handover_detected,ping_pong_detected,collect_trigger,cell_duration_s,ho_count_30s,rsrp_delta,sinr_delta,cell_info_age_ms,prev_serving_cell_id,prev_rsrp_dbm,prev_rsrq_db,neighbors_json,pressure_hpa,rtt_ms,probe_dl_mbps,probe_ul_mbps,wifi_ap_count,wifi_scan_age_s,anchor_station,anchor_lat,anchor_lon,wifi_scan_json,prev_neighbors_json
1790659907135,2026-09-29 14:31:47,car,37.61786382,127.07666584,3.8865862,0.0,,28.943359375,stale_gps,126,LTE,NONE,4G,false,false,false,false,false,52534784,110,3050,7,8289,450,06,-87,-12,-53,,3,,,,,0,0,0.0000,0.0000,0,0,0.0000,0.0000,false,4,0,4,-78,110,2600,0.0,false,false,handover,0,0,,,5440,,,,"[{""type"":""LTE"",""pci"":110,""earfcn"":2600,""tac"":null,""rsrp"":-78,""rsrq"":-13,""rssi"":-57,""snr"":null,""ta"":null,""level"":4,""bands"":""5""},{""type"":""LTE"",""pci"":110,""earfcn"":100,""tac"":null,""rsrp"":-78,""rsrq"":-8,""rssi"":-63,""snr"":null,""ta"":null,""level"":4,""bands"":""1""},{""type"":""LTE"",""pci"":73,""earfcn"":2600,""tac"":null,""rsrp"":-84,""rsrq"":-19,""rssi"":-57,""snr"":null,""ta"":null,""level"":4,""bands"":""5""},{""type"":""LTE"",""pci"":73,""earfcn"":100,""tac"":null,""rsrp"":-95,""rsrq"":-20,""rssi"":-63,""snr"":null,""ta"":null,""level"":3,""bands"":""1""}]",,,0.000,0.000,53,2,,,,"[{""b"":""ba:94:4e:04:fb:77"",""s"":""Public WiFi Free"",""r"":-36,""f"":5745},{""b"":""b4:94:4e:04:fb:77"",""s"":""Public WiFi Secure"",""r"":-36,""f"":5745},{""b"":""bc:62:ce:8c:a6:0c"",""s"":""DLive_A607"",""r"":-76,""f"":2412},{""b"":""80:03:84:fa:4f:f8"",""s"":""SEOUL_Secure"",""r"":-76,""f"":2472},{""b"":""06:0a:de:15:22:d3"",""s"":""Public WiFi Secure"",""r"":-77,""f"":5720},{""b"":""80:03:84:7a:4f:f8"",""s"":""Public WiFi Secure"",""r"":-77,""f"":2472},{""b"":""00:0a:de:15:22:d3"",""s"":""Public WiFi Free"",""r"":-77,""f"":5720},{""b"":""bc:62:ce:8c:39:1f"",""s"":""DLive_391A"",""r"":-78,""f"":2462},{""b"":""06:29:d5:d4:b1:32"",""s"":"""",""r"":-79,""f"":2412},{""b"":""80:ca:4b:c9:d2:4e"",""s"":""U+NetD24C"",""r"":-80,""f"":2447},{""b"":""ce:88:26:45:6f:13"",""s"":""GENESIS_21F6586288CC46"",""r"":-81,""f"":5745},{""b"":""3a:5d:dd:fc:97:6b"",""s"":""SK_WiFiGIGA9768_2.4G"",""r"":-81,""f"":2422},{""b"":""80:03:84:3a:4f:fc"",""s"":""Public WiFi Free"",""r"":-82,""f"":5745},{""b"":""80:03:84:ba:4f:fc"",""s"":""KT WiFi"",""r"":-82,""f"":5745},{""b"":""80:03:84:7a:4f:fc"",""s"":""Public WiFi Secure"",""r"":-82,""f"":5745}]",""
1790659907147,2026-09-29 14:31:47,car,37.61786382,127.07666584,3.8865862,0.0,,28.943359375,stale_gps,126,LTE,NR_NSA,5G,true,false,true,false,false,52534784,110,3050,7,8289,450,06,-87,-12,-53,,3,,,,,0,0,0.0000,0.0000,0,0,0.0000,0.0000,false,4,0,4,-78,110,2600,0.0,false,false,periodic,0,0,0,,5451,,,,"[{""type"":""LTE"",""pci"":110,""earfcn"":2600,""tac"":null,""rsrp"":-78,""rsrq"":-13,""rssi"":-57,""snr"":null,""ta"":null,""level"":4,""bands"":""5""},{""type"":""LTE"",""pci"":110,""earfcn"":100,""tac"":null,""rsrp"":-78,""rsrq"":-8,""rssi"":-63,""snr"":null,""ta"":null,""level"":4,""bands"":""1""},{""type"":""LTE"",""pci"":73,""earfcn"":2600,""tac"":null,""rsrp"":-84,""rsrq"":-19,""rssi"":-57,""snr"":null,""ta"":null,""level"":4,""bands"":""5""},{""type"":""LTE"",""pci"":73,""earfcn"":100,""tac"":null,""rsrp"":-95,""rsrq"":-20,""rssi"":-63,""snr"":null,""ta"":null,""level"":3,""bands"":""1""}]",,,0.000,0.000,53,2,,,,"[{""b"":""ba:94:4e:04:fb:77"",""s"":""Public WiFi Free"",""r"":-36,""f"":5745},{""b"":""b4:94:4e:04:fb:77"",""s"":""Public WiFi Secure"",""r"":-36,""f"":5745},{""b"":""bc:62:ce:8c:a6:0c"",""s"":""DLive_A607"",""r"":-76,""f"":2412},{""b"":""80:03:84:fa:4f:f8"",""s"":""SEOUL_Secure"",""r"":-76,""f"":2472},{""b"":""06:0a:de:15:22:d3"",""s"":""Public WiFi Secure"",""r"":-77,""f"":5720},{""b"":""80:03:84:7a:4f:f8"",""s"":""Public WiFi Secure"",""r"":-77,""f"":2472},{""b"":""00:0a:de:15:22:d3"",""s"":""Public WiFi Free"",""r"":-77,""f"":5720},{""b"":""bc:62:ce:8c:39:1f"",""s"":""DLive_391A"",""r"":-78,""f"":2462},{""b"":""06:29:d5:d4:b1:32"",""s"":"""",""r"":-79,""f"":2412},{""b"":""80:ca:4b:c9:d2:4e"",""s"":""U+NetD24C"",""r"":-80,""f"":2447},{""b"":""ce:88:26:45:6f:13"",""s"":""GENESIS_21F6586288CC46"",""r"":-81,""f"":5745},{""b"":""3a:5d:dd:fc:97:6b"",""s"":""SK_WiFiGIGA9768_2.4G"",""r"":-81,""f"":2422},{""b"":""80:03:84:3a:4f:fc"",""s"":""Public WiFi Free"",""r"":-82,""f"":5745},{""b"":""80:03:84:ba:4f:fc"",""s"":""KT WiFi"",""r"":-82,""f"":5745},{""b"":""80:03:84:7a:4f:fc"",""s"":""Public WiFi Secure"",""r"":-82,""f"":5745}]",""
1790659912153,2026-09-29 14:31:52,car,37.6184573,127.0781568,9.263,11.546514,66.25468,45.70000076293945,fused,1,LTE,NR_NSA,5G,true,false,true,false,false,52534784,110,3050,7,8289,450,06,-98,-10,-69,18,2,0,,,,1396606,80062,11.1728,0.6405,1396586,80042,11.1727,0.6403,false,6,0,6,-92,110,100,11.546514,false,false,periodic,0,0,-11,,5001,,,,"[{""type"":""LTE"",""pci"":110,""earfcn"":100,""tac"":null,""rsrp"":-92,""rsrq"":-11,""rssi"":-71,""snr"":null,""ta"":0,""level"":3,""bands"":""1""},{""type"":""LTE"",""pci"":110,""earfcn"":2600,""tac"":null,""rsrp"":-93,""rsrq"":-14,""rssi"":-69,""snr"":null,""ta"":0,""level"":3,""bands"":""5""},{""type"":""LTE"",""pci"":59,""earfcn"":2600,""tac"":null,""rsrp"":-94,""rsrq"":-20,""rssi"":-63,""snr"":null,""ta"":0,""level"":3,""bands"":""5""},{""type"":""LTE"",""pci"":59,""earfcn"":3050,""tac"":null,""rsrp"":-97,""rsrq"":-20,""rssi"":-65,""snr"":null,""ta"":0,""level"":2,""bands"":""7""},{""type"":""LTE"",""pci"":273,""earfcn"":2600,""tac"":null,""rsrp"":-100,""rsrq"":-20,""rssi"":-69,""snr"":null,""ta"":0,""level"":2,""bands"":""5""},{""type"":""LTE"",""pci"":73,""earfcn"":100,""tac"":null,""rsrp"":-102,""rsrq"":-20,""rssi"":-71,""snr"":null,""ta"":0,""level"":2,""bands"":""1""}]",1008.4755,61,0.503,0.459,58,0,,,,"[{""b"":""ba:94:4e:04:fb:77"",""s"":""Public WiFi Free"",""r"":-36,""f"":5745},{""b"":""b4:94:4e:04:fb:77"",""s"":""Public WiFi Secure"",""r"":-36,""f"":5745},{""b"":""30:eb:1f:21:d7:58"",""s"":"""",""r"":-41,""f"":2447},{""b"":""06:ae:d0:09:f5:f5"",""s"":""SEOUL"",""r"":-60,""f"":5785},{""b"":""0a:ae:d0:09:f5:f5"",""s"":""SEOUL_Secure"",""r"":-60,""f"":5785},{""b"":""12:ae:d0:09:f5:f5"",""s"":""Office_Nowon"",""r"":-60,""f"":5785},{""b"":""16:ae:d0:09:f5:f5"",""s"":""Public WiFi Secure"",""r"":-60,""f"":5785},{""b"":""bc:62:ce:8c:87:7f"",""s"":""DLive_877A"",""r"":-63,""f"":2412},{""b"":""06:ae:d0:09:f5:f4"",""s"":""SEOUL"",""r"":-65,""f"":2412},{""b"":""80:ca:4b:fa:1a:a6"",""s"":""U+Net1AA4"",""r"":-66,""f"":2452},{""b"":""88:36:6c:d6:23:c4"",""s"":""Q Billiard Club-2G"",""r"":-66,""f"":2412},{""b"":""0a:ae:d0:09:f5:f4"",""s"":""SEOUL_Secure"",""r"":-69,""f"":2412},{""b"":""bc:62:ce:8c:6f:dd"",""s"":""DLive_6FD8"",""r"":-69,""f"":2437},{""b"":""28:4e:e9:ac:32:b1"",""s"":""KT_GiGA_32AD"",""r"":-70,""f"":2427},{""b"":""88:bd:09:82:ac:58"",""s"":""DLive_AC53"",""r"":-71,""f"":2412}]",""
1790659917165,2026-09-29 14:31:57,car,37.6185962,127.0785442,6.167,5.3002853,65.68091,45.70000076293945,fused,0,LTE,NR_NSA,5G,true,false,true,false,false,52534784,110,3050,7,8289,450,06,-85,-10,-51,11,4,0,,,,21522,82410,0.1722,0.6593,21502,82390,0.1720,0.6591,false,9,0,9,-78,110,2600,5.3002853,false,false,periodic,0,0,13,-7,208,,,,"[{""type"":""LTE"",""pci"":110,""earfcn"":2600,""tac"":null,""rsrp"":-78,""rsrq"":-13,""rssi"":-55,""snr"":null,""ta"":0,""level"":4,""bands"":""5""},{""type"":""LTE"",""pci"":110,""earfcn"":100,""tac"":null,""rsrp"":-79,""rsrq"":-9,""rssi"":-59,""snr"":null,""ta"":0,""level"":4,""bands"":""1""},{""type"":""LTE"",""pci"":263,""earfcn"":2600,""tac"":null,""rsrp"":-85,""rsrq"":-20,""rssi"":-55,""snr"":null,""ta"":0,""level"":4,""bands"":""5""},{""type"":""LTE"",""pci"":293,""earfcn"":3050,""tac"":null,""rsrp"":-87,""rsrq"":-13,""rssi"":-61,""snr"":null,""ta"":0,""level"":3,""bands"":""7""},{""type"":""LTE"",""pci"":73,""earfcn"":100,""tac"":null,""rsrp"":-91,""rsrq"":-20,""rssi"":-59,""snr"":null,""ta"":0,""level"":3,""bands"":""1""},{""type"":""LTE"",""pci"":263,""earfcn"":100,""tac"":null,""rsrp"":-91,""rsrq"":-16,""rssi"":-63,""snr"":null,""ta"":0,""level"":3,""bands"":""1""},{""type"":""LTE"",""pci"":142,""earfcn"":3050,""tac"":null,""rsrp"":-92,""rsrq"":-20,""rssi"":-61,""snr"":null,""ta"":0,""level"":3,""bands"":""7""},{""type"":""LTE"",""pci"":159,""earfcn"":100,""tac"":null,""rsrp"":-94,""rsrq"":-20,""rssi"":-61,""snr"":null,""ta"":0,""level"":3,""bands"":""1""},{""type"":""LTE"",""pci"":159,""earfcn"":3050,""tac"":null,""rsrp"":-95,""rsrq"":-20,""rssi"":-61,""snr"":null,""ta"":0,""level"":3,""bands"":""7""}]",1008.3584,51,0.459,0.459,58,5,,,,"[{""b"":""ba:94:4e:04:fb:77"",""s"":""Public WiFi Free"",""r"":-36,""f"":5745},{""b"":""b4:94:4e:04:fb:77"",""s"":""Public WiFi Secure"",""r"":-36,""f"":5745},{""b"":""30:eb:1f:21:d7:58"",""s"":"""",""r"":-41,""f"":2447},{""b"":""06:ae:d0:09:f5:f5"",""s"":""SEOUL"",""r"":-60,""f"":5785},{""b"":""0a:ae:d0:09:f5:f5"",""s"":""SEOUL_Secure"",""r"":-60,""f"":5785},{""b"":""12:ae:d0:09:f5:f5"",""s"":""Office_Nowon"",""r"":-60,""f"":5785},{""b"":""16:ae:d0:09:f5:f5"",""s"":""Public WiFi Secure"",""r"":-60,""f"":5785},{""b"":""bc:62:ce:8c:87:7f"",""s"":""DLive_877A"",""r"":-63,""f"":2412},{""b"":""06:ae:d0:09:f5:f4"",""s"":""SEOUL"",""r"":-65,""f"":2412},{""b"":""80:ca:4b:fa:1a:a6"",""s"":""U+Net1AA4"",""r"":-66,""f"":2452},{""b"":""88:36:6c:d6:23:c4"",""s"":""Q Billiard Club-2G"",""r"":-66,""f"":2412},{""b"":""0a:ae:d0:09:f5:f4"",""s"":""SEOUL_Secure"",""r"":-69,""f"":2412},{""b"":""bc:62:ce:8c:6f:dd"",""s"":""DLive_6FD8"",""r"":-69,""f"":2437},{""b"":""28:4e:e9:ac:32:b1"",""s"":""KT_GiGA_32AD"",""r"":-70,""f"":2427},{""b"":""88:bd:09:82:ac:58"",""s"":""DLive_AC53"",""r"":-71,""f"":2412}]",""
1790659922187,2026-09-29 14:32:02,car,37.618701,127.0788579,5.402,8.246216,63.83104,46.20000076293945,fused,1,LTE,NR_NSA,5G,true,false,true,false,false,52534784,110,3050,7,8289,450,06,-85,-10,-51,11,4,0,,,,2174501,96553,17.3960,0.7724,2174481,96533,17.3958,0.7723,false,9,0,9,-78,110,2600,8.246216,false,false,periodic,0,0,0,0,5225,,,,"[{""type"":""LTE"",""pci"":110,""earfcn"":2600,""tac"":null,""rsrp"":-78,""rsrq"":-13,""rssi"":-55,""snr"":null,""ta"":0,""level"":4,""bands"":""5""},{""type"":""LTE"",""pci"":110,""earfcn"":100,""tac"":null,""rsrp"":-79,""rsrq"":-9,""rssi"":-59,""snr"":null,""ta"":0,""level"":4,""bands"":""1""},{""type"":""LTE"",""pci"":263,""earfcn"":2600,""tac"":null,""rsrp"":-85,""rsrq"":-20,""rssi"":-55,""snr"":null,""ta"":0,""level"":4,""bands"":""5""},{""type"":""LTE"",""pci"":293,""earfcn"":3050,""tac"":null,""rsrp"":-87,""rsrq"":-13,""rssi"":-61,""snr"":null,""ta"":0,""level"":3,""bands"":""7""},{""type"":""LTE"",""pci"":73,""earfcn"":100,""tac"":null,""rsrp"":-91,""rsrq"":-20,""rssi"":-59,""snr"":null,""ta"":0,""level"":3,""bands"":""1""},{""type"":""LTE"",""pci"":263,""earfcn"":100,""tac"":null,""rsrp"":-91,""rsrq"":-16,""rssi"":-63,""snr"":null,""ta"":0,""level"":3,""bands"":""1""},{""type"":""LTE"",""pci"":142,""earfcn"":3050,""tac"":null,""rsrp"":-92,""rsrq"":-20,""rssi"":-61,""snr"":null,""ta"":0,""level"":3,""bands"":""7""},{""type"":""LTE"",""pci"":159,""earfcn"":100,""tac"":null,""rsrp"":-94,""rsrq"":-20,""rssi"":-61,""snr"":null,""ta"":0,""level"":3,""bands"":""1""},{""type"":""LTE"",""pci"":159,""earfcn"":3050,""tac"":null,""rsrp"":-95,""rsrq"":-20,""rssi"":-61,""snr"":null,""ta"":0,""level"":3,""bands"":""7""}]",1008.3727,83,0.524,0.524,102,5,,,,"[{""b"":""ba:94:4e:04:fb:77"",""s"":""Public WiFi Free"",""r"":-34,""f"":5745},{""b"":""ba:94:4e:04:fb:76"",""s"":""Public WiFi Free"",""r"":-35,""f"":2417},{""b"":""b4:94:4e:04:fb:76"",""s"":""Public WiFi Secure"",""r"":-35,""f"":2417},{""b"":""b4:94:4e:04:fb:77"",""s"":""Public WiFi Secure"",""r"":-35,""f"":5745},{""b"":""30:eb:1f:21:d7:58"",""s"":"""",""r"":-40,""f"":2447},{""b"":""58:86:94:35:50:a6"",""s"":""iptime_extender"",""r"":-63,""f"":2462},{""b"":""3e:ad:34:47:ae:3a"",""s"":""308"",""r"":-64,""f"":2437},{""b"":""c6:a9:4f:c0:3a:15"",""s"":""SK_WiFiGIGA3A12_2.4G"",""r"":-66,""f"":2412},{""b"":""ba:a9:4f:58:57:b0"",""s"":"""",""r"":-66,""f"":2412},{""b"":""80:ca:4b:fa:1a:a6"",""s"":""U+Net1AA4"",""r"":-68,""f"":2452},{""b"":""80:ca:4b:9d:0e:f2"",""s"":""U+Net0EF0"",""r"":-68,""f"":2417},{""b"":""b4:a9:4f:2a:cf:d9"",""s"":""SK_WiFiGIGACFD6"",""r"":-68,""f"":2447},{""b"":""c6:a9:4f:2a:cf:d9"",""s"":""SK_WiFiGIGACFD6_2.4G"",""r"":-68,""f"":2447},{""b"":""b4:a9:4f:c0:ef:c5"",""s"":""SK_WiFiGIGAEFC2"",""r"":-68,""f"":2452},{""b"":""b4:a9:4f:bf:3c:81"",""s"":""SK_WiFiGIGA3C7E"",""r"":-68,""f"":2462}]",""
1790659925562,2026-09-29 14:32:05,car,37.6188447,127.0792562,3.79,9.447512,65.91828,46.20000076293945,fused,0,LTE,NR_NSA,5G,true,false,true,false,false,52539396,159,3050,7,8289,450,06,-78,-9,-51,9,4,0,,,,421352,86675,3.3708,0.6934,421322,86645,3.3706,0.6932,false,6,0,6,-66,159,2600,9.447512,true,false,handover,0,1,,,9,52534784,-85,-10,"[{""type"":""LTE"",""pci"":159,""earfcn"":2600,""tac"":null,""rsrp"":-66,""rsrq"":-12,""rssi"":-51,""snr"":null,""ta"":0,""level"":4,""bands"":""5""},{""type"":""LTE"",""pci"":159,""earfcn"":100,""tac"":null,""rsrp"":-72,""rsrq"":-7,""rssi"":-51,""snr"":null,""ta"":0,""level"":4,""bands"":""1""},{""type"":""LTE"",""pci"":110,""earfcn"":2600,""tac"":null,""rsrp"":-77,""rsrq"":-17,""rssi"":-51,""snr"":null,""ta"":0,""level"":4,""bands"":""5""},{""type"":""LTE"",""pci"":347,""earfcn"":2600,""tac"":null,""rsrp"":-82,""rsrq"":-18,""rssi"":-55,""snr"":null,""ta"":0,""level"":4,""bands"":""5""},{""type"":""LTE"",""pci"":110,""earfcn"":3050,""tac"":null,""rsrp"":-84,""rsrq"":-14,""rssi"":-57,""snr"":null,""ta"":0,""level"":4,""bands"":""7""},{""type"":""LTE"",""pci"":110,""earfcn"":100,""tac"":null,""rsrp"":-85,""rsrq"":-14,""rssi"":-59,""snr"":null,""ta"":0,""level"":4,""bands"":""1""}]",1008.3518,47,0.459,0.459,102,8,,,,"[{""b"":""ba:94:4e:04:fb:77"",""s"":""Public WiFi Free"",""r"":-34,""f"":5745},{""b"":""ba:94:4e:04:fb:76"",""s"":""Public WiFi Free"",""r"":-35,""f"":2417},{""b"":""b4:94:4e:04:fb:76"",""s"":""Public WiFi Secure"",""r"":-35,""f"":2417},{""b"":""b4:94:4e:04:fb:77"",""s"":""Public WiFi Secure"",""r"":-35,""f"":5745},{""b"":""30:eb:1f:21:d7:58"",""s"":"""",""r"":-40,""f"":2447},{""b"":""58:86:94:35:50:a6"",""s"":""iptime_extender"",""r"":-63,""f"":2462},{""b"":""3e:ad:34:47:ae:3a"",""s"":""308"",""r"":-64,""f"":2437},{""b"":""c6:a9:4f:c0:3a:15"",""s"":""SK_WiFiGIGA3A12_2.4G"",""r"":-66,""f"":2412},{""b"":""ba:a9:4f:58:57:b0"",""s"":"""",""r"":-66,""f"":2412},{""b"":""80:ca:4b:fa:1a:a6"",""s"":""U+Net1AA4"",""r"":-68,""f"":2452},{""b"":""80:ca:4b:9d:0e:f2"",""s"":""U+Net0EF0"",""r"":-68,""f"":2417},{""b"":""b4:a9:4f:2a:cf:d9"",""s"":""SK_WiFiGIGACFD6"",""r"":-68,""f"":2447},{""b"":""c6:a9:4f:2a:cf:d9"",""s"":""SK_WiFiGIGACFD6_2.4G"",""r"":-68,""f"":2447},{""b"":""b4:a9:4f:c0:ef:c5"",""s"":""SK_WiFiGIGAEFC2"",""r"":-68,""f"":2452},{""b"":""b4:a9:4f:bf:3c:81"",""s"":""SK_WiFiGIGA3C7E"",""r"":-68,""f"":2462}]","[{""type"":""LTE"",""pci"":110,""earfcn"":2600,""tac"":null,""rsrp"":-78,""rsrq"":-13,""rssi"":-55,""snr"":null,""ta"":0,""level"":4,""bands"":""5""},{""type"":""LTE"",""pci"":110,""earfcn"":100,""tac"":null,""rsrp"":-79,""rsrq"":-9,""rssi"":-59,""snr"":null,""ta"":0,""level"":4,""bands"":""1""},{""type"":""LTE"",""pci"":263,""earfcn"":2600,""tac"":null,""rsrp"":-85,""rsrq"":-20,""rssi"":-55,""snr"":null,""ta"":0,""level"":4,""bands"":""5""},{""type"":""LTE"",""pci"":293,""earfcn"":3050,""tac"":null,""rsrp"":-87,""rsrq"":-13,""rssi"":-61,""snr"":null,""ta"":0,""level"":3,""bands"":""7""},{""type"":""LTE"",""pci"":73,""earfcn"":100,""tac"":null,""rsrp"":-91,""rsrq"":-20,""rssi"":-59,""snr"":null,""ta"":0,""level"":3,""bands"":""1""},{""type"":""LTE"",""pci"":263,""earfcn"":100,""tac"":null,""rsrp"":-91,""rsrq"":-16,""rssi"":-63,""snr"":null,""ta"":0,""level"":3,""bands"":""1""},{""type"":""LTE"",""pci"":142,""earfcn"":3050,""tac"":null,""rsrp"":-92,""rsrq"":-20,""rssi"":-61,""snr"":null,""ta"":0,""level"":3,""bands"":""7""},{""type"":""LTE"",""pci"":159,""earfcn"":100,""tac"":null,""rsrp"":-94,""rsrq"":-20,""rssi"":-61,""snr"":null,""ta"":0,""level"":3,""bands"":""1""},{""type"":""LTE"",""pci"":159,""earfcn"":3050,""tac"":null,""rsrp"":-95,""rsrq"":-20,""rssi"":-61,""snr"":null,""ta"":0,""level"":3,""bands"":""7""}]"
1790659927206,2026-09-29 14:32:07,car,37.6189089,127.0794402,3.79,8.405881,67.557846,46.20000076293945,fused,0,LTE,NR_NSA,5G,true,false,true,false,false,52539396,159,3050,7,8289,450,06,-78,-9,-51,9,4,0,,,,2059,64598,0.0165,0.5168,2059,64598,0.0165,0.5168,false,6,0,6,-66,159,2600,8.405881,false,false,periodic,1,1,0,0,1654,,,,"[{""type"":""LTE"",""pci"":159,""earfcn"":2600,""tac"":null,""rsrp"":-66,""rsrq"":-12,""rssi"":-51,""snr"":null,""ta"":0,""level"":4,""bands"":""5""},{""type"":""LTE"",""pci"":159,""earfcn"":100,""tac"":null,""rsrp"":-72,""rsrq"":-7,""rssi"":-51,""snr"":null,""ta"":0,""level"":4,""bands"":""1""},{""type"":""LTE"",""pci"":110,""earfcn"":2600,""tac"":null,""rsrp"":-77,""rsrq"":-17,""rssi"":-51,""snr"":null,""ta"":0,""level"":4,""bands"":""5""},{""type"":""LTE"",""pci"":347,""earfcn"":2600,""tac"":null,""rsrp"":-82,""rsrq"":-18,""rssi"":-55,""snr"":null,""ta"":0,""level"":4,""bands"":""5""},{""type"":""LTE"",""pci"":110,""earfcn"":3050,""tac"":null,""rsrp"":-84,""rsrq"":-14,""rssi"":-57,""snr"":null,""ta"":0,""level"":4,""bands"":""7""},{""type"":""LTE"",""pci"":110,""earfcn"":100,""tac"":null,""rsrp"":-85,""rsrq"":-14,""rssi"":-59,""snr"":null,""ta"":0,""level"":4,""bands"":""1""}]",1008.31464,47,0.459,0.459,102,10,,,,"[{""b"":""ba:94:4e:04:fb:77"",""s"":""Public WiFi Free"",""r"":-34,""f"":5745},{""b"":""ba:94:4e:04:fb:76"",""s"":""Public WiFi Free"",""r"":-35,""f"":2417},{""b"":""b4:94:4e:04:fb:76"",""s"":""Public WiFi Secure"",""r"":-35,""f"":2417},{""b"":""b4:94:4e:04:fb:77"",""s"":""Public WiFi Secure"",""r"":-35,""f"":5745},{""b"":""30:eb:1f:21:d7:58"",""s"":"""",""r"":-40,""f"":2447},{""b"":""58:86:94:35:50:a6"",""s"":""iptime_extender"",""r"":-63,""f"":2462},{""b"":""3e:ad:34:47:ae:3a"",""s"":""308"",""r"":-64,""f"":2437},{""b"":""c6:a9:4f:c0:3a:15"",""s"":""SK_WiFiGIGA3A12_2.4G"",""r"":-66,""f"":2412},{""b"":""ba:a9:4f:58:57:b0"",""s"":"""",""r"":-66,""f"":2412},{""b"":""80:ca:4b:fa:1a:a6"",""s"":""U+Net1AA4"",""r"":-68,""f"":2452},{""b"":""80:ca:4b:9d:0e:f2"",""s"":""U+Net0EF0"",""r"":-68,""f"":2417},{""b"":""b4:a9:4f:2a:cf:d9"",""s"":""SK_WiFiGIGACFD6"",""r"":-68,""f"":2447},{""b"":""c6:a9:4f:2a:cf:d9"",""s"":""SK_WiFiGIGACFD6_2.4G"",""r"":-68,""f"":2447},{""b"":""b4:a9:4f:c0:ef:c5"",""s"":""SK_WiFiGIGAEFC2"",""r"":-68,""f"":2452},{""b"":""b4:a9:4f:bf:3c:81"",""s"":""SK_WiFiGIGA3C7E"",""r"":-68,""f"":2462}]",""
1790659932232,2026-09-29 14:32:12,car,37.618959,127.0796095,3.817,2.1317594,78.90108,46.20000076293945,fused,0,LTE,NR_NSA,5G,true,false,true,false,false,52539396,159,3050,7,8289,450,06,-75,-10,-51,8,4,0,,,,2161,65855,0.0173,0.5268,2122,65815,0.0170,0.5265,false,6,0,6,-67,159,100,2.1317594,false,false,periodic,6,1,3,-1,2265,,,,"[{""type"":""LTE"",""pci"":159,""earfcn"":100,""tac"":null,""rsrp"":-67,""rsrq"":-11,""rssi"":-51,""snr"":null,""ta"":0,""level"":4,""bands"":""1""},{""type"":""LTE"",""pci"":159,""earfcn"":2600,""tac"":null,""rsrp"":-71,""rsrq"":-11,""rssi"":-51,""snr"":null,""ta"":0,""level"":4,""bands"":""5""},{""type"":""LTE"",""pci"":110,""earfcn"":2600,""tac"":null,""rsrp"":-78,""rsrq"":-18,""rssi"":-51,""snr"":null,""ta"":0,""level"":4,""bands"":""5""},{""type"":""LTE"",""pci"":347,""earfcn"":2600,""tac"":null,""rsrp"":-81,""rsrq"":-20,""rssi"":-51,""snr"":null,""ta"":0,""level"":4,""bands"":""5""},{""type"":""LTE"",""pci"":110,""earfcn"":3050,""tac"":null,""rsrp"":-84,""rsrq"":-17,""rssi"":-55,""snr"":null,""ta"":0,""level"":4,""bands"":""7""},{""type"":""LTE"",""pci"":110,""earfcn"":100,""tac"":null,""rsrp"":-85,""rsrq"":-14,""rssi"":-59,""snr"":null,""ta"":0,""level"":4,""bands"":""1""}]",1008.45935,48,0.459,0.459,102,15,,,,"[{""b"":""ba:94:4e:04:fb:77"",""s"":""Public WiFi Free"",""r"":-34,""f"":5745},{""b"":""ba:94:4e:04:fb:76"",""s"":""Public WiFi Free"",""r"":-35,""f"":2417},{""b"":""b4:94:4e:04:fb:76"",""s"":""Public WiFi Secure"",""r"":-35,""f"":2417},{""b"":""b4:94:4e:04:fb:77"",""s"":""Public WiFi Secure"",""r"":-35,""f"":5745},{""b"":""30:eb:1f:21:d7:58"",""s"":"""",""r"":-40,""f"":2447},{""b"":""58:86:94:35:50:a6"",""s"":""iptime_extender"",""r"":-63,""f"":2462},{""b"":""3e:ad:34:47:ae:3a"",""s"":""308"",""r"":-64,""f"":2437},{""b"":""c6:a9:4f:c0:3a:15"",""s"":""SK_WiFiGIGA3A12_2.4G"",""r"":-66,""f"":2412},{""b"":""ba:a9:4f:58:57:b0"",""s"":"""",""r"":-66,""f"":2412},{""b"":""80:ca:4b:fa:1a:a6"",""s"":""U+Net1AA4"",""r"":-68,""f"":2452},{""b"":""80:ca:4b:9d:0e:f2"",""s"":""U+Net0EF0"",""r"":-68,""f"":2417},{""b"":""b4:a9:4f:2a:cf:d9"",""s"":""SK_WiFiGIGACFD6"",""r"":-68,""f"":2447},{""b"":""c6:a9:4f:2a:cf:d9"",""s"":""SK_WiFiGIGACFD6_2.4G"",""r"":-68,""f"":2447},{""b"":""b4:a9:4f:c0:ef:c5"",""s"":""SK_WiFiGIGAEFC2"",""r"":-68,""f"":2452},{""b"":""b4:a9:4f:bf:3c:81"",""s"":""SK_WiFiGIGA3C7E"",""r"":-68,""f"":2462}]",""
1790659937260,2026-09-29 14:32:17,car,37.6189609,127.0796094,3.83,0.029320367,,46.5,fused,0,LTE,NR_NSA,5G,true,false,true,false,false,52539396,159,3050,7,8289,450,06,-70,-10,-51,21,4,0,,,,4105,65853,0.0328,0.5268,4085,65833,0.0327,0.5267,false,7,0,7,-72,159,100,0.11081899,false,false,periodic,11,1,5,13,865,,,,"[{""type"":""LTE"",""pci"":159,""earfcn"":100,""tac"":null,""rsrp"":-72,""rsrq"":-13,""rssi"":-51,""snr"":null,""ta"":0,""level"":4,""bands"":""1""},{""type"":""LTE"",""pci"":159,""earfcn"":2600,""tac"":null,""rsrp"":-72,""rsrq"":-12,""rssi"":-51,""snr"":null,""ta"":0,""level"":4,""bands"":""5""},{""type"":""LTE"",""pci"":110,""earfcn"":3050,""tac"":null,""rsrp"":-77,""rsrq"":-20,""rssi"":-51,""snr"":null,""ta"":0,""level"":4,""bands"":""7""},{""type"":""LTE"",""pci"":17,""earfcn"":100,""tac"":null,""rsrp"":-79,""rsrq"":-19,""rssi"":-51,""snr"":null,""ta"":0,""level"":4,""bands"":""1""},{""type"":""LTE"",""pci"":110,""earfcn"":2600,""tac"":null,""rsrp"":-79,""rsrq"":-18,""rssi"":-51,""snr"":null,""ta"":0,""level"":4,""bands"":""5""},{""type"":""LTE"",""pci"":347,""earfcn"":2600,""tac"":null,""rsrp"":-83,""rsrq"":-18,""rssi"":-53,""snr"":null,""ta"":0,""level"":4,""bands"":""5""},{""type"":""LTE"",""pci"":110,""earfcn"":100,""tac"":null,""rsrp"":-85,""rsrq"":-14,""rssi"":-59,""snr"":null,""ta"":0,""level"":4,""bands"":""1""}]",1008.4534,54,0.459,0.459,50,5,,,,"[{""b"":""ba:94:4e:04:fb:76"",""s"":""Public WiFi Free"",""r"":-31,""f"":2417},{""b"":""b4:94:4e:04:fb:76"",""s"":""Public WiFi Secure"",""r"":-31,""f"":2417},{""b"":""b4:94:4e:04:fb:77"",""s"":""Public WiFi Secure"",""r"":-32,""f"":5745},{""b"":""ba:94:4e:04:fb:77"",""s"":""Public WiFi Free"",""r"":-33,""f"":5745},{""b"":""50:46:ae:5a:2e:59"",""s"":""Public WiFi Free"",""r"":-56,""f"":2437},{""b"":""56:46:ae:5a:2e:59"",""s"":""Public WiFi Secure"",""r"":-60,""f"":2437},{""b"":""b0:38:6c:1b:68:ec"",""s"":""GSCD508"",""r"":-68,""f"":5745},{""b"":""50:46:ae:5a:2e:90"",""s"":""Public WiFi Free"",""r"":-69,""f"":2457},{""b"":""50:46:ae:5a:2e:58"",""s"":""Public WiFi Free"",""r"":-72,""f"":5745},{""b"":""56:46:ae:5a:2e:58"",""s"":""Public WiFi Secure"",""r"":-74,""f"":5745},{""b"":""68:8f:c9:15:1c:94"",""s"":""TF768-04691d0c"",""r"":-74,""f"":5180},{""b"":""5a:46:ae:5a:2e:8f"",""s"":""SEOUL_Secure"",""r"":-83,""f"":5745},{""b"":""5a:86:94:6c:c5:cc"",""s"":"""",""r"":-83,""f"":5320},{""b"":""0a:29:d5:35:34:f0"",""s"":""Public WiFi Free"",""r"":-83,""f"":5200},{""b"":""0a:29:d5:35:34:f3"",""s"":""SEOUL_Secure"",""r"":-83,""f"":5200}]",""
1790659942287,2026-09-29 14:32:22,car,37.6190297,127.0797876,3.779,5.72,66.0,46.39999771118164,fused,0,LTE,NR_NSA,5G,true,false,true,false,false,52539396,159,3050,7,8289,450,06,-70,-10,-51,21,4,0,,,,2171,65342,0.0174,0.5227,2151,65322,0.0172,0.5226,false,7,0,7,-72,159,100,5.72,false,false,periodic,16,1,0,0,5889,,,,"[{""type"":""LTE"",""pci"":159,""earfcn"":100,""tac"":null,""rsrp"":-72,""rsrq"":-13,""rssi"":-51,""snr"":null,""ta"":0,""level"":4,""bands"":""1""},{""type"":""LTE"",""pci"":159,""earfcn"":2600,""tac"":null,""rsrp"":-72,""rsrq"":-12,""rssi"":-51,""snr"":null,""ta"":0,""level"":4,""bands"":""5""},{""type"":""LTE"",""pci"":110,""earfcn"":3050,""tac"":null,""rsrp"":-77,""rsrq"":-20,""rssi"":-51,""snr"":null,""ta"":0,""level"":4,""bands"":""7""},{""type"":""LTE"",""pci"":17,""earfcn"":100,""tac"":null,""rsrp"":-79,""rsrq"":-19,""rssi"":-51,""snr"":null,""ta"":0,""level"":4,""bands"":""1""},{""type"":""LTE"",""pci"":110,""earfcn"":2600,""tac"":null,""rsrp"":-79,""rsrq"":-18,""rssi"":-51,""snr"":null,""ta"":0,""level"":4,""bands"":""5""},{""type"":""LTE"",""pci"":347,""earfcn"":2600,""tac"":null,""rsrp"":-83,""rsrq"":-18,""rssi"":-53,""snr"":null,""ta"":0,""level"":4,""bands"":""5""},{""type"":""LTE"",""pci"":110,""earfcn"":100,""tac"":null,""rsrp"":-85,""rsrq"":-14,""rssi"":-59,""snr"":null,""ta"":0,""level"":4,""bands"":""1""}]",1008.3665,54,0.433,0.459,45,2,,,,"[{""b"":""b4:94:4e:04:fb:76"",""s"":""Public WiFi Secure"",""r"":-32,""f"":2417},{""b"":""ba:94:4e:04:fb:76"",""s"":""Public WiFi Free"",""r"":-32,""f"":2417},{""b"":""b4:94:4e:04:fb:77"",""s"":""Public WiFi Secure"",""r"":-36,""f"":5745},{""b"":""ba:94:4e:04:fb:77"",""s"":""Public WiFi Free"",""r"":-36,""f"":5745},{""b"":""50:46:ae:5a:2e:59"",""s"":""Public WiFi Free"",""r"":-64,""f"":2437},{""b"":""52:46:ae:5a:2e:5b"",""s"":""Public WiFi Secure"",""r"":-72,""f"":6135},{""b"":""52:46:ae:5a:2e:5a"",""s"":""Public WiFi Free"",""r"":-72,""f"":6135},{""b"":""56:46:ae:5a:2e:59"",""s"":""Public WiFi Secure"",""r"":-73,""f"":2437},{""b"":""2e:4e:e9:3b:cb:3f"",""s"":"""",""r"":-77,""f"":2442},{""b"":""dc:8e:8d:d6:e2:40"",""s"":""DLive_E23B"",""r"":-78,""f"":2462},{""b"":""5a:86:94:6c:c5:cc"",""s"":"""",""r"":-78,""f"":5320},{""b"":""5a:86:94:5c:c5:cc"",""s"":""GUEST"",""r"":-81,""f"":5320},{""b"":""5a:86:94:4c:c5:cc"",""s"":""DOWN"",""r"":-82,""f"":5320},{""b"":""40:d5:21:d6:29:d3"",""s"":""Hyundai_TNF0"",""r"":-85,""f"":5180},{""b"":""60:29:d5:5e:f6:42"",""s"":""KT_GiGA_5G_kini"",""r"":-85,""f"":5240}]",""
1790659947310,2026-09-29 14:32:27,car,37.6191828,127.0802269,5.641,11.56,68.0,46.39999771118164,fused,0,LTE,NR_NSA,5G,true,false,true,false,false,52539396,159,3050,7,8289,450,06,-75,-8,-51,22,4,0,,,,2060,65360,0.0165,0.5229,2040,65341,0.0163,0.5227,false,4,0,4,-74,159,100,11.56,false,false,periodic,21,1,-5,1,5002,,,,"[{""type"":""LTE"",""pci"":159,""earfcn"":100,""tac"":null,""rsrp"":-74,""rsrq"":-9,""rssi"":-55,""snr"":null,""ta"":0,""level"":4,""bands"":""1""},{""type"":""LTE"",""pci"":159,""earfcn"":2600,""tac"":null,""rsrp"":-79,""rsrq"":-11,""rssi"":-57,""snr"":null,""ta"":0,""level"":4,""bands"":""5""},{""type"":""LTE"",""pci"":110,""earfcn"":2600,""tac"":null,""rsrp"":-83,""rsrq"":-20,""rssi"":-53,""snr"":null,""ta"":0,""level"":4,""bands"":""5""},{""type"":""LTE"",""pci"":110,""earfcn"":3050,""tac"":null,""rsrp"":-94,""rsrq"":-20,""rssi"":-59,""snr"":null,""ta"":0,""level"":3,""bands"":""7""}]",1008.5522,59,0.459,0.524,45,7,,,,"[{""b"":""b4:94:4e:04:fb:76"",""s"":""Public WiFi Secure"",""r"":-32,""f"":2417},{""b"":""ba:94:4e:04:fb:76"",""s"":""Public WiFi Free"",""r"":-32,""f"":2417},{""b"":""b4:94:4e:04:fb:77"",""s"":""Public WiFi Secure"",""r"":-36,""f"":5745},{""b"":""ba:94:4e:04:fb:77"",""s"":""Public WiFi Free"",""r"":-36,""f"":5745},{""b"":""50:46:ae:5a:2e:59"",""s"":""Public WiFi Free"",""r"":-64,""f"":2437},{""b"":""52:46:ae:5a:2e:5b"",""s"":""Public WiFi Secure"",""r"":-72,""f"":6135},{""b"":""52:46:ae:5a:2e:5a"",""s"":""Public WiFi Free"",""r"":-72,""f"":6135},{""b"":""56:46:ae:5a:2e:59"",""s"":""Public WiFi Secure"",""r"":-73,""f"":2437},{""b"":""2e:4e:e9:3b:cb:3f"",""s"":"""",""r"":-77,""f"":2442},{""b"":""dc:8e:8d:d6:e2:40"",""s"":""DLive_E23B"",""r"":-78,""f"":2462},{""b"":""5a:86:94:6c:c5:cc"",""s"":"""",""r"":-78,""f"":5320},{""b"":""5a:86:94:5c:c5:cc"",""s"":""GUEST"",""r"":-81,""f"":5320},{""b"":""5a:86:94:4c:c5:cc"",""s"":""DOWN"",""r"":-82,""f"":5320},{""b"":""40:d5:21:d6:29:d3"",""s"":""Hyundai_TNF0"",""r"":-85,""f"":5180},{""b"":""60:29:d5:5e:f6:42"",""s"":""KT_GiGA_5G_kini"",""r"":-85,""f"":5240}]",""
1790659952332,2026-09-29 14:32:32,car,37.6192803,127.0808108,6.336,10.98,77.0,46.39999771118164,fused,0,LTE,NR_NSA,5G,true,false,true,false,false,52539396,159,3050,7,8289,450,06,-75,-8,-51,22,4,0,,,,3358,66536,0.0269,0.5323,3318,66496,0.0265,0.5320,false,4,0,4,-74,159,100,10.98,false,false,periodic,26,1,0,0,10026,,,,"[{""type"":""LTE"",""pci"":159,""earfcn"":100,""tac"":null,""rsrp"":-74,""rsrq"":-9,""rssi"":-55,""snr"":null,""ta"":0,""level"":4,""bands"":""1""},{""type"":""LTE"",""pci"":159,""earfcn"":2600,""tac"":null,""rsrp"":-79,""rsrq"":-11,""rssi"":-57,""snr"":null,""ta"":0,""level"":4,""bands"":""5""},{""type"":""LTE"",""pci"":110,""earfcn"":2600,""tac"":null,""rsrp"":-83,""rsrq"":-20,""rssi"":-53,""snr"":null,""ta"":0,""level"":4,""bands"":""5""},{""type"":""LTE"",""pci"":110,""earfcn"":3050,""tac"":null,""rsrp"":-94,""rsrq"":-20,""rssi"":-59,""snr"":null,""ta"":0,""level"":3,""bands"":""7""}]",1008.3937,52,0.524,0.524,45,12,,,,"[{""b"":""b4:94:4e:04:fb:76"",""s"":""Public WiFi Secure"",""r"":-32,""f"":2417},{""b"":""ba:94:4e:04:fb:76"",""s"":""Public WiFi Free"",""r"":-32,""f"":2417},{""b"":""b4:94:4e:04:fb:77"",""s"":""Public WiFi Secure"",""r"":-36,""f"":5745},{""b"":""ba:94:4e:04:fb:77"",""s"":""Public WiFi Free"",""r"":-36,""f"":5745},{""b"":""50:46:ae:5a:2e:59"",""s"":""Public WiFi Free"",""r"":-64,""f"":2437},{""b"":""52:46:ae:5a:2e:5b"",""s"":""Public WiFi Secure"",""r"":-72,""f"":6135},{""b"":""52:46:ae:5a:2e:5a"",""s"":""Public WiFi Free"",""r"":-72,""f"":6135},{""b"":""56:46:ae:5a:2e:59"",""s"":""Public WiFi Secure"",""r"":-73,""f"":2437},{""b"":""2e:4e:e9:3b:cb:3f"",""s"":"""",""r"":-77,""f"":2442},{""b"":""dc:8e:8d:d6:e2:40"",""s"":""DLive_E23B"",""r"":-78,""f"":2462},{""b"":""5a:86:94:6c:c5:cc"",""s"":"""",""r"":-78,""f"":5320},{""b"":""5a:86:94:5c:c5:cc"",""s"":""GUEST"",""r"":-81,""f"":5320},{""b"":""5a:86:94:4c:c5:cc"",""s"":""DOWN"",""r"":-82,""f"":5320},{""b"":""40:d5:21:d6:29:d3"",""s"":""Hyundai_TNF0"",""r"":-85,""f"":5180},{""b"":""60:29:d5:5e:f6:42"",""s"":""KT_GiGA_5G_kini"",""r"":-85,""f"":5240}]",""
1790659957360,2026-09-29 14:32:37,car,37.6193651,127.0813927,8.529,12.88,80.0,46.39999771118164,fused,1,LTE,NR_NSA,5G,true,false,true,false,false,52539396,159,3050,7,8289,450,06,-80,-4,-55,,4,0,,,,2413,64322,0.0193,0.5146,2393,64303,0.0191,0.5144,false,3,0,3,-81,159,100,12.88,false,false,periodic,31,0,-5,,5004,,,,"[{""type"":""LTE"",""pci"":159,""earfcn"":100,""tac"":null,""rsrp"":-81,""rsrq"":-13,""rssi"":-57,""snr"":null,""ta"":0,""level"":4,""bands"":""1""},{""type"":""LTE"",""pci"":159,""earfcn"":2600,""tac"":null,""rsrp"":-81,""rsrq"":-11,""rssi"":-59,""snr"":null,""ta"":0,""level"":4,""bands"":""5""},{""type"":""LTE"",""pci"":110,""earfcn"":3050,""tac"":null,""rsrp"":-85,""rsrq"":-18,""rssi"":-55,""snr"":null,""ta"":0,""level"":4,""bands"":""7""}]",1008.3763,48,0.459,0.459,45,17,,,,"[{""b"":""b4:94:4e:04:fb:76"",""s"":""Public WiFi Secure"",""r"":-32,""f"":2417},{""b"":""ba:94:4e:04:fb:76"",""s"":""Public WiFi Free"",""r"":-32,""f"":2417},{""b"":""b4:94:4e:04:fb:77"",""s"":""Public WiFi Secure"",""r"":-36,""f"":5745},{""b"":""ba:94:4e:04:fb:77"",""s"":""Public WiFi Free"",""r"":-36,""f"":5745},{""b"":""50:46:ae:5a:2e:59"",""s"":""Public WiFi Free"",""r"":-64,""f"":2437},{""b"":""52:46:ae:5a:2e:5b"",""s"":""Public WiFi Secure"",""r"":-72,""f"":6135},{""b"":""52:46:ae:5a:2e:5a"",""s"":""Public WiFi Free"",""r"":-72,""f"":6135},{""b"":""56:46:ae:5a:2e:59"",""s"":""Public WiFi Secure"",""r"":-73,""f"":2437},{""b"":""2e:4e:e9:3b:cb:3f"",""s"":"""",""r"":-77,""f"":2442},{""b"":""dc:8e:8d:d6:e2:40"",""s"":""DLive_E23B"",""r"":-78,""f"":2462},{""b"":""5a:86:94:6c:c5:cc"",""s"":"""",""r"":-78,""f"":5320},{""b"":""5a:86:94:5c:c5:cc"",""s"":""GUEST"",""r"":-81,""f"":5320},{""b"":""5a:86:94:4c:c5:cc"",""s"":""DOWN"",""r"":-82,""f"":5320},{""b"":""40:d5:21:d6:29:d3"",""s"":""Hyundai_TNF0"",""r"":-85,""f"":5180},{""b"":""60:29:d5:5e:f6:42"",""s"":""KT_GiGA_5G_kini"",""r"":-85,""f"":5240}]",""
1790659962388,2026-09-29 14:32:42,car,37.6195575,127.0822942,5.786,14.21,72.0,46.39999771118164,fused,0,LTE,NR_NSA,5G,true,false,true,false,false,52539396,159,3050,7,8289,450,06,-80,-4,-55,,4,0,,,,2421,65173,0.0194,0.5214,2401,65153,0.0192,0.5212,false,3,0,3,-81,159,100,14.21,false,false,periodic,36,0,0,,10032,,,,"[{""type"":""LTE"",""pci"":159,""earfcn"":100,""tac"":null,""rsrp"":-81,""rsrq"":-13,""rssi"":-57,""snr"":null,""ta"":0,""level"":4,""bands"":""1""},{""type"":""LTE"",""pci"":159,""earfcn"":2600,""tac"":null,""rsrp"":-81,""rsrq"":-11,""rssi"":-59,""snr"":null,""ta"":0,""level"":4,""bands"":""5""},{""type"":""LTE"",""pci"":110,""earfcn"":3050,""tac"":null,""rsrp"":-85,""rsrq"":-18,""rssi"":-55,""snr"":null,""ta"":0,""level"":4,""bands"":""7""}]",1008.39813,51,0.459,0.459,45,22,,,,"[{""b"":""b4:94:4e:04:fb:76"",""s"":""Public WiFi Secure"",""r"":-32,""f"":2417},{""b"":""ba:94:4e:04:fb:76"",""s"":""Public WiFi Free"",""r"":-32,""f"":2417},{""b"":""b4:94:4e:04:fb:77"",""s"":""Public WiFi Secure"",""r"":-36,""f"":5745},{""b"":""ba:94:4e:04:fb:77"",""s"":""Public WiFi Free"",""r"":-36,""f"":5745},{""b"":""50:46:ae:5a:2e:59"",""s"":""Public WiFi Free"",""r"":-64,""f"":2437},{""b"":""52:46:ae:5a:2e:5b"",""s"":""Public WiFi Secure"",""r"":-72,""f"":6135},{""b"":""52:46:ae:5a:2e:5a"",""s"":""Public WiFi Free"",""r"":-72,""f"":6135},{""b"":""56:46:ae:5a:2e:59"",""s"":""Public WiFi Secure"",""r"":-73,""f"":2437},{""b"":""2e:4e:e9:3b:cb:3f"",""s"":"""",""r"":-77,""f"":2442},{""b"":""dc:8e:8d:d6:e2:40"",""s"":""DLive_E23B"",""r"":-78,""f"":2462},{""b"":""5a:86:94:6c:c5:cc"",""s"":"""",""r"":-78,""f"":5320},{""b"":""5a:86:94:5c:c5:cc"",""s"":""GUEST"",""r"":-81,""f"":5320},{""b"":""5a:86:94:4c:c5:cc"",""s"":""DOWN"",""r"":-82,""f"":5320},{""b"":""40:d5:21:d6:29:d3"",""s"":""Hyundai_TNF0"",""r"":-85,""f"":5180},{""b"":""60:29:d5:5e:f6:42"",""s"":""KT_GiGA_5G_kini"",""r"":-85,""f"":5240}]",""
1790659967416,2026-09-29 14:32:47,car,37.6197471,127.0828513,5.56,12.37,67.0,46.39999771118164,fused,1,LTE,NR_NSA,5G,true,false,true,false,false,52539396,159,3050,7,8289,450,06,-95,-6,-67,,3,1,,,,2490,65129,0.0199,0.5210,2470,65109,0.0198,0.5209,false,10,0,10,-91,159,2600,12.37,false,false,periodic,41,0,-15,,5000,,,,"[{""type"":""LTE"",""pci"":159,""earfcn"":2600,""tac"":null,""rsrp"":-91,""rsrq"":-12,""rssi"":-69,""snr"":null,""ta"":1,""level"":3,""bands"":""5""},{""type"":""LTE"",""pci"":159,""earfcn"":100,""tac"":null,""rsrp"":-95,""rsrq"":-9,""rssi"":-75,""snr"":null,""ta"":1,""level"":3,""bands"":""1""},{""type"":""LTE"",""pci"":1,""earfcn"":2600,""tac"":null,""rsrp"":-97,""rsrq"":-14,""rssi"":-73,""snr"":null,""ta"":1,""level"":2,""bands"":""5""},{""type"":""LTE"",""pci"":426,""earfcn"":100,""tac"":null,""rsrp"":-101,""rsrq"":-14,""rssi"":-75,""snr"":null,""ta"":1,""level"":2,""bands"":""1""},{""type"":""LTE"",""pci"":69,""earfcn"":2600,""tac"":null,""rsrp"":-101,""rsrq"":-20,""rssi"":-71,""snr"":null,""ta"":1,""level"":2,""bands"":""5""},{""type"":""LTE"",""pci"":69,""earfcn"":100,""tac"":null,""rsrp"":-102,""rsrq"":-16,""rssi"":-75,""snr"":null,""ta"":1,""level"":2,""bands"":""1""},{""type"":""LTE"",""pci"":59,""earfcn"":3050,""tac"":null,""rsrp"":-103,""rsrq"":-18,""rssi"":-75,""snr"":null,""ta"":1,""level"":2,""bands"":""7""},{""type"":""LTE"",""pci"":136,""earfcn"":2600,""tac"":null,""rsrp"":-104,""rsrq"":-20,""rssi"":-73,""snr"":null,""ta"":1,""level"":2,""bands"":""5""},{""type"":""LTE"",""pci"":69,""earfcn"":3050,""tac"":null,""rsrp"":-105,""rsrq"":-17,""rssi"":-81,""snr"":null,""ta"":1,""level"":2,""bands"":""7""},{""type"":""LTE"",""pci"":1,""earfcn"":3050,""tac"":null,""rsrp"":-105,""rsrq"":-16,""rssi"":-75,""snr"":null,""ta"":1,""level"":2,""bands"":""7""}]",1008.4434,70,0.459,0.459,45,27,,,,"[{""b"":""b4:94:4e:04:fb:76"",""s"":""Public WiFi Secure"",""r"":-32,""f"":2417},{""b"":""ba:94:4e:04:fb:76"",""s"":""Public WiFi Free"",""r"":-32,""f"":2417},{""b"":""b4:94:4e:04:fb:77"",""s"":""Public WiFi Secure"",""r"":-36,""f"":5745},{""b"":""ba:94:4e:04:fb:77"",""s"":""Public WiFi Free"",""r"":-36,""f"":5745},{""b"":""50:46:ae:5a:2e:59"",""s"":""Public WiFi Free"",""r"":-64,""f"":2437},{""b"":""52:46:ae:5a:2e:5b"",""s"":""Public WiFi Secure"",""r"":-72,""f"":6135},{""b"":""52:46:ae:5a:2e:5a"",""s"":""Public WiFi Free"",""r"":-72,""f"":6135},{""b"":""56:46:ae:5a:2e:59"",""s"":""Public WiFi Secure"",""r"":-73,""f"":2437},{""b"":""2e:4e:e9:3b:cb:3f"",""s"":"""",""r"":-77,""f"":2442},{""b"":""dc:8e:8d:d6:e2:40"",""s"":""DLive_E23B"",""r"":-78,""f"":2462},{""b"":""5a:86:94:6c:c5:cc"",""s"":"""",""r"":-78,""f"":5320},{""b"":""5a:86:94:5c:c5:cc"",""s"":""GUEST"",""r"":-81,""f"":5320},{""b"":""5a:86:94:4c:c5:cc"",""s"":""DOWN"",""r"":-82,""f"":5320},{""b"":""40:d5:21:d6:29:d3"",""s"":""Hyundai_TNF0"",""r"":-85,""f"":5180},{""b"":""60:29:d5:5e:f6:42"",""s"":""KT_GiGA_5G_kini"",""r"":-85,""f"":5240}]",""
1790659972439,2026-09-29 14:32:52,car,37.6198776,127.0832385,5.19,2.53,60.0,46.39999771118164,fused,0,LTE,NR_NSA,5G,true,false,true,false,false,52539396,159,3050,7,8289,450,06,-95,-6,-67,,3,1,,,,2689,65308,0.0215,0.5225,2669,65288,0.0214,0.5223,false,10,0,10,-91,159,2600,2.53,false,false,periodic,46,0,0,,10022,,,,"[{""type"":""LTE"",""pci"":159,""earfcn"":2600,""tac"":null,""rsrp"":-91,""rsrq"":-12,""rssi"":-69,""snr"":null,""ta"":1,""level"":3,""bands"":""5""},{""type"":""LTE"",""pci"":159,""earfcn"":100,""tac"":null,""rsrp"":-95,""rsrq"":-9,""rssi"":-75,""snr"":null,""ta"":1,""level"":3,""bands"":""1""},{""type"":""LTE"",""pci"":1,""earfcn"":2600,""tac"":null,""rsrp"":-97,""rsrq"":-14,""rssi"":-73,""snr"":null,""ta"":1,""level"":2,""bands"":""5""},{""type"":""LTE"",""pci"":426,""earfcn"":100,""tac"":null,""rsrp"":-101,""rsrq"":-14,""rssi"":-75,""snr"":null,""ta"":1,""level"":2,""bands"":""1""},{""type"":""LTE"",""pci"":69,""earfcn"":2600,""tac"":null,""rsrp"":-101,""rsrq"":-20,""rssi"":-71,""snr"":null,""ta"":1,""level"":2,""bands"":""5""},{""type"":""LTE"",""pci"":69,""earfcn"":100,""tac"":null,""rsrp"":-102,""rsrq"":-16,""rssi"":-75,""snr"":null,""ta"":1,""level"":2,""bands"":""1""},{""type"":""LTE"",""pci"":59,""earfcn"":3050,""tac"":null,""rsrp"":-103,""rsrq"":-18,""rssi"":-75,""snr"":null,""ta"":1,""level"":2,""bands"":""7""},{""type"":""LTE"",""pci"":136,""earfcn"":2600,""tac"":null,""rsrp"":-104,""rsrq"":-20,""rssi"":-73,""snr"":null,""ta"":1,""level"":2,""bands"":""5""},{""type"":""LTE"",""pci"":69,""earfcn"":3050,""tac"":null,""rsrp"":-105,""rsrq"":-17,""rssi"":-81,""snr"":null,""ta"":1,""level"":2,""bands"":""7""},{""type"":""LTE"",""pci"":1,""earfcn"":3050,""tac"":null,""rsrp"":-105,""rsrq"":-16,""rssi"":-75,""snr"":null,""ta"":1,""level"":2,""bands"":""7""}]",1008.3958,55,0.459,0.524,16,4,,,,"[{""b"":""b4:94:4e:04:fb:77"",""s"":""Public WiFi Secure"",""r"":-40,""f"":5745},{""b"":""ba:94:4e:04:fb:77"",""s"":""Public WiFi Free"",""r"":-40,""f"":5745},{""b"":""30:eb:1f:21:d7:58"",""s"":"""",""r"":-44,""f"":2447},{""b"":""ba:94:4e:04:fb:76"",""s"":""Public WiFi Free"",""r"":-49,""f"":2417},{""b"":""b4:94:4e:04:fb:76"",""s"":""Public WiFi Secure"",""r"":-50,""f"":2417},{""b"":""00:88:ba:31:2b:20"",""s"":""Public WiFi Free"",""r"":-68,""f"":2437},{""b"":""1e:39:29:82:fe:6e"",""s"":""[LG_CeilingCassette A\/C]fe6e"",""r"":-81,""f"":2462},{""b"":""28:4e:e9:07:0a:ea"",""s"":""KT_WiFi_0AE6"",""r"":-81,""f"":2447},{""b"":""04:5e:a4:88:b5:20"",""s"":""SO070VOIPB51E"",""r"":-82,""f"":2412},{""b"":""02:88:ba:31:34:80"",""s"":""SEOUL"",""r"":-83,""f"":2462},{""b"":""10:7b:44:af:72:70"",""s"":""AC88U_2.4G"",""r"":-83,""f"":2462},{""b"":""1c:39:29:2f:59:be"",""s"":""AT_401_RAC_056905_WW_59be"",""r"":-84,""f"":2462},{""b"":""06:88:ba:31:2b:23"",""s"":""SEOUL_Secure"",""r"":-84,""f"":5180},{""b"":""0a:88:ba:31:34:83"",""s"":""Public WiFi Secure"",""r"":-88,""f"":5180},{""b"":""02:88:ba:31:34:83"",""s"":""SEOUL"",""r"":-88,""f"":5180}]",""
1790659977451,2026-09-29 14:32:57,car,37.6198693,127.0832352,4.738,0.0,,46.39999771118164,fused,1,LTE,NR_NSA,5G,true,false,true,false,false,52537858,1,3050,7,8289,450,06,-93,-8,-61,,3,0,,,,2260,63607,0.0181,0.5089,2220,63567,0.0178,0.5085,false,10,0,10,-86,1,2600,0.4425056,true,false,periodic,0,1,,,5005,52539396,-95,-6,"[{""type"":""LTE"",""pci"":1,""earfcn"":2600,""tac"":null,""rsrp"":-86,""rsrq"":-12,""rssi"":-65,""snr"":null,""ta"":0,""level"":3,""bands"":""5""},{""type"":""LTE"",""pci"":426,""earfcn"":2600,""tac"":null,""rsrp"":-89,""rsrq"":-14,""rssi"":-65,""snr"":null,""ta"":0,""level"":3,""bands"":""5""},{""type"":""LTE"",""pci"":136,""earfcn"":2600,""tac"":null,""rsrp"":-91,""rsrq"":-17,""rssi"":-65,""snr"":null,""ta"":0,""level"":3,""bands"":""5""},{""type"":""LTE"",""pci"":426,""earfcn"":100,""tac"":null,""rsrp"":-92,""rsrq"":-9,""rssi"":-71,""snr"":null,""ta"":0,""level"":3,""bands"":""1""},{""type"":""LTE"",""pci"":159,""earfcn"":100,""tac"":null,""rsrp"":-95,""rsrq"":-13,""rssi"":-71,""snr"":null,""ta"":0,""level"":3,""bands"":""1""},{""type"":""LTE"",""pci"":69,""earfcn"":2600,""tac"":null,""rsrp"":-96,""rsrq"":-20,""rssi"":-65,""snr"":null,""ta"":0,""level"":2,""bands"":""5""},{""type"":""LTE"",""pci"":426,""earfcn"":3050,""tac"":null,""rsrp"":-97,""rsrq"":-13,""rssi"":-73,""snr"":null,""ta"":0,""level"":2,""bands"":""7""},{""type"":""LTE"",""pci"":159,""earfcn"":2600,""tac"":null,""rsrp"":-98,""rsrq"":-20,""rssi"":-65,""snr"":null,""ta"":0,""level"":2,""bands"":""5""},{""type"":""LTE"",""pci"":159,""earfcn"":3050,""tac"":null,""rsrp"":-102,""rsrq"":-17,""rssi"":-73,""snr"":null,""ta"":0,""level"":2,""bands"":""7""},{""type"":""LTE"",""pci"":212,""earfcn"":3050,""tac"":null,""rsrp"":-105,""rsrq"":-20,""rssi"":-73,""snr"":null,""ta"":0,""level"":2,""bands"":""7""}]",1008.5773,50,0.524,0.459,16,9,,,,"[{""b"":""b4:94:4e:04:fb:77"",""s"":""Public WiFi Secure"",""r"":-40,""f"":5745},{""b"":""ba:94:4e:04:fb:77"",""s"":""Public WiFi Free"",""r"":-40,""f"":5745},{""b"":""30:eb:1f:21:d7:58"",""s"":"""",""r"":-44,""f"":2447},{""b"":""ba:94:4e:04:fb:76"",""s"":""Public WiFi Free"",""r"":-49,""f"":2417},{""b"":""b4:94:4e:04:fb:76"",""s"":""Public WiFi Secure"",""r"":-50,""f"":2417},{""b"":""00:88:ba:31:2b:20"",""s"":""Public WiFi Free"",""r"":-68,""f"":2437},{""b"":""1e:39:29:82:fe:6e"",""s"":""[LG_CeilingCassette A\/C]fe6e"",""r"":-81,""f"":2462},{""b"":""28:4e:e9:07:0a:ea"",""s"":""KT_WiFi_0AE6"",""r"":-81,""f"":2447},{""b"":""04:5e:a4:88:b5:20"",""s"":""SO070VOIPB51E"",""r"":-82,""f"":2412},{""b"":""02:88:ba:31:34:80"",""s"":""SEOUL"",""r"":-83,""f"":2462},{""b"":""10:7b:44:af:72:70"",""s"":""AC88U_2.4G"",""r"":-83,""f"":2462},{""b"":""1c:39:29:2f:59:be"",""s"":""AT_401_RAC_056905_WW_59be"",""r"":-84,""f"":2462},{""b"":""06:88:ba:31:2b:23"",""s"":""SEOUL_Secure"",""r"":-84,""f"":5180},{""b"":""0a:88:ba:31:34:83"",""s"":""Public WiFi Secure"",""r"":-88,""f"":5180},{""b"":""02:88:ba:31:34:83"",""s"":""SEOUL"",""r"":-88,""f"":5180}]","[{""type"":""LTE"",""pci"":159,""earfcn"":2600,""tac"":null,""rsrp"":-91,""rsrq"":-12,""rssi"":-69,""snr"":null,""ta"":1,""level"":3,""bands"":""5""},{""type"":""LTE"",""pci"":159,""earfcn"":100,""tac"":null,""rsrp"":-95,""rsrq"":-9,""rssi"":-75,""snr"":null,""ta"":1,""level"":3,""bands"":""1""},{""type"":""LTE"",""pci"":1,""earfcn"":2600,""tac"":null,""rsrp"":-97,""rsrq"":-14,""rssi"":-73,""snr"":null,""ta"":1,""level"":2,""bands"":""5""},{""type"":""LTE"",""pci"":426,""earfcn"":100,""tac"":null,""rsrp"":-101,""rsrq"":-14,""rssi"":-75,""snr"":null,""ta"":1,""level"":2,""bands"":""1""},{""type"":""LTE"",""pci"":69,""earfcn"":2600,""tac"":null,""rsrp"":-101,""rsrq"":-20,""rssi"":-71,""snr"":null,""ta"":1,""level"":2,""bands"":""5""},{""type"":""LTE"",""pci"":69,""earfcn"":100,""tac"":null,""rsrp"":-102,""rsrq"":-16,""rssi"":-75,""snr"":null,""ta"":1,""level"":2,""bands"":""1""},{""type"":""LTE"",""pci"":59,""earfcn"":3050,""tac"":null,""rsrp"":-103,""rsrq"":-18,""rssi"":-75,""snr"":null,""ta"":1,""level"":2,""bands"":""7""},{""type"":""LTE"",""pci"":136,""earfcn"":2600,""tac"":null,""rsrp"":-104,""rsrq"":-20,""rssi"":-73,""snr"":null,""ta"":1,""level"":2,""bands"":""5""},{""type"":""LTE"",""pci"":69,""earfcn"":3050,""tac"":null,""rsrp"":-105,""rsrq"":-17,""rssi"":-81,""snr"":null,""ta"":1,""level"":2,""bands"":""7""},{""type"":""LTE"",""pci"":1,""earfcn"":3050,""tac"":null,""rsrp"":-105,""rsrq"":-16,""rssi"":-75,""snr"":null,""ta"":1,""level"":2,""bands"":""7""}]"
1790659982496,2026-09-29 14:33:02,car,37.6198693,127.083235,5.041,0.0,,45.79999923706055,fused,0,LTE,NR_NSA,5G,true,false,true,false,false,52537858,1,3050,7,8289,450,06,-93,-8,-61,,3,0,,,,16888,66432,0.1351,0.5315,16868,66413,0.1349,0.5313,false,10,0,10,-86,1,2600,0.018307729,false,false,periodic,5,1,0,,10050,,,,"[{""type"":""LTE"",""pci"":1,""earfcn"":2600,""tac"":null,""rsrp"":-86,""rsrq"":-12,""rssi"":-65,""snr"":null,""ta"":0,""level"":3,""bands"":""5""},{""type"":""LTE"",""pci"":426,""earfcn"":2600,""tac"":null,""rsrp"":-89,""rsrq"":-14,""rssi"":-65,""snr"":null,""ta"":0,""level"":3,""bands"":""5""},{""type"":""LTE"",""pci"":136,""earfcn"":2600,""tac"":null,""rsrp"":-91,""rsrq"":-17,""rssi"":-65,""snr"":null,""ta"":0,""level"":3,""bands"":""5""},{""type"":""LTE"",""pci"":426,""earfcn"":100,""tac"":null,""rsrp"":-92,""rsrq"":-9,""rssi"":-71,""snr"":null,""ta"":0,""level"":3,""bands"":""1""},{""type"":""LTE"",""pci"":159,""earfcn"":100,""tac"":null,""rsrp"":-95,""rsrq"":-13,""rssi"":-71,""snr"":null,""ta"":0,""level"":3,""bands"":""1""},{""type"":""LTE"",""pci"":69,""earfcn"":2600,""tac"":null,""rsrp"":-96,""rsrq"":-20,""rssi"":-65,""snr"":null,""ta"":0,""level"":2,""bands"":""5""},{""type"":""LTE"",""pci"":426,""earfcn"":3050,""tac"":null,""rsrp"":-97,""rsrq"":-13,""rssi"":-73,""snr"":null,""ta"":0,""level"":2,""bands"":""7""},{""type"":""LTE"",""pci"":159,""earfcn"":2600,""tac"":null,""rsrp"":-98,""rsrq"":-20,""rssi"":-65,""snr"":null,""ta"":0,""level"":2,""bands"":""5""},{""type"":""LTE"",""pci"":159,""earfcn"":3050,""tac"":null,""rsrp"":-102,""rsrq"":-17,""rssi"":-73,""snr"":null,""ta"":0,""level"":2,""bands"":""7""},{""type"":""LTE"",""pci"":212,""earfcn"":3050,""tac"":null,""rsrp"":-105,""rsrq"":-20,""rssi"":-73,""snr"":null,""ta"":0,""level"":2,""bands"":""7""}]",1008.52246,50,0.524,0.459,25,3,,,,"[{""b"":""ba:94:4e:04:fb:77"",""s"":""Public WiFi Free"",""r"":-40,""f"":5745},{""b"":""b4:94:4e:04:fb:77"",""s"":""Public WiFi Secure"",""r"":-41,""f"":5745},{""b"":""30:eb:1f:21:d7:58"",""s"":"""",""r"":-46,""f"":2447},{""b"":""b4:94:4e:04:fb:76"",""s"":""Public WiFi Secure"",""r"":-48,""f"":2417},{""b"":""ba:94:4e:04:fb:76"",""s"":""Public WiFi Free"",""r"":-48,""f"":2417},{""b"":""00:88:ba:31:2b:20"",""s"":""Public WiFi Free"",""r"":-59,""f"":2437},{""b"":""02:88:ba:31:2b:20"",""s"":""SEOUL"",""r"":-60,""f"":2437},{""b"":""00:88:ba:31:2b:23"",""s"":""Public WiFi Free"",""r"":-62,""f"":5180},{""b"":""0a:88:ba:31:2b:23"",""s"":""Public WiFi Secure"",""r"":-62,""f"":5180},{""b"":""02:88:ba:31:2b:23"",""s"":""SEOUL"",""r"":-62,""f"":5180},{""b"":""06:88:ba:31:2b:23"",""s"":""SEOUL_Secure"",""r"":-62,""f"":5180},{""b"":""1e:39:29:82:fe:6e"",""s"":""[LG_CeilingCassette A\/C]fe6e"",""r"":-81,""f"":2462},{""b"":""28:4e:e9:07:0a:ea"",""s"":""KT_WiFi_0AE6"",""r"":-81,""f"":2447},{""b"":""02:88:ba:31:34:80"",""s"":""SEOUL"",""r"":-82,""f"":2462},{""b"":""04:5e:a4:88:b5:20"",""s"":""SO070VOIPB51E"",""r"":-82,""f"":2412}]",""
1790659987518,2026-09-29 14:33:07,car,37.6198722,127.0832361,3.79,0.0,,45.79999923706055,fused,1,LTE,NR_NSA,5G,true,false,true,false,false,52537858,1,3050,7,8289,450,06,-94,-9,-63,,3,0,,,,2207,65207,0.0177,0.5217,2187,65187,0.0175,0.5215,false,8,0,8,-88,426,2600,0.20094614,false,false,periodic,10,1,-1,,5001,,,,"[{""type"":""LTE"",""pci"":426,""earfcn"":2600,""tac"":null,""rsrp"":-88,""rsrq"":-9,""rssi"":-69,""snr"":null,""ta"":0,""level"":3,""bands"":""5""},{""type"":""LTE"",""pci"":159,""earfcn"":2600,""tac"":null,""rsrp"":-91,""rsrq"":-20,""rssi"":-61,""snr"":null,""ta"":0,""level"":3,""bands"":""5""},{""type"":""LTE"",""pci"":1,""earfcn"":2600,""tac"":null,""rsrp"":-91,""rsrq"":-9,""rssi"":-69,""snr"":null,""ta"":0,""level"":3,""bands"":""5""},{""type"":""LTE"",""pci"":426,""earfcn"":100,""tac"":null,""rsrp"":-91,""rsrq"":-9,""rssi"":-73,""snr"":null,""ta"":0,""level"":3,""bands"":""1""},{""type"":""LTE"",""pci"":426,""earfcn"":3050,""tac"":null,""rsrp"":-95,""rsrq"":-12,""rssi"":-75,""snr"":null,""ta"":0,""level"":3,""bands"":""7""},{""type"":""LTE"",""pci"":159,""earfcn"":100,""tac"":null,""rsrp"":-100,""rsrq"":-15,""rssi"":-73,""snr"":null,""ta"":0,""level"":2,""bands"":""1""},{""type"":""LTE"",""pci"":159,""earfcn"":3050,""tac"":null,""rsrp"":-101,""rsrq"":-16,""rssi"":-75,""snr"":null,""ta"":0,""level"":2,""bands"":""7""},{""type"":""LTE"",""pci"":212,""earfcn"":3050,""tac"":null,""rsrp"":-103,""rsrq"":-19,""rssi"":-75,""snr"":null,""ta"":0,""level"":2,""bands"":""7""}]",1008.52844,50,0.459,0.459,15,3,,,,"[{""b"":""b4:94:4e:04:fb:77"",""s"":""Public WiFi Secure"",""r"":-41,""f"":5745},{""b"":""ba:94:4e:04:fb:77"",""s"":""Public WiFi Free"",""r"":-41,""f"":5745},{""b"":""b4:94:4e:04:fb:76"",""s"":""Public WiFi Secure"",""r"":-43,""f"":2417},{""b"":""ba:94:4e:04:fb:76"",""s"":""Public WiFi Free"",""r"":-43,""f"":2417},{""b"":""00:88:ba:31:2b:20"",""s"":""Public WiFi Free"",""r"":-55,""f"":2437},{""b"":""02:88:ba:31:2b:20"",""s"":""SEOUL"",""r"":-58,""f"":2437},{""b"":""00:88:ba:31:2b:23"",""s"":""Public WiFi Free"",""r"":-61,""f"":5180},{""b"":""02:88:ba:31:2b:23"",""s"":""SEOUL"",""r"":-61,""f"":5180},{""b"":""0a:88:ba:31:2b:23"",""s"":""Public WiFi Secure"",""r"":-62,""f"":5180},{""b"":""06:88:ba:31:2b:23"",""s"":""SEOUL_Secure"",""r"":-62,""f"":5180},{""b"":""5a:e4:03:ea:17:5e"",""s"":""Cayenne_5869"",""r"":-74,""f"":2437},{""b"":""64:e5:99:aa:1a:70"",""s"":""Konckcafe2026_1F"",""r"":-80,""f"":2452},{""b"":""b0:38:6c:85:b2:5a"",""s"":""Jamesss"",""r"":-82,""f"":2417},{""b"":""e2:85:4d:0e:98:e2"",""s"":""[LG_Wall-Mount A\/C]98e2"",""r"":-84,""f"":2462},{""b"":""5a:e4:03:8a:17:5e"",""s"":""Cayenne_5869_5GHz"",""r"":-91,""f"":5745}]",""
1790659992536,2026-09-29 14:33:12,car,37.6199544,127.0834051,3.79,5.68,57.0,45.79999923706055,fused,0,LTE,NR_NSA,5G,true,false,true,false,false,52537858,1,3050,7,8289,450,06,-94,-9,-63,,3,0,,,,3006,67464,0.0240,0.5397,2986,67444,0.0239,0.5396,false,8,0,8,-88,426,2600,5.68,false,false,periodic,15,1,0,,10017,,,,"[{""type"":""LTE"",""pci"":426,""earfcn"":2600,""tac"":null,""rsrp"":-88,""rsrq"":-9,""rssi"":-69,""snr"":null,""ta"":0,""level"":3,""bands"":""5""},{""type"":""LTE"",""pci"":159,""earfcn"":2600,""tac"":null,""rsrp"":-91,""rsrq"":-20,""rssi"":-61,""snr"":null,""ta"":0,""level"":3,""bands"":""5""},{""type"":""LTE"",""pci"":1,""earfcn"":2600,""tac"":null,""rsrp"":-91,""rsrq"":-9,""rssi"":-69,""snr"":null,""ta"":0,""level"":3,""bands"":""5""},{""type"":""LTE"",""pci"":426,""earfcn"":100,""tac"":null,""rsrp"":-91,""rsrq"":-9,""rssi"":-73,""snr"":null,""ta"":0,""level"":3,""bands"":""1""},{""type"":""LTE"",""pci"":426,""earfcn"":3050,""tac"":null,""rsrp"":-95,""rsrq"":-12,""rssi"":-75,""snr"":null,""ta"":0,""level"":3,""bands"":""7""},{""type"":""LTE"",""pci"":159,""earfcn"":100,""tac"":null,""rsrp"":-100,""rsrq"":-15,""rssi"":-73,""snr"":null,""ta"":0,""level"":2,""bands"":""1""},{""type"":""LTE"",""pci"":159,""earfcn"":3050,""tac"":null,""rsrp"":-101,""rsrq"":-16,""rssi"":-75,""snr"":null,""ta"":0,""level"":2,""bands"":""7""},{""type"":""LTE"",""pci"":212,""earfcn"":3050,""tac"":null,""rsrp"":-103,""rsrq"":-19,""rssi"":-75,""snr"":null,""ta"":0,""level"":2,""bands"":""7""}]",1008.4517,50,0.459,0.459,26,2,,,,"[{""b"":""b4:94:4e:04:fb:76"",""s"":""Public WiFi Secure"",""r"":-37,""f"":2417},{""b"":""b4:94:4e:04:fb:77"",""s"":""Public WiFi Secure"",""r"":-38,""f"":5745},{""b"":""ba:94:4e:04:fb:76"",""s"":""Public WiFi Free"",""r"":-38,""f"":2417},{""b"":""ba:94:4e:04:fb:77"",""s"":""Public WiFi Free"",""r"":-39,""f"":5745},{""b"":""00:88:ba:31:2b:20"",""s"":""Public WiFi Free"",""r"":-51,""f"":2437},{""b"":""02:88:ba:31:2b:20"",""s"":""SEOUL"",""r"":-52,""f"":2437},{""b"":""0a:88:ba:31:2b:23"",""s"":""Public WiFi Secure"",""r"":-55,""f"":5180},{""b"":""06:88:ba:31:2b:23"",""s"":""SEOUL_Secure"",""r"":-55,""f"":5180},{""b"":""00:88:ba:31:2b:23"",""s"":""Public WiFi Free"",""r"":-56,""f"":5180},{""b"":""02:88:ba:31:2b:23"",""s"":""SEOUL"",""r"":-56,""f"":5180},{""b"":""f4:d9:fb:cc:a5:0d"",""s"":"""",""r"":-65,""f"":2432},{""b"":""f4:d9:fb:cc:a5:0f"",""s"":""SEOUL"",""r"":-66,""f"":2432},{""b"":""f4:d9:fb:cc:a5:0e"",""s"":""SEOUL_Secure"",""r"":-67,""f"":2432},{""b"":""00:40:5a:bb:18:7b"",""s"":""FREE_U+zone"",""r"":-69,""f"":2472},{""b"":""00:40:5a:bb:18:7a"",""s"":""U+zone"",""r"":-72,""f"":2472}]",""
1790659997548,2026-09-29 14:33:17,car,37.6200734,127.0836651,3.79,8.62,60.0,45.79999923706055,fused,1,LTE,NR_NSA,5G,true,false,true,false,false,52537858,1,3050,7,8289,450,06,-89,-10,-55,6,3,1,,,,57693,67666,0.4615,0.5413,57667,67626,0.4613,0.5410,false,10,0,10,-71,1,2600,8.62,false,false,periodic,20,1,5,,721,,,,"[{""type"":""LTE"",""pci"":1,""earfcn"":2600,""tac"":null,""rsrp"":-71,""rsrq"":-10,""rssi"":-51,""snr"":null,""ta"":1,""level"":4,""bands"":""5""},{""type"":""LTE"",""pci"":426,""earfcn"":2600,""tac"":null,""rsrp"":-79,""rsrq"":-18,""rssi"":-51,""snr"":null,""ta"":1,""level"":4,""bands"":""5""},{""type"":""LTE"",""pci"":426,""earfcn"":100,""tac"":null,""rsrp"":-88,""rsrq"":-10,""rssi"":-71,""snr"":null,""ta"":1,""level"":3,""bands"":""1""},{""type"":""LTE"",""pci"":158,""earfcn"":100,""tac"":null,""rsrp"":-93,""rsrq"":-16,""rssi"":-71,""snr"":null,""ta"":1,""level"":3,""bands"":""1""},{""type"":""LTE"",""pci"":426,""earfcn"":3050,""tac"":null,""rsrp"":-94,""rsrq"":-15,""rssi"":-65,""snr"":null,""ta"":1,""level"":3,""bands"":""7""},{""type"":""LTE"",""pci"":159,""earfcn"":3050,""tac"":null,""rsrp"":-95,""rsrq"":-18,""rssi"":-71,""snr"":null,""ta"":1,""level"":3,""bands"":""7""},{""type"":""LTE"",""pci"":26,""earfcn"":100,""tac"":null,""rsrp"":-96,""rsrq"":-18,""rssi"":-71,""snr"":null,""ta"":1,""level"":2,""bands"":""1""},{""type"":""LTE"",""pci"":68,""earfcn"":3050,""tac"":null,""rsrp"":-97,""rsrq"":-19,""rssi"":-65,""snr"":null,""ta"":1,""level"":2,""bands"":""7""},{""type"":""LTE"",""pci"":159,""earfcn"":100,""tac"":null,""rsrp"":-97,""rsrq"":-20,""rssi"":-65,""snr"":null,""ta"":1,""level"":2,""bands"":""1""},{""type"":""LTE"",""pci"":158,""earfcn"":3050,""tac"":null,""rsrp"":-98,""rsrq"":-18,""rssi"":-71,""snr"":null,""ta"":1,""level"":2,""bands"":""7""}]",1008.4071,101,0.524,0.524,56,4,,,,"[{""b"":""b4:94:4e:04:fb:76"",""s"":""Public WiFi Secure"",""r"":-30,""f"":2417},{""b"":""ba:94:4e:04:fb:76"",""s"":""Public WiFi Free"",""r"":-31,""f"":2417},{""b"":""ba:94:4e:04:fb:77"",""s"":""Public WiFi Free"",""r"":-34,""f"":5745},{""b"":""b4:94:4e:04:fb:77"",""s"":""Public WiFi Secure"",""r"":-34,""f"":5745},{""b"":""30:eb:1f:21:d7:58"",""s"":"""",""r"":-37,""f"":2447},{""b"":""00:88:ba:31:2b:20"",""s"":""Public WiFi Free"",""r"":-63,""f"":2437},{""b"":""02:88:ba:31:2b:20"",""s"":""SEOUL"",""r"":-63,""f"":2437},{""b"":""00:40:5a:bb:18:7b"",""s"":""FREE_U+zone"",""r"":-64,""f"":2472},{""b"":""f4:d9:fb:cc:a5:0f"",""s"":""SEOUL"",""r"":-65,""f"":2432},{""b"":""00:40:5a:bb:18:7a"",""s"":""U+zone"",""r"":-67,""f"":2472},{""b"":""e2:85:4d:0e:98:e2"",""s"":""[LG_Wall-Mount A\/C]98e2"",""r"":-69,""f"":2462},{""b"":""64:e5:99:aa:1a:70"",""s"":""Konckcafe2026_1F"",""r"":-71,""f"":2452},{""b"":""12:96:cd:a4:31:3a"",""s"":""KT_GiGA_Mesh_3136"",""r"":-71,""f"":2427},{""b"":""0c:96:cd:a4:31:3a"",""s"":""KT_GiGA_3136"",""r"":-73,""f"":2427},{""b"":""90:9f:33:97:7b:66"",""s"":""K"",""r"":-74,""f"":2472}]",""
1790660002569,2026-09-29 14:33:22,car,37.6202398,127.0840653,3.79,3.69,62.0,45.79999923706055,fused,0,LTE,NR_NSA,5G,true,false,true,false,false,52537858,1,3050,7,8289,450,06,-85,-8,-57,6,4,1,,,,6884,66497,0.0551,0.5320,6849,66477,0.0548,0.5318,false,9,0,9,-75,1,2600,3.69,false,false,periodic,25,1,4,0,5001,,,,"[{""type"":""LTE"",""pci"":1,""earfcn"":2600,""tac"":null,""rsrp"":-75,""rsrq"":-9,""rssi"":-63,""snr"":null,""ta"":1,""level"":4,""bands"":""5""},{""type"":""LTE"",""pci"":426,""earfcn"":2600,""tac"":null,""rsrp"":-81,""rsrq"":-17,""rssi"":-63,""snr"":null,""ta"":1,""level"":4,""bands"":""5""},{""type"":""LTE"",""pci"":426,""earfcn"":100,""tac"":null,""rsrp"":-88,""rsrq"":-10,""rssi"":-71,""snr"":null,""ta"":1,""level"":3,""bands"":""1""},{""type"":""LTE"",""pci"":158,""earfcn"":100,""tac"":null,""rsrp"":-93,""rsrq"":-16,""rssi"":-71,""snr"":null,""ta"":1,""level"":3,""bands"":""1""},{""type"":""LTE"",""pci"":159,""earfcn"":3050,""tac"":null,""rsrp"":-95,""rsrq"":-18,""rssi"":-71,""snr"":null,""ta"":1,""level"":3,""bands"":""7""},{""type"":""LTE"",""pci"":426,""earfcn"":3050,""tac"":null,""rsrp"":-96,""rsrq"":-16,""rssi"":-69,""snr"":null,""ta"":1,""level"":2,""bands"":""7""},{""type"":""LTE"",""pci"":26,""earfcn"":100,""tac"":null,""rsrp"":-96,""rsrq"":-18,""rssi"":-71,""snr"":null,""ta"":1,""level"":2,""bands"":""1""},{""type"":""LTE"",""pci"":159,""earfcn"":100,""tac"":null,""rsrp"":-97,""rsrq"":-20,""rssi"":-65,""snr"":null,""ta"":1,""level"":2,""bands"":""1""},{""type"":""LTE"",""pci"":158,""earfcn"":3050,""tac"":null,""rsrp"":-100,""rsrq"":-20,""rssi"":-69,""snr"":null,""ta"":1,""level"":2,""bands"":""7""}]",1008.34564,50,0.459,0.459,36,3,,,,"[{""b"":""b4:94:4e:04:fb:76"",""s"":""Public WiFi Secure"",""r"":-35,""f"":2417},{""b"":""ba:94:4e:04:fb:76"",""s"":""Public WiFi Free"",""r"":-35,""f"":2417},{""b"":""b4:94:4e:04:fb:77"",""s"":""Public WiFi Secure"",""r"":-36,""f"":5745},{""b"":""ba:94:4e:04:fb:77"",""s"":""Public WiFi Free"",""r"":-36,""f"":5745},{""b"":""30:eb:1f:21:d7:58"",""s"":"""",""r"":-38,""f"":2447},{""b"":""f4:d9:fb:cc:a5:0e"",""s"":""SEOUL_Secure"",""r"":-64,""f"":2432},{""b"":""f4:d9:fb:cc:a5:0f"",""s"":""SEOUL"",""r"":-64,""f"":2432},{""b"":""1e:39:29:83:08:41"",""s"":""[LG_CeilingCassette A\/C]0841"",""r"":-70,""f"":2462},{""b"":""ca:dd:6a:2c:08:f9"",""s"":""[LG_CeilingCassette A\/C]08f9"",""r"":-72,""f"":2462},{""b"":""00:88:ba:31:34:83"",""s"":""Public WiFi Free"",""r"":-72,""f"":5180},{""b"":""f4:d9:fb:cc:a5:01"",""s"":""SEOUL_Secure"",""r"":-74,""f"":5785},{""b"":""de:a2:66:67:70:b9"",""s"":""DIRECT-b9-HP M254 LaserJet"",""r"":-74,""f"":2437},{""b"":""06:88:ba:31:34:83"",""s"":""SEOUL_Secure"",""r"":-75,""f"":5180},{""b"":""8c:fe:74:a6:b7:c8"",""s"":""OFC_WLAN"",""r"":-76,""f"":2462},{""b"":""f4:d9:fb:cc:a5:00"",""s"":""SEOUL"",""r"":-76,""f"":5785}]",""
1790660007583,2026-09-29 14:33:27,car,37.6202689,127.0841238,3.79,0.0,,46.70000076293945,fused,0,LTE,NR_NSA,5G,true,false,true,false,false,52537858,1,3050,7,8289,450,06,-96,-12,-63,2,2,0,,,,345599,88730,2.7648,0.7098,348694,88738,2.7896,0.7099,false,9,0,9,-91,1,2600,4.236767,false,false,periodic,30,0,-11,-4,5005,,,,"[{""type"":""LTE"",""pci"":1,""earfcn"":2600,""tac"":null,""rsrp"":-91,""rsrq"":-13,""rssi"":-67,""snr"":null,""ta"":0,""level"":3,""bands"":""5""},{""type"":""LTE"",""pci"":426,""earfcn"":2600,""tac"":null,""rsrp"":-93,""rsrq"":-16,""rssi"":-67,""snr"":null,""ta"":0,""level"":3,""bands"":""5""},{""type"":""LTE"",""pci"":26,""earfcn"":100,""tac"":null,""rsrp"":-95,""rsrq"":-18,""rssi"":-67,""snr"":null,""ta"":0,""level"":3,""bands"":""1""},{""type"":""LTE"",""pci"":426,""earfcn"":3050,""tac"":null,""rsrp"":-96,""rsrq"":-14,""rssi"":-73,""snr"":null,""ta"":0,""level"":2,""bands"":""7""},{""type"":""LTE"",""pci"":159,""earfcn"":100,""tac"":null,""rsrp"":-98,""rsrq"":-18,""rssi"":-71,""snr"":null,""ta"":0,""level"":2,""bands"":""1""},{""type"":""LTE"",""pci"":212,""earfcn"":3050,""tac"":null,""rsrp"":-100,""rsrq"":-17,""rssi"":-73,""snr"":null,""ta"":0,""level"":2,""bands"":""7""},{""type"":""LTE"",""pci"":158,""earfcn"":100,""tac"":null,""rsrp"":-100,""rsrq"":-20,""rssi"":-69,""snr"":null,""ta"":0,""level"":2,""bands"":""1""},{""type"":""LTE"",""pci"":426,""earfcn"":100,""tac"":null,""rsrp"":-101,""rsrq"":-14,""rssi"":-71,""snr"":null,""ta"":0,""level"":2,""bands"":""1""},{""type"":""LTE"",""pci"":26,""earfcn"":3050,""tac"":null,""rsrp"":-103,""rsrq"":-17,""rssi"":-73,""snr"":null,""ta"":0,""level"":2,""bands"":""7""}]",1008.4566,49,0.376,0.459,33,0,,,,"[{""b"":""b4:94:4e:04:fb:76"",""s"":""Public WiFi Secure"",""r"":-33,""f"":2417},{""b"":""ba:94:4e:04:fb:76"",""s"":""Public WiFi Free"",""r"":-33,""f"":2417},{""b"":""b4:94:4e:04:fb:77"",""s"":""Public WiFi Secure"",""r"":-37,""f"":5745},{""b"":""ba:94:4e:04:fb:77"",""s"":""Public WiFi Free"",""r"":-37,""f"":5745},{""b"":""f4:d9:fb:cc:a5:0f"",""s"":""SEOUL"",""r"":-62,""f"":2432},{""b"":""98:39:10:74:30:9e"",""s"":""U+Net9058"",""r"":-67,""f"":2422},{""b"":""f4:d9:fb:cc:a5:02"",""s"":"""",""r"":-71,""f"":5785},{""b"":""f4:d9:fb:cc:a5:00"",""s"":""SEOUL"",""r"":-72,""f"":5785},{""b"":""f4:d9:fb:cc:a5:01"",""s"":""SEOUL_Secure"",""r"":-72,""f"":5785},{""b"":""0a:ae:d0:03:82:09"",""s"":""SEOUL_Secure"",""r"":-73,""f"":2412},{""b"":""06:ae:d0:03:82:09"",""s"":""SEOUL"",""r"":-73,""f"":2412},{""b"":""8c:fe:74:26:b7:c8"",""s"":""STR_WLAN_LOCAL"",""r"":-74,""f"":2462},{""b"":""8c:fe:74:66:b7:c8"",""s"":""STR_WLAN"",""r"":-75,""f"":2462},{""b"":""8c:fe:74:a6:b7:c8"",""s"":""OFC_WLAN"",""r"":-76,""f"":2462},{""b"":""8c:fe:74:26:b7:cc"",""s"":""STR_WLAN_LOCAL"",""r"":-78,""f"":5805}]",""
1790660008954,2026-09-29 14:33:28,car,37.6202668,127.0841243,3.79,0.0,,46.70000076293945,fused,0,LTE,NR_NSA,5G,true,false,true,false,false,52537857,426,3050,7,8289,450,06,-101,-15,-67,0,2,1,,,,4492786,69627,35.9423,0.5570,4481393,69522,35.8511,0.5562,false,11,0,11,-83,1,2600,4.8119755,true,false,handover,0,1,,,5,52537858,-96,-12,"[{""type"":""LTE"",""pci"":1,""earfcn"":2600,""tac"":null,""rsrp"":-83,""rsrq"":-10,""rssi"":-55,""snr"":null,""ta"":1,""level"":4,""bands"":""5""},{""type"":""LTE"",""pci"":426,""earfcn"":2600,""tac"":null,""rsrp"":-89,""rsrq"":-17,""rssi"":-59,""snr"":null,""ta"":1,""level"":3,""bands"":""5""},{""type"":""LTE"",""pci"":159,""earfcn"":2600,""tac"":null,""rsrp"":-90,""rsrq"":-17,""rssi"":-59,""snr"":null,""ta"":1,""level"":3,""bands"":""5""},{""type"":""LTE"",""pci"":212,""earfcn"":2600,""tac"":null,""rsrp"":-90,""rsrq"":-18,""rssi"":-59,""snr"":null,""ta"":1,""level"":3,""bands"":""5""},{""type"":""LTE"",""pci"":426,""earfcn"":100,""tac"":null,""rsrp"":-97,""rsrq"":-10,""rssi"":-77,""snr"":null,""ta"":1,""level"":2,""bands"":""1""},{""type"":""LTE"",""pci"":212,""earfcn"":3050,""tac"":null,""rsrp"":-100,""rsrq"":-15,""rssi"":-77,""snr"":null,""ta"":1,""level"":2,""bands"":""7""},{""type"":""LTE"",""pci"":1,""earfcn"":3050,""tac"":null,""rsrp"":-101,""rsrq"":-14,""rssi"":-67,""snr"":null,""ta"":1,""level"":2,""bands"":""7""},{""type"":""LTE"",""pci"":212,""earfcn"":100,""tac"":null,""rsrp"":-101,""rsrq"":-15,""rssi"":-77,""snr"":null,""ta"":1,""level"":2,""bands"":""1""},{""type"":""LTE"",""pci"":26,""earfcn"":100,""tac"":null,""rsrp"":-103,""rsrq"":-16,""rssi"":-77,""snr"":null,""ta"":1,""level"":2,""bands"":""1""},{""type"":""LTE"",""pci"":23,""earfcn"":3050,""tac"":null,""rsrp"":-104,""rsrq"":-18,""rssi"":-77,""snr"":null,""ta"":1,""level"":2,""bands"":""7""},{""type"":""LTE"",""pci"":159,""earfcn"":100,""tac"":null,""rsrp"":-106,""rsrq"":-17,""rssi"":-77,""snr"":null,""ta"":1,""level"":1,""bands"":""1""}]",1008.4513,47,0.480,0.459,33,2,,,,"[{""b"":""b4:94:4e:04:fb:76"",""s"":""Public WiFi Secure"",""r"":-33,""f"":2417},{""b"":""ba:94:4e:04:fb:76"",""s"":""Public WiFi Free"",""r"":-33,""f"":2417},{""b"":""b4:94:4e:04:fb:77"",""s"":""Public WiFi Secure"",""r"":-37,""f"":5745},{""b"":""ba:94:4e:04:fb:77"",""s"":""Public WiFi Free"",""r"":-37,""f"":5745},{""b"":""f4:d9:fb:cc:a5:0f"",""s"":""SEOUL"",""r"":-62,""f"":2432},{""b"":""98:39:10:74:30:9e"",""s"":""U+Net9058"",""r"":-67,""f"":2422},{""b"":""f4:d9:fb:cc:a5:02"",""s"":"""",""r"":-71,""f"":5785},{""b"":""f4:d9:fb:cc:a5:00"",""s"":""SEOUL"",""r"":-72,""f"":5785},{""b"":""f4:d9:fb:cc:a5:01"",""s"":""SEOUL_Secure"",""r"":-72,""f"":5785},{""b"":""0a:ae:d0:03:82:09"",""s"":""SEOUL_Secure"",""r"":-73,""f"":2412},{""b"":""06:ae:d0:03:82:09"",""s"":""SEOUL"",""r"":-73,""f"":2412},{""b"":""8c:fe:74:26:b7:c8"",""s"":""STR_WLAN_LOCAL"",""r"":-74,""f"":2462},{""b"":""8c:fe:74:66:b7:c8"",""s"":""STR_WLAN"",""r"":-75,""f"":2462},{""b"":""8c:fe:74:a6:b7:c8"",""s"":""OFC_WLAN"",""r"":-76,""f"":2462},{""b"":""8c:fe:74:26:b7:cc"",""s"":""STR_WLAN_LOCAL"",""r"":-78,""f"":5805}]","[{""type"":""LTE"",""pci"":1,""earfcn"":2600,""tac"":null,""rsrp"":-91,""rsrq"":-13,""rssi"":-67,""snr"":null,""ta"":0,""level"":3,""bands"":""5""},{""type"":""LTE"",""pci"":426,""earfcn"":2600,""tac"":null,""rsrp"":-93,""rsrq"":-16,""rssi"":-67,""snr"":null,""ta"":0,""level"":3,""bands"":""5""},{""type"":""LTE"",""pci"":26,""earfcn"":100,""tac"":null,""rsrp"":-95,""rsrq"":-18,""rssi"":-67,""snr"":null,""ta"":0,""level"":3,""bands"":""1""},{""type"":""LTE"",""pci"":426,""earfcn"":3050,""tac"":null,""rsrp"":-96,""rsrq"":-14,""rssi"":-73,""snr"":null,""ta"":0,""level"":2,""bands"":""7""},{""type"":""LTE"",""pci"":159,""earfcn"":100,""tac"":null,""rsrp"":-98,""rsrq"":-18,""rssi"":-71,""snr"":null,""ta"":0,""level"":2,""bands"":""1""},{""type"":""LTE"",""pci"":212,""earfcn"":3050,""tac"":null,""rsrp"":-100,""rsrq"":-17,""rssi"":-73,""snr"":null,""ta"":0,""level"":2,""bands"":""7""},{""type"":""LTE"",""pci"":158,""earfcn"":100,""tac"":null,""rsrp"":-100,""rsrq"":-20,""rssi"":-69,""snr"":null,""ta"":0,""level"":2,""bands"":""1""},{""type"":""LTE"",""pci"":426,""earfcn"":100,""tac"":null,""rsrp"":-101,""rsrq"":-14,""rssi"":-71,""snr"":null,""ta"":0,""level"":2,""bands"":""1""},{""type"":""LTE"",""pci"":26,""earfcn"":3050,""tac"":null,""rsrp"":-103,""rsrq"":-17,""rssi"":-73,""snr"":null,""ta"":0,""level"":2,""bands"":""7""}]"
1790660012606,2026-09-29 14:33:32,car,37.6202662,127.0841266,3.79,0.0,,46.79999923706055,fused,0,LTE,NR_NSA,5G,true,false,true,false,false,52537857,426,3050,7,8289,450,06,-101,-15,-67,0,2,1,,,,4591,66168,0.0367,0.5293,4564,66140,0.0365,0.5291,false,11,0,11,-83,1,2600,5.107025,false,false,periodic,3,1,0,0,3660,,,,"[{""type"":""LTE"",""pci"":1,""earfcn"":2600,""tac"":null,""rsrp"":-83,""rsrq"":-10,""rssi"":-55,""snr"":null,""ta"":1,""level"":4,""bands"":""5""},{""type"":""LTE"",""pci"":426,""earfcn"":2600,""tac"":null,""rsrp"":-89,""rsrq"":-17,""rssi"":-59,""snr"":null,""ta"":1,""level"":3,""bands"":""5""},{""type"":""LTE"",""pci"":159,""earfcn"":2600,""tac"":null,""rsrp"":-90,""rsrq"":-17,""rssi"":-59,""snr"":null,""ta"":1,""level"":3,""bands"":""5""},{""type"":""LTE"",""pci"":212,""earfcn"":2600,""tac"":null,""rsrp"":-90,""rsrq"":-18,""rssi"":-59,""snr"":null,""ta"":1,""level"":3,""bands"":""5""},{""type"":""LTE"",""pci"":426,""earfcn"":100,""tac"":null,""rsrp"":-97,""rsrq"":-10,""rssi"":-77,""snr"":null,""ta"":1,""level"":2,""bands"":""1""},{""type"":""LTE"",""pci"":212,""earfcn"":3050,""tac"":null,""rsrp"":-100,""rsrq"":-15,""rssi"":-77,""snr"":null,""ta"":1,""level"":2,""bands"":""7""},{""type"":""LTE"",""pci"":1,""earfcn"":3050,""tac"":null,""rsrp"":-101,""rsrq"":-14,""rssi"":-67,""snr"":null,""ta"":1,""level"":2,""bands"":""7""},{""type"":""LTE"",""pci"":212,""earfcn"":100,""tac"":null,""rsrp"":-101,""rsrq"":-15,""rssi"":-77,""snr"":null,""ta"":1,""level"":2,""bands"":""1""},{""type"":""LTE"",""pci"":26,""earfcn"":100,""tac"":null,""rsrp"":-103,""rsrq"":-16,""rssi"":-77,""snr"":null,""ta"":1,""level"":2,""bands"":""1""},{""type"":""LTE"",""pci"":23,""earfcn"":3050,""tac"":null,""rsrp"":-104,""rsrq"":-18,""rssi"":-77,""snr"":null,""ta"":1,""level"":2,""bands"":""7""},{""type"":""LTE"",""pci"":159,""earfcn"":100,""tac"":null,""rsrp"":-106,""rsrq"":-17,""rssi"":-77,""snr"":null,""ta"":1,""level"":1,""bands"":""1""}]",1008.412,47,0.507,0.459,33,5,,,,"[{""b"":""b4:94:4e:04:fb:76"",""s"":""Public WiFi Secure"",""r"":-33,""f"":2417},{""b"":""ba:94:4e:04:fb:76"",""s"":""Public WiFi Free"",""r"":-33,""f"":2417},{""b"":""b4:94:4e:04:fb:77"",""s"":""Public WiFi Secure"",""r"":-37,""f"":5745},{""b"":""ba:94:4e:04:fb:77"",""s"":""Public WiFi Free"",""r"":-37,""f"":5745},{""b"":""f4:d9:fb:cc:a5:0f"",""s"":""SEOUL"",""r"":-62,""f"":2432},{""b"":""98:39:10:74:30:9e"",""s"":""U+Net9058"",""r"":-67,""f"":2422},{""b"":""f4:d9:fb:cc:a5:02"",""s"":"""",""r"":-71,""f"":5785},{""b"":""f4:d9:fb:cc:a5:00"",""s"":""SEOUL"",""r"":-72,""f"":5785},{""b"":""f4:d9:fb:cc:a5:01"",""s"":""SEOUL_Secure"",""r"":-72,""f"":5785},{""b"":""0a:ae:d0:03:82:09"",""s"":""SEOUL_Secure"",""r"":-73,""f"":2412},{""b"":""06:ae:d0:03:82:09"",""s"":""SEOUL"",""r"":-73,""f"":2412},{""b"":""8c:fe:74:26:b7:c8"",""s"":""STR_WLAN_LOCAL"",""r"":-74,""f"":2462},{""b"":""8c:fe:74:66:b7:c8"",""s"":""STR_WLAN"",""r"":-75,""f"":2462},{""b"":""8c:fe:74:a6:b7:c8"",""s"":""OFC_WLAN"",""r"":-76,""f"":2462},{""b"":""8c:fe:74:26:b7:cc"",""s"":""STR_WLAN_LOCAL"",""r"":-78,""f"":5805}]",""
1790660017631,2026-09-29 14:33:37,car,37.6202643,127.084125,3.79,0.0,,48.099998474121094,fused,0,LTE,NR_NSA,5G,true,false,true,false,false,52537857,426,3050,7,8289,450,06,-102,-13,-69,0,2,0,,,,342439,89421,2.7395,0.7154,342399,89381,2.7392,0.7150,false,10,0,10,-92,426,2600,0.20375405,false,false,periodic,8,1,-1,0,4998,,,,"[{""type"":""LTE"",""pci"":426,""earfcn"":2600,""tac"":null,""rsrp"":-92,""rsrq"":-15,""rssi"":-67,""snr"":null,""ta"":0,""level"":3,""bands"":""5""},{""type"":""LTE"",""pci"":426,""earfcn"":100,""tac"":null,""rsrp"":-93,""rsrq"":-15,""rssi"":-69,""snr"":null,""ta"":0,""level"":3,""bands"":""1""},{""type"":""LTE"",""pci"":1,""earfcn"":2600,""tac"":null,""rsrp"":-93,""rsrq"":-15,""rssi"":-67,""snr"":null,""ta"":0,""level"":3,""bands"":""5""},{""type"":""LTE"",""pci"":212,""earfcn"":100,""tac"":null,""rsrp"":-94,""rsrq"":-16,""rssi"":-69,""snr"":null,""ta"":0,""level"":3,""bands"":""1""},{""type"":""LTE"",""pci"":159,""earfcn"":100,""tac"":null,""rsrp"":-97,""rsrq"":-17,""rssi"":-69,""snr"":null,""ta"":0,""level"":2,""bands"":""1""},{""type"":""LTE"",""pci"":212,""earfcn"":2600,""tac"":null,""rsrp"":-97,""rsrq"":-19,""rssi"":-67,""snr"":null,""ta"":0,""level"":2,""bands"":""5""},{""type"":""LTE"",""pci"":159,""earfcn"":2600,""tac"":null,""rsrp"":-98,""rsrq"":-17,""rssi"":-67,""snr"":null,""ta"":0,""level"":2,""bands"":""5""},{""type"":""LTE"",""pci"":26,""earfcn"":100,""tac"":null,""rsrp"":-99,""rsrq"":-18,""rssi"":-73,""snr"":null,""ta"":0,""level"":2,""bands"":""1""},{""type"":""LTE"",""pci"":1,""earfcn"":3050,""tac"":null,""rsrp"":-101,""rsrq"":-14,""rssi"":-79,""snr"":null,""ta"":0,""level"":2,""bands"":""7""},{""type"":""LTE"",""pci"":212,""earfcn"":3050,""tac"":null,""rsrp"":-105,""rsrq"":-17,""rssi"":-79,""snr"":null,""ta"":0,""level"":2,""bands"":""7""}]",1008.42303,48,0.459,0.524,26,1,,,,"[{""b"":""b4:94:4e:04:fb:76"",""s"":""Public WiFi Secure"",""r"":-34,""f"":2417},{""b"":""b4:94:4e:04:fb:77"",""s"":""Public WiFi Secure"",""r"":-34,""f"":5745},{""b"":""ba:94:4e:04:fb:77"",""s"":""Public WiFi Free"",""r"":-34,""f"":5745},{""b"":""ba:94:4e:04:fb:76"",""s"":""Public WiFi Free"",""r"":-43,""f"":2417},{""b"":""5a:e4:03:ea:17:5e"",""s"":""Cayenne_5869"",""r"":-75,""f"":2437},{""b"":""f4:d9:fb:cc:a5:00"",""s"":""SEOUL"",""r"":-76,""f"":5785},{""b"":""80:ca:4b:c7:90:5a"",""s"":""U+Net9058"",""r"":-77,""f"":2427},{""b"":""f4:d9:fb:cc:a5:01"",""s"":""SEOUL_Secure"",""r"":-77,""f"":5785},{""b"":""ba:9f:09:a1:0a:30"",""s"":""DIRECT-03-BMW75113"",""r"":-77,""f"":2462},{""b"":""1e:39:29:83:5e:d6"",""s"":""[LG_CeilingCassette A\/C]5ed6"",""r"":-77,""f"":2462},{""b"":""8c:fe:74:26:b7:cc"",""s"":""STR_WLAN_LOCAL"",""r"":-78,""f"":5805},{""b"":""8c:fe:74:e6:b7:cc"",""s"":""Office.Net"",""r"":-78,""f"":5805},{""b"":""8c:fe:74:a6:b7:cc"",""s"":""OFC_WLAN"",""r"":-78,""f"":5805},{""b"":""8c:fe:74:66:b7:cc"",""s"":""STR_WLAN"",""r"":-78,""f"":5805},{""b"":""1e:39:29:82:fe:96"",""s"":""[LG_CeilingCassette A\/C]fe96"",""r"":-80,""f"":2462}]",""
1790660022641,2026-09-29 14:33:42,car,37.6202624,127.0841236,3.79,0.0,,48.099998474121094,fused,0,LTE,NR_NSA,5G,true,false,true,false,false,52537857,426,3050,7,8289,450,06,-98,-13,-65,0,2,1,,,,30623,80079,0.2450,0.6406,30603,80059,0.2448,0.6405,false,10,0,10,-90,1,2600,0.16017948,false,false,periodic,13,1,4,0,1397,,,,"[{""type"":""LTE"",""pci"":1,""earfcn"":2600,""tac"":null,""rsrp"":-90,""rsrq"":-15,""rssi"":-69,""snr"":null,""ta"":1,""level"":3,""bands"":""5""},{""type"":""LTE"",""pci"":426,""earfcn"":100,""tac"":null,""rsrp"":-94,""rsrq"":-12,""rssi"":-73,""snr"":null,""ta"":1,""level"":3,""bands"":""1""},{""type"":""LTE"",""pci"":426,""earfcn"":2600,""tac"":null,""rsrp"":-95,""rsrq"":-16,""rssi"":-69,""snr"":null,""ta"":1,""level"":3,""bands"":""5""},{""type"":""LTE"",""pci"":159,""earfcn"":2600,""tac"":null,""rsrp"":-96,""rsrq"":-18,""rssi"":-69,""snr"":null,""ta"":1,""level"":2,""bands"":""5""},{""type"":""LTE"",""pci"":212,""earfcn"":3050,""tac"":null,""rsrp"":-98,""rsrq"":-13,""rssi"":-75,""snr"":null,""ta"":1,""level"":2,""bands"":""7""},{""type"":""LTE"",""pci"":1,""earfcn"":3050,""tac"":null,""rsrp"":-99,""rsrq"":-13,""rssi"":-75,""snr"":null,""ta"":1,""level"":2,""bands"":""7""},{""type"":""LTE"",""pci"":159,""earfcn"":100,""tac"":null,""rsrp"":-100,""rsrq"":-17,""rssi"":-73,""snr"":null,""ta"":1,""level"":2,""bands"":""1""},{""type"":""LTE"",""pci"":212,""earfcn"":100,""tac"":null,""rsrp"":-101,""rsrq"":-15,""rssi"":-73,""snr"":null,""ta"":1,""level"":2,""bands"":""1""},{""type"":""LTE"",""pci"":26,""earfcn"":100,""tac"":null,""rsrp"":-103,""rsrq"":-19,""rssi"":-73,""snr"":null,""ta"":1,""level"":2,""bands"":""1""},{""type"":""LTE"",""pci"":284,""earfcn"":100,""tac"":null,""rsrp"":-105,""rsrq"":-20,""rssi"":-73,""snr"":null,""ta"":1,""level"":2,""bands"":""1""}]",1008.41876,54,0.459,0.459,62,0,,,,"[{""b"":""b4:94:4e:04:fb:76"",""s"":""Public WiFi Secure"",""r"":-33,""f"":2417},{""b"":""ba:94:4e:04:fb:76"",""s"":""Public WiFi Free"",""r"":-34,""f"":2417},{""b"":""ba:94:4e:04:fb:77"",""s"":""Public WiFi Free"",""r"":-38,""f"":5745},{""b"":""b4:94:4e:04:fb:77"",""s"":""Public WiFi Secure"",""r"":-38,""f"":5745},{""b"":""f4:d9:fb:cc:a5:0f"",""s"":""SEOUL"",""r"":-60,""f"":2432},{""b"":""f4:d9:fb:cc:a5:0e"",""s"":""SEOUL_Secure"",""r"":-61,""f"":2432},{""b"":""06:ae:d0:05:20:00"",""s"":""SEOUL"",""r"":-65,""f"":2457},{""b"":""0e:ae:d0:05:20:00"",""s"":""SEOUL_Secure"",""r"":-67,""f"":2457},{""b"":""98:39:10:74:30:9e"",""s"":""U+Net9058"",""r"":-68,""f"":2422},{""b"":""0a:ae:d0:05:20:00"",""s"":""PublicWiFi@Jungnang"",""r"":-69,""f"":2457},{""b"":""bc:9d:42:1f:6b:03"",""s"":""MyDean_310350"",""r"":-71,""f"":2437},{""b"":""00:88:ba:31:34:80"",""s"":""Public WiFi Free"",""r"":-71,""f"":2462},{""b"":""8c:fe:74:26:b7:c8"",""s"":""STR_WLAN_LOCAL"",""r"":-73,""f"":2462},{""b"":""8c:fe:74:a6:b7:c8"",""s"":""OFC_WLAN"",""r"":-74,""f"":2462},{""b"":""5a:e4:03:ea:17:5e"",""s"":""Cayenne_5869"",""r"":-74,""f"":2437}]",""
1790660027655,2026-09-29 14:33:47,car,37.620264,127.0841261,3.79,0.0,,46.599998474121094,fused,0,LTE,NR_NSA,5G,true,false,true,false,false,52537857,426,3050,7,8289,450,06,-98,-12,-65,0,2,1,,,,8147,68498,0.0652,0.5480,8127,68478,0.0650,0.5478,false,9,0,9,-90,1,2600,1.4126672,false,false,periodic,18,1,0,0,536,,,,"[{""type"":""LTE"",""pci"":1,""earfcn"":2600,""tac"":null,""rsrp"":-90,""rsrq"":-14,""rssi"":-67,""snr"":null,""ta"":1,""level"":3,""bands"":""5""},{""type"":""LTE"",""pci"":426,""earfcn"":100,""tac"":null,""rsrp"":-91,""rsrq"":-11,""rssi"":-71,""snr"":null,""ta"":1,""level"":3,""bands"":""1""},{""type"":""LTE"",""pci"":426,""earfcn"":2600,""tac"":null,""rsrp"":-94,""rsrq"":-16,""rssi"":-67,""snr"":null,""ta"":1,""level"":3,""bands"":""5""},{""type"":""LTE"",""pci"":159,""earfcn"":2600,""tac"":null,""rsrp"":-95,""rsrq"":-18,""rssi"":-67,""snr"":null,""ta"":1,""level"":3,""bands"":""5""},{""type"":""LTE"",""pci"":212,""earfcn"":100,""tac"":null,""rsrp"":-96,""rsrq"":-15,""rssi"":-71,""snr"":null,""ta"":1,""level"":2,""bands"":""1""},{""type"":""LTE"",""pci"":1,""earfcn"":3050,""tac"":null,""rsrp"":-100,""rsrq"":-15,""rssi"":-75,""snr"":null,""ta"":1,""level"":2,""bands"":""7""},{""type"":""LTE"",""pci"":212,""earfcn"":3050,""tac"":null,""rsrp"":-101,""rsrq"":-13,""rssi"":-75,""snr"":null,""ta"":1,""level"":2,""bands"":""7""},{""type"":""LTE"",""pci"":284,""earfcn"":100,""tac"":null,""rsrp"":-101,""rsrq"":-20,""rssi"":-71,""snr"":null,""ta"":1,""level"":2,""bands"":""1""},{""type"":""LTE"",""pci"":159,""earfcn"":100,""tac"":null,""rsrp"":-101,""rsrq"":-20,""rssi"":-67,""snr"":null,""ta"":1,""level"":2,""bands"":""1""}]",1008.4026,73,0.524,0.459,62,5,,,,"[{""b"":""b4:94:4e:04:fb:76"",""s"":""Public WiFi Secure"",""r"":-33,""f"":2417},{""b"":""ba:94:4e:04:fb:76"",""s"":""Public WiFi Free"",""r"":-34,""f"":2417},{""b"":""ba:94:4e:04:fb:77"",""s"":""Public WiFi Free"",""r"":-38,""f"":5745},{""b"":""b4:94:4e:04:fb:77"",""s"":""Public WiFi Secure"",""r"":-38,""f"":5745},{""b"":""f4:d9:fb:cc:a5:0f"",""s"":""SEOUL"",""r"":-60,""f"":2432},{""b"":""f4:d9:fb:cc:a5:0e"",""s"":""SEOUL_Secure"",""r"":-61,""f"":2432},{""b"":""06:ae:d0:05:20:00"",""s"":""SEOUL"",""r"":-65,""f"":2457},{""b"":""0e:ae:d0:05:20:00"",""s"":""SEOUL_Secure"",""r"":-67,""f"":2457},{""b"":""98:39:10:74:30:9e"",""s"":""U+Net9058"",""r"":-68,""f"":2422},{""b"":""0a:ae:d0:05:20:00"",""s"":""PublicWiFi@Jungnang"",""r"":-69,""f"":2457},{""b"":""bc:9d:42:1f:6b:03"",""s"":""MyDean_310350"",""r"":-71,""f"":2437},{""b"":""00:88:ba:31:34:80"",""s"":""Public WiFi Free"",""r"":-71,""f"":2462},{""b"":""8c:fe:74:26:b7:c8"",""s"":""STR_WLAN_LOCAL"",""r"":-73,""f"":2462},{""b"":""8c:fe:74:a6:b7:c8"",""s"":""OFC_WLAN"",""r"":-74,""f"":2462},{""b"":""5a:e4:03:ea:17:5e"",""s"":""Cayenne_5869"",""r"":-74,""f"":2437}]",""
1790660032396,2026-09-29 14:33:52,car,37.6202636,127.0841265,3.79,0.0,,46.39999771118164,fused,1,LTE,NR_NSA,5G,true,false,true,false,false,52537858,1,3050,7,8289,450,06,-95,-12,-63,2,3,0,,,,630165,111030,5.0413,0.8882,630144,111009,5.0412,0.8881,false,10,0,10,-82,426,2600,2.4458065,true,true,handover,0,2,,,7,52537857,-98,-12,"[{""type"":""LTE"",""pci"":426,""earfcn"":2600,""tac"":null,""rsrp"":-82,""rsrq"":-13,""rssi"":-51,""snr"":null,""ta"":0,""level"":4,""bands"":""5""},{""type"":""LTE"",""pci"":1,""earfcn"":2600,""tac"":null,""rsrp"":-83,""rsrq"":-15,""rssi"":-57,""snr"":null,""ta"":0,""level"":4,""bands"":""5""},{""type"":""LTE"",""pci"":159,""earfcn"":2600,""tac"":null,""rsrp"":-88,""rsrq"":-17,""rssi"":-57,""snr"":null,""ta"":0,""level"":3,""bands"":""5""},{""type"":""LTE"",""pci"":426,""earfcn"":100,""tac"":null,""rsrp"":-94,""rsrq"":-13,""rssi"":-71,""snr"":null,""ta"":0,""level"":3,""bands"":""1""},{""type"":""LTE"",""pci"":212,""earfcn"":100,""tac"":null,""rsrp"":-98,""rsrq"":-18,""rssi"":-71,""snr"":null,""ta"":0,""level"":2,""bands"":""1""},{""type"":""LTE"",""pci"":26,""earfcn"":100,""tac"":null,""rsrp"":-98,""rsrq"":-17,""rssi"":-71,""snr"":null,""ta"":0,""level"":2,""bands"":""1""},{""type"":""LTE"",""pci"":426,""earfcn"":3050,""tac"":null,""rsrp"":-99,""rsrq"":-14,""rssi"":-73,""snr"":null,""ta"":0,""level"":2,""bands"":""7""},{""type"":""LTE"",""pci"":212,""earfcn"":3050,""tac"":null,""rsrp"":-100,""rsrq"":-16,""rssi"":-73,""snr"":null,""ta"":0,""level"":2,""bands"":""7""},{""type"":""LTE"",""pci"":159,""earfcn"":100,""tac"":null,""rsrp"":-101,""rsrq"":-19,""rssi"":-71,""snr"":null,""ta"":0,""level"":2,""bands"":""1""},{""type"":""LTE"",""pci"":159,""earfcn"":3050,""tac"":null,""rsrp"":-104,""rsrq"":-18,""rssi"":-73,""snr"":null,""ta"":0,""level"":2,""bands"":""7""}]",1008.44257,48,0.918,0.918,47,2,,,,"[{""b"":""b4:94:4e:04:fb:77"",""s"":""Public WiFi Secure"",""r"":-34,""f"":5745},{""b"":""ba:94:4e:04:fb:77"",""s"":""Public WiFi Free"",""r"":-34,""f"":5745},{""b"":""b4:94:4e:04:fb:76"",""s"":""Public WiFi Secure"",""r"":-36,""f"":2417},{""b"":""ba:94:4e:04:fb:76"",""s"":""Public WiFi Free"",""r"":-38,""f"":2417},{""b"":""00:88:ba:31:2b:20"",""s"":""Public WiFi Free"",""r"":-67,""f"":2437},{""b"":""06:ae:d0:05:20:00"",""s"":""SEOUL"",""r"":-67,""f"":2457},{""b"":""0a:ae:d0:05:20:00"",""s"":""PublicWiFi@Jungnang"",""r"":-67,""f"":2457},{""b"":""12:ae:d0:05:20:00"",""s"":""PublicWiFi Secure"",""r"":-67,""f"":2457},{""b"":""0e:ae:d0:05:20:00"",""s"":""SEOUL_Secure"",""r"":-67,""f"":2457},{""b"":""f4:d9:fb:cc:a5:00"",""s"":""SEOUL"",""r"":-68,""f"":5785},{""b"":""f4:d9:fb:cc:a5:01"",""s"":""SEOUL_Secure"",""r"":-68,""f"":5785},{""b"":""98:39:10:74:30:9e"",""s"":""U+Net9058"",""r"":-69,""f"":2422},{""b"":""00:88:ba:31:34:80"",""s"":""Public WiFi Free"",""r"":-70,""f"":2462},{""b"":""b8:9f:09:a1:8a:30"",""s"":""BMW75113 CarPlay"",""r"":-73,""f"":2462},{""b"":""d4:f1:43:03:3b:2a"",""s"":""IPR-402_2G_3B2A"",""r"":-75,""f"":2452}]","[{""type"":""LTE"",""pci"":1,""earfcn"":2600,""tac"":null,""rsrp"":-90,""rsrq"":-14,""rssi"":-67,""snr"":null,""ta"":1,""level"":3,""bands"":""5""},{""type"":""LTE"",""pci"":426,""earfcn"":100,""tac"":null,""rsrp"":-91,""rsrq"":-11,""rssi"":-71,""snr"":null,""ta"":1,""level"":3,""bands"":""1""},{""type"":""LTE"",""pci"":426,""earfcn"":2600,""tac"":null,""rsrp"":-94,""rsrq"":-16,""rssi"":-67,""snr"":null,""ta"":1,""level"":3,""bands"":""5""},{""type"":""LTE"",""pci"":159,""earfcn"":2600,""tac"":null,""rsrp"":-95,""rsrq"":-18,""rssi"":-67,""snr"":null,""ta"":1,""level"":3,""bands"":""5""},{""type"":""LTE"",""pci"":212,""earfcn"":100,""tac"":null,""rsrp"":-96,""rsrq"":-15,""rssi"":-71,""snr"":null,""ta"":1,""level"":2,""bands"":""1""},{""type"":""LTE"",""pci"":1,""earfcn"":3050,""tac"":null,""rsrp"":-100,""rsrq"":-15,""rssi"":-75,""snr"":null,""ta"":1,""level"":2,""bands"":""7""},{""type"":""LTE"",""pci"":212,""earfcn"":3050,""tac"":null,""rsrp"":-101,""rsrq"":-13,""rssi"":-75,""snr"":null,""ta"":1,""level"":2,""bands"":""7""},{""type"":""LTE"",""pci"":284,""earfcn"":100,""tac"":null,""rsrp"":-101,""rsrq"":-20,""rssi"":-71,""snr"":null,""ta"":1,""level"":2,""bands"":""1""},{""type"":""LTE"",""pci"":159,""earfcn"":100,""tac"":null,""rsrp"":-101,""rsrq"":-20,""rssi"":-67,""snr"":null,""ta"":1,""level"":2,""bands"":""1""}]"
1790660032683,2026-09-29 14:33:52,car,37.6202636,127.0841265,3.79,0.0,,46.39999771118164,fused,1,LTE,NR_NSA,5G,true,false,true,false,false,52537858,1,3050,7,8289,450,06,-95,-12,-63,2,3,0,,,,0,0,0.0000,0.0000,0,0,0.0000,0.0000,false,10,0,10,-82,426,2600,1.7406484,false,false,periodic,0,2,0,0,292,,,,"[{""type"":""LTE"",""pci"":426,""earfcn"":2600,""tac"":null,""rsrp"":-82,""rsrq"":-13,""rssi"":-51,""snr"":null,""ta"":0,""level"":4,""bands"":""5""},{""type"":""LTE"",""pci"":1,""earfcn"":2600,""tac"":null,""rsrp"":-83,""rsrq"":-15,""rssi"":-57,""snr"":null,""ta"":0,""level"":4,""bands"":""5""},{""type"":""LTE"",""pci"":159,""earfcn"":2600,""tac"":null,""rsrp"":-88,""rsrq"":-17,""rssi"":-57,""snr"":null,""ta"":0,""level"":3,""bands"":""5""},{""type"":""LTE"",""pci"":426,""earfcn"":100,""tac"":null,""rsrp"":-94,""rsrq"":-13,""rssi"":-71,""snr"":null,""ta"":0,""level"":3,""bands"":""1""},{""type"":""LTE"",""pci"":212,""earfcn"":100,""tac"":null,""rsrp"":-98,""rsrq"":-18,""rssi"":-71,""snr"":null,""ta"":0,""level"":2,""bands"":""1""},{""type"":""LTE"",""pci"":26,""earfcn"":100,""tac"":null,""rsrp"":-98,""rsrq"":-17,""rssi"":-71,""snr"":null,""ta"":0,""level"":2,""bands"":""1""},{""type"":""LTE"",""pci"":426,""earfcn"":3050,""tac"":null,""rsrp"":-99,""rsrq"":-14,""rssi"":-73,""snr"":null,""ta"":0,""level"":2,""bands"":""7""},{""type"":""LTE"",""pci"":212,""earfcn"":3050,""tac"":null,""rsrp"":-100,""rsrq"":-16,""rssi"":-73,""snr"":null,""ta"":0,""level"":2,""bands"":""7""},{""type"":""LTE"",""pci"":159,""earfcn"":100,""tac"":null,""rsrp"":-101,""rsrq"":-19,""rssi"":-71,""snr"":null,""ta"":0,""level"":2,""bands"":""1""},{""type"":""LTE"",""pci"":159,""earfcn"":3050,""tac"":null,""rsrp"":-104,""rsrq"":-18,""rssi"":-73,""snr"":null,""ta"":0,""level"":2,""bands"":""7""}]",1008.6306,48,0.524,0.459,62,0,,,,"[{""b"":""ba:94:4e:04:fb:77"",""s"":""Public WiFi Free"",""r"":-32,""f"":5745},{""b"":""b4:94:4e:04:fb:77"",""s"":""Public WiFi Secure"",""r"":-32,""f"":5745},{""b"":""ba:94:4e:04:fb:76"",""s"":""Public WiFi Free"",""r"":-33,""f"":2417},{""b"":""b4:94:4e:04:fb:76"",""s"":""Public WiFi Secure"",""r"":-34,""f"":2417},{""b"":""30:eb:1f:21:d7:58"",""s"":"""",""r"":-38,""f"":2447},{""b"":""f4:d9:fb:cc:a5:0f"",""s"":""SEOUL"",""r"":-50,""f"":2432},{""b"":""f4:d9:fb:cc:a5:0d"",""s"":"""",""r"":-54,""f"":2432},{""b"":""f4:d9:fb:cc:a5:0e"",""s"":"""",""r"":-55,""f"":2432},{""b"":""0e:ae:d0:05:20:00"",""s"":""SEOUL_Secure"",""r"":-67,""f"":2457},{""b"":""5a:e4:03:ea:17:5e"",""s"":""Cayenne_5869"",""r"":-68,""f"":2437},{""b"":""f4:d9:fb:cc:a5:01"",""s"":""SEOUL_Secure"",""r"":-70,""f"":5785},{""b"":""02:88:ba:31:34:80"",""s"":""SEOUL"",""r"":-70,""f"":2462},{""b"":""8c:fe:74:26:b7:c8"",""s"":""STR_WLAN_LOCAL"",""r"":-70,""f"":2462},{""b"":""f4:d9:fb:cc:a5:00"",""s"":""SEOUL"",""r"":-71,""f"":5785},{""b"":""f4:d9:fb:cc:a5:02"",""s"":"""",""r"":-71,""f"":5785}]",""
1790660037702,2026-09-29 14:33:57,car,37.6202619,127.0841248,3.79,0.0,,46.599998474121094,fused,0,LTE,NR_NSA,5G,true,false,true,false,false,52537858,1,3050,7,8289,450,06,-95,-12,-61,2,3,0,,,,62492,84340,0.4999,0.6747,62452,84300,0.4996,0.6744,false,10,0,10,-85,426,2600,0.22065571,false,false,periodic,5,2,0,0,5002,,,,"[{""type"":""LTE"",""pci"":426,""earfcn"":2600,""tac"":null,""rsrp"":-85,""rsrq"":-12,""rssi"":-71,""snr"":null,""ta"":0,""level"":4,""bands"":""5""},{""type"":""LTE"",""pci"":1,""earfcn"":2600,""tac"":null,""rsrp"":-87,""rsrq"":-13,""rssi"":-71,""snr"":null,""ta"":0,""level"":3,""bands"":""5""},{""type"":""LTE"",""pci"":159,""earfcn"":2600,""tac"":null,""rsrp"":-93,""rsrq"":-17,""rssi"":-71,""snr"":null,""ta"":0,""level"":3,""bands"":""5""},{""type"":""LTE"",""pci"":426,""earfcn"":100,""tac"":null,""rsrp"":-94,""rsrq"":-13,""rssi"":-71,""snr"":null,""ta"":0,""level"":3,""bands"":""1""},{""type"":""LTE"",""pci"":212,""earfcn"":100,""tac"":null,""rsrp"":-98,""rsrq"":-18,""rssi"":-71,""snr"":null,""ta"":0,""level"":2,""bands"":""1""},{""type"":""LTE"",""pci"":26,""earfcn"":100,""tac"":null,""rsrp"":-98,""rsrq"":-17,""rssi"":-71,""snr"":null,""ta"":0,""level"":2,""bands"":""1""},{""type"":""LTE"",""pci"":426,""earfcn"":3050,""tac"":null,""rsrp"":-100,""rsrq"":-15,""rssi"":-73,""snr"":null,""ta"":0,""level"":2,""bands"":""7""},{""type"":""LTE"",""pci"":212,""earfcn"":3050,""tac"":null,""rsrp"":-101,""rsrq"":-17,""rssi"":-73,""snr"":null,""ta"":0,""level"":2,""bands"":""7""},{""type"":""LTE"",""pci"":159,""earfcn"":3050,""tac"":null,""rsrp"":-101,""rsrq"":-18,""rssi"":-73,""snr"":null,""ta"":0,""level"":2,""bands"":""7""},{""type"":""LTE"",""pci"":159,""earfcn"":100,""tac"":null,""rsrp"":-101,""rsrq"":-19,""rssi"":-71,""snr"":null,""ta"":0,""level"":2,""bands"":""1""}]",1008.4281,46,0.459,0.524,62,5,,,,"[{""b"":""ba:94:4e:04:fb:77"",""s"":""Public WiFi Free"",""r"":-32,""f"":5745},{""b"":""b4:94:4e:04:fb:77"",""s"":""Public WiFi Secure"",""r"":-32,""f"":5745},{""b"":""ba:94:4e:04:fb:76"",""s"":""Public WiFi Free"",""r"":-33,""f"":2417},{""b"":""b4:94:4e:04:fb:76"",""s"":""Public WiFi Secure"",""r"":-34,""f"":2417},{""b"":""30:eb:1f:21:d7:58"",""s"":"""",""r"":-38,""f"":2447},{""b"":""f4:d9:fb:cc:a5:0f"",""s"":""SEOUL"",""r"":-50,""f"":2432},{""b"":""f4:d9:fb:cc:a5:0d"",""s"":"""",""r"":-54,""f"":2432},{""b"":""f4:d9:fb:cc:a5:0e"",""s"":"""",""r"":-55,""f"":2432},{""b"":""0e:ae:d0:05:20:00"",""s"":""SEOUL_Secure"",""r"":-67,""f"":2457},{""b"":""5a:e4:03:ea:17:5e"",""s"":""Cayenne_5869"",""r"":-68,""f"":2437},{""b"":""f4:d9:fb:cc:a5:01"",""s"":""SEOUL_Secure"",""r"":-70,""f"":5785},{""b"":""02:88:ba:31:34:80"",""s"":""SEOUL"",""r"":-70,""f"":2462},{""b"":""8c:fe:74:26:b7:c8"",""s"":""STR_WLAN_LOCAL"",""r"":-70,""f"":2462},{""b"":""f4:d9:fb:cc:a5:00"",""s"":""SEOUL"",""r"":-71,""f"":5785},{""b"":""f4:d9:fb:cc:a5:02"",""s"":"""",""r"":-71,""f"":5785}]",""
1790660042717,2026-09-29 14:34:02,car,37.6202617,127.0841251,3.79,0.0,,46.599998474121094,fused,1,LTE,NR_NSA,5G,true,false,true,false,false,52537857,426,3050,7,8289,450,06,-97,-13,-61,-3,2,1,,,,7839,73766,0.0627,0.5901,7799,73726,0.0624,0.5898,false,9,0,9,-91,1,2600,0.5561336,true,true,periodic,0,2,,,4049,52537858,-95,-12,"[{""type"":""LTE"",""pci"":1,""earfcn"":2600,""tac"":null,""rsrp"":-91,""rsrq"":-11,""rssi"":-71,""snr"":null,""ta"":1,""level"":3,""bands"":""5""},{""type"":""LTE"",""pci"":426,""earfcn"":2600,""tac"":null,""rsrp"":-94,""rsrq"":-14,""rssi"":-71,""snr"":null,""ta"":1,""level"":3,""bands"":""5""},{""type"":""LTE"",""pci"":426,""earfcn"":100,""tac"":null,""rsrp"":-95,""rsrq"":-14,""rssi"":-71,""snr"":null,""ta"":1,""level"":3,""bands"":""1""},{""type"":""LTE"",""pci"":159,""earfcn"":2600,""tac"":null,""rsrp"":-97,""rsrq"":-17,""rssi"":-71,""snr"":null,""ta"":1,""level"":2,""bands"":""5""},{""type"":""LTE"",""pci"":212,""earfcn"":100,""tac"":null,""rsrp"":-99,""rsrq"":-17,""rssi"":-71,""snr"":null,""ta"":1,""level"":2,""bands"":""1""},{""type"":""LTE"",""pci"":26,""earfcn"":100,""tac"":null,""rsrp"":-100,""rsrq"":-20,""rssi"":-71,""snr"":null,""ta"":1,""level"":2,""bands"":""1""},{""type"":""LTE"",""pci"":1,""earfcn"":3050,""tac"":null,""rsrp"":-101,""rsrq"":-15,""rssi"":-73,""snr"":null,""ta"":1,""level"":2,""bands"":""7""},{""type"":""LTE"",""pci"":212,""earfcn"":3050,""tac"":null,""rsrp"":-101,""rsrq"":-16,""rssi"":-75,""snr"":null,""ta"":1,""level"":2,""bands"":""7""},{""type"":""LTE"",""pci"":159,""earfcn"":100,""tac"":null,""rsrp"":-101,""rsrq"":-20,""rssi"":-71,""snr"":null,""ta"":1,""level"":2,""bands"":""1""}]",1008.44196,46,0.459,0.459,41,0,,,,"[{""b"":""b4:94:4e:04:fb:77"",""s"":""Public WiFi Secure"",""r"":-34,""f"":5745},{""b"":""ba:94:4e:04:fb:77"",""s"":""Public WiFi Free"",""r"":-35,""f"":5745},{""b"":""ba:94:4e:04:fb:76"",""s"":""Public WiFi Free"",""r"":-36,""f"":2417},{""b"":""b4:94:4e:04:fb:76"",""s"":""Public WiFi Secure"",""r"":-38,""f"":2417},{""b"":""f4:d9:fb:cc:a5:0f"",""s"":""SEOUL"",""r"":-60,""f"":2432},{""b"":""f4:d9:fb:cc:a5:0d"",""s"":"""",""r"":-61,""f"":2432},{""b"":""f4:d9:fb:cc:a5:0e"",""s"":""SEOUL_Secure"",""r"":-61,""f"":2432},{""b"":""0e:ae:d0:05:20:00"",""s"":""SEOUL_Secure"",""r"":-67,""f"":2457},{""b"":""06:ae:d0:05:20:00"",""s"":""SEOUL"",""r"":-68,""f"":2457},{""b"":""0a:ae:d0:05:20:00"",""s"":""PublicWiFi@Jungnang"",""r"":-68,""f"":2457},{""b"":""00:88:ba:31:2b:20"",""s"":""Public WiFi Free"",""r"":-73,""f"":2437},{""b"":""8c:fe:74:26:b7:c8"",""s"":""STR_WLAN_LOCAL"",""r"":-74,""f"":2462},{""b"":""f4:d9:fb:cc:a5:00"",""s"":""SEOUL"",""r"":-74,""f"":5785},{""b"":""f4:d9:fb:cc:a5:01"",""s"":""SEOUL_Secure"",""r"":-74,""f"":5785},{""b"":""8c:fe:74:66:b7:c8"",""s"":""STR_WLAN"",""r"":-76,""f"":2462}]","[{""type"":""LTE"",""pci"":426,""earfcn"":2600,""tac"":null,""rsrp"":-85,""rsrq"":-12,""rssi"":-71,""snr"":null,""ta"":0,""level"":4,""bands"":""5""},{""type"":""LTE"",""pci"":1,""earfcn"":2600,""tac"":null,""rsrp"":-87,""rsrq"":-13,""rssi"":-71,""snr"":null,""ta"":0,""level"":3,""bands"":""5""},{""type"":""LTE"",""pci"":159,""earfcn"":2600,""tac"":null,""rsrp"":-93,""rsrq"":-17,""rssi"":-71,""snr"":null,""ta"":0,""level"":3,""bands"":""5""},{""type"":""LTE"",""pci"":426,""earfcn"":100,""tac"":null,""rsrp"":-94,""rsrq"":-13,""rssi"":-71,""snr"":null,""ta"":0,""level"":3,""bands"":""1""},{""type"":""LTE"",""pci"":212,""earfcn"":100,""tac"":null,""rsrp"":-98,""rsrq"":-18,""rssi"":-71,""snr"":null,""ta"":0,""level"":2,""bands"":""1""},{""type"":""LTE"",""pci"":26,""earfcn"":100,""tac"":null,""rsrp"":-98,""rsrq"":-17,""rssi"":-71,""snr"":null,""ta"":0,""level"":2,""bands"":""1""},{""type"":""LTE"",""pci"":426,""earfcn"":3050,""tac"":null,""rsrp"":-100,""rsrq"":-15,""rssi"":-73,""snr"":null,""ta"":0,""level"":2,""bands"":""7""},{""type"":""LTE"",""pci"":212,""earfcn"":3050,""tac"":null,""rsrp"":-101,""rsrq"":-17,""rssi"":-73,""snr"":null,""ta"":0,""level"":2,""bands"":""7""},{""type"":""LTE"",""pci"":159,""earfcn"":3050,""tac"":null,""rsrp"":-101,""rsrq"":-18,""rssi"":-73,""snr"":null,""ta"":0,""level"":2,""bands"":""7""},{""type"":""LTE"",""pci"":159,""earfcn"":100,""tac"":null,""rsrp"":-101,""rsrq"":-19,""rssi"":-71,""snr"":null,""ta"":0,""level"":2,""bands"":""1""}]"
1790660047726,2026-09-29 14:34:07,car,37.6202616,127.084125,3.79,0.0,,46.39999771118164,fused,0,LTE,NR_NSA,5G,true,false,true,false,false,52537857,426,3050,7,8289,450,06,-98,-14,-65,1,2,1,,,,6222,67963,0.0498,0.5437,6202,67943,0.0496,0.5435,false,10,0,10,-84,426,2600,0.12323803,false,false,periodic,5,2,-1,4,987,,,,"[{""type"":""LTE"",""pci"":426,""earfcn"":2600,""tac"":null,""rsrp"":-84,""rsrq"":-13,""rssi"":-61,""snr"":null,""ta"":1,""level"":4,""bands"":""5""},{""type"":""LTE"",""pci"":1,""earfcn"":2600,""tac"":null,""rsrp"":-86,""rsrq"":-12,""rssi"":-51,""snr"":null,""ta"":1,""level"":3,""bands"":""5""},{""type"":""LTE"",""pci"":426,""earfcn"":100,""tac"":null,""rsrp"":-94,""rsrq"":-13,""rssi"":-59,""snr"":null,""ta"":1,""level"":3,""bands"":""1""},{""type"":""LTE"",""pci"":26,""earfcn"":100,""tac"":null,""rsrp"":-97,""rsrq"":-18,""rssi"":-69,""snr"":null,""ta"":1,""level"":2,""bands"":""1""},{""type"":""LTE"",""pci"":1,""earfcn"":3050,""tac"":null,""rsrp"":-98,""rsrq"":-15,""rssi"":-75,""snr"":null,""ta"":1,""level"":2,""bands"":""7""},{""type"":""LTE"",""pci"":159,""earfcn"":2600,""tac"":null,""rsrp"":-98,""rsrq"":-18,""rssi"":-67,""snr"":null,""ta"":1,""level"":2,""bands"":""5""},{""type"":""LTE"",""pci"":212,""earfcn"":3050,""tac"":null,""rsrp"":-100,""rsrq"":-16,""rssi"":-75,""snr"":null,""ta"":1,""level"":2,""bands"":""7""},{""type"":""LTE"",""pci"":212,""earfcn"":100,""tac"":null,""rsrp"":-100,""rsrq"":-17,""rssi"":-69,""snr"":null,""ta"":1,""level"":2,""bands"":""1""},{""type"":""LTE"",""pci"":159,""earfcn"":3050,""tac"":null,""rsrp"":-101,""rsrq"":-19,""rssi"":-73,""snr"":null,""ta"":1,""level"":2,""bands"":""7""},{""type"":""LTE"",""pci"":159,""earfcn"":100,""tac"":null,""rsrp"":-102,""rsrq"":-17,""rssi"":-73,""snr"":null,""ta"":1,""level"":2,""bands"":""1""}]",1008.44556,51,0.459,0.459,41,5,,,,"[{""b"":""b4:94:4e:04:fb:77"",""s"":""Public WiFi Secure"",""r"":-34,""f"":5745},{""b"":""ba:94:4e:04:fb:77"",""s"":""Public WiFi Free"",""r"":-35,""f"":5745},{""b"":""ba:94:4e:04:fb:76"",""s"":""Public WiFi Free"",""r"":-36,""f"":2417},{""b"":""b4:94:4e:04:fb:76"",""s"":""Public WiFi Secure"",""r"":-38,""f"":2417},{""b"":""f4:d9:fb:cc:a5:0f"",""s"":""SEOUL"",""r"":-60,""f"":2432},{""b"":""f4:d9:fb:cc:a5:0d"",""s"":"""",""r"":-61,""f"":2432},{""b"":""f4:d9:fb:cc:a5:0e"",""s"":""SEOUL_Secure"",""r"":-61,""f"":2432},{""b"":""0e:ae:d0:05:20:00"",""s"":""SEOUL_Secure"",""r"":-67,""f"":2457},{""b"":""06:ae:d0:05:20:00"",""s"":""SEOUL"",""r"":-68,""f"":2457},{""b"":""0a:ae:d0:05:20:00"",""s"":""PublicWiFi@Jungnang"",""r"":-68,""f"":2457},{""b"":""00:88:ba:31:2b:20"",""s"":""Public WiFi Free"",""r"":-73,""f"":2437},{""b"":""8c:fe:74:26:b7:c8"",""s"":""STR_WLAN_LOCAL"",""r"":-74,""f"":2462},{""b"":""f4:d9:fb:cc:a5:00"",""s"":""SEOUL"",""r"":-74,""f"":5785},{""b"":""f4:d9:fb:cc:a5:01"",""s"":""SEOUL_Secure"",""r"":-74,""f"":5785},{""b"":""8c:fe:74:66:b7:c8"",""s"":""STR_WLAN"",""r"":-76,""f"":2462}]",""
1790660052734,2026-09-29 14:34:12,car,37.6202614,127.0841252,3.79,0.0,,48.099998474121094,fused,1,LTE,NR_NSA,5G,true,false,true,false,false,52537857,426,3050,7,8289,450,06,-98,-14,-65,1,2,1,,,,232029,81763,1.8562,0.6541,232009,81743,1.8561,0.6539,false,10,0,10,-84,426,2600,2.7550273,false,false,periodic,10,2,0,0,5995,,,,"[{""type"":""LTE"",""pci"":426,""earfcn"":2600,""tac"":null,""rsrp"":-84,""rsrq"":-13,""rssi"":-61,""snr"":null,""ta"":1,""level"":4,""bands"":""5""},{""type"":""LTE"",""pci"":1,""earfcn"":2600,""tac"":null,""rsrp"":-86,""rsrq"":-12,""rssi"":-51,""snr"":null,""ta"":1,""level"":3,""bands"":""5""},{""type"":""LTE"",""pci"":426,""earfcn"":100,""tac"":null,""rsrp"":-94,""rsrq"":-13,""rssi"":-59,""snr"":null,""ta"":1,""level"":3,""bands"":""1""},{""type"":""LTE"",""pci"":26,""earfcn"":100,""tac"":null,""rsrp"":-97,""rsrq"":-18,""rssi"":-69,""snr"":null,""ta"":1,""level"":2,""bands"":""1""},{""type"":""LTE"",""pci"":1,""earfcn"":3050,""tac"":null,""rsrp"":-98,""rsrq"":-15,""rssi"":-75,""snr"":null,""ta"":1,""level"":2,""bands"":""7""},{""type"":""LTE"",""pci"":159,""earfcn"":2600,""tac"":null,""rsrp"":-98,""rsrq"":-18,""rssi"":-67,""snr"":null,""ta"":1,""level"":2,""bands"":""5""},{""type"":""LTE"",""pci"":212,""earfcn"":3050,""tac"":null,""rsrp"":-100,""rsrq"":-16,""rssi"":-75,""snr"":null,""ta"":1,""level"":2,""bands"":""7""},{""type"":""LTE"",""pci"":212,""earfcn"":100,""tac"":null,""rsrp"":-100,""rsrq"":-17,""rssi"":-69,""snr"":null,""ta"":1,""level"":2,""bands"":""1""},{""type"":""LTE"",""pci"":159,""earfcn"":3050,""tac"":null,""rsrp"":-101,""rsrq"":-19,""rssi"":-73,""snr"":null,""ta"":1,""level"":2,""bands"":""7""},{""type"":""LTE"",""pci"":159,""earfcn"":100,""tac"":null,""rsrp"":-102,""rsrq"":-17,""rssi"":-73,""snr"":null,""ta"":1,""level"":2,""bands"":""1""}]",1008.3516,51,0.524,0.524,36,3,,,,"[{""b"":""ba:94:4e:04:fb:76"",""s"":""Public WiFi Free"",""r"":-31,""f"":2417},{""b"":""b4:94:4e:04:fb:76"",""s"":""Public WiFi Secure"",""r"":-32,""f"":2417},{""b"":""b4:94:4e:04:fb:77"",""s"":""Public WiFi Secure"",""r"":-36,""f"":5745},{""b"":""ba:94:4e:04:fb:77"",""s"":""Public WiFi Free"",""r"":-36,""f"":5745},{""b"":""f4:d9:fb:cc:a5:0d"",""s"":"""",""r"":-58,""f"":2432},{""b"":""f4:d9:fb:cc:a5:0e"",""s"":""SEOUL_Secure"",""r"":-58,""f"":2432},{""b"":""34:a6:ef:5e:87:d9"",""s"":""4FACT_N1_5e87d9"",""r"":-59,""f"":2422},{""b"":""f4:d9:fb:cc:a5:0f"",""s"":""SEOUL"",""r"":-60,""f"":2432},{""b"":""06:ae:d0:05:20:00"",""s"":""SEOUL"",""r"":-66,""f"":2457},{""b"":""00:07:89:3a:08:40"",""s"":""olleh_WiFi_083D"",""r"":-68,""f"":2442},{""b"":""b8:9f:09:a1:8a:30"",""s"":""BMW75113 CarPlay"",""r"":-70,""f"":2462},{""b"":""f4:d9:fb:cc:a5:01"",""s"":""SEOUL_Secure"",""r"":-72,""f"":5785},{""b"":""f4:d9:fb:cc:a5:00"",""s"":""SEOUL"",""r"":-73,""f"":5785},{""b"":""1e:39:29:83:4a:3f"",""s"":""[LG_CeilingCassette A\/C]4a3f"",""r"":-73,""f"":2462},{""b"":""5a:e4:03:ea:17:5e"",""s"":""Cayenne_5869"",""r"":-75,""f"":2437}]",""
1790660053971,2026-09-29 14:34:13,car,37.6202681,127.0841405,3.79,2.58,61.0,48.099998474121094,fused,1,LTE,NR_NSA,5G,true,false,true,false,false,52537860,212,3050,7,8289,450,06,-94,-11,-57,-1,3,2,,,,17822,75092,0.1426,0.6007,17822,75092,0.1426,0.6007,false,9,0,9,-84,1,2600,2.58,true,false,handover,0,3,,,4,52537857,-98,-14,"[{""type"":""LTE"",""pci"":1,""earfcn"":2600,""tac"":null,""rsrp"":-84,""rsrq"":-14,""rssi"":-55,""snr"":null,""ta"":2,""level"":4,""bands"":""5""},{""type"":""LTE"",""pci"":426,""earfcn"":2600,""tac"":null,""rsrp"":-87,""rsrq"":-16,""rssi"":-61,""snr"":null,""ta"":2,""level"":3,""bands"":""5""},{""type"":""LTE"",""pci"":212,""earfcn"":2600,""tac"":null,""rsrp"":-87,""rsrq"":-16,""rssi"":-59,""snr"":null,""ta"":2,""level"":3,""bands"":""5""},{""type"":""LTE"",""pci"":159,""earfcn"":2600,""tac"":null,""rsrp"":-90,""rsrq"":-18,""rssi"":-59,""snr"":null,""ta"":2,""level"":3,""bands"":""5""},{""type"":""LTE"",""pci"":212,""earfcn"":100,""tac"":null,""rsrp"":-91,""rsrq"":-14,""rssi"":-65,""snr"":null,""ta"":2,""level"":3,""bands"":""1""},{""type"":""LTE"",""pci"":426,""earfcn"":100,""tac"":null,""rsrp"":-93,""rsrq"":-15,""rssi"":-65,""snr"":null,""ta"":2,""level"":3,""bands"":""1""},{""type"":""LTE"",""pci"":158,""earfcn"":100,""tac"":null,""rsrp"":-98,""rsrq"":-18,""rssi"":-69,""snr"":null,""ta"":2,""level"":2,""bands"":""1""},{""type"":""LTE"",""pci"":1,""earfcn"":3050,""tac"":null,""rsrp"":-100,""rsrq"":-16,""rssi"":-77,""snr"":null,""ta"":2,""level"":2,""bands"":""7""},{""type"":""LTE"",""pci"":426,""earfcn"":3050,""tac"":null,""rsrp"":-100,""rsrq"":-16,""rssi"":-65,""snr"":null,""ta"":2,""level"":2,""bands"":""7""}]",1008.4226,51,0.524,0.524,36,4,,,,"[{""b"":""ba:94:4e:04:fb:76"",""s"":""Public WiFi Free"",""r"":-31,""f"":2417},{""b"":""b4:94:4e:04:fb:76"",""s"":""Public WiFi Secure"",""r"":-32,""f"":2417},{""b"":""b4:94:4e:04:fb:77"",""s"":""Public WiFi Secure"",""r"":-36,""f"":5745},{""b"":""ba:94:4e:04:fb:77"",""s"":""Public WiFi Free"",""r"":-36,""f"":5745},{""b"":""f4:d9:fb:cc:a5:0d"",""s"":"""",""r"":-58,""f"":2432},{""b"":""f4:d9:fb:cc:a5:0e"",""s"":""SEOUL_Secure"",""r"":-58,""f"":2432},{""b"":""34:a6:ef:5e:87:d9"",""s"":""4FACT_N1_5e87d9"",""r"":-59,""f"":2422},{""b"":""f4:d9:fb:cc:a5:0f"",""s"":""SEOUL"",""r"":-60,""f"":2432},{""b"":""06:ae:d0:05:20:00"",""s"":""SEOUL"",""r"":-66,""f"":2457},{""b"":""00:07:89:3a:08:40"",""s"":""olleh_WiFi_083D"",""r"":-68,""f"":2442},{""b"":""b8:9f:09:a1:8a:30"",""s"":""BMW75113 CarPlay"",""r"":-70,""f"":2462},{""b"":""f4:d9:fb:cc:a5:01"",""s"":""SEOUL_Secure"",""r"":-72,""f"":5785},{""b"":""f4:d9:fb:cc:a5:00"",""s"":""SEOUL"",""r"":-73,""f"":5785},{""b"":""1e:39:29:83:4a:3f"",""s"":""[LG_CeilingCassette A\/C]4a3f"",""r"":-73,""f"":2462},{""b"":""5a:e4:03:ea:17:5e"",""s"":""Cayenne_5869"",""r"":-75,""f"":2437}]","[{""type"":""LTE"",""pci"":426,""earfcn"":2600,""tac"":null,""rsrp"":-84,""rsrq"":-13,""rssi"":-61,""snr"":null,""ta"":1,""level"":4,""bands"":""5""},{""type"":""LTE"",""pci"":1,""earfcn"":2600,""tac"":null,""rsrp"":-86,""rsrq"":-12,""rssi"":-51,""snr"":null,""ta"":1,""level"":3,""bands"":""5""},{""type"":""LTE"",""pci"":426,""earfcn"":100,""tac"":null,""rsrp"":-94,""rsrq"":-13,""rssi"":-59,""snr"":null,""ta"":1,""level"":3,""bands"":""1""},{""type"":""LTE"",""pci"":26,""earfcn"":100,""tac"":null,""rsrp"":-97,""rsrq"":-18,""rssi"":-69,""snr"":null,""ta"":1,""level"":2,""bands"":""1""},{""type"":""LTE"",""pci"":1,""earfcn"":3050,""tac"":null,""rsrp"":-98,""rsrq"":-15,""rssi"":-75,""snr"":null,""ta"":1,""level"":2,""bands"":""7""},{""type"":""LTE"",""pci"":159,""earfcn"":2600,""tac"":null,""rsrp"":-98,""rsrq"":-18,""rssi"":-67,""snr"":null,""ta"":1,""level"":2,""bands"":""5""},{""type"":""LTE"",""pci"":212,""earfcn"":3050,""tac"":null,""rsrp"":-100,""rsrq"":-16,""rssi"":-75,""snr"":null,""ta"":1,""level"":2,""bands"":""7""},{""type"":""LTE"",""pci"":212,""earfcn"":100,""tac"":null,""rsrp"":-100,""rsrq"":-17,""rssi"":-69,""snr"":null,""ta"":1,""level"":2,""bands"":""1""},{""type"":""LTE"",""pci"":159,""earfcn"":3050,""tac"":null,""rsrp"":-101,""rsrq"":-19,""rssi"":-73,""snr"":null,""ta"":1,""level"":2,""bands"":""7""},{""type"":""LTE"",""pci"":159,""earfcn"":100,""tac"":null,""rsrp"":-102,""rsrq"":-17,""rssi"":-73,""snr"":null,""ta"":1,""level"":2,""bands"":""1""}]"
1790660057741,2026-09-29 14:34:17,car,37.6203468,127.0843419,3.79,5.38,65.0,48.099998474121094,fused,0,LTE,NR_NSA,5G,true,false,true,false,false,52537860,212,3050,7,8289,450,06,-94,-11,-57,-1,3,2,,,,10836,80928,0.0867,0.6474,10810,80901,0.0865,0.6472,false,9,0,9,-84,1,2600,5.38,false,false,periodic,3,3,0,0,3775,,,,"[{""type"":""LTE"",""pci"":1,""earfcn"":2600,""tac"":null,""rsrp"":-84,""rsrq"":-14,""rssi"":-55,""snr"":null,""ta"":2,""level"":4,""bands"":""5""},{""type"":""LTE"",""pci"":426,""earfcn"":2600,""tac"":null,""rsrp"":-87,""rsrq"":-16,""rssi"":-61,""snr"":null,""ta"":2,""level"":3,""bands"":""5""},{""type"":""LTE"",""pci"":212,""earfcn"":2600,""tac"":null,""rsrp"":-87,""rsrq"":-16,""rssi"":-59,""snr"":null,""ta"":2,""level"":3,""bands"":""5""},{""type"":""LTE"",""pci"":159,""earfcn"":2600,""tac"":null,""rsrp"":-90,""rsrq"":-18,""rssi"":-59,""snr"":null,""ta"":2,""level"":3,""bands"":""5""},{""type"":""LTE"",""pci"":212,""earfcn"":100,""tac"":null,""rsrp"":-91,""rsrq"":-14,""rssi"":-65,""snr"":null,""ta"":2,""level"":3,""bands"":""1""},{""type"":""LTE"",""pci"":426,""earfcn"":100,""tac"":null,""rsrp"":-93,""rsrq"":-15,""rssi"":-65,""snr"":null,""ta"":2,""level"":3,""bands"":""1""},{""type"":""LTE"",""pci"":158,""earfcn"":100,""tac"":null,""rsrp"":-98,""rsrq"":-18,""rssi"":-69,""snr"":null,""ta"":2,""level"":2,""bands"":""1""},{""type"":""LTE"",""pci"":1,""earfcn"":3050,""tac"":null,""rsrp"":-100,""rsrq"":-16,""rssi"":-77,""snr"":null,""ta"":2,""level"":2,""bands"":""7""},{""type"":""LTE"",""pci"":426,""earfcn"":3050,""tac"":null,""rsrp"":-100,""rsrq"":-16,""rssi"":-65,""snr"":null,""ta"":2,""level"":2,""bands"":""7""}]",1008.34906,123,0.459,0.459,33,1,,,,"[{""b"":""b4:94:4e:04:fb:77"",""s"":""Public WiFi Secure"",""r"":-36,""f"":5745},{""b"":""ba:94:4e:04:fb:77"",""s"":""Public WiFi Free"",""r"":-36,""f"":5745},{""b"":""ba:94:4e:04:fb:76"",""s"":""Public WiFi Free"",""r"":-37,""f"":2417},{""b"":""b4:94:4e:04:fb:76"",""s"":""Public WiFi Secure"",""r"":-38,""f"":2417},{""b"":""34:a6:ef:5e:87:d9"",""s"":""4FACT_N1_5e87d9"",""r"":-66,""f"":2422},{""b"":""f4:d9:fb:cc:a5:0d"",""s"":"""",""r"":-66,""f"":2432},{""b"":""f4:d9:fb:cc:a5:0e"",""s"":"""",""r"":-66,""f"":2432},{""b"":""f4:d9:fb:cc:a5:0f"",""s"":""SEOUL"",""r"":-66,""f"":2432},{""b"":""1e:39:29:83:5e:d6"",""s"":""[LG_CeilingCassette A\/C]5ed6"",""r"":-74,""f"":2462},{""b"":""b8:9f:09:a1:8a:30"",""s"":""BMW75113 CarPlay"",""r"":-75,""f"":2462},{""b"":""ba:9f:09:a1:0a:30"",""s"":""DIRECT-03-BMW75113"",""r"":-77,""f"":2462},{""b"":""1e:39:29:83:5e:d5"",""s"":""[LG_CeilingCassette A\/C]5ed5"",""r"":-78,""f"":2462},{""b"":""f4:d9:fb:cc:a5:00"",""s"":""SEOUL"",""r"":-79,""f"":5785},{""b"":""f4:d9:fb:cc:a5:01"",""s"":""SEOUL_Secure"",""r"":-79,""f"":5785},{""b"":""00:0a:de:15:22:f1"",""s"":""Public WiFi Free"",""r"":-79,""f"":5720}]",""
1790660062752,2026-09-29 14:34:22,car,37.6204615,127.0846539,3.79,9.06,63.0,48.099998474121094,fused,1,LTE,NR_NSA,5G,true,false,true,false,false,52537857,426,3050,7,8289,450,06,-93,-13,-57,-2,3,3,,,,91326,159108,0.7306,1.2729,91266,159048,0.7301,1.2724,false,8,0,8,-83,1,2600,9.06,true,true,periodic,0,3,,,4323,52537860,-94,-11,"[{""type"":""LTE"",""pci"":1,""earfcn"":2600,""tac"":null,""rsrp"":-83,""rsrq"":-12,""rssi"":-53,""snr"":null,""ta"":3,""level"":4,""bands"":""5""},{""type"":""LTE"",""pci"":426,""earfcn"":2600,""tac"":null,""rsrp"":-84,""rsrq"":-13,""rssi"":-59,""snr"":null,""ta"":3,""level"":4,""bands"":""5""},{""type"":""LTE"",""pci"":212,""earfcn"":2600,""tac"":null,""rsrp"":-87,""rsrq"":-16,""rssi"":-59,""snr"":null,""ta"":3,""level"":3,""bands"":""5""},{""type"":""LTE"",""pci"":159,""earfcn"":2600,""tac"":null,""rsrp"":-89,""rsrq"":-17,""rssi"":-59,""snr"":null,""ta"":3,""level"":3,""bands"":""5""},{""type"":""LTE"",""pci"":426,""earfcn"":100,""tac"":null,""rsrp"":-91,""rsrq"":-12,""rssi"":-69,""snr"":null,""ta"":3,""level"":3,""bands"":""1""},{""type"":""LTE"",""pci"":212,""earfcn"":100,""tac"":null,""rsrp"":-96,""rsrq"":-17,""rssi"":-69,""snr"":null,""ta"":3,""level"":2,""bands"":""1""},{""type"":""LTE"",""pci"":212,""earfcn"":3050,""tac"":null,""rsrp"":-98,""rsrq"":-13,""rssi"":-71,""snr"":null,""ta"":3,""level"":2,""bands"":""7""},{""type"":""LTE"",""pci"":1,""earfcn"":3050,""tac"":null,""rsrp"":-99,""rsrq"":-15,""rssi"":-71,""snr"":null,""ta"":3,""level"":2,""bands"":""7""}]",1008.26514,70,0.459,0.459,24,3,,,,"[{""b"":""b4:94:4e:04:fb:76"",""s"":""Public WiFi Secure"",""r"":-34,""f"":2417},{""b"":""ba:94:4e:04:fb:76"",""s"":""Public WiFi Free"",""r"":-35,""f"":2417},{""b"":""ba:94:4e:04:fb:77"",""s"":""Public WiFi Free"",""r"":-37,""f"":5745},{""b"":""b4:94:4e:04:fb:77"",""s"":""Public WiFi Secure"",""r"":-39,""f"":5745},{""b"":""34:a6:ef:5e:87:d9"",""s"":""4FACT_N1_5e87d9"",""r"":-69,""f"":2422},{""b"":""00:88:ba:31:34:80"",""s"":""Public WiFi Free"",""r"":-74,""f"":2462},{""b"":""b8:9f:09:a1:8a:30"",""s"":""BMW75113 CarPlay"",""r"":-75,""f"":2462},{""b"":""00:0a:de:15:22:f2"",""s"":""Public WiFi Free"",""r"":-76,""f"":2452},{""b"":""ba:9f:09:a1:0a:30"",""s"":""DIRECT-03-BMW75113"",""r"":-76,""f"":2462},{""b"":""00:0a:de:15:22:f1"",""s"":""Public WiFi Free"",""r"":-78,""f"":5720},{""b"":""f4:d9:fb:cc:a5:02"",""s"":"""",""r"":-80,""f"":5785},{""b"":""58:86:94:1e:f2:a4"",""s"":""Office_Nowon"",""r"":-80,""f"":2412},{""b"":""06:0a:de:15:22:f1"",""s"":""Public WiFi Secure"",""r"":-81,""f"":5720},{""b"":""f4:d9:fb:cc:a5:00"",""s"":""SEOUL"",""r"":-82,""f"":5785},{""b"":""f4:d9:fb:cc:a5:01"",""s"":""SEOUL_Secure"",""r"":-82,""f"":5785}]","[{""type"":""LTE"",""pci"":1,""earfcn"":2600,""tac"":null,""rsrp"":-84,""rsrq"":-14,""rssi"":-55,""snr"":null,""ta"":2,""level"":4,""bands"":""5""},{""type"":""LTE"",""pci"":426,""earfcn"":2600,""tac"":null,""rsrp"":-87,""rsrq"":-16,""rssi"":-61,""snr"":null,""ta"":2,""level"":3,""bands"":""5""},{""type"":""LTE"",""pci"":212,""earfcn"":2600,""tac"":null,""rsrp"":-87,""rsrq"":-16,""rssi"":-59,""snr"":null,""ta"":2,""level"":3,""bands"":""5""},{""type"":""LTE"",""pci"":159,""earfcn"":2600,""tac"":null,""rsrp"":-90,""rsrq"":-18,""rssi"":-59,""snr"":null,""ta"":2,""level"":3,""bands"":""5""},{""type"":""LTE"",""pci"":212,""earfcn"":100,""tac"":null,""rsrp"":-91,""rsrq"":-14,""rssi"":-65,""snr"":null,""ta"":2,""level"":3,""bands"":""1""},{""type"":""LTE"",""pci"":426,""earfcn"":100,""tac"":null,""rsrp"":-93,""rsrq"":-15,""rssi"":-65,""snr"":null,""ta"":2,""level"":3,""bands"":""1""},{""type"":""LTE"",""pci"":158,""earfcn"":100,""tac"":null,""rsrp"":-98,""rsrq"":-18,""rssi"":-69,""snr"":null,""ta"":2,""level"":2,""bands"":""1""},{""type"":""LTE"",""pci"":1,""earfcn"":3050,""tac"":null,""rsrp"":-100,""rsrq"":-16,""rssi"":-77,""snr"":null,""ta"":2,""level"":2,""bands"":""7""},{""type"":""LTE"",""pci"":426,""earfcn"":3050,""tac"":null,""rsrp"":-100,""rsrq"":-16,""rssi"":-65,""snr"":null,""ta"":2,""level"":2,""bands"":""7""}]"
1790660067760,2026-09-29 14:34:27,car,37.6207061,127.0852624,3.79,11.07,63.0,48.099998474121094,fused,0,LTE,NR_NSA,5G,true,false,true,false,false,52537857,426,3050,7,8289,450,06,-95,-10,-65,2,3,2,,,,644516,76037,5.1561,0.6083,644476,75997,5.1558,0.6080,false,10,0,10,-83,1,2600,11.07,false,false,periodic,5,3,-2,4,5001,,,,"[{""type"":""LTE"",""pci"":1,""earfcn"":2600,""tac"":null,""rsrp"":-83,""rsrq"":-14,""rssi"":-51,""snr"":null,""ta"":2,""level"":4,""bands"":""5""},{""type"":""LTE"",""pci"":426,""earfcn"":2600,""tac"":null,""rsrp"":-84,""rsrq"":-12,""rssi"":-61,""snr"":null,""ta"":2,""level"":4,""bands"":""5""},{""type"":""LTE"",""pci"":384,""earfcn"":2600,""tac"":null,""rsrp"":-88,""rsrq"":-16,""rssi"":-61,""snr"":null,""ta"":2,""level"":3,""bands"":""5""},{""type"":""LTE"",""pci"":426,""earfcn"":100,""tac"":null,""rsrp"":-92,""rsrq"":-13,""rssi"":-59,""snr"":null,""ta"":2,""level"":3,""bands"":""1""},{""type"":""LTE"",""pci"":212,""earfcn"":100,""tac"":null,""rsrp"":-98,""rsrq"":-19,""rssi"":-67,""snr"":null,""ta"":2,""level"":2,""bands"":""1""},{""type"":""LTE"",""pci"":159,""earfcn"":100,""tac"":null,""rsrp"":-101,""rsrq"":-19,""rssi"":-73,""snr"":null,""ta"":2,""level"":2,""bands"":""1""},{""type"":""LTE"",""pci"":384,""earfcn"":100,""tac"":null,""rsrp"":-102,""rsrq"":-20,""rssi"":-69,""snr"":null,""ta"":2,""level"":2,""bands"":""1""},{""type"":""LTE"",""pci"":212,""earfcn"":3050,""tac"":null,""rsrp"":-104,""rsrq"":-16,""rssi"":-77,""snr"":null,""ta"":2,""level"":2,""bands"":""7""},{""type"":""LTE"",""pci"":384,""earfcn"":3050,""tac"":null,""rsrp"":-104,""rsrq"":-20,""rssi"":-71,""snr"":null,""ta"":2,""level"":2,""bands"":""7""},{""type"":""LTE"",""pci"":1,""earfcn"":3050,""tac"":null,""rsrp"":-105,""rsrq"":-17,""rssi"":-77,""snr"":null,""ta"":2,""level"":2,""bands"":""7""}]",1008.2103,58,0.524,0.524,39,0,,,,"[{""b"":""b4:94:4e:04:fb:77"",""s"":""Public WiFi Secure"",""r"":-34,""f"":5745},{""b"":""ba:94:4e:04:fb:77"",""s"":""Public WiFi Free"",""r"":-34,""f"":5745},{""b"":""b4:94:4e:04:fb:76"",""s"":""Public WiFi Secure"",""r"":-35,""f"":2417},{""b"":""ba:94:4e:04:fb:76"",""s"":""Public WiFi Free"",""r"":-35,""f"":2417},{""b"":""06:0a:de:15:22:f2"",""s"":""Public WiFi Secure"",""r"":-64,""f"":2452},{""b"":""06:29:d5:d4:ad:f0"",""s"":""Public WiFi Secure"",""r"":-65,""f"":2437},{""b"":""00:0a:de:15:22:f2"",""s"":""Public WiFi Free"",""r"":-66,""f"":2452},{""b"":""06:29:d5:d4:ad:f1"",""s"":""Public WiFi Free"",""r"":-66,""f"":2437},{""b"":""12:ae:d0:03:82:0a"",""s"":""Office_Nowon"",""r"":-67,""f"":5805},{""b"":""06:ae:d0:03:82:0a"",""s"":""SEOUL"",""r"":-67,""f"":5805},{""b"":""16:ae:d0:03:82:0a"",""s"":""Public WiFi Secure"",""r"":-68,""f"":5805},{""b"":""0a:ae:d0:03:82:0a"",""s"":""SEOUL_Secure"",""r"":-68,""f"":5805},{""b"":""b8:9f:09:a1:8a:30"",""s"":""BMW75113 CarPlay"",""r"":-70,""f"":2462},{""b"":""ba:9f:09:a1:0a:30"",""s"":""DIRECT-03-BMW75113"",""r"":-71,""f"":2462},{""b"":""0a:29:d5:d4:ad:f2"",""s"":"""",""r"":-73,""f"":5220}]",""
1790660072496,2026-09-29 14:34:32,car,37.6208992,127.0857671,3.79,12.64,63.0,48.099998474121094,fused,1,LTE,NR_NSA,5G,true,false,true,false,false,52537859,23,3050,7,8289,450,06,-91,-12,-55,2,3,0,,,,2032,65406,0.0163,0.5232,1969,65342,0.0158,0.5227,false,6,0,6,-85,23,2600,12.64,true,false,handover,0,4,,,7,52537857,-95,-10,"[{""type"":""LTE"",""pci"":23,""earfcn"":2600,""tac"":null,""rsrp"":-85,""rsrq"":-13,""rssi"":-63,""snr"":null,""ta"":0,""level"":4,""bands"":""5""},{""type"":""LTE"",""pci"":23,""earfcn"":100,""tac"":null,""rsrp"":-91,""rsrq"":-13,""rssi"":-67,""snr"":null,""ta"":0,""level"":3,""bands"":""1""},{""type"":""LTE"",""pci"":426,""earfcn"":100,""tac"":null,""rsrp"":-97,""rsrq"":-17,""rssi"":-71,""snr"":null,""ta"":0,""level"":2,""bands"":""1""},{""type"":""LTE"",""pci"":426,""earfcn"":3050,""tac"":null,""rsrp"":-99,""rsrq"":-19,""rssi"":-57,""snr"":null,""ta"":0,""level"":2,""bands"":""7""},{""type"":""LTE"",""pci"":212,""earfcn"":3050,""tac"":null,""rsrp"":-100,""rsrq"":-17,""rssi"":-67,""snr"":null,""ta"":0,""level"":2,""bands"":""7""},{""type"":""LTE"",""pci"":384,""earfcn"":3050,""tac"":null,""rsrp"":-100,""rsrq"":-20,""rssi"":-69,""snr"":null,""ta"":0,""level"":2,""bands"":""7""}]",1008.14484,71,0.507,0.524,39,5,,,,"[{""b"":""b4:94:4e:04:fb:77"",""s"":""Public WiFi Secure"",""r"":-34,""f"":5745},{""b"":""ba:94:4e:04:fb:77"",""s"":""Public WiFi Free"",""r"":-34,""f"":5745},{""b"":""b4:94:4e:04:fb:76"",""s"":""Public WiFi Secure"",""r"":-35,""f"":2417},{""b"":""ba:94:4e:04:fb:76"",""s"":""Public WiFi Free"",""r"":-35,""f"":2417},{""b"":""06:0a:de:15:22:f2"",""s"":""Public WiFi Secure"",""r"":-64,""f"":2452},{""b"":""06:29:d5:d4:ad:f0"",""s"":""Public WiFi Secure"",""r"":-65,""f"":2437},{""b"":""00:0a:de:15:22:f2"",""s"":""Public WiFi Free"",""r"":-66,""f"":2452},{""b"":""06:29:d5:d4:ad:f1"",""s"":""Public WiFi Free"",""r"":-66,""f"":2437},{""b"":""12:ae:d0:03:82:0a"",""s"":""Office_Nowon"",""r"":-67,""f"":5805},{""b"":""06:ae:d0:03:82:0a"",""s"":""SEOUL"",""r"":-67,""f"":5805},{""b"":""16:ae:d0:03:82:0a"",""s"":""Public WiFi Secure"",""r"":-68,""f"":5805},{""b"":""0a:ae:d0:03:82:0a"",""s"":""SEOUL_Secure"",""r"":-68,""f"":5805},{""b"":""b8:9f:09:a1:8a:30"",""s"":""BMW75113 CarPlay"",""r"":-70,""f"":2462},{""b"":""ba:9f:09:a1:0a:30"",""s"":""DIRECT-03-BMW75113"",""r"":-71,""f"":2462},{""b"":""0a:29:d5:d4:ad:f2"",""s"":"""",""r"":-73,""f"":5220}]","[{""type"":""LTE"",""pci"":1,""earfcn"":2600,""tac"":null,""rsrp"":-83,""rsrq"":-14,""rssi"":-51,""snr"":null,""ta"":2,""level"":4,""bands"":""5""},{""type"":""LTE"",""pci"":426,""earfcn"":2600,""tac"":null,""rsrp"":-84,""rsrq"":-12,""rssi"":-61,""snr"":null,""ta"":2,""level"":4,""bands"":""5""},{""type"":""LTE"",""pci"":384,""earfcn"":2600,""tac"":null,""rsrp"":-88,""rsrq"":-16,""rssi"":-61,""snr"":null,""ta"":2,""level"":3,""bands"":""5""},{""type"":""LTE"",""pci"":426,""earfcn"":100,""tac"":null,""rsrp"":-92,""rsrq"":-13,""rssi"":-59,""snr"":null,""ta"":2,""level"":3,""bands"":""1""},{""type"":""LTE"",""pci"":212,""earfcn"":100,""tac"":null,""rsrp"":-98,""rsrq"":-19,""rssi"":-67,""snr"":null,""ta"":2,""level"":2,""bands"":""1""},{""type"":""LTE"",""pci"":159,""earfcn"":100,""tac"":null,""rsrp"":-101,""rsrq"":-19,""rssi"":-73,""snr"":null,""ta"":2,""level"":2,""bands"":""1""},{""type"":""LTE"",""pci"":384,""earfcn"":100,""tac"":null,""rsrp"":-102,""rsrq"":-20,""rssi"":-69,""snr"":null,""ta"":2,""level"":2,""bands"":""1""},{""type"":""LTE"",""pci"":212,""earfcn"":3050,""tac"":null,""rsrp"":-104,""rsrq"":-16,""rssi"":-77,""snr"":null,""ta"":2,""level"":2,""bands"":""7""},{""type"":""LTE"",""pci"":384,""earfcn"":3050,""tac"":null,""rsrp"":-104,""rsrq"":-20,""rssi"":-71,""snr"":null,""ta"":2,""level"":2,""bands"":""7""},{""type"":""LTE"",""pci"":1,""earfcn"":3050,""tac"":null,""rsrp"":-105,""rsrq"":-17,""rssi"":-77,""snr"":null,""ta"":2,""level"":2,""bands"":""7""}]"
1790660072771,2026-09-29 14:34:32,car,37.6208992,127.0857671,3.79,12.64,63.0,48.099998474121094,fused,1,LTE,NR_NSA,5G,true,false,true,false,false,52537859,23,3050,7,8289,450,06,-91,-12,-55,2,3,0,,,,0,0,0.0000,0.0000,0,0,0.0000,0.0000,false,6,0,6,-85,23,2600,12.64,false,false,periodic,0,3,0,0,282,,,,"[{""type"":""LTE"",""pci"":23,""earfcn"":2600,""tac"":null,""rsrp"":-85,""rsrq"":-13,""rssi"":-63,""snr"":null,""ta"":0,""level"":4,""bands"":""5""},{""type"":""LTE"",""pci"":23,""earfcn"":100,""tac"":null,""rsrp"":-91,""rsrq"":-13,""rssi"":-67,""snr"":null,""ta"":0,""level"":3,""bands"":""1""},{""type"":""LTE"",""pci"":426,""earfcn"":100,""tac"":null,""rsrp"":-97,""rsrq"":-17,""rssi"":-71,""snr"":null,""ta"":0,""level"":2,""bands"":""1""},{""type"":""LTE"",""pci"":426,""earfcn"":3050,""tac"":null,""rsrp"":-99,""rsrq"":-19,""rssi"":-57,""snr"":null,""ta"":0,""level"":2,""bands"":""7""},{""type"":""LTE"",""pci"":212,""earfcn"":3050,""tac"":null,""rsrp"":-100,""rsrq"":-17,""rssi"":-67,""snr"":null,""ta"":0,""level"":2,""bands"":""7""},{""type"":""LTE"",""pci"":384,""earfcn"":3050,""tac"":null,""rsrp"":-100,""rsrq"":-20,""rssi"":-69,""snr"":null,""ta"":0,""level"":2,""bands"":""7""}]",1008.1508,71,0.507,0.524,39,5,,,,"[{""b"":""b4:94:4e:04:fb:77"",""s"":""Public WiFi Secure"",""r"":-34,""f"":5745},{""b"":""ba:94:4e:04:fb:77"",""s"":""Public WiFi Free"",""r"":-34,""f"":5745},{""b"":""b4:94:4e:04:fb:76"",""s"":""Public WiFi Secure"",""r"":-35,""f"":2417},{""b"":""ba:94:4e:04:fb:76"",""s"":""Public WiFi Free"",""r"":-35,""f"":2417},{""b"":""06:0a:de:15:22:f2"",""s"":""Public WiFi Secure"",""r"":-64,""f"":2452},{""b"":""06:29:d5:d4:ad:f0"",""s"":""Public WiFi Secure"",""r"":-65,""f"":2437},{""b"":""00:0a:de:15:22:f2"",""s"":""Public WiFi Free"",""r"":-66,""f"":2452},{""b"":""06:29:d5:d4:ad:f1"",""s"":""Public WiFi Free"",""r"":-66,""f"":2437},{""b"":""12:ae:d0:03:82:0a"",""s"":""Office_Nowon"",""r"":-67,""f"":5805},{""b"":""06:ae:d0:03:82:0a"",""s"":""SEOUL"",""r"":-67,""f"":5805},{""b"":""16:ae:d0:03:82:0a"",""s"":""Public WiFi Secure"",""r"":-68,""f"":5805},{""b"":""0a:ae:d0:03:82:0a"",""s"":""SEOUL_Secure"",""r"":-68,""f"":5805},{""b"":""b8:9f:09:a1:8a:30"",""s"":""BMW75113 CarPlay"",""r"":-70,""f"":2462},{""b"":""ba:9f:09:a1:0a:30"",""s"":""DIRECT-03-BMW75113"",""r"":-71,""f"":2462},{""b"":""0a:29:d5:d4:ad:f2"",""s"":"""",""r"":-73,""f"":5220}]",""
1790660077793,2026-09-29 14:34:37,car,37.6212134,127.0865317,3.79,11.57,62.0,48.099998474121094,fused,0,LTE,NR_NSA,5G,true,false,true,false,false,52537859,23,3050,7,8289,450,06,-87,-11,-55,3,3,1,,,,2624,68229,0.0210,0.5458,2584,68189,0.0207,0.5455,false,9,0,9,-86,23,2600,11.57,false,false,periodic,5,3,4,1,5003,,,,"[{""type"":""LTE"",""pci"":23,""earfcn"":2600,""tac"":null,""rsrp"":-86,""rsrq"":-13,""rssi"":-63,""snr"":null,""ta"":1,""level"":3,""bands"":""5""},{""type"":""LTE"",""pci"":23,""earfcn"":100,""tac"":null,""rsrp"":-91,""rsrq"":-13,""rssi"":-71,""snr"":null,""ta"":1,""level"":3,""bands"":""1""},{""type"":""LTE"",""pci"":426,""earfcn"":2600,""tac"":null,""rsrp"":-91,""rsrq"":-19,""rssi"":-63,""snr"":null,""ta"":1,""level"":3,""bands"":""5""},{""type"":""LTE"",""pci"":212,""earfcn"":2600,""tac"":null,""rsrp"":-95,""rsrq"":-20,""rssi"":-63,""snr"":null,""ta"":1,""level"":3,""bands"":""5""},{""type"":""LTE"",""pci"":426,""earfcn"":3050,""tac"":null,""rsrp"":-96,""rsrq"":-18,""rssi"":-69,""snr"":null,""ta"":1,""level"":2,""bands"":""7""},{""type"":""LTE"",""pci"":426,""earfcn"":100,""tac"":null,""rsrp"":-98,""rsrq"":-17,""rssi"":-71,""snr"":null,""ta"":1,""level"":2,""bands"":""1""},{""type"":""LTE"",""pci"":212,""earfcn"":100,""tac"":null,""rsrp"":-99,""rsrq"":-16,""rssi"":-71,""snr"":null,""ta"":1,""level"":2,""bands"":""1""},{""type"":""LTE"",""pci"":212,""earfcn"":3050,""tac"":null,""rsrp"":-100,""rsrq"":-17,""rssi"":-67,""snr"":null,""ta"":1,""level"":2,""bands"":""7""},{""type"":""LTE"",""pci"":384,""earfcn"":3050,""tac"":null,""rsrp"":-100,""rsrq"":-20,""rssi"":-69,""snr"":null,""ta"":1,""level"":2,""bands"":""7""}]",1008.144,48,0.459,0.459,39,10,,,,"[{""b"":""b4:94:4e:04:fb:77"",""s"":""Public WiFi Secure"",""r"":-34,""f"":5745},{""b"":""ba:94:4e:04:fb:77"",""s"":""Public WiFi Free"",""r"":-34,""f"":5745},{""b"":""b4:94:4e:04:fb:76"",""s"":""Public WiFi Secure"",""r"":-35,""f"":2417},{""b"":""ba:94:4e:04:fb:76"",""s"":""Public WiFi Free"",""r"":-35,""f"":2417},{""b"":""06:0a:de:15:22:f2"",""s"":""Public WiFi Secure"",""r"":-64,""f"":2452},{""b"":""06:29:d5:d4:ad:f0"",""s"":""Public WiFi Secure"",""r"":-65,""f"":2437},{""b"":""00:0a:de:15:22:f2"",""s"":""Public WiFi Free"",""r"":-66,""f"":2452},{""b"":""06:29:d5:d4:ad:f1"",""s"":""Public WiFi Free"",""r"":-66,""f"":2437},{""b"":""12:ae:d0:03:82:0a"",""s"":""Office_Nowon"",""r"":-67,""f"":5805},{""b"":""06:ae:d0:03:82:0a"",""s"":""SEOUL"",""r"":-67,""f"":5805},{""b"":""16:ae:d0:03:82:0a"",""s"":""Public WiFi Secure"",""r"":-68,""f"":5805},{""b"":""0a:ae:d0:03:82:0a"",""s"":""SEOUL_Secure"",""r"":-68,""f"":5805},{""b"":""b8:9f:09:a1:8a:30"",""s"":""BMW75113 CarPlay"",""r"":-70,""f"":2462},{""b"":""ba:9f:09:a1:0a:30"",""s"":""DIRECT-03-BMW75113"",""r"":-71,""f"":2462},{""b"":""0a:29:d5:d4:ad:f2"",""s"":"""",""r"":-73,""f"":5220}]",""
1790660082414,2026-09-29 14:34:42,car,37.6213687,127.0869052,3.79,6.47,62.0,48.099998474121094,fused,1,LTE,NR_NSA,5G,true,false,true,false,false,52533762,160,3050,7,8289,450,06,-96,-12,-67,15,2,2,,,,3152,65987,0.0252,0.5279,3109,65944,0.0249,0.5276,false,8,0,8,-92,23,2600,6.47,true,false,handover,0,4,,,7,52537859,-87,-11,"[{""type"":""LTE"",""pci"":23,""earfcn"":2600,""tac"":null,""rsrp"":-92,""rsrq"":-10,""rssi"":-71,""snr"":null,""ta"":2,""level"":3,""bands"":""5""},{""type"":""LTE"",""pci"":23,""earfcn"":100,""tac"":null,""rsrp"":-94,""rsrq"":-10,""rssi"":-73,""snr"":null,""ta"":2,""level"":3,""bands"":""1""},{""type"":""LTE"",""pci"":160,""earfcn"":100,""tac"":null,""rsrp"":-97,""rsrq"":-15,""rssi"":-73,""snr"":null,""ta"":2,""level"":2,""bands"":""1""},{""type"":""LTE"",""pci"":426,""earfcn"":2600,""tac"":null,""rsrp"":-99,""rsrq"":-17,""rssi"":-71,""snr"":null,""ta"":2,""level"":2,""bands"":""5""},{""type"":""LTE"",""pci"":23,""earfcn"":3050,""tac"":null,""rsrp"":-100,""rsrq"":-15,""rssi"":-65,""snr"":null,""ta"":2,""level"":2,""bands"":""7""},{""type"":""LTE"",""pci"":384,""earfcn"":2600,""tac"":null,""rsrp"":-101,""rsrq"":-20,""rssi"":-69,""snr"":null,""ta"":2,""level"":2,""bands"":""5""},{""type"":""LTE"",""pci"":426,""earfcn"":3050,""tac"":null,""rsrp"":-103,""rsrq"":-19,""rssi"":-71,""snr"":null,""ta"":2,""level"":2,""bands"":""7""},{""type"":""LTE"",""pci"":384,""earfcn"":100,""tac"":null,""rsrp"":-112,""rsrq"":-20,""rssi"":-73,""snr"":null,""ta"":2,""level"":1,""bands"":""1""}]",1008.03033,50,0.459,0.459,39,15,,,,"[{""b"":""b4:94:4e:04:fb:77"",""s"":""Public WiFi Secure"",""r"":-34,""f"":5745},{""b"":""ba:94:4e:04:fb:77"",""s"":""Public WiFi Free"",""r"":-34,""f"":5745},{""b"":""b4:94:4e:04:fb:76"",""s"":""Public WiFi Secure"",""r"":-35,""f"":2417},{""b"":""ba:94:4e:04:fb:76"",""s"":""Public WiFi Free"",""r"":-35,""f"":2417},{""b"":""06:0a:de:15:22:f2"",""s"":""Public WiFi Secure"",""r"":-64,""f"":2452},{""b"":""06:29:d5:d4:ad:f0"",""s"":""Public WiFi Secure"",""r"":-65,""f"":2437},{""b"":""00:0a:de:15:22:f2"",""s"":""Public WiFi Free"",""r"":-66,""f"":2452},{""b"":""06:29:d5:d4:ad:f1"",""s"":""Public WiFi Free"",""r"":-66,""f"":2437},{""b"":""12:ae:d0:03:82:0a"",""s"":""Office_Nowon"",""r"":-67,""f"":5805},{""b"":""06:ae:d0:03:82:0a"",""s"":""SEOUL"",""r"":-67,""f"":5805},{""b"":""16:ae:d0:03:82:0a"",""s"":""Public WiFi Secure"",""r"":-68,""f"":5805},{""b"":""0a:ae:d0:03:82:0a"",""s"":""SEOUL_Secure"",""r"":-68,""f"":5805},{""b"":""b8:9f:09:a1:8a:30"",""s"":""BMW75113 CarPlay"",""r"":-70,""f"":2462},{""b"":""ba:9f:09:a1:0a:30"",""s"":""DIRECT-03-BMW75113"",""r"":-71,""f"":2462},{""b"":""0a:29:d5:d4:ad:f2"",""s"":"""",""r"":-73,""f"":5220}]","[{""type"":""LTE"",""pci"":23,""earfcn"":2600,""tac"":null,""rsrp"":-86,""rsrq"":-13,""rssi"":-63,""snr"":null,""ta"":1,""level"":3,""bands"":""5""},{""type"":""LTE"",""pci"":23,""earfcn"":100,""tac"":null,""rsrp"":-91,""rsrq"":-13,""rssi"":-71,""snr"":null,""ta"":1,""level"":3,""bands"":""1""},{""type"":""LTE"",""pci"":426,""earfcn"":2600,""tac"":null,""rsrp"":-91,""rsrq"":-19,""rssi"":-63,""snr"":null,""ta"":1,""level"":3,""bands"":""5""},{""type"":""LTE"",""pci"":212,""earfcn"":2600,""tac"":null,""rsrp"":-95,""rsrq"":-20,""rssi"":-63,""snr"":null,""ta"":1,""level"":3,""bands"":""5""},{""type"":""LTE"",""pci"":426,""earfcn"":3050,""tac"":null,""rsrp"":-96,""rsrq"":-18,""rssi"":-69,""snr"":null,""ta"":1,""level"":2,""bands"":""7""},{""type"":""LTE"",""pci"":426,""earfcn"":100,""tac"":null,""rsrp"":-98,""rsrq"":-17,""rssi"":-71,""snr"":null,""ta"":1,""level"":2,""bands"":""1""},{""type"":""LTE"",""pci"":212,""earfcn"":100,""tac"":null,""rsrp"":-99,""rsrq"":-16,""rssi"":-71,""snr"":null,""ta"":1,""level"":2,""bands"":""1""},{""type"":""LTE"",""pci"":212,""earfcn"":3050,""tac"":null,""rsrp"":-100,""rsrq"":-17,""rssi"":-67,""snr"":null,""ta"":1,""level"":2,""bands"":""7""},{""type"":""LTE"",""pci"":384,""earfcn"":3050,""tac"":null,""rsrp"":-100,""rsrq"":-20,""rssi"":-69,""snr"":null,""ta"":1,""level"":2,""bands"":""7""}]"
1790660082819,2026-09-29 14:34:42,car,37.6213687,127.0869052,3.79,6.47,62.0,48.099998474121094,fused,1,LTE,NR_NSA,5G,true,false,true,false,false,52533762,160,3050,7,8289,450,06,-96,-12,-67,15,2,2,,,,0,0,0.0000,0.0000,0,0,0.0000,0.0000,false,8,0,8,-92,23,2600,6.47,false,false,periodic,0,4,0,0,413,,,,"[{""type"":""LTE"",""pci"":23,""earfcn"":2600,""tac"":null,""rsrp"":-92,""rsrq"":-10,""rssi"":-71,""snr"":null,""ta"":2,""level"":3,""bands"":""5""},{""type"":""LTE"",""pci"":23,""earfcn"":100,""tac"":null,""rsrp"":-94,""rsrq"":-10,""rssi"":-73,""snr"":null,""ta"":2,""level"":3,""bands"":""1""},{""type"":""LTE"",""pci"":160,""earfcn"":100,""tac"":null,""rsrp"":-97,""rsrq"":-15,""rssi"":-73,""snr"":null,""ta"":2,""level"":2,""bands"":""1""},{""type"":""LTE"",""pci"":426,""earfcn"":2600,""tac"":null,""rsrp"":-99,""rsrq"":-17,""rssi"":-71,""snr"":null,""ta"":2,""level"":2,""bands"":""5""},{""type"":""LTE"",""pci"":23,""earfcn"":3050,""tac"":null,""rsrp"":-100,""rsrq"":-15,""rssi"":-65,""snr"":null,""ta"":2,""level"":2,""bands"":""7""},{""type"":""LTE"",""pci"":384,""earfcn"":2600,""tac"":null,""rsrp"":-101,""rsrq"":-20,""rssi"":-69,""snr"":null,""ta"":2,""level"":2,""bands"":""5""},{""type"":""LTE"",""pci"":426,""earfcn"":3050,""tac"":null,""rsrp"":-103,""rsrq"":-19,""rssi"":-71,""snr"":null,""ta"":2,""level"":2,""bands"":""7""},{""type"":""LTE"",""pci"":384,""earfcn"":100,""tac"":null,""rsrp"":-112,""rsrq"":-20,""rssi"":-73,""snr"":null,""ta"":2,""level"":1,""bands"":""1""}]",1008.12463,50,0.459,0.459,39,15,,,,"[{""b"":""b4:94:4e:04:fb:77"",""s"":""Public WiFi Secure"",""r"":-34,""f"":5745},{""b"":""ba:94:4e:04:fb:77"",""s"":""Public WiFi Free"",""r"":-34,""f"":5745},{""b"":""b4:94:4e:04:fb:76"",""s"":""Public WiFi Secure"",""r"":-35,""f"":2417},{""b"":""ba:94:4e:04:fb:76"",""s"":""Public WiFi Free"",""r"":-35,""f"":2417},{""b"":""06:0a:de:15:22:f2"",""s"":""Public WiFi Secure"",""r"":-64,""f"":2452},{""b"":""06:29:d5:d4:ad:f0"",""s"":""Public WiFi Secure"",""r"":-65,""f"":2437},{""b"":""00:0a:de:15:22:f2"",""s"":""Public WiFi Free"",""r"":-66,""f"":2452},{""b"":""06:29:d5:d4:ad:f1"",""s"":""Public WiFi Free"",""r"":-66,""f"":2437},{""b"":""12:ae:d0:03:82:0a"",""s"":""Office_Nowon"",""r"":-67,""f"":5805},{""b"":""06:ae:d0:03:82:0a"",""s"":""SEOUL"",""r"":-67,""f"":5805},{""b"":""16:ae:d0:03:82:0a"",""s"":""Public WiFi Secure"",""r"":-68,""f"":5805},{""b"":""0a:ae:d0:03:82:0a"",""s"":""SEOUL_Secure"",""r"":-68,""f"":5805},{""b"":""b8:9f:09:a1:8a:30"",""s"":""BMW75113 CarPlay"",""r"":-70,""f"":2462},{""b"":""ba:9f:09:a1:0a:30"",""s"":""DIRECT-03-BMW75113"",""r"":-71,""f"":2462},{""b"":""0a:29:d5:d4:ad:f2"",""s"":"""",""r"":-73,""f"":5220}]",""
1790660086410,2026-09-29 14:34:46,car,37.6214031,127.0870563,3.79,3.06,78.0,48.099998474121094,fused,1,LTE,NR_NSA,5G,true,false,true,false,false,52537859,23,3050,7,8289,450,06,-90,-11,-59,8,3,0,,,,9748,76752,0.0780,0.6140,9692,76696,0.0775,0.6136,false,9,0,9,-83,23,2600,3.06,true,true,handover,0,4,,,6,52533762,-96,-12,"[{""type"":""LTE"",""pci"":23,""earfcn"":2600,""tac"":null,""rsrp"":-83,""rsrq"":-10,""rssi"":-57,""snr"":null,""ta"":0,""level"":4,""bands"":""5""},{""type"":""LTE"",""pci"":23,""earfcn"":100,""tac"":null,""rsrp"":-88,""rsrq"":-8,""rssi"":-69,""snr"":null,""ta"":0,""level"":3,""bands"":""1""},{""type"":""LTE"",""pci"":242,""earfcn"":2600,""tac"":null,""rsrp"":-93,""rsrq"":-15,""rssi"":-67,""snr"":null,""ta"":0,""level"":3,""bands"":""5""},{""type"":""LTE"",""pci"":384,""earfcn"":2600,""tac"":null,""rsrp"":-94,""rsrq"":-19,""rssi"":-65,""snr"":null,""ta"":0,""level"":3,""bands"":""5""},{""type"":""LTE"",""pci"":160,""earfcn"":2600,""tac"":null,""rsrp"":-94,""rsrq"":-16,""rssi"":-67,""snr"":null,""ta"":0,""level"":3,""bands"":""5""},{""type"":""LTE"",""pci"":426,""earfcn"":2600,""tac"":null,""rsrp"":-96,""rsrq"":-19,""rssi"":-67,""snr"":null,""ta"":0,""level"":2,""bands"":""5""},{""type"":""LTE"",""pci"":160,""earfcn"":3050,""tac"":null,""rsrp"":-97,""rsrq"":-15,""rssi"":-69,""snr"":null,""ta"":0,""level"":2,""bands"":""7""},{""type"":""LTE"",""pci"":160,""earfcn"":100,""tac"":null,""rsrp"":-99,""rsrq"":-17,""rssi"":-69,""snr"":null,""ta"":0,""level"":2,""bands"":""1""},{""type"":""LTE"",""pci"":384,""earfcn"":100,""tac"":null,""rsrp"":-106,""rsrq"":-20,""rssi"":-71,""snr"":null,""ta"":0,""level"":1,""bands"":""1""}]",1008.15375,65,0.459,0.459,39,19,,,,"[{""b"":""b4:94:4e:04:fb:77"",""s"":""Public WiFi Secure"",""r"":-34,""f"":5745},{""b"":""ba:94:4e:04:fb:77"",""s"":""Public WiFi Free"",""r"":-34,""f"":5745},{""b"":""b4:94:4e:04:fb:76"",""s"":""Public WiFi Secure"",""r"":-35,""f"":2417},{""b"":""ba:94:4e:04:fb:76"",""s"":""Public WiFi Free"",""r"":-35,""f"":2417},{""b"":""06:0a:de:15:22:f2"",""s"":""Public WiFi Secure"",""r"":-64,""f"":2452},{""b"":""06:29:d5:d4:ad:f0"",""s"":""Public WiFi Secure"",""r"":-65,""f"":2437},{""b"":""00:0a:de:15:22:f2"",""s"":""Public WiFi Free"",""r"":-66,""f"":2452},{""b"":""06:29:d5:d4:ad:f1"",""s"":""Public WiFi Free"",""r"":-66,""f"":2437},{""b"":""12:ae:d0:03:82:0a"",""s"":""Office_Nowon"",""r"":-67,""f"":5805},{""b"":""06:ae:d0:03:82:0a"",""s"":""SEOUL"",""r"":-67,""f"":5805},{""b"":""16:ae:d0:03:82:0a"",""s"":""Public WiFi Secure"",""r"":-68,""f"":5805},{""b"":""0a:ae:d0:03:82:0a"",""s"":""SEOUL_Secure"",""r"":-68,""f"":5805},{""b"":""b8:9f:09:a1:8a:30"",""s"":""BMW75113 CarPlay"",""r"":-70,""f"":2462},{""b"":""ba:9f:09:a1:0a:30"",""s"":""DIRECT-03-BMW75113"",""r"":-71,""f"":2462},{""b"":""0a:29:d5:d4:ad:f2"",""s"":"""",""r"":-73,""f"":5220}]","[{""type"":""LTE"",""pci"":23,""earfcn"":2600,""tac"":null,""rsrp"":-92,""rsrq"":-10,""rssi"":-71,""snr"":null,""ta"":2,""level"":3,""bands"":""5""},{""type"":""LTE"",""pci"":23,""earfcn"":100,""tac"":null,""rsrp"":-94,""rsrq"":-10,""rssi"":-73,""snr"":null,""ta"":2,""level"":3,""bands"":""1""},{""type"":""LTE"",""pci"":160,""earfcn"":100,""tac"":null,""rsrp"":-97,""rsrq"":-15,""rssi"":-73,""snr"":null,""ta"":2,""level"":2,""bands"":""1""},{""type"":""LTE"",""pci"":426,""earfcn"":2600,""tac"":null,""rsrp"":-99,""rsrq"":-17,""rssi"":-71,""snr"":null,""ta"":2,""level"":2,""bands"":""5""},{""type"":""LTE"",""pci"":23,""earfcn"":3050,""tac"":null,""rsrp"":-100,""rsrq"":-15,""rssi"":-65,""snr"":null,""ta"":2,""level"":2,""bands"":""7""},{""type"":""LTE"",""pci"":384,""earfcn"":2600,""tac"":null,""rsrp"":-101,""rsrq"":-20,""rssi"":-69,""snr"":null,""ta"":2,""level"":2,""bands"":""5""},{""type"":""LTE"",""pci"":426,""earfcn"":3050,""tac"":null,""rsrp"":-103,""rsrq"":-19,""rssi"":-71,""snr"":null,""ta"":2,""level"":2,""bands"":""7""},{""type"":""LTE"",""pci"":384,""earfcn"":100,""tac"":null,""rsrp"":-112,""rsrq"":-20,""rssi"":-73,""snr"":null,""ta"":2,""level"":1,""bands"":""1""}]"
1790660087844,2026-09-29 14:34:47,car,37.6214076,127.0871328,3.79,3.36,103.0,48.099998474121094,fused,0,LTE,NR_NSA,5G,true,false,true,false,false,52537859,23,3050,7,8289,450,06,-90,-11,-59,8,3,0,,,,616460,94525,4.9317,0.7562,616460,94525,4.9317,0.7562,false,9,0,9,-83,23,2600,3.36,false,false,periodic,1,4,0,0,1438,,,,"[{""type"":""LTE"",""pci"":23,""earfcn"":2600,""tac"":null,""rsrp"":-83,""rsrq"":-10,""rssi"":-57,""snr"":null,""ta"":0,""level"":4,""bands"":""5""},{""type"":""LTE"",""pci"":23,""earfcn"":100,""tac"":null,""rsrp"":-88,""rsrq"":-8,""rssi"":-69,""snr"":null,""ta"":0,""level"":3,""bands"":""1""},{""type"":""LTE"",""pci"":242,""earfcn"":2600,""tac"":null,""rsrp"":-93,""rsrq"":-15,""rssi"":-67,""snr"":null,""ta"":0,""level"":3,""bands"":""5""},{""type"":""LTE"",""pci"":384,""earfcn"":2600,""tac"":null,""rsrp"":-94,""rsrq"":-19,""rssi"":-65,""snr"":null,""ta"":0,""level"":3,""bands"":""5""},{""type"":""LTE"",""pci"":160,""earfcn"":2600,""tac"":null,""rsrp"":-94,""rsrq"":-16,""rssi"":-67,""snr"":null,""ta"":0,""level"":3,""bands"":""5""},{""type"":""LTE"",""pci"":426,""earfcn"":2600,""tac"":null,""rsrp"":-96,""rsrq"":-19,""rssi"":-67,""snr"":null,""ta"":0,""level"":2,""bands"":""5""},{""type"":""LTE"",""pci"":160,""earfcn"":3050,""tac"":null,""rsrp"":-97,""rsrq"":-15,""rssi"":-69,""snr"":null,""ta"":0,""level"":2,""bands"":""7""},{""type"":""LTE"",""pci"":160,""earfcn"":100,""tac"":null,""rsrp"":-99,""rsrq"":-17,""rssi"":-69,""snr"":null,""ta"":0,""level"":2,""bands"":""1""},{""type"":""LTE"",""pci"":384,""earfcn"":100,""tac"":null,""rsrp"":-106,""rsrq"":-20,""rssi"":-71,""snr"":null,""ta"":0,""level"":1,""bands"":""1""}]",1008.2084,65,0.459,0.459,39,20,,,,"[{""b"":""b4:94:4e:04:fb:77"",""s"":""Public WiFi Secure"",""r"":-34,""f"":5745},{""b"":""ba:94:4e:04:fb:77"",""s"":""Public WiFi Free"",""r"":-34,""f"":5745},{""b"":""b4:94:4e:04:fb:76"",""s"":""Public WiFi Secure"",""r"":-35,""f"":2417},{""b"":""ba:94:4e:04:fb:76"",""s"":""Public WiFi Free"",""r"":-35,""f"":2417},{""b"":""06:0a:de:15:22:f2"",""s"":""Public WiFi Secure"",""r"":-64,""f"":2452},{""b"":""06:29:d5:d4:ad:f0"",""s"":""Public WiFi Secure"",""r"":-65,""f"":2437},{""b"":""00:0a:de:15:22:f2"",""s"":""Public WiFi Free"",""r"":-66,""f"":2452},{""b"":""06:29:d5:d4:ad:f1"",""s"":""Public WiFi Free"",""r"":-66,""f"":2437},{""b"":""12:ae:d0:03:82:0a"",""s"":""Office_Nowon"",""r"":-67,""f"":5805},{""b"":""06:ae:d0:03:82:0a"",""s"":""SEOUL"",""r"":-67,""f"":5805},{""b"":""16:ae:d0:03:82:0a"",""s"":""Public WiFi Secure"",""r"":-68,""f"":5805},{""b"":""0a:ae:d0:03:82:0a"",""s"":""SEOUL_Secure"",""r"":-68,""f"":5805},{""b"":""b8:9f:09:a1:8a:30"",""s"":""BMW75113 CarPlay"",""r"":-70,""f"":2462},{""b"":""ba:9f:09:a1:0a:30"",""s"":""DIRECT-03-BMW75113"",""r"":-71,""f"":2462},{""b"":""0a:29:d5:d4:ad:f2"",""s"":"""",""r"":-73,""f"":5220}]",""
1790660092578,2026-09-29 14:34:52,car,37.6212088,127.0872598,3.79,7.24,162.0,48.099998474121094,fused,1,LTE,NR_NSA,5G,true,false,true,false,false,52533762,160,3050,7,8289,450,06,-100,-11,-65,4,2,2,,,,2285264,86825,18.2821,0.6946,2285179,86740,18.2814,0.6939,false,10,0,10,-84,426,2600,7.24,true,true,handover,0,5,,,6,52537859,-90,-11,"[{""type"":""LTE"",""pci"":426,""earfcn"":2600,""tac"":null,""rsrp"":-84,""rsrq"":-13,""rssi"":-61,""snr"":null,""ta"":2,""level"":4,""bands"":""5""},{""type"":""LTE"",""pci"":23,""earfcn"":2600,""tac"":null,""rsrp"":-89,""rsrq"":-14,""rssi"":-57,""snr"":null,""ta"":2,""level"":3,""bands"":""5""},{""type"":""LTE"",""pci"":160,""earfcn"":2600,""tac"":null,""rsrp"":-91,""rsrq"":-19,""rssi"":-61,""snr"":null,""ta"":2,""level"":3,""bands"":""5""},{""type"":""LTE"",""pci"":108,""earfcn"":2600,""tac"":null,""rsrp"":-92,""rsrq"":-20,""rssi"":-59,""snr"":null,""ta"":2,""level"":3,""bands"":""5""},{""type"":""LTE"",""pci"":108,""earfcn"":100,""tac"":null,""rsrp"":-95,""rsrq"":-13,""rssi"":-71,""snr"":null,""ta"":2,""level"":3,""bands"":""1""},{""type"":""LTE"",""pci"":426,""earfcn"":100,""tac"":null,""rsrp"":-97,""rsrq"":-15,""rssi"":-71,""snr"":null,""ta"":2,""level"":2,""bands"":""1""},{""type"":""LTE"",""pci"":23,""earfcn"":100,""tac"":null,""rsrp"":-98,""rsrq"":-13,""rssi"":-71,""snr"":null,""ta"":2,""level"":2,""bands"":""1""},{""type"":""LTE"",""pci"":160,""earfcn"":100,""tac"":null,""rsrp"":-102,""rsrq"":-18,""rssi"":-71,""snr"":null,""ta"":2,""level"":2,""bands"":""1""},{""type"":""LTE"",""pci"":426,""earfcn"":3050,""tac"":null,""rsrp"":-103,""rsrq"":-12,""rssi"":-77,""snr"":null,""ta"":2,""level"":2,""bands"":""7""},{""type"":""LTE"",""pci"":23,""earfcn"":3050,""tac"":null,""rsrp"":-105,""rsrq"":-14,""rssi"":-77,""snr"":null,""ta"":2,""level"":2,""bands"":""7""}]",1008.0586,54,0.524,0.524,28,4,,,,"[{""b"":""b4:94:4e:04:fb:76"",""s"":""Public WiFi Secure"",""r"":-36,""f"":2417},{""b"":""ba:94:4e:04:fb:76"",""s"":""Public WiFi Free"",""r"":-36,""f"":2417},{""b"":""b4:94:4e:04:fb:77"",""s"":""Public WiFi Secure"",""r"":-44,""f"":5745},{""b"":""ba:94:4e:04:fb:77"",""s"":""Public WiFi Free"",""r"":-44,""f"":5745},{""b"":""8e:16:2d:4d:21:1e"",""s"":""seongho_wifi"",""r"":-72,""f"":2472},{""b"":""1c:ec:72:6b:e0:b9"",""s"":""Public WiFi Secure"",""r"":-79,""f"":2437},{""b"":""22:ec:72:6b:e0:b9"",""s"":""Public WiFi Free"",""r"":-79,""f"":2437},{""b"":""26:ec:72:6b:e0:b9"",""s"":""SEOUL_Secure"",""r"":-80,""f"":2437},{""b"":""62:3c:68:46:b9:8c"",""s"":""DIRECT-BMW 37020"",""r"":-80,""f"":2462},{""b"":""78:9f:6a:a0:f7:c0"",""s"":""SEOUL"",""r"":-84,""f"":5500},{""b"":""78:9f:6a:a0:f7:c4"",""s"":""Public WiFi Secure"",""r"":-84,""f"":5500},{""b"":""78:9f:6a:a0:f7:c3"",""s"":""SEOUL_Secure"",""r"":-85,""f"":5500},{""b"":""26:ec:72:6b:e0:b8"",""s"":""SEOUL_Secure"",""r"":-88,""f"":5500},{""b"":""1c:ec:72:6b:e0:b8"",""s"":""Public WiFi Secure"",""r"":-88,""f"":5500},{""b"":""84:23:88:ab:72:03"",""s"":""Public WiFi Secure"",""r"":-88,""f"":5500}]","[{""type"":""LTE"",""pci"":23,""earfcn"":2600,""tac"":null,""rsrp"":-83,""rsrq"":-10,""rssi"":-57,""snr"":null,""ta"":0,""level"":4,""bands"":""5""},{""type"":""LTE"",""pci"":23,""earfcn"":100,""tac"":null,""rsrp"":-88,""rsrq"":-8,""rssi"":-69,""snr"":null,""ta"":0,""level"":3,""bands"":""1""},{""type"":""LTE"",""pci"":242,""earfcn"":2600,""tac"":null,""rsrp"":-93,""rsrq"":-15,""rssi"":-67,""snr"":null,""ta"":0,""level"":3,""bands"":""5""},{""type"":""LTE"",""pci"":384,""earfcn"":2600,""tac"":null,""rsrp"":-94,""rsrq"":-19,""rssi"":-65,""snr"":null,""ta"":0,""level"":3,""bands"":""5""},{""type"":""LTE"",""pci"":160,""earfcn"":2600,""tac"":null,""rsrp"":-94,""rsrq"":-16,""rssi"":-67,""snr"":null,""ta"":0,""level"":3,""bands"":""5""},{""type"":""LTE"",""pci"":426,""earfcn"":2600,""tac"":null,""rsrp"":-96,""rsrq"":-19,""rssi"":-67,""snr"":null,""ta"":0,""level"":2,""bands"":""5""},{""type"":""LTE"",""pci"":160,""earfcn"":3050,""tac"":null,""rsrp"":-97,""rsrq"":-15,""rssi"":-69,""snr"":null,""ta"":0,""level"":2,""bands"":""7""},{""type"":""LTE"",""pci"":160,""earfcn"":100,""tac"":null,""rsrp"":-99,""rsrq"":-17,""rssi"":-69,""snr"":null,""ta"":0,""level"":2,""bands"":""1""},{""type"":""LTE"",""pci"":384,""earfcn"":100,""tac"":null,""rsrp"":-106,""rsrq"":-20,""rssi"":-71,""snr"":null,""ta"":0,""level"":1,""bands"":""1""}]"
1790660092854,2026-09-29 14:34:52,car,37.6212088,127.0872598,3.79,7.24,162.0,48.099998474121094,fused,1,LTE,NR_NSA,5G,true,false,true,false,false,52533762,160,3050,7,8289,450,06,-100,-11,-65,4,2,2,,,,0,0,0.0000,0.0000,0,0,0.0000,0.0000,false,10,0,10,-84,426,2600,7.24,false,false,periodic,0,4,0,0,283,,,,"[{""type"":""LTE"",""pci"":426,""earfcn"":2600,""tac"":null,""rsrp"":-84,""rsrq"":-13,""rssi"":-61,""snr"":null,""ta"":2,""level"":4,""bands"":""5""},{""type"":""LTE"",""pci"":23,""earfcn"":2600,""tac"":null,""rsrp"":-89,""rsrq"":-14,""rssi"":-57,""snr"":null,""ta"":2,""level"":3,""bands"":""5""},{""type"":""LTE"",""pci"":160,""earfcn"":2600,""tac"":null,""rsrp"":-91,""rsrq"":-19,""rssi"":-61,""snr"":null,""ta"":2,""level"":3,""bands"":""5""},{""type"":""LTE"",""pci"":108,""earfcn"":2600,""tac"":null,""rsrp"":-92,""rsrq"":-20,""rssi"":-59,""snr"":null,""ta"":2,""level"":3,""bands"":""5""},{""type"":""LTE"",""pci"":108,""earfcn"":100,""tac"":null,""rsrp"":-95,""rsrq"":-13,""rssi"":-71,""snr"":null,""ta"":2,""level"":3,""bands"":""1""},{""type"":""LTE"",""pci"":426,""earfcn"":100,""tac"":null,""rsrp"":-97,""rsrq"":-15,""rssi"":-71,""snr"":null,""ta"":2,""level"":2,""bands"":""1""},{""type"":""LTE"",""pci"":23,""earfcn"":100,""tac"":null,""rsrp"":-98,""rsrq"":-13,""rssi"":-71,""snr"":null,""ta"":2,""level"":2,""bands"":""1""},{""type"":""LTE"",""pci"":160,""earfcn"":100,""tac"":null,""rsrp"":-102,""rsrq"":-18,""rssi"":-71,""snr"":null,""ta"":2,""level"":2,""bands"":""1""},{""type"":""LTE"",""pci"":426,""earfcn"":3050,""tac"":null,""rsrp"":-103,""rsrq"":-12,""rssi"":-77,""snr"":null,""ta"":2,""level"":2,""bands"":""7""},{""type"":""LTE"",""pci"":23,""earfcn"":3050,""tac"":null,""rsrp"":-105,""rsrq"":-14,""rssi"":-77,""snr"":null,""ta"":2,""level"":2,""bands"":""7""}]",1008.0543,54,0.524,0.524,28,4,,,,"[{""b"":""b4:94:4e:04:fb:76"",""s"":""Public WiFi Secure"",""r"":-36,""f"":2417},{""b"":""ba:94:4e:04:fb:76"",""s"":""Public WiFi Free"",""r"":-36,""f"":2417},{""b"":""b4:94:4e:04:fb:77"",""s"":""Public WiFi Secure"",""r"":-44,""f"":5745},{""b"":""ba:94:4e:04:fb:77"",""s"":""Public WiFi Free"",""r"":-44,""f"":5745},{""b"":""8e:16:2d:4d:21:1e"",""s"":""seongho_wifi"",""r"":-72,""f"":2472},{""b"":""1c:ec:72:6b:e0:b9"",""s"":""Public WiFi Secure"",""r"":-79,""f"":2437},{""b"":""22:ec:72:6b:e0:b9"",""s"":""Public WiFi Free"",""r"":-79,""f"":2437},{""b"":""26:ec:72:6b:e0:b9"",""s"":""SEOUL_Secure"",""r"":-80,""f"":2437},{""b"":""62:3c:68:46:b9:8c"",""s"":""DIRECT-BMW 37020"",""r"":-80,""f"":2462},{""b"":""78:9f:6a:a0:f7:c0"",""s"":""SEOUL"",""r"":-84,""f"":5500},{""b"":""78:9f:6a:a0:f7:c4"",""s"":""Public WiFi Secure"",""r"":-84,""f"":5500},{""b"":""78:9f:6a:a0:f7:c3"",""s"":""SEOUL_Secure"",""r"":-85,""f"":5500},{""b"":""26:ec:72:6b:e0:b8"",""s"":""SEOUL_Secure"",""r"":-88,""f"":5500},{""b"":""1c:ec:72:6b:e0:b8"",""s"":""Public WiFi Secure"",""r"":-88,""f"":5500},{""b"":""84:23:88:ab:72:03"",""s"":""Public WiFi Secure"",""r"":-88,""f"":5500}]",""
1790660096132,2026-09-29 14:34:56,car,37.6208894,127.0873667,3.79,9.71,166.0,48.099998474121094,fused,1,LTE,NR_NSA,5G,true,false,true,false,false,52537857,426,3050,7,8289,450,06,-100,-11,-67,0,2,2,,,,27626,70587,0.2210,0.5647,27626,70587,0.2210,0.5647,false,12,0,12,-98,23,2600,9.71,true,true,handover,0,5,,,3,52533762,-100,-11,"[{""type"":""LTE"",""pci"":23,""earfcn"":2600,""tac"":null,""rsrp"":-98,""rsrq"":-15,""rssi"":-73,""snr"":null,""ta"":2,""level"":2,""bands"":""5""},{""type"":""LTE"",""pci"":384,""earfcn"":2600,""tac"":null,""rsrp"":-98,""rsrq"":-15,""rssi"":-73,""snr"":null,""ta"":2,""level"":2,""bands"":""5""},{""type"":""LTE"",""pci"":108,""earfcn"":2600,""tac"":null,""rsrp"":-101,""rsrq"":-16,""rssi"":-73,""snr"":null,""ta"":2,""level"":2,""bands"":""5""},{""type"":""LTE"",""pci"":426,""earfcn"":2600,""tac"":null,""rsrp"":-102,""rsrq"":-15,""rssi"":-73,""snr"":null,""ta"":2,""level"":2,""bands"":""5""},{""type"":""LTE"",""pci"":384,""earfcn"":100,""tac"":null,""rsrp"":-103,""rsrq"":-14,""rssi"":-79,""snr"":null,""ta"":2,""level"":2,""bands"":""1""},{""type"":""LTE"",""pci"":160,""earfcn"":3050,""tac"":null,""rsrp"":-106,""rsrq"":-15,""rssi"":-75,""snr"":null,""ta"":2,""level"":1,""bands"":""7""},{""type"":""LTE"",""pci"":426,""earfcn"":100,""tac"":null,""rsrp"":-106,""rsrq"":-15,""rssi"":-79,""snr"":null,""ta"":2,""level"":1,""bands"":""1""},{""type"":""LTE"",""pci"":384,""earfcn"":3050,""tac"":null,""rsrp"":-107,""rsrq"":-17,""rssi"":-81,""snr"":null,""ta"":2,""level"":1,""bands"":""7""},{""type"":""LTE"",""pci"":23,""earfcn"":100,""tac"":null,""rsrp"":-107,""rsrq"":-16,""rssi"":-79,""snr"":null,""ta"":2,""level"":1,""bands"":""1""},{""type"":""LTE"",""pci"":23,""earfcn"":3050,""tac"":null,""rsrp"":-108,""rsrq"":-18,""rssi"":-81,""snr"":null,""ta"":2,""level"":1,""bands"":""7""},{""type"":""LTE"",""pci"":160,""earfcn"":100,""tac"":null,""rsrp"":-108,""rsrq"":-19,""rssi"":-79,""snr"":null,""ta"":2,""level"":1,""bands"":""1""},{""type"":""LTE"",""pci"":108,""earfcn"":100,""tac"":null,""rsrp"":-108,""rsrq"":-17,""rssi"":-79,""snr"":null,""ta"":2,""level"":1,""bands"":""1""}]",1008.0418,86,0.486,0.524,28,7,,,,"[{""b"":""b4:94:4e:04:fb:76"",""s"":""Public WiFi Secure"",""r"":-36,""f"":2417},{""b"":""ba:94:4e:04:fb:76"",""s"":""Public WiFi Free"",""r"":-36,""f"":2417},{""b"":""b4:94:4e:04:fb:77"",""s"":""Public WiFi Secure"",""r"":-44,""f"":5745},{""b"":""ba:94:4e:04:fb:77"",""s"":""Public WiFi Free"",""r"":-44,""f"":5745},{""b"":""8e:16:2d:4d:21:1e"",""s"":""seongho_wifi"",""r"":-72,""f"":2472},{""b"":""1c:ec:72:6b:e0:b9"",""s"":""Public WiFi Secure"",""r"":-79,""f"":2437},{""b"":""22:ec:72:6b:e0:b9"",""s"":""Public WiFi Free"",""r"":-79,""f"":2437},{""b"":""26:ec:72:6b:e0:b9"",""s"":""SEOUL_Secure"",""r"":-80,""f"":2437},{""b"":""62:3c:68:46:b9:8c"",""s"":""DIRECT-BMW 37020"",""r"":-80,""f"":2462},{""b"":""78:9f:6a:a0:f7:c0"",""s"":""SEOUL"",""r"":-84,""f"":5500},{""b"":""78:9f:6a:a0:f7:c4"",""s"":""Public WiFi Secure"",""r"":-84,""f"":5500},{""b"":""78:9f:6a:a0:f7:c3"",""s"":""SEOUL_Secure"",""r"":-85,""f"":5500},{""b"":""26:ec:72:6b:e0:b8"",""s"":""SEOUL_Secure"",""r"":-88,""f"":5500},{""b"":""1c:ec:72:6b:e0:b8"",""s"":""Public WiFi Secure"",""r"":-88,""f"":5500},{""b"":""84:23:88:ab:72:03"",""s"":""Public WiFi Secure"",""r"":-88,""f"":5500}]","[{""type"":""LTE"",""pci"":426,""earfcn"":2600,""tac"":null,""rsrp"":-84,""rsrq"":-13,""rssi"":-61,""snr"":null,""ta"":2,""level"":4,""bands"":""5""},{""type"":""LTE"",""pci"":23,""earfcn"":2600,""tac"":null,""rsrp"":-89,""rsrq"":-14,""rssi"":-57,""snr"":null,""ta"":2,""level"":3,""bands"":""5""},{""type"":""LTE"",""pci"":160,""earfcn"":2600,""tac"":null,""rsrp"":-91,""rsrq"":-19,""rssi"":-61,""snr"":null,""ta"":2,""level"":3,""bands"":""5""},{""type"":""LTE"",""pci"":108,""earfcn"":2600,""tac"":null,""rsrp"":-92,""rsrq"":-20,""rssi"":-59,""snr"":null,""ta"":2,""level"":3,""bands"":""5""},{""type"":""LTE"",""pci"":108,""earfcn"":100,""tac"":null,""rsrp"":-95,""rsrq"":-13,""rssi"":-71,""snr"":null,""ta"":2,""level"":3,""bands"":""1""},{""type"":""LTE"",""pci"":426,""earfcn"":100,""tac"":null,""rsrp"":-97,""rsrq"":-15,""rssi"":-71,""snr"":null,""ta"":2,""level"":2,""bands"":""1""},{""type"":""LTE"",""pci"":23,""earfcn"":100,""tac"":null,""rsrp"":-98,""rsrq"":-13,""rssi"":-71,""snr"":null,""ta"":2,""level"":2,""bands"":""1""},{""type"":""LTE"",""pci"":160,""earfcn"":100,""tac"":null,""rsrp"":-102,""rsrq"":-18,""rssi"":-71,""snr"":null,""ta"":2,""level"":2,""bands"":""1""},{""type"":""LTE"",""pci"":426,""earfcn"":3050,""tac"":null,""rsrp"":-103,""rsrq"":-12,""rssi"":-77,""snr"":null,""ta"":2,""level"":2,""bands"":""7""},{""type"":""LTE"",""pci"":23,""earfcn"":3050,""tac"":null,""rsrp"":-105,""rsrq"":-14,""rssi"":-77,""snr"":null,""ta"":2,""level"":2,""bands"":""7""}]"
1790660097874,2026-09-29 14:34:57,car,37.6207137,127.0874337,3.79,10.48,160.0,48.099998474121094,fused,0,LTE,NR_NSA,5G,true,false,true,false,false,52537857,426,3050,7,8289,450,06,-100,-11,-67,0,2,2,,,,2553,61084,0.0204,0.4887,2438,60970,0.0195,0.4878,false,12,0,12,-98,23,2600,10.48,false,false,periodic,1,5,0,0,1746,,,,"[{""type"":""LTE"",""pci"":23,""earfcn"":2600,""tac"":null,""rsrp"":-98,""rsrq"":-15,""rssi"":-73,""snr"":null,""ta"":2,""level"":2,""bands"":""5""},{""type"":""LTE"",""pci"":384,""earfcn"":2600,""tac"":null,""rsrp"":-98,""rsrq"":-15,""rssi"":-73,""snr"":null,""ta"":2,""level"":2,""bands"":""5""},{""type"":""LTE"",""pci"":108,""earfcn"":2600,""tac"":null,""rsrp"":-101,""rsrq"":-16,""rssi"":-73,""snr"":null,""ta"":2,""level"":2,""bands"":""5""},{""type"":""LTE"",""pci"":426,""earfcn"":2600,""tac"":null,""rsrp"":-102,""rsrq"":-15,""rssi"":-73,""snr"":null,""ta"":2,""level"":2,""bands"":""5""},{""type"":""LTE"",""pci"":384,""earfcn"":100,""tac"":null,""rsrp"":-103,""rsrq"":-14,""rssi"":-79,""snr"":null,""ta"":2,""level"":2,""bands"":""1""},{""type"":""LTE"",""pci"":160,""earfcn"":3050,""tac"":null,""rsrp"":-106,""rsrq"":-15,""rssi"":-75,""snr"":null,""ta"":2,""level"":1,""bands"":""7""},{""type"":""LTE"",""pci"":426,""earfcn"":100,""tac"":null,""rsrp"":-106,""rsrq"":-15,""rssi"":-79,""snr"":null,""ta"":2,""level"":1,""bands"":""1""},{""type"":""LTE"",""pci"":384,""earfcn"":3050,""tac"":null,""rsrp"":-107,""rsrq"":-17,""rssi"":-81,""snr"":null,""ta"":2,""level"":1,""bands"":""7""},{""type"":""LTE"",""pci"":23,""earfcn"":100,""tac"":null,""rsrp"":-107,""rsrq"":-16,""rssi"":-79,""snr"":null,""ta"":2,""level"":1,""bands"":""1""},{""type"":""LTE"",""pci"":23,""earfcn"":3050,""tac"":null,""rsrp"":-108,""rsrq"":-18,""rssi"":-81,""snr"":null,""ta"":2,""level"":1,""bands"":""7""},{""type"":""LTE"",""pci"":160,""earfcn"":100,""tac"":null,""rsrp"":-108,""rsrq"":-19,""rssi"":-79,""snr"":null,""ta"":2,""level"":1,""bands"":""1""},{""type"":""LTE"",""pci"":108,""earfcn"":100,""tac"":null,""rsrp"":-108,""rsrq"":-17,""rssi"":-79,""snr"":null,""ta"":2,""level"":1,""bands"":""1""}]",1008.04517,86,0.459,0.459,28,9,,,,"[{""b"":""b4:94:4e:04:fb:76"",""s"":""Public WiFi Secure"",""r"":-36,""f"":2417},{""b"":""ba:94:4e:04:fb:76"",""s"":""Public WiFi Free"",""r"":-36,""f"":2417},{""b"":""b4:94:4e:04:fb:77"",""s"":""Public WiFi Secure"",""r"":-44,""f"":5745},{""b"":""ba:94:4e:04:fb:77"",""s"":""Public WiFi Free"",""r"":-44,""f"":5745},{""b"":""8e:16:2d:4d:21:1e"",""s"":""seongho_wifi"",""r"":-72,""f"":2472},{""b"":""1c:ec:72:6b:e0:b9"",""s"":""Public WiFi Secure"",""r"":-79,""f"":2437},{""b"":""22:ec:72:6b:e0:b9"",""s"":""Public WiFi Free"",""r"":-79,""f"":2437},{""b"":""26:ec:72:6b:e0:b9"",""s"":""SEOUL_Secure"",""r"":-80,""f"":2437},{""b"":""62:3c:68:46:b9:8c"",""s"":""DIRECT-BMW 37020"",""r"":-80,""f"":2462},{""b"":""78:9f:6a:a0:f7:c0"",""s"":""SEOUL"",""r"":-84,""f"":5500},{""b"":""78:9f:6a:a0:f7:c4"",""s"":""Public WiFi Secure"",""r"":-84,""f"":5500},{""b"":""78:9f:6a:a0:f7:c3"",""s"":""SEOUL_Secure"",""r"":-85,""f"":5500},{""b"":""26:ec:72:6b:e0:b8"",""s"":""SEOUL_Secure"",""r"":-88,""f"":5500},{""b"":""1c:ec:72:6b:e0:b8"",""s"":""Public WiFi Secure"",""r"":-88,""f"":5500},{""b"":""84:23:88:ab:72:03"",""s"":""Public WiFi Secure"",""r"":-88,""f"":5500}]",""
1790660102882,2026-09-29 14:35:02,car,37.6202861,127.0875714,3.79,13.28,166.0,48.099998474121094,fused,1,LTE,NR_NSA,5G,true,false,true,false,false,52537857,426,3050,7,8289,450,06,-97,-11,-67,0,2,2,,,,2529,65686,0.0202,0.5255,2489,65646,0.0199,0.5252,false,5,0,5,-86,426,2600,13.28,false,false,periodic,6,4,3,0,5004,,,,"[{""type"":""LTE"",""pci"":426,""earfcn"":2600,""tac"":null,""rsrp"":-86,""rsrq"":-13,""rssi"":-65,""snr"":null,""ta"":2,""level"":3,""bands"":""5""},{""type"":""LTE"",""pci"":426,""earfcn"":100,""tac"":null,""rsrp"":-94,""rsrq"":-12,""rssi"":-71,""snr"":null,""ta"":2,""level"":3,""bands"":""1""},{""type"":""LTE"",""pci"":23,""earfcn"":3050,""tac"":null,""rsrp"":-103,""rsrq"":-18,""rssi"":-77,""snr"":null,""ta"":2,""level"":2,""bands"":""7""},{""type"":""LTE"",""pci"":160,""earfcn"":3050,""tac"":null,""rsrp"":-103,""rsrq"":-19,""rssi"":-77,""snr"":null,""ta"":2,""level"":2,""bands"":""7""},{""type"":""LTE"",""pci"":384,""earfcn"":3050,""tac"":null,""rsrp"":-103,""rsrq"":-17,""rssi"":-77,""snr"":null,""ta"":2,""level"":2,""bands"":""7""}]",1007.9984,65,0.524,0.459,28,14,,,,"[{""b"":""b4:94:4e:04:fb:76"",""s"":""Public WiFi Secure"",""r"":-36,""f"":2417},{""b"":""ba:94:4e:04:fb:76"",""s"":""Public WiFi Free"",""r"":-36,""f"":2417},{""b"":""b4:94:4e:04:fb:77"",""s"":""Public WiFi Secure"",""r"":-44,""f"":5745},{""b"":""ba:94:4e:04:fb:77"",""s"":""Public WiFi Free"",""r"":-44,""f"":5745},{""b"":""8e:16:2d:4d:21:1e"",""s"":""seongho_wifi"",""r"":-72,""f"":2472},{""b"":""1c:ec:72:6b:e0:b9"",""s"":""Public WiFi Secure"",""r"":-79,""f"":2437},{""b"":""22:ec:72:6b:e0:b9"",""s"":""Public WiFi Free"",""r"":-79,""f"":2437},{""b"":""26:ec:72:6b:e0:b9"",""s"":""SEOUL_Secure"",""r"":-80,""f"":2437},{""b"":""62:3c:68:46:b9:8c"",""s"":""DIRECT-BMW 37020"",""r"":-80,""f"":2462},{""b"":""78:9f:6a:a0:f7:c0"",""s"":""SEOUL"",""r"":-84,""f"":5500},{""b"":""78:9f:6a:a0:f7:c4"",""s"":""Public WiFi Secure"",""r"":-84,""f"":5500},{""b"":""78:9f:6a:a0:f7:c3"",""s"":""SEOUL_Secure"",""r"":-85,""f"":5500},{""b"":""26:ec:72:6b:e0:b8"",""s"":""SEOUL_Secure"",""r"":-88,""f"":5500},{""b"":""1c:ec:72:6b:e0:b8"",""s"":""Public WiFi Secure"",""r"":-88,""f"":5500},{""b"":""84:23:88:ab:72:03"",""s"":""Public WiFi Secure"",""r"":-88,""f"":5500}]",""
1790660105813,2026-09-29 14:35:05,car,37.6198123,127.087715,3.79,13.52,167.0,48.099998474121094,fused,0,LTE,NR_NSA,5G,true,false,true,false,false,51212800,384,3050,7,8343,450,06,-97,-8,-67,7,2,3,,,,2548,66470,0.0204,0.5318,2480,66402,0.0198,0.5312,false,11,0,11,-94,384,2600,13.52,true,false,handover,0,5,,,9,52537857,-97,-11,"[{""type"":""LTE"",""pci"":384,""earfcn"":2600,""tac"":null,""rsrp"":-94,""rsrq"":-7,""rssi"":-77,""snr"":null,""ta"":3,""level"":3,""bands"":""5""},{""type"":""LTE"",""pci"":384,""earfcn"":100,""tac"":null,""rsrp"":-100,""rsrq"":-9,""rssi"":-81,""snr"":null,""ta"":3,""level"":2,""bands"":""1""},{""type"":""LTE"",""pci"":212,""earfcn"":3050,""tac"":null,""rsrp"":-104,""rsrq"":-17,""rssi"":-75,""snr"":null,""ta"":3,""level"":2,""bands"":""7""},{""type"":""LTE"",""pci"":426,""earfcn"":2600,""tac"":null,""rsrp"":-104,""rsrq"":-14,""rssi"":-79,""snr"":null,""ta"":3,""level"":2,""bands"":""5""},{""type"":""LTE"",""pci"":426,""earfcn"":3050,""tac"":null,""rsrp"":-105,""rsrq"":-15,""rssi"":-75,""snr"":null,""ta"":3,""level"":2,""bands"":""7""},{""type"":""LTE"",""pci"":426,""earfcn"":100,""tac"":null,""rsrp"":-108,""rsrq"":-17,""rssi"":-81,""snr"":null,""ta"":3,""level"":1,""bands"":""1""},{""type"":""LTE"",""pci"":23,""earfcn"":2600,""tac"":null,""rsrp"":-108,""rsrq"":-19,""rssi"":-79,""snr"":null,""ta"":3,""level"":1,""bands"":""5""},{""type"":""LTE"",""pci"":108,""earfcn"":100,""tac"":null,""rsrp"":-110,""rsrq"":-16,""rssi"":-83,""snr"":null,""ta"":3,""level"":1,""bands"":""1""},{""type"":""LTE"",""pci"":24,""earfcn"":100,""tac"":null,""rsrp"":-111,""rsrq"":-17,""rssi"":-81,""snr"":null,""ta"":3,""level"":1,""bands"":""1""},{""type"":""LTE"",""pci"":23,""earfcn"":100,""tac"":null,""rsrp"":-112,""rsrq"":-19,""rssi"":-81,""snr"":null,""ta"":3,""level"":1,""bands"":""1""},{""type"":""LTE"",""pci"":278,""earfcn"":100,""tac"":null,""rsrp"":-115,""rsrq"":-20,""rssi"":-83,""snr"":null,""ta"":3,""level"":1,""bands"":""1""}]",1007.8947,49,0.459,0.524,28,17,,,,"[{""b"":""b4:94:4e:04:fb:76"",""s"":""Public WiFi Secure"",""r"":-36,""f"":2417},{""b"":""ba:94:4e:04:fb:76"",""s"":""Public WiFi Free"",""r"":-36,""f"":2417},{""b"":""b4:94:4e:04:fb:77"",""s"":""Public WiFi Secure"",""r"":-44,""f"":5745},{""b"":""ba:94:4e:04:fb:77"",""s"":""Public WiFi Free"",""r"":-44,""f"":5745},{""b"":""8e:16:2d:4d:21:1e"",""s"":""seongho_wifi"",""r"":-72,""f"":2472},{""b"":""1c:ec:72:6b:e0:b9"",""s"":""Public WiFi Secure"",""r"":-79,""f"":2437},{""b"":""22:ec:72:6b:e0:b9"",""s"":""Public WiFi Free"",""r"":-79,""f"":2437},{""b"":""26:ec:72:6b:e0:b9"",""s"":""SEOUL_Secure"",""r"":-80,""f"":2437},{""b"":""62:3c:68:46:b9:8c"",""s"":""DIRECT-BMW 37020"",""r"":-80,""f"":2462},{""b"":""78:9f:6a:a0:f7:c0"",""s"":""SEOUL"",""r"":-84,""f"":5500},{""b"":""78:9f:6a:a0:f7:c4"",""s"":""Public WiFi Secure"",""r"":-84,""f"":5500},{""b"":""78:9f:6a:a0:f7:c3"",""s"":""SEOUL_Secure"",""r"":-85,""f"":5500},{""b"":""26:ec:72:6b:e0:b8"",""s"":""SEOUL_Secure"",""r"":-88,""f"":5500},{""b"":""1c:ec:72:6b:e0:b8"",""s"":""Public WiFi Secure"",""r"":-88,""f"":5500},{""b"":""84:23:88:ab:72:03"",""s"":""Public WiFi Secure"",""r"":-88,""f"":5500}]","[{""type"":""LTE"",""pci"":426,""earfcn"":2600,""tac"":null,""rsrp"":-86,""rsrq"":-13,""rssi"":-65,""snr"":null,""ta"":2,""level"":3,""bands"":""5""},{""type"":""LTE"",""pci"":426,""earfcn"":100,""tac"":null,""rsrp"":-94,""rsrq"":-12,""rssi"":-71,""snr"":null,""ta"":2,""level"":3,""bands"":""1""},{""type"":""LTE"",""pci"":23,""earfcn"":3050,""tac"":null,""rsrp"":-103,""rsrq"":-18,""rssi"":-77,""snr"":null,""ta"":2,""level"":2,""bands"":""7""},{""type"":""LTE"",""pci"":160,""earfcn"":3050,""tac"":null,""rsrp"":-103,""rsrq"":-19,""rssi"":-77,""snr"":null,""ta"":2,""level"":2,""bands"":""7""},{""type"":""LTE"",""pci"":384,""earfcn"":3050,""tac"":null,""rsrp"":-103,""rsrq"":-17,""rssi"":-77,""snr"":null,""ta"":2,""level"":2,""bands"":""7""}]"
1790660107906,2026-09-29 14:35:07,car,37.6195809,127.0878096,4.293,13.36,164.0,49.79928762914726,fused,0,LTE,NR_NSA,5G,true,false,true,false,false,51212800,384,3050,7,8343,450,06,-97,-8,-67,7,2,3,,,,2989063,74014,23.9125,0.5921,2989063,74014,23.9125,0.5921,false,11,0,11,-94,384,2600,13.36,false,false,periodic,2,5,0,0,2104,,,,"[{""type"":""LTE"",""pci"":384,""earfcn"":2600,""tac"":null,""rsrp"":-94,""rsrq"":-7,""rssi"":-77,""snr"":null,""ta"":3,""level"":3,""bands"":""5""},{""type"":""LTE"",""pci"":384,""earfcn"":100,""tac"":null,""rsrp"":-100,""rsrq"":-9,""rssi"":-81,""snr"":null,""ta"":3,""level"":2,""bands"":""1""},{""type"":""LTE"",""pci"":212,""earfcn"":3050,""tac"":null,""rsrp"":-104,""rsrq"":-17,""rssi"":-75,""snr"":null,""ta"":3,""level"":2,""bands"":""7""},{""type"":""LTE"",""pci"":426,""earfcn"":2600,""tac"":null,""rsrp"":-104,""rsrq"":-14,""rssi"":-79,""snr"":null,""ta"":3,""level"":2,""bands"":""5""},{""type"":""LTE"",""pci"":426,""earfcn"":3050,""tac"":null,""rsrp"":-105,""rsrq"":-15,""rssi"":-75,""snr"":null,""ta"":3,""level"":2,""bands"":""7""},{""type"":""LTE"",""pci"":426,""earfcn"":100,""tac"":null,""rsrp"":-108,""rsrq"":-17,""rssi"":-81,""snr"":null,""ta"":3,""level"":1,""bands"":""1""},{""type"":""LTE"",""pci"":23,""earfcn"":2600,""tac"":null,""rsrp"":-108,""rsrq"":-19,""rssi"":-79,""snr"":null,""ta"":3,""level"":1,""bands"":""5""},{""type"":""LTE"",""pci"":108,""earfcn"":100,""tac"":null,""rsrp"":-110,""rsrq"":-16,""rssi"":-83,""snr"":null,""ta"":3,""level"":1,""bands"":""1""},{""type"":""LTE"",""pci"":24,""earfcn"":100,""tac"":null,""rsrp"":-111,""rsrq"":-17,""rssi"":-81,""snr"":null,""ta"":3,""level"":1,""bands"":""1""},{""type"":""LTE"",""pci"":23,""earfcn"":100,""tac"":null,""rsrp"":-112,""rsrq"":-19,""rssi"":-81,""snr"":null,""ta"":3,""level"":1,""bands"":""1""},{""type"":""LTE"",""pci"":278,""earfcn"":100,""tac"":null,""rsrp"":-115,""rsrq"":-20,""rssi"":-83,""snr"":null,""ta"":3,""level"":1,""bands"":""1""}]",1007.80444,49,0.482,0.459,28,19,,,,"[{""b"":""b4:94:4e:04:fb:76"",""s"":""Public WiFi Secure"",""r"":-36,""f"":2417},{""b"":""ba:94:4e:04:fb:76"",""s"":""Public WiFi Free"",""r"":-36,""f"":2417},{""b"":""b4:94:4e:04:fb:77"",""s"":""Public WiFi Secure"",""r"":-44,""f"":5745},{""b"":""ba:94:4e:04:fb:77"",""s"":""Public WiFi Free"",""r"":-44,""f"":5745},{""b"":""8e:16:2d:4d:21:1e"",""s"":""seongho_wifi"",""r"":-72,""f"":2472},{""b"":""1c:ec:72:6b:e0:b9"",""s"":""Public WiFi Secure"",""r"":-79,""f"":2437},{""b"":""22:ec:72:6b:e0:b9"",""s"":""Public WiFi Free"",""r"":-79,""f"":2437},{""b"":""26:ec:72:6b:e0:b9"",""s"":""SEOUL_Secure"",""r"":-80,""f"":2437},{""b"":""62:3c:68:46:b9:8c"",""s"":""DIRECT-BMW 37020"",""r"":-80,""f"":2462},{""b"":""78:9f:6a:a0:f7:c0"",""s"":""SEOUL"",""r"":-84,""f"":5500},{""b"":""78:9f:6a:a0:f7:c4"",""s"":""Public WiFi Secure"",""r"":-84,""f"":5500},{""b"":""78:9f:6a:a0:f7:c3"",""s"":""SEOUL_Secure"",""r"":-85,""f"":5500},{""b"":""26:ec:72:6b:e0:b8"",""s"":""SEOUL_Secure"",""r"":-88,""f"":5500},{""b"":""1c:ec:72:6b:e0:b8"",""s"":""Public WiFi Secure"",""r"":-88,""f"":5500},{""b"":""84:23:88:ab:72:03"",""s"":""Public WiFi Secure"",""r"":-88,""f"":5500}]",""
1790660112930,2026-09-29 14:35:12,car,37.6192305,127.0882552,5.346,13.33,131.0,50.571894957187766,fused,1,LTE,NR_NSA,5G,true,false,true,false,false,51212800,384,3050,7,8343,450,06,-92,-8,-61,7,3,3,,,,19397,64276,0.1552,0.5142,19317,64196,0.1545,0.5136,false,11,0,11,-83,384,2600,13.33,false,false,periodic,7,4,5,0,5004,,,,"[{""type"":""LTE"",""pci"":384,""earfcn"":2600,""tac"":null,""rsrp"":-83,""rsrq"":-10,""rssi"":-53,""snr"":null,""ta"":3,""level"":4,""bands"":""5""},{""type"":""LTE"",""pci"":384,""earfcn"":100,""tac"":null,""rsrp"":-91,""rsrq"":-8,""rssi"":-59,""snr"":null,""ta"":3,""level"":3,""bands"":""1""},{""type"":""LTE"",""pci"":426,""earfcn"":100,""tac"":null,""rsrp"":-100,""rsrq"":-17,""rssi"":-73,""snr"":null,""ta"":3,""level"":2,""bands"":""1""},{""type"":""LTE"",""pci"":23,""earfcn"":2600,""tac"":null,""rsrp"":-101,""rsrq"":-18,""rssi"":-71,""snr"":null,""ta"":3,""level"":2,""bands"":""5""},{""type"":""LTE"",""pci"":160,""earfcn"":3050,""tac"":null,""rsrp"":-102,""rsrq"":-19,""rssi"":-71,""snr"":null,""ta"":3,""level"":2,""bands"":""7""},{""type"":""LTE"",""pci"":426,""earfcn"":3050,""tac"":null,""rsrp"":-102,""rsrq"":-18,""rssi"":-71,""snr"":null,""ta"":3,""level"":2,""bands"":""7""},{""type"":""LTE"",""pci"":23,""earfcn"":100,""tac"":null,""rsrp"":-102,""rsrq"":-18,""rssi"":-73,""snr"":null,""ta"":3,""level"":2,""bands"":""1""},{""type"":""LTE"",""pci"":426,""earfcn"":2600,""tac"":null,""rsrp"":-104,""rsrq"":-14,""rssi"":-79,""snr"":null,""ta"":3,""level"":2,""bands"":""5""},{""type"":""LTE"",""pci"":242,""earfcn"":2600,""tac"":null,""rsrp"":-104,""rsrq"":-20,""rssi"":-71,""snr"":null,""ta"":3,""level"":2,""bands"":""5""},{""type"":""LTE"",""pci"":24,""earfcn"":100,""tac"":null,""rsrp"":-111,""rsrq"":-17,""rssi"":-81,""snr"":null,""ta"":3,""level"":1,""bands"":""1""},{""type"":""LTE"",""pci"":278,""earfcn"":100,""tac"":null,""rsrp"":-111,""rsrq"":-19,""rssi"":-79,""snr"":null,""ta"":3,""level"":1,""bands"":""1""}]",1007.865,53,0.454,0.459,28,24,,,,"[{""b"":""b4:94:4e:04:fb:76"",""s"":""Public WiFi Secure"",""r"":-36,""f"":2417},{""b"":""ba:94:4e:04:fb:76"",""s"":""Public WiFi Free"",""r"":-36,""f"":2417},{""b"":""b4:94:4e:04:fb:77"",""s"":""Public WiFi Secure"",""r"":-44,""f"":5745},{""b"":""ba:94:4e:04:fb:77"",""s"":""Public WiFi Free"",""r"":-44,""f"":5745},{""b"":""8e:16:2d:4d:21:1e"",""s"":""seongho_wifi"",""r"":-72,""f"":2472},{""b"":""1c:ec:72:6b:e0:b9"",""s"":""Public WiFi Secure"",""r"":-79,""f"":2437},{""b"":""22:ec:72:6b:e0:b9"",""s"":""Public WiFi Free"",""r"":-79,""f"":2437},{""b"":""26:ec:72:6b:e0:b9"",""s"":""SEOUL_Secure"",""r"":-80,""f"":2437},{""b"":""62:3c:68:46:b9:8c"",""s"":""DIRECT-BMW 37020"",""r"":-80,""f"":2462},{""b"":""78:9f:6a:a0:f7:c0"",""s"":""SEOUL"",""r"":-84,""f"":5500},{""b"":""78:9f:6a:a0:f7:c4"",""s"":""Public WiFi Secure"",""r"":-84,""f"":5500},{""b"":""78:9f:6a:a0:f7:c3"",""s"":""SEOUL_Secure"",""r"":-85,""f"":5500},{""b"":""26:ec:72:6b:e0:b8"",""s"":""SEOUL_Secure"",""r"":-88,""f"":5500},{""b"":""1c:ec:72:6b:e0:b8"",""s"":""Public WiFi Secure"",""r"":-88,""f"":5500},{""b"":""84:23:88:ab:72:03"",""s"":""Public WiFi Secure"",""r"":-88,""f"":5500}]",""
1790660117953,2026-09-29 14:35:17,car,37.6187021,127.089009,4.337,14.78,125.0,51.14788376148635,fused,1,LTE,NR_NSA,5G,true,false,true,false,false,51212800,384,3050,7,8343,450,06,-92,-8,-63,12,3,2,,,,2427,65436,0.0194,0.5235,2387,65397,0.0191,0.5232,false,10,0,10,-89,157,2600,14.78,false,false,periodic,12,3,0,5,5002,,,,"[{""type"":""LTE"",""pci"":157,""earfcn"":2600,""tac"":null,""rsrp"":-89,""rsrq"":-19,""rssi"":-61,""snr"":null,""ta"":2,""level"":3,""bands"":""5""},{""type"":""LTE"",""pci"":384,""earfcn"":2600,""tac"":null,""rsrp"":-90,""rsrq"":-12,""rssi"":-67,""snr"":null,""ta"":2,""level"":3,""bands"":""5""},{""type"":""LTE"",""pci"":26,""earfcn"":2600,""tac"":null,""rsrp"":-90,""rsrq"":-17,""rssi"":-65,""snr"":null,""ta"":2,""level"":3,""bands"":""5""},{""type"":""LTE"",""pci"":426,""earfcn"":2600,""tac"":null,""rsrp"":-94,""rsrq"":-18,""rssi"":-65,""snr"":null,""ta"":2,""level"":3,""bands"":""5""},{""type"":""LTE"",""pci"":108,""earfcn"":2600,""tac"":null,""rsrp"":-95,""rsrq"":-17,""rssi"":-67,""snr"":null,""ta"":2,""level"":3,""bands"":""5""},{""type"":""LTE"",""pci"":384,""earfcn"":100,""tac"":null,""rsrp"":-96,""rsrq"":-10,""rssi"":-77,""snr"":null,""ta"":2,""level"":2,""bands"":""1""},{""type"":""LTE"",""pci"":157,""earfcn"":100,""tac"":null,""rsrp"":-100,""rsrq"":-20,""rssi"":-69,""snr"":null,""ta"":2,""level"":2,""bands"":""1""},{""type"":""LTE"",""pci"":426,""earfcn"":3050,""tac"":null,""rsrp"":-101,""rsrq"":-15,""rssi"":-75,""snr"":null,""ta"":2,""level"":2,""bands"":""7""},{""type"":""LTE"",""pci"":108,""earfcn"":100,""tac"":null,""rsrp"":-101,""rsrq"":-12,""rssi"":-77,""snr"":null,""ta"":2,""level"":2,""bands"":""1""},{""type"":""LTE"",""pci"":26,""earfcn"":100,""tac"":null,""rsrp"":-104,""rsrq"":-18,""rssi"":-77,""snr"":null,""ta"":2,""level"":2,""bands"":""1""}]",1007.695,58,0.524,0.459,28,29,,,,"[{""b"":""b4:94:4e:04:fb:76"",""s"":""Public WiFi Secure"",""r"":-36,""f"":2417},{""b"":""ba:94:4e:04:fb:76"",""s"":""Public WiFi Free"",""r"":-36,""f"":2417},{""b"":""b4:94:4e:04:fb:77"",""s"":""Public WiFi Secure"",""r"":-44,""f"":5745},{""b"":""ba:94:4e:04:fb:77"",""s"":""Public WiFi Free"",""r"":-44,""f"":5745},{""b"":""8e:16:2d:4d:21:1e"",""s"":""seongho_wifi"",""r"":-72,""f"":2472},{""b"":""1c:ec:72:6b:e0:b9"",""s"":""Public WiFi Secure"",""r"":-79,""f"":2437},{""b"":""22:ec:72:6b:e0:b9"",""s"":""Public WiFi Free"",""r"":-79,""f"":2437},{""b"":""26:ec:72:6b:e0:b9"",""s"":""SEOUL_Secure"",""r"":-80,""f"":2437},{""b"":""62:3c:68:46:b9:8c"",""s"":""DIRECT-BMW 37020"",""r"":-80,""f"":2462},{""b"":""78:9f:6a:a0:f7:c0"",""s"":""SEOUL"",""r"":-84,""f"":5500},{""b"":""78:9f:6a:a0:f7:c4"",""s"":""Public WiFi Secure"",""r"":-84,""f"":5500},{""b"":""78:9f:6a:a0:f7:c3"",""s"":""SEOUL_Secure"",""r"":-85,""f"":5500},{""b"":""26:ec:72:6b:e0:b8"",""s"":""SEOUL_Secure"",""r"":-88,""f"":5500},{""b"":""1c:ec:72:6b:e0:b8"",""s"":""Public WiFi Secure"",""r"":-88,""f"":5500},{""b"":""84:23:88:ab:72:03"",""s"":""Public WiFi Secure"",""r"":-88,""f"":5500}]",""
1790660119534,2026-09-29 14:35:19,car,37.6185737,127.089319,3.982,15.44,116.0,51.11135602516397,fused,0,LTE,NR_NSA,5G,true,false,true,false,false,50805762,122,3050,7,8343,450,06,-96,-11,-67,9,2,1,,,,2277,67066,0.0182,0.5365,2277,67066,0.0182,0.5365,false,11,0,11,-88,384,2600,15.44,true,false,handover,0,4,,,6,51212800,-92,-8,"[{""type"":""LTE"",""pci"":384,""earfcn"":2600,""tac"":null,""rsrp"":-88,""rsrq"":-12,""rssi"":-65,""snr"":null,""ta"":1,""level"":3,""bands"":""5""},{""type"":""LTE"",""pci"":183,""earfcn"":2600,""tac"":null,""rsrp"":-96,""rsrq"":-20,""rssi"":-65,""snr"":null,""ta"":1,""level"":2,""bands"":""5""},{""type"":""LTE"",""pci"":108,""earfcn"":2600,""tac"":null,""rsrp"":-97,""rsrq"":-18,""rssi"":-69,""snr"":null,""ta"":1,""level"":2,""bands"":""5""},{""type"":""LTE"",""pci"":26,""earfcn"":2600,""tac"":null,""rsrp"":-98,""rsrq"":-20,""rssi"":-67,""snr"":null,""ta"":1,""level"":2,""bands"":""5""},{""type"":""LTE"",""pci"":426,""earfcn"":2600,""tac"":null,""rsrp"":-98,""rsrq"":-19,""rssi"":-67,""snr"":null,""ta"":1,""level"":2,""bands"":""5""},{""type"":""LTE"",""pci"":384,""earfcn"":100,""tac"":null,""rsrp"":-99,""rsrq"":-10,""rssi"":-79,""snr"":null,""ta"":1,""level"":2,""bands"":""1""},{""type"":""LTE"",""pci"":384,""earfcn"":3050,""tac"":null,""rsrp"":-100,""rsrq"":-13,""rssi"":-69,""snr"":null,""ta"":1,""level"":2,""bands"":""7""},{""type"":""LTE"",""pci"":426,""earfcn"":100,""tac"":null,""rsrp"":-106,""rsrq"":-17,""rssi"":-79,""snr"":null,""ta"":1,""level"":1,""bands"":""1""},{""type"":""LTE"",""pci"":426,""earfcn"":3050,""tac"":null,""rsrp"":-107,""rsrq"":-19,""rssi"":-77,""snr"":null,""ta"":1,""level"":1,""bands"":""7""},{""type"":""LTE"",""pci"":108,""earfcn"":100,""tac"":null,""rsrp"":-107,""rsrq"":-16,""rssi"":-79,""snr"":null,""ta"":1,""level"":1,""bands"":""1""},{""type"":""LTE"",""pci"":26,""earfcn"":100,""tac"":null,""rsrp"":-110,""rsrq"":-20,""rssi"":-79,""snr"":null,""ta"":1,""level"":1,""bands"":""1""}]",1007.71643,58,0.459,0.524,28,31,,,,"[{""b"":""b4:94:4e:04:fb:76"",""s"":""Public WiFi Secure"",""r"":-36,""f"":2417},{""b"":""ba:94:4e:04:fb:76"",""s"":""Public WiFi Free"",""r"":-36,""f"":2417},{""b"":""b4:94:4e:04:fb:77"",""s"":""Public WiFi Secure"",""r"":-44,""f"":5745},{""b"":""ba:94:4e:04:fb:77"",""s"":""Public WiFi Free"",""r"":-44,""f"":5745},{""b"":""8e:16:2d:4d:21:1e"",""s"":""seongho_wifi"",""r"":-72,""f"":2472},{""b"":""1c:ec:72:6b:e0:b9"",""s"":""Public WiFi Secure"",""r"":-79,""f"":2437},{""b"":""22:ec:72:6b:e0:b9"",""s"":""Public WiFi Free"",""r"":-79,""f"":2437},{""b"":""26:ec:72:6b:e0:b9"",""s"":""SEOUL_Secure"",""r"":-80,""f"":2437},{""b"":""62:3c:68:46:b9:8c"",""s"":""DIRECT-BMW 37020"",""r"":-80,""f"":2462},{""b"":""78:9f:6a:a0:f7:c0"",""s"":""SEOUL"",""r"":-84,""f"":5500},{""b"":""78:9f:6a:a0:f7:c4"",""s"":""Public WiFi Secure"",""r"":-84,""f"":5500},{""b"":""78:9f:6a:a0:f7:c3"",""s"":""SEOUL_Secure"",""r"":-85,""f"":5500},{""b"":""26:ec:72:6b:e0:b8"",""s"":""SEOUL_Secure"",""r"":-88,""f"":5500},{""b"":""1c:ec:72:6b:e0:b8"",""s"":""Public WiFi Secure"",""r"":-88,""f"":5500},{""b"":""84:23:88:ab:72:03"",""s"":""Public WiFi Secure"",""r"":-88,""f"":5500}]","[{""type"":""LTE"",""pci"":157,""earfcn"":2600,""tac"":null,""rsrp"":-89,""rsrq"":-19,""rssi"":-61,""snr"":null,""ta"":2,""level"":3,""bands"":""5""},{""type"":""LTE"",""pci"":384,""earfcn"":2600,""tac"":null,""rsrp"":-90,""rsrq"":-12,""rssi"":-67,""snr"":null,""ta"":2,""level"":3,""bands"":""5""},{""type"":""LTE"",""pci"":26,""earfcn"":2600,""tac"":null,""rsrp"":-90,""rsrq"":-17,""rssi"":-65,""snr"":null,""ta"":2,""level"":3,""bands"":""5""},{""type"":""LTE"",""pci"":426,""earfcn"":2600,""tac"":null,""rsrp"":-94,""rsrq"":-18,""rssi"":-65,""snr"":null,""ta"":2,""level"":3,""bands"":""5""},{""type"":""LTE"",""pci"":108,""earfcn"":2600,""tac"":null,""rsrp"":-95,""rsrq"":-17,""rssi"":-67,""snr"":null,""ta"":2,""level"":3,""bands"":""5""},{""type"":""LTE"",""pci"":384,""earfcn"":100,""tac"":null,""rsrp"":-96,""rsrq"":-10,""rssi"":-77,""snr"":null,""ta"":2,""level"":2,""bands"":""1""},{""type"":""LTE"",""pci"":157,""earfcn"":100,""tac"":null,""rsrp"":-100,""rsrq"":-20,""rssi"":-69,""snr"":null,""ta"":2,""level"":2,""bands"":""1""},{""type"":""LTE"",""pci"":426,""earfcn"":3050,""tac"":null,""rsrp"":-101,""rsrq"":-15,""rssi"":-75,""snr"":null,""ta"":2,""level"":2,""bands"":""7""},{""type"":""LTE"",""pci"":108,""earfcn"":100,""tac"":null,""rsrp"":-101,""rsrq"":-12,""rssi"":-77,""snr"":null,""ta"":2,""level"":2,""bands"":""1""},{""type"":""LTE"",""pci"":26,""earfcn"":100,""tac"":null,""rsrp"":-104,""rsrq"":-18,""rssi"":-77,""snr"":null,""ta"":2,""level"":2,""bands"":""1""}]"
1790660122979,2026-09-29 14:35:22,car,37.618334,127.0899875,4.117,16.43,113.0,51.92033630169048,fused,0,LTE,NR_NSA,5G,true,false,true,false,false,50805762,122,3050,7,8343,450,06,-96,-11,-67,9,2,1,,,,241763,75212,1.9341,0.6017,241705,75154,1.9336,0.6012,false,11,0,11,-88,384,2600,16.43,false,false,periodic,3,3,0,0,3450,,,,"[{""type"":""LTE"",""pci"":384,""earfcn"":2600,""tac"":null,""rsrp"":-88,""rsrq"":-12,""rssi"":-65,""snr"":null,""ta"":1,""level"":3,""bands"":""5""},{""type"":""LTE"",""pci"":183,""earfcn"":2600,""tac"":null,""rsrp"":-96,""rsrq"":-20,""rssi"":-65,""snr"":null,""ta"":1,""level"":2,""bands"":""5""},{""type"":""LTE"",""pci"":108,""earfcn"":2600,""tac"":null,""rsrp"":-97,""rsrq"":-18,""rssi"":-69,""snr"":null,""ta"":1,""level"":2,""bands"":""5""},{""type"":""LTE"",""pci"":26,""earfcn"":2600,""tac"":null,""rsrp"":-98,""rsrq"":-20,""rssi"":-67,""snr"":null,""ta"":1,""level"":2,""bands"":""5""},{""type"":""LTE"",""pci"":426,""earfcn"":2600,""tac"":null,""rsrp"":-98,""rsrq"":-19,""rssi"":-67,""snr"":null,""ta"":1,""level"":2,""bands"":""5""},{""type"":""LTE"",""pci"":384,""earfcn"":100,""tac"":null,""rsrp"":-99,""rsrq"":-10,""rssi"":-79,""snr"":null,""ta"":1,""level"":2,""bands"":""1""},{""type"":""LTE"",""pci"":384,""earfcn"":3050,""tac"":null,""rsrp"":-100,""rsrq"":-13,""rssi"":-69,""snr"":null,""ta"":1,""level"":2,""bands"":""7""},{""type"":""LTE"",""pci"":426,""earfcn"":100,""tac"":null,""rsrp"":-106,""rsrq"":-17,""rssi"":-79,""snr"":null,""ta"":1,""level"":1,""bands"":""1""},{""type"":""LTE"",""pci"":426,""earfcn"":3050,""tac"":null,""rsrp"":-107,""rsrq"":-19,""rssi"":-77,""snr"":null,""ta"":1,""level"":1,""bands"":""7""},{""type"":""LTE"",""pci"":108,""earfcn"":100,""tac"":null,""rsrp"":-107,""rsrq"":-16,""rssi"":-79,""snr"":null,""ta"":1,""level"":1,""bands"":""1""},{""type"":""LTE"",""pci"":26,""earfcn"":100,""tac"":null,""rsrp"":-110,""rsrq"":-20,""rssi"":-79,""snr"":null,""ta"":1,""level"":1,""bands"":""1""}]",1007.55646,61,0.459,0.459,5,5,,,,"[{""b"":""ba:94:4e:04:fb:76"",""s"":""Public WiFi Free"",""r"":-34,""f"":2417},{""b"":""b4:94:4e:04:fb:76"",""s"":""Public WiFi Secure"",""r"":-34,""f"":2417},{""b"":""ba:94:4e:04:fb:77"",""s"":""Public WiFi Free"",""r"":-37,""f"":5745},{""b"":""b4:94:4e:04:fb:77"",""s"":""Public WiFi Secure"",""r"":-37,""f"":5745},{""b"":""0a:09:a5:3f:93:96"",""s"":""Public WiFi Free"",""r"":-81,""f"":2462}]",""
1790660127985,2026-09-29 14:35:27,car,37.6180936,127.0906609,4.044,16.23,113.0,52.84696906663908,fused,1,LTE,NR_NSA,5G,true,false,true,false,false,51212800,384,3050,7,8343,450,06,-91,-11,-59,2,3,1,,,,15460,73903,0.1237,0.5912,15420,73863,0.1234,0.5909,false,8,0,8,-77,384,2600,16.23,true,true,periodic,0,3,,,4757,50805762,-96,-11,"[{""type"":""LTE"",""pci"":384,""earfcn"":2600,""tac"":null,""rsrp"":-77,""rsrq"":-7,""rssi"":-51,""snr"":null,""ta"":1,""level"":4,""bands"":""5""},{""type"":""LTE"",""pci"":122,""earfcn"":2600,""tac"":null,""rsrp"":-86,""rsrq"":-17,""rssi"":-55,""snr"":null,""ta"":1,""level"":3,""bands"":""5""},{""type"":""LTE"",""pci"":384,""earfcn"":100,""tac"":null,""rsrp"":-88,""rsrq"":-9,""rssi"":-65,""snr"":null,""ta"":1,""level"":3,""bands"":""1""},{""type"":""LTE"",""pci"":278,""earfcn"":100,""tac"":null,""rsrp"":-94,""rsrq"":-18,""rssi"":-65,""snr"":null,""ta"":1,""level"":3,""bands"":""1""},{""type"":""LTE"",""pci"":100,""earfcn"":100,""tac"":null,""rsrp"":-96,""rsrq"":-18,""rssi"":-69,""snr"":null,""ta"":1,""level"":2,""bands"":""1""},{""type"":""LTE"",""pci"":122,""earfcn"":3050,""tac"":null,""rsrp"":-97,""rsrq"":-14,""rssi"":-71,""snr"":null,""ta"":1,""level"":2,""bands"":""7""},{""type"":""LTE"",""pci"":160,""earfcn"":100,""tac"":null,""rsrp"":-98,""rsrq"":-18,""rssi"":-69,""snr"":null,""ta"":1,""level"":2,""bands"":""1""},{""type"":""LTE"",""pci"":426,""earfcn"":3050,""tac"":null,""rsrp"":-100,""rsrq"":-18,""rssi"":-69,""snr"":null,""ta"":1,""level"":2,""bands"":""7""}]",1007.4835,68,0.459,0.524,5,10,,,,"[{""b"":""ba:94:4e:04:fb:76"",""s"":""Public WiFi Free"",""r"":-34,""f"":2417},{""b"":""b4:94:4e:04:fb:76"",""s"":""Public WiFi Secure"",""r"":-34,""f"":2417},{""b"":""ba:94:4e:04:fb:77"",""s"":""Public WiFi Free"",""r"":-37,""f"":5745},{""b"":""b4:94:4e:04:fb:77"",""s"":""Public WiFi Secure"",""r"":-37,""f"":5745},{""b"":""0a:09:a5:3f:93:96"",""s"":""Public WiFi Free"",""r"":-81,""f"":2462}]","[{""type"":""LTE"",""pci"":384,""earfcn"":2600,""tac"":null,""rsrp"":-88,""rsrq"":-12,""rssi"":-65,""snr"":null,""ta"":1,""level"":3,""bands"":""5""},{""type"":""LTE"",""pci"":183,""earfcn"":2600,""tac"":null,""rsrp"":-96,""rsrq"":-20,""rssi"":-65,""snr"":null,""ta"":1,""level"":2,""bands"":""5""},{""type"":""LTE"",""pci"":108,""earfcn"":2600,""tac"":null,""rsrp"":-97,""rsrq"":-18,""rssi"":-69,""snr"":null,""ta"":1,""level"":2,""bands"":""5""},{""type"":""LTE"",""pci"":26,""earfcn"":2600,""tac"":null,""rsrp"":-98,""rsrq"":-20,""rssi"":-67,""snr"":null,""ta"":1,""level"":2,""bands"":""5""},{""type"":""LTE"",""pci"":426,""earfcn"":2600,""tac"":null,""rsrp"":-98,""rsrq"":-19,""rssi"":-67,""snr"":null,""ta"":1,""level"":2,""bands"":""5""},{""type"":""LTE"",""pci"":384,""earfcn"":100,""tac"":null,""rsrp"":-99,""rsrq"":-10,""rssi"":-79,""snr"":null,""ta"":1,""level"":2,""bands"":""1""},{""type"":""LTE"",""pci"":384,""earfcn"":3050,""tac"":null,""rsrp"":-100,""rsrq"":-13,""rssi"":-69,""snr"":null,""ta"":1,""level"":2,""bands"":""7""},{""type"":""LTE"",""pci"":426,""earfcn"":100,""tac"":null,""rsrp"":-106,""rsrq"":-17,""rssi"":-79,""snr"":null,""ta"":1,""level"":1,""bands"":""1""},{""type"":""LTE"",""pci"":426,""earfcn"":3050,""tac"":null,""rsrp"":-107,""rsrq"":-19,""rssi"":-77,""snr"":null,""ta"":1,""level"":1,""bands"":""7""},{""type"":""LTE"",""pci"":108,""earfcn"":100,""tac"":null,""rsrp"":-107,""rsrq"":-16,""rssi"":-79,""snr"":null,""ta"":1,""level"":1,""bands"":""1""},{""type"":""LTE"",""pci"":26,""earfcn"":100,""tac"":null,""rsrp"":-110,""rsrq"":-20,""rssi"":-79,""snr"":null,""ta"":1,""level"":1,""bands"":""1""}]"
1790660132992,2026-09-29 14:35:32,car,37.6177372,127.0916857,3.963,16.51,113.0,53.5501046558432,fused,0,LTE,NR_NSA,5G,true,false,true,false,false,51212800,384,3050,7,8343,450,06,-95,-8,-69,3,3,0,,,,144017,78584,1.1521,0.6287,143957,78524,1.1517,0.6282,false,9,0,9,-72,384,2600,16.51,false,false,periodic,5,3,-4,1,4998,,,,"[{""type"":""LTE"",""pci"":384,""earfcn"":2600,""tac"":null,""rsrp"":-72,""rsrq"":-7,""rssi"":-51,""snr"":null,""ta"":0,""level"":4,""bands"":""5""},{""type"":""LTE"",""pci"":51,""earfcn"":2600,""tac"":null,""rsrp"":-77,""rsrq"":-19,""rssi"":-51,""snr"":null,""ta"":0,""level"":4,""bands"":""5""},{""type"":""LTE"",""pci"":1,""earfcn"":2600,""tac"":null,""rsrp"":-78,""rsrq"":-19,""rssi"":-51,""snr"":null,""ta"":0,""level"":4,""bands"":""5""},{""type"":""LTE"",""pci"":384,""earfcn"":100,""tac"":null,""rsrp"":-82,""rsrq"":-7,""rssi"":-51,""snr"":null,""ta"":0,""level"":4,""bands"":""1""},{""type"":""LTE"",""pci"":268,""earfcn"":2600,""tac"":null,""rsrp"":-82,""rsrq"":-18,""rssi"":-51,""snr"":null,""ta"":0,""level"":4,""bands"":""5""},{""type"":""LTE"",""pci"":278,""earfcn"":2600,""tac"":null,""rsrp"":-84,""rsrq"":-19,""rssi"":-55,""snr"":null,""ta"":0,""level"":4,""bands"":""5""},{""type"":""LTE"",""pci"":100,""earfcn"":100,""tac"":null,""rsrp"":-91,""rsrq"":-18,""rssi"":-63,""snr"":null,""ta"":0,""level"":3,""bands"":""1""},{""type"":""LTE"",""pci"":268,""earfcn"":100,""tac"":null,""rsrp"":-92,""rsrq"":-19,""rssi"":-63,""snr"":null,""ta"":0,""level"":3,""bands"":""1""},{""type"":""LTE"",""pci"":100,""earfcn"":3050,""tac"":null,""rsrp"":-106,""rsrq"":-19,""rssi"":-75,""snr"":null,""ta"":0,""level"":1,""bands"":""7""}]",1007.44806,64,0.524,0.459,5,15,,,,"[{""b"":""ba:94:4e:04:fb:76"",""s"":""Public WiFi Free"",""r"":-34,""f"":2417},{""b"":""b4:94:4e:04:fb:76"",""s"":""Public WiFi Secure"",""r"":-34,""f"":2417},{""b"":""ba:94:4e:04:fb:77"",""s"":""Public WiFi Free"",""r"":-37,""f"":5745},{""b"":""b4:94:4e:04:fb:77"",""s"":""Public WiFi Secure"",""r"":-37,""f"":5745},{""b"":""0a:09:a5:3f:93:96"",""s"":""Public WiFi Free"",""r"":-81,""f"":2462}]",""
1790660136488,2026-09-29 14:35:36,car,37.6176237,127.0920265,3.935,16.22,112.0,53.77634572750401,fused,1,LTE,NR_NSA,5G,true,false,true,false,false,50806017,11,3050,7,8343,450,06,-87,-12,-55,9,3,1,,,,949567,104558,7.5965,0.8365,949538,104550,7.5963,0.8364,false,9,0,9,-80,384,2600,16.22,true,false,handover,0,3,,,642,51212800,-95,-8,"[{""type"":""LTE"",""pci"":384,""earfcn"":2600,""tac"":null,""rsrp"":-80,""rsrq"":-10,""rssi"":-51,""snr"":null,""ta"":1,""level"":4,""bands"":""5""},{""type"":""LTE"",""pci"":11,""earfcn"":2600,""tac"":null,""rsrp"":-81,""rsrq"":-16,""rssi"":-55,""snr"":null,""ta"":1,""level"":4,""bands"":""5""},{""type"":""LTE"",""pci"":11,""earfcn"":100,""tac"":null,""rsrp"":-84,""rsrq"":-11,""rssi"":-57,""snr"":null,""ta"":1,""level"":4,""bands"":""1""},{""type"":""LTE"",""pci"":384,""earfcn"":100,""tac"":null,""rsrp"":-84,""rsrq"":-10,""rssi"":-57,""snr"":null,""ta"":1,""level"":4,""bands"":""1""},{""type"":""LTE"",""pci"":268,""earfcn"":2600,""tac"":null,""rsrp"":-86,""rsrq"":-19,""rssi"":-55,""snr"":null,""ta"":1,""level"":3,""bands"":""5""},{""type"":""LTE"",""pci"":177,""earfcn"":100,""tac"":null,""rsrp"":-92,""rsrq"":-19,""rssi"":-63,""snr"":null,""ta"":1,""level"":3,""bands"":""1""},{""type"":""LTE"",""pci"":384,""earfcn"":3050,""tac"":null,""rsrp"":-93,""rsrq"":-11,""rssi"":-75,""snr"":null,""ta"":1,""level"":3,""bands"":""7""},{""type"":""LTE"",""pci"":100,""earfcn"":3050,""tac"":null,""rsrp"":-99,""rsrq"":-19,""rssi"":-75,""snr"":null,""ta"":1,""level"":2,""bands"":""7""},{""type"":""LTE"",""pci"":177,""earfcn"":3050,""tac"":null,""rsrp"":-100,""rsrq"":-20,""rssi"":-75,""snr"":null,""ta"":1,""level"":2,""bands"":""7""}]",1007.39624,72,0.000,0.000,5,18,,,,"[{""b"":""ba:94:4e:04:fb:76"",""s"":""Public WiFi Free"",""r"":-34,""f"":2417},{""b"":""b4:94:4e:04:fb:76"",""s"":""Public WiFi Secure"",""r"":-34,""f"":2417},{""b"":""ba:94:4e:04:fb:77"",""s"":""Public WiFi Free"",""r"":-37,""f"":5745},{""b"":""b4:94:4e:04:fb:77"",""s"":""Public WiFi Secure"",""r"":-37,""f"":5745},{""b"":""0a:09:a5:3f:93:96"",""s"":""Public WiFi Free"",""r"":-81,""f"":2462}]","[{""type"":""LTE"",""pci"":384,""earfcn"":2600,""tac"":null,""rsrp"":-72,""rsrq"":-7,""rssi"":-51,""snr"":null,""ta"":0,""level"":4,""bands"":""5""},{""type"":""LTE"",""pci"":51,""earfcn"":2600,""tac"":null,""rsrp"":-77,""rsrq"":-19,""rssi"":-51,""snr"":null,""ta"":0,""level"":4,""bands"":""5""},{""type"":""LTE"",""pci"":1,""earfcn"":2600,""tac"":null,""rsrp"":-78,""rsrq"":-19,""rssi"":-51,""snr"":null,""ta"":0,""level"":4,""bands"":""5""},{""type"":""LTE"",""pci"":384,""earfcn"":100,""tac"":null,""rsrp"":-82,""rsrq"":-7,""rssi"":-51,""snr"":null,""ta"":0,""level"":4,""bands"":""1""},{""type"":""LTE"",""pci"":268,""earfcn"":2600,""tac"":null,""rsrp"":-82,""rsrq"":-18,""rssi"":-51,""snr"":null,""ta"":0,""level"":4,""bands"":""5""},{""type"":""LTE"",""pci"":278,""earfcn"":2600,""tac"":null,""rsrp"":-84,""rsrq"":-19,""rssi"":-55,""snr"":null,""ta"":0,""level"":4,""bands"":""5""},{""type"":""LTE"",""pci"":100,""earfcn"":100,""tac"":null,""rsrp"":-91,""rsrq"":-18,""rssi"":-63,""snr"":null,""ta"":0,""level"":3,""bands"":""1""},{""type"":""LTE"",""pci"":268,""earfcn"":100,""tac"":null,""rsrp"":-92,""rsrq"":-19,""rssi"":-63,""snr"":null,""ta"":0,""level"":3,""bands"":""1""},{""type"":""LTE"",""pci"":100,""earfcn"":3050,""tac"":null,""rsrp"":-106,""rsrq"":-19,""rssi"":-75,""snr"":null,""ta"":0,""level"":1,""bands"":""7""}]"
1790660137998,2026-09-29 14:35:37,car,37.6175178,127.0923659,3.895,16.01,111.0,54.07022127511249,fused,1,LTE,NR_NSA,5G,true,false,true,false,false,50806017,11,3050,7,8343,450,06,-87,-12,-55,9,3,1,,,,537660,179322,4.3013,1.4346,537594,179208,4.3008,1.4337,false,9,0,9,-80,384,2600,16.01,false,false,periodic,1,3,0,0,2152,,,,"[{""type"":""LTE"",""pci"":384,""earfcn"":2600,""tac"":null,""rsrp"":-80,""rsrq"":-10,""rssi"":-51,""snr"":null,""ta"":1,""level"":4,""bands"":""5""},{""type"":""LTE"",""pci"":11,""earfcn"":2600,""tac"":null,""rsrp"":-81,""rsrq"":-16,""rssi"":-55,""snr"":null,""ta"":1,""level"":4,""bands"":""5""},{""type"":""LTE"",""pci"":11,""earfcn"":100,""tac"":null,""rsrp"":-84,""rsrq"":-11,""rssi"":-57,""snr"":null,""ta"":1,""level"":4,""bands"":""1""},{""type"":""LTE"",""pci"":384,""earfcn"":100,""tac"":null,""rsrp"":-84,""rsrq"":-10,""rssi"":-57,""snr"":null,""ta"":1,""level"":4,""bands"":""1""},{""type"":""LTE"",""pci"":268,""earfcn"":2600,""tac"":null,""rsrp"":-86,""rsrq"":-19,""rssi"":-55,""snr"":null,""ta"":1,""level"":3,""bands"":""5""},{""type"":""LTE"",""pci"":177,""earfcn"":100,""tac"":null,""rsrp"":-92,""rsrq"":-19,""rssi"":-63,""snr"":null,""ta"":1,""level"":3,""bands"":""1""},{""type"":""LTE"",""pci"":384,""earfcn"":3050,""tac"":null,""rsrp"":-93,""rsrq"":-11,""rssi"":-75,""snr"":null,""ta"":1,""level"":3,""bands"":""7""},{""type"":""LTE"",""pci"":100,""earfcn"":3050,""tac"":null,""rsrp"":-99,""rsrq"":-19,""rssi"":-75,""snr"":null,""ta"":1,""level"":2,""bands"":""7""},{""type"":""LTE"",""pci"":177,""earfcn"":3050,""tac"":null,""rsrp"":-100,""rsrq"":-20,""rssi"":-75,""snr"":null,""ta"":1,""level"":2,""bands"":""7""}]",1007.59064,72,0.459,0.459,5,20,,,,"[{""b"":""ba:94:4e:04:fb:76"",""s"":""Public WiFi Free"",""r"":-34,""f"":2417},{""b"":""b4:94:4e:04:fb:76"",""s"":""Public WiFi Secure"",""r"":-34,""f"":2417},{""b"":""ba:94:4e:04:fb:77"",""s"":""Public WiFi Free"",""r"":-37,""f"":5745},{""b"":""b4:94:4e:04:fb:77"",""s"":""Public WiFi Secure"",""r"":-37,""f"":5745},{""b"":""0a:09:a5:3f:93:96"",""s"":""Public WiFi Free"",""r"":-81,""f"":2462}]",""
1790660141411,2026-09-29 14:35:41,car,37.6173335,127.0930575,3.79,16.08,107.0,54.50694055094837,fused,0,LTE,NR_NSA,5G,true,false,true,false,false,51212800,384,3050,7,8343,450,06,-95,-13,-61,3,3,1,,,,40202,54336,0.3216,0.4347,40202,54336,0.3216,0.4347,false,10,0,10,-80,177,2600,16.08,true,true,handover,0,4,,,203,50806017,-87,-12,"[{""type"":""LTE"",""pci"":177,""earfcn"":2600,""tac"":null,""rsrp"":-80,""rsrq"":-13,""rssi"":-57,""snr"":null,""ta"":1,""level"":4,""bands"":""5""},{""type"":""LTE"",""pci"":384,""earfcn"":2600,""tac"":null,""rsrp"":-85,""rsrq"":-19,""rssi"":-57,""snr"":null,""ta"":1,""level"":4,""bands"":""5""},{""type"":""LTE"",""pci"":384,""earfcn"":100,""tac"":null,""rsrp"":-90,""rsrq"":-12,""rssi"":-69,""snr"":null,""ta"":1,""level"":3,""bands"":""1""},{""type"":""LTE"",""pci"":177,""earfcn"":100,""tac"":null,""rsrp"":-92,""rsrq"":-11,""rssi"":-69,""snr"":null,""ta"":1,""level"":3,""bands"":""1""},{""type"":""LTE"",""pci"":177,""earfcn"":3050,""tac"":null,""rsrp"":-94,""rsrq"":-13,""rssi"":-73,""snr"":null,""ta"":1,""level"":3,""bands"":""7""},{""type"":""LTE"",""pci"":11,""earfcn"":100,""tac"":null,""rsrp"":-97,""rsrq"":-16,""rssi"":-69,""snr"":null,""ta"":1,""level"":2,""bands"":""1""},{""type"":""LTE"",""pci"":100,""earfcn"":100,""tac"":null,""rsrp"":-97,""rsrq"":-17,""rssi"":-69,""snr"":null,""ta"":1,""level"":2,""bands"":""1""},{""type"":""LTE"",""pci"":100,""earfcn"":3050,""tac"":null,""rsrp"":-99,""rsrq"":-18,""rssi"":-73,""snr"":null,""ta"":1,""level"":2,""bands"":""7""},{""type"":""LTE"",""pci"":11,""earfcn"":3050,""tac"":null,""rsrp"":-101,""rsrq"":-18,""rssi"":-61,""snr"":null,""ta"":1,""level"":2,""bands"":""7""},{""type"":""LTE"",""pci"":160,""earfcn"":100,""tac"":null,""rsrp"":-103,""rsrq"":-20,""rssi"":-69,""snr"":null,""ta"":1,""level"":2,""bands"":""1""}]",1007.4077,72,0.066,0.000,5,23,,,,"[{""b"":""ba:94:4e:04:fb:76"",""s"":""Public WiFi Free"",""r"":-34,""f"":2417},{""b"":""b4:94:4e:04:fb:76"",""s"":""Public WiFi Secure"",""r"":-34,""f"":2417},{""b"":""ba:94:4e:04:fb:77"",""s"":""Public WiFi Free"",""r"":-37,""f"":5745},{""b"":""b4:94:4e:04:fb:77"",""s"":""Public WiFi Secure"",""r"":-37,""f"":5745},{""b"":""0a:09:a5:3f:93:96"",""s"":""Public WiFi Free"",""r"":-81,""f"":2462}]","[{""type"":""LTE"",""pci"":384,""earfcn"":2600,""tac"":null,""rsrp"":-80,""rsrq"":-10,""rssi"":-51,""snr"":null,""ta"":1,""level"":4,""bands"":""5""},{""type"":""LTE"",""pci"":11,""earfcn"":2600,""tac"":null,""rsrp"":-81,""rsrq"":-16,""rssi"":-55,""snr"":null,""ta"":1,""level"":4,""bands"":""5""},{""type"":""LTE"",""pci"":11,""earfcn"":100,""tac"":null,""rsrp"":-84,""rsrq"":-11,""rssi"":-57,""snr"":null,""ta"":1,""level"":4,""bands"":""1""},{""type"":""LTE"",""pci"":384,""earfcn"":100,""tac"":null,""rsrp"":-84,""rsrq"":-10,""rssi"":-57,""snr"":null,""ta"":1,""level"":4,""bands"":""1""},{""type"":""LTE"",""pci"":268,""earfcn"":2600,""tac"":null,""rsrp"":-86,""rsrq"":-19,""rssi"":-55,""snr"":null,""ta"":1,""level"":3,""bands"":""5""},{""type"":""LTE"",""pci"":177,""earfcn"":100,""tac"":null,""rsrp"":-92,""rsrq"":-19,""rssi"":-63,""snr"":null,""ta"":1,""level"":3,""bands"":""1""},{""type"":""LTE"",""pci"":384,""earfcn"":3050,""tac"":null,""rsrp"":-93,""rsrq"":-11,""rssi"":-75,""snr"":null,""ta"":1,""level"":3,""bands"":""7""},{""type"":""LTE"",""pci"":100,""earfcn"":3050,""tac"":null,""rsrp"":-99,""rsrq"":-19,""rssi"":-75,""snr"":null,""ta"":1,""level"":2,""bands"":""7""},{""type"":""LTE"",""pci"":177,""earfcn"":3050,""tac"":null,""rsrp"":-100,""rsrq"":-20,""rssi"":-75,""snr"":null,""ta"":1,""level"":2,""bands"":""7""}]"
1790660142750,2026-09-29 14:35:42,car,37.6173335,127.0930575,3.79,16.08,107.0,54.50694055094837,fused,1,LTE,NR_NSA,5G,true,false,true,false,false,50806016,177,3050,7,8343,450,06,-83,-11,-51,2,4,0,,,,15369,146691,0.1230,1.1735,15294,146616,0.1224,1.1729,false,10,0,10,-79,177,2600,16.08,true,false,handover,0,5,,,3,51212800,-95,-13,"[{""type"":""LTE"",""pci"":177,""earfcn"":2600,""tac"":null,""rsrp"":-79,""rsrq"":-10,""rssi"":-51,""snr"":null,""ta"":0,""level"":4,""bands"":""5""},{""type"":""LTE"",""pci"":177,""earfcn"":100,""tac"":null,""rsrp"":-81,""rsrq"":-8,""rssi"":-57,""snr"":null,""ta"":0,""level"":4,""bands"":""1""},{""type"":""LTE"",""pci"":384,""earfcn"":100,""tac"":null,""rsrp"":-86,""rsrq"":-16,""rssi"":-57,""snr"":null,""ta"":0,""level"":3,""bands"":""1""},{""type"":""LTE"",""pci"":384,""earfcn"":2600,""tac"":null,""rsrp"":-86,""rsrq"":-18,""rssi"":-61,""snr"":null,""ta"":0,""level"":3,""bands"":""5""},{""type"":""LTE"",""pci"":11,""earfcn"":3050,""tac"":null,""rsrp"":-91,""rsrq"":-15,""rssi"":-67,""snr"":null,""ta"":0,""level"":3,""bands"":""7""},{""type"":""LTE"",""pci"":11,""earfcn"":100,""tac"":null,""rsrp"":-94,""rsrq"":-18,""rssi"":-57,""snr"":null,""ta"":0,""level"":3,""bands"":""1""},{""type"":""LTE"",""pci"":100,""earfcn"":100,""tac"":null,""rsrp"":-94,""rsrq"":-16,""rssi"":-59,""snr"":null,""ta"":0,""level"":3,""bands"":""1""},{""type"":""LTE"",""pci"":100,""earfcn"":3050,""tac"":null,""rsrp"":-95,""rsrq"":-18,""rssi"":-65,""snr"":null,""ta"":0,""level"":3,""bands"":""7""},{""type"":""LTE"",""pci"":384,""earfcn"":3050,""tac"":null,""rsrp"":-97,""rsrq"":-19,""rssi"":-51,""snr"":null,""ta"":0,""level"":2,""bands"":""7""},{""type"":""LTE"",""pci"":160,""earfcn"":100,""tac"":null,""rsrp"":-103,""rsrq"":-20,""rssi"":-69,""snr"":null,""ta"":0,""level"":2,""bands"":""1""}]",1007.3762,60,0.459,0.524,19,2,,,,"[{""b"":""b4:94:4e:04:fb:76"",""s"":""Public WiFi Secure"",""r"":-31,""f"":2417},{""b"":""b4:94:4e:04:fb:77"",""s"":""Public WiFi Secure"",""r"":-31,""f"":5745},{""b"":""ba:94:4e:04:fb:76"",""s"":""Public WiFi Free"",""r"":-31,""f"":2417},{""b"":""ba:94:4e:04:fb:77"",""s"":""Public WiFi Free"",""r"":-31,""f"":5745},{""b"":""40:ca:63:62:c8:c4"",""s"":""Samsung Room A\/C_E50AJTAR066R"",""r"":-74,""f"":2412},{""b"":""54:7e:1a:7c:87:3d"",""s"":""U+Net3DBC"",""r"":-74,""f"":2437},{""b"":""08:5d:dd:1b:4c:25"",""s"":"""",""r"":-79,""f"":2412},{""b"":""22:ec:72:15:62:fb"",""s"":"""",""r"":-80,""f"":5785},{""b"":""1c:ec:72:15:62:fb"",""s"":""Handonggil_kt"",""r"":-80,""f"":5785},{""b"":""2e:4e:e9:7c:38:2b"",""s"":"""",""r"":-82,""f"":2447},{""b"":""88:bd:09:ae:ed:6f"",""s"":""DLive_ED6A"",""r"":-82,""f"":2462},{""b"":""60:29:d5:9d:ff:ae"",""s"":""YBY_5G"",""r"":-89,""f"":5805},{""b"":""38:f4:5e:5c:55:bc"",""s"":""KT_GiGA_5G_55B8"",""r"":-89,""f"":5765},{""b"":""86:ca:4b:e6:ad:f7"",""s"":"""",""r"":-89,""f"":5200},{""b"":""b4:a9:4f:54:c6:ad"",""s"":""U+NetC6AF_5G"",""r"":-90,""f"":5220}]","[{""type"":""LTE"",""pci"":177,""earfcn"":2600,""tac"":null,""rsrp"":-80,""rsrq"":-13,""rssi"":-57,""snr"":null,""ta"":1,""level"":4,""bands"":""5""},{""type"":""LTE"",""pci"":384,""earfcn"":2600,""tac"":null,""rsrp"":-85,""rsrq"":-19,""rssi"":-57,""snr"":null,""ta"":1,""level"":4,""bands"":""5""},{""type"":""LTE"",""pci"":384,""earfcn"":100,""tac"":null,""rsrp"":-90,""rsrq"":-12,""rssi"":-69,""snr"":null,""ta"":1,""level"":3,""bands"":""1""},{""type"":""LTE"",""pci"":177,""earfcn"":100,""tac"":null,""rsrp"":-92,""rsrq"":-11,""rssi"":-69,""snr"":null,""ta"":1,""level"":3,""bands"":""1""},{""type"":""LTE"",""pci"":177,""earfcn"":3050,""tac"":null,""rsrp"":-94,""rsrq"":-13,""rssi"":-73,""snr"":null,""ta"":1,""level"":3,""bands"":""7""},{""type"":""LTE"",""pci"":11,""earfcn"":100,""tac"":null,""rsrp"":-97,""rsrq"":-16,""rssi"":-69,""snr"":null,""ta"":1,""level"":2,""bands"":""1""},{""type"":""LTE"",""pci"":100,""earfcn"":100,""tac"":null,""rsrp"":-97,""rsrq"":-17,""rssi"":-69,""snr"":null,""ta"":1,""level"":2,""bands"":""1""},{""type"":""LTE"",""pci"":100,""earfcn"":3050,""tac"":null,""rsrp"":-99,""rsrq"":-18,""rssi"":-73,""snr"":null,""ta"":1,""level"":2,""bands"":""7""},{""type"":""LTE"",""pci"":11,""earfcn"":3050,""tac"":null,""rsrp"":-101,""rsrq"":-18,""rssi"":-61,""snr"":null,""ta"":1,""level"":2,""bands"":""7""},{""type"":""LTE"",""pci"":160,""earfcn"":100,""tac"":null,""rsrp"":-103,""rsrq"":-20,""rssi"":-69,""snr"":null,""ta"":1,""level"":2,""bands"":""1""}]"
1790660143013,2026-09-29 14:35:43,car,37.6172559,127.0934093,3.79,16.32,105.0,54.66466464385009,fused,0,LTE,NR_NSA,5G,true,false,true,false,false,50806016,177,3050,7,8343,450,06,-83,-11,-51,2,4,0,,,,0,0,0.0000,0.0000,0,0,0.0000,0.0000,false,10,0,10,-79,177,2600,16.32,false,false,periodic,0,5,0,0,265,,,,"[{""type"":""LTE"",""pci"":177,""earfcn"":2600,""tac"":null,""rsrp"":-79,""rsrq"":-10,""rssi"":-51,""snr"":null,""ta"":0,""level"":4,""bands"":""5""},{""type"":""LTE"",""pci"":177,""earfcn"":100,""tac"":null,""rsrp"":-81,""rsrq"":-8,""rssi"":-57,""snr"":null,""ta"":0,""level"":4,""bands"":""1""},{""type"":""LTE"",""pci"":384,""earfcn"":100,""tac"":null,""rsrp"":-86,""rsrq"":-16,""rssi"":-57,""snr"":null,""ta"":0,""level"":3,""bands"":""1""},{""type"":""LTE"",""pci"":384,""earfcn"":2600,""tac"":null,""rsrp"":-86,""rsrq"":-18,""rssi"":-61,""snr"":null,""ta"":0,""level"":3,""bands"":""5""},{""type"":""LTE"",""pci"":11,""earfcn"":3050,""tac"":null,""rsrp"":-91,""rsrq"":-15,""rssi"":-67,""snr"":null,""ta"":0,""level"":3,""bands"":""7""},{""type"":""LTE"",""pci"":11,""earfcn"":100,""tac"":null,""rsrp"":-94,""rsrq"":-18,""rssi"":-57,""snr"":null,""ta"":0,""level"":3,""bands"":""1""},{""type"":""LTE"",""pci"":100,""earfcn"":100,""tac"":null,""rsrp"":-94,""rsrq"":-16,""rssi"":-59,""snr"":null,""ta"":0,""level"":3,""bands"":""1""},{""type"":""LTE"",""pci"":100,""earfcn"":3050,""tac"":null,""rsrp"":-95,""rsrq"":-18,""rssi"":-65,""snr"":null,""ta"":0,""level"":3,""bands"":""7""},{""type"":""LTE"",""pci"":384,""earfcn"":3050,""tac"":null,""rsrp"":-97,""rsrq"":-19,""rssi"":-51,""snr"":null,""ta"":0,""level"":2,""bands"":""7""},{""type"":""LTE"",""pci"":160,""earfcn"":100,""tac"":null,""rsrp"":-103,""rsrq"":-20,""rssi"":-69,""snr"":null,""ta"":0,""level"":2,""bands"":""1""}]",1007.3663,60,0.459,0.524,19,2,,,,"[{""b"":""b4:94:4e:04:fb:76"",""s"":""Public WiFi Secure"",""r"":-31,""f"":2417},{""b"":""b4:94:4e:04:fb:77"",""s"":""Public WiFi Secure"",""r"":-31,""f"":5745},{""b"":""ba:94:4e:04:fb:76"",""s"":""Public WiFi Free"",""r"":-31,""f"":2417},{""b"":""ba:94:4e:04:fb:77"",""s"":""Public WiFi Free"",""r"":-31,""f"":5745},{""b"":""40:ca:63:62:c8:c4"",""s"":""Samsung Room A\/C_E50AJTAR066R"",""r"":-74,""f"":2412},{""b"":""54:7e:1a:7c:87:3d"",""s"":""U+Net3DBC"",""r"":-74,""f"":2437},{""b"":""08:5d:dd:1b:4c:25"",""s"":"""",""r"":-79,""f"":2412},{""b"":""22:ec:72:15:62:fb"",""s"":"""",""r"":-80,""f"":5785},{""b"":""1c:ec:72:15:62:fb"",""s"":""Handonggil_kt"",""r"":-80,""f"":5785},{""b"":""2e:4e:e9:7c:38:2b"",""s"":"""",""r"":-82,""f"":2447},{""b"":""88:bd:09:ae:ed:6f"",""s"":""DLive_ED6A"",""r"":-82,""f"":2462},{""b"":""60:29:d5:9d:ff:ae"",""s"":""YBY_5G"",""r"":-89,""f"":5805},{""b"":""38:f4:5e:5c:55:bc"",""s"":""KT_GiGA_5G_55B8"",""r"":-89,""f"":5765},{""b"":""86:ca:4b:e6:ad:f7"",""s"":"""",""r"":-89,""f"":5200},{""b"":""b4:a9:4f:54:c6:ad"",""s"":""U+NetC6AF_5G"",""r"":-90,""f"":5220}]",""
1790660144891,2026-09-29 14:35:44,car,37.6172559,127.0934093,3.79,16.32,105.0,54.66466464385009,fused,1,LTE,NR_NSA,5G,true,false,true,false,false,50806017,11,3050,7,8343,450,06,-73,-11,-51,1,4,1,,,,30886,82972,0.2471,0.6638,30886,82972,0.2471,0.6638,false,8,0,8,-72,177,2600,16.32,true,true,handover,0,6,,,5,50806016,-83,-11,"[{""type"":""LTE"",""pci"":177,""earfcn"":2600,""tac"":null,""rsrp"":-72,""rsrq"":-8,""rssi"":-51,""snr"":null,""ta"":1,""level"":4,""bands"":""5""},{""type"":""LTE"",""pci"":11,""earfcn"":2600,""tac"":null,""rsrp"":-72,""rsrq"":-14,""rssi"":-51,""snr"":null,""ta"":1,""level"":4,""bands"":""5""},{""type"":""LTE"",""pci"":11,""earfcn"":100,""tac"":null,""rsrp"":-76,""rsrq"":-11,""rssi"":-53,""snr"":null,""ta"":1,""level"":4,""bands"":""1""},{""type"":""LTE"",""pci"":177,""earfcn"":100,""tac"":null,""rsrp"":-78,""rsrq"":-11,""rssi"":-53,""snr"":null,""ta"":1,""level"":4,""bands"":""1""},{""type"":""LTE"",""pci"":384,""earfcn"":2600,""tac"":null,""rsrp"":-78,""rsrq"":-20,""rssi"":-51,""snr"":null,""ta"":1,""level"":4,""bands"":""5""},{""type"":""LTE"",""pci"":177,""earfcn"":3050,""tac"":null,""rsrp"":-84,""rsrq"":-12,""rssi"":-51,""snr"":null,""ta"":1,""level"":4,""bands"":""7""},{""type"":""LTE"",""pci"":384,""earfcn"":100,""tac"":null,""rsrp"":-86,""rsrq"":-16,""rssi"":-57,""snr"":null,""ta"":1,""level"":3,""bands"":""1""},{""type"":""LTE"",""pci"":100,""earfcn"":100,""tac"":null,""rsrp"":-94,""rsrq"":-16,""rssi"":-59,""snr"":null,""ta"":1,""level"":3,""bands"":""1""}]",1007.3303,60,0.852,0.852,19,4,,,,"[{""b"":""b4:94:4e:04:fb:76"",""s"":""Public WiFi Secure"",""r"":-31,""f"":2417},{""b"":""b4:94:4e:04:fb:77"",""s"":""Public WiFi Secure"",""r"":-31,""f"":5745},{""b"":""ba:94:4e:04:fb:76"",""s"":""Public WiFi Free"",""r"":-31,""f"":2417},{""b"":""ba:94:4e:04:fb:77"",""s"":""Public WiFi Free"",""r"":-31,""f"":5745},{""b"":""40:ca:63:62:c8:c4"",""s"":""Samsung Room A\/C_E50AJTAR066R"",""r"":-74,""f"":2412},{""b"":""54:7e:1a:7c:87:3d"",""s"":""U+Net3DBC"",""r"":-74,""f"":2437},{""b"":""08:5d:dd:1b:4c:25"",""s"":"""",""r"":-79,""f"":2412},{""b"":""22:ec:72:15:62:fb"",""s"":"""",""r"":-80,""f"":5785},{""b"":""1c:ec:72:15:62:fb"",""s"":""Handonggil_kt"",""r"":-80,""f"":5785},{""b"":""2e:4e:e9:7c:38:2b"",""s"":"""",""r"":-82,""f"":2447},{""b"":""88:bd:09:ae:ed:6f"",""s"":""DLive_ED6A"",""r"":-82,""f"":2462},{""b"":""60:29:d5:9d:ff:ae"",""s"":""YBY_5G"",""r"":-89,""f"":5805},{""b"":""38:f4:5e:5c:55:bc"",""s"":""KT_GiGA_5G_55B8"",""r"":-89,""f"":5765},{""b"":""86:ca:4b:e6:ad:f7"",""s"":"""",""r"":-89,""f"":5200},{""b"":""b4:a9:4f:54:c6:ad"",""s"":""U+NetC6AF_5G"",""r"":-90,""f"":5220}]","[{""type"":""LTE"",""pci"":177,""earfcn"":2600,""tac"":null,""rsrp"":-79,""rsrq"":-10,""rssi"":-51,""snr"":null,""ta"":0,""level"":4,""bands"":""5""},{""type"":""LTE"",""pci"":177,""earfcn"":100,""tac"":null,""rsrp"":-81,""rsrq"":-8,""rssi"":-57,""snr"":null,""ta"":0,""level"":4,""bands"":""1""},{""type"":""LTE"",""pci"":384,""earfcn"":100,""tac"":null,""rsrp"":-86,""rsrq"":-16,""rssi"":-57,""snr"":null,""ta"":0,""level"":3,""bands"":""1""},{""type"":""LTE"",""pci"":384,""earfcn"":2600,""tac"":null,""rsrp"":-86,""rsrq"":-18,""rssi"":-61,""snr"":null,""ta"":0,""level"":3,""bands"":""5""},{""type"":""LTE"",""pci"":11,""earfcn"":3050,""tac"":null,""rsrp"":-91,""rsrq"":-15,""rssi"":-67,""snr"":null,""ta"":0,""level"":3,""bands"":""7""},{""type"":""LTE"",""pci"":11,""earfcn"":100,""tac"":null,""rsrp"":-94,""rsrq"":-18,""rssi"":-57,""snr"":null,""ta"":0,""level"":3,""bands"":""1""},{""type"":""LTE"",""pci"":100,""earfcn"":100,""tac"":null,""rsrp"":-94,""rsrq"":-16,""rssi"":-59,""snr"":null,""ta"":0,""level"":3,""bands"":""1""},{""type"":""LTE"",""pci"":100,""earfcn"":3050,""tac"":null,""rsrp"":-95,""rsrq"":-18,""rssi"":-65,""snr"":null,""ta"":0,""level"":3,""bands"":""7""},{""type"":""LTE"",""pci"":384,""earfcn"":3050,""tac"":null,""rsrp"":-97,""rsrq"":-19,""rssi"":-51,""snr"":null,""ta"":0,""level"":2,""bands"":""7""},{""type"":""LTE"",""pci"":160,""earfcn"":100,""tac"":null,""rsrp"":-103,""rsrq"":-20,""rssi"":-69,""snr"":null,""ta"":0,""level"":2,""bands"":""1""}]"
1790660148018,2026-09-29 14:35:48,car,37.6171194,127.0941385,3.79,16.25,102.0,54.89292336262277,fused,1,LTE,NR_NSA,5G,true,false,true,false,false,50806017,11,3050,7,8343,450,06,-73,-11,-51,1,4,1,,,,9996,69609,0.0800,0.5569,9964,69577,0.0797,0.5566,false,8,0,8,-72,177,2600,16.25,false,false,periodic,3,6,0,0,3131,,,,"[{""type"":""LTE"",""pci"":177,""earfcn"":2600,""tac"":null,""rsrp"":-72,""rsrq"":-8,""rssi"":-51,""snr"":null,""ta"":1,""level"":4,""bands"":""5""},{""type"":""LTE"",""pci"":11,""earfcn"":2600,""tac"":null,""rsrp"":-72,""rsrq"":-14,""rssi"":-51,""snr"":null,""ta"":1,""level"":4,""bands"":""5""},{""type"":""LTE"",""pci"":11,""earfcn"":100,""tac"":null,""rsrp"":-76,""rsrq"":-11,""rssi"":-53,""snr"":null,""ta"":1,""level"":4,""bands"":""1""},{""type"":""LTE"",""pci"":177,""earfcn"":100,""tac"":null,""rsrp"":-78,""rsrq"":-11,""rssi"":-53,""snr"":null,""ta"":1,""level"":4,""bands"":""1""},{""type"":""LTE"",""pci"":384,""earfcn"":2600,""tac"":null,""rsrp"":-78,""rsrq"":-20,""rssi"":-51,""snr"":null,""ta"":1,""level"":4,""bands"":""5""},{""type"":""LTE"",""pci"":177,""earfcn"":3050,""tac"":null,""rsrp"":-84,""rsrq"":-12,""rssi"":-51,""snr"":null,""ta"":1,""level"":4,""bands"":""7""},{""type"":""LTE"",""pci"":384,""earfcn"":100,""tac"":null,""rsrp"":-86,""rsrq"":-16,""rssi"":-57,""snr"":null,""ta"":1,""level"":3,""bands"":""1""},{""type"":""LTE"",""pci"":100,""earfcn"":100,""tac"":null,""rsrp"":-94,""rsrq"":-16,""rssi"":-59,""snr"":null,""ta"":1,""level"":3,""bands"":""1""}]",1007.25256,72,0.524,0.459,19,7,,,,"[{""b"":""b4:94:4e:04:fb:76"",""s"":""Public WiFi Secure"",""r"":-31,""f"":2417},{""b"":""b4:94:4e:04:fb:77"",""s"":""Public WiFi Secure"",""r"":-31,""f"":5745},{""b"":""ba:94:4e:04:fb:76"",""s"":""Public WiFi Free"",""r"":-31,""f"":2417},{""b"":""ba:94:4e:04:fb:77"",""s"":""Public WiFi Free"",""r"":-31,""f"":5745},{""b"":""40:ca:63:62:c8:c4"",""s"":""Samsung Room A\/C_E50AJTAR066R"",""r"":-74,""f"":2412},{""b"":""54:7e:1a:7c:87:3d"",""s"":""U+Net3DBC"",""r"":-74,""f"":2437},{""b"":""08:5d:dd:1b:4c:25"",""s"":"""",""r"":-79,""f"":2412},{""b"":""22:ec:72:15:62:fb"",""s"":"""",""r"":-80,""f"":5785},{""b"":""1c:ec:72:15:62:fb"",""s"":""Handonggil_kt"",""r"":-80,""f"":5785},{""b"":""2e:4e:e9:7c:38:2b"",""s"":"""",""r"":-82,""f"":2447},{""b"":""88:bd:09:ae:ed:6f"",""s"":""DLive_ED6A"",""r"":-82,""f"":2462},{""b"":""60:29:d5:9d:ff:ae"",""s"":""YBY_5G"",""r"":-89,""f"":5805},{""b"":""38:f4:5e:5c:55:bc"",""s"":""KT_GiGA_5G_55B8"",""r"":-89,""f"":5765},{""b"":""86:ca:4b:e6:ad:f7"",""s"":"""",""r"":-89,""f"":5200},{""b"":""b4:a9:4f:54:c6:ad"",""s"":""U+NetC6AF_5G"",""r"":-90,""f"":5220}]",""
1790660149151,2026-09-29 14:35:49,car,37.6170561,127.0945045,3.79,16.41,101.0,55.16882531112664,fused,0,LTE,NR_NSA,5G,true,false,true,false,false,50806016,177,3050,7,8343,450,06,-85,-9,-55,8,4,0,,,,2594,71688,0.0208,0.5735,2594,71688,0.0208,0.5735,false,7,0,7,-80,177,100,16.41,true,true,handover,0,7,,,3,50806017,-73,-11,"[{""type"":""LTE"",""pci"":177,""earfcn"":100,""tac"":null,""rsrp"":-80,""rsrq"":-9,""rssi"":-63,""snr"":null,""ta"":0,""level"":4,""bands"":""1""},{""type"":""LTE"",""pci"":11,""earfcn"":2600,""tac"":null,""rsrp"":-87,""rsrq"":-13,""rssi"":-61,""snr"":null,""ta"":0,""level"":3,""bands"":""5""},{""type"":""LTE"",""pci"":177,""earfcn"":2600,""tac"":null,""rsrp"":-88,""rsrq"":-12,""rssi"":-61,""snr"":null,""ta"":0,""level"":3,""bands"":""5""},{""type"":""LTE"",""pci"":11,""earfcn"":100,""tac"":null,""rsrp"":-88,""rsrq"":-12,""rssi"":-63,""snr"":null,""ta"":0,""level"":3,""bands"":""1""},{""type"":""LTE"",""pci"":11,""earfcn"":3050,""tac"":null,""rsrp"":-89,""rsrq"":-10,""rssi"":-67,""snr"":null,""ta"":0,""level"":3,""bands"":""7""},{""type"":""LTE"",""pci"":384,""earfcn"":2600,""tac"":null,""rsrp"":-93,""rsrq"":-19,""rssi"":-61,""snr"":null,""ta"":0,""level"":3,""bands"":""5""},{""type"":""LTE"",""pci"":342,""earfcn"":3050,""tac"":null,""rsrp"":-95,""rsrq"":-16,""rssi"":-67,""snr"":null,""ta"":0,""level"":3,""bands"":""7""}]",1007.20197,72,0.459,0.524,19,8,,,,"[{""b"":""b4:94:4e:04:fb:76"",""s"":""Public WiFi Secure"",""r"":-31,""f"":2417},{""b"":""b4:94:4e:04:fb:77"",""s"":""Public WiFi Secure"",""r"":-31,""f"":5745},{""b"":""ba:94:4e:04:fb:76"",""s"":""Public WiFi Free"",""r"":-31,""f"":2417},{""b"":""ba:94:4e:04:fb:77"",""s"":""Public WiFi Free"",""r"":-31,""f"":5745},{""b"":""40:ca:63:62:c8:c4"",""s"":""Samsung Room A\/C_E50AJTAR066R"",""r"":-74,""f"":2412},{""b"":""54:7e:1a:7c:87:3d"",""s"":""U+Net3DBC"",""r"":-74,""f"":2437},{""b"":""08:5d:dd:1b:4c:25"",""s"":"""",""r"":-79,""f"":2412},{""b"":""22:ec:72:15:62:fb"",""s"":"""",""r"":-80,""f"":5785},{""b"":""1c:ec:72:15:62:fb"",""s"":""Handonggil_kt"",""r"":-80,""f"":5785},{""b"":""2e:4e:e9:7c:38:2b"",""s"":"""",""r"":-82,""f"":2447},{""b"":""88:bd:09:ae:ed:6f"",""s"":""DLive_ED6A"",""r"":-82,""f"":2462},{""b"":""60:29:d5:9d:ff:ae"",""s"":""YBY_5G"",""r"":-89,""f"":5805},{""b"":""38:f4:5e:5c:55:bc"",""s"":""KT_GiGA_5G_55B8"",""r"":-89,""f"":5765},{""b"":""86:ca:4b:e6:ad:f7"",""s"":"""",""r"":-89,""f"":5200},{""b"":""b4:a9:4f:54:c6:ad"",""s"":""U+NetC6AF_5G"",""r"":-90,""f"":5220}]","[{""type"":""LTE"",""pci"":177,""earfcn"":2600,""tac"":null,""rsrp"":-72,""rsrq"":-8,""rssi"":-51,""snr"":null,""ta"":1,""level"":4,""bands"":""5""},{""type"":""LTE"",""pci"":11,""earfcn"":2600,""tac"":null,""rsrp"":-72,""rsrq"":-14,""rssi"":-51,""snr"":null,""ta"":1,""level"":4,""bands"":""5""},{""type"":""LTE"",""pci"":11,""earfcn"":100,""tac"":null,""rsrp"":-76,""rsrq"":-11,""rssi"":-53,""snr"":null,""ta"":1,""level"":4,""bands"":""1""},{""type"":""LTE"",""pci"":177,""earfcn"":100,""tac"":null,""rsrp"":-78,""rsrq"":-11,""rssi"":-53,""snr"":null,""ta"":1,""level"":4,""bands"":""1""},{""type"":""LTE"",""pci"":384,""earfcn"":2600,""tac"":null,""rsrp"":-78,""rsrq"":-20,""rssi"":-51,""snr"":null,""ta"":1,""level"":4,""bands"":""5""},{""type"":""LTE"",""pci"":177,""earfcn"":3050,""tac"":null,""rsrp"":-84,""rsrq"":-12,""rssi"":-51,""snr"":null,""ta"":1,""level"":4,""bands"":""7""},{""type"":""LTE"",""pci"":384,""earfcn"":100,""tac"":null,""rsrp"":-86,""rsrq"":-16,""rssi"":-57,""snr"":null,""ta"":1,""level"":3,""bands"":""1""},{""type"":""LTE"",""pci"":100,""earfcn"":100,""tac"":null,""rsrp"":-94,""rsrq"":-16,""rssi"":-59,""snr"":null,""ta"":1,""level"":3,""bands"":""1""}]"
1790660153831,2026-09-29 14:35:53,car,37.616999,127.0948721,3.79,16.31,101.0,55.30505692747184,fused,2,LTE,NR_NSA,5G,true,false,true,false,false,50806016,177,3050,7,8343,450,06,-85,-9,-55,8,4,0,,,,7607,51666,0.0609,0.4133,7585,51666,0.0607,0.4133,false,7,0,7,-80,177,100,16.31,false,false,periodic,4,6,0,0,4684,,,,"[{""type"":""LTE"",""pci"":177,""earfcn"":100,""tac"":null,""rsrp"":-80,""rsrq"":-9,""rssi"":-63,""snr"":null,""ta"":0,""level"":4,""bands"":""1""},{""type"":""LTE"",""pci"":11,""earfcn"":2600,""tac"":null,""rsrp"":-87,""rsrq"":-13,""rssi"":-61,""snr"":null,""ta"":0,""level"":3,""bands"":""5""},{""type"":""LTE"",""pci"":177,""earfcn"":2600,""tac"":null,""rsrp"":-88,""rsrq"":-12,""rssi"":-61,""snr"":null,""ta"":0,""level"":3,""bands"":""5""},{""type"":""LTE"",""pci"":11,""earfcn"":100,""tac"":null,""rsrp"":-88,""rsrq"":-12,""rssi"":-63,""snr"":null,""ta"":0,""level"":3,""bands"":""1""},{""type"":""LTE"",""pci"":11,""earfcn"":3050,""tac"":null,""rsrp"":-89,""rsrq"":-10,""rssi"":-67,""snr"":null,""ta"":0,""level"":3,""bands"":""7""},{""type"":""LTE"",""pci"":384,""earfcn"":2600,""tac"":null,""rsrp"":-93,""rsrq"":-19,""rssi"":-61,""snr"":null,""ta"":0,""level"":3,""bands"":""5""},{""type"":""LTE"",""pci"":342,""earfcn"":3050,""tac"":null,""rsrp"":-95,""rsrq"":-16,""rssi"":-67,""snr"":null,""ta"":0,""level"":3,""bands"":""7""}]",1007.29803,45,0.000,0.000,13,6,,,,"[{""b"":""b4:94:4e:04:fb:76"",""s"":""Public WiFi Secure"",""r"":-33,""f"":2417},{""b"":""b4:94:4e:04:fb:77"",""s"":""Public WiFi Secure"",""r"":-35,""f"":5745},{""b"":""ba:94:4e:04:fb:76"",""s"":""Public WiFi Free"",""r"":-35,""f"":2417},{""b"":""ba:94:4e:04:fb:77"",""s"":""Public WiFi Free"",""r"":-35,""f"":5745},{""b"":""0e:80:2f:fd:db:43"",""s"":""Kia_0QAQ"",""r"":-76,""f"":5805},{""b"":""b0:38:6c:27:09:5c"",""s"":""iptime5G"",""r"":-79,""f"":5745},{""b"":""78:20:51:92:bd:f8"",""s"":""CCTV WIFI"",""r"":-80,""f"":5745},{""b"":""3c:78:95:bd:7f:e6"",""s"":""CCTV WIFI2"",""r"":-80,""f"":5805},{""b"":""0a:29:d5:d4:b1:81"",""s"":""Public WiFi Free"",""r"":-85,""f"":5260},{""b"":""0a:29:d5:d4:b1:82"",""s"":"""",""r"":-85,""f"":5260},{""b"":""0a:29:d5:d4:b1:80"",""s"":""Public WiFi Secure"",""r"":-86,""f"":5260},{""b"":""0c:96:cd:ee:9b:bb"",""s"":""KT_GiGA_5G_9BB8"",""r"":-91,""f"":5220},{""b"":""42:d5:21:e6:80:43"",""s"":""HYUNDAI_240C6E125D0413"",""r"":-91,""f"":5745}]",""
1790660157893,2026-09-29 14:35:57,car,37.6168425,127.0959034,9.935,14.7,101.0,56.11710395553893,fused,0,LTE,NR_NSA,5G,true,false,true,false,false,50806021,268,3050,7,8343,450,06,-95,-13,-63,6,3,2,,,,3992,91085,0.0319,0.7287,3967,91036,0.0317,0.7283,false,6,0,6,-90,268,100,14.7,true,false,handover,0,7,,,6,50806016,-85,-9,"[{""type"":""LTE"",""pci"":268,""earfcn"":100,""tac"":null,""rsrp"":-90,""rsrq"":-9,""rssi"":-71,""snr"":null,""ta"":2,""level"":3,""bands"":""1""},{""type"":""LTE"",""pci"":268,""earfcn"":2600,""tac"":null,""rsrp"":-91,""rsrq"":-9,""rssi"":-71,""snr"":null,""ta"":2,""level"":3,""bands"":""5""},{""type"":""LTE"",""pci"":186,""earfcn"":2600,""tac"":null,""rsrp"":-95,""rsrq"":-14,""rssi"":-71,""snr"":null,""ta"":2,""level"":3,""bands"":""5""},{""type"":""LTE"",""pci"":186,""earfcn"":3050,""tac"":null,""rsrp"":-98,""rsrq"":-15,""rssi"":-71,""snr"":null,""ta"":2,""level"":2,""bands"":""7""},{""type"":""LTE"",""pci"":177,""earfcn"":3050,""tac"":null,""rsrp"":-100,""rsrq"":-15,""rssi"":-61,""snr"":null,""ta"":2,""level"":2,""bands"":""7""},{""type"":""LTE"",""pci"":100,""earfcn"":3050,""tac"":null,""rsrp"":-100,""rsrq"":-15,""rssi"":-71,""snr"":null,""ta"":2,""level"":2,""bands"":""7""}]",1007.2213,46,0.524,0.524,13,10,,,,"[{""b"":""b4:94:4e:04:fb:76"",""s"":""Public WiFi Secure"",""r"":-33,""f"":2417},{""b"":""b4:94:4e:04:fb:77"",""s"":""Public WiFi Secure"",""r"":-35,""f"":5745},{""b"":""ba:94:4e:04:fb:76"",""s"":""Public WiFi Free"",""r"":-35,""f"":2417},{""b"":""ba:94:4e:04:fb:77"",""s"":""Public WiFi Free"",""r"":-35,""f"":5745},{""b"":""0e:80:2f:fd:db:43"",""s"":""Kia_0QAQ"",""r"":-76,""f"":5805},{""b"":""b0:38:6c:27:09:5c"",""s"":""iptime5G"",""r"":-79,""f"":5745},{""b"":""78:20:51:92:bd:f8"",""s"":""CCTV WIFI"",""r"":-80,""f"":5745},{""b"":""3c:78:95:bd:7f:e6"",""s"":""CCTV WIFI2"",""r"":-80,""f"":5805},{""b"":""0a:29:d5:d4:b1:81"",""s"":""Public WiFi Free"",""r"":-85,""f"":5260},{""b"":""0a:29:d5:d4:b1:82"",""s"":"""",""r"":-85,""f"":5260},{""b"":""0a:29:d5:d4:b1:80"",""s"":""Public WiFi Secure"",""r"":-86,""f"":5260},{""b"":""0c:96:cd:ee:9b:bb"",""s"":""KT_GiGA_5G_9BB8"",""r"":-91,""f"":5220},{""b"":""42:d5:21:e6:80:43"",""s"":""HYUNDAI_240C6E125D0413"",""r"":-91,""f"":5745}]","[{""type"":""LTE"",""pci"":177,""earfcn"":100,""tac"":null,""rsrp"":-80,""rsrq"":-9,""rssi"":-63,""snr"":null,""ta"":0,""level"":4,""bands"":""1""},{""type"":""LTE"",""pci"":11,""earfcn"":2600,""tac"":null,""rsrp"":-87,""rsrq"":-13,""rssi"":-61,""snr"":null,""ta"":0,""level"":3,""bands"":""5""},{""type"":""LTE"",""pci"":177,""earfcn"":2600,""tac"":null,""rsrp"":-88,""rsrq"":-12,""rssi"":-61,""snr"":null,""ta"":0,""level"":3,""bands"":""5""},{""type"":""LTE"",""pci"":11,""earfcn"":100,""tac"":null,""rsrp"":-88,""rsrq"":-12,""rssi"":-63,""snr"":null,""ta"":0,""level"":3,""bands"":""1""},{""type"":""LTE"",""pci"":11,""earfcn"":3050,""tac"":null,""rsrp"":-89,""rsrq"":-10,""rssi"":-67,""snr"":null,""ta"":0,""level"":3,""bands"":""7""},{""type"":""LTE"",""pci"":384,""earfcn"":2600,""tac"":null,""rsrp"":-93,""rsrq"":-19,""rssi"":-61,""snr"":null,""ta"":0,""level"":3,""bands"":""5""},{""type"":""LTE"",""pci"":342,""earfcn"":3050,""tac"":null,""rsrp"":-95,""rsrq"":-16,""rssi"":-67,""snr"":null,""ta"":0,""level"":3,""bands"":""7""}]"
1790660158839,2026-09-29 14:35:58,car,37.6168425,127.0959034,9.935,14.7,101.0,56.11710395553893,fused,1,LTE,NR_NSA,5G,true,false,true,false,false,50806021,268,3050,7,8343,450,06,-95,-13,-63,6,3,2,,,,0,0,0.0000,0.0000,0,0,0.0000,0.0000,false,6,0,6,-90,268,100,14.7,false,false,periodic,0,6,0,0,950,,,,"[{""type"":""LTE"",""pci"":268,""earfcn"":100,""tac"":null,""rsrp"":-90,""rsrq"":-9,""rssi"":-71,""snr"":null,""ta"":2,""level"":3,""bands"":""1""},{""type"":""LTE"",""pci"":268,""earfcn"":2600,""tac"":null,""rsrp"":-91,""rsrq"":-9,""rssi"":-71,""snr"":null,""ta"":2,""level"":3,""bands"":""5""},{""type"":""LTE"",""pci"":186,""earfcn"":2600,""tac"":null,""rsrp"":-95,""rsrq"":-14,""rssi"":-71,""snr"":null,""ta"":2,""level"":3,""bands"":""5""},{""type"":""LTE"",""pci"":186,""earfcn"":3050,""tac"":null,""rsrp"":-98,""rsrq"":-15,""rssi"":-71,""snr"":null,""ta"":2,""level"":2,""bands"":""7""},{""type"":""LTE"",""pci"":177,""earfcn"":3050,""tac"":null,""rsrp"":-100,""rsrq"":-15,""rssi"":-61,""snr"":null,""ta"":2,""level"":2,""bands"":""7""},{""type"":""LTE"",""pci"":100,""earfcn"":3050,""tac"":null,""rsrp"":-100,""rsrq"":-15,""rssi"":-71,""snr"":null,""ta"":2,""level"":2,""bands"":""7""}]",1007.28064,46,0.524,0.524,13,11,,,,"[{""b"":""b4:94:4e:04:fb:76"",""s"":""Public WiFi Secure"",""r"":-33,""f"":2417},{""b"":""b4:94:4e:04:fb:77"",""s"":""Public WiFi Secure"",""r"":-35,""f"":5745},{""b"":""ba:94:4e:04:fb:76"",""s"":""Public WiFi Free"",""r"":-35,""f"":2417},{""b"":""ba:94:4e:04:fb:77"",""s"":""Public WiFi Free"",""r"":-35,""f"":5745},{""b"":""0e:80:2f:fd:db:43"",""s"":""Kia_0QAQ"",""r"":-76,""f"":5805},{""b"":""b0:38:6c:27:09:5c"",""s"":""iptime5G"",""r"":-79,""f"":5745},{""b"":""78:20:51:92:bd:f8"",""s"":""CCTV WIFI"",""r"":-80,""f"":5745},{""b"":""3c:78:95:bd:7f:e6"",""s"":""CCTV WIFI2"",""r"":-80,""f"":5805},{""b"":""0a:29:d5:d4:b1:81"",""s"":""Public WiFi Free"",""r"":-85,""f"":5260},{""b"":""0a:29:d5:d4:b1:82"",""s"":"""",""r"":-85,""f"":5260},{""b"":""0a:29:d5:d4:b1:80"",""s"":""Public WiFi Secure"",""r"":-86,""f"":5260},{""b"":""0c:96:cd:ee:9b:bb"",""s"":""KT_GiGA_5G_9BB8"",""r"":-91,""f"":5220},{""b"":""42:d5:21:e6:80:43"",""s"":""HYUNDAI_240C6E125D0413"",""r"":-91,""f"":5745}]",""
1790660163846,2026-09-29 14:36:03,car,37.6167414,127.0966209,7.886,9.13,100.0,56.60079438607997,fused,0,LTE,NR_NSA,5G,true,false,true,false,false,50806021,268,3050,7,8343,450,06,-97,-12,-61,4,2,2,,,,7138,81641,0.0571,0.6531,7098,81601,0.0568,0.6528,false,7,0,7,-90,268,100,9.13,false,false,periodic,5,6,-2,-2,4999,,,,"[{""type"":""LTE"",""pci"":268,""earfcn"":100,""tac"":null,""rsrp"":-90,""rsrq"":-10,""rssi"":-69,""snr"":null,""ta"":2,""level"":3,""bands"":""1""},{""type"":""LTE"",""pci"":177,""earfcn"":2600,""tac"":null,""rsrp"":-94,""rsrq"":-13,""rssi"":-69,""snr"":null,""ta"":2,""level"":3,""bands"":""5""},{""type"":""LTE"",""pci"":268,""earfcn"":2600,""tac"":null,""rsrp"":-95,""rsrq"":-10,""rssi"":-69,""snr"":null,""ta"":2,""level"":3,""bands"":""5""},{""type"":""LTE"",""pci"":186,""earfcn"":3050,""tac"":null,""rsrp"":-96,""rsrq"":-14,""rssi"":-75,""snr"":null,""ta"":2,""level"":2,""bands"":""7""},{""type"":""LTE"",""pci"":186,""earfcn"":2600,""tac"":null,""rsrp"":-96,""rsrq"":-15,""rssi"":-69,""snr"":null,""ta"":2,""level"":2,""bands"":""5""},{""type"":""LTE"",""pci"":100,""earfcn"":3050,""tac"":null,""rsrp"":-99,""rsrq"":-15,""rssi"":-75,""snr"":null,""ta"":2,""level"":2,""bands"":""7""},{""type"":""LTE"",""pci"":177,""earfcn"":3050,""tac"":null,""rsrp"":-100,""rsrq"":-17,""rssi"":-71,""snr"":null,""ta"":2,""level"":2,""bands"":""7""}]",1007.0515,49,0.983,0.983,13,16,,,,"[{""b"":""b4:94:4e:04:fb:76"",""s"":""Public WiFi Secure"",""r"":-33,""f"":2417},{""b"":""b4:94:4e:04:fb:77"",""s"":""Public WiFi Secure"",""r"":-35,""f"":5745},{""b"":""ba:94:4e:04:fb:76"",""s"":""Public WiFi Free"",""r"":-35,""f"":2417},{""b"":""ba:94:4e:04:fb:77"",""s"":""Public WiFi Free"",""r"":-35,""f"":5745},{""b"":""0e:80:2f:fd:db:43"",""s"":""Kia_0QAQ"",""r"":-76,""f"":5805},{""b"":""b0:38:6c:27:09:5c"",""s"":""iptime5G"",""r"":-79,""f"":5745},{""b"":""78:20:51:92:bd:f8"",""s"":""CCTV WIFI"",""r"":-80,""f"":5745},{""b"":""3c:78:95:bd:7f:e6"",""s"":""CCTV WIFI2"",""r"":-80,""f"":5805},{""b"":""0a:29:d5:d4:b1:81"",""s"":""Public WiFi Free"",""r"":-85,""f"":5260},{""b"":""0a:29:d5:d4:b1:82"",""s"":"""",""r"":-85,""f"":5260},{""b"":""0a:29:d5:d4:b1:80"",""s"":""Public WiFi Secure"",""r"":-86,""f"":5260},{""b"":""0c:96:cd:ee:9b:bb"",""s"":""KT_GiGA_5G_9BB8"",""r"":-91,""f"":5220},{""b"":""42:d5:21:e6:80:43"",""s"":""HYUNDAI_240C6E125D0413"",""r"":-91,""f"":5745}]",""
1790660169954,2026-09-29 14:36:09,car,37.6166983,127.0970231,3.79,9.14,97.0,57.2313410465743,fused,3,LTE,NR_NSA,5G,true,false,true,false,false,50806021,268,3050,7,8343,450,06,-92,-11,-57,0,3,1,,,,39518,76313,0.3161,0.6105,39502,76297,0.3160,0.6104,false,11,0,11,-86,268,2600,9.14,false,false,periodic,12,5,5,-4,6100,,,,"[{""type"":""LTE"",""pci"":268,""earfcn"":2600,""tac"":null,""rsrp"":-86,""rsrq"":-12,""rssi"":-55,""snr"":null,""ta"":1,""level"":3,""bands"":""5""},{""type"":""LTE"",""pci"":268,""earfcn"":100,""tac"":null,""rsrp"":-87,""rsrq"":-10,""rssi"":-53,""snr"":null,""ta"":1,""level"":3,""bands"":""1""},{""type"":""LTE"",""pci"":186,""earfcn"":2600,""tac"":null,""rsrp"":-90,""rsrq"":-17,""rssi"":-65,""snr"":null,""ta"":1,""level"":3,""bands"":""5""},{""type"":""LTE"",""pci"":224,""earfcn"":2600,""tac"":null,""rsrp"":-90,""rsrq"":-17,""rssi"":-65,""snr"":null,""ta"":1,""level"":3,""bands"":""5""},{""type"":""LTE"",""pci"":144,""earfcn"":2600,""tac"":null,""rsrp"":-91,""rsrq"":-17,""rssi"":-65,""snr"":null,""ta"":1,""level"":3,""bands"":""5""},{""type"":""LTE"",""pci"":224,""earfcn"":100,""tac"":null,""rsrp"":-92,""rsrq"":-14,""rssi"":-63,""snr"":null,""ta"":1,""level"":3,""bands"":""1""},{""type"":""LTE"",""pci"":216,""earfcn"":3050,""tac"":null,""rsrp"":-95,""rsrq"":-17,""rssi"":-67,""snr"":null,""ta"":1,""level"":3,""bands"":""7""},{""type"":""LTE"",""pci"":186,""earfcn"":3050,""tac"":null,""rsrp"":-96,""rsrq"":-16,""rssi"":-67,""snr"":null,""ta"":1,""level"":2,""bands"":""7""},{""type"":""LTE"",""pci"":144,""earfcn"":100,""tac"":null,""rsrp"":-96,""rsrq"":-18,""rssi"":-67,""snr"":null,""ta"":1,""level"":2,""bands"":""1""},{""type"":""LTE"",""pci"":251,""earfcn"":3050,""tac"":null,""rsrp"":-97,""rsrq"":-15,""rssi"":-67,""snr"":null,""ta"":1,""level"":2,""bands"":""7""},{""type"":""LTE"",""pci"":207,""earfcn"":3050,""tac"":null,""rsrp"":-99,""rsrq"":-19,""rssi"":-67,""snr"":null,""ta"":1,""level"":2,""bands"":""7""}]",1006.89215,68,0.000,0.000,13,22,,,,"[{""b"":""b4:94:4e:04:fb:76"",""s"":""Public WiFi Secure"",""r"":-33,""f"":2417},{""b"":""b4:94:4e:04:fb:77"",""s"":""Public WiFi Secure"",""r"":-35,""f"":5745},{""b"":""ba:94:4e:04:fb:76"",""s"":""Public WiFi Free"",""r"":-35,""f"":2417},{""b"":""ba:94:4e:04:fb:77"",""s"":""Public WiFi Free"",""r"":-35,""f"":5745},{""b"":""0e:80:2f:fd:db:43"",""s"":""Kia_0QAQ"",""r"":-76,""f"":5805},{""b"":""b0:38:6c:27:09:5c"",""s"":""iptime5G"",""r"":-79,""f"":5745},{""b"":""78:20:51:92:bd:f8"",""s"":""CCTV WIFI"",""r"":-80,""f"":5745},{""b"":""3c:78:95:bd:7f:e6"",""s"":""CCTV WIFI2"",""r"":-80,""f"":5805},{""b"":""0a:29:d5:d4:b1:81"",""s"":""Public WiFi Free"",""r"":-85,""f"":5260},{""b"":""0a:29:d5:d4:b1:82"",""s"":"""",""r"":-85,""f"":5260},{""b"":""0a:29:d5:d4:b1:80"",""s"":""Public WiFi Secure"",""r"":-86,""f"":5260},{""b"":""0c:96:cd:ee:9b:bb"",""s"":""KT_GiGA_5G_9BB8"",""r"":-91,""f"":5220},{""b"":""42:d5:21:e6:80:43"",""s"":""HYUNDAI_240C6E125D0413"",""r"":-91,""f"":5745}]",""
1790660176203,2026-09-29 14:36:16,car,37.6166211,127.0976986,3.79,10.79,101.0,59.04644420948323,fused,3,LTE,NR_NSA,5G,true,false,true,false,false,50806021,268,3050,7,8343,450,06,-86,-8,-57,2,3,1,,,,5891,70320,0.0471,0.5626,5875,70304,0.0470,0.5624,false,10,0,10,-81,268,100,10.79,false,false,periodic,18,2,6,2,6243,,,,"[{""type"":""LTE"",""pci"":268,""earfcn"":100,""tac"":null,""rsrp"":-81,""rsrq"":-8,""rssi"":-63,""snr"":null,""ta"":1,""level"":4,""bands"":""1""},{""type"":""LTE"",""pci"":268,""earfcn"":2600,""tac"":null,""rsrp"":-83,""rsrq"":-9,""rssi"":-63,""snr"":null,""ta"":1,""level"":4,""bands"":""5""},{""type"":""LTE"",""pci"":224,""earfcn"":100,""tac"":null,""rsrp"":-89,""rsrq"":-17,""rssi"":-63,""snr"":null,""ta"":1,""level"":3,""bands"":""1""},{""type"":""LTE"",""pci"":186,""earfcn"":2600,""tac"":null,""rsrp"":-91,""rsrq"":-18,""rssi"":-63,""snr"":null,""ta"":1,""level"":3,""bands"":""5""},{""type"":""LTE"",""pci"":224,""earfcn"":2600,""tac"":null,""rsrp"":-91,""rsrq"":-13,""rssi"":-69,""snr"":null,""ta"":1,""level"":3,""bands"":""5""},{""type"":""LTE"",""pci"":92,""earfcn"":2600,""tac"":null,""rsrp"":-93,""rsrq"":-20,""rssi"":-63,""snr"":null,""ta"":1,""level"":3,""bands"":""5""},{""type"":""LTE"",""pci"":186,""earfcn"":3050,""tac"":null,""rsrp"":-94,""rsrq"":-15,""rssi"":-67,""snr"":null,""ta"":1,""level"":3,""bands"":""7""},{""type"":""LTE"",""pci"":100,""earfcn"":3050,""tac"":null,""rsrp"":-96,""rsrq"":-16,""rssi"":-67,""snr"":null,""ta"":1,""level"":2,""bands"":""7""},{""type"":""LTE"",""pci"":216,""earfcn"":3050,""tac"":null,""rsrp"":-96,""rsrq"":-17,""rssi"":-67,""snr"":null,""ta"":1,""level"":2,""bands"":""7""},{""type"":""LTE"",""pci"":144,""earfcn"":2600,""tac"":null,""rsrp"":-100,""rsrq"":-20,""rssi"":-67,""snr"":null,""ta"":1,""level"":2,""bands"":""5""}]",1006.6089,64,0.000,0.000,13,28,,,,"[{""b"":""b4:94:4e:04:fb:76"",""s"":""Public WiFi Secure"",""r"":-33,""f"":2417},{""b"":""b4:94:4e:04:fb:77"",""s"":""Public WiFi Secure"",""r"":-35,""f"":5745},{""b"":""ba:94:4e:04:fb:76"",""s"":""Public WiFi Free"",""r"":-35,""f"":2417},{""b"":""ba:94:4e:04:fb:77"",""s"":""Public WiFi Free"",""r"":-35,""f"":5745},{""b"":""0e:80:2f:fd:db:43"",""s"":""Kia_0QAQ"",""r"":-76,""f"":5805},{""b"":""b0:38:6c:27:09:5c"",""s"":""iptime5G"",""r"":-79,""f"":5745},{""b"":""78:20:51:92:bd:f8"",""s"":""CCTV WIFI"",""r"":-80,""f"":5745},{""b"":""3c:78:95:bd:7f:e6"",""s"":""CCTV WIFI2"",""r"":-80,""f"":5805},{""b"":""0a:29:d5:d4:b1:81"",""s"":""Public WiFi Free"",""r"":-85,""f"":5260},{""b"":""0a:29:d5:d4:b1:82"",""s"":"""",""r"":-85,""f"":5260},{""b"":""0a:29:d5:d4:b1:80"",""s"":""Public WiFi Secure"",""r"":-86,""f"":5260},{""b"":""0c:96:cd:ee:9b:bb"",""s"":""KT_GiGA_5G_9BB8"",""r"":-91,""f"":5220},{""b"":""42:d5:21:e6:80:43"",""s"":""HYUNDAI_240C6E125D0413"",""r"":-91,""f"":5745}]",""
1790660181209,2026-09-29 14:36:21,car,37.6164623,127.0987151,3.79,12.44,101.0,61.55564192747352,fused,0,LTE,NR_NSA,5G,true,false,true,false,false,50806021,268,3050,7,8343,450,06,-81,-8,-51,5,4,0,,,,42780,92009,0.3422,0.7361,42740,91970,0.3419,0.7358,false,9,0,9,-78,268,2600,12.44,false,false,periodic,23,1,5,3,5001,,,,"[{""type"":""LTE"",""pci"":268,""earfcn"":2600,""tac"":null,""rsrp"":-78,""rsrq"":-9,""rssi"":-59,""snr"":null,""ta"":0,""level"":4,""bands"":""5""},{""type"":""LTE"",""pci"":268,""earfcn"":100,""tac"":null,""rsrp"":-79,""rsrq"":-7,""rssi"":-61,""snr"":null,""ta"":0,""level"":4,""bands"":""1""},{""type"":""LTE"",""pci"":251,""earfcn"":2600,""tac"":null,""rsrp"":-86,""rsrq"":-20,""rssi"":-55,""snr"":null,""ta"":0,""level"":3,""bands"":""5""},{""type"":""LTE"",""pci"":224,""earfcn"":2600,""tac"":null,""rsrp"":-88,""rsrq"":-15,""rssi"":-65,""snr"":null,""ta"":0,""level"":3,""bands"":""5""},{""type"":""LTE"",""pci"":186,""earfcn"":2600,""tac"":null,""rsrp"":-89,""rsrq"":-20,""rssi"":-59,""snr"":null,""ta"":0,""level"":3,""bands"":""5""},{""type"":""LTE"",""pci"":186,""earfcn"":3050,""tac"":null,""rsrp"":-90,""rsrq"":-15,""rssi"":-65,""snr"":null,""ta"":0,""level"":3,""bands"":""7""},{""type"":""LTE"",""pci"":92,""earfcn"":2600,""tac"":null,""rsrp"":-91,""rsrq"":-20,""rssi"":-59,""snr"":null,""ta"":0,""level"":3,""bands"":""5""},{""type"":""LTE"",""pci"":100,""earfcn"":3050,""tac"":null,""rsrp"":-94,""rsrq"":-19,""rssi"":-65,""snr"":null,""ta"":0,""level"":3,""bands"":""7""},{""type"":""LTE"",""pci"":144,""earfcn"":2600,""tac"":null,""rsrp"":-95,""rsrq"":-20,""rssi"":-65,""snr"":null,""ta"":0,""level"":3,""bands"":""5""}]",1006.5313,67,0.459,0.459,16,3,,,,"[{""b"":""ba:94:4e:04:fb:76"",""s"":""Public WiFi Free"",""r"":-33,""f"":2417},{""b"":""b4:94:4e:04:fb:76"",""s"":""Public WiFi Secure"",""r"":-34,""f"":2417},{""b"":""b4:94:4e:04:fb:77"",""s"":""Public WiFi Secure"",""r"":-35,""f"":5745},{""b"":""ba:94:4e:04:fb:77"",""s"":""Public WiFi Free"",""r"":-35,""f"":5745},{""b"":""92:50:8e:47:7d:e1"",""s"":""Galaxy Note10+ 5G2362"",""r"":-74,""f"":2462},{""b"":""8a:5a:85:2f:69:17"",""s"":""DIRECT-BMW 59025"",""r"":-77,""f"":2462},{""b"":""f4:d9:fb:d9:22:cf"",""s"":"""",""r"":-80,""f"":2452},{""b"":""f4:d9:fb:d9:22:cc"",""s"":""SEOUL"",""r"":-81,""f"":2452},{""b"":""f4:d9:fb:d9:22:cb"",""s"":""SEOUL_Secure"",""r"":-81,""f"":2452},{""b"":""f4:d9:fb:d9:22:ca"",""s"":""WLAN_SEOULMC"",""r"":-82,""f"":2452},{""b"":""70:5d:cc:80:69:28"",""s"":""102 1502"",""r"":-84,""f"":2412},{""b"":""f4:d9:fb:d9:43:4d"",""s"":""Seoulmc_guestWiFi"",""r"":-84,""f"":2472},{""b"":""f4:d9:fb:d9:43:4e"",""s"":"""",""r"":-84,""f"":2472},{""b"":""8a:5a:85:3f:69:17"",""s"":""DIRECT-BMW 59025"",""r"":-85,""f"":5785},{""b"":""40:d5:21:5d:b8:03"",""s"":""Kia_k5uh"",""r"":-88,""f"":5745}]",""
1790660186221,2026-09-29 14:36:26,car,37.6163812,127.099297,3.79,13.5,99.0,62.590264008317845,fused,1,LTE,NR_NSA,5G,true,false,true,false,false,50806021,268,3050,7,8343,450,06,-76,-6,-51,8,4,0,,,,32674,71889,0.2614,0.5751,32655,71869,0.2612,0.5750,false,8,0,8,-71,268,2600,13.5,false,false,periodic,28,1,5,3,4998,,,,"[{""type"":""LTE"",""pci"":268,""earfcn"":2600,""tac"":null,""rsrp"":-71,""rsrq"":-9,""rssi"":-53,""snr"":null,""ta"":0,""level"":4,""bands"":""5""},{""type"":""LTE"",""pci"":268,""earfcn"":100,""tac"":null,""rsrp"":-72,""rsrq"":-7,""rssi"":-55,""snr"":null,""ta"":0,""level"":4,""bands"":""1""},{""type"":""LTE"",""pci"":186,""earfcn"":2600,""tac"":null,""rsrp"":-77,""rsrq"":-15,""rssi"":-53,""snr"":null,""ta"":0,""level"":4,""bands"":""5""},{""type"":""LTE"",""pci"":224,""earfcn"":2600,""tac"":null,""rsrp"":-80,""rsrq"":-20,""rssi"":-51,""snr"":null,""ta"":0,""level"":4,""bands"":""5""},{""type"":""LTE"",""pci"":186,""earfcn"":3050,""tac"":null,""rsrp"":-84,""rsrq"":-15,""rssi"":-61,""snr"":null,""ta"":0,""level"":4,""bands"":""7""},{""type"":""LTE"",""pci"":251,""earfcn"":2600,""tac"":null,""rsrp"":-87,""rsrq"":-20,""rssi"":-53,""snr"":null,""ta"":0,""level"":3,""bands"":""5""},{""type"":""LTE"",""pci"":144,""earfcn"":2600,""tac"":null,""rsrp"":-95,""rsrq"":-20,""rssi"":-65,""snr"":null,""ta"":0,""level"":3,""bands"":""5""},{""type"":""LTE"",""pci"":114,""earfcn"":100,""tac"":null,""rsrp"":-98,""rsrq"":-20,""rssi"":-63,""snr"":null,""ta"":0,""level"":2,""bands"":""1""}]",1006.25916,46,0.524,0.459,16,8,,,,"[{""b"":""ba:94:4e:04:fb:76"",""s"":""Public WiFi Free"",""r"":-33,""f"":2417},{""b"":""b4:94:4e:04:fb:76"",""s"":""Public WiFi Secure"",""r"":-34,""f"":2417},{""b"":""b4:94:4e:04:fb:77"",""s"":""Public WiFi Secure"",""r"":-35,""f"":5745},{""b"":""ba:94:4e:04:fb:77"",""s"":""Public WiFi Free"",""r"":-35,""f"":5745},{""b"":""92:50:8e:47:7d:e1"",""s"":""Galaxy Note10+ 5G2362"",""r"":-74,""f"":2462},{""b"":""8a:5a:85:2f:69:17"",""s"":""DIRECT-BMW 59025"",""r"":-77,""f"":2462},{""b"":""f4:d9:fb:d9:22:cf"",""s"":"""",""r"":-80,""f"":2452},{""b"":""f4:d9:fb:d9:22:cc"",""s"":""SEOUL"",""r"":-81,""f"":2452},{""b"":""f4:d9:fb:d9:22:cb"",""s"":""SEOUL_Secure"",""r"":-81,""f"":2452},{""b"":""f4:d9:fb:d9:22:ca"",""s"":""WLAN_SEOULMC"",""r"":-82,""f"":2452},{""b"":""70:5d:cc:80:69:28"",""s"":""102 1502"",""r"":-84,""f"":2412},{""b"":""f4:d9:fb:d9:43:4d"",""s"":""Seoulmc_guestWiFi"",""r"":-84,""f"":2472},{""b"":""f4:d9:fb:d9:43:4e"",""s"":"""",""r"":-84,""f"":2472},{""b"":""8a:5a:85:3f:69:17"",""s"":""DIRECT-BMW 59025"",""r"":-85,""f"":5785},{""b"":""40:d5:21:5d:b8:03"",""s"":""Kia_k5uh"",""r"":-88,""f"":5745}]",""
1790660191248,2026-09-29 14:36:31,car,37.6162362,127.1002446,3.79,14.96,101.0,64.71110740541445,fused,0,LTE,NR_NSA,5G,true,false,true,false,false,50806021,268,3050,7,8343,450,06,-74,-6,-51,10,4,0,,,,188280,98907,1.5062,0.7913,188260,98887,1.5061,0.7911,false,7,0,7,-75,268,2600,14.96,false,false,periodic,33,0,2,2,4993,,,,"[{""type"":""LTE"",""pci"":268,""earfcn"":2600,""tac"":null,""rsrp"":-75,""rsrq"":-9,""rssi"":-57,""snr"":null,""ta"":0,""level"":4,""bands"":""5""},{""type"":""LTE"",""pci"":268,""earfcn"":100,""tac"":null,""rsrp"":-75,""rsrq"":-10,""rssi"":-53,""snr"":null,""ta"":0,""level"":4,""bands"":""1""},{""type"":""LTE"",""pci"":224,""earfcn"":2600,""tac"":null,""rsrp"":-80,""rsrq"":-20,""rssi"":-51,""snr"":null,""ta"":0,""level"":4,""bands"":""5""},{""type"":""LTE"",""pci"":186,""earfcn"":3050,""tac"":null,""rsrp"":-81,""rsrq"":-20,""rssi"":-51,""snr"":null,""ta"":0,""level"":4,""bands"":""7""},{""type"":""LTE"",""pci"":114,""earfcn"":100,""tac"":null,""rsrp"":-82,""rsrq"":-19,""rssi"":-53,""snr"":null,""ta"":0,""level"":4,""bands"":""1""},{""type"":""LTE"",""pci"":186,""earfcn"":2600,""tac"":null,""rsrp"":-83,""rsrq"":-15,""rssi"":-57,""snr"":null,""ta"":0,""level"":4,""bands"":""5""},{""type"":""LTE"",""pci"":251,""earfcn"":2600,""tac"":null,""rsrp"":-92,""rsrq"":-20,""rssi"":-57,""snr"":null,""ta"":0,""level"":3,""bands"":""5""}]",1006.09595,50,0.459,0.459,11,3,,,,"[{""b"":""b4:94:4e:04:fb:76"",""s"":""Public WiFi Secure"",""r"":-34,""f"":2417},{""b"":""ba:94:4e:04:fb:76"",""s"":""Public WiFi Free"",""r"":-34,""f"":2417},{""b"":""b4:94:4e:04:fb:77"",""s"":""Public WiFi Secure"",""r"":-37,""f"":5745},{""b"":""ba:94:4e:04:fb:77"",""s"":""Public WiFi Free"",""r"":-37,""f"":5745},{""b"":""48:98:ca:b6:5e:88"",""s"":""BMWACE2.0"",""r"":-75,""f"":2437},{""b"":""f4:d9:fb:d9:22:cf"",""s"":""WLAN_SMC"",""r"":-78,""f"":2452},{""b"":""92:50:8e:47:7d:e1"",""s"":""Galaxy Note10+ 5G2362"",""r"":-79,""f"":2462},{""b"":""f4:d9:fb:d8:f8:4a"",""s"":""WLAN_SEOULMC"",""r"":-80,""f"":2412},{""b"":""8a:5a:85:b6:0b:a7"",""s"":""DIRECT-BMW 05553"",""r"":-80,""f"":2462},{""b"":""a8:b5:8e:de:96:11"",""s"":""smartBox-B79B"",""r"":-81,""f"":5180},{""b"":""72:5d:cc:91:89:7c"",""s"":"""",""r"":-89,""f"":5805}]",""
1790660196256,2026-09-29 14:36:36,car,37.6160822,127.1010711,3.79,14.92,102.0,65.87684989173398,fused,0,LTE,NR_NSA,5G,true,false,true,false,false,50806021,268,3050,7,8343,450,06,-75,-8,-51,10,4,0,,,,338368,97415,2.7069,0.7793,338348,97395,2.7068,0.7792,false,5,0,5,-65,268,2600,14.92,false,false,periodic,38,0,-1,0,5001,,,,"[{""type"":""LTE"",""pci"":268,""earfcn"":2600,""tac"":null,""rsrp"":-65,""rsrq"":-10,""rssi"":-51,""snr"":null,""ta"":0,""level"":4,""bands"":""5""},{""type"":""LTE"",""pci"":268,""earfcn"":100,""tac"":null,""rsrp"":-68,""rsrq"":-7,""rssi"":-51,""snr"":null,""ta"":0,""level"":4,""bands"":""1""},{""type"":""LTE"",""pci"":186,""earfcn"":2600,""tac"":null,""rsrp"":-73,""rsrq"":-15,""rssi"":-51,""snr"":null,""ta"":0,""level"":4,""bands"":""5""},{""type"":""LTE"",""pci"":2,""earfcn"":2600,""tac"":null,""rsrp"":-73,""rsrq"":-19,""rssi"":-51,""snr"":null,""ta"":0,""level"":4,""bands"":""5""},{""type"":""LTE"",""pci"":186,""earfcn"":3050,""tac"":null,""rsrp"":-82,""rsrq"":-16,""rssi"":-53,""snr"":null,""ta"":0,""level"":4,""bands"":""7""}]",1005.90533,46,0.459,0.524,11,8,,,,"[{""b"":""b4:94:4e:04:fb:76"",""s"":""Public WiFi Secure"",""r"":-34,""f"":2417},{""b"":""ba:94:4e:04:fb:76"",""s"":""Public WiFi Free"",""r"":-34,""f"":2417},{""b"":""b4:94:4e:04:fb:77"",""s"":""Public WiFi Secure"",""r"":-37,""f"":5745},{""b"":""ba:94:4e:04:fb:77"",""s"":""Public WiFi Free"",""r"":-37,""f"":5745},{""b"":""48:98:ca:b6:5e:88"",""s"":""BMWACE2.0"",""r"":-75,""f"":2437},{""b"":""f4:d9:fb:d9:22:cf"",""s"":""WLAN_SMC"",""r"":-78,""f"":2452},{""b"":""92:50:8e:47:7d:e1"",""s"":""Galaxy Note10+ 5G2362"",""r"":-79,""f"":2462},{""b"":""f4:d9:fb:d8:f8:4a"",""s"":""WLAN_SEOULMC"",""r"":-80,""f"":2412},{""b"":""8a:5a:85:b6:0b:a7"",""s"":""DIRECT-BMW 05553"",""r"":-80,""f"":2462},{""b"":""a8:b5:8e:de:96:11"",""s"":""smartBox-B79B"",""r"":-81,""f"":5180},{""b"":""72:5d:cc:91:89:7c"",""s"":"""",""r"":-89,""f"":5805}]",""
1790660199871,2026-09-29 14:36:39,car,37.6159914,127.1015817,3.79,15.46,102.0,66.82301691710194,fused,0,LTE,NR_NSA,5G,true,false,true,false,false,50873088,205,3050,7,8343,450,06,-81,-12,-51,5,4,0,,,,13111,72001,0.1049,0.5760,13083,71974,0.1047,0.5758,false,9,0,9,-83,268,2600,15.46,true,false,handover,0,1,,,5,50806021,-75,-8,"[{""type"":""LTE"",""pci"":268,""earfcn"":2600,""tac"":null,""rsrp"":-83,""rsrq"":-15,""rssi"":-57,""snr"":null,""ta"":0,""level"":4,""bands"":""5""},{""type"":""LTE"",""pci"":268,""earfcn"":100,""tac"":null,""rsrp"":-83,""rsrq"":-9,""rssi"":-63,""snr"":null,""ta"":0,""level"":4,""bands"":""1""},{""type"":""LTE"",""pci"":268,""earfcn"":3050,""tac"":null,""rsrp"":-85,""rsrq"":-13,""rssi"":-59,""snr"":null,""ta"":0,""level"":4,""bands"":""7""},{""type"":""LTE"",""pci"":88,""earfcn"":2600,""tac"":null,""rsrp"":-85,""rsrq"":-16,""rssi"":-57,""snr"":null,""ta"":0,""level"":4,""bands"":""5""},{""type"":""LTE"",""pci"":88,""earfcn"":3050,""tac"":null,""rsrp"":-87,""rsrq"":-15,""rssi"":-59,""snr"":null,""ta"":0,""level"":3,""bands"":""7""},{""type"":""LTE"",""pci"":2,""earfcn"":3050,""tac"":null,""rsrp"":-88,""rsrq"":-16,""rssi"":-59,""snr"":null,""ta"":0,""level"":3,""bands"":""7""},{""type"":""LTE"",""pci"":88,""earfcn"":100,""tac"":null,""rsrp"":-89,""rsrq"":-15,""rssi"":-63,""snr"":null,""ta"":0,""level"":3,""bands"":""1""},{""type"":""LTE"",""pci"":186,""earfcn"":2600,""tac"":null,""rsrp"":-90,""rsrq"":-20,""rssi"":-57,""snr"":null,""ta"":0,""level"":3,""bands"":""5""},{""type"":""LTE"",""pci"":186,""earfcn"":3050,""tac"":null,""rsrp"":-91,""rsrq"":-18,""rssi"":-59,""snr"":null,""ta"":0,""level"":3,""bands"":""7""}]",1005.7357,50,0.459,0.459,11,12,,,,"[{""b"":""b4:94:4e:04:fb:76"",""s"":""Public WiFi Secure"",""r"":-34,""f"":2417},{""b"":""ba:94:4e:04:fb:76"",""s"":""Public WiFi Free"",""r"":-34,""f"":2417},{""b"":""b4:94:4e:04:fb:77"",""s"":""Public WiFi Secure"",""r"":-37,""f"":5745},{""b"":""ba:94:4e:04:fb:77"",""s"":""Public WiFi Free"",""r"":-37,""f"":5745},{""b"":""48:98:ca:b6:5e:88"",""s"":""BMWACE2.0"",""r"":-75,""f"":2437},{""b"":""f4:d9:fb:d9:22:cf"",""s"":""WLAN_SMC"",""r"":-78,""f"":2452},{""b"":""92:50:8e:47:7d:e1"",""s"":""Galaxy Note10+ 5G2362"",""r"":-79,""f"":2462},{""b"":""f4:d9:fb:d8:f8:4a"",""s"":""WLAN_SEOULMC"",""r"":-80,""f"":2412},{""b"":""8a:5a:85:b6:0b:a7"",""s"":""DIRECT-BMW 05553"",""r"":-80,""f"":2462},{""b"":""a8:b5:8e:de:96:11"",""s"":""smartBox-B79B"",""r"":-81,""f"":5180},{""b"":""72:5d:cc:91:89:7c"",""s"":"""",""r"":-89,""f"":5805}]","[{""type"":""LTE"",""pci"":268,""earfcn"":2600,""tac"":null,""rsrp"":-65,""rsrq"":-10,""rssi"":-51,""snr"":null,""ta"":0,""level"":4,""bands"":""5""},{""type"":""LTE"",""pci"":268,""earfcn"":100,""tac"":null,""rsrp"":-68,""rsrq"":-7,""rssi"":-51,""snr"":null,""ta"":0,""level"":4,""bands"":""1""},{""type"":""LTE"",""pci"":186,""earfcn"":2600,""tac"":null,""rsrp"":-73,""rsrq"":-15,""rssi"":-51,""snr"":null,""ta"":0,""level"":4,""bands"":""5""},{""type"":""LTE"",""pci"":2,""earfcn"":2600,""tac"":null,""rsrp"":-73,""rsrq"":-19,""rssi"":-51,""snr"":null,""ta"":0,""level"":4,""bands"":""5""},{""type"":""LTE"",""pci"":186,""earfcn"":3050,""tac"":null,""rsrp"":-82,""rsrq"":-16,""rssi"":-53,""snr"":null,""ta"":0,""level"":4,""bands"":""7""}]"
1790660201266,2026-09-29 14:36:41,car,37.6159288,127.1019217,3.79,15.75,103.0,67.32738570501809,fused,0,LTE,NR_NSA,5G,true,false,true,false,false,50873088,205,3050,7,8343,450,06,-81,-12,-51,5,4,0,,,,95083,81070,0.7607,0.6486,95083,81070,0.7607,0.6486,false,9,0,9,-83,268,2600,15.75,false,false,periodic,1,1,0,0,1401,,,,"[{""type"":""LTE"",""pci"":268,""earfcn"":2600,""tac"":null,""rsrp"":-83,""rsrq"":-15,""rssi"":-57,""snr"":null,""ta"":0,""level"":4,""bands"":""5""},{""type"":""LTE"",""pci"":268,""earfcn"":100,""tac"":null,""rsrp"":-83,""rsrq"":-9,""rssi"":-63,""snr"":null,""ta"":0,""level"":4,""bands"":""1""},{""type"":""LTE"",""pci"":268,""earfcn"":3050,""tac"":null,""rsrp"":-85,""rsrq"":-13,""rssi"":-59,""snr"":null,""ta"":0,""level"":4,""bands"":""7""},{""type"":""LTE"",""pci"":88,""earfcn"":2600,""tac"":null,""rsrp"":-85,""rsrq"":-16,""rssi"":-57,""snr"":null,""ta"":0,""level"":4,""bands"":""5""},{""type"":""LTE"",""pci"":88,""earfcn"":3050,""tac"":null,""rsrp"":-87,""rsrq"":-15,""rssi"":-59,""snr"":null,""ta"":0,""level"":3,""bands"":""7""},{""type"":""LTE"",""pci"":2,""earfcn"":3050,""tac"":null,""rsrp"":-88,""rsrq"":-16,""rssi"":-59,""snr"":null,""ta"":0,""level"":3,""bands"":""7""},{""type"":""LTE"",""pci"":88,""earfcn"":100,""tac"":null,""rsrp"":-89,""rsrq"":-15,""rssi"":-63,""snr"":null,""ta"":0,""level"":3,""bands"":""1""},{""type"":""LTE"",""pci"":186,""earfcn"":2600,""tac"":null,""rsrp"":-90,""rsrq"":-20,""rssi"":-57,""snr"":null,""ta"":0,""level"":3,""bands"":""5""},{""type"":""LTE"",""pci"":186,""earfcn"":3050,""tac"":null,""rsrp"":-91,""rsrq"":-18,""rssi"":-59,""snr"":null,""ta"":0,""level"":3,""bands"":""7""}]",1005.71106,50,0.524,0.459,11,13,,,,"[{""b"":""b4:94:4e:04:fb:76"",""s"":""Public WiFi Secure"",""r"":-34,""f"":2417},{""b"":""ba:94:4e:04:fb:76"",""s"":""Public WiFi Free"",""r"":-34,""f"":2417},{""b"":""b4:94:4e:04:fb:77"",""s"":""Public WiFi Secure"",""r"":-37,""f"":5745},{""b"":""ba:94:4e:04:fb:77"",""s"":""Public WiFi Free"",""r"":-37,""f"":5745},{""b"":""48:98:ca:b6:5e:88"",""s"":""BMWACE2.0"",""r"":-75,""f"":2437},{""b"":""f4:d9:fb:d9:22:cf"",""s"":""WLAN_SMC"",""r"":-78,""f"":2452},{""b"":""92:50:8e:47:7d:e1"",""s"":""Galaxy Note10+ 5G2362"",""r"":-79,""f"":2462},{""b"":""f4:d9:fb:d8:f8:4a"",""s"":""WLAN_SEOULMC"",""r"":-80,""f"":2412},{""b"":""8a:5a:85:b6:0b:a7"",""s"":""DIRECT-BMW 05553"",""r"":-80,""f"":2462},{""b"":""a8:b5:8e:de:96:11"",""s"":""smartBox-B79B"",""r"":-81,""f"":5180},{""b"":""72:5d:cc:91:89:7c"",""s"":"""",""r"":-89,""f"":5805}]",""
1790660203853,2026-09-29 14:36:43,car,37.6158616,127.1022599,3.79,15.19,105.0,68.19854672017289,fused,0,LTE,NR_NSA,5G,true,false,true,false,false,50873091,88,3050,7,8343,450,06,-85,-12,-51,5,4,0,,,,32614,79246,0.2609,0.6340,32576,79207,0.2606,0.6337,false,11,0,11,-80,88,100,15.19,true,false,handover,0,2,,,5,50873088,-81,-12,"[{""type"":""LTE"",""pci"":88,""earfcn"":100,""tac"":null,""rsrp"":-80,""rsrq"":-11,""rssi"":-63,""snr"":null,""ta"":0,""level"":4,""bands"":""1""},{""type"":""LTE"",""pci"":88,""earfcn"":2600,""tac"":null,""rsrp"":-81,""rsrq"":-10,""rssi"":-61,""snr"":null,""ta"":0,""level"":4,""bands"":""5""},{""type"":""LTE"",""pci"":205,""earfcn"":2600,""tac"":null,""rsrp"":-85,""rsrq"":-15,""rssi"":-61,""snr"":null,""ta"":0,""level"":4,""bands"":""5""},{""type"":""LTE"",""pci"":100,""earfcn"":100,""tac"":null,""rsrp"":-86,""rsrq"":-17,""rssi"":-63,""snr"":null,""ta"":0,""level"":3,""bands"":""1""},{""type"":""LTE"",""pci"":61,""earfcn"":3050,""tac"":null,""rsrp"":-87,""rsrq"":-14,""rssi"":-55,""snr"":null,""ta"":0,""level"":3,""bands"":""7""},{""type"":""LTE"",""pci"":268,""earfcn"":2600,""tac"":null,""rsrp"":-87,""rsrq"":-18,""rssi"":-61,""snr"":null,""ta"":0,""level"":3,""bands"":""5""},{""type"":""LTE"",""pci"":21,""earfcn"":3050,""tac"":null,""rsrp"":-89,""rsrq"":-17,""rssi"":-59,""snr"":null,""ta"":0,""level"":3,""bands"":""7""},{""type"":""LTE"",""pci"":268,""earfcn"":100,""tac"":null,""rsrp"":-89,""rsrq"":-20,""rssi"":-55,""snr"":null,""ta"":0,""level"":3,""bands"":""1""},{""type"":""LTE"",""pci"":21,""earfcn"":2600,""tac"":null,""rsrp"":-90,""rsrq"":-19,""rssi"":-61,""snr"":null,""ta"":0,""level"":3,""bands"":""5""},{""type"":""LTE"",""pci"":251,""earfcn"":3050,""tac"":null,""rsrp"":-93,""rsrq"":-19,""rssi"":-59,""snr"":null,""ta"":0,""level"":3,""bands"":""7""},{""type"":""LTE"",""pci"":205,""earfcn"":3050,""tac"":null,""rsrp"":-95,""rsrq"":-14,""rssi"":-51,""snr"":null,""ta"":0,""level"":3,""bands"":""7""}]",1005.7045,502,0.459,0.459,11,16,,,,"[{""b"":""b4:94:4e:04:fb:76"",""s"":""Public WiFi Secure"",""r"":-34,""f"":2417},{""b"":""ba:94:4e:04:fb:76"",""s"":""Public WiFi Free"",""r"":-34,""f"":2417},{""b"":""b4:94:4e:04:fb:77"",""s"":""Public WiFi Secure"",""r"":-37,""f"":5745},{""b"":""ba:94:4e:04:fb:77"",""s"":""Public WiFi Free"",""r"":-37,""f"":5745},{""b"":""48:98:ca:b6:5e:88"",""s"":""BMWACE2.0"",""r"":-75,""f"":2437},{""b"":""f4:d9:fb:d9:22:cf"",""s"":""WLAN_SMC"",""r"":-78,""f"":2452},{""b"":""92:50:8e:47:7d:e1"",""s"":""Galaxy Note10+ 5G2362"",""r"":-79,""f"":2462},{""b"":""f4:d9:fb:d8:f8:4a"",""s"":""WLAN_SEOULMC"",""r"":-80,""f"":2412},{""b"":""8a:5a:85:b6:0b:a7"",""s"":""DIRECT-BMW 05553"",""r"":-80,""f"":2462},{""b"":""a8:b5:8e:de:96:11"",""s"":""smartBox-B79B"",""r"":-81,""f"":5180},{""b"":""72:5d:cc:91:89:7c"",""s"":"""",""r"":-89,""f"":5805}]","[{""type"":""LTE"",""pci"":268,""earfcn"":2600,""tac"":null,""rsrp"":-83,""rsrq"":-15,""rssi"":-57,""snr"":null,""ta"":0,""level"":4,""bands"":""5""},{""type"":""LTE"",""pci"":268,""earfcn"":100,""tac"":null,""rsrp"":-83,""rsrq"":-9,""rssi"":-63,""snr"":null,""ta"":0,""level"":4,""bands"":""1""},{""type"":""LTE"",""pci"":268,""earfcn"":3050,""tac"":null,""rsrp"":-85,""rsrq"":-13,""rssi"":-59,""snr"":null,""ta"":0,""level"":4,""bands"":""7""},{""type"":""LTE"",""pci"":88,""earfcn"":2600,""tac"":null,""rsrp"":-85,""rsrq"":-16,""rssi"":-57,""snr"":null,""ta"":0,""level"":4,""bands"":""5""},{""type"":""LTE"",""pci"":88,""earfcn"":3050,""tac"":null,""rsrp"":-87,""rsrq"":-15,""rssi"":-59,""snr"":null,""ta"":0,""level"":3,""bands"":""7""},{""type"":""LTE"",""pci"":2,""earfcn"":3050,""tac"":null,""rsrp"":-88,""rsrq"":-16,""rssi"":-59,""snr"":null,""ta"":0,""level"":3,""bands"":""7""},{""type"":""LTE"",""pci"":88,""earfcn"":100,""tac"":null,""rsrp"":-89,""rsrq"":-15,""rssi"":-63,""snr"":null,""ta"":0,""level"":3,""bands"":""1""},{""type"":""LTE"",""pci"":186,""earfcn"":2600,""tac"":null,""rsrp"":-90,""rsrq"":-20,""rssi"":-57,""snr"":null,""ta"":0,""level"":3,""bands"":""5""},{""type"":""LTE"",""pci"":186,""earfcn"":3050,""tac"":null,""rsrp"":-91,""rsrq"":-18,""rssi"":-59,""snr"":null,""ta"":0,""level"":3,""bands"":""7""}]"
1790660206282,2026-09-29 14:36:46,car,37.615753,127.1027591,3.79,14.93,106.0,69.16081077545002,fused,0,LTE,NR_NSA,5G,true,false,true,false,false,50873091,88,3050,7,8343,450,06,-85,-12,-51,5,4,0,,,,32525,67482,0.2602,0.5399,32484,67441,0.2599,0.5395,false,11,0,11,-80,88,100,14.93,false,false,periodic,2,2,0,0,2436,,,,"[{""type"":""LTE"",""pci"":88,""earfcn"":100,""tac"":null,""rsrp"":-80,""rsrq"":-11,""rssi"":-63,""snr"":null,""ta"":0,""level"":4,""bands"":""1""},{""type"":""LTE"",""pci"":88,""earfcn"":2600,""tac"":null,""rsrp"":-81,""rsrq"":-10,""rssi"":-61,""snr"":null,""ta"":0,""level"":4,""bands"":""5""},{""type"":""LTE"",""pci"":205,""earfcn"":2600,""tac"":null,""rsrp"":-85,""rsrq"":-15,""rssi"":-61,""snr"":null,""ta"":0,""level"":4,""bands"":""5""},{""type"":""LTE"",""pci"":100,""earfcn"":100,""tac"":null,""rsrp"":-86,""rsrq"":-17,""rssi"":-63,""snr"":null,""ta"":0,""level"":3,""bands"":""1""},{""type"":""LTE"",""pci"":61,""earfcn"":3050,""tac"":null,""rsrp"":-87,""rsrq"":-14,""rssi"":-55,""snr"":null,""ta"":0,""level"":3,""bands"":""7""},{""type"":""LTE"",""pci"":268,""earfcn"":2600,""tac"":null,""rsrp"":-87,""rsrq"":-18,""rssi"":-61,""snr"":null,""ta"":0,""level"":3,""bands"":""5""},{""type"":""LTE"",""pci"":21,""earfcn"":3050,""tac"":null,""rsrp"":-89,""rsrq"":-17,""rssi"":-59,""snr"":null,""ta"":0,""level"":3,""bands"":""7""},{""type"":""LTE"",""pci"":268,""earfcn"":100,""tac"":null,""rsrp"":-89,""rsrq"":-20,""rssi"":-55,""snr"":null,""ta"":0,""level"":3,""bands"":""1""},{""type"":""LTE"",""pci"":21,""earfcn"":2600,""tac"":null,""rsrp"":-90,""rsrq"":-19,""rssi"":-61,""snr"":null,""ta"":0,""level"":3,""bands"":""5""},{""type"":""LTE"",""pci"":251,""earfcn"":3050,""tac"":null,""rsrp"":-93,""rsrq"":-19,""rssi"":-59,""snr"":null,""ta"":0,""level"":3,""bands"":""7""},{""type"":""LTE"",""pci"":205,""earfcn"":3050,""tac"":null,""rsrp"":-95,""rsrq"":-14,""rssi"":-51,""snr"":null,""ta"":0,""level"":3,""bands"":""7""}]",1005.69006,502,0.459,0.459,11,18,,,,"[{""b"":""b4:94:4e:04:fb:76"",""s"":""Public WiFi Secure"",""r"":-34,""f"":2417},{""b"":""ba:94:4e:04:fb:76"",""s"":""Public WiFi Free"",""r"":-34,""f"":2417},{""b"":""b4:94:4e:04:fb:77"",""s"":""Public WiFi Secure"",""r"":-37,""f"":5745},{""b"":""ba:94:4e:04:fb:77"",""s"":""Public WiFi Free"",""r"":-37,""f"":5745},{""b"":""48:98:ca:b6:5e:88"",""s"":""BMWACE2.0"",""r"":-75,""f"":2437},{""b"":""f4:d9:fb:d9:22:cf"",""s"":""WLAN_SMC"",""r"":-78,""f"":2452},{""b"":""92:50:8e:47:7d:e1"",""s"":""Galaxy Note10+ 5G2362"",""r"":-79,""f"":2462},{""b"":""f4:d9:fb:d8:f8:4a"",""s"":""WLAN_SEOULMC"",""r"":-80,""f"":2412},{""b"":""8a:5a:85:b6:0b:a7"",""s"":""DIRECT-BMW 05553"",""r"":-80,""f"":2462},{""b"":""a8:b5:8e:de:96:11"",""s"":""smartBox-B79B"",""r"":-81,""f"":5180},{""b"":""72:5d:cc:91:89:7c"",""s"":"""",""r"":-89,""f"":5805}]",""
1790660207876,2026-09-29 14:36:47,car,37.615714,127.1029253,3.79,15.38,107.0,69.19508059945478,fused,0,LTE,NR_NSA,5G,true,false,true,false,false,50873093,21,3050,7,8343,450,06,-87,-13,-53,1,3,0,,,,3965013,69422,31.7201,0.5554,3965013,69422,31.7201,0.5554,false,12,0,12,-73,61,2600,15.38,true,false,handover,0,3,,,8,50873091,-85,-12,"[{""type"":""LTE"",""pci"":61,""earfcn"":2600,""tac"":null,""rsrp"":-73,""rsrq"":-17,""rssi"":-51,""snr"":null,""ta"":0,""level"":4,""bands"":""5""},{""type"":""LTE"",""pci"":21,""earfcn"":2600,""tac"":null,""rsrp"":-75,""rsrq"":-15,""rssi"":-51,""snr"":null,""ta"":0,""level"":4,""bands"":""5""},{""type"":""LTE"",""pci"":88,""earfcn"":2600,""tac"":null,""rsrp"":-77,""rsrq"":-13,""rssi"":-51,""snr"":null,""ta"":0,""level"":4,""bands"":""5""},{""type"":""LTE"",""pci"":268,""earfcn"":2600,""tac"":null,""rsrp"":-79,""rsrq"":-20,""rssi"":-51,""snr"":null,""ta"":0,""level"":4,""bands"":""5""},{""type"":""LTE"",""pci"":88,""earfcn"":100,""tac"":null,""rsrp"":-80,""rsrq"":-12,""rssi"":-57,""snr"":null,""ta"":0,""level"":4,""bands"":""1""},{""type"":""LTE"",""pci"":186,""earfcn"":2600,""tac"":null,""rsrp"":-81,""rsrq"":-20,""rssi"":-51,""snr"":null,""ta"":0,""level"":4,""bands"":""5""},{""type"":""LTE"",""pci"":205,""earfcn"":2600,""tac"":null,""rsrp"":-86,""rsrq"":-16,""rssi"":-61,""snr"":null,""ta"":0,""level"":3,""bands"":""5""},{""type"":""LTE"",""pci"":121,""earfcn"":100,""tac"":null,""rsrp"":-89,""rsrq"":-17,""rssi"":-57,""snr"":null,""ta"":0,""level"":3,""bands"":""1""},{""type"":""LTE"",""pci"":100,""earfcn"":100,""tac"":null,""rsrp"":-90,""rsrq"":-20,""rssi"":-59,""snr"":null,""ta"":0,""level"":3,""bands"":""1""},{""type"":""LTE"",""pci"":268,""earfcn"":100,""tac"":null,""rsrp"":-92,""rsrq"":-17,""rssi"":-59,""snr"":null,""ta"":0,""level"":3,""bands"":""1""},{""type"":""LTE"",""pci"":88,""earfcn"":3050,""tac"":null,""rsrp"":-95,""rsrq"":-16,""rssi"":-53,""snr"":null,""ta"":0,""level"":3,""bands"":""7""},{""type"":""LTE"",""pci"":205,""earfcn"":3050,""tac"":null,""rsrp"":-95,""rsrq"":-20,""rssi"":-65,""snr"":null,""ta"":0,""level"":3,""bands"":""7""}]",1005.79376,502,0.415,0.524,11,20,,,,"[{""b"":""b4:94:4e:04:fb:76"",""s"":""Public WiFi Secure"",""r"":-34,""f"":2417},{""b"":""ba:94:4e:04:fb:76"",""s"":""Public WiFi Free"",""r"":-34,""f"":2417},{""b"":""b4:94:4e:04:fb:77"",""s"":""Public WiFi Secure"",""r"":-37,""f"":5745},{""b"":""ba:94:4e:04:fb:77"",""s"":""Public WiFi Free"",""r"":-37,""f"":5745},{""b"":""48:98:ca:b6:5e:88"",""s"":""BMWACE2.0"",""r"":-75,""f"":2437},{""b"":""f4:d9:fb:d9:22:cf"",""s"":""WLAN_SMC"",""r"":-78,""f"":2452},{""b"":""92:50:8e:47:7d:e1"",""s"":""Galaxy Note10+ 5G2362"",""r"":-79,""f"":2462},{""b"":""f4:d9:fb:d8:f8:4a"",""s"":""WLAN_SEOULMC"",""r"":-80,""f"":2412},{""b"":""8a:5a:85:b6:0b:a7"",""s"":""DIRECT-BMW 05553"",""r"":-80,""f"":2462},{""b"":""a8:b5:8e:de:96:11"",""s"":""smartBox-B79B"",""r"":-81,""f"":5180},{""b"":""72:5d:cc:91:89:7c"",""s"":"""",""r"":-89,""f"":5805}]","[{""type"":""LTE"",""pci"":88,""earfcn"":100,""tac"":null,""rsrp"":-80,""rsrq"":-11,""rssi"":-63,""snr"":null,""ta"":0,""level"":4,""bands"":""1""},{""type"":""LTE"",""pci"":88,""earfcn"":2600,""tac"":null,""rsrp"":-81,""rsrq"":-10,""rssi"":-61,""snr"":null,""ta"":0,""level"":4,""bands"":""5""},{""type"":""LTE"",""pci"":205,""earfcn"":2600,""tac"":null,""rsrp"":-85,""rsrq"":-15,""rssi"":-61,""snr"":null,""ta"":0,""level"":4,""bands"":""5""},{""type"":""LTE"",""pci"":100,""earfcn"":100,""tac"":null,""rsrp"":-86,""rsrq"":-17,""rssi"":-63,""snr"":null,""ta"":0,""level"":3,""bands"":""1""},{""type"":""LTE"",""pci"":61,""earfcn"":3050,""tac"":null,""rsrp"":-87,""rsrq"":-14,""rssi"":-55,""snr"":null,""ta"":0,""level"":3,""bands"":""7""},{""type"":""LTE"",""pci"":268,""earfcn"":2600,""tac"":null,""rsrp"":-87,""rsrq"":-18,""rssi"":-61,""snr"":null,""ta"":0,""level"":3,""bands"":""5""},{""type"":""LTE"",""pci"":21,""earfcn"":3050,""tac"":null,""rsrp"":-89,""rsrq"":-17,""rssi"":-59,""snr"":null,""ta"":0,""level"":3,""bands"":""7""},{""type"":""LTE"",""pci"":268,""earfcn"":100,""tac"":null,""rsrp"":-89,""rsrq"":-20,""rssi"":-55,""snr"":null,""ta"":0,""level"":3,""bands"":""1""},{""type"":""LTE"",""pci"":21,""earfcn"":2600,""tac"":null,""rsrp"":-90,""rsrq"":-19,""rssi"":-61,""snr"":null,""ta"":0,""level"":3,""bands"":""5""},{""type"":""LTE"",""pci"":251,""earfcn"":3050,""tac"":null,""rsrp"":-93,""rsrq"":-19,""rssi"":-59,""snr"":null,""ta"":0,""level"":3,""bands"":""7""},{""type"":""LTE"",""pci"":205,""earfcn"":3050,""tac"":null,""rsrp"":-95,""rsrq"":-14,""rssi"":-51,""snr"":null,""ta"":0,""level"":3,""bands"":""7""}]"
1790660211295,2026-09-29 14:36:51,car,37.6155272,127.1035835,3.791,16.15,111.0,69.23700423510402,fused,0,LTE,NR_NSA,5G,true,false,true,false,false,50873093,21,3050,7,8343,450,06,-87,-13,-53,1,3,0,,,,3724,65314,0.0298,0.5225,3695,65285,0.0296,0.5223,false,12,0,12,-73,61,2600,16.15,false,false,periodic,3,3,0,0,3430,,,,"[{""type"":""LTE"",""pci"":61,""earfcn"":2600,""tac"":null,""rsrp"":-73,""rsrq"":-17,""rssi"":-51,""snr"":null,""ta"":0,""level"":4,""bands"":""5""},{""type"":""LTE"",""pci"":21,""earfcn"":2600,""tac"":null,""rsrp"":-75,""rsrq"":-15,""rssi"":-51,""snr"":null,""ta"":0,""level"":4,""bands"":""5""},{""type"":""LTE"",""pci"":88,""earfcn"":2600,""tac"":null,""rsrp"":-77,""rsrq"":-13,""rssi"":-51,""snr"":null,""ta"":0,""level"":4,""bands"":""5""},{""type"":""LTE"",""pci"":268,""earfcn"":2600,""tac"":null,""rsrp"":-79,""rsrq"":-20,""rssi"":-51,""snr"":null,""ta"":0,""level"":4,""bands"":""5""},{""type"":""LTE"",""pci"":88,""earfcn"":100,""tac"":null,""rsrp"":-80,""rsrq"":-12,""rssi"":-57,""snr"":null,""ta"":0,""level"":4,""bands"":""1""},{""type"":""LTE"",""pci"":186,""earfcn"":2600,""tac"":null,""rsrp"":-81,""rsrq"":-20,""rssi"":-51,""snr"":null,""ta"":0,""level"":4,""bands"":""5""},{""type"":""LTE"",""pci"":205,""earfcn"":2600,""tac"":null,""rsrp"":-86,""rsrq"":-16,""rssi"":-61,""snr"":null,""ta"":0,""level"":3,""bands"":""5""},{""type"":""LTE"",""pci"":121,""earfcn"":100,""tac"":null,""rsrp"":-89,""rsrq"":-17,""rssi"":-57,""snr"":null,""ta"":0,""level"":3,""bands"":""1""},{""type"":""LTE"",""pci"":100,""earfcn"":100,""tac"":null,""rsrp"":-90,""rsrq"":-20,""rssi"":-59,""snr"":null,""ta"":0,""level"":3,""bands"":""1""},{""type"":""LTE"",""pci"":268,""earfcn"":100,""tac"":null,""rsrp"":-92,""rsrq"":-17,""rssi"":-59,""snr"":null,""ta"":0,""level"":3,""bands"":""1""},{""type"":""LTE"",""pci"":88,""earfcn"":3050,""tac"":null,""rsrp"":-95,""rsrq"":-16,""rssi"":-53,""snr"":null,""ta"":0,""level"":3,""bands"":""7""},{""type"":""LTE"",""pci"":205,""earfcn"":3050,""tac"":null,""rsrp"":-95,""rsrq"":-20,""rssi"":-65,""snr"":null,""ta"":0,""level"":3,""bands"":""7""}]",1005.873,132,0.459,0.524,10,3,,,,"[{""b"":""b4:94:4e:04:fb:76"",""s"":""Public WiFi Secure"",""r"":-33,""f"":2417},{""b"":""ba:94:4e:04:fb:76"",""s"":""Public WiFi Free"",""r"":-33,""f"":2417},{""b"":""b4:94:4e:04:fb:77"",""s"":""Public WiFi Secure"",""r"":-36,""f"":5745},{""b"":""ba:94:4e:04:fb:77"",""s"":""Public WiFi Free"",""r"":-36,""f"":5745},{""b"":""b8:99:ae:6f:27:ad"",""s"":""RS6F27AC"",""r"":-80,""f"":2412},{""b"":""8a:40:67:1b:9c:ab"",""s"":""ktEgg_9cab"",""r"":-82,""f"":2462},{""b"":""12:e8:a7:e3:09:58"",""s"":""myChevrolet 0958"",""r"":-83,""f"":2437},{""b"":""06:29:d5:1d:ad:d3"",""s"":""Public WiFi Secure"",""r"":-83,""f"":2432},{""b"":""90:9f:33:18:76:d8"",""s"":""Easypnc"",""r"":-89,""f"":5745},{""b"":""28:4e:e9:58:d5:f7"",""s"":""U+NetD5F9_5G"",""r"":-90,""f"":5180}]",""
1790660216317,2026-09-29 14:36:56,car,37.6153091,127.1042948,4.634,17.33,110.0,68.21330110222144,fused,1,LTE,NR_NSA,5G,true,false,true,false,false,50873093,21,3050,7,8343,450,06,-78,-7,-51,1,4,0,,,,6321,66790,0.0506,0.5343,6301,68487,0.0504,0.5479,false,9,0,9,-77,88,100,17.33,false,false,periodic,8,3,9,0,5002,,,,"[{""type"":""LTE"",""pci"":88,""earfcn"":100,""tac"":null,""rsrp"":-77,""rsrq"":-9,""rssi"":-59,""snr"":null,""ta"":0,""level"":4,""bands"":""1""},{""type"":""LTE"",""pci"":21,""earfcn"":2600,""tac"":null,""rsrp"":-84,""rsrq"":-13,""rssi"":-61,""snr"":null,""ta"":0,""level"":4,""bands"":""5""},{""type"":""LTE"",""pci"":121,""earfcn"":100,""tac"":null,""rsrp"":-86,""rsrq"":-16,""rssi"":-59,""snr"":null,""ta"":0,""level"":3,""bands"":""1""},{""type"":""LTE"",""pci"":61,""earfcn"":2600,""tac"":null,""rsrp"":-87,""rsrq"":-14,""rssi"":-65,""snr"":null,""ta"":0,""level"":3,""bands"":""5""},{""type"":""LTE"",""pci"":315,""earfcn"":3050,""tac"":null,""rsrp"":-88,""rsrq"":-17,""rssi"":-63,""snr"":null,""ta"":0,""level"":3,""bands"":""7""},{""type"":""LTE"",""pci"":88,""earfcn"":2600,""tac"":null,""rsrp"":-89,""rsrq"":-17,""rssi"":-61,""snr"":null,""ta"":0,""level"":3,""bands"":""5""},{""type"":""LTE"",""pci"":186,""earfcn"":2600,""tac"":null,""rsrp"":-89,""rsrq"":-20,""rssi"":-57,""snr"":null,""ta"":0,""level"":3,""bands"":""5""},{""type"":""LTE"",""pci"":186,""earfcn"":3050,""tac"":null,""rsrp"":-90,""rsrq"":-17,""rssi"":-63,""snr"":null,""ta"":0,""level"":3,""bands"":""7""},{""type"":""LTE"",""pci"":88,""earfcn"":3050,""tac"":null,""rsrp"":-93,""rsrq"":-20,""rssi"":-63,""snr"":null,""ta"":0,""level"":3,""bands"":""7""}]",1006.0868,48,0.459,0.459,10,8,,,,"[{""b"":""b4:94:4e:04:fb:76"",""s"":""Public WiFi Secure"",""r"":-33,""f"":2417},{""b"":""ba:94:4e:04:fb:76"",""s"":""Public WiFi Free"",""r"":-33,""f"":2417},{""b"":""b4:94:4e:04:fb:77"",""s"":""Public WiFi Secure"",""r"":-36,""f"":5745},{""b"":""ba:94:4e:04:fb:77"",""s"":""Public WiFi Free"",""r"":-36,""f"":5745},{""b"":""b8:99:ae:6f:27:ad"",""s"":""RS6F27AC"",""r"":-80,""f"":2412},{""b"":""8a:40:67:1b:9c:ab"",""s"":""ktEgg_9cab"",""r"":-82,""f"":2462},{""b"":""12:e8:a7:e3:09:58"",""s"":""myChevrolet 0958"",""r"":-83,""f"":2437},{""b"":""06:29:d5:1d:ad:d3"",""s"":""Public WiFi Secure"",""r"":-83,""f"":2432},{""b"":""90:9f:33:18:76:d8"",""s"":""Easypnc"",""r"":-89,""f"":5745},{""b"":""28:4e:e9:58:d5:f7"",""s"":""U+NetD5F9_5G"",""r"":-90,""f"":5180}]",""
1790660221338,2026-09-29 14:37:01,car,37.6149499,127.1052643,8.847,16.46,116.0,66.13538559480561,fused,0,LTE,NR_NSA,5G,true,false,true,false,false,50873093,21,3050,7,8343,450,06,-78,-7,-51,1,4,0,,,,118973,68427,0.9518,0.5474,118953,66690,0.9516,0.5335,false,9,0,9,-77,88,100,16.46,false,false,periodic,13,3,0,0,10022,,,,"[{""type"":""LTE"",""pci"":88,""earfcn"":100,""tac"":null,""rsrp"":-77,""rsrq"":-9,""rssi"":-59,""snr"":null,""ta"":0,""level"":4,""bands"":""1""},{""type"":""LTE"",""pci"":21,""earfcn"":2600,""tac"":null,""rsrp"":-84,""rsrq"":-13,""rssi"":-61,""snr"":null,""ta"":0,""level"":4,""bands"":""5""},{""type"":""LTE"",""pci"":121,""earfcn"":100,""tac"":null,""rsrp"":-86,""rsrq"":-16,""rssi"":-59,""snr"":null,""ta"":0,""level"":3,""bands"":""1""},{""type"":""LTE"",""pci"":61,""earfcn"":2600,""tac"":null,""rsrp"":-87,""rsrq"":-14,""rssi"":-65,""snr"":null,""ta"":0,""level"":3,""bands"":""5""},{""type"":""LTE"",""pci"":315,""earfcn"":3050,""tac"":null,""rsrp"":-88,""rsrq"":-17,""rssi"":-63,""snr"":null,""ta"":0,""level"":3,""bands"":""7""},{""type"":""LTE"",""pci"":88,""earfcn"":2600,""tac"":null,""rsrp"":-89,""rsrq"":-17,""rssi"":-61,""snr"":null,""ta"":0,""level"":3,""bands"":""5""},{""type"":""LTE"",""pci"":186,""earfcn"":2600,""tac"":null,""rsrp"":-89,""rsrq"":-20,""rssi"":-57,""snr"":null,""ta"":0,""level"":3,""bands"":""5""},{""type"":""LTE"",""pci"":186,""earfcn"":3050,""tac"":null,""rsrp"":-90,""rsrq"":-17,""rssi"":-63,""snr"":null,""ta"":0,""level"":3,""bands"":""7""},{""type"":""LTE"",""pci"":88,""earfcn"":3050,""tac"":null,""rsrp"":-93,""rsrq"":-20,""rssi"":-63,""snr"":null,""ta"":0,""level"":3,""bands"":""7""}]",1006.16156,53,0.418,0.459,10,13,,,,"[{""b"":""b4:94:4e:04:fb:76"",""s"":""Public WiFi Secure"",""r"":-33,""f"":2417},{""b"":""ba:94:4e:04:fb:76"",""s"":""Public WiFi Free"",""r"":-33,""f"":2417},{""b"":""b4:94:4e:04:fb:77"",""s"":""Public WiFi Secure"",""r"":-36,""f"":5745},{""b"":""ba:94:4e:04:fb:77"",""s"":""Public WiFi Free"",""r"":-36,""f"":5745},{""b"":""b8:99:ae:6f:27:ad"",""s"":""RS6F27AC"",""r"":-80,""f"":2412},{""b"":""8a:40:67:1b:9c:ab"",""s"":""ktEgg_9cab"",""r"":-82,""f"":2462},{""b"":""12:e8:a7:e3:09:58"",""s"":""myChevrolet 0958"",""r"":-83,""f"":2437},{""b"":""06:29:d5:1d:ad:d3"",""s"":""Public WiFi Secure"",""r"":-83,""f"":2432},{""b"":""90:9f:33:18:76:d8"",""s"":""Easypnc"",""r"":-89,""f"":5745},{""b"":""28:4e:e9:58:d5:f7"",""s"":""U+NetD5F9_5G"",""r"":-90,""f"":5180}]",""
1790660226356,2026-09-29 14:37:06,car,37.6146942,127.1058999,5.547,16.08,115.0,65.21300885320893,fused,1,LTE,NR_NSA,5G,true,false,true,false,false,50873093,21,3050,7,8343,450,06,-97,-11,-61,,2,1,,,,2764,65529,0.0221,0.5242,2724,65489,0.0218,0.5239,false,13,0,13,-85,21,2600,16.08,false,false,periodic,18,3,-19,,5001,,,,"[{""type"":""LTE"",""pci"":21,""earfcn"":2600,""tac"":null,""rsrp"":-85,""rsrq"":-13,""rssi"":-61,""snr"":null,""ta"":1,""level"":4,""bands"":""5""},{""type"":""LTE"",""pci"":186,""earfcn"":2600,""tac"":null,""rsrp"":-90,""rsrq"":-20,""rssi"":-59,""snr"":null,""ta"":1,""level"":3,""bands"":""5""},{""type"":""LTE"",""pci"":61,""earfcn"":2600,""tac"":null,""rsrp"":-91,""rsrq"":-19,""rssi"":-61,""snr"":null,""ta"":1,""level"":3,""bands"":""5""},{""type"":""LTE"",""pci"":88,""earfcn"":2600,""tac"":null,""rsrp"":-91,""rsrq"":-20,""rssi"":-59,""snr"":null,""ta"":1,""level"":3,""bands"":""5""},{""type"":""LTE"",""pci"":191,""earfcn"":2600,""tac"":null,""rsrp"":-91,""rsrq"":-17,""rssi"":-63,""snr"":null,""ta"":1,""level"":3,""bands"":""5""},{""type"":""LTE"",""pci"":208,""earfcn"":2600,""tac"":null,""rsrp"":-91,""rsrq"":-20,""rssi"":-61,""snr"":null,""ta"":1,""level"":3,""bands"":""5""},{""type"":""LTE"",""pci"":92,""earfcn"":2600,""tac"":null,""rsrp"":-91,""rsrq"":-18,""rssi"":-61,""snr"":null,""ta"":1,""level"":3,""bands"":""5""},{""type"":""LTE"",""pci"":100,""earfcn"":100,""tac"":null,""rsrp"":-96,""rsrq"":-14,""rssi"":-71,""snr"":null,""ta"":1,""level"":2,""bands"":""1""},{""type"":""LTE"",""pci"":100,""earfcn"":3050,""tac"":null,""rsrp"":-99,""rsrq"":-14,""rssi"":-73,""snr"":null,""ta"":1,""level"":2,""bands"":""7""},{""type"":""LTE"",""pci"":88,""earfcn"":100,""tac"":null,""rsrp"":-99,""rsrq"":-14,""rssi"":-71,""snr"":null,""ta"":1,""level"":2,""bands"":""1""},{""type"":""LTE"",""pci"":38,""earfcn"":100,""tac"":null,""rsrp"":-99,""rsrq"":-17,""rssi"":-71,""snr"":null,""ta"":1,""level"":2,""bands"":""1""},{""type"":""LTE"",""pci"":315,""earfcn"":3050,""tac"":null,""rsrp"":-100,""rsrq"":-19,""rssi"":-73,""snr"":null,""ta"":1,""level"":2,""bands"":""7""},{""type"":""LTE"",""pci"":208,""earfcn"":100,""tac"":null,""rsrp"":-101,""rsrq"":-18,""rssi"":-73,""snr"":null,""ta"":1,""level"":2,""bands"":""1""}]",1006.18665,89,0.459,0.459,10,18,,,,"[{""b"":""b4:94:4e:04:fb:76"",""s"":""Public WiFi Secure"",""r"":-33,""f"":2417},{""b"":""ba:94:4e:04:fb:76"",""s"":""Public WiFi Free"",""r"":-33,""f"":2417},{""b"":""b4:94:4e:04:fb:77"",""s"":""Public WiFi Secure"",""r"":-36,""f"":5745},{""b"":""ba:94:4e:04:fb:77"",""s"":""Public WiFi Free"",""r"":-36,""f"":5745},{""b"":""b8:99:ae:6f:27:ad"",""s"":""RS6F27AC"",""r"":-80,""f"":2412},{""b"":""8a:40:67:1b:9c:ab"",""s"":""ktEgg_9cab"",""r"":-82,""f"":2462},{""b"":""12:e8:a7:e3:09:58"",""s"":""myChevrolet 0958"",""r"":-83,""f"":2437},{""b"":""06:29:d5:1d:ad:d3"",""s"":""Public WiFi Secure"",""r"":-83,""f"":2432},{""b"":""90:9f:33:18:76:d8"",""s"":""Easypnc"",""r"":-89,""f"":5745},{""b"":""28:4e:e9:58:d5:f7"",""s"":""U+NetD5F9_5G"",""r"":-90,""f"":5180}]",""
1790660231376,2026-09-29 14:37:11,car,37.6142838,127.1068975,7.946,16.31,114.0,65.24550673261692,fused,0,LTE,NR_NSA,5G,true,false,true,false,false,50873093,21,3050,7,8343,450,06,-97,-11,-61,,2,1,,,,3283,66359,0.0263,0.5309,3263,66340,0.0261,0.5307,false,13,0,13,-85,21,2600,16.31,false,false,periodic,23,2,0,,10021,,,,"[{""type"":""LTE"",""pci"":21,""earfcn"":2600,""tac"":null,""rsrp"":-85,""rsrq"":-13,""rssi"":-61,""snr"":null,""ta"":1,""level"":4,""bands"":""5""},{""type"":""LTE"",""pci"":186,""earfcn"":2600,""tac"":null,""rsrp"":-90,""rsrq"":-20,""rssi"":-59,""snr"":null,""ta"":1,""level"":3,""bands"":""5""},{""type"":""LTE"",""pci"":61,""earfcn"":2600,""tac"":null,""rsrp"":-91,""rsrq"":-19,""rssi"":-61,""snr"":null,""ta"":1,""level"":3,""bands"":""5""},{""type"":""LTE"",""pci"":88,""earfcn"":2600,""tac"":null,""rsrp"":-91,""rsrq"":-20,""rssi"":-59,""snr"":null,""ta"":1,""level"":3,""bands"":""5""},{""type"":""LTE"",""pci"":191,""earfcn"":2600,""tac"":null,""rsrp"":-91,""rsrq"":-17,""rssi"":-63,""snr"":null,""ta"":1,""level"":3,""bands"":""5""},{""type"":""LTE"",""pci"":208,""earfcn"":2600,""tac"":null,""rsrp"":-91,""rsrq"":-20,""rssi"":-61,""snr"":null,""ta"":1,""level"":3,""bands"":""5""},{""type"":""LTE"",""pci"":92,""earfcn"":2600,""tac"":null,""rsrp"":-91,""rsrq"":-18,""rssi"":-61,""snr"":null,""ta"":1,""level"":3,""bands"":""5""},{""type"":""LTE"",""pci"":100,""earfcn"":100,""tac"":null,""rsrp"":-96,""rsrq"":-14,""rssi"":-71,""snr"":null,""ta"":1,""level"":2,""bands"":""1""},{""type"":""LTE"",""pci"":100,""earfcn"":3050,""tac"":null,""rsrp"":-99,""rsrq"":-14,""rssi"":-73,""snr"":null,""ta"":1,""level"":2,""bands"":""7""},{""type"":""LTE"",""pci"":88,""earfcn"":100,""tac"":null,""rsrp"":-99,""rsrq"":-14,""rssi"":-71,""snr"":null,""ta"":1,""level"":2,""bands"":""1""},{""type"":""LTE"",""pci"":38,""earfcn"":100,""tac"":null,""rsrp"":-99,""rsrq"":-17,""rssi"":-71,""snr"":null,""ta"":1,""level"":2,""bands"":""1""},{""type"":""LTE"",""pci"":315,""earfcn"":3050,""tac"":null,""rsrp"":-100,""rsrq"":-19,""rssi"":-73,""snr"":null,""ta"":1,""level"":2,""bands"":""7""},{""type"":""LTE"",""pci"":208,""earfcn"":100,""tac"":null,""rsrp"":-101,""rsrq"":-18,""rssi"":-73,""snr"":null,""ta"":1,""level"":2,""bands"":""1""}]",1006.11316,105,0.474,0.524,10,23,,,,"[{""b"":""b4:94:4e:04:fb:76"",""s"":""Public WiFi Secure"",""r"":-33,""f"":2417},{""b"":""ba:94:4e:04:fb:76"",""s"":""Public WiFi Free"",""r"":-33,""f"":2417},{""b"":""b4:94:4e:04:fb:77"",""s"":""Public WiFi Secure"",""r"":-36,""f"":5745},{""b"":""ba:94:4e:04:fb:77"",""s"":""Public WiFi Free"",""r"":-36,""f"":5745},{""b"":""b8:99:ae:6f:27:ad"",""s"":""RS6F27AC"",""r"":-80,""f"":2412},{""b"":""8a:40:67:1b:9c:ab"",""s"":""ktEgg_9cab"",""r"":-82,""f"":2462},{""b"":""12:e8:a7:e3:09:58"",""s"":""myChevrolet 0958"",""r"":-83,""f"":2437},{""b"":""06:29:d5:1d:ad:d3"",""s"":""Public WiFi Secure"",""r"":-83,""f"":2432},{""b"":""90:9f:33:18:76:d8"",""s"":""Easypnc"",""r"":-89,""f"":5745},{""b"":""28:4e:e9:58:d5:f7"",""s"":""U+NetD5F9_5G"",""r"":-90,""f"":5180}]",""
1790660236396,2026-09-29 14:37:16,car,37.614065,127.107606,8.921,16.28,113.0,65.7139210959928,fused,1,LTE,NR_NSA,5G,true,false,true,false,false,50872866,38,3050,7,8343,450,06,-98,-12,-65,,2,1,,,,2568,65218,0.0205,0.5217,2549,65198,0.0204,0.5216,false,8,0,8,-82,38,2600,16.28,true,false,periodic,0,2,,,5001,50873093,-97,-11,"[{""type"":""LTE"",""pci"":38,""earfcn"":2600,""tac"":null,""rsrp"":-82,""rsrq"":-15,""rssi"":-57,""snr"":null,""ta"":1,""level"":4,""bands"":""5""},{""type"":""LTE"",""pci"":100,""earfcn"":100,""tac"":null,""rsrp"":-96,""rsrq"":-13,""rssi"":-73,""snr"":null,""ta"":1,""level"":2,""bands"":""1""},{""type"":""LTE"",""pci"":38,""earfcn"":100,""tac"":null,""rsrp"":-99,""rsrq"":-15,""rssi"":-73,""snr"":null,""ta"":1,""level"":2,""bands"":""1""},{""type"":""LTE"",""pci"":315,""earfcn"":100,""tac"":null,""rsrp"":-100,""rsrq"":-14,""rssi"":-73,""snr"":null,""ta"":1,""level"":2,""bands"":""1""},{""type"":""LTE"",""pci"":100,""earfcn"":3050,""tac"":null,""rsrp"":-101,""rsrq"":-15,""rssi"":-73,""snr"":null,""ta"":1,""level"":2,""bands"":""7""},{""type"":""LTE"",""pci"":315,""earfcn"":3050,""tac"":null,""rsrp"":-101,""rsrq"":-15,""rssi"":-73,""snr"":null,""ta"":1,""level"":2,""bands"":""7""},{""type"":""LTE"",""pci"":21,""earfcn"":3050,""tac"":null,""rsrp"":-104,""rsrq"":-18,""rssi"":-75,""snr"":null,""ta"":1,""level"":2,""bands"":""7""},{""type"":""LTE"",""pci"":8,""earfcn"":3050,""tac"":null,""rsrp"":-104,""rsrq"":-19,""rssi"":-73,""snr"":null,""ta"":1,""level"":2,""bands"":""7""}]",1005.99756,67,0.459,0.524,10,28,,,,"[{""b"":""b4:94:4e:04:fb:76"",""s"":""Public WiFi Secure"",""r"":-33,""f"":2417},{""b"":""ba:94:4e:04:fb:76"",""s"":""Public WiFi Free"",""r"":-33,""f"":2417},{""b"":""b4:94:4e:04:fb:77"",""s"":""Public WiFi Secure"",""r"":-36,""f"":5745},{""b"":""ba:94:4e:04:fb:77"",""s"":""Public WiFi Free"",""r"":-36,""f"":5745},{""b"":""b8:99:ae:6f:27:ad"",""s"":""RS6F27AC"",""r"":-80,""f"":2412},{""b"":""8a:40:67:1b:9c:ab"",""s"":""ktEgg_9cab"",""r"":-82,""f"":2462},{""b"":""12:e8:a7:e3:09:58"",""s"":""myChevrolet 0958"",""r"":-83,""f"":2437},{""b"":""06:29:d5:1d:ad:d3"",""s"":""Public WiFi Secure"",""r"":-83,""f"":2432},{""b"":""90:9f:33:18:76:d8"",""s"":""Easypnc"",""r"":-89,""f"":5745},{""b"":""28:4e:e9:58:d5:f7"",""s"":""U+NetD5F9_5G"",""r"":-90,""f"":5180}]","[{""type"":""LTE"",""pci"":21,""earfcn"":2600,""tac"":null,""rsrp"":-85,""rsrq"":-13,""rssi"":-61,""snr"":null,""ta"":1,""level"":4,""bands"":""5""},{""type"":""LTE"",""pci"":186,""earfcn"":2600,""tac"":null,""rsrp"":-90,""rsrq"":-20,""rssi"":-59,""snr"":null,""ta"":1,""level"":3,""bands"":""5""},{""type"":""LTE"",""pci"":61,""earfcn"":2600,""tac"":null,""rsrp"":-91,""rsrq"":-19,""rssi"":-61,""snr"":null,""ta"":1,""level"":3,""bands"":""5""},{""type"":""LTE"",""pci"":88,""earfcn"":2600,""tac"":null,""rsrp"":-91,""rsrq"":-20,""rssi"":-59,""snr"":null,""ta"":1,""level"":3,""bands"":""5""},{""type"":""LTE"",""pci"":191,""earfcn"":2600,""tac"":null,""rsrp"":-91,""rsrq"":-17,""rssi"":-63,""snr"":null,""ta"":1,""level"":3,""bands"":""5""},{""type"":""LTE"",""pci"":208,""earfcn"":2600,""tac"":null,""rsrp"":-91,""rsrq"":-20,""rssi"":-61,""snr"":null,""ta"":1,""level"":3,""bands"":""5""},{""type"":""LTE"",""pci"":92,""earfcn"":2600,""tac"":null,""rsrp"":-91,""rsrq"":-18,""rssi"":-61,""snr"":null,""ta"":1,""level"":3,""bands"":""5""},{""type"":""LTE"",""pci"":100,""earfcn"":100,""tac"":null,""rsrp"":-96,""rsrq"":-14,""rssi"":-71,""snr"":null,""ta"":1,""level"":2,""bands"":""1""},{""type"":""LTE"",""pci"":100,""earfcn"":3050,""tac"":null,""rsrp"":-99,""rsrq"":-14,""rssi"":-73,""snr"":null,""ta"":1,""level"":2,""bands"":""7""},{""type"":""LTE"",""pci"":88,""earfcn"":100,""tac"":null,""rsrp"":-99,""rsrq"":-14,""rssi"":-71,""snr"":null,""ta"":1,""level"":2,""bands"":""1""},{""type"":""LTE"",""pci"":38,""earfcn"":100,""tac"":null,""rsrp"":-99,""rsrq"":-17,""rssi"":-71,""snr"":null,""ta"":1,""level"":2,""bands"":""1""},{""type"":""LTE"",""pci"":315,""earfcn"":3050,""tac"":null,""rsrp"":-100,""rsrq"":-19,""rssi"":-73,""snr"":null,""ta"":1,""level"":2,""bands"":""7""},{""type"":""LTE"",""pci"":208,""earfcn"":100,""tac"":null,""rsrp"":-101,""rsrq"":-18,""rssi"":-73,""snr"":null,""ta"":1,""level"":2,""bands"":""1""}]"
1790660241415,2026-09-29 14:37:21,car,37.6137157,127.1085641,6.705,15.25,113.0,66.3889192149542,fused,0,LTE,NR_NSA,5G,true,false,true,false,false,50872866,38,3050,7,8343,450,06,-98,-12,-65,,2,1,,,,2524,63528,0.0202,0.5082,2504,63508,0.0200,0.5081,false,8,0,8,-82,38,2600,15.25,false,false,periodic,5,1,0,,10021,,,,"[{""type"":""LTE"",""pci"":38,""earfcn"":2600,""tac"":null,""rsrp"":-82,""rsrq"":-15,""rssi"":-57,""snr"":null,""ta"":1,""level"":4,""bands"":""5""},{""type"":""LTE"",""pci"":100,""earfcn"":100,""tac"":null,""rsrp"":-96,""rsrq"":-13,""rssi"":-73,""snr"":null,""ta"":1,""level"":2,""bands"":""1""},{""type"":""LTE"",""pci"":38,""earfcn"":100,""tac"":null,""rsrp"":-99,""rsrq"":-15,""rssi"":-73,""snr"":null,""ta"":1,""level"":2,""bands"":""1""},{""type"":""LTE"",""pci"":315,""earfcn"":100,""tac"":null,""rsrp"":-100,""rsrq"":-14,""rssi"":-73,""snr"":null,""ta"":1,""level"":2,""bands"":""1""},{""type"":""LTE"",""pci"":100,""earfcn"":3050,""tac"":null,""rsrp"":-101,""rsrq"":-15,""rssi"":-73,""snr"":null,""ta"":1,""level"":2,""bands"":""7""},{""type"":""LTE"",""pci"":315,""earfcn"":3050,""tac"":null,""rsrp"":-101,""rsrq"":-15,""rssi"":-73,""snr"":null,""ta"":1,""level"":2,""bands"":""7""},{""type"":""LTE"",""pci"":21,""earfcn"":3050,""tac"":null,""rsrp"":-104,""rsrq"":-18,""rssi"":-75,""snr"":null,""ta"":1,""level"":2,""bands"":""7""},{""type"":""LTE"",""pci"":8,""earfcn"":3050,""tac"":null,""rsrp"":-104,""rsrq"":-19,""rssi"":-73,""snr"":null,""ta"":1,""level"":2,""bands"":""7""}]",1005.89703,58,0.459,0.459,5,3,,,,"[{""b"":""ba:94:4e:04:fb:77"",""s"":""Public WiFi Free"",""r"":-46,""f"":5745},{""b"":""b4:94:4e:04:fb:77"",""s"":""Public WiFi Secure"",""r"":-46,""f"":5745},{""b"":""ba:94:4e:04:fb:76"",""s"":""Public WiFi Free"",""r"":-49,""f"":2417},{""b"":""30:eb:1f:21:d7:58"",""s"":"""",""r"":-51,""f"":2447},{""b"":""b4:94:4e:04:fb:76"",""s"":""Public WiFi Secure"",""r"":-53,""f"":2417}]",""
1790660246434,2026-09-29 14:37:26,car,37.6134673,127.109196,6.076,15.12,117.0,67.37988115740947,fused,1,LTE,NR_NSA,5G,true,false,true,false,false,50872866,38,3050,7,8343,450,06,-100,-11,-69,,2,0,,,,2137,65337,0.0171,0.5227,2097,65297,0.0168,0.5224,false,13,0,13,-85,38,2600,15.12,false,false,periodic,10,1,-2,,5001,,,,"[{""type"":""LTE"",""pci"":38,""earfcn"":2600,""tac"":null,""rsrp"":-85,""rsrq"":-9,""rssi"":-65,""snr"":null,""ta"":0,""level"":4,""bands"":""5""},{""type"":""LTE"",""pci"":92,""earfcn"":2600,""tac"":null,""rsrp"":-91,""rsrq"":-14,""rssi"":-65,""snr"":null,""ta"":0,""level"":3,""bands"":""5""},{""type"":""LTE"",""pci"":332,""earfcn"":2600,""tac"":null,""rsrp"":-96,""rsrq"":-16,""rssi"":-65,""snr"":null,""ta"":0,""level"":2,""bands"":""5""},{""type"":""LTE"",""pci"":208,""earfcn"":2600,""tac"":null,""rsrp"":-96,""rsrq"":-20,""rssi"":-65,""snr"":null,""ta"":0,""level"":2,""bands"":""5""},{""type"":""LTE"",""pci"":315,""earfcn"":2600,""tac"":null,""rsrp"":-97,""rsrq"":-20,""rssi"":-65,""snr"":null,""ta"":0,""level"":2,""bands"":""5""},{""type"":""LTE"",""pci"":191,""earfcn"":100,""tac"":null,""rsrp"":-99,""rsrq"":-16,""rssi"":-73,""snr"":null,""ta"":0,""level"":2,""bands"":""1""},{""type"":""LTE"",""pci"":21,""earfcn"":2600,""tac"":null,""rsrp"":-100,""rsrq"":-20,""rssi"":-69,""snr"":null,""ta"":0,""level"":2,""bands"":""5""},{""type"":""LTE"",""pci"":100,""earfcn"":3050,""tac"":null,""rsrp"":-101,""rsrq"":-12,""rssi"":-79,""snr"":null,""ta"":0,""level"":2,""bands"":""7""},{""type"":""LTE"",""pci"":38,""earfcn"":100,""tac"":null,""rsrp"":-101,""rsrq"":-9,""rssi"":-83,""snr"":null,""ta"":0,""level"":2,""bands"":""1""},{""type"":""LTE"",""pci"":121,""earfcn"":2600,""tac"":null,""rsrp"":-103,""rsrq"":-20,""rssi"":-65,""snr"":null,""ta"":0,""level"":2,""bands"":""5""},{""type"":""LTE"",""pci"":315,""earfcn"":100,""tac"":null,""rsrp"":-105,""rsrq"":-17,""rssi"":-77,""snr"":null,""ta"":0,""level"":2,""bands"":""1""},{""type"":""LTE"",""pci"":141,""earfcn"":3050,""tac"":null,""rsrp"":-106,""rsrq"":-19,""rssi"":-77,""snr"":null,""ta"":0,""level"":1,""bands"":""7""},{""type"":""LTE"",""pci"":100,""earfcn"":100,""tac"":null,""rsrp"":-110,""rsrq"":-13,""rssi"":-83,""snr"":null,""ta"":0,""level"":1,""bands"":""1""}]",1005.6822,51,0.459,0.459,5,8,,,,"[{""b"":""ba:94:4e:04:fb:77"",""s"":""Public WiFi Free"",""r"":-46,""f"":5745},{""b"":""b4:94:4e:04:fb:77"",""s"":""Public WiFi Secure"",""r"":-46,""f"":5745},{""b"":""ba:94:4e:04:fb:76"",""s"":""Public WiFi Free"",""r"":-49,""f"":2417},{""b"":""30:eb:1f:21:d7:58"",""s"":"""",""r"":-51,""f"":2447},{""b"":""b4:94:4e:04:fb:76"",""s"":""Public WiFi Secure"",""r"":-53,""f"":2417}]",""
1790660251455,2026-09-29 14:37:31,car,37.6130151,127.1101516,3.956,15.6,121.0,69.46571443807856,fused,0,LTE,NR_NSA,5G,true,false,true,false,false,50872866,38,3050,7,8343,450,06,-100,-11,-69,,2,0,,,,2221,65220,0.0178,0.5218,2201,65200,0.0176,0.5216,false,13,0,13,-85,38,2600,15.6,false,false,periodic,15,1,0,,10018,,,,"[{""type"":""LTE"",""pci"":38,""earfcn"":2600,""tac"":null,""rsrp"":-85,""rsrq"":-9,""rssi"":-65,""snr"":null,""ta"":0,""level"":4,""bands"":""5""},{""type"":""LTE"",""pci"":92,""earfcn"":2600,""tac"":null,""rsrp"":-91,""rsrq"":-14,""rssi"":-65,""snr"":null,""ta"":0,""level"":3,""bands"":""5""},{""type"":""LTE"",""pci"":332,""earfcn"":2600,""tac"":null,""rsrp"":-96,""rsrq"":-16,""rssi"":-65,""snr"":null,""ta"":0,""level"":2,""bands"":""5""},{""type"":""LTE"",""pci"":208,""earfcn"":2600,""tac"":null,""rsrp"":-96,""rsrq"":-20,""rssi"":-65,""snr"":null,""ta"":0,""level"":2,""bands"":""5""},{""type"":""LTE"",""pci"":315,""earfcn"":2600,""tac"":null,""rsrp"":-97,""rsrq"":-20,""rssi"":-65,""snr"":null,""ta"":0,""level"":2,""bands"":""5""},{""type"":""LTE"",""pci"":191,""earfcn"":100,""tac"":null,""rsrp"":-99,""rsrq"":-16,""rssi"":-73,""snr"":null,""ta"":0,""level"":2,""bands"":""1""},{""type"":""LTE"",""pci"":21,""earfcn"":2600,""tac"":null,""rsrp"":-100,""rsrq"":-20,""rssi"":-69,""snr"":null,""ta"":0,""level"":2,""bands"":""5""},{""type"":""LTE"",""pci"":100,""earfcn"":3050,""tac"":null,""rsrp"":-101,""rsrq"":-12,""rssi"":-79,""snr"":null,""ta"":0,""level"":2,""bands"":""7""},{""type"":""LTE"",""pci"":38,""earfcn"":100,""tac"":null,""rsrp"":-101,""rsrq"":-9,""rssi"":-83,""snr"":null,""ta"":0,""level"":2,""bands"":""1""},{""type"":""LTE"",""pci"":121,""earfcn"":2600,""tac"":null,""rsrp"":-103,""rsrq"":-20,""rssi"":-65,""snr"":null,""ta"":0,""level"":2,""bands"":""5""},{""type"":""LTE"",""pci"":315,""earfcn"":100,""tac"":null,""rsrp"":-105,""rsrq"":-17,""rssi"":-77,""snr"":null,""ta"":0,""level"":2,""bands"":""1""},{""type"":""LTE"",""pci"":141,""earfcn"":3050,""tac"":null,""rsrp"":-106,""rsrq"":-19,""rssi"":-77,""snr"":null,""ta"":0,""level"":1,""bands"":""7""},{""type"":""LTE"",""pci"":100,""earfcn"":100,""tac"":null,""rsrp"":-110,""rsrq"":-13,""rssi"":-83,""snr"":null,""ta"":0,""level"":1,""bands"":""1""}]",1005.6463,48,0.524,0.459,5,13,,,,"[{""b"":""ba:94:4e:04:fb:77"",""s"":""Public WiFi Free"",""r"":-46,""f"":5745},{""b"":""b4:94:4e:04:fb:77"",""s"":""Public WiFi Secure"",""r"":-46,""f"":5745},{""b"":""ba:94:4e:04:fb:76"",""s"":""Public WiFi Free"",""r"":-49,""f"":2417},{""b"":""30:eb:1f:21:d7:58"",""s"":"""",""r"":-51,""f"":2447},{""b"":""b4:94:4e:04:fb:76"",""s"":""Public WiFi Secure"",""r"":-53,""f"":2417}]",""
1790660256472,2026-09-29 14:37:36,car,37.6126962,127.1107493,5.471,16.09,123.0,70.12692876127532,fused,1,LTE,NR_NSA,5G,true,false,true,false,false,50872866,38,3050,7,8343,450,06,-92,-9,-61,,3,0,,,,2568,65261,0.0205,0.5221,2548,65241,0.0204,0.5219,false,10,0,10,-83,38,2600,16.09,false,false,periodic,20,1,8,,5004,,,,"[{""type"":""LTE"",""pci"":38,""earfcn"":2600,""tac"":null,""rsrp"":-83,""rsrq"":-13,""rssi"":-61,""snr"":null,""ta"":0,""level"":4,""bands"":""5""},{""type"":""LTE"",""pci"":208,""earfcn"":2600,""tac"":null,""rsrp"":-87,""rsrq"":-20,""rssi"":-57,""snr"":null,""ta"":0,""level"":3,""bands"":""5""},{""type"":""LTE"",""pci"":92,""earfcn"":2600,""tac"":null,""rsrp"":-91,""rsrq"":-19,""rssi"":-59,""snr"":null,""ta"":0,""level"":3,""bands"":""5""},{""type"":""LTE"",""pci"":141,""earfcn"":2600,""tac"":null,""rsrp"":-93,""rsrq"":-15,""rssi"":-61,""snr"":null,""ta"":0,""level"":3,""bands"":""5""},{""type"":""LTE"",""pci"":141,""earfcn"":3050,""tac"":null,""rsrp"":-99,""rsrq"":-16,""rssi"":-71,""snr"":null,""ta"":0,""level"":2,""bands"":""7""},{""type"":""LTE"",""pci"":38,""earfcn"":100,""tac"":null,""rsrp"":-100,""rsrq"":-14,""rssi"":-73,""snr"":null,""ta"":0,""level"":2,""bands"":""1""},{""type"":""LTE"",""pci"":90,""earfcn"":100,""tac"":null,""rsrp"":-100,""rsrq"":-17,""rssi"":-73,""snr"":null,""ta"":0,""level"":2,""bands"":""1""},{""type"":""LTE"",""pci"":90,""earfcn"":3050,""tac"":null,""rsrp"":-101,""rsrq"":-18,""rssi"":-75,""snr"":null,""ta"":0,""level"":2,""bands"":""7""},{""type"":""LTE"",""pci"":18,""earfcn"":3050,""tac"":null,""rsrp"":-101,""rsrq"":-20,""rssi"":-71,""snr"":null,""ta"":0,""level"":2,""bands"":""7""},{""type"":""LTE"",""pci"":100,""earfcn"":100,""tac"":null,""rsrp"":-102,""rsrq"":-19,""rssi"":-71,""snr"":null,""ta"":0,""level"":2,""bands"":""1""}]",1005.2869,64,0.459,0.524,5,18,,,,"[{""b"":""ba:94:4e:04:fb:77"",""s"":""Public WiFi Free"",""r"":-46,""f"":5745},{""b"":""b4:94:4e:04:fb:77"",""s"":""Public WiFi Secure"",""r"":-46,""f"":5745},{""b"":""ba:94:4e:04:fb:76"",""s"":""Public WiFi Free"",""r"":-49,""f"":2417},{""b"":""30:eb:1f:21:d7:58"",""s"":"""",""r"":-51,""f"":2447},{""b"":""b4:94:4e:04:fb:76"",""s"":""Public WiFi Secure"",""r"":-53,""f"":2417}]",""
1790660261488,2026-09-29 14:37:41,car,37.6121413,127.1116755,15.238,16.85,126.0,71.29430152677843,fused,0,LTE,NR_NSA,5G,true,false,true,false,false,50872866,38,3050,7,8343,450,06,-92,-9,-61,,3,0,,,,2568,63566,0.0205,0.5085,2548,63546,0.0204,0.5084,false,10,0,10,-83,38,2600,16.85,false,false,periodic,25,1,0,,10019,,,,"[{""type"":""LTE"",""pci"":38,""earfcn"":2600,""tac"":null,""rsrp"":-83,""rsrq"":-13,""rssi"":-61,""snr"":null,""ta"":0,""level"":4,""bands"":""5""},{""type"":""LTE"",""pci"":208,""earfcn"":2600,""tac"":null,""rsrp"":-87,""rsrq"":-20,""rssi"":-57,""snr"":null,""ta"":0,""level"":3,""bands"":""5""},{""type"":""LTE"",""pci"":92,""earfcn"":2600,""tac"":null,""rsrp"":-91,""rsrq"":-19,""rssi"":-59,""snr"":null,""ta"":0,""level"":3,""bands"":""5""},{""type"":""LTE"",""pci"":141,""earfcn"":2600,""tac"":null,""rsrp"":-93,""rsrq"":-15,""rssi"":-61,""snr"":null,""ta"":0,""level"":3,""bands"":""5""},{""type"":""LTE"",""pci"":141,""earfcn"":3050,""tac"":null,""rsrp"":-99,""rsrq"":-16,""rssi"":-71,""snr"":null,""ta"":0,""level"":2,""bands"":""7""},{""type"":""LTE"",""pci"":38,""earfcn"":100,""tac"":null,""rsrp"":-100,""rsrq"":-14,""rssi"":-73,""snr"":null,""ta"":0,""level"":2,""bands"":""1""},{""type"":""LTE"",""pci"":90,""earfcn"":100,""tac"":null,""rsrp"":-100,""rsrq"":-17,""rssi"":-73,""snr"":null,""ta"":0,""level"":2,""bands"":""1""},{""type"":""LTE"",""pci"":90,""earfcn"":3050,""tac"":null,""rsrp"":-101,""rsrq"":-18,""rssi"":-75,""snr"":null,""ta"":0,""level"":2,""bands"":""7""},{""type"":""LTE"",""pci"":18,""earfcn"":3050,""tac"":null,""rsrp"":-101,""rsrq"":-20,""rssi"":-71,""snr"":null,""ta"":0,""level"":2,""bands"":""7""},{""type"":""LTE"",""pci"":100,""earfcn"":100,""tac"":null,""rsrp"":-102,""rsrq"":-19,""rssi"":-71,""snr"":null,""ta"":0,""level"":2,""bands"":""1""}]",1005.3071,48,0.459,0.459,5,23,,,,"[{""b"":""ba:94:4e:04:fb:77"",""s"":""Public WiFi Free"",""r"":-46,""f"":5745},{""b"":""b4:94:4e:04:fb:77"",""s"":""Public WiFi Secure"",""r"":-46,""f"":5745},{""b"":""ba:94:4e:04:fb:76"",""s"":""Public WiFi Free"",""r"":-49,""f"":2417},{""b"":""30:eb:1f:21:d7:58"",""s"":"""",""r"":-51,""f"":2447},{""b"":""b4:94:4e:04:fb:76"",""s"":""Public WiFi Secure"",""r"":-53,""f"":2417}]",""
1790660266506,2026-09-29 14:37:46,car,37.6118557,127.1122454,21.36,15.83,124.0,73.28830406559628,fused,1,LTE,NR_NSA,5G,true,false,true,false,false,50872866,38,3050,7,8343,450,06,-102,-11,-69,,2,1,,,,3937,67308,0.0315,0.5385,3917,67288,0.0313,0.5383,false,10,0,10,-100,141,3050,15.83,false,false,periodic,30,0,-10,,5000,,,,"[{""type"":""LTE"",""pci"":141,""earfcn"":3050,""tac"":null,""rsrp"":-100,""rsrq"":-10,""rssi"":-81,""snr"":null,""ta"":1,""level"":2,""bands"":""7""},{""type"":""LTE"",""pci"":38,""earfcn"":2600,""tac"":null,""rsrp"":-101,""rsrq"":-15,""rssi"":-75,""snr"":null,""ta"":1,""level"":2,""bands"":""5""},{""type"":""LTE"",""pci"":141,""earfcn"":2600,""tac"":null,""rsrp"":-101,""rsrq"":-15,""rssi"":-75,""snr"":null,""ta"":1,""level"":2,""bands"":""5""},{""type"":""LTE"",""pci"":84,""earfcn"":2600,""tac"":null,""rsrp"":-104,""rsrq"":-17,""rssi"":-75,""snr"":null,""ta"":1,""level"":2,""bands"":""5""},{""type"":""LTE"",""pci"":92,""earfcn"":2600,""tac"":null,""rsrp"":-106,""rsrq"":-20,""rssi"":-75,""snr"":null,""ta"":1,""level"":1,""bands"":""5""},{""type"":""LTE"",""pci"":84,""earfcn"":3050,""tac"":null,""rsrp"":-107,""rsrq"":-15,""rssi"":-81,""snr"":null,""ta"":1,""level"":1,""bands"":""7""},{""type"":""LTE"",""pci"":141,""earfcn"":100,""tac"":null,""rsrp"":-109,""rsrq"":-16,""rssi"":-83,""snr"":null,""ta"":1,""level"":1,""bands"":""1""},{""type"":""LTE"",""pci"":84,""earfcn"":100,""tac"":null,""rsrp"":-109,""rsrq"":-17,""rssi"":-83,""snr"":null,""ta"":1,""level"":1,""bands"":""1""},{""type"":""LTE"",""pci"":38,""earfcn"":100,""tac"":null,""rsrp"":-110,""rsrq"":-18,""rssi"":-83,""snr"":null,""ta"":1,""level"":1,""bands"":""1""},{""type"":""LTE"",""pci"":18,""earfcn"":100,""tac"":null,""rsrp"":-112,""rsrq"":-19,""rssi"":-83,""snr"":null,""ta"":1,""level"":1,""bands"":""1""}]",1005.0313,49,0.459,0.459,5,28,,,,"[{""b"":""ba:94:4e:04:fb:77"",""s"":""Public WiFi Free"",""r"":-46,""f"":5745},{""b"":""b4:94:4e:04:fb:77"",""s"":""Public WiFi Secure"",""r"":-46,""f"":5745},{""b"":""ba:94:4e:04:fb:76"",""s"":""Public WiFi Free"",""r"":-49,""f"":2417},{""b"":""30:eb:1f:21:d7:58"",""s"":"""",""r"":-51,""f"":2447},{""b"":""b4:94:4e:04:fb:76"",""s"":""Public WiFi Secure"",""r"":-53,""f"":2417}]",""
1790660271523,2026-09-29 14:37:51,car,37.6114835,127.1130635,17.299,14.99,121.0,75.19898299118249,fused,0,LTE,NR_NSA,5G,true,false,true,false,false,50872866,38,3050,7,8343,450,06,-102,-11,-69,,2,1,,,,2516,65292,0.0201,0.5223,2476,65252,0.0198,0.5220,false,10,0,10,-100,141,3050,14.99,false,false,periodic,35,0,0,,10017,,,,"[{""type"":""LTE"",""pci"":141,""earfcn"":3050,""tac"":null,""rsrp"":-100,""rsrq"":-10,""rssi"":-81,""snr"":null,""ta"":1,""level"":2,""bands"":""7""},{""type"":""LTE"",""pci"":38,""earfcn"":2600,""tac"":null,""rsrp"":-101,""rsrq"":-15,""rssi"":-75,""snr"":null,""ta"":1,""level"":2,""bands"":""5""},{""type"":""LTE"",""pci"":141,""earfcn"":2600,""tac"":null,""rsrp"":-101,""rsrq"":-15,""rssi"":-75,""snr"":null,""ta"":1,""level"":2,""bands"":""5""},{""type"":""LTE"",""pci"":84,""earfcn"":2600,""tac"":null,""rsrp"":-104,""rsrq"":-17,""rssi"":-75,""snr"":null,""ta"":1,""level"":2,""bands"":""5""},{""type"":""LTE"",""pci"":92,""earfcn"":2600,""tac"":null,""rsrp"":-106,""rsrq"":-20,""rssi"":-75,""snr"":null,""ta"":1,""level"":1,""bands"":""5""},{""type"":""LTE"",""pci"":84,""earfcn"":3050,""tac"":null,""rsrp"":-107,""rsrq"":-15,""rssi"":-81,""snr"":null,""ta"":1,""level"":1,""bands"":""7""},{""type"":""LTE"",""pci"":141,""earfcn"":100,""tac"":null,""rsrp"":-109,""rsrq"":-16,""rssi"":-83,""snr"":null,""ta"":1,""level"":1,""bands"":""1""},{""type"":""LTE"",""pci"":84,""earfcn"":100,""tac"":null,""rsrp"":-109,""rsrq"":-17,""rssi"":-83,""snr"":null,""ta"":1,""level"":1,""bands"":""1""},{""type"":""LTE"",""pci"":38,""earfcn"":100,""tac"":null,""rsrp"":-110,""rsrq"":-18,""rssi"":-83,""snr"":null,""ta"":1,""level"":1,""bands"":""1""},{""type"":""LTE"",""pci"":18,""earfcn"":100,""tac"":null,""rsrp"":-112,""rsrq"":-19,""rssi"":-83,""snr"":null,""ta"":1,""level"":1,""bands"":""1""}]",1004.5366,48,0.524,0.524,5,3,,,,"[{""b"":""ba:94:4e:04:fb:76"",""s"":""Public WiFi Free"",""r"":-50,""f"":2417},{""b"":""ba:94:4e:04:fb:77"",""s"":""Public WiFi Free"",""r"":-50,""f"":5745},{""b"":""b4:94:4e:04:fb:76"",""s"":""Public WiFi Secure"",""r"":-50,""f"":2417},{""b"":""b4:94:4e:04:fb:77"",""s"":""Public WiFi Secure"",""r"":-50,""f"":5745},{""b"":""90:de:80:44:0d:cc"",""s"":""GNET_BB_D_FORCE_S1_440DCC"",""r"":-78,""f"":2457}]",""
1790660276541,2026-09-29 14:37:56,car,37.611224,127.1136613,23.44,14.94,120.0,78.647654665708,fused,1,LTE,NR_NSA,5G,true,false,true,false,false,50872864,141,3050,7,8343,450,06,-94,-6,-69,,3,0,,,,2481,65214,0.0198,0.5217,2461,65194,0.0197,0.5216,false,8,0,8,-82,141,2600,14.94,true,false,periodic,0,1,,,5001,50872866,-102,-11,"[{""type"":""LTE"",""pci"":141,""earfcn"":2600,""tac"":null,""rsrp"":-82,""rsrq"":-12,""rssi"":-61,""snr"":null,""ta"":0,""level"":4,""bands"":""5""},{""type"":""LTE"",""pci"":141,""earfcn"":100,""tac"":null,""rsrp"":-90,""rsrq"":-10,""rssi"":-71,""snr"":null,""ta"":0,""level"":3,""bands"":""1""},{""type"":""LTE"",""pci"":84,""earfcn"":2600,""tac"":null,""rsrp"":-91,""rsrq"":-20,""rssi"":-61,""snr"":null,""ta"":0,""level"":3,""bands"":""5""},{""type"":""LTE"",""pci"":191,""earfcn"":100,""tac"":null,""rsrp"":-100,""rsrq"":-18,""rssi"":-73,""snr"":null,""ta"":0,""level"":2,""bands"":""1""},{""type"":""LTE"",""pci"":84,""earfcn"":3050,""tac"":null,""rsrp"":-101,""rsrq"":-16,""rssi"":-73,""snr"":null,""ta"":0,""level"":2,""bands"":""7""},{""type"":""LTE"",""pci"":191,""earfcn"":2600,""tac"":null,""rsrp"":-101,""rsrq"":-20,""rssi"":-63,""snr"":null,""ta"":0,""level"":2,""bands"":""5""},{""type"":""LTE"",""pci"":18,""earfcn"":3050,""tac"":null,""rsrp"":-102,""rsrq"":-14,""rssi"":-77,""snr"":null,""ta"":0,""level"":2,""bands"":""7""},{""type"":""LTE"",""pci"":38,""earfcn"":3050,""tac"":null,""rsrp"":-108,""rsrq"":-20,""rssi"":-77,""snr"":null,""ta"":0,""level"":1,""bands"":""7""}]",1004.2829,54,0.459,0.524,5,8,,,,"[{""b"":""ba:94:4e:04:fb:76"",""s"":""Public WiFi Free"",""r"":-50,""f"":2417},{""b"":""ba:94:4e:04:fb:77"",""s"":""Public WiFi Free"",""r"":-50,""f"":5745},{""b"":""b4:94:4e:04:fb:76"",""s"":""Public WiFi Secure"",""r"":-50,""f"":2417},{""b"":""b4:94:4e:04:fb:77"",""s"":""Public WiFi Secure"",""r"":-50,""f"":5745},{""b"":""90:de:80:44:0d:cc"",""s"":""GNET_BB_D_FORCE_S1_440DCC"",""r"":-78,""f"":2457}]","[{""type"":""LTE"",""pci"":141,""earfcn"":3050,""tac"":null,""rsrp"":-100,""rsrq"":-10,""rssi"":-81,""snr"":null,""ta"":1,""level"":2,""bands"":""7""},{""type"":""LTE"",""pci"":38,""earfcn"":2600,""tac"":null,""rsrp"":-101,""rsrq"":-15,""rssi"":-75,""snr"":null,""ta"":1,""level"":2,""bands"":""5""},{""type"":""LTE"",""pci"":141,""earfcn"":2600,""tac"":null,""rsrp"":-101,""rsrq"":-15,""rssi"":-75,""snr"":null,""ta"":1,""level"":2,""bands"":""5""},{""type"":""LTE"",""pci"":84,""earfcn"":2600,""tac"":null,""rsrp"":-104,""rsrq"":-17,""rssi"":-75,""snr"":null,""ta"":1,""level"":2,""bands"":""5""},{""type"":""LTE"",""pci"":92,""earfcn"":2600,""tac"":null,""rsrp"":-106,""rsrq"":-20,""rssi"":-75,""snr"":null,""ta"":1,""level"":1,""bands"":""5""},{""type"":""LTE"",""pci"":84,""earfcn"":3050,""tac"":null,""rsrp"":-107,""rsrq"":-15,""rssi"":-81,""snr"":null,""ta"":1,""level"":1,""bands"":""7""},{""type"":""LTE"",""pci"":141,""earfcn"":100,""tac"":null,""rsrp"":-109,""rsrq"":-16,""rssi"":-83,""snr"":null,""ta"":1,""level"":1,""bands"":""1""},{""type"":""LTE"",""pci"":84,""earfcn"":100,""tac"":null,""rsrp"":-109,""rsrq"":-17,""rssi"":-83,""snr"":null,""ta"":1,""level"":1,""bands"":""1""},{""type"":""LTE"",""pci"":38,""earfcn"":100,""tac"":null,""rsrp"":-110,""rsrq"":-18,""rssi"":-83,""snr"":null,""ta"":1,""level"":1,""bands"":""1""},{""type"":""LTE"",""pci"":18,""earfcn"":100,""tac"":null,""rsrp"":-112,""rsrq"":-19,""rssi"":-83,""snr"":null,""ta"":1,""level"":1,""bands"":""1""}]"
1790660281558,2026-09-29 14:38:01,car,37.6109362,127.1145145,16.618,12.84,115.0,80.93222163395863,fused,0,LTE,NR_NSA,5G,true,false,true,false,false,50872864,141,3050,7,8343,450,06,-94,-6,-69,,3,0,,,,2553,63553,0.0204,0.5084,2533,63533,0.0203,0.5083,false,8,0,8,-82,141,2600,12.84,false,false,periodic,5,1,0,,10018,,,,"[{""type"":""LTE"",""pci"":141,""earfcn"":2600,""tac"":null,""rsrp"":-82,""rsrq"":-12,""rssi"":-61,""snr"":null,""ta"":0,""level"":4,""bands"":""5""},{""type"":""LTE"",""pci"":141,""earfcn"":100,""tac"":null,""rsrp"":-90,""rsrq"":-10,""rssi"":-71,""snr"":null,""ta"":0,""level"":3,""bands"":""1""},{""type"":""LTE"",""pci"":84,""earfcn"":2600,""tac"":null,""rsrp"":-91,""rsrq"":-20,""rssi"":-61,""snr"":null,""ta"":0,""level"":3,""bands"":""5""},{""type"":""LTE"",""pci"":191,""earfcn"":100,""tac"":null,""rsrp"":-100,""rsrq"":-18,""rssi"":-73,""snr"":null,""ta"":0,""level"":2,""bands"":""1""},{""type"":""LTE"",""pci"":84,""earfcn"":3050,""tac"":null,""rsrp"":-101,""rsrq"":-16,""rssi"":-73,""snr"":null,""ta"":0,""level"":2,""bands"":""7""},{""type"":""LTE"",""pci"":191,""earfcn"":2600,""tac"":null,""rsrp"":-101,""rsrq"":-20,""rssi"":-63,""snr"":null,""ta"":0,""level"":2,""bands"":""5""},{""type"":""LTE"",""pci"":18,""earfcn"":3050,""tac"":null,""rsrp"":-102,""rsrq"":-14,""rssi"":-77,""snr"":null,""ta"":0,""level"":2,""bands"":""7""},{""type"":""LTE"",""pci"":38,""earfcn"":3050,""tac"":null,""rsrp"":-108,""rsrq"":-20,""rssi"":-77,""snr"":null,""ta"":0,""level"":1,""bands"":""7""}]",1003.9807,80,0.459,0.459,5,13,,,,"[{""b"":""ba:94:4e:04:fb:76"",""s"":""Public WiFi Free"",""r"":-50,""f"":2417},{""b"":""ba:94:4e:04:fb:77"",""s"":""Public WiFi Free"",""r"":-50,""f"":5745},{""b"":""b4:94:4e:04:fb:76"",""s"":""Public WiFi Secure"",""r"":-50,""f"":2417},{""b"":""b4:94:4e:04:fb:77"",""s"":""Public WiFi Secure"",""r"":-50,""f"":5745},{""b"":""90:de:80:44:0d:cc"",""s"":""GNET_BB_D_FORCE_S1_440DCC"",""r"":-78,""f"":2457}]",""
1790660286576,2026-09-29 14:38:06,car,37.6108574,127.1150666,21.028,12.43,106.0,83.1106866806788,fused,1,LTE,LTE_CA,4G,false,false,false,false,false,50872864,141,3050,7,8343,450,06,-102,-7,-75,,2,0,,,,2624,65230,0.0210,0.5218,2605,65210,0.0208,0.5217,false,6,0,6,-89,141,2600,12.43,false,false,periodic,10,1,-8,,5002,,,,"[{""type"":""LTE"",""pci"":141,""earfcn"":2600,""tac"":null,""rsrp"":-89,""rsrq"":-12,""rssi"":-67,""snr"":null,""ta"":0,""level"":3,""bands"":""5""},{""type"":""LTE"",""pci"":82,""earfcn"":2600,""tac"":null,""rsrp"":-97,""rsrq"":-18,""rssi"":-69,""snr"":null,""ta"":0,""level"":2,""bands"":""5""},{""type"":""LTE"",""pci"":141,""earfcn"":100,""tac"":null,""rsrp"":-107,""rsrq"":-12,""rssi"":-85,""snr"":null,""ta"":0,""level"":1,""bands"":""1""},{""type"":""LTE"",""pci"":84,""earfcn"":3050,""tac"":null,""rsrp"":-113,""rsrq"":-17,""rssi"":-83,""snr"":null,""ta"":0,""level"":1,""bands"":""7""},{""type"":""LTE"",""pci"":82,""earfcn"":100,""tac"":null,""rsrp"":-114,""rsrq"":-16,""rssi"":-85,""snr"":null,""ta"":0,""level"":1,""bands"":""1""},{""type"":""LTE"",""pci"":73,""earfcn"":100,""tac"":null,""rsrp"":-120,""rsrq"":-18,""rssi"":-89,""snr"":null,""ta"":0,""level"":0,""bands"":""1""}]",1003.64984,85,0.459,0.459,5,18,,,,"[{""b"":""ba:94:4e:04:fb:76"",""s"":""Public WiFi Free"",""r"":-50,""f"":2417},{""b"":""ba:94:4e:04:fb:77"",""s"":""Public WiFi Free"",""r"":-50,""f"":5745},{""b"":""b4:94:4e:04:fb:76"",""s"":""Public WiFi Secure"",""r"":-50,""f"":2417},{""b"":""b4:94:4e:04:fb:77"",""s"":""Public WiFi Secure"",""r"":-50,""f"":5745},{""b"":""90:de:80:44:0d:cc"",""s"":""GNET_BB_D_FORCE_S1_440DCC"",""r"":-78,""f"":2457}]",""
1790660291595,2026-09-29 14:38:11,car,37.6107305,127.1161609,18.85,15.18,98.0,86.71178363817965,fused,0,LTE,LTE_CA,4G,false,false,false,false,false,50872864,141,3050,7,8343,450,06,-102,-7,-75,,2,0,,,,2675,65199,0.0214,0.5216,2635,65159,0.0211,0.5213,false,6,0,6,-89,141,2600,15.18,false,false,periodic,15,1,0,,10021,,,,"[{""type"":""LTE"",""pci"":141,""earfcn"":2600,""tac"":null,""rsrp"":-89,""rsrq"":-12,""rssi"":-67,""snr"":null,""ta"":0,""level"":3,""bands"":""5""},{""type"":""LTE"",""pci"":82,""earfcn"":2600,""tac"":null,""rsrp"":-97,""rsrq"":-18,""rssi"":-69,""snr"":null,""ta"":0,""level"":2,""bands"":""5""},{""type"":""LTE"",""pci"":141,""earfcn"":100,""tac"":null,""rsrp"":-107,""rsrq"":-12,""rssi"":-85,""snr"":null,""ta"":0,""level"":1,""bands"":""1""},{""type"":""LTE"",""pci"":84,""earfcn"":3050,""tac"":null,""rsrp"":-113,""rsrq"":-17,""rssi"":-83,""snr"":null,""ta"":0,""level"":1,""bands"":""7""},{""type"":""LTE"",""pci"":82,""earfcn"":100,""tac"":null,""rsrp"":-114,""rsrq"":-16,""rssi"":-85,""snr"":null,""ta"":0,""level"":1,""bands"":""1""},{""type"":""LTE"",""pci"":73,""earfcn"":100,""tac"":null,""rsrp"":-120,""rsrq"":-18,""rssi"":-89,""snr"":null,""ta"":0,""level"":0,""bands"":""1""}]",1003.3052,307,0.458,0.459,5,23,,,,"[{""b"":""ba:94:4e:04:fb:76"",""s"":""Public WiFi Free"",""r"":-50,""f"":2417},{""b"":""ba:94:4e:04:fb:77"",""s"":""Public WiFi Free"",""r"":-50,""f"":5745},{""b"":""b4:94:4e:04:fb:76"",""s"":""Public WiFi Secure"",""r"":-50,""f"":2417},{""b"":""b4:94:4e:04:fb:77"",""s"":""Public WiFi Secure"",""r"":-50,""f"":5745},{""b"":""90:de:80:44:0d:cc"",""s"":""GNET_BB_D_FORCE_S1_440DCC"",""r"":-78,""f"":2457}]",""
1790660296612,2026-09-29 14:38:16,car,37.6105911,127.1167949,19.342,13.82,105.0,88.48739835154618,fused,1,LTE,LTE_CA,4G,false,false,false,false,false,50872864,141,3050,7,8343,450,06,-112,-8,-83,,1,1,,,,2481,65213,0.0198,0.5217,2462,65193,0.0197,0.5215,false,8,0,8,-98,248,2600,13.82,false,false,periodic,20,1,-10,,5002,,,,"[{""type"":""LTE"",""pci"":248,""earfcn"":2600,""tac"":null,""rsrp"":-98,""rsrq"":-11,""rssi"":-77,""snr"":null,""ta"":1,""level"":2,""bands"":""5""},{""type"":""LTE"",""pci"":191,""earfcn"":2600,""tac"":null,""rsrp"":-99,""rsrq"":-17,""rssi"":-71,""snr"":null,""ta"":1,""level"":2,""bands"":""5""},{""type"":""LTE"",""pci"":141,""earfcn"":2600,""tac"":null,""rsrp"":-105,""rsrq"":-13,""rssi"":-81,""snr"":null,""ta"":1,""level"":2,""bands"":""5""},{""type"":""LTE"",""pci"":21,""earfcn"":2600,""tac"":null,""rsrp"":-105,""rsrq"":-17,""rssi"":-77,""snr"":null,""ta"":1,""level"":2,""bands"":""5""},{""type"":""LTE"",""pci"":82,""earfcn"":2600,""tac"":null,""rsrp"":-109,""rsrq"":-19,""rssi"":-81,""snr"":null,""ta"":1,""level"":1,""bands"":""5""},{""type"":""LTE"",""pci"":154,""earfcn"":3050,""tac"":null,""rsrp"":-118,""rsrq"":-17,""rssi"":-93,""snr"":null,""ta"":1,""level"":0,""bands"":""7""},{""type"":""LTE"",""pci"":18,""earfcn"":3050,""tac"":null,""rsrp"":-119,""rsrq"":-18,""rssi"":-91,""snr"":null,""ta"":1,""level"":0,""bands"":""7""},{""type"":""LTE"",""pci"":318,""earfcn"":3050,""tac"":null,""rsrp"":-121,""rsrq"":-19,""rssi"":-93,""snr"":null,""ta"":1,""level"":0,""bands"":""7""}]",1003.3504,59,0.524,0.524,5,28,,,,"[{""b"":""ba:94:4e:04:fb:76"",""s"":""Public WiFi Free"",""r"":-50,""f"":2417},{""b"":""ba:94:4e:04:fb:77"",""s"":""Public WiFi Free"",""r"":-50,""f"":5745},{""b"":""b4:94:4e:04:fb:76"",""s"":""Public WiFi Secure"",""r"":-50,""f"":2417},{""b"":""b4:94:4e:04:fb:77"",""s"":""Public WiFi Secure"",""r"":-50,""f"":5745},{""b"":""90:de:80:44:0d:cc"",""s"":""GNET_BB_D_FORCE_S1_440DCC"",""r"":-78,""f"":2457}]",""
1790660301634,2026-09-29 14:38:21,car,37.6105231,127.1175394,24.991,12.06,104.0,89.51363600237868,fused,0,LTE,LTE_CA,4G,false,false,false,false,false,50872864,141,3050,7,8343,450,06,-112,-8,-83,,1,1,,,,2508,63490,0.0201,0.5079,2488,63470,0.0199,0.5078,false,8,0,8,-98,248,2600,12.06,false,false,periodic,25,1,0,,10023,,,,"[{""type"":""LTE"",""pci"":248,""earfcn"":2600,""tac"":null,""rsrp"":-98,""rsrq"":-11,""rssi"":-77,""snr"":null,""ta"":1,""level"":2,""bands"":""5""},{""type"":""LTE"",""pci"":191,""earfcn"":2600,""tac"":null,""rsrp"":-99,""rsrq"":-17,""rssi"":-71,""snr"":null,""ta"":1,""level"":2,""bands"":""5""},{""type"":""LTE"",""pci"":141,""earfcn"":2600,""tac"":null,""rsrp"":-105,""rsrq"":-13,""rssi"":-81,""snr"":null,""ta"":1,""level"":2,""bands"":""5""},{""type"":""LTE"",""pci"":21,""earfcn"":2600,""tac"":null,""rsrp"":-105,""rsrq"":-17,""rssi"":-77,""snr"":null,""ta"":1,""level"":2,""bands"":""5""},{""type"":""LTE"",""pci"":82,""earfcn"":2600,""tac"":null,""rsrp"":-109,""rsrq"":-19,""rssi"":-81,""snr"":null,""ta"":1,""level"":1,""bands"":""5""},{""type"":""LTE"",""pci"":154,""earfcn"":3050,""tac"":null,""rsrp"":-118,""rsrq"":-17,""rssi"":-93,""snr"":null,""ta"":1,""level"":0,""bands"":""7""},{""type"":""LTE"",""pci"":18,""earfcn"":3050,""tac"":null,""rsrp"":-119,""rsrq"":-18,""rssi"":-91,""snr"":null,""ta"":1,""level"":0,""bands"":""7""},{""type"":""LTE"",""pci"":318,""earfcn"":3050,""tac"":null,""rsrp"":-121,""rsrq"":-19,""rssi"":-93,""snr"":null,""ta"":1,""level"":0,""bands"":""7""}]",1003.27966,120,0.524,0.459,5,4,,,,"[{""b"":""ba:94:4e:04:fb:77"",""s"":""Public WiFi Free"",""r"":-47,""f"":5745},{""b"":""b4:94:4e:04:fb:77"",""s"":""Public WiFi Secure"",""r"":-47,""f"":5745},{""b"":""ba:94:4e:04:fb:76"",""s"":""Public WiFi Free"",""r"":-51,""f"":2417},{""b"":""b4:94:4e:04:fb:76"",""s"":""Public WiFi Secure"",""r"":-52,""f"":2417},{""b"":""56:f8:2a:58:1e:d5"",""s"":""Audi_MMI_8094"",""r"":-84,""f"":2437}]",""
1790660306651,2026-09-29 14:38:26,car,37.6104997,127.1180362,20.75,10.71,91.0,89.64780018121151,fused,1,LTE,LTE_CA,4G,false,false,false,false,false,50872840,141,2600,5,8343,450,06,-102,-13,-71,,2,2,,,,2568,65272,0.0205,0.5222,2548,65252,0.0204,0.5220,false,10,0,10,-104,151,2600,10.71,true,false,periodic,0,1,,,5002,50872864,-112,-8,"[{""type"":""LTE"",""pci"":151,""earfcn"":2600,""tac"":null,""rsrp"":-104,""rsrq"":-18,""rssi"":-75,""snr"":null,""ta"":2,""level"":2,""bands"":""5""},{""type"":""LTE"",""pci"":121,""earfcn"":2600,""tac"":null,""rsrp"":-106,""rsrq"":-19,""rssi"":-77,""snr"":null,""ta"":2,""level"":1,""bands"":""5""},{""type"":""LTE"",""pci"":315,""earfcn"":2600,""tac"":null,""rsrp"":-106,""rsrq"":-19,""rssi"":-75,""snr"":null,""ta"":2,""level"":1,""bands"":""5""},{""type"":""LTE"",""pci"":82,""earfcn"":2600,""tac"":null,""rsrp"":-107,""rsrq"":-19,""rssi"":-77,""snr"":null,""ta"":2,""level"":1,""bands"":""5""},{""type"":""LTE"",""pci"":391,""earfcn"":2600,""tac"":null,""rsrp"":-107,""rsrq"":-20,""rssi"":-77,""snr"":null,""ta"":2,""level"":1,""bands"":""5""},{""type"":""LTE"",""pci"":18,""earfcn"":100,""tac"":null,""rsrp"":-117,""rsrq"":-11,""rssi"":-95,""snr"":null,""ta"":2,""level"":0,""bands"":""1""},{""type"":""LTE"",""pci"":318,""earfcn"":3050,""tac"":null,""rsrp"":-117,""rsrq"":-12,""rssi"":-93,""snr"":null,""ta"":2,""level"":0,""bands"":""7""},{""type"":""LTE"",""pci"":141,""earfcn"":3050,""tac"":null,""rsrp"":-117,""rsrq"":-12,""rssi"":-93,""snr"":null,""ta"":2,""level"":0,""bands"":""7""},{""type"":""LTE"",""pci"":318,""earfcn"":100,""tac"":null,""rsrp"":-119,""rsrq"":-14,""rssi"":-95,""snr"":null,""ta"":2,""level"":0,""bands"":""1""},{""type"":""LTE"",""pci"":121,""earfcn"":100,""tac"":null,""rsrp"":-122,""rsrq"":-16,""rssi"":-95,""snr"":null,""ta"":2,""level"":0,""bands"":""1""}]",1003.027,72,0.459,0.459,5,9,,,,"[{""b"":""ba:94:4e:04:fb:77"",""s"":""Public WiFi Free"",""r"":-47,""f"":5745},{""b"":""b4:94:4e:04:fb:77"",""s"":""Public WiFi Secure"",""r"":-47,""f"":5745},{""b"":""ba:94:4e:04:fb:76"",""s"":""Public WiFi Free"",""r"":-51,""f"":2417},{""b"":""b4:94:4e:04:fb:76"",""s"":""Public WiFi Secure"",""r"":-52,""f"":2417},{""b"":""56:f8:2a:58:1e:d5"",""s"":""Audi_MMI_8094"",""r"":-84,""f"":2437}]","[{""type"":""LTE"",""pci"":248,""earfcn"":2600,""tac"":null,""rsrp"":-98,""rsrq"":-11,""rssi"":-77,""snr"":null,""ta"":1,""level"":2,""bands"":""5""},{""type"":""LTE"",""pci"":191,""earfcn"":2600,""tac"":null,""rsrp"":-99,""rsrq"":-17,""rssi"":-71,""snr"":null,""ta"":1,""level"":2,""bands"":""5""},{""type"":""LTE"",""pci"":141,""earfcn"":2600,""tac"":null,""rsrp"":-105,""rsrq"":-13,""rssi"":-81,""snr"":null,""ta"":1,""level"":2,""bands"":""5""},{""type"":""LTE"",""pci"":21,""earfcn"":2600,""tac"":null,""rsrp"":-105,""rsrq"":-17,""rssi"":-77,""snr"":null,""ta"":1,""level"":2,""bands"":""5""},{""type"":""LTE"",""pci"":82,""earfcn"":2600,""tac"":null,""rsrp"":-109,""rsrq"":-19,""rssi"":-81,""snr"":null,""ta"":1,""level"":1,""bands"":""5""},{""type"":""LTE"",""pci"":154,""earfcn"":3050,""tac"":null,""rsrp"":-118,""rsrq"":-17,""rssi"":-93,""snr"":null,""ta"":1,""level"":0,""bands"":""7""},{""type"":""LTE"",""pci"":18,""earfcn"":3050,""tac"":null,""rsrp"":-119,""rsrq"":-18,""rssi"":-91,""snr"":null,""ta"":1,""level"":0,""bands"":""7""},{""type"":""LTE"",""pci"":318,""earfcn"":3050,""tac"":null,""rsrp"":-121,""rsrq"":-19,""rssi"":-93,""snr"":null,""ta"":1,""level"":0,""bands"":""7""}]"
1790660311671,2026-09-29 14:38:31,car,37.6104752,127.1181959,17.416,9.4,89.0,90.01505101555354,fused,4,LTE,LTE_CA,4G,false,false,false,false,false,50872840,141,2600,5,8343,450,06,-102,-13,-71,,2,2,,,,1263324,66226,10.1066,0.5298,1263304,66206,10.1064,0.5296,false,10,0,10,-104,151,2600,9.4,false,false,periodic,5,1,0,,10021,,,,"[{""type"":""LTE"",""pci"":151,""earfcn"":2600,""tac"":null,""rsrp"":-104,""rsrq"":-18,""rssi"":-75,""snr"":null,""ta"":2,""level"":2,""bands"":""5""},{""type"":""LTE"",""pci"":121,""earfcn"":2600,""tac"":null,""rsrp"":-106,""rsrq"":-19,""rssi"":-77,""snr"":null,""ta"":2,""level"":1,""bands"":""5""},{""type"":""LTE"",""pci"":315,""earfcn"":2600,""tac"":null,""rsrp"":-106,""rsrq"":-19,""rssi"":-75,""snr"":null,""ta"":2,""level"":1,""bands"":""5""},{""type"":""LTE"",""pci"":82,""earfcn"":2600,""tac"":null,""rsrp"":-107,""rsrq"":-19,""rssi"":-77,""snr"":null,""ta"":2,""level"":1,""bands"":""5""},{""type"":""LTE"",""pci"":391,""earfcn"":2600,""tac"":null,""rsrp"":-107,""rsrq"":-20,""rssi"":-77,""snr"":null,""ta"":2,""level"":1,""bands"":""5""},{""type"":""LTE"",""pci"":18,""earfcn"":100,""tac"":null,""rsrp"":-117,""rsrq"":-11,""rssi"":-95,""snr"":null,""ta"":2,""level"":0,""bands"":""1""},{""type"":""LTE"",""pci"":318,""earfcn"":3050,""tac"":null,""rsrp"":-117,""rsrq"":-12,""rssi"":-93,""snr"":null,""ta"":2,""level"":0,""bands"":""7""},{""type"":""LTE"",""pci"":141,""earfcn"":3050,""tac"":null,""rsrp"":-117,""rsrq"":-12,""rssi"":-93,""snr"":null,""ta"":2,""level"":0,""bands"":""7""},{""type"":""LTE"",""pci"":318,""earfcn"":100,""tac"":null,""rsrp"":-119,""rsrq"":-14,""rssi"":-95,""snr"":null,""ta"":2,""level"":0,""bands"":""1""},{""type"":""LTE"",""pci"":121,""earfcn"":100,""tac"":null,""rsrp"":-122,""rsrq"":-16,""rssi"":-95,""snr"":null,""ta"":2,""level"":0,""bands"":""1""}]",1002.87317,74,0.459,0.524,5,14,,,,"[{""b"":""ba:94:4e:04:fb:77"",""s"":""Public WiFi Free"",""r"":-47,""f"":5745},{""b"":""b4:94:4e:04:fb:77"",""s"":""Public WiFi Secure"",""r"":-47,""f"":5745},{""b"":""ba:94:4e:04:fb:76"",""s"":""Public WiFi Free"",""r"":-51,""f"":2417},{""b"":""b4:94:4e:04:fb:76"",""s"":""Public WiFi Secure"",""r"":-52,""f"":2417},{""b"":""56:f8:2a:58:1e:d5"",""s"":""Audi_MMI_8094"",""r"":-84,""f"":2437}]",""
1790660316689,2026-09-29 14:38:36,car,37.6104752,127.1181959,337.174,,,93.11170943143298,fused,1,LTE,LTE_CA,4G,false,false,false,false,false,51181855,151,2600,5,8372,450,06,-93,-8,-67,,3,17,,,,5042,64856,0.0403,0.5188,5002,64816,0.0400,0.5185,false,6,0,6,-99,391,2600,8.671242,true,false,periodic,0,2,,,5004,50872840,-102,-13,"[{""type"":""LTE"",""pci"":391,""earfcn"":2600,""tac"":null,""rsrp"":-99,""rsrq"":-19,""rssi"":-67,""snr"":null,""ta"":17,""level"":2,""bands"":""5""},{""type"":""LTE"",""pci"":42,""earfcn"":2600,""tac"":null,""rsrp"":-99,""rsrq"":-18,""rssi"":-67,""snr"":null,""ta"":17,""level"":2,""bands"":""5""},{""type"":""LTE"",""pci"":141,""earfcn"":2600,""tac"":null,""rsrp"":-101,""rsrq"":-20,""rssi"":-71,""snr"":null,""ta"":17,""level"":2,""bands"":""5""},{""type"":""LTE"",""pci"":318,""earfcn"":100,""tac"":null,""rsrp"":-101,""rsrq"":-6,""rssi"":-73,""snr"":null,""ta"":17,""level"":2,""bands"":""1""},{""type"":""LTE"",""pci"":318,""earfcn"":3050,""tac"":null,""rsrp"":-104,""rsrq"":-6,""rssi"":-75,""snr"":null,""ta"":17,""level"":2,""bands"":""7""},{""type"":""LTE"",""pci"":141,""earfcn"":3050,""tac"":null,""rsrp"":-114,""rsrq"":-17,""rssi"":-87,""snr"":null,""ta"":17,""level"":1,""bands"":""7""}]",1002.8825,76,0.524,0.459,4,4,,,,"[{""b"":""ba:94:4e:04:fb:77"",""s"":""Public WiFi Free"",""r"":-49,""f"":5745},{""b"":""b4:94:4e:04:fb:76"",""s"":""Public WiFi Secure"",""r"":-49,""f"":2417},{""b"":""b4:94:4e:04:fb:77"",""s"":""Public WiFi Secure"",""r"":-49,""f"":5745},{""b"":""ba:94:4e:04:fb:76"",""s"":""Public WiFi Free"",""r"":-50,""f"":2417}]","[{""type"":""LTE"",""pci"":151,""earfcn"":2600,""tac"":null,""rsrp"":-104,""rsrq"":-18,""rssi"":-75,""snr"":null,""ta"":2,""level"":2,""bands"":""5""},{""type"":""LTE"",""pci"":121,""earfcn"":2600,""tac"":null,""rsrp"":-106,""rsrq"":-19,""rssi"":-77,""snr"":null,""ta"":2,""level"":1,""bands"":""5""},{""type"":""LTE"",""pci"":315,""earfcn"":2600,""tac"":null,""rsrp"":-106,""rsrq"":-19,""rssi"":-75,""snr"":null,""ta"":2,""level"":1,""bands"":""5""},{""type"":""LTE"",""pci"":82,""earfcn"":2600,""tac"":null,""rsrp"":-107,""rsrq"":-19,""rssi"":-77,""snr"":null,""ta"":2,""level"":1,""bands"":""5""},{""type"":""LTE"",""pci"":391,""earfcn"":2600,""tac"":null,""rsrp"":-107,""rsrq"":-20,""rssi"":-77,""snr"":null,""ta"":2,""level"":1,""bands"":""5""},{""type"":""LTE"",""pci"":18,""earfcn"":100,""tac"":null,""rsrp"":-117,""rsrq"":-11,""rssi"":-95,""snr"":null,""ta"":2,""level"":0,""bands"":""1""},{""type"":""LTE"",""pci"":318,""earfcn"":3050,""tac"":null,""rsrp"":-117,""rsrq"":-12,""rssi"":-93,""snr"":null,""ta"":2,""level"":0,""bands"":""7""},{""type"":""LTE"",""pci"":141,""earfcn"":3050,""tac"":null,""rsrp"":-117,""rsrq"":-12,""rssi"":-93,""snr"":null,""ta"":2,""level"":0,""bands"":""7""},{""type"":""LTE"",""pci"":318,""earfcn"":100,""tac"":null,""rsrp"":-119,""rsrq"":-14,""rssi"":-95,""snr"":null,""ta"":2,""level"":0,""bands"":""1""},{""type"":""LTE"",""pci"":121,""earfcn"":100,""tac"":null,""rsrp"":-122,""rsrq"":-16,""rssi"":-95,""snr"":null,""ta"":2,""level"":0,""bands"":""1""}]"
1790660321711,2026-09-29 14:38:41,car,37.6104463,127.1189623,21.37,8.48,87.0,93.21078435100695,fused,0,LTE,LTE_CA,4G,false,false,false,false,false,51181855,151,2600,5,8372,450,06,-93,-8,-67,,3,17,,,,2436,65121,0.0195,0.5210,2416,65101,0.0193,0.5208,false,6,0,6,-99,391,2600,8.48,false,false,periodic,5,2,0,,10026,,,,"[{""type"":""LTE"",""pci"":391,""earfcn"":2600,""tac"":null,""rsrp"":-99,""rsrq"":-19,""rssi"":-67,""snr"":null,""ta"":17,""level"":2,""bands"":""5""},{""type"":""LTE"",""pci"":42,""earfcn"":2600,""tac"":null,""rsrp"":-99,""rsrq"":-18,""rssi"":-67,""snr"":null,""ta"":17,""level"":2,""bands"":""5""},{""type"":""LTE"",""pci"":141,""earfcn"":2600,""tac"":null,""rsrp"":-101,""rsrq"":-20,""rssi"":-71,""snr"":null,""ta"":17,""level"":2,""bands"":""5""},{""type"":""LTE"",""pci"":318,""earfcn"":100,""tac"":null,""rsrp"":-101,""rsrq"":-6,""rssi"":-73,""snr"":null,""ta"":17,""level"":2,""bands"":""1""},{""type"":""LTE"",""pci"":318,""earfcn"":3050,""tac"":null,""rsrp"":-104,""rsrq"":-6,""rssi"":-75,""snr"":null,""ta"":17,""level"":2,""bands"":""7""},{""type"":""LTE"",""pci"":141,""earfcn"":3050,""tac"":null,""rsrp"":-114,""rsrq"":-17,""rssi"":-87,""snr"":null,""ta"":17,""level"":1,""bands"":""7""}]",1003.2414,54,0.459,0.459,4,9,,,,"[{""b"":""ba:94:4e:04:fb:77"",""s"":""Public WiFi Free"",""r"":-49,""f"":5745},{""b"":""b4:94:4e:04:fb:76"",""s"":""Public WiFi Secure"",""r"":-49,""f"":2417},{""b"":""b4:94:4e:04:fb:77"",""s"":""Public WiFi Secure"",""r"":-49,""f"":5745},{""b"":""ba:94:4e:04:fb:76"",""s"":""Public WiFi Free"",""r"":-50,""f"":2417}]",""
1790660326729,2026-09-29 14:38:46,car,37.6104463,127.1189623,21.37,8.48,87.0,93.21078435100695,fused,5,LTE,LTE_CA,4G,false,false,false,false,false,51181859,318,100,1,8372,450,06,-109,-8,-81,,1,0,,,,2510,65114,0.0201,0.5209,2490,65094,0.0199,0.5208,false,6,0,6,-91,42,2600,8.48,true,false,periodic,0,3,,,5001,51181855,-93,-8,"[{""type"":""LTE"",""pci"":42,""earfcn"":2600,""tac"":null,""rsrp"":-91,""rsrq"":-13,""rssi"":-67,""snr"":null,""ta"":0,""level"":3,""bands"":""5""},{""type"":""LTE"",""pci"":391,""earfcn"":2600,""tac"":null,""rsrp"":-92,""rsrq"":-12,""rssi"":-67,""snr"":null,""ta"":0,""level"":3,""bands"":""5""},{""type"":""LTE"",""pci"":151,""earfcn"":2600,""tac"":null,""rsrp"":-96,""rsrq"":-18,""rssi"":-69,""snr"":null,""ta"":0,""level"":2,""bands"":""5""},{""type"":""LTE"",""pci"":318,""earfcn"":3050,""tac"":null,""rsrp"":-111,""rsrq"":-13,""rssi"":-87,""snr"":null,""ta"":0,""level"":1,""bands"":""7""},{""type"":""LTE"",""pci"":42,""earfcn"":100,""tac"":null,""rsrp"":-114,""rsrq"":-13,""rssi"":-91,""snr"":null,""ta"":0,""level"":1,""bands"":""1""},{""type"":""LTE"",""pci"":391,""earfcn"":100,""tac"":null,""rsrp"":-118,""rsrq"":-19,""rssi"":-91,""snr"":null,""ta"":0,""level"":0,""bands"":""1""}]",1003.78284,73,0.459,0.459,4,6,,,,"[{""b"":""ba:94:4e:04:fb:76"",""s"":""Public WiFi Free"",""r"":-44,""f"":2417},{""b"":""b4:94:4e:04:fb:76"",""s"":""Public WiFi Secure"",""r"":-45,""f"":2417},{""b"":""ba:94:4e:04:fb:77"",""s"":""Public WiFi Free"",""r"":-47,""f"":5745},{""b"":""b4:94:4e:04:fb:77"",""s"":""Public WiFi Secure"",""r"":-47,""f"":5745}]","[{""type"":""LTE"",""pci"":391,""earfcn"":2600,""tac"":null,""rsrp"":-99,""rsrq"":-19,""rssi"":-67,""snr"":null,""ta"":17,""level"":2,""bands"":""5""},{""type"":""LTE"",""pci"":42,""earfcn"":2600,""tac"":null,""rsrp"":-99,""rsrq"":-18,""rssi"":-67,""snr"":null,""ta"":17,""level"":2,""bands"":""5""},{""type"":""LTE"",""pci"":141,""earfcn"":2600,""tac"":null,""rsrp"":-101,""rsrq"":-20,""rssi"":-71,""snr"":null,""ta"":17,""level"":2,""bands"":""5""},{""type"":""LTE"",""pci"":318,""earfcn"":100,""tac"":null,""rsrp"":-101,""rsrq"":-6,""rssi"":-73,""snr"":null,""ta"":17,""level"":2,""bands"":""1""},{""type"":""LTE"",""pci"":318,""earfcn"":3050,""tac"":null,""rsrp"":-104,""rsrq"":-6,""rssi"":-75,""snr"":null,""ta"":17,""level"":2,""bands"":""7""},{""type"":""LTE"",""pci"":141,""earfcn"":3050,""tac"":null,""rsrp"":-114,""rsrq"":-17,""rssi"":-87,""snr"":null,""ta"":17,""level"":1,""bands"":""7""}]"
1790660331747,2026-09-29 14:38:51,car,37.6102518,127.1203548,46.993,9.5,83.0,85.98992274404722,fused,0,LTE,LTE_CA,4G,false,false,false,false,false,51181859,318,100,1,8372,450,06,-109,-8,-81,,1,0,,,,2467,65187,0.0197,0.5215,2447,65167,0.0196,0.5213,false,6,0,6,-91,42,2600,9.5,false,false,periodic,5,3,0,,10018,,,,"[{""type"":""LTE"",""pci"":42,""earfcn"":2600,""tac"":null,""rsrp"":-91,""rsrq"":-13,""rssi"":-67,""snr"":null,""ta"":0,""level"":3,""bands"":""5""},{""type"":""LTE"",""pci"":391,""earfcn"":2600,""tac"":null,""rsrp"":-92,""rsrq"":-12,""rssi"":-67,""snr"":null,""ta"":0,""level"":3,""bands"":""5""},{""type"":""LTE"",""pci"":151,""earfcn"":2600,""tac"":null,""rsrp"":-96,""rsrq"":-18,""rssi"":-69,""snr"":null,""ta"":0,""level"":2,""bands"":""5""},{""type"":""LTE"",""pci"":318,""earfcn"":3050,""tac"":null,""rsrp"":-111,""rsrq"":-13,""rssi"":-87,""snr"":null,""ta"":0,""level"":1,""bands"":""7""},{""type"":""LTE"",""pci"":42,""earfcn"":100,""tac"":null,""rsrp"":-114,""rsrq"":-13,""rssi"":-91,""snr"":null,""ta"":0,""level"":1,""bands"":""1""},{""type"":""LTE"",""pci"":391,""earfcn"":100,""tac"":null,""rsrp"":-118,""rsrq"":-19,""rssi"":-91,""snr"":null,""ta"":0,""level"":0,""bands"":""1""}]",1004.2138,75,0.524,0.524,5,4,,,,"[{""b"":""ba:94:4e:04:fb:76"",""s"":""Public WiFi Free"",""r"":-49,""f"":2417},{""b"":""b4:94:4e:04:fb:76"",""s"":""Public WiFi Secure"",""r"":-50,""f"":2417},{""b"":""ba:94:4e:04:fb:77"",""s"":""Public WiFi Free"",""r"":-52,""f"":5745},{""b"":""b4:94:4e:04:fb:77"",""s"":""Public WiFi Secure"",""r"":-52,""f"":5745},{""b"":""fa:6d:cc:b1:1f:48"",""s"":""Cayenne_3548"",""r"":-84,""f"":2437}]",""
1790660336765,2026-09-29 14:38:56,car,37.6101888,127.1207878,48.024,9.64,85.0,82.97959782325003,fused,1,LTE,LTE_CA,4G,false,false,false,false,false,51192844,42,2600,5,8372,450,06,-101,-10,-69,,2,1,,,,2669,63598,0.0214,0.5088,2629,63558,0.0210,0.5085,false,4,0,4,-104,151,2600,9.64,true,false,periodic,0,3,,,5002,51181859,-109,-8,"[{""type"":""LTE"",""pci"":151,""earfcn"":2600,""tac"":null,""rsrp"":-104,""rsrq"":-18,""rssi"":-77,""snr"":null,""ta"":1,""level"":2,""bands"":""5""},{""type"":""LTE"",""pci"":391,""earfcn"":2600,""tac"":null,""rsrp"":-105,""rsrq"":-16,""rssi"":-77,""snr"":null,""ta"":1,""level"":2,""bands"":""5""},{""type"":""LTE"",""pci"":391,""earfcn"":3050,""tac"":null,""rsrp"":-123,""rsrq"":-13,""rssi"":-101,""snr"":null,""ta"":1,""level"":0,""bands"":""7""},{""type"":""LTE"",""pci"":318,""earfcn"":3050,""tac"":null,""rsrp"":-127,""rsrq"":-15,""rssi"":-101,""snr"":null,""ta"":1,""level"":0,""bands"":""7""}]",1004.2977,70,0.459,0.459,5,9,,,,"[{""b"":""ba:94:4e:04:fb:76"",""s"":""Public WiFi Free"",""r"":-49,""f"":2417},{""b"":""b4:94:4e:04:fb:76"",""s"":""Public WiFi Secure"",""r"":-50,""f"":2417},{""b"":""ba:94:4e:04:fb:77"",""s"":""Public WiFi Free"",""r"":-52,""f"":5745},{""b"":""b4:94:4e:04:fb:77"",""s"":""Public WiFi Secure"",""r"":-52,""f"":5745},{""b"":""fa:6d:cc:b1:1f:48"",""s"":""Cayenne_3548"",""r"":-84,""f"":2437}]","[{""type"":""LTE"",""pci"":42,""earfcn"":2600,""tac"":null,""rsrp"":-91,""rsrq"":-13,""rssi"":-67,""snr"":null,""ta"":0,""level"":3,""bands"":""5""},{""type"":""LTE"",""pci"":391,""earfcn"":2600,""tac"":null,""rsrp"":-92,""rsrq"":-12,""rssi"":-67,""snr"":null,""ta"":0,""level"":3,""bands"":""5""},{""type"":""LTE"",""pci"":151,""earfcn"":2600,""tac"":null,""rsrp"":-96,""rsrq"":-18,""rssi"":-69,""snr"":null,""ta"":0,""level"":2,""bands"":""5""},{""type"":""LTE"",""pci"":318,""earfcn"":3050,""tac"":null,""rsrp"":-111,""rsrq"":-13,""rssi"":-87,""snr"":null,""ta"":0,""level"":1,""bands"":""7""},{""type"":""LTE"",""pci"":42,""earfcn"":100,""tac"":null,""rsrp"":-114,""rsrq"":-13,""rssi"":-91,""snr"":null,""ta"":0,""level"":1,""bands"":""1""},{""type"":""LTE"",""pci"":391,""earfcn"":100,""tac"":null,""rsrp"":-118,""rsrq"":-19,""rssi"":-91,""snr"":null,""ta"":0,""level"":0,""bands"":""1""}]"
1790660341780,2026-09-29 14:39:01,car,37.6103842,127.1214618,36.654,10.63,87.0,81.41905048523496,fused,0,LTE,LTE_CA,4G,false,false,false,false,false,51192844,42,2600,5,8372,450,06,-101,-10,-69,,2,1,,,,2540,65283,0.0203,0.5223,2520,65263,0.0202,0.5221,false,4,0,4,-104,151,2600,10.63,false,false,periodic,5,3,0,,10017,,,,"[{""type"":""LTE"",""pci"":151,""earfcn"":2600,""tac"":null,""rsrp"":-104,""rsrq"":-18,""rssi"":-77,""snr"":null,""ta"":1,""level"":2,""bands"":""5""},{""type"":""LTE"",""pci"":391,""earfcn"":2600,""tac"":null,""rsrp"":-105,""rsrq"":-16,""rssi"":-77,""snr"":null,""ta"":1,""level"":2,""bands"":""5""},{""type"":""LTE"",""pci"":391,""earfcn"":3050,""tac"":null,""rsrp"":-123,""rsrq"":-13,""rssi"":-101,""snr"":null,""ta"":1,""level"":0,""bands"":""7""},{""type"":""LTE"",""pci"":318,""earfcn"":3050,""tac"":null,""rsrp"":-127,""rsrq"":-15,""rssi"":-101,""snr"":null,""ta"":1,""level"":0,""bands"":""7""}]",1004.52936,87,0.524,0.459,5,14,,,,"[{""b"":""ba:94:4e:04:fb:76"",""s"":""Public WiFi Free"",""r"":-49,""f"":2417},{""b"":""b4:94:4e:04:fb:76"",""s"":""Public WiFi Secure"",""r"":-50,""f"":2417},{""b"":""ba:94:4e:04:fb:77"",""s"":""Public WiFi Free"",""r"":-52,""f"":5745},{""b"":""b4:94:4e:04:fb:77"",""s"":""Public WiFi Secure"",""r"":-52,""f"":5745},{""b"":""fa:6d:cc:b1:1f:48"",""s"":""Cayenne_3548"",""r"":-84,""f"":2437}]",""
1790660346798,2026-09-29 14:39:06,car,37.6107135,127.1223671,16.395,15.08,92.0,80.5436798380668,fused,1,LTE,LTE_CA,4G,false,false,false,false,false,51192588,391,2600,5,8372,450,06,-98,-8,-69,,2,3,,,,2510,65244,0.0201,0.5220,2504,65224,0.0200,0.5218,false,5,0,5,-105,42,2600,15.08,true,false,periodic,0,3,,,5001,51192844,-101,-10,"[{""type"":""LTE"",""pci"":42,""earfcn"":2600,""tac"":null,""rsrp"":-105,""rsrq"":-17,""rssi"":-75,""snr"":null,""ta"":3,""level"":2,""bands"":""5""},{""type"":""LTE"",""pci"":151,""earfcn"":2600,""tac"":null,""rsrp"":-108,""rsrq"":-20,""rssi"":-77,""snr"":null,""ta"":3,""level"":1,""bands"":""5""},{""type"":""LTE"",""pci"":391,""earfcn"":3050,""tac"":null,""rsrp"":-110,""rsrq"":-10,""rssi"":-81,""snr"":null,""ta"":3,""level"":1,""bands"":""7""},{""type"":""LTE"",""pci"":391,""earfcn"":100,""tac"":null,""rsrp"":-112,""rsrq"":-11,""rssi"":-93,""snr"":null,""ta"":3,""level"":1,""bands"":""1""},{""type"":""LTE"",""pci"":42,""earfcn"":100,""tac"":null,""rsrp"":-121,""rsrq"":-16,""rssi"":-91,""snr"":null,""ta"":3,""level"":0,""bands"":""1""}]",1004.615,59,0.459,0.524,5,19,,,,"[{""b"":""ba:94:4e:04:fb:76"",""s"":""Public WiFi Free"",""r"":-49,""f"":2417},{""b"":""b4:94:4e:04:fb:76"",""s"":""Public WiFi Secure"",""r"":-50,""f"":2417},{""b"":""ba:94:4e:04:fb:77"",""s"":""Public WiFi Free"",""r"":-52,""f"":5745},{""b"":""b4:94:4e:04:fb:77"",""s"":""Public WiFi Secure"",""r"":-52,""f"":5745},{""b"":""fa:6d:cc:b1:1f:48"",""s"":""Cayenne_3548"",""r"":-84,""f"":2437}]","[{""type"":""LTE"",""pci"":151,""earfcn"":2600,""tac"":null,""rsrp"":-104,""rsrq"":-18,""rssi"":-77,""snr"":null,""ta"":1,""level"":2,""bands"":""5""},{""type"":""LTE"",""pci"":391,""earfcn"":2600,""tac"":null,""rsrp"":-105,""rsrq"":-16,""rssi"":-77,""snr"":null,""ta"":1,""level"":2,""bands"":""5""},{""type"":""LTE"",""pci"":391,""earfcn"":3050,""tac"":null,""rsrp"":-123,""rsrq"":-13,""rssi"":-101,""snr"":null,""ta"":1,""level"":0,""bands"":""7""},{""type"":""LTE"",""pci"":318,""earfcn"":3050,""tac"":null,""rsrp"":-127,""rsrq"":-15,""rssi"":-101,""snr"":null,""ta"":1,""level"":0,""bands"":""7""}]"
1790660351814,2026-09-29 14:39:11,car,37.6105556,127.1234186,3.876,15.79,100.0,78.42803313476969,fused,0,LTE,LTE_CA,4G,false,false,false,false,false,51192588,391,2600,5,8372,450,06,-98,-8,-69,,2,3,,,,2453,65226,0.0196,0.5218,2419,65206,0.0194,0.5216,false,5,0,5,-105,42,2600,15.79,false,false,periodic,5,3,0,,10018,,,,"[{""type"":""LTE"",""pci"":42,""earfcn"":2600,""tac"":null,""rsrp"":-105,""rsrq"":-17,""rssi"":-75,""snr"":null,""ta"":3,""level"":2,""bands"":""5""},{""type"":""LTE"",""pci"":151,""earfcn"":2600,""tac"":null,""rsrp"":-108,""rsrq"":-20,""rssi"":-77,""snr"":null,""ta"":3,""level"":1,""bands"":""5""},{""type"":""LTE"",""pci"":391,""earfcn"":3050,""tac"":null,""rsrp"":-110,""rsrq"":-10,""rssi"":-81,""snr"":null,""ta"":3,""level"":1,""bands"":""7""},{""type"":""LTE"",""pci"":391,""earfcn"":100,""tac"":null,""rsrp"":-112,""rsrq"":-11,""rssi"":-93,""snr"":null,""ta"":3,""level"":1,""bands"":""1""},{""type"":""LTE"",""pci"":42,""earfcn"":100,""tac"":null,""rsrp"":-121,""rsrq"":-16,""rssi"":-91,""snr"":null,""ta"":3,""level"":0,""bands"":""1""}]",1004.65686,72,0.459,0.524,5,24,,,,"[{""b"":""ba:94:4e:04:fb:76"",""s"":""Public WiFi Free"",""r"":-49,""f"":2417},{""b"":""b4:94:4e:04:fb:76"",""s"":""Public WiFi Secure"",""r"":-50,""f"":2417},{""b"":""ba:94:4e:04:fb:77"",""s"":""Public WiFi Free"",""r"":-52,""f"":5745},{""b"":""b4:94:4e:04:fb:77"",""s"":""Public WiFi Secure"",""r"":-52,""f"":5745},{""b"":""fa:6d:cc:b1:1f:48"",""s"":""Cayenne_3548"",""r"":-84,""f"":2437}]",""
1790660356832,2026-09-29 14:39:16,car,37.6104252,127.1242855,3.79,16.0,100.0,78.51644437728103,fused,0,LTE,LTE_CA,4G,false,false,false,false,false,51192610,391,100,1,8372,450,06,-89,-8,-59,,3,1,,,,6570,64837,0.0526,0.5187,6551,64817,0.0524,0.5185,false,4,0,4,-80,391,2600,16.0,true,false,periodic,0,3,,,5001,51192588,-98,-8,"[{""type"":""LTE"",""pci"":391,""earfcn"":2600,""tac"":null,""rsrp"":-80,""rsrq"":-9,""rssi"":-53,""snr"":null,""ta"":1,""level"":4,""bands"":""5""},{""type"":""LTE"",""pci"":391,""earfcn"":3050,""tac"":null,""rsrp"":-97,""rsrq"":-7,""rssi"":-79,""snr"":null,""ta"":1,""level"":2,""bands"":""7""},{""type"":""LTE"",""pci"":42,""earfcn"":100,""tac"":null,""rsrp"":-98,""rsrq"":-18,""rssi"":-67,""snr"":null,""ta"":1,""level"":2,""bands"":""1""},{""type"":""LTE"",""pci"":7,""earfcn"":3050,""tac"":null,""rsrp"":-107,""rsrq"":-17,""rssi"":-79,""snr"":null,""ta"":1,""level"":1,""bands"":""7""}]",1004.53174,71,0.459,0.459,11,2,,,,"[{""b"":""b4:94:4e:04:fb:76"",""s"":""Public WiFi Secure"",""r"":-41,""f"":2417},{""b"":""b4:94:4e:04:fb:77"",""s"":""Public WiFi Secure"",""r"":-41,""f"":5745},{""b"":""ba:94:4e:04:fb:76"",""s"":""Public WiFi Free"",""r"":-41,""f"":2417},{""b"":""ba:94:4e:04:fb:77"",""s"":""Public WiFi Free"",""r"":-41,""f"":5745},{""b"":""30:eb:1f:21:d7:58"",""s"":"""",""r"":-50,""f"":2447},{""b"":""58:04:4f:5c:5b:72"",""s"":""KT_GiGA_2G_Wave2_6BA8_EXT"",""r"":-81,""f"":2422},{""b"":""fa:6d:cc:b1:1f:48"",""s"":""Cayenne_3548"",""r"":-84,""f"":2437},{""b"":""30:7b:c9:d1:a2:9e"",""s"":""ace"",""r"":-84,""f"":2437},{""b"":""44:01:bb:dd:b8:f8"",""s"":""esther"",""r"":-85,""f"":2437},{""b"":""2c:cc:7a:81:62:05"",""s"":""CARLINK_8B1B7544C"",""r"":-88,""f"":5220},{""b"":""12:e8:a7:a2:7a:a8"",""s"":""DIRECT-BMW 77543"",""r"":-89,""f"":2462}]","[{""type"":""LTE"",""pci"":42,""earfcn"":2600,""tac"":null,""rsrp"":-105,""rsrq"":-17,""rssi"":-75,""snr"":null,""ta"":3,""level"":2,""bands"":""5""},{""type"":""LTE"",""pci"":151,""earfcn"":2600,""tac"":null,""rsrp"":-108,""rsrq"":-20,""rssi"":-77,""snr"":null,""ta"":3,""level"":1,""bands"":""5""},{""type"":""LTE"",""pci"":391,""earfcn"":3050,""tac"":null,""rsrp"":-110,""rsrq"":-10,""rssi"":-81,""snr"":null,""ta"":3,""level"":1,""bands"":""7""},{""type"":""LTE"",""pci"":391,""earfcn"":100,""tac"":null,""rsrp"":-112,""rsrq"":-11,""rssi"":-93,""snr"":null,""ta"":3,""level"":1,""bands"":""1""},{""type"":""LTE"",""pci"":42,""earfcn"":100,""tac"":null,""rsrp"":-121,""rsrq"":-16,""rssi"":-91,""snr"":null,""ta"":3,""level"":0,""bands"":""1""}]"
1790660361849,2026-09-29 14:39:21,car,37.6103304,127.1249978,3.79,16.18,98.0,78.69653323562652,fused,1,LTE,LTE_CA,4G,false,false,false,false,false,51192610,391,100,1,8372,450,06,-89,-8,-59,,3,1,,,,2272,65277,0.0182,0.5222,2232,65237,0.0179,0.5219,false,4,0,4,-80,391,2600,16.18,false,false,periodic,5,3,0,,10018,,,,"[{""type"":""LTE"",""pci"":391,""earfcn"":2600,""tac"":null,""rsrp"":-80,""rsrq"":-9,""rssi"":-53,""snr"":null,""ta"":1,""level"":4,""bands"":""5""},{""type"":""LTE"",""pci"":391,""earfcn"":3050,""tac"":null,""rsrp"":-97,""rsrq"":-7,""rssi"":-79,""snr"":null,""ta"":1,""level"":2,""bands"":""7""},{""type"":""LTE"",""pci"":42,""earfcn"":100,""tac"":null,""rsrp"":-98,""rsrq"":-18,""rssi"":-67,""snr"":null,""ta"":1,""level"":2,""bands"":""1""},{""type"":""LTE"",""pci"":7,""earfcn"":3050,""tac"":null,""rsrp"":-107,""rsrq"":-17,""rssi"":-79,""snr"":null,""ta"":1,""level"":1,""bands"":""7""}]",1004.5309,96,0.459,0.459,5,4,,,,"[{""b"":""b4:94:4e:04:fb:76"",""s"":""Public WiFi Secure"",""r"":-41,""f"":2417},{""b"":""ba:94:4e:04:fb:76"",""s"":""Public WiFi Free"",""r"":-42,""f"":2417},{""b"":""ba:94:4e:04:fb:77"",""s"":""Public WiFi Free"",""r"":-42,""f"":5745},{""b"":""b4:94:4e:04:fb:77"",""s"":""Public WiFi Secure"",""r"":-42,""f"":5745},{""b"":""2c:cc:7a:81:62:05"",""s"":""CARLINK_8B1B7544C"",""r"":-90,""f"":5220}]",""
1790660366863,2026-09-29 14:39:26,car,37.6102025,127.1260924,3.79,16.41,96.0,79.54311260433201,fused,0,LTE,LTE_CA,4G,false,false,false,false,false,51192610,391,100,1,8372,450,06,-85,-8,-55,,4,0,,,,59497,67500,0.4760,0.5400,59477,67480,0.4758,0.5398,false,3,0,3,-75,391,2600,16.41,false,false,periodic,10,2,4,,5002,,,,"[{""type"":""LTE"",""pci"":391,""earfcn"":2600,""tac"":null,""rsrp"":-75,""rsrq"":-7,""rssi"":-53,""snr"":null,""ta"":0,""level"":4,""bands"":""5""},{""type"":""LTE"",""pci"":391,""earfcn"":3050,""tac"":null,""rsrp"":-85,""rsrq"":-11,""rssi"":-53,""snr"":null,""ta"":0,""level"":4,""bands"":""7""},{""type"":""LTE"",""pci"":42,""earfcn"":100,""tac"":null,""rsrp"":-102,""rsrq"":-19,""rssi"":-71,""snr"":null,""ta"":0,""level"":2,""bands"":""1""}]",1004.43524,364,0.524,0.524,5,9,,,,"[{""b"":""b4:94:4e:04:fb:76"",""s"":""Public WiFi Secure"",""r"":-41,""f"":2417},{""b"":""ba:94:4e:04:fb:76"",""s"":""Public WiFi Free"",""r"":-42,""f"":2417},{""b"":""ba:94:4e:04:fb:77"",""s"":""Public WiFi Free"",""r"":-42,""f"":5745},{""b"":""b4:94:4e:04:fb:77"",""s"":""Public WiFi Secure"",""r"":-42,""f"":5745},{""b"":""2c:cc:7a:81:62:05"",""s"":""CARLINK_8B1B7544C"",""r"":-90,""f"":5220}]",""
1790660371878,2026-09-29 14:39:31,car,37.6101871,127.1268312,3.79,15.98,89.0,79.8690000177268,fused,1,LTE,LTE_CA,4G,false,false,false,false,false,51192610,391,100,1,8372,450,06,-85,-8,-55,,4,0,,,,121572,66080,0.9726,0.5286,121552,66061,0.9724,0.5285,false,3,0,3,-75,391,2600,15.98,false,false,periodic,15,2,0,,10018,,,,"[{""type"":""LTE"",""pci"":391,""earfcn"":2600,""tac"":null,""rsrp"":-75,""rsrq"":-7,""rssi"":-53,""snr"":null,""ta"":0,""level"":4,""bands"":""5""},{""type"":""LTE"",""pci"":391,""earfcn"":3050,""tac"":null,""rsrp"":-85,""rsrq"":-11,""rssi"":-53,""snr"":null,""ta"":0,""level"":4,""bands"":""7""},{""type"":""LTE"",""pci"":42,""earfcn"":100,""tac"":null,""rsrp"":-102,""rsrq"":-19,""rssi"":-71,""snr"":null,""ta"":0,""level"":2,""bands"":""1""}]",1003.92993,79,0.459,0.459,5,14,,,,"[{""b"":""b4:94:4e:04:fb:76"",""s"":""Public WiFi Secure"",""r"":-41,""f"":2417},{""b"":""ba:94:4e:04:fb:76"",""s"":""Public WiFi Free"",""r"":-42,""f"":2417},{""b"":""ba:94:4e:04:fb:77"",""s"":""Public WiFi Free"",""r"":-42,""f"":5745},{""b"":""b4:94:4e:04:fb:77"",""s"":""Public WiFi Secure"",""r"":-42,""f"":5745},{""b"":""2c:cc:7a:81:62:05"",""s"":""CARLINK_8B1B7544C"",""r"":-90,""f"":5220}]",""
1790660376896,2026-09-29 14:39:36,car,37.6102635,127.1279157,5.679,15.78,78.0,80.67811401327671,fused,0,LTE,NR_NSA,5G,true,false,true,false,false,51192610,391,100,1,8372,450,06,-81,-9,-53,15,4,0,,,,24182,73731,0.1935,0.5898,24162,73711,0.1933,0.5897,false,10,0,10,-69,391,2600,15.78,false,false,periodic,20,1,4,,2726,,,,"[{""type"":""LTE"",""pci"":391,""earfcn"":2600,""tac"":null,""rsrp"":-69,""rsrq"":-8,""rssi"":-51,""snr"":null,""ta"":0,""level"":4,""bands"":""5""},{""type"":""LTE"",""pci"":109,""earfcn"":2600,""tac"":null,""rsrp"":-76,""rsrq"":-16,""rssi"":-51,""snr"":null,""ta"":0,""level"":4,""bands"":""5""},{""type"":""LTE"",""pci"":42,""earfcn"":2600,""tac"":null,""rsrp"":-78,""rsrq"":-20,""rssi"":-51,""snr"":null,""ta"":0,""level"":4,""bands"":""5""},{""type"":""LTE"",""pci"":391,""earfcn"":3050,""tac"":null,""rsrp"":-80,""rsrq"":-12,""rssi"":-51,""snr"":null,""ta"":0,""level"":4,""bands"":""7""},{""type"":""LTE"",""pci"":263,""earfcn"":3050,""tac"":null,""rsrp"":-84,""rsrq"":-20,""rssi"":-53,""snr"":null,""ta"":0,""level"":4,""bands"":""7""},{""type"":""LTE"",""pci"":244,""earfcn"":3050,""tac"":null,""rsrp"":-89,""rsrq"":-20,""rssi"":-53,""snr"":null,""ta"":0,""level"":3,""bands"":""7""},{""type"":""LTE"",""pci"":244,""earfcn"":2600,""tac"":null,""rsrp"":-90,""rsrq"":-20,""rssi"":-51,""snr"":null,""ta"":0,""level"":3,""bands"":""5""},{""type"":""LTE"",""pci"":109,""earfcn"":100,""tac"":null,""rsrp"":-93,""rsrq"":-16,""rssi"":-65,""snr"":null,""ta"":0,""level"":3,""bands"":""1""},{""type"":""LTE"",""pci"":263,""earfcn"":100,""tac"":null,""rsrp"":-97,""rsrq"":-15,""rssi"":-65,""snr"":null,""ta"":0,""level"":2,""bands"":""1""},{""type"":""LTE"",""pci"":42,""earfcn"":100,""tac"":null,""rsrp"":-98,""rsrq"":-20,""rssi"":-69,""snr"":null,""ta"":0,""level"":2,""bands"":""1""}]",1004.41016,53,0.459,0.459,8,4,,,,"[{""b"":""b4:94:4e:04:fb:77"",""s"":""Public WiFi Secure"",""r"":-33,""f"":5745},{""b"":""ba:94:4e:04:fb:77"",""s"":""Public WiFi Free"",""r"":-33,""f"":5745},{""b"":""ba:94:4e:04:fb:76"",""s"":""Public WiFi Free"",""r"":-35,""f"":2417},{""b"":""b4:94:4e:04:fb:76"",""s"":""Public WiFi Secure"",""r"":-36,""f"":2417},{""b"":""30:eb:1f:21:d7:58"",""s"":"""",""r"":-38,""f"":2447},{""b"":""0c:96:cd:1f:4b:95"",""s"":""SK_WiFiGIGA4B92_2.4G"",""r"":-79,""f"":2442},{""b"":""42:2f:86:7f:6d:ca"",""s"":"""",""r"":-82,""f"":2432},{""b"":""3e:ae:d0:00:a0:a5"",""s"":"""",""r"":-89,""f"":5220}]",""
1790660378070,2026-09-29 14:39:38,car,37.6103261,127.1282701,5.364,16.23,75.0,80.77149203638456,fused,0,LTE,NR_NSA,5G,true,false,true,false,false,51181840,263,100,1,8372,450,06,-79,-10,-51,10,4,3,,,,3069,68166,0.0246,0.5453,3069,68166,0.0246,0.5453,false,11,0,11,-75,391,2600,16.23,true,false,handover,0,2,,,4,51192610,-81,-9,"[{""type"":""LTE"",""pci"":391,""earfcn"":2600,""tac"":null,""rsrp"":-75,""rsrq"":-11,""rssi"":-55,""snr"":null,""ta"":3,""level"":4,""bands"":""5""},{""type"":""LTE"",""pci"":263,""earfcn"":2600,""tac"":null,""rsrp"":-81,""rsrq"":-16,""rssi"":-55,""snr"":null,""ta"":3,""level"":4,""bands"":""5""},{""type"":""LTE"",""pci"":109,""earfcn"":2600,""tac"":null,""rsrp"":-83,""rsrq"":-15,""rssi"":-55,""snr"":null,""ta"":3,""level"":4,""bands"":""5""},{""type"":""LTE"",""pci"":42,""earfcn"":2600,""tac"":null,""rsrp"":-84,""rsrq"":-19,""rssi"":-55,""snr"":null,""ta"":3,""level"":4,""bands"":""5""},{""type"":""LTE"",""pci"":244,""earfcn"":2600,""tac"":null,""rsrp"":-85,""rsrq"":-20,""rssi"":-55,""snr"":null,""ta"":3,""level"":4,""bands"":""5""},{""type"":""LTE"",""pci"":391,""earfcn"":3050,""tac"":null,""rsrp"":-86,""rsrq"":-8,""rssi"":-65,""snr"":null,""ta"":3,""level"":3,""bands"":""7""},{""type"":""LTE"",""pci"":263,""earfcn"":3050,""tac"":null,""rsrp"":-86,""rsrq"":-11,""rssi"":-65,""snr"":null,""ta"":3,""level"":3,""bands"":""7""},{""type"":""LTE"",""pci"":391,""earfcn"":100,""tac"":null,""rsrp"":-89,""rsrq"":-11,""rssi"":-51,""snr"":null,""ta"":3,""level"":3,""bands"":""1""},{""type"":""LTE"",""pci"":387,""earfcn"":100,""tac"":null,""rsrp"":-91,""rsrq"":-19,""rssi"":-61,""snr"":null,""ta"":3,""level"":3,""bands"":""1""},{""type"":""LTE"",""pci"":7,""earfcn"":100,""tac"":null,""rsrp"":-94,""rsrq"":-18,""rssi"":-61,""snr"":null,""ta"":3,""level"":3,""bands"":""1""},{""type"":""LTE"",""pci"":244,""earfcn"":3050,""tac"":null,""rsrp"":-96,""rsrq"":-17,""rssi"":-69,""snr"":null,""ta"":3,""level"":2,""bands"":""7""}]",1004.3105,53,0.524,0.459,8,5,,,,"[{""b"":""b4:94:4e:04:fb:77"",""s"":""Public WiFi Secure"",""r"":-33,""f"":5745},{""b"":""ba:94:4e:04:fb:77"",""s"":""Public WiFi Free"",""r"":-33,""f"":5745},{""b"":""ba:94:4e:04:fb:76"",""s"":""Public WiFi Free"",""r"":-35,""f"":2417},{""b"":""b4:94:4e:04:fb:76"",""s"":""Public WiFi Secure"",""r"":-36,""f"":2417},{""b"":""30:eb:1f:21:d7:58"",""s"":"""",""r"":-38,""f"":2447},{""b"":""0c:96:cd:1f:4b:95"",""s"":""SK_WiFiGIGA4B92_2.4G"",""r"":-79,""f"":2442},{""b"":""42:2f:86:7f:6d:ca"",""s"":"""",""r"":-82,""f"":2432},{""b"":""3e:ae:d0:00:a0:a5"",""s"":"""",""r"":-89,""f"":5220}]","[{""type"":""LTE"",""pci"":391,""earfcn"":2600,""tac"":null,""rsrp"":-69,""rsrq"":-8,""rssi"":-51,""snr"":null,""ta"":0,""level"":4,""bands"":""5""},{""type"":""LTE"",""pci"":109,""earfcn"":2600,""tac"":null,""rsrp"":-76,""rsrq"":-16,""rssi"":-51,""snr"":null,""ta"":0,""level"":4,""bands"":""5""},{""type"":""LTE"",""pci"":42,""earfcn"":2600,""tac"":null,""rsrp"":-78,""rsrq"":-20,""rssi"":-51,""snr"":null,""ta"":0,""level"":4,""bands"":""5""},{""type"":""LTE"",""pci"":391,""earfcn"":3050,""tac"":null,""rsrp"":-80,""rsrq"":-12,""rssi"":-51,""snr"":null,""ta"":0,""level"":4,""bands"":""7""},{""type"":""LTE"",""pci"":263,""earfcn"":3050,""tac"":null,""rsrp"":-84,""rsrq"":-20,""rssi"":-53,""snr"":null,""ta"":0,""level"":4,""bands"":""7""},{""type"":""LTE"",""pci"":244,""earfcn"":3050,""tac"":null,""rsrp"":-89,""rsrq"":-20,""rssi"":-53,""snr"":null,""ta"":0,""level"":3,""bands"":""7""},{""type"":""LTE"",""pci"":244,""earfcn"":2600,""tac"":null,""rsrp"":-90,""rsrq"":-20,""rssi"":-51,""snr"":null,""ta"":0,""level"":3,""bands"":""5""},{""type"":""LTE"",""pci"":109,""earfcn"":100,""tac"":null,""rsrp"":-93,""rsrq"":-16,""rssi"":-65,""snr"":null,""ta"":0,""level"":3,""bands"":""1""},{""type"":""LTE"",""pci"":263,""earfcn"":100,""tac"":null,""rsrp"":-97,""rsrq"":-15,""rssi"":-65,""snr"":null,""ta"":0,""level"":2,""bands"":""1""},{""type"":""LTE"",""pci"":42,""earfcn"":100,""tac"":null,""rsrp"":-98,""rsrq"":-20,""rssi"":-69,""snr"":null,""ta"":0,""level"":2,""bands"":""1""}]"
1790660381911,2026-09-29 14:39:41,car,37.6104472,127.1287833,3.79,15.76,70.0,80.79916514746728,fused,0,LTE,NR_NSA,5G,true,false,true,false,false,51181840,263,100,1,8372,450,06,-79,-10,-51,10,4,3,,,,27152,66141,0.2172,0.5291,27126,66115,0.2170,0.5289,false,11,0,11,-75,391,2600,15.76,false,false,periodic,3,2,0,0,3848,,,,"[{""type"":""LTE"",""pci"":391,""earfcn"":2600,""tac"":null,""rsrp"":-75,""rsrq"":-11,""rssi"":-55,""snr"":null,""ta"":3,""level"":4,""bands"":""5""},{""type"":""LTE"",""pci"":263,""earfcn"":2600,""tac"":null,""rsrp"":-81,""rsrq"":-16,""rssi"":-55,""snr"":null,""ta"":3,""level"":4,""bands"":""5""},{""type"":""LTE"",""pci"":109,""earfcn"":2600,""tac"":null,""rsrp"":-83,""rsrq"":-15,""rssi"":-55,""snr"":null,""ta"":3,""level"":4,""bands"":""5""},{""type"":""LTE"",""pci"":42,""earfcn"":2600,""tac"":null,""rsrp"":-84,""rsrq"":-19,""rssi"":-55,""snr"":null,""ta"":3,""level"":4,""bands"":""5""},{""type"":""LTE"",""pci"":244,""earfcn"":2600,""tac"":null,""rsrp"":-85,""rsrq"":-20,""rssi"":-55,""snr"":null,""ta"":3,""level"":4,""bands"":""5""},{""type"":""LTE"",""pci"":391,""earfcn"":3050,""tac"":null,""rsrp"":-86,""rsrq"":-8,""rssi"":-65,""snr"":null,""ta"":3,""level"":3,""bands"":""7""},{""type"":""LTE"",""pci"":263,""earfcn"":3050,""tac"":null,""rsrp"":-86,""rsrq"":-11,""rssi"":-65,""snr"":null,""ta"":3,""level"":3,""bands"":""7""},{""type"":""LTE"",""pci"":391,""earfcn"":100,""tac"":null,""rsrp"":-89,""rsrq"":-11,""rssi"":-51,""snr"":null,""ta"":3,""level"":3,""bands"":""1""},{""type"":""LTE"",""pci"":387,""earfcn"":100,""tac"":null,""rsrp"":-91,""rsrq"":-19,""rssi"":-61,""snr"":null,""ta"":3,""level"":3,""bands"":""1""},{""type"":""LTE"",""pci"":7,""earfcn"":100,""tac"":null,""rsrp"":-94,""rsrq"":-18,""rssi"":-61,""snr"":null,""ta"":3,""level"":3,""bands"":""1""},{""type"":""LTE"",""pci"":244,""earfcn"":3050,""tac"":null,""rsrp"":-96,""rsrq"":-17,""rssi"":-69,""snr"":null,""ta"":3,""level"":2,""bands"":""7""}]",1004.4346,50,0.524,0.459,7,6,,,,"[{""b"":""b4:94:4e:04:fb:76"",""s"":""Public WiFi Secure"",""r"":-33,""f"":2417},{""b"":""ba:94:4e:04:fb:76"",""s"":""Public WiFi Free"",""r"":-33,""f"":2417},{""b"":""b4:94:4e:04:fb:77"",""s"":""Public WiFi Secure"",""r"":-34,""f"":5745},{""b"":""ba:94:4e:04:fb:77"",""s"":""Public WiFi Free"",""r"":-35,""f"":5745},{""b"":""0a:ae:d0:00:a0:a4"",""s"":""Public WiFi Free"",""r"":-82,""f"":5745},{""b"":""06:ae:d0:00:a0:a4"",""s"":""Public WiFi Secure"",""r"":-82,""f"":5745},{""b"":""0e:ae:d0:00:a0:a4"",""s"":""KT WiFi"",""r"":-82,""f"":5745}]",""
1790660386928,2026-09-29 14:39:46,car,37.6107237,127.1295822,3.79,15.4,63.0,79.92672179817511,fused,0,LTE,NR_NSA,5G,true,false,true,false,false,51181854,7,100,1,8372,450,06,-91,-12,-51,10,3,1,,,,14420,66031,0.1154,0.5282,14380,65991,0.1150,0.5279,false,9,0,9,-84,391,2600,15.4,true,false,periodic,0,2,,,4586,51181840,-79,-10,"[{""type"":""LTE"",""pci"":391,""earfcn"":2600,""tac"":null,""rsrp"":-84,""rsrq"":-12,""rssi"":-59,""snr"":null,""ta"":1,""level"":4,""bands"":""5""},{""type"":""LTE"",""pci"":263,""earfcn"":3050,""tac"":null,""rsrp"":-85,""rsrq"":-8,""rssi"":-67,""snr"":null,""ta"":1,""level"":4,""bands"":""7""},{""type"":""LTE"",""pci"":391,""earfcn"":3050,""tac"":null,""rsrp"":-86,""rsrq"":-16,""rssi"":-59,""snr"":null,""ta"":1,""level"":3,""bands"":""7""},{""type"":""LTE"",""pci"":263,""earfcn"":2600,""tac"":null,""rsrp"":-87,""rsrq"":-18,""rssi"":-59,""snr"":null,""ta"":1,""level"":3,""bands"":""5""},{""type"":""LTE"",""pci"":7,""earfcn"":3050,""tac"":null,""rsrp"":-89,""rsrq"":-20,""rssi"":-59,""snr"":null,""ta"":1,""level"":3,""bands"":""7""},{""type"":""LTE"",""pci"":391,""earfcn"":100,""tac"":null,""rsrp"":-92,""rsrq"":-14,""rssi"":-61,""snr"":null,""ta"":1,""level"":3,""bands"":""1""},{""type"":""LTE"",""pci"":263,""earfcn"":100,""tac"":null,""rsrp"":-93,""rsrq"":-18,""rssi"":-63,""snr"":null,""ta"":1,""level"":3,""bands"":""1""},{""type"":""LTE"",""pci"":244,""earfcn"":3050,""tac"":null,""rsrp"":-96,""rsrq"":-17,""rssi"":-69,""snr"":null,""ta"":1,""level"":2,""bands"":""7""},{""type"":""LTE"",""pci"":387,""earfcn"":100,""tac"":null,""rsrp"":-97,""rsrq"":-16,""rssi"":-71,""snr"":null,""ta"":1,""level"":2,""bands"":""1""}]",1004.65796,49,0.459,0.524,16,3,,,,"[{""b"":""b4:94:4e:04:fb:76"",""s"":""Public WiFi Secure"",""r"":-30,""f"":2417},{""b"":""ba:94:4e:04:fb:76"",""s"":""Public WiFi Free"",""r"":-30,""f"":2417},{""b"":""b4:94:4e:04:fb:77"",""s"":""Public WiFi Secure"",""r"":-35,""f"":5745},{""b"":""ba:94:4e:04:fb:77"",""s"":""Public WiFi Free"",""r"":-35,""f"":5745},{""b"":""30:eb:1f:21:d7:58"",""s"":"""",""r"":-42,""f"":2447},{""b"":""b0:38:6c:9d:06:aa"",""s"":""LBY"",""r"":-78,""f"":2452},{""b"":""78:b4:c8:3b:9f:f8"",""s"":""smartBox-AAAA"",""r"":-79,""f"":5180},{""b"":""78:b4:c8:3b:9f:fa"",""s"":""DIRECT-06"",""r"":-79,""f"":5180},{""b"":""b0:38:6c:15:5e:82"",""s"":""iptime"",""r"":-80,""f"":2432},{""b"":""28:6d:97:8e:b0:54"",""s"":""[room a\/c] Samsung"",""r"":-82,""f"":2412},{""b"":""90:de:80:ec:53:f9"",""s"":""GNET_BB_HANCAM_3X_Q_EC53F9"",""r"":-82,""f"":2457},{""b"":""0a:ae:d0:00:a0:a4"",""s"":""Public WiFi Free"",""r"":-86,""f"":5745},{""b"":""0e:ae:d0:00:a0:a4"",""s"":""KT WiFi"",""r"":-86,""f"":5745},{""b"":""b0:38:6c:9d:06:a8"",""s"":""LBY5G"",""r"":-88,""f"":5200},{""b"":""2c:cc:7a:81:62:05"",""s"":""CARLINK_8B1B7544C"",""r"":-90,""f"":5220}]","[{""type"":""LTE"",""pci"":391,""earfcn"":2600,""tac"":null,""rsrp"":-75,""rsrq"":-11,""rssi"":-55,""snr"":null,""ta"":3,""level"":4,""bands"":""5""},{""type"":""LTE"",""pci"":263,""earfcn"":2600,""tac"":null,""rsrp"":-81,""rsrq"":-16,""rssi"":-55,""snr"":null,""ta"":3,""level"":4,""bands"":""5""},{""type"":""LTE"",""pci"":109,""earfcn"":2600,""tac"":null,""rsrp"":-83,""rsrq"":-15,""rssi"":-55,""snr"":null,""ta"":3,""level"":4,""bands"":""5""},{""type"":""LTE"",""pci"":42,""earfcn"":2600,""tac"":null,""rsrp"":-84,""rsrq"":-19,""rssi"":-55,""snr"":null,""ta"":3,""level"":4,""bands"":""5""},{""type"":""LTE"",""pci"":244,""earfcn"":2600,""tac"":null,""rsrp"":-85,""rsrq"":-20,""rssi"":-55,""snr"":null,""ta"":3,""level"":4,""bands"":""5""},{""type"":""LTE"",""pci"":391,""earfcn"":3050,""tac"":null,""rsrp"":-86,""rsrq"":-8,""rssi"":-65,""snr"":null,""ta"":3,""level"":3,""bands"":""7""},{""type"":""LTE"",""pci"":263,""earfcn"":3050,""tac"":null,""rsrp"":-86,""rsrq"":-11,""rssi"":-65,""snr"":null,""ta"":3,""level"":3,""bands"":""7""},{""type"":""LTE"",""pci"":391,""earfcn"":100,""tac"":null,""rsrp"":-89,""rsrq"":-11,""rssi"":-51,""snr"":null,""ta"":3,""level"":3,""bands"":""1""},{""type"":""LTE"",""pci"":387,""earfcn"":100,""tac"":null,""rsrp"":-91,""rsrq"":-19,""rssi"":-61,""snr"":null,""ta"":3,""level"":3,""bands"":""1""},{""type"":""LTE"",""pci"":7,""earfcn"":100,""tac"":null,""rsrp"":-94,""rsrq"":-18,""rssi"":-61,""snr"":null,""ta"":3,""level"":3,""bands"":""1""},{""type"":""LTE"",""pci"":244,""earfcn"":3050,""tac"":null,""rsrp"":-96,""rsrq"":-17,""rssi"":-69,""snr"":null,""ta"":3,""level"":2,""bands"":""7""}]"
1790660390573,2026-09-29 14:39:50,car,37.6110108,127.1301818,3.79,15.53,57.0,78.66871974355477,fused,0,LTE,NR_NSA,5G,true,false,true,false,false,51192610,391,100,1,8372,450,06,-94,-15,-57,7,3,3,,,,12404,70874,0.0992,0.5670,12404,70874,0.0992,0.5670,false,14,0,14,-84,391,2600,15.53,true,true,handover,0,3,,,5,51181854,-91,-12,"[{""type"":""LTE"",""pci"":391,""earfcn"":2600,""tac"":null,""rsrp"":-84,""rsrq"":-13,""rssi"":-59,""snr"":null,""ta"":3,""level"":4,""bands"":""5""},{""type"":""LTE"",""pci"":109,""earfcn"":2600,""tac"":null,""rsrp"":-84,""rsrq"":-14,""rssi"":-59,""snr"":null,""ta"":3,""level"":4,""bands"":""5""},{""type"":""LTE"",""pci"":7,""earfcn"":2600,""tac"":null,""rsrp"":-90,""rsrq"":-17,""rssi"":-63,""snr"":null,""ta"":3,""level"":3,""bands"":""5""},{""type"":""LTE"",""pci"":387,""earfcn"":2600,""tac"":null,""rsrp"":-91,""rsrq"":-18,""rssi"":-63,""snr"":null,""ta"":3,""level"":3,""bands"":""5""},{""type"":""LTE"",""pci"":109,""earfcn"":100,""tac"":null,""rsrp"":-93,""rsrq"":-13,""rssi"":-67,""snr"":null,""ta"":3,""level"":3,""bands"":""1""},{""type"":""LTE"",""pci"":263,""earfcn"":2600,""tac"":null,""rsrp"":-93,""rsrq"":-20,""rssi"":-63,""snr"":null,""ta"":3,""level"":3,""bands"":""5""},{""type"":""LTE"",""pci"":66,""earfcn"":2600,""tac"":null,""rsrp"":-93,""rsrq"":-20,""rssi"":-63,""snr"":null,""ta"":3,""level"":3,""bands"":""5""},{""type"":""LTE"",""pci"":391,""earfcn"":3050,""tac"":null,""rsrp"":-93,""rsrq"":-11,""rssi"":-65,""snr"":null,""ta"":3,""level"":3,""bands"":""7""},{""type"":""LTE"",""pci"":244,""earfcn"":100,""tac"":null,""rsrp"":-96,""rsrq"":-17,""rssi"":-67,""snr"":null,""ta"":3,""level"":2,""bands"":""1""},{""type"":""LTE"",""pci"":263,""earfcn"":3050,""tac"":null,""rsrp"":-97,""rsrq"":-17,""rssi"":-65,""snr"":null,""ta"":3,""level"":2,""bands"":""7""},{""type"":""LTE"",""pci"":7,""earfcn"":3050,""tac"":null,""rsrp"":-97,""rsrq"":-20,""rssi"":-65,""snr"":null,""ta"":3,""level"":2,""bands"":""7""},{""type"":""LTE"",""pci"":263,""earfcn"":100,""tac"":null,""rsrp"":-98,""rsrq"":-20,""rssi"":-67,""snr"":null,""ta"":3,""level"":2,""bands"":""1""},{""type"":""LTE"",""pci"":244,""earfcn"":3050,""tac"":null,""rsrp"":-98,""rsrq"":-16,""rssi"":-65,""snr"":null,""ta"":3,""level"":2,""bands"":""7""},{""type"":""LTE"",""pci"":7,""earfcn"":100,""tac"":null,""rsrp"":-100,""rsrq"":-15,""rssi"":-59,""snr"":null,""ta"":3,""level"":2,""bands"":""1""}]",1004.8241,49,0.459,0.459,17,2,,,,"[{""b"":""b4:94:4e:04:fb:76"",""s"":""Public WiFi Secure"",""r"":-32,""f"":2417},{""b"":""b4:94:4e:04:fb:77"",""s"":""Public WiFi Secure"",""r"":-33,""f"":5745},{""b"":""ba:94:4e:04:fb:76"",""s"":""Public WiFi Free"",""r"":-33,""f"":2417},{""b"":""ba:94:4e:04:fb:77"",""s"":""Public WiFi Free"",""r"":-33,""f"":5745},{""b"":""82:5b:65:b2:fd:a1"",""s"":"""",""r"":-75,""f"":2412},{""b"":""70:5d:cc:3b:25:16"",""s"":""jjb"",""r"":-80,""f"":2452},{""b"":""46:27:45:68:8e:a0"",""s"":"""",""r"":-81,""f"":2437},{""b"":""58:86:94:9b:05:76"",""s"":""3F"",""r"":-83,""f"":2417},{""b"":""b0:38:6c:9d:06:a8"",""s"":""LBY5G"",""r"":-83,""f"":5200},{""b"":""0c:96:cd:6a:79:da"",""s"":""SK_WiFiGIGA79D8_5G"",""r"":-86,""f"":5220},{""b"":""16:96:cd:6a:79:da"",""s"":""SK_WIFI_IPTV_79D8"",""r"":-87,""f"":5220},{""b"":""02:92:a5:df:21:a3"",""s"":""GENESIS_2A16FD5A290004"",""r"":-87,""f"":5745},{""b"":""f8:96:fe:f7:ca:9f"",""s"":""Kia_JkRt"",""r"":-88,""f"":5220},{""b"":""08:5d:dd:ad:1d:62"",""s"":""U+Net1D64_5G"",""r"":-88,""f"":5785},{""b"":""ca:6e:84:e2:a3:4e"",""s"":"""",""r"":-89,""f"":5200}]","[{""type"":""LTE"",""pci"":391,""earfcn"":2600,""tac"":null,""rsrp"":-84,""rsrq"":-12,""rssi"":-59,""snr"":null,""ta"":1,""level"":4,""bands"":""5""},{""type"":""LTE"",""pci"":263,""earfcn"":3050,""tac"":null,""rsrp"":-85,""rsrq"":-8,""rssi"":-67,""snr"":null,""ta"":1,""level"":4,""bands"":""7""},{""type"":""LTE"",""pci"":391,""earfcn"":3050,""tac"":null,""rsrp"":-86,""rsrq"":-16,""rssi"":-59,""snr"":null,""ta"":1,""level"":3,""bands"":""7""},{""type"":""LTE"",""pci"":263,""earfcn"":2600,""tac"":null,""rsrp"":-87,""rsrq"":-18,""rssi"":-59,""snr"":null,""ta"":1,""level"":3,""bands"":""5""},{""type"":""LTE"",""pci"":7,""earfcn"":3050,""tac"":null,""rsrp"":-89,""rsrq"":-20,""rssi"":-59,""snr"":null,""ta"":1,""level"":3,""bands"":""7""},{""type"":""LTE"",""pci"":391,""earfcn"":100,""tac"":null,""rsrp"":-92,""rsrq"":-14,""rssi"":-61,""snr"":null,""ta"":1,""level"":3,""bands"":""1""},{""type"":""LTE"",""pci"":263,""earfcn"":100,""tac"":null,""rsrp"":-93,""rsrq"":-18,""rssi"":-63,""snr"":null,""ta"":1,""level"":3,""bands"":""1""},{""type"":""LTE"",""pci"":244,""earfcn"":3050,""tac"":null,""rsrp"":-96,""rsrq"":-17,""rssi"":-69,""snr"":null,""ta"":1,""level"":2,""bands"":""7""},{""type"":""LTE"",""pci"":387,""earfcn"":100,""tac"":null,""rsrp"":-97,""rsrq"":-16,""rssi"":-71,""snr"":null,""ta"":1,""level"":2,""bands"":""1""}]"
1790660391950,2026-09-29 14:39:51,car,37.6110868,127.1303361,3.79,16.14,58.0,78.49802774773383,fused,1,LTE,NR_NSA,5G,true,false,true,false,false,51192610,391,100,1,8372,450,06,-94,-15,-57,7,3,3,,,,2103,64476,0.0168,0.5158,2030,64403,0.0162,0.5152,false,14,0,14,-84,391,2600,16.14,false,false,periodic,1,3,0,0,1383,,,,"[{""type"":""LTE"",""pci"":391,""earfcn"":2600,""tac"":null,""rsrp"":-84,""rsrq"":-13,""rssi"":-59,""snr"":null,""ta"":3,""level"":4,""bands"":""5""},{""type"":""LTE"",""pci"":109,""earfcn"":2600,""tac"":null,""rsrp"":-84,""rsrq"":-14,""rssi"":-59,""snr"":null,""ta"":3,""level"":4,""bands"":""5""},{""type"":""LTE"",""pci"":7,""earfcn"":2600,""tac"":null,""rsrp"":-90,""rsrq"":-17,""rssi"":-63,""snr"":null,""ta"":3,""level"":3,""bands"":""5""},{""type"":""LTE"",""pci"":387,""earfcn"":2600,""tac"":null,""rsrp"":-91,""rsrq"":-18,""rssi"":-63,""snr"":null,""ta"":3,""level"":3,""bands"":""5""},{""type"":""LTE"",""pci"":109,""earfcn"":100,""tac"":null,""rsrp"":-93,""rsrq"":-13,""rssi"":-67,""snr"":null,""ta"":3,""level"":3,""bands"":""1""},{""type"":""LTE"",""pci"":263,""earfcn"":2600,""tac"":null,""rsrp"":-93,""rsrq"":-20,""rssi"":-63,""snr"":null,""ta"":3,""level"":3,""bands"":""5""},{""type"":""LTE"",""pci"":66,""earfcn"":2600,""tac"":null,""rsrp"":-93,""rsrq"":-20,""rssi"":-63,""snr"":null,""ta"":3,""level"":3,""bands"":""5""},{""type"":""LTE"",""pci"":391,""earfcn"":3050,""tac"":null,""rsrp"":-93,""rsrq"":-11,""rssi"":-65,""snr"":null,""ta"":3,""level"":3,""bands"":""7""},{""type"":""LTE"",""pci"":244,""earfcn"":100,""tac"":null,""rsrp"":-96,""rsrq"":-17,""rssi"":-67,""snr"":null,""ta"":3,""level"":2,""bands"":""1""},{""type"":""LTE"",""pci"":263,""earfcn"":3050,""tac"":null,""rsrp"":-97,""rsrq"":-17,""rssi"":-65,""snr"":null,""ta"":3,""level"":2,""bands"":""7""},{""type"":""LTE"",""pci"":7,""earfcn"":3050,""tac"":null,""rsrp"":-97,""rsrq"":-20,""rssi"":-65,""snr"":null,""ta"":3,""level"":2,""bands"":""7""},{""type"":""LTE"",""pci"":263,""earfcn"":100,""tac"":null,""rsrp"":-98,""rsrq"":-20,""rssi"":-67,""snr"":null,""ta"":3,""level"":2,""bands"":""1""},{""type"":""LTE"",""pci"":244,""earfcn"":3050,""tac"":null,""rsrp"":-98,""rsrq"":-16,""rssi"":-65,""snr"":null,""ta"":3,""level"":2,""bands"":""7""},{""type"":""LTE"",""pci"":7,""earfcn"":100,""tac"":null,""rsrp"":-100,""rsrq"":-15,""rssi"":-59,""snr"":null,""ta"":3,""level"":2,""bands"":""1""}]",1004.94714,47,0.464,0.459,17,4,,,,"[{""b"":""b4:94:4e:04:fb:76"",""s"":""Public WiFi Secure"",""r"":-32,""f"":2417},{""b"":""b4:94:4e:04:fb:77"",""s"":""Public WiFi Secure"",""r"":-33,""f"":5745},{""b"":""ba:94:4e:04:fb:76"",""s"":""Public WiFi Free"",""r"":-33,""f"":2417},{""b"":""ba:94:4e:04:fb:77"",""s"":""Public WiFi Free"",""r"":-33,""f"":5745},{""b"":""82:5b:65:b2:fd:a1"",""s"":"""",""r"":-75,""f"":2412},{""b"":""70:5d:cc:3b:25:16"",""s"":""jjb"",""r"":-80,""f"":2452},{""b"":""46:27:45:68:8e:a0"",""s"":"""",""r"":-81,""f"":2437},{""b"":""58:86:94:9b:05:76"",""s"":""3F"",""r"":-83,""f"":2417},{""b"":""b0:38:6c:9d:06:a8"",""s"":""LBY5G"",""r"":-83,""f"":5200},{""b"":""0c:96:cd:6a:79:da"",""s"":""SK_WiFiGIGA79D8_5G"",""r"":-86,""f"":5220},{""b"":""16:96:cd:6a:79:da"",""s"":""SK_WIFI_IPTV_79D8"",""r"":-87,""f"":5220},{""b"":""02:92:a5:df:21:a3"",""s"":""GENESIS_2A16FD5A290004"",""r"":-87,""f"":5745},{""b"":""f8:96:fe:f7:ca:9f"",""s"":""Kia_JkRt"",""r"":-88,""f"":5220},{""b"":""08:5d:dd:ad:1d:62"",""s"":""U+Net1D64_5G"",""r"":-88,""f"":5785},{""b"":""ca:6e:84:e2:a3:4e"",""s"":"""",""r"":-89,""f"":5200}]",""
1790660392969,2026-09-29 14:39:52,car,37.6112406,127.1306406,3.79,15.86,57.0,77.89671779816129,fused,0,LTE,NR_NSA,5G,true,false,true,false,false,51192590,109,100,1,8372,450,06,-88,-10,-55,3,3,0,,,,2524,69369,0.0202,0.5550,2524,69369,0.0202,0.5550,false,15,0,15,-79,109,2600,15.86,true,false,handover,0,4,,,4,51192610,-94,-15,"[{""type"":""LTE"",""pci"":109,""earfcn"":2600,""tac"":null,""rsrp"":-79,""rsrq"":-11,""rssi"":-61,""snr"":null,""ta"":0,""level"":4,""bands"":""5""},{""type"":""LTE"",""pci"":391,""earfcn"":2600,""tac"":null,""rsrp"":-81,""rsrq"":-13,""rssi"":-51,""snr"":null,""ta"":0,""level"":4,""bands"":""5""},{""type"":""LTE"",""pci"":7,""earfcn"":2600,""tac"":null,""rsrp"":-87,""rsrq"":-17,""rssi"":-61,""snr"":null,""ta"":0,""level"":3,""bands"":""5""},{""type"":""LTE"",""pci"":387,""earfcn"":2600,""tac"":null,""rsrp"":-89,""rsrq"":-19,""rssi"":-61,""snr"":null,""ta"":0,""level"":3,""bands"":""5""},{""type"":""LTE"",""pci"":263,""earfcn"":2600,""tac"":null,""rsrp"":-94,""rsrq"":-20,""rssi"":-59,""snr"":null,""ta"":0,""level"":3,""bands"":""5""},{""type"":""LTE"",""pci"":66,""earfcn"":2600,""tac"":null,""rsrp"":-94,""rsrq"":-20,""rssi"":-61,""snr"":null,""ta"":0,""level"":3,""bands"":""5""},{""type"":""LTE"",""pci"":387,""earfcn"":100,""tac"":null,""rsrp"":-96,""rsrq"":-17,""rssi"":-65,""snr"":null,""ta"":0,""level"":2,""bands"":""1""},{""type"":""LTE"",""pci"":244,""earfcn"":100,""tac"":null,""rsrp"":-96,""rsrq"":-17,""rssi"":-65,""snr"":null,""ta"":0,""level"":2,""bands"":""1""},{""type"":""LTE"",""pci"":391,""earfcn"":3050,""tac"":null,""rsrp"":-96,""rsrq"":-12,""rssi"":-73,""snr"":null,""ta"":0,""level"":2,""bands"":""7""},{""type"":""LTE"",""pci"":391,""earfcn"":100,""tac"":null,""rsrp"":-97,""rsrq"":-15,""rssi"":-65,""snr"":null,""ta"":0,""level"":2,""bands"":""1""},{""type"":""LTE"",""pci"":260,""earfcn"":100,""tac"":null,""rsrp"":-97,""rsrq"":-17,""rssi"":-65,""snr"":null,""ta"":0,""level"":2,""bands"":""1""},{""type"":""LTE"",""pci"":7,""earfcn"":3050,""tac"":null,""rsrp"":-101,""rsrq"":-16,""rssi"":-73,""snr"":null,""ta"":0,""level"":2,""bands"":""7""},{""type"":""LTE"",""pci"":344,""earfcn"":100,""tac"":null,""rsrp"":-103,""rsrq"":-20,""rssi"":-71,""snr"":null,""ta"":0,""level"":2,""bands"":""1""},{""type"":""LTE"",""pci"":244,""earfcn"":3050,""tac"":null,""rsrp"":-103,""rsrq"":-17,""rssi"":-77,""snr"":null,""ta"":0,""level"":2,""bands"":""7""},{""type"":""LTE"",""pci"":263,""earfcn"":3050,""tac"":null,""rsrp"":-111,""rsrq"":-20,""rssi"":-77,""snr"":null,""ta"":0,""level"":1,""bands"":""7""}]",1004.99347,47,0.524,0.459,17,5,,,,"[{""b"":""b4:94:4e:04:fb:76"",""s"":""Public WiFi Secure"",""r"":-32,""f"":2417},{""b"":""b4:94:4e:04:fb:77"",""s"":""Public WiFi Secure"",""r"":-33,""f"":5745},{""b"":""ba:94:4e:04:fb:76"",""s"":""Public WiFi Free"",""r"":-33,""f"":2417},{""b"":""ba:94:4e:04:fb:77"",""s"":""Public WiFi Free"",""r"":-33,""f"":5745},{""b"":""82:5b:65:b2:fd:a1"",""s"":"""",""r"":-75,""f"":2412},{""b"":""70:5d:cc:3b:25:16"",""s"":""jjb"",""r"":-80,""f"":2452},{""b"":""46:27:45:68:8e:a0"",""s"":"""",""r"":-81,""f"":2437},{""b"":""58:86:94:9b:05:76"",""s"":""3F"",""r"":-83,""f"":2417},{""b"":""b0:38:6c:9d:06:a8"",""s"":""LBY5G"",""r"":-83,""f"":5200},{""b"":""0c:96:cd:6a:79:da"",""s"":""SK_WiFiGIGA79D8_5G"",""r"":-86,""f"":5220},{""b"":""16:96:cd:6a:79:da"",""s"":""SK_WIFI_IPTV_79D8"",""r"":-87,""f"":5220},{""b"":""02:92:a5:df:21:a3"",""s"":""GENESIS_2A16FD5A290004"",""r"":-87,""f"":5745},{""b"":""f8:96:fe:f7:ca:9f"",""s"":""Kia_JkRt"",""r"":-88,""f"":5220},{""b"":""08:5d:dd:ad:1d:62"",""s"":""U+Net1D64_5G"",""r"":-88,""f"":5785},{""b"":""ca:6e:84:e2:a3:4e"",""s"":"""",""r"":-89,""f"":5200}]","[{""type"":""LTE"",""pci"":391,""earfcn"":2600,""tac"":null,""rsrp"":-84,""rsrq"":-13,""rssi"":-59,""snr"":null,""ta"":3,""level"":4,""bands"":""5""},{""type"":""LTE"",""pci"":109,""earfcn"":2600,""tac"":null,""rsrp"":-84,""rsrq"":-14,""rssi"":-59,""snr"":null,""ta"":3,""level"":4,""bands"":""5""},{""type"":""LTE"",""pci"":7,""earfcn"":2600,""tac"":null,""rsrp"":-90,""rsrq"":-17,""rssi"":-63,""snr"":null,""ta"":3,""level"":3,""bands"":""5""},{""type"":""LTE"",""pci"":387,""earfcn"":2600,""tac"":null,""rsrp"":-91,""rsrq"":-18,""rssi"":-63,""snr"":null,""ta"":3,""level"":3,""bands"":""5""},{""type"":""LTE"",""pci"":109,""earfcn"":100,""tac"":null,""rsrp"":-93,""rsrq"":-13,""rssi"":-67,""snr"":null,""ta"":3,""level"":3,""bands"":""1""},{""type"":""LTE"",""pci"":263,""earfcn"":2600,""tac"":null,""rsrp"":-93,""rsrq"":-20,""rssi"":-63,""snr"":null,""ta"":3,""level"":3,""bands"":""5""},{""type"":""LTE"",""pci"":66,""earfcn"":2600,""tac"":null,""rsrp"":-93,""rsrq"":-20,""rssi"":-63,""snr"":null,""ta"":3,""level"":3,""bands"":""5""},{""type"":""LTE"",""pci"":391,""earfcn"":3050,""tac"":null,""rsrp"":-93,""rsrq"":-11,""rssi"":-65,""snr"":null,""ta"":3,""level"":3,""bands"":""7""},{""type"":""LTE"",""pci"":244,""earfcn"":100,""tac"":null,""rsrp"":-96,""rsrq"":-17,""rssi"":-67,""snr"":null,""ta"":3,""level"":2,""bands"":""1""},{""type"":""LTE"",""pci"":263,""earfcn"":3050,""tac"":null,""rsrp"":-97,""rsrq"":-17,""rssi"":-65,""snr"":null,""ta"":3,""level"":2,""bands"":""7""},{""type"":""LTE"",""pci"":7,""earfcn"":3050,""tac"":null,""rsrp"":-97,""rsrq"":-20,""rssi"":-65,""snr"":null,""ta"":3,""level"":2,""bands"":""7""},{""type"":""LTE"",""pci"":263,""earfcn"":100,""tac"":null,""rsrp"":-98,""rsrq"":-20,""rssi"":-67,""snr"":null,""ta"":3,""level"":2,""bands"":""1""},{""type"":""LTE"",""pci"":244,""earfcn"":3050,""tac"":null,""rsrp"":-98,""rsrq"":-16,""rssi"":-65,""snr"":null,""ta"":3,""level"":2,""bands"":""7""},{""type"":""LTE"",""pci"":7,""earfcn"":100,""tac"":null,""rsrp"":-100,""rsrq"":-15,""rssi"":-59,""snr"":null,""ta"":3,""level"":2,""bands"":""1""}]"
1790660396970,2026-09-29 14:39:56,car,37.6115493,127.1312401,5.16,15.73,57.0,75.5493358853538,fused,0,LTE,NR_NSA,5G,true,false,true,false,false,51192590,109,100,1,8372,450,06,-83,-7,-53,3,4,1,,,,12608,67308,0.1009,0.5385,12583,67283,0.1007,0.5383,false,16,0,16,-79,109,2600,15.73,false,false,periodic,4,4,5,0,2793,,,,"[{""type"":""LTE"",""pci"":109,""earfcn"":2600,""tac"":null,""rsrp"":-79,""rsrq"":-12,""rssi"":-55,""snr"":null,""ta"":1,""level"":4,""bands"":""5""},{""type"":""LTE"",""pci"":391,""earfcn"":2600,""tac"":null,""rsrp"":-84,""rsrq"":-17,""rssi"":-55,""snr"":null,""ta"":1,""level"":4,""bands"":""5""},{""type"":""LTE"",""pci"":260,""earfcn"":2600,""tac"":null,""rsrp"":-87,""rsrq"":-20,""rssi"":-55,""snr"":null,""ta"":1,""level"":3,""bands"":""5""},{""type"":""LTE"",""pci"":391,""earfcn"":3050,""tac"":null,""rsrp"":-90,""rsrq"":-11,""rssi"":-71,""snr"":null,""ta"":1,""level"":3,""bands"":""7""},{""type"":""LTE"",""pci"":244,""earfcn"":100,""tac"":null,""rsrp"":-91,""rsrq"":-16,""rssi"":-67,""snr"":null,""ta"":1,""level"":3,""bands"":""1""},{""type"":""LTE"",""pci"":7,""earfcn"":2600,""tac"":null,""rsrp"":-91,""rsrq"":-16,""rssi"":-63,""snr"":null,""ta"":1,""level"":3,""bands"":""5""},{""type"":""LTE"",""pci"":263,""earfcn"":2600,""tac"":null,""rsrp"":-94,""rsrq"":-20,""rssi"":-59,""snr"":null,""ta"":1,""level"":3,""bands"":""5""},{""type"":""LTE"",""pci"":387,""earfcn"":2600,""tac"":null,""rsrp"":-94,""rsrq"":-20,""rssi"":-63,""snr"":null,""ta"":1,""level"":3,""bands"":""5""},{""type"":""LTE"",""pci"":260,""earfcn"":100,""tac"":null,""rsrp"":-95,""rsrq"":-14,""rssi"":-67,""snr"":null,""ta"":1,""level"":3,""bands"":""1""},{""type"":""LTE"",""pci"":391,""earfcn"":100,""tac"":null,""rsrp"":-96,""rsrq"":-17,""rssi"":-67,""snr"":null,""ta"":1,""level"":2,""bands"":""1""},{""type"":""LTE"",""pci"":387,""earfcn"":100,""tac"":null,""rsrp"":-96,""rsrq"":-16,""rssi"":-67,""snr"":null,""ta"":1,""level"":2,""bands"":""1""},{""type"":""LTE"",""pci"":344,""earfcn"":100,""tac"":null,""rsrp"":-98,""rsrq"":-20,""rssi"":-67,""snr"":null,""ta"":1,""level"":2,""bands"":""1""},{""type"":""LTE"",""pci"":7,""earfcn"":3050,""tac"":null,""rsrp"":-99,""rsrq"":-18,""rssi"":-71,""snr"":null,""ta"":1,""level"":2,""bands"":""7""},{""type"":""LTE"",""pci"":260,""earfcn"":3050,""tac"":null,""rsrp"":-99,""rsrq"":-16,""rssi"":-71,""snr"":null,""ta"":1,""level"":2,""bands"":""7""},{""type"":""LTE"",""pci"":244,""earfcn"":3050,""tac"":null,""rsrp"":-103,""rsrq"":-17,""rssi"":-77,""snr"":null,""ta"":1,""level"":2,""bands"":""7""},{""type"":""LTE"",""pci"":263,""earfcn"":3050,""tac"":null,""rsrp"":-111,""rsrq"":-20,""rssi"":-77,""snr"":null,""ta"":1,""level"":1,""bands"":""7""}]",1005.16455,47,0.459,0.459,17,9,,,,"[{""b"":""b4:94:4e:04:fb:76"",""s"":""Public WiFi Secure"",""r"":-32,""f"":2417},{""b"":""b4:94:4e:04:fb:77"",""s"":""Public WiFi Secure"",""r"":-33,""f"":5745},{""b"":""ba:94:4e:04:fb:76"",""s"":""Public WiFi Free"",""r"":-33,""f"":2417},{""b"":""ba:94:4e:04:fb:77"",""s"":""Public WiFi Free"",""r"":-33,""f"":5745},{""b"":""82:5b:65:b2:fd:a1"",""s"":"""",""r"":-75,""f"":2412},{""b"":""70:5d:cc:3b:25:16"",""s"":""jjb"",""r"":-80,""f"":2452},{""b"":""46:27:45:68:8e:a0"",""s"":"""",""r"":-81,""f"":2437},{""b"":""58:86:94:9b:05:76"",""s"":""3F"",""r"":-83,""f"":2417},{""b"":""b0:38:6c:9d:06:a8"",""s"":""LBY5G"",""r"":-83,""f"":5200},{""b"":""0c:96:cd:6a:79:da"",""s"":""SK_WiFiGIGA79D8_5G"",""r"":-86,""f"":5220},{""b"":""16:96:cd:6a:79:da"",""s"":""SK_WIFI_IPTV_79D8"",""r"":-87,""f"":5220},{""b"":""02:92:a5:df:21:a3"",""s"":""GENESIS_2A16FD5A290004"",""r"":-87,""f"":5745},{""b"":""f8:96:fe:f7:ca:9f"",""s"":""Kia_JkRt"",""r"":-88,""f"":5220},{""b"":""08:5d:dd:ad:1d:62"",""s"":""U+Net1D64_5G"",""r"":-88,""f"":5785},{""b"":""ca:6e:84:e2:a3:4e"",""s"":"""",""r"":-89,""f"":5200}]",""
1790660401977,2026-09-29 14:40:01,car,37.6119166,127.1319958,3.79,15.36,58.0,73.84680056010103,fused,0,LTE,NR_NSA,5G,true,false,true,false,false,51192590,109,100,1,8372,450,06,-73,-6,-51,4,4,0,,,,29336,74164,0.2347,0.5933,29316,74144,0.2345,0.5932,false,9,0,9,-77,109,2600,15.36,false,false,periodic,9,4,10,1,5002,,,,"[{""type"":""LTE"",""pci"":109,""earfcn"":2600,""tac"":null,""rsrp"":-77,""rsrq"":-10,""rssi"":-55,""snr"":null,""ta"":0,""level"":4,""bands"":""5""},{""type"":""LTE"",""pci"":391,""earfcn"":2600,""tac"":null,""rsrp"":-86,""rsrq"":-19,""rssi"":-55,""snr"":null,""ta"":0,""level"":3,""bands"":""5""},{""type"":""LTE"",""pci"":260,""earfcn"":2600,""tac"":null,""rsrp"":-86,""rsrq"":-19,""rssi"":-55,""snr"":null,""ta"":0,""level"":3,""bands"":""5""},{""type"":""LTE"",""pci"":387,""earfcn"":2600,""tac"":null,""rsrp"":-86,""rsrq"":-16,""rssi"":-55,""snr"":null,""ta"":0,""level"":3,""bands"":""5""},{""type"":""LTE"",""pci"":391,""earfcn"":100,""tac"":null,""rsrp"":-89,""rsrq"":-17,""rssi"":-61,""snr"":null,""ta"":0,""level"":3,""bands"":""1""},{""type"":""LTE"",""pci"":391,""earfcn"":3050,""tac"":null,""rsrp"":-92,""rsrq"":-9,""rssi"":-73,""snr"":null,""ta"":0,""level"":3,""bands"":""7""},{""type"":""LTE"",""pci"":260,""earfcn"":100,""tac"":null,""rsrp"":-98,""rsrq"":-20,""rssi"":-59,""snr"":null,""ta"":0,""level"":2,""bands"":""1""},{""type"":""LTE"",""pci"":260,""earfcn"":3050,""tac"":null,""rsrp"":-102,""rsrq"":-17,""rssi"":-73,""snr"":null,""ta"":0,""level"":2,""bands"":""7""},{""type"":""LTE"",""pci"":7,""earfcn"":3050,""tac"":null,""rsrp"":-103,""rsrq"":-17,""rssi"":-71,""snr"":null,""ta"":0,""level"":2,""bands"":""7""}]",1005.4361,49,0.524,0.459,17,14,,,,"[{""b"":""b4:94:4e:04:fb:76"",""s"":""Public WiFi Secure"",""r"":-32,""f"":2417},{""b"":""b4:94:4e:04:fb:77"",""s"":""Public WiFi Secure"",""r"":-33,""f"":5745},{""b"":""ba:94:4e:04:fb:76"",""s"":""Public WiFi Free"",""r"":-33,""f"":2417},{""b"":""ba:94:4e:04:fb:77"",""s"":""Public WiFi Free"",""r"":-33,""f"":5745},{""b"":""82:5b:65:b2:fd:a1"",""s"":"""",""r"":-75,""f"":2412},{""b"":""70:5d:cc:3b:25:16"",""s"":""jjb"",""r"":-80,""f"":2452},{""b"":""46:27:45:68:8e:a0"",""s"":"""",""r"":-81,""f"":2437},{""b"":""58:86:94:9b:05:76"",""s"":""3F"",""r"":-83,""f"":2417},{""b"":""b0:38:6c:9d:06:a8"",""s"":""LBY5G"",""r"":-83,""f"":5200},{""b"":""0c:96:cd:6a:79:da"",""s"":""SK_WiFiGIGA79D8_5G"",""r"":-86,""f"":5220},{""b"":""16:96:cd:6a:79:da"",""s"":""SK_WIFI_IPTV_79D8"",""r"":-87,""f"":5220},{""b"":""02:92:a5:df:21:a3"",""s"":""GENESIS_2A16FD5A290004"",""r"":-87,""f"":5745},{""b"":""f8:96:fe:f7:ca:9f"",""s"":""Kia_JkRt"",""r"":-88,""f"":5220},{""b"":""08:5d:dd:ad:1d:62"",""s"":""U+Net1D64_5G"",""r"":-88,""f"":5785},{""b"":""ca:6e:84:e2:a3:4e"",""s"":"""",""r"":-89,""f"":5200}]",""
1790660406988,2026-09-29 14:40:06,car,37.6122678,127.1327692,3.79,15.68,61.0,71.2149760201715,fused,0,LTE,NR_NSA,5G,true,false,true,false,false,51192590,109,100,1,8372,450,06,-72,-8,-51,14,4,0,,,,2213,65418,0.0177,0.5233,2173,65378,0.0174,0.5230,false,9,0,9,-60,109,2600,15.68,false,false,periodic,14,4,1,10,5001,,,,"[{""type"":""LTE"",""pci"":109,""earfcn"":2600,""tac"":null,""rsrp"":-60,""rsrq"":-9,""rssi"":-51,""snr"":null,""ta"":0,""level"":4,""bands"":""5""},{""type"":""LTE"",""pci"":391,""earfcn"":2600,""tac"":null,""rsrp"":-69,""rsrq"":-16,""rssi"":-51,""snr"":null,""ta"":0,""level"":4,""bands"":""5""},{""type"":""LTE"",""pci"":391,""earfcn"":3050,""tac"":null,""rsrp"":-76,""rsrq"":-8,""rssi"":-51,""snr"":null,""ta"":0,""level"":4,""bands"":""7""},{""type"":""LTE"",""pci"":260,""earfcn"":2600,""tac"":null,""rsrp"":-83,""rsrq"":-20,""rssi"":-51,""snr"":null,""ta"":0,""level"":4,""bands"":""5""},{""type"":""LTE"",""pci"":7,""earfcn"":3050,""tac"":null,""rsrp"":-83,""rsrq"":-17,""rssi"":-57,""snr"":null,""ta"":0,""level"":4,""bands"":""7""},{""type"":""LTE"",""pci"":387,""earfcn"":2600,""tac"":null,""rsrp"":-86,""rsrq"":-16,""rssi"":-55,""snr"":null,""ta"":0,""level"":3,""bands"":""5""},{""type"":""LTE"",""pci"":244,""earfcn"":100,""tac"":null,""rsrp"":-89,""rsrq"":-17,""rssi"":-61,""snr"":null,""ta"":0,""level"":3,""bands"":""1""},{""type"":""LTE"",""pci"":260,""earfcn"":3050,""tac"":null,""rsrp"":-92,""rsrq"":-20,""rssi"":-57,""snr"":null,""ta"":0,""level"":3,""bands"":""7""},{""type"":""LTE"",""pci"":260,""earfcn"":100,""tac"":null,""rsrp"":-94,""rsrq"":-20,""rssi"":-61,""snr"":null,""ta"":0,""level"":3,""bands"":""1""}]",1005.66327,48,0.459,0.524,18,3,,,,"[{""b"":""b4:94:4e:04:fb:77"",""s"":""Public WiFi Secure"",""r"":-31,""f"":5745},{""b"":""ba:94:4e:04:fb:77"",""s"":""Public WiFi Free"",""r"":-32,""f"":5745},{""b"":""b4:94:4e:04:fb:76"",""s"":""Public WiFi Secure"",""r"":-37,""f"":2417},{""b"":""ba:94:4e:04:fb:76"",""s"":""Public WiFi Free"",""r"":-37,""f"":2417},{""b"":""38:f4:5e:4e:31:5f"",""s"":""SK_315C_2.4G"",""r"":-73,""f"":2412},{""b"":""12:f4:5e:4e:31:5f"",""s"":"""",""r"":-74,""f"":2412},{""b"":""0e:7e:24:e9:7a:04"",""s"":""DIRECT-BMW 45746"",""r"":-78,""f"":2462},{""b"":""b0:95:75:e8:42:76"",""s"":""Andrew & Amy"",""r"":-78,""f"":2417},{""b"":""68:3a:48:70:93:fa"",""s"":""[washer]_E30AJT2103465T"",""r"":-81,""f"":2412},{""b"":""64:e5:99:bb:b0:3a"",""s"":""yoon"",""r"":-82,""f"":2472},{""b"":""72:5d:cc:9e:ff:64"",""s"":""뽀미니네 손님"",""r"":-82,""f"":2447},{""b"":""26:e8:53:21:a0:71"",""s"":""AT_401_RAC_056905_WW_a071"",""r"":-83,""f"":2462},{""b"":""00:23:aa:86:09:0e"",""s"":""SK_WiFiGIGA090F"",""r"":-83,""f"":2437},{""b"":""b6:95:75:e8:42:77"",""s"":"""",""r"":-85,""f"":5200},{""b"":""38:f4:5e:4e:31:5e"",""s"":""SK_315C_5G"",""r"":-86,""f"":5805}]",""
1790660408249,2026-09-29 14:40:08,car,37.6123344,127.132924,3.79,15.73,62.0,71.18317260602319,fused,0,LTE,NR_NSA,5G,true,false,true,false,false,51202829,244,100,1,8372,450,06,-90,-14,-57,7,3,1,,,,888,29062,0.0071,0.2325,888,29062,0.0071,0.2325,false,9,0,9,-86,244,2600,15.73,true,false,handover,0,4,,,3,51192590,-72,-8,"[{""type"":""LTE"",""pci"":244,""earfcn"":2600,""tac"":null,""rsrp"":-86,""rsrq"":-12,""rssi"":-65,""snr"":null,""ta"":1,""level"":3,""bands"":""5""},{""type"":""LTE"",""pci"":109,""earfcn"":100,""tac"":null,""rsrp"":-87,""rsrq"":-13,""rssi"":-65,""snr"":null,""ta"":1,""level"":3,""bands"":""1""},{""type"":""LTE"",""pci"":391,""earfcn"":2600,""tac"":null,""rsrp"":-88,""rsrq"":-19,""rssi"":-59,""snr"":null,""ta"":1,""level"":3,""bands"":""5""},{""type"":""LTE"",""pci"":260,""earfcn"":100,""tac"":null,""rsrp"":-89,""rsrq"":-14,""rssi"":-65,""snr"":null,""ta"":1,""level"":3,""bands"":""1""},{""type"":""LTE"",""pci"":109,""earfcn"":2600,""tac"":null,""rsrp"":-90,""rsrq"":-11,""rssi"":-65,""snr"":null,""ta"":1,""level"":3,""bands"":""5""},{""type"":""LTE"",""pci"":260,""earfcn"":2600,""tac"":null,""rsrp"":-90,""rsrq"":-17,""rssi"":-65,""snr"":null,""ta"":1,""level"":3,""bands"":""5""},{""type"":""LTE"",""pci"":244,""earfcn"":3050,""tac"":null,""rsrp"":-96,""rsrq"":-11,""rssi"":-75,""snr"":null,""ta"":1,""level"":2,""bands"":""7""},{""type"":""LTE"",""pci"":391,""earfcn"":3050,""tac"":null,""rsrp"":-97,""rsrq"":-14,""rssi"":-75,""snr"":null,""ta"":1,""level"":2,""bands"":""7""},{""type"":""LTE"",""pci"":260,""earfcn"":3050,""tac"":null,""rsrp"":-98,""rsrq"":-14,""rssi"":-75,""snr"":null,""ta"":1,""level"":2,""bands"":""7""}]",1005.7538,68,0.186,0.131,18,4,,,,"[{""b"":""b4:94:4e:04:fb:77"",""s"":""Public WiFi Secure"",""r"":-31,""f"":5745},{""b"":""ba:94:4e:04:fb:77"",""s"":""Public WiFi Free"",""r"":-32,""f"":5745},{""b"":""b4:94:4e:04:fb:76"",""s"":""Public WiFi Secure"",""r"":-37,""f"":2417},{""b"":""ba:94:4e:04:fb:76"",""s"":""Public WiFi Free"",""r"":-37,""f"":2417},{""b"":""38:f4:5e:4e:31:5f"",""s"":""SK_315C_2.4G"",""r"":-73,""f"":2412},{""b"":""12:f4:5e:4e:31:5f"",""s"":"""",""r"":-74,""f"":2412},{""b"":""0e:7e:24:e9:7a:04"",""s"":""DIRECT-BMW 45746"",""r"":-78,""f"":2462},{""b"":""b0:95:75:e8:42:76"",""s"":""Andrew & Amy"",""r"":-78,""f"":2417},{""b"":""68:3a:48:70:93:fa"",""s"":""[washer]_E30AJT2103465T"",""r"":-81,""f"":2412},{""b"":""64:e5:99:bb:b0:3a"",""s"":""yoon"",""r"":-82,""f"":2472},{""b"":""72:5d:cc:9e:ff:64"",""s"":""뽀미니네 손님"",""r"":-82,""f"":2447},{""b"":""26:e8:53:21:a0:71"",""s"":""AT_401_RAC_056905_WW_a071"",""r"":-83,""f"":2462},{""b"":""00:23:aa:86:09:0e"",""s"":""SK_WiFiGIGA090F"",""r"":-83,""f"":2437},{""b"":""b6:95:75:e8:42:77"",""s"":"""",""r"":-85,""f"":5200},{""b"":""38:f4:5e:4e:31:5e"",""s"":""SK_315C_5G"",""r"":-86,""f"":5805}]","[{""type"":""LTE"",""pci"":109,""earfcn"":2600,""tac"":null,""rsrp"":-60,""rsrq"":-9,""rssi"":-51,""snr"":null,""ta"":0,""level"":4,""bands"":""5""},{""type"":""LTE"",""pci"":391,""earfcn"":2600,""tac"":null,""rsrp"":-69,""rsrq"":-16,""rssi"":-51,""snr"":null,""ta"":0,""level"":4,""bands"":""5""},{""type"":""LTE"",""pci"":391,""earfcn"":3050,""tac"":null,""rsrp"":-76,""rsrq"":-8,""rssi"":-51,""snr"":null,""ta"":0,""level"":4,""bands"":""7""},{""type"":""LTE"",""pci"":260,""earfcn"":2600,""tac"":null,""rsrp"":-83,""rsrq"":-20,""rssi"":-51,""snr"":null,""ta"":0,""level"":4,""bands"":""5""},{""type"":""LTE"",""pci"":7,""earfcn"":3050,""tac"":null,""rsrp"":-83,""rsrq"":-17,""rssi"":-57,""snr"":null,""ta"":0,""level"":4,""bands"":""7""},{""type"":""LTE"",""pci"":387,""earfcn"":2600,""tac"":null,""rsrp"":-86,""rsrq"":-16,""rssi"":-55,""snr"":null,""ta"":0,""level"":3,""bands"":""5""},{""type"":""LTE"",""pci"":244,""earfcn"":100,""tac"":null,""rsrp"":-89,""rsrq"":-17,""rssi"":-61,""snr"":null,""ta"":0,""level"":3,""bands"":""1""},{""type"":""LTE"",""pci"":260,""earfcn"":3050,""tac"":null,""rsrp"":-92,""rsrq"":-20,""rssi"":-57,""snr"":null,""ta"":0,""level"":3,""bands"":""7""},{""type"":""LTE"",""pci"":260,""earfcn"":100,""tac"":null,""rsrp"":-94,""rsrq"":-20,""rssi"":-61,""snr"":null,""ta"":0,""level"":3,""bands"":""1""}]"
1790660411997,2026-09-29 14:40:11,car,37.6126013,127.1335717,3.79,16.24,64.0,69.58670173928984,fused,0,LTE,NR_NSA,5G,true,false,true,false,false,51202828,260,100,1,8372,450,06,-89,-13,-55,7,3,4,,,,1693366,68600,13.5469,0.5488,1693339,68573,13.5467,0.5486,false,9,0,9,-86,109,2600,16.24,true,false,periodic,0,5,,,2950,51202829,-90,-14,"[{""type"":""LTE"",""pci"":109,""earfcn"":2600,""tac"":null,""rsrp"":-86,""rsrq"":-13,""rssi"":-67,""snr"":null,""ta"":4,""level"":3,""bands"":""5""},{""type"":""LTE"",""pci"":260,""earfcn"":2600,""tac"":null,""rsrp"":-87,""rsrq"":-14,""rssi"":-67,""snr"":null,""ta"":4,""level"":3,""bands"":""5""},{""type"":""LTE"",""pci"":244,""earfcn"":2600,""tac"":null,""rsrp"":-91,""rsrq"":-18,""rssi"":-67,""snr"":null,""ta"":4,""level"":3,""bands"":""5""},{""type"":""LTE"",""pci"":109,""earfcn"":100,""tac"":null,""rsrp"":-92,""rsrq"":-13,""rssi"":-65,""snr"":null,""ta"":4,""level"":3,""bands"":""1""},{""type"":""LTE"",""pci"":391,""earfcn"":2600,""tac"":null,""rsrp"":-92,""rsrq"":-16,""rssi"":-67,""snr"":null,""ta"":4,""level"":3,""bands"":""5""},{""type"":""LTE"",""pci"":260,""earfcn"":3050,""tac"":null,""rsrp"":-96,""rsrq"":-14,""rssi"":-79,""snr"":null,""ta"":4,""level"":2,""bands"":""7""},{""type"":""LTE"",""pci"":391,""earfcn"":3050,""tac"":null,""rsrp"":-98,""rsrq"":-16,""rssi"":-79,""snr"":null,""ta"":4,""level"":2,""bands"":""7""},{""type"":""LTE"",""pci"":244,""earfcn"":100,""tac"":null,""rsrp"":-99,""rsrq"":-19,""rssi"":-55,""snr"":null,""ta"":4,""level"":2,""bands"":""1""},{""type"":""LTE"",""pci"":244,""earfcn"":3050,""tac"":null,""rsrp"":-102,""rsrq"":-17,""rssi"":-79,""snr"":null,""ta"":4,""level"":2,""bands"":""7""}]",1006.0003,68,0.524,0.459,18,8,,,,"[{""b"":""b4:94:4e:04:fb:77"",""s"":""Public WiFi Secure"",""r"":-31,""f"":5745},{""b"":""ba:94:4e:04:fb:77"",""s"":""Public WiFi Free"",""r"":-32,""f"":5745},{""b"":""b4:94:4e:04:fb:76"",""s"":""Public WiFi Secure"",""r"":-37,""f"":2417},{""b"":""ba:94:4e:04:fb:76"",""s"":""Public WiFi Free"",""r"":-37,""f"":2417},{""b"":""38:f4:5e:4e:31:5f"",""s"":""SK_315C_2.4G"",""r"":-73,""f"":2412},{""b"":""12:f4:5e:4e:31:5f"",""s"":"""",""r"":-74,""f"":2412},{""b"":""0e:7e:24:e9:7a:04"",""s"":""DIRECT-BMW 45746"",""r"":-78,""f"":2462},{""b"":""b0:95:75:e8:42:76"",""s"":""Andrew & Amy"",""r"":-78,""f"":2417},{""b"":""68:3a:48:70:93:fa"",""s"":""[washer]_E30AJT2103465T"",""r"":-81,""f"":2412},{""b"":""64:e5:99:bb:b0:3a"",""s"":""yoon"",""r"":-82,""f"":2472},{""b"":""72:5d:cc:9e:ff:64"",""s"":""뽀미니네 손님"",""r"":-82,""f"":2447},{""b"":""26:e8:53:21:a0:71"",""s"":""AT_401_RAC_056905_WW_a071"",""r"":-83,""f"":2462},{""b"":""00:23:aa:86:09:0e"",""s"":""SK_WiFiGIGA090F"",""r"":-83,""f"":2437},{""b"":""b6:95:75:e8:42:77"",""s"":"""",""r"":-85,""f"":5200},{""b"":""38:f4:5e:4e:31:5e"",""s"":""SK_315C_5G"",""r"":-86,""f"":5805}]","[{""type"":""LTE"",""pci"":244,""earfcn"":2600,""tac"":null,""rsrp"":-86,""rsrq"":-12,""rssi"":-65,""snr"":null,""ta"":1,""level"":3,""bands"":""5""},{""type"":""LTE"",""pci"":109,""earfcn"":100,""tac"":null,""rsrp"":-87,""rsrq"":-13,""rssi"":-65,""snr"":null,""ta"":1,""level"":3,""bands"":""1""},{""type"":""LTE"",""pci"":391,""earfcn"":2600,""tac"":null,""rsrp"":-88,""rsrq"":-19,""rssi"":-59,""snr"":null,""ta"":1,""level"":3,""bands"":""5""},{""type"":""LTE"",""pci"":260,""earfcn"":100,""tac"":null,""rsrp"":-89,""rsrq"":-14,""rssi"":-65,""snr"":null,""ta"":1,""level"":3,""bands"":""1""},{""type"":""LTE"",""pci"":109,""earfcn"":2600,""tac"":null,""rsrp"":-90,""rsrq"":-11,""rssi"":-65,""snr"":null,""ta"":1,""level"":3,""bands"":""5""},{""type"":""LTE"",""pci"":260,""earfcn"":2600,""tac"":null,""rsrp"":-90,""rsrq"":-17,""rssi"":-65,""snr"":null,""ta"":1,""level"":3,""bands"":""5""},{""type"":""LTE"",""pci"":244,""earfcn"":3050,""tac"":null,""rsrp"":-96,""rsrq"":-11,""rssi"":-75,""snr"":null,""ta"":1,""level"":2,""bands"":""7""},{""type"":""LTE"",""pci"":391,""earfcn"":3050,""tac"":null,""rsrp"":-97,""rsrq"":-14,""rssi"":-75,""snr"":null,""ta"":1,""level"":2,""bands"":""7""},{""type"":""LTE"",""pci"":260,""earfcn"":3050,""tac"":null,""rsrp"":-98,""rsrq"":-14,""rssi"":-75,""snr"":null,""ta"":1,""level"":2,""bands"":""7""}]"
1790660417007,2026-09-29 14:40:17,car,37.6129017,127.1344231,3.79,16.35,66.0,66.70603946574404,fused,0,LTE,NR_NSA,5G,true,false,true,false,false,51202828,260,100,1,8372,450,06,-88,-8,-59,5,3,4,,,,35976,77806,0.2878,0.6224,35970,77786,0.2878,0.6223,false,8,0,8,-87,260,2600,16.35,false,false,periodic,5,4,1,-2,2826,,,,"[{""type"":""LTE"",""pci"":260,""earfcn"":2600,""tac"":null,""rsrp"":-87,""rsrq"":-13,""rssi"":-65,""snr"":null,""ta"":4,""level"":3,""bands"":""5""},{""type"":""LTE"",""pci"":133,""earfcn"":100,""tac"":null,""rsrp"":-92,""rsrq"":-18,""rssi"":-61,""snr"":null,""ta"":4,""level"":3,""bands"":""1""},{""type"":""LTE"",""pci"":109,""earfcn"":2600,""tac"":null,""rsrp"":-94,""rsrq"":-17,""rssi"":-65,""snr"":null,""ta"":4,""level"":3,""bands"":""5""},{""type"":""LTE"",""pci"":109,""earfcn"":100,""tac"":null,""rsrp"":-95,""rsrq"":-18,""rssi"":-61,""snr"":null,""ta"":4,""level"":3,""bands"":""1""},{""type"":""LTE"",""pci"":344,""earfcn"":2600,""tac"":null,""rsrp"":-95,""rsrq"":-15,""rssi"":-65,""snr"":null,""ta"":4,""level"":3,""bands"":""5""},{""type"":""LTE"",""pci"":260,""earfcn"":3050,""tac"":null,""rsrp"":-96,""rsrq"":-11,""rssi"":-75,""snr"":null,""ta"":4,""level"":2,""bands"":""7""},{""type"":""LTE"",""pci"":344,""earfcn"":100,""tac"":null,""rsrp"":-98,""rsrq"":-16,""rssi"":-71,""snr"":null,""ta"":4,""level"":2,""bands"":""1""},{""type"":""LTE"",""pci"":391,""earfcn"":3050,""tac"":null,""rsrp"":-101,""rsrq"":-16,""rssi"":-75,""snr"":null,""ta"":4,""level"":2,""bands"":""7""}]",1006.4531,47,0.459,0.524,18,13,,,,"[{""b"":""b4:94:4e:04:fb:77"",""s"":""Public WiFi Secure"",""r"":-31,""f"":5745},{""b"":""ba:94:4e:04:fb:77"",""s"":""Public WiFi Free"",""r"":-32,""f"":5745},{""b"":""b4:94:4e:04:fb:76"",""s"":""Public WiFi Secure"",""r"":-37,""f"":2417},{""b"":""ba:94:4e:04:fb:76"",""s"":""Public WiFi Free"",""r"":-37,""f"":2417},{""b"":""38:f4:5e:4e:31:5f"",""s"":""SK_315C_2.4G"",""r"":-73,""f"":2412},{""b"":""12:f4:5e:4e:31:5f"",""s"":"""",""r"":-74,""f"":2412},{""b"":""0e:7e:24:e9:7a:04"",""s"":""DIRECT-BMW 45746"",""r"":-78,""f"":2462},{""b"":""b0:95:75:e8:42:76"",""s"":""Andrew & Amy"",""r"":-78,""f"":2417},{""b"":""68:3a:48:70:93:fa"",""s"":""[washer]_E30AJT2103465T"",""r"":-81,""f"":2412},{""b"":""64:e5:99:bb:b0:3a"",""s"":""yoon"",""r"":-82,""f"":2472},{""b"":""72:5d:cc:9e:ff:64"",""s"":""뽀미니네 손님"",""r"":-82,""f"":2447},{""b"":""26:e8:53:21:a0:71"",""s"":""AT_401_RAC_056905_WW_a071"",""r"":-83,""f"":2462},{""b"":""00:23:aa:86:09:0e"",""s"":""SK_WiFiGIGA090F"",""r"":-83,""f"":2437},{""b"":""b6:95:75:e8:42:77"",""s"":"""",""r"":-85,""f"":5200},{""b"":""38:f4:5e:4e:31:5e"",""s"":""SK_315C_5G"",""r"":-86,""f"":5805}]",""
1790660422021,2026-09-29 14:40:22,car,37.6131979,127.1352627,3.79,16.49,65.0,62.838216035721736,fused,0,LTE,NR_NSA,5G,true,false,true,false,false,51202828,260,100,1,8372,450,06,-95,-10,-67,7,3,3,,,,4890,64181,0.0391,0.5134,4856,64161,0.0388,0.5133,false,7,0,7,-83,344,2600,16.49,false,false,periodic,10,3,-7,2,5003,,,,"[{""type"":""LTE"",""pci"":344,""earfcn"":2600,""tac"":null,""rsrp"":-83,""rsrq"":-13,""rssi"":-63,""snr"":null,""ta"":3,""level"":4,""bands"":""5""},{""type"":""LTE"",""pci"":260,""earfcn"":3050,""tac"":null,""rsrp"":-93,""rsrq"":-10,""rssi"":-73,""snr"":null,""ta"":3,""level"":3,""bands"":""7""},{""type"":""LTE"",""pci"":260,""earfcn"":2600,""tac"":null,""rsrp"":-93,""rsrq"":-18,""rssi"":-63,""snr"":null,""ta"":3,""level"":3,""bands"":""5""},{""type"":""LTE"",""pci"":344,""earfcn"":100,""tac"":null,""rsrp"":-96,""rsrq"":-13,""rssi"":-77,""snr"":null,""ta"":3,""level"":2,""bands"":""1""},{""type"":""LTE"",""pci"":391,""earfcn"":3050,""tac"":null,""rsrp"":-101,""rsrq"":-17,""rssi"":-73,""snr"":null,""ta"":3,""level"":2,""bands"":""7""},{""type"":""LTE"",""pci"":109,""earfcn"":100,""tac"":null,""rsrp"":-105,""rsrq"":-19,""rssi"":-77,""snr"":null,""ta"":3,""level"":2,""bands"":""1""},{""type"":""LTE"",""pci"":391,""earfcn"":100,""tac"":null,""rsrp"":-107,""rsrq"":-17,""rssi"":-75,""snr"":null,""ta"":3,""level"":1,""bands"":""1""}]",1006.8114,49,0.459,0.459,13,3,,,,"[{""b"":""b4:94:4e:04:fb:77"",""s"":""Public WiFi Secure"",""r"":-32,""f"":5745},{""b"":""ba:94:4e:04:fb:77"",""s"":""Public WiFi Free"",""r"":-32,""f"":5745},{""b"":""b4:94:4e:04:fb:76"",""s"":""Public WiFi Secure"",""r"":-34,""f"":2417},{""b"":""ba:94:4e:04:fb:76"",""s"":""Public WiFi Free"",""r"":-34,""f"":2417},{""b"":""68:8f:c9:aa:dd:3a"",""s"":""TF768-6067210c"",""r"":-70,""f"":5180},{""b"":""bc:62:ce:ac:d4:fd"",""s"":""DLive_D4F8"",""r"":-72,""f"":2462},{""b"":""4a:75:62:89:24:f0"",""s"":""Porsche_WLAN_0342"",""r"":-82,""f"":2437},{""b"":""54:7e:1a:31:93:70"",""s"":""G067-IoT_2.4G"",""r"":-83,""f"":2417},{""b"":""00:92:a5:3c:0c:39"",""s"":""Kia_1gjC"",""r"":-85,""f"":5180},{""b"":""70:5d:cc:dc:4f:54"",""s"":""도서관-1"",""r"":-89,""f"":5745},{""b"":""24:f2:7f:8c:c6:30"",""s"":""DONGGU-AP"",""r"":-90,""f"":5745},{""b"":""a2:7e:1a:31:93:81"",""s"":""G21-067_IoT"",""r"":-92,""f"":5580},{""b"":""54:7e:1a:31:93:80"",""s"":""G21-067"",""r"":-92,""f"":5580}]",""
1790660427038,2026-09-29 14:40:27,car,37.6134896,127.1361172,3.832,16.33,66.0,59.776604372872725,fused,0,LTE,NR_NSA,5G,true,false,true,false,false,51202828,260,100,1,8372,450,06,-90,-11,-63,9,3,3,,,,3375,65479,0.0270,0.5238,3355,65459,0.0268,0.5237,false,7,0,7,-86,260,2600,16.33,false,false,periodic,15,2,5,2,5003,,,,"[{""type"":""LTE"",""pci"":260,""earfcn"":2600,""tac"":null,""rsrp"":-86,""rsrq"":-14,""rssi"":-61,""snr"":null,""ta"":3,""level"":3,""bands"":""5""},{""type"":""LTE"",""pci"":344,""earfcn"":2600,""tac"":null,""rsrp"":-91,""rsrq"":-18,""rssi"":-61,""snr"":null,""ta"":3,""level"":3,""bands"":""5""},{""type"":""LTE"",""pci"":244,""earfcn"":2600,""tac"":null,""rsrp"":-91,""rsrq"":-13,""rssi"":-63,""snr"":null,""ta"":3,""level"":3,""bands"":""5""},{""type"":""LTE"",""pci"":260,""earfcn"":3050,""tac"":null,""rsrp"":-94,""rsrq"":-9,""rssi"":-77,""snr"":null,""ta"":3,""level"":3,""bands"":""7""},{""type"":""LTE"",""pci"":391,""earfcn"":100,""tac"":null,""rsrp"":-97,""rsrq"":-20,""rssi"":-67,""snr"":null,""ta"":3,""level"":2,""bands"":""1""},{""type"":""LTE"",""pci"":344,""earfcn"":100,""tac"":null,""rsrp"":-100,""rsrq"":-18,""rssi"":-71,""snr"":null,""ta"":3,""level"":2,""bands"":""1""},{""type"":""LTE"",""pci"":391,""earfcn"":3050,""tac"":null,""rsrp"":-112,""rsrq"":-20,""rssi"":-77,""snr"":null,""ta"":3,""level"":1,""bands"":""7""}]",1007.1965,51,0.459,0.459,13,8,,,,"[{""b"":""b4:94:4e:04:fb:77"",""s"":""Public WiFi Secure"",""r"":-32,""f"":5745},{""b"":""ba:94:4e:04:fb:77"",""s"":""Public WiFi Free"",""r"":-32,""f"":5745},{""b"":""b4:94:4e:04:fb:76"",""s"":""Public WiFi Secure"",""r"":-34,""f"":2417},{""b"":""ba:94:4e:04:fb:76"",""s"":""Public WiFi Free"",""r"":-34,""f"":2417},{""b"":""68:8f:c9:aa:dd:3a"",""s"":""TF768-6067210c"",""r"":-70,""f"":5180},{""b"":""bc:62:ce:ac:d4:fd"",""s"":""DLive_D4F8"",""r"":-72,""f"":2462},{""b"":""4a:75:62:89:24:f0"",""s"":""Porsche_WLAN_0342"",""r"":-82,""f"":2437},{""b"":""54:7e:1a:31:93:70"",""s"":""G067-IoT_2.4G"",""r"":-83,""f"":2417},{""b"":""00:92:a5:3c:0c:39"",""s"":""Kia_1gjC"",""r"":-85,""f"":5180},{""b"":""70:5d:cc:dc:4f:54"",""s"":""도서관-1"",""r"":-89,""f"":5745},{""b"":""24:f2:7f:8c:c6:30"",""s"":""DONGGU-AP"",""r"":-90,""f"":5745},{""b"":""a2:7e:1a:31:93:81"",""s"":""G21-067_IoT"",""r"":-92,""f"":5580},{""b"":""54:7e:1a:31:93:80"",""s"":""G21-067"",""r"":-92,""f"":5580}]",""
1790660432060,2026-09-29 14:40:32,car,37.6137913,127.1369745,3.79,16.49,66.0,56.577928545511796,fused,0,LTE,NR_NSA,5G,true,false,true,false,false,51202828,260,100,1,8372,450,06,-84,-8,-57,11,4,2,,,,52074,69013,0.4166,0.5521,52034,68973,0.4163,0.5518,false,9,0,9,-88,260,2600,16.49,false,false,periodic,20,2,6,2,5000,,,,"[{""type"":""LTE"",""pci"":260,""earfcn"":2600,""tac"":null,""rsrp"":-88,""rsrq"":-13,""rssi"":-65,""snr"":null,""ta"":2,""level"":3,""bands"":""5""},{""type"":""LTE"",""pci"":260,""earfcn"":3050,""tac"":null,""rsrp"":-89,""rsrq"":-10,""rssi"":-69,""snr"":null,""ta"":2,""level"":3,""bands"":""7""},{""type"":""LTE"",""pci"":133,""earfcn"":2600,""tac"":null,""rsrp"":-92,""rsrq"":-18,""rssi"":-65,""snr"":null,""ta"":2,""level"":3,""bands"":""5""},{""type"":""LTE"",""pci"":131,""earfcn"":100,""tac"":null,""rsrp"":-94,""rsrq"":-20,""rssi"":-67,""snr"":null,""ta"":2,""level"":3,""bands"":""1""},{""type"":""LTE"",""pci"":244,""earfcn"":3050,""tac"":null,""rsrp"":-96,""rsrq"":-17,""rssi"":-69,""snr"":null,""ta"":2,""level"":2,""bands"":""7""},{""type"":""LTE"",""pci"":133,""earfcn"":100,""tac"":null,""rsrp"":-97,""rsrq"":-20,""rssi"":-65,""snr"":null,""ta"":2,""level"":2,""bands"":""1""},{""type"":""LTE"",""pci"":344,""earfcn"":2600,""tac"":null,""rsrp"":-99,""rsrq"":-20,""rssi"":-65,""snr"":null,""ta"":2,""level"":2,""bands"":""5""},{""type"":""LTE"",""pci"":244,""earfcn"":2600,""tac"":null,""rsrp"":-101,""rsrq"":-20,""rssi"":-71,""snr"":null,""ta"":2,""level"":2,""bands"":""5""},{""type"":""LTE"",""pci"":391,""earfcn"":3050,""tac"":null,""rsrp"":-109,""rsrq"":-20,""rssi"":-77,""snr"":null,""ta"":2,""level"":1,""bands"":""7""}]",1007.5866,51,0.459,0.459,13,13,,,,"[{""b"":""b4:94:4e:04:fb:77"",""s"":""Public WiFi Secure"",""r"":-32,""f"":5745},{""b"":""ba:94:4e:04:fb:77"",""s"":""Public WiFi Free"",""r"":-32,""f"":5745},{""b"":""b4:94:4e:04:fb:76"",""s"":""Public WiFi Secure"",""r"":-34,""f"":2417},{""b"":""ba:94:4e:04:fb:76"",""s"":""Public WiFi Free"",""r"":-34,""f"":2417},{""b"":""68:8f:c9:aa:dd:3a"",""s"":""TF768-6067210c"",""r"":-70,""f"":5180},{""b"":""bc:62:ce:ac:d4:fd"",""s"":""DLive_D4F8"",""r"":-72,""f"":2462},{""b"":""4a:75:62:89:24:f0"",""s"":""Porsche_WLAN_0342"",""r"":-82,""f"":2437},{""b"":""54:7e:1a:31:93:70"",""s"":""G067-IoT_2.4G"",""r"":-83,""f"":2417},{""b"":""00:92:a5:3c:0c:39"",""s"":""Kia_1gjC"",""r"":-85,""f"":5180},{""b"":""70:5d:cc:dc:4f:54"",""s"":""도서관-1"",""r"":-89,""f"":5745},{""b"":""24:f2:7f:8c:c6:30"",""s"":""DONGGU-AP"",""r"":-90,""f"":5745},{""b"":""a2:7e:1a:31:93:81"",""s"":""G21-067_IoT"",""r"":-92,""f"":5580},{""b"":""54:7e:1a:31:93:80"",""s"":""G21-067"",""r"":-92,""f"":5580}]",""
1790660437074,2026-09-29 14:40:37,car,37.614092,127.1378356,7.886,16.8,66.0,53.268377604638836,fused,0,LTE,NR_NSA,5G,true,false,true,false,false,51202828,260,100,1,8372,450,06,-78,-8,-51,16,4,2,,,,3832,66394,0.0307,0.5312,3812,66374,0.0305,0.5310,false,8,0,8,-82,260,2600,16.8,false,false,periodic,25,2,6,5,2894,,,,"[{""type"":""LTE"",""pci"":260,""earfcn"":2600,""tac"":null,""rsrp"":-82,""rsrq"":-8,""rssi"":-65,""snr"":null,""ta"":2,""level"":4,""bands"":""5""},{""type"":""LTE"",""pci"":260,""earfcn"":3050,""tac"":null,""rsrp"":-85,""rsrq"":-10,""rssi"":-67,""snr"":null,""ta"":2,""level"":4,""bands"":""7""},{""type"":""LTE"",""pci"":344,""earfcn"":2600,""tac"":null,""rsrp"":-92,""rsrq"":-18,""rssi"":-65,""snr"":null,""ta"":2,""level"":3,""bands"":""5""},{""type"":""LTE"",""pci"":244,""earfcn"":3050,""tac"":null,""rsrp"":-98,""rsrq"":-17,""rssi"":-67,""snr"":null,""ta"":2,""level"":2,""bands"":""7""},{""type"":""LTE"",""pci"":133,""earfcn"":2600,""tac"":null,""rsrp"":-98,""rsrq"":-17,""rssi"":-61,""snr"":null,""ta"":2,""level"":2,""bands"":""5""},{""type"":""LTE"",""pci"":357,""earfcn"":100,""tac"":null,""rsrp"":-99,""rsrq"":-17,""rssi"":-69,""snr"":null,""ta"":2,""level"":2,""bands"":""1""},{""type"":""LTE"",""pci"":133,""earfcn"":100,""tac"":null,""rsrp"":-102,""rsrq"":-20,""rssi"":-69,""snr"":null,""ta"":2,""level"":2,""bands"":""1""},{""type"":""LTE"",""pci"":391,""earfcn"":3050,""tac"":null,""rsrp"":-112,""rsrq"":-20,""rssi"":-75,""snr"":null,""ta"":2,""level"":1,""bands"":""7""}]",1007.8263,50,0.524,0.524,13,18,,,,"[{""b"":""b4:94:4e:04:fb:77"",""s"":""Public WiFi Secure"",""r"":-32,""f"":5745},{""b"":""ba:94:4e:04:fb:77"",""s"":""Public WiFi Free"",""r"":-32,""f"":5745},{""b"":""b4:94:4e:04:fb:76"",""s"":""Public WiFi Secure"",""r"":-34,""f"":2417},{""b"":""ba:94:4e:04:fb:76"",""s"":""Public WiFi Free"",""r"":-34,""f"":2417},{""b"":""68:8f:c9:aa:dd:3a"",""s"":""TF768-6067210c"",""r"":-70,""f"":5180},{""b"":""bc:62:ce:ac:d4:fd"",""s"":""DLive_D4F8"",""r"":-72,""f"":2462},{""b"":""4a:75:62:89:24:f0"",""s"":""Porsche_WLAN_0342"",""r"":-82,""f"":2437},{""b"":""54:7e:1a:31:93:70"",""s"":""G067-IoT_2.4G"",""r"":-83,""f"":2417},{""b"":""00:92:a5:3c:0c:39"",""s"":""Kia_1gjC"",""r"":-85,""f"":5180},{""b"":""70:5d:cc:dc:4f:54"",""s"":""도서관-1"",""r"":-89,""f"":5745},{""b"":""24:f2:7f:8c:c6:30"",""s"":""DONGGU-AP"",""r"":-90,""f"":5745},{""b"":""a2:7e:1a:31:93:81"",""s"":""G21-067_IoT"",""r"":-92,""f"":5580},{""b"":""54:7e:1a:31:93:80"",""s"":""G21-067"",""r"":-92,""f"":5580}]",""
1790660442087,2026-09-29 14:40:42,car,37.614378,127.1386827,7.666,16.0,66.0,51.30439029498278,fused,0,LTE,NR_NSA,5G,true,false,true,false,false,51202828,260,100,1,8372,450,06,-91,-10,-61,17,3,1,,,,3626,65002,0.0290,0.5200,3606,64982,0.0288,0.5199,false,4,0,4,-89,260,2600,16.0,false,false,periodic,30,0,-13,1,5004,,,,"[{""type"":""LTE"",""pci"":260,""earfcn"":2600,""tac"":null,""rsrp"":-89,""rsrq"":-12,""rssi"":-69,""snr"":null,""ta"":1,""level"":3,""bands"":""5""},{""type"":""LTE"",""pci"":260,""earfcn"":3050,""tac"":null,""rsrp"":-97,""rsrq"":-16,""rssi"":-69,""snr"":null,""ta"":1,""level"":2,""bands"":""7""},{""type"":""LTE"",""pci"":181,""earfcn"":100,""tac"":null,""rsrp"":-102,""rsrq"":-20,""rssi"":-71,""snr"":null,""ta"":1,""level"":2,""bands"":""1""},{""type"":""LTE"",""pci"":244,""earfcn"":3050,""tac"":null,""rsrp"":-103,""rsrq"":-19,""rssi"":-73,""snr"":null,""ta"":1,""level"":2,""bands"":""7""}]",1007.85944,54,0.459,0.459,13,23,,,,"[{""b"":""b4:94:4e:04:fb:77"",""s"":""Public WiFi Secure"",""r"":-32,""f"":5745},{""b"":""ba:94:4e:04:fb:77"",""s"":""Public WiFi Free"",""r"":-32,""f"":5745},{""b"":""b4:94:4e:04:fb:76"",""s"":""Public WiFi Secure"",""r"":-34,""f"":2417},{""b"":""ba:94:4e:04:fb:76"",""s"":""Public WiFi Free"",""r"":-34,""f"":2417},{""b"":""68:8f:c9:aa:dd:3a"",""s"":""TF768-6067210c"",""r"":-70,""f"":5180},{""b"":""bc:62:ce:ac:d4:fd"",""s"":""DLive_D4F8"",""r"":-72,""f"":2462},{""b"":""4a:75:62:89:24:f0"",""s"":""Porsche_WLAN_0342"",""r"":-82,""f"":2437},{""b"":""54:7e:1a:31:93:70"",""s"":""G067-IoT_2.4G"",""r"":-83,""f"":2417},{""b"":""00:92:a5:3c:0c:39"",""s"":""Kia_1gjC"",""r"":-85,""f"":5180},{""b"":""70:5d:cc:dc:4f:54"",""s"":""도서관-1"",""r"":-89,""f"":5745},{""b"":""24:f2:7f:8c:c6:30"",""s"":""DONGGU-AP"",""r"":-90,""f"":5745},{""b"":""a2:7e:1a:31:93:81"",""s"":""G21-067_IoT"",""r"":-92,""f"":5580},{""b"":""54:7e:1a:31:93:80"",""s"":""G21-067"",""r"":-92,""f"":5580}]",""
1790660447105,2026-09-29 14:40:47,car,37.6146561,127.1395164,3.79,16.07,68.0,50.65698198679838,fused,0,LTE,NR_NSA,5G,true,false,true,false,false,51202828,260,100,1,8372,450,06,-87,-9,-57,16,3,1,,,,5699,66714,0.0456,0.5337,5679,66694,0.0454,0.5336,false,8,0,8,-74,260,2600,16.07,false,false,periodic,35,0,4,-1,5000,,,,"[{""type"":""LTE"",""pci"":260,""earfcn"":2600,""tac"":null,""rsrp"":-74,""rsrq"":-10,""rssi"":-53,""snr"":null,""ta"":1,""level"":4,""bands"":""5""},{""type"":""LTE"",""pci"":181,""earfcn"":2600,""tac"":null,""rsrp"":-84,""rsrq"":-20,""rssi"":-55,""snr"":null,""ta"":1,""level"":4,""bands"":""5""},{""type"":""LTE"",""pci"":60,""earfcn"":100,""tac"":null,""rsrp"":-95,""rsrq"":-20,""rssi"":-63,""snr"":null,""ta"":1,""level"":3,""bands"":""1""},{""type"":""LTE"",""pci"":357,""earfcn"":100,""tac"":null,""rsrp"":-95,""rsrq"":-20,""rssi"":-63,""snr"":null,""ta"":1,""level"":3,""bands"":""1""},{""type"":""LTE"",""pci"":181,""earfcn"":100,""tac"":null,""rsrp"":-99,""rsrq"":-20,""rssi"":-69,""snr"":null,""ta"":1,""level"":2,""bands"":""1""},{""type"":""LTE"",""pci"":133,""earfcn"":100,""tac"":null,""rsrp"":-99,""rsrq"":-20,""rssi"":-69,""snr"":null,""ta"":1,""level"":2,""bands"":""1""},{""type"":""LTE"",""pci"":260,""earfcn"":3050,""tac"":null,""rsrp"":-99,""rsrq"":-11,""rssi"":-77,""snr"":null,""ta"":1,""level"":2,""bands"":""7""},{""type"":""LTE"",""pci"":181,""earfcn"":3050,""tac"":null,""rsrp"":-99,""rsrq"":-14,""rssi"":-77,""snr"":null,""ta"":1,""level"":2,""bands"":""7""}]",1007.78595,47,0.459,0.459,21,3,,,,"[{""b"":""b4:94:4e:04:fb:77"",""s"":""Public WiFi Secure"",""r"":-33,""f"":5745},{""b"":""ba:94:4e:04:fb:77"",""s"":""Public WiFi Free"",""r"":-33,""f"":5745},{""b"":""30:eb:1f:21:d7:58"",""s"":"""",""r"":-39,""f"":2447},{""b"":""b4:94:4e:04:fb:76"",""s"":""Public WiFi Secure"",""r"":-39,""f"":2417},{""b"":""ba:94:4e:04:fb:76"",""s"":""Public WiFi Free"",""r"":-40,""f"":2417},{""b"":""06:29:d5:d4:b1:a0"",""s"":""Public WiFi Secure"",""r"":-61,""f"":2412},{""b"":""06:29:d5:d4:b1:a2"",""s"":"""",""r"":-62,""f"":2412},{""b"":""06:29:d5:d4:b1:a1"",""s"":""Public WiFi Free"",""r"":-64,""f"":2412},{""b"":""30:eb:1f:21:b8:50"",""s"":"""",""r"":-71,""f"":2427},{""b"":""d6:8d:26:0b:7b:56"",""s"":""[LG_Dryer]7b56"",""r"":-80,""f"":2462},{""b"":""16:7f:67:b5:69:1a"",""s"":""[LG_Washer]691a"",""r"":-82,""f"":2462},{""b"":""50:fd:d5:c0:22:1d"",""s"":""Samsung Washer_E50AJTWF043E"",""r"":-82,""f"":2412},{""b"":""00:92:a5:17:0a:3d"",""s"":""Hyundai_CBZv"",""r"":-82,""f"":5220},{""b"":""12:96:cd:02:84:81"",""s"":"""",""r"":-83,""f"":2427},{""b"":""0a:29:d5:d4:b1:a1"",""s"":""Public WiFi Free"",""r"":-85,""f"":5500}]",""
1790660452127,2026-09-29 14:40:52,car,37.6149346,127.1403811,3.79,16.44,68.0,50.934847679638736,fused,0,LTE,NR_NSA,5G,true,false,true,false,false,51202828,260,100,1,8372,450,06,-86,-11,-51,13,3,0,,,,20649,66900,0.1652,0.5352,20609,66860,0.1649,0.5349,false,8,0,8,-80,60,2600,16.44,false,false,periodic,40,0,1,-3,4999,,,,"[{""type"":""LTE"",""pci"":60,""earfcn"":2600,""tac"":null,""rsrp"":-80,""rsrq"":-14,""rssi"":-57,""snr"":null,""ta"":0,""level"":4,""bands"":""5""},{""type"":""LTE"",""pci"":260,""earfcn"":2600,""tac"":null,""rsrp"":-81,""rsrq"":-12,""rssi"":-57,""snr"":null,""ta"":0,""level"":4,""bands"":""5""},{""type"":""LTE"",""pci"":181,""earfcn"":2600,""tac"":null,""rsrp"":-84,""rsrq"":-20,""rssi"":-55,""snr"":null,""ta"":0,""level"":4,""bands"":""5""},{""type"":""LTE"",""pci"":60,""earfcn"":100,""tac"":null,""rsrp"":-90,""rsrq"":-14,""rssi"":-63,""snr"":null,""ta"":0,""level"":3,""bands"":""1""},{""type"":""LTE"",""pci"":181,""earfcn"":3050,""tac"":null,""rsrp"":-90,""rsrq"":-17,""rssi"":-61,""snr"":null,""ta"":0,""level"":3,""bands"":""7""},{""type"":""LTE"",""pci"":357,""earfcn"":2600,""tac"":null,""rsrp"":-91,""rsrq"":-20,""rssi"":-61,""snr"":null,""ta"":0,""level"":3,""bands"":""5""},{""type"":""LTE"",""pci"":260,""earfcn"":3050,""tac"":null,""rsrp"":-97,""rsrq"":-14,""rssi"":-71,""snr"":null,""ta"":0,""level"":2,""bands"":""7""},{""type"":""LTE"",""pci"":357,""earfcn"":3050,""tac"":null,""rsrp"":-98,""rsrq"":-17,""rssi"":-71,""snr"":null,""ta"":0,""level"":2,""bands"":""7""}]",1007.84546,48,0.459,0.459,7,4,,,,"[{""b"":""b4:94:4e:04:fb:76"",""s"":""Public WiFi Secure"",""r"":-34,""f"":2417},{""b"":""ba:94:4e:04:fb:76"",""s"":""Public WiFi Free"",""r"":-34,""f"":2417},{""b"":""b4:94:4e:04:fb:77"",""s"":""Public WiFi Secure"",""r"":-35,""f"":5745},{""b"":""ba:94:4e:04:fb:77"",""s"":""Public WiFi Free"",""r"":-35,""f"":5745},{""b"":""30:eb:1f:21:d7:58"",""s"":"""",""r"":-45,""f"":2447},{""b"":""42:d5:21:96:43:8b"",""s"":""HYUNDAI_A83069125D0403"",""r"":-76,""f"":5745},{""b"":""bc:9d:42:21:bf:e8"",""s"":""MyDean_271310"",""r"":-83,""f"":2437}]",""
1790660457135,2026-09-29 14:40:57,car,37.6152413,127.1412413,5.201,16.47,66.0,51.04577300995612,fused,0,LTE,NR_NSA,5G,true,false,true,false,false,51202828,260,100,1,8372,450,06,-87,-10,-57,7,3,0,,,,13919,65841,0.1114,0.5267,13899,65821,0.1112,0.5266,false,12,0,12,-83,260,2600,16.47,false,false,periodic,45,0,-1,-6,2952,,,,"[{""type"":""LTE"",""pci"":260,""earfcn"":2600,""tac"":null,""rsrp"":-83,""rsrq"":-12,""rssi"":-61,""snr"":null,""ta"":0,""level"":4,""bands"":""5""},{""type"":""LTE"",""pci"":155,""earfcn"":2600,""tac"":null,""rsrp"":-83,""rsrq"":-17,""rssi"":-57,""snr"":null,""ta"":0,""level"":4,""bands"":""5""},{""type"":""LTE"",""pci"":181,""earfcn"":2600,""tac"":null,""rsrp"":-84,""rsrq"":-20,""rssi"":-55,""snr"":null,""ta"":0,""level"":4,""bands"":""5""},{""type"":""LTE"",""pci"":60,""earfcn"":2600,""tac"":null,""rsrp"":-86,""rsrq"":-16,""rssi"":-61,""snr"":null,""ta"":0,""level"":3,""bands"":""5""},{""type"":""LTE"",""pci"":357,""earfcn"":2600,""tac"":null,""rsrp"":-87,""rsrq"":-17,""rssi"":-59,""snr"":null,""ta"":0,""level"":3,""bands"":""5""},{""type"":""LTE"",""pci"":260,""earfcn"":3050,""tac"":null,""rsrp"":-92,""rsrq"":-9,""rssi"":-73,""snr"":null,""ta"":0,""level"":3,""bands"":""7""},{""type"":""LTE"",""pci"":155,""earfcn"":100,""tac"":null,""rsrp"":-94,""rsrq"":-16,""rssi"":-69,""snr"":null,""ta"":0,""level"":3,""bands"":""1""},{""type"":""LTE"",""pci"":60,""earfcn"":100,""tac"":null,""rsrp"":-95,""rsrq"":-20,""rssi"":-65,""snr"":null,""ta"":0,""level"":3,""bands"":""1""},{""type"":""LTE"",""pci"":133,""earfcn"":100,""tac"":null,""rsrp"":-97,""rsrq"":-20,""rssi"":-69,""snr"":null,""ta"":0,""level"":2,""bands"":""1""},{""type"":""LTE"",""pci"":60,""earfcn"":3050,""tac"":null,""rsrp"":-99,""rsrq"":-15,""rssi"":-73,""snr"":null,""ta"":0,""level"":2,""bands"":""7""},{""type"":""LTE"",""pci"":181,""earfcn"":3050,""tac"":null,""rsrp"":-100,""rsrq"":-19,""rssi"":-69,""snr"":null,""ta"":0,""level"":2,""bands"":""7""},{""type"":""LTE"",""pci"":357,""earfcn"":3050,""tac"":null,""rsrp"":-103,""rsrq"":-19,""rssi"":-73,""snr"":null,""ta"":0,""level"":2,""bands"":""7""}]",1007.8835,49,0.524,0.524,7,9,,,,"[{""b"":""b4:94:4e:04:fb:76"",""s"":""Public WiFi Secure"",""r"":-34,""f"":2417},{""b"":""ba:94:4e:04:fb:76"",""s"":""Public WiFi Free"",""r"":-34,""f"":2417},{""b"":""b4:94:4e:04:fb:77"",""s"":""Public WiFi Secure"",""r"":-35,""f"":5745},{""b"":""ba:94:4e:04:fb:77"",""s"":""Public WiFi Free"",""r"":-35,""f"":5745},{""b"":""30:eb:1f:21:d7:58"",""s"":"""",""r"":-45,""f"":2447},{""b"":""42:d5:21:96:43:8b"",""s"":""HYUNDAI_A83069125D0403"",""r"":-76,""f"":5745},{""b"":""bc:9d:42:21:bf:e8"",""s"":""MyDean_271310"",""r"":-83,""f"":2437}]",""
1790660462145,2026-09-29 14:41:02,car,37.6155501,127.1421175,4.39,16.93,66.0,50.60406998953456,fused,0,LTE,NR_NSA,5G,true,false,true,false,false,51202828,260,100,1,8372,450,06,-90,-11,-57,8,3,0,,,,6036,65531,0.0483,0.5242,6016,65511,0.0481,0.5241,false,10,0,10,-86,260,2600,16.93,false,false,periodic,50,0,-3,1,4997,,,,"[{""type"":""LTE"",""pci"":260,""earfcn"":2600,""tac"":null,""rsrp"":-86,""rsrq"":-13,""rssi"":-63,""snr"":null,""ta"":0,""level"":3,""bands"":""5""},{""type"":""LTE"",""pci"":181,""earfcn"":2600,""tac"":null,""rsrp"":-89,""rsrq"":-18,""rssi"":-61,""snr"":null,""ta"":0,""level"":3,""bands"":""5""},{""type"":""LTE"",""pci"":60,""earfcn"":2600,""tac"":null,""rsrp"":-89,""rsrq"":-17,""rssi"":-61,""snr"":null,""ta"":0,""level"":3,""bands"":""5""},{""type"":""LTE"",""pci"":357,""earfcn"":2600,""tac"":null,""rsrp"":-90,""rsrq"":-18,""rssi"":-63,""snr"":null,""ta"":0,""level"":3,""bands"":""5""},{""type"":""LTE"",""pci"":155,""earfcn"":2600,""tac"":null,""rsrp"":-94,""rsrq"":-20,""rssi"":-63,""snr"":null,""ta"":0,""level"":3,""bands"":""5""},{""type"":""LTE"",""pci"":357,""earfcn"":3050,""tac"":null,""rsrp"":-95,""rsrq"":-15,""rssi"":-69,""snr"":null,""ta"":0,""level"":3,""bands"":""7""},{""type"":""LTE"",""pci"":260,""earfcn"":3050,""tac"":null,""rsrp"":-97,""rsrq"":-16,""rssi"":-69,""snr"":null,""ta"":0,""level"":2,""bands"":""7""},{""type"":""LTE"",""pci"":60,""earfcn"":3050,""tac"":null,""rsrp"":-98,""rsrq"":-18,""rssi"":-69,""snr"":null,""ta"":0,""level"":2,""bands"":""7""},{""type"":""LTE"",""pci"":181,""earfcn"":3050,""tac"":null,""rsrp"":-100,""rsrq"":-19,""rssi"":-69,""snr"":null,""ta"":0,""level"":2,""bands"":""7""},{""type"":""LTE"",""pci"":60,""earfcn"":100,""tac"":null,""rsrp"":-102,""rsrq"":-15,""rssi"":-73,""snr"":null,""ta"":0,""level"":2,""bands"":""1""}]",1008.0074,46,0.459,0.459,7,14,,,,"[{""b"":""b4:94:4e:04:fb:76"",""s"":""Public WiFi Secure"",""r"":-34,""f"":2417},{""b"":""ba:94:4e:04:fb:76"",""s"":""Public WiFi Free"",""r"":-34,""f"":2417},{""b"":""b4:94:4e:04:fb:77"",""s"":""Public WiFi Secure"",""r"":-35,""f"":5745},{""b"":""ba:94:4e:04:fb:77"",""s"":""Public WiFi Free"",""r"":-35,""f"":5745},{""b"":""30:eb:1f:21:d7:58"",""s"":"""",""r"":-45,""f"":2447},{""b"":""42:d5:21:96:43:8b"",""s"":""HYUNDAI_A83069125D0403"",""r"":-76,""f"":5745},{""b"":""bc:9d:42:21:bf:e8"",""s"":""MyDean_271310"",""r"":-83,""f"":2437}]",""
1790660467154,2026-09-29 14:41:07,car,37.6158411,127.1429615,3.793,15.97,67.0,49.818559536241786,fused,0,LTE,NR_NSA,5G,true,false,true,false,false,51202828,260,100,1,8372,450,06,-96,-13,-61,7,2,0,,,,4562,67361,0.0365,0.5389,4542,67341,0.0363,0.5387,false,10,0,10,-87,160,2600,15.97,false,false,periodic,55,0,-6,-1,5004,,,,"[{""type"":""LTE"",""pci"":160,""earfcn"":2600,""tac"":null,""rsrp"":-87,""rsrq"":-14,""rssi"":-63,""snr"":null,""ta"":0,""level"":3,""bands"":""5""},{""type"":""LTE"",""pci"":260,""earfcn"":2600,""tac"":null,""rsrp"":-91,""rsrq"":-16,""rssi"":-63,""snr"":null,""ta"":0,""level"":3,""bands"":""5""},{""type"":""LTE"",""pci"":155,""earfcn"":2600,""tac"":null,""rsrp"":-95,""rsrq"":-20,""rssi"":-63,""snr"":null,""ta"":0,""level"":3,""bands"":""5""},{""type"":""LTE"",""pci"":133,""earfcn"":100,""tac"":null,""rsrp"":-96,""rsrq"":-15,""rssi"":-67,""snr"":null,""ta"":0,""level"":2,""bands"":""1""},{""type"":""LTE"",""pci"":133,""earfcn"":2600,""tac"":null,""rsrp"":-96,""rsrq"":-15,""rssi"":-69,""snr"":null,""ta"":0,""level"":2,""bands"":""5""},{""type"":""LTE"",""pci"":260,""earfcn"":3050,""tac"":null,""rsrp"":-99,""rsrq"":-14,""rssi"":-73,""snr"":null,""ta"":0,""level"":2,""bands"":""7""},{""type"":""LTE"",""pci"":60,""earfcn"":2600,""tac"":null,""rsrp"":-99,""rsrq"":-20,""rssi"":-69,""snr"":null,""ta"":0,""level"":2,""bands"":""5""},{""type"":""LTE"",""pci"":160,""earfcn"":100,""tac"":null,""rsrp"":-100,""rsrq"":-17,""rssi"":-69,""snr"":null,""ta"":0,""level"":2,""bands"":""1""},{""type"":""LTE"",""pci"":357,""earfcn"":3050,""tac"":null,""rsrp"":-100,""rsrq"":-16,""rssi"":-73,""snr"":null,""ta"":0,""level"":2,""bands"":""7""},{""type"":""LTE"",""pci"":60,""earfcn"":3050,""tac"":null,""rsrp"":-112,""rsrq"":-19,""rssi"":-83,""snr"":null,""ta"":0,""level"":1,""bands"":""7""}]",1008.0435,50,0.524,0.459,7,19,,,,"[{""b"":""b4:94:4e:04:fb:76"",""s"":""Public WiFi Secure"",""r"":-34,""f"":2417},{""b"":""ba:94:4e:04:fb:76"",""s"":""Public WiFi Free"",""r"":-34,""f"":2417},{""b"":""b4:94:4e:04:fb:77"",""s"":""Public WiFi Secure"",""r"":-35,""f"":5745},{""b"":""ba:94:4e:04:fb:77"",""s"":""Public WiFi Free"",""r"":-35,""f"":5745},{""b"":""30:eb:1f:21:d7:58"",""s"":"""",""r"":-45,""f"":2447},{""b"":""42:d5:21:96:43:8b"",""s"":""HYUNDAI_A83069125D0403"",""r"":-76,""f"":5745},{""b"":""bc:9d:42:21:bf:e8"",""s"":""MyDean_271310"",""r"":-83,""f"":2437}]",""
1790660468210,2026-09-29 14:41:08,car,37.6158949,127.1431186,3.79,16.31,68.0,49.708267080645875,fused,0,LTE,NR_NSA,5G,true,false,true,false,false,51184673,160,100,1,8372,450,06,-86,-13,-53,2,3,1,,,,2015,67094,0.0161,0.5368,2151,67331,0.0172,0.5386,false,14,0,14,-75,260,2600,16.31,true,false,handover,0,1,,,4,51202828,-96,-13,"[{""type"":""LTE"",""pci"":260,""earfcn"":2600,""tac"":null,""rsrp"":-75,""rsrq"":-13,""rssi"":-53,""snr"":null,""ta"":1,""level"":4,""bands"":""5""},{""type"":""LTE"",""pci"":160,""earfcn"":2600,""tac"":null,""rsrp"":-75,""rsrq"":-12,""rssi"":-53,""snr"":null,""ta"":1,""level"":4,""bands"":""5""},{""type"":""LTE"",""pci"":448,""earfcn"":2600,""tac"":null,""rsrp"":-75,""rsrq"":-13,""rssi"":-53,""snr"":null,""ta"":1,""level"":4,""bands"":""5""},{""type"":""LTE"",""pci"":133,""earfcn"":2600,""tac"":null,""rsrp"":-82,""rsrq"":-16,""rssi"":-53,""snr"":null,""ta"":1,""level"":4,""bands"":""5""},{""type"":""LTE"",""pci"":357,""earfcn"":2600,""tac"":null,""rsrp"":-84,""rsrq"":-20,""rssi"":-53,""snr"":null,""ta"":1,""level"":4,""bands"":""5""},{""type"":""LTE"",""pci"":448,""earfcn"":3050,""tac"":null,""rsrp"":-85,""rsrq"":-10,""rssi"":-69,""snr"":null,""ta"":1,""level"":4,""bands"":""7""},{""type"":""LTE"",""pci"":260,""earfcn"":100,""tac"":null,""rsrp"":-88,""rsrq"":-12,""rssi"":-63,""snr"":null,""ta"":1,""level"":3,""bands"":""1""},{""type"":""LTE"",""pci"":60,""earfcn"":2600,""tac"":null,""rsrp"":-88,""rsrq"":-18,""rssi"":-59,""snr"":null,""ta"":1,""level"":3,""bands"":""5""},{""type"":""LTE"",""pci"":133,""earfcn"":100,""tac"":null,""rsrp"":-90,""rsrq"":-17,""rssi"":-63,""snr"":null,""ta"":1,""level"":3,""bands"":""1""},{""type"":""LTE"",""pci"":155,""earfcn"":2600,""tac"":null,""rsrp"":-90,""rsrq"":-20,""rssi"":-59,""snr"":null,""ta"":1,""level"":3,""bands"":""5""},{""type"":""LTE"",""pci"":260,""earfcn"":3050,""tac"":null,""rsrp"":-92,""rsrq"":-15,""rssi"":-69,""snr"":null,""ta"":1,""level"":3,""bands"":""7""},{""type"":""LTE"",""pci"":357,""earfcn"":100,""tac"":null,""rsrp"":-93,""rsrq"":-19,""rssi"":-65,""snr"":null,""ta"":1,""level"":3,""bands"":""1""},{""type"":""LTE"",""pci"":160,""earfcn"":3050,""tac"":null,""rsrp"":-93,""rsrq"":-15,""rssi"":-69,""snr"":null,""ta"":1,""level"":3,""bands"":""7""},{""type"":""LTE"",""pci"":357,""earfcn"":3050,""tac"":null,""rsrp"":-98,""rsrq"":-20,""rssi"":-69,""snr"":null,""ta"":1,""level"":2,""bands"":""7""}]",1007.9634,48,0.459,0.524,7,20,,,,"[{""b"":""b4:94:4e:04:fb:76"",""s"":""Public WiFi Secure"",""r"":-34,""f"":2417},{""b"":""ba:94:4e:04:fb:76"",""s"":""Public WiFi Free"",""r"":-34,""f"":2417},{""b"":""b4:94:4e:04:fb:77"",""s"":""Public WiFi Secure"",""r"":-35,""f"":5745},{""b"":""ba:94:4e:04:fb:77"",""s"":""Public WiFi Free"",""r"":-35,""f"":5745},{""b"":""30:eb:1f:21:d7:58"",""s"":"""",""r"":-45,""f"":2447},{""b"":""42:d5:21:96:43:8b"",""s"":""HYUNDAI_A83069125D0403"",""r"":-76,""f"":5745},{""b"":""bc:9d:42:21:bf:e8"",""s"":""MyDean_271310"",""r"":-83,""f"":2437}]","[{""type"":""LTE"",""pci"":160,""earfcn"":2600,""tac"":null,""rsrp"":-87,""rsrq"":-14,""rssi"":-63,""snr"":null,""ta"":0,""level"":3,""bands"":""5""},{""type"":""LTE"",""pci"":260,""earfcn"":2600,""tac"":null,""rsrp"":-91,""rsrq"":-16,""rssi"":-63,""snr"":null,""ta"":0,""level"":3,""bands"":""5""},{""type"":""LTE"",""pci"":155,""earfcn"":2600,""tac"":null,""rsrp"":-95,""rsrq"":-20,""rssi"":-63,""snr"":null,""ta"":0,""level"":3,""bands"":""5""},{""type"":""LTE"",""pci"":133,""earfcn"":100,""tac"":null,""rsrp"":-96,""rsrq"":-15,""rssi"":-67,""snr"":null,""ta"":0,""level"":2,""bands"":""1""},{""type"":""LTE"",""pci"":133,""earfcn"":2600,""tac"":null,""rsrp"":-96,""rsrq"":-15,""rssi"":-69,""snr"":null,""ta"":0,""level"":2,""bands"":""5""},{""type"":""LTE"",""pci"":260,""earfcn"":3050,""tac"":null,""rsrp"":-99,""rsrq"":-14,""rssi"":-73,""snr"":null,""ta"":0,""level"":2,""bands"":""7""},{""type"":""LTE"",""pci"":60,""earfcn"":2600,""tac"":null,""rsrp"":-99,""rsrq"":-20,""rssi"":-69,""snr"":null,""ta"":0,""level"":2,""bands"":""5""},{""type"":""LTE"",""pci"":160,""earfcn"":100,""tac"":null,""rsrp"":-100,""rsrq"":-17,""rssi"":-69,""snr"":null,""ta"":0,""level"":2,""bands"":""1""},{""type"":""LTE"",""pci"":357,""earfcn"":3050,""tac"":null,""rsrp"":-100,""rsrq"":-16,""rssi"":-73,""snr"":null,""ta"":0,""level"":2,""bands"":""7""},{""type"":""LTE"",""pci"":60,""earfcn"":3050,""tac"":null,""rsrp"":-112,""rsrq"":-19,""rssi"":-83,""snr"":null,""ta"":0,""level"":1,""bands"":""7""}]"
1790660472170,2026-09-29 14:41:12,car,37.6160985,127.1437926,3.79,16.06,67.0,49.578464363060284,fused,0,LTE,NR_NSA,5G,true,false,true,false,false,51184673,160,100,1,8372,450,06,-86,-13,-53,2,3,1,,,,2591,64840,0.0207,0.5187,2530,64752,0.0202,0.5180,false,14,0,14,-75,260,2600,16.06,false,false,periodic,3,1,0,0,3964,,,,"[{""type"":""LTE"",""pci"":260,""earfcn"":2600,""tac"":null,""rsrp"":-75,""rsrq"":-13,""rssi"":-53,""snr"":null,""ta"":1,""level"":4,""bands"":""5""},{""type"":""LTE"",""pci"":160,""earfcn"":2600,""tac"":null,""rsrp"":-75,""rsrq"":-12,""rssi"":-53,""snr"":null,""ta"":1,""level"":4,""bands"":""5""},{""type"":""LTE"",""pci"":448,""earfcn"":2600,""tac"":null,""rsrp"":-75,""rsrq"":-13,""rssi"":-53,""snr"":null,""ta"":1,""level"":4,""bands"":""5""},{""type"":""LTE"",""pci"":133,""earfcn"":2600,""tac"":null,""rsrp"":-82,""rsrq"":-16,""rssi"":-53,""snr"":null,""ta"":1,""level"":4,""bands"":""5""},{""type"":""LTE"",""pci"":357,""earfcn"":2600,""tac"":null,""rsrp"":-84,""rsrq"":-20,""rssi"":-53,""snr"":null,""ta"":1,""level"":4,""bands"":""5""},{""type"":""LTE"",""pci"":448,""earfcn"":3050,""tac"":null,""rsrp"":-85,""rsrq"":-10,""rssi"":-69,""snr"":null,""ta"":1,""level"":4,""bands"":""7""},{""type"":""LTE"",""pci"":260,""earfcn"":100,""tac"":null,""rsrp"":-88,""rsrq"":-12,""rssi"":-63,""snr"":null,""ta"":1,""level"":3,""bands"":""1""},{""type"":""LTE"",""pci"":60,""earfcn"":2600,""tac"":null,""rsrp"":-88,""rsrq"":-18,""rssi"":-59,""snr"":null,""ta"":1,""level"":3,""bands"":""5""},{""type"":""LTE"",""pci"":133,""earfcn"":100,""tac"":null,""rsrp"":-90,""rsrq"":-17,""rssi"":-63,""snr"":null,""ta"":1,""level"":3,""bands"":""1""},{""type"":""LTE"",""pci"":155,""earfcn"":2600,""tac"":null,""rsrp"":-90,""rsrq"":-20,""rssi"":-59,""snr"":null,""ta"":1,""level"":3,""bands"":""5""},{""type"":""LTE"",""pci"":260,""earfcn"":3050,""tac"":null,""rsrp"":-92,""rsrq"":-15,""rssi"":-69,""snr"":null,""ta"":1,""level"":3,""bands"":""7""},{""type"":""LTE"",""pci"":357,""earfcn"":100,""tac"":null,""rsrp"":-93,""rsrq"":-19,""rssi"":-65,""snr"":null,""ta"":1,""level"":3,""bands"":""1""},{""type"":""LTE"",""pci"":160,""earfcn"":3050,""tac"":null,""rsrp"":-93,""rsrq"":-15,""rssi"":-69,""snr"":null,""ta"":1,""level"":3,""bands"":""7""},{""type"":""LTE"",""pci"":357,""earfcn"":3050,""tac"":null,""rsrp"":-98,""rsrq"":-20,""rssi"":-69,""snr"":null,""ta"":1,""level"":2,""bands"":""7""}]",1007.78766,48,0.459,0.524,7,24,,,,"[{""b"":""b4:94:4e:04:fb:76"",""s"":""Public WiFi Secure"",""r"":-34,""f"":2417},{""b"":""ba:94:4e:04:fb:76"",""s"":""Public WiFi Free"",""r"":-34,""f"":2417},{""b"":""b4:94:4e:04:fb:77"",""s"":""Public WiFi Secure"",""r"":-35,""f"":5745},{""b"":""ba:94:4e:04:fb:77"",""s"":""Public WiFi Free"",""r"":-35,""f"":5745},{""b"":""30:eb:1f:21:d7:58"",""s"":"""",""r"":-45,""f"":2447},{""b"":""42:d5:21:96:43:8b"",""s"":""HYUNDAI_A83069125D0403"",""r"":-76,""f"":5745},{""b"":""bc:9d:42:21:bf:e8"",""s"":""MyDean_271310"",""r"":-83,""f"":2437}]",""
1790660477180,2026-09-29 14:41:17,car,37.6163717,127.1446004,3.79,15.45,67.0,51.38435245475006,fused,0,LTE,NR_NSA,5G,true,false,true,false,false,51184673,160,100,1,8372,450,06,-73,-7,-51,5,4,0,,,,7649,64200,0.0612,0.5136,7609,64160,0.0609,0.5133,false,10,0,10,-72,160,2600,15.45,false,false,periodic,8,1,13,3,2991,,,,"[{""type"":""LTE"",""pci"":160,""earfcn"":2600,""tac"":null,""rsrp"":-72,""rsrq"":-8,""rssi"":-53,""snr"":null,""ta"":0,""level"":4,""bands"":""5""},{""type"":""LTE"",""pci"":357,""earfcn"":2600,""tac"":null,""rsrp"":-75,""rsrq"":-18,""rssi"":-51,""snr"":null,""ta"":0,""level"":4,""bands"":""5""},{""type"":""LTE"",""pci"":160,""earfcn"":3050,""tac"":null,""rsrp"":-75,""rsrq"":-8,""rssi"":-57,""snr"":null,""ta"":0,""level"":4,""bands"":""7""},{""type"":""LTE"",""pci"":260,""earfcn"":2600,""tac"":null,""rsrp"":-76,""rsrq"":-17,""rssi"":-51,""snr"":null,""ta"":0,""level"":4,""bands"":""5""},{""type"":""LTE"",""pci"":61,""earfcn"":2600,""tac"":null,""rsrp"":-78,""rsrq"":-14,""rssi"":-53,""snr"":null,""ta"":0,""level"":4,""bands"":""5""},{""type"":""LTE"",""pci"":144,""earfcn"":100,""tac"":null,""rsrp"":-83,""rsrq"":-20,""rssi"":-53,""snr"":null,""ta"":0,""level"":4,""bands"":""1""},{""type"":""LTE"",""pci"":260,""earfcn"":100,""tac"":null,""rsrp"":-85,""rsrq"":-20,""rssi"":-53,""snr"":null,""ta"":0,""level"":4,""bands"":""1""},{""type"":""LTE"",""pci"":61,""earfcn"":100,""tac"":null,""rsrp"":-85,""rsrq"":-15,""rssi"":-57,""snr"":null,""ta"":0,""level"":4,""bands"":""1""},{""type"":""LTE"",""pci"":357,""earfcn"":3050,""tac"":null,""rsrp"":-87,""rsrq"":-20,""rssi"":-57,""snr"":null,""ta"":0,""level"":3,""bands"":""7""},{""type"":""LTE"",""pci"":260,""earfcn"":3050,""tac"":null,""rsrp"":-89,""rsrq"":-20,""rssi"":-57,""snr"":null,""ta"":0,""level"":3,""bands"":""7""}]",1007.6493,49,0.459,0.459,13,2,,,,"[{""b"":""b4:94:4e:04:fb:76"",""s"":""Public WiFi Secure"",""r"":-31,""f"":2417},{""b"":""ba:94:4e:04:fb:76"",""s"":""Public WiFi Free"",""r"":-31,""f"":2417},{""b"":""b4:94:4e:04:fb:77"",""s"":""Public WiFi Secure"",""r"":-35,""f"":5745},{""b"":""ba:94:4e:04:fb:77"",""s"":""Public WiFi Free"",""r"":-35,""f"":5745},{""b"":""30:eb:1f:21:d7:58"",""s"":"""",""r"":-48,""f"":2447},{""b"":""42:d5:21:96:43:8b"",""s"":""HYUNDAI_A83069125D0403"",""r"":-76,""f"":5745},{""b"":""da:e3:5e:5b:9a:36"",""s"":""[LG_Wall-Mount A\/C]9a36"",""r"":-77,""f"":2462},{""b"":""7c:10:c9:6a:f8:11"",""s"":""ssongssong"",""r"":-81,""f"":2457},{""b"":""da:e3:5e:5b:98:58"",""s"":""[LG_Wall-Mount A\/C]9858"",""r"":-81,""f"":2462},{""b"":""bc:9d:42:21:bf:e8"",""s"":""MyDean_271310"",""r"":-83,""f"":2437},{""b"":""50:fd:d5:9a:fa:e1"",""s"":""[floor a\/c]_E30AJT0003818K"",""r"":-83,""f"":2412},{""b"":""58:86:94:63:a9:bc"",""s"":""6_503_5G"",""r"":-89,""f"":5745},{""b"":""38:14:a1:3a:a5:35"",""s"":""Hyundai_JG9p"",""r"":-90,""f"":5180}]",""
1790660481776,2026-09-29 14:41:21,car,37.6165787,127.1452535,3.79,15.21,69.0,52.57306782519407,fused,0,LTE,NR_NSA,5G,true,false,true,false,false,52655649,26,100,1,8372,450,06,-80,-13,-51,8,4,5,,,,5872,67026,0.0470,0.5362,5850,67004,0.0468,0.5360,false,3,0,3,-86,61,100,15.21,true,false,handover,0,2,,,8,51184673,-73,-7,"[{""type"":""LTE"",""pci"":61,""earfcn"":100,""tac"":null,""rsrp"":-86,""rsrq"":-17,""rssi"":-61,""snr"":null,""ta"":5,""level"":3,""bands"":""1""},{""type"":""LTE"",""pci"":91,""earfcn"":100,""tac"":null,""rsrp"":-89,""rsrq"":-20,""rssi"":-59,""snr"":null,""ta"":5,""level"":3,""bands"":""1""},{""type"":""LTE"",""pci"":160,""earfcn"":100,""tac"":null,""rsrp"":-91,""rsrq"":-18,""rssi"":-51,""snr"":null,""ta"":5,""level"":3,""bands"":""1""}]",1007.51117,52,0.524,0.459,10,4,,,,"[{""b"":""ba:94:4e:04:fb:76"",""s"":""Public WiFi Free"",""r"":-30,""f"":2417},{""b"":""b4:94:4e:04:fb:76"",""s"":""Public WiFi Secure"",""r"":-32,""f"":2417},{""b"":""b4:94:4e:04:fb:77"",""s"":""Public WiFi Secure"",""r"":-39,""f"":5745},{""b"":""ba:94:4e:04:fb:77"",""s"":""Public WiFi Free"",""r"":-39,""f"":5745},{""b"":""1c:56:8e:61:a7:8e"",""s"":""U+NetA78C"",""r"":-70,""f"":2437},{""b"":""da:e3:5e:5b:98:58"",""s"":""[LG_Wall-Mount A\/C]9858"",""r"":-81,""f"":2462},{""b"":""24:e4:ce:d1:ac:c2"",""s"":""U+NetA860"",""r"":-82,""f"":2447},{""b"":""28:6d:97:89:a2:51"",""s"":""[floor a\/c] Samsung"",""r"":-83,""f"":2412},{""b"":""f8:96:fe:26:b0:b9"",""s"":""Hyundai_WRFA"",""r"":-89,""f"":5785},{""b"":""00:23:aa:d4:c9:17"",""s"":""SK_WiFiGIGAC914"",""r"":-92,""f"":5180}]","[{""type"":""LTE"",""pci"":160,""earfcn"":2600,""tac"":null,""rsrp"":-72,""rsrq"":-8,""rssi"":-53,""snr"":null,""ta"":0,""level"":4,""bands"":""5""},{""type"":""LTE"",""pci"":357,""earfcn"":2600,""tac"":null,""rsrp"":-75,""rsrq"":-18,""rssi"":-51,""snr"":null,""ta"":0,""level"":4,""bands"":""5""},{""type"":""LTE"",""pci"":160,""earfcn"":3050,""tac"":null,""rsrp"":-75,""rsrq"":-8,""rssi"":-57,""snr"":null,""ta"":0,""level"":4,""bands"":""7""},{""type"":""LTE"",""pci"":260,""earfcn"":2600,""tac"":null,""rsrp"":-76,""rsrq"":-17,""rssi"":-51,""snr"":null,""ta"":0,""level"":4,""bands"":""5""},{""type"":""LTE"",""pci"":61,""earfcn"":2600,""tac"":null,""rsrp"":-78,""rsrq"":-14,""rssi"":-53,""snr"":null,""ta"":0,""level"":4,""bands"":""5""},{""type"":""LTE"",""pci"":144,""earfcn"":100,""tac"":null,""rsrp"":-83,""rsrq"":-20,""rssi"":-53,""snr"":null,""ta"":0,""level"":4,""bands"":""1""},{""type"":""LTE"",""pci"":260,""earfcn"":100,""tac"":null,""rsrp"":-85,""rsrq"":-20,""rssi"":-53,""snr"":null,""ta"":0,""level"":4,""bands"":""1""},{""type"":""LTE"",""pci"":61,""earfcn"":100,""tac"":null,""rsrp"":-85,""rsrq"":-15,""rssi"":-57,""snr"":null,""ta"":0,""level"":4,""bands"":""1""},{""type"":""LTE"",""pci"":357,""earfcn"":3050,""tac"":null,""rsrp"":-87,""rsrq"":-20,""rssi"":-57,""snr"":null,""ta"":0,""level"":3,""bands"":""7""},{""type"":""LTE"",""pci"":260,""earfcn"":3050,""tac"":null,""rsrp"":-89,""rsrq"":-20,""rssi"":-57,""snr"":null,""ta"":0,""level"":3,""bands"":""7""}]"
1790660482201,2026-09-29 14:41:22,car,37.616631,127.1454132,3.79,15.03,67.0,52.6719089628194,fused,0,LTE,NR_NSA,5G,true,false,true,false,false,52655649,26,100,1,8372,450,06,-80,-13,-51,8,4,5,,,,0,0,0.0000,0.0000,0,0,0.0000,0.0000,false,3,0,3,-86,61,100,15.03,false,false,periodic,0,2,0,0,433,,,,"[{""type"":""LTE"",""pci"":61,""earfcn"":100,""tac"":null,""rsrp"":-86,""rsrq"":-17,""rssi"":-61,""snr"":null,""ta"":5,""level"":3,""bands"":""1""},{""type"":""LTE"",""pci"":91,""earfcn"":100,""tac"":null,""rsrp"":-89,""rsrq"":-20,""rssi"":-59,""snr"":null,""ta"":5,""level"":3,""bands"":""1""},{""type"":""LTE"",""pci"":160,""earfcn"":100,""tac"":null,""rsrp"":-91,""rsrq"":-18,""rssi"":-51,""snr"":null,""ta"":5,""level"":3,""bands"":""1""}]",1007.4823,52,0.524,0.459,10,4,,,,"[{""b"":""ba:94:4e:04:fb:76"",""s"":""Public WiFi Free"",""r"":-30,""f"":2417},{""b"":""b4:94:4e:04:fb:76"",""s"":""Public WiFi Secure"",""r"":-32,""f"":2417},{""b"":""b4:94:4e:04:fb:77"",""s"":""Public WiFi Secure"",""r"":-39,""f"":5745},{""b"":""ba:94:4e:04:fb:77"",""s"":""Public WiFi Free"",""r"":-39,""f"":5745},{""b"":""1c:56:8e:61:a7:8e"",""s"":""U+NetA78C"",""r"":-70,""f"":2437},{""b"":""da:e3:5e:5b:98:58"",""s"":""[LG_Wall-Mount A\/C]9858"",""r"":-81,""f"":2462},{""b"":""24:e4:ce:d1:ac:c2"",""s"":""U+NetA860"",""r"":-82,""f"":2447},{""b"":""28:6d:97:89:a2:51"",""s"":""[floor a\/c] Samsung"",""r"":-83,""f"":2412},{""b"":""f8:96:fe:26:b0:b9"",""s"":""Hyundai_WRFA"",""r"":-89,""f"":5785},{""b"":""00:23:aa:d4:c9:17"",""s"":""SK_WiFiGIGAC914"",""r"":-92,""f"":5180}]",""
1790660487215,2026-09-29 14:41:27,car,37.6168932,127.146191,3.79,14.71,66.0,53.792496531971445,fused,0,LTE,NR_NSA,5G,true,false,true,false,false,52655649,26,100,1,8372,450,06,-82,-12,-51,8,4,5,,,,2378,70716,0.0190,0.5657,2358,70696,0.0189,0.5656,false,11,0,11,-76,26,2600,14.71,false,false,periodic,5,2,-2,0,5002,,,,"[{""type"":""LTE"",""pci"":26,""earfcn"":2600,""tac"":null,""rsrp"":-76,""rsrq"":-11,""rssi"":-57,""snr"":null,""ta"":5,""level"":4,""bands"":""5""},{""type"":""LTE"",""pci"":61,""earfcn"":2600,""tac"":null,""rsrp"":-81,""rsrq"":-14,""rssi"":-57,""snr"":null,""ta"":5,""level"":4,""bands"":""5""},{""type"":""LTE"",""pci"":91,""earfcn"":2600,""tac"":null,""rsrp"":-83,""rsrq"":-15,""rssi"":-57,""snr"":null,""ta"":5,""level"":4,""bands"":""5""},{""type"":""LTE"",""pci"":160,""earfcn"":2600,""tac"":null,""rsrp"":-85,""rsrq"":-10,""rssi"":-57,""snr"":null,""ta"":5,""level"":4,""bands"":""5""},{""type"":""LTE"",""pci"":61,""earfcn"":100,""tac"":null,""rsrp"":-90,""rsrq"":-20,""rssi"":-61,""snr"":null,""ta"":5,""level"":3,""bands"":""1""},{""type"":""LTE"",""pci"":420,""earfcn"":3050,""tac"":null,""rsrp"":-90,""rsrq"":-14,""rssi"":-67,""snr"":null,""ta"":5,""level"":3,""bands"":""7""},{""type"":""LTE"",""pci"":160,""earfcn"":100,""tac"":null,""rsrp"":-91,""rsrq"":-17,""rssi"":-59,""snr"":null,""ta"":5,""level"":3,""bands"":""1""},{""type"":""LTE"",""pci"":420,""earfcn"":100,""tac"":null,""rsrp"":-91,""rsrq"":-20,""rssi"":-61,""snr"":null,""ta"":5,""level"":3,""bands"":""1""},{""type"":""LTE"",""pci"":160,""earfcn"":3050,""tac"":null,""rsrp"":-91,""rsrq"":-15,""rssi"":-67,""snr"":null,""ta"":5,""level"":3,""bands"":""7""},{""type"":""LTE"",""pci"":448,""earfcn"":3050,""tac"":null,""rsrp"":-93,""rsrq"":-14,""rssi"":-67,""snr"":null,""ta"":5,""level"":3,""bands"":""7""},{""type"":""LTE"",""pci"":254,""earfcn"":3050,""tac"":null,""rsrp"":-94,""rsrq"":-13,""rssi"":-67,""snr"":null,""ta"":5,""level"":3,""bands"":""7""}]",1007.4878,50,0.524,0.459,10,9,,,,"[{""b"":""ba:94:4e:04:fb:76"",""s"":""Public WiFi Free"",""r"":-30,""f"":2417},{""b"":""b4:94:4e:04:fb:76"",""s"":""Public WiFi Secure"",""r"":-32,""f"":2417},{""b"":""b4:94:4e:04:fb:77"",""s"":""Public WiFi Secure"",""r"":-39,""f"":5745},{""b"":""ba:94:4e:04:fb:77"",""s"":""Public WiFi Free"",""r"":-39,""f"":5745},{""b"":""1c:56:8e:61:a7:8e"",""s"":""U+NetA78C"",""r"":-70,""f"":2437},{""b"":""da:e3:5e:5b:98:58"",""s"":""[LG_Wall-Mount A\/C]9858"",""r"":-81,""f"":2462},{""b"":""24:e4:ce:d1:ac:c2"",""s"":""U+NetA860"",""r"":-82,""f"":2447},{""b"":""28:6d:97:89:a2:51"",""s"":""[floor a\/c] Samsung"",""r"":-83,""f"":2412},{""b"":""f8:96:fe:26:b0:b9"",""s"":""Hyundai_WRFA"",""r"":-89,""f"":5785},{""b"":""00:23:aa:d4:c9:17"",""s"":""SK_WiFiGIGAC914"",""r"":-92,""f"":5180}]",""
1790660492235,2026-09-29 14:41:32,car,37.6171341,127.1469181,3.79,13.1,66.0,53.913603860950104,fused,0,LTE,NR_NSA,5G,true,false,true,false,false,52655649,26,100,1,8372,450,06,-80,-10,-51,2,4,4,,,,2078,65233,0.0166,0.5219,2058,65213,0.0165,0.5217,false,7,0,7,-73,26,2600,13.1,false,false,periodic,10,2,2,-6,4998,,,,"[{""type"":""LTE"",""pci"":26,""earfcn"":2600,""tac"":null,""rsrp"":-73,""rsrq"":-13,""rssi"":-51,""snr"":null,""ta"":4,""level"":4,""bands"":""5""},{""type"":""LTE"",""pci"":91,""earfcn"":2600,""tac"":null,""rsrp"":-80,""rsrq"":-20,""rssi"":-51,""snr"":null,""ta"":4,""level"":4,""bands"":""5""},{""type"":""LTE"",""pci"":61,""earfcn"":2600,""tac"":null,""rsrp"":-82,""rsrq"":-17,""rssi"":-55,""snr"":null,""ta"":4,""level"":4,""bands"":""5""},{""type"":""LTE"",""pci"":193,""earfcn"":100,""tac"":null,""rsrp"":-86,""rsrq"":-19,""rssi"":-57,""snr"":null,""ta"":4,""level"":3,""bands"":""1""},{""type"":""LTE"",""pci"":91,""earfcn"":100,""tac"":null,""rsrp"":-87,""rsrq"":-19,""rssi"":-57,""snr"":null,""ta"":4,""level"":3,""bands"":""1""},{""type"":""LTE"",""pci"":160,""earfcn"":2600,""tac"":null,""rsrp"":-87,""rsrq"":-18,""rssi"":-55,""snr"":null,""ta"":4,""level"":3,""bands"":""5""},{""type"":""LTE"",""pci"":420,""earfcn"":100,""tac"":null,""rsrp"":-88,""rsrq"":-16,""rssi"":-57,""snr"":null,""ta"":4,""level"":3,""bands"":""1""}]",1007.6106,49,0.459,0.524,10,14,,,,"[{""b"":""ba:94:4e:04:fb:76"",""s"":""Public WiFi Free"",""r"":-30,""f"":2417},{""b"":""b4:94:4e:04:fb:76"",""s"":""Public WiFi Secure"",""r"":-32,""f"":2417},{""b"":""b4:94:4e:04:fb:77"",""s"":""Public WiFi Secure"",""r"":-39,""f"":5745},{""b"":""ba:94:4e:04:fb:77"",""s"":""Public WiFi Free"",""r"":-39,""f"":5745},{""b"":""1c:56:8e:61:a7:8e"",""s"":""U+NetA78C"",""r"":-70,""f"":2437},{""b"":""da:e3:5e:5b:98:58"",""s"":""[LG_Wall-Mount A\/C]9858"",""r"":-81,""f"":2462},{""b"":""24:e4:ce:d1:ac:c2"",""s"":""U+NetA860"",""r"":-82,""f"":2447},{""b"":""28:6d:97:89:a2:51"",""s"":""[floor a\/c] Samsung"",""r"":-83,""f"":2412},{""b"":""f8:96:fe:26:b0:b9"",""s"":""Hyundai_WRFA"",""r"":-89,""f"":5785},{""b"":""00:23:aa:d4:c9:17"",""s"":""SK_WiFiGIGAC914"",""r"":-92,""f"":5180}]",""
1790660495225,2026-09-29 14:41:35,car,37.6172727,127.1472762,3.79,10.6,67.0,53.43163563024926,fused,0,LTE,NR_NSA,5G,true,false,true,false,false,52636707,91,100,1,8372,450,06,-81,-12,-51,3,4,1,,,,17815,69249,0.1425,0.5540,17782,69216,0.1423,0.5537,false,8,0,8,-71,91,2600,10.6,true,false,handover,0,3,,,9,52655649,-80,-10,"[{""type"":""LTE"",""pci"":91,""earfcn"":2600,""tac"":null,""rsrp"":-71,""rsrq"":-10,""rssi"":-51,""snr"":null,""ta"":1,""level"":4,""bands"":""5""},{""type"":""LTE"",""pci"":26,""earfcn"":2600,""tac"":null,""rsrp"":-76,""rsrq"":-17,""rssi"":-51,""snr"":null,""ta"":1,""level"":4,""bands"":""5""},{""type"":""LTE"",""pci"":379,""earfcn"":2600,""tac"":null,""rsrp"":-78,""rsrq"":-16,""rssi"":-51,""snr"":null,""ta"":1,""level"":4,""bands"":""5""},{""type"":""LTE"",""pci"":170,""earfcn"":2600,""tac"":null,""rsrp"":-80,""rsrq"":-19,""rssi"":-51,""snr"":null,""ta"":1,""level"":4,""bands"":""5""},{""type"":""LTE"",""pci"":17,""earfcn"":3050,""tac"":null,""rsrp"":-83,""rsrq"":-10,""rssi"":-65,""snr"":null,""ta"":1,""level"":4,""bands"":""7""},{""type"":""LTE"",""pci"":420,""earfcn"":100,""tac"":null,""rsrp"":-85,""rsrq"":-16,""rssi"":-55,""snr"":null,""ta"":1,""level"":4,""bands"":""1""},{""type"":""LTE"",""pci"":133,""earfcn"":100,""tac"":null,""rsrp"":-88,""rsrq"":-20,""rssi"":-57,""snr"":null,""ta"":1,""level"":3,""bands"":""1""},{""type"":""LTE"",""pci"":26,""earfcn"":100,""tac"":null,""rsrp"":-93,""rsrq"":-18,""rssi"":-51,""snr"":null,""ta"":1,""level"":3,""bands"":""1""}]",1007.6856,71,0.459,0.524,10,17,,,,"[{""b"":""ba:94:4e:04:fb:76"",""s"":""Public WiFi Free"",""r"":-30,""f"":2417},{""b"":""b4:94:4e:04:fb:76"",""s"":""Public WiFi Secure"",""r"":-32,""f"":2417},{""b"":""b4:94:4e:04:fb:77"",""s"":""Public WiFi Secure"",""r"":-39,""f"":5745},{""b"":""ba:94:4e:04:fb:77"",""s"":""Public WiFi Free"",""r"":-39,""f"":5745},{""b"":""1c:56:8e:61:a7:8e"",""s"":""U+NetA78C"",""r"":-70,""f"":2437},{""b"":""da:e3:5e:5b:98:58"",""s"":""[LG_Wall-Mount A\/C]9858"",""r"":-81,""f"":2462},{""b"":""24:e4:ce:d1:ac:c2"",""s"":""U+NetA860"",""r"":-82,""f"":2447},{""b"":""28:6d:97:89:a2:51"",""s"":""[floor a\/c] Samsung"",""r"":-83,""f"":2412},{""b"":""f8:96:fe:26:b0:b9"",""s"":""Hyundai_WRFA"",""r"":-89,""f"":5785},{""b"":""00:23:aa:d4:c9:17"",""s"":""SK_WiFiGIGAC914"",""r"":-92,""f"":5180}]","[{""type"":""LTE"",""pci"":26,""earfcn"":2600,""tac"":null,""rsrp"":-73,""rsrq"":-13,""rssi"":-51,""snr"":null,""ta"":4,""level"":4,""bands"":""5""},{""type"":""LTE"",""pci"":91,""earfcn"":2600,""tac"":null,""rsrp"":-80,""rsrq"":-20,""rssi"":-51,""snr"":null,""ta"":4,""level"":4,""bands"":""5""},{""type"":""LTE"",""pci"":61,""earfcn"":2600,""tac"":null,""rsrp"":-82,""rsrq"":-17,""rssi"":-55,""snr"":null,""ta"":4,""level"":4,""bands"":""5""},{""type"":""LTE"",""pci"":193,""earfcn"":100,""tac"":null,""rsrp"":-86,""rsrq"":-19,""rssi"":-57,""snr"":null,""ta"":4,""level"":3,""bands"":""1""},{""type"":""LTE"",""pci"":91,""earfcn"":100,""tac"":null,""rsrp"":-87,""rsrq"":-19,""rssi"":-57,""snr"":null,""ta"":4,""level"":3,""bands"":""1""},{""type"":""LTE"",""pci"":160,""earfcn"":2600,""tac"":null,""rsrp"":-87,""rsrq"":-18,""rssi"":-55,""snr"":null,""ta"":4,""level"":3,""bands"":""5""},{""type"":""LTE"",""pci"":420,""earfcn"":100,""tac"":null,""rsrp"":-88,""rsrq"":-16,""rssi"":-57,""snr"":null,""ta"":4,""level"":3,""bands"":""1""}]"
1790660497242,2026-09-29 14:41:37,car,37.6173477,127.1474803,3.79,9.62,67.0,52.91281377946109,fused,0,LTE,NR_NSA,5G,true,false,true,false,false,52636707,91,100,1,8372,450,06,-81,-12,-51,3,4,1,,,,6530,61621,0.0522,0.4930,6481,61572,0.0518,0.4926,false,8,0,8,-71,91,2600,9.62,false,false,periodic,2,3,0,0,2029,,,,"[{""type"":""LTE"",""pci"":91,""earfcn"":2600,""tac"":null,""rsrp"":-71,""rsrq"":-10,""rssi"":-51,""snr"":null,""ta"":1,""level"":4,""bands"":""5""},{""type"":""LTE"",""pci"":26,""earfcn"":2600,""tac"":null,""rsrp"":-76,""rsrq"":-17,""rssi"":-51,""snr"":null,""ta"":1,""level"":4,""bands"":""5""},{""type"":""LTE"",""pci"":379,""earfcn"":2600,""tac"":null,""rsrp"":-78,""rsrq"":-16,""rssi"":-51,""snr"":null,""ta"":1,""level"":4,""bands"":""5""},{""type"":""LTE"",""pci"":170,""earfcn"":2600,""tac"":null,""rsrp"":-80,""rsrq"":-19,""rssi"":-51,""snr"":null,""ta"":1,""level"":4,""bands"":""5""},{""type"":""LTE"",""pci"":17,""earfcn"":3050,""tac"":null,""rsrp"":-83,""rsrq"":-10,""rssi"":-65,""snr"":null,""ta"":1,""level"":4,""bands"":""7""},{""type"":""LTE"",""pci"":420,""earfcn"":100,""tac"":null,""rsrp"":-85,""rsrq"":-16,""rssi"":-55,""snr"":null,""ta"":1,""level"":4,""bands"":""1""},{""type"":""LTE"",""pci"":133,""earfcn"":100,""tac"":null,""rsrp"":-88,""rsrq"":-20,""rssi"":-57,""snr"":null,""ta"":1,""level"":3,""bands"":""1""},{""type"":""LTE"",""pci"":26,""earfcn"":100,""tac"":null,""rsrp"":-93,""rsrq"":-18,""rssi"":-51,""snr"":null,""ta"":1,""level"":3,""bands"":""1""}]",1007.7058,71,0.459,0.459,10,19,,,,"[{""b"":""ba:94:4e:04:fb:76"",""s"":""Public WiFi Free"",""r"":-30,""f"":2417},{""b"":""b4:94:4e:04:fb:76"",""s"":""Public WiFi Secure"",""r"":-32,""f"":2417},{""b"":""b4:94:4e:04:fb:77"",""s"":""Public WiFi Secure"",""r"":-39,""f"":5745},{""b"":""ba:94:4e:04:fb:77"",""s"":""Public WiFi Free"",""r"":-39,""f"":5745},{""b"":""1c:56:8e:61:a7:8e"",""s"":""U+NetA78C"",""r"":-70,""f"":2437},{""b"":""da:e3:5e:5b:98:58"",""s"":""[LG_Wall-Mount A\/C]9858"",""r"":-81,""f"":2462},{""b"":""24:e4:ce:d1:ac:c2"",""s"":""U+NetA860"",""r"":-82,""f"":2447},{""b"":""28:6d:97:89:a2:51"",""s"":""[floor a\/c] Samsung"",""r"":-83,""f"":2412},{""b"":""f8:96:fe:26:b0:b9"",""s"":""Hyundai_WRFA"",""r"":-89,""f"":5785},{""b"":""00:23:aa:d4:c9:17"",""s"":""SK_WiFiGIGAC914"",""r"":-92,""f"":5180}]",""
1790660502261,2026-09-29 14:41:42,car,37.6174594,127.147861,3.79,4.73,73.0,52.24250715799431,fused,0,LTE,NR_NSA,5G,true,false,true,false,false,52636707,91,100,1,8372,450,06,-81,-10,-51,2,4,2,,,,2149,65652,0.0172,0.5252,2129,65632,0.0170,0.5251,false,9,0,9,-73,91,2600,4.73,false,false,periodic,7,2,0,-1,5002,,,,"[{""type"":""LTE"",""pci"":91,""earfcn"":2600,""tac"":null,""rsrp"":-73,""rsrq"":-11,""rssi"":-51,""snr"":null,""ta"":2,""level"":4,""bands"":""5""},{""type"":""LTE"",""pci"":26,""earfcn"":2600,""tac"":null,""rsrp"":-76,""rsrq"":-16,""rssi"":-55,""snr"":null,""ta"":2,""level"":4,""bands"":""5""},{""type"":""LTE"",""pci"":379,""earfcn"":2600,""tac"":null,""rsrp"":-81,""rsrq"":-18,""rssi"":-55,""snr"":null,""ta"":2,""level"":4,""bands"":""5""},{""type"":""LTE"",""pci"":420,""earfcn"":2600,""tac"":null,""rsrp"":-82,""rsrq"":-18,""rssi"":-53,""snr"":null,""ta"":2,""level"":4,""bands"":""5""},{""type"":""LTE"",""pci"":17,""earfcn"":3050,""tac"":null,""rsrp"":-84,""rsrq"":-14,""rssi"":-59,""snr"":null,""ta"":2,""level"":4,""bands"":""7""},{""type"":""LTE"",""pci"":420,""earfcn"":100,""tac"":null,""rsrp"":-85,""rsrq"":-14,""rssi"":-57,""snr"":null,""ta"":2,""level"":4,""bands"":""1""},{""type"":""LTE"",""pci"":379,""earfcn"":100,""tac"":null,""rsrp"":-86,""rsrq"":-19,""rssi"":-57,""snr"":null,""ta"":2,""level"":3,""bands"":""1""},{""type"":""LTE"",""pci"":420,""earfcn"":3050,""tac"":null,""rsrp"":-87,""rsrq"":-17,""rssi"":-59,""snr"":null,""ta"":2,""level"":3,""bands"":""7""},{""type"":""LTE"",""pci"":448,""earfcn"":3050,""tac"":null,""rsrp"":-92,""rsrq"":-19,""rssi"":-61,""snr"":null,""ta"":2,""level"":3,""bands"":""7""}]",1007.7175,54,0.524,0.459,10,24,,,,"[{""b"":""ba:94:4e:04:fb:76"",""s"":""Public WiFi Free"",""r"":-30,""f"":2417},{""b"":""b4:94:4e:04:fb:76"",""s"":""Public WiFi Secure"",""r"":-32,""f"":2417},{""b"":""b4:94:4e:04:fb:77"",""s"":""Public WiFi Secure"",""r"":-39,""f"":5745},{""b"":""ba:94:4e:04:fb:77"",""s"":""Public WiFi Free"",""r"":-39,""f"":5745},{""b"":""1c:56:8e:61:a7:8e"",""s"":""U+NetA78C"",""r"":-70,""f"":2437},{""b"":""da:e3:5e:5b:98:58"",""s"":""[LG_Wall-Mount A\/C]9858"",""r"":-81,""f"":2462},{""b"":""24:e4:ce:d1:ac:c2"",""s"":""U+NetA860"",""r"":-82,""f"":2447},{""b"":""28:6d:97:89:a2:51"",""s"":""[floor a\/c] Samsung"",""r"":-83,""f"":2412},{""b"":""f8:96:fe:26:b0:b9"",""s"":""Hyundai_WRFA"",""r"":-89,""f"":5785},{""b"":""00:23:aa:d4:c9:17"",""s"":""SK_WiFiGIGAC914"",""r"":-92,""f"":5180}]",""
1790660507278,2026-09-29 14:41:47,car,37.6174862,127.1480033,3.79,1.83,75.0,52.39262526956481,fused,0,LTE,NR_NSA,5G,true,false,true,false,false,52636707,91,100,1,8372,450,06,-79,-12,-51,1,4,1,,,,2133,65334,0.0171,0.5227,2113,65314,0.0169,0.5225,false,9,0,9,-70,91,2600,1.83,false,false,periodic,12,2,2,-1,5003,,,,"[{""type"":""LTE"",""pci"":91,""earfcn"":2600,""tac"":null,""rsrp"":-70,""rsrq"":-13,""rssi"":-51,""snr"":null,""ta"":1,""level"":4,""bands"":""5""},{""type"":""LTE"",""pci"":420,""earfcn"":2600,""tac"":null,""rsrp"":-72,""rsrq"":-16,""rssi"":-51,""snr"":null,""ta"":1,""level"":4,""bands"":""5""},{""type"":""LTE"",""pci"":26,""earfcn"":2600,""tac"":null,""rsrp"":-78,""rsrq"":-20,""rssi"":-51,""snr"":null,""ta"":1,""level"":4,""bands"":""5""},{""type"":""LTE"",""pci"":17,""earfcn"":3050,""tac"":null,""rsrp"":-81,""rsrq"":-12,""rssi"":-59,""snr"":null,""ta"":1,""level"":4,""bands"":""7""},{""type"":""LTE"",""pci"":420,""earfcn"":100,""tac"":null,""rsrp"":-82,""rsrq"":-14,""rssi"":-61,""snr"":null,""ta"":1,""level"":4,""bands"":""1""},{""type"":""LTE"",""pci"":379,""earfcn"":2600,""tac"":null,""rsrp"":-83,""rsrq"":-20,""rssi"":-51,""snr"":null,""ta"":1,""level"":4,""bands"":""5""},{""type"":""LTE"",""pci"":420,""earfcn"":3050,""tac"":null,""rsrp"":-84,""rsrq"":-15,""rssi"":-59,""snr"":null,""ta"":1,""level"":4,""bands"":""7""},{""type"":""LTE"",""pci"":26,""earfcn"":100,""tac"":null,""rsrp"":-86,""rsrq"":-15,""rssi"":-61,""snr"":null,""ta"":1,""level"":3,""bands"":""1""},{""type"":""LTE"",""pci"":448,""earfcn"":3050,""tac"":null,""rsrp"":-92,""rsrq"":-19,""rssi"":-61,""snr"":null,""ta"":1,""level"":3,""bands"":""7""}]",1007.7626,50,0.459,0.459,10,29,,,,"[{""b"":""ba:94:4e:04:fb:76"",""s"":""Public WiFi Free"",""r"":-30,""f"":2417},{""b"":""b4:94:4e:04:fb:76"",""s"":""Public WiFi Secure"",""r"":-32,""f"":2417},{""b"":""b4:94:4e:04:fb:77"",""s"":""Public WiFi Secure"",""r"":-39,""f"":5745},{""b"":""ba:94:4e:04:fb:77"",""s"":""Public WiFi Free"",""r"":-39,""f"":5745},{""b"":""1c:56:8e:61:a7:8e"",""s"":""U+NetA78C"",""r"":-70,""f"":2437},{""b"":""da:e3:5e:5b:98:58"",""s"":""[LG_Wall-Mount A\/C]9858"",""r"":-81,""f"":2462},{""b"":""24:e4:ce:d1:ac:c2"",""s"":""U+NetA860"",""r"":-82,""f"":2447},{""b"":""28:6d:97:89:a2:51"",""s"":""[floor a\/c] Samsung"",""r"":-83,""f"":2412},{""b"":""f8:96:fe:26:b0:b9"",""s"":""Hyundai_WRFA"",""r"":-89,""f"":5785},{""b"":""00:23:aa:d4:c9:17"",""s"":""SK_WiFiGIGAC914"",""r"":-92,""f"":5180}]",""
1790660512297,2026-09-29 14:41:52,car,37.6175165,127.1482228,3.79,4.64,77.0,52.52258730799717,fused,0,LTE,NR_NSA,5G,true,false,true,false,false,52636707,91,100,1,8372,450,06,-78,-9,-51,4,4,1,,,,1268823,65494,10.1506,0.5240,1268803,65474,10.1504,0.5238,false,8,0,8,-72,91,2600,4.64,false,false,periodic,17,1,1,3,5002,,,,"[{""type"":""LTE"",""pci"":91,""earfcn"":2600,""tac"":null,""rsrp"":-72,""rsrq"":-13,""rssi"":-51,""snr"":null,""ta"":1,""level"":4,""bands"":""5""},{""type"":""LTE"",""pci"":26,""earfcn"":2600,""tac"":null,""rsrp"":-78,""rsrq"":-19,""rssi"":-51,""snr"":null,""ta"":1,""level"":4,""bands"":""5""},{""type"":""LTE"",""pci"":420,""earfcn"":2600,""tac"":null,""rsrp"":-78,""rsrq"":-19,""rssi"":-51,""snr"":null,""ta"":1,""level"":4,""bands"":""5""},{""type"":""LTE"",""pci"":17,""earfcn"":3050,""tac"":null,""rsrp"":-78,""rsrq"":-10,""rssi"":-57,""snr"":null,""ta"":1,""level"":4,""bands"":""7""},{""type"":""LTE"",""pci"":379,""earfcn"":2600,""tac"":null,""rsrp"":-81,""rsrq"":-20,""rssi"":-51,""snr"":null,""ta"":1,""level"":4,""bands"":""5""},{""type"":""LTE"",""pci"":420,""earfcn"":3050,""tac"":null,""rsrp"":-83,""rsrq"":-16,""rssi"":-57,""snr"":null,""ta"":1,""level"":4,""bands"":""7""},{""type"":""LTE"",""pci"":420,""earfcn"":100,""tac"":null,""rsrp"":-86,""rsrq"":-18,""rssi"":-61,""snr"":null,""ta"":1,""level"":3,""bands"":""1""},{""type"":""LTE"",""pci"":448,""earfcn"":3050,""tac"":null,""rsrp"":-89,""rsrq"":-19,""rssi"":-57,""snr"":null,""ta"":1,""level"":3,""bands"":""7""}]",1007.62976,49,0.459,0.459,6,4,,,,"[{""b"":""b4:94:4e:04:fb:76"",""s"":""Public WiFi Secure"",""r"":-32,""f"":2417},{""b"":""ba:94:4e:04:fb:76"",""s"":""Public WiFi Free"",""r"":-34,""f"":2417},{""b"":""ba:94:4e:04:fb:77"",""s"":""Public WiFi Free"",""r"":-37,""f"":5745},{""b"":""b4:94:4e:04:fb:77"",""s"":""Public WiFi Secure"",""r"":-37,""f"":5745},{""b"":""70:2c:1f:55:c8:49"",""s"":""[refrigerator] Samsung"",""r"":-83,""f"":2412},{""b"":""00:19:70:97:fb:f7"",""s"":"""",""r"":-87,""f"":5785}]",""
1790660517316,2026-09-29 14:41:57,car,37.6175955,127.1485797,3.79,7.29,79.0,52.82495442146777,fused,0,LTE,NR_NSA,5G,true,false,true,false,false,52636707,91,100,1,8372,450,06,-72,-9,-51,6,4,1,,,,3957,65723,0.0317,0.5258,3937,65703,0.0315,0.5256,false,7,0,7,-67,91,2600,7.29,false,false,periodic,22,1,6,2,2524,,,,"[{""type"":""LTE"",""pci"":91,""earfcn"":2600,""tac"":null,""rsrp"":-67,""rsrq"":-13,""rssi"":-51,""snr"":null,""ta"":1,""level"":4,""bands"":""5""},{""type"":""LTE"",""pci"":26,""earfcn"":2600,""tac"":null,""rsrp"":-74,""rsrq"":-19,""rssi"":-51,""snr"":null,""ta"":1,""level"":4,""bands"":""5""},{""type"":""LTE"",""pci"":17,""earfcn"":3050,""tac"":null,""rsrp"":-75,""rsrq"":-13,""rssi"":-51,""snr"":null,""ta"":1,""level"":4,""bands"":""7""},{""type"":""LTE"",""pci"":420,""earfcn"":2600,""tac"":null,""rsrp"":-81,""rsrq"":-20,""rssi"":-51,""snr"":null,""ta"":1,""level"":4,""bands"":""5""},{""type"":""LTE"",""pci"":420,""earfcn"":100,""tac"":null,""rsrp"":-84,""rsrq"":-17,""rssi"":-55,""snr"":null,""ta"":1,""level"":4,""bands"":""1""},{""type"":""LTE"",""pci"":26,""earfcn"":100,""tac"":null,""rsrp"":-85,""rsrq"":-20,""rssi"":-55,""snr"":null,""ta"":1,""level"":4,""bands"":""1""},{""type"":""LTE"",""pci"":420,""earfcn"":3050,""tac"":null,""rsrp"":-86,""rsrq"":-19,""rssi"":-57,""snr"":null,""ta"":1,""level"":3,""bands"":""7""}]",1007.53436,51,0.445,0.459,6,9,,,,"[{""b"":""b4:94:4e:04:fb:76"",""s"":""Public WiFi Secure"",""r"":-32,""f"":2417},{""b"":""ba:94:4e:04:fb:76"",""s"":""Public WiFi Free"",""r"":-34,""f"":2417},{""b"":""ba:94:4e:04:fb:77"",""s"":""Public WiFi Free"",""r"":-37,""f"":5745},{""b"":""b4:94:4e:04:fb:77"",""s"":""Public WiFi Secure"",""r"":-37,""f"":5745},{""b"":""70:2c:1f:55:c8:49"",""s"":""[refrigerator] Samsung"",""r"":-83,""f"":2412},{""b"":""00:19:70:97:fb:f7"",""s"":"""",""r"":-87,""f"":5785}]",""
1790660522358,2026-09-29 14:42:02,car,37.6176331,127.1489413,3.79,5.63,84.0,53.331796403124386,fused,0,LTE,NR_NSA,5G,true,false,true,false,false,52636707,91,100,1,8372,450,06,-70,-9,-51,7,4,0,,,,2063,65055,0.0165,0.5204,2023,65015,0.0162,0.5201,false,7,0,7,-70,17,3050,5.63,false,false,periodic,27,1,2,1,5004,,,,"[{""type"":""LTE"",""pci"":17,""earfcn"":3050,""tac"":null,""rsrp"":-70,""rsrq"":-9,""rssi"":-51,""snr"":null,""ta"":0,""level"":4,""bands"":""7""},{""type"":""LTE"",""pci"":91,""earfcn"":2600,""tac"":null,""rsrp"":-72,""rsrq"":-8,""rssi"":-53,""snr"":null,""ta"":0,""level"":4,""bands"":""5""},{""type"":""LTE"",""pci"":420,""earfcn"":2600,""tac"":null,""rsrp"":-81,""rsrq"":-17,""rssi"":-53,""snr"":null,""ta"":0,""level"":4,""bands"":""5""},{""type"":""LTE"",""pci"":420,""earfcn"":100,""tac"":null,""rsrp"":-83,""rsrq"":-19,""rssi"":-53,""snr"":null,""ta"":0,""level"":4,""bands"":""1""},{""type"":""LTE"",""pci"":26,""earfcn"":100,""tac"":null,""rsrp"":-87,""rsrq"":-20,""rssi"":-53,""snr"":null,""ta"":0,""level"":3,""bands"":""1""},{""type"":""LTE"",""pci"":26,""earfcn"":2600,""tac"":null,""rsrp"":-87,""rsrq"":-20,""rssi"":-53,""snr"":null,""ta"":0,""level"":3,""bands"":""5""},{""type"":""LTE"",""pci"":420,""earfcn"":3050,""tac"":null,""rsrp"":-87,""rsrq"":-14,""rssi"":-61,""snr"":null,""ta"":0,""level"":3,""bands"":""7""}]",1007.63763,47,0.459,0.459,6,14,,,,"[{""b"":""b4:94:4e:04:fb:76"",""s"":""Public WiFi Secure"",""r"":-32,""f"":2417},{""b"":""ba:94:4e:04:fb:76"",""s"":""Public WiFi Free"",""r"":-34,""f"":2417},{""b"":""ba:94:4e:04:fb:77"",""s"":""Public WiFi Free"",""r"":-37,""f"":5745},{""b"":""b4:94:4e:04:fb:77"",""s"":""Public WiFi Secure"",""r"":-37,""f"":5745},{""b"":""70:2c:1f:55:c8:49"",""s"":""[refrigerator] Samsung"",""r"":-83,""f"":2412},{""b"":""00:19:70:97:fb:f7"",""s"":"""",""r"":-87,""f"":5785}]",""
1790660527376,2026-09-29 14:42:07,car,37.6176447,127.1491438,3.79,1.76,88.0,52.71712880697228,fused,0,LTE,NR_NSA,5G,true,false,true,false,false,52636707,91,100,1,8372,450,06,-68,-6,-51,10,4,0,,,,5655,66721,0.0452,0.5338,5635,66701,0.0451,0.5336,false,7,0,7,-70,91,2600,1.76,false,false,periodic,32,0,2,3,5002,,,,"[{""type"":""LTE"",""pci"":91,""earfcn"":2600,""tac"":null,""rsrp"":-70,""rsrq"":-12,""rssi"":-51,""snr"":null,""ta"":0,""level"":4,""bands"":""5""},{""type"":""LTE"",""pci"":17,""earfcn"":3050,""tac"":null,""rsrp"":-70,""rsrq"":-9,""rssi"":-51,""snr"":null,""ta"":0,""level"":4,""bands"":""7""},{""type"":""LTE"",""pci"":379,""earfcn"":100,""tac"":null,""rsrp"":-78,""rsrq"":-17,""rssi"":-51,""snr"":null,""ta"":0,""level"":4,""bands"":""1""},{""type"":""LTE"",""pci"":420,""earfcn"":2600,""tac"":null,""rsrp"":-79,""rsrq"":-20,""rssi"":-51,""snr"":null,""ta"":0,""level"":4,""bands"":""5""},{""type"":""LTE"",""pci"":26,""earfcn"":2600,""tac"":null,""rsrp"":-81,""rsrq"":-20,""rssi"":-51,""snr"":null,""ta"":0,""level"":4,""bands"":""5""},{""type"":""LTE"",""pci"":420,""earfcn"":3050,""tac"":null,""rsrp"":-81,""rsrq"":-20,""rssi"":-51,""snr"":null,""ta"":0,""level"":4,""bands"":""7""},{""type"":""LTE"",""pci"":420,""earfcn"":100,""tac"":null,""rsrp"":-89,""rsrq"":-19,""rssi"":-51,""snr"":null,""ta"":0,""level"":3,""bands"":""1""}]",1007.759,48,0.459,0.459,8,4,,,,"[{""b"":""ba:94:4e:04:fb:76"",""s"":""Public WiFi Free"",""r"":-35,""f"":2417},{""b"":""b4:94:4e:04:fb:76"",""s"":""Public WiFi Secure"",""r"":-36,""f"":2417},{""b"":""30:eb:1f:21:d7:58"",""s"":"""",""r"":-36,""f"":2447},{""b"":""b4:94:4e:04:fb:77"",""s"":""Public WiFi Secure"",""r"":-38,""f"":5745},{""b"":""ba:94:4e:04:fb:77"",""s"":""Public WiFi Free"",""r"":-38,""f"":5745},{""b"":""a2:98:73:52:19:b5"",""s"":""영훈의 S24+"",""r"":-80,""f"":2462},{""b"":""48:98:ca:b6:75:7a"",""s"":""BMW3915"",""r"":-84,""f"":2412},{""b"":""00:19:70:97:fb:f7"",""s"":"""",""r"":-87,""f"":5785}]",""
1790660532397,2026-09-29 14:42:12,car,37.6176425,127.149149,3.79,0.0,,51.76399718397327,fused,0,LTE,NR_NSA,5G,true,false,true,false,false,52636707,91,100,1,8372,450,06,-79,-9,-51,11,4,0,,,,2091,65282,0.0167,0.5223,2071,65262,0.0166,0.5221,false,8,0,8,-69,91,2600,0.018243613,false,false,periodic,37,0,-11,1,2446,,,,"[{""type"":""LTE"",""pci"":91,""earfcn"":2600,""tac"":null,""rsrp"":-69,""rsrq"":-8,""rssi"":-51,""snr"":null,""ta"":0,""level"":4,""bands"":""5""},{""type"":""LTE"",""pci"":420,""earfcn"":2600,""tac"":null,""rsrp"":-75,""rsrq"":-19,""rssi"":-51,""snr"":null,""ta"":0,""level"":4,""bands"":""5""},{""type"":""LTE"",""pci"":17,""earfcn"":3050,""tac"":null,""rsrp"":-76,""rsrq"":-10,""rssi"":-55,""snr"":null,""ta"":0,""level"":4,""bands"":""7""},{""type"":""LTE"",""pci"":26,""earfcn"":2600,""tac"":null,""rsrp"":-77,""rsrq"":-18,""rssi"":-51,""snr"":null,""ta"":0,""level"":4,""bands"":""5""},{""type"":""LTE"",""pci"":420,""earfcn"":3050,""tac"":null,""rsrp"":-87,""rsrq"":-20,""rssi"":-57,""snr"":null,""ta"":0,""level"":3,""bands"":""7""},{""type"":""LTE"",""pci"":254,""earfcn"":3050,""tac"":null,""rsrp"":-87,""rsrq"":-20,""rssi"":-57,""snr"":null,""ta"":0,""level"":3,""bands"":""7""},{""type"":""LTE"",""pci"":26,""earfcn"":100,""tac"":null,""rsrp"":-92,""rsrq"":-20,""rssi"":-59,""snr"":null,""ta"":0,""level"":3,""bands"":""1""},{""type"":""LTE"",""pci"":420,""earfcn"":100,""tac"":null,""rsrp"":-93,""rsrq"":-20,""rssi"":-61,""snr"":null,""ta"":0,""level"":3,""bands"":""1""}]",1007.77637,49,0.524,0.524,5,2,,,,"[{""b"":""ba:94:4e:04:fb:76"",""s"":""Public WiFi Free"",""r"":-36,""f"":2417},{""b"":""b4:94:4e:04:fb:76"",""s"":""Public WiFi Secure"",""r"":-36,""f"":2417},{""b"":""ba:94:4e:04:fb:77"",""s"":""Public WiFi Free"",""r"":-37,""f"":5745},{""b"":""b4:94:4e:04:fb:77"",""s"":""Public WiFi Secure"",""r"":-37,""f"":5745},{""b"":""3a:2a:8b:2e:23:6d"",""s"":""AndroidAP_3966"",""r"":-76,""f"":5745}]",""
1790660537412,2026-09-29 14:42:17,car,37.6176445,127.1491448,3.79,0.0,,51.563523506884756,fused,0,LTE,NR_NSA,5G,true,false,true,false,false,52636707,91,100,1,8372,450,06,-80,-10,-51,6,4,0,,,,2095,63563,0.0168,0.5085,2075,63543,0.0166,0.5083,false,8,0,8,-68,91,2600,4.2340203E-4,false,false,periodic,42,0,-1,-5,2148,,,,"[{""type"":""LTE"",""pci"":91,""earfcn"":2600,""tac"":null,""rsrp"":-68,""rsrq"":-12,""rssi"":-51,""snr"":null,""ta"":0,""level"":4,""bands"":""5""},{""type"":""LTE"",""pci"":17,""earfcn"":3050,""tac"":null,""rsrp"":-76,""rsrq"":-9,""rssi"":-57,""snr"":null,""ta"":0,""level"":4,""bands"":""7""},{""type"":""LTE"",""pci"":420,""earfcn"":2600,""tac"":null,""rsrp"":-79,""rsrq"":-20,""rssi"":-51,""snr"":null,""ta"":0,""level"":4,""bands"":""5""},{""type"":""LTE"",""pci"":26,""earfcn"":2600,""tac"":null,""rsrp"":-82,""rsrq"":-20,""rssi"":-51,""snr"":null,""ta"":0,""level"":4,""bands"":""5""},{""type"":""LTE"",""pci"":254,""earfcn"":3050,""tac"":null,""rsrp"":-86,""rsrq"":-17,""rssi"":-59,""snr"":null,""ta"":0,""level"":3,""bands"":""7""},{""type"":""LTE"",""pci"":420,""earfcn"":3050,""tac"":null,""rsrp"":-87,""rsrq"":-20,""rssi"":-57,""snr"":null,""ta"":0,""level"":3,""bands"":""7""},{""type"":""LTE"",""pci"":420,""earfcn"":100,""tac"":null,""rsrp"":-93,""rsrq"":-19,""rssi"":-61,""snr"":null,""ta"":0,""level"":3,""bands"":""1""},{""type"":""LTE"",""pci"":26,""earfcn"":100,""tac"":null,""rsrp"":-94,""rsrq"":-20,""rssi"":-63,""snr"":null,""ta"":0,""level"":3,""bands"":""1""}]",1007.78064,50,0.524,0.459,5,7,,,,"[{""b"":""ba:94:4e:04:fb:76"",""s"":""Public WiFi Free"",""r"":-36,""f"":2417},{""b"":""b4:94:4e:04:fb:76"",""s"":""Public WiFi Secure"",""r"":-36,""f"":2417},{""b"":""ba:94:4e:04:fb:77"",""s"":""Public WiFi Free"",""r"":-37,""f"":5745},{""b"":""b4:94:4e:04:fb:77"",""s"":""Public WiFi Secure"",""r"":-37,""f"":5745},{""b"":""3a:2a:8b:2e:23:6d"",""s"":""AndroidAP_3966"",""r"":-76,""f"":5745}]",""
1790660542433,2026-09-29 14:42:22,car,37.6176448,127.1491445,7.856,0.0,,51.41512213110176,fused,0,LTE,NR_NSA,5G,true,false,true,false,false,52636707,91,100,1,8372,450,06,-80,-9,-51,7,4,0,,,,5803,66613,0.0464,0.5329,5763,66573,0.0461,0.5326,false,7,0,7,-68,91,2600,0.001826426,false,false,periodic,47,0,0,1,1787,,,,"[{""type"":""LTE"",""pci"":91,""earfcn"":2600,""tac"":null,""rsrp"":-68,""rsrq"":-12,""rssi"":-51,""snr"":null,""ta"":0,""level"":4,""bands"":""5""},{""type"":""LTE"",""pci"":420,""earfcn"":2600,""tac"":null,""rsrp"":-75,""rsrq"":-19,""rssi"":-51,""snr"":null,""ta"":0,""level"":4,""bands"":""5""},{""type"":""LTE"",""pci"":17,""earfcn"":3050,""tac"":null,""rsrp"":-76,""rsrq"":-9,""rssi"":-57,""snr"":null,""ta"":0,""level"":4,""bands"":""7""},{""type"":""LTE"",""pci"":254,""earfcn"":3050,""tac"":null,""rsrp"":-86,""rsrq"":-17,""rssi"":-59,""snr"":null,""ta"":0,""level"":3,""bands"":""7""},{""type"":""LTE"",""pci"":420,""earfcn"":3050,""tac"":null,""rsrp"":-87,""rsrq"":-20,""rssi"":-55,""snr"":null,""ta"":0,""level"":3,""bands"":""7""},{""type"":""LTE"",""pci"":420,""earfcn"":100,""tac"":null,""rsrp"":-88,""rsrq"":-18,""rssi"":-61,""snr"":null,""ta"":0,""level"":3,""bands"":""1""},{""type"":""LTE"",""pci"":379,""earfcn"":100,""tac"":null,""rsrp"":-92,""rsrq"":-18,""rssi"":-61,""snr"":null,""ta"":0,""level"":3,""bands"":""1""}]",1007.77576,50,0.493,0.459,5,4,,,,"[{""b"":""30:eb:1f:21:d7:58"",""s"":"""",""r"":-37,""f"":2447},{""b"":""ba:94:4e:04:fb:76"",""s"":""Public WiFi Free"",""r"":-38,""f"":2417},{""b"":""ba:94:4e:04:fb:77"",""s"":""Public WiFi Free"",""r"":-38,""f"":5745},{""b"":""b4:94:4e:04:fb:76"",""s"":""Public WiFi Secure"",""r"":-38,""f"":2417},{""b"":""b4:94:4e:04:fb:77"",""s"":""Public WiFi Secure"",""r"":-39,""f"":5745}]",""
1790660547454,2026-09-29 14:42:27,car,37.6176449,127.1491445,3.79,0.0,,51.52244884889012,fused,0,LTE,NR_NSA,5G,true,false,true,false,false,52636707,91,100,1,8372,450,06,-80,-9,-51,7,4,0,,,,2189,65267,0.0175,0.5221,2169,65247,0.0174,0.5220,false,4,0,4,-67,91,2600,9.7535574E-4,false,false,periodic,52,0,0,0,1802,,,,"[{""type"":""LTE"",""pci"":91,""earfcn"":2600,""tac"":null,""rsrp"":-67,""rsrq"":-12,""rssi"":-51,""snr"":null,""ta"":0,""level"":4,""bands"":""5""},{""type"":""LTE"",""pci"":17,""earfcn"":3050,""tac"":null,""rsrp"":-76,""rsrq"":-9,""rssi"":-57,""snr"":null,""ta"":0,""level"":4,""bands"":""7""},{""type"":""LTE"",""pci"":379,""earfcn"":100,""tac"":null,""rsrp"":-90,""rsrq"":-18,""rssi"":-61,""snr"":null,""ta"":0,""level"":3,""bands"":""1""},{""type"":""LTE"",""pci"":420,""earfcn"":100,""tac"":null,""rsrp"":-91,""rsrq"":-17,""rssi"":-61,""snr"":null,""ta"":0,""level"":3,""bands"":""1""}]",1007.77765,49,0.459,0.459,5,9,,,,"[{""b"":""30:eb:1f:21:d7:58"",""s"":"""",""r"":-37,""f"":2447},{""b"":""ba:94:4e:04:fb:76"",""s"":""Public WiFi Free"",""r"":-38,""f"":2417},{""b"":""ba:94:4e:04:fb:77"",""s"":""Public WiFi Free"",""r"":-38,""f"":5745},{""b"":""b4:94:4e:04:fb:76"",""s"":""Public WiFi Secure"",""r"":-38,""f"":2417},{""b"":""b4:94:4e:04:fb:77"",""s"":""Public WiFi Secure"",""r"":-39,""f"":5745}]",""
1790660552472,2026-09-29 14:42:32,car,37.6176449,127.1491446,3.79,0.0,,51.526091339904454,fused,0,LTE,NR_NSA,5G,true,false,true,false,false,52636707,91,100,1,8372,450,06,-79,-9,-51,7,4,0,,,,2057,65294,0.0165,0.5224,2037,65275,0.0163,0.5222,false,5,0,5,-68,91,2600,1.2108573E-5,false,false,periodic,57,0,1,0,1261,,,,"[{""type"":""LTE"",""pci"":91,""earfcn"":2600,""tac"":null,""rsrp"":-68,""rsrq"":-12,""rssi"":-51,""snr"":null,""ta"":0,""level"":4,""bands"":""5""},{""type"":""LTE"",""pci"":17,""earfcn"":3050,""tac"":null,""rsrp"":-75,""rsrq"":-9,""rssi"":-55,""snr"":null,""ta"":0,""level"":4,""bands"":""7""},{""type"":""LTE"",""pci"":379,""earfcn"":100,""tac"":null,""rsrp"":-93,""rsrq"":-16,""rssi"":-65,""snr"":null,""ta"":0,""level"":3,""bands"":""1""},{""type"":""LTE"",""pci"":26,""earfcn"":100,""tac"":null,""rsrp"":-94,""rsrq"":-20,""rssi"":-63,""snr"":null,""ta"":0,""level"":3,""bands"":""1""},{""type"":""LTE"",""pci"":420,""earfcn"":100,""tac"":null,""rsrp"":-95,""rsrq"":-17,""rssi"":-65,""snr"":null,""ta"":0,""level"":3,""bands"":""1""}]",1007.7791,54,0.459,0.524,6,6,,,,"[{""b"":""30:eb:1f:21:d7:58"",""s"":"""",""r"":-37,""f"":2447},{""b"":""ba:94:4e:04:fb:76"",""s"":""Public WiFi Free"",""r"":-38,""f"":2417},{""b"":""ba:94:4e:04:fb:77"",""s"":""Public WiFi Free"",""r"":-38,""f"":5745},{""b"":""b4:94:4e:04:fb:76"",""s"":""Public WiFi Secure"",""r"":-38,""f"":2417},{""b"":""b4:94:4e:04:fb:77"",""s"":""Public WiFi Secure"",""r"":-38,""f"":5745},{""b"":""00:19:70:97:fb:f7"",""s"":"""",""r"":-88,""f"":5785}]",""
1790660557492,2026-09-29 14:42:37,car,37.6176448,127.1491445,3.79,0.0,,51.62538412980762,fused,0,LTE,NR_NSA,5G,true,false,true,false,false,52636707,91,100,1,8372,450,06,-80,-7,-51,7,4,0,,,,6537,65735,0.0523,0.5259,6517,65715,0.0521,0.5257,false,4,0,4,-69,91,2600,5.7974416E-9,false,false,periodic,62,0,-1,0,978,,,,"[{""type"":""LTE"",""pci"":91,""earfcn"":2600,""tac"":null,""rsrp"":-69,""rsrq"":-13,""rssi"":-51,""snr"":null,""ta"":0,""level"":4,""bands"":""5""},{""type"":""LTE"",""pci"":17,""earfcn"":3050,""tac"":null,""rsrp"":-76,""rsrq"":-9,""rssi"":-57,""snr"":null,""ta"":0,""level"":4,""bands"":""7""},{""type"":""LTE"",""pci"":379,""earfcn"":100,""tac"":null,""rsrp"":-93,""rsrq"":-19,""rssi"":-63,""snr"":null,""ta"":0,""level"":3,""bands"":""1""},{""type"":""LTE"",""pci"":420,""earfcn"":100,""tac"":null,""rsrp"":-94,""rsrq"":-17,""rssi"":-65,""snr"":null,""ta"":0,""level"":3,""bands"":""1""}]",1007.7821,50,0.459,0.459,4,5,,,,"[{""b"":""ba:94:4e:04:fb:77"",""s"":""Public WiFi Free"",""r"":-37,""f"":5745},{""b"":""b4:94:4e:04:fb:77"",""s"":""Public WiFi Secure"",""r"":-37,""f"":5745},{""b"":""ba:94:4e:04:fb:76"",""s"":""Public WiFi Free"",""r"":-38,""f"":2417},{""b"":""b4:94:4e:04:fb:76"",""s"":""Public WiFi Secure"",""r"":-38,""f"":2417}]",""
1790660562511,2026-09-29 14:42:42,car,37.6176447,127.1491445,3.79,0.0,,51.47994136864523,fused,0,LTE,NR_NSA,5G,true,false,true,false,false,52636707,91,100,1,8372,450,06,-80,-10,-51,7,4,0,,,,3475,66846,0.0278,0.5348,3455,66827,0.0276,0.5346,false,5,0,5,-70,91,2600,5.831909E-4,false,false,periodic,67,0,0,0,342,,,,"[{""type"":""LTE"",""pci"":91,""earfcn"":2600,""tac"":null,""rsrp"":-70,""rsrq"":-11,""rssi"":-51,""snr"":null,""ta"":0,""level"":4,""bands"":""5""},{""type"":""LTE"",""pci"":17,""earfcn"":3050,""tac"":null,""rsrp"":-76,""rsrq"":-9,""rssi"":-57,""snr"":null,""ta"":0,""level"":4,""bands"":""7""},{""type"":""LTE"",""pci"":420,""earfcn"":3050,""tac"":null,""rsrp"":-87,""rsrq"":-20,""rssi"":-57,""snr"":null,""ta"":0,""level"":3,""bands"":""7""},{""type"":""LTE"",""pci"":379,""earfcn"":100,""tac"":null,""rsrp"":-90,""rsrq"":-19,""rssi"":-61,""snr"":null,""ta"":0,""level"":3,""bands"":""1""},{""type"":""LTE"",""pci"":420,""earfcn"":100,""tac"":null,""rsrp"":-96,""rsrq"":-19,""rssi"":-63,""snr"":null,""ta"":0,""level"":2,""bands"":""1""}]",1007.7736,48,0.524,0.459,7,5,,,,"[{""b"":""30:eb:1f:21:d7:58"",""s"":"""",""r"":-33,""f"":2447},{""b"":""b4:94:4e:04:fb:77"",""s"":""Public WiFi Secure"",""r"":-37,""f"":5745},{""b"":""ba:94:4e:04:fb:77"",""s"":""Public WiFi Free"",""r"":-37,""f"":5745},{""b"":""b4:94:4e:04:fb:76"",""s"":""Public WiFi Secure"",""r"":-38,""f"":2417},{""b"":""ba:94:4e:04:fb:76"",""s"":""Public WiFi Free"",""r"":-38,""f"":2417},{""b"":""00:19:70:97:fb:f7"",""s"":"""",""r"":-86,""f"":5785},{""b"":""84:fc:14:4a:fa:ee"",""s"":""NEXIAN_NM5000_5G_4AFAEE"",""r"":-90,""f"":5785}]",""
1790660567528,2026-09-29 14:42:47,car,37.6176447,127.1491444,3.79,0.0,,51.51152138510133,fused,0,LTE,NR_NSA,5G,true,false,true,false,false,52636707,91,100,1,8372,450,06,-80,-10,-51,7,4,0,,,,2196,65354,0.0176,0.5228,2156,65314,0.0172,0.5225,false,5,0,5,-70,91,2600,2.7029145E-7,false,false,periodic,72,0,0,0,5360,,,,"[{""type"":""LTE"",""pci"":91,""earfcn"":2600,""tac"":null,""rsrp"":-70,""rsrq"":-11,""rssi"":-51,""snr"":null,""ta"":0,""level"":4,""bands"":""5""},{""type"":""LTE"",""pci"":17,""earfcn"":3050,""tac"":null,""rsrp"":-76,""rsrq"":-9,""rssi"":-57,""snr"":null,""ta"":0,""level"":4,""bands"":""7""},{""type"":""LTE"",""pci"":420,""earfcn"":3050,""tac"":null,""rsrp"":-87,""rsrq"":-20,""rssi"":-57,""snr"":null,""ta"":0,""level"":3,""bands"":""7""},{""type"":""LTE"",""pci"":379,""earfcn"":100,""tac"":null,""rsrp"":-90,""rsrq"":-19,""rssi"":-61,""snr"":null,""ta"":0,""level"":3,""bands"":""1""},{""type"":""LTE"",""pci"":420,""earfcn"":100,""tac"":null,""rsrp"":-96,""rsrq"":-19,""rssi"":-63,""snr"":null,""ta"":0,""level"":2,""bands"":""1""}]",1007.7768,52,0.459,0.459,7,4,,,,"[{""b"":""ba:94:4e:04:fb:76"",""s"":""Public WiFi Free"",""r"":-37,""f"":2417},{""b"":""b4:94:4e:04:fb:77"",""s"":""Public WiFi Secure"",""r"":-38,""f"":5745},{""b"":""ba:94:4e:04:fb:77"",""s"":""Public WiFi Free"",""r"":-38,""f"":5745},{""b"":""b4:94:4e:04:fb:76"",""s"":""Public WiFi Secure"",""r"":-39,""f"":2417},{""b"":""84:fc:14:4a:fa:ee"",""s"":""NEXIAN_NM5000_5G_4AFAEE"",""r"":-82,""f"":5785},{""b"":""f2:3e:05:2e:f5:33"",""s"":""Kia_TF2v"",""r"":-84,""f"":5785},{""b"":""00:19:70:97:fb:f7"",""s"":"""",""r"":-87,""f"":5785}]",""
1790660572546,2026-09-29 14:42:52,car,37.6176446,127.1491442,3.79,0.0,,51.62694519398487,fused,0,LTE,NR_NSA,5G,true,false,true,false,false,52636707,91,100,1,8372,450,06,-81,-8,-53,7,4,0,,,,5771,66671,0.0462,0.5334,5751,66651,0.0460,0.5332,false,5,0,5,-69,91,2600,1.2262422E-5,false,false,periodic,77,0,-1,0,5002,,,,"[{""type"":""LTE"",""pci"":91,""earfcn"":2600,""tac"":null,""rsrp"":-69,""rsrq"":-12,""rssi"":-51,""snr"":null,""ta"":0,""level"":4,""bands"":""5""},{""type"":""LTE"",""pci"":17,""earfcn"":3050,""tac"":null,""rsrp"":-76,""rsrq"":-9,""rssi"":-57,""snr"":null,""ta"":0,""level"":4,""bands"":""7""},{""type"":""LTE"",""pci"":420,""earfcn"":3050,""tac"":null,""rsrp"":-87,""rsrq"":-20,""rssi"":-57,""snr"":null,""ta"":0,""level"":3,""bands"":""7""},{""type"":""LTE"",""pci"":379,""earfcn"":100,""tac"":null,""rsrp"":-92,""rsrq"":-19,""rssi"":-63,""snr"":null,""ta"":0,""level"":3,""bands"":""1""},{""type"":""LTE"",""pci"":420,""earfcn"":100,""tac"":null,""rsrp"":-95,""rsrq"":-20,""rssi"":-63,""snr"":null,""ta"":0,""level"":3,""bands"":""1""}]",1007.7751,49,0.459,0.524,5,4,,,,"[{""b"":""ba:94:4e:04:fb:77"",""s"":""Public WiFi Free"",""r"":-38,""f"":5745},{""b"":""b4:94:4e:04:fb:76"",""s"":""Public WiFi Secure"",""r"":-38,""f"":2417},{""b"":""b4:94:4e:04:fb:77"",""s"":""Public WiFi Secure"",""r"":-38,""f"":5745},{""b"":""ba:94:4e:04:fb:76"",""s"":""Public WiFi Free"",""r"":-39,""f"":2417},{""b"":""00:19:70:97:fb:f7"",""s"":"""",""r"":-87,""f"":5785}]",""
1790660577564,2026-09-29 14:42:57,car,37.6176445,127.1491443,3.79,0.0,,51.49763342343678,fused,0,LTE,NR_NSA,5G,true,false,true,false,false,52636707,91,100,1,8372,450,06,-81,-10,-51,6,4,0,,,,2156,65298,0.0172,0.5224,2136,65278,0.0171,0.5222,false,5,0,5,-68,91,2600,5.8712546E-9,false,false,periodic,82,0,0,-1,5003,,,,"[{""type"":""LTE"",""pci"":91,""earfcn"":2600,""tac"":null,""rsrp"":-68,""rsrq"":-13,""rssi"":-51,""snr"":null,""ta"":0,""level"":4,""bands"":""5""},{""type"":""LTE"",""pci"":17,""earfcn"":3050,""tac"":null,""rsrp"":-76,""rsrq"":-9,""rssi"":-57,""snr"":null,""ta"":0,""level"":4,""bands"":""7""},{""type"":""LTE"",""pci"":420,""earfcn"":3050,""tac"":null,""rsrp"":-87,""rsrq"":-20,""rssi"":-57,""snr"":null,""ta"":0,""level"":3,""bands"":""7""},{""type"":""LTE"",""pci"":379,""earfcn"":100,""tac"":null,""rsrp"":-90,""rsrq"":-17,""rssi"":-63,""snr"":null,""ta"":0,""level"":3,""bands"":""1""},{""type"":""LTE"",""pci"":420,""earfcn"":100,""tac"":null,""rsrp"":-92,""rsrq"":-20,""rssi"":-63,""snr"":null,""ta"":0,""level"":3,""bands"":""1""}]",1007.78107,51,0.459,0.524,5,4,,,,"[{""b"":""ba:94:4e:04:fb:77"",""s"":""Public WiFi Free"",""r"":-37,""f"":5745},{""b"":""b4:94:4e:04:fb:77"",""s"":""Public WiFi Secure"",""r"":-37,""f"":5745},{""b"":""30:eb:1f:21:d7:58"",""s"":"""",""r"":-38,""f"":2447},{""b"":""ba:94:4e:04:fb:76"",""s"":""Public WiFi Free"",""r"":-40,""f"":2417},{""b"":""b4:94:4e:04:fb:76"",""s"":""Public WiFi Secure"",""r"":-41,""f"":2417}]",""
1790660582582,2026-09-29 14:43:02,car,37.6176445,127.1491443,3.79,0.0,,51.50996031997895,fused,0,LTE,NR_NSA,5G,true,false,true,false,false,52636707,91,100,1,8372,450,06,-80,-11,-51,6,4,0,,,,2122,63541,0.0170,0.5083,2102,63521,0.0168,0.5082,false,5,0,5,-68,91,2600,0.03466832,false,false,periodic,87,0,1,0,5000,,,,"[{""type"":""LTE"",""pci"":91,""earfcn"":2600,""tac"":null,""rsrp"":-68,""rsrq"":-11,""rssi"":-51,""snr"":null,""ta"":0,""level"":4,""bands"":""5""},{""type"":""LTE"",""pci"":17,""earfcn"":3050,""tac"":null,""rsrp"":-75,""rsrq"":-9,""rssi"":-57,""snr"":null,""ta"":0,""level"":4,""bands"":""7""},{""type"":""LTE"",""pci"":379,""earfcn"":2600,""tac"":null,""rsrp"":-79,""rsrq"":-20,""rssi"":-51,""snr"":null,""ta"":0,""level"":4,""bands"":""5""},{""type"":""LTE"",""pci"":420,""earfcn"":3050,""tac"":null,""rsrp"":-90,""rsrq"":-20,""rssi"":-57,""snr"":null,""ta"":0,""level"":3,""bands"":""7""},{""type"":""LTE"",""pci"":420,""earfcn"":100,""tac"":null,""rsrp"":-92,""rsrq"":-17,""rssi"":-61,""snr"":null,""ta"":0,""level"":3,""bands"":""1""}]",1007.75726,48,0.524,0.459,5,4,,,,"[{""b"":""30:eb:1f:21:d7:58"",""s"":"""",""r"":-37,""f"":2447},{""b"":""ba:94:4e:04:fb:77"",""s"":""Public WiFi Free"",""r"":-38,""f"":5745},{""b"":""b4:94:4e:04:fb:77"",""s"":""Public WiFi Secure"",""r"":-38,""f"":5745},{""b"":""b4:94:4e:04:fb:76"",""s"":""Public WiFi Secure"",""r"":-39,""f"":2417},{""b"":""ba:94:4e:04:fb:76"",""s"":""Public WiFi Free"",""r"":-41,""f"":2417}]",""
1790660587597,2026-09-29 14:43:07,car,37.6176446,127.1491442,3.79,0.0,,51.55415711020235,fused,0,LTE,NR_NSA,5G,true,false,true,false,false,52636707,91,100,1,8372,450,06,-81,-9,-51,5,4,0,,,,5420,66652,0.0434,0.5332,5380,66612,0.0430,0.5329,false,5,0,5,-69,91,2600,1.6599406E-5,false,false,periodic,92,0,-1,-1,5003,,,,"[{""type"":""LTE"",""pci"":91,""earfcn"":2600,""tac"":null,""rsrp"":-69,""rsrq"":-11,""rssi"":-51,""snr"":null,""ta"":0,""level"":4,""bands"":""5""},{""type"":""LTE"",""pci"":17,""earfcn"":3050,""tac"":null,""rsrp"":-76,""rsrq"":-10,""rssi"":-57,""snr"":null,""ta"":0,""level"":4,""bands"":""7""},{""type"":""LTE"",""pci"":379,""earfcn"":100,""tac"":null,""rsrp"":-89,""rsrq"":-18,""rssi"":-61,""snr"":null,""ta"":0,""level"":3,""bands"":""1""},{""type"":""LTE"",""pci"":420,""earfcn"":3050,""tac"":null,""rsrp"":-89,""rsrq"":-20,""rssi"":-57,""snr"":null,""ta"":0,""level"":3,""bands"":""7""},{""type"":""LTE"",""pci"":420,""earfcn"":100,""tac"":null,""rsrp"":-92,""rsrq"":-18,""rssi"":-61,""snr"":null,""ta"":0,""level"":3,""bands"":""1""}]",1007.77893,50,0.459,0.459,5,3,,,,"[{""b"":""ba:94:4e:04:fb:77"",""s"":""Public WiFi Free"",""r"":-36,""f"":5745},{""b"":""b4:94:4e:04:fb:77"",""s"":""Public WiFi Secure"",""r"":-36,""f"":5745},{""b"":""b4:94:4e:04:fb:76"",""s"":""Public WiFi Secure"",""r"":-37,""f"":2417},{""b"":""ba:94:4e:04:fb:76"",""s"":""Public WiFi Free"",""r"":-38,""f"":2417},{""b"":""30:eb:1f:21:d7:58"",""s"":"""",""r"":-38,""f"":2447}]",""
1790660592615,2026-09-29 14:43:12,car,37.617644,127.149143,3.79,0.0,,51.605449069477004,fused,0,LTE,NR_NSA,5G,true,false,true,false,false,52636707,91,100,1,8372,450,06,-81,-14,-51,7,4,0,,,,4585,66656,0.0367,0.5332,4565,66636,0.0365,0.5331,false,6,0,6,-70,91,2600,0.04156705,false,false,periodic,97,0,0,2,4999,,,,"[{""type"":""LTE"",""pci"":91,""earfcn"":2600,""tac"":null,""rsrp"":-70,""rsrq"":-14,""rssi"":-51,""snr"":null,""ta"":0,""level"":4,""bands"":""5""},{""type"":""LTE"",""pci"":17,""earfcn"":3050,""tac"":null,""rsrp"":-76,""rsrq"":-13,""rssi"":-53,""snr"":null,""ta"":0,""level"":4,""bands"":""7""},{""type"":""LTE"",""pci"":379,""earfcn"":2600,""tac"":null,""rsrp"":-79,""rsrq"":-20,""rssi"":-51,""snr"":null,""ta"":0,""level"":4,""bands"":""5""},{""type"":""LTE"",""pci"":299,""earfcn"":100,""tac"":null,""rsrp"":-87,""rsrq"":-18,""rssi"":-57,""snr"":null,""ta"":0,""level"":3,""bands"":""1""},{""type"":""LTE"",""pci"":420,""earfcn"":100,""tac"":null,""rsrp"":-89,""rsrq"":-20,""rssi"":-59,""snr"":null,""ta"":0,""level"":3,""bands"":""1""},{""type"":""LTE"",""pci"":420,""earfcn"":3050,""tac"":null,""rsrp"":-89,""rsrq"":-20,""rssi"":-57,""snr"":null,""ta"":0,""level"":3,""bands"":""7""}]",1007.76447,47,0.459,0.524,7,3,,,,"[{""b"":""b4:94:4e:04:fb:77"",""s"":""Public WiFi Secure"",""r"":-39,""f"":5745},{""b"":""ba:94:4e:04:fb:77"",""s"":""Public WiFi Free"",""r"":-39,""f"":5745},{""b"":""30:eb:1f:21:d7:58"",""s"":"""",""r"":-42,""f"":2447},{""b"":""b4:94:4e:04:fb:76"",""s"":""Public WiFi Secure"",""r"":-46,""f"":2417},{""b"":""ba:94:4e:04:fb:76"",""s"":""Public WiFi Free"",""r"":-47,""f"":2417},{""b"":""1c:bf:ce:8d:13:ff"",""s"":""GNET_BB_D5_8D13FF"",""r"":-77,""f"":2457},{""b"":""00:19:70:97:fb:f7"",""s"":"""",""r"":-81,""f"":5785}]",""
1790660597635,2026-09-29 14:43:17,car,37.6176432,127.1491432,3.79,0.0,,51.52973383246337,fused,0,LTE,NR_NSA,5G,true,false,true,false,false,52636707,91,100,1,8372,450,06,-77,-10,-51,6,4,0,,,,1935,65188,0.0155,0.5215,1915,65168,0.0153,0.5213,false,7,0,7,-70,91,2600,1.9902971E-5,false,false,periodic,102,0,4,-1,5001,,,,"[{""type"":""LTE"",""pci"":91,""earfcn"":2600,""tac"":null,""rsrp"":-70,""rsrq"":-12,""rssi"":-51,""snr"":null,""ta"":0,""level"":4,""bands"":""5""},{""type"":""LTE"",""pci"":379,""earfcn"":2600,""tac"":null,""rsrp"":-79,""rsrq"":-20,""rssi"":-51,""snr"":null,""ta"":0,""level"":4,""bands"":""5""},{""type"":""LTE"",""pci"":299,""earfcn"":100,""tac"":null,""rsrp"":-84,""rsrq"":-20,""rssi"":-55,""snr"":null,""ta"":0,""level"":4,""bands"":""1""},{""type"":""LTE"",""pci"":17,""earfcn"":3050,""tac"":null,""rsrp"":-85,""rsrq"":-11,""rssi"":-65,""snr"":null,""ta"":0,""level"":4,""bands"":""7""},{""type"":""LTE"",""pci"":420,""earfcn"":100,""tac"":null,""rsrp"":-86,""rsrq"":-20,""rssi"":-55,""snr"":null,""ta"":0,""level"":3,""bands"":""1""},{""type"":""LTE"",""pci"":420,""earfcn"":3050,""tac"":null,""rsrp"":-95,""rsrq"":-16,""rssi"":-65,""snr"":null,""ta"":0,""level"":3,""bands"":""7""},{""type"":""LTE"",""pci"":254,""earfcn"":3050,""tac"":null,""rsrp"":-96,""rsrq"":-20,""rssi"":-65,""snr"":null,""ta"":0,""level"":2,""bands"":""7""}]",1007.75574,51,0.459,0.524,7,2,,,,"[{""b"":""ba:94:4e:04:fb:77"",""s"":""Public WiFi Free"",""r"":-34,""f"":5745},{""b"":""b4:94:4e:04:fb:77"",""s"":""Public WiFi Secure"",""r"":-35,""f"":5745},{""b"":""b4:94:4e:04:fb:76"",""s"":""Public WiFi Secure"",""r"":-37,""f"":2417},{""b"":""ba:94:4e:04:fb:76"",""s"":""Public WiFi Free"",""r"":-37,""f"":2417},{""b"":""30:eb:1f:21:d7:58"",""s"":"""",""r"":-39,""f"":2447},{""b"":""70:2c:1f:55:c8:49"",""s"":""[refrigerator] Samsung"",""r"":-83,""f"":2412},{""b"":""00:19:70:97:fb:f7"",""s"":"""",""r"":-85,""f"":5785}]",""
1790660602653,2026-09-29 14:43:22,car,37.6176436,127.1491438,3.79,0.0,,51.73839919605977,fused,0,LTE,NR_NSA,5G,true,false,true,false,false,52636707,91,100,1,8372,450,06,-79,-9,-51,3,4,0,,,,5714,64928,0.0457,0.5194,5694,64908,0.0456,0.5193,false,8,0,8,-68,91,2600,2.9173456E-4,false,false,periodic,107,0,-2,-3,2803,,,,"[{""type"":""LTE"",""pci"":91,""earfcn"":2600,""tac"":null,""rsrp"":-68,""rsrq"":-8,""rssi"":-51,""snr"":null,""ta"":0,""level"":4,""bands"":""5""},{""type"":""LTE"",""pci"":379,""earfcn"":2600,""tac"":null,""rsrp"":-78,""rsrq"":-17,""rssi"":-51,""snr"":null,""ta"":0,""level"":4,""bands"":""5""},{""type"":""LTE"",""pci"":26,""earfcn"":100,""tac"":null,""rsrp"":-84,""rsrq"":-17,""rssi"":-57,""snr"":null,""ta"":0,""level"":4,""bands"":""1""},{""type"":""LTE"",""pci"":17,""earfcn"":3050,""tac"":null,""rsrp"":-84,""rsrq"":-11,""rssi"":-63,""snr"":null,""ta"":0,""level"":4,""bands"":""7""},{""type"":""LTE"",""pci"":420,""earfcn"":100,""tac"":null,""rsrp"":-87,""rsrq"":-20,""rssi"":-57,""snr"":null,""ta"":0,""level"":3,""bands"":""1""},{""type"":""LTE"",""pci"":379,""earfcn"":100,""tac"":null,""rsrp"":-88,""rsrq"":-19,""rssi"":-59,""snr"":null,""ta"":0,""level"":3,""bands"":""1""},{""type"":""LTE"",""pci"":420,""earfcn"":3050,""tac"":null,""rsrp"":-93,""rsrq"":-17,""rssi"":-63,""snr"":null,""ta"":0,""level"":3,""bands"":""7""},{""type"":""LTE"",""pci"":254,""earfcn"":3050,""tac"":null,""rsrp"":-95,""rsrq"":-20,""rssi"":-63,""snr"":null,""ta"":0,""level"":3,""bands"":""7""}]",1007.7377,52,0.459,0.459,8,4,,,,"[{""b"":""b4:94:4e:04:fb:77"",""s"":""Public WiFi Secure"",""r"":-36,""f"":5745},{""b"":""ba:94:4e:04:fb:76"",""s"":""Public WiFi Free"",""r"":-36,""f"":2417},{""b"":""ba:94:4e:04:fb:77"",""s"":""Public WiFi Free"",""r"":-36,""f"":5745},{""b"":""b4:94:4e:04:fb:76"",""s"":""Public WiFi Secure"",""r"":-37,""f"":2417},{""b"":""30:eb:1f:21:d7:58"",""s"":"""",""r"":-40,""f"":2447},{""b"":""1c:bf:ce:8d:13:ff"",""s"":""GNET_BB_D5_8D13FF"",""r"":-81,""f"":2457},{""b"":""70:2c:1f:55:c8:49"",""s"":""[refrigerator] Samsung"",""r"":-83,""f"":2412},{""b"":""00:19:70:97:fb:f7"",""s"":"""",""r"":-84,""f"":5785}]",""
1790660607673,2026-09-29 14:43:27,car,37.6176437,127.1491438,3.79,0.0,,51.92043029370752,fused,0,LTE,NR_NSA,5G,true,false,true,false,false,52636707,91,100,1,8372,450,06,-79,-8,-51,3,4,0,,,,2292,65280,0.0183,0.5222,2272,65260,0.0182,0.5221,false,8,0,8,-69,91,2600,1.1170856,false,false,periodic,112,0,0,0,2820,,,,"[{""type"":""LTE"",""pci"":91,""earfcn"":2600,""tac"":null,""rsrp"":-69,""rsrq"":-13,""rssi"":-51,""snr"":null,""ta"":0,""level"":4,""bands"":""5""},{""type"":""LTE"",""pci"":379,""earfcn"":2600,""tac"":null,""rsrp"":-80,""rsrq"":-20,""rssi"":-51,""snr"":null,""ta"":0,""level"":4,""bands"":""5""},{""type"":""LTE"",""pci"":26,""earfcn"":100,""tac"":null,""rsrp"":-84,""rsrq"":-17,""rssi"":-59,""snr"":null,""ta"":0,""level"":4,""bands"":""1""},{""type"":""LTE"",""pci"":17,""earfcn"":3050,""tac"":null,""rsrp"":-84,""rsrq"":-10,""rssi"":-63,""snr"":null,""ta"":0,""level"":4,""bands"":""7""},{""type"":""LTE"",""pci"":379,""earfcn"":100,""tac"":null,""rsrp"":-86,""rsrq"":-17,""rssi"":-59,""snr"":null,""ta"":0,""level"":3,""bands"":""1""},{""type"":""LTE"",""pci"":299,""earfcn"":100,""tac"":null,""rsrp"":-88,""rsrq"":-19,""rssi"":-57,""snr"":null,""ta"":0,""level"":3,""bands"":""1""},{""type"":""LTE"",""pci"":254,""earfcn"":3050,""tac"":null,""rsrp"":-93,""rsrq"":-19,""rssi"":-63,""snr"":null,""ta"":0,""level"":3,""bands"":""7""},{""type"":""LTE"",""pci"":420,""earfcn"":3050,""tac"":null,""rsrp"":-96,""rsrq"":-17,""rssi"":-63,""snr"":null,""ta"":0,""level"":2,""bands"":""7""}]",1007.4799,48,0.524,0.459,5,2,,,,"[{""b"":""ba:94:4e:04:fb:77"",""s"":""Public WiFi Free"",""r"":-34,""f"":5745},{""b"":""b4:94:4e:04:fb:77"",""s"":""Public WiFi Secure"",""r"":-34,""f"":5745},{""b"":""ba:94:4e:04:fb:76"",""s"":""Public WiFi Free"",""r"":-35,""f"":2417},{""b"":""b4:94:4e:04:fb:76"",""s"":""Public WiFi Secure"",""r"":-35,""f"":2417},{""b"":""30:eb:1f:21:d7:58"",""s"":"""",""r"":-39,""f"":2447}]",""
1790660612689,2026-09-29 14:43:32,car,37.6176438,127.1491438,3.79,0.0,,51.80412803172867,fused,0,LTE,NR_NSA,5G,true,false,true,false,false,52636707,91,100,1,8372,450,06,-76,-7,-51,6,4,0,,,,1263839,65857,10.1107,0.5269,1263799,65817,10.1104,0.5265,false,9,0,9,-68,91,2600,0.40317968,false,false,periodic,117,0,3,3,2387,,,,"[{""type"":""LTE"",""pci"":91,""earfcn"":2600,""tac"":null,""rsrp"":-68,""rsrq"":-8,""rssi"":-51,""snr"":null,""ta"":0,""level"":4,""bands"":""5""},{""type"":""LTE"",""pci"":26,""earfcn"":2600,""tac"":null,""rsrp"":-73,""rsrq"":-17,""rssi"":-51,""snr"":null,""ta"":0,""level"":4,""bands"":""5""},{""type"":""LTE"",""pci"":379,""earfcn"":2600,""tac"":null,""rsrp"":-80,""rsrq"":-20,""rssi"":-51,""snr"":null,""ta"":0,""level"":4,""bands"":""5""},{""type"":""LTE"",""pci"":17,""earfcn"":3050,""tac"":null,""rsrp"":-82,""rsrq"":-7,""rssi"":-53,""snr"":null,""ta"":0,""level"":4,""bands"":""7""},{""type"":""LTE"",""pci"":420,""earfcn"":100,""tac"":null,""rsrp"":-89,""rsrq"":-20,""rssi"":-57,""snr"":null,""ta"":0,""level"":3,""bands"":""1""},{""type"":""LTE"",""pci"":26,""earfcn"":100,""tac"":null,""rsrp"":-90,""rsrq"":-17,""rssi"":-63,""snr"":null,""ta"":0,""level"":3,""bands"":""1""},{""type"":""LTE"",""pci"":379,""earfcn"":100,""tac"":null,""rsrp"":-90,""rsrq"":-20,""rssi"":-59,""snr"":null,""ta"":0,""level"":3,""bands"":""1""},{""type"":""LTE"",""pci"":420,""earfcn"":3050,""tac"":null,""rsrp"":-91,""rsrq"":-17,""rssi"":-63,""snr"":null,""ta"":0,""level"":3,""bands"":""7""},{""type"":""LTE"",""pci"":254,""earfcn"":3050,""tac"":null,""rsrp"":-93,""rsrq"":-19,""rssi"":-63,""snr"":null,""ta"":0,""level"":3,""bands"":""7""}]",1007.77936,50,0.459,0.524,5,1,,,,"[{""b"":""30:eb:1f:21:d7:58"",""s"":"""",""r"":-32,""f"":2447},{""b"":""ba:94:4e:04:fb:76"",""s"":""Public WiFi Free"",""r"":-35,""f"":2417},{""b"":""b4:94:4e:04:fb:76"",""s"":""Public WiFi Secure"",""r"":-35,""f"":2417},{""b"":""ba:94:4e:04:fb:77"",""s"":""Public WiFi Free"",""r"":-39,""f"":5745},{""b"":""b4:94:4e:04:fb:77"",""s"":""Public WiFi Secure"",""r"":-39,""f"":5745}]",""
1790660617699,2026-09-29 14:43:37,car,37.6176482,127.1492752,3.79,4.54,87.0,51.55367025050862,fused,0,LTE,NR_NSA,5G,true,false,true,false,false,52636707,91,100,1,8372,450,06,-76,-9,-51,8,4,0,,,,6432,65888,0.0515,0.5271,6412,65868,0.0513,0.5269,false,7,0,7,-78,91,2600,4.54,false,false,periodic,122,0,0,2,5004,,,,"[{""type"":""LTE"",""pci"":91,""earfcn"":2600,""tac"":null,""rsrp"":-78,""rsrq"":-8,""rssi"":-57,""snr"":null,""ta"":0,""level"":4,""bands"":""5""},{""type"":""LTE"",""pci"":17,""earfcn"":3050,""tac"":null,""rsrp"":-83,""rsrq"":-10,""rssi"":-63,""snr"":null,""ta"":0,""level"":4,""bands"":""7""},{""type"":""LTE"",""pci"":379,""earfcn"":2600,""tac"":null,""rsrp"":-85,""rsrq"":-16,""rssi"":-57,""snr"":null,""ta"":0,""level"":4,""bands"":""5""},{""type"":""LTE"",""pci"":26,""earfcn"":100,""tac"":null,""rsrp"":-86,""rsrq"":-17,""rssi"":-59,""snr"":null,""ta"":0,""level"":3,""bands"":""1""},{""type"":""LTE"",""pci"":26,""earfcn"":2600,""tac"":null,""rsrp"":-86,""rsrq"":-19,""rssi"":-57,""snr"":null,""ta"":0,""level"":3,""bands"":""5""},{""type"":""LTE"",""pci"":254,""earfcn"":3050,""tac"":null,""rsrp"":-93,""rsrq"":-19,""rssi"":-63,""snr"":null,""ta"":0,""level"":3,""bands"":""7""},{""type"":""LTE"",""pci"":420,""earfcn"":3050,""tac"":null,""rsrp"":-95,""rsrq"":-20,""rssi"":-63,""snr"":null,""ta"":0,""level"":3,""bands"":""7""}]",1007.8261,48,0.524,0.459,5,6,,,,"[{""b"":""30:eb:1f:21:d7:58"",""s"":"""",""r"":-32,""f"":2447},{""b"":""ba:94:4e:04:fb:76"",""s"":""Public WiFi Free"",""r"":-35,""f"":2417},{""b"":""b4:94:4e:04:fb:76"",""s"":""Public WiFi Secure"",""r"":-35,""f"":2417},{""b"":""ba:94:4e:04:fb:77"",""s"":""Public WiFi Free"",""r"":-39,""f"":5745},{""b"":""b4:94:4e:04:fb:77"",""s"":""Public WiFi Secure"",""r"":-39,""f"":5745}]",""
1790660622719,2026-09-29 14:43:42,car,37.6176291,127.1496482,3.79,6.41,94.0,51.239348043987384,fused,0,LTE,NR_NSA,5G,true,false,true,false,false,52636707,91,100,1,8372,450,06,-78,-7,-51,7,4,0,,,,3463,66909,0.0277,0.5353,3443,66890,0.0275,0.5351,false,9,0,9,-77,91,2600,6.41,false,false,periodic,127,0,-2,-1,5002,,,,"[{""type"":""LTE"",""pci"":91,""earfcn"":2600,""tac"":null,""rsrp"":-77,""rsrq"":-12,""rssi"":-55,""snr"":null,""ta"":0,""level"":4,""bands"":""5""},{""type"":""LTE"",""pci"":344,""earfcn"":2600,""tac"":null,""rsrp"":-78,""rsrq"":-20,""rssi"":-51,""snr"":null,""ta"":0,""level"":4,""bands"":""5""},{""type"":""LTE"",""pci"":379,""earfcn"":2600,""tac"":null,""rsrp"":-85,""rsrq"":-20,""rssi"":-55,""snr"":null,""ta"":0,""level"":4,""bands"":""5""},{""type"":""LTE"",""pci"":17,""earfcn"":3050,""tac"":null,""rsrp"":-85,""rsrq"":-10,""rssi"":-65,""snr"":null,""ta"":0,""level"":4,""bands"":""7""},{""type"":""LTE"",""pci"":26,""earfcn"":2600,""tac"":null,""rsrp"":-86,""rsrq"":-19,""rssi"":-55,""snr"":null,""ta"":0,""level"":3,""bands"":""5""},{""type"":""LTE"",""pci"":26,""earfcn"":100,""tac"":null,""rsrp"":-90,""rsrq"":-19,""rssi"":-61,""snr"":null,""ta"":0,""level"":3,""bands"":""1""},{""type"":""LTE"",""pci"":379,""earfcn"":100,""tac"":null,""rsrp"":-90,""rsrq"":-17,""rssi"":-61,""snr"":null,""ta"":0,""level"":3,""bands"":""1""},{""type"":""LTE"",""pci"":254,""earfcn"":3050,""tac"":null,""rsrp"":-95,""rsrq"":-19,""rssi"":-65,""snr"":null,""ta"":0,""level"":3,""bands"":""7""},{""type"":""LTE"",""pci"":420,""earfcn"":3050,""tac"":null,""rsrp"":-100,""rsrq"":-20,""rssi"":-65,""snr"":null,""ta"":0,""level"":2,""bands"":""7""}]",1007.90985,55,0.459,0.459,6,3,,,,"[{""b"":""ba:94:4e:04:fb:76"",""s"":""Public WiFi Free"",""r"":-34,""f"":2417},{""b"":""b4:94:4e:04:fb:76"",""s"":""Public WiFi Secure"",""r"":-34,""f"":2417},{""b"":""ba:94:4e:04:fb:77"",""s"":""Public WiFi Free"",""r"":-40,""f"":5745},{""b"":""b4:94:4e:04:fb:77"",""s"":""Public WiFi Secure"",""r"":-40,""f"":5745},{""b"":""00:24:a5:0f:2b:3b"",""s"":""0024A50F2B3B"",""r"":-80,""f"":2442},{""b"":""1c:bf:ce:a8:d8:33"",""s"":""GNET_BB_CATCHON_A8D833"",""r"":-83,""f"":2457}]",""
1790660627738,2026-09-29 14:43:47,car,37.6177256,127.1499016,4.075,4.8,18.0,50.66886130962126,fused,0,LTE,NR_NSA,5G,true,false,true,false,false,52636707,91,100,1,8372,450,06,-87,-12,-55,10,3,0,,,,2181,65344,0.0174,0.5228,2161,65324,0.0173,0.5226,false,9,0,9,-83,91,2600,4.8,false,false,periodic,132,0,-9,3,1782,,,,"[{""type"":""LTE"",""pci"":91,""earfcn"":2600,""tac"":null,""rsrp"":-83,""rsrq"":-14,""rssi"":-59,""snr"":null,""ta"":0,""level"":4,""bands"":""5""},{""type"":""LTE"",""pci"":379,""earfcn"":100,""tac"":null,""rsrp"":-84,""rsrq"":-11,""rssi"":-63,""snr"":null,""ta"":0,""level"":4,""bands"":""1""},{""type"":""LTE"",""pci"":17,""earfcn"":3050,""tac"":null,""rsrp"":-86,""rsrq"":-10,""rssi"":-65,""snr"":null,""ta"":0,""level"":3,""bands"":""7""},{""type"":""LTE"",""pci"":379,""earfcn"":2600,""tac"":null,""rsrp"":-87,""rsrq"":-18,""rssi"":-59,""snr"":null,""ta"":0,""level"":3,""bands"":""5""},{""type"":""LTE"",""pci"":250,""earfcn"":2600,""tac"":null,""rsrp"":-88,""rsrq"":-20,""rssi"":-59,""snr"":null,""ta"":0,""level"":3,""bands"":""5""},{""type"":""LTE"",""pci"":102,""earfcn"":100,""tac"":null,""rsrp"":-89,""rsrq"":-17,""rssi"":-63,""snr"":null,""ta"":0,""level"":3,""bands"":""1""},{""type"":""LTE"",""pci"":344,""earfcn"":2600,""tac"":null,""rsrp"":-89,""rsrq"":-19,""rssi"":-59,""snr"":null,""ta"":0,""level"":3,""bands"":""5""},{""type"":""LTE"",""pci"":26,""earfcn"":2600,""tac"":null,""rsrp"":-89,""rsrq"":-19,""rssi"":-61,""snr"":null,""ta"":0,""level"":3,""bands"":""5""},{""type"":""LTE"",""pci"":420,""earfcn"":3050,""tac"":null,""rsrp"":-105,""rsrq"":-20,""rssi"":-73,""snr"":null,""ta"":0,""level"":2,""bands"":""7""}]",1007.88196,47,0.459,0.459,6,8,,,,"[{""b"":""ba:94:4e:04:fb:76"",""s"":""Public WiFi Free"",""r"":-34,""f"":2417},{""b"":""b4:94:4e:04:fb:76"",""s"":""Public WiFi Secure"",""r"":-34,""f"":2417},{""b"":""ba:94:4e:04:fb:77"",""s"":""Public WiFi Free"",""r"":-40,""f"":5745},{""b"":""b4:94:4e:04:fb:77"",""s"":""Public WiFi Secure"",""r"":-40,""f"":5745},{""b"":""00:24:a5:0f:2b:3b"",""s"":""0024A50F2B3B"",""r"":-80,""f"":2442},{""b"":""1c:bf:ce:a8:d8:33"",""s"":""GNET_BB_CATCHON_A8D833"",""r"":-83,""f"":2457}]",""
1790660632763,2026-09-29 14:43:52,car,37.6180762,127.1497352,4.296,8.4,338.0,50.5858595023704,fused,0,LTE,NR_NSA,5G,true,false,true,false,false,52636707,91,100,1,8372,450,06,-87,-12,-55,10,3,0,,,,5639,66572,0.0451,0.5326,5628,66533,0.0450,0.5323,false,9,0,9,-83,91,2600,8.4,false,false,periodic,137,0,0,0,6805,,,,"[{""type"":""LTE"",""pci"":91,""earfcn"":2600,""tac"":null,""rsrp"":-83,""rsrq"":-14,""rssi"":-59,""snr"":null,""ta"":0,""level"":4,""bands"":""5""},{""type"":""LTE"",""pci"":379,""earfcn"":100,""tac"":null,""rsrp"":-84,""rsrq"":-11,""rssi"":-63,""snr"":null,""ta"":0,""level"":4,""bands"":""1""},{""type"":""LTE"",""pci"":17,""earfcn"":3050,""tac"":null,""rsrp"":-86,""rsrq"":-10,""rssi"":-65,""snr"":null,""ta"":0,""level"":3,""bands"":""7""},{""type"":""LTE"",""pci"":379,""earfcn"":2600,""tac"":null,""rsrp"":-87,""rsrq"":-18,""rssi"":-59,""snr"":null,""ta"":0,""level"":3,""bands"":""5""},{""type"":""LTE"",""pci"":250,""earfcn"":2600,""tac"":null,""rsrp"":-88,""rsrq"":-20,""rssi"":-59,""snr"":null,""ta"":0,""level"":3,""bands"":""5""},{""type"":""LTE"",""pci"":102,""earfcn"":100,""tac"":null,""rsrp"":-89,""rsrq"":-17,""rssi"":-63,""snr"":null,""ta"":0,""level"":3,""bands"":""1""},{""type"":""LTE"",""pci"":344,""earfcn"":2600,""tac"":null,""rsrp"":-89,""rsrq"":-19,""rssi"":-59,""snr"":null,""ta"":0,""level"":3,""bands"":""5""},{""type"":""LTE"",""pci"":26,""earfcn"":2600,""tac"":null,""rsrp"":-89,""rsrq"":-19,""rssi"":-61,""snr"":null,""ta"":0,""level"":3,""bands"":""5""},{""type"":""LTE"",""pci"":420,""earfcn"":3050,""tac"":null,""rsrp"":-105,""rsrq"":-20,""rssi"":-73,""snr"":null,""ta"":0,""level"":2,""bands"":""7""}]",1007.8941,54,0.459,0.524,9,3,,,,"[{""b"":""b4:94:4e:04:fb:76"",""s"":""Public WiFi Secure"",""r"":-36,""f"":2417},{""b"":""ba:94:4e:04:fb:76"",""s"":""Public WiFi Free"",""r"":-36,""f"":2417},{""b"":""b4:94:4e:04:fb:77"",""s"":""Public WiFi Secure"",""r"":-37,""f"":5745},{""b"":""ba:94:4e:04:fb:77"",""s"":""Public WiFi Free"",""r"":-37,""f"":5745},{""b"":""30:eb:1f:21:d7:58"",""s"":"""",""r"":-44,""f"":2447},{""b"":""58:86:94:1b:5a:fc"",""s"":""SK_532C_5G_2G"",""r"":-80,""f"":2462},{""b"":""88:3c:1c:b9:f5:c8"",""s"":""KT_GiGA_2G_Wave2_F5C4"",""r"":-82,""f"":2447},{""b"":""56:46:ae:5b:ed:8a"",""s"":""KT_GiGA_Mesh_ED86"",""r"":-83,""f"":2422},{""b"":""88:3c:1c:ad:35:03"",""s"":""KT_GiGA_2G_Wave2_34FF"",""r"":-83,""f"":2427}]",""
1790660637782,2026-09-29 14:43:57,car,37.6184849,127.1494892,3.79,11.03,331.0,51.13215948767938,fused,0,LTE,NR_NSA,5G,true,false,true,false,false,52636707,91,100,1,8372,450,06,-92,-13,-61,4,3,1,,,,2235,63605,0.0179,0.5088,2186,63585,0.0175,0.5087,false,9,0,9,-83,91,2600,11.03,false,false,periodic,142,0,-5,-6,5001,,,,"[{""type"":""LTE"",""pci"":91,""earfcn"":2600,""tac"":null,""rsrp"":-83,""rsrq"":-14,""rssi"":-59,""snr"":null,""ta"":1,""level"":4,""bands"":""5""},{""type"":""LTE"",""pci"":379,""earfcn"":2600,""tac"":null,""rsrp"":-89,""rsrq"":-20,""rssi"":-59,""snr"":null,""ta"":1,""level"":3,""bands"":""5""},{""type"":""LTE"",""pci"":250,""earfcn"":2600,""tac"":null,""rsrp"":-92,""rsrq"":-19,""rssi"":-59,""snr"":null,""ta"":1,""level"":3,""bands"":""5""},{""type"":""LTE"",""pci"":17,""earfcn"":3050,""tac"":null,""rsrp"":-94,""rsrq"":-10,""rssi"":-73,""snr"":null,""ta"":1,""level"":3,""bands"":""7""},{""type"":""LTE"",""pci"":432,""earfcn"":100,""tac"":null,""rsrp"":-95,""rsrq"":-17,""rssi"":-67,""snr"":null,""ta"":1,""level"":3,""bands"":""1""},{""type"":""LTE"",""pci"":379,""earfcn"":100,""tac"":null,""rsrp"":-98,""rsrq"":-18,""rssi"":-69,""snr"":null,""ta"":1,""level"":2,""bands"":""1""},{""type"":""LTE"",""pci"":250,""earfcn"":100,""tac"":null,""rsrp"":-99,""rsrq"":-20,""rssi"":-69,""snr"":null,""ta"":1,""level"":2,""bands"":""1""},{""type"":""LTE"",""pci"":95,""earfcn"":100,""tac"":null,""rsrp"":-99,""rsrq"":-19,""rssi"":-69,""snr"":null,""ta"":1,""level"":2,""bands"":""1""},{""type"":""LTE"",""pci"":260,""earfcn"":3050,""tac"":null,""rsrp"":-103,""rsrq"":-16,""rssi"":-73,""snr"":null,""ta"":1,""level"":2,""bands"":""7""}]",1007.93726,52,0.524,0.459,9,8,,,,"[{""b"":""b4:94:4e:04:fb:76"",""s"":""Public WiFi Secure"",""r"":-36,""f"":2417},{""b"":""ba:94:4e:04:fb:76"",""s"":""Public WiFi Free"",""r"":-36,""f"":2417},{""b"":""b4:94:4e:04:fb:77"",""s"":""Public WiFi Secure"",""r"":-37,""f"":5745},{""b"":""ba:94:4e:04:fb:77"",""s"":""Public WiFi Free"",""r"":-37,""f"":5745},{""b"":""30:eb:1f:21:d7:58"",""s"":"""",""r"":-44,""f"":2447},{""b"":""58:86:94:1b:5a:fc"",""s"":""SK_532C_5G_2G"",""r"":-80,""f"":2462},{""b"":""88:3c:1c:b9:f5:c8"",""s"":""KT_GiGA_2G_Wave2_F5C4"",""r"":-82,""f"":2447},{""b"":""56:46:ae:5b:ed:8a"",""s"":""KT_GiGA_Mesh_ED86"",""r"":-83,""f"":2422},{""b"":""88:3c:1c:ad:35:03"",""s"":""KT_GiGA_2G_Wave2_34FF"",""r"":-83,""f"":2427}]",""
1790660642802,2026-09-29 14:44:02,car,37.6188868,127.1491636,3.79,9.72,324.0,51.37389427076066,fused,0,LTE,NR_NSA,5G,true,false,true,false,false,52636707,91,100,1,8372,450,06,-95,-12,-61,4,3,1,,,,2035,65233,0.0163,0.5219,2015,65213,0.0161,0.5217,false,6,0,6,-84,91,2600,9.72,false,false,periodic,147,0,-3,0,5001,,,,"[{""type"":""LTE"",""pci"":91,""earfcn"":2600,""tac"":null,""rsrp"":-84,""rsrq"":-13,""rssi"":-61,""snr"":null,""ta"":1,""level"":4,""bands"":""5""},{""type"":""LTE"",""pci"":250,""earfcn"":2600,""tac"":null,""rsrp"":-91,""rsrq"":-18,""rssi"":-61,""snr"":null,""ta"":1,""level"":3,""bands"":""5""},{""type"":""LTE"",""pci"":379,""earfcn"":2600,""tac"":null,""rsrp"":-92,""rsrq"":-17,""rssi"":-61,""snr"":null,""ta"":1,""level"":3,""bands"":""5""},{""type"":""LTE"",""pci"":17,""earfcn"":3050,""tac"":null,""rsrp"":-97,""rsrq"":-9,""rssi"":-79,""snr"":null,""ta"":1,""level"":2,""bands"":""7""},{""type"":""LTE"",""pci"":95,""earfcn"":100,""tac"":null,""rsrp"":-101,""rsrq"":-18,""rssi"":-73,""snr"":null,""ta"":1,""level"":2,""bands"":""1""},{""type"":""LTE"",""pci"":260,""earfcn"":3050,""tac"":null,""rsrp"":-105,""rsrq"":-17,""rssi"":-79,""snr"":null,""ta"":1,""level"":2,""bands"":""7""}]",1007.83777,48,0.504,0.459,9,13,,,,"[{""b"":""b4:94:4e:04:fb:76"",""s"":""Public WiFi Secure"",""r"":-36,""f"":2417},{""b"":""ba:94:4e:04:fb:76"",""s"":""Public WiFi Free"",""r"":-36,""f"":2417},{""b"":""b4:94:4e:04:fb:77"",""s"":""Public WiFi Secure"",""r"":-37,""f"":5745},{""b"":""ba:94:4e:04:fb:77"",""s"":""Public WiFi Free"",""r"":-37,""f"":5745},{""b"":""30:eb:1f:21:d7:58"",""s"":"""",""r"":-44,""f"":2447},{""b"":""58:86:94:1b:5a:fc"",""s"":""SK_532C_5G_2G"",""r"":-80,""f"":2462},{""b"":""88:3c:1c:b9:f5:c8"",""s"":""KT_GiGA_2G_Wave2_F5C4"",""r"":-82,""f"":2447},{""b"":""56:46:ae:5b:ed:8a"",""s"":""KT_GiGA_Mesh_ED86"",""r"":-83,""f"":2422},{""b"":""88:3c:1c:ad:35:03"",""s"":""KT_GiGA_2G_Wave2_34FF"",""r"":-83,""f"":2427}]",""
1790660644094,2026-09-29 14:44:04,car,37.6190195,127.1490236,3.79,9.35,323.0,51.25515137096225,fused,0,LTE,NR_NSA,5G,true,false,true,false,false,52635912,95,100,1,8372,450,06,-90,-11,-57,3,3,1,,,,1950,68436,0.0156,0.5475,1950,68436,0.0156,0.5475,false,9,0,9,-85,17,3050,9.35,true,false,handover,0,1,,,6,52636707,-95,-12,"[{""type"":""LTE"",""pci"":17,""earfcn"":3050,""tac"":null,""rsrp"":-85,""rsrq"":-8,""rssi"":-67,""snr"":null,""ta"":1,""level"":4,""bands"":""7""},{""type"":""LTE"",""pci"":91,""earfcn"":2600,""tac"":null,""rsrp"":-86,""rsrq"":-13,""rssi"":-61,""snr"":null,""ta"":1,""level"":3,""bands"":""5""},{""type"":""LTE"",""pci"":95,""earfcn"":2600,""tac"":null,""rsrp"":-88,""rsrq"":-16,""rssi"":-61,""snr"":null,""ta"":1,""level"":3,""bands"":""5""},{""type"":""LTE"",""pci"":133,""earfcn"":100,""tac"":null,""rsrp"":-94,""rsrq"":-13,""rssi"":-65,""snr"":null,""ta"":1,""level"":3,""bands"":""1""},{""type"":""LTE"",""pci"":21,""earfcn"":2600,""tac"":null,""rsrp"":-95,""rsrq"":-20,""rssi"":-63,""snr"":null,""ta"":1,""level"":3,""bands"":""5""},{""type"":""LTE"",""pci"":91,""earfcn"":100,""tac"":null,""rsrp"":-96,""rsrq"":-16,""rssi"":-65,""snr"":null,""ta"":1,""level"":2,""bands"":""1""},{""type"":""LTE"",""pci"":432,""earfcn"":100,""tac"":null,""rsrp"":-96,""rsrq"":-16,""rssi"":-69,""snr"":null,""ta"":1,""level"":2,""bands"":""1""},{""type"":""LTE"",""pci"":260,""earfcn"":3050,""tac"":null,""rsrp"":-96,""rsrq"":-18,""rssi"":-67,""snr"":null,""ta"":1,""level"":2,""bands"":""7""},{""type"":""LTE"",""pci"":379,""earfcn"":2600,""tac"":null,""rsrp"":-97,""rsrq"":-20,""rssi"":-63,""snr"":null,""ta"":1,""level"":2,""bands"":""5""}]",1007.83844,48,0.459,0.524,9,15,,,,"[{""b"":""b4:94:4e:04:fb:76"",""s"":""Public WiFi Secure"",""r"":-36,""f"":2417},{""b"":""ba:94:4e:04:fb:76"",""s"":""Public WiFi Free"",""r"":-36,""f"":2417},{""b"":""b4:94:4e:04:fb:77"",""s"":""Public WiFi Secure"",""r"":-37,""f"":5745},{""b"":""ba:94:4e:04:fb:77"",""s"":""Public WiFi Free"",""r"":-37,""f"":5745},{""b"":""30:eb:1f:21:d7:58"",""s"":"""",""r"":-44,""f"":2447},{""b"":""58:86:94:1b:5a:fc"",""s"":""SK_532C_5G_2G"",""r"":-80,""f"":2462},{""b"":""88:3c:1c:b9:f5:c8"",""s"":""KT_GiGA_2G_Wave2_F5C4"",""r"":-82,""f"":2447},{""b"":""56:46:ae:5b:ed:8a"",""s"":""KT_GiGA_Mesh_ED86"",""r"":-83,""f"":2422},{""b"":""88:3c:1c:ad:35:03"",""s"":""KT_GiGA_2G_Wave2_34FF"",""r"":-83,""f"":2427}]","[{""type"":""LTE"",""pci"":91,""earfcn"":2600,""tac"":null,""rsrp"":-84,""rsrq"":-13,""rssi"":-61,""snr"":null,""ta"":1,""level"":4,""bands"":""5""},{""type"":""LTE"",""pci"":250,""earfcn"":2600,""tac"":null,""rsrp"":-91,""rsrq"":-18,""rssi"":-61,""snr"":null,""ta"":1,""level"":3,""bands"":""5""},{""type"":""LTE"",""pci"":379,""earfcn"":2600,""tac"":null,""rsrp"":-92,""rsrq"":-17,""rssi"":-61,""snr"":null,""ta"":1,""level"":3,""bands"":""5""},{""type"":""LTE"",""pci"":17,""earfcn"":3050,""tac"":null,""rsrp"":-97,""rsrq"":-9,""rssi"":-79,""snr"":null,""ta"":1,""level"":2,""bands"":""7""},{""type"":""LTE"",""pci"":95,""earfcn"":100,""tac"":null,""rsrp"":-101,""rsrq"":-18,""rssi"":-73,""snr"":null,""ta"":1,""level"":2,""bands"":""1""},{""type"":""LTE"",""pci"":260,""earfcn"":3050,""tac"":null,""rsrp"":-105,""rsrq"":-17,""rssi"":-79,""snr"":null,""ta"":1,""level"":2,""bands"":""7""}]"
1790660647819,2026-09-29 14:44:07,car,37.6191842,127.1488491,3.79,6.86,321.0,51.122304587017474,fused,0,LTE,NR_NSA,5G,true,false,true,false,false,52635912,95,100,1,8372,450,06,-91,-10,-57,4,3,2,,,,12512,66278,0.1001,0.5302,12485,66251,0.0999,0.5300,false,8,0,8,-78,91,2600,6.86,false,false,periodic,3,1,-1,1,1429,,,,"[{""type"":""LTE"",""pci"":91,""earfcn"":2600,""tac"":null,""rsrp"":-78,""rsrq"":-13,""rssi"":-55,""snr"":null,""ta"":2,""level"":4,""bands"":""5""},{""type"":""LTE"",""pci"":95,""earfcn"":2600,""tac"":null,""rsrp"":-83,""rsrq"":-16,""rssi"":-55,""snr"":null,""ta"":2,""level"":4,""bands"":""5""},{""type"":""LTE"",""pci"":133,""earfcn"":2600,""tac"":null,""rsrp"":-85,""rsrq"":-19,""rssi"":-55,""snr"":null,""ta"":2,""level"":4,""bands"":""5""},{""type"":""LTE"",""pci"":91,""earfcn"":100,""tac"":null,""rsrp"":-94,""rsrq"":-15,""rssi"":-71,""snr"":null,""ta"":2,""level"":3,""bands"":""1""},{""type"":""LTE"",""pci"":260,""earfcn"":3050,""tac"":null,""rsrp"":-96,""rsrq"":-18,""rssi"":-67,""snr"":null,""ta"":2,""level"":2,""bands"":""7""},{""type"":""LTE"",""pci"":133,""earfcn"":100,""tac"":null,""rsrp"":-97,""rsrq"":-16,""rssi"":-71,""snr"":null,""ta"":2,""level"":2,""bands"":""1""},{""type"":""LTE"",""pci"":17,""earfcn"":3050,""tac"":null,""rsrp"":-98,""rsrq"":-11,""rssi"":-77,""snr"":null,""ta"":2,""level"":2,""bands"":""7""},{""type"":""LTE"",""pci"":432,""earfcn"":100,""tac"":null,""rsrp"":-100,""rsrq"":-20,""rssi"":-71,""snr"":null,""ta"":2,""level"":2,""bands"":""1""}]",1007.8603,46,0.459,0.459,8,5,,,,"[{""b"":""b4:94:4e:04:fb:76"",""s"":""Public WiFi Secure"",""r"":-36,""f"":2417},{""b"":""b4:94:4e:04:fb:77"",""s"":""Public WiFi Secure"",""r"":-36,""f"":5745},{""b"":""ba:94:4e:04:fb:76"",""s"":""Public WiFi Free"",""r"":-36,""f"":2417},{""b"":""ba:94:4e:04:fb:77"",""s"":""Public WiFi Free"",""r"":-37,""f"":5745},{""b"":""18:c5:01:a0:14:72"",""s"":""U+Net1470"",""r"":-80,""f"":2447},{""b"":""30:52:5a:31:72:9a"",""s"":""NAP11NR-31729A"",""r"":-81,""f"":2427},{""b"":""88:3c:1c:ad:35:03"",""s"":""KT_GiGA_2G_Wave2_34FF"",""r"":-83,""f"":2427},{""b"":""60:29:d5:a7:8d:39"",""s"":""KT_GiGA_8D35"",""r"":-85,""f"":2432}]",""
1790660652842,2026-09-29 14:44:12,car,37.6193268,127.1487067,3.79,2.06,341.0,50.82155821655643,fused,0,LTE,NR_NSA,5G,true,false,true,false,false,52635912,95,100,1,8372,450,06,-91,-10,-57,4,3,2,,,,7339,69124,0.0587,0.5530,7319,69104,0.0586,0.5528,false,8,0,8,-78,91,2600,2.06,false,false,periodic,8,1,0,0,6452,,,,"[{""type"":""LTE"",""pci"":91,""earfcn"":2600,""tac"":null,""rsrp"":-78,""rsrq"":-13,""rssi"":-55,""snr"":null,""ta"":2,""level"":4,""bands"":""5""},{""type"":""LTE"",""pci"":95,""earfcn"":2600,""tac"":null,""rsrp"":-83,""rsrq"":-16,""rssi"":-55,""snr"":null,""ta"":2,""level"":4,""bands"":""5""},{""type"":""LTE"",""pci"":133,""earfcn"":2600,""tac"":null,""rsrp"":-85,""rsrq"":-19,""rssi"":-55,""snr"":null,""ta"":2,""level"":4,""bands"":""5""},{""type"":""LTE"",""pci"":91,""earfcn"":100,""tac"":null,""rsrp"":-94,""rsrq"":-15,""rssi"":-71,""snr"":null,""ta"":2,""level"":3,""bands"":""1""},{""type"":""LTE"",""pci"":260,""earfcn"":3050,""tac"":null,""rsrp"":-96,""rsrq"":-18,""rssi"":-67,""snr"":null,""ta"":2,""level"":2,""bands"":""7""},{""type"":""LTE"",""pci"":133,""earfcn"":100,""tac"":null,""rsrp"":-97,""rsrq"":-16,""rssi"":-71,""snr"":null,""ta"":2,""level"":2,""bands"":""1""},{""type"":""LTE"",""pci"":17,""earfcn"":3050,""tac"":null,""rsrp"":-98,""rsrq"":-11,""rssi"":-77,""snr"":null,""ta"":2,""level"":2,""bands"":""7""},{""type"":""LTE"",""pci"":432,""earfcn"":100,""tac"":null,""rsrp"":-100,""rsrq"":-20,""rssi"":-71,""snr"":null,""ta"":2,""level"":2,""bands"":""1""}]",1007.88965,47,0.483,0.524,8,10,,,,"[{""b"":""b4:94:4e:04:fb:76"",""s"":""Public WiFi Secure"",""r"":-36,""f"":2417},{""b"":""b4:94:4e:04:fb:77"",""s"":""Public WiFi Secure"",""r"":-36,""f"":5745},{""b"":""ba:94:4e:04:fb:76"",""s"":""Public WiFi Free"",""r"":-36,""f"":2417},{""b"":""ba:94:4e:04:fb:77"",""s"":""Public WiFi Free"",""r"":-37,""f"":5745},{""b"":""18:c5:01:a0:14:72"",""s"":""U+Net1470"",""r"":-80,""f"":2447},{""b"":""30:52:5a:31:72:9a"",""s"":""NAP11NR-31729A"",""r"":-81,""f"":2427},{""b"":""88:3c:1c:ad:35:03"",""s"":""KT_GiGA_2G_Wave2_34FF"",""r"":-83,""f"":2427},{""b"":""60:29:d5:a7:8d:39"",""s"":""KT_GiGA_8D35"",""r"":-85,""f"":2432}]",""
1790660657862,2026-09-29 14:44:17,car,37.6193404,127.1486955,3.79,0.0,,50.72833944978457,fused,0,LTE,NR_NSA,5G,true,false,true,false,false,52635912,95,100,1,8372,450,06,-82,-10,-51,2,4,1,,,,5152,66771,0.0412,0.5342,5113,66732,0.0409,0.5339,false,8,0,8,-78,91,2600,2.359125,false,false,periodic,13,1,9,-2,2905,,,,"[{""type"":""LTE"",""pci"":91,""earfcn"":2600,""tac"":null,""rsrp"":-78,""rsrq"":-14,""rssi"":-53,""snr"":null,""ta"":1,""level"":4,""bands"":""5""},{""type"":""LTE"",""pci"":95,""earfcn"":2600,""tac"":null,""rsrp"":-80,""rsrq"":-12,""rssi"":-53,""snr"":null,""ta"":1,""level"":4,""bands"":""5""},{""type"":""LTE"",""pci"":344,""earfcn"":2600,""tac"":null,""rsrp"":-82,""rsrq"":-18,""rssi"":-53,""snr"":null,""ta"":1,""level"":4,""bands"":""5""},{""type"":""LTE"",""pci"":133,""earfcn"":2600,""tac"":null,""rsrp"":-84,""rsrq"":-20,""rssi"":-53,""snr"":null,""ta"":1,""level"":4,""bands"":""5""},{""type"":""LTE"",""pci"":91,""earfcn"":100,""tac"":null,""rsrp"":-86,""rsrq"":-17,""rssi"":-57,""snr"":null,""ta"":1,""level"":3,""bands"":""1""},{""type"":""LTE"",""pci"":133,""earfcn"":100,""tac"":null,""rsrp"":-98,""rsrq"":-19,""rssi"":-67,""snr"":null,""ta"":1,""level"":2,""bands"":""1""},{""type"":""LTE"",""pci"":448,""earfcn"":3050,""tac"":null,""rsrp"":-100,""rsrq"":-10,""rssi"":-79,""snr"":null,""ta"":1,""level"":2,""bands"":""7""},{""type"":""LTE"",""pci"":17,""earfcn"":3050,""tac"":null,""rsrp"":-101,""rsrq"":-12,""rssi"":-79,""snr"":null,""ta"":1,""level"":2,""bands"":""7""}]",1007.93365,53,0.524,0.459,13,1,,,,"[{""b"":""b4:94:4e:04:fb:77"",""s"":""Public WiFi Secure"",""r"":-34,""f"":5745},{""b"":""ba:94:4e:04:fb:77"",""s"":""Public WiFi Free"",""r"":-34,""f"":5745},{""b"":""b4:94:4e:04:fb:76"",""s"":""Public WiFi Secure"",""r"":-39,""f"":2417},{""b"":""ba:94:4e:04:fb:76"",""s"":""Public WiFi Free"",""r"":-39,""f"":2417},{""b"":""30:eb:1f:21:d7:58"",""s"":"""",""r"":-49,""f"":2447},{""b"":""30:52:5a:31:6f:44"",""s"":""NAP11NR-316F44"",""r"":-77,""f"":2417},{""b"":""28:6b:b4:e8:b3:33"",""s"":""[system a\/c]_E30AJT0233092L"",""r"":-81,""f"":2412},{""b"":""88:3c:1c:15:ef:14"",""s"":""KT_GiGA_2G_EF10"",""r"":-81,""f"":2432},{""b"":""ca:dd:6a:91:44:5d"",""s"":""[LG_CeilingCassette A\/C]445d"",""r"":-83,""f"":2462},{""b"":""0a:29:d5:d5:90:b0"",""s"":""Public WiFi Secure"",""r"":-86,""f"":5500},{""b"":""0a:29:d5:d5:90:b1"",""s"":""Public WiFi Free"",""r"":-86,""f"":5500},{""b"":""0a:29:d5:d5:90:b2"",""s"":"""",""r"":-86,""f"":5500},{""b"":""9e:f5:5f:54:c5:ca"",""s"":""MINI 15807"",""r"":-88,""f"":5220}]",""
1790660662884,2026-09-29 14:44:22,car,37.6193382,127.148695,3.79,0.0,,50.34200242106058,fused,0,LTE,NR_NSA,5G,true,false,true,false,false,52635912,95,100,1,8372,450,06,-77,-8,-51,5,4,1,,,,3660,64692,0.0293,0.5175,3640,64672,0.0291,0.5174,false,9,0,9,-70,95,2600,3.0407903,false,false,periodic,18,1,5,3,1925,,,,"[{""type"":""LTE"",""pci"":95,""earfcn"":2600,""tac"":null,""rsrp"":-70,""rsrq"":-9,""rssi"":-51,""snr"":null,""ta"":1,""level"":4,""bands"":""5""},{""type"":""LTE"",""pci"":91,""earfcn"":2600,""tac"":null,""rsrp"":-76,""rsrq"":-15,""rssi"":-51,""snr"":null,""ta"":1,""level"":4,""bands"":""5""},{""type"":""LTE"",""pci"":344,""earfcn"":2600,""tac"":null,""rsrp"":-79,""rsrq"":-18,""rssi"":-51,""snr"":null,""ta"":1,""level"":4,""bands"":""5""},{""type"":""LTE"",""pci"":133,""earfcn"":2600,""tac"":null,""rsrp"":-85,""rsrq"":-20,""rssi"":-55,""snr"":null,""ta"":1,""level"":4,""bands"":""5""},{""type"":""LTE"",""pci"":91,""earfcn"":100,""tac"":null,""rsrp"":-90,""rsrq"":-17,""rssi"":-57,""snr"":null,""ta"":1,""level"":3,""bands"":""1""},{""type"":""LTE"",""pci"":448,""earfcn"":3050,""tac"":null,""rsrp"":-96,""rsrq"":-10,""rssi"":-75,""snr"":null,""ta"":1,""level"":2,""bands"":""7""},{""type"":""LTE"",""pci"":17,""earfcn"":3050,""tac"":null,""rsrp"":-97,""rsrq"":-11,""rssi"":-75,""snr"":null,""ta"":1,""level"":2,""bands"":""7""},{""type"":""LTE"",""pci"":260,""earfcn"":3050,""tac"":null,""rsrp"":-104,""rsrq"":-18,""rssi"":-75,""snr"":null,""ta"":1,""level"":2,""bands"":""7""},{""type"":""LTE"",""pci"":160,""earfcn"":3050,""tac"":null,""rsrp"":-106,""rsrq"":-20,""rssi"":-75,""snr"":null,""ta"":1,""level"":1,""bands"":""7""}]",1007.8894,47,0.459,0.459,13,4,,,,"[{""b"":""ba:94:4e:04:fb:76"",""s"":""Public WiFi Free"",""r"":-36,""f"":2417},{""b"":""b4:94:4e:04:fb:77"",""s"":""Public WiFi Secure"",""r"":-37,""f"":5745},{""b"":""ba:94:4e:04:fb:77"",""s"":""Public WiFi Free"",""r"":-37,""f"":5745},{""b"":""b4:94:4e:04:fb:76"",""s"":""Public WiFi Secure"",""r"":-42,""f"":2417},{""b"":""50:46:ae:14:84:e5"",""s"":""KT_GiGA_84E1"",""r"":-79,""f"":2452},{""b"":""84:72:07:21:a9:de"",""s"":""WINIX SMART Air"",""r"":-79,""f"":2437},{""b"":""0c:96:cd:cc:67:05"",""s"":""SK_WiFiGIGA6702_2.4G"",""r"":-83,""f"":2437},{""b"":""0a:29:d5:d5:90:b2"",""s"":"""",""r"":-87,""f"":5500},{""b"":""16:96:cd:38:9a:be"",""s"":"""",""r"":-90,""f"":5745},{""b"":""0a:29:d5:d5:90:b0"",""s"":""Public WiFi Secure"",""r"":-90,""f"":5500},{""b"":""70:5d:cc:eb:55:de"",""s"":""PnK House_5G"",""r"":-90,""f"":5765},{""b"":""0a:29:d5:d5:90:b1"",""s"":""Public WiFi Free"",""r"":-90,""f"":5500},{""b"":""dc:8e:8d:71:fe:bd"",""s"":""DLive5G_FEBE"",""r"":-93,""f"":5220}]",""
1790660667918,2026-09-29 14:44:27,car,37.6193361,127.1486966,3.79,0.0,,50.452143677724706,fused,0,LTE,NR_NSA,5G,true,false,true,false,false,52635912,95,100,1,8372,450,06,-82,-9,-55,8,4,1,,,,6946,67670,0.0556,0.5414,6926,67650,0.0554,0.5412,false,11,0,11,-77,344,2600,6.858153,false,false,periodic,23,1,-5,3,1957,,,,"[{""type"":""LTE"",""pci"":344,""earfcn"":2600,""tac"":null,""rsrp"":-77,""rsrq"":-17,""rssi"":-51,""snr"":null,""ta"":1,""level"":4,""bands"":""5""},{""type"":""LTE"",""pci"":95,""earfcn"":2600,""tac"":null,""rsrp"":-81,""rsrq"":-9,""rssi"":-61,""snr"":null,""ta"":1,""level"":4,""bands"":""5""},{""type"":""LTE"",""pci"":91,""earfcn"":2600,""tac"":null,""rsrp"":-86,""rsrq"":-12,""rssi"":-61,""snr"":null,""ta"":1,""level"":3,""bands"":""5""},{""type"":""LTE"",""pci"":17,""earfcn"":3050,""tac"":null,""rsrp"":-96,""rsrq"":-8,""rssi"":-77,""snr"":null,""ta"":1,""level"":2,""bands"":""7""},{""type"":""LTE"",""pci"":133,""earfcn"":100,""tac"":null,""rsrp"":-97,""rsrq"":-20,""rssi"":-65,""snr"":null,""ta"":1,""level"":2,""bands"":""1""},{""type"":""LTE"",""pci"":448,""earfcn"":2600,""tac"":null,""rsrp"":-97,""rsrq"":-19,""rssi"":-63,""snr"":null,""ta"":1,""level"":2,""bands"":""5""},{""type"":""LTE"",""pci"":91,""earfcn"":100,""tac"":null,""rsrp"":-98,""rsrq"":-20,""rssi"":-67,""snr"":null,""ta"":1,""level"":2,""bands"":""1""},{""type"":""LTE"",""pci"":433,""earfcn"":100,""tac"":null,""rsrp"":-104,""rsrq"":-20,""rssi"":-71,""snr"":null,""ta"":1,""level"":2,""bands"":""1""},{""type"":""LTE"",""pci"":448,""earfcn"":3050,""tac"":null,""rsrp"":-105,""rsrq"":-18,""rssi"":-77,""snr"":null,""ta"":1,""level"":2,""bands"":""7""},{""type"":""LTE"",""pci"":260,""earfcn"":3050,""tac"":null,""rsrp"":-105,""rsrq"":-18,""rssi"":-77,""snr"":null,""ta"":1,""level"":2,""bands"":""7""},{""type"":""LTE"",""pci"":160,""earfcn"":3050,""tac"":null,""rsrp"":-106,""rsrq"":-17,""rssi"":-79,""snr"":null,""ta"":1,""level"":1,""bands"":""7""}]",1007.9107,48,0.459,0.459,13,9,,,,"[{""b"":""ba:94:4e:04:fb:76"",""s"":""Public WiFi Free"",""r"":-36,""f"":2417},{""b"":""b4:94:4e:04:fb:77"",""s"":""Public WiFi Secure"",""r"":-37,""f"":5745},{""b"":""ba:94:4e:04:fb:77"",""s"":""Public WiFi Free"",""r"":-37,""f"":5745},{""b"":""b4:94:4e:04:fb:76"",""s"":""Public WiFi Secure"",""r"":-42,""f"":2417},{""b"":""50:46:ae:14:84:e5"",""s"":""KT_GiGA_84E1"",""r"":-79,""f"":2452},{""b"":""84:72:07:21:a9:de"",""s"":""WINIX SMART Air"",""r"":-79,""f"":2437},{""b"":""0c:96:cd:cc:67:05"",""s"":""SK_WiFiGIGA6702_2.4G"",""r"":-83,""f"":2437},{""b"":""0a:29:d5:d5:90:b2"",""s"":"""",""r"":-87,""f"":5500},{""b"":""16:96:cd:38:9a:be"",""s"":"""",""r"":-90,""f"":5745},{""b"":""0a:29:d5:d5:90:b0"",""s"":""Public WiFi Secure"",""r"":-90,""f"":5500},{""b"":""70:5d:cc:eb:55:de"",""s"":""PnK House_5G"",""r"":-90,""f"":5765},{""b"":""0a:29:d5:d5:90:b1"",""s"":""Public WiFi Free"",""r"":-90,""f"":5500},{""b"":""dc:8e:8d:71:fe:bd"",""s"":""DLive5G_FEBE"",""r"":-93,""f"":5220}]",""
1790660672940,2026-09-29 14:44:32,car,37.6193362,127.1486958,3.79,0.0,,50.50570552061214,fused,1,LTE,NR_NSA,5G,true,false,true,false,false,52635912,95,100,1,8372,450,06,-82,-8,-55,8,4,1,,,,2546,65269,0.0204,0.5222,2527,65249,0.0202,0.5220,false,9,0,9,-79,95,2600,0.1466127,false,false,periodic,28,1,0,0,1671,,,,"[{""type"":""LTE"",""pci"":95,""earfcn"":2600,""tac"":null,""rsrp"":-79,""rsrq"":-14,""rssi"":-55,""snr"":null,""ta"":1,""level"":4,""bands"":""5""},{""type"":""LTE"",""pci"":91,""earfcn"":2600,""tac"":null,""rsrp"":-81,""rsrq"":-15,""rssi"":-55,""snr"":null,""ta"":1,""level"":4,""bands"":""5""},{""type"":""LTE"",""pci"":448,""earfcn"":2600,""tac"":null,""rsrp"":-87,""rsrq"":-20,""rssi"":-55,""snr"":null,""ta"":1,""level"":3,""bands"":""5""},{""type"":""LTE"",""pci"":91,""earfcn"":100,""tac"":null,""rsrp"":-88,""rsrq"":-17,""rssi"":-61,""snr"":null,""ta"":1,""level"":3,""bands"":""1""},{""type"":""LTE"",""pci"":17,""earfcn"":3050,""tac"":null,""rsrp"":-88,""rsrq"":-13,""rssi"":-65,""snr"":null,""ta"":1,""level"":3,""bands"":""7""},{""type"":""LTE"",""pci"":250,""earfcn"":2600,""tac"":null,""rsrp"":-91,""rsrq"":-20,""rssi"":-59,""snr"":null,""ta"":1,""level"":3,""bands"":""5""},{""type"":""LTE"",""pci"":160,""earfcn"":3050,""tac"":null,""rsrp"":-95,""rsrq"":-18,""rssi"":-67,""snr"":null,""ta"":1,""level"":3,""bands"":""7""},{""type"":""LTE"",""pci"":260,""earfcn"":3050,""tac"":null,""rsrp"":-99,""rsrq"":-17,""rssi"":-71,""snr"":null,""ta"":1,""level"":2,""bands"":""7""},{""type"":""LTE"",""pci"":448,""earfcn"":3050,""tac"":null,""rsrp"":-104,""rsrq"":-20,""rssi"":-71,""snr"":null,""ta"":1,""level"":2,""bands"":""7""}]",1007.89813,47,0.459,0.459,8,6,,,,"[{""b"":""b4:94:4e:04:fb:76"",""s"":""Public WiFi Secure"",""r"":-32,""f"":2417},{""b"":""ba:94:4e:04:fb:76"",""s"":""Public WiFi Free"",""r"":-32,""f"":2417},{""b"":""b4:94:4e:04:fb:77"",""s"":""Public WiFi Secure"",""r"":-35,""f"":5745},{""b"":""ba:94:4e:04:fb:77"",""s"":""Public WiFi Free"",""r"":-35,""f"":5745},{""b"":""28:6b:b4:e8:b3:33"",""s"":""[system a\/c]_E30AJT0233092L"",""r"":-81,""f"":2412},{""b"":""30:52:5a:31:72:9a"",""s"":""NAP11NR-31729A"",""r"":-82,""f"":2427},{""b"":""cc:c4:b2:9a:f6:c8"",""s"":""wirelessdongle_ba18"",""r"":-88,""f"":5180},{""b"":""dc:8e:8d:71:fe:bd"",""s"":""DLive5G_FEBE"",""r"":-91,""f"":5220}]",""
1790660677957,2026-09-29 14:44:37,car,37.6193365,127.1486959,3.79,0.0,,50.59618416245584,fused,0,LTE,NR_NSA,5G,true,false,true,false,false,52635912,95,100,1,8372,450,06,-80,-8,-51,8,4,1,,,,11117,70577,0.0889,0.5646,11077,70537,0.0886,0.5643,false,6,0,6,-80,91,2600,0.9996561,false,false,periodic,33,0,2,0,1077,,,,"[{""type"":""LTE"",""pci"":91,""earfcn"":2600,""tac"":null,""rsrp"":-80,""rsrq"":-10,""rssi"":-59,""snr"":null,""ta"":1,""level"":4,""bands"":""5""},{""type"":""LTE"",""pci"":95,""earfcn"":2600,""tac"":null,""rsrp"":-82,""rsrq"":-12,""rssi"":-59,""snr"":null,""ta"":1,""level"":4,""bands"":""5""},{""type"":""LTE"",""pci"":91,""earfcn"":100,""tac"":null,""rsrp"":-92,""rsrq"":-20,""rssi"":-61,""snr"":null,""ta"":1,""level"":3,""bands"":""1""},{""type"":""LTE"",""pci"":17,""earfcn"":3050,""tac"":null,""rsrp"":-92,""rsrq"":-10,""rssi"":-71,""snr"":null,""ta"":1,""level"":3,""bands"":""7""},{""type"":""LTE"",""pci"":448,""earfcn"":3050,""tac"":null,""rsrp"":-99,""rsrq"":-20,""rssi"":-69,""snr"":null,""ta"":1,""level"":2,""bands"":""7""},{""type"":""LTE"",""pci"":160,""earfcn"":3050,""tac"":null,""rsrp"":-105,""rsrq"":-20,""rssi"":-71,""snr"":null,""ta"":1,""level"":2,""bands"":""7""}]",1007.8865,48,0.721,0.721,10,6,,,,"[{""b"":""b4:94:4e:04:fb:76"",""s"":""Public WiFi Secure"",""r"":-31,""f"":2417},{""b"":""ba:94:4e:04:fb:76"",""s"":""Public WiFi Free"",""r"":-31,""f"":2417},{""b"":""b4:94:4e:04:fb:77"",""s"":""Public WiFi Secure"",""r"":-34,""f"":5745},{""b"":""ba:94:4e:04:fb:77"",""s"":""Public WiFi Free"",""r"":-34,""f"":5745},{""b"":""56:46:ae:26:b7:b7"",""s"":"""",""r"":-80,""f"":2437},{""b"":""28:6b:b4:e8:b3:33"",""s"":""[system a\/c]_E30AJT0233092L"",""r"":-81,""f"":2412},{""b"":""fa:e8:77:e8:28:d3"",""s"":""BMW 53072"",""r"":-82,""f"":2462},{""b"":""00:e0:4c:4a:44:45"",""s"":""C16L-24-04282"",""r"":-83,""f"":2437},{""b"":""cc:c4:b2:9a:f6:c8"",""s"":""wirelessdongle_ba18"",""r"":-87,""f"":5180},{""b"":""00:07:89:b1:f2:db"",""s"":""KT_GiGA_5G_Wave2_F2D7"",""r"":-88,""f"":5805}]",""
1790660682962,2026-09-29 14:44:42,car,37.6193369,127.1486959,3.79,0.0,,50.46895293941464,fused,1,LTE,NR_NSA,5G,true,false,true,false,false,52635912,95,100,1,8372,450,06,-86,-12,-51,9,3,1,,,,6927,64899,0.0554,0.5192,6907,64879,0.0553,0.5190,false,6,0,6,-80,91,2600,0.11479245,false,false,periodic,38,0,-6,1,764,,,,"[{""type"":""LTE"",""pci"":91,""earfcn"":2600,""tac"":null,""rsrp"":-80,""rsrq"":-16,""rssi"":-55,""snr"":null,""ta"":1,""level"":4,""bands"":""5""},{""type"":""LTE"",""pci"":95,""earfcn"":2600,""tac"":null,""rsrp"":-80,""rsrq"":-12,""rssi"":-55,""snr"":null,""ta"":1,""level"":4,""bands"":""5""},{""type"":""LTE"",""pci"":17,""earfcn"":3050,""tac"":null,""rsrp"":-91,""rsrq"":-9,""rssi"":-73,""snr"":null,""ta"":1,""level"":3,""bands"":""7""},{""type"":""LTE"",""pci"":91,""earfcn"":100,""tac"":null,""rsrp"":-95,""rsrq"":-19,""rssi"":-67,""snr"":null,""ta"":1,""level"":3,""bands"":""1""},{""type"":""LTE"",""pci"":448,""earfcn"":3050,""tac"":null,""rsrp"":-101,""rsrq"":-19,""rssi"":-73,""snr"":null,""ta"":1,""level"":2,""bands"":""7""},{""type"":""LTE"",""pci"":160,""earfcn"":3050,""tac"":null,""rsrp"":-105,""rsrq"":-18,""rssi"":-77,""snr"":null,""ta"":1,""level"":2,""bands"":""7""}]",1007.91046,48,0.459,0.459,7,5,,,,"[{""b"":""ba:94:4e:04:fb:76"",""s"":""Public WiFi Free"",""r"":-33,""f"":2417},{""b"":""b4:94:4e:04:fb:76"",""s"":""Public WiFi Secure"",""r"":-35,""f"":2417},{""b"":""b4:94:4e:04:fb:77"",""s"":""Public WiFi Secure"",""r"":-37,""f"":5745},{""b"":""ba:94:4e:04:fb:77"",""s"":""Public WiFi Free"",""r"":-37,""f"":5745},{""b"":""cc:c4:b2:9a:f6:c8"",""s"":""wirelessdongle_ba18"",""r"":-90,""f"":5180},{""b"":""9e:f5:5f:54:c5:ca"",""s"":""MINI 15807"",""r"":-93,""f"":5220},{""b"":""f8:96:fe:d2:24:ef"",""s"":""Kia_F87c"",""r"":-93,""f"":5180}]",""
1790660687971,2026-09-29 14:44:47,car,37.6193377,127.1486959,3.79,0.0,,50.393871283967314,fused,0,LTE,NR_NSA,5G,true,false,true,false,false,52635912,95,100,1,8372,450,06,-86,-12,-51,9,3,1,,,,2270,65376,0.0182,0.5230,2250,65356,0.0180,0.5228,false,6,0,6,-80,91,2600,0.537953,false,false,periodic,43,0,0,0,5773,,,,"[{""type"":""LTE"",""pci"":91,""earfcn"":2600,""tac"":null,""rsrp"":-80,""rsrq"":-16,""rssi"":-55,""snr"":null,""ta"":1,""level"":4,""bands"":""5""},{""type"":""LTE"",""pci"":95,""earfcn"":2600,""tac"":null,""rsrp"":-80,""rsrq"":-12,""rssi"":-55,""snr"":null,""ta"":1,""level"":4,""bands"":""5""},{""type"":""LTE"",""pci"":17,""earfcn"":3050,""tac"":null,""rsrp"":-91,""rsrq"":-9,""rssi"":-73,""snr"":null,""ta"":1,""level"":3,""bands"":""7""},{""type"":""LTE"",""pci"":91,""earfcn"":100,""tac"":null,""rsrp"":-95,""rsrq"":-19,""rssi"":-67,""snr"":null,""ta"":1,""level"":3,""bands"":""1""},{""type"":""LTE"",""pci"":448,""earfcn"":3050,""tac"":null,""rsrp"":-101,""rsrq"":-19,""rssi"":-73,""snr"":null,""ta"":1,""level"":2,""bands"":""7""},{""type"":""LTE"",""pci"":160,""earfcn"":3050,""tac"":null,""rsrp"":-105,""rsrq"":-18,""rssi"":-77,""snr"":null,""ta"":1,""level"":2,""bands"":""7""}]",1007.9158,50,0.459,0.459,12,4,,,,"[{""b"":""b4:94:4e:04:fb:76"",""s"":""Public WiFi Secure"",""r"":-32,""f"":2417},{""b"":""ba:94:4e:04:fb:76"",""s"":""Public WiFi Free"",""r"":-32,""f"":2417},{""b"":""b4:94:4e:04:fb:77"",""s"":""Public WiFi Secure"",""r"":-34,""f"":5745},{""b"":""ba:94:4e:04:fb:77"",""s"":""Public WiFi Free"",""r"":-34,""f"":5745},{""b"":""30:eb:1f:21:d7:58"",""s"":"""",""r"":-39,""f"":2447},{""b"":""56:46:ae:26:b7:b7"",""s"":"""",""r"":-82,""f"":2437},{""b"":""28:6b:b4:e8:b3:33"",""s"":""[system a\/c]_E30AJT0233092L"",""r"":-82,""f"":2412},{""b"":""1c:ec:72:00:18:4b"",""s"":""G126_IoT_2.4G"",""r"":-83,""f"":2417},{""b"":""ca:dd:6a:87:8d:c3"",""s"":""[LG_CeilingCassette A\/C]8dc3"",""r"":-84,""f"":2462},{""b"":""ca:dd:6a:91:44:5d"",""s"":""[LG_CeilingCassette A\/C]445d"",""r"":-84,""f"":2462},{""b"":""00:07:89:b1:f2:db"",""s"":""KT_GiGA_5G_Wave2_F2D7"",""r"":-89,""f"":5805},{""b"":""12:07:89:b1:f2:db"",""s"":"""",""r"":-90,""f"":5805}]",""
1790660692982,2026-09-29 14:44:52,car,37.6193377,127.1486955,3.79,0.0,,50.392310421707236,fused,1,LTE,NR_NSA,5G,true,false,true,false,false,52635912,95,100,1,8372,450,06,-79,-9,-51,9,4,0,,,,2341,65350,0.0187,0.5228,2321,65330,0.0186,0.5226,false,6,0,6,-79,95,2600,0.01937847,false,false,periodic,48,0,7,0,5000,,,,"[{""type"":""LTE"",""pci"":95,""earfcn"":2600,""tac"":null,""rsrp"":-79,""rsrq"":-12,""rssi"":-55,""snr"":null,""ta"":0,""level"":4,""bands"":""5""},{""type"":""LTE"",""pci"":91,""earfcn"":2600,""tac"":null,""rsrp"":-81,""rsrq"":-16,""rssi"":-55,""snr"":null,""ta"":0,""level"":4,""bands"":""5""},{""type"":""LTE"",""pci"":91,""earfcn"":100,""tac"":null,""rsrp"":-92,""rsrq"":-20,""rssi"":-61,""snr"":null,""ta"":0,""level"":3,""bands"":""1""},{""type"":""LTE"",""pci"":17,""earfcn"":3050,""tac"":null,""rsrp"":-96,""rsrq"":-8,""rssi"":-79,""snr"":null,""ta"":0,""level"":2,""bands"":""7""},{""type"":""LTE"",""pci"":448,""earfcn"":3050,""tac"":null,""rsrp"":-103,""rsrq"":-16,""rssi"":-77,""snr"":null,""ta"":0,""level"":2,""bands"":""7""},{""type"":""LTE"",""pci"":160,""earfcn"":3050,""tac"":null,""rsrp"":-105,""rsrq"":-18,""rssi"":-77,""snr"":null,""ta"":0,""level"":2,""bands"":""7""}]",1007.90814,49,0.459,0.524,10,5,,,,"[{""b"":""b4:94:4e:04:fb:76"",""s"":""Public WiFi Secure"",""r"":-35,""f"":2417},{""b"":""ba:94:4e:04:fb:76"",""s"":""Public WiFi Free"",""r"":-35,""f"":2417},{""b"":""b4:94:4e:04:fb:77"",""s"":""Public WiFi Secure"",""r"":-37,""f"":5745},{""b"":""ba:94:4e:04:fb:77"",""s"":""Public WiFi Free"",""r"":-37,""f"":5745},{""b"":""30:eb:1f:21:d7:58"",""s"":"""",""r"":-38,""f"":2447},{""b"":""28:6b:b4:e8:b3:33"",""s"":""[system a\/c]_E30AJT0233092L"",""r"":-79,""f"":2412},{""b"":""60:29:d5:bc:02:e8"",""s"":""KT_GiGA_02E4"",""r"":-82,""f"":2452},{""b"":""ca:dd:6a:91:44:5d"",""s"":""[LG_CeilingCassette A\/C]445d"",""r"":-82,""f"":2462},{""b"":""ca:dd:6a:87:8d:c3"",""s"":""[LG_CeilingCassette A\/C]8dc3"",""r"":-83,""f"":2462},{""b"":""00:07:89:b1:f2:db"",""s"":""KT_GiGA_5G_Wave2_F2D7"",""r"":-90,""f"":5805}]",""
1790660697994,2026-09-29 14:44:57,car,37.6193379,127.1486956,3.79,0.0,,50.4391364127445,fused,0,LTE,NR_NSA,5G,true,false,true,false,false,52635912,95,100,1,8372,450,06,-83,-9,-53,10,4,1,,,,2985,63982,0.0239,0.5119,2965,63962,0.0237,0.5117,false,5,0,5,-77,95,2600,0.015405867,false,false,periodic,53,0,-4,1,5003,,,,"[{""type"":""LTE"",""pci"":95,""earfcn"":2600,""tac"":null,""rsrp"":-77,""rsrq"":-11,""rssi"":-53,""snr"":null,""ta"":1,""level"":4,""bands"":""5""},{""type"":""LTE"",""pci"":91,""earfcn"":2600,""tac"":null,""rsrp"":-80,""rsrq"":-15,""rssi"":-53,""snr"":null,""ta"":1,""level"":4,""bands"":""5""},{""type"":""LTE"",""pci"":91,""earfcn"":100,""tac"":null,""rsrp"":-92,""rsrq"":-15,""rssi"":-65,""snr"":null,""ta"":1,""level"":3,""bands"":""1""},{""type"":""LTE"",""pci"":17,""earfcn"":3050,""tac"":null,""rsrp"":-92,""rsrq"":-9,""rssi"":-73,""snr"":null,""ta"":1,""level"":3,""bands"":""7""},{""type"":""LTE"",""pci"":448,""earfcn"":3050,""tac"":null,""rsrp"":-103,""rsrq"":-17,""rssi"":-73,""snr"":null,""ta"":1,""level"":2,""bands"":""7""}]",1007.9066,51,0.524,0.459,8,4,,,,"[{""b"":""b4:94:4e:04:fb:76"",""s"":""Public WiFi Secure"",""r"":-32,""f"":2417},{""b"":""b4:94:4e:04:fb:77"",""s"":""Public WiFi Secure"",""r"":-35,""f"":5745},{""b"":""ba:94:4e:04:fb:77"",""s"":""Public WiFi Free"",""r"":-36,""f"":5745},{""b"":""ba:94:4e:04:fb:76"",""s"":""Public WiFi Free"",""r"":-39,""f"":2417},{""b"":""ca:17:0f:db:60:f5"",""s"":""형권주의2639"",""r"":-82,""f"":2412},{""b"":""cc:c4:b2:9a:f6:c8"",""s"":""wirelessdongle_ba18"",""r"":-85,""f"":5180},{""b"":""dc:8e:8d:71:fe:bd"",""s"":""DLive5G_FEBE"",""r"":-90,""f"":5220},{""b"":""00:07:89:b1:f2:db"",""s"":""KT_GiGA_5G_Wave2_F2D7"",""r"":-90,""f"":5805}]",""
1790660703011,2026-09-29 14:45:03,car,37.619338,127.1486957,3.79,0.0,,50.48021126736968,fused,1,LTE,NR_NSA,5G,true,false,true,false,false,52635912,95,100,1,8372,450,06,-83,-9,-51,10,4,1,,,,2186,65306,0.0175,0.5224,2146,65266,0.0172,0.5221,false,6,0,6,-77,95,2600,1.3136398,false,false,periodic,58,0,0,0,5003,,,,"[{""type"":""LTE"",""pci"":95,""earfcn"":2600,""tac"":null,""rsrp"":-77,""rsrq"":-12,""rssi"":-53,""snr"":null,""ta"":1,""level"":4,""bands"":""5""},{""type"":""LTE"",""pci"":91,""earfcn"":2600,""tac"":null,""rsrp"":-81,""rsrq"":-17,""rssi"":-53,""snr"":null,""ta"":1,""level"":4,""bands"":""5""},{""type"":""LTE"",""pci"":17,""earfcn"":3050,""tac"":null,""rsrp"":-91,""rsrq"":-13,""rssi"":-67,""snr"":null,""ta"":1,""level"":3,""bands"":""7""},{""type"":""LTE"",""pci"":91,""earfcn"":100,""tac"":null,""rsrp"":-94,""rsrq"":-17,""rssi"":-67,""snr"":null,""ta"":1,""level"":3,""bands"":""1""},{""type"":""LTE"",""pci"":133,""earfcn"":100,""tac"":null,""rsrp"":-98,""rsrq"":-20,""rssi"":-67,""snr"":null,""ta"":1,""level"":2,""bands"":""1""},{""type"":""LTE"",""pci"":448,""earfcn"":3050,""tac"":null,""rsrp"":-101,""rsrq"":-16,""rssi"":-73,""snr"":null,""ta"":1,""level"":2,""bands"":""7""}]",1007.91406,51,0.459,0.459,11,3,,,,"[{""b"":""b4:94:4e:04:fb:76"",""s"":""Public WiFi Secure"",""r"":-30,""f"":2417},{""b"":""ba:94:4e:04:fb:76"",""s"":""Public WiFi Free"",""r"":-31,""f"":2417},{""b"":""b4:94:4e:04:fb:77"",""s"":""Public WiFi Secure"",""r"":-34,""f"":5745},{""b"":""ba:94:4e:04:fb:77"",""s"":""Public WiFi Free"",""r"":-34,""f"":5745},{""b"":""1c:ec:72:00:18:af"",""s"":""G126_IoT_2.4G"",""r"":-80,""f"":2417},{""b"":""9e:f5:5f:54:c5:cc"",""s"":""MINI 15807"",""r"":-80,""f"":2462},{""b"":""28:6b:b4:e8:b3:33"",""s"":""[system a\/c]_E30AJT0233092L"",""r"":-81,""f"":2412},{""b"":""1c:ec:72:00:18:7d"",""s"":""G126_IoT_2.4G"",""r"":-83,""f"":2467},{""b"":""1e:d3:af:d5:e0:d1"",""s"":""HYUNDAI_0D0A5DFA3DC116"",""r"":-87,""f"":5745},{""b"":""00:07:89:b1:f2:db"",""s"":""KT_GiGA_5G_Wave2_F2D7"",""r"":-88,""f"":5805},{""b"":""dc:8e:8d:71:fe:bd"",""s"":""DLive5G_FEBE"",""r"":-92,""f"":5220}]",""
1790660708030,2026-09-29 14:45:08,car,37.6195234,127.1485121,3.79,6.05,323.0,50.41139222921795,fused,0,LTE,NR_NSA,5G,true,false,true,false,false,52635912,95,100,1,8372,450,06,-83,-7,-51,12,4,0,,,,2595,65282,0.0208,0.5223,2575,65262,0.0206,0.5221,false,6,0,6,-78,95,2600,6.05,false,false,periodic,63,0,0,2,5000,,,,"[{""type"":""LTE"",""pci"":95,""earfcn"":2600,""tac"":null,""rsrp"":-78,""rsrq"":-12,""rssi"":-55,""snr"":null,""ta"":0,""level"":4,""bands"":""5""},{""type"":""LTE"",""pci"":91,""earfcn"":2600,""tac"":null,""rsrp"":-80,""rsrq"":-16,""rssi"":-55,""snr"":null,""ta"":0,""level"":4,""bands"":""5""},{""type"":""LTE"",""pci"":17,""earfcn"":3050,""tac"":null,""rsrp"":-93,""rsrq"":-13,""rssi"":-69,""snr"":null,""ta"":0,""level"":3,""bands"":""7""},{""type"":""LTE"",""pci"":91,""earfcn"":100,""tac"":null,""rsrp"":-94,""rsrq"":-19,""rssi"":-65,""snr"":null,""ta"":0,""level"":3,""bands"":""1""},{""type"":""LTE"",""pci"":250,""earfcn"":100,""tac"":null,""rsrp"":-95,""rsrq"":-20,""rssi"":-65,""snr"":null,""ta"":0,""level"":3,""bands"":""1""},{""type"":""LTE"",""pci"":448,""earfcn"":3050,""tac"":null,""rsrp"":-105,""rsrq"":-18,""rssi"":-77,""snr"":null,""ta"":0,""level"":2,""bands"":""7""}]",1007.87646,51,0.459,0.459,11,3,,,,"[{""b"":""b4:94:4e:04:fb:76"",""s"":""Public WiFi Secure"",""r"":-34,""f"":2417},{""b"":""ba:94:4e:04:fb:76"",""s"":""Public WiFi Free"",""r"":-34,""f"":2417},{""b"":""b4:94:4e:04:fb:77"",""s"":""Public WiFi Secure"",""r"":-36,""f"":5745},{""b"":""ba:94:4e:04:fb:77"",""s"":""Public WiFi Free"",""r"":-37,""f"":5745},{""b"":""1c:ec:72:00:18:4b"",""s"":""G126_IoT_2.4G"",""r"":-81,""f"":2417},{""b"":""00:07:89:b1:f2:db"",""s"":""KT_GiGA_5G_Wave2_F2D7"",""r"":-84,""f"":5805},{""b"":""cc:c4:b2:9a:f6:c8"",""s"":""wirelessdongle_ba18"",""r"":-85,""f"":5180},{""b"":""46:27:ac:4d:1d:cd"",""s"":""재형의 S25"",""r"":-87,""f"":5745},{""b"":""dc:8e:8d:71:fe:bd"",""s"":""DLive5G_FEBE"",""r"":-89,""f"":5220},{""b"":""40:fe:0d:5b:a1:17"",""s"":""AP0306-2906_5G"",""r"":-89,""f"":5180},{""b"":""1e:d3:af:d5:e0:d1"",""s"":""HYUNDAI_0D0A5DFA3DC116"",""r"":-89,""f"":5745}]",""
1790660711631,2026-09-29 14:45:11,car,37.6196355,127.1484072,3.79,6.98,322.0,50.61959735273879,fused,1,LTE,NR_NSA,5G,true,false,true,false,false,52680991,133,100,1,8372,450,06,-88,-15,-51,4,3,2,,,,1758647,65047,14.0692,0.5204,1758619,65019,14.0690,0.5202,false,9,0,9,-72,133,2600,6.98,true,false,handover,0,1,,,5,52635912,-83,-7,"[{""type"":""LTE"",""pci"":133,""earfcn"":2600,""tac"":null,""rsrp"":-72,""rsrq"":-14,""rssi"":-51,""snr"":null,""ta"":2,""level"":4,""bands"":""5""},{""type"":""LTE"",""pci"":91,""earfcn"":2600,""tac"":null,""rsrp"":-82,""rsrq"":-20,""rssi"":-51,""snr"":null,""ta"":2,""level"":4,""bands"":""5""},{""type"":""LTE"",""pci"":95,""earfcn"":100,""tac"":null,""rsrp"":-92,""rsrq"":-18,""rssi"":-51,""snr"":null,""ta"":2,""level"":3,""bands"":""1""},{""type"":""LTE"",""pci"":153,""earfcn"":100,""tac"":null,""rsrp"":-92,""rsrq"":-16,""rssi"":-61,""snr"":null,""ta"":2,""level"":3,""bands"":""1""},{""type"":""LTE"",""pci"":131,""earfcn"":100,""tac"":null,""rsrp"":-93,""rsrq"":-18,""rssi"":-63,""snr"":null,""ta"":2,""level"":3,""bands"":""1""},{""type"":""LTE"",""pci"":91,""earfcn"":100,""tac"":null,""rsrp"":-94,""rsrq"":-18,""rssi"":-61,""snr"":null,""ta"":2,""level"":3,""bands"":""1""},{""type"":""LTE"",""pci"":378,""earfcn"":3050,""tac"":null,""rsrp"":-97,""rsrq"":-13,""rssi"":-75,""snr"":null,""ta"":2,""level"":2,""bands"":""7""},{""type"":""LTE"",""pci"":17,""earfcn"":3050,""tac"":null,""rsrp"":-98,""rsrq"":-11,""rssi"":-75,""snr"":null,""ta"":2,""level"":2,""bands"":""7""},{""type"":""LTE"",""pci"":448,""earfcn"":3050,""tac"":null,""rsrp"":-99,""rsrq"":-17,""rssi"":-67,""snr"":null,""ta"":2,""level"":2,""bands"":""7""}]",1007.8012,56,0.463,0.459,11,6,,,,"[{""b"":""b4:94:4e:04:fb:76"",""s"":""Public WiFi Secure"",""r"":-34,""f"":2417},{""b"":""ba:94:4e:04:fb:76"",""s"":""Public WiFi Free"",""r"":-34,""f"":2417},{""b"":""b4:94:4e:04:fb:77"",""s"":""Public WiFi Secure"",""r"":-36,""f"":5745},{""b"":""ba:94:4e:04:fb:77"",""s"":""Public WiFi Free"",""r"":-37,""f"":5745},{""b"":""1c:ec:72:00:18:4b"",""s"":""G126_IoT_2.4G"",""r"":-81,""f"":2417},{""b"":""00:07:89:b1:f2:db"",""s"":""KT_GiGA_5G_Wave2_F2D7"",""r"":-84,""f"":5805},{""b"":""cc:c4:b2:9a:f6:c8"",""s"":""wirelessdongle_ba18"",""r"":-85,""f"":5180},{""b"":""46:27:ac:4d:1d:cd"",""s"":""재형의 S25"",""r"":-87,""f"":5745},{""b"":""dc:8e:8d:71:fe:bd"",""s"":""DLive5G_FEBE"",""r"":-89,""f"":5220},{""b"":""40:fe:0d:5b:a1:17"",""s"":""AP0306-2906_5G"",""r"":-89,""f"":5180},{""b"":""1e:d3:af:d5:e0:d1"",""s"":""HYUNDAI_0D0A5DFA3DC116"",""r"":-89,""f"":5745}]","[{""type"":""LTE"",""pci"":95,""earfcn"":2600,""tac"":null,""rsrp"":-78,""rsrq"":-12,""rssi"":-55,""snr"":null,""ta"":0,""level"":4,""bands"":""5""},{""type"":""LTE"",""pci"":91,""earfcn"":2600,""tac"":null,""rsrp"":-80,""rsrq"":-16,""rssi"":-55,""snr"":null,""ta"":0,""level"":4,""bands"":""5""},{""type"":""LTE"",""pci"":17,""earfcn"":3050,""tac"":null,""rsrp"":-93,""rsrq"":-13,""rssi"":-69,""snr"":null,""ta"":0,""level"":3,""bands"":""7""},{""type"":""LTE"",""pci"":91,""earfcn"":100,""tac"":null,""rsrp"":-94,""rsrq"":-19,""rssi"":-65,""snr"":null,""ta"":0,""level"":3,""bands"":""1""},{""type"":""LTE"",""pci"":250,""earfcn"":100,""tac"":null,""rsrp"":-95,""rsrq"":-20,""rssi"":-65,""snr"":null,""ta"":0,""level"":3,""bands"":""1""},{""type"":""LTE"",""pci"":448,""earfcn"":3050,""tac"":null,""rsrp"":-105,""rsrq"":-18,""rssi"":-77,""snr"":null,""ta"":0,""level"":2,""bands"":""7""}]"
1790660713046,2026-09-29 14:45:13,car,37.6197382,127.1483147,3.79,7.35,323.0,50.52975332499847,fused,1,LTE,NR_NSA,5G,true,false,true,false,false,52680991,133,100,1,8372,450,06,-88,-15,-51,4,3,2,,,,2035,62487,0.0163,0.4999,2035,62487,0.0163,0.4999,false,9,0,9,-72,133,2600,7.35,false,false,periodic,1,1,0,0,1423,,,,"[{""type"":""LTE"",""pci"":133,""earfcn"":2600,""tac"":null,""rsrp"":-72,""rsrq"":-14,""rssi"":-51,""snr"":null,""ta"":2,""level"":4,""bands"":""5""},{""type"":""LTE"",""pci"":91,""earfcn"":2600,""tac"":null,""rsrp"":-82,""rsrq"":-20,""rssi"":-51,""snr"":null,""ta"":2,""level"":4,""bands"":""5""},{""type"":""LTE"",""pci"":95,""earfcn"":100,""tac"":null,""rsrp"":-92,""rsrq"":-18,""rssi"":-51,""snr"":null,""ta"":2,""level"":3,""bands"":""1""},{""type"":""LTE"",""pci"":153,""earfcn"":100,""tac"":null,""rsrp"":-92,""rsrq"":-16,""rssi"":-61,""snr"":null,""ta"":2,""level"":3,""bands"":""1""},{""type"":""LTE"",""pci"":131,""earfcn"":100,""tac"":null,""rsrp"":-93,""rsrq"":-18,""rssi"":-63,""snr"":null,""ta"":2,""level"":3,""bands"":""1""},{""type"":""LTE"",""pci"":91,""earfcn"":100,""tac"":null,""rsrp"":-94,""rsrq"":-18,""rssi"":-61,""snr"":null,""ta"":2,""level"":3,""bands"":""1""},{""type"":""LTE"",""pci"":378,""earfcn"":3050,""tac"":null,""rsrp"":-97,""rsrq"":-13,""rssi"":-75,""snr"":null,""ta"":2,""level"":2,""bands"":""7""},{""type"":""LTE"",""pci"":17,""earfcn"":3050,""tac"":null,""rsrp"":-98,""rsrq"":-11,""rssi"":-75,""snr"":null,""ta"":2,""level"":2,""bands"":""7""},{""type"":""LTE"",""pci"":448,""earfcn"":3050,""tac"":null,""rsrp"":-99,""rsrq"":-17,""rssi"":-67,""snr"":null,""ta"":2,""level"":2,""bands"":""7""}]",1007.8406,56,0.524,0.459,11,8,,,,"[{""b"":""b4:94:4e:04:fb:76"",""s"":""Public WiFi Secure"",""r"":-34,""f"":2417},{""b"":""ba:94:4e:04:fb:76"",""s"":""Public WiFi Free"",""r"":-34,""f"":2417},{""b"":""b4:94:4e:04:fb:77"",""s"":""Public WiFi Secure"",""r"":-36,""f"":5745},{""b"":""ba:94:4e:04:fb:77"",""s"":""Public WiFi Free"",""r"":-37,""f"":5745},{""b"":""1c:ec:72:00:18:4b"",""s"":""G126_IoT_2.4G"",""r"":-81,""f"":2417},{""b"":""00:07:89:b1:f2:db"",""s"":""KT_GiGA_5G_Wave2_F2D7"",""r"":-84,""f"":5805},{""b"":""cc:c4:b2:9a:f6:c8"",""s"":""wirelessdongle_ba18"",""r"":-85,""f"":5180},{""b"":""46:27:ac:4d:1d:cd"",""s"":""재형의 S25"",""r"":-87,""f"":5745},{""b"":""dc:8e:8d:71:fe:bd"",""s"":""DLive5G_FEBE"",""r"":-89,""f"":5220},{""b"":""40:fe:0d:5b:a1:17"",""s"":""AP0306-2906_5G"",""r"":-89,""f"":5180},{""b"":""1e:d3:af:d5:e0:d1"",""s"":""HYUNDAI_0D0A5DFA3DC116"",""r"":-89,""f"":5745}]",""
1790660718065,2026-09-29 14:45:18,car,37.6200758,127.1479936,3.896,8.41,323.0,50.84140797380458,fused,0,LTE,NR_NSA,5G,true,false,true,false,false,52680991,133,100,1,8372,450,06,-83,-12,-51,2,4,2,,,,2210,65366,0.0177,0.5229,2190,65346,0.0175,0.5228,false,8,0,8,-77,133,2600,8.41,false,false,periodic,6,1,5,-2,5000,,,,"[{""type"":""LTE"",""pci"":133,""earfcn"":2600,""tac"":null,""rsrp"":-77,""rsrq"":-13,""rssi"":-51,""snr"":null,""ta"":2,""level"":4,""bands"":""5""},{""type"":""LTE"",""pci"":95,""earfcn"":2600,""tac"":null,""rsrp"":-79,""rsrq"":-17,""rssi"":-51,""snr"":null,""ta"":2,""level"":4,""bands"":""5""},{""type"":""LTE"",""pci"":91,""earfcn"":2600,""tac"":null,""rsrp"":-82,""rsrq"":-20,""rssi"":-51,""snr"":null,""ta"":2,""level"":4,""bands"":""5""},{""type"":""LTE"",""pci"":153,""earfcn"":100,""tac"":null,""rsrp"":-85,""rsrq"":-14,""rssi"":-57,""snr"":null,""ta"":2,""level"":4,""bands"":""1""},{""type"":""LTE"",""pci"":95,""earfcn"":100,""tac"":null,""rsrp"":-88,""rsrq"":-19,""rssi"":-57,""snr"":null,""ta"":2,""level"":3,""bands"":""1""},{""type"":""LTE"",""pci"":378,""earfcn"":3050,""tac"":null,""rsrp"":-94,""rsrq"":-15,""rssi"":-69,""snr"":null,""ta"":2,""level"":3,""bands"":""7""},{""type"":""LTE"",""pci"":17,""earfcn"":3050,""tac"":null,""rsrp"":-97,""rsrq"":-13,""rssi"":-69,""snr"":null,""ta"":2,""level"":2,""bands"":""7""},{""type"":""LTE"",""pci"":448,""earfcn"":3050,""tac"":null,""rsrp"":-99,""rsrq"":-17,""rssi"":-67,""snr"":null,""ta"":2,""level"":2,""bands"":""7""}]",1007.8918,48,0.459,0.459,11,13,,,,"[{""b"":""b4:94:4e:04:fb:76"",""s"":""Public WiFi Secure"",""r"":-34,""f"":2417},{""b"":""ba:94:4e:04:fb:76"",""s"":""Public WiFi Free"",""r"":-34,""f"":2417},{""b"":""b4:94:4e:04:fb:77"",""s"":""Public WiFi Secure"",""r"":-36,""f"":5745},{""b"":""ba:94:4e:04:fb:77"",""s"":""Public WiFi Free"",""r"":-37,""f"":5745},{""b"":""1c:ec:72:00:18:4b"",""s"":""G126_IoT_2.4G"",""r"":-81,""f"":2417},{""b"":""00:07:89:b1:f2:db"",""s"":""KT_GiGA_5G_Wave2_F2D7"",""r"":-84,""f"":5805},{""b"":""cc:c4:b2:9a:f6:c8"",""s"":""wirelessdongle_ba18"",""r"":-85,""f"":5180},{""b"":""46:27:ac:4d:1d:cd"",""s"":""재형의 S25"",""r"":-87,""f"":5745},{""b"":""dc:8e:8d:71:fe:bd"",""s"":""DLive5G_FEBE"",""r"":-89,""f"":5220},{""b"":""40:fe:0d:5b:a1:17"",""s"":""AP0306-2906_5G"",""r"":-89,""f"":5180},{""b"":""1e:d3:af:d5:e0:d1"",""s"":""HYUNDAI_0D0A5DFA3DC116"",""r"":-89,""f"":5745}]",""
1790660723077,2026-09-29 14:45:23,car,37.6202871,127.147825,4.248,3.94,325.0,50.542674786954386,fused,1,LTE,NR_NSA,5G,true,false,true,false,false,52653835,144,100,1,8372,450,06,-92,-13,-55,-2,3,0,,,,2604,65371,0.0208,0.5230,2565,65331,0.0205,0.5226,false,11,0,11,-81,144,2600,3.94,true,false,periodic,0,2,,,4116,52680991,-83,-12,"[{""type"":""LTE"",""pci"":144,""earfcn"":2600,""tac"":null,""rsrp"":-81,""rsrq"":-12,""rssi"":-59,""snr"":null,""ta"":0,""level"":4,""bands"":""5""},{""type"":""LTE"",""pci"":285,""earfcn"":2600,""tac"":null,""rsrp"":-85,""rsrq"":-15,""rssi"":-59,""snr"":null,""ta"":0,""level"":4,""bands"":""5""},{""type"":""LTE"",""pci"":91,""earfcn"":2600,""tac"":null,""rsrp"":-88,""rsrq"":-18,""rssi"":-59,""snr"":null,""ta"":0,""level"":3,""bands"":""5""},{""type"":""LTE"",""pci"":95,""earfcn"":2600,""tac"":null,""rsrp"":-90,""rsrq"":-20,""rssi"":-59,""snr"":null,""ta"":0,""level"":3,""bands"":""5""},{""type"":""LTE"",""pci"":17,""earfcn"":3050,""tac"":null,""rsrp"":-92,""rsrq"":-8,""rssi"":-75,""snr"":null,""ta"":0,""level"":3,""bands"":""7""},{""type"":""LTE"",""pci"":91,""earfcn"":100,""tac"":null,""rsrp"":-95,""rsrq"":-15,""rssi"":-69,""snr"":null,""ta"":0,""level"":3,""bands"":""1""},{""type"":""LTE"",""pci"":6,""earfcn"":100,""tac"":null,""rsrp"":-95,""rsrq"":-17,""rssi"":-69,""snr"":null,""ta"":0,""level"":3,""bands"":""1""},{""type"":""LTE"",""pci"":133,""earfcn"":100,""tac"":null,""rsrp"":-96,""rsrq"":-15,""rssi"":-69,""snr"":null,""ta"":0,""level"":2,""bands"":""1""},{""type"":""LTE"",""pci"":448,""earfcn"":3050,""tac"":null,""rsrp"":-101,""rsrq"":-20,""rssi"":-71,""snr"":null,""ta"":0,""level"":2,""bands"":""7""},{""type"":""LTE"",""pci"":378,""earfcn"":3050,""tac"":null,""rsrp"":-106,""rsrq"":-20,""rssi"":-75,""snr"":null,""ta"":0,""level"":1,""bands"":""7""},{""type"":""LTE"",""pci"":285,""earfcn"":3050,""tac"":null,""rsrp"":-106,""rsrq"":-20,""rssi"":-75,""snr"":null,""ta"":0,""level"":1,""bands"":""7""}]",1008.0675,47,0.459,0.524,15,5,,,,"[{""b"":""b4:94:4e:04:fb:76"",""s"":""Public WiFi Secure"",""r"":-31,""f"":2417},{""b"":""ba:94:4e:04:fb:76"",""s"":""Public WiFi Free"",""r"":-32,""f"":2417},{""b"":""b4:94:4e:04:fb:77"",""s"":""Public WiFi Secure"",""r"":-34,""f"":5745},{""b"":""ba:94:4e:04:fb:77"",""s"":""Public WiFi Free"",""r"":-34,""f"":5745},{""b"":""00:07:89:b1:f2:da"",""s"":""PB0315521977"",""r"":-79,""f"":2412},{""b"":""ca:dd:6a:7f:db:4b"",""s"":""[LG_CeilingCassette A\/C]db4b"",""r"":-80,""f"":2462},{""b"":""80:ca:4b:ff:17:4f"",""s"":""U+Net174C_5G"",""r"":-81,""f"":5745},{""b"":""b0:38:6c:0f:a6:7a"",""s"":""iptime-sujain2"",""r"":-81,""f"":2412},{""b"":""80:ca:4b:32:ab:eb"",""s"":""U+NetABE8_5G"",""r"":-85,""f"":5745},{""b"":""50:46:ae:56:ce:71"",""s"":""KT_GiGA_5G_CE6E"",""r"":-87,""f"":5240},{""b"":""00:07:89:b1:f2:db"",""s"":""KT_GiGA_5G_Wave2_F2D7"",""r"":-87,""f"":5805},{""b"":""1e:d3:af:d5:e0:d1"",""s"":""HYUNDAI_0D0A5DFA3DC116"",""r"":-89,""f"":5745},{""b"":""80:ca:4b:86:e2:d7"",""s"":""U+NetE2D4_5G"",""r"":-89,""f"":5200},{""b"":""62:46:ae:56:ce:71"",""s"":"""",""r"":-91,""f"":5240},{""b"":""80:ca:4b:20:8f:77"",""s"":""U+Net8F74_5G"",""r"":-92,""f"":5220}]","[{""type"":""LTE"",""pci"":133,""earfcn"":2600,""tac"":null,""rsrp"":-77,""rsrq"":-13,""rssi"":-51,""snr"":null,""ta"":2,""level"":4,""bands"":""5""},{""type"":""LTE"",""pci"":95,""earfcn"":2600,""tac"":null,""rsrp"":-79,""rsrq"":-17,""rssi"":-51,""snr"":null,""ta"":2,""level"":4,""bands"":""5""},{""type"":""LTE"",""pci"":91,""earfcn"":2600,""tac"":null,""rsrp"":-82,""rsrq"":-20,""rssi"":-51,""snr"":null,""ta"":2,""level"":4,""bands"":""5""},{""type"":""LTE"",""pci"":153,""earfcn"":100,""tac"":null,""rsrp"":-85,""rsrq"":-14,""rssi"":-57,""snr"":null,""ta"":2,""level"":4,""bands"":""1""},{""type"":""LTE"",""pci"":95,""earfcn"":100,""tac"":null,""rsrp"":-88,""rsrq"":-19,""rssi"":-57,""snr"":null,""ta"":2,""level"":3,""bands"":""1""},{""type"":""LTE"",""pci"":378,""earfcn"":3050,""tac"":null,""rsrp"":-94,""rsrq"":-15,""rssi"":-69,""snr"":null,""ta"":2,""level"":3,""bands"":""7""},{""type"":""LTE"",""pci"":17,""earfcn"":3050,""tac"":null,""rsrp"":-97,""rsrq"":-13,""rssi"":-69,""snr"":null,""ta"":2,""level"":2,""bands"":""7""},{""type"":""LTE"",""pci"":448,""earfcn"":3050,""tac"":null,""rsrp"":-99,""rsrq"":-17,""rssi"":-67,""snr"":null,""ta"":2,""level"":2,""bands"":""7""}]"
1790660728098,2026-09-29 14:45:28,car,37.6203074,127.1478214,4.523,0.35,322.0,50.33247758196761,fused,0,LTE,NR_NSA,5G,true,false,true,false,false,52653835,144,100,1,8372,450,06,-82,-11,-51,6,4,0,,,,2379,63459,0.0190,0.5077,2359,63439,0.0189,0.5075,false,12,0,12,-79,144,2600,0.35,false,false,periodic,5,2,10,8,140,,,,"[{""type"":""LTE"",""pci"":144,""earfcn"":2600,""tac"":null,""rsrp"":-79,""rsrq"":-13,""rssi"":-53,""snr"":null,""ta"":0,""level"":4,""bands"":""5""},{""type"":""LTE"",""pci"":91,""earfcn"":2600,""tac"":null,""rsrp"":-81,""rsrq"":-17,""rssi"":-53,""snr"":null,""ta"":0,""level"":4,""bands"":""5""},{""type"":""LTE"",""pci"":6,""earfcn"":2600,""tac"":null,""rsrp"":-83,""rsrq"":-19,""rssi"":-53,""snr"":null,""ta"":0,""level"":4,""bands"":""5""},{""type"":""LTE"",""pci"":131,""earfcn"":2600,""tac"":null,""rsrp"":-84,""rsrq"":-20,""rssi"":-53,""snr"":null,""ta"":0,""level"":4,""bands"":""5""},{""type"":""LTE"",""pci"":95,""earfcn"":2600,""tac"":null,""rsrp"":-85,""rsrq"":-19,""rssi"":-55,""snr"":null,""ta"":0,""level"":4,""bands"":""5""},{""type"":""LTE"",""pci"":285,""earfcn"":2600,""tac"":null,""rsrp"":-86,""rsrq"":-20,""rssi"":-55,""snr"":null,""ta"":0,""level"":3,""bands"":""5""},{""type"":""LTE"",""pci"":91,""earfcn"":100,""tac"":null,""rsrp"":-91,""rsrq"":-17,""rssi"":-61,""snr"":null,""ta"":0,""level"":3,""bands"":""1""},{""type"":""LTE"",""pci"":133,""earfcn"":100,""tac"":null,""rsrp"":-91,""rsrq"":-20,""rssi"":-61,""snr"":null,""ta"":0,""level"":3,""bands"":""1""},{""type"":""LTE"",""pci"":17,""earfcn"":3050,""tac"":null,""rsrp"":-95,""rsrq"":-11,""rssi"":-73,""snr"":null,""ta"":0,""level"":3,""bands"":""7""},{""type"":""LTE"",""pci"":285,""earfcn"":3050,""tac"":null,""rsrp"":-101,""rsrq"":-17,""rssi"":-73,""snr"":null,""ta"":0,""level"":2,""bands"":""7""},{""type"":""LTE"",""pci"":448,""earfcn"":3050,""tac"":null,""rsrp"":-104,""rsrq"":-20,""rssi"":-73,""snr"":null,""ta"":0,""level"":2,""bands"":""7""},{""type"":""LTE"",""pci"":378,""earfcn"":3050,""tac"":null,""rsrp"":-105,""rsrq"":-19,""rssi"":-75,""snr"":null,""ta"":0,""level"":2,""bands"":""7""}]",1008.05963,47,0.524,0.459,21,3,,,,"[{""b"":""b4:94:4e:04:fb:76"",""s"":""Public WiFi Secure"",""r"":-35,""f"":2417},{""b"":""ba:94:4e:04:fb:76"",""s"":""Public WiFi Free"",""r"":-35,""f"":2417},{""b"":""b4:94:4e:04:fb:77"",""s"":""Public WiFi Secure"",""r"":-37,""f"":5745},{""b"":""ba:94:4e:04:fb:77"",""s"":""Public WiFi Free"",""r"":-38,""f"":5745},{""b"":""30:eb:1f:21:d7:58"",""s"":"""",""r"":-39,""f"":2447},{""b"":""80:ca:4b:20:8f:77"",""s"":""U+Net8F74_5G"",""r"":-61,""f"":5220},{""b"":""0c:96:cd:bb:52:61"",""s"":""SK_WiFiGIGA525E_2.4G"",""r"":-62,""f"":2452},{""b"":""12:96:cd:bb:52:61"",""s"":"""",""r"":-62,""f"":2452},{""b"":""80:ca:4b:20:8f:76"",""s"":""U+Net8F74"",""r"":-63,""f"":2422},{""b"":""8a:36:31:da:84:a4"",""s"":""원주의 S25+"",""r"":-75,""f"":5745},{""b"":""16:96:cd:bb:52:60"",""s"":"""",""r"":-76,""f"":5765},{""b"":""0c:96:cd:bb:52:60"",""s"":""SK_WiFiGIGA525E_5G"",""r"":-77,""f"":5765},{""b"":""0c:96:cd:e1:32:8d"",""s"":""KT_GiGA_3289"",""r"":-78,""f"":2427},{""b"":""58:86:94:84:10:6a"",""s"":""r_lemon_h_super"",""r"":-79,""f"":2417},{""b"":""bc:fc:e7:c0:5a:b6"",""s"":""LYS_2.4G"",""r"":-79,""f"":2412}]",""
