timestamp,datetime,activity,latitude,longitude,gps_accuracy_m,gps_speed_ms,gps_bearing_deg,gps_altitude_m,location_source,location_age_s,network_type,override_network_type,generation,is_5g,is_5g_actual,is_5g_display,nr_cell_seen,nr_serving_cell_seen,serving_cell_id,serving_pci,serving_freq_arfcn,serving_band,serving_tac,mcc,mnc,rsrp_dbm,rsrq_db,rssi_dbm,sinr_snr_db,signal_level,timing_advance_lte,csi_rsrp_dbm,csi_rsrq_db,csi_sinr_db,rx_speed_Bps,tx_speed_Bps,rx_bitrate_Mbps,tx_bitrate_Mbps,mobile_rx_speed_Bps,mobile_tx_speed_Bps,mobile_rx_bitrate_Mbps,mobile_tx_bitrate_Mbps,wifi_active,neighbor_count,nr_neighbor_count,lte_neighbor_count,best_nbr_rsrp_dbm,best_nbr_pci,best_nbr_arfcn,imu_speed_ms,handover_detected,ping_pong_detected,collect_trigger,cell_duration_s,ho_count_30s,rsrp_delta,sinr_delta,cell_info_age_ms,prev_serving_cell_id,prev_rsrp_dbm,prev_rsrq_db,neighbors_json,pressure_hpa,rtt_ms,probe_dl_mbps,probe_ul_mbps,wifi_ap_count,wifi_scan_age_s,anchor_station,anchor_lat,anchor_lon,wifi_scan_json,prev_neighbors_json
1791090962302,2026-10-04 14:16:02,unknown,37.5466115,127.0682143,12.483,,,43.5,network,7,LTE,NONE,4G,false,false,false,false,false,52543756,273,100,1,8282,450,06,-77,-10,-51,,4,,,,,0,0,0.0000,0.0000,0,0,0.0000,0.0000,false,5,0,5,-70,421,2600,0.0,false,false,handover,0,0,,,8649,,,,"[{""type"":""LTE"",""pci"":421,""earfcn"":2600,""tac"":null,""rsrp"":-70,""rsrq"":-12,""rssi"":-51,""snr"":null,""ta"":null,""level"":4,""bands"":""5""},{""type"":""LTE"",""pci"":421,""earfcn"":100,""tac"":null,""rsrp"":-80,""rsrq"":-13,""rssi"":-51,""snr"":null,""ta"":null,""level"":4,""bands"":""1""},{""type"":""LTE"",""pci"":272,""earfcn"":100,""tac"":null,""rsrp"":-80,""rsrq"":-9,""rssi"":-55,""snr"":null,""ta"":null,""level"":4,""bands"":""1""},{""type"":""LTE"",""pci"":273,""earfcn"":3050,""tac"":null,""rsrp"":-83,""rsrq"":-10,""rssi"":-63,""snr"":null,""ta"":null,""level"":4,""bands"":""7""},{""type"":""LTE"",""pci"":418,""earfcn"":3050,""tac"":null,""rsrp"":-90,""rsrq"":-20,""rssi"":-63,""snr"":null,""ta"":null,""level"":3,""bands"":""7""}]",,,0.000,0.000,95,5,,,,"[{""b"":""28:4e:e9:4b:68:9a"",""s"":""U+Net689B"",""r"":-57,""f"":2412},{""b"":""70:5d:cc:e0:2c:b8"",""s"":""203"",""r"":-58,""f"":2452},{""b"":""70:5d:cc:df:3f:80"",""s"":""502"",""r"":-58,""f"":2422},{""b"":""b0:38:6c:b1:26:36"",""s"":""ggulbam"",""r"":-60,""f"":2447},{""b"":""70:5d:cc:a7:b2:60"",""s"":""204"",""r"":-60,""f"":2452},{""b"":""72:7f:f0:63:d5:4c"",""s"":"""",""r"":-61,""f"":2457},{""b"":""b0:38:6c:36:ff:8a"",""s"":""subin"",""r"":-62,""f"":2412},{""b"":""58:86:94:dd:fd:b6"",""s"":""iptime_niulgul"",""r"":-62,""f"":2432},{""b"":""70:5d:cc:e0:27:0a"",""s"":""iptime403"",""r"":-62,""f"":2427},{""b"":""70:5d:cc:df:03:54"",""s"":""604"",""r"":-62,""f"":2412},{""b"":""70:5d:cc:a7:bf:50"",""s"":""504"",""r"":-62,""f"":2442},{""b"":""88:bd:09:82:bf:35"",""s"":""DLive_BF30"",""r"":-63,""f"":2462},{""b"":""70:5d:cc:e0:14:2e"",""s"":""402"",""r"":-63,""f"":2452},{""b"":""88:3c:1c:5c:fb:8d"",""s"":""KT_GiGA_2G_FB89"",""r"":-64,""f"":2417},{""b"":""ca:dd:6a:12:ba:f9"",""s"":""[LG_CeilingCassette A\/C]baf9"",""r"":-64,""f"":2462}]",""
1791090962319,2026-10-04 14:16:02,unknown,37.5466115,127.0682143,12.483,,,43.5,network,7,LTE,NR_NSA,5G,true,false,true,false,false,52543756,273,100,1,8282,450,06,-77,-10,-51,,4,,,,,0,0,0.0000,0.0000,0,0,0.0000,0.0000,false,5,0,5,-70,421,2600,0.0,false,false,periodic,0,0,0,,8665,,,,"[{""type"":""LTE"",""pci"":421,""earfcn"":2600,""tac"":null,""rsrp"":-70,""rsrq"":-12,""rssi"":-51,""snr"":null,""ta"":null,""level"":4,""bands"":""5""},{""type"":""LTE"",""pci"":421,""earfcn"":100,""tac"":null,""rsrp"":-80,""rsrq"":-13,""rssi"":-51,""snr"":null,""ta"":null,""level"":4,""bands"":""1""},{""type"":""LTE"",""pci"":272,""earfcn"":100,""tac"":null,""rsrp"":-80,""rsrq"":-9,""rssi"":-55,""snr"":null,""ta"":null,""level"":4,""bands"":""1""},{""type"":""LTE"",""pci"":273,""earfcn"":3050,""tac"":null,""rsrp"":-83,""rsrq"":-10,""rssi"":-63,""snr"":null,""ta"":null,""level"":4,""bands"":""7""},{""type"":""LTE"",""pci"":418,""earfcn"":3050,""tac"":null,""rsrp"":-90,""rsrq"":-20,""rssi"":-63,""snr"":null,""ta"":null,""level"":3,""bands"":""7""}]",,,0.000,0.000,95,5,,,,"[{""b"":""28:4e:e9:4b:68:9a"",""s"":""U+Net689B"",""r"":-57,""f"":2412},{""b"":""70:5d:cc:e0:2c:b8"",""s"":""203"",""r"":-58,""f"":2452},{""b"":""70:5d:cc:df:3f:80"",""s"":""502"",""r"":-58,""f"":2422},{""b"":""b0:38:6c:b1:26:36"",""s"":""ggulbam"",""r"":-60,""f"":2447},{""b"":""70:5d:cc:a7:b2:60"",""s"":""204"",""r"":-60,""f"":2452},{""b"":""72:7f:f0:63:d5:4c"",""s"":"""",""r"":-61,""f"":2457},{""b"":""b0:38:6c:36:ff:8a"",""s"":""subin"",""r"":-62,""f"":2412},{""b"":""58:86:94:dd:fd:b6"",""s"":""iptime_niulgul"",""r"":-62,""f"":2432},{""b"":""70:5d:cc:e0:27:0a"",""s"":""iptime403"",""r"":-62,""f"":2427},{""b"":""70:5d:cc:df:03:54"",""s"":""604"",""r"":-62,""f"":2412},{""b"":""70:5d:cc:a7:bf:50"",""s"":""504"",""r"":-62,""f"":2442},{""b"":""88:bd:09:82:bf:35"",""s"":""DLive_BF30"",""r"":-63,""f"":2462},{""b"":""70:5d:cc:e0:14:2e"",""s"":""402"",""r"":-63,""f"":2452},{""b"":""88:3c:1c:5c:fb:8d"",""s"":""KT_GiGA_2G_FB89"",""r"":-64,""f"":2417},{""b"":""ca:dd:6a:12:ba:f9"",""s"":""[LG_CeilingCassette A\/C]baf9"",""r"":-64,""f"":2462}]",""
1791090967326,2026-10-04 14:16:07,unknown,37.5466483,127.0683068,12.08,1.1670547,44.271503,38.031309929693734,fused,1,LTE,NR_NSA,5G,true,false,true,false,false,52543756,273,100,1,8282,450,06,-82,-12,-51,5,4,0,,,,1270313,69679,10.1625,0.5574,1270293,69659,10.1623,0.5573,false,11,0,11,-76,421,2600,1.1670547,false,false,periodic,0,0,-5,,5009,,,,"[{""type"":""LTE"",""pci"":421,""earfcn"":2600,""tac"":null,""rsrp"":-76,""rsrq"":-12,""rssi"":-51,""snr"":null,""ta"":0,""level"":4,""bands"":""5""},{""type"":""LTE"",""pci"":273,""earfcn"":2600,""tac"":null,""rsrp"":-77,""rsrq"":-15,""rssi"":-51,""snr"":null,""ta"":0,""level"":4,""bands"":""5""},{""type"":""LTE"",""pci"":272,""earfcn"":2600,""tac"":null,""rsrp"":-81,""rsrq"":-18,""rssi"":-51,""snr"":null,""ta"":0,""level"":4,""bands"":""5""},{""type"":""LTE"",""pci"":273,""earfcn"":3050,""tac"":null,""rsrp"":-81,""rsrq"":-9,""rssi"":-61,""snr"":null,""ta"":0,""level"":4,""bands"":""7""},{""type"":""LTE"",""pci"":421,""earfcn"":100,""tac"":null,""rsrp"":-85,""rsrq"":-15,""rssi"":-61,""snr"":null,""ta"":0,""level"":4,""bands"":""1""},{""type"":""LTE"",""pci"":272,""earfcn"":100,""tac"":null,""rsrp"":-87,""rsrq"":-15,""rssi"":-61,""snr"":null,""ta"":0,""level"":3,""bands"":""1""},{""type"":""LTE"",""pci"":418,""earfcn"":100,""tac"":null,""rsrp"":-88,""rsrq"":-17,""rssi"":-61,""snr"":null,""ta"":0,""level"":3,""bands"":""1""},{""type"":""LTE"",""pci"":7,""earfcn"":100,""tac"":null,""rsrp"":-90,""rsrq"":-17,""rssi"":-61,""snr"":null,""ta"":0,""level"":3,""bands"":""1""},{""type"":""LTE"",""pci"":418,""earfcn"":3050,""tac"":null,""rsrp"":-91,""rsrq"":-18,""rssi"":-61,""snr"":null,""ta"":0,""level"":3,""bands"":""7""},{""type"":""LTE"",""pci"":272,""earfcn"":3050,""tac"":null,""rsrp"":-91,""rsrq"":-17,""rssi"":-61,""snr"":null,""ta"":0,""level"":3,""bands"":""7""},{""type"":""LTE"",""pci"":7,""earfcn"":3050,""tac"":null,""rsrp"":-94,""rsrq"":-16,""rssi"":-61,""snr"":null,""ta"":0,""level"":3,""bands"":""7""}]",1012.5451,70,0.459,0.459,141,4,,,,"[{""b"":""70:5d:cc:df:3f:80"",""s"":""502"",""r"":-57,""f"":2422},{""b"":""12:96:cd:97:9e:27"",""s"":"""",""r"":-57,""f"":2447},{""b"":""70:5d:cc:a7:fa:88"",""s"":""605"",""r"":-58,""f"":2457},{""b"":""70:5d:cc:e0:27:0a"",""s"":""iptime403"",""r"":-59,""f"":2427},{""b"":""70:5d:cc:60:6e:8c"",""s"":""XIUTIME"",""r"":-59,""f"":2427},{""b"":""b0:38:6c:2d:13:02"",""s"":""205호"",""r"":-59,""f"":2417},{""b"":""0c:96:cd:97:9e:27"",""s"":""SK_WiFiGIGA9E24_2.4G"",""r"":-59,""f"":2447},{""b"":""70:5d:cc:a7:b2:60"",""s"":""204"",""r"":-60,""f"":2452},{""b"":""70:5d:cc:a7:c2:52"",""s"":""303"",""r"":-60,""f"":2417},{""b"":""b0:38:6c:36:ff:8a"",""s"":""subin"",""r"":-61,""f"":2412},{""b"":""28:4e:e9:4b:68:9a"",""s"":""U+Net689B"",""r"":-61,""f"":2412},{""b"":""70:5d:cc:df:03:54"",""s"":""604"",""r"":-61,""f"":2412},{""b"":""70:5d:cc:e0:14:2e"",""s"":""402"",""r"":-62,""f"":2452},{""b"":""70:5d:cc:a7:bf:50"",""s"":""504"",""r"":-62,""f"":2442},{""b"":""70:5d:cc:a3:26:70"",""s"":""iptime_602"",""r"":-63,""f"":2432}]",""
1791090972352,2026-10-04 14:16:12,unknown,37.5466965,127.068316,8.857,1.179045,2.0254376,38.0059131920287,fused,1,LTE,NR_NSA,5G,true,false,true,false,false,52543756,273,100,1,8282,450,06,-81,-10,-51,3,4,0,,,,114430,79698,0.9154,0.6376,114390,79658,0.9151,0.6373,false,12,0,12,-77,421,2600,1.179045,false,false,periodic,0,0,1,-2,4999,,,,"[{""type"":""LTE"",""pci"":421,""earfcn"":2600,""tac"":null,""rsrp"":-77,""rsrq"":-15,""rssi"":-51,""snr"":null,""ta"":0,""level"":4,""bands"":""5""},{""type"":""LTE"",""pci"":272,""earfcn"":2600,""tac"":null,""rsrp"":-77,""rsrq"":-15,""rssi"":-51,""snr"":null,""ta"":0,""level"":4,""bands"":""5""},{""type"":""LTE"",""pci"":418,""earfcn"":2600,""tac"":null,""rsrp"":-81,""rsrq"":-20,""rssi"":-51,""snr"":null,""ta"":0,""level"":4,""bands"":""5""},{""type"":""LTE"",""pci"":7,""earfcn"":2600,""tac"":null,""rsrp"":-81,""rsrq"":-19,""rssi"":-51,""snr"":null,""ta"":0,""level"":4,""bands"":""5""},{""type"":""LTE"",""pci"":273,""earfcn"":2600,""tac"":null,""rsrp"":-82,""rsrq"":-17,""rssi"":-51,""snr"":null,""ta"":0,""level"":4,""bands"":""5""},{""type"":""LTE"",""pci"":272,""earfcn"":100,""tac"":null,""rsrp"":-84,""rsrq"":-12,""rssi"":-63,""snr"":null,""ta"":0,""level"":4,""bands"":""1""},{""type"":""LTE"",""pci"":272,""earfcn"":3050,""tac"":null,""rsrp"":-86,""rsrq"":-11,""rssi"":-65,""snr"":null,""ta"":0,""level"":3,""bands"":""7""},{""type"":""LTE"",""pci"":421,""earfcn"":100,""tac"":null,""rsrp"":-89,""rsrq"":-18,""rssi"":-63,""snr"":null,""ta"":0,""level"":3,""bands"":""1""},{""type"":""LTE"",""pci"":273,""earfcn"":3050,""tac"":null,""rsrp"":-90,""rsrq"":-15,""rssi"":-65,""snr"":null,""ta"":0,""level"":3,""bands"":""7""},{""type"":""LTE"",""pci"":7,""earfcn"":100,""tac"":null,""rsrp"":-91,""rsrq"":-18,""rssi"":-63,""snr"":null,""ta"":0,""level"":3,""bands"":""1""},{""type"":""LTE"",""pci"":7,""earfcn"":3050,""tac"":null,""rsrp"":-92,""rsrq"":-15,""rssi"":-65,""snr"":null,""ta"":0,""level"":3,""bands"":""7""},{""type"":""LTE"",""pci"":418,""earfcn"":3050,""tac"":null,""rsrp"":-98,""rsrq"":-15,""rssi"":-65,""snr"":null,""ta"":0,""level"":2,""bands"":""7""}]",1012.59546,50,0.459,0.459,81,7,,,,"[{""b"":""70:5d:cc:a3:26:70"",""s"":""iptime_602"",""r"":-53,""f"":2432},{""b"":""70:5d:cc:e0:14:44"",""s"":""Sehuntory"",""r"":-55,""f"":2417},{""b"":""88:36:6c:a2:17:52"",""s"":""iptime01"",""r"":-58,""f"":2472},{""b"":""70:5d:cc:df:3f:80"",""s"":""502"",""r"":-60,""f"":2422},{""b"":""70:5d:cc:a7:bf:50"",""s"":""504"",""r"":-60,""f"":2442},{""b"":""12:96:cd:97:9e:27"",""s"":"""",""r"":-60,""f"":2447},{""b"":""70:5d:cc:e0:2c:b8"",""s"":""203"",""r"":-61,""f"":2452},{""b"":""70:5d:cc:e0:14:2e"",""s"":""402"",""r"":-61,""f"":2452},{""b"":""70:5d:cc:60:6e:8e"",""s"":""XIUTIME5G"",""r"":-62,""f"":5785},{""b"":""70:5d:cc:60:6e:8c"",""s"":""XIUTIME"",""r"":-62,""f"":2427},{""b"":""70:5d:cc:a7:b3:16"",""s"":""503호"",""r"":-62,""f"":2452},{""b"":""0c:96:cd:97:9e:27"",""s"":""SK_WiFiGIGA9E24_2.4G"",""r"":-63,""f"":2447},{""b"":""18:c5:01:25:ce:3a"",""s"":""U+NetCE38"",""r"":-64,""f"":2437},{""b"":""70:5d:cc:e0:27:0a"",""s"":""iptime403"",""r"":-64,""f"":2427},{""b"":""28:4e:e9:03:72:37"",""s"":""SK_7234_2.4G"",""r"":-64,""f"":2422}]",""
1791090977373,2026-10-04 14:16:17,unknown,37.5467669,127.0683443,8.187,1.5532523,44.750576,37.75868764397939,fused,0,LTE,NR_NSA,5G,true,false,true,false,false,52543756,273,100,1,8282,450,06,-81,-10,-51,3,4,0,,,,3270,65946,0.0262,0.5276,3250,65926,0.0260,0.5274,false,12,0,12,-77,421,2600,1.5532523,false,false,periodic,0,0,0,0,10019,,,,"[{""type"":""LTE"",""pci"":421,""earfcn"":2600,""tac"":null,""rsrp"":-77,""rsrq"":-15,""rssi"":-51,""snr"":null,""ta"":0,""level"":4,""bands"":""5""},{""type"":""LTE"",""pci"":272,""earfcn"":2600,""tac"":null,""rsrp"":-77,""rsrq"":-15,""rssi"":-51,""snr"":null,""ta"":0,""level"":4,""bands"":""5""},{""type"":""LTE"",""pci"":418,""earfcn"":2600,""tac"":null,""rsrp"":-81,""rsrq"":-20,""rssi"":-51,""snr"":null,""ta"":0,""level"":4,""bands"":""5""},{""type"":""LTE"",""pci"":7,""earfcn"":2600,""tac"":null,""rsrp"":-81,""rsrq"":-19,""rssi"":-51,""snr"":null,""ta"":0,""level"":4,""bands"":""5""},{""type"":""LTE"",""pci"":273,""earfcn"":2600,""tac"":null,""rsrp"":-82,""rsrq"":-17,""rssi"":-51,""snr"":null,""ta"":0,""level"":4,""bands"":""5""},{""type"":""LTE"",""pci"":272,""earfcn"":100,""tac"":null,""rsrp"":-84,""rsrq"":-12,""rssi"":-63,""snr"":null,""ta"":0,""level"":4,""bands"":""1""},{""type"":""LTE"",""pci"":272,""earfcn"":3050,""tac"":null,""rsrp"":-86,""rsrq"":-11,""rssi"":-65,""snr"":null,""ta"":0,""level"":3,""bands"":""7""},{""type"":""LTE"",""pci"":421,""earfcn"":100,""tac"":null,""rsrp"":-89,""rsrq"":-18,""rssi"":-63,""snr"":null,""ta"":0,""level"":3,""bands"":""1""},{""type"":""LTE"",""pci"":273,""earfcn"":3050,""tac"":null,""rsrp"":-90,""rsrq"":-15,""rssi"":-65,""snr"":null,""ta"":0,""level"":3,""bands"":""7""},{""type"":""LTE"",""pci"":7,""earfcn"":100,""tac"":null,""rsrp"":-91,""rsrq"":-18,""rssi"":-63,""snr"":null,""ta"":0,""level"":3,""bands"":""1""},{""type"":""LTE"",""pci"":7,""earfcn"":3050,""tac"":null,""rsrp"":-92,""rsrq"":-15,""rssi"":-65,""snr"":null,""ta"":0,""level"":3,""bands"":""7""},{""type"":""LTE"",""pci"":418,""earfcn"":3050,""tac"":null,""rsrp"":-98,""rsrq"":-15,""rssi"":-65,""snr"":null,""ta"":0,""level"":2,""bands"":""7""}]",1012.53894,59,0.459,0.459,83,4,,,,"[{""b"":""70:5d:cc:a7:b2:60"",""s"":""204"",""r"":-50,""f"":2452},{""b"":""28:4e:e9:03:72:37"",""s"":""SK_7234_2.4G"",""r"":-55,""f"":2422},{""b"":""0c:96:cd:97:9e:27"",""s"":""SK_WiFiGIGA9E24_2.4G"",""r"":-60,""f"":2447},{""b"":""28:4e:e9:9f:71:5c"",""s"":""U+Net715D"",""r"":-61,""f"":2412},{""b"":""70:5d:cc:a7:be:a8"",""s"":""302"",""r"":-61,""f"":2457},{""b"":""88:36:6c:b0:3e:70"",""s"":""iptimeGY"",""r"":-62,""f"":2467},{""b"":""70:5d:cc:a7:c2:52"",""s"":""303"",""r"":-62,""f"":2417},{""b"":""70:5d:cc:c5:e8:88"",""s"":""song99"",""r"":-63,""f"":2442},{""b"":""70:5d:cc:60:6e:8c"",""s"":""XIUTIME"",""r"":-63,""f"":2427},{""b"":""12:96:cd:97:9e:27"",""s"":"""",""r"":-63,""f"":2447},{""b"":""62:29:d5:77:13:ca"",""s"":""KT_GiGA_Mesh_13C6"",""r"":-64,""f"":2452},{""b"":""70:5d:cc:e0:14:2e"",""s"":""402"",""r"":-64,""f"":2452},{""b"":""08:5d:dd:e4:cb:e7"",""s"":""SK_WiFiGIGACBE4"",""r"":-65,""f"":2462},{""b"":""58:86:94:6b:4a:6a"",""s"":""ds"",""r"":-66,""f"":2447},{""b"":""f0:fe:6b:8c:0a:b5"",""s"":""MiotLinkAp_0AB5"",""r"":-67,""f"":2422}]",""
1791090982381,2026-10-04 14:16:22,unknown,37.5468318,127.068401,8.081,1.2756276,47.38109,37.52018287935243,fused,0,LTE,NR_NSA,5G,true,false,true,false,false,52543757,272,100,1,8282,450,06,-84,-11,-51,,4,0,,,,2250,65417,0.0180,0.5233,2230,65397,0.0178,0.5232,false,13,0,13,-82,273,100,1.2756276,true,false,periodic,0,1,,,5005,52543756,-81,-10,"[{""type"":""LTE"",""pci"":273,""earfcn"":100,""tac"":null,""rsrp"":-82,""rsrq"":-11,""rssi"":-59,""snr"":null,""ta"":0,""level"":4,""bands"":""1""},{""type"":""LTE"",""pci"":272,""earfcn"":3050,""tac"":null,""rsrp"":-83,""rsrq"":-14,""rssi"":-59,""snr"":null,""ta"":0,""level"":4,""bands"":""7""},{""type"":""LTE"",""pci"":272,""earfcn"":2600,""tac"":null,""rsrp"":-85,""rsrq"":-13,""rssi"":-63,""snr"":null,""ta"":0,""level"":4,""bands"":""5""},{""type"":""LTE"",""pci"":273,""earfcn"":2600,""tac"":null,""rsrp"":-85,""rsrq"":-13,""rssi"":-63,""snr"":null,""ta"":0,""level"":4,""bands"":""5""},{""type"":""LTE"",""pci"":421,""earfcn"":2600,""tac"":null,""rsrp"":-87,""rsrq"":-15,""rssi"":-63,""snr"":null,""ta"":0,""level"":3,""bands"":""5""},{""type"":""LTE"",""pci"":421,""earfcn"":100,""tac"":null,""rsrp"":-88,""rsrq"":-17,""rssi"":-59,""snr"":null,""ta"":0,""level"":3,""bands"":""1""},{""type"":""LTE"",""pci"":273,""earfcn"":3050,""tac"":null,""rsrp"":-88,""rsrq"":-16,""rssi"":-59,""snr"":null,""ta"":0,""level"":3,""bands"":""7""},{""type"":""LTE"",""pci"":285,""earfcn"":2600,""tac"":null,""rsrp"":-91,""rsrq"":-20,""rssi"":-61,""snr"":null,""ta"":0,""level"":3,""bands"":""5""},{""type"":""LTE"",""pci"":418,""earfcn"":100,""tac"":null,""rsrp"":-92,""rsrq"":-18,""rssi"":-65,""snr"":null,""ta"":0,""level"":3,""bands"":""1""},{""type"":""LTE"",""pci"":7,""earfcn"":2600,""tac"":null,""rsrp"":-92,""rsrq"":-18,""rssi"":-63,""snr"":null,""ta"":0,""level"":3,""bands"":""5""},{""type"":""LTE"",""pci"":418,""earfcn"":3050,""tac"":null,""rsrp"":-93,""rsrq"":-18,""rssi"":-65,""snr"":null,""ta"":0,""level"":3,""bands"":""7""},{""type"":""LTE"",""pci"":285,""earfcn"":100,""tac"":null,""rsrp"":-94,""rsrq"":-20,""rssi"":-65,""snr"":null,""ta"":0,""level"":3,""bands"":""1""},{""type"":""LTE"",""pci"":7,""earfcn"":3050,""tac"":null,""rsrp"":-98,""rsrq"":-20,""rssi"":-67,""snr"":null,""ta"":0,""level"":2,""bands"":""7""}]",1012.6475,65,0.459,0.524,79,3,,,,"[{""b"":""80:ca:4b:95:d2:9a"",""s"":""U+NetD298"",""r"":-48,""f"":2462},{""b"":""70:5d:cc:c5:e8:88"",""s"":""song99"",""r"":-57,""f"":2442},{""b"":""28:4e:e9:9f:71:5c"",""s"":""U+Net715D"",""r"":-57,""f"":2412},{""b"":""70:5d:cc:60:6e:8c"",""s"":""XIUTIME"",""r"":-59,""f"":2427},{""b"":""8a:ca:4b:95:d2:9b"",""s"":"""",""r"":-60,""f"":5785},{""b"":""70:5d:cc:e0:14:44"",""s"":""Sehuntory"",""r"":-60,""f"":2417},{""b"":""08:5d:dd:e4:cb:e7"",""s"":""SK_WiFiGIGACBE4"",""r"":-60,""f"":2462},{""b"":""0a:5d:dd:e4:cb:e7"",""s"":"""",""r"":-60,""f"":2462},{""b"":""80:ca:4b:95:d2:9b"",""s"":""U+NetD298_5G"",""r"":-61,""f"":5785},{""b"":""00:07:89:17:c4:a4"",""s"":""olleh_WiFi_C4A1"",""r"":-61,""f"":2427},{""b"":""72:5d:cc:c0:c3:68"",""s"":""suhome"",""r"":-62,""f"":2447},{""b"":""38:f4:5e:08:15:97"",""s"":""SK_1594_2.4G"",""r"":-63,""f"":2412},{""b"":""70:5d:cc:60:6e:8e"",""s"":""XIUTIME5G"",""r"":-63,""f"":5785},{""b"":""88:36:6c:b0:3e:70"",""s"":""iptimeGY"",""r"":-64,""f"":2467},{""b"":""4e:ba:d7:d4:03:67"",""s"":""[LG_Wall-Mount A\/C]0367"",""r"":-64,""f"":2462}]","[{""type"":""LTE"",""pci"":421,""earfcn"":2600,""tac"":null,""rsrp"":-77,""rsrq"":-15,""rssi"":-51,""snr"":null,""ta"":0,""level"":4,""bands"":""5""},{""type"":""LTE"",""pci"":272,""earfcn"":2600,""tac"":null,""rsrp"":-77,""rsrq"":-15,""rssi"":-51,""snr"":null,""ta"":0,""level"":4,""bands"":""5""},{""type"":""LTE"",""pci"":418,""earfcn"":2600,""tac"":null,""rsrp"":-81,""rsrq"":-20,""rssi"":-51,""snr"":null,""ta"":0,""level"":4,""bands"":""5""},{""type"":""LTE"",""pci"":7,""earfcn"":2600,""tac"":null,""rsrp"":-81,""rsrq"":-19,""rssi"":-51,""snr"":null,""ta"":0,""level"":4,""bands"":""5""},{""type"":""LTE"",""pci"":273,""earfcn"":2600,""tac"":null,""rsrp"":-82,""rsrq"":-17,""rssi"":-51,""snr"":null,""ta"":0,""level"":4,""bands"":""5""},{""type"":""LTE"",""pci"":272,""earfcn"":100,""tac"":null,""rsrp"":-84,""rsrq"":-12,""rssi"":-63,""snr"":null,""ta"":0,""level"":4,""bands"":""1""},{""type"":""LTE"",""pci"":272,""earfcn"":3050,""tac"":null,""rsrp"":-86,""rsrq"":-11,""rssi"":-65,""snr"":null,""ta"":0,""level"":3,""bands"":""7""},{""type"":""LTE"",""pci"":421,""earfcn"":100,""tac"":null,""rsrp"":-89,""rsrq"":-18,""rssi"":-63,""snr"":null,""ta"":0,""level"":3,""bands"":""1""},{""type"":""LTE"",""pci"":273,""earfcn"":3050,""tac"":null,""rsrp"":-90,""rsrq"":-15,""rssi"":-65,""snr"":null,""ta"":0,""level"":3,""bands"":""7""},{""type"":""LTE"",""pci"":7,""earfcn"":100,""tac"":null,""rsrp"":-91,""rsrq"":-18,""rssi"":-63,""snr"":null,""ta"":0,""level"":3,""bands"":""1""},{""type"":""LTE"",""pci"":7,""earfcn"":3050,""tac"":null,""rsrp"":-92,""rsrq"":-15,""rssi"":-65,""snr"":null,""ta"":0,""level"":3,""bands"":""7""},{""type"":""LTE"",""pci"":418,""earfcn"":3050,""tac"":null,""rsrp"":-98,""rsrq"":-15,""rssi"":-65,""snr"":null,""ta"":0,""level"":2,""bands"":""7""}]"
1791090987411,2026-10-04 14:16:27,unknown,37.5468552,127.0683957,6.513,0.6915814,250.23639,37.519763302483376,fused,0,LTE,NR_NSA,5G,true,false,true,false,false,52543757,272,100,1,8282,450,06,-84,-11,-51,,4,0,,,,2074,63413,0.0166,0.5073,2054,63393,0.0164,0.5071,false,13,0,13,-82,273,100,0.6915814,false,false,periodic,5,1,0,,10036,,,,"[{""type"":""LTE"",""pci"":273,""earfcn"":100,""tac"":null,""rsrp"":-82,""rsrq"":-11,""rssi"":-59,""snr"":null,""ta"":0,""level"":4,""bands"":""1""},{""type"":""LTE"",""pci"":272,""earfcn"":3050,""tac"":null,""rsrp"":-83,""rsrq"":-14,""rssi"":-59,""snr"":null,""ta"":0,""level"":4,""bands"":""7""},{""type"":""LTE"",""pci"":272,""earfcn"":2600,""tac"":null,""rsrp"":-85,""rsrq"":-13,""rssi"":-63,""snr"":null,""ta"":0,""level"":4,""bands"":""5""},{""type"":""LTE"",""pci"":273,""earfcn"":2600,""tac"":null,""rsrp"":-85,""rsrq"":-13,""rssi"":-63,""snr"":null,""ta"":0,""level"":4,""bands"":""5""},{""type"":""LTE"",""pci"":421,""earfcn"":2600,""tac"":null,""rsrp"":-87,""rsrq"":-15,""rssi"":-63,""snr"":null,""ta"":0,""level"":3,""bands"":""5""},{""type"":""LTE"",""pci"":421,""earfcn"":100,""tac"":null,""rsrp"":-88,""rsrq"":-17,""rssi"":-59,""snr"":null,""ta"":0,""level"":3,""bands"":""1""},{""type"":""LTE"",""pci"":273,""earfcn"":3050,""tac"":null,""rsrp"":-88,""rsrq"":-16,""rssi"":-59,""snr"":null,""ta"":0,""level"":3,""bands"":""7""},{""type"":""LTE"",""pci"":285,""earfcn"":2600,""tac"":null,""rsrp"":-91,""rsrq"":-20,""rssi"":-61,""snr"":null,""ta"":0,""level"":3,""bands"":""5""},{""type"":""LTE"",""pci"":418,""earfcn"":100,""tac"":null,""rsrp"":-92,""rsrq"":-18,""rssi"":-65,""snr"":null,""ta"":0,""level"":3,""bands"":""1""},{""type"":""LTE"",""pci"":7,""earfcn"":2600,""tac"":null,""rsrp"":-92,""rsrq"":-18,""rssi"":-63,""snr"":null,""ta"":0,""level"":3,""bands"":""5""},{""type"":""LTE"",""pci"":418,""earfcn"":3050,""tac"":null,""rsrp"":-93,""rsrq"":-18,""rssi"":-65,""snr"":null,""ta"":0,""level"":3,""bands"":""7""},{""type"":""LTE"",""pci"":285,""earfcn"":100,""tac"":null,""rsrp"":-94,""rsrq"":-20,""rssi"":-65,""snr"":null,""ta"":0,""level"":3,""bands"":""1""},{""type"":""LTE"",""pci"":7,""earfcn"":3050,""tac"":null,""rsrp"":-98,""rsrq"":-20,""rssi"":-67,""snr"":null,""ta"":0,""level"":2,""bands"":""7""}]",1012.52045,77,0.524,0.459,87,2,,,,"[{""b"":""80:ca:4b:95:d2:9a"",""s"":""U+NetD298"",""r"":-51,""f"":2462},{""b"":""80:ca:4b:95:d2:9b"",""s"":""U+NetD298_5G"",""r"":-52,""f"":5785},{""b"":""70:5d:cc:a7:b3:16"",""s"":""503호"",""r"":-55,""f"":2452},{""b"":""00:07:89:17:c4:a4"",""s"":""olleh_WiFi_C4A1"",""r"":-55,""f"":2427},{""b"":""88:36:6c:b0:3e:70"",""s"":""iptimeGY"",""r"":-57,""f"":2467},{""b"":""70:5d:cc:a7:c2:52"",""s"":""303"",""r"":-58,""f"":2417},{""b"":""f0:fe:6b:8c:0a:b5"",""s"":""MiotLinkAp_0AB5"",""r"":-60,""f"":2422},{""b"":""70:5d:cc:a7:bb:6c"",""s"":""202"",""r"":-60,""f"":2442},{""b"":""28:4e:e9:9f:71:5c"",""s"":""U+Net715D"",""r"":-60,""f"":2412},{""b"":""0c:96:cd:89:a9:3b"",""s"":""KT_GiGA_Mesh_13C6"",""r"":-61,""f"":2457},{""b"":""0c:96:cd:97:9e:27"",""s"":""SK_WiFiGIGA9E24_2.4G"",""r"":-61,""f"":2447},{""b"":""90:de:80:36:13:0e"",""s"":""GNET_BB_MVR-S1_36130E"",""r"":-62,""f"":2457},{""b"":""1c:ec:72:0f:9a:9b"",""s"":""KT_GiGA_9A98"",""r"":-62,""f"":2457},{""b"":""88:3c:1c:18:cc:44"",""s"":""U+NetCC45"",""r"":-63,""f"":2412},{""b"":""70:5d:cc:32:59:06"",""s"":""603"",""r"":-63,""f"":2447}]",""
1791090992444,2026-10-04 14:16:32,unknown,37.5469007,127.0684151,8.057,1.1913981,15.931745,37.57988114196628,fused,0,LTE,NR_NSA,5G,true,false,true,false,false,52543757,272,100,1,8282,450,06,-77,-8,-51,,4,0,,,,2021,65160,0.0162,0.5213,2001,65141,0.0160,0.5211,false,14,0,14,-78,272,3050,1.1913981,false,false,periodic,10,1,7,,5002,,,,"[{""type"":""LTE"",""pci"":272,""earfcn"":3050,""tac"":null,""rsrp"":-78,""rsrq"":-9,""rssi"":-61,""snr"":null,""ta"":0,""level"":4,""bands"":""7""},{""type"":""LTE"",""pci"":272,""earfcn"":2600,""tac"":null,""rsrp"":-79,""rsrq"":-13,""rssi"":-55,""snr"":null,""ta"":0,""level"":4,""bands"":""5""},{""type"":""LTE"",""pci"":273,""earfcn"":2600,""tac"":null,""rsrp"":-79,""rsrq"":-13,""rssi"":-55,""snr"":null,""ta"":0,""level"":4,""bands"":""5""},{""type"":""LTE"",""pci"":421,""earfcn"":2600,""tac"":null,""rsrp"":-81,""rsrq"":-16,""rssi"":-55,""snr"":null,""ta"":0,""level"":4,""bands"":""5""},{""type"":""LTE"",""pci"":285,""earfcn"":2600,""tac"":null,""rsrp"":-83,""rsrq"":-20,""rssi"":-51,""snr"":null,""ta"":0,""level"":4,""bands"":""5""},{""type"":""LTE"",""pci"":131,""earfcn"":2600,""tac"":null,""rsrp"":-83,""rsrq"":-19,""rssi"":-55,""snr"":null,""ta"":0,""level"":4,""bands"":""5""},{""type"":""LTE"",""pci"":418,""earfcn"":2600,""tac"":null,""rsrp"":-84,""rsrq"":-20,""rssi"":-55,""snr"":null,""ta"":0,""level"":4,""bands"":""5""},{""type"":""LTE"",""pci"":273,""earfcn"":100,""tac"":null,""rsrp"":-86,""rsrq"":-14,""rssi"":-57,""snr"":null,""ta"":0,""level"":3,""bands"":""1""},{""type"":""LTE"",""pci"":418,""earfcn"":3050,""tac"":null,""rsrp"":-88,""rsrq"":-18,""rssi"":-61,""snr"":null,""ta"":0,""level"":3,""bands"":""7""},{""type"":""LTE"",""pci"":7,""earfcn"":2600,""tac"":null,""rsrp"":-88,""rsrq"":-16,""rssi"":-55,""snr"":null,""ta"":0,""level"":3,""bands"":""5""},{""type"":""LTE"",""pci"":421,""earfcn"":100,""tac"":null,""rsrp"":-89,""rsrq"":-16,""rssi"":-59,""snr"":null,""ta"":0,""level"":3,""bands"":""1""},{""type"":""LTE"",""pci"":418,""earfcn"":100,""tac"":null,""rsrp"":-89,""rsrq"":-17,""rssi"":-59,""snr"":null,""ta"":0,""level"":3,""bands"":""1""},{""type"":""LTE"",""pci"":273,""earfcn"":3050,""tac"":null,""rsrp"":-89,""rsrq"":-19,""rssi"":-61,""snr"":null,""ta"":0,""level"":3,""bands"":""7""},{""type"":""LTE"",""pci"":7,""earfcn"":3050,""tac"":null,""rsrp"":-91,""rsrq"":-20,""rssi"":-61,""snr"":null,""ta"":0,""level"":3,""bands"":""7""}]",1012.56335,63,0.459,0.459,86,2,,,,"[{""b"":""90:de:80:36:13:0e"",""s"":""GNET_BB_MVR-S1_36130E"",""r"":-52,""f"":2457},{""b"":""00:07:89:17:c4:a4"",""s"":""olleh_WiFi_C4A1"",""r"":-55,""f"":2427},{""b"":""80:ca:4b:95:d2:9a"",""s"":""U+NetD298"",""r"":-58,""f"":2462},{""b"":""00:07:89:17:c4:a5"",""s"":""olleh_GiGA_WiFi_C4A1"",""r"":-58,""f"":5745},{""b"":""72:5d:cc:c0:c3:68"",""s"":""suhome"",""r"":-59,""f"":2447},{""b"":""0c:96:cd:89:a9:3b"",""s"":""KT_GiGA_Mesh_13C6"",""r"":-60,""f"":2457},{""b"":""88:36:6c:7e:4e:1e"",""s"":""403"",""r"":-60,""f"":2472},{""b"":""28:4e:e9:9f:71:5c"",""s"":""U+Net715D"",""r"":-60,""f"":2412},{""b"":""8a:ca:4b:95:d2:9b"",""s"":"""",""r"":-61,""f"":5785},{""b"":""60:29:d5:77:13:ca"",""s"":""KT_GiGA_13C6"",""r"":-61,""f"":2452},{""b"":""88:36:6c:b0:3e:70"",""s"":""iptimeGY"",""r"":-62,""f"":2467},{""b"":""70:5d:cc:a7:c2:52"",""s"":""303"",""r"":-62,""f"":2417},{""b"":""0c:96:cd:1d:7e:b5"",""s"":""SK_WiFiGIGA7EB2_2.4G"",""r"":-62,""f"":2417},{""b"":""88:3c:1c:47:e8:bc"",""s"":""KT_GiGA_2G_E8B8"",""r"":-63,""f"":2422},{""b"":""0c:96:cd:97:9e:27"",""s"":""SK_WiFiGIGA9E24_2.4G"",""r"":-63,""f"":2447}]",""
1791090997473,2026-10-04 14:16:37,unknown,37.5469543,127.0684704,7.272,1.1516012,45.696823,37.652439853992846,fused,0,LTE,NR_NSA,5G,true,false,true,false,false,52543757,272,100,1,8282,450,06,-77,-8,-51,,4,0,,,,2009,65136,0.0161,0.5211,1969,65096,0.0158,0.5208,false,14,0,14,-78,272,3050,1.1516012,false,false,periodic,15,1,0,,10030,,,,"[{""type"":""LTE"",""pci"":272,""earfcn"":3050,""tac"":null,""rsrp"":-78,""rsrq"":-9,""rssi"":-61,""snr"":null,""ta"":0,""level"":4,""bands"":""7""},{""type"":""LTE"",""pci"":272,""earfcn"":2600,""tac"":null,""rsrp"":-79,""rsrq"":-13,""rssi"":-55,""snr"":null,""ta"":0,""level"":4,""bands"":""5""},{""type"":""LTE"",""pci"":273,""earfcn"":2600,""tac"":null,""rsrp"":-79,""rsrq"":-13,""rssi"":-55,""snr"":null,""ta"":0,""level"":4,""bands"":""5""},{""type"":""LTE"",""pci"":421,""earfcn"":2600,""tac"":null,""rsrp"":-81,""rsrq"":-16,""rssi"":-55,""snr"":null,""ta"":0,""level"":4,""bands"":""5""},{""type"":""LTE"",""pci"":285,""earfcn"":2600,""tac"":null,""rsrp"":-83,""rsrq"":-20,""rssi"":-51,""snr"":null,""ta"":0,""level"":4,""bands"":""5""},{""type"":""LTE"",""pci"":131,""earfcn"":2600,""tac"":null,""rsrp"":-83,""rsrq"":-19,""rssi"":-55,""snr"":null,""ta"":0,""level"":4,""bands"":""5""},{""type"":""LTE"",""pci"":418,""earfcn"":2600,""tac"":null,""rsrp"":-84,""rsrq"":-20,""rssi"":-55,""snr"":null,""ta"":0,""level"":4,""bands"":""5""},{""type"":""LTE"",""pci"":273,""earfcn"":100,""tac"":null,""rsrp"":-86,""rsrq"":-14,""rssi"":-57,""snr"":null,""ta"":0,""level"":3,""bands"":""1""},{""type"":""LTE"",""pci"":418,""earfcn"":3050,""tac"":null,""rsrp"":-88,""rsrq"":-18,""rssi"":-61,""snr"":null,""ta"":0,""level"":3,""bands"":""7""},{""type"":""LTE"",""pci"":7,""earfcn"":2600,""tac"":null,""rsrp"":-88,""rsrq"":-16,""rssi"":-55,""snr"":null,""ta"":0,""level"":3,""bands"":""5""},{""type"":""LTE"",""pci"":421,""earfcn"":100,""tac"":null,""rsrp"":-89,""rsrq"":-16,""rssi"":-59,""snr"":null,""ta"":0,""level"":3,""bands"":""1""},{""type"":""LTE"",""pci"":418,""earfcn"":100,""tac"":null,""rsrp"":-89,""rsrq"":-17,""rssi"":-59,""snr"":null,""ta"":0,""level"":3,""bands"":""1""},{""type"":""LTE"",""pci"":273,""earfcn"":3050,""tac"":null,""rsrp"":-89,""rsrq"":-19,""rssi"":-61,""snr"":null,""ta"":0,""level"":3,""bands"":""7""},{""type"":""LTE"",""pci"":7,""earfcn"":3050,""tac"":null,""rsrp"":-91,""rsrq"":-20,""rssi"":-61,""snr"":null,""ta"":0,""level"":3,""bands"":""7""}]",1012.58484,60,0.459,0.459,73,4,,,,"[{""b"":""00:07:89:17:c4:a4"",""s"":""olleh_WiFi_C4A1"",""r"":-48,""f"":2427},{""b"":""00:07:89:17:c4:a5"",""s"":""olleh_GiGA_WiFi_C4A1"",""r"":-54,""f"":5745},{""b"":""80:ca:4b:95:d2:9a"",""s"":""U+NetD298"",""r"":-56,""f"":2462},{""b"":""0c:96:cd:89:a9:3b"",""s"":""KT_GiGA_Mesh_13C6"",""r"":-59,""f"":2457},{""b"":""0c:96:cd:1d:7e:bd"",""s"":""SK_WiFiGIGA7EBA_2.4G"",""r"":-59,""f"":2462},{""b"":""60:29:d5:77:13:ca"",""s"":""KT_GiGA_13C6"",""r"":-59,""f"":2452},{""b"":""62:29:d5:77:13:ca"",""s"":""KT_GiGA_Mesh_13C6"",""r"":-60,""f"":2452},{""b"":""f0:fe:6b:8c:0a:b5"",""s"":""MiotLinkAp_0AB5"",""r"":-61,""f"":2422},{""b"":""90:de:80:36:13:0e"",""s"":""GNET_BB_MVR-S1_36130E"",""r"":-61,""f"":2457},{""b"":""12:96:cd:1d:7e:bd"",""s"":"""",""r"":-62,""f"":2462},{""b"":""0c:96:cd:1d:7e:b5"",""s"":""SK_WiFiGIGA7EB2_2.4G"",""r"":-62,""f"":2417},{""b"":""88:36:6c:bd:fc:e8"",""s"":""golden-201"",""r"":-62,""f"":2442},{""b"":""0c:96:cd:1d:7e:c5"",""s"":""SK_WiFiGIGA7EC2_2.4G"",""r"":-62,""f"":2462},{""b"":""90:9f:33:67:0f:de"",""s"":""iptime"",""r"":-65,""f"":2437},{""b"":""70:5d:cc:e0:14:44"",""s"":""Sehuntory"",""r"":-65,""f"":2417}]",""
1791091002504,2026-10-04 14:16:42,unknown,37.5470161,127.0685062,6.798,1.0369098,35.11619,37.62704423514796,fused,0,LTE,NR_NSA,5G,true,false,true,false,false,52543757,272,100,1,8282,450,06,-79,-8,-51,,4,0,,,,2060,65090,0.0165,0.5207,2040,65070,0.0163,0.5206,false,14,0,14,-81,272,2600,1.0369098,false,false,periodic,20,1,-2,,5001,,,,"[{""type"":""LTE"",""pci"":272,""earfcn"":2600,""tac"":null,""rsrp"":-81,""rsrq"":-15,""rssi"":-55,""snr"":null,""ta"":0,""level"":4,""bands"":""5""},{""type"":""LTE"",""pci"":272,""earfcn"":3050,""tac"":null,""rsrp"":-82,""rsrq"":-9,""rssi"":-63,""snr"":null,""ta"":0,""level"":4,""bands"":""7""},{""type"":""LTE"",""pci"":421,""earfcn"":2600,""tac"":null,""rsrp"":-82,""rsrq"":-15,""rssi"":-55,""snr"":null,""ta"":0,""level"":4,""bands"":""5""},{""type"":""LTE"",""pci"":273,""earfcn"":2600,""tac"":null,""rsrp"":-83,""rsrq"":-17,""rssi"":-55,""snr"":null,""ta"":0,""level"":4,""bands"":""5""},{""type"":""LTE"",""pci"":418,""earfcn"":2600,""tac"":null,""rsrp"":-83,""rsrq"":-14,""rssi"":-59,""snr"":null,""ta"":0,""level"":4,""bands"":""5""},{""type"":""LTE"",""pci"":7,""earfcn"":2600,""tac"":null,""rsrp"":-84,""rsrq"":-18,""rssi"":-55,""snr"":null,""ta"":0,""level"":4,""bands"":""5""},{""type"":""LTE"",""pci"":273,""earfcn"":100,""tac"":null,""rsrp"":-88,""rsrq"":-16,""rssi"":-63,""snr"":null,""ta"":0,""level"":3,""bands"":""1""},{""type"":""LTE"",""pci"":131,""earfcn"":2600,""tac"":null,""rsrp"":-88,""rsrq"":-17,""rssi"":-57,""snr"":null,""ta"":0,""level"":3,""bands"":""5""},{""type"":""LTE"",""pci"":418,""earfcn"":100,""tac"":null,""rsrp"":-91,""rsrq"":-20,""rssi"":-63,""snr"":null,""ta"":0,""level"":3,""bands"":""1""},{""type"":""LTE"",""pci"":273,""earfcn"":3050,""tac"":null,""rsrp"":-92,""rsrq"":-19,""rssi"":-63,""snr"":null,""ta"":0,""level"":3,""bands"":""7""},{""type"":""LTE"",""pci"":7,""earfcn"":100,""tac"":null,""rsrp"":-93,""rsrq"":-19,""rssi"":-63,""snr"":null,""ta"":0,""level"":3,""bands"":""1""},{""type"":""LTE"",""pci"":418,""earfcn"":3050,""tac"":null,""rsrp"":-93,""rsrq"":-18,""rssi"":-63,""snr"":null,""ta"":0,""level"":3,""bands"":""7""},{""type"":""LTE"",""pci"":421,""earfcn"":100,""tac"":null,""rsrp"":-94,""rsrq"":-20,""rssi"":-63,""snr"":null,""ta"":0,""level"":3,""bands"":""1""},{""type"":""LTE"",""pci"":7,""earfcn"":3050,""tac"":null,""rsrp"":-96,""rsrq"":-20,""rssi"":-63,""snr"":null,""ta"":0,""level"":2,""bands"":""7""}]",1012.5668,60,0.459,0.459,73,9,,,,"[{""b"":""00:07:89:17:c4:a4"",""s"":""olleh_WiFi_C4A1"",""r"":-48,""f"":2427},{""b"":""00:07:89:17:c4:a5"",""s"":""olleh_GiGA_WiFi_C4A1"",""r"":-54,""f"":5745},{""b"":""80:ca:4b:95:d2:9a"",""s"":""U+NetD298"",""r"":-56,""f"":2462},{""b"":""0c:96:cd:89:a9:3b"",""s"":""KT_GiGA_Mesh_13C6"",""r"":-59,""f"":2457},{""b"":""0c:96:cd:1d:7e:bd"",""s"":""SK_WiFiGIGA7EBA_2.4G"",""r"":-59,""f"":2462},{""b"":""60:29:d5:77:13:ca"",""s"":""KT_GiGA_13C6"",""r"":-59,""f"":2452},{""b"":""62:29:d5:77:13:ca"",""s"":""KT_GiGA_Mesh_13C6"",""r"":-60,""f"":2452},{""b"":""f0:fe:6b:8c:0a:b5"",""s"":""MiotLinkAp_0AB5"",""r"":-61,""f"":2422},{""b"":""90:de:80:36:13:0e"",""s"":""GNET_BB_MVR-S1_36130E"",""r"":-61,""f"":2457},{""b"":""12:96:cd:1d:7e:bd"",""s"":"""",""r"":-62,""f"":2462},{""b"":""0c:96:cd:1d:7e:b5"",""s"":""SK_WiFiGIGA7EB2_2.4G"",""r"":-62,""f"":2417},{""b"":""88:36:6c:bd:fc:e8"",""s"":""golden-201"",""r"":-62,""f"":2442},{""b"":""0c:96:cd:1d:7e:c5"",""s"":""SK_WiFiGIGA7EC2_2.4G"",""r"":-62,""f"":2462},{""b"":""90:9f:33:67:0f:de"",""s"":""iptime"",""r"":-65,""f"":2437},{""b"":""70:5d:cc:e0:14:44"",""s"":""Sehuntory"",""r"":-65,""f"":2417}]",""
1791091007529,2026-10-04 14:16:47,unknown,37.5470628,127.0685115,6.793,1.042903,27.786695,37.787198570470046,fused,0,LTE,NR_NSA,5G,true,false,true,false,false,52543757,272,100,1,8282,450,06,-79,-8,-51,,4,0,,,,2163,65581,0.0173,0.5246,2144,65561,0.0172,0.5245,false,14,0,14,-81,272,2600,1.042903,false,false,periodic,25,1,0,,10028,,,,"[{""type"":""LTE"",""pci"":272,""earfcn"":2600,""tac"":null,""rsrp"":-81,""rsrq"":-15,""rssi"":-55,""snr"":null,""ta"":0,""level"":4,""bands"":""5""},{""type"":""LTE"",""pci"":272,""earfcn"":3050,""tac"":null,""rsrp"":-82,""rsrq"":-9,""rssi"":-63,""snr"":null,""ta"":0,""level"":4,""bands"":""7""},{""type"":""LTE"",""pci"":421,""earfcn"":2600,""tac"":null,""rsrp"":-82,""rsrq"":-15,""rssi"":-55,""snr"":null,""ta"":0,""level"":4,""bands"":""5""},{""type"":""LTE"",""pci"":273,""earfcn"":2600,""tac"":null,""rsrp"":-83,""rsrq"":-17,""rssi"":-55,""snr"":null,""ta"":0,""level"":4,""bands"":""5""},{""type"":""LTE"",""pci"":418,""earfcn"":2600,""tac"":null,""rsrp"":-83,""rsrq"":-14,""rssi"":-59,""snr"":null,""ta"":0,""level"":4,""bands"":""5""},{""type"":""LTE"",""pci"":7,""earfcn"":2600,""tac"":null,""rsrp"":-84,""rsrq"":-18,""rssi"":-55,""snr"":null,""ta"":0,""level"":4,""bands"":""5""},{""type"":""LTE"",""pci"":273,""earfcn"":100,""tac"":null,""rsrp"":-88,""rsrq"":-16,""rssi"":-63,""snr"":null,""ta"":0,""level"":3,""bands"":""1""},{""type"":""LTE"",""pci"":131,""earfcn"":2600,""tac"":null,""rsrp"":-88,""rsrq"":-17,""rssi"":-57,""snr"":null,""ta"":0,""level"":3,""bands"":""5""},{""type"":""LTE"",""pci"":418,""earfcn"":100,""tac"":null,""rsrp"":-91,""rsrq"":-20,""rssi"":-63,""snr"":null,""ta"":0,""level"":3,""bands"":""1""},{""type"":""LTE"",""pci"":273,""earfcn"":3050,""tac"":null,""rsrp"":-92,""rsrq"":-19,""rssi"":-63,""snr"":null,""ta"":0,""level"":3,""bands"":""7""},{""type"":""LTE"",""pci"":7,""earfcn"":100,""tac"":null,""rsrp"":-93,""rsrq"":-19,""rssi"":-63,""snr"":null,""ta"":0,""level"":3,""bands"":""1""},{""type"":""LTE"",""pci"":418,""earfcn"":3050,""tac"":null,""rsrp"":-93,""rsrq"":-18,""rssi"":-63,""snr"":null,""ta"":0,""level"":3,""bands"":""7""},{""type"":""LTE"",""pci"":421,""earfcn"":100,""tac"":null,""rsrp"":-94,""rsrq"":-20,""rssi"":-63,""snr"":null,""ta"":0,""level"":3,""bands"":""1""},{""type"":""LTE"",""pci"":7,""earfcn"":3050,""tac"":null,""rsrp"":-96,""rsrq"":-20,""rssi"":-63,""snr"":null,""ta"":0,""level"":2,""bands"":""7""}]",1012.54553,60,0.524,0.524,76,5,,,,"[{""b"":""00:07:89:17:c4:a5"",""s"":""olleh_GiGA_WiFi_C4A1"",""r"":-39,""f"":5745},{""b"":""00:07:89:17:c4:a4"",""s"":""olleh_WiFi_C4A1"",""r"":-47,""f"":2427},{""b"":""0c:96:cd:89:a9:3b"",""s"":""KT_GiGA_Mesh_13C6"",""r"":-53,""f"":2457},{""b"":""12:96:cd:38:fb:37"",""s"":"""",""r"":-61,""f"":2432},{""b"":""12:f4:5e:08:15:97"",""s"":"""",""r"":-62,""f"":2412},{""b"":""0c:96:cd:1d:7e:b9"",""s"":""SK_WiFiGIGA7EB6_2.4G"",""r"":-63,""f"":2462},{""b"":""60:29:d5:77:13:ca"",""s"":""KT_GiGA_13C6"",""r"":-63,""f"":2452},{""b"":""0c:96:cd:1d:7e:ad"",""s"":""SK_WiFiGIGA7EAA_2.4G"",""r"":-63,""f"":2442},{""b"":""62:29:d5:77:13:ca"",""s"":""KT_GiGA_Mesh_13C6"",""r"":-64,""f"":2452},{""b"":""88:36:6c:bd:fc:e8"",""s"":""golden-201"",""r"":-64,""f"":2442},{""b"":""70:5d:cc:a3:f9:1a"",""s"":""boyoung"",""r"":-64,""f"":2452},{""b"":""08:5d:dd:75:aa:00"",""s"":""olleh_WiFi_A9FC"",""r"":-64,""f"":2462},{""b"":""b0:38:6c:7b:10:96"",""s"":""KimGo"",""r"":-64,""f"":2412},{""b"":""0c:96:cd:38:fb:37"",""s"":""SK_WiFiGIGAFB34_2.4G"",""r"":-66,""f"":2432},{""b"":""28:4e:e9:9f:71:5c"",""s"":""U+Net715D"",""r"":-66,""f"":2412}]",""
1791091012561,2026-10-04 14:16:52,unknown,37.5471147,127.0685261,5.831,1.1485652,18.517664,37.808966270658615,fused,0,LTE,NR_NSA,5G,true,false,true,false,false,52543757,272,100,1,8282,450,06,-81,-11,-51,,4,0,,,,1887,65009,0.0151,0.5201,1868,64989,0.0149,0.5199,false,13,0,13,-74,272,2600,1.1485652,false,false,periodic,30,0,-2,,5003,,,,"[{""type"":""LTE"",""pci"":272,""earfcn"":2600,""tac"":null,""rsrp"":-74,""rsrq"":-13,""rssi"":-51,""snr"":null,""ta"":0,""level"":4,""bands"":""5""},{""type"":""LTE"",""pci"":7,""earfcn"":2600,""tac"":null,""rsrp"":-77,""rsrq"":-15,""rssi"":-51,""snr"":null,""ta"":0,""level"":4,""bands"":""5""},{""type"":""LTE"",""pci"":272,""earfcn"":3050,""tac"":null,""rsrp"":-82,""rsrq"":-9,""rssi"":-63,""snr"":null,""ta"":0,""level"":4,""bands"":""7""},{""type"":""LTE"",""pci"":273,""earfcn"":2600,""tac"":null,""rsrp"":-82,""rsrq"":-19,""rssi"":-53,""snr"":null,""ta"":0,""level"":4,""bands"":""5""},{""type"":""LTE"",""pci"":421,""earfcn"":2600,""tac"":null,""rsrp"":-82,""rsrq"":-20,""rssi"":-51,""snr"":null,""ta"":0,""level"":4,""bands"":""5""},{""type"":""LTE"",""pci"":418,""earfcn"":2600,""tac"":null,""rsrp"":-82,""rsrq"":-20,""rssi"":-51,""snr"":null,""ta"":0,""level"":4,""bands"":""5""},{""type"":""LTE"",""pci"":131,""earfcn"":2600,""tac"":null,""rsrp"":-83,""rsrq"":-20,""rssi"":-51,""snr"":null,""ta"":0,""level"":4,""bands"":""5""},{""type"":""LTE"",""pci"":273,""earfcn"":100,""tac"":null,""rsrp"":-88,""rsrq"":-14,""rssi"":-67,""snr"":null,""ta"":0,""level"":3,""bands"":""1""},{""type"":""LTE"",""pci"":7,""earfcn"":100,""tac"":null,""rsrp"":-88,""rsrq"":-17,""rssi"":-59,""snr"":null,""ta"":0,""level"":3,""bands"":""1""},{""type"":""LTE"",""pci"":418,""earfcn"":100,""tac"":null,""rsrp"":-92,""rsrq"":-16,""rssi"":-67,""snr"":null,""ta"":0,""level"":3,""bands"":""1""},{""type"":""LTE"",""pci"":7,""earfcn"":3050,""tac"":null,""rsrp"":-92,""rsrq"":-19,""rssi"":-63,""snr"":null,""ta"":0,""level"":3,""bands"":""7""},{""type"":""LTE"",""pci"":418,""earfcn"":3050,""tac"":null,""rsrp"":-94,""rsrq"":-20,""rssi"":-63,""snr"":null,""ta"":0,""level"":3,""bands"":""7""},{""type"":""LTE"",""pci"":273,""earfcn"":3050,""tac"":null,""rsrp"":-95,""rsrq"":-17,""rssi"":-63,""snr"":null,""ta"":0,""level"":3,""bands"":""7""}]",1012.58716,71,0.473,0.524,74,5,,,,"[{""b"":""00:07:89:17:c4:a5"",""s"":""olleh_GiGA_WiFi_C4A1"",""r"":-55,""f"":5745},{""b"":""00:07:89:17:c4:a4"",""s"":""olleh_WiFi_C4A1"",""r"":-56,""f"":2427},{""b"":""18:c5:01:a8:be:ba"",""s"":""U+NetBEB8"",""r"":-60,""f"":2427},{""b"":""0c:96:cd:89:a9:3b"",""s"":""KT_GiGA_Mesh_13C6"",""r"":-61,""f"":2457},{""b"":""62:29:d5:77:13:ca"",""s"":""KT_GiGA_Mesh_13C6"",""r"":-62,""f"":2452},{""b"":""60:29:d5:77:13:ca"",""s"":""KT_GiGA_13C6"",""r"":-63,""f"":2452},{""b"":""0c:96:cd:89:a9:3a"",""s"":""KT_GiGA_Mesh_13C6"",""r"":-64,""f"":5240},{""b"":""58:86:94:5c:ce:84"",""s"":""iptime"",""r"":-64,""f"":2432},{""b"":""0c:96:cd:1d:7e:c5"",""s"":""SK_WiFiGIGA7EC2_2.4G"",""r"":-64,""f"":2462},{""b"":""12:f4:5e:08:15:97"",""s"":"""",""r"":-65,""f"":2412},{""b"":""b0:38:6c:7b:10:96"",""s"":""KimGo"",""r"":-65,""f"":2412},{""b"":""30:de:4b:ee:76:8b"",""s"":""201"",""r"":-66,""f"":2427},{""b"":""f6:a7:31:2d:5d:d6"",""s"":""YD_IoT"",""r"":-66,""f"":2422},{""b"":""38:f4:5e:72:62:86"",""s"":""KT_GiGA_6283"",""r"":-67,""f"":2437},{""b"":""dc:70:35:0e:00:ae"",""s"":""U+Net00AC"",""r"":-67,""f"":2442}]",""
1791091017594,2026-10-04 14:16:57,unknown,37.5471543,127.0685469,5.073,1.1827408,29.421877,37.66125059642083,fused,0,LTE,NR_NSA,5G,true,false,true,false,false,52543757,272,100,1,8282,450,06,-81,-11,-51,,4,0,,,,1850,63395,0.0148,0.5072,1810,63355,0.0145,0.5068,false,13,0,13,-74,272,2600,1.1827408,false,false,periodic,35,0,0,,10036,,,,"[{""type"":""LTE"",""pci"":272,""earfcn"":2600,""tac"":null,""rsrp"":-74,""rsrq"":-13,""rssi"":-51,""snr"":null,""ta"":0,""level"":4,""bands"":""5""},{""type"":""LTE"",""pci"":7,""earfcn"":2600,""tac"":null,""rsrp"":-77,""rsrq"":-15,""rssi"":-51,""snr"":null,""ta"":0,""level"":4,""bands"":""5""},{""type"":""LTE"",""pci"":272,""earfcn"":3050,""tac"":null,""rsrp"":-82,""rsrq"":-9,""rssi"":-63,""snr"":null,""ta"":0,""level"":4,""bands"":""7""},{""type"":""LTE"",""pci"":273,""earfcn"":2600,""tac"":null,""rsrp"":-82,""rsrq"":-19,""rssi"":-53,""snr"":null,""ta"":0,""level"":4,""bands"":""5""},{""type"":""LTE"",""pci"":421,""earfcn"":2600,""tac"":null,""rsrp"":-82,""rsrq"":-20,""rssi"":-51,""snr"":null,""ta"":0,""level"":4,""bands"":""5""},{""type"":""LTE"",""pci"":418,""earfcn"":2600,""tac"":null,""rsrp"":-82,""rsrq"":-20,""rssi"":-51,""snr"":null,""ta"":0,""level"":4,""bands"":""5""},{""type"":""LTE"",""pci"":131,""earfcn"":2600,""tac"":null,""rsrp"":-83,""rsrq"":-20,""rssi"":-51,""snr"":null,""ta"":0,""level"":4,""bands"":""5""},{""type"":""LTE"",""pci"":273,""earfcn"":100,""tac"":null,""rsrp"":-88,""rsrq"":-14,""rssi"":-67,""snr"":null,""ta"":0,""level"":3,""bands"":""1""},{""type"":""LTE"",""pci"":7,""earfcn"":100,""tac"":null,""rsrp"":-88,""rsrq"":-17,""rssi"":-59,""snr"":null,""ta"":0,""level"":3,""bands"":""1""},{""type"":""LTE"",""pci"":418,""earfcn"":100,""tac"":null,""rsrp"":-92,""rsrq"":-16,""rssi"":-67,""snr"":null,""ta"":0,""level"":3,""bands"":""1""},{""type"":""LTE"",""pci"":7,""earfcn"":3050,""tac"":null,""rsrp"":-92,""rsrq"":-19,""rssi"":-63,""snr"":null,""ta"":0,""level"":3,""bands"":""7""},{""type"":""LTE"",""pci"":418,""earfcn"":3050,""tac"":null,""rsrp"":-94,""rsrq"":-20,""rssi"":-63,""snr"":null,""ta"":0,""level"":3,""bands"":""7""},{""type"":""LTE"",""pci"":273,""earfcn"":3050,""tac"":null,""rsrp"":-95,""rsrq"":-17,""rssi"":-63,""snr"":null,""ta"":0,""level"":3,""bands"":""7""}]",1012.55505,71,0.459,0.459,81,4,,,,"[{""b"":""18:c5:01:a8:be:ba"",""s"":""U+NetBEB8"",""r"":-58,""f"":2427},{""b"":""0c:96:cd:89:a9:3b"",""s"":""KT_GiGA_Mesh_13C6"",""r"":-59,""f"":2457},{""b"":""00:07:89:17:c4:a4"",""s"":""olleh_WiFi_C4A1"",""r"":-59,""f"":2427},{""b"":""dc:70:35:0e:00:ae"",""s"":""U+Net00AC"",""r"":-62,""f"":2442},{""b"":""dc:62:79:c9:04:3f"",""s"":""501"",""r"":-63,""f"":2447},{""b"":""0c:96:cd:1d:7e:b9"",""s"":""SK_WiFiGIGA7EB6_2.4G"",""r"":-63,""f"":2462},{""b"":""de:62:79:c9:04:3f"",""s"":""TP-Link_Guest_0440"",""r"":-64,""f"":2447},{""b"":""bc:e0:01:df:f6:bd"",""s"":""netis"",""r"":-65,""f"":2412},{""b"":""12:96:cd:1d:7e:b9"",""s"":"""",""r"":-65,""f"":2462},{""b"":""00:07:89:17:c4:a5"",""s"":""olleh_GiGA_WiFi_C4A1"",""r"":-65,""f"":5745},{""b"":""60:29:d5:77:13:ca"",""s"":""KT_GiGA_13C6"",""r"":-66,""f"":2452},{""b"":""dc:62:79:c9:04:3e"",""s"":""501"",""r"":-67,""f"":5805},{""b"":""38:f4:5e:72:62:86"",""s"":""KT_GiGA_6283"",""r"":-67,""f"":2437},{""b"":""b0:38:6c:86:4f:26"",""s"":""502"",""r"":-67,""f"":2432},{""b"":""b0:38:6c:96:66:4c"",""s"":""iptime"",""r"":-68,""f"":2442}]",""
1791091022629,2026-10-04 14:17:02,unknown,37.5472083,127.0685886,5.483,1.1458352,34.142662,37.80015552823063,fused,0,LTE,NR_NSA,5G,true,false,true,false,false,52543757,272,100,1,8282,450,06,-80,-11,-51,,4,0,,,,2177,65135,0.0174,0.5211,2157,65115,0.0173,0.5209,false,12,0,12,-75,272,3050,1.1458352,false,false,periodic,40,0,1,,5004,,,,"[{""type"":""LTE"",""pci"":272,""earfcn"":3050,""tac"":null,""rsrp"":-75,""rsrq"":-8,""rssi"":-57,""snr"":null,""ta"":0,""level"":4,""bands"":""7""},{""type"":""LTE"",""pci"":272,""earfcn"":2600,""tac"":null,""rsrp"":-78,""rsrq"":-14,""rssi"":-55,""snr"":null,""ta"":0,""level"":4,""bands"":""5""},{""type"":""LTE"",""pci"":273,""earfcn"":2600,""tac"":null,""rsrp"":-79,""rsrq"":-17,""rssi"":-53,""snr"":null,""ta"":0,""level"":4,""bands"":""5""},{""type"":""LTE"",""pci"":131,""earfcn"":2600,""tac"":null,""rsrp"":-79,""rsrq"":-17,""rssi"":-51,""snr"":null,""ta"":0,""level"":4,""bands"":""5""},{""type"":""LTE"",""pci"":421,""earfcn"":2600,""tac"":null,""rsrp"":-80,""rsrq"":-19,""rssi"":-51,""snr"":null,""ta"":0,""level"":4,""bands"":""5""},{""type"":""LTE"",""pci"":421,""earfcn"":100,""tac"":null,""rsrp"":-84,""rsrq"":-20,""rssi"":-55,""snr"":null,""ta"":0,""level"":4,""bands"":""1""},{""type"":""LTE"",""pci"":7,""earfcn"":2600,""tac"":null,""rsrp"":-84,""rsrq"":-14,""rssi"":-55,""snr"":null,""ta"":0,""level"":4,""bands"":""5""},{""type"":""LTE"",""pci"":273,""earfcn"":100,""tac"":null,""rsrp"":-86,""rsrq"":-14,""rssi"":-55,""snr"":null,""ta"":0,""level"":3,""bands"":""1""},{""type"":""LTE"",""pci"":7,""earfcn"":3050,""tac"":null,""rsrp"":-87,""rsrq"":-18,""rssi"":-59,""snr"":null,""ta"":0,""level"":3,""bands"":""7""},{""type"":""LTE"",""pci"":7,""earfcn"":100,""tac"":null,""rsrp"":-88,""rsrq"":-16,""rssi"":-57,""snr"":null,""ta"":0,""level"":3,""bands"":""1""},{""type"":""LTE"",""pci"":273,""earfcn"":3050,""tac"":null,""rsrp"":-89,""rsrq"":-20,""rssi"":-59,""snr"":null,""ta"":0,""level"":3,""bands"":""7""},{""type"":""LTE"",""pci"":418,""earfcn"":3050,""tac"":null,""rsrp"":-91,""rsrq"":-20,""rssi"":-59,""snr"":null,""ta"":0,""level"":3,""bands"":""7""}]",1012.5587,54,0.524,0.459,78,3,,,,"[{""b"":""30:de:4b:ee:76:8b"",""s"":""201"",""r"":-59,""f"":2427},{""b"":""dc:62:79:c9:04:3f"",""s"":""501"",""r"":-59,""f"":2447},{""b"":""38:f4:5e:08:15:97"",""s"":""SK_1594_2.4G"",""r"":-60,""f"":2412},{""b"":""de:62:79:c9:04:3f"",""s"":""TP-Link_Guest_0440"",""r"":-60,""f"":2447},{""b"":""00:07:89:d3:ee:62"",""s"":""KT_GiGA_2G_Wave2_EE5F"",""r"":-64,""f"":2457},{""b"":""b4:b0:24:08:97:80"",""s"":""daechu"",""r"":-64,""f"":2417},{""b"":""bc:62:ce:a5:13:79"",""s"":""룰루랄라"",""r"":-65,""f"":2412},{""b"":""f0:a7:31:2d:5d:d6"",""s"":"""",""r"":-66,""f"":2422},{""b"":""08:5d:dd:75:aa:00"",""s"":""olleh_WiFi_A9FC"",""r"":-66,""f"":2462},{""b"":""00:07:89:88:de:83"",""s"":""KT_GiGA_2G_601"",""r"":-67,""f"":2457},{""b"":""f6:a7:31:2d:5d:d6"",""s"":""YD_IoT"",""r"":-68,""f"":2422},{""b"":""fa:a7:31:2d:5d:d6"",""s"":"""",""r"":-68,""f"":2422},{""b"":""b0:38:6c:96:66:4c"",""s"":""iptime"",""r"":-68,""f"":2442},{""b"":""88:3c:1c:47:e8:bc"",""s"":""KT_GiGA_2G_E8B8"",""r"":-69,""f"":2422},{""b"":""38:f4:5e:72:62:86"",""s"":""KT_GiGA_6283"",""r"":-69,""f"":2437}]",""
1791091027670,2026-10-04 14:17:07,unknown,37.5472455,127.0686025,5.524,1.2134694,48.82662,37.873219567062726,fused,0,LTE,NR_NSA,5G,true,false,true,false,false,52543757,272,100,1,8282,450,06,-80,-11,-51,,4,0,,,,1870,64961,0.0150,0.5197,1850,64941,0.0148,0.5195,false,12,0,12,-75,272,3050,1.2134694,false,false,periodic,45,0,0,,10044,,,,"[{""type"":""LTE"",""pci"":272,""earfcn"":3050,""tac"":null,""rsrp"":-75,""rsrq"":-8,""rssi"":-57,""snr"":null,""ta"":0,""level"":4,""bands"":""7""},{""type"":""LTE"",""pci"":272,""earfcn"":2600,""tac"":null,""rsrp"":-78,""rsrq"":-14,""rssi"":-55,""snr"":null,""ta"":0,""level"":4,""bands"":""5""},{""type"":""LTE"",""pci"":273,""earfcn"":2600,""tac"":null,""rsrp"":-79,""rsrq"":-17,""rssi"":-53,""snr"":null,""ta"":0,""level"":4,""bands"":""5""},{""type"":""LTE"",""pci"":131,""earfcn"":2600,""tac"":null,""rsrp"":-79,""rsrq"":-17,""rssi"":-51,""snr"":null,""ta"":0,""level"":4,""bands"":""5""},{""type"":""LTE"",""pci"":421,""earfcn"":2600,""tac"":null,""rsrp"":-80,""rsrq"":-19,""rssi"":-51,""snr"":null,""ta"":0,""level"":4,""bands"":""5""},{""type"":""LTE"",""pci"":421,""earfcn"":100,""tac"":null,""rsrp"":-84,""rsrq"":-20,""rssi"":-55,""snr"":null,""ta"":0,""level"":4,""bands"":""1""},{""type"":""LTE"",""pci"":7,""earfcn"":2600,""tac"":null,""rsrp"":-84,""rsrq"":-14,""rssi"":-55,""snr"":null,""ta"":0,""level"":4,""bands"":""5""},{""type"":""LTE"",""pci"":273,""earfcn"":100,""tac"":null,""rsrp"":-86,""rsrq"":-14,""rssi"":-55,""snr"":null,""ta"":0,""level"":3,""bands"":""1""},{""type"":""LTE"",""pci"":7,""earfcn"":3050,""tac"":null,""rsrp"":-87,""rsrq"":-18,""rssi"":-59,""snr"":null,""ta"":0,""level"":3,""bands"":""7""},{""type"":""LTE"",""pci"":7,""earfcn"":100,""tac"":null,""rsrp"":-88,""rsrq"":-16,""rssi"":-57,""snr"":null,""ta"":0,""level"":3,""bands"":""1""},{""type"":""LTE"",""pci"":273,""earfcn"":3050,""tac"":null,""rsrp"":-89,""rsrq"":-20,""rssi"":-59,""snr"":null,""ta"":0,""level"":3,""bands"":""7""},{""type"":""LTE"",""pci"":418,""earfcn"":3050,""tac"":null,""rsrp"":-91,""rsrq"":-20,""rssi"":-59,""snr"":null,""ta"":0,""level"":3,""bands"":""7""}]",1012.5217,74,0.468,0.459,62,4,,,,"[{""b"":""30:de:4b:ee:76:8b"",""s"":""201"",""r"":-48,""f"":2427},{""b"":""dc:62:79:c9:04:3f"",""s"":""501"",""r"":-58,""f"":2447},{""b"":""de:62:79:c9:04:3f"",""s"":""TP-Link_Guest_0440"",""r"":-60,""f"":2447},{""b"":""b0:38:6c:96:66:4c"",""s"":""iptime"",""r"":-63,""f"":2442},{""b"":""b4:b0:24:08:97:80"",""s"":""daechu"",""r"":-64,""f"":2417},{""b"":""30:de:4b:ee:76:8d"",""s"":""201"",""r"":-65,""f"":5180},{""b"":""c8:3a:35:1b:6c:00"",""s"":""M motel-502"",""r"":-65,""f"":2442},{""b"":""d8:47:32:44:d1:da"",""s"":""TP-Link_D1DA"",""r"":-66,""f"":2417},{""b"":""00:07:89:17:c4:a4"",""s"":""olleh_WiFi_C4A1"",""r"":-66,""f"":2427},{""b"":""60:29:d5:77:13:ca"",""s"":""KT_GiGA_13C6"",""r"":-66,""f"":2452},{""b"":""b4:a9:4f:aa:a9:d0"",""s"":""U+NetA9D1"",""r"":-67,""f"":2437},{""b"":""b0:38:6c:86:4f:26"",""s"":""502"",""r"":-67,""f"":2432},{""b"":""88:36:6c:8d:28:f4"",""s"":""iptime"",""r"":-69,""f"":2472},{""b"":""70:5d:cc:a7:bf:50"",""s"":""504"",""r"":-69,""f"":2442},{""b"":""70:5d:cc:b0:aa:8e"",""s"":""jin7415"",""r"":-70,""f"":2447}]",""
1791091032702,2026-10-04 14:17:12,unknown,37.5472873,127.068626,7.527,1.0878931,23.904268,37.86959157734893,fused,1,LTE,NR_NSA,5G,true,false,true,false,false,52543757,272,100,1,8282,450,06,-76,-7,-51,,4,0,,,,1844,65077,0.0148,0.5206,1825,65057,0.0146,0.5205,false,11,0,11,-70,272,2600,1.0878931,false,false,periodic,50,0,4,,5002,,,,"[{""type"":""LTE"",""pci"":272,""earfcn"":2600,""tac"":null,""rsrp"":-70,""rsrq"":-11,""rssi"":-51,""snr"":null,""ta"":0,""level"":4,""bands"":""5""},{""type"":""LTE"",""pci"":272,""earfcn"":3050,""tac"":null,""rsrp"":-78,""rsrq"":-13,""rssi"":-55,""snr"":null,""ta"":0,""level"":4,""bands"":""7""},{""type"":""LTE"",""pci"":421,""earfcn"":2600,""tac"":null,""rsrp"":-79,""rsrq"":-18,""rssi"":-51,""snr"":null,""ta"":0,""level"":4,""bands"":""5""},{""type"":""LTE"",""pci"":273,""earfcn"":2600,""tac"":null,""rsrp"":-80,""rsrq"":-20,""rssi"":-51,""snr"":null,""ta"":0,""level"":4,""bands"":""5""},{""type"":""LTE"",""pci"":7,""earfcn"":2600,""tac"":null,""rsrp"":-80,""rsrq"":-15,""rssi"":-51,""snr"":null,""ta"":0,""level"":4,""bands"":""5""},{""type"":""LTE"",""pci"":131,""earfcn"":2600,""tac"":null,""rsrp"":-84,""rsrq"":-20,""rssi"":-53,""snr"":null,""ta"":0,""level"":4,""bands"":""5""},{""type"":""LTE"",""pci"":7,""earfcn"":100,""tac"":null,""rsrp"":-85,""rsrq"":-16,""rssi"":-59,""snr"":null,""ta"":0,""level"":4,""bands"":""1""},{""type"":""LTE"",""pci"":418,""earfcn"":3050,""tac"":null,""rsrp"":-86,""rsrq"":-17,""rssi"":-55,""snr"":null,""ta"":0,""level"":3,""bands"":""7""},{""type"":""LTE"",""pci"":285,""earfcn"":100,""tac"":null,""rsrp"":-89,""rsrq"":-20,""rssi"":-59,""snr"":null,""ta"":0,""level"":3,""bands"":""1""},{""type"":""LTE"",""pci"":273,""earfcn"":3050,""tac"":null,""rsrp"":-89,""rsrq"":-17,""rssi"":-59,""snr"":null,""ta"":0,""level"":3,""bands"":""7""},{""type"":""LTE"",""pci"":273,""earfcn"":100,""tac"":null,""rsrp"":-91,""rsrq"":-20,""rssi"":-59,""snr"":null,""ta"":0,""level"":3,""bands"":""1""}]",1012.54425,75,0.459,0.459,65,3,,,,"[{""b"":""b4:b0:24:08:97:80"",""s"":""daechu"",""r"":-60,""f"":2417},{""b"":""fe:62:79:c9:04:3f"",""s"":"""",""r"":-62,""f"":2447},{""b"":""dc:62:79:c9:04:3f"",""s"":""501"",""r"":-63,""f"":2447},{""b"":""b4:a9:4f:79:c8:2f"",""s"":""U+NetC830"",""r"":-63,""f"":2437},{""b"":""40:ed:00:7d:f1:08"",""s"":""Su"",""r"":-63,""f"":2417},{""b"":""ae:81:5a:2a:d9:00"",""s"":""AndroidHotspot7292"",""r"":-64,""f"":2462},{""b"":""b0:38:6c:86:4f:26"",""s"":""502"",""r"":-64,""f"":2432},{""b"":""1c:ec:72:5f:4f:95"",""s"":""KT_GiGA_4F92"",""r"":-65,""f"":2432},{""b"":""30:de:4b:ee:76:8b"",""s"":""201"",""r"":-66,""f"":2427},{""b"":""1c:ec:72:03:96:83"",""s"":""KT_GiGA_9680"",""r"":-66,""f"":2452},{""b"":""de:62:79:c9:04:3f"",""s"":""TP-Link_Guest_0440"",""r"":-66,""f"":2447},{""b"":""b0:38:6c:96:66:4c"",""s"":""iptime"",""r"":-66,""f"":2442},{""b"":""dc:70:35:0e:00:ae"",""s"":""U+Net00AC"",""r"":-66,""f"":2442},{""b"":""58:86:94:5b:61:d0"",""s"":""iptime_tutu"",""r"":-66,""f"":2417},{""b"":""b0:38:6c:1d:98:10"",""s"":""young_5G"",""r"":-67,""f"":5745}]",""
1791091037727,2026-10-04 14:17:17,unknown,37.5473563,127.0686691,7.514,1.0359154,21.818224,37.865937775649186,fused,0,LTE,NR_NSA,5G,true,false,true,false,false,52543757,272,100,1,8282,450,06,-76,-7,-51,,4,0,,,,1947,65168,0.0156,0.5213,1927,65148,0.0154,0.5212,false,11,0,11,-70,272,2600,1.0359154,false,false,periodic,55,0,0,,10027,,,,"[{""type"":""LTE"",""pci"":272,""earfcn"":2600,""tac"":null,""rsrp"":-70,""rsrq"":-11,""rssi"":-51,""snr"":null,""ta"":0,""level"":4,""bands"":""5""},{""type"":""LTE"",""pci"":272,""earfcn"":3050,""tac"":null,""rsrp"":-78,""rsrq"":-13,""rssi"":-55,""snr"":null,""ta"":0,""level"":4,""bands"":""7""},{""type"":""LTE"",""pci"":421,""earfcn"":2600,""tac"":null,""rsrp"":-79,""rsrq"":-18,""rssi"":-51,""snr"":null,""ta"":0,""level"":4,""bands"":""5""},{""type"":""LTE"",""pci"":273,""earfcn"":2600,""tac"":null,""rsrp"":-80,""rsrq"":-20,""rssi"":-51,""snr"":null,""ta"":0,""level"":4,""bands"":""5""},{""type"":""LTE"",""pci"":7,""earfcn"":2600,""tac"":null,""rsrp"":-80,""rsrq"":-15,""rssi"":-51,""snr"":null,""ta"":0,""level"":4,""bands"":""5""},{""type"":""LTE"",""pci"":131,""earfcn"":2600,""tac"":null,""rsrp"":-84,""rsrq"":-20,""rssi"":-53,""snr"":null,""ta"":0,""level"":4,""bands"":""5""},{""type"":""LTE"",""pci"":7,""earfcn"":100,""tac"":null,""rsrp"":-85,""rsrq"":-16,""rssi"":-59,""snr"":null,""ta"":0,""level"":4,""bands"":""1""},{""type"":""LTE"",""pci"":418,""earfcn"":3050,""tac"":null,""rsrp"":-86,""rsrq"":-17,""rssi"":-55,""snr"":null,""ta"":0,""level"":3,""bands"":""7""},{""type"":""LTE"",""pci"":285,""earfcn"":100,""tac"":null,""rsrp"":-89,""rsrq"":-20,""rssi"":-59,""snr"":null,""ta"":0,""level"":3,""bands"":""1""},{""type"":""LTE"",""pci"":273,""earfcn"":3050,""tac"":null,""rsrp"":-89,""rsrq"":-17,""rssi"":-59,""snr"":null,""ta"":0,""level"":3,""bands"":""7""},{""type"":""LTE"",""pci"":273,""earfcn"":100,""tac"":null,""rsrp"":-91,""rsrq"":-20,""rssi"":-59,""snr"":null,""ta"":0,""level"":3,""bands"":""1""}]",1012.5466,73,0.459,0.459,71,2,,,,"[{""b"":""b0:38:6c:96:66:4c"",""s"":""iptime"",""r"":-56,""f"":2442},{""b"":""8c:90:2d:7c:1f:72"",""s"":""Bambi"",""r"":-58,""f"":2417},{""b"":""08:8a:f1:08:29:16"",""s"":""503"",""r"":-59,""f"":2427},{""b"":""b4:b0:24:08:97:80"",""s"":""daechu"",""r"":-59,""f"":2417},{""b"":""de:62:79:c9:04:3f"",""s"":""TP-Link_Guest_0440"",""r"":-60,""f"":2447},{""b"":""1c:ec:72:03:96:83"",""s"":""KT_GiGA_9680"",""r"":-62,""f"":2452},{""b"":""b2:38:6c:c6:66:4c"",""s"":""JJwoonggai"",""r"":-63,""f"":5180},{""b"":""dc:62:79:c9:04:3f"",""s"":""501"",""r"":-63,""f"":2447},{""b"":""b4:a9:4f:aa:a9:d0"",""s"":""U+NetA9D1"",""r"":-63,""f"":2437},{""b"":""ae:81:5a:2a:d9:00"",""s"":""AndroidHotspot7292"",""r"":-64,""f"":2462},{""b"":""b0:38:6c:58:d0:72"",""s"":""skylandb204"",""r"":-66,""f"":2412},{""b"":""90:de:80:0b:5a:71"",""s"":""GNET_BB_MVR_G1_PRO_0B5A71"",""r"":-66,""f"":2457},{""b"":""88:36:6c:61:af:d0"",""s"":""ㄱㅇㅊ네트"",""r"":-66,""f"":2472},{""b"":""b0:38:6c:1e:a8:a2"",""s"":""iptime_lhs"",""r"":-66,""f"":2412},{""b"":""b0:38:6c:85:b8:76"",""s"":""suin3362"",""r"":-66,""f"":2422}]",""
1791091042759,2026-10-04 14:17:22,unknown,37.5473816,127.0686903,6.881,1.0841666,23.293781,37.91728731228581,fused,0,LTE,NR_NSA,5G,true,false,true,false,false,52543757,272,100,1,8282,450,06,-75,-7,-51,,4,0,,,,1922,65097,0.0154,0.5208,1882,65057,0.0151,0.5205,false,10,0,10,-69,272,2600,1.0841666,false,false,periodic,60,0,1,,5005,,,,"[{""type"":""LTE"",""pci"":272,""earfcn"":2600,""tac"":null,""rsrp"":-69,""rsrq"":-12,""rssi"":-51,""snr"":null,""ta"":0,""level"":4,""bands"":""5""},{""type"":""LTE"",""pci"":272,""earfcn"":3050,""tac"":null,""rsrp"":-71,""rsrq"":-13,""rssi"":-51,""snr"":null,""ta"":0,""level"":4,""bands"":""7""},{""type"":""LTE"",""pci"":7,""earfcn"":2600,""tac"":null,""rsrp"":-76,""rsrq"":-16,""rssi"":-51,""snr"":null,""ta"":0,""level"":4,""bands"":""5""},{""type"":""LTE"",""pci"":131,""earfcn"":2600,""tac"":null,""rsrp"":-77,""rsrq"":-20,""rssi"":-51,""snr"":null,""ta"":0,""level"":4,""bands"":""5""},{""type"":""LTE"",""pci"":7,""earfcn"":3050,""tac"":null,""rsrp"":-87,""rsrq"":-14,""rssi"":-57,""snr"":null,""ta"":0,""level"":3,""bands"":""7""},{""type"":""LTE"",""pci"":273,""earfcn"":3050,""tac"":null,""rsrp"":-88,""rsrq"":-17,""rssi"":-57,""snr"":null,""ta"":0,""level"":3,""bands"":""7""},{""type"":""LTE"",""pci"":7,""earfcn"":100,""tac"":null,""rsrp"":-89,""rsrq"":-20,""rssi"":-59,""snr"":null,""ta"":0,""level"":3,""bands"":""1""},{""type"":""LTE"",""pci"":273,""earfcn"":100,""tac"":null,""rsrp"":-91,""rsrq"":-20,""rssi"":-61,""snr"":null,""ta"":0,""level"":3,""bands"":""1""},{""type"":""LTE"",""pci"":418,""earfcn"":3050,""tac"":null,""rsrp"":-91,""rsrq"":-17,""rssi"":-57,""snr"":null,""ta"":0,""level"":3,""bands"":""7""},{""type"":""LTE"",""pci"":285,""earfcn"":100,""tac"":null,""rsrp"":-95,""rsrq"":-20,""rssi"":-59,""snr"":null,""ta"":0,""level"":3,""bands"":""1""}]",1012.55743,57,0.459,0.524,74,2,,,,"[{""b"":""b4:a9:4f:aa:a9:d0"",""s"":""U+NetA9D1"",""r"":-44,""f"":2437},{""b"":""b0:38:6c:96:66:4c"",""s"":""iptime"",""r"":-56,""f"":2442},{""b"":""8c:90:2d:7c:1f:72"",""s"":""Bambi"",""r"":-57,""f"":2417},{""b"":""dc:70:35:0e:00:ae"",""s"":""U+Net00AC"",""r"":-58,""f"":2442},{""b"":""38:f4:5e:4e:08:73"",""s"":""SK_0870_2.4G"",""r"":-60,""f"":2457},{""b"":""b2:38:6c:c6:66:4c"",""s"":""JJwoonggai"",""r"":-61,""f"":5180},{""b"":""de:62:79:c9:04:3f"",""s"":""TP-Link_Guest_0440"",""r"":-61,""f"":2447},{""b"":""b4:a9:4f:aa:a9:cf"",""s"":""U+NetA9D1_5G"",""r"":-62,""f"":5745},{""b"":""dc:62:79:c9:04:3f"",""s"":""501"",""r"":-63,""f"":2447},{""b"":""32:34:db:ef:ed:d6"",""s"":""[LG_Wall-Mount A\/C]edd6"",""r"":-64,""f"":2462},{""b"":""d8:47:32:44:d1:da"",""s"":""TP-Link_D1DA"",""r"":-64,""f"":2417},{""b"":""08:8a:f1:08:29:16"",""s"":""503"",""r"":-64,""f"":2427},{""b"":""b4:a9:4f:34:3c:3a"",""s"":""U+Net3C3B"",""r"":-65,""f"":2462},{""b"":""28:ac:67:0e:4d:84"",""s"":""NEXT-5004N"",""r"":-65,""f"":2412},{""b"":""b0:38:6c:86:4f:26"",""s"":""502"",""r"":-65,""f"":2432}]",""
1791091047793,2026-10-04 14:17:27,unknown,37.5474551,127.0687328,7.094,1.1091207,25.838842,37.87477442026694,fused,0,LTE,NR_NSA,5G,true,false,true,false,false,52543757,272,100,1,8282,450,06,-75,-7,-51,,4,0,,,,1887,64983,0.0151,0.5199,1867,64963,0.0149,0.5197,false,10,0,10,-69,272,2600,1.1091207,false,false,periodic,65,0,0,,10038,,,,"[{""type"":""LTE"",""pci"":272,""earfcn"":2600,""tac"":null,""rsrp"":-69,""rsrq"":-12,""rssi"":-51,""snr"":null,""ta"":0,""level"":4,""bands"":""5""},{""type"":""LTE"",""pci"":272,""earfcn"":3050,""tac"":null,""rsrp"":-71,""rsrq"":-13,""rssi"":-51,""snr"":null,""ta"":0,""level"":4,""bands"":""7""},{""type"":""LTE"",""pci"":7,""earfcn"":2600,""tac"":null,""rsrp"":-76,""rsrq"":-16,""rssi"":-51,""snr"":null,""ta"":0,""level"":4,""bands"":""5""},{""type"":""LTE"",""pci"":131,""earfcn"":2600,""tac"":null,""rsrp"":-77,""rsrq"":-20,""rssi"":-51,""snr"":null,""ta"":0,""level"":4,""bands"":""5""},{""type"":""LTE"",""pci"":7,""earfcn"":3050,""tac"":null,""rsrp"":-87,""rsrq"":-14,""rssi"":-57,""snr"":null,""ta"":0,""level"":3,""bands"":""7""},{""type"":""LTE"",""pci"":273,""earfcn"":3050,""tac"":null,""rsrp"":-88,""rsrq"":-17,""rssi"":-57,""snr"":null,""ta"":0,""level"":3,""bands"":""7""},{""type"":""LTE"",""pci"":7,""earfcn"":100,""tac"":null,""rsrp"":-89,""rsrq"":-20,""rssi"":-59,""snr"":null,""ta"":0,""level"":3,""bands"":""1""},{""type"":""LTE"",""pci"":273,""earfcn"":100,""tac"":null,""rsrp"":-91,""rsrq"":-20,""rssi"":-61,""snr"":null,""ta"":0,""level"":3,""bands"":""1""},{""type"":""LTE"",""pci"":418,""earfcn"":3050,""tac"":null,""rsrp"":-91,""rsrq"":-17,""rssi"":-57,""snr"":null,""ta"":0,""level"":3,""bands"":""7""},{""type"":""LTE"",""pci"":285,""earfcn"":100,""tac"":null,""rsrp"":-95,""rsrq"":-20,""rssi"":-59,""snr"":null,""ta"":0,""level"":3,""bands"":""1""}]",1012.557,59,0.459,0.524,74,7,,,,"[{""b"":""b4:a9:4f:aa:a9:d0"",""s"":""U+NetA9D1"",""r"":-44,""f"":2437},{""b"":""b0:38:6c:96:66:4c"",""s"":""iptime"",""r"":-56,""f"":2442},{""b"":""8c:90:2d:7c:1f:72"",""s"":""Bambi"",""r"":-57,""f"":2417},{""b"":""dc:70:35:0e:00:ae"",""s"":""U+Net00AC"",""r"":-58,""f"":2442},{""b"":""38:f4:5e:4e:08:73"",""s"":""SK_0870_2.4G"",""r"":-60,""f"":2457},{""b"":""b2:38:6c:c6:66:4c"",""s"":""JJwoonggai"",""r"":-61,""f"":5180},{""b"":""de:62:79:c9:04:3f"",""s"":""TP-Link_Guest_0440"",""r"":-61,""f"":2447},{""b"":""b4:a9:4f:aa:a9:cf"",""s"":""U+NetA9D1_5G"",""r"":-62,""f"":5745},{""b"":""dc:62:79:c9:04:3f"",""s"":""501"",""r"":-63,""f"":2447},{""b"":""32:34:db:ef:ed:d6"",""s"":""[LG_Wall-Mount A\/C]edd6"",""r"":-64,""f"":2462},{""b"":""d8:47:32:44:d1:da"",""s"":""TP-Link_D1DA"",""r"":-64,""f"":2417},{""b"":""08:8a:f1:08:29:16"",""s"":""503"",""r"":-64,""f"":2427},{""b"":""b4:a9:4f:34:3c:3a"",""s"":""U+Net3C3B"",""r"":-65,""f"":2462},{""b"":""28:ac:67:0e:4d:84"",""s"":""NEXT-5004N"",""r"":-65,""f"":2412},{""b"":""b0:38:6c:86:4f:26"",""s"":""502"",""r"":-65,""f"":2432}]",""
1791091052822,2026-10-04 14:17:32,unknown,37.547503,127.0687568,6.013,1.1998361,27.57564,37.99298027373594,fused,0,LTE,NR_NSA,5G,true,false,true,false,false,52543757,272,100,1,8282,450,06,-71,-8,-51,,4,0,,,,1974,63426,0.0158,0.5074,1955,63406,0.0156,0.5072,false,9,0,9,-62,272,2600,1.1998361,false,false,periodic,70,0,4,,5002,,,,"[{""type"":""LTE"",""pci"":272,""earfcn"":2600,""tac"":null,""rsrp"":-62,""rsrq"":-8,""rssi"":-51,""snr"":null,""ta"":0,""level"":4,""bands"":""5""},{""type"":""LTE"",""pci"":272,""earfcn"":3050,""tac"":null,""rsrp"":-70,""rsrq"":-7,""rssi"":-51,""snr"":null,""ta"":0,""level"":4,""bands"":""7""},{""type"":""LTE"",""pci"":131,""earfcn"":2600,""tac"":null,""rsrp"":-73,""rsrq"":-15,""rssi"":-51,""snr"":null,""ta"":0,""level"":4,""bands"":""5""},{""type"":""LTE"",""pci"":285,""earfcn"":100,""tac"":null,""rsrp"":-76,""rsrq"":-17,""rssi"":-51,""snr"":null,""ta"":0,""level"":4,""bands"":""1""},{""type"":""LTE"",""pci"":7,""earfcn"":2600,""tac"":null,""rsrp"":-81,""rsrq"":-20,""rssi"":-51,""snr"":null,""ta"":0,""level"":4,""bands"":""5""},{""type"":""LTE"",""pci"":273,""earfcn"":3050,""tac"":null,""rsrp"":-84,""rsrq"":-16,""rssi"":-53,""snr"":null,""ta"":0,""level"":4,""bands"":""7""},{""type"":""LTE"",""pci"":7,""earfcn"":3050,""tac"":null,""rsrp"":-86,""rsrq"":-16,""rssi"":-53,""snr"":null,""ta"":0,""level"":3,""bands"":""7""},{""type"":""LTE"",""pci"":7,""earfcn"":100,""tac"":null,""rsrp"":-87,""rsrq"":-20,""rssi"":-55,""snr"":null,""ta"":0,""level"":3,""bands"":""1""},{""type"":""LTE"",""pci"":273,""earfcn"":100,""tac"":null,""rsrp"":-90,""rsrq"":-20,""rssi"":-57,""snr"":null,""ta"":0,""level"":3,""bands"":""1""}]",1012.54956,66,0.524,0.459,82,6,,,,"[{""b"":""b4:a9:4f:79:c8:2f"",""s"":""U+NetC830"",""r"":-45,""f"":2437},{""b"":""b4:a9:4f:56:c1:1b"",""s"":""U+NetC11C"",""r"":-50,""f"":2462},{""b"":""88:3c:1c:ea:7b:52"",""s"":""U+Net7B53"",""r"":-56,""f"":2412},{""b"":""80:ca:4b:fd:c3:46"",""s"":""U+NetC344"",""r"":-56,""f"":2452},{""b"":""12:f4:5e:4e:08:73"",""s"":"""",""r"":-56,""f"":2457},{""b"":""28:4e:e9:c4:8a:d9"",""s"":""SK_8AD6_2.4G"",""r"":-57,""f"":2442},{""b"":""18:c5:01:a8:be:ba"",""s"":""U+NetBEB8"",""r"":-57,""f"":2427},{""b"":""2e:4e:e9:c4:8a:d9"",""s"":"""",""r"":-58,""f"":2442},{""b"":""dc:70:35:0e:00:ae"",""s"":""U+Net00AC"",""r"":-58,""f"":2442},{""b"":""b4:a9:4f:aa:a9:d0"",""s"":""U+NetA9D1"",""r"":-58,""f"":2437},{""b"":""38:f4:5e:4e:08:72"",""s"":""SK_0870_5G"",""r"":-59,""f"":5785},{""b"":""b0:38:6c:96:66:4c"",""s"":""iptime"",""r"":-62,""f"":2442},{""b"":""18:c5:01:a8:be:bb"",""s"":""U+NetBEB8_5G"",""r"":-63,""f"":5765},{""b"":""08:8a:f1:08:29:16"",""s"":""503"",""r"":-63,""f"":2427},{""b"":""dc:70:35:0e:00:af"",""s"":""U+Net00AC_5G"",""r"":-63,""f"":5240}]",""
1791091057859,2026-10-04 14:17:37,unknown,37.5475419,127.0688186,6.137,1.1468906,66.69483,38.021486170051325,fused,0,LTE,NR_NSA,5G,true,false,true,false,false,52543757,272,100,1,8282,450,06,-71,-8,-51,,4,0,,,,1986,65012,0.0159,0.5201,1966,64993,0.0157,0.5199,false,9,0,9,-62,272,2600,1.1468906,false,false,periodic,75,0,0,,10038,,,,"[{""type"":""LTE"",""pci"":272,""earfcn"":2600,""tac"":null,""rsrp"":-62,""rsrq"":-8,""rssi"":-51,""snr"":null,""ta"":0,""level"":4,""bands"":""5""},{""type"":""LTE"",""pci"":272,""earfcn"":3050,""tac"":null,""rsrp"":-70,""rsrq"":-7,""rssi"":-51,""snr"":null,""ta"":0,""level"":4,""bands"":""7""},{""type"":""LTE"",""pci"":131,""earfcn"":2600,""tac"":null,""rsrp"":-73,""rsrq"":-15,""rssi"":-51,""snr"":null,""ta"":0,""level"":4,""bands"":""5""},{""type"":""LTE"",""pci"":285,""earfcn"":100,""tac"":null,""rsrp"":-76,""rsrq"":-17,""rssi"":-51,""snr"":null,""ta"":0,""level"":4,""bands"":""1""},{""type"":""LTE"",""pci"":7,""earfcn"":2600,""tac"":null,""rsrp"":-81,""rsrq"":-20,""rssi"":-51,""snr"":null,""ta"":0,""level"":4,""bands"":""5""},{""type"":""LTE"",""pci"":273,""earfcn"":3050,""tac"":null,""rsrp"":-84,""rsrq"":-16,""rssi"":-53,""snr"":null,""ta"":0,""level"":4,""bands"":""7""},{""type"":""LTE"",""pci"":7,""earfcn"":3050,""tac"":null,""rsrp"":-86,""rsrq"":-16,""rssi"":-53,""snr"":null,""ta"":0,""level"":3,""bands"":""7""},{""type"":""LTE"",""pci"":7,""earfcn"":100,""tac"":null,""rsrp"":-87,""rsrq"":-20,""rssi"":-55,""snr"":null,""ta"":0,""level"":3,""bands"":""1""},{""type"":""LTE"",""pci"":273,""earfcn"":100,""tac"":null,""rsrp"":-90,""rsrq"":-20,""rssi"":-57,""snr"":null,""ta"":0,""level"":3,""bands"":""1""}]",1012.5236,70,0.459,0.459,76,3,,,,"[{""b"":""80:ca:4b:fd:c3:46"",""s"":""U+NetC344"",""r"":-56,""f"":2452},{""b"":""b4:a9:4f:79:c8:2f"",""s"":""U+NetC830"",""r"":-57,""f"":2437},{""b"":""b4:a9:4f:56:c1:1b"",""s"":""U+NetC11C"",""r"":-58,""f"":2462},{""b"":""94:f6:65:f5:f9:58"",""s"":""Office.Net"",""r"":-59,""f"":2462},{""b"":""94:f6:65:b5:f9:58"",""s"":""OFC_WLAN"",""r"":-60,""f"":2462},{""b"":""08:5d:dd:69:06:46"",""s"":""202"",""r"":-61,""f"":2437},{""b"":""08:5d:dd:69:06:5a"",""s"":""301"",""r"":-62,""f"":2437},{""b"":""18:c5:01:d0:ab:c2"",""s"":""U+NetABC0"",""r"":-62,""f"":2432},{""b"":""08:5d:dd:69:06:2a"",""s"":""102"",""r"":-62,""f"":2462},{""b"":""b0:38:6c:0e:ef:b2"",""s"":""s09"",""r"":-63,""f"":2412},{""b"":""18:c5:01:a8:be:ba"",""s"":""U+NetBEB8"",""r"":-65,""f"":2427},{""b"":""12:f4:5e:47:cc:77"",""s"":"""",""r"":-65,""f"":2412},{""b"":""dc:70:35:0e:00:ae"",""s"":""U+Net00AC"",""r"":-66,""f"":2442},{""b"":""80:ca:4b:fd:c3:47"",""s"":""U+NetC344_5G"",""r"":-66,""f"":5765},{""b"":""18:c5:01:d0:ab:c3"",""s"":""U+NetABC0_5G"",""r"":-66,""f"":5745}]",""
1791091062891,2026-10-04 14:17:42,unknown,37.5475572,127.0688729,6.038,1.052348,62.52317,38.02353654938379,fused,0,LTE,NR_NSA,5G,true,false,true,false,false,52543757,272,100,1,8282,450,06,-58,-7,-51,,4,0,,,,126696,67104,1.0136,0.5368,126657,67064,1.0133,0.5365,false,8,0,8,-59,272,2600,1.052348,false,false,periodic,80,0,13,,4998,,,,"[{""type"":""LTE"",""pci"":272,""earfcn"":2600,""tac"":null,""rsrp"":-59,""rsrq"":-11,""rssi"":-51,""snr"":null,""ta"":0,""level"":4,""bands"":""5""},{""type"":""LTE"",""pci"":272,""earfcn"":3050,""tac"":null,""rsrp"":-67,""rsrq"":-8,""rssi"":-51,""snr"":null,""ta"":0,""level"":4,""bands"":""7""},{""type"":""LTE"",""pci"":273,""earfcn"":2600,""tac"":null,""rsrp"":-67,""rsrq"":-19,""rssi"":-51,""snr"":null,""ta"":0,""level"":4,""bands"":""5""},{""type"":""LTE"",""pci"":285,""earfcn"":100,""tac"":null,""rsrp"":-70,""rsrq"":-20,""rssi"":-51,""snr"":null,""ta"":0,""level"":4,""bands"":""1""},{""type"":""LTE"",""pci"":7,""earfcn"":2600,""tac"":null,""rsrp"":-70,""rsrq"":-18,""rssi"":-51,""snr"":null,""ta"":0,""level"":4,""bands"":""5""},{""type"":""LTE"",""pci"":285,""earfcn"":2600,""tac"":null,""rsrp"":-74,""rsrq"":-20,""rssi"":-51,""snr"":null,""ta"":0,""level"":4,""bands"":""5""},{""type"":""LTE"",""pci"":285,""earfcn"":3050,""tac"":null,""rsrp"":-78,""rsrq"":-17,""rssi"":-51,""snr"":null,""ta"":0,""level"":4,""bands"":""7""},{""type"":""LTE"",""pci"":7,""earfcn"":3050,""tac"":null,""rsrp"":-84,""rsrq"":-20,""rssi"":-53,""snr"":null,""ta"":0,""level"":4,""bands"":""7""}]",1012.58484,52,0.377,0.459,76,8,,,,"[{""b"":""80:ca:4b:fd:c3:46"",""s"":""U+NetC344"",""r"":-56,""f"":2452},{""b"":""b4:a9:4f:79:c8:2f"",""s"":""U+NetC830"",""r"":-57,""f"":2437},{""b"":""b4:a9:4f:56:c1:1b"",""s"":""U+NetC11C"",""r"":-58,""f"":2462},{""b"":""94:f6:65:f5:f9:58"",""s"":""Office.Net"",""r"":-59,""f"":2462},{""b"":""94:f6:65:b5:f9:58"",""s"":""OFC_WLAN"",""r"":-60,""f"":2462},{""b"":""08:5d:dd:69:06:46"",""s"":""202"",""r"":-61,""f"":2437},{""b"":""08:5d:dd:69:06:5a"",""s"":""301"",""r"":-62,""f"":2437},{""b"":""18:c5:01:d0:ab:c2"",""s"":""U+NetABC0"",""r"":-62,""f"":2432},{""b"":""08:5d:dd:69:06:2a"",""s"":""102"",""r"":-62,""f"":2462},{""b"":""b0:38:6c:0e:ef:b2"",""s"":""s09"",""r"":-63,""f"":2412},{""b"":""18:c5:01:a8:be:ba"",""s"":""U+NetBEB8"",""r"":-65,""f"":2427},{""b"":""12:f4:5e:47:cc:77"",""s"":"""",""r"":-65,""f"":2412},{""b"":""dc:70:35:0e:00:ae"",""s"":""U+Net00AC"",""r"":-66,""f"":2442},{""b"":""80:ca:4b:fd:c3:47"",""s"":""U+NetC344_5G"",""r"":-66,""f"":5765},{""b"":""18:c5:01:d0:ab:c3"",""s"":""U+NetABC0_5G"",""r"":-66,""f"":5745}]",""
1791091067901,2026-10-04 14:17:47,unknown,37.54758,127.0688558,6.093,1.007938,284.40128,38.113750057191965,fused,0,LTE,NR_NSA,5G,true,false,true,false,false,52543757,272,100,1,8282,450,06,-58,-7,-51,,4,0,,,,1141253,66475,9.1300,0.5318,1141233,66455,9.1299,0.5316,false,8,0,8,-59,272,2600,1.007938,false,false,periodic,85,0,0,,10012,,,,"[{""type"":""LTE"",""pci"":272,""earfcn"":2600,""tac"":null,""rsrp"":-59,""rsrq"":-11,""rssi"":-51,""snr"":null,""ta"":0,""level"":4,""bands"":""5""},{""type"":""LTE"",""pci"":272,""earfcn"":3050,""tac"":null,""rsrp"":-67,""rsrq"":-8,""rssi"":-51,""snr"":null,""ta"":0,""level"":4,""bands"":""7""},{""type"":""LTE"",""pci"":273,""earfcn"":2600,""tac"":null,""rsrp"":-67,""rsrq"":-19,""rssi"":-51,""snr"":null,""ta"":0,""level"":4,""bands"":""5""},{""type"":""LTE"",""pci"":285,""earfcn"":100,""tac"":null,""rsrp"":-70,""rsrq"":-20,""rssi"":-51,""snr"":null,""ta"":0,""level"":4,""bands"":""1""},{""type"":""LTE"",""pci"":7,""earfcn"":2600,""tac"":null,""rsrp"":-70,""rsrq"":-18,""rssi"":-51,""snr"":null,""ta"":0,""level"":4,""bands"":""5""},{""type"":""LTE"",""pci"":285,""earfcn"":2600,""tac"":null,""rsrp"":-74,""rsrq"":-20,""rssi"":-51,""snr"":null,""ta"":0,""level"":4,""bands"":""5""},{""type"":""LTE"",""pci"":285,""earfcn"":3050,""tac"":null,""rsrp"":-78,""rsrq"":-17,""rssi"":-51,""snr"":null,""ta"":0,""level"":4,""bands"":""7""},{""type"":""LTE"",""pci"":7,""earfcn"":3050,""tac"":null,""rsrp"":-84,""rsrq"":-20,""rssi"":-53,""snr"":null,""ta"":0,""level"":4,""bands"":""7""}]",1012.5744,74,0.442,0.524,57,5,,,,"[{""b"":""88:3c:1c:89:ca:1d"",""s"":""ktower2"",""r"":-47,""f"":5745},{""b"":""ba:3c:1c:89:ca:1d"",""s"":"""",""r"":-47,""f"":5745},{""b"":""08:5d:dd:c9:a6:5c"",""s"":""KT_GiGA_2G_A658"",""r"":-49,""f"":2442},{""b"":""88:3c:1c:89:ca:1e"",""s"":""ktower1"",""r"":-50,""f"":2417},{""b"":""0a:5d:dd:c9:a6:5c"",""s"":""KT_GiGA_5G_A658"",""r"":-52,""f"":2442},{""b"":""64:e5:99:59:f4:d8"",""s"":""iptime"",""r"":-60,""f"":2462},{""b"":""fc:3f:db:72:97:65"",""s"":""HP-Print-65-Officejet Pro 8610"",""r"":-60,""f"":2417},{""b"":""08:5d:dd:69:06:26"",""s"":""101"",""r"":-61,""f"":2412},{""b"":""80:ca:4b:fd:c3:46"",""s"":""U+NetC344"",""r"":-64,""f"":2452},{""b"":""3c:78:95:d9:83:13"",""s"":""TP-Link_8314"",""r"":-67,""f"":2457},{""b"":""12:f4:5e:16:a3:87"",""s"":"""",""r"":-68,""f"":2412},{""b"":""bc:e0:01:bc:fa:f5"",""s"":"""",""r"":-68,""f"":2412},{""b"":""88:3c:1c:b9:d8:63"",""s"":""주막집"",""r"":-68,""f"":2432},{""b"":""5e:78:95:d9:83:13"",""s"":"""",""r"":-69,""f"":2457},{""b"":""00:23:aa:86:ba:0a"",""s"":""SK_WiFiGIGABA0B"",""r"":-70,""f"":2442}]",""
1791091072930,2026-10-04 14:17:52,unknown,37.5475967,127.0688216,8.929,1.0850677,302.181,37.916792250968086,fused,0,LTE,NR_NSA,5G,true,false,true,false,false,52543757,272,100,1,8282,450,06,-59,-6,-51,,4,0,,,,1917,65116,0.0153,0.5209,1897,65096,0.0152,0.5208,false,10,0,10,-57,272,2600,1.0850677,false,false,periodic,90,0,-1,,4999,,,,"[{""type"":""LTE"",""pci"":272,""earfcn"":2600,""tac"":null,""rsrp"":-57,""rsrq"":-12,""rssi"":-51,""snr"":null,""ta"":0,""level"":4,""bands"":""5""},{""type"":""LTE"",""pci"":285,""earfcn"":2600,""tac"":null,""rsrp"":-58,""rsrq"":-18,""rssi"":-51,""snr"":null,""ta"":0,""level"":4,""bands"":""5""},{""type"":""LTE"",""pci"":285,""earfcn"":100,""tac"":null,""rsrp"":-63,""rsrq"":-19,""rssi"":-51,""snr"":null,""ta"":0,""level"":4,""bands"":""1""},{""type"":""LTE"",""pci"":172,""earfcn"":2600,""tac"":null,""rsrp"":-63,""rsrq"":-19,""rssi"":-51,""snr"":null,""ta"":0,""level"":4,""bands"":""5""},{""type"":""LTE"",""pci"":272,""earfcn"":3050,""tac"":null,""rsrp"":-66,""rsrq"":-12,""rssi"":-51,""snr"":null,""ta"":0,""level"":4,""bands"":""7""},{""type"":""LTE"",""pci"":7,""earfcn"":3050,""tac"":null,""rsrp"":-72,""rsrq"":-18,""rssi"":-51,""snr"":null,""ta"":0,""level"":4,""bands"":""7""},{""type"":""LTE"",""pci"":7,""earfcn"":2600,""tac"":null,""rsrp"":-72,""rsrq"":-20,""rssi"":-51,""snr"":null,""ta"":0,""level"":4,""bands"":""5""},{""type"":""LTE"",""pci"":172,""earfcn"":100,""tac"":null,""rsrp"":-75,""rsrq"":-15,""rssi"":-51,""snr"":null,""ta"":0,""level"":4,""bands"":""1""},{""type"":""LTE"",""pci"":285,""earfcn"":3050,""tac"":null,""rsrp"":-75,""rsrq"":-20,""rssi"":-51,""snr"":null,""ta"":0,""level"":4,""bands"":""7""},{""type"":""LTE"",""pci"":2,""earfcn"":100,""tac"":null,""rsrp"":-77,""rsrq"":-19,""rssi"":-51,""snr"":null,""ta"":0,""level"":4,""bands"":""1""}]",1012.632,71,0.459,0.524,52,4,,,,"[{""b"":""0a:5d:dd:c9:a6:5c"",""s"":""KT_GiGA_5G_A658"",""r"":-62,""f"":2442},{""b"":""42:23:aa:b1:53:a2"",""s"":""SK_WiFiGIGA53A3_2.4G"",""r"":-62,""f"":2452},{""b"":""00:23:aa:b1:53:a2"",""s"":""SK_WiFiGIGA53A3"",""r"":-63,""f"":2452},{""b"":""b4:a9:4f:56:c1:1b"",""s"":""U+NetC11C"",""r"":-65,""f"":2462},{""b"":""08:5d:dd:c9:a6:5c"",""s"":""KT_GiGA_2G_A658"",""r"":-65,""f"":2442},{""b"":""b0:38:6c:5e:fd:52"",""s"":""Y"",""r"":-66,""f"":2412},{""b"":""34:fc:99:43:85:ae"",""s"":""[system a\/c]_E30AJT0233152P"",""r"":-67,""f"":2412},{""b"":""04:09:a5:3b:52:e3"",""s"":""SK_WiFiGIGA52E0_2.4G"",""r"":-67,""f"":2462},{""b"":""34:60:f9:a8:37:10"",""s"":""TP-LIN"",""r"":-67,""f"":2417},{""b"":""18:c5:01:d0:ab:c2"",""s"":""U+NetABC0"",""r"":-67,""f"":2432},{""b"":""12:09:a5:3b:52:e3"",""s"":"""",""r"":-69,""f"":2462},{""b"":""3c:78:95:d9:83:13"",""s"":""TP-Link_8314"",""r"":-71,""f"":2457},{""b"":""10:27:f5:4c:fe:11"",""s"":""TP-Link_FE11"",""r"":-71,""f"":2427},{""b"":""64:e5:99:70:78:9e"",""s"":""bulgoi"",""r"":-72,""f"":2472},{""b"":""0c:96:cd:48:d8:93"",""s"":""SK_WiFiGIGAD890_2.4G"",""r"":-72,""f"":2447}]",""
1791091077940,2026-10-04 14:17:57,unknown,37.5475725,127.0687771,10.982,1.1206436,267.1168,37.76908270104975,fused,0,LTE,NR_NSA,5G,true,false,true,false,false,52543757,272,100,1,8282,450,06,-59,-6,-51,,4,0,,,,1924,63666,0.0154,0.5093,1904,63646,0.0152,0.5092,false,10,0,10,-57,272,2600,1.1206436,false,false,periodic,95,0,0,,10014,,,,"[{""type"":""LTE"",""pci"":272,""earfcn"":2600,""tac"":null,""rsrp"":-57,""rsrq"":-12,""rssi"":-51,""snr"":null,""ta"":0,""level"":4,""bands"":""5""},{""type"":""LTE"",""pci"":285,""earfcn"":2600,""tac"":null,""rsrp"":-58,""rsrq"":-18,""rssi"":-51,""snr"":null,""ta"":0,""level"":4,""bands"":""5""},{""type"":""LTE"",""pci"":285,""earfcn"":100,""tac"":null,""rsrp"":-63,""rsrq"":-19,""rssi"":-51,""snr"":null,""ta"":0,""level"":4,""bands"":""1""},{""type"":""LTE"",""pci"":172,""earfcn"":2600,""tac"":null,""rsrp"":-63,""rsrq"":-19,""rssi"":-51,""snr"":null,""ta"":0,""level"":4,""bands"":""5""},{""type"":""LTE"",""pci"":272,""earfcn"":3050,""tac"":null,""rsrp"":-66,""rsrq"":-12,""rssi"":-51,""snr"":null,""ta"":0,""level"":4,""bands"":""7""},{""type"":""LTE"",""pci"":7,""earfcn"":3050,""tac"":null,""rsrp"":-72,""rsrq"":-18,""rssi"":-51,""snr"":null,""ta"":0,""level"":4,""bands"":""7""},{""type"":""LTE"",""pci"":7,""earfcn"":2600,""tac"":null,""rsrp"":-72,""rsrq"":-20,""rssi"":-51,""snr"":null,""ta"":0,""level"":4,""bands"":""5""},{""type"":""LTE"",""pci"":172,""earfcn"":100,""tac"":null,""rsrp"":-75,""rsrq"":-15,""rssi"":-51,""snr"":null,""ta"":0,""level"":4,""bands"":""1""},{""type"":""LTE"",""pci"":285,""earfcn"":3050,""tac"":null,""rsrp"":-75,""rsrq"":-20,""rssi"":-51,""snr"":null,""ta"":0,""level"":4,""bands"":""7""},{""type"":""LTE"",""pci"":2,""earfcn"":100,""tac"":null,""rsrp"":-77,""rsrq"":-19,""rssi"":-51,""snr"":null,""ta"":0,""level"":4,""bands"":""1""}]",1012.5015,76,0.459,0.459,49,4,,,,"[{""b"":""58:86:94:b5:32:2e"",""s"":""created"",""r"":-56,""f"":2452},{""b"":""3c:78:95:d9:83:13"",""s"":""TP-Link_8314"",""r"":-58,""f"":2457},{""b"":""3c:78:95:d9:83:12"",""s"":""TP-Link_8314_5G"",""r"":-64,""f"":5805},{""b"":""60:29:d5:66:5b:2f"",""s"":""KT_GiGA_5B2B"",""r"":-65,""f"":2452},{""b"":""34:60:f9:a8:37:10"",""s"":""TP-LIN"",""r"":-65,""f"":2417},{""b"":""a6:36:c7:88:80:7f"",""s"":""[LG_CeilingCassette A\/C]807f"",""r"":-67,""f"":2462},{""b"":""28:4e:e9:77:96:4b"",""s"":""KT_GiGA_9647"",""r"":-67,""f"":2447},{""b"":""dc:70:35:01:10:12"",""s"":""U+Net1010"",""r"":-67,""f"":2427},{""b"":""1c:e8:9e:5c:d9:f2"",""s"":""[system a\/c]_E30AJT0233427W"",""r"":-68,""f"":2412},{""b"":""0a:5d:dd:c9:a6:5c"",""s"":""KT_GiGA_5G_A658"",""r"":-68,""f"":2442},{""b"":""70:5d:cc:44:a3:7c"",""s"":""🐈‍⬛🐈"",""r"":-69,""f"":2432},{""b"":""90:9f:33:32:10:38"",""s"":""강전엽"",""r"":-69,""f"":2437},{""b"":""10:27:f5:4c:fe:11"",""s"":""TP-Link_FE11"",""r"":-69,""f"":2427},{""b"":""54:d1:63:43:98:50"",""s"":"""",""r"":-70,""f"":2442},{""b"":""a6:36:c7:80:e7:df"",""s"":""[LG_CeilingCassette A\/C]e7df"",""r"":-71,""f"":2462}]",""
1791091082969,2026-10-04 14:18:02,unknown,37.547469,127.0687861,13.567,1.2319796,215.86658,37.79289962948103,fused,0,LTE,NR_NSA,5G,true,false,true,false,false,52543757,272,100,1,8282,450,06,-60,-7,-51,,4,0,,,,2037,65150,0.0163,0.5212,1998,65110,0.0160,0.5209,false,9,0,9,-60,272,2600,1.2319796,false,false,periodic,100,0,-1,,4999,,,,"[{""type"":""LTE"",""pci"":272,""earfcn"":2600,""tac"":null,""rsrp"":-60,""rsrq"":-12,""rssi"":-51,""snr"":null,""ta"":0,""level"":4,""bands"":""5""},{""type"":""LTE"",""pci"":172,""earfcn"":2600,""tac"":null,""rsrp"":-67,""rsrq"":-19,""rssi"":-51,""snr"":null,""ta"":0,""level"":4,""bands"":""5""},{""type"":""LTE"",""pci"":134,""earfcn"":2600,""tac"":null,""rsrp"":-67,""rsrq"":-17,""rssi"":-51,""snr"":null,""ta"":0,""level"":4,""bands"":""5""},{""type"":""LTE"",""pci"":272,""earfcn"":3050,""tac"":null,""rsrp"":-70,""rsrq"":-9,""rssi"":-51,""snr"":null,""ta"":0,""level"":4,""bands"":""7""},{""type"":""LTE"",""pci"":7,""earfcn"":2600,""tac"":null,""rsrp"":-71,""rsrq"":-20,""rssi"":-51,""snr"":null,""ta"":0,""level"":4,""bands"":""5""},{""type"":""LTE"",""pci"":172,""earfcn"":100,""tac"":null,""rsrp"":-74,""rsrq"":-10,""rssi"":-55,""snr"":null,""ta"":0,""level"":4,""bands"":""1""},{""type"":""LTE"",""pci"":285,""earfcn"":3050,""tac"":null,""rsrp"":-82,""rsrq"":-18,""rssi"":-51,""snr"":null,""ta"":0,""level"":4,""bands"":""7""},{""type"":""LTE"",""pci"":7,""earfcn"":3050,""tac"":null,""rsrp"":-84,""rsrq"":-18,""rssi"":-51,""snr"":null,""ta"":0,""level"":4,""bands"":""7""},{""type"":""LTE"",""pci"":285,""earfcn"":100,""tac"":null,""rsrp"":-90,""rsrq"":-20,""rssi"":-51,""snr"":null,""ta"":0,""level"":3,""bands"":""1""}]",1012.60754,57,0.524,0.459,53,3,,,,"[{""b"":""58:86:94:b5:32:2e"",""s"":""created"",""r"":-61,""f"":2452},{""b"":""02:1d:ec:de:36:4a"",""s"":""KT_IPTV_WiFi_2G_364A"",""r"":-62,""f"":2452},{""b"":""04:09:a5:3b:52:e3"",""s"":""SK_WiFiGIGA52E0_2.4G"",""r"":-63,""f"":2462},{""b"":""18:c5:01:d0:ab:c2"",""s"":""U+NetABC0"",""r"":-65,""f"":2432},{""b"":""f0:09:0d:5c:3e:a3"",""s"":""티오더-2Gx미슌"",""r"":-67,""f"":2442},{""b"":""54:d1:63:43:98:4f"",""s"":""SK_WiFiGIGA9849"",""r"":-67,""f"":2442},{""b"":""04:39:26:25:52:3d"",""s"":""NEXT340-e2d01e"",""r"":-68,""f"":2437},{""b"":""90:9f:33:c8:ce:5c"",""s"":""iptime"",""r"":-69,""f"":2452},{""b"":""34:60:f9:a8:37:10"",""s"":""TP-LIN"",""r"":-69,""f"":2417},{""b"":""08:8a:f1:7f:4c:34"",""s"":""MERCUSYS_4C34"",""r"":-69,""f"":2422},{""b"":""00:5f:67:aa:de:aa"",""s"":""응애와이파이F0124"",""r"":-70,""f"":2422},{""b"":""a6:36:c7:80:e8:f0"",""s"":""[LG_CeilingCassette A\/C]e8f0"",""r"":-71,""f"":2462},{""b"":""dc:70:35:01:10:12"",""s"":""U+Net1010"",""r"":-71,""f"":2427},{""b"":""88:3c:1c:6c:d3:7d"",""s"":""KT_GiGA_2G_D379"",""r"":-71,""f"":2427},{""b"":""00:08:5b:98:82:98"",""s"":"""",""r"":-72,""f"":2437}]",""
1791091087981,2026-10-04 14:18:07,unknown,37.5473695,127.0688446,9.265,1.1378007,184.06398,38.00384146973775,fused,0,LTE,NR_NSA,5G,true,false,true,false,false,52543757,272,100,1,8282,450,06,-60,-7,-51,,4,0,,,,1780,65268,0.0142,0.5221,1760,65249,0.0141,0.5220,false,9,0,9,-60,272,2600,1.1378007,false,false,periodic,105,0,0,,10013,,,,"[{""type"":""LTE"",""pci"":272,""earfcn"":2600,""tac"":null,""rsrp"":-60,""rsrq"":-12,""rssi"":-51,""snr"":null,""ta"":0,""level"":4,""bands"":""5""},{""type"":""LTE"",""pci"":172,""earfcn"":2600,""tac"":null,""rsrp"":-67,""rsrq"":-19,""rssi"":-51,""snr"":null,""ta"":0,""level"":4,""bands"":""5""},{""type"":""LTE"",""pci"":134,""earfcn"":2600,""tac"":null,""rsrp"":-67,""rsrq"":-17,""rssi"":-51,""snr"":null,""ta"":0,""level"":4,""bands"":""5""},{""type"":""LTE"",""pci"":272,""earfcn"":3050,""tac"":null,""rsrp"":-70,""rsrq"":-9,""rssi"":-51,""snr"":null,""ta"":0,""level"":4,""bands"":""7""},{""type"":""LTE"",""pci"":7,""earfcn"":2600,""tac"":null,""rsrp"":-71,""rsrq"":-20,""rssi"":-51,""snr"":null,""ta"":0,""level"":4,""bands"":""5""},{""type"":""LTE"",""pci"":172,""earfcn"":100,""tac"":null,""rsrp"":-74,""rsrq"":-10,""rssi"":-55,""snr"":null,""ta"":0,""level"":4,""bands"":""1""},{""type"":""LTE"",""pci"":285,""earfcn"":3050,""tac"":null,""rsrp"":-82,""rsrq"":-18,""rssi"":-51,""snr"":null,""ta"":0,""level"":4,""bands"":""7""},{""type"":""LTE"",""pci"":7,""earfcn"":3050,""tac"":null,""rsrp"":-84,""rsrq"":-18,""rssi"":-51,""snr"":null,""ta"":0,""level"":4,""bands"":""7""},{""type"":""LTE"",""pci"":285,""earfcn"":100,""tac"":null,""rsrp"":-90,""rsrq"":-20,""rssi"":-51,""snr"":null,""ta"":0,""level"":3,""bands"":""1""}]",1012.5262,57,0.524,0.524,74,4,,,,"[{""b"":""12:09:a5:3b:52:e3"",""s"":"""",""r"":-55,""f"":2462},{""b"":""04:09:a5:3b:52:e3"",""s"":""SK_WiFiGIGA52E0_2.4G"",""r"":-55,""f"":2462},{""b"":""58:86:94:b5:32:2e"",""s"":""created"",""r"":-58,""f"":2452},{""b"":""28:4e:e9:77:96:4b"",""s"":""KT_GiGA_9647"",""r"":-61,""f"":2447},{""b"":""04:09:a5:3b:52:e2"",""s"":""SK_WiFiGIGA52E0_5G"",""r"":-61,""f"":5805},{""b"":""50:46:ae:23:83:5f"",""s"":""SK_WiFiGIGA835C_2.4G"",""r"":-65,""f"":2427},{""b"":""08:8a:f1:7f:4c:34"",""s"":""MERCUSYS_4C34"",""r"":-65,""f"":2422},{""b"":""f0:09:0d:5c:3e:a3"",""s"":""티오더-2Gx미슌"",""r"":-66,""f"":2442},{""b"":""62:46:ae:23:83:5f"",""s"":""SK_WiFiGIGA835C_Mesh"",""r"":-66,""f"":2427},{""b"":""18:c5:01:8a:b0:9a"",""s"":""U+NetB09B"",""r"":-66,""f"":2427},{""b"":""34:60:f9:a8:37:10"",""s"":""TP-LIN"",""r"":-66,""f"":2417},{""b"":""62:ab:14:05:a1:47"",""s"":"""",""r"":-67,""f"":2447},{""b"":""b0:38:6c:5e:fd:52"",""s"":""Y"",""r"":-67,""f"":2412},{""b"":""80:ca:4b:0f:c5:a2"",""s"":""U+NetC5A0"",""r"":-68,""f"":2457},{""b"":""28:4e:e9:77:96:4a"",""s"":""KT_GiGA_5G_9647"",""r"":-68,""f"":5240}]",""
1791091093013,2026-10-04 14:18:13,unknown,37.5473263,127.068887,7.507,1.1164529,165.45764,38.04114533731934,fused,0,LTE,NR_NSA,5G,true,false,true,false,false,52543757,272,100,1,8282,450,06,-65,-6,-51,,4,0,,,,1844,65077,0.0148,0.5206,1825,65057,0.0146,0.5205,false,8,0,8,-73,272,3050,1.1164529,false,false,periodic,110,0,-5,,5003,,,,"[{""type"":""LTE"",""pci"":272,""earfcn"":3050,""tac"":null,""rsrp"":-73,""rsrq"":-8,""rssi"":-55,""snr"":null,""ta"":0,""level"":4,""bands"":""7""},{""type"":""LTE"",""pci"":172,""earfcn"":100,""tac"":null,""rsrp"":-77,""rsrq"":-17,""rssi"":-51,""snr"":null,""ta"":0,""level"":4,""bands"":""1""},{""type"":""LTE"",""pci"":7,""earfcn"":3050,""tac"":null,""rsrp"":-78,""rsrq"":-20,""rssi"":-51,""snr"":null,""ta"":0,""level"":4,""bands"":""7""},{""type"":""LTE"",""pci"":272,""earfcn"":2600,""tac"":null,""rsrp"":-80,""rsrq"":-14,""rssi"":-55,""snr"":null,""ta"":0,""level"":4,""bands"":""5""},{""type"":""LTE"",""pci"":172,""earfcn"":2600,""tac"":null,""rsrp"":-81,""rsrq"":-16,""rssi"":-55,""snr"":null,""ta"":0,""level"":4,""bands"":""5""},{""type"":""LTE"",""pci"":285,""earfcn"":100,""tac"":null,""rsrp"":-87,""rsrq"":-20,""rssi"":-51,""snr"":null,""ta"":0,""level"":3,""bands"":""1""},{""type"":""LTE"",""pci"":134,""earfcn"":2600,""tac"":null,""rsrp"":-87,""rsrq"":-20,""rssi"":-55,""snr"":null,""ta"":0,""level"":3,""bands"":""5""},{""type"":""LTE"",""pci"":28,""earfcn"":3050,""tac"":null,""rsrp"":-114,""rsrq"":-20,""rssi"":-81,""snr"":null,""ta"":0,""level"":1,""bands"":""7""}]",1012.59607,66,0.459,0.524,74,9,,,,"[{""b"":""12:09:a5:3b:52:e3"",""s"":"""",""r"":-55,""f"":2462},{""b"":""04:09:a5:3b:52:e3"",""s"":""SK_WiFiGIGA52E0_2.4G"",""r"":-55,""f"":2462},{""b"":""58:86:94:b5:32:2e"",""s"":""created"",""r"":-58,""f"":2452},{""b"":""28:4e:e9:77:96:4b"",""s"":""KT_GiGA_9647"",""r"":-61,""f"":2447},{""b"":""04:09:a5:3b:52:e2"",""s"":""SK_WiFiGIGA52E0_5G"",""r"":-61,""f"":5805},{""b"":""50:46:ae:23:83:5f"",""s"":""SK_WiFiGIGA835C_2.4G"",""r"":-65,""f"":2427},{""b"":""08:8a:f1:7f:4c:34"",""s"":""MERCUSYS_4C34"",""r"":-65,""f"":2422},{""b"":""f0:09:0d:5c:3e:a3"",""s"":""티오더-2Gx미슌"",""r"":-66,""f"":2442},{""b"":""62:46:ae:23:83:5f"",""s"":""SK_WiFiGIGA835C_Mesh"",""r"":-66,""f"":2427},{""b"":""18:c5:01:8a:b0:9a"",""s"":""U+NetB09B"",""r"":-66,""f"":2427},{""b"":""34:60:f9:a8:37:10"",""s"":""TP-LIN"",""r"":-66,""f"":2417},{""b"":""62:ab:14:05:a1:47"",""s"":"""",""r"":-67,""f"":2447},{""b"":""b0:38:6c:5e:fd:52"",""s"":""Y"",""r"":-67,""f"":2412},{""b"":""80:ca:4b:0f:c5:a2"",""s"":""U+NetC5A0"",""r"":-68,""f"":2457},{""b"":""28:4e:e9:77:96:4a"",""s"":""KT_GiGA_5G_9647"",""r"":-68,""f"":5240}]",""
1791091098048,2026-10-04 14:18:18,unknown,37.5473038,127.0689541,4.486,0.9599463,149.94618,38.13131674973785,fused,0,LTE,NR_NSA,5G,true,false,true,false,false,52543757,272,100,1,8282,450,06,-65,-6,-51,,4,0,,,,1858,63350,0.0149,0.5068,1838,63330,0.0147,0.5066,false,8,0,8,-73,272,3050,0.9599463,false,false,periodic,115,0,0,,10037,,,,"[{""type"":""LTE"",""pci"":272,""earfcn"":3050,""tac"":null,""rsrp"":-73,""rsrq"":-8,""rssi"":-55,""snr"":null,""ta"":0,""level"":4,""bands"":""7""},{""type"":""LTE"",""pci"":172,""earfcn"":100,""tac"":null,""rsrp"":-77,""rsrq"":-17,""rssi"":-51,""snr"":null,""ta"":0,""level"":4,""bands"":""1""},{""type"":""LTE"",""pci"":7,""earfcn"":3050,""tac"":null,""rsrp"":-78,""rsrq"":-20,""rssi"":-51,""snr"":null,""ta"":0,""level"":4,""bands"":""7""},{""type"":""LTE"",""pci"":272,""earfcn"":2600,""tac"":null,""rsrp"":-80,""rsrq"":-14,""rssi"":-55,""snr"":null,""ta"":0,""level"":4,""bands"":""5""},{""type"":""LTE"",""pci"":172,""earfcn"":2600,""tac"":null,""rsrp"":-81,""rsrq"":-16,""rssi"":-55,""snr"":null,""ta"":0,""level"":4,""bands"":""5""},{""type"":""LTE"",""pci"":285,""earfcn"":100,""tac"":null,""rsrp"":-87,""rsrq"":-20,""rssi"":-51,""snr"":null,""ta"":0,""level"":3,""bands"":""1""},{""type"":""LTE"",""pci"":134,""earfcn"":2600,""tac"":null,""rsrp"":-87,""rsrq"":-20,""rssi"":-55,""snr"":null,""ta"":0,""level"":3,""bands"":""5""},{""type"":""LTE"",""pci"":28,""earfcn"":3050,""tac"":null,""rsrp"":-114,""rsrq"":-20,""rssi"":-81,""snr"":null,""ta"":0,""level"":1,""bands"":""7""}]",1012.5387,71,0.524,0.459,66,1,,,,"[{""b"":""02:1d:ec:de:36:4a"",""s"":""KT_IPTV_WiFi_2G_364A"",""r"":-54,""f"":2452},{""b"":""f0:09:0d:5c:3e:a3"",""s"":""티오더-2Gx미슌"",""r"":-59,""f"":2442},{""b"":""04:39:26:25:52:3d"",""s"":""NEXT340-e2d01e"",""r"":-60,""f"":2437},{""b"":""08:8a:f1:7f:4c:34"",""s"":""MERCUSYS_4C34"",""r"":-60,""f"":2422},{""b"":""28:4e:e9:77:96:4b"",""s"":""KT_GiGA_9647"",""r"":-63,""f"":2447},{""b"":""b0:38:6c:5e:fd:52"",""s"":""Y"",""r"":-63,""f"":2412},{""b"":""90:9f:33:f0:ce:f8"",""s"":""iptime"",""r"":-64,""f"":2432},{""b"":""b0:38:6c:3f:7b:ca"",""s"":""미슌어대점"",""r"":-65,""f"":2412},{""b"":""18:c5:01:9e:3a:16"",""s"":""U+Net3A14"",""r"":-66,""f"":2437},{""b"":""58:86:94:b5:d1:54"",""s"":""와이파이다람쥐"",""r"":-66,""f"":2447},{""b"":""90:9f:33:c8:ce:5c"",""s"":""iptime"",""r"":-66,""f"":2452},{""b"":""04:09:a5:3b:52:e3"",""s"":""SK_WiFiGIGA52E0_2.4G"",""r"":-66,""f"":2462},{""b"":""60:29:d5:66:5b:2f"",""s"":""KT_GiGA_5B2B"",""r"":-67,""f"":2452},{""b"":""dc:8e:8d:36:d0:a1"",""s"":""DLive_D09C"",""r"":-68,""f"":2462},{""b"":""a6:36:c7:88:6d:c2"",""s"":""[LG_CeilingCassette A\/C]6dc2"",""r"":-68,""f"":2462}]",""
1791091103071,2026-10-04 14:18:23,unknown,37.5472685,127.06899,4.013,1.0934596,148.9767,38.22668468030136,fused,0,LTE,NR_NSA,5G,true,false,true,false,false,52543757,272,100,1,8282,450,06,-69,-8,-51,,4,0,,,,1905,65194,0.0152,0.5216,1885,65174,0.0151,0.5214,false,7,0,7,-70,272,3050,1.0934596,false,false,periodic,120,0,-4,,5003,,,,"[{""type"":""LTE"",""pci"":272,""earfcn"":3050,""tac"":null,""rsrp"":-70,""rsrq"":-7,""rssi"":-53,""snr"":null,""ta"":0,""level"":4,""bands"":""7""},{""type"":""LTE"",""pci"":172,""earfcn"":100,""tac"":null,""rsrp"":-74,""rsrq"":-17,""rssi"":-51,""snr"":null,""ta"":0,""level"":4,""bands"":""1""},{""type"":""LTE"",""pci"":134,""earfcn"":2600,""tac"":null,""rsrp"":-74,""rsrq"":-16,""rssi"":-51,""snr"":null,""ta"":0,""level"":4,""bands"":""5""},{""type"":""LTE"",""pci"":272,""earfcn"":2600,""tac"":null,""rsrp"":-78,""rsrq"":-14,""rssi"":-53,""snr"":null,""ta"":0,""level"":4,""bands"":""5""},{""type"":""LTE"",""pci"":172,""earfcn"":2600,""tac"":null,""rsrp"":-81,""rsrq"":-18,""rssi"":-53,""snr"":null,""ta"":0,""level"":4,""bands"":""5""},{""type"":""LTE"",""pci"":285,""earfcn"":100,""tac"":null,""rsrp"":-84,""rsrq"":-18,""rssi"":-53,""snr"":null,""ta"":0,""level"":4,""bands"":""1""},{""type"":""LTE"",""pci"":7,""earfcn"":3050,""tac"":null,""rsrp"":-88,""rsrq"":-20,""rssi"":-55,""snr"":null,""ta"":0,""level"":3,""bands"":""7""}]",1012.4611,55,0.468,0.459,66,6,,,,"[{""b"":""02:1d:ec:de:36:4a"",""s"":""KT_IPTV_WiFi_2G_364A"",""r"":-54,""f"":2452},{""b"":""f0:09:0d:5c:3e:a3"",""s"":""티오더-2Gx미슌"",""r"":-59,""f"":2442},{""b"":""04:39:26:25:52:3d"",""s"":""NEXT340-e2d01e"",""r"":-60,""f"":2437},{""b"":""08:8a:f1:7f:4c:34"",""s"":""MERCUSYS_4C34"",""r"":-60,""f"":2422},{""b"":""28:4e:e9:77:96:4b"",""s"":""KT_GiGA_9647"",""r"":-63,""f"":2447},{""b"":""b0:38:6c:5e:fd:52"",""s"":""Y"",""r"":-63,""f"":2412},{""b"":""90:9f:33:f0:ce:f8"",""s"":""iptime"",""r"":-64,""f"":2432},{""b"":""b0:38:6c:3f:7b:ca"",""s"":""미슌어대점"",""r"":-65,""f"":2412},{""b"":""18:c5:01:9e:3a:16"",""s"":""U+Net3A14"",""r"":-66,""f"":2437},{""b"":""58:86:94:b5:d1:54"",""s"":""와이파이다람쥐"",""r"":-66,""f"":2447},{""b"":""90:9f:33:c8:ce:5c"",""s"":""iptime"",""r"":-66,""f"":2452},{""b"":""04:09:a5:3b:52:e3"",""s"":""SK_WiFiGIGA52E0_2.4G"",""r"":-66,""f"":2462},{""b"":""60:29:d5:66:5b:2f"",""s"":""KT_GiGA_5B2B"",""r"":-67,""f"":2452},{""b"":""dc:8e:8d:36:d0:a1"",""s"":""DLive_D09C"",""r"":-68,""f"":2462},{""b"":""a6:36:c7:88:6d:c2"",""s"":""[LG_CeilingCassette A\/C]6dc2"",""r"":-68,""f"":2462}]",""
1791091108136,2026-10-04 14:18:28,unknown,37.5472431,127.0690447,5.186,1.2315754,135.06912,38.59060297775889,fused,0,LTE,NR_NSA,5G,true,false,true,false,false,52543757,272,100,1,8282,450,06,-69,-8,-51,,4,0,,,,1852,64673,0.0148,0.5174,1813,64633,0.0145,0.5171,false,7,0,7,-70,272,3050,1.2315754,false,false,periodic,125,0,0,,10068,,,,"[{""type"":""LTE"",""pci"":272,""earfcn"":3050,""tac"":null,""rsrp"":-70,""rsrq"":-7,""rssi"":-53,""snr"":null,""ta"":0,""level"":4,""bands"":""7""},{""type"":""LTE"",""pci"":172,""earfcn"":100,""tac"":null,""rsrp"":-74,""rsrq"":-17,""rssi"":-51,""snr"":null,""ta"":0,""level"":4,""bands"":""1""},{""type"":""LTE"",""pci"":134,""earfcn"":2600,""tac"":null,""rsrp"":-74,""rsrq"":-16,""rssi"":-51,""snr"":null,""ta"":0,""level"":4,""bands"":""5""},{""type"":""LTE"",""pci"":272,""earfcn"":2600,""tac"":null,""rsrp"":-78,""rsrq"":-14,""rssi"":-53,""snr"":null,""ta"":0,""level"":4,""bands"":""5""},{""type"":""LTE"",""pci"":172,""earfcn"":2600,""tac"":null,""rsrp"":-81,""rsrq"":-18,""rssi"":-53,""snr"":null,""ta"":0,""level"":4,""bands"":""5""},{""type"":""LTE"",""pci"":285,""earfcn"":100,""tac"":null,""rsrp"":-84,""rsrq"":-18,""rssi"":-53,""snr"":null,""ta"":0,""level"":4,""bands"":""1""},{""type"":""LTE"",""pci"":7,""earfcn"":3050,""tac"":null,""rsrp"":-88,""rsrq"":-20,""rssi"":-55,""snr"":null,""ta"":0,""level"":3,""bands"":""7""}]",1012.4743,78,0.459,0.459,72,2,,,,"[{""b"":""04:39:26:25:52:3d"",""s"":""NEXT340-e2d01e"",""r"":-56,""f"":2437},{""b"":""02:1d:ec:de:36:4a"",""s"":""KT_IPTV_WiFi_2G_364A"",""r"":-57,""f"":2452},{""b"":""f0:09:0d:5c:3e:a3"",""s"":""티오더-2Gx미슌"",""r"":-60,""f"":2442},{""b"":""02:1d:ec:de:e7:b2"",""s"":""KT_IPTV_WiFi_2G_E7B2"",""r"":-60,""f"":2452},{""b"":""04:09:a5:35:13:b7"",""s"":""SK_WiFiGIGA13B4_2.4G"",""r"":-61,""f"":2452},{""b"":""70:5d:cc:a2:f9:ec"",""s"":""또봉이통닭"",""r"":-64,""f"":2412},{""b"":""f0:09:0d:5c:3e:a5"",""s"":""티오더-5Gx미슌"",""r"":-64,""f"":5220},{""b"":""58:86:94:51:be:b2"",""s"":""smartCoin"",""r"":-64,""f"":2422},{""b"":""02:1d:ec:de:e9:1e"",""s"":""KT_IPTV_WiFi_2G_E91E"",""r"":-64,""f"":2432},{""b"":""04:8d:38:91:b6:48"",""s"":""netis"",""r"":-65,""f"":2432},{""b"":""c8:3a:35:49:9f:e8"",""s"":""iisru"",""r"":-65,""f"":2437},{""b"":""12:09:a5:35:13:b7"",""s"":"""",""r"":-66,""f"":2452},{""b"":""90:9f:33:c8:ce:5c"",""s"":""iptime"",""r"":-67,""f"":2452},{""b"":""1c:56:8e:63:48:26"",""s"":""MODORIFI_2G"",""r"":-67,""f"":2422},{""b"":""02:1d:ec:de:d7:10"",""s"":""KT_IPTV_WiFi_2G_D710"",""r"":-67,""f"":2412}]",""
1791091113162,2026-10-04 14:18:33,unknown,37.5472467,127.0691422,6.322,1.0979834,107.852646,38.79420747694803,fused,0,LTE,NR_NSA,5G,true,false,true,false,false,52543757,272,100,1,8282,450,06,-70,-11,-51,,4,0,,,,1789,65155,0.0143,0.5212,1769,65135,0.0142,0.5211,false,8,0,8,-69,272,2600,1.0979834,false,false,periodic,130,0,-1,,5003,,,,"[{""type"":""LTE"",""pci"":272,""earfcn"":2600,""tac"":null,""rsrp"":-69,""rsrq"":-14,""rssi"":-51,""snr"":null,""ta"":0,""level"":4,""bands"":""5""},{""type"":""LTE"",""pci"":272,""earfcn"":3050,""tac"":null,""rsrp"":-74,""rsrq"":-7,""rssi"":-57,""snr"":null,""ta"":0,""level"":4,""bands"":""7""},{""type"":""LTE"",""pci"":7,""earfcn"":100,""tac"":null,""rsrp"":-76,""rsrq"":-18,""rssi"":-51,""snr"":null,""ta"":0,""level"":4,""bands"":""1""},{""type"":""LTE"",""pci"":172,""earfcn"":100,""tac"":null,""rsrp"":-77,""rsrq"":-12,""rssi"":-51,""snr"":null,""ta"":0,""level"":4,""bands"":""1""},{""type"":""LTE"",""pci"":172,""earfcn"":2600,""tac"":null,""rsrp"":-77,""rsrq"":-13,""rssi"":-53,""snr"":null,""ta"":0,""level"":4,""bands"":""5""},{""type"":""LTE"",""pci"":285,""earfcn"":100,""tac"":null,""rsrp"":-78,""rsrq"":-20,""rssi"":-51,""snr"":null,""ta"":0,""level"":4,""bands"":""1""},{""type"":""LTE"",""pci"":134,""earfcn"":2600,""tac"":null,""rsrp"":-81,""rsrq"":-20,""rssi"":-51,""snr"":null,""ta"":0,""level"":4,""bands"":""5""},{""type"":""LTE"",""pci"":7,""earfcn"":3050,""tac"":null,""rsrp"":-94,""rsrq"":-19,""rssi"":-63,""snr"":null,""ta"":0,""level"":3,""bands"":""7""}]",1012.47266,65,0.459,0.459,72,7,,,,"[{""b"":""04:39:26:25:52:3d"",""s"":""NEXT340-e2d01e"",""r"":-56,""f"":2437},{""b"":""02:1d:ec:de:36:4a"",""s"":""KT_IPTV_WiFi_2G_364A"",""r"":-57,""f"":2452},{""b"":""f0:09:0d:5c:3e:a3"",""s"":""티오더-2Gx미슌"",""r"":-60,""f"":2442},{""b"":""02:1d:ec:de:e7:b2"",""s"":""KT_IPTV_WiFi_2G_E7B2"",""r"":-60,""f"":2452},{""b"":""04:09:a5:35:13:b7"",""s"":""SK_WiFiGIGA13B4_2.4G"",""r"":-61,""f"":2452},{""b"":""70:5d:cc:a2:f9:ec"",""s"":""또봉이통닭"",""r"":-64,""f"":2412},{""b"":""f0:09:0d:5c:3e:a5"",""s"":""티오더-5Gx미슌"",""r"":-64,""f"":5220},{""b"":""58:86:94:51:be:b2"",""s"":""smartCoin"",""r"":-64,""f"":2422},{""b"":""02:1d:ec:de:e9:1e"",""s"":""KT_IPTV_WiFi_2G_E91E"",""r"":-64,""f"":2432},{""b"":""04:8d:38:91:b6:48"",""s"":""netis"",""r"":-65,""f"":2432},{""b"":""c8:3a:35:49:9f:e8"",""s"":""iisru"",""r"":-65,""f"":2437},{""b"":""12:09:a5:35:13:b7"",""s"":"""",""r"":-66,""f"":2452},{""b"":""90:9f:33:c8:ce:5c"",""s"":""iptime"",""r"":-67,""f"":2452},{""b"":""1c:56:8e:63:48:26"",""s"":""MODORIFI_2G"",""r"":-67,""f"":2422},{""b"":""02:1d:ec:de:d7:10"",""s"":""KT_IPTV_WiFi_2G_D710"",""r"":-67,""f"":2412}]",""
1791091118188,2026-10-04 14:18:38,unknown,37.5472595,127.0692141,5.558,1.0539095,102.631714,41.89999771118164,fused,0,LTE,NR_NSA,5G,true,false,true,false,false,52543757,272,100,1,8282,450,06,-70,-11,-51,,4,0,,,,1904,65155,0.0152,0.5212,1884,65135,0.0151,0.5211,false,8,0,8,-69,272,2600,1.0539095,false,false,periodic,135,0,0,,10029,,,,"[{""type"":""LTE"",""pci"":272,""earfcn"":2600,""tac"":null,""rsrp"":-69,""rsrq"":-14,""rssi"":-51,""snr"":null,""ta"":0,""level"":4,""bands"":""5""},{""type"":""LTE"",""pci"":272,""earfcn"":3050,""tac"":null,""rsrp"":-74,""rsrq"":-7,""rssi"":-57,""snr"":null,""ta"":0,""level"":4,""bands"":""7""},{""type"":""LTE"",""pci"":7,""earfcn"":100,""tac"":null,""rsrp"":-76,""rsrq"":-18,""rssi"":-51,""snr"":null,""ta"":0,""level"":4,""bands"":""1""},{""type"":""LTE"",""pci"":172,""earfcn"":100,""tac"":null,""rsrp"":-77,""rsrq"":-12,""rssi"":-51,""snr"":null,""ta"":0,""level"":4,""bands"":""1""},{""type"":""LTE"",""pci"":172,""earfcn"":2600,""tac"":null,""rsrp"":-77,""rsrq"":-13,""rssi"":-53,""snr"":null,""ta"":0,""level"":4,""bands"":""5""},{""type"":""LTE"",""pci"":285,""earfcn"":100,""tac"":null,""rsrp"":-78,""rsrq"":-20,""rssi"":-51,""snr"":null,""ta"":0,""level"":4,""bands"":""1""},{""type"":""LTE"",""pci"":134,""earfcn"":2600,""tac"":null,""rsrp"":-81,""rsrq"":-20,""rssi"":-51,""snr"":null,""ta"":0,""level"":4,""bands"":""5""},{""type"":""LTE"",""pci"":7,""earfcn"":3050,""tac"":null,""rsrp"":-94,""rsrq"":-19,""rssi"":-63,""snr"":null,""ta"":0,""level"":3,""bands"":""7""}]",1012.4754,55,0.459,0.459,54,4,,,,"[{""b"":""04:09:a5:35:13:b7"",""s"":""SK_WiFiGIGA13B4_2.4G"",""r"":-57,""f"":2452},{""b"":""f0:09:0d:5c:3e:a3"",""s"":""티오더-2Gx미슌"",""r"":-57,""f"":2442},{""b"":""12:09:a5:35:13:b7"",""s"":"""",""r"":-59,""f"":2452},{""b"":""b0:38:6c:5e:fd:52"",""s"":""Y"",""r"":-60,""f"":2412},{""b"":""38:f4:5e:3f:85:eb"",""s"":""SK_85E8_2.4G"",""r"":-61,""f"":2457},{""b"":""54:d1:63:43:98:4f"",""s"":""SK_WiFiGIGA9849"",""r"":-61,""f"":2442},{""b"":""02:1d:ec:de:36:4a"",""s"":""KT_IPTV_WiFi_2G_364A"",""r"":-63,""f"":2452},{""b"":""70:5d:cc:a2:f9:ec"",""s"":""또봉이통닭"",""r"":-63,""f"":2412},{""b"":""04:39:26:25:52:3d"",""s"":""NEXT340-e2d01e"",""r"":-63,""f"":2437},{""b"":""4e:ba:d7:6b:c9:10"",""s"":""[LG_Washer]c910"",""r"":-64,""f"":2462},{""b"":""dc:70:35:01:62:f2"",""s"":""U+Net62F0"",""r"":-64,""f"":2432},{""b"":""88:bd:09:70:37:2c"",""s"":""DLive_3727"",""r"":-64,""f"":2462},{""b"":""c8:3a:35:49:9f:e8"",""s"":""iisru"",""r"":-65,""f"":2437},{""b"":""88:bd:09:46:9d:00"",""s"":""DLive_9CFB"",""r"":-66,""f"":2462},{""b"":""58:86:94:d6:9a:54"",""s"":""orderqueen2.4"",""r"":-66,""f"":2422}]",""
1791091123209,2026-10-04 14:18:43,unknown,37.5472548,127.0692815,5.905,1.0559154,100.84087,39.05244074899464,fused,1,LTE,NR_NSA,5G,true,false,true,false,false,52549131,172,100,1,8282,450,06,-74,-7,-51,,4,2,,,,1863,65537,0.0149,0.5243,1857,65518,0.0149,0.5241,false,2,0,2,-75,272,100,1.0559154,true,false,periodic,0,1,,,5004,52543757,-70,-11,"[{""type"":""LTE"",""pci"":272,""earfcn"":100,""tac"":null,""rsrp"":-75,""rsrq"":-10,""rssi"":-51,""snr"":null,""ta"":2,""level"":4,""bands"":""1""},{""type"":""LTE"",""pci"":285,""earfcn"":100,""tac"":null,""rsrp"":-87,""rsrq"":-20,""rssi"":-53,""snr"":null,""ta"":2,""level"":3,""bands"":""1""}]",1012.3226,51,0.459,0.524,75,1,,,,"[{""b"":""54:d1:63:43:98:50"",""s"":"""",""r"":-42,""f"":2442},{""b"":""54:d1:63:43:98:4f"",""s"":""SK_WiFiGIGA9849"",""r"":-42,""f"":2442},{""b"":""54:d1:63:43:98:4a"",""s"":""SK_WiFiGIGA9849_5G"",""r"":-48,""f"":5805},{""b"":""70:5d:cc:a2:f9:ec"",""s"":""또봉이통닭"",""r"":-50,""f"":2412},{""b"":""38:f4:5e:3f:85:eb"",""s"":""SK_85E8_2.4G"",""r"":-56,""f"":2457},{""b"":""4e:ba:d7:6b:c9:10"",""s"":""[LG_Washer]c910"",""r"":-56,""f"":2462},{""b"":""1e:39:29:82:d7:30"",""s"":""[LG_CeilingCassette A\/C]d730"",""r"":-56,""f"":2462},{""b"":""58:86:94:d0:91:ee"",""s"":""KT_GiGA_3C98"",""r"":-57,""f"":2412},{""b"":""18:c5:01:9e:3a:16"",""s"":""U+Net3A14"",""r"":-60,""f"":2437},{""b"":""f0:09:0d:5c:3e:a3"",""s"":""티오더-2Gx미슌"",""r"":-60,""f"":2442},{""b"":""58:86:94:51:be:b2"",""s"":""smartCoin"",""r"":-62,""f"":2422},{""b"":""c8:3a:35:49:9f:e8"",""s"":""iisru"",""r"":-62,""f"":2437},{""b"":""02:1d:ec:de:78:a8"",""s"":""KT_IPTV_WiFi_2G_78A8"",""r"":-63,""f"":2412},{""b"":""38:f4:5e:3f:85:ea"",""s"":""SK_85E8_5G"",""r"":-64,""f"":5200},{""b"":""04:09:a5:35:13:b6"",""s"":""SK_WiFiGIGA13B4_5G"",""r"":-64,""f"":5785}]","[{""type"":""LTE"",""pci"":272,""earfcn"":2600,""tac"":null,""rsrp"":-69,""rsrq"":-14,""rssi"":-51,""snr"":null,""ta"":0,""level"":4,""bands"":""5""},{""type"":""LTE"",""pci"":272,""earfcn"":3050,""tac"":null,""rsrp"":-74,""rsrq"":-7,""rssi"":-57,""snr"":null,""ta"":0,""level"":4,""bands"":""7""},{""type"":""LTE"",""pci"":7,""earfcn"":100,""tac"":null,""rsrp"":-76,""rsrq"":-18,""rssi"":-51,""snr"":null,""ta"":0,""level"":4,""bands"":""1""},{""type"":""LTE"",""pci"":172,""earfcn"":100,""tac"":null,""rsrp"":-77,""rsrq"":-12,""rssi"":-51,""snr"":null,""ta"":0,""level"":4,""bands"":""1""},{""type"":""LTE"",""pci"":172,""earfcn"":2600,""tac"":null,""rsrp"":-77,""rsrq"":-13,""rssi"":-53,""snr"":null,""ta"":0,""level"":4,""bands"":""5""},{""type"":""LTE"",""pci"":285,""earfcn"":100,""tac"":null,""rsrp"":-78,""rsrq"":-20,""rssi"":-51,""snr"":null,""ta"":0,""level"":4,""bands"":""1""},{""type"":""LTE"",""pci"":134,""earfcn"":2600,""tac"":null,""rsrp"":-81,""rsrq"":-20,""rssi"":-51,""snr"":null,""ta"":0,""level"":4,""bands"":""5""},{""type"":""LTE"",""pci"":7,""earfcn"":3050,""tac"":null,""rsrp"":-94,""rsrq"":-19,""rssi"":-63,""snr"":null,""ta"":0,""level"":3,""bands"":""7""}]"
1791091128243,2026-10-04 14:18:48,unknown,37.5472593,127.0693578,6.583,1.0540227,94.05121,42.0,fused,0,LTE,NR_NSA,5G,true,false,true,false,false,52549131,172,100,1,8282,450,06,-74,-7,-51,,4,2,,,,1948,65017,0.0156,0.5201,1908,65046,0.0153,0.5204,false,2,0,2,-75,272,100,1.0540227,false,false,periodic,5,1,0,,10038,,,,"[{""type"":""LTE"",""pci"":272,""earfcn"":100,""tac"":null,""rsrp"":-75,""rsrq"":-10,""rssi"":-51,""snr"":null,""ta"":2,""level"":4,""bands"":""1""},{""type"":""LTE"",""pci"":285,""earfcn"":100,""tac"":null,""rsrp"":-87,""rsrq"":-20,""rssi"":-53,""snr"":null,""ta"":2,""level"":3,""bands"":""1""}]",1012.3419,60,0.524,0.524,75,6,,,,"[{""b"":""54:d1:63:43:98:50"",""s"":"""",""r"":-42,""f"":2442},{""b"":""54:d1:63:43:98:4f"",""s"":""SK_WiFiGIGA9849"",""r"":-42,""f"":2442},{""b"":""54:d1:63:43:98:4a"",""s"":""SK_WiFiGIGA9849_5G"",""r"":-48,""f"":5805},{""b"":""70:5d:cc:a2:f9:ec"",""s"":""또봉이통닭"",""r"":-50,""f"":2412},{""b"":""38:f4:5e:3f:85:eb"",""s"":""SK_85E8_2.4G"",""r"":-56,""f"":2457},{""b"":""4e:ba:d7:6b:c9:10"",""s"":""[LG_Washer]c910"",""r"":-56,""f"":2462},{""b"":""1e:39:29:82:d7:30"",""s"":""[LG_CeilingCassette A\/C]d730"",""r"":-56,""f"":2462},{""b"":""58:86:94:d0:91:ee"",""s"":""KT_GiGA_3C98"",""r"":-57,""f"":2412},{""b"":""18:c5:01:9e:3a:16"",""s"":""U+Net3A14"",""r"":-60,""f"":2437},{""b"":""f0:09:0d:5c:3e:a3"",""s"":""티오더-2Gx미슌"",""r"":-60,""f"":2442},{""b"":""58:86:94:51:be:b2"",""s"":""smartCoin"",""r"":-62,""f"":2422},{""b"":""c8:3a:35:49:9f:e8"",""s"":""iisru"",""r"":-62,""f"":2437},{""b"":""02:1d:ec:de:78:a8"",""s"":""KT_IPTV_WiFi_2G_78A8"",""r"":-63,""f"":2412},{""b"":""38:f4:5e:3f:85:ea"",""s"":""SK_85E8_5G"",""r"":-64,""f"":5200},{""b"":""04:09:a5:35:13:b6"",""s"":""SK_WiFiGIGA13B4_5G"",""r"":-64,""f"":5785}]",""
1791091133276,2026-10-04 14:18:53,unknown,37.5472649,127.0694299,7.203,1.0369037,99.39244,42.29999923706055,fused,0,LTE,NR_NSA,5G,true,false,true,false,false,52549131,172,100,1,8282,450,06,-74,-9,-51,,4,1,,,,1901,65064,0.0152,0.5205,1867,64976,0.0149,0.5198,false,1,0,1,-78,272,100,1.0369037,false,false,periodic,10,1,0,,5000,,,,"[{""type"":""LTE"",""pci"":272,""earfcn"":100,""tac"":null,""rsrp"":-78,""rsrq"":-11,""rssi"":-59,""snr"":null,""ta"":1,""level"":4,""bands"":""1""}]",1012.5183,51,0.524,0.524,73,5,,,,"[{""b"":""38:f4:5e:3f:85:eb"",""s"":""SK_85E8_2.4G"",""r"":-47,""f"":2457},{""b"":""c8:3a:35:49:9f:e8"",""s"":""iisru"",""r"":-48,""f"":2437},{""b"":""18:c5:01:9e:3a:16"",""s"":""U+Net3A14"",""r"":-58,""f"":2437},{""b"":""54:d1:63:43:98:4f"",""s"":""SK_WiFiGIGA9849"",""r"":-59,""f"":2442},{""b"":""1c:56:8e:63:48:26"",""s"":""MODORIFI_2G"",""r"":-61,""f"":2422},{""b"":""38:f4:5e:05:77:1f"",""s"":""SK_771C_2.4G"",""r"":-62,""f"":2457},{""b"":""12:f4:5e:05:77:1f"",""s"":"""",""r"":-62,""f"":2457},{""b"":""70:5d:cc:a2:f9:ec"",""s"":""또봉이통닭"",""r"":-62,""f"":2412},{""b"":""e8:65:d4:9a:fc:c8"",""s"":""화양포차"",""r"":-64,""f"":2432},{""b"":""88:36:6c:e0:b6:c8"",""s"":""Green Bottle"",""r"":-64,""f"":2472},{""b"":""de:03:98:07:03:38"",""s"":""AT_401_CST_570004_WW_0338"",""r"":-66,""f"":2462},{""b"":""30:68:93:96:ed:2e"",""s"":""zzz"",""r"":-66,""f"":2432},{""b"":""54:d1:63:43:98:4a"",""s"":""SK_WiFiGIGA9849_5G"",""r"":-66,""f"":5805},{""b"":""90:9f:33:c8:ce:5c"",""s"":""iptime"",""r"":-67,""f"":2452},{""b"":""dc:8e:8d:c0:1a:02"",""s"":""DLive_19FD"",""r"":-67,""f"":2462}]",""
1791091138297,2026-10-04 14:18:58,unknown,37.5472823,127.0694886,6.836,1.0262427,80.30126,42.29999923706055,fused,1,LTE,NR_NSA,5G,true,false,true,false,false,52549131,172,100,1,8282,450,06,-74,-9,-51,,4,1,,,,1963,63541,0.0157,0.5083,1943,63521,0.0155,0.5082,false,1,0,1,-78,272,100,1.0262427,false,false,periodic,15,1,0,,10024,,,,"[{""type"":""LTE"",""pci"":272,""earfcn"":100,""tac"":null,""rsrp"":-78,""rsrq"":-11,""rssi"":-59,""snr"":null,""ta"":1,""level"":4,""bands"":""1""}]",1012.339,72,0.459,0.459,93,3,,,,"[{""b"":""18:c5:01:9e:3a:16"",""s"":""U+Net3A14"",""r"":-54,""f"":2437},{""b"":""58:86:94:d6:9a:54"",""s"":""orderqueen2.4"",""r"":-55,""f"":2422},{""b"":""c8:3a:35:49:9f:e8"",""s"":""iisru"",""r"":-56,""f"":2437},{""b"":""b0:38:6c:7e:7f:0e"",""s"":""wangxiuxiu"",""r"":-58,""f"":2417},{""b"":""ca:dd:6a:28:32:43"",""s"":""[LG_CeilingCassette A\/C]3243"",""r"":-59,""f"":2462},{""b"":""38:f4:5e:3f:85:eb"",""s"":""SK_85E8_2.4G"",""r"":-60,""f"":2457},{""b"":""28:4e:e9:a1:95:31"",""s"":""KT_GiGA_952D"",""r"":-61,""f"":2457},{""b"":""54:d1:63:43:98:4f"",""s"":""SK_WiFiGIGA9849"",""r"":-61,""f"":2442},{""b"":""12:f4:5e:3f:85:eb"",""s"":"""",""r"":-62,""f"":2457},{""b"":""12:f4:5e:05:77:1f"",""s"":"""",""r"":-62,""f"":2457},{""b"":""38:f4:5e:05:77:1f"",""s"":""SK_771C_2.4G"",""r"":-63,""f"":2457},{""b"":""18:c5:01:9e:3a:17"",""s"":""U+Net3A14_5G"",""r"":-64,""f"":5240},{""b"":""98:03:8e:3c:64:da"",""s"":""TP-Link_64DC"",""r"":-64,""f"":2427},{""b"":""22:f4:5e:3f:85:ea"",""s"":"""",""r"":-64,""f"":5200},{""b"":""ca:03:8e:3c:64:da"",""s"":"""",""r"":-64,""f"":2427}]",""
1791091143329,2026-10-04 14:19:03,unknown,37.5473103,127.0695829,7.384,1.0403321,77.77657,42.39999771118164,fused,0,LTE,NR_NSA,5G,true,false,true,false,false,52549131,172,100,1,8282,450,06,-74,-7,-51,,4,1,,,,1844,65077,0.0148,0.5206,1825,65057,0.0146,0.5205,false,1,0,1,-78,272,100,1.0403321,false,false,periodic,20,1,0,,5002,,,,"[{""type"":""LTE"",""pci"":272,""earfcn"":100,""tac"":null,""rsrp"":-78,""rsrq"":-13,""rssi"":-53,""snr"":null,""ta"":1,""level"":4,""bands"":""1""}]",1012.3923,57,0.488,0.459,64,2,,,,"[{""b"":""38:f4:5e:3f:85:eb"",""s"":""SK_85E8_2.4G"",""r"":-48,""f"":2457},{""b"":""12:f4:5e:3f:85:eb"",""s"":"""",""r"":-49,""f"":2457},{""b"":""18:c5:01:9e:3a:17"",""s"":""U+Net3A14_5G"",""r"":-52,""f"":5240},{""b"":""18:c5:01:9e:3a:16"",""s"":""U+Net3A14"",""r"":-54,""f"":2437},{""b"":""58:86:94:d6:9a:54"",""s"":""orderqueen2.4"",""r"":-54,""f"":2422},{""b"":""ca:dd:6a:28:32:43"",""s"":""[LG_CeilingCassette A\/C]3243"",""r"":-55,""f"":2462},{""b"":""b0:38:6c:7e:7f:0e"",""s"":""wangxiuxiu"",""r"":-55,""f"":2417},{""b"":""1e:39:29:f0:44:db"",""s"":""[LG_CeilingCassette A\/C]44db"",""r"":-56,""f"":2462},{""b"":""5a:86:94:c6:9a:54"",""s"":""orderqueen-5"",""r"":-59,""f"":5180},{""b"":""1c:e8:9e:29:c9:3d"",""s"":""[system a\/c]_E30AJT0233538Z"",""r"":-59,""f"":2412},{""b"":""e8:65:d4:9a:fc:c8"",""s"":""화양포차"",""r"":-59,""f"":2432},{""b"":""30:68:93:50:82:c1"",""s"":""티오더-5Gx육회바른연어"",""r"":-60,""f"":5785},{""b"":""04:09:a5:38:56:4f"",""s"":""SK_WiFiGIGA564C_2.4G"",""r"":-62,""f"":2462},{""b"":""b4:a9:4f:3c:41:2f"",""s"":""SK_WiFiGIGA412C"",""r"":-63,""f"":2422},{""b"":""c6:a9:4f:3c:41:2f"",""s"":""SK_WiFiGIGA412C_2.4G"",""r"":-64,""f"":2422}]",""
1791091148357,2026-10-04 14:19:08,unknown,37.5473228,127.0696622,6.573,1.051233,77.54959,42.39999771118164,fused,0,LTE,NR_NSA,5G,true,false,true,false,false,52549131,172,100,1,8282,450,06,-74,-7,-51,,4,1,,,,1875,65129,0.0150,0.5210,1855,65109,0.0148,0.5209,false,1,0,1,-78,272,100,1.051233,false,false,periodic,25,1,0,,10031,,,,"[{""type"":""LTE"",""pci"":272,""earfcn"":100,""tac"":null,""rsrp"":-78,""rsrq"":-13,""rssi"":-53,""snr"":null,""ta"":1,""level"":4,""bands"":""1""}]",1012.3621,75,0.524,0.459,76,5,,,,"[{""b"":""04:09:a5:38:56:4f"",""s"":""SK_WiFiGIGA564C_2.4G"",""r"":-49,""f"":2462},{""b"":""1e:39:29:f0:44:db"",""s"":""[LG_CeilingCassette A\/C]44db"",""r"":-49,""f"":2462},{""b"":""b0:38:6c:7e:7f:0e"",""s"":""wangxiuxiu"",""r"":-50,""f"":2417},{""b"":""38:f4:5e:05:77:1f"",""s"":""SK_771C_2.4G"",""r"":-51,""f"":2457},{""b"":""5a:86:94:c6:9a:54"",""s"":""orderqueen-5"",""r"":-52,""f"":5180},{""b"":""30:68:93:50:82:bf"",""s"":""티오더-2Gx육회바른연어"",""r"":-53,""f"":2422},{""b"":""60:29:d5:96:96:9e"",""s"":""KT_GiGA_969A"",""r"":-55,""f"":2452},{""b"":""58:86:94:d6:9a:54"",""s"":""orderqueen2.4"",""r"":-55,""f"":2422},{""b"":""18:c5:01:9e:3a:16"",""s"":""U+Net3A14"",""r"":-57,""f"":2437},{""b"":""38:f4:5e:05:77:1e"",""s"":""SK_771C_5G"",""r"":-57,""f"":5805},{""b"":""22:f4:5e:05:77:1e"",""s"":"""",""r"":-59,""f"":5805},{""b"":""1c:e8:9e:29:c9:ba"",""s"":""[system a\/c]_E30AJT0233547M"",""r"":-59,""f"":2412},{""b"":""d6:8d:26:f7:80:cc"",""s"":""[LG_Wall-Mount A\/C]80cc"",""r"":-60,""f"":2462},{""b"":""c8:3a:35:49:9f:e8"",""s"":""iisru"",""r"":-60,""f"":2437},{""b"":""e8:65:d4:9a:fc:c8"",""s"":""화양포차"",""r"":-61,""f"":2432}]",""
1791091153391,2026-10-04 14:19:13,unknown,37.5473249,127.0697499,5.507,1.0775579,81.21196,42.39999771118164,fused,0,LTE,NR_NSA,5G,true,false,true,false,false,52549131,172,100,1,8282,450,06,-64,-8,-51,,4,1,,,,1749,65071,0.0140,0.5206,1709,65031,0.0137,0.5202,false,1,0,1,-80,272,100,1.0775579,false,false,periodic,30,0,10,,4999,,,,"[{""type"":""LTE"",""pci"":272,""earfcn"":100,""tac"":null,""rsrp"":-80,""rsrq"":-17,""rssi"":-55,""snr"":null,""ta"":1,""level"":4,""bands"":""1""}]",1012.3409,72,0.483,0.459,82,1,,,,"[{""b"":""1c:e8:9e:29:c9:ba"",""s"":""[system a\/c]_E30AJT0233547M"",""r"":-47,""f"":2412},{""b"":""1e:39:29:f0:44:db"",""s"":""[LG_CeilingCassette A\/C]44db"",""r"":-52,""f"":2462},{""b"":""58:86:94:d6:9a:54"",""s"":""orderqueen2.4"",""r"":-53,""f"":2422},{""b"":""5a:86:94:c6:9a:54"",""s"":""orderqueen-5"",""r"":-55,""f"":5180},{""b"":""22:f4:5e:05:77:1e"",""s"":"""",""r"":-56,""f"":5805},{""b"":""38:f4:5e:05:77:1e"",""s"":""SK_771C_5G"",""r"":-58,""f"":5805},{""b"":""38:f4:5e:05:77:1f"",""s"":""SK_771C_2.4G"",""r"":-59,""f"":2457},{""b"":""1c:e8:9e:29:c9:3d"",""s"":""[system a\/c]_E30AJT0233538Z"",""r"":-59,""f"":2412},{""b"":""1c:e8:9e:26:62:77"",""s"":""[system a\/c]_E30AJT0233550Z"",""r"":-62,""f"":2412},{""b"":""e8:65:d4:9a:fc:c8"",""s"":""화양포차"",""r"":-63,""f"":2432},{""b"":""d6:8d:26:f7:80:cc"",""s"":""[LG_Wall-Mount A\/C]80cc"",""r"":-64,""f"":2462},{""b"":""12:09:a5:38:56:4f"",""s"":"""",""r"":-65,""f"":2462},{""b"":""50:46:ae:56:aa:8c"",""s"":""KT_GiGA_AA88"",""r"":-65,""f"":2447},{""b"":""54:d1:63:43:98:4f"",""s"":""SK_WiFiGIGA9849"",""r"":-65,""f"":2442},{""b"":""88:bd:09:70:37:2c"",""s"":""DLive_3727"",""r"":-65,""f"":2462}]",""
1791091158403,2026-10-04 14:19:18,unknown,37.5473321,127.0698385,5.744,1.0808266,84.759315,42.39999771118164,fused,0,LTE,NR_NSA,5G,true,false,true,false,false,52549131,172,100,1,8282,450,06,-64,-8,-51,,4,1,,,,1881,65268,0.0150,0.5221,1861,65249,0.0149,0.5220,false,1,0,1,-80,272,100,1.0808266,false,false,periodic,35,0,0,,10014,,,,"[{""type"":""LTE"",""pci"":272,""earfcn"":100,""tac"":null,""rsrp"":-80,""rsrq"":-17,""rssi"":-55,""snr"":null,""ta"":1,""level"":4,""bands"":""1""}]",1012.2973,54,0.534,0.524,82,6,,,,"[{""b"":""1c:e8:9e:29:c9:ba"",""s"":""[system a\/c]_E30AJT0233547M"",""r"":-47,""f"":2412},{""b"":""1e:39:29:f0:44:db"",""s"":""[LG_CeilingCassette A\/C]44db"",""r"":-52,""f"":2462},{""b"":""58:86:94:d6:9a:54"",""s"":""orderqueen2.4"",""r"":-53,""f"":2422},{""b"":""5a:86:94:c6:9a:54"",""s"":""orderqueen-5"",""r"":-55,""f"":5180},{""b"":""22:f4:5e:05:77:1e"",""s"":"""",""r"":-56,""f"":5805},{""b"":""38:f4:5e:05:77:1e"",""s"":""SK_771C_5G"",""r"":-58,""f"":5805},{""b"":""38:f4:5e:05:77:1f"",""s"":""SK_771C_2.4G"",""r"":-59,""f"":2457},{""b"":""1c:e8:9e:29:c9:3d"",""s"":""[system a\/c]_E30AJT0233538Z"",""r"":-59,""f"":2412},{""b"":""1c:e8:9e:26:62:77"",""s"":""[system a\/c]_E30AJT0233550Z"",""r"":-62,""f"":2412},{""b"":""e8:65:d4:9a:fc:c8"",""s"":""화양포차"",""r"":-63,""f"":2432},{""b"":""d6:8d:26:f7:80:cc"",""s"":""[LG_Wall-Mount A\/C]80cc"",""r"":-64,""f"":2462},{""b"":""12:09:a5:38:56:4f"",""s"":"""",""r"":-65,""f"":2462},{""b"":""50:46:ae:56:aa:8c"",""s"":""KT_GiGA_AA88"",""r"":-65,""f"":2447},{""b"":""54:d1:63:43:98:4f"",""s"":""SK_WiFiGIGA9849"",""r"":-65,""f"":2442},{""b"":""88:bd:09:70:37:2c"",""s"":""DLive_3727"",""r"":-65,""f"":2462}]",""
1791091163437,2026-10-04 14:19:23,unknown,37.5473462,127.0699151,6.094,1.1041493,89.709435,42.89999771118164,fused,0,LTE,NR_NSA,5G,true,false,true,false,false,52549131,172,100,1,8282,450,06,-65,-7,-51,,4,1,,,,1260978,67129,10.0878,0.5370,1260958,67109,10.0877,0.5369,false,1,0,1,-79,272,100,1.1041493,false,false,periodic,40,0,-1,,5003,,,,"[{""type"":""LTE"",""pci"":272,""earfcn"":100,""tac"":null,""rsrp"":-79,""rsrq"":-14,""rssi"":-51,""snr"":null,""ta"":1,""level"":4,""bands"":""1""}]",1012.32153,52,0.305,0.459,71,5,,,,"[{""b"":""1e:39:29:f0:44:db"",""s"":""[LG_CeilingCassette A\/C]44db"",""r"":-51,""f"":2462},{""b"":""50:46:ae:c2:c2:69"",""s"":""KT_GiGA_C265"",""r"":-54,""f"":2442},{""b"":""b4:a9:4f:0b:59:14"",""s"":""KT_GiGA_2G_Wave2_5910"",""r"":-54,""f"":2422},{""b"":""b4:a9:4f:a5:f1:55"",""s"":""KT_GiGA_F151"",""r"":-59,""f"":2432},{""b"":""0c:96:cd:45:5b:63"",""s"":""KT_GiGA_5B5F"",""r"":-59,""f"":2432},{""b"":""22:f4:5e:05:77:1e"",""s"":"""",""r"":-60,""f"":5805},{""b"":""1c:ec:72:19:1a:67"",""s"":""KT_GiGA_1A64"",""r"":-60,""f"":2462},{""b"":""1c:e8:9e:29:c9:ba"",""s"":""[system a\/c]_E30AJT0233547M"",""r"":-61,""f"":2412},{""b"":""38:f4:5e:05:77:1e"",""s"":""SK_771C_5G"",""r"":-61,""f"":5805},{""b"":""58:86:94:d6:9a:54"",""s"":""orderqueen2.4"",""r"":-61,""f"":2422},{""b"":""80:ca:4b:66:52:76"",""s"":""U+Net5274"",""r"":-62,""f"":2442},{""b"":""bc:62:ce:f7:f1:e8"",""s"":""DLive_F1E3"",""r"":-62,""f"":2462},{""b"":""50:46:ae:56:aa:8c"",""s"":""KT_GiGA_AA88"",""r"":-62,""f"":2447},{""b"":""58:86:94:36:c1:d8"",""s"":""hanwool"",""r"":-62,""f"":2432},{""b"":""b4:a9:4f:9c:d9:70"",""s"":""KT_GiGA_D96D"",""r"":-63,""f"":2447}]",""
1791091168470,2026-10-04 14:19:28,unknown,37.5473697,127.0700192,6.761,1.0668403,65.68498,43.099998474121094,fused,1,LTE,NR_NSA,5G,true,false,true,false,false,52549131,172,100,1,8282,450,06,-65,-7,-51,,4,1,,,,1844,65078,0.0148,0.5206,1824,65059,0.0146,0.5205,false,1,0,1,-79,272,100,1.0668403,false,false,periodic,45,0,0,,10035,,,,"[{""type"":""LTE"",""pci"":272,""earfcn"":100,""tac"":null,""rsrp"":-79,""rsrq"":-14,""rssi"":-51,""snr"":null,""ta"":1,""level"":4,""bands"":""1""}]",1012.2941,72,0.524,0.459,77,4,,,,"[{""b"":""50:46:ae:56:aa:8c"",""s"":""KT_GiGA_AA88"",""r"":-52,""f"":2447},{""b"":""0c:96:cd:45:5b:63"",""s"":""KT_GiGA_5B5F"",""r"":-57,""f"":2432},{""b"":""58:86:94:c9:87:e6"",""s"":""iptime"",""r"":-58,""f"":2442},{""b"":""b4:a9:4f:3c:41:2f"",""s"":""SK_WiFiGIGA412C"",""r"":-59,""f"":2422},{""b"":""50:46:ae:c2:c2:69"",""s"":""KT_GiGA_C265"",""r"":-59,""f"":2442},{""b"":""1c:e8:9e:04:09:ea"",""s"":""Samsung StickVacuum_E50AJTVS153N"",""r"":-59,""f"":2412},{""b"":""b4:a9:4f:a5:f1:55"",""s"":""KT_GiGA_F151"",""r"":-60,""f"":2432},{""b"":""50:46:ae:56:aa:8b"",""s"":""KT_GiGA_5G_AA88"",""r"":-60,""f"":5745},{""b"":""ba:a9:4f:3c:41:2f"",""s"":"""",""r"":-61,""f"":2422},{""b"":""b0:38:6c:35:d6:12"",""s"":""arumvill1"",""r"":-62,""f"":2412},{""b"":""38:f4:5e:05:77:1f"",""s"":""SK_771C_2.4G"",""r"":-62,""f"":2457},{""b"":""ca:dd:6a:19:fa:3b"",""s"":""[LG_CeilingCassette A\/C]fa3b"",""r"":-62,""f"":2462},{""b"":""b4:a9:4f:96:74:be"",""s"":""KT_GiGA_74BA"",""r"":-62,""f"":2422},{""b"":""80:ca:4b:7f:43:0a"",""s"":""U+Net4308"",""r"":-63,""f"":2417},{""b"":""80:ca:4b:66:52:76"",""s"":""U+Net5274"",""r"":-64,""f"":2442}]",""
1791091173501,2026-10-04 14:19:33,unknown,37.5474016,127.0701476,6.295,1.1483831,96.556625,43.0,fused,0,LTE,NR_NSA,5G,true,false,true,false,false,52549131,172,100,1,8282,450,06,-68,-7,-51,,4,1,,,,2127,65246,0.0170,0.5220,2087,65206,0.0167,0.5216,false,1,0,1,-88,272,100,1.1483831,false,false,periodic,50,0,-3,,5002,,,,"[{""type"":""LTE"",""pci"":272,""earfcn"":100,""tac"":null,""rsrp"":-88,""rsrq"":-20,""rssi"":-55,""snr"":null,""ta"":1,""level"":3,""bands"":""1""}]",1012.2854,57,0.459,0.459,72,3,,,,"[{""b"":""b4:a9:4f:a5:f1:55"",""s"":""KT_GiGA_F151"",""r"":-54,""f"":2432},{""b"":""50:46:ae:56:aa:8c"",""s"":""KT_GiGA_AA88"",""r"":-54,""f"":2447},{""b"":""80:ca:4b:7e:d3:ea"",""s"":""adogen3g"",""r"":-57,""f"":2442},{""b"":""12:23:aa:d6:c4:fa"",""s"":"""",""r"":-57,""f"":2417},{""b"":""ca:dd:6a:19:fa:3b"",""s"":""[LG_CeilingCassette A\/C]fa3b"",""r"":-57,""f"":2462},{""b"":""58:86:94:36:c1:d8"",""s"":""hanwool"",""r"":-58,""f"":2432},{""b"":""0c:96:cd:45:5b:63"",""s"":""KT_GiGA_5B5F"",""r"":-60,""f"":2432},{""b"":""fc:23:cd:32:53:f9"",""s"":""HISTYLE-53f9"",""r"":-60,""f"":2422},{""b"":""58:86:94:d6:9a:54"",""s"":""orderqueen2.4"",""r"":-60,""f"":2422},{""b"":""b4:a9:4f:0b:59:14"",""s"":""KT_GiGA_2G_Wave2_5910"",""r"":-60,""f"":2422},{""b"":""1c:ec:72:19:1a:68"",""s"":""KT_GiGA_5G_1A64"",""r"":-61,""f"":5200},{""b"":""0c:96:cd:26:be:6f"",""s"":""KT_GiGA_BE6B"",""r"":-61,""f"":2422},{""b"":""90:9f:33:c1:be:30"",""s"":""iptime"",""r"":-65,""f"":2472},{""b"":""80:ca:4b:a0:87:b6"",""s"":""U+Net87B4"",""r"":-65,""f"":2462},{""b"":""5a:86:94:46:c1:d8"",""s"":""hanwool"",""r"":-65,""f"":5765}]",""
1791091178530,2026-10-04 14:19:38,unknown,37.5474169,127.070248,5.979,1.1600869,71.49989,43.099998474121094,fused,1,LTE,NR_NSA,5G,true,false,true,false,false,52549131,172,100,1,8282,450,06,-68,-7,-51,,4,1,,,,1745,65062,0.0140,0.5205,1725,65042,0.0138,0.5203,false,1,0,1,-88,272,100,1.1600869,false,false,periodic,55,0,0,,10030,,,,"[{""type"":""LTE"",""pci"":272,""earfcn"":100,""tac"":null,""rsrp"":-88,""rsrq"":-20,""rssi"":-55,""snr"":null,""ta"":1,""level"":3,""bands"":""1""}]",1012.17535,59,0.449,0.524,84,4,,,,"[{""b"":""90:de:80:28:c4:50"",""s"":""GNET_BB_MVR_G1_PRO_28C450"",""r"":-47,""f"":2457},{""b"":""50:46:ae:c2:c2:69"",""s"":""KT_GiGA_C265"",""r"":-56,""f"":2442},{""b"":""0c:96:cd:45:5b:63"",""s"":""KT_GiGA_5B5F"",""r"":-56,""f"":2432},{""b"":""1c:ec:72:19:1a:67"",""s"":""KT_GiGA_1A64"",""r"":-56,""f"":2462},{""b"":""ca:dd:6a:19:fa:3b"",""s"":""[LG_CeilingCassette A\/C]fa3b"",""r"":-58,""f"":2462},{""b"":""50:46:ae:56:aa:8c"",""s"":""KT_GiGA_AA88"",""r"":-58,""f"":2447},{""b"":""58:86:94:36:c1:d8"",""s"":""hanwool"",""r"":-58,""f"":2432},{""b"":""b4:a9:4f:a5:f1:55"",""s"":""KT_GiGA_F151"",""r"":-60,""f"":2432},{""b"":""1c:ec:72:19:1a:68"",""s"":""KT_GiGA_5G_1A64"",""r"":-60,""f"":5200},{""b"":""80:ca:4b:a0:87:b6"",""s"":""U+Net87B4"",""r"":-61,""f"":2462},{""b"":""28:4e:e9:85:0f:e7"",""s"":""KT_GiGA_0FE3"",""r"":-61,""f"":2417},{""b"":""b4:a9:4f:0b:59:14"",""s"":""KT_GiGA_2G_Wave2_5910"",""r"":-65,""f"":2422},{""b"":""5a:86:94:46:c1:d8"",""s"":""hanwool"",""r"":-66,""f"":5765},{""b"":""5a:86:94:56:c1:d8"",""s"":"""",""r"":-67,""f"":5765},{""b"":""88:36:6c:06:62:34"",""s"":""Sungwoo e&c"",""r"":-68,""f"":2427}]",""
1791091183561,2026-10-04 14:19:43,unknown,37.547453,127.0703923,5.978,1.1908168,80.586075,43.0,fused,0,LTE,NR_NSA,5G,true,false,true,false,false,52549131,172,100,1,8282,450,06,-70,-7,-51,,4,1,,,,2148,65417,0.0172,0.5233,2128,65397,0.0170,0.5232,false,2,0,2,-82,399,100,1.1908168,false,false,periodic,60,0,-2,,5004,,,,"[{""type"":""LTE"",""pci"":399,""earfcn"":100,""tac"":null,""rsrp"":-82,""rsrq"":-19,""rssi"":-51,""snr"":null,""ta"":1,""level"":4,""bands"":""1""},{""type"":""LTE"",""pci"":272,""earfcn"":100,""tac"":null,""rsrp"":-82,""rsrq"":-17,""rssi"":-51,""snr"":null,""ta"":1,""level"":4,""bands"":""1""}]",1012.2631,60,0.468,0.524,100,1,,,,"[{""b"":""5a:86:94:46:c1:d8"",""s"":""hanwool"",""r"":-54,""f"":5765},{""b"":""58:86:94:36:c1:d8"",""s"":""hanwool"",""r"":-54,""f"":2432},{""b"":""b4:a9:4f:9c:d9:70"",""s"":""KT_GiGA_D96D"",""r"":-55,""f"":2447},{""b"":""8a:ca:4b:7e:d3:eb"",""s"":"""",""r"":-55,""f"":5785},{""b"":""80:ca:4b:7e:d3:eb"",""s"":""adogen5g"",""r"":-55,""f"":5785},{""b"":""b4:a9:4f:73:22:72"",""s"":""SK_WiFiGIGA226F"",""r"":-56,""f"":2422},{""b"":""ba:a9:4f:73:22:72"",""s"":"""",""r"":-57,""f"":2422},{""b"":""80:ca:4b:66:52:76"",""s"":""U+Net5274"",""r"":-58,""f"":2442},{""b"":""c6:a9:4f:73:22:72"",""s"":""SK_WiFiGIGA226F_2.4G"",""r"":-59,""f"":2422},{""b"":""b4:a9:4f:a5:f1:55"",""s"":""KT_GiGA_F151"",""r"":-60,""f"":2432},{""b"":""28:4e:e9:57:60:8c"",""s"":""U+Net608D"",""r"":-60,""f"":2412},{""b"":""50:46:ae:c2:c2:69"",""s"":""KT_GiGA_C265"",""r"":-60,""f"":2442},{""b"":""70:5d:cc:c3:f2:fe"",""s"":""서울포차"",""r"":-60,""f"":2452},{""b"":""90:9f:33:c1:be:30"",""s"":""iptime"",""r"":-61,""f"":2472},{""b"":""0c:96:cd:26:be:6f"",""s"":""KT_GiGA_BE6B"",""r"":-61,""f"":2422}]",""
1791091188598,2026-10-04 14:19:48,unknown,37.5474509,127.0704745,5.57,1.1221462,84.666176,43.0,fused,0,LTE,NR_NSA,5G,true,false,true,false,false,52549131,172,100,1,8282,450,06,-70,-7,-51,,4,1,,,,2256,63339,0.0180,0.5067,2236,63319,0.0179,0.5066,false,2,0,2,-82,399,100,1.1221462,false,false,periodic,65,0,0,,10040,,,,"[{""type"":""LTE"",""pci"":399,""earfcn"":100,""tac"":null,""rsrp"":-82,""rsrq"":-19,""rssi"":-51,""snr"":null,""ta"":1,""level"":4,""bands"":""1""},{""type"":""LTE"",""pci"":272,""earfcn"":100,""tac"":null,""rsrp"":-82,""rsrq"":-17,""rssi"":-51,""snr"":null,""ta"":1,""level"":4,""bands"":""1""}]",1012.28754,57,0.459,0.459,100,6,,,,"[{""b"":""5a:86:94:46:c1:d8"",""s"":""hanwool"",""r"":-54,""f"":5765},{""b"":""58:86:94:36:c1:d8"",""s"":""hanwool"",""r"":-54,""f"":2432},{""b"":""b4:a9:4f:9c:d9:70"",""s"":""KT_GiGA_D96D"",""r"":-55,""f"":2447},{""b"":""8a:ca:4b:7e:d3:eb"",""s"":"""",""r"":-55,""f"":5785},{""b"":""80:ca:4b:7e:d3:eb"",""s"":""adogen5g"",""r"":-55,""f"":5785},{""b"":""b4:a9:4f:73:22:72"",""s"":""SK_WiFiGIGA226F"",""r"":-56,""f"":2422},{""b"":""ba:a9:4f:73:22:72"",""s"":"""",""r"":-57,""f"":2422},{""b"":""80:ca:4b:66:52:76"",""s"":""U+Net5274"",""r"":-58,""f"":2442},{""b"":""c6:a9:4f:73:22:72"",""s"":""SK_WiFiGIGA226F_2.4G"",""r"":-59,""f"":2422},{""b"":""b4:a9:4f:a5:f1:55"",""s"":""KT_GiGA_F151"",""r"":-60,""f"":2432},{""b"":""28:4e:e9:57:60:8c"",""s"":""U+Net608D"",""r"":-60,""f"":2412},{""b"":""50:46:ae:c2:c2:69"",""s"":""KT_GiGA_C265"",""r"":-60,""f"":2442},{""b"":""70:5d:cc:c3:f2:fe"",""s"":""서울포차"",""r"":-60,""f"":2452},{""b"":""90:9f:33:c1:be:30"",""s"":""iptime"",""r"":-61,""f"":2472},{""b"":""0c:96:cd:26:be:6f"",""s"":""KT_GiGA_BE6B"",""r"":-61,""f"":2422}]",""
1791091193629,2026-10-04 14:19:53,unknown,37.5474394,127.0705727,4.607,1.1214155,102.810616,43.099998474121094,fused,0,LTE,NR_NSA,5G,true,false,true,false,false,52549131,172,100,1,8282,450,06,-63,-7,-51,,4,0,,,,1959,65090,0.0157,0.5207,1939,65070,0.0155,0.5206,false,1,0,1,-79,101,100,1.1214155,false,false,periodic,70,0,7,,5002,,,,"[{""type"":""LTE"",""pci"":101,""earfcn"":100,""tac"":null,""rsrp"":-79,""rsrq"":-20,""rssi"":-51,""snr"":null,""ta"":0,""level"":4,""bands"":""1""}]",1012.3426,75,0.524,0.459,103,5,,,,"[{""b"":""58:86:94:36:c1:d8"",""s"":""hanwool"",""r"":-43,""f"":2432},{""b"":""5a:86:94:46:c1:d8"",""s"":""hanwool"",""r"":-45,""f"":5765},{""b"":""80:ca:4b:66:52:76"",""s"":""U+Net5274"",""r"":-49,""f"":2442},{""b"":""90:de:80:d0:e6:d2"",""s"":""GNET_BB_MVR-S1_D0E6D2"",""r"":-52,""f"":2457},{""b"":""80:ca:4b:7e:d3:eb"",""s"":""adogen5g"",""r"":-52,""f"":5785},{""b"":""60:29:d5:d2:3f:82"",""s"":""KT_GiGA_3F7E"",""r"":-53,""f"":2432},{""b"":""70:5d:cc:c3:f2:fe"",""s"":""서울포차"",""r"":-54,""f"":2452},{""b"":""b4:a9:4f:bf:45:9d"",""s"":""SK_WiFiGIGA459A"",""r"":-57,""f"":2412},{""b"":""28:4e:e9:57:60:8c"",""s"":""U+Net608D"",""r"":-57,""f"":2412},{""b"":""c6:a9:4f:bf:45:9d"",""s"":""SK_WiFiGIGA459A_2.4G"",""r"":-58,""f"":2412},{""b"":""b4:a9:4f:3c:41:2e"",""s"":""SK_WiFiGIGA412C"",""r"":-60,""f"":5745},{""b"":""c6:a9:4f:3c:41:2e"",""s"":""SK_WiFiGIGA412C_5G"",""r"":-60,""f"":5745},{""b"":""ca:dd:6a:19:fa:3b"",""s"":""[LG_CeilingCassette A\/C]fa3b"",""r"":-60,""f"":2462},{""b"":""c6:a9:4f:77:66:2e"",""s"":""SK_WiFiGIGA662B_2.4G"",""r"":-60,""f"":2452},{""b"":""b4:a9:4f:73:22:72"",""s"":""SK_WiFiGIGA226F"",""r"":-60,""f"":2422}]",""
1791091198664,2026-10-04 14:19:58,unknown,37.5474342,127.0706414,5.043,1.1179513,95.93851,43.20000076293945,fused,0,LTE,NR_NSA,5G,true,false,true,false,false,52549131,172,100,1,8282,450,06,-63,-7,-51,,4,0,,,,2078,65072,0.0166,0.5206,2038,65033,0.0163,0.5203,false,1,0,1,-79,101,100,1.1179513,false,false,periodic,75,0,0,,10037,,,,"[{""type"":""LTE"",""pci"":101,""earfcn"":100,""tac"":null,""rsrp"":-79,""rsrq"":-20,""rssi"":-51,""snr"":null,""ta"":0,""level"":4,""bands"":""1""}]",1012.3317,75,0.483,0.459,102,4,,,,"[{""b"":""80:ca:4b:7e:d3:ea"",""s"":""adogen3g"",""r"":-44,""f"":2442},{""b"":""80:ca:4b:66:52:76"",""s"":""U+Net5274"",""r"":-49,""f"":2442},{""b"":""60:29:d5:d2:3f:82"",""s"":""KT_GiGA_3F7E"",""r"":-53,""f"":2432},{""b"":""d8:07:b6:37:d6:6f"",""s"":""U+NetD044_EXT"",""r"":-55,""f"":2417},{""b"":""58:86:94:36:c1:d8"",""s"":""hanwool"",""r"":-56,""f"":2432},{""b"":""80:ca:4b:66:52:77"",""s"":""U+Net5274_5G"",""r"":-57,""f"":5765},{""b"":""28:4e:e9:57:60:8c"",""s"":""U+Net608D"",""r"":-58,""f"":2412},{""b"":""b4:a9:4f:29:46:69"",""s"":""SK_WiFiGIGA4666"",""r"":-58,""f"":2432},{""b"":""b4:a9:4f:75:24:02"",""s"":""SK_WiFiGIGA23FF"",""r"":-59,""f"":2462},{""b"":""c6:a9:4f:66:c2:fe"",""s"":""SK_WiFiGIGAC2FB_2.4G"",""r"":-60,""f"":2462},{""b"":""70:5d:cc:c3:f2:fe"",""s"":""서울포차"",""r"":-60,""f"":2452},{""b"":""b4:a9:4f:73:2f:0e"",""s"":""SK_WiFiGIGA2F0B"",""r"":-61,""f"":2457},{""b"":""b4:a9:4f:77:97:fa"",""s"":""SK_WiFiGIGA97F7"",""r"":-62,""f"":2427},{""b"":""b4:a9:4f:b5:23:11"",""s"":""SK_WiFiGIGA230E"",""r"":-62,""f"":2412},{""b"":""80:ca:4b:7e:d3:eb"",""s"":""adogen5g"",""r"":-63,""f"":5785}]",""
1791091203699,2026-10-04 14:20:03,unknown,37.5474372,127.0707333,5.451,1.1121464,77.5125,43.20000076293945,fused,0,LTE,NR_NSA,5G,true,false,true,false,false,52549131,172,100,1,8282,450,06,-59,-8,-51,,4,1,,,,3547,66305,0.0284,0.5304,3527,66285,0.0282,0.5303,false,1,0,1,-77,101,100,1.1121464,false,false,periodic,80,0,4,,5002,,,,"[{""type"":""LTE"",""pci"":101,""earfcn"":100,""tac"":null,""rsrp"":-77,""rsrq"":-20,""rssi"":-51,""snr"":null,""ta"":1,""level"":4,""bands"":""1""}]",1012.2068,54,0.459,0.459,112,3,,,,"[{""b"":""60:29:d5:d2:3f:82"",""s"":""KT_GiGA_3F7E"",""r"":-48,""f"":2432},{""b"":""d8:07:b6:37:d6:6f"",""s"":""U+NetD044_EXT"",""r"":-51,""f"":2417},{""b"":""80:ca:4b:66:52:76"",""s"":""U+Net5274"",""r"":-52,""f"":2442},{""b"":""58:86:94:36:c1:d8"",""s"":""hanwool"",""r"":-54,""f"":2432},{""b"":""b4:a9:4f:66:c2:fe"",""s"":""SK_WiFiGIGAC2FB"",""r"":-56,""f"":2462},{""b"":""80:ca:4b:7e:d3:eb"",""s"":""adogen5g"",""r"":-57,""f"":5785},{""b"":""60:29:d5:d2:3f:81"",""s"":""KT_GiGA_5G_3F7E"",""r"":-57,""f"":5240},{""b"":""ba:a9:4f:a0:30:ad"",""s"":"""",""r"":-58,""f"":2442},{""b"":""c6:a9:4f:57:65:e8"",""s"":""SK_WiFiGIGA65E5_2.4G"",""r"":-59,""f"":2447},{""b"":""c6:a9:4f:61:a7:69"",""s"":""SK_WiFiGIGAA767_5G"",""r"":-59,""f"":5785},{""b"":""80:ca:4b:7e:d3:ea"",""s"":""adogen3g"",""r"":-59,""f"":2442},{""b"":""b4:a9:4f:61:a7:69"",""s"":""SK_WiFiGIGAA767"",""r"":-59,""f"":5785},{""b"":""b4:a9:4f:bf:45:9d"",""s"":""SK_WiFiGIGA459A"",""r"":-60,""f"":2412},{""b"":""b4:a9:4f:29:46:69"",""s"":""SK_WiFiGIGA4666"",""r"":-60,""f"":2432},{""b"":""be:a9:4f:61:a7:69"",""s"":"""",""r"":-60,""f"":5785}]",""
1791091208730,2026-10-04 14:20:08,unknown,37.5474426,127.070791,5.252,1.2204676,99.44243,43.20000076293945,fused,0,LTE,NR_NSA,5G,true,false,true,false,false,52549131,172,100,1,8282,450,06,-59,-8,-51,,4,1,,,,1974,65090,0.0158,0.5207,1954,65070,0.0156,0.5206,false,1,0,1,-77,101,100,1.2204676,false,false,periodic,85,0,0,,10033,,,,"[{""type"":""LTE"",""pci"":101,""earfcn"":100,""tac"":null,""rsrp"":-77,""rsrq"":-20,""rssi"":-51,""snr"":null,""ta"":1,""level"":4,""bands"":""1""}]",1012.29645,56,0.459,0.459,95,5,,,,"[{""b"":""60:29:d5:d2:3f:82"",""s"":""KT_GiGA_3F7E"",""r"":-44,""f"":2432},{""b"":""60:29:d5:d2:3f:81"",""s"":""KT_GiGA_5G_3F7E"",""r"":-44,""f"":5240},{""b"":""58:86:94:36:c1:d8"",""s"":""hanwool"",""r"":-49,""f"":2432},{""b"":""d8:07:b6:37:d6:6f"",""s"":""U+NetD044_EXT"",""r"":-54,""f"":2417},{""b"":""80:ca:4b:66:52:76"",""s"":""U+Net5274"",""r"":-56,""f"":2442},{""b"":""5a:86:94:46:c1:d8"",""s"":""hanwool"",""r"":-58,""f"":5765},{""b"":""80:ca:4b:7e:d3:ea"",""s"":""adogen3g"",""r"":-59,""f"":2442},{""b"":""c6:a9:4f:66:c2:fe"",""s"":""SK_WiFiGIGAC2FB_2.4G"",""r"":-59,""f"":2462},{""b"":""80:ca:4b:7e:d3:eb"",""s"":""adogen5g"",""r"":-60,""f"":5785},{""b"":""b4:a9:4f:66:c2:fe"",""s"":""SK_WiFiGIGAC2FB"",""r"":-60,""f"":2462},{""b"":""b4:a9:4f:57:65:e8"",""s"":""SK_WiFiGIGA65E5"",""r"":-60,""f"":2447},{""b"":""c6:a9:4f:57:65:e8"",""s"":""SK_WiFiGIGA65E5_2.4G"",""r"":-60,""f"":2447},{""b"":""5a:86:94:56:c1:d8"",""s"":"""",""r"":-60,""f"":5765},{""b"":""28:4e:e9:57:60:8c"",""s"":""U+Net608D"",""r"":-61,""f"":2412},{""b"":""c6:a9:4f:77:97:fa"",""s"":""SK_WiFiGIGA97F7_2.4G"",""r"":-62,""f"":2427}]",""
1791091213756,2026-10-04 14:20:13,unknown,37.5474361,127.0708783,5.583,1.1948353,97.319984,43.39999771118164,fused,0,LTE,NR_NSA,5G,true,false,true,false,false,52549131,172,100,1,8282,450,06,-58,-8,-51,,4,0,,,,2119,65155,0.0170,0.5212,2099,65135,0.0168,0.5211,false,1,0,1,-79,101,100,1.1948353,false,false,periodic,90,0,1,,5003,,,,"[{""type"":""LTE"",""pci"":101,""earfcn"":100,""tac"":null,""rsrp"":-79,""rsrq"":-17,""rssi"":-51,""snr"":null,""ta"":0,""level"":4,""bands"":""1""}]",1012.1246,56,0.524,0.524,87,2,,,,"[{""b"":""b4:a9:4f:57:65:e8"",""s"":""SK_WiFiGIGA65E5"",""r"":-54,""f"":2447},{""b"":""b4:a9:4f:9e:93:01"",""s"":""SK_WiFiGIGA92FE"",""r"":-54,""f"":2442},{""b"":""7e:4d:8f:cb:db:8b"",""s"":""DIRECT-8B-HP OfficeJet Pro 9010"",""r"":-54,""f"":2437},{""b"":""c6:a9:4f:57:65:e8"",""s"":""SK_WiFiGIGA65E5_2.4G"",""r"":-55,""f"":2447},{""b"":""80:ca:4b:7e:d3:ea"",""s"":""adogen3g"",""r"":-57,""f"":2442},{""b"":""b4:a9:4f:c4:24:0d"",""s"":""SK_WiFiGIGA240A"",""r"":-58,""f"":2417},{""b"":""b4:a9:4f:57:65:e7"",""s"":""SK_WiFiGIGA65E5"",""r"":-60,""f"":5785},{""b"":""c6:a9:4f:57:65:e7"",""s"":""SK_WiFiGIGA65E5_5G"",""r"":-60,""f"":5785},{""b"":""c6:a9:4f:c4:24:0d"",""s"":""SK_WiFiGIGA240A_2.4G"",""r"":-61,""f"":2417},{""b"":""f0:09:0d:f0:37:98"",""s"":""TP-Link_3798"",""r"":-62,""f"":2457},{""b"":""c6:a9:4f:b4:ee:81"",""s"":""SK_WiFiGIGAEE7E_2.4G"",""r"":-62,""f"":2422},{""b"":""58:86:94:11:be:42"",""s"":""WINSECURE"",""r"":-62,""f"":2427},{""b"":""80:ca:4b:66:52:76"",""s"":""U+Net5274"",""r"":-63,""f"":2442},{""b"":""b4:a9:4f:b4:ee:81"",""s"":""SK_WiFiGIGAEE7E"",""r"":-63,""f"":2422},{""b"":""c6:a9:4f:66:c2:fe"",""s"":""SK_WiFiGIGAC2FB_2.4G"",""r"":-64,""f"":2462}]",""
1791091218787,2026-10-04 14:20:18,unknown,37.5474243,127.0709279,5.314,1.1078384,105.42287,43.39999771118164,fused,0,LTE,NR_NSA,5G,true,false,true,false,false,52549131,172,100,1,8282,450,06,-58,-8,-51,,4,0,,,,2168,65110,0.0173,0.5209,2128,65070,0.0170,0.5206,false,1,0,1,-79,101,100,1.1078384,false,false,periodic,95,0,0,,10033,,,,"[{""type"":""LTE"",""pci"":101,""earfcn"":100,""tac"":null,""rsrp"":-79,""rsrq"":-17,""rssi"":-51,""snr"":null,""ta"":0,""level"":4,""bands"":""1""}]",1012.14813,53,0.524,0.524,80,2,,,,"[{""b"":""ba:a9:4f:57:65:e8"",""s"":"""",""r"":-57,""f"":2447},{""b"":""b4:a9:4f:9e:93:01"",""s"":""SK_WiFiGIGA92FE"",""r"":-62,""f"":2442},{""b"":""58:86:94:36:c1:d8"",""s"":""hanwool"",""r"":-62,""f"":2432},{""b"":""b4:a9:4f:76:43:96"",""s"":""SK_WiFiGIGA4393"",""r"":-63,""f"":2427},{""b"":""1e:39:29:68:4a:f8"",""s"":""[LG_CeilingCassette A\/C]4af8"",""r"":-63,""f"":2462},{""b"":""58:86:94:73:ab:f8"",""s"":""hihi"",""r"":-64,""f"":2417},{""b"":""b4:a9:4f:b4:ee:81"",""s"":""SK_WiFiGIGAEE7E"",""r"":-64,""f"":2422},{""b"":""c6:a9:4f:b4:ee:81"",""s"":""SK_WiFiGIGAEE7E_2.4G"",""r"":-65,""f"":2422},{""b"":""b4:a9:4f:57:65:e7"",""s"":""SK_WiFiGIGA65E5"",""r"":-66,""f"":5785},{""b"":""dc:8e:8d:bf:ef:c5"",""s"":""DLive_EFC0"",""r"":-66,""f"":2447},{""b"":""28:4e:e9:b7:e4:42"",""s"":""KT_GiGA_E43E"",""r"":-66,""f"":2422},{""b"":""10:e6:6b:18:24:4c"",""s"":""KT_WiFi_2447"",""r"":-68,""f"":2412},{""b"":""00:1d:ec:03:15:d3"",""s"":""KT_IPTV_WiFi_5G_15D3"",""r"":-69,""f"":5805},{""b"":""80:ca:4b:7e:d3:eb"",""s"":""adogen5g"",""r"":-70,""f"":5785},{""b"":""58:86:94:9b:08:96"",""s"":""iptime4627"",""r"":-70,""f"":2452}]",""
1791091223821,2026-10-04 14:20:23,unknown,37.5474196,127.0709783,5.401,1.0742958,89.74461,43.0,fused,1,LTE,NR_NSA,5G,true,false,true,false,false,52549131,172,100,1,8282,450,06,-61,-8,-51,,4,1,,,,2204,63431,0.0176,0.5074,2184,63411,0.0175,0.5073,false,1,0,1,-81,101,100,1.0742958,false,false,periodic,100,0,-3,,5002,,,,"[{""type"":""LTE"",""pci"":101,""earfcn"":100,""tac"":null,""rsrp"":-81,""rsrq"":-20,""rssi"":-51,""snr"":null,""ta"":1,""level"":4,""bands"":""1""}]",1012.04144,61,0.459,0.459,80,7,,,,"[{""b"":""ba:a9:4f:57:65:e8"",""s"":"""",""r"":-57,""f"":2447},{""b"":""b4:a9:4f:9e:93:01"",""s"":""SK_WiFiGIGA92FE"",""r"":-62,""f"":2442},{""b"":""58:86:94:36:c1:d8"",""s"":""hanwool"",""r"":-62,""f"":2432},{""b"":""b4:a9:4f:76:43:96"",""s"":""SK_WiFiGIGA4393"",""r"":-63,""f"":2427},{""b"":""1e:39:29:68:4a:f8"",""s"":""[LG_CeilingCassette A\/C]4af8"",""r"":-63,""f"":2462},{""b"":""58:86:94:73:ab:f8"",""s"":""hihi"",""r"":-64,""f"":2417},{""b"":""b4:a9:4f:b4:ee:81"",""s"":""SK_WiFiGIGAEE7E"",""r"":-64,""f"":2422},{""b"":""c6:a9:4f:b4:ee:81"",""s"":""SK_WiFiGIGAEE7E_2.4G"",""r"":-65,""f"":2422},{""b"":""b4:a9:4f:57:65:e7"",""s"":""SK_WiFiGIGA65E5"",""r"":-66,""f"":5785},{""b"":""dc:8e:8d:bf:ef:c5"",""s"":""DLive_EFC0"",""r"":-66,""f"":2447},{""b"":""28:4e:e9:b7:e4:42"",""s"":""KT_GiGA_E43E"",""r"":-66,""f"":2422},{""b"":""10:e6:6b:18:24:4c"",""s"":""KT_WiFi_2447"",""r"":-68,""f"":2412},{""b"":""00:1d:ec:03:15:d3"",""s"":""KT_IPTV_WiFi_5G_15D3"",""r"":-69,""f"":5805},{""b"":""80:ca:4b:7e:d3:eb"",""s"":""adogen5g"",""r"":-70,""f"":5785},{""b"":""58:86:94:9b:08:96"",""s"":""iptime4627"",""r"":-70,""f"":2452}]",""
1791091228848,2026-10-04 14:20:28,unknown,37.547425,127.0710477,5.812,1.0397477,86.91524,43.599998474121094,fused,0,LTE,NR_NSA,5G,true,false,true,false,false,52549131,172,100,1,8282,450,06,-61,-8,-51,,4,1,,,,2164,65224,0.0173,0.5218,2144,65204,0.0172,0.5216,false,1,0,1,-81,101,100,1.0397477,false,false,periodic,105,0,0,,10031,,,,"[{""type"":""LTE"",""pci"":101,""earfcn"":100,""tac"":null,""rsrp"":-81,""rsrq"":-20,""rssi"":-51,""snr"":null,""ta"":1,""level"":4,""bands"":""1""}]",1012.06396,54,0.459,0.459,72,5,,,,"[{""b"":""f0:09:0d:f0:37:98"",""s"":""TP-Link_3798"",""r"":-59,""f"":2457},{""b"":""dc:8e:8d:43:b6:1e"",""s"":""DLive_B619"",""r"":-59,""f"":2462},{""b"":""1e:39:29:68:4a:f8"",""s"":""[LG_CeilingCassette A\/C]4af8"",""r"":-60,""f"":2462},{""b"":""c6:a9:4f:57:65:e7"",""s"":""SK_WiFiGIGA65E5_5G"",""r"":-61,""f"":5785},{""b"":""b4:a9:4f:a0:30:ad"",""s"":""SK_WiFiGIGA30AA"",""r"":-62,""f"":2442},{""b"":""c6:a9:4f:a0:30:ad"",""s"":""SK_WiFiGIGA30AA_2.4G"",""r"":-62,""f"":2442},{""b"":""b4:a9:4f:57:65:e7"",""s"":""SK_WiFiGIGA65E5"",""r"":-62,""f"":5785},{""b"":""28:87:ba:fb:b4:8e"",""s"":""Dream_301"",""r"":-63,""f"":2457},{""b"":""1e:39:29:5f:b8:f4"",""s"":""[LG_CeilingCassette A\/C]b8f4"",""r"":-63,""f"":2462},{""b"":""b4:a9:4f:c4:24:0d"",""s"":""SK_WiFiGIGA240A"",""r"":-63,""f"":2417},{""b"":""58:86:94:11:be:42"",""s"":""WINSECURE"",""r"":-63,""f"":2427},{""b"":""60:29:d5:d2:3f:82"",""s"":""KT_GiGA_3F7E"",""r"":-64,""f"":2432},{""b"":""28:4e:e9:4a:f8:62"",""s"":""U+NetF863"",""r"":-64,""f"":2412},{""b"":""28:6d:97:df:e6:cb"",""s"":""[floor a\/c] Samsung"",""r"":-66,""f"":2412},{""b"":""b4:a9:4f:b5:23:11"",""s"":""SK_WiFiGIGA230E"",""r"":-69,""f"":2412}]",""
1791091233876,2026-10-04 14:20:33,unknown,37.5474088,127.071139,5.705,1.1067426,97.094574,43.89999771118164,fused,0,LTE,NR_NSA,5G,true,false,true,false,false,52549131,172,100,1,8282,450,06,-66,-8,-51,,4,0,,,,2032,65114,0.0163,0.5209,2012,65095,0.0161,0.5208,false,1,0,1,-76,101,100,1.1067426,false,false,periodic,110,0,-5,,5009,,,,"[{""type"":""LTE"",""pci"":101,""earfcn"":100,""tac"":null,""rsrp"":-76,""rsrq"":-17,""rssi"":-51,""snr"":null,""ta"":0,""level"":4,""bands"":""1""}]",1012.0827,69,0.459,0.459,89,3,,,,"[{""b"":""ba:a9:4f:c4:24:0d"",""s"":"""",""r"":-61,""f"":2417},{""b"":""58:86:94:11:be:42"",""s"":""WINSECURE"",""r"":-61,""f"":2427},{""b"":""bc:62:ce:f7:f1:e8"",""s"":""DLive_F1E3"",""r"":-63,""f"":2462},{""b"":""88:3c:1c:ac:e7:92"",""s"":""폼프리츠"",""r"":-63,""f"":2447},{""b"":""00:27:1c:7d:69:b8"",""s"":"""",""r"":-64,""f"":2412},{""b"":""1c:ec:72:0b:cb:50"",""s"":""KT_GiGA_CB4D"",""r"":-64,""f"":2457},{""b"":""dc:8e:8d:80:78:7d"",""s"":""DLive_7878"",""r"":-65,""f"":2462},{""b"":""60:29:d5:00:35:97"",""s"":""KT_GiGA_2G_Wave2_3593"",""r"":-66,""f"":2437},{""b"":""28:4e:e9:75:dd:6a"",""s"":""KT_GiGA_DD66"",""r"":-66,""f"":2452},{""b"":""0c:96:cd:eb:82:4c"",""s"":""KT_GiGA_8248"",""r"":-66,""f"":2427},{""b"":""c6:a9:4f:a0:30:ad"",""s"":""SK_WiFiGIGA30AA_2.4G"",""r"":-66,""f"":2442},{""b"":""ba:a9:4f:b4:ee:81"",""s"":"""",""r"":-66,""f"":2422},{""b"":""ca:dd:6a:40:6a:e7"",""s"":""[LG_CeilingCassette A\/C]6ae7"",""r"":-66,""f"":2462},{""b"":""58:86:94:73:ab:f8"",""s"":""hihi"",""r"":-66,""f"":2417},{""b"":""30:16:9d:05:01:76"",""s"":""MERCUSYS_0176"",""r"":-67,""f"":2457}]",""
1791091238916,2026-10-04 14:20:38,unknown,37.5474074,127.0712106,5.454,1.0986178,88.51194,44.20000076293945,fused,0,LTE,NR_NSA,5G,true,false,true,false,false,52549131,172,100,1,8282,450,06,-66,-8,-51,,4,0,,,,2084,64974,0.0167,0.5198,2065,64954,0.0165,0.5196,false,1,0,1,-76,101,100,1.0986178,false,false,periodic,115,0,0,,10044,,,,"[{""type"":""LTE"",""pci"":101,""earfcn"":100,""tac"":null,""rsrp"":-76,""rsrq"":-17,""rssi"":-51,""snr"":null,""ta"":0,""level"":4,""bands"":""1""}]",1012.0576,70,0.459,0.459,86,4,,,,"[{""b"":""58:86:94:11:be:42"",""s"":""WINSECURE"",""r"":-58,""f"":2427},{""b"":""ba:a9:4f:57:65:e8"",""s"":"""",""r"":-58,""f"":2447},{""b"":""c6:a9:4f:57:65:e8"",""s"":""SK_WiFiGIGA65E5_2.4G"",""r"":-59,""f"":2447},{""b"":""b4:a9:4f:57:65:e8"",""s"":""SK_WiFiGIGA65E5"",""r"":-60,""f"":2447},{""b"":""28:4e:e9:1a:aa:3c"",""s"":""KT_WiFi_AA38"",""r"":-61,""f"":2462},{""b"":""ca:dd:6a:40:6a:e7"",""s"":""[LG_CeilingCassette A\/C]6ae7"",""r"":-62,""f"":2462},{""b"":""e0:4f:43:a8:54:49"",""s"":""0325Y49239"",""r"":-62,""f"":2437},{""b"":""ba:a9:4f:c4:24:0d"",""s"":"""",""r"":-63,""f"":2417},{""b"":""b4:a9:4f:57:65:e7"",""s"":""SK_WiFiGIGA65E5"",""r"":-65,""f"":5785},{""b"":""c6:a9:4f:57:65:e7"",""s"":""SK_WiFiGIGA65E5_5G"",""r"":-65,""f"":5785},{""b"":""50:46:ae:5b:4d:03"",""s"":""KT_GiGA_4CFF"",""r"":-65,""f"":2422},{""b"":""ba:a9:4f:a0:30:ad"",""s"":"""",""r"":-65,""f"":2442},{""b"":""58:86:94:2c:56:ae"",""s"":""iptime"",""r"":-66,""f"":2452},{""b"":""16:e6:6b:18:24:4c"",""s"":""KT_WiFi_7_2447"",""r"":-66,""f"":2412},{""b"":""10:e6:6b:18:24:4c"",""s"":""KT_WiFi_2447"",""r"":-66,""f"":2412}]",""
1791091243951,2026-10-04 14:20:43,unknown,37.5474045,127.0712697,5.098,1.1007622,92.2216,44.39999771118164,fused,1,LTE,NR_NSA,5G,true,false,true,false,false,52549131,172,100,1,8282,450,06,-63,-9,-51,,4,0,,,,3407,66397,0.0273,0.5312,3367,66357,0.0269,0.5309,false,1,0,1,-77,101,100,1.1007622,false,false,periodic,120,0,3,,5002,,,,"[{""type"":""LTE"",""pci"":101,""earfcn"":100,""tac"":null,""rsrp"":-77,""rsrq"":-16,""rssi"":-51,""snr"":null,""ta"":0,""level"":4,""bands"":""1""}]",1012.08527,95,0.524,0.459,86,1,,,,"[{""b"":""28:4e:e9:bc:29:35"",""s"":""Hi_order_4010"",""r"":-54,""f"":2437},{""b"":""42:23:aa:da:2b:e2"",""s"":""SK_WiFiGIGA2BE0_2.4G"",""r"":-59,""f"":2462},{""b"":""00:23:aa:da:2b:e2"",""s"":""SK_WiFiGIGA2BE0"",""r"":-59,""f"":2462},{""b"":""88:3c:1c:ac:e7:92"",""s"":""폼프리츠"",""r"":-59,""f"":2447},{""b"":""28:4e:e9:bc:29:58"",""s"":""Hi_order_4010_2"",""r"":-60,""f"":2452},{""b"":""b4:a9:4f:35:cf:2d"",""s"":""KT_GiGA_2G_Wave2_CF29"",""r"":-60,""f"":2442},{""b"":""c6:a9:4f:57:65:e8"",""s"":""SK_WiFiGIGA65E5_2.4G"",""r"":-60,""f"":2447},{""b"":""88:3c:1c:4b:b0:65"",""s"":""U+NetB066"",""r"":-61,""f"":2412},{""b"":""28:4e:e9:a9:6c:00"",""s"":""U+Net6C01"",""r"":-61,""f"":2412},{""b"":""30:16:9d:05:01:76"",""s"":""MERCUSYS_0176"",""r"":-62,""f"":2457},{""b"":""50:46:ae:83:5b:2f"",""s"":""SK_WiFiGIGA5B2C_2.4G"",""r"":-63,""f"":2427},{""b"":""b4:a9:4f:c4:24:0d"",""s"":""SK_WiFiGIGA240A"",""r"":-63,""f"":2417},{""b"":""bc:62:ce:f7:f1:e8"",""s"":""DLive_F1E3"",""r"":-63,""f"":2462},{""b"":""b4:a9:4f:57:65:e8"",""s"":""SK_WiFiGIGA65E5"",""r"":-64,""f"":2447},{""b"":""1e:39:29:5f:b8:f4"",""s"":""[LG_CeilingCassette A\/C]b8f4"",""r"":-66,""f"":2462}]",""
1791091248983,2026-10-04 14:20:48,unknown,37.5474194,127.0713599,5.214,1.1521488,78.6553,44.39999771118164,fused,0,LTE,NR_NSA,5G,true,false,true,false,false,52549131,172,100,1,8282,450,06,-63,-9,-51,,4,0,,,,1988,64995,0.0159,0.5200,1968,64975,0.0157,0.5198,false,1,0,1,-77,101,100,1.1521488,false,false,periodic,125,0,0,,10032,,,,"[{""type"":""LTE"",""pci"":101,""earfcn"":100,""tac"":null,""rsrp"":-77,""rsrq"":-16,""rssi"":-51,""snr"":null,""ta"":0,""level"":4,""bands"":""1""}]",1012.0922,53,0.524,0.524,86,6,,,,"[{""b"":""28:4e:e9:bc:29:35"",""s"":""Hi_order_4010"",""r"":-54,""f"":2437},{""b"":""42:23:aa:da:2b:e2"",""s"":""SK_WiFiGIGA2BE0_2.4G"",""r"":-59,""f"":2462},{""b"":""00:23:aa:da:2b:e2"",""s"":""SK_WiFiGIGA2BE0"",""r"":-59,""f"":2462},{""b"":""88:3c:1c:ac:e7:92"",""s"":""폼프리츠"",""r"":-59,""f"":2447},{""b"":""28:4e:e9:bc:29:58"",""s"":""Hi_order_4010_2"",""r"":-60,""f"":2452},{""b"":""b4:a9:4f:35:cf:2d"",""s"":""KT_GiGA_2G_Wave2_CF29"",""r"":-60,""f"":2442},{""b"":""c6:a9:4f:57:65:e8"",""s"":""SK_WiFiGIGA65E5_2.4G"",""r"":-60,""f"":2447},{""b"":""88:3c:1c:4b:b0:65"",""s"":""U+NetB066"",""r"":-61,""f"":2412},{""b"":""28:4e:e9:a9:6c:00"",""s"":""U+Net6C01"",""r"":-61,""f"":2412},{""b"":""30:16:9d:05:01:76"",""s"":""MERCUSYS_0176"",""r"":-62,""f"":2457},{""b"":""50:46:ae:83:5b:2f"",""s"":""SK_WiFiGIGA5B2C_2.4G"",""r"":-63,""f"":2427},{""b"":""b4:a9:4f:c4:24:0d"",""s"":""SK_WiFiGIGA240A"",""r"":-63,""f"":2417},{""b"":""bc:62:ce:f7:f1:e8"",""s"":""DLive_F1E3"",""r"":-63,""f"":2462},{""b"":""b4:a9:4f:57:65:e8"",""s"":""SK_WiFiGIGA65E5"",""r"":-64,""f"":2447},{""b"":""1e:39:29:5f:b8:f4"",""s"":""[LG_CeilingCassette A\/C]b8f4"",""r"":-66,""f"":2462}]",""
1791091254020,2026-10-04 14:20:54,unknown,37.5474024,127.0714324,5.611,1.1466637,93.251945,44.5,fused,0,LTE,NR_NSA,5G,true,false,true,false,false,52549131,172,100,1,8282,450,06,-61,-7,-51,,4,0,,,,2014,65012,0.0161,0.5201,1994,64993,0.0160,0.5199,false,1,0,1,-72,101,100,1.1466637,false,false,periodic,130,0,2,,5002,,,,"[{""type"":""LTE"",""pci"":101,""earfcn"":100,""tac"":null,""rsrp"":-72,""rsrq"":-11,""rssi"":-51,""snr"":null,""ta"":0,""level"":4,""bands"":""1""}]",1012.0665,58,0.459,0.524,87,4,,,,"[{""b"":""58:86:94:11:be:42"",""s"":""WINSECURE"",""r"":-49,""f"":2427},{""b"":""28:4e:e9:bc:29:35"",""s"":""Hi_order_4010"",""r"":-54,""f"":2437},{""b"":""88:3c:1c:ac:e7:92"",""s"":""폼프리츠"",""r"":-57,""f"":2447},{""b"":""88:3c:1c:ac:e7:91"",""s"":""KT_GiGA_5G_Wave2_E78E"",""r"":-59,""f"":5745},{""b"":""28:4e:e9:b7:e4:42"",""s"":""KT_GiGA_E43E"",""r"":-60,""f"":2422},{""b"":""30:16:9d:05:01:76"",""s"":""MERCUSYS_0176"",""r"":-61,""f"":2457},{""b"":""28:4e:e9:bc:29:58"",""s"":""Hi_order_4010_2"",""r"":-61,""f"":2452},{""b"":""ca:dd:6a:40:6a:e7"",""s"":""[LG_CeilingCassette A\/C]6ae7"",""r"":-62,""f"":2462},{""b"":""54:7e:1a:6d:25:d8"",""s"":""KT_WiFi_25D3"",""r"":-62,""f"":2437},{""b"":""60:29:d5:c0:92:1c"",""s"":""KT_GiGA_9218"",""r"":-62,""f"":2412},{""b"":""28:4e:e9:75:dd:6a"",""s"":""KT_GiGA_DD66"",""r"":-63,""f"":2452},{""b"":""dc:8e:8d:bf:ef:c5"",""s"":""DLive_EFC0"",""r"":-63,""f"":2447},{""b"":""0c:96:cd:3d:d1:09"",""s"":""KT_GiGA_D105"",""r"":-64,""f"":2432},{""b"":""b4:a9:4f:35:cf:2d"",""s"":""KT_GiGA_2G_Wave2_CF29"",""r"":-65,""f"":2442},{""b"":""5a:7e:1a:71:68:2d"",""s"":""KT_WiFi_7_6828"",""r"":-66,""f"":2412}]",""
1791091259069,2026-10-04 14:20:59,unknown,37.5473845,127.0714711,6.676,1.1093464,101.185005,44.39999771118164,fused,0,LTE,NR_NSA,5G,true,false,true,false,false,52549131,172,100,1,8282,450,06,-61,-7,-51,,4,0,,,,2083,64926,0.0167,0.5194,2063,64906,0.0165,0.5192,false,1,0,1,-72,101,100,1.1093464,false,false,periodic,135,0,0,,10053,,,,"[{""type"":""LTE"",""pci"":101,""earfcn"":100,""tac"":null,""rsrp"":-72,""rsrq"":-11,""rssi"":-51,""snr"":null,""ta"":0,""level"":4,""bands"":""1""}]",1012.18726,55,0.459,0.524,86,3,,,,"[{""b"":""88:3c:1c:ac:e7:92"",""s"":""폼프리츠"",""r"":-40,""f"":2447},{""b"":""30:16:9d:05:01:76"",""s"":""MERCUSYS_0176"",""r"":-55,""f"":2457},{""b"":""88:3c:1c:ac:e7:91"",""s"":""KT_GiGA_5G_Wave2_E78E"",""r"":-57,""f"":5745},{""b"":""ba:3c:1c:ac:e7:91"",""s"":"""",""r"":-57,""f"":5745},{""b"":""28:4e:e9:bc:29:58"",""s"":""Hi_order_4010_2"",""r"":-59,""f"":2452},{""b"":""38:f4:5e:52:3d:73"",""s"":""KT_GiGA_3D70"",""r"":-59,""f"":2422},{""b"":""58:86:94:11:be:42"",""s"":""WINSECURE"",""r"":-60,""f"":2427},{""b"":""ca:dd:6a:1f:b9:4b"",""s"":""[LG_CeilingCassette A\/C]b94b"",""r"":-60,""f"":2462},{""b"":""b4:a9:4f:57:65:e8"",""s"":""SK_WiFiGIGA65E5"",""r"":-60,""f"":2447},{""b"":""50:46:ae:6f:50:f7"",""s"":""SK_WiFiGIGA50F4_2.4G"",""r"":-61,""f"":2442},{""b"":""ca:dd:6a:40:6a:e7"",""s"":""[LG_CeilingCassette A\/C]6ae7"",""r"":-61,""f"":2462},{""b"":""0e:0f:d8:3c:a3:b4"",""s"":""[LG_Wall-Mount A\/C]a3b4"",""r"":-61,""f"":2462},{""b"":""28:4e:e9:bc:29:35"",""s"":""Hi_order_4010"",""r"":-62,""f"":2437},{""b"":""80:ca:4b:d7:79:32"",""s"":""U+Net7930"",""r"":-62,""f"":2432},{""b"":""b0:38:6c:ad:81:26"",""s"":""hyunbang500"",""r"":-63,""f"":2412}]",""
1791091264099,2026-10-04 14:21:04,unknown,37.5473673,127.0715429,8.335,1.1416253,97.57649,44.5,fused,0,LTE,NR_NSA,5G,true,false,true,false,false,52549131,172,100,1,8282,450,06,-55,-8,-51,,4,0,,,,1262055,64096,10.0964,0.5128,1262015,64056,10.0961,0.5124,false,1,0,1,-68,101,100,1.1416253,false,false,periodic,140,0,6,,5001,,,,"[{""type"":""LTE"",""pci"":101,""earfcn"":100,""tac"":null,""rsrp"":-68,""rsrq"":-15,""rssi"":-51,""snr"":null,""ta"":0,""level"":4,""bands"":""1""}]",1012.044,50,0.471,0.459,97,1,,,,"[{""b"":""88:3c:1c:ac:e7:92"",""s"":""폼프리츠"",""r"":-51,""f"":2447},{""b"":""30:16:9d:05:01:76"",""s"":""MERCUSYS_0176"",""r"":-57,""f"":2457},{""b"":""b4:a9:4f:35:cf:2d"",""s"":""KT_GiGA_2G_Wave2_CF29"",""r"":-59,""f"":2442},{""b"":""34:8f:27:32:51:48"",""s"":""STR_WLAN_LOCAL"",""r"":-61,""f"":2462},{""b"":""ca:dd:6a:40:6a:e7"",""s"":""[LG_CeilingCassette A\/C]6ae7"",""r"":-61,""f"":2462},{""b"":""dc:8e:8d:43:b6:1e"",""s"":""DLive_B619"",""r"":-61,""f"":2462},{""b"":""0c:96:cd:eb:82:4c"",""s"":""KT_GiGA_8248"",""r"":-62,""f"":2427},{""b"":""34:8f:27:f2:51:48"",""s"":""Office.Net"",""r"":-62,""f"":2462},{""b"":""28:4e:e9:bc:29:58"",""s"":""Hi_order_4010_2"",""r"":-63,""f"":2452},{""b"":""34:8f:27:72:51:48"",""s"":""STR_WLAN"",""r"":-63,""f"":2462},{""b"":""88:3c:1c:ac:e7:91"",""s"":""KT_GiGA_5G_Wave2_E78E"",""r"":-63,""f"":5745},{""b"":""28:4e:e9:bc:29:35"",""s"":""Hi_order_4010"",""r"":-63,""f"":2437},{""b"":""54:7e:1a:6d:25:d8"",""s"":""KT_WiFi_25D3"",""r"":-63,""f"":2437},{""b"":""80:ca:4b:d7:79:32"",""s"":""U+Net7930"",""r"":-63,""f"":2432},{""b"":""28:4e:e9:b7:e4:42"",""s"":""KT_GiGA_E43E"",""r"":-64,""f"":2422}]",""
1791091269127,2026-10-04 14:21:09,unknown,37.5473521,127.0716265,8.466,1.1925888,103.67327,44.5,fused,0,LTE,NR_NSA,5G,true,false,true,false,false,52549131,172,100,1,8282,450,06,-55,-8,-51,,4,0,,,,2032,65143,0.0163,0.5211,2012,65123,0.0161,0.5210,false,1,0,1,-68,101,100,1.1925888,false,false,periodic,145,0,0,,10030,,,,"[{""type"":""LTE"",""pci"":101,""earfcn"":100,""tac"":null,""rsrp"":-68,""rsrq"":-15,""rssi"":-51,""snr"":null,""ta"":0,""level"":4,""bands"":""1""}]",1012.1454,54,0.524,0.459,90,3,,,,"[{""b"":""34:8f:27:32:51:48"",""s"":""STR_WLAN_LOCAL"",""r"":-52,""f"":2462},{""b"":""34:8f:27:b2:51:48"",""s"":""OFC_WLAN"",""r"":-53,""f"":2462},{""b"":""30:16:9d:05:01:76"",""s"":""MERCUSYS_0176"",""r"":-53,""f"":2457},{""b"":""34:8f:27:f2:51:48"",""s"":""Office.Net"",""r"":-53,""f"":2462},{""b"":""88:3c:1c:4b:b0:65"",""s"":""U+NetB066"",""r"":-55,""f"":2412},{""b"":""0c:96:cd:92:f1:4a"",""s"":""KT_GiGA_Seon"",""r"":-57,""f"":2427},{""b"":""b4:a9:4f:35:cf:2d"",""s"":""KT_GiGA_2G_Wave2_CF29"",""r"":-57,""f"":2442},{""b"":""88:3c:1c:ac:e7:92"",""s"":""폼프리츠"",""r"":-58,""f"":2447},{""b"":""54:7e:1a:6d:25:d8"",""s"":""KT_WiFi_25D3"",""r"":-58,""f"":2437},{""b"":""64:e5:99:3b:e9:61"",""s"":""GS25_Free_WifiZone"",""r"":-60,""f"":2462},{""b"":""34:8f:27:72:51:4c"",""s"":""STR_WLAN"",""r"":-61,""f"":5805},{""b"":""80:ca:4b:d7:79:32"",""s"":""U+Net7930"",""r"":-61,""f"":2432},{""b"":""34:8f:27:32:51:4c"",""s"":""STR_WLAN_LOCAL"",""r"":-62,""f"":5805},{""b"":""34:8f:27:f2:51:4c"",""s"":""Office.Net"",""r"":-62,""f"":5805},{""b"":""34:8f:27:72:51:48"",""s"":""STR_WLAN"",""r"":-62,""f"":2462}]",""
1791091274154,2026-10-04 14:21:14,unknown,37.5473338,127.0716622,8.022,1.1595446,93.41531,44.5,fused,0,LTE,NR_NSA,5G,true,false,true,false,false,52549131,172,100,1,8282,450,06,-51,-7,-51,,4,0,,,,2061,65156,0.0165,0.5212,2041,65136,0.0163,0.5211,false,1,0,1,-75,101,100,1.1595446,false,false,periodic,150,0,4,,5003,,,,"[{""type"":""LTE"",""pci"":101,""earfcn"":100,""tac"":null,""rsrp"":-75,""rsrq"":-20,""rssi"":-51,""snr"":null,""ta"":0,""level"":4,""bands"":""1""}]",1012.00574,58,0.495,0.524,90,8,,,,"[{""b"":""34:8f:27:32:51:48"",""s"":""STR_WLAN_LOCAL"",""r"":-52,""f"":2462},{""b"":""34:8f:27:b2:51:48"",""s"":""OFC_WLAN"",""r"":-53,""f"":2462},{""b"":""30:16:9d:05:01:76"",""s"":""MERCUSYS_0176"",""r"":-53,""f"":2457},{""b"":""34:8f:27:f2:51:48"",""s"":""Office.Net"",""r"":-53,""f"":2462},{""b"":""88:3c:1c:4b:b0:65"",""s"":""U+NetB066"",""r"":-55,""f"":2412},{""b"":""0c:96:cd:92:f1:4a"",""s"":""KT_GiGA_Seon"",""r"":-57,""f"":2427},{""b"":""b4:a9:4f:35:cf:2d"",""s"":""KT_GiGA_2G_Wave2_CF29"",""r"":-57,""f"":2442},{""b"":""88:3c:1c:ac:e7:92"",""s"":""폼프리츠"",""r"":-58,""f"":2447},{""b"":""54:7e:1a:6d:25:d8"",""s"":""KT_WiFi_25D3"",""r"":-58,""f"":2437},{""b"":""64:e5:99:3b:e9:61"",""s"":""GS25_Free_WifiZone"",""r"":-60,""f"":2462},{""b"":""34:8f:27:72:51:4c"",""s"":""STR_WLAN"",""r"":-61,""f"":5805},{""b"":""80:ca:4b:d7:79:32"",""s"":""U+Net7930"",""r"":-61,""f"":2432},{""b"":""34:8f:27:32:51:4c"",""s"":""STR_WLAN_LOCAL"",""r"":-62,""f"":5805},{""b"":""34:8f:27:f2:51:4c"",""s"":""Office.Net"",""r"":-62,""f"":5805},{""b"":""34:8f:27:72:51:48"",""s"":""STR_WLAN"",""r"":-62,""f"":2462}]",""
1791091279188,2026-10-04 14:21:19,unknown,37.5473308,127.0717243,7.873,1.1189086,24.019314,44.599998474121094,fused,0,LTE,NR_NSA,5G,true,false,true,false,false,52549131,172,100,1,8282,450,06,-51,-7,-51,,4,0,,,,2101,65051,0.0168,0.5204,2081,65031,0.0166,0.5202,false,1,0,1,-75,101,100,1.1189086,false,false,periodic,155,0,0,,10035,,,,"[{""type"":""LTE"",""pci"":101,""earfcn"":100,""tac"":null,""rsrp"":-75,""rsrq"":-20,""rssi"":-51,""snr"":null,""ta"":0,""level"":4,""bands"":""1""}]",1012.1649,51,0.459,0.524,79,4,,,,"[{""b"":""88:3c:1c:4b:b0:65"",""s"":""U+NetB066"",""r"":-51,""f"":2412},{""b"":""0c:96:cd:eb:82:4c"",""s"":""KT_GiGA_8248"",""r"":-52,""f"":2427},{""b"":""88:3c:1c:ac:e7:92"",""s"":""폼프리츠"",""r"":-52,""f"":2447},{""b"":""54:7e:1a:6d:25:d8"",""s"":""KT_WiFi_25D3"",""r"":-53,""f"":2437},{""b"":""5a:7e:1a:6d:25:d8"",""s"":""KT_WiFi_7_25D3"",""r"":-54,""f"":2437},{""b"":""34:8f:27:b2:51:48"",""s"":""OFC_WLAN"",""r"":-56,""f"":2462},{""b"":""34:8f:27:32:51:48"",""s"":""STR_WLAN_LOCAL"",""r"":-57,""f"":2462},{""b"":""34:8f:27:72:51:48"",""s"":""STR_WLAN"",""r"":-57,""f"":2462},{""b"":""ca:dd:6a:40:6a:e7"",""s"":""[LG_CeilingCassette A\/C]6ae7"",""r"":-57,""f"":2462},{""b"":""1c:b9:c4:19:92:18"",""s"":""emart24pos"",""r"":-58,""f"":2462},{""b"":""0c:96:cd:92:f1:4a"",""s"":""KT_GiGA_Seon"",""r"":-59,""f"":2427},{""b"":""34:8f:27:72:51:4c"",""s"":""STR_WLAN"",""r"":-61,""f"":5805},{""b"":""f6:7c:1a:03:d1:a2"",""s"":""SK_D19F_Mesh"",""r"":-61,""f"":2457},{""b"":""e4:7c:1a:03:d1:a2"",""s"":""SK_D19F_2.4G"",""r"":-62,""f"":2457},{""b"":""34:8f:27:f2:51:4c"",""s"":""Office.Net"",""r"":-63,""f"":5805}]",""
1791091284218,2026-10-04 14:21:24,unknown,37.5473191,127.0717841,8.355,1.0806446,89.092064,44.599998474121094,fused,0,LTE,NR_NSA,5G,true,false,true,false,false,52549131,172,100,1,8282,450,06,-56,-7,-51,,4,0,,,,2248,63631,0.0180,0.5090,2229,63611,0.0178,0.5089,false,1,0,1,-67,101,100,1.0806446,false,false,periodic,161,0,-5,,5003,,,,"[{""type"":""LTE"",""pci"":101,""earfcn"":100,""tac"":null,""rsrp"":-67,""rsrq"":-19,""rssi"":-51,""snr"":null,""ta"":0,""level"":4,""bands"":""1""}]",1011.9934,52,0.524,0.459,84,2,,,,"[{""b"":""88:3c:1c:4b:b0:65"",""s"":""U+NetB066"",""r"":-47,""f"":2412},{""b"":""c6:a9:4f:57:65:e8"",""s"":""SK_WiFiGIGA65E5_2.4G"",""r"":-48,""f"":2447},{""b"":""80:ca:4b:6f:77:f2"",""s"":""U+Net77F0"",""r"":-50,""f"":2417},{""b"":""1c:b9:c4:59:92:18"",""s"":""08142"",""r"":-56,""f"":2462},{""b"":""b0:19:21:2e:01:12"",""s"":""티오더-2Gx카츠온주"",""r"":-56,""f"":2452},{""b"":""1c:b9:c4:19:92:18"",""s"":""emart24pos"",""r"":-57,""f"":2462},{""b"":""0c:96:cd:eb:82:4c"",""s"":""KT_GiGA_8248"",""r"":-57,""f"":2427},{""b"":""34:8f:27:b2:51:48"",""s"":""OFC_WLAN"",""r"":-60,""f"":2462},{""b"":""80:ca:4b:ff:46:3f"",""s"":""U+Net463C_5G"",""r"":-60,""f"":5200},{""b"":""80:ca:4b:ff:46:3e"",""s"":""U+Net463C"",""r"":-60,""f"":2427},{""b"":""86:ca:4b:ff:46:3f"",""s"":"""",""r"":-60,""f"":5200},{""b"":""88:3c:1c:4b:b0:64"",""s"":""U+NetB066_5G"",""r"":-61,""f"":5745},{""b"":""a8:6e:84:3a:d8:49"",""s"":""TP-Link_4440_5G"",""r"":-61,""f"":5805},{""b"":""e4:7c:1a:03:d1:a2"",""s"":""SK_D19F_2.4G"",""r"":-61,""f"":2457},{""b"":""5a:86:94:c7:11:c8"",""s"":""menuit5653"",""r"":-61,""f"":2417}]",""
1791091289249,2026-10-04 14:21:29,unknown,37.5473113,127.071846,8.19,1.1180463,98.875244,44.599998474121094,fused,0,LTE,NR_NSA,5G,true,false,true,false,false,52549131,172,100,1,8282,450,06,-56,-7,-51,,4,0,,,,2165,65124,0.0173,0.5210,2126,65084,0.0170,0.5207,false,1,0,1,-67,101,100,1.1180463,false,false,periodic,166,0,0,,10032,,,,"[{""type"":""LTE"",""pci"":101,""earfcn"":100,""tac"":null,""rsrp"":-67,""rsrq"":-19,""rssi"":-51,""snr"":null,""ta"":0,""level"":4,""bands"":""1""}]",1012.09924,54,0.524,0.459,87,0,,,,"[{""b"":""5a:86:94:c7:11:c8"",""s"":""menuit5653"",""r"":-53,""f"":2417},{""b"":""88:3c:1c:4b:b0:65"",""s"":""U+NetB066"",""r"":-54,""f"":2412},{""b"":""58:86:94:20:43:76"",""s"":""smartCoin"",""r"":-55,""f"":2432},{""b"":""b0:19:21:2e:01:12"",""s"":""티오더-2Gx카츠온주"",""r"":-57,""f"":2452},{""b"":""58:86:94:4a:1a:d4"",""s"":""KKDD"",""r"":-59,""f"":2442},{""b"":""80:ca:4b:70:a2:46"",""s"":""카츠온주"",""r"":-61,""f"":2457},{""b"":""b4:a9:4f:35:cf:2d"",""s"":""KT_GiGA_2G_Wave2_CF29"",""r"":-62,""f"":2442},{""b"":""0c:96:cd:eb:82:4c"",""s"":""KT_GiGA_8248"",""r"":-63,""f"":2427},{""b"":""a8:6e:84:3a:d8:49"",""s"":""TP-Link_4440_5G"",""r"":-65,""f"":5805},{""b"":""b6:19:21:2e:01:14"",""s"":"""",""r"":-68,""f"":5240},{""b"":""1c:a5:32:13:0e:d0"",""s"":"""",""r"":-68,""f"":2462},{""b"":""80:ca:4b:ff:46:3f"",""s"":""U+Net463C_5G"",""r"":-68,""f"":5200},{""b"":""88:3c:1c:4b:b0:64"",""s"":""U+NetB066_5G"",""r"":-68,""f"":5745},{""b"":""00:1d:ec:49:6c:76"",""s"":""ohbellastay401"",""r"":-68,""f"":5785},{""b"":""b0:19:21:2e:01:14"",""s"":""티오더-5Gx카츠온주"",""r"":-68,""f"":5240}]",""
1791091294279,2026-10-04 14:21:34,unknown,37.5472974,127.0719202,7.459,1.1079164,94.437096,44.599998474121094,fused,0,LTE,NR_NSA,5G,true,false,true,false,false,52549131,172,100,1,8282,450,06,-63,-7,-51,,4,0,,,,2089,65103,0.0167,0.5208,2069,65083,0.0166,0.5207,false,1,0,1,-74,101,100,1.1079164,false,false,periodic,171,0,-7,,5004,,,,"[{""type"":""LTE"",""pci"":101,""earfcn"":100,""tac"":null,""rsrp"":-74,""rsrq"":-19,""rssi"":-51,""snr"":null,""ta"":0,""level"":4,""bands"":""1""}]",1012.0053,54,0.524,0.459,87,5,,,,"[{""b"":""5a:86:94:c7:11:c8"",""s"":""menuit5653"",""r"":-53,""f"":2417},{""b"":""88:3c:1c:4b:b0:65"",""s"":""U+NetB066"",""r"":-54,""f"":2412},{""b"":""58:86:94:20:43:76"",""s"":""smartCoin"",""r"":-55,""f"":2432},{""b"":""b0:19:21:2e:01:12"",""s"":""티오더-2Gx카츠온주"",""r"":-57,""f"":2452},{""b"":""58:86:94:4a:1a:d4"",""s"":""KKDD"",""r"":-59,""f"":2442},{""b"":""80:ca:4b:70:a2:46"",""s"":""카츠온주"",""r"":-61,""f"":2457},{""b"":""b4:a9:4f:35:cf:2d"",""s"":""KT_GiGA_2G_Wave2_CF29"",""r"":-62,""f"":2442},{""b"":""0c:96:cd:eb:82:4c"",""s"":""KT_GiGA_8248"",""r"":-63,""f"":2427},{""b"":""a8:6e:84:3a:d8:49"",""s"":""TP-Link_4440_5G"",""r"":-65,""f"":5805},{""b"":""b6:19:21:2e:01:14"",""s"":"""",""r"":-68,""f"":5240},{""b"":""1c:a5:32:13:0e:d0"",""s"":"""",""r"":-68,""f"":2462},{""b"":""80:ca:4b:ff:46:3f"",""s"":""U+Net463C_5G"",""r"":-68,""f"":5200},{""b"":""88:3c:1c:4b:b0:64"",""s"":""U+NetB066_5G"",""r"":-68,""f"":5745},{""b"":""00:1d:ec:49:6c:76"",""s"":""ohbellastay401"",""r"":-68,""f"":5785},{""b"":""b0:19:21:2e:01:14"",""s"":""티오더-5Gx카츠온주"",""r"":-68,""f"":5240}]",""
1791091299311,2026-10-04 14:21:39,unknown,37.5472843,127.0720197,6.762,1.1637832,103.71416,44.70000076293945,fused,0,LTE,NR_NSA,5G,true,false,true,false,false,52549131,172,100,1,8282,450,06,-63,-7,-51,,4,0,,,,2145,65077,0.0172,0.5206,2125,65057,0.0170,0.5205,false,1,0,1,-74,101,100,1.1637832,false,false,periodic,176,0,0,,10032,,,,"[{""type"":""LTE"",""pci"":101,""earfcn"":100,""tac"":null,""rsrp"":-74,""rsrq"":-19,""rssi"":-51,""snr"":null,""ta"":0,""level"":4,""bands"":""1""}]",1012.09375,55,0.524,0.459,81,4,,,,"[{""b"":""80:ca:4b:70:a2:46"",""s"":""카츠온주"",""r"":-53,""f"":2457},{""b"":""b0:19:21:2e:01:12"",""s"":""티오더-2Gx카츠온주"",""r"":-57,""f"":2452},{""b"":""18:c5:01:ab:89:2a"",""s"":""U+Net8928"",""r"":-58,""f"":2442},{""b"":""28:4e:e9:b9:b7:81"",""s"":""KT_GiGA_B77D"",""r"":-60,""f"":2447},{""b"":""fa:b9:5a:f7:d6:94"",""s"":""AT_401_CST_570004_WW_d694"",""r"":-61,""f"":2462},{""b"":""80:ca:4b:7b:c5:c6"",""s"":""U+NetC5C4"",""r"":-62,""f"":2457},{""b"":""bc:62:ce:1d:f9:c8"",""s"":""DLive_F9C3"",""r"":-63,""f"":2412},{""b"":""80:ca:4b:6f:77:f2"",""s"":""U+Net77F0"",""r"":-64,""f"":2417},{""b"":""88:36:6c:5c:46:64"",""s"":""ok"",""r"":-64,""f"":2422},{""b"":""34:fc:99:ba:38:c5"",""s"":""[system a\/c]_E30AJT0233010T"",""r"":-64,""f"":2412},{""b"":""a8:6e:84:3a:d8:47"",""s"":""TP-Link_4440"",""r"":-64,""f"":2427},{""b"":""54:7e:1a:6d:25:d8"",""s"":""KT_WiFi_25D3"",""r"":-64,""f"":2437},{""b"":""5a:86:94:49:c1:f4"",""s"":""sy"",""r"":-64,""f"":2412},{""b"":""5a:86:94:c7:11:c8"",""s"":""menuit5653"",""r"":-66,""f"":2417},{""b"":""02:d3:a9:a8:ee:60"",""s"":"""",""r"":-66,""f"":2462}]",""
1791091304324,2026-10-04 14:21:44,unknown,37.5472737,127.0720919,6.763,1.0823964,92.96829,45.29999923706055,fused,0,LTE,NR_NSA,5G,true,false,true,false,false,52549131,172,100,1,8282,450,06,-63,-6,-51,,4,0,,,,2195,65656,0.0176,0.5252,2175,65636,0.0174,0.5251,false,1,0,1,-82,101,100,1.0823964,false,false,periodic,181,0,0,,5004,,,,"[{""type"":""LTE"",""pci"":101,""earfcn"":100,""tac"":null,""rsrp"":-82,""rsrq"":-20,""rssi"":-51,""snr"":null,""ta"":0,""level"":4,""bands"":""1""}]",1012.0844,52,0.459,0.524,81,9,,,,"[{""b"":""80:ca:4b:70:a2:46"",""s"":""카츠온주"",""r"":-53,""f"":2457},{""b"":""b0:19:21:2e:01:12"",""s"":""티오더-2Gx카츠온주"",""r"":-57,""f"":2452},{""b"":""18:c5:01:ab:89:2a"",""s"":""U+Net8928"",""r"":-58,""f"":2442},{""b"":""28:4e:e9:b9:b7:81"",""s"":""KT_GiGA_B77D"",""r"":-60,""f"":2447},{""b"":""fa:b9:5a:f7:d6:94"",""s"":""AT_401_CST_570004_WW_d694"",""r"":-61,""f"":2462},{""b"":""80:ca:4b:7b:c5:c6"",""s"":""U+NetC5C4"",""r"":-62,""f"":2457},{""b"":""bc:62:ce:1d:f9:c8"",""s"":""DLive_F9C3"",""r"":-63,""f"":2412},{""b"":""80:ca:4b:6f:77:f2"",""s"":""U+Net77F0"",""r"":-64,""f"":2417},{""b"":""88:36:6c:5c:46:64"",""s"":""ok"",""r"":-64,""f"":2422},{""b"":""34:fc:99:ba:38:c5"",""s"":""[system a\/c]_E30AJT0233010T"",""r"":-64,""f"":2412},{""b"":""a8:6e:84:3a:d8:47"",""s"":""TP-Link_4440"",""r"":-64,""f"":2427},{""b"":""54:7e:1a:6d:25:d8"",""s"":""KT_WiFi_25D3"",""r"":-64,""f"":2437},{""b"":""5a:86:94:49:c1:f4"",""s"":""sy"",""r"":-64,""f"":2412},{""b"":""5a:86:94:c7:11:c8"",""s"":""menuit5653"",""r"":-66,""f"":2417},{""b"":""02:d3:a9:a8:ee:60"",""s"":"""",""r"":-66,""f"":2462}]",""
1791091309353,2026-10-04 14:21:49,unknown,37.5472602,127.0721611,6.357,1.1221676,98.83019,44.70000076293945,fused,1,LTE,NR_NSA,5G,true,false,true,false,false,52549131,172,100,1,8282,450,06,-63,-6,-51,,4,0,,,,1980,65068,0.0158,0.5205,1940,65028,0.0155,0.5202,false,1,0,1,-82,101,100,1.1221676,false,false,periodic,186,0,0,,10030,,,,"[{""type"":""LTE"",""pci"":101,""earfcn"":100,""tac"":null,""rsrp"":-82,""rsrq"":-20,""rssi"":-51,""snr"":null,""ta"":0,""level"":4,""bands"":""1""}]",1012.1471,50,0.459,0.524,96,3,,,,"[{""b"":""1c:ec:72:1d:9a:ed"",""s"":""KT_GiGA_5G_9AE9"",""r"":-56,""f"":5805},{""b"":""28:4e:e9:b9:b7:81"",""s"":""KT_GiGA_B77D"",""r"":-57,""f"":2447},{""b"":""80:ca:4b:7b:c5:c6"",""s"":""U+NetC5C4"",""r"":-58,""f"":2457},{""b"":""5a:86:94:c7:11:c8"",""s"":""menuit5653"",""r"":-61,""f"":2417},{""b"":""b0:19:21:2e:01:12"",""s"":""티오더-2Gx카츠온주"",""r"":-61,""f"":2452},{""b"":""18:c5:01:ab:89:2a"",""s"":""U+Net8928"",""r"":-61,""f"":2442},{""b"":""34:fc:99:ba:38:c5"",""s"":""[system a\/c]_E30AJT0233010T"",""r"":-62,""f"":2412},{""b"":""b0:38:6c:0f:6a:84"",""s"":""iptime"",""r"":-63,""f"":2412},{""b"":""28:4e:e9:b9:b7:80"",""s"":""KT_GiGA_5G_B77D"",""r"":-63,""f"":5765},{""b"":""88:3c:1c:aa:15:bc"",""s"":""KT_GiGA_2G_Wave2_15B8"",""r"":-64,""f"":2447},{""b"":""00:d3:a9:a8:ee:60"",""s"":""CVS4U"",""r"":-64,""f"":2462},{""b"":""0c:96:cd:99:02:1b"",""s"":""SK_WiFiGIGA0218_2.4G"",""r"":-64,""f"":2442},{""b"":""18:c5:01:90:10:22"",""s"":""U+Net1020"",""r"":-64,""f"":2432},{""b"":""e4:7c:1a:03:d1:a2"",""s"":""SK_D19F_2.4G"",""r"":-65,""f"":2457},{""b"":""80:ca:4b:7b:c5:c7"",""s"":""U+NetC5C4_5G"",""r"":-66,""f"":5805}]",""
1791091314378,2026-10-04 14:21:54,unknown,37.5472535,127.0722321,5.784,1.1222535,101.7388,44.39999771118164,fused,0,LTE,NR_NSA,5G,true,false,true,false,false,52549131,172,100,1,8282,450,06,-56,-6,-51,,4,0,,,,2091,63490,0.0167,0.5079,2071,63471,0.0166,0.5078,false,1,0,1,-85,101,100,1.1222535,false,false,periodic,191,0,7,,5003,,,,"[{""type"":""LTE"",""pci"":101,""earfcn"":100,""tac"":null,""rsrp"":-85,""rsrq"":-20,""rssi"":-51,""snr"":null,""ta"":0,""level"":4,""bands"":""1""}]",1011.98236,54,0.459,0.459,93,1,,,,"[{""b"":""28:4e:e9:b9:b7:81"",""s"":""KT_GiGA_B77D"",""r"":-55,""f"":2447},{""b"":""00:d3:a9:a8:ee:60"",""s"":""CVS4U"",""r"":-59,""f"":2462},{""b"":""18:c5:01:ab:89:2a"",""s"":""U+Net8928"",""r"":-59,""f"":2442},{""b"":""b0:19:21:2e:01:12"",""s"":""티오더-2Gx카츠온주"",""r"":-61,""f"":2452},{""b"":""f6:7c:1a:03:d1:a2"",""s"":""SK_D19F_Mesh"",""r"":-62,""f"":2457},{""b"":""e4:7c:1a:03:d1:a2"",""s"":""SK_D19F_2.4G"",""r"":-63,""f"":2457},{""b"":""28:4e:e9:b9:b7:80"",""s"":""KT_GiGA_5G_B77D"",""r"":-63,""f"":5765},{""b"":""b0:38:6c:ad:99:d2"",""s"":""kiiiiikiiiiii"",""r"":-63,""f"":2412},{""b"":""80:ca:4b:7b:c5:c7"",""s"":""U+NetC5C4_5G"",""r"":-64,""f"":5805},{""b"":""30:07:5c:03:e2:5f"",""s"":""DLive_E25A"",""r"":-64,""f"":2412},{""b"":""60:29:d5:50:9a:ad"",""s"":""KT_GiGA_9AA9"",""r"":-65,""f"":2432},{""b"":""18:c5:01:90:10:22"",""s"":""U+Net1020"",""r"":-65,""f"":2432},{""b"":""b0:38:6c:0f:6a:84"",""s"":""iptime"",""r"":-66,""f"":2412},{""b"":""ca:0c:b5:d6:47:b9"",""s"":""Lee"",""r"":-66,""f"":2472},{""b"":""5a:86:94:c7:11:c8"",""s"":""menuit5653"",""r"":-66,""f"":2417}]",""
1791091319404,2026-10-04 14:21:59,unknown,37.5472393,127.0722879,5.807,1.104627,79.64283,44.39999771118164,fused,1,LTE,NR_NSA,5G,true,false,true,false,false,52549131,172,100,1,8282,450,06,-56,-6,-51,,4,0,,,,2047,65155,0.0164,0.5212,2027,65135,0.0162,0.5211,false,1,0,1,-85,101,100,1.104627,false,false,periodic,196,0,0,,10030,,,,"[{""type"":""LTE"",""pci"":101,""earfcn"":100,""tac"":null,""rsrp"":-85,""rsrq"":-20,""rssi"":-51,""snr"":null,""ta"":0,""level"":4,""bands"":""1""}]",1012.0213,57,0.524,0.459,93,6,,,,"[{""b"":""28:4e:e9:b9:b7:81"",""s"":""KT_GiGA_B77D"",""r"":-55,""f"":2447},{""b"":""00:d3:a9:a8:ee:60"",""s"":""CVS4U"",""r"":-59,""f"":2462},{""b"":""18:c5:01:ab:89:2a"",""s"":""U+Net8928"",""r"":-59,""f"":2442},{""b"":""b0:19:21:2e:01:12"",""s"":""티오더-2Gx카츠온주"",""r"":-61,""f"":2452},{""b"":""f6:7c:1a:03:d1:a2"",""s"":""SK_D19F_Mesh"",""r"":-62,""f"":2457},{""b"":""e4:7c:1a:03:d1:a2"",""s"":""SK_D19F_2.4G"",""r"":-63,""f"":2457},{""b"":""28:4e:e9:b9:b7:80"",""s"":""KT_GiGA_5G_B77D"",""r"":-63,""f"":5765},{""b"":""b0:38:6c:ad:99:d2"",""s"":""kiiiiikiiiiii"",""r"":-63,""f"":2412},{""b"":""80:ca:4b:7b:c5:c7"",""s"":""U+NetC5C4_5G"",""r"":-64,""f"":5805},{""b"":""30:07:5c:03:e2:5f"",""s"":""DLive_E25A"",""r"":-64,""f"":2412},{""b"":""60:29:d5:50:9a:ad"",""s"":""KT_GiGA_9AA9"",""r"":-65,""f"":2432},{""b"":""18:c5:01:90:10:22"",""s"":""U+Net1020"",""r"":-65,""f"":2432},{""b"":""b0:38:6c:0f:6a:84"",""s"":""iptime"",""r"":-66,""f"":2412},{""b"":""ca:0c:b5:d6:47:b9"",""s"":""Lee"",""r"":-66,""f"":2472},{""b"":""5a:86:94:c7:11:c8"",""s"":""menuit5653"",""r"":-66,""f"":2417}]",""
1791091324435,2026-10-04 14:22:04,unknown,37.5472132,127.0723572,6.877,1.189357,120.50354,44.29999923706055,fused,0,LTE,NR_NSA,5G,true,false,true,false,false,52549131,172,100,1,8282,450,06,-59,-7,-51,,4,0,,,,2017,65090,0.0161,0.5207,1997,65070,0.0160,0.5206,false,0,0,0,,,,1.189357,false,false,periodic,201,0,-3,,5004,,,,"[]",1012.04083,57,0.459,0.459,95,4,,,,"[{""b"":""00:d3:a9:a8:ee:60"",""s"":""CVS4U"",""r"":-54,""f"":2462},{""b"":""02:d3:a9:a8:ee:60"",""s"":"""",""r"":-54,""f"":2462},{""b"":""80:ca:4b:7b:c5:c6"",""s"":""U+NetC5C4"",""r"":-55,""f"":2457},{""b"":""12:09:a5:36:cf:6b"",""s"":"""",""r"":-56,""f"":2457},{""b"":""04:09:a5:36:cf:6b"",""s"":""SK_WiFiGIGACF68_2.4G"",""r"":-57,""f"":2457},{""b"":""80:ca:4b:7b:c5:c7"",""s"":""U+NetC5C4_5G"",""r"":-57,""f"":5805},{""b"":""18:c5:01:ab:89:2a"",""s"":""U+Net8928"",""r"":-57,""f"":2442},{""b"":""00:d3:a9:a8:ee:61"",""s"":""CVS4U"",""r"":-60,""f"":5180},{""b"":""86:25:19:a8:10:b0"",""s"":""DIRECT-B0 M203x Series"",""r"":-60,""f"":2412},{""b"":""ca:0c:b5:d6:47:b9"",""s"":""Lee"",""r"":-60,""f"":2472},{""b"":""dc:70:35:09:13:da"",""s"":""U+Net13D8"",""r"":-64,""f"":2432},{""b"":""b4:a9:4f:69:4a:6a"",""s"":""KT_GiGA_4A66"",""r"":-64,""f"":2422},{""b"":""bc:96:80:ca:0f:d1"",""s"":""U+Net0FD3"",""r"":-64,""f"":2447},{""b"":""34:fc:99:ba:38:c5"",""s"":""[system a\/c]_E30AJT0233010T"",""r"":-65,""f"":2412},{""b"":""ba:a9:4f:69:4a:6a"",""s"":""KT_GiGA_Mesh_4A66"",""r"":-65,""f"":2422}]",""
1791091329473,2026-10-04 14:22:09,unknown,37.5471707,127.0724043,6.939,1.0951643,114.93143,44.5,fused,1,LTE,NR_NSA,5G,true,false,true,false,false,52549131,172,100,1,8282,450,06,-59,-7,-51,,4,0,,,,2077,65019,0.0166,0.5202,2037,64980,0.0163,0.5198,false,0,0,0,,,,1.0951643,false,false,periodic,206,0,0,,10039,,,,"[]",1012.0591,56,0.459,0.459,76,5,,,,"[{""b"":""80:ca:4b:7b:c5:c6"",""s"":""U+NetC5C4"",""r"":-54,""f"":2457},{""b"":""00:d3:a9:a8:ee:60"",""s"":""CVS4U"",""r"":-58,""f"":2462},{""b"":""ca:0c:b5:d6:47:b9"",""s"":""Lee"",""r"":-60,""f"":2472},{""b"":""e2:70:35:1b:c2:1b"",""s"":"""",""r"":-61,""f"":5200},{""b"":""dc:70:35:1b:c2:1b"",""s"":""U+NetC218_5G"",""r"":-61,""f"":5200},{""b"":""8a:ca:4b:7b:c5:c7"",""s"":"""",""r"":-62,""f"":5805},{""b"":""88:3c:1c:43:48:7d"",""s"":""U+Net487E"",""r"":-62,""f"":2412},{""b"":""a6:36:c7:f0:f6:be"",""s"":""[LG_AirPurifier]f6be"",""r"":-62,""f"":2462},{""b"":""80:ca:4b:7b:c5:c7"",""s"":""U+NetC5C4_5G"",""r"":-62,""f"":5805},{""b"":""b0:38:6c:ad:99:d2"",""s"":""kiiiiikiiiiii"",""r"":-62,""f"":2412},{""b"":""28:4e:e9:b9:b7:81"",""s"":""KT_GiGA_B77D"",""r"":-63,""f"":2447},{""b"":""04:09:a5:36:cf:6b"",""s"":""SK_WiFiGIGACF68_2.4G"",""r"":-64,""f"":2457},{""b"":""00:d3:a9:a8:ee:61"",""s"":""CVS4U"",""r"":-64,""f"":5180},{""b"":""98:39:10:39:bd:68"",""s"":""U+Net23D4"",""r"":-64,""f"":2422},{""b"":""dc:84:03:34:00:a7"",""s"":""M9_MT35C-00A7"",""r"":-64,""f"":2422}]",""
1791091334488,2026-10-04 14:22:14,unknown,37.547134,127.0724791,5.884,1.1181204,127.97299,44.79999923706055,fused,0,LTE,NR_NSA,5G,true,false,true,false,false,52549131,172,100,1,8282,450,06,-63,-7,-51,,4,0,,,,10533,66839,0.0843,0.5347,10513,66819,0.0841,0.5346,false,0,0,0,,,,1.1181204,false,false,periodic,211,0,-4,,5004,,,,"[]",1011.9512,59,0.524,0.524,84,3,,,,"[{""b"":""ca:0c:b5:d6:47:b9"",""s"":""Lee"",""r"":-45,""f"":2472},{""b"":""80:ca:4b:7b:c5:c6"",""s"":""U+NetC5C4"",""r"":-58,""f"":2457},{""b"":""dc:70:35:1b:c2:1a"",""s"":""U+NetC218"",""r"":-61,""f"":2442},{""b"":""0c:96:cd:8e:40:a5"",""s"":""KT_GiGA_40A1"",""r"":-62,""f"":2427},{""b"":""60:29:d5:3e:1a:db"",""s"":""KT_GiGA_1AD7"",""r"":-62,""f"":2452},{""b"":""80:ca:4b:70:a2:46"",""s"":""카츠온주"",""r"":-62,""f"":2457},{""b"":""b0:38:6c:ad:99:d2"",""s"":""kiiiiikiiiiii"",""r"":-62,""f"":2412},{""b"":""58:86:94:0f:31:ca"",""s"":""cryptex"",""r"":-63,""f"":2437},{""b"":""ba:a9:4f:69:4a:6a"",""s"":""KT_GiGA_Mesh_4A66"",""r"":-64,""f"":2422},{""b"":""b4:a9:4f:69:4a:6a"",""s"":""KT_GiGA_4A66"",""r"":-64,""f"":2422},{""b"":""90:9f:33:7b:5c:52"",""s"":""core5"",""r"":-64,""f"":2452},{""b"":""08:5d:dd:c0:be:31"",""s"":""U+NetBE33"",""r"":-65,""f"":2437},{""b"":""88:3c:1c:8d:3a:14"",""s"":""KT_GiGA_2G_3A10"",""r"":-66,""f"":2447},{""b"":""88:3c:1c:4b:b0:65"",""s"":""U+NetB066"",""r"":-66,""f"":2412},{""b"":""1c:ec:72:1f:91:f8"",""s"":""KT_GiGA_91F5"",""r"":-66,""f"":2437}]",""
1791091339521,2026-10-04 14:22:19,unknown,37.5471169,127.0725501,6.01,1.0552987,94.33557,44.39999771118164,fused,0,LTE,NR_NSA,5G,true,false,true,false,false,52549131,172,100,1,8282,450,06,-63,-7,-51,,4,0,,,,2116,64996,0.0169,0.5200,2096,64976,0.0168,0.5198,false,0,0,0,,,,1.0552987,false,false,periodic,216,0,0,,10036,,,,"[]",1012.0015,52,0.524,0.524,71,2,,,,"[{""b"":""ca:0c:b5:d6:47:b9"",""s"":""Lee"",""r"":-51,""f"":2472},{""b"":""0c:96:cd:8e:40:a5"",""s"":""KT_GiGA_40A1"",""r"":-55,""f"":2427},{""b"":""f6:14:bf:eb:05:fe"",""s"":""[LG_Wall-Mount A\/C]05fe"",""r"":-56,""f"":2462},{""b"":""1c:ec:72:1f:91:f8"",""s"":""KT_GiGA_91F5"",""r"":-60,""f"":2437},{""b"":""b0:38:6c:ad:99:d2"",""s"":""kiiiiikiiiiii"",""r"":-60,""f"":2412},{""b"":""58:86:94:0b:83:2e"",""s"":""hanamsejong"",""r"":-62,""f"":2412},{""b"":""08:5d:dd:f0:ff:09"",""s"":""U+NetFF0B"",""r"":-63,""f"":2422},{""b"":""90:9f:33:7b:5c:52"",""s"":""core5"",""r"":-63,""f"":2452},{""b"":""04:09:a5:36:cf:6b"",""s"":""SK_WiFiGIGACF68_2.4G"",""r"":-64,""f"":2457},{""b"":""88:3c:1c:8d:3a:14"",""s"":""KT_GiGA_2G_3A10"",""r"":-64,""f"":2447},{""b"":""38:f4:5e:2f:1e:4f"",""s"":""SK_1E4C_2.4G"",""r"":-64,""f"":2457},{""b"":""1e:39:29:9e:ef:3b"",""s"":""[LG_CeilingCassette A\/C]ef3b"",""r"":-64,""f"":2462},{""b"":""1c:ec:72:1f:91:f9"",""s"":""KT_GiGA_5G_91F5"",""r"":-66,""f"":5200},{""b"":""80:ca:4b:7b:c5:c6"",""s"":""U+NetC5C4"",""r"":-67,""f"":2457},{""b"":""60:29:d5:c3:5d:21"",""s"":""KT_GiGA_5D1D"",""r"":-69,""f"":2452}]",""
1791091344549,2026-10-04 14:22:24,unknown,37.5471133,127.0726095,5.708,1.0716747,71.126854,44.39999771118164,fused,0,LTE,NR_NSA,5G,true,false,true,false,false,52549131,172,100,1,8282,450,06,-64,-10,-51,,4,0,,,,2161,63438,0.0173,0.5075,2141,63418,0.0171,0.5073,false,0,0,0,,,,1.0716747,false,false,periodic,221,0,-1,,5004,,,,"[]",1012.0502,55,0.459,0.459,71,7,,,,"[{""b"":""ca:0c:b5:d6:47:b9"",""s"":""Lee"",""r"":-51,""f"":2472},{""b"":""0c:96:cd:8e:40:a5"",""s"":""KT_GiGA_40A1"",""r"":-55,""f"":2427},{""b"":""f6:14:bf:eb:05:fe"",""s"":""[LG_Wall-Mount A\/C]05fe"",""r"":-56,""f"":2462},{""b"":""1c:ec:72:1f:91:f8"",""s"":""KT_GiGA_91F5"",""r"":-60,""f"":2437},{""b"":""b0:38:6c:ad:99:d2"",""s"":""kiiiiikiiiiii"",""r"":-60,""f"":2412},{""b"":""58:86:94:0b:83:2e"",""s"":""hanamsejong"",""r"":-62,""f"":2412},{""b"":""08:5d:dd:f0:ff:09"",""s"":""U+NetFF0B"",""r"":-63,""f"":2422},{""b"":""90:9f:33:7b:5c:52"",""s"":""core5"",""r"":-63,""f"":2452},{""b"":""04:09:a5:36:cf:6b"",""s"":""SK_WiFiGIGACF68_2.4G"",""r"":-64,""f"":2457},{""b"":""88:3c:1c:8d:3a:14"",""s"":""KT_GiGA_2G_3A10"",""r"":-64,""f"":2447},{""b"":""38:f4:5e:2f:1e:4f"",""s"":""SK_1E4C_2.4G"",""r"":-64,""f"":2457},{""b"":""1e:39:29:9e:ef:3b"",""s"":""[LG_CeilingCassette A\/C]ef3b"",""r"":-64,""f"":2462},{""b"":""1c:ec:72:1f:91:f9"",""s"":""KT_GiGA_5G_91F5"",""r"":-66,""f"":5200},{""b"":""80:ca:4b:7b:c5:c6"",""s"":""U+NetC5C4"",""r"":-67,""f"":2457},{""b"":""60:29:d5:c3:5d:21"",""s"":""KT_GiGA_5D1D"",""r"":-69,""f"":2452}]",""
1791091349576,2026-10-04 14:22:29,unknown,37.5471293,127.0726731,6.885,1.1757442,75.480064,44.39999771118164,fused,0,LTE,NR_NSA,5G,true,false,true,false,false,52549131,172,100,1,8282,450,06,-64,-10,-51,,4,0,,,,2147,65142,0.0172,0.5211,2127,65122,0.0170,0.5210,false,0,0,0,,,,1.1757442,false,false,periodic,226,0,0,,10033,,,,"[]",1011.975,51,0.459,0.459,76,5,,,,"[{""b"":""f6:14:bf:eb:05:fe"",""s"":""[LG_Wall-Mount A\/C]05fe"",""r"":-53,""f"":2462},{""b"":""0c:96:cd:8e:40:a5"",""s"":""KT_GiGA_40A1"",""r"":-55,""f"":2427},{""b"":""1e:39:29:9e:ef:3b"",""s"":""[LG_CeilingCassette A\/C]ef3b"",""r"":-58,""f"":2462},{""b"":""0c:96:cd:4e:a5:4e"",""s"":""KT_GiGA_A54A"",""r"":-58,""f"":2452},{""b"":""88:3c:1c:8d:3a:14"",""s"":""KT_GiGA_2G_3A10"",""r"":-59,""f"":2447},{""b"":""1c:ec:72:1f:91:f8"",""s"":""KT_GiGA_91F5"",""r"":-59,""f"":2437},{""b"":""98:39:10:39:bd:68"",""s"":""U+Net23D4"",""r"":-59,""f"":2422},{""b"":""be:86:dd:73:22:3e"",""s"":"""",""r"":-61,""f"":2437},{""b"":""0c:96:cd:8e:40:a4"",""s"":""KT_GiGA_5G_40A1"",""r"":-62,""f"":5785},{""b"":""1e:96:cd:8e:40:a4"",""s"":"""",""r"":-62,""f"":5785},{""b"":""80:ca:4b:d7:63:9e"",""s"":""복복중식"",""r"":-62,""f"":2427},{""b"":""8c:86:dd:73:22:3e"",""s"":""TP-Link_2240"",""r"":-63,""f"":2437},{""b"":""8c:90:2d:ce:74:2b"",""s"":""Gao"",""r"":-63,""f"":2417},{""b"":""0c:96:cd:92:f1:4a"",""s"":""KT_GiGA_Seon"",""r"":-63,""f"":2427},{""b"":""ca:0c:b5:d6:47:b9"",""s"":""Lee"",""r"":-63,""f"":2472}]",""
1791091354605,2026-10-04 14:22:34,unknown,37.5471258,127.0727594,6.582,1.1680307,76.16806,44.5,fused,0,LTE,NR_NSA,5G,true,false,true,false,false,52549131,172,100,1,8282,450,06,-67,-7,-51,,4,0,,,,2219,65136,0.0178,0.5211,2180,65096,0.0174,0.5208,false,0,0,0,,,,1.1680307,false,false,periodic,231,0,-3,,5003,,,,"[]",1011.9518,54,0.524,0.459,64,3,,,,"[{""b"":""88:3c:1c:8d:3a:14"",""s"":""KT_GiGA_2G_3A10"",""r"":-50,""f"":2447},{""b"":""0c:96:cd:4e:a5:4e"",""s"":""KT_GiGA_A54A"",""r"":-52,""f"":2452},{""b"":""be:86:dd:73:22:3e"",""s"":"""",""r"":-55,""f"":2437},{""b"":""8c:86:dd:73:22:3e"",""s"":""TP-Link_2240"",""r"":-57,""f"":2437},{""b"":""b0:38:6c:b2:96:66"",""s"":""iptime"",""r"":-60,""f"":2422},{""b"":""1c:ec:72:1f:91:f8"",""s"":""KT_GiGA_91F5"",""r"":-60,""f"":2437},{""b"":""0c:96:cd:2d:cc:32"",""s"":""KT_GiGA_CC2E"",""r"":-61,""f"":2437},{""b"":""8c:90:2d:ce:74:2b"",""s"":""Gao"",""r"":-61,""f"":2417},{""b"":""1e:39:29:9e:ef:3b"",""s"":""[LG_CeilingCassette A\/C]ef3b"",""r"":-62,""f"":2462},{""b"":""f6:14:bf:eb:05:fe"",""s"":""[LG_Wall-Mount A\/C]05fe"",""r"":-62,""f"":2462},{""b"":""80:ca:4b:8f:4f:82"",""s"":""U+Net4F80"",""r"":-63,""f"":2417},{""b"":""b4:a9:4f:57:65:e8"",""s"":""SK_WiFiGIGA65E5"",""r"":-63,""f"":2447},{""b"":""dc:8e:8d:bf:f0:6a"",""s"":""DLive_F065"",""r"":-64,""f"":2462},{""b"":""70:5d:cc:cf:0b:e6"",""s"":""iptime"",""r"":-64,""f"":2452},{""b"":""0c:96:cd:8e:40:a5"",""s"":""KT_GiGA_40A1"",""r"":-64,""f"":2427}]",""
1791091359635,2026-10-04 14:22:39,unknown,37.5471286,127.0727996,7.129,1.1146505,91.29249,44.39999771118164,fused,0,LTE,NR_NSA,5G,true,false,true,false,false,52549131,172,100,1,8282,450,06,-67,-7,-51,,4,0,,,,2132,65103,0.0171,0.5208,2112,65083,0.0169,0.5207,false,0,0,0,,,,1.1146505,false,false,periodic,236,0,0,,10034,,,,"[]",1012.06805,50,0.524,0.459,72,4,,,,"[{""b"":""bc:e0:01:96:77:b1"",""s"":""netis"",""r"":-52,""f"":2447},{""b"":""88:3c:1c:8d:3a:14"",""s"":""KT_GiGA_2G_3A10"",""r"":-53,""f"":2447},{""b"":""8c:86:dd:73:22:3e"",""s"":""TP-Link_2240"",""r"":-54,""f"":2437},{""b"":""8c:90:2d:ce:74:2b"",""s"":""Gao"",""r"":-54,""f"":2417},{""b"":""ae:90:2d:ce:74:2b"",""s"":"""",""r"":-54,""f"":2417},{""b"":""0c:96:cd:4e:a5:4e"",""s"":""KT_GiGA_A54A"",""r"":-59,""f"":2452},{""b"":""28:6d:97:8f:a0:f3"",""s"":""[floor a\/c] Samsung"",""r"":-60,""f"":2412},{""b"":""30:16:9d:91:d0:10"",""s"":""Naydelin"",""r"":-60,""f"":2422},{""b"":""60:29:d5:3e:1a:db"",""s"":""KT_GiGA_1AD7"",""r"":-61,""f"":2452},{""b"":""80:ca:4b:d7:63:9e"",""s"":""복복중식"",""r"":-61,""f"":2427},{""b"":""88:3c:1c:8d:3a:13"",""s"":""KT_GiGA_5G_3A10"",""r"":-62,""f"":5220},{""b"":""b0:38:6c:ad:99:d2"",""s"":""kiiiiikiiiiii"",""r"":-63,""f"":2412},{""b"":""1e:39:29:9e:ef:3b"",""s"":""[LG_CeilingCassette A\/C]ef3b"",""r"":-63,""f"":2462},{""b"":""bc:62:ce:f7:f8:9c"",""s"":""DLive_F897"",""r"":-64,""f"":2462},{""b"":""bc:62:ce:f8:17:6b"",""s"":""DLive_1766"",""r"":-66,""f"":2462}]",""
1791091364667,2026-10-04 14:22:44,unknown,37.547095,127.072882,9.767,1.0752294,63.97559,44.70000076293945,fused,0,LTE,NR_NSA,5G,true,false,true,false,false,52549131,172,100,1,8282,450,06,-66,-10,-51,,4,0,,,,1261293,66077,10.0903,0.5286,1261273,66057,10.0902,0.5285,false,1,0,1,-77,16,100,1.0752294,false,false,periodic,241,0,1,,5001,,,,"[{""type"":""LTE"",""pci"":16,""earfcn"":100,""tac"":null,""rsrp"":-77,""rsrq"":-18,""rssi"":-51,""snr"":null,""ta"":0,""level"":4,""bands"":""1""}]",1011.9631,56,0.470,0.524,70,2,,,,"[{""b"":""8c:86:dd:73:22:3e"",""s"":""TP-Link_2240"",""r"":-49,""f"":2437},{""b"":""8c:90:2d:ce:74:2b"",""s"":""Gao"",""r"":-49,""f"":2417},{""b"":""70:5d:cc:cf:0b:e6"",""s"":""iptime"",""r"":-51,""f"":2452},{""b"":""bc:e0:01:96:77:b1"",""s"":""netis"",""r"":-51,""f"":2447},{""b"":""08:8a:f1:95:f3:82"",""s"":""MERCUSYS_F382"",""r"":-55,""f"":2457},{""b"":""ac:84:c6:55:57:7c"",""s"":""TP-Link_577C"",""r"":-56,""f"":2412},{""b"":""88:3c:1c:a7:e3:94"",""s"":""U+NetE395"",""r"":-58,""f"":2437},{""b"":""88:3c:1c:8d:3a:14"",""s"":""KT_GiGA_2G_3A10"",""r"":-59,""f"":2447},{""b"":""80:ca:4b:d3:ac:ba"",""s"":""U+NetACB8"",""r"":-59,""f"":2427},{""b"":""0c:96:cd:2d:cc:32"",""s"":""KT_GiGA_CC2E"",""r"":-60,""f"":2437},{""b"":""60:29:d5:3e:1a:db"",""s"":""KT_GiGA_1AD7"",""r"":-62,""f"":2452},{""b"":""60:29:d5:3e:1a:da"",""s"":""KT_GiGA_5G_1AD7"",""r"":-62,""f"":5220},{""b"":""98:39:10:39:bd:68"",""s"":""U+Net23D4"",""r"":-62,""f"":2422},{""b"":""66:29:d5:3e:1a:da"",""s"":"""",""r"":-62,""f"":5220},{""b"":""bc:62:ce:f7:f8:9c"",""s"":""DLive_F897"",""r"":-65,""f"":2462}]",""
1791091369696,2026-10-04 14:22:49,unknown,37.547089,127.0729435,9.519,1.1936187,85.91623,44.70000076293945,fused,0,LTE,NR_NSA,5G,true,false,true,false,false,52549131,172,100,1,8282,450,06,-66,-10,-51,,4,0,,,,2189,63440,0.0175,0.5075,2169,63420,0.0174,0.5074,false,1,0,1,-77,16,100,1.1936187,false,false,periodic,246,0,0,,10030,,,,"[{""type"":""LTE"",""pci"":16,""earfcn"":100,""tac"":null,""rsrp"":-77,""rsrq"":-18,""rssi"":-51,""snr"":null,""ta"":0,""level"":4,""bands"":""1""}]",1011.94434,55,0.524,0.459,70,7,,,,"[{""b"":""8c:86:dd:73:22:3e"",""s"":""TP-Link_2240"",""r"":-49,""f"":2437},{""b"":""8c:90:2d:ce:74:2b"",""s"":""Gao"",""r"":-49,""f"":2417},{""b"":""70:5d:cc:cf:0b:e6"",""s"":""iptime"",""r"":-51,""f"":2452},{""b"":""bc:e0:01:96:77:b1"",""s"":""netis"",""r"":-51,""f"":2447},{""b"":""08:8a:f1:95:f3:82"",""s"":""MERCUSYS_F382"",""r"":-55,""f"":2457},{""b"":""ac:84:c6:55:57:7c"",""s"":""TP-Link_577C"",""r"":-56,""f"":2412},{""b"":""88:3c:1c:a7:e3:94"",""s"":""U+NetE395"",""r"":-58,""f"":2437},{""b"":""88:3c:1c:8d:3a:14"",""s"":""KT_GiGA_2G_3A10"",""r"":-59,""f"":2447},{""b"":""80:ca:4b:d3:ac:ba"",""s"":""U+NetACB8"",""r"":-59,""f"":2427},{""b"":""0c:96:cd:2d:cc:32"",""s"":""KT_GiGA_CC2E"",""r"":-60,""f"":2437},{""b"":""60:29:d5:3e:1a:db"",""s"":""KT_GiGA_1AD7"",""r"":-62,""f"":2452},{""b"":""60:29:d5:3e:1a:da"",""s"":""KT_GiGA_5G_1AD7"",""r"":-62,""f"":5220},{""b"":""98:39:10:39:bd:68"",""s"":""U+Net23D4"",""r"":-62,""f"":2422},{""b"":""66:29:d5:3e:1a:da"",""s"":"""",""r"":-62,""f"":5220},{""b"":""bc:62:ce:f7:f8:9c"",""s"":""DLive_F897"",""r"":-65,""f"":2462}]",""
1791091374725,2026-10-04 14:22:54,unknown,37.5470733,127.0730211,8.263,1.1168821,101.463455,45.099998474121094,fused,0,LTE,NR_NSA,5G,true,false,true,false,false,52549131,172,100,1,8282,450,06,-67,-6,-51,,4,0,,,,2166,65150,0.0173,0.5212,2126,65110,0.0170,0.5209,false,1,0,1,-77,16,100,1.1168821,false,false,periodic,251,0,-1,,5000,,,,"[{""type"":""LTE"",""pci"":16,""earfcn"":100,""tac"":null,""rsrp"":-77,""rsrq"":-20,""rssi"":-51,""snr"":null,""ta"":0,""level"":4,""bands"":""1""}]",1011.9016,55,0.524,0.459,76,6,,,,"[{""b"":""8c:86:dd:73:22:3e"",""s"":""TP-Link_2240"",""r"":-49,""f"":2437},{""b"":""8c:90:2d:ce:74:2b"",""s"":""Gao"",""r"":-49,""f"":2417},{""b"":""ae:90:2d:ce:74:2b"",""s"":"""",""r"":-51,""f"":2417},{""b"":""80:ca:4b:d3:ac:ba"",""s"":""U+NetACB8"",""r"":-52,""f"":2427},{""b"":""70:5d:cc:cf:0b:e6"",""s"":""iptime"",""r"":-55,""f"":2452},{""b"":""38:f4:5e:4e:08:bf"",""s"":""SK_08BC_2.4G"",""r"":-56,""f"":2412},{""b"":""80:ca:4b:d3:ac:bb"",""s"":""U+NetACB8_5G"",""r"":-57,""f"":5180},{""b"":""be:86:dd:73:22:3f"",""s"":"""",""r"":-60,""f"":5745},{""b"":""88:3c:1c:8d:3a:14"",""s"":""KT_GiGA_2G_3A10"",""r"":-60,""f"":2447},{""b"":""28:4e:e9:51:d6:92"",""s"":""KT_GiGA_D68E"",""r"":-60,""f"":2452},{""b"":""8c:86:dd:73:22:3f"",""s"":""TP-Link_2240_5G"",""r"":-61,""f"":5745},{""b"":""b2:38:6c:44:c0:18"",""s"":"""",""r"":-61,""f"":5200},{""b"":""56:46:ae:3e:b5:53"",""s"":""KT_GiGA_Mesh_B54F"",""r"":-61,""f"":2427},{""b"":""80:ca:4b:fa:96:0a"",""s"":""palos"",""r"":-64,""f"":2422},{""b"":""90:9f:33:bb:03:94"",""s"":""joon"",""r"":-66,""f"":2472}]",""
1791091379747,2026-10-04 14:22:59,unknown,37.547056,127.0730815,6.874,1.1844827,107.59418,45.79999923706055,fused,0,LTE,NR_NSA,5G,true,false,true,false,false,52549131,172,100,1,8282,450,06,-67,-6,-51,,4,0,,,,2035,65207,0.0163,0.5217,2015,65187,0.0161,0.5215,false,1,0,1,-77,16,100,1.1844827,false,false,periodic,256,0,0,,10023,,,,"[{""type"":""LTE"",""pci"":16,""earfcn"":100,""tac"":null,""rsrp"":-77,""rsrq"":-20,""rssi"":-51,""snr"":null,""ta"":0,""level"":4,""bands"":""1""}]",1011.9594,59,0.459,0.459,76,5,,,,"[{""b"":""8c:86:dd:73:22:3e"",""s"":""TP-Link_2240"",""r"":-53,""f"":2437},{""b"":""8c:90:2d:ce:74:2b"",""s"":""Gao"",""r"":-53,""f"":2417},{""b"":""b2:38:6c:44:c0:18"",""s"":"""",""r"":-54,""f"":5200},{""b"":""28:4e:e9:51:d6:92"",""s"":""KT_GiGA_D68E"",""r"":-56,""f"":2452},{""b"":""98:39:10:39:bd:68"",""s"":""U+Net23D4"",""r"":-57,""f"":2422},{""b"":""70:5d:cc:cf:0b:e6"",""s"":""iptime"",""r"":-58,""f"":2452},{""b"":""ac:84:c6:55:57:7c"",""s"":""TP-Link_577C"",""r"":-59,""f"":2412},{""b"":""1e:39:29:d1:c2:c3"",""s"":""[LG_CeilingCassette A\/C]c2c3"",""r"":-59,""f"":2462},{""b"":""50:46:ae:11:22:af"",""s"":""SK_WiFiGIGA22AC_2.4G"",""r"":-59,""f"":2432},{""b"":""be:86:dd:73:22:3e"",""s"":"""",""r"":-60,""f"":2437},{""b"":""22:ec:72:6c:3f:41"",""s"":""Public WiFi Free"",""r"":-60,""f"":2437},{""b"":""80:ca:4b:d8:23:d6"",""s"":""U+Net23D4"",""r"":-60,""f"":2462},{""b"":""60:29:d5:3e:1a:db"",""s"":""KT_GiGA_1AD7"",""r"":-61,""f"":2452},{""b"":""5a:46:ae:11:22:ae"",""s"":"""",""r"":-62,""f"":5240},{""b"":""28:4e:e9:a1:97:e3"",""s"":""KT_GiGA_97DF"",""r"":-63,""f"":2422}]",""
1791091384776,2026-10-04 14:23:04,unknown,37.5470435,127.07316,6.201,1.1039518,102.7358,45.79999923706055,fused,0,LTE,NR_NSA,5G,true,false,true,false,false,52549131,172,100,1,8282,450,06,-67,-11,-51,,4,0,,,,1946,65116,0.0156,0.5209,1926,65096,0.0154,0.5208,false,1,0,1,-75,16,100,1.1039518,false,false,periodic,261,0,0,,5001,,,,"[{""type"":""LTE"",""pci"":16,""earfcn"":100,""tac"":null,""rsrp"":-75,""rsrq"":-13,""rssi"":-53,""snr"":null,""ta"":0,""level"":4,""bands"":""1""}]",1011.87274,55,0.488,0.524,74,3,,,,"[{""b"":""90:de:80:2e:a8:8f"",""s"":""GNET_BB_MVR_M1_2EA88F"",""r"":-45,""f"":2437},{""b"":""98:39:10:39:bd:68"",""s"":""U+Net23D4"",""r"":-51,""f"":2422},{""b"":""b2:38:6c:44:c0:18"",""s"":"""",""r"":-54,""f"":5200},{""b"":""50:46:ae:11:22:af"",""s"":""SK_WiFiGIGA22AC_2.4G"",""r"":-55,""f"":2432},{""b"":""38:f4:5e:4e:08:bf"",""s"":""SK_08BC_2.4G"",""r"":-56,""f"":2412},{""b"":""1c:ec:72:6c:3f:41"",""s"":""Public WiFi Secure"",""r"":-59,""f"":2437},{""b"":""22:ec:72:6c:3f:41"",""s"":""Public WiFi Free"",""r"":-59,""f"":2437},{""b"":""b0:38:6c:04:c0:18"",""s"":""본가테이블오더"",""r"":-59,""f"":2447},{""b"":""26:ec:72:6c:3f:41"",""s"":""SEOUL_Secure"",""r"":-59,""f"":2437},{""b"":""1e:39:29:d1:c2:c3"",""s"":""[LG_CeilingCassette A\/C]c2c3"",""r"":-60,""f"":2462},{""b"":""c6:a9:4f:a1:6b:a5"",""s"":""SK_WiFiGIGA6BA2_2.4G"",""r"":-60,""f"":2417},{""b"":""28:4e:e9:a1:97:e3"",""s"":""KT_GiGA_97DF"",""r"":-61,""f"":2422},{""b"":""88:3c:1c:8d:3a:14"",""s"":""KT_GiGA_2G_3A10"",""r"":-61,""f"":2447},{""b"":""ae:90:2d:ce:74:2b"",""s"":"""",""r"":-61,""f"":2417},{""b"":""56:46:ae:3e:b5:53"",""s"":""KT_GiGA_Mesh_B54F"",""r"":-62,""f"":2427}]",""
1791091389801,2026-10-04 14:23:09,unknown,37.547027,127.073228,5.786,1.0887299,112.298515,45.70000076293945,fused,0,LTE,NR_NSA,5G,true,false,true,false,false,52549131,172,100,1,8282,450,06,-67,-11,-51,,4,0,,,,2033,65182,0.0163,0.5215,2013,65162,0.0161,0.5213,false,1,0,1,-75,16,100,1.0887299,false,false,periodic,266,0,0,,10026,,,,"[{""type"":""LTE"",""pci"":16,""earfcn"":100,""tac"":null,""rsrp"":-75,""rsrq"":-13,""rssi"":-53,""snr"":null,""ta"":0,""level"":4,""bands"":""1""}]",1011.9208,52,0.524,0.524,71,6,,,,"[{""b"":""28:4e:e9:51:d6:92"",""s"":""KT_GiGA_D68E"",""r"":-44,""f"":2452},{""b"":""98:39:10:39:bd:68"",""s"":""U+Net23D4"",""r"":-57,""f"":2422},{""b"":""b2:38:6c:44:c0:18"",""s"":"""",""r"":-57,""f"":5200},{""b"":""50:46:ae:3e:b5:53"",""s"":""KT_GiGA_B54F"",""r"":-58,""f"":2427},{""b"":""56:46:ae:3e:b5:53"",""s"":""KT_GiGA_Mesh_B54F"",""r"":-59,""f"":2427},{""b"":""60:29:d5:69:07:0d"",""s"":""KT_GiGA_0709"",""r"":-61,""f"":2452},{""b"":""70:5d:cc:cf:0b:e6"",""s"":""iptime"",""r"":-61,""f"":2452},{""b"":""8c:86:dd:73:22:3e"",""s"":""TP-Link_2240"",""r"":-61,""f"":2437},{""b"":""8c:90:2d:ce:74:2b"",""s"":""Gao"",""r"":-61,""f"":2417},{""b"":""bc:e0:01:96:77:b1"",""s"":""netis"",""r"":-61,""f"":2447},{""b"":""b4:a9:4f:a1:6b:a5"",""s"":""SK_WiFiGIGA6BA2"",""r"":-61,""f"":2417},{""b"":""28:4e:e9:51:d6:91"",""s"":""KT_GiGA_5G_D68E"",""r"":-62,""f"":5765},{""b"":""3a:4e:e9:51:d6:91"",""s"":"""",""r"":-62,""f"":5765},{""b"":""b0:38:6c:4e:35:38"",""s"":""21pox nox order"",""r"":-62,""f"":2427},{""b"":""bc:62:ce:f8:17:6b"",""s"":""DLive_1766"",""r"":-63,""f"":2462}]",""
1791091394826,2026-10-04 14:23:14,unknown,37.5470088,127.0733066,5.902,1.1203076,106.513306,45.79999923706055,fused,0,LTE,NR_NSA,5G,true,false,true,false,false,52549131,172,100,1,8282,450,06,-66,-8,-51,,4,0,,,,2005,63408,0.0160,0.5073,1985,63388,0.0159,0.5071,false,2,0,2,-72,16,100,1.1203076,false,false,periodic,271,0,1,,5003,,,,"[{""type"":""LTE"",""pci"":16,""earfcn"":100,""tac"":null,""rsrp"":-72,""rsrq"":-14,""rssi"":-51,""snr"":null,""ta"":0,""level"":4,""bands"":""1""},{""type"":""LTE"",""pci"":442,""earfcn"":100,""tac"":null,""rsrp"":-74,""rsrq"":-16,""rssi"":-51,""snr"":null,""ta"":0,""level"":4,""bands"":""1""}]",1011.8723,50,0.459,0.459,71,2,,,,"[{""b"":""28:4e:e9:51:d6:92"",""s"":""KT_GiGA_D68E"",""r"":-50,""f"":2452},{""b"":""98:39:10:39:bd:68"",""s"":""U+Net23D4"",""r"":-53,""f"":2422},{""b"":""38:f4:5e:39:1f:69"",""s"":""KT_GiGA_1F66"",""r"":-55,""f"":2447},{""b"":""50:46:ae:3e:b5:53"",""s"":""KT_GiGA_B54F"",""r"":-56,""f"":2427},{""b"":""56:46:ae:3e:b5:53"",""s"":""KT_GiGA_Mesh_B54F"",""r"":-56,""f"":2427},{""b"":""b2:38:6c:44:c0:18"",""s"":"""",""r"":-59,""f"":5200},{""b"":""80:ca:4b:f0:b5:26"",""s"":""U+NetB524"",""r"":-60,""f"":2417},{""b"":""90:9f:33:bb:03:94"",""s"":""joon"",""r"":-60,""f"":2472},{""b"":""38:f4:5e:63:83:b8"",""s"":""KT_GiGA_83B5"",""r"":-61,""f"":2447},{""b"":""50:46:ae:3e:b5:52"",""s"":""KT_GiGA_5G_B54F"",""r"":-62,""f"":5805},{""b"":""62:46:ae:3e:b5:52"",""s"":"""",""r"":-62,""f"":5805},{""b"":""b4:a9:4f:a1:6b:a5"",""s"":""SK_WiFiGIGA6BA2"",""r"":-62,""f"":2417},{""b"":""80:ca:4b:d8:23:d6"",""s"":""U+Net23D4"",""r"":-62,""f"":2462},{""b"":""56:46:ae:3e:b5:52"",""s"":""KT_GiGA_Mesh_B54F"",""r"":-62,""f"":5805},{""b"":""38:f4:5e:4a:c4:af"",""s"":""SK_C4AC_2.4G"",""r"":-63,""f"":2462}]",""
1791091399852,2026-10-04 14:23:19,unknown,37.5470057,127.0733571,5.616,1.0801504,105.18986,45.79999923706055,fused,0,LTE,NR_NSA,5G,true,false,true,false,false,52549131,172,100,1,8282,450,06,-66,-8,-51,,4,0,,,,2067,65175,0.0165,0.5214,2027,65135,0.0162,0.5211,false,2,0,2,-72,16,100,1.0801504,false,false,periodic,276,0,0,,10030,,,,"[{""type"":""LTE"",""pci"":16,""earfcn"":100,""tac"":null,""rsrp"":-72,""rsrq"":-14,""rssi"":-51,""snr"":null,""ta"":0,""level"":4,""bands"":""1""},{""type"":""LTE"",""pci"":442,""earfcn"":100,""tac"":null,""rsrp"":-74,""rsrq"":-16,""rssi"":-51,""snr"":null,""ta"":0,""level"":4,""bands"":""1""}]",1011.8294,52,0.524,0.459,71,7,,,,"[{""b"":""28:4e:e9:51:d6:92"",""s"":""KT_GiGA_D68E"",""r"":-50,""f"":2452},{""b"":""98:39:10:39:bd:68"",""s"":""U+Net23D4"",""r"":-53,""f"":2422},{""b"":""38:f4:5e:39:1f:69"",""s"":""KT_GiGA_1F66"",""r"":-55,""f"":2447},{""b"":""50:46:ae:3e:b5:53"",""s"":""KT_GiGA_B54F"",""r"":-56,""f"":2427},{""b"":""56:46:ae:3e:b5:53"",""s"":""KT_GiGA_Mesh_B54F"",""r"":-56,""f"":2427},{""b"":""b2:38:6c:44:c0:18"",""s"":"""",""r"":-59,""f"":5200},{""b"":""80:ca:4b:f0:b5:26"",""s"":""U+NetB524"",""r"":-60,""f"":2417},{""b"":""90:9f:33:bb:03:94"",""s"":""joon"",""r"":-60,""f"":2472},{""b"":""38:f4:5e:63:83:b8"",""s"":""KT_GiGA_83B5"",""r"":-61,""f"":2447},{""b"":""50:46:ae:3e:b5:52"",""s"":""KT_GiGA_5G_B54F"",""r"":-62,""f"":5805},{""b"":""62:46:ae:3e:b5:52"",""s"":"""",""r"":-62,""f"":5805},{""b"":""b4:a9:4f:a1:6b:a5"",""s"":""SK_WiFiGIGA6BA2"",""r"":-62,""f"":2417},{""b"":""80:ca:4b:d8:23:d6"",""s"":""U+Net23D4"",""r"":-62,""f"":2462},{""b"":""56:46:ae:3e:b5:52"",""s"":""KT_GiGA_Mesh_B54F"",""r"":-62,""f"":5805},{""b"":""38:f4:5e:4a:c4:af"",""s"":""SK_C4AC_2.4G"",""r"":-63,""f"":2462}]",""
1791091404881,2026-10-04 14:23:24,unknown,37.5470017,127.073411,5.271,1.0470579,104.228065,45.89999771118164,fused,1,LTE,NR_NSA,5G,true,false,true,false,false,52549131,172,100,1,8282,450,06,-68,-9,-51,,4,0,,,,3654,66939,0.0292,0.5355,3634,66919,0.0291,0.5354,false,1,0,1,-71,16,100,1.0470579,false,false,periodic,281,0,-2,,5002,,,,"[{""type"":""LTE"",""pci"":16,""earfcn"":100,""tac"":null,""rsrp"":-71,""rsrq"":-11,""rssi"":-51,""snr"":null,""ta"":0,""level"":4,""bands"":""1""}]",1011.7741,71,0.459,0.459,82,5,,,,"[{""b"":""56:46:ae:3e:b5:52"",""s"":""KT_GiGA_Mesh_B54F"",""r"":-47,""f"":5805},{""b"":""50:46:ae:3e:b5:52"",""s"":""KT_GiGA_5G_B54F"",""r"":-48,""f"":5805},{""b"":""b0:38:6c:04:c0:18"",""s"":""본가테이블오더"",""r"":-49,""f"":2447},{""b"":""50:46:ae:3e:b5:53"",""s"":""KT_GiGA_B54F"",""r"":-50,""f"":2427},{""b"":""c4:12:f5:6b:39:98"",""s"":""dlink-luckylucky"",""r"":-50,""f"":2412},{""b"":""56:46:ae:3e:b5:53"",""s"":""KT_GiGA_Mesh_B54F"",""r"":-52,""f"":2427},{""b"":""28:4e:e9:51:d6:92"",""s"":""KT_GiGA_D68E"",""r"":-55,""f"":2452},{""b"":""90:9f:33:bb:03:94"",""s"":""joon"",""r"":-56,""f"":2472},{""b"":""0c:96:cd:c6:5e:81"",""s"":""KT_GiGA_5E7D"",""r"":-58,""f"":2457},{""b"":""b4:a9:4f:a1:6b:a5"",""s"":""SK_WiFiGIGA6BA2"",""r"":-58,""f"":2417},{""b"":""ba:a9:4f:a1:6b:a5"",""s"":"""",""r"":-59,""f"":2417},{""b"":""38:f4:5e:39:1f:69"",""s"":""KT_GiGA_1F66"",""r"":-60,""f"":2447},{""b"":""c6:a9:4f:a1:6b:a5"",""s"":""SK_WiFiGIGA6BA2_2.4G"",""r"":-60,""f"":2417},{""b"":""0c:96:cd:cc:c7:75"",""s"":""SK_WiFiGIGAC772_2.4G"",""r"":-61,""f"":2437},{""b"":""38:f4:5e:63:83:b8"",""s"":""KT_GiGA_83B5"",""r"":-61,""f"":2447}]",""
1791091409931,2026-10-04 14:23:29,unknown,37.5469878,127.0734927,5.314,1.0729139,89.31082,45.89999771118164,fused,0,LTE,NR_NSA,5G,true,false,true,false,false,52549131,172,100,1,8282,450,06,-68,-9,-51,,4,0,,,,1980,64845,0.0158,0.5188,1961,64825,0.0157,0.5186,false,1,0,1,-71,16,100,1.0729139,false,false,periodic,286,0,0,,10053,,,,"[{""type"":""LTE"",""pci"":16,""earfcn"":100,""tac"":null,""rsrp"":-71,""rsrq"":-11,""rssi"":-51,""snr"":null,""ta"":0,""level"":4,""bands"":""1""}]",1011.6889,76,0.459,0.459,82,3,,,,"[{""b"":""50:46:ae:3e:b5:52"",""s"":""KT_GiGA_5G_B54F"",""r"":-36,""f"":5805},{""b"":""56:46:ae:3e:b5:52"",""s"":""KT_GiGA_Mesh_B54F"",""r"":-37,""f"":5805},{""b"":""50:46:ae:3e:b5:53"",""s"":""KT_GiGA_B54F"",""r"":-39,""f"":2427},{""b"":""56:46:ae:3e:b5:53"",""s"":""KT_GiGA_Mesh_B54F"",""r"":-40,""f"":2427},{""b"":""b0:38:6c:04:c0:18"",""s"":""본가테이블오더"",""r"":-46,""f"":2447},{""b"":""98:39:10:39:bd:68"",""s"":""U+Net23D4"",""r"":-48,""f"":2422},{""b"":""90:9f:33:bb:03:94"",""s"":""joon"",""r"":-50,""f"":2472},{""b"":""88:36:6c:84:73:f8"",""s"":""joon"",""r"":-51,""f"":2472},{""b"":""80:ca:4b:d8:23:d6"",""s"":""U+Net23D4"",""r"":-53,""f"":2462},{""b"":""c4:12:f5:6b:39:98"",""s"":""dlink-luckylucky"",""r"":-55,""f"":2412},{""b"":""80:ca:4b:d8:23:d7"",""s"":""U+Net23D4_5G"",""r"":-58,""f"":5200},{""b"":""38:f4:5e:4e:08:bf"",""s"":""SK_08BC_2.4G"",""r"":-58,""f"":2412},{""b"":""dc:03:98:40:17:d0"",""s"":""AT_401_RAC_056905_WW_17d0"",""r"":-60,""f"":2462},{""b"":""38:f4:5e:39:1f:69"",""s"":""KT_GiGA_1F66"",""r"":-60,""f"":2447},{""b"":""28:4e:e9:51:d6:92"",""s"":""KT_GiGA_D68E"",""r"":-61,""f"":2452}]",""
1791091414958,2026-10-04 14:23:34,unknown,37.5469794,127.0735423,6.831,1.0348474,105.84732,46.099998474121094,fused,0,LTE,NR_NSA,5G,true,false,true,false,false,52549131,172,100,1,8282,450,06,-72,-13,-51,,4,0,,,,2061,65027,0.0165,0.5202,2041,65007,0.0163,0.5201,false,1,0,1,-72,16,100,1.0348474,false,false,periodic,291,0,-4,,5001,,,,"[{""type"":""LTE"",""pci"":16,""earfcn"":100,""tac"":null,""rsrp"":-72,""rsrq"":-14,""rssi"":-51,""snr"":null,""ta"":0,""level"":4,""bands"":""1""}]",1011.67426,79,0.524,0.459,88,1,,,,"[{""b"":""98:39:10:39:bd:68"",""s"":""U+Net23D4"",""r"":-52,""f"":2422},{""b"":""80:ca:4b:d8:23:d6"",""s"":""U+Net23D4"",""r"":-55,""f"":2462},{""b"":""38:f4:5e:63:83:b8"",""s"":""KT_GiGA_83B5"",""r"":-56,""f"":2447},{""b"":""b0:38:6c:04:c0:18"",""s"":""본가테이블오더"",""r"":-57,""f"":2447},{""b"":""90:9f:33:bb:03:94"",""s"":""joon"",""r"":-58,""f"":2472},{""b"":""22:ec:72:6c:3f:41"",""s"":""Public WiFi Free"",""r"":-59,""f"":2437},{""b"":""56:46:ae:3e:b5:53"",""s"":""KT_GiGA_Mesh_B54F"",""r"":-59,""f"":2427},{""b"":""26:ec:72:6c:3f:41"",""s"":""SEOUL_Secure"",""r"":-60,""f"":2437},{""b"":""60:29:d5:62:09:1e"",""s"":""KT_GiGA_091A"",""r"":-60,""f"":2432},{""b"":""38:f4:5e:39:1f:69"",""s"":""KT_GiGA_1F66"",""r"":-61,""f"":2447},{""b"":""ba:a9:4f:a1:6b:a5"",""s"":"""",""r"":-62,""f"":2417},{""b"":""50:46:ae:3e:b5:52"",""s"":""KT_GiGA_5G_B54F"",""r"":-62,""f"":5805},{""b"":""c4:12:f5:6b:39:98"",""s"":""dlink-luckylucky"",""r"":-62,""f"":2412},{""b"":""56:46:ae:3e:b5:52"",""s"":""KT_GiGA_Mesh_B54F"",""r"":-62,""f"":5805},{""b"":""60:29:d5:69:07:0d"",""s"":""KT_GiGA_0709"",""r"":-63,""f"":2452}]",""
1791091419989,2026-10-04 14:23:39,unknown,37.546978,127.073613,7.014,1.0649227,91.35213,46.20000076293945,fused,0,LTE,NR_NSA,5G,true,false,true,false,false,52549131,172,100,1,8282,450,06,-72,-13,-51,,4,0,,,,2036,64967,0.0163,0.5197,1997,64927,0.0160,0.5194,false,1,0,1,-72,16,100,1.0649227,false,false,periodic,296,0,0,,10031,,,,"[{""type"":""LTE"",""pci"":16,""earfcn"":100,""tac"":null,""rsrp"":-72,""rsrq"":-14,""rssi"":-51,""snr"":null,""ta"":0,""level"":4,""bands"":""1""}]",1011.6751,116,0.459,0.524,81,3,,,,"[{""b"":""c4:12:f5:6b:39:98"",""s"":""dlink-luckylucky"",""r"":-55,""f"":2412},{""b"":""b4:a9:4f:21:30:f9"",""s"":""옥루몽 2G"",""r"":-55,""f"":2457},{""b"":""98:39:10:39:bd:68"",""s"":""U+Net23D4"",""r"":-56,""f"":2422},{""b"":""38:f4:5e:39:1f:69"",""s"":""KT_GiGA_1F66"",""r"":-56,""f"":2447},{""b"":""b2:38:6c:44:c0:18"",""s"":"""",""r"":-56,""f"":5200},{""b"":""b0:38:6c:04:c0:18"",""s"":""본가테이블오더"",""r"":-57,""f"":2447},{""b"":""b4:a9:4f:31:84:77"",""s"":""KT_GiGA_2G_Wave2_8473"",""r"":-58,""f"":2432},{""b"":""38:f4:5e:63:83:b8"",""s"":""KT_GiGA_83B5"",""r"":-59,""f"":2447},{""b"":""90:9f:33:bb:03:94"",""s"":""joon"",""r"":-59,""f"":2472},{""b"":""50:46:ae:3e:b5:52"",""s"":""KT_GiGA_5G_B54F"",""r"":-62,""f"":5805},{""b"":""38:f4:5e:39:1f:6a"",""s"":""KT_GiGA_5G_1F66"",""r"":-62,""f"":5200},{""b"":""56:46:ae:3e:b5:52"",""s"":""KT_GiGA_Mesh_B54F"",""r"":-62,""f"":5805},{""b"":""0c:96:cd:c6:5e:81"",""s"":""KT_GiGA_5E7D"",""r"":-63,""f"":2457},{""b"":""b2:38:6c:c4:03:08"",""s"":""forder5G"",""r"":-63,""f"":5180},{""b"":""80:ca:4b:d8:23:d6"",""s"":""U+Net23D4"",""r"":-63,""f"":2462}]",""
1791091425008,2026-10-04 14:23:45,unknown,37.546959,127.0737024,5.3,1.0958287,101.48648,46.20000076293945,fused,0,LTE,NR_NSA,5G,true,false,true,false,false,52549135,16,100,1,8282,450,06,-73,-12,-51,,4,0,,,,3577,64504,0.0286,0.5160,3557,64484,0.0285,0.5159,false,1,0,1,-78,172,100,1.0958287,true,false,periodic,0,1,,,5000,52549131,-72,-13,"[{""type"":""LTE"",""pci"":172,""earfcn"":100,""tac"":null,""rsrp"":-78,""rsrq"":-16,""rssi"":-53,""snr"":null,""ta"":0,""level"":4,""bands"":""1""}]",1011.622,105,0.459,0.459,81,8,,,,"[{""b"":""c4:12:f5:6b:39:98"",""s"":""dlink-luckylucky"",""r"":-55,""f"":2412},{""b"":""b4:a9:4f:21:30:f9"",""s"":""옥루몽 2G"",""r"":-55,""f"":2457},{""b"":""98:39:10:39:bd:68"",""s"":""U+Net23D4"",""r"":-56,""f"":2422},{""b"":""38:f4:5e:39:1f:69"",""s"":""KT_GiGA_1F66"",""r"":-56,""f"":2447},{""b"":""b2:38:6c:44:c0:18"",""s"":"""",""r"":-56,""f"":5200},{""b"":""b0:38:6c:04:c0:18"",""s"":""본가테이블오더"",""r"":-57,""f"":2447},{""b"":""b4:a9:4f:31:84:77"",""s"":""KT_GiGA_2G_Wave2_8473"",""r"":-58,""f"":2432},{""b"":""38:f4:5e:63:83:b8"",""s"":""KT_GiGA_83B5"",""r"":-59,""f"":2447},{""b"":""90:9f:33:bb:03:94"",""s"":""joon"",""r"":-59,""f"":2472},{""b"":""50:46:ae:3e:b5:52"",""s"":""KT_GiGA_5G_B54F"",""r"":-62,""f"":5805},{""b"":""38:f4:5e:39:1f:6a"",""s"":""KT_GiGA_5G_1F66"",""r"":-62,""f"":5200},{""b"":""56:46:ae:3e:b5:52"",""s"":""KT_GiGA_Mesh_B54F"",""r"":-62,""f"":5805},{""b"":""0c:96:cd:c6:5e:81"",""s"":""KT_GiGA_5E7D"",""r"":-63,""f"":2457},{""b"":""b2:38:6c:c4:03:08"",""s"":""forder5G"",""r"":-63,""f"":5180},{""b"":""80:ca:4b:d8:23:d6"",""s"":""U+Net23D4"",""r"":-63,""f"":2462}]","[{""type"":""LTE"",""pci"":16,""earfcn"":100,""tac"":null,""rsrp"":-72,""rsrq"":-14,""rssi"":-51,""snr"":null,""ta"":0,""level"":4,""bands"":""1""}]"
1791091430039,2026-10-04 14:23:50,unknown,37.5469555,127.0737583,4.969,0.9730425,107.20276,47.099998474121094,fused,0,LTE,NR_NSA,5G,true,false,true,false,false,52549135,16,100,1,8282,450,06,-73,-12,-51,,4,0,,,,2747,65092,0.0220,0.5207,2727,65072,0.0218,0.5206,false,1,0,1,-78,172,100,0.9730425,false,false,periodic,5,1,0,,10031,,,,"[{""type"":""LTE"",""pci"":172,""earfcn"":100,""tac"":null,""rsrp"":-78,""rsrq"":-16,""rssi"":-53,""snr"":null,""ta"":0,""level"":4,""bands"":""1""}]",1011.6936,113,0.459,0.459,82,5,,,,"[{""b"":""90:de:80:2e:a8:8f"",""s"":""GNET_BB_MVR_M1_2EA88F"",""r"":-41,""f"":2437},{""b"":""1c:ec:72:6b:d4:3d"",""s"":""Public WiFi Secure"",""r"":-51,""f"":2462},{""b"":""22:ec:72:6b:d4:3d"",""s"":""Public WiFi Free"",""r"":-53,""f"":2462},{""b"":""26:ec:72:6b:d4:3d"",""s"":""SEOUL_Secure"",""r"":-54,""f"":2462},{""b"":""1c:ec:72:6c:3f:41"",""s"":""Public WiFi Secure"",""r"":-56,""f"":2437},{""b"":""80:ca:4b:a0:99:e6"",""s"":""U+Net99E4"",""r"":-56,""f"":2437},{""b"":""b0:38:6c:94:03:08"",""s"":""forder2.4G"",""r"":-56,""f"":2447},{""b"":""88:3c:1c:27:a2:95"",""s"":""2sm5g"",""r"":-59,""f"":2427},{""b"":""b4:a9:4f:21:30:f9"",""s"":""옥루몽 2G"",""r"":-59,""f"":2457},{""b"":""b0:38:6c:04:c0:18"",""s"":""본가테이블오더"",""r"":-60,""f"":2447},{""b"":""38:f4:5e:39:1f:69"",""s"":""KT_GiGA_1F66"",""r"":-61,""f"":2447},{""b"":""38:f4:5e:47:6d:d7"",""s"":""SK_6DD4_2.4G"",""r"":-63,""f"":2462},{""b"":""22:ec:72:6c:3f:41"",""s"":""Public WiFi Free"",""r"":-63,""f"":2437},{""b"":""26:ec:72:6c:3f:41"",""s"":""SEOUL_Secure"",""r"":-63,""f"":2437},{""b"":""38:f4:5e:4e:08:bf"",""s"":""SK_08BC_2.4G"",""r"":-63,""f"":2412}]",""
1791091435071,2026-10-04 14:23:55,unknown,37.5469963,127.0738104,5.148,1.0422548,47.20799,47.5,fused,0,LTE,NR_NSA,5G,true,false,true,false,false,52549135,16,100,1,8282,450,06,-59,-8,-51,,4,0,,,,3317,66157,0.0265,0.5293,3298,66137,0.0264,0.5291,false,1,0,1,-74,172,100,1.0422548,false,false,periodic,10,1,14,,5002,,,,"[{""type"":""LTE"",""pci"":172,""earfcn"":100,""tac"":null,""rsrp"":-74,""rsrq"":-20,""rssi"":-51,""snr"":null,""ta"":0,""level"":4,""bands"":""1""}]",1011.5495,115,0.459,0.459,78,3,,,,"[{""b"":""90:de:80:2e:a8:8f"",""s"":""GNET_BB_MVR_M1_2EA88F"",""r"":-52,""f"":2437},{""b"":""b0:38:6c:94:03:08"",""s"":""forder2.4G"",""r"":-52,""f"":2447},{""b"":""b2:38:6c:c4:03:08"",""s"":""forder5G"",""r"":-55,""f"":5180},{""b"":""b0:6b:11:5d:c7:f5"",""s"":""BG-X1-20110f10"",""r"":-56,""f"":2412},{""b"":""b4:a9:4f:31:87:51"",""s"":""KT_GiGA_2G_Wave2_874D"",""r"":-56,""f"":2427},{""b"":""50:46:ae:3e:b5:53"",""s"":""KT_GiGA_B54F"",""r"":-58,""f"":2427},{""b"":""26:ec:72:6c:3f:41"",""s"":""SEOUL_Secure"",""r"":-59,""f"":2437},{""b"":""50:46:ae:36:65:e2"",""s"":""KT_GiGA_65DE"",""r"":-62,""f"":2462},{""b"":""b4:a9:4f:21:30:f9"",""s"":""옥루몽 2G"",""r"":-62,""f"":2457},{""b"":""38:f4:5e:63:83:b8"",""s"":""KT_GiGA_83B5"",""r"":-63,""f"":2447},{""b"":""38:f4:5e:13:5c:53"",""s"":""SK_5C50_2.4G"",""r"":-63,""f"":2412},{""b"":""18:c5:01:ce:41:46"",""s"":""U+Net4144"",""r"":-63,""f"":2427},{""b"":""90:9f:33:bb:03:94"",""s"":""joon"",""r"":-64,""f"":2472},{""b"":""56:46:ae:3e:b5:53"",""s"":""KT_GiGA_Mesh_B54F"",""r"":-64,""f"":2427},{""b"":""b4:a9:4f:31:84:71"",""s"":""KT_GiGA_5G_Wave2_846E"",""r"":-67,""f"":5765}]",""
1791091440102,2026-10-04 14:24:00,unknown,37.5470423,127.0738565,5.565,1.1909106,19.107927,47.599998474121094,fused,0,LTE,NR_NSA,5G,true,false,true,false,false,52549135,16,100,1,8282,450,06,-59,-8,-51,,4,0,,,,2060,64904,0.0165,0.5192,2040,64884,0.0163,0.5191,false,1,0,1,-74,172,100,1.1909106,false,false,periodic,15,1,0,,10033,,,,"[{""type"":""LTE"",""pci"":172,""earfcn"":100,""tac"":null,""rsrp"":-74,""rsrq"":-20,""rssi"":-51,""snr"":null,""ta"":0,""level"":4,""bands"":""1""}]",1011.7006,104,0.524,0.459,79,1,,,,"[{""b"":""e4:7c:1a:44:f3:7a"",""s"":""SK_F377_2.4G"",""r"":-53,""f"":2442},{""b"":""90:de:80:2e:a8:8f"",""s"":""GNET_BB_MVR_M1_2EA88F"",""r"":-54,""f"":2437},{""b"":""1c:ec:72:6c:3f:41"",""s"":""Public WiFi Secure"",""r"":-57,""f"":2437},{""b"":""f6:7c:1a:44:f3:7a"",""s"":""SK_F377_Mesh"",""r"":-58,""f"":2442},{""b"":""b0:38:6c:94:03:08"",""s"":""forder2.4G"",""r"":-58,""f"":2447},{""b"":""b4:a9:4f:31:84:72"",""s"":""KT_GiGA_2G_Wave2_846E"",""r"":-62,""f"":2432},{""b"":""b4:a9:4f:31:84:71"",""s"":""KT_GiGA_5G_Wave2_846E"",""r"":-63,""f"":5765},{""b"":""1c:ec:72:6b:d4:3d"",""s"":""Public WiFi Secure"",""r"":-63,""f"":2462},{""b"":""b2:38:6c:c4:03:08"",""s"":""forder5G"",""r"":-63,""f"":5180},{""b"":""26:ec:72:6b:d4:3d"",""s"":""SEOUL_Secure"",""r"":-64,""f"":2462},{""b"":""06:29:d5:d5:d2:70"",""s"":""Public WiFi Secure"",""r"":-65,""f"":2412},{""b"":""90:9f:33:bb:03:94"",""s"":""joon"",""r"":-66,""f"":2472},{""b"":""b4:a9:4f:31:87:51"",""s"":""KT_GiGA_2G_Wave2_874D"",""r"":-67,""f"":2427},{""b"":""12:f4:5e:47:6d:d7"",""s"":"""",""r"":-68,""f"":2462},{""b"":""1c:ec:72:6c:3f:40"",""s"":""Public WiFi Secure"",""r"":-68,""f"":5200}]",""
1791091445133,2026-10-04 14:24:05,unknown,37.5471079,127.0738698,5.661,1.374298,6.28238,47.599998474121094,fused,0,LTE,NR_NSA,5G,true,false,true,false,false,52549135,16,100,1,8282,450,06,-66,-7,-51,,4,0,,,,2065,64952,0.0165,0.5196,2025,64913,0.0162,0.5193,false,1,0,1,-73,172,100,1.374298,false,false,periodic,20,1,-7,,5000,,,,"[{""type"":""LTE"",""pci"":172,""earfcn"":100,""tac"":null,""rsrp"":-73,""rsrq"":-18,""rssi"":-51,""snr"":null,""ta"":0,""level"":4,""bands"":""1""}]",1011.8151,114,0.524,0.459,79,6,,,,"[{""b"":""e4:7c:1a:44:f3:7a"",""s"":""SK_F377_2.4G"",""r"":-53,""f"":2442},{""b"":""90:de:80:2e:a8:8f"",""s"":""GNET_BB_MVR_M1_2EA88F"",""r"":-54,""f"":2437},{""b"":""1c:ec:72:6c:3f:41"",""s"":""Public WiFi Secure"",""r"":-57,""f"":2437},{""b"":""f6:7c:1a:44:f3:7a"",""s"":""SK_F377_Mesh"",""r"":-58,""f"":2442},{""b"":""b0:38:6c:94:03:08"",""s"":""forder2.4G"",""r"":-58,""f"":2447},{""b"":""b4:a9:4f:31:84:72"",""s"":""KT_GiGA_2G_Wave2_846E"",""r"":-62,""f"":2432},{""b"":""b4:a9:4f:31:84:71"",""s"":""KT_GiGA_5G_Wave2_846E"",""r"":-63,""f"":5765},{""b"":""1c:ec:72:6b:d4:3d"",""s"":""Public WiFi Secure"",""r"":-63,""f"":2462},{""b"":""b2:38:6c:c4:03:08"",""s"":""forder5G"",""r"":-63,""f"":5180},{""b"":""26:ec:72:6b:d4:3d"",""s"":""SEOUL_Secure"",""r"":-64,""f"":2462},{""b"":""06:29:d5:d5:d2:70"",""s"":""Public WiFi Secure"",""r"":-65,""f"":2412},{""b"":""90:9f:33:bb:03:94"",""s"":""joon"",""r"":-66,""f"":2472},{""b"":""b4:a9:4f:31:87:51"",""s"":""KT_GiGA_2G_Wave2_874D"",""r"":-67,""f"":2427},{""b"":""12:f4:5e:47:6d:d7"",""s"":"""",""r"":-68,""f"":2462},{""b"":""1c:ec:72:6c:3f:40"",""s"":""Public WiFi Secure"",""r"":-68,""f"":5200}]",""
1791091450163,2026-10-04 14:24:10,unknown,37.5471747,127.0738764,6.228,1.4696821,357.43616,47.099998474121094,fused,0,LTE,NR_NSA,5G,true,false,true,false,false,52549135,16,100,1,8282,450,06,-66,-7,-51,,4,0,,,,2003,64945,0.0160,0.5196,1983,64926,0.0159,0.5194,false,1,0,1,-73,172,100,1.4696821,false,false,periodic,25,1,0,,10032,,,,"[{""type"":""LTE"",""pci"":172,""earfcn"":100,""tac"":null,""rsrp"":-73,""rsrq"":-18,""rssi"":-51,""snr"":null,""ta"":0,""level"":4,""bands"":""1""}]",1011.95734,134,0.459,0.524,73,5,,,,"[{""b"":""90:de:80:2e:a8:8f"",""s"":""GNET_BB_MVR_M1_2EA88F"",""r"":-61,""f"":2437},{""b"":""1c:ec:72:6b:d4:3d"",""s"":""Public WiFi Secure"",""r"":-65,""f"":2462},{""b"":""26:ec:72:6b:d4:3d"",""s"":""SEOUL_Secure"",""r"":-66,""f"":2462},{""b"":""22:ec:72:6b:d4:3d"",""s"":""Public WiFi Free"",""r"":-66,""f"":2462},{""b"":""56:46:ae:5a:03:89"",""s"":""Public WiFi Secure"",""r"":-68,""f"":2442},{""b"":""50:46:ae:5a:03:89"",""s"":""Public WiFi Free"",""r"":-68,""f"":2442},{""b"":""06:29:d5:d5:d2:71"",""s"":""Public WiFi Free"",""r"":-70,""f"":2412},{""b"":""28:4e:e9:aa:20:a7"",""s"":""KT_GiGA_20A3"",""r"":-70,""f"":2442},{""b"":""b0:38:6c:94:03:08"",""s"":""forder2.4G"",""r"":-70,""f"":2447},{""b"":""06:29:d5:d5:d2:70"",""s"":""Public WiFi Secure"",""r"":-72,""f"":2412},{""b"":""d6:8d:26:7a:c9:9e"",""s"":""[LG_Wall-Mount A\/C]c99e"",""r"":-72,""f"":2462},{""b"":""38:f4:5e:4e:08:bf"",""s"":""SK_08BC_2.4G"",""r"":-72,""f"":2412},{""b"":""b4:a9:4f:21:30:f9"",""s"":""옥루몽 2G"",""r"":-73,""f"":2457},{""b"":""c6:a9:4f:31:84:71"",""s"":"""",""r"":-74,""f"":5765},{""b"":""b0:6b:11:5d:c7:f5"",""s"":""BG-X1-20110f10"",""r"":-74,""f"":2412}]",""
1791091455195,2026-10-04 14:24:15,unknown,37.5472224,127.0739006,6.712,1.429657,2.88863,44.76778463486171,fused,1,LTE,NR_NSA,5G,true,false,true,false,false,52549135,16,100,1,8282,450,06,-84,-9,-55,,4,0,,,,2088,64866,0.0167,0.5189,2068,64846,0.0165,0.5188,false,3,0,3,-83,464,100,1.429657,false,false,periodic,30,0,-18,,5001,,,,"[{""type"":""LTE"",""pci"":464,""earfcn"":100,""tac"":null,""rsrp"":-83,""rsrq"":-17,""rssi"":-55,""snr"":null,""ta"":0,""level"":4,""bands"":""1""},{""type"":""LTE"",""pci"":172,""earfcn"":100,""tac"":null,""rsrp"":-87,""rsrq"":-15,""rssi"":-63,""snr"":null,""ta"":0,""level"":3,""bands"":""1""},{""type"":""LTE"",""pci"":125,""earfcn"":100,""tac"":null,""rsrp"":-93,""rsrq"":-17,""rssi"":-63,""snr"":null,""ta"":0,""level"":3,""bands"":""1""}]",1012.0929,95,0.459,0.524,73,10,,,,"[{""b"":""90:de:80:2e:a8:8f"",""s"":""GNET_BB_MVR_M1_2EA88F"",""r"":-61,""f"":2437},{""b"":""1c:ec:72:6b:d4:3d"",""s"":""Public WiFi Secure"",""r"":-65,""f"":2462},{""b"":""26:ec:72:6b:d4:3d"",""s"":""SEOUL_Secure"",""r"":-66,""f"":2462},{""b"":""22:ec:72:6b:d4:3d"",""s"":""Public WiFi Free"",""r"":-66,""f"":2462},{""b"":""56:46:ae:5a:03:89"",""s"":""Public WiFi Secure"",""r"":-68,""f"":2442},{""b"":""50:46:ae:5a:03:89"",""s"":""Public WiFi Free"",""r"":-68,""f"":2442},{""b"":""06:29:d5:d5:d2:71"",""s"":""Public WiFi Free"",""r"":-70,""f"":2412},{""b"":""28:4e:e9:aa:20:a7"",""s"":""KT_GiGA_20A3"",""r"":-70,""f"":2442},{""b"":""b0:38:6c:94:03:08"",""s"":""forder2.4G"",""r"":-70,""f"":2447},{""b"":""06:29:d5:d5:d2:70"",""s"":""Public WiFi Secure"",""r"":-72,""f"":2412},{""b"":""d6:8d:26:7a:c9:9e"",""s"":""[LG_Wall-Mount A\/C]c99e"",""r"":-72,""f"":2462},{""b"":""38:f4:5e:4e:08:bf"",""s"":""SK_08BC_2.4G"",""r"":-72,""f"":2412},{""b"":""b4:a9:4f:21:30:f9"",""s"":""옥루몽 2G"",""r"":-73,""f"":2457},{""b"":""c6:a9:4f:31:84:71"",""s"":"""",""r"":-74,""f"":5765},{""b"":""b0:6b:11:5d:c7:f5"",""s"":""BG-X1-20110f10"",""r"":-74,""f"":2412}]",""
1791091459141,2026-10-04 14:24:19,unknown,37.5472746,127.0738997,6.579,1.5110748,9.240215,43.56698588512897,fused,0,LTE,NR_NSA,5G,true,false,true,false,false,51281422,464,100,1,8222,450,06,-80,-9,-53,,4,1,,,,1995,62652,0.0160,0.5012,1970,62652,0.0158,0.5012,false,1,0,1,-88,16,100,1.5110748,true,false,handover,0,1,,,8,52549135,-84,-9,"[{""type"":""LTE"",""pci"":16,""earfcn"":100,""tac"":null,""rsrp"":-88,""rsrq"":-13,""rssi"":-53,""snr"":null,""ta"":1,""level"":3,""bands"":""1""}]",1012.2763,95,0.459,0.459,33,3,,,,"[{""b"":""b4:a9:4f:31:84:77"",""s"":""KT_GiGA_2G_Wave2_8473"",""r"":-71,""f"":2432},{""b"":""38:f4:5e:47:6d:d7"",""s"":""SK_6DD4_2.4G"",""r"":-78,""f"":2462},{""b"":""88:3c:1c:27:a2:95"",""s"":""2sm5g"",""r"":-78,""f"":2427},{""b"":""12:f4:5e:47:6d:d7"",""s"":"""",""r"":-79,""f"":2462},{""b"":""80:ca:4b:a0:99:e6"",""s"":""U+Net99E4"",""r"":-80,""f"":2437},{""b"":""38:f4:5e:4e:08:bf"",""s"":""SK_08BC_2.4G"",""r"":-80,""f"":2412},{""b"":""90:9f:33:bb:03:94"",""s"":""joon"",""r"":-81,""f"":2472},{""b"":""98:39:10:39:bd:68"",""s"":""U+Net23D4"",""r"":-82,""f"":2422},{""b"":""38:f4:5e:21:1d:d3"",""s"":""SK_1DD0_2.4G"",""r"":-82,""f"":2412},{""b"":""b4:a9:4f:31:87:51"",""s"":""KT_GiGA_2G_Wave2_874D"",""r"":-82,""f"":2427},{""b"":""30:eb:1f:18:d1:1a"",""s"":"""",""r"":-83,""f"":2417},{""b"":""b4:a9:4f:31:84:71"",""s"":""KT_GiGA_5G_Wave2_846E"",""r"":-84,""f"":5765},{""b"":""26:ec:72:6b:d4:3c"",""s"":""SEOUL_Secure"",""r"":-87,""f"":5240},{""b"":""1c:ec:72:6b:d4:3c"",""s"":""Public WiFi Secure"",""r"":-87,""f"":5240},{""b"":""22:ec:72:6b:d4:3c"",""s"":""Public WiFi Free"",""r"":-87,""f"":5240}]","[{""type"":""LTE"",""pci"":464,""earfcn"":100,""tac"":null,""rsrp"":-83,""rsrq"":-17,""rssi"":-55,""snr"":null,""ta"":0,""level"":4,""bands"":""1""},{""type"":""LTE"",""pci"":172,""earfcn"":100,""tac"":null,""rsrp"":-87,""rsrq"":-15,""rssi"":-63,""snr"":null,""ta"":0,""level"":3,""bands"":""1""},{""type"":""LTE"",""pci"":125,""earfcn"":100,""tac"":null,""rsrp"":-93,""rsrq"":-17,""rssi"":-63,""snr"":null,""ta"":0,""level"":3,""bands"":""1""}]"
1791091460222,2026-10-04 14:24:20,unknown,37.5472949,127.0739023,6.711,1.4581149,10.415129,43.19317989836143,fused,0,LTE,NR_NSA,5G,true,false,true,false,false,51281422,464,100,1,8222,450,06,-80,-9,-53,,4,1,,,,2357,65350,0.0189,0.5228,2357,65258,0.0189,0.5221,false,1,0,1,-88,16,100,1.4581149,false,false,periodic,1,1,0,,1092,,,,"[{""type"":""LTE"",""pci"":16,""earfcn"":100,""tac"":null,""rsrp"":-88,""rsrq"":-13,""rssi"":-53,""snr"":null,""ta"":1,""level"":3,""bands"":""1""}]",1012.4017,364,0.459,0.459,33,4,,,,"[{""b"":""b4:a9:4f:31:84:77"",""s"":""KT_GiGA_2G_Wave2_8473"",""r"":-71,""f"":2432},{""b"":""38:f4:5e:47:6d:d7"",""s"":""SK_6DD4_2.4G"",""r"":-78,""f"":2462},{""b"":""88:3c:1c:27:a2:95"",""s"":""2sm5g"",""r"":-78,""f"":2427},{""b"":""12:f4:5e:47:6d:d7"",""s"":"""",""r"":-79,""f"":2462},{""b"":""80:ca:4b:a0:99:e6"",""s"":""U+Net99E4"",""r"":-80,""f"":2437},{""b"":""38:f4:5e:4e:08:bf"",""s"":""SK_08BC_2.4G"",""r"":-80,""f"":2412},{""b"":""90:9f:33:bb:03:94"",""s"":""joon"",""r"":-81,""f"":2472},{""b"":""98:39:10:39:bd:68"",""s"":""U+Net23D4"",""r"":-82,""f"":2422},{""b"":""38:f4:5e:21:1d:d3"",""s"":""SK_1DD0_2.4G"",""r"":-82,""f"":2412},{""b"":""b4:a9:4f:31:87:51"",""s"":""KT_GiGA_2G_Wave2_874D"",""r"":-82,""f"":2427},{""b"":""30:eb:1f:18:d1:1a"",""s"":"""",""r"":-83,""f"":2417},{""b"":""b4:a9:4f:31:84:71"",""s"":""KT_GiGA_5G_Wave2_846E"",""r"":-84,""f"":5765},{""b"":""26:ec:72:6b:d4:3c"",""s"":""SEOUL_Secure"",""r"":-87,""f"":5240},{""b"":""1c:ec:72:6b:d4:3c"",""s"":""Public WiFi Secure"",""r"":-87,""f"":5240},{""b"":""22:ec:72:6b:d4:3c"",""s"":""Public WiFi Free"",""r"":-87,""f"":5240}]",""
1791091465247,2026-10-04 14:24:25,unknown,37.5473492,127.0738846,6.586,1.4247766,356.23523,41.713150673177424,fused,0,LTE,NR_NSA,5G,true,false,true,false,false,51281422,464,100,1,8222,450,06,-81,-7,-57,,4,2,,,,1262907,65491,10.1033,0.5239,1262867,65451,10.1029,0.5236,false,1,0,1,-89,16,100,1.4247766,false,false,periodic,6,1,-1,,5002,,,,"[{""type"":""LTE"",""pci"":16,""earfcn"":100,""tac"":null,""rsrp"":-89,""rsrq"":-14,""rssi"":-65,""snr"":null,""ta"":2,""level"":3,""bands"":""1""}]",1012.5368,101,0.524,0.459,33,9,,,,"[{""b"":""b4:a9:4f:31:84:77"",""s"":""KT_GiGA_2G_Wave2_8473"",""r"":-71,""f"":2432},{""b"":""38:f4:5e:47:6d:d7"",""s"":""SK_6DD4_2.4G"",""r"":-78,""f"":2462},{""b"":""88:3c:1c:27:a2:95"",""s"":""2sm5g"",""r"":-78,""f"":2427},{""b"":""12:f4:5e:47:6d:d7"",""s"":"""",""r"":-79,""f"":2462},{""b"":""80:ca:4b:a0:99:e6"",""s"":""U+Net99E4"",""r"":-80,""f"":2437},{""b"":""38:f4:5e:4e:08:bf"",""s"":""SK_08BC_2.4G"",""r"":-80,""f"":2412},{""b"":""90:9f:33:bb:03:94"",""s"":""joon"",""r"":-81,""f"":2472},{""b"":""98:39:10:39:bd:68"",""s"":""U+Net23D4"",""r"":-82,""f"":2422},{""b"":""38:f4:5e:21:1d:d3"",""s"":""SK_1DD0_2.4G"",""r"":-82,""f"":2412},{""b"":""b4:a9:4f:31:87:51"",""s"":""KT_GiGA_2G_Wave2_874D"",""r"":-82,""f"":2427},{""b"":""30:eb:1f:18:d1:1a"",""s"":"""",""r"":-83,""f"":2417},{""b"":""b4:a9:4f:31:84:71"",""s"":""KT_GiGA_5G_Wave2_846E"",""r"":-84,""f"":5765},{""b"":""26:ec:72:6b:d4:3c"",""s"":""SEOUL_Secure"",""r"":-87,""f"":5240},{""b"":""1c:ec:72:6b:d4:3c"",""s"":""Public WiFi Secure"",""r"":-87,""f"":5240},{""b"":""22:ec:72:6b:d4:3c"",""s"":""Public WiFi Free"",""r"":-87,""f"":5240}]",""
1791091470272,2026-10-04 14:24:30,unknown,37.547406,127.0739473,6.978,1.3677592,76.39047,40.06598003841837,fused,0,LTE,NR_NSA,5G,true,false,true,false,false,51281422,464,100,1,8222,450,06,-81,-7,-57,,4,2,,,,2449,65092,0.0196,0.5207,2429,65073,0.0194,0.5206,false,1,0,1,-89,16,100,1.3677592,false,false,periodic,11,1,0,,10028,,,,"[{""type"":""LTE"",""pci"":16,""earfcn"":100,""tac"":null,""rsrp"":-89,""rsrq"":-14,""rssi"":-65,""snr"":null,""ta"":2,""level"":3,""bands"":""1""}]",1012.5043,75,0.489,0.524,33,14,,,,"[{""b"":""b4:a9:4f:31:84:77"",""s"":""KT_GiGA_2G_Wave2_8473"",""r"":-71,""f"":2432},{""b"":""38:f4:5e:47:6d:d7"",""s"":""SK_6DD4_2.4G"",""r"":-78,""f"":2462},{""b"":""88:3c:1c:27:a2:95"",""s"":""2sm5g"",""r"":-78,""f"":2427},{""b"":""12:f4:5e:47:6d:d7"",""s"":"""",""r"":-79,""f"":2462},{""b"":""80:ca:4b:a0:99:e6"",""s"":""U+Net99E4"",""r"":-80,""f"":2437},{""b"":""38:f4:5e:4e:08:bf"",""s"":""SK_08BC_2.4G"",""r"":-80,""f"":2412},{""b"":""90:9f:33:bb:03:94"",""s"":""joon"",""r"":-81,""f"":2472},{""b"":""98:39:10:39:bd:68"",""s"":""U+Net23D4"",""r"":-82,""f"":2422},{""b"":""38:f4:5e:21:1d:d3"",""s"":""SK_1DD0_2.4G"",""r"":-82,""f"":2412},{""b"":""b4:a9:4f:31:87:51"",""s"":""KT_GiGA_2G_Wave2_874D"",""r"":-82,""f"":2427},{""b"":""30:eb:1f:18:d1:1a"",""s"":"""",""r"":-83,""f"":2417},{""b"":""b4:a9:4f:31:84:71"",""s"":""KT_GiGA_5G_Wave2_846E"",""r"":-84,""f"":5765},{""b"":""26:ec:72:6b:d4:3c"",""s"":""SEOUL_Secure"",""r"":-87,""f"":5240},{""b"":""1c:ec:72:6b:d4:3c"",""s"":""Public WiFi Secure"",""r"":-87,""f"":5240},{""b"":""22:ec:72:6b:d4:3c"",""s"":""Public WiFi Free"",""r"":-87,""f"":5240}]",""
1791091475298,2026-10-04 14:24:35,unknown,37.547383,127.0740309,4.442,1.175035,103.94105,38.39999771118164,fused,0,LTE,NR_NSA,5G,true,false,true,false,false,51281422,464,100,1,8222,450,06,-74,-5,-51,,4,1,,,,2219,65101,0.0178,0.5208,2199,65081,0.0176,0.5206,false,1,0,1,-88,16,100,1.175035,false,false,periodic,16,1,7,,5001,,,,"[{""type"":""LTE"",""pci"":16,""earfcn"":100,""tac"":null,""rsrp"":-88,""rsrq"":-17,""rssi"":-63,""snr"":null,""ta"":1,""level"":3,""bands"":""1""}]",1012.56866,73,0.524,0.524,24,3,,,,"[{""b"":""00:40:5a:bf:ea:da"",""s"":""U+zone"",""r"":-56,""f"":2432},{""b"":""00:40:5a:bf:ea:db"",""s"":""FREE_U+zone"",""r"":-57,""f"":2432},{""b"":""b2:38:6c:49:7e:b8"",""s"":""tcp"",""r"":-60,""f"":5805},{""b"":""00:40:5a:c0:4b:5b"",""s"":""FREE_U+zone"",""r"":-75,""f"":2412},{""b"":""00:40:5a:c0:4b:5a"",""s"":""U+zone"",""r"":-75,""f"":2412},{""b"":""b2:38:6c:49:4c:dc"",""s"":""tcp"",""r"":-76,""f"":5805},{""b"":""b2:38:6c:59:4c:dc"",""s"":"""",""r"":-76,""f"":5805},{""b"":""b2:38:6c:49:80:b8"",""s"":""tcp"",""r"":-76,""f"":5805},{""b"":""b2:38:6c:58:ea:cc"",""s"":"""",""r"":-78,""f"":5805},{""b"":""b2:38:6c:48:ea:cc"",""s"":""tcp"",""r"":-78,""f"":5805},{""b"":""02:e3:c7:09:4a:1f"",""s"":""T wifi zone_secure"",""r"":-81,""f"":2452},{""b"":""02:e3:c7:09:4a:1e"",""s"":""T wifi zone_secure"",""r"":-81,""f"":5500},{""b"":""10:e3:c7:09:4a:1e"",""s"":""T wifi zone"",""r"":-83,""f"":5500},{""b"":""16:7f:67:bc:c5:6f"",""s"":""[LG_CeilingCassette A\/C]c56f"",""r"":-83,""f"":2462},{""b"":""c2:94:4e:06:41:63"",""s"":""SEOUL_Secure"",""r"":-83,""f"":2437}]",""
1791091480318,2026-10-04 14:24:40,unknown,37.5474117,127.0740807,5.057,1.1320813,7.925555,38.5,fused,0,LTE,NR_NSA,5G,true,false,true,false,false,51281422,464,100,1,8222,450,06,-74,-5,-51,,4,1,,,,3842,64778,0.0307,0.5182,3822,64758,0.0306,0.5181,false,1,0,1,-88,16,100,1.1320813,false,false,periodic,21,1,0,,10023,,,,"[{""type"":""LTE"",""pci"":16,""earfcn"":100,""tac"":null,""rsrp"":-88,""rsrq"":-17,""rssi"":-63,""snr"":null,""ta"":1,""level"":3,""bands"":""1""}]",1012.5997,76,0.459,0.459,31,6,,,,"[{""b"":""00:40:5a:bf:ea:db"",""s"":""FREE_U+zone"",""r"":-43,""f"":2432},{""b"":""00:40:5a:bf:ea:da"",""s"":""U+zone"",""r"":-46,""f"":2432},{""b"":""b2:38:6c:49:7e:b8"",""s"":""tcp"",""r"":-53,""f"":5805},{""b"":""b0:38:6c:19:7e:b8"",""s"":""tcp"",""r"":-57,""f"":2417},{""b"":""b0:38:6c:19:4c:dc"",""s"":""tcp"",""r"":-73,""f"":2417},{""b"":""b0:38:6c:38:ea:cc"",""s"":""tcp"",""r"":-73,""f"":2417},{""b"":""b2:38:6c:48:ea:cc"",""s"":""tcp"",""r"":-74,""f"":5805},{""b"":""b0:38:6c:19:80:b8"",""s"":""tcp"",""r"":-74,""f"":2417},{""b"":""10:e3:c7:09:4a:1f"",""s"":""T wifi zone"",""r"":-76,""f"":2452},{""b"":""00:40:5a:c0:4b:5b"",""s"":""FREE_U+zone"",""r"":-77,""f"":2412},{""b"":""12:e3:c7:09:4a:1e"",""s"":""T Free WiFi Zone"",""r"":-78,""f"":5500},{""b"":""b2:38:6c:49:4c:dc"",""s"":""tcp"",""r"":-78,""f"":5805},{""b"":""b2:38:6c:59:4c:dc"",""s"":"""",""r"":-78,""f"":5805},{""b"":""10:e3:c7:09:4a:1e"",""s"":""T wifi zone"",""r"":-78,""f"":5500},{""b"":""00:09:b4:75:6b:7b"",""s"":""KT_Free_WiFi"",""r"":-79,""f"":2472}]",""
1791091485340,2026-10-04 14:24:45,unknown,37.5474464,127.0741201,5.794,1.1857091,56.928986,38.29999923706055,fused,0,LTE,NR_NSA,5G,true,false,true,false,false,51281422,464,100,1,8222,450,06,-78,-5,-53,,4,1,,,,2807,65538,0.0225,0.5243,2787,65518,0.0223,0.5241,false,0,0,0,,,,1.1857091,false,false,periodic,26,1,-4,,5002,,,,"[]",1012.53656,90,0.459,0.459,40,1,,,,"[{""b"":""00:40:5a:bf:ea:db"",""s"":""FREE_U+zone"",""r"":-31,""f"":2432},{""b"":""00:40:5a:bf:ea:da"",""s"":""U+zone"",""r"":-33,""f"":2432},{""b"":""b2:38:6c:59:7e:b8"",""s"":"""",""r"":-39,""f"":5805},{""b"":""b2:38:6c:49:7e:b8"",""s"":""tcp"",""r"":-39,""f"":5805},{""b"":""b2:38:6c:59:80:b8"",""s"":"""",""r"":-59,""f"":5805},{""b"":""12:e3:c7:09:4a:1e"",""s"":""T Free WiFi Zone"",""r"":-60,""f"":5500},{""b"":""10:e3:c7:09:4a:1e"",""s"":""T wifi zone"",""r"":-60,""f"":5500},{""b"":""b2:38:6c:49:80:b8"",""s"":""tcp"",""r"":-60,""f"":5805},{""b"":""02:e3:c7:09:4a:1e"",""s"":""T wifi zone_secure"",""r"":-61,""f"":5500},{""b"":""b0:38:6c:19:4c:dc"",""s"":""tcp"",""r"":-61,""f"":2417},{""b"":""b2:38:6c:49:4c:dc"",""s"":""tcp"",""r"":-62,""f"":5805},{""b"":""b0:38:6c:38:ea:cc"",""s"":""tcp"",""r"":-62,""f"":2417},{""b"":""b2:38:6c:48:ea:cc"",""s"":""tcp"",""r"":-66,""f"":5805},{""b"":""12:e3:c7:09:4a:1f"",""s"":""T Free WiFi Zone"",""r"":-66,""f"":2452},{""b"":""06:09:b4:75:6b:83"",""s"":""KT WiFi"",""r"":-66,""f"":2472}]",""
1791091490356,2026-10-04 14:24:50,unknown,37.5474771,127.07418,7.84,1.1633759,38.565533,38.29999923706055,fused,0,LTE,NR_NSA,5G,true,false,true,false,false,51281422,464,100,1,8222,450,06,-78,-5,-53,,4,1,,,,2664,65280,0.0213,0.5222,2634,65250,0.0211,0.5220,false,0,0,0,,,,1.1633759,false,false,periodic,31,0,0,,10019,,,,"[]",1012.5814,116,0.524,0.459,40,6,,,,"[{""b"":""00:40:5a:bf:ea:db"",""s"":""FREE_U+zone"",""r"":-31,""f"":2432},{""b"":""00:40:5a:bf:ea:da"",""s"":""U+zone"",""r"":-33,""f"":2432},{""b"":""b2:38:6c:59:7e:b8"",""s"":"""",""r"":-39,""f"":5805},{""b"":""b2:38:6c:49:7e:b8"",""s"":""tcp"",""r"":-39,""f"":5805},{""b"":""b2:38:6c:59:80:b8"",""s"":"""",""r"":-59,""f"":5805},{""b"":""12:e3:c7:09:4a:1e"",""s"":""T Free WiFi Zone"",""r"":-60,""f"":5500},{""b"":""10:e3:c7:09:4a:1e"",""s"":""T wifi zone"",""r"":-60,""f"":5500},{""b"":""b2:38:6c:49:80:b8"",""s"":""tcp"",""r"":-60,""f"":5805},{""b"":""02:e3:c7:09:4a:1e"",""s"":""T wifi zone_secure"",""r"":-61,""f"":5500},{""b"":""b0:38:6c:19:4c:dc"",""s"":""tcp"",""r"":-61,""f"":2417},{""b"":""b2:38:6c:49:4c:dc"",""s"":""tcp"",""r"":-62,""f"":5805},{""b"":""b0:38:6c:38:ea:cc"",""s"":""tcp"",""r"":-62,""f"":2417},{""b"":""b2:38:6c:48:ea:cc"",""s"":""tcp"",""r"":-66,""f"":5805},{""b"":""12:e3:c7:09:4a:1f"",""s"":""T Free WiFi Zone"",""r"":-66,""f"":2452},{""b"":""06:09:b4:75:6b:83"",""s"":""KT WiFi"",""r"":-66,""f"":2472}]",""
1791091495380,2026-10-04 14:24:55,unknown,37.5474856,127.0742659,8.832,1.1277999,33.822834,38.39999771118164,fused,0,LTE,NR_NSA,5G,true,false,true,false,false,51281422,464,100,1,8222,450,06,-79,-6,-51,,4,1,,,,2636,65195,0.0211,0.5216,2605,65165,0.0208,0.5213,false,0,0,0,,,,1.1277999,false,false,periodic,36,0,-1,,5002,,,,"[]",1012.585,67,0.524,0.524,48,5,,,,"[{""b"":""b0:38:6c:19:7e:b8"",""s"":""tcp"",""r"":-41,""f"":2417},{""b"":""b2:38:6c:49:7e:b8"",""s"":""tcp"",""r"":-41,""f"":5805},{""b"":""b2:38:6c:59:7e:b8"",""s"":"""",""r"":-42,""f"":5805},{""b"":""00:40:5a:bf:ea:db"",""s"":""FREE_U+zone"",""r"":-50,""f"":2432},{""b"":""00:40:5a:bf:ea:da"",""s"":""U+zone"",""r"":-53,""f"":2432},{""b"":""b2:38:6c:49:4c:dc"",""s"":""tcp"",""r"":-56,""f"":5805},{""b"":""b2:38:6c:48:ea:cc"",""s"":""tcp"",""r"":-56,""f"":5805},{""b"":""00:40:5a:c0:4b:5a"",""s"":""U+zone"",""r"":-57,""f"":2412},{""b"":""b2:38:6c:49:80:b8"",""s"":""tcp"",""r"":-57,""f"":5805},{""b"":""b2:38:6c:59:80:b8"",""s"":"""",""r"":-57,""f"":5805},{""b"":""00:40:5a:c0:4b:5b"",""s"":""FREE_U+zone"",""r"":-59,""f"":2412},{""b"":""b0:38:6c:36:23:d8"",""s"":""iptime"",""r"":-60,""f"":2412},{""b"":""02:e3:c7:09:4a:1e"",""s"":""T wifi zone_secure"",""r"":-60,""f"":5500},{""b"":""12:e3:c7:09:4a:1e"",""s"":""T Free WiFi Zone"",""r"":-61,""f"":5500},{""b"":""b0:38:6c:19:80:b8"",""s"":""tcp"",""r"":-61,""f"":2417}]",""
1791091500404,2026-10-04 14:25:00,unknown,37.5474903,127.0743226,10.173,1.1343408,77.36821,38.29999923706055,fused,0,LTE,NR_NSA,5G,true,false,true,false,false,51281422,464,100,1,8222,450,06,-79,-6,-51,,4,1,,,,2667,63400,0.0213,0.5072,2647,63380,0.0212,0.5070,false,0,0,0,,,,1.1343408,false,false,periodic,41,0,0,,10026,,,,"[]",1012.5672,67,0.459,0.459,45,3,,,,"[{""b"":""b0:38:6c:19:7e:b8"",""s"":""tcp"",""r"":-41,""f"":2417},{""b"":""b2:38:6c:49:7e:b8"",""s"":""tcp"",""r"":-42,""f"":5805},{""b"":""00:40:5a:bf:ea:da"",""s"":""U+zone"",""r"":-43,""f"":2432},{""b"":""b2:38:6c:59:7e:b8"",""s"":"""",""r"":-43,""f"":5805},{""b"":""10:e3:c7:09:4a:1e"",""s"":""T wifi zone"",""r"":-46,""f"":5500},{""b"":""12:e3:c7:09:4a:1e"",""s"":""T Free WiFi Zone"",""r"":-47,""f"":5500},{""b"":""02:e3:c7:09:4a:1e"",""s"":""T wifi zone_secure"",""r"":-47,""f"":5500},{""b"":""00:40:5a:bf:ea:db"",""s"":""FREE_U+zone"",""r"":-49,""f"":2432},{""b"":""b0:38:6c:74:04:3c"",""s"":""CH-SLIB_5Ghz"",""r"":-51,""f"":5745},{""b"":""b2:38:6c:49:4c:dc"",""s"":""tcp"",""r"":-51,""f"":5805},{""b"":""b2:38:6c:48:ea:cc"",""s"":""tcp"",""r"":-51,""f"":5805},{""b"":""b0:38:6c:36:23:d8"",""s"":""iptime"",""r"":-52,""f"":2412},{""b"":""b0:38:6c:19:80:b8"",""s"":""tcp"",""r"":-53,""f"":2417},{""b"":""b0:38:6c:74:04:3e"",""s"":""CH-SLIB_2.4Ghz"",""r"":-55,""f"":2412},{""b"":""00:40:5a:c0:4b:5b"",""s"":""FREE_U+zone"",""r"":-55,""f"":2412}]",""
1791091505429,2026-10-04 14:25:05,unknown,37.5475297,127.0743698,11.362,1.0780884,97.50541,38.29999923706055,fused,0,LTE,NR_NSA,5G,true,false,true,false,false,51281422,464,100,1,8222,450,06,-67,-6,-51,,4,1,,,,2635,65127,0.0211,0.5210,2615,65107,0.0209,0.5209,false,0,0,0,,,,1.0780884,false,false,periodic,46,0,12,,5004,,,,"[]",1012.61755,97,0.459,0.459,53,1,,,,"[{""b"":""02:e3:c7:09:4a:1e"",""s"":""T wifi zone_secure"",""r"":-41,""f"":5500},{""b"":""12:e3:c7:09:4a:1e"",""s"":""T Free WiFi Zone"",""r"":-41,""f"":5500},{""b"":""10:e3:c7:09:4a:1e"",""s"":""T wifi zone"",""r"":-41,""f"":5500},{""b"":""b2:38:6c:59:7e:b8"",""s"":"""",""r"":-49,""f"":5805},{""b"":""b0:38:6c:19:4c:dc"",""s"":""tcp"",""r"":-51,""f"":2417},{""b"":""b0:38:6c:38:ea:cc"",""s"":""tcp"",""r"":-51,""f"":2417},{""b"":""b2:38:6c:49:7e:b8"",""s"":""tcp"",""r"":-51,""f"":5805},{""b"":""b2:38:6c:49:4c:dc"",""s"":""tcp"",""r"":-52,""f"":5805},{""b"":""00:40:5a:bf:ea:db"",""s"":""FREE_U+zone"",""r"":-54,""f"":2432},{""b"":""00:40:5a:bf:ea:da"",""s"":""U+zone"",""r"":-54,""f"":2432},{""b"":""00:40:5a:c0:4b:5b"",""s"":""FREE_U+zone"",""r"":-55,""f"":2412},{""b"":""b0:38:6c:19:80:b8"",""s"":""tcp"",""r"":-56,""f"":2417},{""b"":""02:e3:c7:09:4a:1f"",""s"":""T wifi zone_secure"",""r"":-56,""f"":2452},{""b"":""12:e3:c7:09:4a:1f"",""s"":""T Free WiFi Zone"",""r"":-56,""f"":2452},{""b"":""00:40:5a:c0:4b:5a"",""s"":""U+zone"",""r"":-57,""f"":2412}]",""
1791091510453,2026-10-04 14:25:10,unknown,37.5475373,127.0744322,7.434,1.0517067,65.09182,38.29999923706055,fused,0,LTE,NR_NSA,5G,true,false,true,false,false,51281422,464,100,1,8222,450,06,-67,-6,-51,,4,1,,,,2426,65201,0.0194,0.5216,2386,65161,0.0191,0.5213,false,0,0,0,,,,1.0517067,false,false,periodic,51,0,0,,10035,,,,"[]",1012.5899,56,0.459,0.459,41,3,,,,"[{""b"":""b0:38:6c:19:7e:b8"",""s"":""tcp"",""r"":-47,""f"":2417},{""b"":""b2:38:6c:49:7e:b8"",""s"":""tcp"",""r"":-49,""f"":5805},{""b"":""b2:38:6c:59:7e:b8"",""s"":"""",""r"":-50,""f"":5805},{""b"":""12:e3:c7:09:4a:1e"",""s"":""T Free WiFi Zone"",""r"":-51,""f"":5500},{""b"":""b0:38:6c:38:ea:cc"",""s"":""tcp"",""r"":-51,""f"":2417},{""b"":""b0:38:6c:19:80:b8"",""s"":""tcp"",""r"":-53,""f"":2417},{""b"":""00:40:5a:c0:4b:5a"",""s"":""U+zone"",""r"":-55,""f"":2412},{""b"":""10:e3:c7:09:4a:1e"",""s"":""T wifi zone"",""r"":-55,""f"":5500},{""b"":""b2:38:6c:48:ea:cc"",""s"":""tcp"",""r"":-56,""f"":5805},{""b"":""b0:38:6c:19:4c:dc"",""s"":""tcp"",""r"":-56,""f"":2417},{""b"":""02:e3:c7:09:4a:1e"",""s"":""T wifi zone_secure"",""r"":-57,""f"":5500},{""b"":""00:40:5a:bf:ea:db"",""s"":""FREE_U+zone"",""r"":-58,""f"":2432},{""b"":""12:e3:c7:09:4a:1f"",""s"":""T Free WiFi Zone"",""r"":-58,""f"":2452},{""b"":""00:40:5a:bf:ea:da"",""s"":""U+zone"",""r"":-58,""f"":2432},{""b"":""06:09:b4:75:6b:7b"",""s"":""KT WiFi"",""r"":-59,""f"":2472}]",""
1791091515485,2026-10-04 14:25:15,unknown,37.5475769,127.0744813,6.328,1.0617095,43.444454,38.29999923706055,fused,0,LTE,NR_NSA,5G,true,false,true,false,false,51281422,464,100,1,8222,450,06,-76,-7,-51,,4,1,,,,4772,65975,0.0382,0.5278,4752,65955,0.0380,0.5276,false,0,0,0,,,,1.0617095,false,false,periodic,56,0,-9,,4999,,,,"[]",1012.61566,51,0.459,0.459,41,8,,,,"[{""b"":""b0:38:6c:19:7e:b8"",""s"":""tcp"",""r"":-47,""f"":2417},{""b"":""b2:38:6c:49:7e:b8"",""s"":""tcp"",""r"":-49,""f"":5805},{""b"":""b2:38:6c:59:7e:b8"",""s"":"""",""r"":-50,""f"":5805},{""b"":""12:e3:c7:09:4a:1e"",""s"":""T Free WiFi Zone"",""r"":-51,""f"":5500},{""b"":""b0:38:6c:38:ea:cc"",""s"":""tcp"",""r"":-51,""f"":2417},{""b"":""b0:38:6c:19:80:b8"",""s"":""tcp"",""r"":-53,""f"":2417},{""b"":""00:40:5a:c0:4b:5a"",""s"":""U+zone"",""r"":-55,""f"":2412},{""b"":""10:e3:c7:09:4a:1e"",""s"":""T wifi zone"",""r"":-55,""f"":5500},{""b"":""b2:38:6c:48:ea:cc"",""s"":""tcp"",""r"":-56,""f"":5805},{""b"":""b0:38:6c:19:4c:dc"",""s"":""tcp"",""r"":-56,""f"":2417},{""b"":""02:e3:c7:09:4a:1e"",""s"":""T wifi zone_secure"",""r"":-57,""f"":5500},{""b"":""00:40:5a:bf:ea:db"",""s"":""FREE_U+zone"",""r"":-58,""f"":2432},{""b"":""12:e3:c7:09:4a:1f"",""s"":""T Free WiFi Zone"",""r"":-58,""f"":2452},{""b"":""00:40:5a:bf:ea:da"",""s"":""U+zone"",""r"":-58,""f"":2432},{""b"":""06:09:b4:75:6b:7b"",""s"":""KT WiFi"",""r"":-59,""f"":2472}]",""
1791091520495,2026-10-04 14:25:20,unknown,37.5475946,127.074503,6.031,1.0775255,41.92592,38.29999923706055,fused,0,LTE,NR_NSA,5G,true,false,true,false,false,51281422,464,100,1,8222,450,06,-76,-7,-51,,4,1,,,,2226,65363,0.0178,0.5229,2221,65343,0.0178,0.5227,false,0,0,0,,,,1.0775255,false,false,periodic,61,0,0,,10013,,,,"[]",1012.612,54,0.524,0.524,53,4,,,,"[{""b"":""00:40:5a:c0:4b:5b"",""s"":""FREE_U+zone"",""r"":-45,""f"":2412},{""b"":""00:40:5a:c0:4b:5a"",""s"":""U+zone"",""r"":-45,""f"":2412},{""b"":""10:e3:c7:09:4a:1e"",""s"":""T wifi zone"",""r"":-49,""f"":5500},{""b"":""02:e3:c7:09:4a:1e"",""s"":""T wifi zone_secure"",""r"":-51,""f"":5500},{""b"":""b0:38:6c:38:ea:cc"",""s"":""tcp"",""r"":-52,""f"":2417},{""b"":""12:e3:c7:09:4a:1e"",""s"":""T Free WiFi Zone"",""r"":-52,""f"":5500},{""b"":""b0:38:6c:36:23:d8"",""s"":""iptime"",""r"":-53,""f"":2412},{""b"":""02:e3:c7:09:4a:1f"",""s"":""T wifi zone_secure"",""r"":-54,""f"":2452},{""b"":""12:e3:c7:09:4a:1f"",""s"":""T Free WiFi Zone"",""r"":-55,""f"":2452},{""b"":""10:e3:c7:09:4a:1f"",""s"":""T wifi zone"",""r"":-56,""f"":2452},{""b"":""06:09:b4:75:6b:7b"",""s"":""KT WiFi"",""r"":-57,""f"":2472},{""b"":""00:09:b4:75:6b:7b"",""s"":""KT_Free_WiFi"",""r"":-57,""f"":2472},{""b"":""b2:38:6c:49:4c:dc"",""s"":""tcp"",""r"":-58,""f"":5805},{""b"":""b0:38:6c:19:4c:dc"",""s"":""tcp"",""r"":-58,""f"":2417},{""b"":""b2:38:6c:48:ea:cc"",""s"":""tcp"",""r"":-58,""f"":5805}]",""
1791091525517,2026-10-04 14:25:25,unknown,37.5476315,127.0745049,5.634,1.0428632,27.822317,38.29999923706055,fused,0,LTE,NR_NSA,5G,true,false,true,false,false,51281422,464,100,1,8222,450,06,-69,-6,-51,,4,0,,,,2221,63460,0.0178,0.5077,2187,63440,0.0175,0.5075,false,1,0,1,-84,458,100,1.0428632,false,false,periodic,66,0,7,,5002,,,,"[{""type"":""LTE"",""pci"":458,""earfcn"":100,""tac"":null,""rsrp"":-84,""rsrq"":-18,""rssi"":-57,""snr"":null,""ta"":0,""level"":4,""bands"":""1""}]",1012.5767,52,0.503,0.459,53,2,,,,"[{""b"":""02:e3:c7:09:4a:1e"",""s"":""T wifi zone_secure"",""r"":-47,""f"":5500},{""b"":""12:e3:c7:09:4a:1e"",""s"":""T Free WiFi Zone"",""r"":-48,""f"":5500},{""b"":""10:e3:c7:09:4a:1e"",""s"":""T wifi zone"",""r"":-49,""f"":5500},{""b"":""02:e3:c7:09:4a:1f"",""s"":""T wifi zone_secure"",""r"":-51,""f"":2452},{""b"":""12:e3:c7:09:4a:1f"",""s"":""T Free WiFi Zone"",""r"":-52,""f"":2452},{""b"":""10:e3:c7:09:4a:1f"",""s"":""T wifi zone"",""r"":-52,""f"":2452},{""b"":""b0:38:6c:38:ea:cc"",""s"":""tcp"",""r"":-53,""f"":2417},{""b"":""00:09:b4:75:6b:7c"",""s"":""KT_Free_WiFi"",""r"":-53,""f"":5280},{""b"":""0a:09:b4:75:6b:7b"",""s"":""KT WiFi "",""r"":-53,""f"":2472},{""b"":""06:09:b4:75:6b:7b"",""s"":""KT WiFi"",""r"":-54,""f"":2472},{""b"":""00:09:b4:75:6b:7b"",""s"":""KT_Free_WiFi"",""r"":-54,""f"":2472},{""b"":""0e:09:b4:75:6b:7c"",""s"":""KT GiGA WiFi"",""r"":-56,""f"":5280},{""b"":""0a:09:b4:75:6b:7c"",""s"":""KT WiFi "",""r"":-56,""f"":5280},{""b"":""12:09:b4:75:6b:7c"",""s"":""KT GiGA WiFi "",""r"":-56,""f"":5280},{""b"":""b2:38:6c:59:4c:dc"",""s"":"""",""r"":-57,""f"":5805}]",""
1791091530547,2026-10-04 14:25:30,unknown,37.5476518,127.0745608,7.389,1.0908191,55.011684,38.29999923706055,fused,0,LTE,NR_NSA,5G,true,false,true,false,false,51281422,464,100,1,8222,450,06,-69,-6,-51,,4,0,,,,2260,65103,0.0181,0.5208,2240,65083,0.0179,0.5207,false,1,0,1,-84,458,100,1.0908191,false,false,periodic,71,0,0,,10029,,,,"[{""type"":""LTE"",""pci"":458,""earfcn"":100,""tac"":null,""rsrp"":-84,""rsrq"":-18,""rssi"":-57,""snr"":null,""ta"":0,""level"":4,""bands"":""1""}]",1012.6144,59,0.524,0.459,56,0,,,,"[{""b"":""00:40:5a:c0:4b:5b"",""s"":""FREE_U+zone"",""r"":-38,""f"":2412},{""b"":""00:40:5a:c0:4b:5a"",""s"":""U+zone"",""r"":-41,""f"":2412},{""b"":""06:09:b4:75:6b:7b"",""s"":""KT WiFi"",""r"":-49,""f"":2472},{""b"":""02:e3:c7:09:4a:1e"",""s"":""T wifi zone_secure"",""r"":-50,""f"":5500},{""b"":""12:e3:c7:09:4a:1e"",""s"":""T Free WiFi Zone"",""r"":-51,""f"":5500},{""b"":""10:e3:c7:09:4a:1e"",""s"":""T wifi zone"",""r"":-51,""f"":5500},{""b"":""0a:09:b4:75:6b:7b"",""s"":""KT WiFi "",""r"":-51,""f"":2472},{""b"":""00:09:b4:75:6b:7b"",""s"":""KT_Free_WiFi"",""r"":-52,""f"":2472},{""b"":""10:e3:c7:09:4a:1f"",""s"":""T wifi zone"",""r"":-54,""f"":2452},{""b"":""02:e3:c7:09:4a:1f"",""s"":""T wifi zone_secure"",""r"":-55,""f"":2452},{""b"":""06:09:b4:75:6b:7c"",""s"":""KT WiFi"",""r"":-55,""f"":5280},{""b"":""b0:38:6c:36:23:d8"",""s"":""iptime"",""r"":-56,""f"":2412},{""b"":""12:e3:c7:09:4a:1f"",""s"":""T Free WiFi Zone"",""r"":-56,""f"":2452},{""b"":""b2:38:6c:49:4c:dc"",""s"":""tcp"",""r"":-57,""f"":5805},{""b"":""b2:38:6c:59:4c:dc"",""s"":"""",""r"":-57,""f"":5805}]",""
1791091535565,2026-10-04 14:25:35,unknown,37.5477074,127.074673,9.913,1.4924712,61.74855,38.29999923706055,fused,1,LTE,NR_NSA,5G,true,false,true,false,false,51281422,464,100,1,8222,450,06,-70,-7,-51,,4,0,,,,2042,65278,0.0163,0.5222,2002,65239,0.0160,0.5219,false,1,0,1,-75,458,100,1.4924712,false,false,periodic,76,0,-1,,4999,,,,"[{""type"":""LTE"",""pci"":458,""earfcn"":100,""tac"":null,""rsrp"":-75,""rsrq"":-16,""rssi"":-51,""snr"":null,""ta"":0,""level"":4,""bands"":""1""}]",1012.7933,57,0.459,0.459,54,0,,,,"[{""b"":""00:40:5a:c0:4b:5a"",""s"":""U+zone"",""r"":-35,""f"":2412},{""b"":""06:09:b4:75:6b:7b"",""s"":""KT WiFi"",""r"":-53,""f"":2472},{""b"":""0a:09:b4:75:6b:7b"",""s"":""KT WiFi "",""r"":-53,""f"":2472},{""b"":""10:e3:c7:09:4a:1e"",""s"":""T wifi zone"",""r"":-54,""f"":5500},{""b"":""00:09:b4:75:6b:7b"",""s"":""KT_Free_WiFi"",""r"":-54,""f"":2472},{""b"":""00:40:5a:c0:50:6b"",""s"":""FREE_U+zone"",""r"":-54,""f"":2432},{""b"":""00:40:5a:c0:50:6a"",""s"":""U+zone"",""r"":-55,""f"":2432},{""b"":""02:e3:c7:09:4a:1e"",""s"":""T wifi zone_secure"",""r"":-57,""f"":5500},{""b"":""12:e3:c7:09:4a:1e"",""s"":""T Free WiFi Zone"",""r"":-58,""f"":5500},{""b"":""00:09:b4:75:6b:7c"",""s"":""KT_Free_WiFi"",""r"":-59,""f"":5280},{""b"":""12:09:b4:75:6b:7c"",""s"":""KT GiGA WiFi "",""r"":-59,""f"":5280},{""b"":""06:09:b4:75:6b:7c"",""s"":""KT WiFi"",""r"":-60,""f"":5280},{""b"":""0e:09:b4:75:6b:7c"",""s"":""KT GiGA WiFi"",""r"":-60,""f"":5280},{""b"":""0a:09:b4:75:6b:7c"",""s"":""KT WiFi "",""r"":-60,""f"":5280},{""b"":""02:e3:c7:09:4a:1f"",""s"":""T wifi zone_secure"",""r"":-61,""f"":2452}]",""
1791091540586,2026-10-04 14:25:40,unknown,37.5477753,127.0747241,9.972,1.3948698,66.725914,38.20000076293945,fused,0,LTE,NR_NSA,5G,true,false,true,false,false,51281422,464,100,1,8222,450,06,-70,-7,-51,,4,0,,,,2178,65220,0.0174,0.5218,2158,65200,0.0173,0.5216,false,1,0,1,-75,458,100,1.3948698,false,false,periodic,81,0,0,,10021,,,,"[{""type"":""LTE"",""pci"":458,""earfcn"":100,""tac"":null,""rsrp"":-75,""rsrq"":-16,""rssi"":-51,""snr"":null,""ta"":0,""level"":4,""bands"":""1""}]",1013.0757,53,0.524,0.524,54,5,,,,"[{""b"":""00:40:5a:c0:4b:5a"",""s"":""U+zone"",""r"":-35,""f"":2412},{""b"":""06:09:b4:75:6b:7b"",""s"":""KT WiFi"",""r"":-53,""f"":2472},{""b"":""0a:09:b4:75:6b:7b"",""s"":""KT WiFi "",""r"":-53,""f"":2472},{""b"":""10:e3:c7:09:4a:1e"",""s"":""T wifi zone"",""r"":-54,""f"":5500},{""b"":""00:09:b4:75:6b:7b"",""s"":""KT_Free_WiFi"",""r"":-54,""f"":2472},{""b"":""00:40:5a:c0:50:6b"",""s"":""FREE_U+zone"",""r"":-54,""f"":2432},{""b"":""00:40:5a:c0:50:6a"",""s"":""U+zone"",""r"":-55,""f"":2432},{""b"":""02:e3:c7:09:4a:1e"",""s"":""T wifi zone_secure"",""r"":-57,""f"":5500},{""b"":""12:e3:c7:09:4a:1e"",""s"":""T Free WiFi Zone"",""r"":-58,""f"":5500},{""b"":""00:09:b4:75:6b:7c"",""s"":""KT_Free_WiFi"",""r"":-59,""f"":5280},{""b"":""12:09:b4:75:6b:7c"",""s"":""KT GiGA WiFi "",""r"":-59,""f"":5280},{""b"":""06:09:b4:75:6b:7c"",""s"":""KT WiFi"",""r"":-60,""f"":5280},{""b"":""0e:09:b4:75:6b:7c"",""s"":""KT GiGA WiFi"",""r"":-60,""f"":5280},{""b"":""0a:09:b4:75:6b:7c"",""s"":""KT WiFi "",""r"":-60,""f"":5280},{""b"":""02:e3:c7:09:4a:1f"",""s"":""T wifi zone_secure"",""r"":-61,""f"":2452}]",""
1791091545600,2026-10-04 14:25:45,unknown,37.5478515,127.074738,9.603,1.4527272,61.082767,34.20000076293945,fused,0,LTE,NR_NSA,5G,true,false,true,false,false,51281421,458,100,1,8222,450,06,-67,-8,-51,,4,0,,,,2371,68905,0.0190,0.5512,2352,68885,0.0188,0.5511,false,1,0,1,-76,464,100,1.4527272,true,false,periodic,0,1,,,5001,51281422,-70,-7,"[{""type"":""LTE"",""pci"":464,""earfcn"":100,""tac"":null,""rsrp"":-76,""rsrq"":-16,""rssi"":-51,""snr"":null,""ta"":0,""level"":4,""bands"":""1""}]",1013.2089,53,0.459,0.524,53,3,,,,"[{""b"":""00:40:5a:c0:4b:5b"",""s"":""FREE_U+zone"",""r"":-35,""f"":2412},{""b"":""00:40:5a:c0:4b:5a"",""s"":""U+zone"",""r"":-39,""f"":2412},{""b"":""00:40:5a:c0:50:6b"",""s"":""FREE_U+zone"",""r"":-39,""f"":2432},{""b"":""00:40:5a:c0:50:6a"",""s"":""U+zone"",""r"":-39,""f"":2432},{""b"":""0a:09:b4:75:6b:63"",""s"":""KT WiFi "",""r"":-48,""f"":2472},{""b"":""00:09:b4:75:6b:63"",""s"":""KT_Free_WiFi"",""r"":-51,""f"":2472},{""b"":""0e:09:b4:75:6b:64"",""s"":""KT GiGA WiFi"",""r"":-54,""f"":5300},{""b"":""06:09:b4:75:6b:64"",""s"":""KT WiFi"",""r"":-54,""f"":5300},{""b"":""06:09:b4:75:6b:63"",""s"":""KT WiFi"",""r"":-54,""f"":2472},{""b"":""00:09:b4:75:6b:64"",""s"":""KT_Free_WiFi"",""r"":-54,""f"":5300},{""b"":""12:09:b4:75:6b:64"",""s"":""KT GiGA WiFi "",""r"":-54,""f"":5300},{""b"":""0a:09:b4:75:6b:64"",""s"":""KT WiFi "",""r"":-55,""f"":5300},{""b"":""a8:ba:25:e1:1a:10"",""s"":""Ayla"",""r"":-59,""f"":5745},{""b"":""0e:09:b4:75:6b:7c"",""s"":""KT GiGA WiFi"",""r"":-60,""f"":5280},{""b"":""00:40:5a:c0:5d:12"",""s"":""U+zone"",""r"":-61,""f"":2452}]","[{""type"":""LTE"",""pci"":458,""earfcn"":100,""tac"":null,""rsrp"":-75,""rsrq"":-16,""rssi"":-51,""snr"":null,""ta"":0,""level"":4,""bands"":""1""}]"
1791091550626,2026-10-04 14:25:50,unknown,37.5479098,127.0747649,8.807,1.2399877,32.107018,34.0,fused,0,LTE,NR_NSA,5G,true,false,true,false,false,51281421,458,100,1,8222,450,06,-67,-8,-51,,4,0,,,,2334,63463,0.0187,0.5077,2314,63444,0.0185,0.5076,false,1,0,1,-76,464,100,1.2399877,false,false,periodic,5,1,0,,10027,,,,"[{""type"":""LTE"",""pci"":464,""earfcn"":100,""tac"":null,""rsrp"":-76,""rsrq"":-16,""rssi"":-51,""snr"":null,""ta"":0,""level"":4,""bands"":""1""}]",1013.2043,53,0.459,0.459,49,1,,,,"[{""b"":""00:09:b4:75:6b:63"",""s"":""KT_Free_WiFi"",""r"":-38,""f"":2472},{""b"":""06:09:b4:75:6b:63"",""s"":""KT WiFi"",""r"":-39,""f"":2472},{""b"":""00:40:5a:c0:50:6a"",""s"":""U+zone"",""r"":-39,""f"":2432},{""b"":""0a:09:b4:75:6b:63"",""s"":""KT WiFi "",""r"":-40,""f"":2472},{""b"":""00:40:5a:c0:50:6b"",""s"":""FREE_U+zone"",""r"":-40,""f"":2432},{""b"":""06:09:b4:75:6b:64"",""s"":""KT WiFi"",""r"":-48,""f"":5300},{""b"":""00:09:b4:75:6b:64"",""s"":""KT_Free_WiFi"",""r"":-48,""f"":5300},{""b"":""0e:09:b4:75:6b:64"",""s"":""KT GiGA WiFi"",""r"":-49,""f"":5300},{""b"":""0a:09:b4:75:6b:64"",""s"":""KT WiFi "",""r"":-49,""f"":5300},{""b"":""12:09:b4:75:6b:64"",""s"":""KT GiGA WiFi "",""r"":-49,""f"":5300},{""b"":""00:40:5a:c0:4b:5b"",""s"":""FREE_U+zone"",""r"":-57,""f"":2412},{""b"":""00:40:5a:c0:4b:5a"",""s"":""U+zone"",""r"":-57,""f"":2412},{""b"":""00:40:5a:c0:5d:12"",""s"":""U+zone"",""r"":-58,""f"":2452},{""b"":""06:09:b4:75:6a:5b"",""s"":""KT WiFi"",""r"":-60,""f"":2412},{""b"":""00:09:b4:75:6a:5b"",""s"":""KT_Free_WiFi"",""r"":-61,""f"":2412}]",""
1791091555670,2026-10-04 14:25:55,unknown,37.5479391,127.0747553,6.362,1.1414677,351.16013,34.0,fused,0,LTE,NR_NSA,5G,true,false,true,false,false,51281421,458,100,1,8222,450,06,-72,-9,-51,,4,0,,,,2431,64942,0.0194,0.5195,2391,64902,0.0191,0.5192,false,1,0,1,-89,464,100,1.1414677,false,false,periodic,10,1,-5,,5004,,,,"[{""type"":""LTE"",""pci"":464,""earfcn"":100,""tac"":null,""rsrp"":-89,""rsrq"":-14,""rssi"":-61,""snr"":null,""ta"":0,""level"":3,""bands"":""1""}]",1013.183,52,0.459,0.459,49,6,,,,"[{""b"":""00:09:b4:75:6b:63"",""s"":""KT_Free_WiFi"",""r"":-38,""f"":2472},{""b"":""06:09:b4:75:6b:63"",""s"":""KT WiFi"",""r"":-39,""f"":2472},{""b"":""00:40:5a:c0:50:6a"",""s"":""U+zone"",""r"":-39,""f"":2432},{""b"":""0a:09:b4:75:6b:63"",""s"":""KT WiFi "",""r"":-40,""f"":2472},{""b"":""00:40:5a:c0:50:6b"",""s"":""FREE_U+zone"",""r"":-40,""f"":2432},{""b"":""06:09:b4:75:6b:64"",""s"":""KT WiFi"",""r"":-48,""f"":5300},{""b"":""00:09:b4:75:6b:64"",""s"":""KT_Free_WiFi"",""r"":-48,""f"":5300},{""b"":""0e:09:b4:75:6b:64"",""s"":""KT GiGA WiFi"",""r"":-49,""f"":5300},{""b"":""0a:09:b4:75:6b:64"",""s"":""KT WiFi "",""r"":-49,""f"":5300},{""b"":""12:09:b4:75:6b:64"",""s"":""KT GiGA WiFi "",""r"":-49,""f"":5300},{""b"":""00:40:5a:c0:4b:5b"",""s"":""FREE_U+zone"",""r"":-57,""f"":2412},{""b"":""00:40:5a:c0:4b:5a"",""s"":""U+zone"",""r"":-57,""f"":2412},{""b"":""00:40:5a:c0:5d:12"",""s"":""U+zone"",""r"":-58,""f"":2452},{""b"":""06:09:b4:75:6a:5b"",""s"":""KT WiFi"",""r"":-60,""f"":2412},{""b"":""00:09:b4:75:6a:5b"",""s"":""KT_Free_WiFi"",""r"":-61,""f"":2412}]",""
1791091560697,2026-10-04 14:26:00,unknown,37.5479648,127.074758,8.102,1.0787169,14.198152,34.0,fused,0,LTE,NR_NSA,5G,true,false,true,false,false,51281421,458,100,1,8222,450,06,-72,-9,-51,,4,0,,,,2434,65142,0.0195,0.5211,2414,65122,0.0193,0.5210,false,1,0,1,-89,464,100,1.0787169,false,false,periodic,15,1,0,,10031,,,,"[{""type"":""LTE"",""pci"":464,""earfcn"":100,""tac"":null,""rsrp"":-89,""rsrq"":-14,""rssi"":-61,""snr"":null,""ta"":0,""level"":3,""bands"":""1""}]",1013.1705,55,0.459,0.459,63,4,,,,"[{""b"":""00:09:b4:75:6b:64"",""s"":""KT_Free_WiFi"",""r"":-33,""f"":5300},{""b"":""0e:09:b4:75:6b:64"",""s"":""KT GiGA WiFi"",""r"":-34,""f"":5300},{""b"":""06:09:b4:75:6b:64"",""s"":""KT WiFi"",""r"":-34,""f"":5300},{""b"":""0a:09:b4:75:6b:64"",""s"":""KT WiFi "",""r"":-34,""f"":5300},{""b"":""12:09:b4:75:6b:64"",""s"":""KT GiGA WiFi "",""r"":-34,""f"":5300},{""b"":""06:09:b4:75:6b:63"",""s"":""KT WiFi"",""r"":-36,""f"":2472},{""b"":""00:09:b4:75:6b:63"",""s"":""KT_Free_WiFi"",""r"":-37,""f"":2472},{""b"":""0a:09:b4:75:6b:63"",""s"":""KT WiFi "",""r"":-38,""f"":2472},{""b"":""00:40:5a:c0:50:6b"",""s"":""FREE_U+zone"",""r"":-38,""f"":2432},{""b"":""00:40:5a:c0:50:6a"",""s"":""U+zone"",""r"":-45,""f"":2432},{""b"":""00:40:5a:c0:5d:12"",""s"":""U+zone"",""r"":-53,""f"":2452},{""b"":""02:e3:c7:09:51:81"",""s"":""T wifi zone_secure"",""r"":-53,""f"":2412},{""b"":""00:40:5a:c0:5d:13"",""s"":""FREE_U+zone"",""r"":-54,""f"":2452},{""b"":""a8:ba:25:e1:0f:b0"",""s"":""Ayla"",""r"":-58,""f"":5260},{""b"":""a8:ba:25:e1:1a:10"",""s"":""Ayla"",""r"":-59,""f"":5745}]",""
1791091565726,2026-10-04 14:26:05,unknown,37.5479147,127.074702,12.281,1.0835972,231.49779,33.70000076293945,fused,0,LTE,NR_NSA,5G,true,false,true,false,false,51281421,458,100,1,8222,450,06,-75,-8,-51,,4,0,,,,1262684,65534,10.1015,0.5243,1262664,65514,10.1013,0.5241,false,1,0,1,-79,464,100,1.0835972,false,false,periodic,20,1,-3,,5002,,,,"[{""type"":""LTE"",""pci"":464,""earfcn"":100,""tac"":null,""rsrp"":-79,""rsrq"":-17,""rssi"":-51,""snr"":null,""ta"":0,""level"":4,""bands"":""1""}]",1013.16943,73,0.524,0.524,56,2,,,,"[{""b"":""0e:09:b4:75:6b:64"",""s"":""KT GiGA WiFi"",""r"":-48,""f"":5300},{""b"":""06:09:b4:75:6b:64"",""s"":""KT WiFi"",""r"":-48,""f"":5300},{""b"":""00:09:b4:75:6b:64"",""s"":""KT_Free_WiFi"",""r"":-48,""f"":5300},{""b"":""12:09:b4:75:6b:64"",""s"":""KT GiGA WiFi "",""r"":-48,""f"":5300},{""b"":""12:e3:c7:09:51:81"",""s"":""T Free WiFi Zone"",""r"":-50,""f"":2412},{""b"":""0a:09:b4:75:6b:64"",""s"":""KT WiFi "",""r"":-50,""f"":5300},{""b"":""0a:09:b4:75:6b:63"",""s"":""KT WiFi "",""r"":-52,""f"":2472},{""b"":""00:40:5a:c0:5d:13"",""s"":""FREE_U+zone"",""r"":-53,""f"":2452},{""b"":""06:09:b4:75:6b:63"",""s"":""KT WiFi"",""r"":-53,""f"":2472},{""b"":""00:09:b4:75:6b:63"",""s"":""KT_Free_WiFi"",""r"":-54,""f"":2472},{""b"":""12:e3:c7:09:51:80"",""s"":""T Free WiFi Zone"",""r"":-57,""f"":5200},{""b"":""0e:09:b4:75:6a:5c"",""s"":""KT GiGA WiFi "",""r"":-57,""f"":5785},{""b"":""02:e3:c7:09:51:80"",""s"":""T wifi zone_secure"",""r"":-57,""f"":5200},{""b"":""00:09:b4:75:6a:5b"",""s"":""KT_Free_WiFi"",""r"":-57,""f"":2412},{""b"":""00:09:b4:75:6a:5c"",""s"":""KT_Free_WiFi"",""r"":-57,""f"":5785}]",""
1791091570741,2026-10-04 14:26:10,unknown,37.5479127,127.0746047,7.578,1.1169893,240.12445,33.70000076293945,fused,0,LTE,NR_NSA,5G,true,false,true,false,false,51281421,458,100,1,8222,450,06,-75,-8,-51,,4,0,,,,2454,63617,0.0196,0.5089,2434,63597,0.0195,0.5088,false,1,0,1,-79,464,100,1.1169893,false,false,periodic,25,1,0,,10017,,,,"[{""type"":""LTE"",""pci"":464,""earfcn"":100,""tac"":null,""rsrp"":-79,""rsrq"":-17,""rssi"":-51,""snr"":null,""ta"":0,""level"":4,""bands"":""1""}]",1013.149,58,0.459,0.459,65,4,,,,"[{""b"":""10:e3:c7:09:51:81"",""s"":""T wifi zone"",""r"":-46,""f"":2412},{""b"":""12:e3:c7:09:51:81"",""s"":""T Free WiFi Zone"",""r"":-46,""f"":2412},{""b"":""00:40:5a:c0:5d:13"",""s"":""FREE_U+zone"",""r"":-50,""f"":2452},{""b"":""00:40:5a:c0:50:6b"",""s"":""FREE_U+zone"",""r"":-50,""f"":2432},{""b"":""00:09:b4:75:6b:64"",""s"":""KT_Free_WiFi"",""r"":-51,""f"":5300},{""b"":""00:40:5a:c0:50:6a"",""s"":""U+zone"",""r"":-53,""f"":2432},{""b"":""0e:09:b4:75:6b:64"",""s"":""KT GiGA WiFi"",""r"":-54,""f"":5300},{""b"":""06:09:b4:75:6b:64"",""s"":""KT WiFi"",""r"":-54,""f"":5300},{""b"":""06:09:b4:75:6b:63"",""s"":""KT WiFi"",""r"":-54,""f"":2472},{""b"":""0a:09:b4:75:6b:64"",""s"":""KT WiFi "",""r"":-54,""f"":5300},{""b"":""12:09:b4:75:6b:64"",""s"":""KT GiGA WiFi "",""r"":-54,""f"":5300},{""b"":""00:09:b4:75:6a:5b"",""s"":""KT_Free_WiFi"",""r"":-54,""f"":2412},{""b"":""10:e3:c7:09:51:80"",""s"":""T wifi zone"",""r"":-55,""f"":5200},{""b"":""12:e3:c7:09:51:80"",""s"":""T Free WiFi Zone"",""r"":-55,""f"":5200},{""b"":""02:e3:c7:09:51:80"",""s"":""T wifi zone_secure"",""r"":-55,""f"":5200}]",""
1791091575771,2026-10-04 14:26:15,unknown,37.5479204,127.0745512,5.108,0.8898154,122.4179,33.70000076293945,fused,0,LTE,NR_NSA,5G,true,false,true,false,false,51281421,458,100,1,8222,450,06,-73,-8,-51,,4,0,,,,2609,65132,0.0209,0.5211,2589,65112,0.0207,0.5209,false,0,0,0,,,,0.8898154,false,false,periodic,30,0,2,,5001,,,,"[]",1013.1607,59,0.459,0.459,51,0,,,,"[{""b"":""00:40:5a:c0:50:6b"",""s"":""FREE_U+zone"",""r"":-51,""f"":2432},{""b"":""00:40:5a:c0:50:6a"",""s"":""U+zone"",""r"":-52,""f"":2432},{""b"":""00:09:b4:75:6b:63"",""s"":""KT_Free_WiFi"",""r"":-54,""f"":2472},{""b"":""00:40:5a:c0:5d:13"",""s"":""FREE_U+zone"",""r"":-55,""f"":2452},{""b"":""0e:09:b4:75:6b:64"",""s"":""KT GiGA WiFi"",""r"":-55,""f"":5300},{""b"":""06:09:b4:75:6b:64"",""s"":""KT WiFi"",""r"":-55,""f"":5300},{""b"":""06:09:b4:75:6b:63"",""s"":""KT WiFi"",""r"":-55,""f"":2472},{""b"":""0a:09:b4:75:6b:64"",""s"":""KT WiFi "",""r"":-55,""f"":5300},{""b"":""0a:09:b4:75:6b:63"",""s"":""KT WiFi "",""r"":-55,""f"":2472},{""b"":""00:09:b4:75:6b:64"",""s"":""KT_Free_WiFi"",""r"":-56,""f"":5300},{""b"":""12:09:b4:75:6b:64"",""s"":""KT GiGA WiFi "",""r"":-56,""f"":5300},{""b"":""02:e3:c7:09:51:80"",""s"":""T wifi zone_secure"",""r"":-58,""f"":5200},{""b"":""a8:ba:25:e1:0f:b0"",""s"":""Ayla"",""r"":-59,""f"":5260},{""b"":""a8:ba:25:e1:1a:10"",""s"":""Ayla"",""r"":-64,""f"":5745},{""b"":""0a:09:b4:75:6a:5b"",""s"":""KT WiFi "",""r"":-65,""f"":2412}]",""
1791091580797,2026-10-04 14:26:20,unknown,37.5479224,127.0745647,6.028,0.97935593,198.99435,33.70000076293945,fused,1,LTE,NR_NSA,5G,true,false,true,false,false,51281421,458,100,1,8222,450,06,-73,-8,-51,,4,0,,,,2526,65160,0.0202,0.5213,2486,65120,0.0199,0.5210,false,0,0,0,,,,0.97935593,false,false,periodic,35,0,0,,10027,,,,"[]",1013.22784,73,0.524,0.459,51,5,,,,"[{""b"":""00:40:5a:c0:50:6b"",""s"":""FREE_U+zone"",""r"":-51,""f"":2432},{""b"":""00:40:5a:c0:50:6a"",""s"":""U+zone"",""r"":-52,""f"":2432},{""b"":""00:09:b4:75:6b:63"",""s"":""KT_Free_WiFi"",""r"":-54,""f"":2472},{""b"":""00:40:5a:c0:5d:13"",""s"":""FREE_U+zone"",""r"":-55,""f"":2452},{""b"":""0e:09:b4:75:6b:64"",""s"":""KT GiGA WiFi"",""r"":-55,""f"":5300},{""b"":""06:09:b4:75:6b:64"",""s"":""KT WiFi"",""r"":-55,""f"":5300},{""b"":""06:09:b4:75:6b:63"",""s"":""KT WiFi"",""r"":-55,""f"":2472},{""b"":""0a:09:b4:75:6b:64"",""s"":""KT WiFi "",""r"":-55,""f"":5300},{""b"":""0a:09:b4:75:6b:63"",""s"":""KT WiFi "",""r"":-55,""f"":2472},{""b"":""00:09:b4:75:6b:64"",""s"":""KT_Free_WiFi"",""r"":-56,""f"":5300},{""b"":""12:09:b4:75:6b:64"",""s"":""KT GiGA WiFi "",""r"":-56,""f"":5300},{""b"":""02:e3:c7:09:51:80"",""s"":""T wifi zone_secure"",""r"":-58,""f"":5200},{""b"":""a8:ba:25:e1:0f:b0"",""s"":""Ayla"",""r"":-59,""f"":5260},{""b"":""a8:ba:25:e1:1a:10"",""s"":""Ayla"",""r"":-64,""f"":5745},{""b"":""0a:09:b4:75:6a:5b"",""s"":""KT WiFi "",""r"":-65,""f"":2412}]",""
1791091585813,2026-10-04 14:26:25,unknown,37.5478481,127.0745967,12.189,1.3608139,177.63008,33.599998474121094,fused,0,LTE,NR_NSA,5G,true,false,true,false,false,51281421,458,100,1,8222,450,06,-76,-7,-51,,4,0,,,,2310,65299,0.0185,0.5224,2290,65279,0.0183,0.5222,false,1,0,1,-90,465,100,1.3608139,false,false,periodic,40,0,-3,,5001,,,,"[{""type"":""LTE"",""pci"":465,""earfcn"":100,""tac"":null,""rsrp"":-90,""rsrq"":-20,""rssi"":-57,""snr"":null,""ta"":0,""level"":3,""bands"":""1""}]",1013.39594,53,0.524,0.524,68,4,,,,"[{""b"":""12:e3:c7:09:51:81"",""s"":""T Free WiFi Zone"",""r"":-37,""f"":2412},{""b"":""10:e3:c7:09:51:81"",""s"":""T wifi zone"",""r"":-42,""f"":2412},{""b"":""02:e3:c7:09:51:81"",""s"":""T wifi zone_secure"",""r"":-47,""f"":2412},{""b"":""00:40:5a:c0:5d:13"",""s"":""FREE_U+zone"",""r"":-49,""f"":2452},{""b"":""00:40:5a:c0:5d:12"",""s"":""U+zone"",""r"":-49,""f"":2452},{""b"":""02:e3:c7:09:51:80"",""s"":""T wifi zone_secure"",""r"":-58,""f"":5200},{""b"":""00:40:5a:c0:50:6b"",""s"":""FREE_U+zone"",""r"":-58,""f"":2432},{""b"":""12:e3:c7:09:51:80"",""s"":""T Free WiFi Zone"",""r"":-59,""f"":5200},{""b"":""12:e3:c7:09:4a:29"",""s"":""T Free WiFi Zone"",""r"":-59,""f"":2452},{""b"":""00:40:5a:c0:50:6a"",""s"":""U+zone"",""r"":-59,""f"":2432},{""b"":""0a:09:b4:78:88:2b"",""s"":""KT WiFi "",""r"":-60,""f"":2432},{""b"":""10:e3:c7:09:51:80"",""s"":""T wifi zone"",""r"":-60,""f"":5200},{""b"":""a8:ba:25:e1:0f:b0"",""s"":""Ayla"",""r"":-60,""f"":5260},{""b"":""06:09:b4:75:6b:63"",""s"":""KT WiFi"",""r"":-60,""f"":2472},{""b"":""00:09:b4:75:6b:63"",""s"":""KT_Free_WiFi"",""r"":-60,""f"":2472}]",""
1791091590839,2026-10-04 14:26:30,unknown,37.5478085,127.074525,15.317,1.3163408,243.60951,32.06785883555275,fused,0,LTE,NR_NSA,5G,true,false,true,false,false,51281421,458,100,1,8222,450,06,-76,-7,-51,,4,0,,,,2291,65155,0.0183,0.5212,2271,65135,0.0182,0.5211,false,1,0,1,-90,465,100,1.3163408,false,false,periodic,45,0,0,,10027,,,,"[{""type"":""LTE"",""pci"":465,""earfcn"":100,""tac"":null,""rsrp"":-90,""rsrq"":-20,""rssi"":-57,""snr"":null,""ta"":0,""level"":3,""bands"":""1""}]",1013.5778,54,0.459,0.524,46,2,,,,"[{""b"":""00:09:b4:78:88:2c"",""s"":""KT_Free_WiFi"",""r"":-50,""f"":5260},{""b"":""12:09:b4:78:88:2c"",""s"":""KT GiGA WiFi "",""r"":-50,""f"":5260},{""b"":""10:e3:c7:09:4a:29"",""s"":""T wifi zone"",""r"":-50,""f"":2452},{""b"":""02:e3:c7:09:4a:29"",""s"":""T wifi zone_secure"",""r"":-50,""f"":2452},{""b"":""12:e3:c7:09:4a:29"",""s"":""T Free WiFi Zone"",""r"":-51,""f"":2452},{""b"":""0a:09:b4:78:88:2c"",""s"":""KT WiFi "",""r"":-53,""f"":5260},{""b"":""06:09:b4:78:88:2c"",""s"":""KT WiFi"",""r"":-53,""f"":5260},{""b"":""0e:09:b4:78:88:2c"",""s"":""KT GiGA WiFi"",""r"":-53,""f"":5260},{""b"":""00:40:5a:c0:5d:12"",""s"":""U+zone"",""r"":-54,""f"":2452},{""b"":""10:e3:c7:09:4a:28"",""s"":""T wifi zone"",""r"":-55,""f"":5180},{""b"":""02:e3:c7:09:4a:28"",""s"":""T wifi zone_secure"",""r"":-55,""f"":5180},{""b"":""00:40:5a:c0:5d:13"",""s"":""FREE_U+zone"",""r"":-56,""f"":2452},{""b"":""12:e3:c7:09:4a:28"",""s"":""T Free WiFi Zone"",""r"":-56,""f"":5180},{""b"":""00:40:5a:c0:4f:82"",""s"":""U+zone"",""r"":-58,""f"":2412},{""b"":""02:e3:c7:09:51:80"",""s"":""T wifi zone_secure"",""r"":-61,""f"":5200}]",""
1791091595864,2026-10-04 14:26:35,unknown,37.5478055,127.0744378,8.181,1.3894008,222.51425,29.400001525878906,fused,0,LTE,NR_NSA,5G,true,false,true,false,false,51281421,458,100,1,8222,450,06,-77,-9,-51,,4,0,,,,2191,63408,0.0175,0.5073,2171,63388,0.0174,0.5071,false,3,0,3,-86,465,100,1.3894008,false,false,periodic,50,0,-1,,4998,,,,"[{""type"":""LTE"",""pci"":465,""earfcn"":100,""tac"":null,""rsrp"":-86,""rsrq"":-11,""rssi"":-59,""snr"":null,""ta"":0,""level"":3,""bands"":""1""},{""type"":""LTE"",""pci"":128,""earfcn"":100,""tac"":null,""rsrp"":-91,""rsrq"":-18,""rssi"":-61,""snr"":null,""ta"":0,""level"":3,""bands"":""1""},{""type"":""LTE"",""pci"":306,""earfcn"":100,""tac"":null,""rsrp"":-94,""rsrq"":-20,""rssi"":-63,""snr"":null,""ta"":0,""level"":3,""bands"":""1""}]",1013.92126,50,0.459,0.459,54,0,,,,"[{""b"":""00:40:5a:c0:4f:82"",""s"":""U+zone"",""r"":-47,""f"":2412},{""b"":""06:09:b4:78:88:2b"",""s"":""KT WiFi"",""r"":-48,""f"":2432},{""b"":""10:e3:c7:09:4a:28"",""s"":""T wifi zone"",""r"":-49,""f"":5180},{""b"":""12:e3:c7:09:4a:28"",""s"":""T Free WiFi Zone"",""r"":-49,""f"":5180},{""b"":""00:40:5a:c0:4f:83"",""s"":""FREE_U+zone"",""r"":-49,""f"":2412},{""b"":""02:e3:c7:09:4a:28"",""s"":""T wifi zone_secure"",""r"":-49,""f"":5180},{""b"":""0a:09:b4:78:88:2b"",""s"":""KT WiFi "",""r"":-50,""f"":2432},{""b"":""00:09:b4:78:88:2b"",""s"":""KT_Free_WiFi"",""r"":-51,""f"":2432},{""b"":""10:e3:c7:09:4a:29"",""s"":""T wifi zone"",""r"":-53,""f"":2452},{""b"":""12:e3:c7:09:4a:29"",""s"":""T Free WiFi Zone"",""r"":-53,""f"":2452},{""b"":""02:e3:c7:09:4a:29"",""s"":""T wifi zone_secure"",""r"":-55,""f"":2452},{""b"":""0a:09:b4:78:88:2c"",""s"":""KT WiFi "",""r"":-56,""f"":5260},{""b"":""00:09:b4:78:88:2c"",""s"":""KT_Free_WiFi"",""r"":-56,""f"":5260},{""b"":""0e:09:b4:78:88:2c"",""s"":""KT GiGA WiFi"",""r"":-56,""f"":5260},{""b"":""06:09:b4:78:88:2c"",""s"":""KT WiFi"",""r"":-57,""f"":5260}]",""
1791091600872,2026-10-04 14:26:40,unknown,37.5477973,127.0744705,6.674,0.9540579,92.30994,29.30000114440918,fused,0,LTE,NR_NSA,5G,true,false,true,false,false,51281421,458,100,1,8222,450,06,-77,-9,-51,,4,0,,,,2333,65409,0.0187,0.5233,2293,65369,0.0183,0.5230,false,3,0,3,-86,465,100,0.9540579,false,false,periodic,55,0,0,,10011,,,,"[{""type"":""LTE"",""pci"":465,""earfcn"":100,""tac"":null,""rsrp"":-86,""rsrq"":-11,""rssi"":-59,""snr"":null,""ta"":0,""level"":3,""bands"":""1""},{""type"":""LTE"",""pci"":128,""earfcn"":100,""tac"":null,""rsrp"":-91,""rsrq"":-18,""rssi"":-61,""snr"":null,""ta"":0,""level"":3,""bands"":""1""},{""type"":""LTE"",""pci"":306,""earfcn"":100,""tac"":null,""rsrp"":-94,""rsrq"":-20,""rssi"":-63,""snr"":null,""ta"":0,""level"":3,""bands"":""1""}]",1013.70154,51,0.459,0.459,54,5,,,,"[{""b"":""00:40:5a:c0:4f:82"",""s"":""U+zone"",""r"":-47,""f"":2412},{""b"":""06:09:b4:78:88:2b"",""s"":""KT WiFi"",""r"":-48,""f"":2432},{""b"":""10:e3:c7:09:4a:28"",""s"":""T wifi zone"",""r"":-49,""f"":5180},{""b"":""12:e3:c7:09:4a:28"",""s"":""T Free WiFi Zone"",""r"":-49,""f"":5180},{""b"":""00:40:5a:c0:4f:83"",""s"":""FREE_U+zone"",""r"":-49,""f"":2412},{""b"":""02:e3:c7:09:4a:28"",""s"":""T wifi zone_secure"",""r"":-49,""f"":5180},{""b"":""0a:09:b4:78:88:2b"",""s"":""KT WiFi "",""r"":-50,""f"":2432},{""b"":""00:09:b4:78:88:2b"",""s"":""KT_Free_WiFi"",""r"":-51,""f"":2432},{""b"":""10:e3:c7:09:4a:29"",""s"":""T wifi zone"",""r"":-53,""f"":2452},{""b"":""12:e3:c7:09:4a:29"",""s"":""T Free WiFi Zone"",""r"":-53,""f"":2452},{""b"":""02:e3:c7:09:4a:29"",""s"":""T wifi zone_secure"",""r"":-55,""f"":2452},{""b"":""0a:09:b4:78:88:2c"",""s"":""KT WiFi "",""r"":-56,""f"":5260},{""b"":""00:09:b4:78:88:2c"",""s"":""KT_Free_WiFi"",""r"":-56,""f"":5260},{""b"":""0e:09:b4:78:88:2c"",""s"":""KT GiGA WiFi"",""r"":-56,""f"":5260},{""b"":""06:09:b4:78:88:2c"",""s"":""KT WiFi"",""r"":-57,""f"":5260}]",""
1791091605895,2026-10-04 14:26:45,unknown,37.5477676,127.0745184,6.496,0.96731246,140.84357,29.30000114440918,fused,1,LTE,NR_NSA,5G,true,false,true,false,false,51281421,458,100,1,8222,450,06,-77,-12,-51,,4,1,,,,2362,65524,0.0189,0.5242,2343,65504,0.0187,0.5240,false,6,0,6,-74,465,100,0.96731246,false,false,periodic,60,0,0,,5002,,,,"[{""type"":""LTE"",""pci"":465,""earfcn"":100,""tac"":null,""rsrp"":-74,""rsrq"":-12,""rssi"":-55,""snr"":null,""ta"":1,""level"":4,""bands"":""1""},{""type"":""LTE"",""pci"":306,""earfcn"":100,""tac"":null,""rsrp"":-79,""rsrq"":-17,""rssi"":-51,""snr"":null,""ta"":1,""level"":4,""bands"":""1""},{""type"":""LTE"",""pci"":485,""earfcn"":100,""tac"":null,""rsrp"":-82,""rsrq"":-17,""rssi"":-51,""snr"":null,""ta"":1,""level"":4,""bands"":""1""},{""type"":""LTE"",""pci"":466,""earfcn"":100,""tac"":null,""rsrp"":-82,""rsrq"":-20,""rssi"":-51,""snr"":null,""ta"":1,""level"":4,""bands"":""1""},{""type"":""LTE"",""pci"":487,""earfcn"":100,""tac"":null,""rsrp"":-86,""rsrq"":-19,""rssi"":-57,""snr"":null,""ta"":1,""level"":3,""bands"":""1""},{""type"":""LTE"",""pci"":128,""earfcn"":100,""tac"":null,""rsrp"":-87,""rsrq"":-20,""rssi"":-55,""snr"":null,""ta"":1,""level"":3,""bands"":""1""}]",1013.7017,54,0.524,0.459,55,4,,,,"[{""b"":""00:40:5a:c0:4f:83"",""s"":""FREE_U+zone"",""r"":-42,""f"":2412},{""b"":""00:40:5a:c0:4f:82"",""s"":""U+zone"",""r"":-42,""f"":2412},{""b"":""06:09:b4:78:88:2c"",""s"":""KT WiFi"",""r"":-45,""f"":5260},{""b"":""0e:09:b4:78:88:2c"",""s"":""KT GiGA WiFi"",""r"":-45,""f"":5260},{""b"":""12:09:b4:78:88:2c"",""s"":""KT GiGA WiFi "",""r"":-45,""f"":5260},{""b"":""00:09:b4:78:88:2c"",""s"":""KT_Free_WiFi"",""r"":-46,""f"":5260},{""b"":""0a:09:b4:78:88:2b"",""s"":""KT WiFi "",""r"":-47,""f"":2432},{""b"":""06:09:b4:78:88:2b"",""s"":""KT WiFi"",""r"":-47,""f"":2432},{""b"":""0a:09:b4:78:88:2c"",""s"":""KT WiFi "",""r"":-48,""f"":5260},{""b"":""00:09:b4:78:88:2b"",""s"":""KT_Free_WiFi"",""r"":-49,""f"":2432},{""b"":""10:e3:c7:09:4a:29"",""s"":""T wifi zone"",""r"":-51,""f"":2452},{""b"":""02:e3:c7:09:4a:29"",""s"":""T wifi zone_secure"",""r"":-51,""f"":2452},{""b"":""12:e3:c7:09:4a:29"",""s"":""T Free WiFi Zone"",""r"":-52,""f"":2452},{""b"":""10:e3:c7:09:4a:28"",""s"":""T wifi zone"",""r"":-55,""f"":5180},{""b"":""12:e3:c7:09:4a:28"",""s"":""T Free WiFi Zone"",""r"":-55,""f"":5180}]",""
1791091610919,2026-10-04 14:26:50,unknown,37.5476961,127.0745666,9.207,1.0209621,147.07797,29.30000114440918,fused,0,LTE,NR_NSA,5G,true,false,true,false,false,51281421,458,100,1,8222,450,06,-77,-12,-51,,4,1,,,,2177,65166,0.0174,0.5213,2157,65146,0.0173,0.5212,false,6,0,6,-74,465,100,1.0209621,false,false,periodic,65,0,0,,10027,,,,"[{""type"":""LTE"",""pci"":465,""earfcn"":100,""tac"":null,""rsrp"":-74,""rsrq"":-12,""rssi"":-55,""snr"":null,""ta"":1,""level"":4,""bands"":""1""},{""type"":""LTE"",""pci"":306,""earfcn"":100,""tac"":null,""rsrp"":-79,""rsrq"":-17,""rssi"":-51,""snr"":null,""ta"":1,""level"":4,""bands"":""1""},{""type"":""LTE"",""pci"":485,""earfcn"":100,""tac"":null,""rsrp"":-82,""rsrq"":-17,""rssi"":-51,""snr"":null,""ta"":1,""level"":4,""bands"":""1""},{""type"":""LTE"",""pci"":466,""earfcn"":100,""tac"":null,""rsrp"":-82,""rsrq"":-20,""rssi"":-51,""snr"":null,""ta"":1,""level"":4,""bands"":""1""},{""type"":""LTE"",""pci"":487,""earfcn"":100,""tac"":null,""rsrp"":-86,""rsrq"":-19,""rssi"":-57,""snr"":null,""ta"":1,""level"":3,""bands"":""1""},{""type"":""LTE"",""pci"":128,""earfcn"":100,""tac"":null,""rsrp"":-87,""rsrq"":-20,""rssi"":-55,""snr"":null,""ta"":1,""level"":3,""bands"":""1""}]",1013.72614,52,0.459,0.524,49,1,,,,"[{""b"":""00:40:5a:c0:4f:82"",""s"":""U+zone"",""r"":-39,""f"":2412},{""b"":""00:40:5a:c0:4f:83"",""s"":""FREE_U+zone"",""r"":-40,""f"":2412},{""b"":""06:09:b4:78:88:2b"",""s"":""KT WiFi"",""r"":-47,""f"":2432},{""b"":""00:09:b4:78:88:2b"",""s"":""KT_Free_WiFi"",""r"":-49,""f"":2432},{""b"":""0a:09:b4:78:88:2b"",""s"":""KT WiFi "",""r"":-52,""f"":2432},{""b"":""0e:09:b4:78:88:2c"",""s"":""KT GiGA WiFi"",""r"":-56,""f"":5260},{""b"":""10:e3:c7:09:4a:28"",""s"":""T wifi zone"",""r"":-57,""f"":5180},{""b"":""12:e3:c7:09:4a:28"",""s"":""T Free WiFi Zone"",""r"":-57,""f"":5180},{""b"":""02:e3:c7:09:4a:28"",""s"":""T wifi zone_secure"",""r"":-57,""f"":5180},{""b"":""00:09:b4:78:88:2c"",""s"":""KT_Free_WiFi"",""r"":-58,""f"":5260},{""b"":""12:09:b4:78:88:2c"",""s"":""KT GiGA WiFi "",""r"":-58,""f"":5260},{""b"":""0a:09:b4:78:88:2c"",""s"":""KT WiFi "",""r"":-59,""f"":5260},{""b"":""10:e3:c7:09:4a:29"",""s"":""T wifi zone"",""r"":-59,""f"":2452},{""b"":""02:e3:c7:09:4a:29"",""s"":""T wifi zone_secure"",""r"":-59,""f"":2452},{""b"":""06:09:b4:78:88:2c"",""s"":""KT WiFi"",""r"":-60,""f"":5260}]",""
1791091615943,2026-10-04 14:26:55,unknown,37.5476358,127.0746054,8.372,1.0507971,156.80447,29.30000114440918,fused,0,LTE,NR_NSA,5G,true,false,true,false,false,51281423,465,100,1,8222,450,06,-75,-8,-51,,4,0,,,,2263,63435,0.0181,0.5075,2243,64550,0.0179,0.5164,false,3,0,3,-87,458,100,1.0507971,true,false,periodic,0,1,,,5001,51281421,-77,-12,"[{""type"":""LTE"",""pci"":458,""earfcn"":100,""tac"":null,""rsrp"":-87,""rsrq"":-16,""rssi"":-57,""snr"":null,""ta"":0,""level"":3,""bands"":""1""},{""type"":""LTE"",""pci"":459,""earfcn"":100,""tac"":null,""rsrp"":-87,""rsrq"":-16,""rssi"":-59,""snr"":null,""ta"":0,""level"":3,""bands"":""1""},{""type"":""LTE"",""pci"":487,""earfcn"":100,""tac"":null,""rsrp"":-89,""rsrq"":-18,""rssi"":-59,""snr"":null,""ta"":0,""level"":3,""bands"":""1""}]",1013.81604,52,0.459,0.459,49,6,,,,"[{""b"":""00:40:5a:c0:4f:82"",""s"":""U+zone"",""r"":-39,""f"":2412},{""b"":""00:40:5a:c0:4f:83"",""s"":""FREE_U+zone"",""r"":-40,""f"":2412},{""b"":""06:09:b4:78:88:2b"",""s"":""KT WiFi"",""r"":-47,""f"":2432},{""b"":""00:09:b4:78:88:2b"",""s"":""KT_Free_WiFi"",""r"":-49,""f"":2432},{""b"":""0a:09:b4:78:88:2b"",""s"":""KT WiFi "",""r"":-52,""f"":2432},{""b"":""0e:09:b4:78:88:2c"",""s"":""KT GiGA WiFi"",""r"":-56,""f"":5260},{""b"":""10:e3:c7:09:4a:28"",""s"":""T wifi zone"",""r"":-57,""f"":5180},{""b"":""12:e3:c7:09:4a:28"",""s"":""T Free WiFi Zone"",""r"":-57,""f"":5180},{""b"":""02:e3:c7:09:4a:28"",""s"":""T wifi zone_secure"",""r"":-57,""f"":5180},{""b"":""00:09:b4:78:88:2c"",""s"":""KT_Free_WiFi"",""r"":-58,""f"":5260},{""b"":""12:09:b4:78:88:2c"",""s"":""KT GiGA WiFi "",""r"":-58,""f"":5260},{""b"":""0a:09:b4:78:88:2c"",""s"":""KT WiFi "",""r"":-59,""f"":5260},{""b"":""10:e3:c7:09:4a:29"",""s"":""T wifi zone"",""r"":-59,""f"":2452},{""b"":""02:e3:c7:09:4a:29"",""s"":""T wifi zone_secure"",""r"":-59,""f"":2452},{""b"":""06:09:b4:78:88:2c"",""s"":""KT WiFi"",""r"":-60,""f"":5260}]","[{""type"":""LTE"",""pci"":465,""earfcn"":100,""tac"":null,""rsrp"":-74,""rsrq"":-12,""rssi"":-55,""snr"":null,""ta"":1,""level"":4,""bands"":""1""},{""type"":""LTE"",""pci"":306,""earfcn"":100,""tac"":null,""rsrp"":-79,""rsrq"":-17,""rssi"":-51,""snr"":null,""ta"":1,""level"":4,""bands"":""1""},{""type"":""LTE"",""pci"":485,""earfcn"":100,""tac"":null,""rsrp"":-82,""rsrq"":-17,""rssi"":-51,""snr"":null,""ta"":1,""level"":4,""bands"":""1""},{""type"":""LTE"",""pci"":466,""earfcn"":100,""tac"":null,""rsrp"":-82,""rsrq"":-20,""rssi"":-51,""snr"":null,""ta"":1,""level"":4,""bands"":""1""},{""type"":""LTE"",""pci"":487,""earfcn"":100,""tac"":null,""rsrp"":-86,""rsrq"":-19,""rssi"":-57,""snr"":null,""ta"":1,""level"":3,""bands"":""1""},{""type"":""LTE"",""pci"":128,""earfcn"":100,""tac"":null,""rsrp"":-87,""rsrq"":-20,""rssi"":-55,""snr"":null,""ta"":1,""level"":3,""bands"":""1""}]"
1791091620968,2026-10-04 14:27:00,unknown,37.5475927,127.0746247,9.957,1.0635359,170.71147,29.30000114440918,fused,1,LTE,NR_NSA,5G,true,false,true,false,false,51281423,465,100,1,8222,450,06,-75,-8,-51,,4,0,,,,5965,66523,0.0477,0.5322,5946,65369,0.0476,0.5230,false,3,0,3,-87,458,100,1.0635359,false,false,periodic,5,1,0,,10027,,,,"[{""type"":""LTE"",""pci"":458,""earfcn"":100,""tac"":null,""rsrp"":-87,""rsrq"":-16,""rssi"":-57,""snr"":null,""ta"":0,""level"":3,""bands"":""1""},{""type"":""LTE"",""pci"":459,""earfcn"":100,""tac"":null,""rsrp"":-87,""rsrq"":-16,""rssi"":-59,""snr"":null,""ta"":0,""level"":3,""bands"":""1""},{""type"":""LTE"",""pci"":487,""earfcn"":100,""tac"":null,""rsrp"":-89,""rsrq"":-18,""rssi"":-59,""snr"":null,""ta"":0,""level"":3,""bands"":""1""}]",1013.7459,52,0.459,0.459,41,5,,,,"[{""b"":""00:40:5a:c0:4f:83"",""s"":""FREE_U+zone"",""r"":-29,""f"":2412},{""b"":""00:40:5a:c0:4f:82"",""s"":""U+zone"",""r"":-29,""f"":2412},{""b"":""0a:09:b4:78:88:2b"",""s"":""KT WiFi "",""r"":-54,""f"":2432},{""b"":""06:09:b4:78:88:2b"",""s"":""KT WiFi"",""r"":-54,""f"":2432},{""b"":""00:09:b4:78:88:2b"",""s"":""KT_Free_WiFi"",""r"":-55,""f"":2432},{""b"":""00:09:b4:78:88:2c"",""s"":""KT_Free_WiFi"",""r"":-58,""f"":5260},{""b"":""12:09:b4:78:88:2c"",""s"":""KT GiGA WiFi "",""r"":-58,""f"":5260},{""b"":""0a:09:b4:78:88:2c"",""s"":""KT WiFi "",""r"":-59,""f"":5260},{""b"":""06:09:b4:78:88:2c"",""s"":""KT WiFi"",""r"":-59,""f"":5260},{""b"":""0e:09:b4:78:88:2c"",""s"":""KT GiGA WiFi"",""r"":-59,""f"":5260},{""b"":""02:e3:c7:09:4a:28"",""s"":""T wifi zone_secure"",""r"":-60,""f"":5180},{""b"":""10:e3:c7:09:4a:28"",""s"":""T wifi zone"",""r"":-61,""f"":5180},{""b"":""00:40:5a:c0:32:3a"",""s"":""U+zone"",""r"":-61,""f"":2412},{""b"":""12:e3:c7:09:4a:28"",""s"":""T Free WiFi Zone"",""r"":-61,""f"":5180},{""b"":""10:e3:c7:09:4a:29"",""s"":""T wifi zone"",""r"":-62,""f"":2452}]",""
1791091625990,2026-10-04 14:27:05,unknown,37.5475353,127.0746279,11.193,0.78390896,176.76895,29.200000762939453,fused,0,LTE,NR_NSA,5G,true,false,true,false,false,51281423,465,100,1,8222,450,06,-69,-10,-51,,4,0,,,,4665,65383,0.0373,0.5231,4625,65343,0.0370,0.5227,false,2,0,2,-74,458,100,0.78390896,false,false,periodic,10,1,6,,5003,,,,"[{""type"":""LTE"",""pci"":458,""earfcn"":100,""tac"":null,""rsrp"":-74,""rsrq"":-12,""rssi"":-51,""snr"":null,""ta"":0,""level"":4,""bands"":""1""},{""type"":""LTE"",""pci"":459,""earfcn"":100,""tac"":null,""rsrp"":-79,""rsrq"":-17,""rssi"":-51,""snr"":null,""ta"":0,""level"":4,""bands"":""1""}]",1013.77905,58,0.459,0.459,42,3,,,,"[{""b"":""00:40:5a:c0:4f:83"",""s"":""FREE_U+zone"",""r"":-46,""f"":2412},{""b"":""00:40:5a:c0:4f:82"",""s"":""U+zone"",""r"":-46,""f"":2412},{""b"":""0a:09:b4:78:88:2b"",""s"":""KT WiFi "",""r"":-58,""f"":2432},{""b"":""00:40:5a:c0:32:3a"",""s"":""U+zone"",""r"":-60,""f"":2412},{""b"":""06:09:b4:78:88:2b"",""s"":""KT WiFi"",""r"":-61,""f"":2432},{""b"":""06:09:b4:78:88:2c"",""s"":""KT WiFi"",""r"":-61,""f"":5260},{""b"":""30:89:d3:36:da:bb"",""s"":""GlobalWiFi_0R6QLS"",""r"":-61,""f"":2412},{""b"":""0a:09:b4:78:88:2c"",""s"":""KT WiFi "",""r"":-62,""f"":5260},{""b"":""00:09:b4:78:88:2c"",""s"":""KT_Free_WiFi"",""r"":-62,""f"":5260},{""b"":""00:09:b4:78:88:2b"",""s"":""KT_Free_WiFi"",""r"":-62,""f"":2432},{""b"":""30:89:d3:38:c0:e7"",""s"":""GlobalWiFi_0RG6U2"",""r"":-62,""f"":2462},{""b"":""0e:09:b4:78:88:2c"",""s"":""KT GiGA WiFi"",""r"":-62,""f"":5260},{""b"":""12:09:b4:78:88:2c"",""s"":""KT GiGA WiFi "",""r"":-62,""f"":5260},{""b"":""10:e3:c7:09:4a:29"",""s"":""T wifi zone"",""r"":-64,""f"":2452},{""b"":""02:e3:c7:09:4a:29"",""s"":""T wifi zone_secure"",""r"":-66,""f"":2452}]",""
