timestamp,datetime,activity,latitude,longitude,gps_accuracy_m,gps_speed_ms,gps_bearing_deg,gps_altitude_m,location_source,location_age_s,network_type,override_network_type,generation,is_5g,is_5g_actual,is_5g_display,nr_cell_seen,nr_serving_cell_seen,serving_cell_id,serving_pci,serving_freq_arfcn,serving_band,serving_tac,mcc,mnc,rsrp_dbm,rsrq_db,rssi_dbm,sinr_snr_db,signal_level,timing_advance_lte,csi_rsrp_dbm,csi_rsrq_db,csi_sinr_db,rx_speed_Bps,tx_speed_Bps,rx_bitrate_Mbps,tx_bitrate_Mbps,mobile_rx_speed_Bps,mobile_tx_speed_Bps,mobile_rx_bitrate_Mbps,mobile_tx_bitrate_Mbps,wifi_active,neighbor_count,nr_neighbor_count,lte_neighbor_count,best_nbr_rsrp_dbm,best_nbr_pci,best_nbr_arfcn,imu_speed_ms,handover_detected,ping_pong_detected,collect_trigger,cell_duration_s,ho_count_30s,rsrp_delta,sinr_delta,cell_info_age_ms,prev_serving_cell_id,prev_rsrp_dbm,prev_rsrq_db,neighbors_json,pressure_hpa,rtt_ms,probe_dl_mbps,probe_ul_mbps,wifi_ap_count,wifi_scan_age_s,anchor_station,anchor_lat,anchor_lon,wifi_scan_json,prev_neighbors_json
1790677150447,2026-09-29 19:19:10,car,37.54424647,127.10331247,8.041479,0.0,,47.08123779296875,stale_gps,137,LTE,NONE,4G,false,false,false,false,false,50958625,93,3050,7,8223,450,06,-80,-8,-53,14,4,0,,,,0,0,0.0000,0.0000,0,0,0.0000,0.0000,false,3,0,3,-77,93,100,0.0,false,false,handover,0,0,,,2112,,,,"[{""type"":""LTE"",""pci"":93,""earfcn"":100,""tac"":null,""rsrp"":-77,""rsrq"":-10,""rssi"":-57,""snr"":null,""ta"":0,""level"":4,""bands"":""1""},{""type"":""LTE"",""pci"":93,""earfcn"":2600,""tac"":null,""rsrp"":-79,""rsrq"":-12,""rssi"":-57,""snr"":null,""ta"":0,""level"":4,""bands"":""5""},{""type"":""LTE"",""pci"":126,""earfcn"":3050,""tac"":null,""rsrp"":-89,""rsrq"":-16,""rssi"":-61,""snr"":null,""ta"":0,""level"":3,""bands"":""7""}]",,,0.000,0.000,60,2,,,,"[{""b"":""26:ec:72:6b:e7:10"",""s"":""SEOUL_Secure"",""r"":-45,""f"":5640},{""b"":""1c:ec:72:6b:e7:10"",""s"":""Public WiFi Secure"",""r"":-45,""f"":5640},{""b"":""22:ec:72:6b:e7:10"",""s"":""Public WiFi Free"",""r"":-45,""f"":5640},{""b"":""22:ec:72:6b:e7:11"",""s"":""Public WiFi Free"",""r"":-47,""f"":2412},{""b"":""26:ec:72:6b:e7:11"",""s"":""SEOUL_Secure"",""r"":-48,""f"":2412},{""b"":""1c:ec:72:6b:e7:11"",""s"":""Public WiFi Secure"",""r"":-48,""f"":2412},{""b"":""ca:dd:6a:38:95:bd"",""s"":""[LG_CeilingCassette A\/C]95bd"",""r"":-56,""f"":2462},{""b"":""d4:bd:4f:52:ff:e1"",""s"":""Public_WiFi Free"",""r"":-58,""f"":2472},{""b"":""d4:bd:4f:52:ff:e0"",""s"":""SEOUL"",""r"":-58,""f"":2472},{""b"":""d4:bd:4f:52:ff:e2"",""s"":""SEOUL_Secure"",""r"":-58,""f"":2472},{""b"":""d4:bd:4f:92:ff:e1"",""s"":""Public_WiFi Free"",""r"":-61,""f"":5660},{""b"":""d4:bd:4f:92:ff:e0"",""s"":""SEOUL"",""r"":-61,""f"":5660},{""b"":""d4:bd:4f:92:ff:e2"",""s"":""SEOUL_Secure"",""r"":-61,""f"":5660},{""b"":""b0:7c:51:7c:10:b3"",""s"":""SEOUL_Secure"",""r"":-66,""f"":2452},{""b"":""90:de:80:fe:2d:e3"",""s"":""GNET_BB_PROUD9000_FE2DE3"",""r"":-67,""f"":2457}]",""
1790677150466,2026-09-29 19:19:10,car,37.54424647,127.10331247,8.041479,0.0,,47.08123779296875,stale_gps,137,LTE,NR_NSA,5G,true,false,true,false,false,50958625,93,3050,7,8223,450,06,-80,-8,-53,14,4,0,,,,0,0,0.0000,0.0000,0,0,0.0000,0.0000,false,3,0,3,-77,93,100,0.0,false,false,periodic,0,0,0,0,2129,,,,"[{""type"":""LTE"",""pci"":93,""earfcn"":100,""tac"":null,""rsrp"":-77,""rsrq"":-10,""rssi"":-57,""snr"":null,""ta"":0,""level"":4,""bands"":""1""},{""type"":""LTE"",""pci"":93,""earfcn"":2600,""tac"":null,""rsrp"":-79,""rsrq"":-12,""rssi"":-57,""snr"":null,""ta"":0,""level"":4,""bands"":""5""},{""type"":""LTE"",""pci"":126,""earfcn"":3050,""tac"":null,""rsrp"":-89,""rsrq"":-16,""rssi"":-61,""snr"":null,""ta"":0,""level"":3,""bands"":""7""}]",,,0.000,0.000,60,2,,,,"[{""b"":""26:ec:72:6b:e7:10"",""s"":""SEOUL_Secure"",""r"":-45,""f"":5640},{""b"":""1c:ec:72:6b:e7:10"",""s"":""Public WiFi Secure"",""r"":-45,""f"":5640},{""b"":""22:ec:72:6b:e7:10"",""s"":""Public WiFi Free"",""r"":-45,""f"":5640},{""b"":""22:ec:72:6b:e7:11"",""s"":""Public WiFi Free"",""r"":-47,""f"":2412},{""b"":""26:ec:72:6b:e7:11"",""s"":""SEOUL_Secure"",""r"":-48,""f"":2412},{""b"":""1c:ec:72:6b:e7:11"",""s"":""Public WiFi Secure"",""r"":-48,""f"":2412},{""b"":""ca:dd:6a:38:95:bd"",""s"":""[LG_CeilingCassette A\/C]95bd"",""r"":-56,""f"":2462},{""b"":""d4:bd:4f:52:ff:e1"",""s"":""Public_WiFi Free"",""r"":-58,""f"":2472},{""b"":""d4:bd:4f:52:ff:e0"",""s"":""SEOUL"",""r"":-58,""f"":2472},{""b"":""d4:bd:4f:52:ff:e2"",""s"":""SEOUL_Secure"",""r"":-58,""f"":2472},{""b"":""d4:bd:4f:92:ff:e1"",""s"":""Public_WiFi Free"",""r"":-61,""f"":5660},{""b"":""d4:bd:4f:92:ff:e0"",""s"":""SEOUL"",""r"":-61,""f"":5660},{""b"":""d4:bd:4f:92:ff:e2"",""s"":""SEOUL_Secure"",""r"":-61,""f"":5660},{""b"":""b0:7c:51:7c:10:b3"",""s"":""SEOUL_Secure"",""r"":-66,""f"":2452},{""b"":""90:de:80:fe:2d:e3"",""s"":""GNET_BB_PROUD9000_FE2DE3"",""r"":-67,""f"":2457}]",""
1790677155479,2026-09-29 19:19:15,car,37.5441816,127.1030968,15.101,0.5266483,296.95132,43.099998474121094,fused,0,LTE,NR_NSA,5G,true,false,true,false,false,50958625,93,3050,7,8223,450,06,-82,-7,-57,12,4,0,,,,1264179,70274,10.1134,0.5622,1264159,70254,10.1133,0.5620,false,4,0,4,-79,93,100,0.5266483,false,false,periodic,0,0,-2,-2,2145,,,,"[{""type"":""LTE"",""pci"":93,""earfcn"":100,""tac"":null,""rsrp"":-79,""rsrq"":-10,""rssi"":-59,""snr"":null,""ta"":0,""level"":4,""bands"":""1""},{""type"":""LTE"",""pci"":93,""earfcn"":2600,""tac"":null,""rsrp"":-83,""rsrq"":-12,""rssi"":-61,""snr"":null,""ta"":0,""level"":4,""bands"":""5""},{""type"":""LTE"",""pci"":126,""earfcn"":3050,""tac"":null,""rsrp"":-94,""rsrq"":-18,""rssi"":-67,""snr"":null,""ta"":0,""level"":3,""bands"":""7""},{""type"":""LTE"",""pci"":82,""earfcn"":3050,""tac"":null,""rsrp"":-96,""rsrq"":-20,""rssi"":-65,""snr"":null,""ta"":0,""level"":2,""bands"":""7""}]",1009.09576,80,0.524,0.459,35,2,,,,"[{""b"":""26:ec:72:6b:e7:10"",""s"":""SEOUL_Secure"",""r"":-45,""f"":5640},{""b"":""1c:ec:72:6b:e7:10"",""s"":""Public WiFi Secure"",""r"":-45,""f"":5640},{""b"":""22:ec:72:6b:e7:10"",""s"":""Public WiFi Free"",""r"":-45,""f"":5640},{""b"":""d4:bd:4f:52:ff:e1"",""s"":""Public_WiFi Free"",""r"":-58,""f"":2472},{""b"":""d4:bd:4f:52:ff:e0"",""s"":""SEOUL"",""r"":-59,""f"":2472},{""b"":""d4:bd:4f:52:ff:e2"",""s"":""SEOUL_Secure"",""r"":-59,""f"":2472},{""b"":""d4:bd:4f:92:ff:e2"",""s"":""SEOUL_Secure"",""r"":-66,""f"":5660},{""b"":""d4:bd:4f:92:ff:e1"",""s"":""Public_WiFi Free"",""r"":-66,""f"":5660},{""b"":""d4:bd:4f:92:ff:e0"",""s"":""SEOUL"",""r"":-66,""f"":5660},{""b"":""c8:08:73:70:73:58"",""s"":""HANABANK_Secure"",""r"":-67,""f"":2462},{""b"":""1e:ec:72:6b:e7:00"",""s"":""Public WiFi Free"",""r"":-67,""f"":6115},{""b"":""1e:ec:72:6b:e7:01"",""s"":""SEOUL_Secure"",""r"":-67,""f"":6115},{""b"":""1e:ec:72:6b:e7:0f"",""s"":""Public WiFi Secure"",""r"":-68,""f"":6115},{""b"":""28:6d:97:e1:31:8e"",""s"":""[dryer]_E30AJT3103072L"",""r"":-72,""f"":2412},{""b"":""40:d5:21:c8:dc:6a"",""s"":""MBUX 11373"",""r"":-72,""f"":2412}]",""
1790677160505,2026-09-29 19:19:20,car,37.5441392,127.103142,17.863,0.034633145,,43.099998474121094,fused,0,LTE,NR_NSA,5G,true,false,true,false,false,50958625,93,3050,7,8223,450,06,-83,-7,-55,12,4,0,,,,8861,66737,0.0709,0.5339,8821,66697,0.0706,0.5336,false,6,0,6,-78,93,2600,9.734038,false,false,periodic,0,0,-1,0,5000,,,,"[{""type"":""LTE"",""pci"":93,""earfcn"":2600,""tac"":null,""rsrp"":-78,""rsrq"":-12,""rssi"":-57,""snr"":null,""ta"":0,""level"":4,""bands"":""5""},{""type"":""LTE"",""pci"":93,""earfcn"":100,""tac"":null,""rsrp"":-80,""rsrq"":-12,""rssi"":-57,""snr"":null,""ta"":0,""level"":4,""bands"":""1""},{""type"":""LTE"",""pci"":126,""earfcn"":100,""tac"":null,""rsrp"":-88,""rsrq"":-18,""rssi"":-61,""snr"":null,""ta"":0,""level"":3,""bands"":""1""},{""type"":""LTE"",""pci"":126,""earfcn"":2600,""tac"":null,""rsrp"":-88,""rsrq"":-20,""rssi"":-57,""snr"":null,""ta"":0,""level"":3,""bands"":""5""},{""type"":""LTE"",""pci"":126,""earfcn"":3050,""tac"":null,""rsrp"":-93,""rsrq"":-17,""rssi"":-65,""snr"":null,""ta"":0,""level"":3,""bands"":""7""},{""type"":""LTE"",""pci"":82,""earfcn"":3050,""tac"":null,""rsrp"":-96,""rsrq"":-20,""rssi"":-65,""snr"":null,""ta"":0,""level"":2,""bands"":""7""}]",1009.0516,52,0.524,0.459,38,5,,,,"[{""b"":""1c:ec:72:6b:e7:11"",""s"":""Public WiFi Secure"",""r"":-39,""f"":2412},{""b"":""22:ec:72:6b:e7:11"",""s"":""Public WiFi Free"",""r"":-39,""f"":2412},{""b"":""26:ec:72:6b:e7:10"",""s"":""SEOUL_Secure"",""r"":-46,""f"":5640},{""b"":""1c:ec:72:6b:e7:10"",""s"":""Public WiFi Secure"",""r"":-47,""f"":5640},{""b"":""22:ec:72:6b:e7:10"",""s"":""Public WiFi Free"",""r"":-47,""f"":5640},{""b"":""d4:bd:4f:52:ff:e0"",""s"":""SEOUL"",""r"":-57,""f"":2472},{""b"":""d4:bd:4f:52:ff:e2"",""s"":""SEOUL_Secure"",""r"":-59,""f"":2472},{""b"":""d4:bd:4f:52:ff:e1"",""s"":""Public_WiFi Free"",""r"":-60,""f"":2472},{""b"":""d4:bd:4f:92:ff:e2"",""s"":""SEOUL_Secure"",""r"":-60,""f"":5660},{""b"":""d4:bd:4f:92:ff:e0"",""s"":""SEOUL"",""r"":-60,""f"":5660},{""b"":""d4:bd:4f:92:ff:e1"",""s"":""Public_WiFi Free"",""r"":-61,""f"":5660},{""b"":""b0:7c:51:7c:10:b1"",""s"":"""",""r"":-66,""f"":2452},{""b"":""b0:7c:51:7c:10:b2"",""s"":""SEOUL"",""r"":-66,""f"":2452},{""b"":""c8:08:73:30:73:58"",""s"":""HANABANK_WiFi"",""r"":-68,""f"":2462},{""b"":""28:6d:97:87:14:c1"",""s"":""[air purifier] Samsung"",""r"":-68,""f"":2412}]",""
1790677165523,2026-09-29 19:19:25,car,37.5441497,127.1031281,10.937,0.09239919,,43.099998474121094,fused,0,LTE,NR_NSA,5G,true,false,true,false,false,50958625,93,3050,7,8223,450,06,-83,-7,-55,12,4,0,,,,4457,66123,0.0357,0.5290,4437,66103,0.0355,0.5288,false,6,0,6,-78,93,2600,12.052077,false,false,periodic,0,0,0,0,10021,,,,"[{""type"":""LTE"",""pci"":93,""earfcn"":2600,""tac"":null,""rsrp"":-78,""rsrq"":-12,""rssi"":-57,""snr"":null,""ta"":0,""level"":4,""bands"":""5""},{""type"":""LTE"",""pci"":93,""earfcn"":100,""tac"":null,""rsrp"":-80,""rsrq"":-12,""rssi"":-57,""snr"":null,""ta"":0,""level"":4,""bands"":""1""},{""type"":""LTE"",""pci"":126,""earfcn"":100,""tac"":null,""rsrp"":-88,""rsrq"":-18,""rssi"":-61,""snr"":null,""ta"":0,""level"":3,""bands"":""1""},{""type"":""LTE"",""pci"":126,""earfcn"":2600,""tac"":null,""rsrp"":-88,""rsrq"":-20,""rssi"":-57,""snr"":null,""ta"":0,""level"":3,""bands"":""5""},{""type"":""LTE"",""pci"":126,""earfcn"":3050,""tac"":null,""rsrp"":-93,""rsrq"":-17,""rssi"":-65,""snr"":null,""ta"":0,""level"":3,""bands"":""7""},{""type"":""LTE"",""pci"":82,""earfcn"":3050,""tac"":null,""rsrp"":-96,""rsrq"":-20,""rssi"":-65,""snr"":null,""ta"":0,""level"":2,""bands"":""7""}]",1009.1984,52,0.459,0.459,33,3,,,,"[{""b"":""26:ec:72:6b:e7:10"",""s"":""SEOUL_Secure"",""r"":-46,""f"":5640},{""b"":""1c:ec:72:6b:e7:10"",""s"":""Public WiFi Secure"",""r"":-46,""f"":5640},{""b"":""22:ec:72:6b:e7:10"",""s"":""Public WiFi Free"",""r"":-46,""f"":5640},{""b"":""26:ec:72:6b:e7:11"",""s"":""SEOUL_Secure"",""r"":-49,""f"":2412},{""b"":""ca:dd:6a:38:95:bd"",""s"":""[LG_CeilingCassette A\/C]95bd"",""r"":-55,""f"":2462},{""b"":""d4:bd:4f:52:ff:e1"",""s"":""Public_WiFi Free"",""r"":-59,""f"":2472},{""b"":""d4:bd:4f:52:ff:e0"",""s"":""SEOUL"",""r"":-61,""f"":2472},{""b"":""b0:7c:51:7c:10:b2"",""s"":""SEOUL"",""r"":-65,""f"":2452},{""b"":""b0:7c:51:7c:10:b0"",""s"":""Public WiFi Secure"",""r"":-66,""f"":2452},{""b"":""d4:bd:4f:92:ff:e2"",""s"":""SEOUL_Secure"",""r"":-68,""f"":5660},{""b"":""d4:bd:4f:52:ff:e2"",""s"":""SEOUL_Secure"",""r"":-68,""f"":2472},{""b"":""d4:bd:4f:92:ff:e1"",""s"":""Public_WiFi Free"",""r"":-68,""f"":5660},{""b"":""d4:bd:4f:92:ff:e0"",""s"":""SEOUL"",""r"":-68,""f"":5660},{""b"":""b0:7c:51:bc:10:b3"",""s"":""SEOUL_Secure"",""r"":-75,""f"":5660},{""b"":""b0:7c:51:bc:10:b2"",""s"":""SEOUL"",""r"":-76,""f"":5660}]",""
1790677170541,2026-09-29 19:19:30,car,37.5441446,127.1031173,6.895,0.18855341,179.64798,43.099998474121094,fused,1,LTE,NR_NSA,5G,true,false,true,false,false,50958625,93,3050,7,8223,450,06,-77,-7,-51,,4,0,,,,1893,65259,0.0151,0.5221,1873,65239,0.0150,0.5219,false,7,0,7,-79,93,2600,0.18855341,false,false,periodic,0,0,6,,5002,,,,"[{""type"":""LTE"",""pci"":93,""earfcn"":2600,""tac"":null,""rsrp"":-79,""rsrq"":-12,""rssi"":-57,""snr"":null,""ta"":0,""level"":4,""bands"":""5""},{""type"":""LTE"",""pci"":93,""earfcn"":100,""tac"":null,""rsrp"":-81,""rsrq"":-12,""rssi"":-59,""snr"":null,""ta"":0,""level"":4,""bands"":""1""},{""type"":""LTE"",""pci"":126,""earfcn"":3050,""tac"":null,""rsrp"":-85,""rsrq"":-17,""rssi"":-57,""snr"":null,""ta"":0,""level"":4,""bands"":""7""},{""type"":""LTE"",""pci"":126,""earfcn"":2600,""tac"":null,""rsrp"":-87,""rsrq"":-20,""rssi"":-55,""snr"":null,""ta"":0,""level"":3,""bands"":""5""},{""type"":""LTE"",""pci"":256,""earfcn"":100,""tac"":null,""rsrp"":-88,""rsrq"":-19,""rssi"":-59,""snr"":null,""ta"":0,""level"":3,""bands"":""1""},{""type"":""LTE"",""pci"":126,""earfcn"":100,""tac"":null,""rsrp"":-91,""rsrq"":-20,""rssi"":-59,""snr"":null,""ta"":0,""level"":3,""bands"":""1""},{""type"":""LTE"",""pci"":82,""earfcn"":3050,""tac"":null,""rsrp"":-93,""rsrq"":-20,""rssi"":-61,""snr"":null,""ta"":0,""level"":3,""bands"":""7""}]",1008.95557,54,0.524,0.524,40,1,,,,"[{""b"":""26:ec:72:6b:e7:10"",""s"":""SEOUL_Secure"",""r"":-41,""f"":5640},{""b"":""1c:ec:72:6b:e7:10"",""s"":""Public WiFi Secure"",""r"":-41,""f"":5640},{""b"":""22:ec:72:6b:e7:10"",""s"":""Public WiFi Free"",""r"":-41,""f"":5640},{""b"":""22:ec:72:6b:e7:11"",""s"":""Public WiFi Free"",""r"":-53,""f"":2412},{""b"":""c8:08:73:30:73:58"",""s"":""HANABANK_WiFi"",""r"":-66,""f"":2462},{""b"":""c8:08:73:70:73:58"",""s"":""HANABANK_Secure"",""r"":-67,""f"":2462},{""b"":""d4:bd:4f:52:ff:e0"",""s"":""SEOUL"",""r"":-68,""f"":2472},{""b"":""c8:08:73:29:94:e8"",""s"":""HANABANK_WiFi"",""r"":-69,""f"":2462},{""b"":""d4:bd:4f:52:ff:e1"",""s"":""Public_WiFi Free"",""r"":-69,""f"":2472},{""b"":""d4:bd:4f:52:ff:e2"",""s"":""SEOUL_Secure"",""r"":-69,""f"":2472},{""b"":""b0:7c:51:7c:10:b3"",""s"":""SEOUL_Secure"",""r"":-70,""f"":2452},{""b"":""28:6d:97:87:14:c1"",""s"":""[air purifier] Samsung"",""r"":-72,""f"":2412},{""b"":""d4:bd:4f:92:ff:e2"",""s"":""SEOUL_Secure"",""r"":-72,""f"":5660},{""b"":""d4:bd:4f:92:ff:e1"",""s"":""Public_WiFi Free"",""r"":-72,""f"":5660},{""b"":""d4:bd:4f:92:ff:e0"",""s"":""SEOUL"",""r"":-72,""f"":5660}]",""
1790677175565,2026-09-29 19:19:35,car,37.5438491,127.1028363,5.822,5.4792266,221.6995,43.0,fused,0,LTE,NR_NSA,5G,true,false,true,false,false,50958625,93,3050,7,8223,450,06,-77,-7,-51,,4,0,,,,2005,63421,0.0160,0.5074,1985,63401,0.0159,0.5072,false,7,0,7,-79,93,2600,5.4792266,false,false,periodic,0,0,0,,10025,,,,"[{""type"":""LTE"",""pci"":93,""earfcn"":2600,""tac"":null,""rsrp"":-79,""rsrq"":-12,""rssi"":-57,""snr"":null,""ta"":0,""level"":4,""bands"":""5""},{""type"":""LTE"",""pci"":93,""earfcn"":100,""tac"":null,""rsrp"":-81,""rsrq"":-12,""rssi"":-59,""snr"":null,""ta"":0,""level"":4,""bands"":""1""},{""type"":""LTE"",""pci"":126,""earfcn"":3050,""tac"":null,""rsrp"":-85,""rsrq"":-17,""rssi"":-57,""snr"":null,""ta"":0,""level"":4,""bands"":""7""},{""type"":""LTE"",""pci"":126,""earfcn"":2600,""tac"":null,""rsrp"":-87,""rsrq"":-20,""rssi"":-55,""snr"":null,""ta"":0,""level"":3,""bands"":""5""},{""type"":""LTE"",""pci"":256,""earfcn"":100,""tac"":null,""rsrp"":-88,""rsrq"":-19,""rssi"":-59,""snr"":null,""ta"":0,""level"":3,""bands"":""1""},{""type"":""LTE"",""pci"":126,""earfcn"":100,""tac"":null,""rsrp"":-91,""rsrq"":-20,""rssi"":-59,""snr"":null,""ta"":0,""level"":3,""bands"":""1""},{""type"":""LTE"",""pci"":82,""earfcn"":3050,""tac"":null,""rsrp"":-93,""rsrq"":-20,""rssi"":-61,""snr"":null,""ta"":0,""level"":3,""bands"":""7""}]",1009.0223,52,0.459,0.459,40,6,,,,"[{""b"":""26:ec:72:6b:e7:10"",""s"":""SEOUL_Secure"",""r"":-41,""f"":5640},{""b"":""1c:ec:72:6b:e7:10"",""s"":""Public WiFi Secure"",""r"":-41,""f"":5640},{""b"":""22:ec:72:6b:e7:10"",""s"":""Public WiFi Free"",""r"":-41,""f"":5640},{""b"":""22:ec:72:6b:e7:11"",""s"":""Public WiFi Free"",""r"":-53,""f"":2412},{""b"":""c8:08:73:30:73:58"",""s"":""HANABANK_WiFi"",""r"":-66,""f"":2462},{""b"":""c8:08:73:70:73:58"",""s"":""HANABANK_Secure"",""r"":-67,""f"":2462},{""b"":""d4:bd:4f:52:ff:e0"",""s"":""SEOUL"",""r"":-68,""f"":2472},{""b"":""c8:08:73:29:94:e8"",""s"":""HANABANK_WiFi"",""r"":-69,""f"":2462},{""b"":""d4:bd:4f:52:ff:e1"",""s"":""Public_WiFi Free"",""r"":-69,""f"":2472},{""b"":""d4:bd:4f:52:ff:e2"",""s"":""SEOUL_Secure"",""r"":-69,""f"":2472},{""b"":""b0:7c:51:7c:10:b3"",""s"":""SEOUL_Secure"",""r"":-70,""f"":2452},{""b"":""28:6d:97:87:14:c1"",""s"":""[air purifier] Samsung"",""r"":-72,""f"":2412},{""b"":""d4:bd:4f:92:ff:e2"",""s"":""SEOUL_Secure"",""r"":-72,""f"":5660},{""b"":""d4:bd:4f:92:ff:e1"",""s"":""Public_WiFi Free"",""r"":-72,""f"":5660},{""b"":""d4:bd:4f:92:ff:e0"",""s"":""SEOUL"",""r"":-72,""f"":5660}]",""
1790677180589,2026-09-29 19:19:40,car,37.5436691,127.1026732,4.442,4.9596195,224.52672,43.0,fused,1,LTE,NR_NSA,5G,true,false,true,false,false,50958625,93,3050,7,8223,450,06,-85,-10,-55,,4,0,,,,2134,65181,0.0171,0.5214,2114,65161,0.0169,0.5213,false,8,0,8,-84,93,100,4.9596195,false,false,periodic,0,0,-8,,5000,,,,"[{""type"":""LTE"",""pci"":93,""earfcn"":100,""tac"":null,""rsrp"":-84,""rsrq"":-11,""rssi"":-63,""snr"":null,""ta"":0,""level"":4,""bands"":""1""},{""type"":""LTE"",""pci"":118,""earfcn"":2600,""tac"":null,""rsrp"":-85,""rsrq"":-20,""rssi"":-55,""snr"":null,""ta"":0,""level"":4,""bands"":""5""},{""type"":""LTE"",""pci"":93,""earfcn"":2600,""tac"":null,""rsrp"":-87,""rsrq"":-12,""rssi"":-65,""snr"":null,""ta"":0,""level"":3,""bands"":""5""},{""type"":""LTE"",""pci"":82,""earfcn"":3050,""tac"":null,""rsrp"":-91,""rsrq"":-17,""rssi"":-63,""snr"":null,""ta"":0,""level"":3,""bands"":""7""},{""type"":""LTE"",""pci"":126,""earfcn"":3050,""tac"":null,""rsrp"":-92,""rsrq"":-19,""rssi"":-63,""snr"":null,""ta"":0,""level"":3,""bands"":""7""},{""type"":""LTE"",""pci"":305,""earfcn"":2600,""tac"":null,""rsrp"":-93,""rsrq"":-19,""rssi"":-65,""snr"":null,""ta"":0,""level"":3,""bands"":""5""},{""type"":""LTE"",""pci"":126,""earfcn"":2600,""tac"":null,""rsrp"":-94,""rsrq"":-18,""rssi"":-67,""snr"":null,""ta"":0,""level"":3,""bands"":""5""},{""type"":""LTE"",""pci"":126,""earfcn"":100,""tac"":null,""rsrp"":-97,""rsrq"":-19,""rssi"":-65,""snr"":null,""ta"":0,""level"":2,""bands"":""1""}]",1009.0758,51,0.488,0.459,40,11,,,,"[{""b"":""26:ec:72:6b:e7:10"",""s"":""SEOUL_Secure"",""r"":-41,""f"":5640},{""b"":""1c:ec:72:6b:e7:10"",""s"":""Public WiFi Secure"",""r"":-41,""f"":5640},{""b"":""22:ec:72:6b:e7:10"",""s"":""Public WiFi Free"",""r"":-41,""f"":5640},{""b"":""22:ec:72:6b:e7:11"",""s"":""Public WiFi Free"",""r"":-53,""f"":2412},{""b"":""c8:08:73:30:73:58"",""s"":""HANABANK_WiFi"",""r"":-66,""f"":2462},{""b"":""c8:08:73:70:73:58"",""s"":""HANABANK_Secure"",""r"":-67,""f"":2462},{""b"":""d4:bd:4f:52:ff:e0"",""s"":""SEOUL"",""r"":-68,""f"":2472},{""b"":""c8:08:73:29:94:e8"",""s"":""HANABANK_WiFi"",""r"":-69,""f"":2462},{""b"":""d4:bd:4f:52:ff:e1"",""s"":""Public_WiFi Free"",""r"":-69,""f"":2472},{""b"":""d4:bd:4f:52:ff:e2"",""s"":""SEOUL_Secure"",""r"":-69,""f"":2472},{""b"":""b0:7c:51:7c:10:b3"",""s"":""SEOUL_Secure"",""r"":-70,""f"":2452},{""b"":""28:6d:97:87:14:c1"",""s"":""[air purifier] Samsung"",""r"":-72,""f"":2412},{""b"":""d4:bd:4f:92:ff:e2"",""s"":""SEOUL_Secure"",""r"":-72,""f"":5660},{""b"":""d4:bd:4f:92:ff:e1"",""s"":""Public_WiFi Free"",""r"":-72,""f"":5660},{""b"":""d4:bd:4f:92:ff:e0"",""s"":""SEOUL"",""r"":-72,""f"":5660}]",""
1790677185607,2026-09-29 19:19:45,car,37.5434859,127.1024077,4.23,5.1762896,231.11195,43.099998474121094,fused,0,LTE,NR_NSA,5G,true,false,true,false,false,50958625,93,3050,7,8223,450,06,-85,-10,-55,,4,0,,,,2171,65278,0.0174,0.5222,2131,65239,0.0170,0.5219,false,8,0,8,-84,93,100,5.1762896,false,false,periodic,0,0,0,,10019,,,,"[{""type"":""LTE"",""pci"":93,""earfcn"":100,""tac"":null,""rsrp"":-84,""rsrq"":-11,""rssi"":-63,""snr"":null,""ta"":0,""level"":4,""bands"":""1""},{""type"":""LTE"",""pci"":118,""earfcn"":2600,""tac"":null,""rsrp"":-85,""rsrq"":-20,""rssi"":-55,""snr"":null,""ta"":0,""level"":4,""bands"":""5""},{""type"":""LTE"",""pci"":93,""earfcn"":2600,""tac"":null,""rsrp"":-87,""rsrq"":-12,""rssi"":-65,""snr"":null,""ta"":0,""level"":3,""bands"":""5""},{""type"":""LTE"",""pci"":82,""earfcn"":3050,""tac"":null,""rsrp"":-91,""rsrq"":-17,""rssi"":-63,""snr"":null,""ta"":0,""level"":3,""bands"":""7""},{""type"":""LTE"",""pci"":126,""earfcn"":3050,""tac"":null,""rsrp"":-92,""rsrq"":-19,""rssi"":-63,""snr"":null,""ta"":0,""level"":3,""bands"":""7""},{""type"":""LTE"",""pci"":305,""earfcn"":2600,""tac"":null,""rsrp"":-93,""rsrq"":-19,""rssi"":-65,""snr"":null,""ta"":0,""level"":3,""bands"":""5""},{""type"":""LTE"",""pci"":126,""earfcn"":2600,""tac"":null,""rsrp"":-94,""rsrq"":-18,""rssi"":-67,""snr"":null,""ta"":0,""level"":3,""bands"":""5""},{""type"":""LTE"",""pci"":126,""earfcn"":100,""tac"":null,""rsrp"":-97,""rsrq"":-19,""rssi"":-65,""snr"":null,""ta"":0,""level"":2,""bands"":""1""}]",1009.0325,50,0.505,0.459,29,2,,,,"[{""b"":""26:ec:72:6b:e7:10"",""s"":""SEOUL_Secure"",""r"":-44,""f"":5640},{""b"":""1c:ec:72:6b:e7:10"",""s"":""Public WiFi Secure"",""r"":-44,""f"":5640},{""b"":""22:ec:72:6b:e7:10"",""s"":""Public WiFi Free"",""r"":-44,""f"":5640},{""b"":""26:ec:72:6b:e7:11"",""s"":""SEOUL_Secure"",""r"":-49,""f"":2412},{""b"":""22:ec:72:6b:e7:11"",""s"":""Public WiFi Free"",""r"":-49,""f"":2412},{""b"":""b0:7c:51:7c:10:b1"",""s"":"""",""r"":-50,""f"":2452},{""b"":""b0:7c:51:7c:10:b2"",""s"":""SEOUL"",""r"":-50,""f"":2452},{""b"":""b0:7c:51:7c:10:b0"",""s"":""Public WiFi Secure"",""r"":-50,""f"":2452},{""b"":""b0:7c:51:7c:10:b3"",""s"":""SEOUL_Secure"",""r"":-52,""f"":2452},{""b"":""b0:7c:51:bc:10:b3"",""s"":""SEOUL_Secure"",""r"":-55,""f"":5660},{""b"":""b0:7c:51:bc:10:b2"",""s"":""SEOUL"",""r"":-55,""f"":5660},{""b"":""b0:7c:51:bc:10:b0"",""s"":""Public WiFi Secure"",""r"":-55,""f"":5660},{""b"":""b0:7c:51:bc:10:b1"",""s"":"""",""r"":-58,""f"":5660},{""b"":""b0:7c:51:bc:10:b4"",""s"":"""",""r"":-58,""f"":5660},{""b"":""1e:ec:72:6b:e7:0f"",""s"":""Public WiFi Secure"",""r"":-65,""f"":6115}]",""
1790677190629,2026-09-29 19:19:50,car,37.5434199,127.1022593,4.327,3.1553154,254.3288,43.099998474121094,fused,1,LTE,NR_NSA,5G,true,false,true,false,false,50958595,82,3050,7,8223,450,06,-88,-8,-57,,3,0,,,,2278,65207,0.0182,0.5217,2258,65187,0.0181,0.5215,false,11,0,11,-88,82,2600,3.1553154,true,false,periodic,0,1,,,5001,50958625,-85,-10,"[{""type"":""LTE"",""pci"":82,""earfcn"":2600,""tac"":null,""rsrp"":-88,""rsrq"":-13,""rssi"":-65,""snr"":null,""ta"":0,""level"":3,""bands"":""5""},{""type"":""LTE"",""pci"":82,""earfcn"":100,""tac"":null,""rsrp"":-89,""rsrq"":-11,""rssi"":-69,""snr"":null,""ta"":0,""level"":3,""bands"":""1""},{""type"":""LTE"",""pci"":93,""earfcn"":100,""tac"":null,""rsrp"":-92,""rsrq"":-13,""rssi"":-69,""snr"":null,""ta"":0,""level"":3,""bands"":""1""},{""type"":""LTE"",""pci"":93,""earfcn"":3050,""tac"":null,""rsrp"":-93,""rsrq"":-15,""rssi"":-67,""snr"":null,""ta"":0,""level"":3,""bands"":""7""},{""type"":""LTE"",""pci"":93,""earfcn"":2600,""tac"":null,""rsrp"":-94,""rsrq"":-16,""rssi"":-65,""snr"":null,""ta"":0,""level"":3,""bands"":""5""},{""type"":""LTE"",""pci"":45,""earfcn"":3050,""tac"":null,""rsrp"":-95,""rsrq"":-17,""rssi"":-67,""snr"":null,""ta"":0,""level"":3,""bands"":""7""},{""type"":""LTE"",""pci"":45,""earfcn"":100,""tac"":null,""rsrp"":-96,""rsrq"":-15,""rssi"":-69,""snr"":null,""ta"":0,""level"":2,""bands"":""1""},{""type"":""LTE"",""pci"":45,""earfcn"":2600,""tac"":null,""rsrp"":-96,""rsrq"":-18,""rssi"":-67,""snr"":null,""ta"":0,""level"":2,""bands"":""5""},{""type"":""LTE"",""pci"":126,""earfcn"":3050,""tac"":null,""rsrp"":-97,""rsrq"":-18,""rssi"":-67,""snr"":null,""ta"":0,""level"":2,""bands"":""7""},{""type"":""LTE"",""pci"":126,""earfcn"":2600,""tac"":null,""rsrp"":-97,""rsrq"":-19,""rssi"":-67,""snr"":null,""ta"":0,""level"":2,""bands"":""5""},{""type"":""LTE"",""pci"":126,""earfcn"":100,""tac"":null,""rsrp"":-100,""rsrq"":-17,""rssi"":-69,""snr"":null,""ta"":0,""level"":2,""bands"":""1""}]",1009.06604,58,0.524,0.524,29,7,,,,"[{""b"":""26:ec:72:6b:e7:10"",""s"":""SEOUL_Secure"",""r"":-44,""f"":5640},{""b"":""1c:ec:72:6b:e7:10"",""s"":""Public WiFi Secure"",""r"":-44,""f"":5640},{""b"":""22:ec:72:6b:e7:10"",""s"":""Public WiFi Free"",""r"":-44,""f"":5640},{""b"":""26:ec:72:6b:e7:11"",""s"":""SEOUL_Secure"",""r"":-49,""f"":2412},{""b"":""22:ec:72:6b:e7:11"",""s"":""Public WiFi Free"",""r"":-49,""f"":2412},{""b"":""b0:7c:51:7c:10:b1"",""s"":"""",""r"":-50,""f"":2452},{""b"":""b0:7c:51:7c:10:b2"",""s"":""SEOUL"",""r"":-50,""f"":2452},{""b"":""b0:7c:51:7c:10:b0"",""s"":""Public WiFi Secure"",""r"":-50,""f"":2452},{""b"":""b0:7c:51:7c:10:b3"",""s"":""SEOUL_Secure"",""r"":-52,""f"":2452},{""b"":""b0:7c:51:bc:10:b3"",""s"":""SEOUL_Secure"",""r"":-55,""f"":5660},{""b"":""b0:7c:51:bc:10:b2"",""s"":""SEOUL"",""r"":-55,""f"":5660},{""b"":""b0:7c:51:bc:10:b0"",""s"":""Public WiFi Secure"",""r"":-55,""f"":5660},{""b"":""b0:7c:51:bc:10:b1"",""s"":"""",""r"":-58,""f"":5660},{""b"":""b0:7c:51:bc:10:b4"",""s"":"""",""r"":-58,""f"":5660},{""b"":""1e:ec:72:6b:e7:0f"",""s"":""Public WiFi Secure"",""r"":-65,""f"":6115}]","[{""type"":""LTE"",""pci"":93,""earfcn"":100,""tac"":null,""rsrp"":-84,""rsrq"":-11,""rssi"":-63,""snr"":null,""ta"":0,""level"":4,""bands"":""1""},{""type"":""LTE"",""pci"":118,""earfcn"":2600,""tac"":null,""rsrp"":-85,""rsrq"":-20,""rssi"":-55,""snr"":null,""ta"":0,""level"":4,""bands"":""5""},{""type"":""LTE"",""pci"":93,""earfcn"":2600,""tac"":null,""rsrp"":-87,""rsrq"":-12,""rssi"":-65,""snr"":null,""ta"":0,""level"":3,""bands"":""5""},{""type"":""LTE"",""pci"":82,""earfcn"":3050,""tac"":null,""rsrp"":-91,""rsrq"":-17,""rssi"":-63,""snr"":null,""ta"":0,""level"":3,""bands"":""7""},{""type"":""LTE"",""pci"":126,""earfcn"":3050,""tac"":null,""rsrp"":-92,""rsrq"":-19,""rssi"":-63,""snr"":null,""ta"":0,""level"":3,""bands"":""7""},{""type"":""LTE"",""pci"":305,""earfcn"":2600,""tac"":null,""rsrp"":-93,""rsrq"":-19,""rssi"":-65,""snr"":null,""ta"":0,""level"":3,""bands"":""5""},{""type"":""LTE"",""pci"":126,""earfcn"":2600,""tac"":null,""rsrp"":-94,""rsrq"":-18,""rssi"":-67,""snr"":null,""ta"":0,""level"":3,""bands"":""5""},{""type"":""LTE"",""pci"":126,""earfcn"":100,""tac"":null,""rsrp"":-97,""rsrq"":-19,""rssi"":-65,""snr"":null,""ta"":0,""level"":2,""bands"":""1""}]"
1790677195655,2026-09-29 19:19:55,car,37.5433324,127.1020695,4.335,3.1791928,236.00752,43.099998474121094,fused,0,LTE,NR_NSA,5G,true,false,true,false,false,50958595,82,3050,7,8223,450,06,-88,-8,-57,,3,0,,,,2105,65087,0.0168,0.5207,2085,65067,0.0167,0.5205,false,11,0,11,-88,82,2600,3.1791928,false,false,periodic,5,1,0,,10027,,,,"[{""type"":""LTE"",""pci"":82,""earfcn"":2600,""tac"":null,""rsrp"":-88,""rsrq"":-13,""rssi"":-65,""snr"":null,""ta"":0,""level"":3,""bands"":""5""},{""type"":""LTE"",""pci"":82,""earfcn"":100,""tac"":null,""rsrp"":-89,""rsrq"":-11,""rssi"":-69,""snr"":null,""ta"":0,""level"":3,""bands"":""1""},{""type"":""LTE"",""pci"":93,""earfcn"":100,""tac"":null,""rsrp"":-92,""rsrq"":-13,""rssi"":-69,""snr"":null,""ta"":0,""level"":3,""bands"":""1""},{""type"":""LTE"",""pci"":93,""earfcn"":3050,""tac"":null,""rsrp"":-93,""rsrq"":-15,""rssi"":-67,""snr"":null,""ta"":0,""level"":3,""bands"":""7""},{""type"":""LTE"",""pci"":93,""earfcn"":2600,""tac"":null,""rsrp"":-94,""rsrq"":-16,""rssi"":-65,""snr"":null,""ta"":0,""level"":3,""bands"":""5""},{""type"":""LTE"",""pci"":45,""earfcn"":3050,""tac"":null,""rsrp"":-95,""rsrq"":-17,""rssi"":-67,""snr"":null,""ta"":0,""level"":3,""bands"":""7""},{""type"":""LTE"",""pci"":45,""earfcn"":100,""tac"":null,""rsrp"":-96,""rsrq"":-15,""rssi"":-69,""snr"":null,""ta"":0,""level"":2,""bands"":""1""},{""type"":""LTE"",""pci"":45,""earfcn"":2600,""tac"":null,""rsrp"":-96,""rsrq"":-18,""rssi"":-67,""snr"":null,""ta"":0,""level"":2,""bands"":""5""},{""type"":""LTE"",""pci"":126,""earfcn"":3050,""tac"":null,""rsrp"":-97,""rsrq"":-18,""rssi"":-67,""snr"":null,""ta"":0,""level"":2,""bands"":""7""},{""type"":""LTE"",""pci"":126,""earfcn"":2600,""tac"":null,""rsrp"":-97,""rsrq"":-19,""rssi"":-67,""snr"":null,""ta"":0,""level"":2,""bands"":""5""},{""type"":""LTE"",""pci"":126,""earfcn"":100,""tac"":null,""rsrp"":-100,""rsrq"":-17,""rssi"":-69,""snr"":null,""ta"":0,""level"":2,""bands"":""1""}]",1009.10406,51,0.459,0.524,29,12,,,,"[{""b"":""26:ec:72:6b:e7:10"",""s"":""SEOUL_Secure"",""r"":-44,""f"":5640},{""b"":""1c:ec:72:6b:e7:10"",""s"":""Public WiFi Secure"",""r"":-44,""f"":5640},{""b"":""22:ec:72:6b:e7:10"",""s"":""Public WiFi Free"",""r"":-44,""f"":5640},{""b"":""26:ec:72:6b:e7:11"",""s"":""SEOUL_Secure"",""r"":-49,""f"":2412},{""b"":""22:ec:72:6b:e7:11"",""s"":""Public WiFi Free"",""r"":-49,""f"":2412},{""b"":""b0:7c:51:7c:10:b1"",""s"":"""",""r"":-50,""f"":2452},{""b"":""b0:7c:51:7c:10:b2"",""s"":""SEOUL"",""r"":-50,""f"":2452},{""b"":""b0:7c:51:7c:10:b0"",""s"":""Public WiFi Secure"",""r"":-50,""f"":2452},{""b"":""b0:7c:51:7c:10:b3"",""s"":""SEOUL_Secure"",""r"":-52,""f"":2452},{""b"":""b0:7c:51:bc:10:b3"",""s"":""SEOUL_Secure"",""r"":-55,""f"":5660},{""b"":""b0:7c:51:bc:10:b2"",""s"":""SEOUL"",""r"":-55,""f"":5660},{""b"":""b0:7c:51:bc:10:b0"",""s"":""Public WiFi Secure"",""r"":-55,""f"":5660},{""b"":""b0:7c:51:bc:10:b1"",""s"":"""",""r"":-58,""f"":5660},{""b"":""b0:7c:51:bc:10:b4"",""s"":"""",""r"":-58,""f"":5660},{""b"":""1e:ec:72:6b:e7:0f"",""s"":""Public WiFi Secure"",""r"":-65,""f"":6115}]",""
1790677200674,2026-09-29 19:20:00,car,37.5432842,127.1018894,4.901,3.9606225,248.00603,43.099998474121094,fused,1,LTE,NR_NSA,5G,true,false,true,false,false,50958595,82,3050,7,8223,450,06,-92,-11,-59,,3,0,,,,2079,63552,0.0166,0.5084,2059,63532,0.0165,0.5083,false,9,0,9,-90,82,2600,3.9606225,false,false,periodic,10,1,-4,,5002,,,,"[{""type"":""LTE"",""pci"":82,""earfcn"":2600,""tac"":null,""rsrp"":-90,""rsrq"":-14,""rssi"":-65,""snr"":null,""ta"":0,""level"":3,""bands"":""5""},{""type"":""LTE"",""pci"":93,""earfcn"":3050,""tac"":null,""rsrp"":-92,""rsrq"":-14,""rssi"":-67,""snr"":null,""ta"":0,""level"":3,""bands"":""7""},{""type"":""LTE"",""pci"":45,""earfcn"":100,""tac"":null,""rsrp"":-93,""rsrq"":-13,""rssi"":-71,""snr"":null,""ta"":0,""level"":3,""bands"":""1""},{""type"":""LTE"",""pci"":82,""earfcn"":100,""tac"":null,""rsrp"":-93,""rsrq"":-12,""rssi"":-71,""snr"":null,""ta"":0,""level"":3,""bands"":""1""},{""type"":""LTE"",""pci"":93,""earfcn"":2600,""tac"":null,""rsrp"":-93,""rsrq"":-11,""rssi"":-65,""snr"":null,""ta"":0,""level"":3,""bands"":""5""},{""type"":""LTE"",""pci"":45,""earfcn"":3050,""tac"":null,""rsrp"":-94,""rsrq"":-14,""rssi"":-67,""snr"":null,""ta"":0,""level"":3,""bands"":""7""},{""type"":""LTE"",""pci"":45,""earfcn"":2600,""tac"":null,""rsrp"":-95,""rsrq"":-18,""rssi"":-65,""snr"":null,""ta"":0,""level"":3,""bands"":""5""},{""type"":""LTE"",""pci"":93,""earfcn"":100,""tac"":null,""rsrp"":-99,""rsrq"":-19,""rssi"":-71,""snr"":null,""ta"":0,""level"":2,""bands"":""1""},{""type"":""LTE"",""pci"":126,""earfcn"":100,""tac"":null,""rsrp"":-102,""rsrq"":-20,""rssi"":-69,""snr"":null,""ta"":0,""level"":2,""bands"":""1""}]",1009.09705,55,0.459,0.459,29,17,,,,"[{""b"":""26:ec:72:6b:e7:10"",""s"":""SEOUL_Secure"",""r"":-44,""f"":5640},{""b"":""1c:ec:72:6b:e7:10"",""s"":""Public WiFi Secure"",""r"":-44,""f"":5640},{""b"":""22:ec:72:6b:e7:10"",""s"":""Public WiFi Free"",""r"":-44,""f"":5640},{""b"":""26:ec:72:6b:e7:11"",""s"":""SEOUL_Secure"",""r"":-49,""f"":2412},{""b"":""22:ec:72:6b:e7:11"",""s"":""Public WiFi Free"",""r"":-49,""f"":2412},{""b"":""b0:7c:51:7c:10:b1"",""s"":"""",""r"":-50,""f"":2452},{""b"":""b0:7c:51:7c:10:b2"",""s"":""SEOUL"",""r"":-50,""f"":2452},{""b"":""b0:7c:51:7c:10:b0"",""s"":""Public WiFi Secure"",""r"":-50,""f"":2452},{""b"":""b0:7c:51:7c:10:b3"",""s"":""SEOUL_Secure"",""r"":-52,""f"":2452},{""b"":""b0:7c:51:bc:10:b3"",""s"":""SEOUL_Secure"",""r"":-55,""f"":5660},{""b"":""b0:7c:51:bc:10:b2"",""s"":""SEOUL"",""r"":-55,""f"":5660},{""b"":""b0:7c:51:bc:10:b0"",""s"":""Public WiFi Secure"",""r"":-55,""f"":5660},{""b"":""b0:7c:51:bc:10:b1"",""s"":"""",""r"":-58,""f"":5660},{""b"":""b0:7c:51:bc:10:b4"",""s"":"""",""r"":-58,""f"":5660},{""b"":""1e:ec:72:6b:e7:0f"",""s"":""Public WiFi Secure"",""r"":-65,""f"":6115}]",""
1790677205696,2026-09-29 19:20:05,car,37.5431959,127.1015738,4.905,5.233344,246.43689,43.099998474121094,fused,0,LTE,NR_NSA,5G,true,false,true,false,false,50958595,82,3050,7,8223,450,06,-92,-11,-59,,3,0,,,,2227,65339,0.0178,0.5227,2187,65299,0.0175,0.5224,false,9,0,9,-90,82,2600,5.233344,false,false,periodic,15,1,0,,10026,,,,"[{""type"":""LTE"",""pci"":82,""earfcn"":2600,""tac"":null,""rsrp"":-90,""rsrq"":-14,""rssi"":-65,""snr"":null,""ta"":0,""level"":3,""bands"":""5""},{""type"":""LTE"",""pci"":93,""earfcn"":3050,""tac"":null,""rsrp"":-92,""rsrq"":-14,""rssi"":-67,""snr"":null,""ta"":0,""level"":3,""bands"":""7""},{""type"":""LTE"",""pci"":45,""earfcn"":100,""tac"":null,""rsrp"":-93,""rsrq"":-13,""rssi"":-71,""snr"":null,""ta"":0,""level"":3,""bands"":""1""},{""type"":""LTE"",""pci"":82,""earfcn"":100,""tac"":null,""rsrp"":-93,""rsrq"":-12,""rssi"":-71,""snr"":null,""ta"":0,""level"":3,""bands"":""1""},{""type"":""LTE"",""pci"":93,""earfcn"":2600,""tac"":null,""rsrp"":-93,""rsrq"":-11,""rssi"":-65,""snr"":null,""ta"":0,""level"":3,""bands"":""5""},{""type"":""LTE"",""pci"":45,""earfcn"":3050,""tac"":null,""rsrp"":-94,""rsrq"":-14,""rssi"":-67,""snr"":null,""ta"":0,""level"":3,""bands"":""7""},{""type"":""LTE"",""pci"":45,""earfcn"":2600,""tac"":null,""rsrp"":-95,""rsrq"":-18,""rssi"":-65,""snr"":null,""ta"":0,""level"":3,""bands"":""5""},{""type"":""LTE"",""pci"":93,""earfcn"":100,""tac"":null,""rsrp"":-99,""rsrq"":-19,""rssi"":-71,""snr"":null,""ta"":0,""level"":2,""bands"":""1""},{""type"":""LTE"",""pci"":126,""earfcn"":100,""tac"":null,""rsrp"":-102,""rsrq"":-20,""rssi"":-69,""snr"":null,""ta"":0,""level"":2,""bands"":""1""}]",1009.0769,51,0.524,0.459,29,22,,,,"[{""b"":""26:ec:72:6b:e7:10"",""s"":""SEOUL_Secure"",""r"":-44,""f"":5640},{""b"":""1c:ec:72:6b:e7:10"",""s"":""Public WiFi Secure"",""r"":-44,""f"":5640},{""b"":""22:ec:72:6b:e7:10"",""s"":""Public WiFi Free"",""r"":-44,""f"":5640},{""b"":""26:ec:72:6b:e7:11"",""s"":""SEOUL_Secure"",""r"":-49,""f"":2412},{""b"":""22:ec:72:6b:e7:11"",""s"":""Public WiFi Free"",""r"":-49,""f"":2412},{""b"":""b0:7c:51:7c:10:b1"",""s"":"""",""r"":-50,""f"":2452},{""b"":""b0:7c:51:7c:10:b2"",""s"":""SEOUL"",""r"":-50,""f"":2452},{""b"":""b0:7c:51:7c:10:b0"",""s"":""Public WiFi Secure"",""r"":-50,""f"":2452},{""b"":""b0:7c:51:7c:10:b3"",""s"":""SEOUL_Secure"",""r"":-52,""f"":2452},{""b"":""b0:7c:51:bc:10:b3"",""s"":""SEOUL_Secure"",""r"":-55,""f"":5660},{""b"":""b0:7c:51:bc:10:b2"",""s"":""SEOUL"",""r"":-55,""f"":5660},{""b"":""b0:7c:51:bc:10:b0"",""s"":""Public WiFi Secure"",""r"":-55,""f"":5660},{""b"":""b0:7c:51:bc:10:b1"",""s"":"""",""r"":-58,""f"":5660},{""b"":""b0:7c:51:bc:10:b4"",""s"":"""",""r"":-58,""f"":5660},{""b"":""1e:ec:72:6b:e7:0f"",""s"":""Public WiFi Secure"",""r"":-65,""f"":6115}]",""
1790677210721,2026-09-29 19:20:10,car,37.543121,127.1013409,4.443,5.3774023,246.68384,43.099998474121094,fused,1,LTE,NR_NSA,5G,true,false,true,false,false,50958595,82,3050,7,8223,450,06,-88,-10,-57,,3,0,,,,24058,67133,0.1925,0.5371,24038,67114,0.1923,0.5369,false,12,0,12,-85,82,100,5.3774023,false,false,periodic,20,1,4,,4997,,,,"[{""type"":""LTE"",""pci"":82,""earfcn"":100,""tac"":null,""rsrp"":-85,""rsrq"":-9,""rssi"":-67,""snr"":null,""ta"":0,""level"":4,""bands"":""1""},{""type"":""LTE"",""pci"":82,""earfcn"":2600,""tac"":null,""rsrp"":-89,""rsrq"":-10,""rssi"":-69,""snr"":null,""ta"":0,""level"":3,""bands"":""5""},{""type"":""LTE"",""pci"":45,""earfcn"":3050,""tac"":null,""rsrp"":-90,""rsrq"":-14,""rssi"":-65,""snr"":null,""ta"":0,""level"":3,""bands"":""7""},{""type"":""LTE"",""pci"":45,""earfcn"":100,""tac"":null,""rsrp"":-91,""rsrq"":-15,""rssi"":-67,""snr"":null,""ta"":0,""level"":3,""bands"":""1""},{""type"":""LTE"",""pci"":93,""earfcn"":3050,""tac"":null,""rsrp"":-94,""rsrq"":-16,""rssi"":-65,""snr"":null,""ta"":0,""level"":3,""bands"":""7""},{""type"":""LTE"",""pci"":269,""earfcn"":2600,""tac"":null,""rsrp"":-94,""rsrq"":-16,""rssi"":-69,""snr"":null,""ta"":0,""level"":3,""bands"":""5""},{""type"":""LTE"",""pci"":45,""earfcn"":2600,""tac"":null,""rsrp"":-94,""rsrq"":-17,""rssi"":-69,""snr"":null,""ta"":0,""level"":3,""bands"":""5""},{""type"":""LTE"",""pci"":269,""earfcn"":3050,""tac"":null,""rsrp"":-95,""rsrq"":-20,""rssi"":-65,""snr"":null,""ta"":0,""level"":3,""bands"":""7""},{""type"":""LTE"",""pci"":93,""earfcn"":100,""tac"":null,""rsrp"":-96,""rsrq"":-16,""rssi"":-67,""snr"":null,""ta"":0,""level"":2,""bands"":""1""},{""type"":""LTE"",""pci"":93,""earfcn"":2600,""tac"":null,""rsrp"":-97,""rsrq"":-13,""rssi"":-69,""snr"":null,""ta"":0,""level"":2,""bands"":""5""},{""type"":""LTE"",""pci"":269,""earfcn"":100,""tac"":null,""rsrp"":-98,""rsrq"":-20,""rssi"":-67,""snr"":null,""ta"":0,""level"":2,""bands"":""1""},{""type"":""LTE"",""pci"":381,""earfcn"":2600,""tac"":null,""rsrp"":-100,""rsrq"":-20,""rssi"":-69,""snr"":null,""ta"":0,""level"":2,""bands"":""5""}]",1009.0412,56,0.524,0.459,29,27,,,,"[{""b"":""26:ec:72:6b:e7:10"",""s"":""SEOUL_Secure"",""r"":-44,""f"":5640},{""b"":""1c:ec:72:6b:e7:10"",""s"":""Public WiFi Secure"",""r"":-44,""f"":5640},{""b"":""22:ec:72:6b:e7:10"",""s"":""Public WiFi Free"",""r"":-44,""f"":5640},{""b"":""26:ec:72:6b:e7:11"",""s"":""SEOUL_Secure"",""r"":-49,""f"":2412},{""b"":""22:ec:72:6b:e7:11"",""s"":""Public WiFi Free"",""r"":-49,""f"":2412},{""b"":""b0:7c:51:7c:10:b1"",""s"":"""",""r"":-50,""f"":2452},{""b"":""b0:7c:51:7c:10:b2"",""s"":""SEOUL"",""r"":-50,""f"":2452},{""b"":""b0:7c:51:7c:10:b0"",""s"":""Public WiFi Secure"",""r"":-50,""f"":2452},{""b"":""b0:7c:51:7c:10:b3"",""s"":""SEOUL_Secure"",""r"":-52,""f"":2452},{""b"":""b0:7c:51:bc:10:b3"",""s"":""SEOUL_Secure"",""r"":-55,""f"":5660},{""b"":""b0:7c:51:bc:10:b2"",""s"":""SEOUL"",""r"":-55,""f"":5660},{""b"":""b0:7c:51:bc:10:b0"",""s"":""Public WiFi Secure"",""r"":-55,""f"":5660},{""b"":""b0:7c:51:bc:10:b1"",""s"":"""",""r"":-58,""f"":5660},{""b"":""b0:7c:51:bc:10:b4"",""s"":"""",""r"":-58,""f"":5660},{""b"":""1e:ec:72:6b:e7:0f"",""s"":""Public WiFi Secure"",""r"":-65,""f"":6115}]",""
1790677215732,2026-09-29 19:20:15,car,37.5429744,127.1010276,8.417,4.9681044,243.34857,43.099998474121094,fused,0,LTE,NR_NSA,5G,true,false,true,false,false,50958595,82,3050,7,8223,450,06,-88,-10,-57,,3,0,,,,2226,65350,0.0178,0.5228,2206,65330,0.0176,0.5226,false,12,0,12,-85,82,100,4.9681044,false,false,periodic,25,1,0,,10009,,,,"[{""type"":""LTE"",""pci"":82,""earfcn"":100,""tac"":null,""rsrp"":-85,""rsrq"":-9,""rssi"":-67,""snr"":null,""ta"":0,""level"":4,""bands"":""1""},{""type"":""LTE"",""pci"":82,""earfcn"":2600,""tac"":null,""rsrp"":-89,""rsrq"":-10,""rssi"":-69,""snr"":null,""ta"":0,""level"":3,""bands"":""5""},{""type"":""LTE"",""pci"":45,""earfcn"":3050,""tac"":null,""rsrp"":-90,""rsrq"":-14,""rssi"":-65,""snr"":null,""ta"":0,""level"":3,""bands"":""7""},{""type"":""LTE"",""pci"":45,""earfcn"":100,""tac"":null,""rsrp"":-91,""rsrq"":-15,""rssi"":-67,""snr"":null,""ta"":0,""level"":3,""bands"":""1""},{""type"":""LTE"",""pci"":93,""earfcn"":3050,""tac"":null,""rsrp"":-94,""rsrq"":-16,""rssi"":-65,""snr"":null,""ta"":0,""level"":3,""bands"":""7""},{""type"":""LTE"",""pci"":269,""earfcn"":2600,""tac"":null,""rsrp"":-94,""rsrq"":-16,""rssi"":-69,""snr"":null,""ta"":0,""level"":3,""bands"":""5""},{""type"":""LTE"",""pci"":45,""earfcn"":2600,""tac"":null,""rsrp"":-94,""rsrq"":-17,""rssi"":-69,""snr"":null,""ta"":0,""level"":3,""bands"":""5""},{""type"":""LTE"",""pci"":269,""earfcn"":3050,""tac"":null,""rsrp"":-95,""rsrq"":-20,""rssi"":-65,""snr"":null,""ta"":0,""level"":3,""bands"":""7""},{""type"":""LTE"",""pci"":93,""earfcn"":100,""tac"":null,""rsrp"":-96,""rsrq"":-16,""rssi"":-67,""snr"":null,""ta"":0,""level"":2,""bands"":""1""},{""type"":""LTE"",""pci"":93,""earfcn"":2600,""tac"":null,""rsrp"":-97,""rsrq"":-13,""rssi"":-69,""snr"":null,""ta"":0,""level"":2,""bands"":""5""},{""type"":""LTE"",""pci"":269,""earfcn"":100,""tac"":null,""rsrp"":-98,""rsrq"":-20,""rssi"":-67,""snr"":null,""ta"":0,""level"":2,""bands"":""1""},{""type"":""LTE"",""pci"":381,""earfcn"":2600,""tac"":null,""rsrp"":-100,""rsrq"":-20,""rssi"":-69,""snr"":null,""ta"":0,""level"":2,""bands"":""5""}]",1009.1015,54,0.459,0.524,44,2,,,,"[{""b"":""26:ec:72:6b:e7:11"",""s"":""SEOUL_Secure"",""r"":-47,""f"":2412},{""b"":""1c:ec:72:6b:e7:10"",""s"":""Public WiFi Secure"",""r"":-47,""f"":5640},{""b"":""22:ec:72:6b:e7:10"",""s"":""Public WiFi Free"",""r"":-47,""f"":5640},{""b"":""22:ec:72:6b:e7:11"",""s"":""Public WiFi Free"",""r"":-47,""f"":2412},{""b"":""26:ec:72:6b:e7:10"",""s"":""SEOUL_Secure"",""r"":-48,""f"":5640},{""b"":""1c:ec:72:6b:e7:11"",""s"":""Public WiFi Secure"",""r"":-48,""f"":2412},{""b"":""1e:ec:72:6b:e7:0f"",""s"":""Public WiFi Secure"",""r"":-61,""f"":6115},{""b"":""42:09:a5:3c:b3:ab"",""s"":""SK_WiFiGIGAB3A8_Mesh"",""r"":-67,""f"":2462},{""b"":""dc:70:35:02:dc:ca"",""s"":""U+NetDCC8"",""r"":-69,""f"":2432},{""b"":""04:09:a5:3c:b3:ab"",""s"":""SK_WiFiGIGAB3A8_2.4G"",""r"":-69,""f"":2462},{""b"":""b0:38:6c:61:df:42"",""s"":""iptime"",""r"":-71,""f"":2412},{""b"":""0c:96:cd:6a:9d:c7"",""s"":""SK_WiFiGIGA9DC4_2.4G"",""r"":-72,""f"":2447},{""b"":""12:96:cd:6a:9d:c7"",""s"":"""",""r"":-72,""f"":2447},{""b"":""12:f4:5e:16:92:7b"",""s"":"""",""r"":-74,""f"":2412},{""b"":""88:3c:1c:47:aa:ea"",""s"":""KT_GiGA_5G_AAE7"",""r"":-74,""f"":5180}]",""
1790677220756,2026-09-29 19:20:20,car,37.5428789,127.1007699,10.949,6.72,244.0,43.099998474121094,fused,1,LTE,NR_NSA,5G,true,false,true,false,false,50958595,82,3050,7,8223,450,06,-90,-12,-57,,3,0,,,,2698,63473,0.0216,0.5078,2678,63453,0.0214,0.5076,false,12,0,12,-89,82,2600,6.72,false,false,periodic,30,0,-2,,5001,,,,"[{""type"":""LTE"",""pci"":82,""earfcn"":2600,""tac"":null,""rsrp"":-89,""rsrq"":-10,""rssi"":-71,""snr"":null,""ta"":0,""level"":3,""bands"":""5""},{""type"":""LTE"",""pci"":45,""earfcn"":3050,""tac"":null,""rsrp"":-90,""rsrq"":-14,""rssi"":-63,""snr"":null,""ta"":0,""level"":3,""bands"":""7""},{""type"":""LTE"",""pci"":82,""earfcn"":100,""tac"":null,""rsrp"":-92,""rsrq"":-15,""rssi"":-67,""snr"":null,""ta"":0,""level"":3,""bands"":""1""},{""type"":""LTE"",""pci"":45,""earfcn"":100,""tac"":null,""rsrp"":-92,""rsrq"":-12,""rssi"":-67,""snr"":null,""ta"":0,""level"":3,""bands"":""1""},{""type"":""LTE"",""pci"":115,""earfcn"":3050,""tac"":null,""rsrp"":-93,""rsrq"":-18,""rssi"":-63,""snr"":null,""ta"":0,""level"":3,""bands"":""7""},{""type"":""LTE"",""pci"":4,""earfcn"":3050,""tac"":null,""rsrp"":-95,""rsrq"":-16,""rssi"":-63,""snr"":null,""ta"":0,""level"":3,""bands"":""7""},{""type"":""LTE"",""pci"":93,""earfcn"":100,""tac"":null,""rsrp"":-95,""rsrq"":-17,""rssi"":-67,""snr"":null,""ta"":0,""level"":3,""bands"":""1""},{""type"":""LTE"",""pci"":4,""earfcn"":100,""tac"":null,""rsrp"":-95,""rsrq"":-17,""rssi"":-67,""snr"":null,""ta"":0,""level"":3,""bands"":""1""},{""type"":""LTE"",""pci"":45,""earfcn"":2600,""tac"":null,""rsrp"":-96,""rsrq"":-13,""rssi"":-71,""snr"":null,""ta"":0,""level"":2,""bands"":""5""},{""type"":""LTE"",""pci"":93,""earfcn"":2600,""tac"":null,""rsrp"":-97,""rsrq"":-15,""rssi"":-71,""snr"":null,""ta"":0,""level"":2,""bands"":""5""},{""type"":""LTE"",""pci"":218,""earfcn"":3050,""tac"":null,""rsrp"":-98,""rsrq"":-19,""rssi"":-69,""snr"":null,""ta"":0,""level"":2,""bands"":""7""},{""type"":""LTE"",""pci"":269,""earfcn"":2600,""tac"":null,""rsrp"":-102,""rsrq"":-20,""rssi"":-71,""snr"":null,""ta"":0,""level"":2,""bands"":""5""}]",1009.06134,61,0.459,0.459,44,8,,,,"[{""b"":""26:ec:72:6b:e7:11"",""s"":""SEOUL_Secure"",""r"":-47,""f"":2412},{""b"":""1c:ec:72:6b:e7:10"",""s"":""Public WiFi Secure"",""r"":-47,""f"":5640},{""b"":""22:ec:72:6b:e7:10"",""s"":""Public WiFi Free"",""r"":-47,""f"":5640},{""b"":""22:ec:72:6b:e7:11"",""s"":""Public WiFi Free"",""r"":-47,""f"":2412},{""b"":""26:ec:72:6b:e7:10"",""s"":""SEOUL_Secure"",""r"":-48,""f"":5640},{""b"":""1c:ec:72:6b:e7:11"",""s"":""Public WiFi Secure"",""r"":-48,""f"":2412},{""b"":""1e:ec:72:6b:e7:0f"",""s"":""Public WiFi Secure"",""r"":-61,""f"":6115},{""b"":""42:09:a5:3c:b3:ab"",""s"":""SK_WiFiGIGAB3A8_Mesh"",""r"":-67,""f"":2462},{""b"":""dc:70:35:02:dc:ca"",""s"":""U+NetDCC8"",""r"":-69,""f"":2432},{""b"":""04:09:a5:3c:b3:ab"",""s"":""SK_WiFiGIGAB3A8_2.4G"",""r"":-69,""f"":2462},{""b"":""b0:38:6c:61:df:42"",""s"":""iptime"",""r"":-71,""f"":2412},{""b"":""0c:96:cd:6a:9d:c7"",""s"":""SK_WiFiGIGA9DC4_2.4G"",""r"":-72,""f"":2447},{""b"":""12:96:cd:6a:9d:c7"",""s"":"""",""r"":-72,""f"":2447},{""b"":""12:f4:5e:16:92:7b"",""s"":"""",""r"":-74,""f"":2412},{""b"":""88:3c:1c:47:aa:ea"",""s"":""KT_GiGA_5G_AAE7"",""r"":-74,""f"":5180}]",""
1790677225766,2026-09-29 19:20:25,car,37.5426882,127.1002449,11.91,8.61,246.0,43.099998474121094,fused,0,LTE,NR_NSA,5G,true,false,true,false,false,50958595,82,3050,7,8223,450,06,-90,-12,-57,,3,0,,,,2532,65715,0.0203,0.5257,2492,65675,0.0199,0.5254,false,12,0,12,-89,82,2600,8.61,false,false,periodic,35,0,0,,10012,,,,"[{""type"":""LTE"",""pci"":82,""earfcn"":2600,""tac"":null,""rsrp"":-89,""rsrq"":-10,""rssi"":-71,""snr"":null,""ta"":0,""level"":3,""bands"":""5""},{""type"":""LTE"",""pci"":45,""earfcn"":3050,""tac"":null,""rsrp"":-90,""rsrq"":-14,""rssi"":-63,""snr"":null,""ta"":0,""level"":3,""bands"":""7""},{""type"":""LTE"",""pci"":82,""earfcn"":100,""tac"":null,""rsrp"":-92,""rsrq"":-15,""rssi"":-67,""snr"":null,""ta"":0,""level"":3,""bands"":""1""},{""type"":""LTE"",""pci"":45,""earfcn"":100,""tac"":null,""rsrp"":-92,""rsrq"":-12,""rssi"":-67,""snr"":null,""ta"":0,""level"":3,""bands"":""1""},{""type"":""LTE"",""pci"":115,""earfcn"":3050,""tac"":null,""rsrp"":-93,""rsrq"":-18,""rssi"":-63,""snr"":null,""ta"":0,""level"":3,""bands"":""7""},{""type"":""LTE"",""pci"":4,""earfcn"":3050,""tac"":null,""rsrp"":-95,""rsrq"":-16,""rssi"":-63,""snr"":null,""ta"":0,""level"":3,""bands"":""7""},{""type"":""LTE"",""pci"":93,""earfcn"":100,""tac"":null,""rsrp"":-95,""rsrq"":-17,""rssi"":-67,""snr"":null,""ta"":0,""level"":3,""bands"":""1""},{""type"":""LTE"",""pci"":4,""earfcn"":100,""tac"":null,""rsrp"":-95,""rsrq"":-17,""rssi"":-67,""snr"":null,""ta"":0,""level"":3,""bands"":""1""},{""type"":""LTE"",""pci"":45,""earfcn"":2600,""tac"":null,""rsrp"":-96,""rsrq"":-13,""rssi"":-71,""snr"":null,""ta"":0,""level"":2,""bands"":""5""},{""type"":""LTE"",""pci"":93,""earfcn"":2600,""tac"":null,""rsrp"":-97,""rsrq"":-15,""rssi"":-71,""snr"":null,""ta"":0,""level"":2,""bands"":""5""},{""type"":""LTE"",""pci"":218,""earfcn"":3050,""tac"":null,""rsrp"":-98,""rsrq"":-19,""rssi"":-69,""snr"":null,""ta"":0,""level"":2,""bands"":""7""},{""type"":""LTE"",""pci"":269,""earfcn"":2600,""tac"":null,""rsrp"":-102,""rsrq"":-20,""rssi"":-71,""snr"":null,""ta"":0,""level"":2,""bands"":""5""}]",1009.025,65,0.524,0.459,44,13,,,,"[{""b"":""26:ec:72:6b:e7:11"",""s"":""SEOUL_Secure"",""r"":-47,""f"":2412},{""b"":""1c:ec:72:6b:e7:10"",""s"":""Public WiFi Secure"",""r"":-47,""f"":5640},{""b"":""22:ec:72:6b:e7:10"",""s"":""Public WiFi Free"",""r"":-47,""f"":5640},{""b"":""22:ec:72:6b:e7:11"",""s"":""Public WiFi Free"",""r"":-47,""f"":2412},{""b"":""26:ec:72:6b:e7:10"",""s"":""SEOUL_Secure"",""r"":-48,""f"":5640},{""b"":""1c:ec:72:6b:e7:11"",""s"":""Public WiFi Secure"",""r"":-48,""f"":2412},{""b"":""1e:ec:72:6b:e7:0f"",""s"":""Public WiFi Secure"",""r"":-61,""f"":6115},{""b"":""42:09:a5:3c:b3:ab"",""s"":""SK_WiFiGIGAB3A8_Mesh"",""r"":-67,""f"":2462},{""b"":""dc:70:35:02:dc:ca"",""s"":""U+NetDCC8"",""r"":-69,""f"":2432},{""b"":""04:09:a5:3c:b3:ab"",""s"":""SK_WiFiGIGAB3A8_2.4G"",""r"":-69,""f"":2462},{""b"":""b0:38:6c:61:df:42"",""s"":""iptime"",""r"":-71,""f"":2412},{""b"":""0c:96:cd:6a:9d:c7"",""s"":""SK_WiFiGIGA9DC4_2.4G"",""r"":-72,""f"":2447},{""b"":""12:96:cd:6a:9d:c7"",""s"":"""",""r"":-72,""f"":2447},{""b"":""12:f4:5e:16:92:7b"",""s"":"""",""r"":-74,""f"":2412},{""b"":""88:3c:1c:47:aa:ea"",""s"":""KT_GiGA_5G_AAE7"",""r"":-74,""f"":5180}]",""
1790677230787,2026-09-29 19:20:30,car,37.54256,127.0998305,11.949,9.74,246.0,43.099998474121094,fused,1,LTE,NR_NSA,5G,true,false,true,false,false,50958085,45,3050,7,8223,450,06,-86,-8,-59,,3,0,,,,64058,65905,0.5125,0.5272,64038,65885,0.5123,0.5271,false,14,0,14,-83,45,2600,9.74,true,false,periodic,0,1,,,5000,50958595,-90,-12,"[{""type"":""LTE"",""pci"":45,""earfcn"":2600,""tac"":null,""rsrp"":-83,""rsrq"":-12,""rssi"":-61,""snr"":null,""ta"":0,""level"":4,""bands"":""5""},{""type"":""LTE"",""pci"":45,""earfcn"":100,""tac"":null,""rsrp"":-92,""rsrq"":-11,""rssi"":-71,""snr"":null,""ta"":0,""level"":3,""bands"":""1""},{""type"":""LTE"",""pci"":93,""earfcn"":2600,""tac"":null,""rsrp"":-92,""rsrq"":-20,""rssi"":-61,""snr"":null,""ta"":0,""level"":3,""bands"":""5""},{""type"":""LTE"",""pci"":82,""earfcn"":2600,""tac"":null,""rsrp"":-93,""rsrq"":-16,""rssi"":-67,""snr"":null,""ta"":0,""level"":3,""bands"":""5""},{""type"":""LTE"",""pci"":82,""earfcn"":3050,""tac"":null,""rsrp"":-95,""rsrq"":-16,""rssi"":-71,""snr"":null,""ta"":0,""level"":3,""bands"":""7""},{""type"":""LTE"",""pci"":218,""earfcn"":3050,""tac"":null,""rsrp"":-95,""rsrq"":-18,""rssi"":-71,""snr"":null,""ta"":0,""level"":3,""bands"":""7""},{""type"":""LTE"",""pci"":115,""earfcn"":3050,""tac"":null,""rsrp"":-96,""rsrq"":-18,""rssi"":-71,""snr"":null,""ta"":0,""level"":2,""bands"":""7""},{""type"":""LTE"",""pci"":93,""earfcn"":3050,""tac"":null,""rsrp"":-96,""rsrq"":-17,""rssi"":-71,""snr"":null,""ta"":0,""level"":2,""bands"":""7""},{""type"":""LTE"",""pci"":93,""earfcn"":100,""tac"":null,""rsrp"":-97,""rsrq"":-16,""rssi"":-71,""snr"":null,""ta"":0,""level"":2,""bands"":""1""},{""type"":""LTE"",""pci"":115,""earfcn"":100,""tac"":null,""rsrp"":-99,""rsrq"":-17,""rssi"":-71,""snr"":null,""ta"":0,""level"":2,""bands"":""1""},{""type"":""LTE"",""pci"":4,""earfcn"":2600,""tac"":null,""rsrp"":-99,""rsrq"":-20,""rssi"":-69,""snr"":null,""ta"":0,""level"":2,""bands"":""5""},{""type"":""LTE"",""pci"":82,""earfcn"":100,""tac"":null,""rsrp"":-100,""rsrq"":-19,""rssi"":-71,""snr"":null,""ta"":0,""level"":2,""bands"":""1""},{""type"":""LTE"",""pci"":4,""earfcn"":100,""tac"":null,""rsrp"":-100,""rsrq"":-17,""rssi"":-71,""snr"":null,""ta"":0,""level"":2,""bands"":""1""},{""type"":""LTE"",""pci"":30,""earfcn"":100,""tac"":null,""rsrp"":-100,""rsrq"":-19,""rssi"":-71,""snr"":null,""ta"":0,""level"":2,""bands"":""1""}]",1008.9768,58,0.459,0.459,55,1,,,,"[{""b"":""26:ec:72:6b:e7:11"",""s"":""SEOUL_Secure"",""r"":-47,""f"":2412},{""b"":""22:ec:72:6b:e7:11"",""s"":""Public WiFi Free"",""r"":-47,""f"":2412},{""b"":""1c:ec:72:6b:e7:11"",""s"":""Public WiFi Secure"",""r"":-48,""f"":2412},{""b"":""26:ec:72:6b:e7:10"",""s"":""SEOUL_Secure"",""r"":-50,""f"":5640},{""b"":""1c:ec:72:6b:e7:10"",""s"":""Public WiFi Secure"",""r"":-50,""f"":5640},{""b"":""22:ec:72:6b:e7:10"",""s"":""Public WiFi Free"",""r"":-50,""f"":5640},{""b"":""16:7f:67:13:5a:b4"",""s"":""[LG_Wall-Mount A\/C]5ab4"",""r"":-68,""f"":2462},{""b"":""2a:d1:3f:18:03:d9"",""s"":""Public WiFi Secure"",""r"":-69,""f"":5500},{""b"":""24:d1:3f:18:03:d9"",""s"":""Public WiFi Free"",""r"":-69,""f"":5500},{""b"":""e6:46:ee:24:89:e4"",""s"":""IDEXXw1"",""r"":-71,""f"":2437},{""b"":""1e:39:29:e9:41:d9"",""s"":""[LG_Wall-Mount A\/C]41d9"",""r"":-71,""f"":2462},{""b"":""4a:55:19:c5:de:1b"",""s"":""WMT0032"",""r"":-74,""f"":2412},{""b"":""0c:96:cd:cd:ed:d9"",""s"":""SK_WiFiGIGAEDD6_2.4G"",""r"":-74,""f"":2452},{""b"":""28:4e:e9:06:93:f7"",""s"":""KT_WiFi_5G_93F4"",""r"":-74,""f"":5200},{""b"":""d6:8d:26:7a:d5:5d"",""s"":""[LG_Wall-Mount A\/C]d55d"",""r"":-75,""f"":2462}]","[{""type"":""LTE"",""pci"":82,""earfcn"":2600,""tac"":null,""rsrp"":-89,""rsrq"":-10,""rssi"":-71,""snr"":null,""ta"":0,""level"":3,""bands"":""5""},{""type"":""LTE"",""pci"":45,""earfcn"":3050,""tac"":null,""rsrp"":-90,""rsrq"":-14,""rssi"":-63,""snr"":null,""ta"":0,""level"":3,""bands"":""7""},{""type"":""LTE"",""pci"":82,""earfcn"":100,""tac"":null,""rsrp"":-92,""rsrq"":-15,""rssi"":-67,""snr"":null,""ta"":0,""level"":3,""bands"":""1""},{""type"":""LTE"",""pci"":45,""earfcn"":100,""tac"":null,""rsrp"":-92,""rsrq"":-12,""rssi"":-67,""snr"":null,""ta"":0,""level"":3,""bands"":""1""},{""type"":""LTE"",""pci"":115,""earfcn"":3050,""tac"":null,""rsrp"":-93,""rsrq"":-18,""rssi"":-63,""snr"":null,""ta"":0,""level"":3,""bands"":""7""},{""type"":""LTE"",""pci"":4,""earfcn"":3050,""tac"":null,""rsrp"":-95,""rsrq"":-16,""rssi"":-63,""snr"":null,""ta"":0,""level"":3,""bands"":""7""},{""type"":""LTE"",""pci"":93,""earfcn"":100,""tac"":null,""rsrp"":-95,""rsrq"":-17,""rssi"":-67,""snr"":null,""ta"":0,""level"":3,""bands"":""1""},{""type"":""LTE"",""pci"":4,""earfcn"":100,""tac"":null,""rsrp"":-95,""rsrq"":-17,""rssi"":-67,""snr"":null,""ta"":0,""level"":3,""bands"":""1""},{""type"":""LTE"",""pci"":45,""earfcn"":2600,""tac"":null,""rsrp"":-96,""rsrq"":-13,""rssi"":-71,""snr"":null,""ta"":0,""level"":2,""bands"":""5""},{""type"":""LTE"",""pci"":93,""earfcn"":2600,""tac"":null,""rsrp"":-97,""rsrq"":-15,""rssi"":-71,""snr"":null,""ta"":0,""level"":2,""bands"":""5""},{""type"":""LTE"",""pci"":218,""earfcn"":3050,""tac"":null,""rsrp"":-98,""rsrq"":-19,""rssi"":-69,""snr"":null,""ta"":0,""level"":2,""bands"":""7""},{""type"":""LTE"",""pci"":269,""earfcn"":2600,""tac"":null,""rsrp"":-102,""rsrq"":-20,""rssi"":-71,""snr"":null,""ta"":0,""level"":2,""bands"":""5""}]"
1790677235813,2026-09-29 19:20:35,car,37.5423483,127.0991687,11.33,10.64,248.0,43.099998474121094,fused,0,LTE,NR_NSA,5G,true,false,true,false,false,50958085,45,3050,7,8223,450,06,-86,-8,-59,,3,0,,,,1904,65188,0.0152,0.5215,1884,65168,0.0151,0.5213,false,14,0,14,-83,45,2600,10.64,false,false,periodic,5,1,0,,10027,,,,"[{""type"":""LTE"",""pci"":45,""earfcn"":2600,""tac"":null,""rsrp"":-83,""rsrq"":-12,""rssi"":-61,""snr"":null,""ta"":0,""level"":4,""bands"":""5""},{""type"":""LTE"",""pci"":45,""earfcn"":100,""tac"":null,""rsrp"":-92,""rsrq"":-11,""rssi"":-71,""snr"":null,""ta"":0,""level"":3,""bands"":""1""},{""type"":""LTE"",""pci"":93,""earfcn"":2600,""tac"":null,""rsrp"":-92,""rsrq"":-20,""rssi"":-61,""snr"":null,""ta"":0,""level"":3,""bands"":""5""},{""type"":""LTE"",""pci"":82,""earfcn"":2600,""tac"":null,""rsrp"":-93,""rsrq"":-16,""rssi"":-67,""snr"":null,""ta"":0,""level"":3,""bands"":""5""},{""type"":""LTE"",""pci"":82,""earfcn"":3050,""tac"":null,""rsrp"":-95,""rsrq"":-16,""rssi"":-71,""snr"":null,""ta"":0,""level"":3,""bands"":""7""},{""type"":""LTE"",""pci"":218,""earfcn"":3050,""tac"":null,""rsrp"":-95,""rsrq"":-18,""rssi"":-71,""snr"":null,""ta"":0,""level"":3,""bands"":""7""},{""type"":""LTE"",""pci"":115,""earfcn"":3050,""tac"":null,""rsrp"":-96,""rsrq"":-18,""rssi"":-71,""snr"":null,""ta"":0,""level"":2,""bands"":""7""},{""type"":""LTE"",""pci"":93,""earfcn"":3050,""tac"":null,""rsrp"":-96,""rsrq"":-17,""rssi"":-71,""snr"":null,""ta"":0,""level"":2,""bands"":""7""},{""type"":""LTE"",""pci"":93,""earfcn"":100,""tac"":null,""rsrp"":-97,""rsrq"":-16,""rssi"":-71,""snr"":null,""ta"":0,""level"":2,""bands"":""1""},{""type"":""LTE"",""pci"":115,""earfcn"":100,""tac"":null,""rsrp"":-99,""rsrq"":-17,""rssi"":-71,""snr"":null,""ta"":0,""level"":2,""bands"":""1""},{""type"":""LTE"",""pci"":4,""earfcn"":2600,""tac"":null,""rsrp"":-99,""rsrq"":-20,""rssi"":-69,""snr"":null,""ta"":0,""level"":2,""bands"":""5""},{""type"":""LTE"",""pci"":82,""earfcn"":100,""tac"":null,""rsrp"":-100,""rsrq"":-19,""rssi"":-71,""snr"":null,""ta"":0,""level"":2,""bands"":""1""},{""type"":""LTE"",""pci"":4,""earfcn"":100,""tac"":null,""rsrp"":-100,""rsrq"":-17,""rssi"":-71,""snr"":null,""ta"":0,""level"":2,""bands"":""1""},{""type"":""LTE"",""pci"":30,""earfcn"":100,""tac"":null,""rsrp"":-100,""rsrq"":-19,""rssi"":-71,""snr"":null,""ta"":0,""level"":2,""bands"":""1""}]",1008.9294,51,0.459,0.524,55,6,,,,"[{""b"":""26:ec:72:6b:e7:11"",""s"":""SEOUL_Secure"",""r"":-47,""f"":2412},{""b"":""22:ec:72:6b:e7:11"",""s"":""Public WiFi Free"",""r"":-47,""f"":2412},{""b"":""1c:ec:72:6b:e7:11"",""s"":""Public WiFi Secure"",""r"":-48,""f"":2412},{""b"":""26:ec:72:6b:e7:10"",""s"":""SEOUL_Secure"",""r"":-50,""f"":5640},{""b"":""1c:ec:72:6b:e7:10"",""s"":""Public WiFi Secure"",""r"":-50,""f"":5640},{""b"":""22:ec:72:6b:e7:10"",""s"":""Public WiFi Free"",""r"":-50,""f"":5640},{""b"":""16:7f:67:13:5a:b4"",""s"":""[LG_Wall-Mount A\/C]5ab4"",""r"":-68,""f"":2462},{""b"":""2a:d1:3f:18:03:d9"",""s"":""Public WiFi Secure"",""r"":-69,""f"":5500},{""b"":""24:d1:3f:18:03:d9"",""s"":""Public WiFi Free"",""r"":-69,""f"":5500},{""b"":""e6:46:ee:24:89:e4"",""s"":""IDEXXw1"",""r"":-71,""f"":2437},{""b"":""1e:39:29:e9:41:d9"",""s"":""[LG_Wall-Mount A\/C]41d9"",""r"":-71,""f"":2462},{""b"":""4a:55:19:c5:de:1b"",""s"":""WMT0032"",""r"":-74,""f"":2412},{""b"":""0c:96:cd:cd:ed:d9"",""s"":""SK_WiFiGIGAEDD6_2.4G"",""r"":-74,""f"":2452},{""b"":""28:4e:e9:06:93:f7"",""s"":""KT_WiFi_5G_93F4"",""r"":-74,""f"":5200},{""b"":""d6:8d:26:7a:d5:5d"",""s"":""[LG_Wall-Mount A\/C]d55d"",""r"":-75,""f"":2462}]",""
1790677240838,2026-09-29 19:20:40,car,37.5422233,127.0987277,10.655,10.01,249.0,43.099998474121094,fused,1,LTE,NR_NSA,5G,true,false,true,false,false,50958085,45,3050,7,8223,450,06,-79,-7,-51,,4,0,,,,1876,65100,0.0150,0.5208,1856,65080,0.0148,0.5206,false,10,0,10,-76,45,2600,10.01,false,false,periodic,10,1,7,,5002,,,,"[{""type"":""LTE"",""pci"":45,""earfcn"":2600,""tac"":null,""rsrp"":-76,""rsrq"":-7,""rssi"":-59,""snr"":null,""ta"":0,""level"":4,""bands"":""5""},{""type"":""LTE"",""pci"":93,""earfcn"":2600,""tac"":null,""rsrp"":-85,""rsrq"":-16,""rssi"":-59,""snr"":null,""ta"":0,""level"":4,""bands"":""5""},{""type"":""LTE"",""pci"":45,""earfcn"":100,""tac"":null,""rsrp"":-85,""rsrq"":-10,""rssi"":-65,""snr"":null,""ta"":0,""level"":4,""bands"":""1""},{""type"":""LTE"",""pci"":82,""earfcn"":2600,""tac"":null,""rsrp"":-87,""rsrq"":-19,""rssi"":-59,""snr"":null,""ta"":0,""level"":3,""bands"":""5""},{""type"":""LTE"",""pci"":4,""earfcn"":2600,""tac"":null,""rsrp"":-88,""rsrq"":-19,""rssi"":-59,""snr"":null,""ta"":0,""level"":3,""bands"":""5""},{""type"":""LTE"",""pci"":115,""earfcn"":3050,""tac"":null,""rsrp"":-91,""rsrq"":-18,""rssi"":-63,""snr"":null,""ta"":0,""level"":3,""bands"":""7""},{""type"":""LTE"",""pci"":4,""earfcn"":3050,""tac"":null,""rsrp"":-91,""rsrq"":-18,""rssi"":-57,""snr"":null,""ta"":0,""level"":3,""bands"":""7""},{""type"":""LTE"",""pci"":218,""earfcn"":3050,""tac"":null,""rsrp"":-94,""rsrq"":-19,""rssi"":-59,""snr"":null,""ta"":0,""level"":3,""bands"":""7""},{""type"":""LTE"",""pci"":115,""earfcn"":100,""tac"":null,""rsrp"":-99,""rsrq"":-20,""rssi"":-65,""snr"":null,""ta"":0,""level"":2,""bands"":""1""},{""type"":""LTE"",""pci"":4,""earfcn"":100,""tac"":null,""rsrp"":-99,""rsrq"":-15,""rssi"":-73,""snr"":null,""ta"":0,""level"":2,""bands"":""1""}]",1008.9449,58,0.459,0.524,55,11,,,,"[{""b"":""26:ec:72:6b:e7:11"",""s"":""SEOUL_Secure"",""r"":-47,""f"":2412},{""b"":""22:ec:72:6b:e7:11"",""s"":""Public WiFi Free"",""r"":-47,""f"":2412},{""b"":""1c:ec:72:6b:e7:11"",""s"":""Public WiFi Secure"",""r"":-48,""f"":2412},{""b"":""26:ec:72:6b:e7:10"",""s"":""SEOUL_Secure"",""r"":-50,""f"":5640},{""b"":""1c:ec:72:6b:e7:10"",""s"":""Public WiFi Secure"",""r"":-50,""f"":5640},{""b"":""22:ec:72:6b:e7:10"",""s"":""Public WiFi Free"",""r"":-50,""f"":5640},{""b"":""16:7f:67:13:5a:b4"",""s"":""[LG_Wall-Mount A\/C]5ab4"",""r"":-68,""f"":2462},{""b"":""2a:d1:3f:18:03:d9"",""s"":""Public WiFi Secure"",""r"":-69,""f"":5500},{""b"":""24:d1:3f:18:03:d9"",""s"":""Public WiFi Free"",""r"":-69,""f"":5500},{""b"":""e6:46:ee:24:89:e4"",""s"":""IDEXXw1"",""r"":-71,""f"":2437},{""b"":""1e:39:29:e9:41:d9"",""s"":""[LG_Wall-Mount A\/C]41d9"",""r"":-71,""f"":2462},{""b"":""4a:55:19:c5:de:1b"",""s"":""WMT0032"",""r"":-74,""f"":2412},{""b"":""0c:96:cd:cd:ed:d9"",""s"":""SK_WiFiGIGAEDD6_2.4G"",""r"":-74,""f"":2452},{""b"":""28:4e:e9:06:93:f7"",""s"":""KT_WiFi_5G_93F4"",""r"":-74,""f"":5200},{""b"":""d6:8d:26:7a:d5:5d"",""s"":""[LG_Wall-Mount A\/C]d55d"",""r"":-75,""f"":2462}]",""
1790677245862,2026-09-29 19:20:45,car,37.5420702,127.098213,10.341,6.87,250.0,43.099998474121094,fused,0,LTE,NR_NSA,5G,true,false,true,false,false,50958085,45,3050,7,8223,450,06,-79,-7,-51,,4,0,,,,1962,63489,0.0157,0.5079,1942,63469,0.0155,0.5078,false,10,0,10,-76,45,2600,6.87,false,false,periodic,15,1,0,,10025,,,,"[{""type"":""LTE"",""pci"":45,""earfcn"":2600,""tac"":null,""rsrp"":-76,""rsrq"":-7,""rssi"":-59,""snr"":null,""ta"":0,""level"":4,""bands"":""5""},{""type"":""LTE"",""pci"":93,""earfcn"":2600,""tac"":null,""rsrp"":-85,""rsrq"":-16,""rssi"":-59,""snr"":null,""ta"":0,""level"":4,""bands"":""5""},{""type"":""LTE"",""pci"":45,""earfcn"":100,""tac"":null,""rsrp"":-85,""rsrq"":-10,""rssi"":-65,""snr"":null,""ta"":0,""level"":4,""bands"":""1""},{""type"":""LTE"",""pci"":82,""earfcn"":2600,""tac"":null,""rsrp"":-87,""rsrq"":-19,""rssi"":-59,""snr"":null,""ta"":0,""level"":3,""bands"":""5""},{""type"":""LTE"",""pci"":4,""earfcn"":2600,""tac"":null,""rsrp"":-88,""rsrq"":-19,""rssi"":-59,""snr"":null,""ta"":0,""level"":3,""bands"":""5""},{""type"":""LTE"",""pci"":115,""earfcn"":3050,""tac"":null,""rsrp"":-91,""rsrq"":-18,""rssi"":-63,""snr"":null,""ta"":0,""level"":3,""bands"":""7""},{""type"":""LTE"",""pci"":4,""earfcn"":3050,""tac"":null,""rsrp"":-91,""rsrq"":-18,""rssi"":-57,""snr"":null,""ta"":0,""level"":3,""bands"":""7""},{""type"":""LTE"",""pci"":218,""earfcn"":3050,""tac"":null,""rsrp"":-94,""rsrq"":-19,""rssi"":-59,""snr"":null,""ta"":0,""level"":3,""bands"":""7""},{""type"":""LTE"",""pci"":115,""earfcn"":100,""tac"":null,""rsrp"":-99,""rsrq"":-20,""rssi"":-65,""snr"":null,""ta"":0,""level"":2,""bands"":""1""},{""type"":""LTE"",""pci"":4,""earfcn"":100,""tac"":null,""rsrp"":-99,""rsrq"":-15,""rssi"":-73,""snr"":null,""ta"":0,""level"":2,""bands"":""1""}]",1009.0093,52,0.459,0.459,46,3,,,,"[{""b"":""26:ec:72:6b:e7:11"",""s"":""SEOUL_Secure"",""r"":-46,""f"":2412},{""b"":""1c:ec:72:6b:e7:11"",""s"":""Public WiFi Secure"",""r"":-46,""f"":2412},{""b"":""26:ec:72:6b:e7:10"",""s"":""SEOUL_Secure"",""r"":-47,""f"":5640},{""b"":""22:ec:72:6b:e7:11"",""s"":""Public WiFi Free"",""r"":-47,""f"":2412},{""b"":""1c:ec:72:6b:e7:10"",""s"":""Public WiFi Secure"",""r"":-48,""f"":5640},{""b"":""22:ec:72:6b:e7:10"",""s"":""Public WiFi Free"",""r"":-48,""f"":5640},{""b"":""00:07:89:4a:6b:04"",""s"":""olleh_WiFi_6B01"",""r"":-57,""f"":2457},{""b"":""00:07:89:4a:6b:05"",""s"":""olleh_GiGA_WiFi_6B01"",""r"":-60,""f"":5765},{""b"":""00:04:ea:88:10:21"",""s"":""DIRECT-42-HP OfficeJet Pro 8710"",""r"":-66,""f"":2457},{""b"":""1e:ec:72:6b:e7:00"",""s"":""Public WiFi Free"",""r"":-66,""f"":6115},{""b"":""1e:ec:72:6b:e7:01"",""s"":""SEOUL_Secure"",""r"":-66,""f"":6115},{""b"":""1e:ec:72:6b:e7:0f"",""s"":""Public WiFi Secure"",""r"":-67,""f"":6115},{""b"":""1e:39:29:67:7b:2e"",""s"":""[LG_CeilingCassette A\/C]7b2e"",""r"":-69,""f"":2462},{""b"":""b0:38:6c:55:0b:1a"",""s"":""U+Net9E94_EXT_2G"",""r"":-69,""f"":2442},{""b"":""1c:39:29:31:0d:ca"",""s"":""AT_401_CST_570004_WW_0dca"",""r"":-72,""f"":2462}]",""
1790677250884,2026-09-29 19:20:50,car,37.5420148,127.0980143,10.971,3.41,247.0,43.099998474121094,fused,1,LTE,NR_NSA,5G,true,false,true,false,false,50958085,45,3050,7,8223,450,06,-76,-7,-51,,4,1,,,,3606,65777,0.0288,0.5262,3566,65737,0.0285,0.5259,false,9,0,9,-78,115,100,3.41,false,false,periodic,20,1,3,,5003,,,,"[{""type"":""LTE"",""pci"":115,""earfcn"":100,""tac"":null,""rsrp"":-78,""rsrq"":-16,""rssi"":-51,""snr"":null,""ta"":1,""level"":4,""bands"":""1""},{""type"":""LTE"",""pci"":45,""earfcn"":2600,""tac"":null,""rsrp"":-79,""rsrq"":-11,""rssi"":-57,""snr"":null,""ta"":1,""level"":4,""bands"":""5""},{""type"":""LTE"",""pci"":4,""earfcn"":3050,""tac"":null,""rsrp"":-80,""rsrq"":-17,""rssi"":-51,""snr"":null,""ta"":1,""level"":4,""bands"":""7""},{""type"":""LTE"",""pci"":45,""earfcn"":100,""tac"":null,""rsrp"":-80,""rsrq"":-10,""rssi"":-61,""snr"":null,""ta"":1,""level"":4,""bands"":""1""},{""type"":""LTE"",""pci"":28,""earfcn"":3050,""tac"":null,""rsrp"":-84,""rsrq"":-20,""rssi"":-55,""snr"":null,""ta"":1,""level"":4,""bands"":""7""},{""type"":""LTE"",""pci"":4,""earfcn"":2600,""tac"":null,""rsrp"":-85,""rsrq"":-18,""rssi"":-57,""snr"":null,""ta"":1,""level"":4,""bands"":""5""},{""type"":""LTE"",""pci"":56,""earfcn"":100,""tac"":null,""rsrp"":-90,""rsrq"":-17,""rssi"":-61,""snr"":null,""ta"":1,""level"":3,""bands"":""1""},{""type"":""LTE"",""pci"":56,""earfcn"":2600,""tac"":null,""rsrp"":-92,""rsrq"":-20,""rssi"":-59,""snr"":null,""ta"":1,""level"":3,""bands"":""5""},{""type"":""LTE"",""pci"":4,""earfcn"":100,""tac"":null,""rsrp"":-93,""rsrq"":-18,""rssi"":-61,""snr"":null,""ta"":1,""level"":3,""bands"":""1""}]",1009.0994,55,0.371,0.459,46,8,,,,"[{""b"":""26:ec:72:6b:e7:11"",""s"":""SEOUL_Secure"",""r"":-46,""f"":2412},{""b"":""1c:ec:72:6b:e7:11"",""s"":""Public WiFi Secure"",""r"":-46,""f"":2412},{""b"":""26:ec:72:6b:e7:10"",""s"":""SEOUL_Secure"",""r"":-47,""f"":5640},{""b"":""22:ec:72:6b:e7:11"",""s"":""Public WiFi Free"",""r"":-47,""f"":2412},{""b"":""1c:ec:72:6b:e7:10"",""s"":""Public WiFi Secure"",""r"":-48,""f"":5640},{""b"":""22:ec:72:6b:e7:10"",""s"":""Public WiFi Free"",""r"":-48,""f"":5640},{""b"":""00:07:89:4a:6b:04"",""s"":""olleh_WiFi_6B01"",""r"":-57,""f"":2457},{""b"":""00:07:89:4a:6b:05"",""s"":""olleh_GiGA_WiFi_6B01"",""r"":-60,""f"":5765},{""b"":""00:04:ea:88:10:21"",""s"":""DIRECT-42-HP OfficeJet Pro 8710"",""r"":-66,""f"":2457},{""b"":""1e:ec:72:6b:e7:00"",""s"":""Public WiFi Free"",""r"":-66,""f"":6115},{""b"":""1e:ec:72:6b:e7:01"",""s"":""SEOUL_Secure"",""r"":-66,""f"":6115},{""b"":""1e:ec:72:6b:e7:0f"",""s"":""Public WiFi Secure"",""r"":-67,""f"":6115},{""b"":""1e:39:29:67:7b:2e"",""s"":""[LG_CeilingCassette A\/C]7b2e"",""r"":-69,""f"":2462},{""b"":""b0:38:6c:55:0b:1a"",""s"":""U+Net9E94_EXT_2G"",""r"":-69,""f"":2442},{""b"":""1c:39:29:31:0d:ca"",""s"":""AT_401_CST_570004_WW_0dca"",""r"":-72,""f"":2462}]",""
1790677255901,2026-09-29 19:20:55,car,37.5420206,127.0980166,11.047,0.0,,43.099998474121094,fused,0,LTE,NR_NSA,5G,true,false,true,false,false,50958085,45,3050,7,8223,450,06,-76,-7,-51,,4,1,,,,1263299,70621,10.1064,0.5650,1263279,70601,10.1062,0.5648,false,9,0,9,-78,115,100,0.004172965,false,false,periodic,25,1,0,,10018,,,,"[{""type"":""LTE"",""pci"":115,""earfcn"":100,""tac"":null,""rsrp"":-78,""rsrq"":-16,""rssi"":-51,""snr"":null,""ta"":1,""level"":4,""bands"":""1""},{""type"":""LTE"",""pci"":45,""earfcn"":2600,""tac"":null,""rsrp"":-79,""rsrq"":-11,""rssi"":-57,""snr"":null,""ta"":1,""level"":4,""bands"":""5""},{""type"":""LTE"",""pci"":4,""earfcn"":3050,""tac"":null,""rsrp"":-80,""rsrq"":-17,""rssi"":-51,""snr"":null,""ta"":1,""level"":4,""bands"":""7""},{""type"":""LTE"",""pci"":45,""earfcn"":100,""tac"":null,""rsrp"":-80,""rsrq"":-10,""rssi"":-61,""snr"":null,""ta"":1,""level"":4,""bands"":""1""},{""type"":""LTE"",""pci"":28,""earfcn"":3050,""tac"":null,""rsrp"":-84,""rsrq"":-20,""rssi"":-55,""snr"":null,""ta"":1,""level"":4,""bands"":""7""},{""type"":""LTE"",""pci"":4,""earfcn"":2600,""tac"":null,""rsrp"":-85,""rsrq"":-18,""rssi"":-57,""snr"":null,""ta"":1,""level"":4,""bands"":""5""},{""type"":""LTE"",""pci"":56,""earfcn"":100,""tac"":null,""rsrp"":-90,""rsrq"":-17,""rssi"":-61,""snr"":null,""ta"":1,""level"":3,""bands"":""1""},{""type"":""LTE"",""pci"":56,""earfcn"":2600,""tac"":null,""rsrp"":-92,""rsrq"":-20,""rssi"":-59,""snr"":null,""ta"":1,""level"":3,""bands"":""5""},{""type"":""LTE"",""pci"":4,""earfcn"":100,""tac"":null,""rsrp"":-93,""rsrq"":-18,""rssi"":-61,""snr"":null,""ta"":1,""level"":3,""bands"":""1""}]",1009.1396,51,0.503,0.524,64,0,,,,"[{""b"":""26:ec:72:6b:e7:11"",""s"":""SEOUL_Secure"",""r"":-46,""f"":2412},{""b"":""22:ec:72:6b:e7:11"",""s"":""Public WiFi Free"",""r"":-46,""f"":2412},{""b"":""26:ec:72:6b:e7:10"",""s"":""SEOUL_Secure"",""r"":-47,""f"":5640},{""b"":""1c:ec:72:6b:e7:11"",""s"":""Public WiFi Secure"",""r"":-47,""f"":2412},{""b"":""1c:ec:72:6b:e7:10"",""s"":""Public WiFi Secure"",""r"":-48,""f"":5640},{""b"":""22:ec:72:6b:e7:10"",""s"":""Public WiFi Free"",""r"":-48,""f"":5640},{""b"":""00:07:89:4a:6b:04"",""s"":""olleh_WiFi_6B01"",""r"":-57,""f"":2457},{""b"":""28:6b:b4:77:7d:11"",""s"":""[floor a\/c]_E30AJT0003620H"",""r"":-64,""f"":2412},{""b"":""00:04:ea:88:10:21"",""s"":""DIRECT-42-HP OfficeJet Pro 8710"",""r"":-66,""f"":2457},{""b"":""1e:ec:72:6b:e7:00"",""s"":""Public WiFi Free"",""r"":-66,""f"":6115},{""b"":""1e:ec:72:6b:e7:01"",""s"":""SEOUL_Secure"",""r"":-66,""f"":6115},{""b"":""1e:ec:72:6b:e7:0f"",""s"":""Public WiFi Secure"",""r"":-67,""f"":6115},{""b"":""80:03:84:ba:59:48"",""s"":""KT WiFi"",""r"":-68,""f"":2452},{""b"":""80:03:84:fa:59:48"",""s"":""SEOUL_Secure"",""r"":-68,""f"":2452},{""b"":""1e:39:29:67:7b:2e"",""s"":""[LG_CeilingCassette A\/C]7b2e"",""r"":-69,""f"":2462}]",""
1790677260911,2026-09-29 19:21:00,car,37.5419825,127.0979843,12.023,2.11,237.0,44.0,fused,1,LTE,NR_NSA,5G,true,false,true,false,false,50958085,45,3050,7,8223,450,06,-85,-10,-51,,4,0,,,,5797,63726,0.0464,0.5098,5777,63706,0.0462,0.5096,false,11,0,11,-77,45,2600,2.11,false,false,periodic,30,0,-9,,5003,,,,"[{""type"":""LTE"",""pci"":45,""earfcn"":2600,""tac"":null,""rsrp"":-77,""rsrq"":-12,""rssi"":-67,""snr"":null,""ta"":0,""level"":4,""bands"":""5""},{""type"":""LTE"",""pci"":28,""earfcn"":2600,""tac"":null,""rsrp"":-88,""rsrq"":-12,""rssi"":-67,""snr"":null,""ta"":0,""level"":3,""bands"":""5""},{""type"":""LTE"",""pci"":45,""earfcn"":100,""tac"":null,""rsrp"":-88,""rsrq"":-13,""rssi"":-63,""snr"":null,""ta"":0,""level"":3,""bands"":""1""},{""type"":""LTE"",""pci"":28,""earfcn"":100,""tac"":null,""rsrp"":-90,""rsrq"":-15,""rssi"":-65,""snr"":null,""ta"":0,""level"":3,""bands"":""1""},{""type"":""LTE"",""pci"":56,""earfcn"":100,""tac"":null,""rsrp"":-91,""rsrq"":-17,""rssi"":-63,""snr"":null,""ta"":0,""level"":3,""bands"":""1""},{""type"":""LTE"",""pci"":28,""earfcn"":3050,""tac"":null,""rsrp"":-92,""rsrq"":-16,""rssi"":-65,""snr"":null,""ta"":0,""level"":3,""bands"":""7""},{""type"":""LTE"",""pci"":115,""earfcn"":100,""tac"":null,""rsrp"":-93,""rsrq"":-19,""rssi"":-65,""snr"":null,""ta"":0,""level"":3,""bands"":""1""},{""type"":""LTE"",""pci"":56,""earfcn"":3050,""tac"":null,""rsrp"":-94,""rsrq"":-19,""rssi"":-65,""snr"":null,""ta"":0,""level"":3,""bands"":""7""},{""type"":""LTE"",""pci"":4,""earfcn"":3050,""tac"":null,""rsrp"":-95,""rsrq"":-20,""rssi"":-65,""snr"":null,""ta"":0,""level"":3,""bands"":""7""},{""type"":""LTE"",""pci"":115,""earfcn"":3050,""tac"":null,""rsrp"":-95,""rsrq"":-18,""rssi"":-65,""snr"":null,""ta"":0,""level"":3,""bands"":""7""},{""type"":""LTE"",""pci"":56,""earfcn"":2600,""tac"":null,""rsrp"":-95,""rsrq"":-19,""rssi"":-67,""snr"":null,""ta"":0,""level"":3,""bands"":""5""}]",1009.09686,54,0.524,0.459,64,5,,,,"[{""b"":""26:ec:72:6b:e7:11"",""s"":""SEOUL_Secure"",""r"":-46,""f"":2412},{""b"":""22:ec:72:6b:e7:11"",""s"":""Public WiFi Free"",""r"":-46,""f"":2412},{""b"":""26:ec:72:6b:e7:10"",""s"":""SEOUL_Secure"",""r"":-47,""f"":5640},{""b"":""1c:ec:72:6b:e7:11"",""s"":""Public WiFi Secure"",""r"":-47,""f"":2412},{""b"":""1c:ec:72:6b:e7:10"",""s"":""Public WiFi Secure"",""r"":-48,""f"":5640},{""b"":""22:ec:72:6b:e7:10"",""s"":""Public WiFi Free"",""r"":-48,""f"":5640},{""b"":""00:07:89:4a:6b:04"",""s"":""olleh_WiFi_6B01"",""r"":-57,""f"":2457},{""b"":""28:6b:b4:77:7d:11"",""s"":""[floor a\/c]_E30AJT0003620H"",""r"":-64,""f"":2412},{""b"":""00:04:ea:88:10:21"",""s"":""DIRECT-42-HP OfficeJet Pro 8710"",""r"":-66,""f"":2457},{""b"":""1e:ec:72:6b:e7:00"",""s"":""Public WiFi Free"",""r"":-66,""f"":6115},{""b"":""1e:ec:72:6b:e7:01"",""s"":""SEOUL_Secure"",""r"":-66,""f"":6115},{""b"":""1e:ec:72:6b:e7:0f"",""s"":""Public WiFi Secure"",""r"":-67,""f"":6115},{""b"":""80:03:84:ba:59:48"",""s"":""KT WiFi"",""r"":-68,""f"":2452},{""b"":""80:03:84:fa:59:48"",""s"":""SEOUL_Secure"",""r"":-68,""f"":2452},{""b"":""1e:39:29:67:7b:2e"",""s"":""[LG_CeilingCassette A\/C]7b2e"",""r"":-69,""f"":2462}]",""
1790677265940,2026-09-29 19:21:05,car,37.5419481,127.0978655,11.349,1.3,241.0,44.20000076293945,fused,1,LTE,NR_NSA,5G,true,false,true,false,false,50958085,45,3050,7,8223,450,06,-85,-10,-51,,4,0,,,,2201,65443,0.0176,0.5235,2181,65423,0.0174,0.5234,false,11,0,11,-77,45,2600,1.3,false,false,periodic,35,0,0,,10033,,,,"[{""type"":""LTE"",""pci"":45,""earfcn"":2600,""tac"":null,""rsrp"":-77,""rsrq"":-12,""rssi"":-67,""snr"":null,""ta"":0,""level"":4,""bands"":""5""},{""type"":""LTE"",""pci"":28,""earfcn"":2600,""tac"":null,""rsrp"":-88,""rsrq"":-12,""rssi"":-67,""snr"":null,""ta"":0,""level"":3,""bands"":""5""},{""type"":""LTE"",""pci"":45,""earfcn"":100,""tac"":null,""rsrp"":-88,""rsrq"":-13,""rssi"":-63,""snr"":null,""ta"":0,""level"":3,""bands"":""1""},{""type"":""LTE"",""pci"":28,""earfcn"":100,""tac"":null,""rsrp"":-90,""rsrq"":-15,""rssi"":-65,""snr"":null,""ta"":0,""level"":3,""bands"":""1""},{""type"":""LTE"",""pci"":56,""earfcn"":100,""tac"":null,""rsrp"":-91,""rsrq"":-17,""rssi"":-63,""snr"":null,""ta"":0,""level"":3,""bands"":""1""},{""type"":""LTE"",""pci"":28,""earfcn"":3050,""tac"":null,""rsrp"":-92,""rsrq"":-16,""rssi"":-65,""snr"":null,""ta"":0,""level"":3,""bands"":""7""},{""type"":""LTE"",""pci"":115,""earfcn"":100,""tac"":null,""rsrp"":-93,""rsrq"":-19,""rssi"":-65,""snr"":null,""ta"":0,""level"":3,""bands"":""1""},{""type"":""LTE"",""pci"":56,""earfcn"":3050,""tac"":null,""rsrp"":-94,""rsrq"":-19,""rssi"":-65,""snr"":null,""ta"":0,""level"":3,""bands"":""7""},{""type"":""LTE"",""pci"":4,""earfcn"":3050,""tac"":null,""rsrp"":-95,""rsrq"":-20,""rssi"":-65,""snr"":null,""ta"":0,""level"":3,""bands"":""7""},{""type"":""LTE"",""pci"":115,""earfcn"":3050,""tac"":null,""rsrp"":-95,""rsrq"":-18,""rssi"":-65,""snr"":null,""ta"":0,""level"":3,""bands"":""7""},{""type"":""LTE"",""pci"":56,""earfcn"":2600,""tac"":null,""rsrp"":-95,""rsrq"":-19,""rssi"":-67,""snr"":null,""ta"":0,""level"":3,""bands"":""5""}]",1009.12213,54,0.459,0.459,42,3,,,,"[{""b"":""22:ec:72:6b:e7:10"",""s"":""Public WiFi Free"",""r"":-45,""f"":5640},{""b"":""26:ec:72:6b:e7:10"",""s"":""SEOUL_Secure"",""r"":-46,""f"":5640},{""b"":""1c:ec:72:6b:e7:10"",""s"":""Public WiFi Secure"",""r"":-46,""f"":5640},{""b"":""80:03:84:fa:59:4c"",""s"":""SEOUL_Secure"",""r"":-58,""f"":5745},{""b"":""80:03:84:ba:59:4c"",""s"":""KT WiFi"",""r"":-58,""f"":5745},{""b"":""80:03:84:7a:59:4c"",""s"":""Public WiFi Secure"",""r"":-58,""f"":5745},{""b"":""80:03:84:3a:59:48"",""s"":""Public WiFi Free"",""r"":-59,""f"":2452},{""b"":""80:03:84:3a:59:4c"",""s"":""Public WiFi Free"",""r"":-59,""f"":5745},{""b"":""80:03:84:3a:59:4d"",""s"":""SEOUL"",""r"":-59,""f"":5745},{""b"":""90:de:80:2e:35:ea"",""s"":""GNET_BB_MVR_M1_2E35EA"",""r"":-67,""f"":2437},{""b"":""28:6d:97:de:8d:1a"",""s"":""[dryer]_E30AJT3103295Y"",""r"":-69,""f"":2412},{""b"":""e4:7c:1a:45:5e:eb"",""s"":""SK_5EE8_2.4G"",""r"":-69,""f"":2422},{""b"":""f6:7c:1a:45:5e:eb"",""s"":""SK_5EE8_Mesh"",""r"":-69,""f"":2422},{""b"":""58:86:94:37:b0:31"",""s"":""LPR_AP2"",""r"":-72,""f"":2462},{""b"":""06:29:d5:d4:af:d2"",""s"":"""",""r"":-72,""f"":2437}]",""
1790677270955,2026-09-29 19:21:10,car,37.5418991,127.0978934,11.028,0.0,,43.79999923706055,fused,0,LTE,NR_NSA,5G,true,false,true,false,false,50958085,45,3050,7,8223,450,06,-84,-8,-55,,4,0,,,,2187,65318,0.0175,0.5225,2147,65278,0.0172,0.5222,false,8,0,8,-85,45,2600,6.4336875E-4,false,false,periodic,40,0,1,,4999,,,,"[{""type"":""LTE"",""pci"":45,""earfcn"":2600,""tac"":null,""rsrp"":-85,""rsrq"":-15,""rssi"":-61,""snr"":null,""ta"":0,""level"":4,""bands"":""5""},{""type"":""LTE"",""pci"":28,""earfcn"":2600,""tac"":null,""rsrp"":-86,""rsrq"":-14,""rssi"":-61,""snr"":null,""ta"":0,""level"":3,""bands"":""5""},{""type"":""LTE"",""pci"":28,""earfcn"":100,""tac"":null,""rsrp"":-86,""rsrq"":-11,""rssi"":-65,""snr"":null,""ta"":0,""level"":3,""bands"":""1""},{""type"":""LTE"",""pci"":56,""earfcn"":2600,""tac"":null,""rsrp"":-88,""rsrq"":-17,""rssi"":-61,""snr"":null,""ta"":0,""level"":3,""bands"":""5""},{""type"":""LTE"",""pci"":45,""earfcn"":100,""tac"":null,""rsrp"":-89,""rsrq"":-12,""rssi"":-65,""snr"":null,""ta"":0,""level"":3,""bands"":""1""},{""type"":""LTE"",""pci"":56,""earfcn"":3050,""tac"":null,""rsrp"":-93,""rsrq"":-16,""rssi"":-67,""snr"":null,""ta"":0,""level"":3,""bands"":""7""},{""type"":""LTE"",""pci"":28,""earfcn"":3050,""tac"":null,""rsrp"":-94,""rsrq"":-15,""rssi"":-67,""snr"":null,""ta"":0,""level"":3,""bands"":""7""},{""type"":""LTE"",""pci"":56,""earfcn"":100,""tac"":null,""rsrp"":-94,""rsrq"":-15,""rssi"":-69,""snr"":null,""ta"":0,""level"":3,""bands"":""1""}]",1009.1281,53,0.459,0.459,41,1,,,,"[{""b"":""80:03:84:fa:59:4c"",""s"":""SEOUL_Secure"",""r"":-47,""f"":5745},{""b"":""80:03:84:3a:59:4c"",""s"":""Public WiFi Free"",""r"":-47,""f"":5745},{""b"":""80:03:84:3a:59:4d"",""s"":""SEOUL"",""r"":-47,""f"":5745},{""b"":""80:03:84:ba:59:4c"",""s"":""KT WiFi"",""r"":-47,""f"":5745},{""b"":""80:03:84:7a:59:4c"",""s"":""Public WiFi Secure"",""r"":-47,""f"":5745},{""b"":""26:ec:72:6b:e7:11"",""s"":""SEOUL_Secure"",""r"":-49,""f"":2412},{""b"":""1c:ec:72:6b:e7:11"",""s"":""Public WiFi Secure"",""r"":-50,""f"":2412},{""b"":""1c:ec:72:6b:e7:10"",""s"":""Public WiFi Secure"",""r"":-50,""f"":5640},{""b"":""22:ec:72:6b:e7:10"",""s"":""Public WiFi Free"",""r"":-50,""f"":5640},{""b"":""22:ec:72:6b:e7:11"",""s"":""Public WiFi Free"",""r"":-50,""f"":2412},{""b"":""26:ec:72:6b:e7:10"",""s"":""SEOUL_Secure"",""r"":-51,""f"":5640},{""b"":""64:9a:12:20:a1:b1"",""s"":""emart_wifi"",""r"":-68,""f"":2412},{""b"":""80:ca:4b:f4:ea:ae"",""s"":""U+NetEAAC"",""r"":-72,""f"":2432},{""b"":""1c:ec:72:5c:a3:4e"",""s"":""KT_GiGA_A34B"",""r"":-73,""f"":2447},{""b"":""1c:bf:ce:2d:f9:9a"",""s"":""GNET_BB_L2_2DF99A"",""r"":-73,""f"":2437}]",""
1790677275964,2026-09-29 19:21:15,car,37.5418881,127.0978957,10.828,0.0,,43.70000076293945,fused,1,LTE,NR_NSA,5G,true,false,true,false,false,50958085,45,3050,7,8223,450,06,-84,-8,-55,,4,0,,,,2184,65376,0.0175,0.5230,2164,65356,0.0173,0.5228,false,8,0,8,-85,45,2600,0.28218314,false,false,periodic,45,0,0,,10011,,,,"[{""type"":""LTE"",""pci"":45,""earfcn"":2600,""tac"":null,""rsrp"":-85,""rsrq"":-15,""rssi"":-61,""snr"":null,""ta"":0,""level"":4,""bands"":""5""},{""type"":""LTE"",""pci"":28,""earfcn"":2600,""tac"":null,""rsrp"":-86,""rsrq"":-14,""rssi"":-61,""snr"":null,""ta"":0,""level"":3,""bands"":""5""},{""type"":""LTE"",""pci"":28,""earfcn"":100,""tac"":null,""rsrp"":-86,""rsrq"":-11,""rssi"":-65,""snr"":null,""ta"":0,""level"":3,""bands"":""1""},{""type"":""LTE"",""pci"":56,""earfcn"":2600,""tac"":null,""rsrp"":-88,""rsrq"":-17,""rssi"":-61,""snr"":null,""ta"":0,""level"":3,""bands"":""5""},{""type"":""LTE"",""pci"":45,""earfcn"":100,""tac"":null,""rsrp"":-89,""rsrq"":-12,""rssi"":-65,""snr"":null,""ta"":0,""level"":3,""bands"":""1""},{""type"":""LTE"",""pci"":56,""earfcn"":3050,""tac"":null,""rsrp"":-93,""rsrq"":-16,""rssi"":-67,""snr"":null,""ta"":0,""level"":3,""bands"":""7""},{""type"":""LTE"",""pci"":28,""earfcn"":3050,""tac"":null,""rsrp"":-94,""rsrq"":-15,""rssi"":-67,""snr"":null,""ta"":0,""level"":3,""bands"":""7""},{""type"":""LTE"",""pci"":56,""earfcn"":100,""tac"":null,""rsrp"":-94,""rsrq"":-15,""rssi"":-69,""snr"":null,""ta"":0,""level"":3,""bands"":""1""}]",1009.1481,55,0.524,0.524,43,3,,,,"[{""b"":""80:03:84:7a:59:48"",""s"":""Public WiFi Secure"",""r"":-42,""f"":2452},{""b"":""80:03:84:ba:59:48"",""s"":""KT WiFi"",""r"":-42,""f"":2452},{""b"":""80:03:84:fa:59:48"",""s"":""SEOUL_Secure"",""r"":-42,""f"":2452},{""b"":""80:03:84:3a:59:48"",""s"":""Public WiFi Free"",""r"":-43,""f"":2452},{""b"":""80:03:84:fa:59:4c"",""s"":""SEOUL_Secure"",""r"":-48,""f"":5745},{""b"":""80:03:84:3a:59:4c"",""s"":""Public WiFi Free"",""r"":-48,""f"":5745},{""b"":""80:03:84:3a:59:4d"",""s"":""SEOUL"",""r"":-48,""f"":5745},{""b"":""80:03:84:ba:59:4c"",""s"":""KT WiFi"",""r"":-48,""f"":5745},{""b"":""80:03:84:7a:59:4c"",""s"":""Public WiFi Secure"",""r"":-48,""f"":5745},{""b"":""26:ec:72:6b:e7:10"",""s"":""SEOUL_Secure"",""r"":-49,""f"":5640},{""b"":""1c:ec:72:6b:e7:10"",""s"":""Public WiFi Secure"",""r"":-49,""f"":5640},{""b"":""22:ec:72:6b:e7:10"",""s"":""Public WiFi Free"",""r"":-49,""f"":5640},{""b"":""1c:ec:72:6b:e7:11"",""s"":""Public WiFi Secure"",""r"":-54,""f"":2412},{""b"":""22:ec:72:6b:e7:11"",""s"":""Public WiFi Free"",""r"":-55,""f"":2412},{""b"":""26:ec:72:6b:e7:11"",""s"":""SEOUL_Secure"",""r"":-56,""f"":2412}]",""
1790677280985,2026-09-29 19:21:20,car,37.5417884,127.0975314,10.527,7.69,239.0,43.70000076293945,fused,0,LTE,NR_NSA,5G,true,false,true,false,false,50958085,45,3050,7,8223,450,06,-84,-10,-55,,4,0,,,,2049,63459,0.0164,0.5077,2029,63439,0.0162,0.5075,false,8,0,8,-84,45,100,7.69,false,false,periodic,50,0,0,,5000,,,,"[{""type"":""LTE"",""pci"":45,""earfcn"":100,""tac"":null,""rsrp"":-84,""rsrq"":-12,""rssi"":-63,""snr"":null,""ta"":0,""level"":4,""bands"":""1""},{""type"":""LTE"",""pci"":45,""earfcn"":2600,""tac"":null,""rsrp"":-85,""rsrq"":-10,""rssi"":-65,""snr"":null,""ta"":0,""level"":4,""bands"":""5""},{""type"":""LTE"",""pci"":56,""earfcn"":100,""tac"":null,""rsrp"":-87,""rsrq"":-15,""rssi"":-63,""snr"":null,""ta"":0,""level"":3,""bands"":""1""},{""type"":""LTE"",""pci"":28,""earfcn"":2600,""tac"":null,""rsrp"":-88,""rsrq"":-11,""rssi"":-65,""snr"":null,""ta"":0,""level"":3,""bands"":""5""},{""type"":""LTE"",""pci"":28,""earfcn"":100,""tac"":null,""rsrp"":-88,""rsrq"":-11,""rssi"":-63,""snr"":null,""ta"":0,""level"":3,""bands"":""1""},{""type"":""LTE"",""pci"":28,""earfcn"":3050,""tac"":null,""rsrp"":-90,""rsrq"":-15,""rssi"":-67,""snr"":null,""ta"":0,""level"":3,""bands"":""7""},{""type"":""LTE"",""pci"":56,""earfcn"":3050,""tac"":null,""rsrp"":-90,""rsrq"":-16,""rssi"":-67,""snr"":null,""ta"":0,""level"":3,""bands"":""7""},{""type"":""LTE"",""pci"":56,""earfcn"":2600,""tac"":null,""rsrp"":-92,""rsrq"":-13,""rssi"":-65,""snr"":null,""ta"":0,""level"":3,""bands"":""5""}]",1009.0471,51,0.459,0.459,43,8,,,,"[{""b"":""80:03:84:7a:59:48"",""s"":""Public WiFi Secure"",""r"":-42,""f"":2452},{""b"":""80:03:84:ba:59:48"",""s"":""KT WiFi"",""r"":-42,""f"":2452},{""b"":""80:03:84:fa:59:48"",""s"":""SEOUL_Secure"",""r"":-42,""f"":2452},{""b"":""80:03:84:3a:59:48"",""s"":""Public WiFi Free"",""r"":-43,""f"":2452},{""b"":""80:03:84:fa:59:4c"",""s"":""SEOUL_Secure"",""r"":-48,""f"":5745},{""b"":""80:03:84:3a:59:4c"",""s"":""Public WiFi Free"",""r"":-48,""f"":5745},{""b"":""80:03:84:3a:59:4d"",""s"":""SEOUL"",""r"":-48,""f"":5745},{""b"":""80:03:84:ba:59:4c"",""s"":""KT WiFi"",""r"":-48,""f"":5745},{""b"":""80:03:84:7a:59:4c"",""s"":""Public WiFi Secure"",""r"":-48,""f"":5745},{""b"":""26:ec:72:6b:e7:10"",""s"":""SEOUL_Secure"",""r"":-49,""f"":5640},{""b"":""1c:ec:72:6b:e7:10"",""s"":""Public WiFi Secure"",""r"":-49,""f"":5640},{""b"":""22:ec:72:6b:e7:10"",""s"":""Public WiFi Free"",""r"":-49,""f"":5640},{""b"":""1c:ec:72:6b:e7:11"",""s"":""Public WiFi Secure"",""r"":-54,""f"":2412},{""b"":""22:ec:72:6b:e7:11"",""s"":""Public WiFi Free"",""r"":-55,""f"":2412},{""b"":""26:ec:72:6b:e7:11"",""s"":""SEOUL_Secure"",""r"":-56,""f"":2412}]",""
1790677285997,2026-09-29 19:21:25,car,37.5416706,127.0971046,10.375,10.38,251.0,43.70000076293945,fused,1,LTE,NR_NSA,5G,true,false,true,false,false,50958085,45,3050,7,8223,450,06,-84,-10,-55,,4,0,,,,2339,65654,0.0187,0.5252,2319,65634,0.0186,0.5251,false,8,0,8,-84,45,100,10.38,false,false,periodic,55,0,0,,10012,,,,"[{""type"":""LTE"",""pci"":45,""earfcn"":100,""tac"":null,""rsrp"":-84,""rsrq"":-12,""rssi"":-63,""snr"":null,""ta"":0,""level"":4,""bands"":""1""},{""type"":""LTE"",""pci"":45,""earfcn"":2600,""tac"":null,""rsrp"":-85,""rsrq"":-10,""rssi"":-65,""snr"":null,""ta"":0,""level"":4,""bands"":""5""},{""type"":""LTE"",""pci"":56,""earfcn"":100,""tac"":null,""rsrp"":-87,""rsrq"":-15,""rssi"":-63,""snr"":null,""ta"":0,""level"":3,""bands"":""1""},{""type"":""LTE"",""pci"":28,""earfcn"":2600,""tac"":null,""rsrp"":-88,""rsrq"":-11,""rssi"":-65,""snr"":null,""ta"":0,""level"":3,""bands"":""5""},{""type"":""LTE"",""pci"":28,""earfcn"":100,""tac"":null,""rsrp"":-88,""rsrq"":-11,""rssi"":-63,""snr"":null,""ta"":0,""level"":3,""bands"":""1""},{""type"":""LTE"",""pci"":28,""earfcn"":3050,""tac"":null,""rsrp"":-90,""rsrq"":-15,""rssi"":-67,""snr"":null,""ta"":0,""level"":3,""bands"":""7""},{""type"":""LTE"",""pci"":56,""earfcn"":3050,""tac"":null,""rsrp"":-90,""rsrq"":-16,""rssi"":-67,""snr"":null,""ta"":0,""level"":3,""bands"":""7""},{""type"":""LTE"",""pci"":56,""earfcn"":2600,""tac"":null,""rsrp"":-92,""rsrq"":-13,""rssi"":-65,""snr"":null,""ta"":0,""level"":3,""bands"":""5""}]",1008.9347,52,0.524,0.459,40,4,,,,"[{""b"":""26:ec:72:6b:e7:10"",""s"":""SEOUL_Secure"",""r"":-45,""f"":5640},{""b"":""1c:ec:72:6b:e7:10"",""s"":""Public WiFi Secure"",""r"":-45,""f"":5640},{""b"":""22:ec:72:6b:e7:10"",""s"":""Public WiFi Free"",""r"":-45,""f"":5640},{""b"":""26:ec:72:6b:e7:11"",""s"":""SEOUL_Secure"",""r"":-46,""f"":2412},{""b"":""1c:ec:72:6b:e7:11"",""s"":""Public WiFi Secure"",""r"":-47,""f"":2412},{""b"":""22:ec:72:6b:e7:11"",""s"":""Public WiFi Free"",""r"":-47,""f"":2412},{""b"":""58:86:94:5c:5f:a6"",""s"":""xavisnet"",""r"":-55,""f"":2457},{""b"":""80:03:84:3a:59:49"",""s"":""SEOUL"",""r"":-63,""f"":2452},{""b"":""b0:38:6c:35:8b:6e"",""s"":""oksystem1"",""r"":-63,""f"":2412},{""b"":""80:03:84:fa:59:48"",""s"":""SEOUL_Secure"",""r"":-64,""f"":2452},{""b"":""80:03:84:7a:59:48"",""s"":""Public WiFi Secure"",""r"":-65,""f"":2452},{""b"":""80:03:84:ba:59:48"",""s"":""KT WiFi"",""r"":-65,""f"":2452},{""b"":""58:86:94:61:c6:c6"",""s"":""iptime"",""r"":-68,""f"":2452},{""b"":""ca:dd:6a:4a:96:db"",""s"":""[LG_CeilingCassette A\/C]96db"",""r"":-70,""f"":2462},{""b"":""32:4e:e9:0d:24:56"",""s"":"""",""r"":-70,""f"":5220}]",""
1790677291016,2026-09-29 19:21:31,car,37.5414929,127.096455,9.956,9.38,249.0,43.70000076293945,fused,0,LTE,NR_NSA,5G,true,false,true,false,false,50958085,45,3050,7,8223,450,06,-83,-11,-51,,4,0,,,,2136,65246,0.0171,0.5220,2116,65226,0.0169,0.5218,false,9,0,9,-82,56,2600,9.38,false,false,periodic,60,0,1,,4999,,,,"[{""type"":""LTE"",""pci"":56,""earfcn"":2600,""tac"":null,""rsrp"":-82,""rsrq"":-14,""rssi"":-59,""snr"":null,""ta"":0,""level"":4,""bands"":""5""},{""type"":""LTE"",""pci"":56,""earfcn"":3050,""tac"":null,""rsrp"":-84,""rsrq"":-12,""rssi"":-61,""snr"":null,""ta"":0,""level"":4,""bands"":""7""},{""type"":""LTE"",""pci"":45,""earfcn"":2600,""tac"":null,""rsrp"":-85,""rsrq"":-16,""rssi"":-59,""snr"":null,""ta"":0,""level"":4,""bands"":""5""},{""type"":""LTE"",""pci"":28,""earfcn"":2600,""tac"":null,""rsrp"":-87,""rsrq"":-18,""rssi"":-59,""snr"":null,""ta"":0,""level"":3,""bands"":""5""},{""type"":""LTE"",""pci"":45,""earfcn"":100,""tac"":null,""rsrp"":-87,""rsrq"":-11,""rssi"":-65,""snr"":null,""ta"":0,""level"":3,""bands"":""1""},{""type"":""LTE"",""pci"":56,""earfcn"":100,""tac"":null,""rsrp"":-91,""rsrq"":-15,""rssi"":-65,""snr"":null,""ta"":0,""level"":3,""bands"":""1""},{""type"":""LTE"",""pci"":28,""earfcn"":100,""tac"":null,""rsrp"":-92,""rsrq"":-18,""rssi"":-65,""snr"":null,""ta"":0,""level"":3,""bands"":""1""},{""type"":""LTE"",""pci"":28,""earfcn"":3050,""tac"":null,""rsrp"":-94,""rsrq"":-19,""rssi"":-67,""snr"":null,""ta"":0,""level"":3,""bands"":""7""},{""type"":""LTE"",""pci"":4,""earfcn"":3050,""tac"":null,""rsrp"":-96,""rsrq"":-20,""rssi"":-63,""snr"":null,""ta"":0,""level"":2,""bands"":""7""}]",1008.93365,71,0.524,0.459,40,9,,,,"[{""b"":""26:ec:72:6b:e7:10"",""s"":""SEOUL_Secure"",""r"":-45,""f"":5640},{""b"":""1c:ec:72:6b:e7:10"",""s"":""Public WiFi Secure"",""r"":-45,""f"":5640},{""b"":""22:ec:72:6b:e7:10"",""s"":""Public WiFi Free"",""r"":-45,""f"":5640},{""b"":""26:ec:72:6b:e7:11"",""s"":""SEOUL_Secure"",""r"":-46,""f"":2412},{""b"":""1c:ec:72:6b:e7:11"",""s"":""Public WiFi Secure"",""r"":-47,""f"":2412},{""b"":""22:ec:72:6b:e7:11"",""s"":""Public WiFi Free"",""r"":-47,""f"":2412},{""b"":""58:86:94:5c:5f:a6"",""s"":""xavisnet"",""r"":-55,""f"":2457},{""b"":""80:03:84:3a:59:49"",""s"":""SEOUL"",""r"":-63,""f"":2452},{""b"":""b0:38:6c:35:8b:6e"",""s"":""oksystem1"",""r"":-63,""f"":2412},{""b"":""80:03:84:fa:59:48"",""s"":""SEOUL_Secure"",""r"":-64,""f"":2452},{""b"":""80:03:84:7a:59:48"",""s"":""Public WiFi Secure"",""r"":-65,""f"":2452},{""b"":""80:03:84:ba:59:48"",""s"":""KT WiFi"",""r"":-65,""f"":2452},{""b"":""58:86:94:61:c6:c6"",""s"":""iptime"",""r"":-68,""f"":2452},{""b"":""ca:dd:6a:4a:96:db"",""s"":""[LG_CeilingCassette A\/C]96db"",""r"":-70,""f"":2462},{""b"":""32:4e:e9:0d:24:56"",""s"":"""",""r"":-70,""f"":5220}]",""
1790677296051,2026-09-29 19:21:36,car,37.5413602,127.096085,9.935,9.36,245.0,43.70000076293945,fused,1,LTE,NR_NSA,5G,true,false,true,false,false,50958085,45,3050,7,8223,450,06,-83,-11,-51,,4,0,,,,64917,67036,0.5193,0.5363,64877,66996,0.5190,0.5360,false,9,0,9,-82,56,2600,9.36,false,false,periodic,65,0,0,,10035,,,,"[{""type"":""LTE"",""pci"":56,""earfcn"":2600,""tac"":null,""rsrp"":-82,""rsrq"":-14,""rssi"":-59,""snr"":null,""ta"":0,""level"":4,""bands"":""5""},{""type"":""LTE"",""pci"":56,""earfcn"":3050,""tac"":null,""rsrp"":-84,""rsrq"":-12,""rssi"":-61,""snr"":null,""ta"":0,""level"":4,""bands"":""7""},{""type"":""LTE"",""pci"":45,""earfcn"":2600,""tac"":null,""rsrp"":-85,""rsrq"":-16,""rssi"":-59,""snr"":null,""ta"":0,""level"":4,""bands"":""5""},{""type"":""LTE"",""pci"":28,""earfcn"":2600,""tac"":null,""rsrp"":-87,""rsrq"":-18,""rssi"":-59,""snr"":null,""ta"":0,""level"":3,""bands"":""5""},{""type"":""LTE"",""pci"":45,""earfcn"":100,""tac"":null,""rsrp"":-87,""rsrq"":-11,""rssi"":-65,""snr"":null,""ta"":0,""level"":3,""bands"":""1""},{""type"":""LTE"",""pci"":56,""earfcn"":100,""tac"":null,""rsrp"":-91,""rsrq"":-15,""rssi"":-65,""snr"":null,""ta"":0,""level"":3,""bands"":""1""},{""type"":""LTE"",""pci"":28,""earfcn"":100,""tac"":null,""rsrp"":-92,""rsrq"":-18,""rssi"":-65,""snr"":null,""ta"":0,""level"":3,""bands"":""1""},{""type"":""LTE"",""pci"":28,""earfcn"":3050,""tac"":null,""rsrp"":-94,""rsrq"":-19,""rssi"":-67,""snr"":null,""ta"":0,""level"":3,""bands"":""7""},{""type"":""LTE"",""pci"":4,""earfcn"":3050,""tac"":null,""rsrp"":-96,""rsrq"":-20,""rssi"":-63,""snr"":null,""ta"":0,""level"":2,""bands"":""7""}]",1008.9103,55,0.459,0.524,40,15,,,,"[{""b"":""26:ec:72:6b:e7:10"",""s"":""SEOUL_Secure"",""r"":-45,""f"":5640},{""b"":""1c:ec:72:6b:e7:10"",""s"":""Public WiFi Secure"",""r"":-45,""f"":5640},{""b"":""22:ec:72:6b:e7:10"",""s"":""Public WiFi Free"",""r"":-45,""f"":5640},{""b"":""26:ec:72:6b:e7:11"",""s"":""SEOUL_Secure"",""r"":-46,""f"":2412},{""b"":""1c:ec:72:6b:e7:11"",""s"":""Public WiFi Secure"",""r"":-47,""f"":2412},{""b"":""22:ec:72:6b:e7:11"",""s"":""Public WiFi Free"",""r"":-47,""f"":2412},{""b"":""58:86:94:5c:5f:a6"",""s"":""xavisnet"",""r"":-55,""f"":2457},{""b"":""80:03:84:3a:59:49"",""s"":""SEOUL"",""r"":-63,""f"":2452},{""b"":""b0:38:6c:35:8b:6e"",""s"":""oksystem1"",""r"":-63,""f"":2412},{""b"":""80:03:84:fa:59:48"",""s"":""SEOUL_Secure"",""r"":-64,""f"":2452},{""b"":""80:03:84:7a:59:48"",""s"":""Public WiFi Secure"",""r"":-65,""f"":2452},{""b"":""80:03:84:ba:59:48"",""s"":""KT WiFi"",""r"":-65,""f"":2452},{""b"":""58:86:94:61:c6:c6"",""s"":""iptime"",""r"":-68,""f"":2452},{""b"":""ca:dd:6a:4a:96:db"",""s"":""[LG_CeilingCassette A\/C]96db"",""r"":-70,""f"":2462},{""b"":""32:4e:e9:0d:24:56"",""s"":"""",""r"":-70,""f"":5220}]",""
1790677301077,2026-09-29 19:21:41,car,37.5410482,127.0955151,9.935,10.08,231.0,43.70000076293945,fused,0,LTE,NR_NSA,5G,true,false,true,false,false,50958085,45,3050,7,8223,450,06,-87,-14,-55,,3,0,,,,2484,65417,0.0199,0.5233,2464,65397,0.0197,0.5232,false,5,0,5,-82,56,3050,10.08,false,false,periodic,70,0,-4,,5004,,,,"[{""type"":""LTE"",""pci"":56,""earfcn"":3050,""tac"":null,""rsrp"":-82,""rsrq"":-11,""rssi"":-59,""snr"":null,""ta"":0,""level"":4,""bands"":""7""},{""type"":""LTE"",""pci"":56,""earfcn"":100,""tac"":null,""rsrp"":-82,""rsrq"":-13,""rssi"":-57,""snr"":null,""ta"":0,""level"":4,""bands"":""1""},{""type"":""LTE"",""pci"":45,""earfcn"":100,""tac"":null,""rsrp"":-83,""rsrq"":-15,""rssi"":-57,""snr"":null,""ta"":0,""level"":4,""bands"":""1""},{""type"":""LTE"",""pci"":45,""earfcn"":2600,""tac"":null,""rsrp"":-88,""rsrq"":-11,""rssi"":-67,""snr"":null,""ta"":0,""level"":3,""bands"":""5""},{""type"":""LTE"",""pci"":56,""earfcn"":2600,""tac"":null,""rsrp"":-88,""rsrq"":-11,""rssi"":-67,""snr"":null,""ta"":0,""level"":3,""bands"":""5""}]",1008.8654,54,0.524,0.524,40,20,,,,"[{""b"":""26:ec:72:6b:e7:10"",""s"":""SEOUL_Secure"",""r"":-45,""f"":5640},{""b"":""1c:ec:72:6b:e7:10"",""s"":""Public WiFi Secure"",""r"":-45,""f"":5640},{""b"":""22:ec:72:6b:e7:10"",""s"":""Public WiFi Free"",""r"":-45,""f"":5640},{""b"":""26:ec:72:6b:e7:11"",""s"":""SEOUL_Secure"",""r"":-46,""f"":2412},{""b"":""1c:ec:72:6b:e7:11"",""s"":""Public WiFi Secure"",""r"":-47,""f"":2412},{""b"":""22:ec:72:6b:e7:11"",""s"":""Public WiFi Free"",""r"":-47,""f"":2412},{""b"":""58:86:94:5c:5f:a6"",""s"":""xavisnet"",""r"":-55,""f"":2457},{""b"":""80:03:84:3a:59:49"",""s"":""SEOUL"",""r"":-63,""f"":2452},{""b"":""b0:38:6c:35:8b:6e"",""s"":""oksystem1"",""r"":-63,""f"":2412},{""b"":""80:03:84:fa:59:48"",""s"":""SEOUL_Secure"",""r"":-64,""f"":2452},{""b"":""80:03:84:7a:59:48"",""s"":""Public WiFi Secure"",""r"":-65,""f"":2452},{""b"":""80:03:84:ba:59:48"",""s"":""KT WiFi"",""r"":-65,""f"":2452},{""b"":""58:86:94:61:c6:c6"",""s"":""iptime"",""r"":-68,""f"":2452},{""b"":""ca:dd:6a:4a:96:db"",""s"":""[LG_CeilingCassette A\/C]96db"",""r"":-70,""f"":2462},{""b"":""32:4e:e9:0d:24:56"",""s"":"""",""r"":-70,""f"":5220}]",""
1790677306101,2026-09-29 19:21:46,car,37.5408357,127.0951724,9.935,8.83,233.0,43.70000076293945,fused,1,LTE,NR_NSA,5G,true,false,true,false,false,50958085,45,3050,7,8223,450,06,-87,-14,-55,,3,0,,,,2206,63489,0.0176,0.5079,2186,63469,0.0175,0.5078,false,5,0,5,-82,56,3050,8.83,false,false,periodic,75,0,0,,10027,,,,"[{""type"":""LTE"",""pci"":56,""earfcn"":3050,""tac"":null,""rsrp"":-82,""rsrq"":-11,""rssi"":-59,""snr"":null,""ta"":0,""level"":4,""bands"":""7""},{""type"":""LTE"",""pci"":56,""earfcn"":100,""tac"":null,""rsrp"":-82,""rsrq"":-13,""rssi"":-57,""snr"":null,""ta"":0,""level"":4,""bands"":""1""},{""type"":""LTE"",""pci"":45,""earfcn"":100,""tac"":null,""rsrp"":-83,""rsrq"":-15,""rssi"":-57,""snr"":null,""ta"":0,""level"":4,""bands"":""1""},{""type"":""LTE"",""pci"":45,""earfcn"":2600,""tac"":null,""rsrp"":-88,""rsrq"":-11,""rssi"":-67,""snr"":null,""ta"":0,""level"":3,""bands"":""5""},{""type"":""LTE"",""pci"":56,""earfcn"":2600,""tac"":null,""rsrp"":-88,""rsrq"":-11,""rssi"":-67,""snr"":null,""ta"":0,""level"":3,""bands"":""5""}]",1008.91284,52,0.459,0.459,40,3,,,,"[{""b"":""22:ec:72:6b:e7:11"",""s"":""Public WiFi Free"",""r"":-42,""f"":2412},{""b"":""1c:ec:72:6b:e7:10"",""s"":""Public WiFi Secure"",""r"":-49,""f"":5640},{""b"":""22:ec:72:6b:e7:10"",""s"":""Public WiFi Free"",""r"":-49,""f"":5640},{""b"":""26:ec:72:6b:e7:10"",""s"":""SEOUL_Secure"",""r"":-50,""f"":5640},{""b"":""90:de:80:60:66:13"",""s"":""GNET_BB_CATCHON_3WAY_606613"",""r"":-61,""f"":2457},{""b"":""d0:be:2c:2d:a6:34"",""s"":""MOOVING"",""r"":-66,""f"":2472},{""b"":""1e:ec:72:6b:e7:00"",""s"":""Public WiFi Free"",""r"":-71,""f"":6115},{""b"":""1e:ec:72:6b:e7:01"",""s"":""SEOUL_Secure"",""r"":-71,""f"":6115},{""b"":""1e:ec:72:6b:e7:0f"",""s"":""Public WiFi Secure"",""r"":-73,""f"":6115},{""b"":""9a:f4:ab:f4:e8:e5"",""s"":""W60-75_1585211559"",""r"":-77,""f"":2437},{""b"":""70:5d:cc:dd:b4:d0"",""s"":""GANG-A"",""r"":-79,""f"":5745},{""b"":""58:86:94:ae:a4:57"",""s"":""ahnt_4F_5G"",""r"":-84,""f"":5180},{""b"":""0e:09:b4:78:8a:04"",""s"":""KT WiFi "",""r"":-84,""f"":5520},{""b"":""80:ca:4b:49:7b:43"",""s"":""U+Net7B40_5G"",""r"":-85,""f"":5785},{""b"":""b0:38:6c:83:dc:d4"",""s"":""iptime 25G"",""r"":-85,""f"":5745}]",""
1790677311125,2026-09-29 19:21:51,car,37.5405995,127.0947713,9.935,6.2,232.0,43.70000076293945,fused,0,LTE,NR_NSA,5G,true,false,true,false,false,50958103,56,3050,7,8223,450,06,-81,-9,-51,,4,1,,,,2077,65195,0.0166,0.5216,2057,65175,0.0165,0.5214,false,8,0,8,-80,56,2600,6.2,true,false,periodic,0,1,,,5004,50958085,-87,-14,"[{""type"":""LTE"",""pci"":56,""earfcn"":2600,""tac"":null,""rsrp"":-80,""rsrq"":-9,""rssi"":-63,""snr"":null,""ta"":1,""level"":4,""bands"":""5""},{""type"":""LTE"",""pci"":56,""earfcn"":100,""tac"":null,""rsrp"":-80,""rsrq"":-11,""rssi"":-55,""snr"":null,""ta"":1,""level"":4,""bands"":""1""},{""type"":""LTE"",""pci"":240,""earfcn"":100,""tac"":null,""rsrp"":-85,""rsrq"":-16,""rssi"":-55,""snr"":null,""ta"":1,""level"":4,""bands"":""1""},{""type"":""LTE"",""pci"":45,""earfcn"":3050,""tac"":null,""rsrp"":-88,""rsrq"":-14,""rssi"":-57,""snr"":null,""ta"":1,""level"":3,""bands"":""7""},{""type"":""LTE"",""pci"":45,""earfcn"":2600,""tac"":null,""rsrp"":-89,""rsrq"":-18,""rssi"":-63,""snr"":null,""ta"":1,""level"":3,""bands"":""5""},{""type"":""LTE"",""pci"":45,""earfcn"":100,""tac"":null,""rsrp"":-90,""rsrq"":-17,""rssi"":-61,""snr"":null,""ta"":1,""level"":3,""bands"":""1""},{""type"":""LTE"",""pci"":240,""earfcn"":2600,""tac"":null,""rsrp"":-92,""rsrq"":-18,""rssi"":-63,""snr"":null,""ta"":1,""level"":3,""bands"":""5""},{""type"":""LTE"",""pci"":240,""earfcn"":3050,""tac"":null,""rsrp"":-94,""rsrq"":-18,""rssi"":-65,""snr"":null,""ta"":1,""level"":3,""bands"":""7""}]",1008.9719,58,0.459,0.459,40,8,,,,"[{""b"":""22:ec:72:6b:e7:11"",""s"":""Public WiFi Free"",""r"":-42,""f"":2412},{""b"":""1c:ec:72:6b:e7:10"",""s"":""Public WiFi Secure"",""r"":-49,""f"":5640},{""b"":""22:ec:72:6b:e7:10"",""s"":""Public WiFi Free"",""r"":-49,""f"":5640},{""b"":""26:ec:72:6b:e7:10"",""s"":""SEOUL_Secure"",""r"":-50,""f"":5640},{""b"":""90:de:80:60:66:13"",""s"":""GNET_BB_CATCHON_3WAY_606613"",""r"":-61,""f"":2457},{""b"":""d0:be:2c:2d:a6:34"",""s"":""MOOVING"",""r"":-66,""f"":2472},{""b"":""1e:ec:72:6b:e7:00"",""s"":""Public WiFi Free"",""r"":-71,""f"":6115},{""b"":""1e:ec:72:6b:e7:01"",""s"":""SEOUL_Secure"",""r"":-71,""f"":6115},{""b"":""1e:ec:72:6b:e7:0f"",""s"":""Public WiFi Secure"",""r"":-73,""f"":6115},{""b"":""9a:f4:ab:f4:e8:e5"",""s"":""W60-75_1585211559"",""r"":-77,""f"":2437},{""b"":""70:5d:cc:dd:b4:d0"",""s"":""GANG-A"",""r"":-79,""f"":5745},{""b"":""58:86:94:ae:a4:57"",""s"":""ahnt_4F_5G"",""r"":-84,""f"":5180},{""b"":""0e:09:b4:78:8a:04"",""s"":""KT WiFi "",""r"":-84,""f"":5520},{""b"":""80:ca:4b:49:7b:43"",""s"":""U+Net7B40_5G"",""r"":-85,""f"":5785},{""b"":""b0:38:6c:83:dc:d4"",""s"":""iptime 25G"",""r"":-85,""f"":5745}]","[{""type"":""LTE"",""pci"":56,""earfcn"":3050,""tac"":null,""rsrp"":-82,""rsrq"":-11,""rssi"":-59,""snr"":null,""ta"":0,""level"":4,""bands"":""7""},{""type"":""LTE"",""pci"":56,""earfcn"":100,""tac"":null,""rsrp"":-82,""rsrq"":-13,""rssi"":-57,""snr"":null,""ta"":0,""level"":4,""bands"":""1""},{""type"":""LTE"",""pci"":45,""earfcn"":100,""tac"":null,""rsrp"":-83,""rsrq"":-15,""rssi"":-57,""snr"":null,""ta"":0,""level"":4,""bands"":""1""},{""type"":""LTE"",""pci"":45,""earfcn"":2600,""tac"":null,""rsrp"":-88,""rsrq"":-11,""rssi"":-67,""snr"":null,""ta"":0,""level"":3,""bands"":""5""},{""type"":""LTE"",""pci"":56,""earfcn"":2600,""tac"":null,""rsrp"":-88,""rsrq"":-11,""rssi"":-67,""snr"":null,""ta"":0,""level"":3,""bands"":""5""}]"
1790677316151,2026-09-29 19:21:56,car,37.5404784,127.094589,9.935,4.26,233.0,43.70000076293945,fused,1,LTE,NR_NSA,5G,true,false,true,false,false,50958103,56,3050,7,8223,450,06,-81,-9,-51,,4,1,,,,15471,66883,0.1238,0.5351,15431,66843,0.1234,0.5347,false,8,0,8,-80,56,2600,4.26,false,false,periodic,5,1,0,,10030,,,,"[{""type"":""LTE"",""pci"":56,""earfcn"":2600,""tac"":null,""rsrp"":-80,""rsrq"":-9,""rssi"":-63,""snr"":null,""ta"":1,""level"":4,""bands"":""5""},{""type"":""LTE"",""pci"":56,""earfcn"":100,""tac"":null,""rsrp"":-80,""rsrq"":-11,""rssi"":-55,""snr"":null,""ta"":1,""level"":4,""bands"":""1""},{""type"":""LTE"",""pci"":240,""earfcn"":100,""tac"":null,""rsrp"":-85,""rsrq"":-16,""rssi"":-55,""snr"":null,""ta"":1,""level"":4,""bands"":""1""},{""type"":""LTE"",""pci"":45,""earfcn"":3050,""tac"":null,""rsrp"":-88,""rsrq"":-14,""rssi"":-57,""snr"":null,""ta"":1,""level"":3,""bands"":""7""},{""type"":""LTE"",""pci"":45,""earfcn"":2600,""tac"":null,""rsrp"":-89,""rsrq"":-18,""rssi"":-63,""snr"":null,""ta"":1,""level"":3,""bands"":""5""},{""type"":""LTE"",""pci"":45,""earfcn"":100,""tac"":null,""rsrp"":-90,""rsrq"":-17,""rssi"":-61,""snr"":null,""ta"":1,""level"":3,""bands"":""1""},{""type"":""LTE"",""pci"":240,""earfcn"":2600,""tac"":null,""rsrp"":-92,""rsrq"":-18,""rssi"":-63,""snr"":null,""ta"":1,""level"":3,""bands"":""5""},{""type"":""LTE"",""pci"":240,""earfcn"":3050,""tac"":null,""rsrp"":-94,""rsrq"":-18,""rssi"":-65,""snr"":null,""ta"":1,""level"":3,""bands"":""7""}]",1009.0095,53,0.459,0.459,85,0,,,,"[{""b"":""1c:ec:72:6b:e7:11"",""s"":""Public WiFi Secure"",""r"":-43,""f"":2412},{""b"":""26:ec:72:6b:e7:11"",""s"":""SEOUL_Secure"",""r"":-44,""f"":2412},{""b"":""22:ec:72:6b:e7:11"",""s"":""Public WiFi Free"",""r"":-45,""f"":2412},{""b"":""1c:ec:72:6b:e7:10"",""s"":""Public WiFi Secure"",""r"":-49,""f"":5640},{""b"":""22:ec:72:6b:e7:10"",""s"":""Public WiFi Free"",""r"":-49,""f"":5640},{""b"":""26:ec:72:6b:e7:10"",""s"":""SEOUL_Secure"",""r"":-50,""f"":5640},{""b"":""90:de:80:60:66:13"",""s"":""GNET_BB_CATCHON_3WAY_606613"",""r"":-61,""f"":2457},{""b"":""70:5d:cc:a7:32:0e"",""s"":""원조순대국"",""r"":-62,""f"":2417},{""b"":""d0:be:2c:2d:a6:34"",""s"":""MOOVING"",""r"":-66,""f"":2472},{""b"":""80:ca:4b:6a:01:d6"",""s"":""U+Net01D4"",""r"":-67,""f"":2457},{""b"":""1c:ec:72:15:ea:cc"",""s"":""KT_GiGA_EAC9"",""r"":-68,""f"":2447},{""b"":""28:4e:e9:c5:ec:e5"",""s"":""SK_ECE2_2.4G"",""r"":-68,""f"":2457},{""b"":""24:d1:3f:17:1e:fb"",""s"":""CY-KD-DTG"",""r"":-69,""f"":2412},{""b"":""2e:4e:e9:c5:ec:e5"",""s"":"""",""r"":-70,""f"":2457},{""b"":""90:9f:33:d2:b0:c6"",""s"":""Grace"",""r"":-70,""f"":2422}]",""
1790677321179,2026-09-29 19:22:01,car,37.5403722,127.0944044,9.935,2.93,234.0,44.5,fused,0,LTE,NR_NSA,5G,true,false,true,false,false,50958103,56,3050,7,8223,450,06,-84,-10,-51,,4,0,,,,2046,65129,0.0164,0.5210,2027,65109,0.0162,0.5209,false,10,0,10,-76,56,2600,2.93,false,false,periodic,10,1,-3,,5001,,,,"[{""type"":""LTE"",""pci"":56,""earfcn"":2600,""tac"":null,""rsrp"":-76,""rsrq"":-13,""rssi"":-51,""snr"":null,""ta"":0,""level"":4,""bands"":""5""},{""type"":""LTE"",""pci"":240,""earfcn"":2600,""tac"":null,""rsrp"":-78,""rsrq"":-16,""rssi"":-51,""snr"":null,""ta"":0,""level"":4,""bands"":""5""},{""type"":""LTE"",""pci"":263,""earfcn"":2600,""tac"":null,""rsrp"":-78,""rsrq"":-14,""rssi"":-51,""snr"":null,""ta"":0,""level"":4,""bands"":""5""},{""type"":""LTE"",""pci"":263,""earfcn"":100,""tac"":null,""rsrp"":-78,""rsrq"":-10,""rssi"":-51,""snr"":null,""ta"":0,""level"":4,""bands"":""1""},{""type"":""LTE"",""pci"":240,""earfcn"":100,""tac"":null,""rsrp"":-82,""rsrq"":-14,""rssi"":-57,""snr"":null,""ta"":0,""level"":4,""bands"":""1""},{""type"":""LTE"",""pci"":56,""earfcn"":100,""tac"":null,""rsrp"":-85,""rsrq"":-17,""rssi"":-57,""snr"":null,""ta"":0,""level"":4,""bands"":""1""},{""type"":""LTE"",""pci"":240,""earfcn"":3050,""tac"":null,""rsrp"":-89,""rsrq"":-15,""rssi"":-65,""snr"":null,""ta"":0,""level"":3,""bands"":""7""},{""type"":""LTE"",""pci"":45,""earfcn"":2600,""tac"":null,""rsrp"":-89,""rsrq"":-19,""rssi"":-61,""snr"":null,""ta"":0,""level"":3,""bands"":""5""},{""type"":""LTE"",""pci"":390,""earfcn"":2600,""tac"":null,""rsrp"":-91,""rsrq"":-20,""rssi"":-57,""snr"":null,""ta"":0,""level"":3,""bands"":""5""},{""type"":""LTE"",""pci"":45,""earfcn"":3050,""tac"":null,""rsrp"":-93,""rsrq"":-19,""rssi"":-63,""snr"":null,""ta"":0,""level"":3,""bands"":""7""}]",1009.0325,53,0.524,0.524,85,5,,,,"[{""b"":""1c:ec:72:6b:e7:11"",""s"":""Public WiFi Secure"",""r"":-43,""f"":2412},{""b"":""26:ec:72:6b:e7:11"",""s"":""SEOUL_Secure"",""r"":-44,""f"":2412},{""b"":""22:ec:72:6b:e7:11"",""s"":""Public WiFi Free"",""r"":-45,""f"":2412},{""b"":""1c:ec:72:6b:e7:10"",""s"":""Public WiFi Secure"",""r"":-49,""f"":5640},{""b"":""22:ec:72:6b:e7:10"",""s"":""Public WiFi Free"",""r"":-49,""f"":5640},{""b"":""26:ec:72:6b:e7:10"",""s"":""SEOUL_Secure"",""r"":-50,""f"":5640},{""b"":""90:de:80:60:66:13"",""s"":""GNET_BB_CATCHON_3WAY_606613"",""r"":-61,""f"":2457},{""b"":""70:5d:cc:a7:32:0e"",""s"":""원조순대국"",""r"":-62,""f"":2417},{""b"":""d0:be:2c:2d:a6:34"",""s"":""MOOVING"",""r"":-66,""f"":2472},{""b"":""80:ca:4b:6a:01:d6"",""s"":""U+Net01D4"",""r"":-67,""f"":2457},{""b"":""1c:ec:72:15:ea:cc"",""s"":""KT_GiGA_EAC9"",""r"":-68,""f"":2447},{""b"":""28:4e:e9:c5:ec:e5"",""s"":""SK_ECE2_2.4G"",""r"":-68,""f"":2457},{""b"":""24:d1:3f:17:1e:fb"",""s"":""CY-KD-DTG"",""r"":-69,""f"":2412},{""b"":""2e:4e:e9:c5:ec:e5"",""s"":"""",""r"":-70,""f"":2457},{""b"":""90:9f:33:d2:b0:c6"",""s"":""Grace"",""r"":-70,""f"":2422}]",""
1790677326201,2026-09-29 19:22:06,car,37.5403313,127.0943238,9.935,1.04,239.0,44.5,fused,1,LTE,NR_NSA,5G,true,false,true,false,false,50958103,56,3050,7,8223,450,06,-84,-10,-51,,4,0,,,,1920,65138,0.0154,0.5211,1900,65119,0.0152,0.5210,false,10,0,10,-76,56,2600,1.04,false,false,periodic,15,1,0,,10027,,,,"[{""type"":""LTE"",""pci"":56,""earfcn"":2600,""tac"":null,""rsrp"":-76,""rsrq"":-13,""rssi"":-51,""snr"":null,""ta"":0,""level"":4,""bands"":""5""},{""type"":""LTE"",""pci"":240,""earfcn"":2600,""tac"":null,""rsrp"":-78,""rsrq"":-16,""rssi"":-51,""snr"":null,""ta"":0,""level"":4,""bands"":""5""},{""type"":""LTE"",""pci"":263,""earfcn"":2600,""tac"":null,""rsrp"":-78,""rsrq"":-14,""rssi"":-51,""snr"":null,""ta"":0,""level"":4,""bands"":""5""},{""type"":""LTE"",""pci"":263,""earfcn"":100,""tac"":null,""rsrp"":-78,""rsrq"":-10,""rssi"":-51,""snr"":null,""ta"":0,""level"":4,""bands"":""1""},{""type"":""LTE"",""pci"":240,""earfcn"":100,""tac"":null,""rsrp"":-82,""rsrq"":-14,""rssi"":-57,""snr"":null,""ta"":0,""level"":4,""bands"":""1""},{""type"":""LTE"",""pci"":56,""earfcn"":100,""tac"":null,""rsrp"":-85,""rsrq"":-17,""rssi"":-57,""snr"":null,""ta"":0,""level"":4,""bands"":""1""},{""type"":""LTE"",""pci"":240,""earfcn"":3050,""tac"":null,""rsrp"":-89,""rsrq"":-15,""rssi"":-65,""snr"":null,""ta"":0,""level"":3,""bands"":""7""},{""type"":""LTE"",""pci"":45,""earfcn"":2600,""tac"":null,""rsrp"":-89,""rsrq"":-19,""rssi"":-61,""snr"":null,""ta"":0,""level"":3,""bands"":""5""},{""type"":""LTE"",""pci"":390,""earfcn"":2600,""tac"":null,""rsrp"":-91,""rsrq"":-20,""rssi"":-57,""snr"":null,""ta"":0,""level"":3,""bands"":""5""},{""type"":""LTE"",""pci"":45,""earfcn"":3050,""tac"":null,""rsrp"":-93,""rsrq"":-19,""rssi"":-63,""snr"":null,""ta"":0,""level"":3,""bands"":""7""}]",1009.02844,56,0.524,0.524,85,10,,,,"[{""b"":""1c:ec:72:6b:e7:11"",""s"":""Public WiFi Secure"",""r"":-43,""f"":2412},{""b"":""26:ec:72:6b:e7:11"",""s"":""SEOUL_Secure"",""r"":-44,""f"":2412},{""b"":""22:ec:72:6b:e7:11"",""s"":""Public WiFi Free"",""r"":-45,""f"":2412},{""b"":""1c:ec:72:6b:e7:10"",""s"":""Public WiFi Secure"",""r"":-49,""f"":5640},{""b"":""22:ec:72:6b:e7:10"",""s"":""Public WiFi Free"",""r"":-49,""f"":5640},{""b"":""26:ec:72:6b:e7:10"",""s"":""SEOUL_Secure"",""r"":-50,""f"":5640},{""b"":""90:de:80:60:66:13"",""s"":""GNET_BB_CATCHON_3WAY_606613"",""r"":-61,""f"":2457},{""b"":""70:5d:cc:a7:32:0e"",""s"":""원조순대국"",""r"":-62,""f"":2417},{""b"":""d0:be:2c:2d:a6:34"",""s"":""MOOVING"",""r"":-66,""f"":2472},{""b"":""80:ca:4b:6a:01:d6"",""s"":""U+Net01D4"",""r"":-67,""f"":2457},{""b"":""1c:ec:72:15:ea:cc"",""s"":""KT_GiGA_EAC9"",""r"":-68,""f"":2447},{""b"":""28:4e:e9:c5:ec:e5"",""s"":""SK_ECE2_2.4G"",""r"":-68,""f"":2457},{""b"":""24:d1:3f:17:1e:fb"",""s"":""CY-KD-DTG"",""r"":-69,""f"":2412},{""b"":""2e:4e:e9:c5:ec:e5"",""s"":"""",""r"":-70,""f"":2457},{""b"":""90:9f:33:d2:b0:c6"",""s"":""Grace"",""r"":-70,""f"":2422}]",""
1790677331230,2026-09-29 19:22:11,car,37.5403338,127.0943066,9.994,0.0,,43.70000076293945,fused,0,LTE,NR_NSA,5G,true,false,true,false,false,50956032,240,3050,7,8223,450,06,-78,-8,-51,,4,0,,,,1931,63426,0.0154,0.5074,1912,63406,0.0153,0.5072,false,7,0,7,-74,240,100,0.09680951,true,false,periodic,0,2,,,5003,50958103,-84,-10,"[{""type"":""LTE"",""pci"":240,""earfcn"":100,""tac"":null,""rsrp"":-74,""rsrq"":-9,""rssi"":-55,""snr"":null,""ta"":0,""level"":4,""bands"":""1""},{""type"":""LTE"",""pci"":240,""earfcn"":2600,""tac"":null,""rsrp"":-75,""rsrq"":-13,""rssi"":-53,""snr"":null,""ta"":0,""level"":4,""bands"":""5""},{""type"":""LTE"",""pci"":56,""earfcn"":2600,""tac"":null,""rsrp"":-82,""rsrq"":-16,""rssi"":-53,""snr"":null,""ta"":0,""level"":4,""bands"":""5""},{""type"":""LTE"",""pci"":56,""earfcn"":100,""tac"":null,""rsrp"":-83,""rsrq"":-16,""rssi"":-57,""snr"":null,""ta"":0,""level"":4,""bands"":""1""},{""type"":""LTE"",""pci"":263,""earfcn"":2600,""tac"":null,""rsrp"":-84,""rsrq"":-20,""rssi"":-53,""snr"":null,""ta"":0,""level"":4,""bands"":""5""},{""type"":""LTE"",""pci"":470,""earfcn"":100,""tac"":null,""rsrp"":-85,""rsrq"":-15,""rssi"":-55,""snr"":null,""ta"":0,""level"":4,""bands"":""1""},{""type"":""LTE"",""pci"":56,""earfcn"":3050,""tac"":null,""rsrp"":-92,""rsrq"":-20,""rssi"":-61,""snr"":null,""ta"":0,""level"":3,""bands"":""7""}]",1009.0567,52,0.459,0.459,50,1,,,,"[{""b"":""22:ec:72:6b:e7:11"",""s"":""Public WiFi Free"",""r"":-41,""f"":2412},{""b"":""1c:ec:72:6b:e7:11"",""s"":""Public WiFi Secure"",""r"":-42,""f"":2412},{""b"":""26:ec:72:6b:e7:10"",""s"":""SEOUL_Secure"",""r"":-45,""f"":5640},{""b"":""1c:ec:72:6b:e7:10"",""s"":""Public WiFi Secure"",""r"":-45,""f"":5640},{""b"":""22:ec:72:6b:e7:10"",""s"":""Public WiFi Free"",""r"":-45,""f"":5640},{""b"":""58:86:94:da:93:18"",""s"":""hanwool"",""r"":-66,""f"":2447},{""b"":""08:5d:dd:9a:5c:42"",""s"":""gogogi"",""r"":-67,""f"":2442},{""b"":""12:96:cd:af:9b:cd"",""s"":"""",""r"":-68,""f"":2432},{""b"":""ca:dd:6a:05:0b:c9"",""s"":""[LG_CeilingCassette A\/C]0bc9"",""r"":-68,""f"":2462},{""b"":""0c:96:cd:af:9b:cd"",""s"":""SK_WiFiGIGA9BCA_2.4G"",""r"":-70,""f"":2432},{""b"":""cc:b8:5e:2d:4b:a6"",""s"":""4FACT_N1_2d4ba6"",""r"":-70,""f"":2422},{""b"":""1e:39:29:fd:6f:9f"",""s"":""[LG_CeilingCassette A\/C]6f9f"",""r"":-72,""f"":2462},{""b"":""5a:86:94:ca:94:90"",""s"":""hanwool"",""r"":-72,""f"":5785},{""b"":""ac:f1:08:5b:ae:82"",""s"":""AT_401_PAC_910604_WW_ae82"",""r"":-73,""f"":2462},{""b"":""58:86:94:af:19:80"",""s"":""telecop"",""r"":-74,""f"":2447}]","[{""type"":""LTE"",""pci"":56,""earfcn"":2600,""tac"":null,""rsrp"":-76,""rsrq"":-13,""rssi"":-51,""snr"":null,""ta"":0,""level"":4,""bands"":""5""},{""type"":""LTE"",""pci"":240,""earfcn"":2600,""tac"":null,""rsrp"":-78,""rsrq"":-16,""rssi"":-51,""snr"":null,""ta"":0,""level"":4,""bands"":""5""},{""type"":""LTE"",""pci"":263,""earfcn"":2600,""tac"":null,""rsrp"":-78,""rsrq"":-14,""rssi"":-51,""snr"":null,""ta"":0,""level"":4,""bands"":""5""},{""type"":""LTE"",""pci"":263,""earfcn"":100,""tac"":null,""rsrp"":-78,""rsrq"":-10,""rssi"":-51,""snr"":null,""ta"":0,""level"":4,""bands"":""1""},{""type"":""LTE"",""pci"":240,""earfcn"":100,""tac"":null,""rsrp"":-82,""rsrq"":-14,""rssi"":-57,""snr"":null,""ta"":0,""level"":4,""bands"":""1""},{""type"":""LTE"",""pci"":56,""earfcn"":100,""tac"":null,""rsrp"":-85,""rsrq"":-17,""rssi"":-57,""snr"":null,""ta"":0,""level"":4,""bands"":""1""},{""type"":""LTE"",""pci"":240,""earfcn"":3050,""tac"":null,""rsrp"":-89,""rsrq"":-15,""rssi"":-65,""snr"":null,""ta"":0,""level"":3,""bands"":""7""},{""type"":""LTE"",""pci"":45,""earfcn"":2600,""tac"":null,""rsrp"":-89,""rsrq"":-19,""rssi"":-61,""snr"":null,""ta"":0,""level"":3,""bands"":""5""},{""type"":""LTE"",""pci"":390,""earfcn"":2600,""tac"":null,""rsrp"":-91,""rsrq"":-20,""rssi"":-57,""snr"":null,""ta"":0,""level"":3,""bands"":""5""},{""type"":""LTE"",""pci"":45,""earfcn"":3050,""tac"":null,""rsrp"":-93,""rsrq"":-19,""rssi"":-63,""snr"":null,""ta"":0,""level"":3,""bands"":""7""}]"
1790677336258,2026-09-29 19:22:16,car,37.5403359,127.0943041,10.068,0.0,,43.70000076293945,fused,1,LTE,NR_NSA,5G,true,false,true,false,false,50956032,240,3050,7,8223,450,06,-78,-8,-51,,4,0,,,,1975,65129,0.0158,0.5210,1955,65109,0.0156,0.5209,false,7,0,7,-74,240,100,0.18367131,false,false,periodic,5,2,0,,10030,,,,"[{""type"":""LTE"",""pci"":240,""earfcn"":100,""tac"":null,""rsrp"":-74,""rsrq"":-9,""rssi"":-55,""snr"":null,""ta"":0,""level"":4,""bands"":""1""},{""type"":""LTE"",""pci"":240,""earfcn"":2600,""tac"":null,""rsrp"":-75,""rsrq"":-13,""rssi"":-53,""snr"":null,""ta"":0,""level"":4,""bands"":""5""},{""type"":""LTE"",""pci"":56,""earfcn"":2600,""tac"":null,""rsrp"":-82,""rsrq"":-16,""rssi"":-53,""snr"":null,""ta"":0,""level"":4,""bands"":""5""},{""type"":""LTE"",""pci"":56,""earfcn"":100,""tac"":null,""rsrp"":-83,""rsrq"":-16,""rssi"":-57,""snr"":null,""ta"":0,""level"":4,""bands"":""1""},{""type"":""LTE"",""pci"":263,""earfcn"":2600,""tac"":null,""rsrp"":-84,""rsrq"":-20,""rssi"":-53,""snr"":null,""ta"":0,""level"":4,""bands"":""5""},{""type"":""LTE"",""pci"":470,""earfcn"":100,""tac"":null,""rsrp"":-85,""rsrq"":-15,""rssi"":-55,""snr"":null,""ta"":0,""level"":4,""bands"":""1""},{""type"":""LTE"",""pci"":56,""earfcn"":3050,""tac"":null,""rsrp"":-92,""rsrq"":-20,""rssi"":-61,""snr"":null,""ta"":0,""level"":3,""bands"":""7""}]",1009.025,54,0.459,0.459,62,3,,,,"[{""b"":""26:ec:72:6b:e7:11"",""s"":""SEOUL_Secure"",""r"":-44,""f"":2412},{""b"":""22:ec:72:6b:e7:11"",""s"":""Public WiFi Free"",""r"":-44,""f"":2412},{""b"":""26:ec:72:6b:e7:10"",""s"":""SEOUL_Secure"",""r"":-49,""f"":5640},{""b"":""22:ec:72:6b:e7:10"",""s"":""Public WiFi Free"",""r"":-49,""f"":5640},{""b"":""1c:ec:72:6b:e7:10"",""s"":""Public WiFi Secure"",""r"":-50,""f"":5640},{""b"":""5a:86:94:ca:94:90"",""s"":""hanwool"",""r"":-64,""f"":5785},{""b"":""1e:ec:72:6b:e7:0f"",""s"":""Public WiFi Secure"",""r"":-67,""f"":6115},{""b"":""1e:ec:72:6b:e7:00"",""s"":""Public WiFi Free"",""r"":-67,""f"":6115},{""b"":""1e:ec:72:6b:e7:01"",""s"":""SEOUL_Secure"",""r"":-67,""f"":6115},{""b"":""ca:dd:6a:02:db:d3"",""s"":""[LG_CeilingCassette A\/C]dbd3"",""r"":-70,""f"":2462},{""b"":""ac:f1:08:5b:ae:82"",""s"":""AT_401_PAC_910604_WW_ae82"",""r"":-70,""f"":2462},{""b"":""b0:38:6c:05:af:14"",""s"":""hi_order_2G_0044_1"",""r"":-72,""f"":2452},{""b"":""ca:dd:6a:05:0b:c9"",""s"":""[LG_CeilingCassette A\/C]0bc9"",""r"":-72,""f"":2462},{""b"":""88:3c:1c:6e:30:48"",""s"":""U+Net3049"",""r"":-73,""f"":2412},{""b"":""42:23:aa:61:ee:2d"",""s"":""SK_WiFiGIGAEE2E_2.4G"",""r"":-73,""f"":2452}]",""
1790677341285,2026-09-29 19:22:21,car,37.5403365,127.0943043,10.287,0.0,,43.70000076293945,fused,0,LTE,NR_NSA,5G,true,false,true,false,false,50956032,240,3050,7,8223,450,06,-78,-9,-51,,4,0,,,,3913,67231,0.0313,0.5378,3873,67191,0.0310,0.5375,false,10,0,10,-74,240,2600,8.798551E-5,false,false,periodic,10,1,0,,5003,,,,"[{""type"":""LTE"",""pci"":240,""earfcn"":2600,""tac"":null,""rsrp"":-74,""rsrq"":-12,""rssi"":-53,""snr"":null,""ta"":0,""level"":4,""bands"":""5""},{""type"":""LTE"",""pci"":240,""earfcn"":100,""tac"":null,""rsrp"":-76,""rsrq"":-12,""rssi"":-51,""snr"":null,""ta"":0,""level"":4,""bands"":""1""},{""type"":""LTE"",""pci"":56,""earfcn"":2600,""tac"":null,""rsrp"":-79,""rsrq"":-17,""rssi"":-53,""snr"":null,""ta"":0,""level"":4,""bands"":""5""},{""type"":""LTE"",""pci"":50,""earfcn"":2600,""tac"":null,""rsrp"":-82,""rsrq"":-20,""rssi"":-51,""snr"":null,""ta"":0,""level"":4,""bands"":""5""},{""type"":""LTE"",""pci"":470,""earfcn"":100,""tac"":null,""rsrp"":-83,""rsrq"":-16,""rssi"":-51,""snr"":null,""ta"":0,""level"":4,""bands"":""1""},{""type"":""LTE"",""pci"":45,""earfcn"":3050,""tac"":null,""rsrp"":-88,""rsrq"":-17,""rssi"":-61,""snr"":null,""ta"":0,""level"":3,""bands"":""7""},{""type"":""LTE"",""pci"":56,""earfcn"":100,""tac"":null,""rsrp"":-88,""rsrq"":-17,""rssi"":-57,""snr"":null,""ta"":0,""level"":3,""bands"":""1""},{""type"":""LTE"",""pci"":56,""earfcn"":3050,""tac"":null,""rsrp"":-90,""rsrq"":-18,""rssi"":-59,""snr"":null,""ta"":0,""level"":3,""bands"":""7""},{""type"":""LTE"",""pci"":263,""earfcn"":2600,""tac"":null,""rsrp"":-91,""rsrq"":-20,""rssi"":-57,""snr"":null,""ta"":0,""level"":3,""bands"":""5""},{""type"":""LTE"",""pci"":50,""earfcn"":3050,""tac"":null,""rsrp"":-92,""rsrq"":-20,""rssi"":-59,""snr"":null,""ta"":0,""level"":3,""bands"":""7""}]",1009.0535,54,0.459,0.459,62,8,,,,"[{""b"":""26:ec:72:6b:e7:11"",""s"":""SEOUL_Secure"",""r"":-44,""f"":2412},{""b"":""22:ec:72:6b:e7:11"",""s"":""Public WiFi Free"",""r"":-44,""f"":2412},{""b"":""26:ec:72:6b:e7:10"",""s"":""SEOUL_Secure"",""r"":-49,""f"":5640},{""b"":""22:ec:72:6b:e7:10"",""s"":""Public WiFi Free"",""r"":-49,""f"":5640},{""b"":""1c:ec:72:6b:e7:10"",""s"":""Public WiFi Secure"",""r"":-50,""f"":5640},{""b"":""5a:86:94:ca:94:90"",""s"":""hanwool"",""r"":-64,""f"":5785},{""b"":""1e:ec:72:6b:e7:0f"",""s"":""Public WiFi Secure"",""r"":-67,""f"":6115},{""b"":""1e:ec:72:6b:e7:00"",""s"":""Public WiFi Free"",""r"":-67,""f"":6115},{""b"":""1e:ec:72:6b:e7:01"",""s"":""SEOUL_Secure"",""r"":-67,""f"":6115},{""b"":""ca:dd:6a:02:db:d3"",""s"":""[LG_CeilingCassette A\/C]dbd3"",""r"":-70,""f"":2462},{""b"":""ac:f1:08:5b:ae:82"",""s"":""AT_401_PAC_910604_WW_ae82"",""r"":-70,""f"":2462},{""b"":""b0:38:6c:05:af:14"",""s"":""hi_order_2G_0044_1"",""r"":-72,""f"":2452},{""b"":""ca:dd:6a:05:0b:c9"",""s"":""[LG_CeilingCassette A\/C]0bc9"",""r"":-72,""f"":2462},{""b"":""88:3c:1c:6e:30:48"",""s"":""U+Net3049"",""r"":-73,""f"":2412},{""b"":""42:23:aa:61:ee:2d"",""s"":""SK_WiFiGIGAEE2E_2.4G"",""r"":-73,""f"":2452}]",""
1790677346315,2026-09-29 19:22:26,car,37.5403372,127.0943036,9.935,0.0,,44.5,fused,1,LTE,NR_NSA,5G,true,false,true,false,false,50956032,240,3050,7,8223,450,06,-78,-9,-51,,4,0,,,,2245,65433,0.0180,0.5235,2225,65413,0.0178,0.5233,false,10,0,10,-74,240,2600,4.079942E-8,false,false,periodic,15,1,0,,10033,,,,"[{""type"":""LTE"",""pci"":240,""earfcn"":2600,""tac"":null,""rsrp"":-74,""rsrq"":-12,""rssi"":-53,""snr"":null,""ta"":0,""level"":4,""bands"":""5""},{""type"":""LTE"",""pci"":240,""earfcn"":100,""tac"":null,""rsrp"":-76,""rsrq"":-12,""rssi"":-51,""snr"":null,""ta"":0,""level"":4,""bands"":""1""},{""type"":""LTE"",""pci"":56,""earfcn"":2600,""tac"":null,""rsrp"":-79,""rsrq"":-17,""rssi"":-53,""snr"":null,""ta"":0,""level"":4,""bands"":""5""},{""type"":""LTE"",""pci"":50,""earfcn"":2600,""tac"":null,""rsrp"":-82,""rsrq"":-20,""rssi"":-51,""snr"":null,""ta"":0,""level"":4,""bands"":""5""},{""type"":""LTE"",""pci"":470,""earfcn"":100,""tac"":null,""rsrp"":-83,""rsrq"":-16,""rssi"":-51,""snr"":null,""ta"":0,""level"":4,""bands"":""1""},{""type"":""LTE"",""pci"":45,""earfcn"":3050,""tac"":null,""rsrp"":-88,""rsrq"":-17,""rssi"":-61,""snr"":null,""ta"":0,""level"":3,""bands"":""7""},{""type"":""LTE"",""pci"":56,""earfcn"":100,""tac"":null,""rsrp"":-88,""rsrq"":-17,""rssi"":-57,""snr"":null,""ta"":0,""level"":3,""bands"":""1""},{""type"":""LTE"",""pci"":56,""earfcn"":3050,""tac"":null,""rsrp"":-90,""rsrq"":-18,""rssi"":-59,""snr"":null,""ta"":0,""level"":3,""bands"":""7""},{""type"":""LTE"",""pci"":263,""earfcn"":2600,""tac"":null,""rsrp"":-91,""rsrq"":-20,""rssi"":-57,""snr"":null,""ta"":0,""level"":3,""bands"":""5""},{""type"":""LTE"",""pci"":50,""earfcn"":3050,""tac"":null,""rsrp"":-92,""rsrq"":-20,""rssi"":-59,""snr"":null,""ta"":0,""level"":3,""bands"":""7""}]",1009.04926,53,0.459,0.459,38,5,,,,"[{""b"":""26:ec:72:6b:e7:11"",""s"":""SEOUL_Secure"",""r"":-44,""f"":2412},{""b"":""22:ec:72:6b:e7:11"",""s"":""Public WiFi Free"",""r"":-45,""f"":2412},{""b"":""26:ec:72:6b:e7:10"",""s"":""SEOUL_Secure"",""r"":-48,""f"":5640},{""b"":""1c:ec:72:6b:e7:10"",""s"":""Public WiFi Secure"",""r"":-48,""f"":5640},{""b"":""22:ec:72:6b:e7:10"",""s"":""Public WiFi Free"",""r"":-48,""f"":5640},{""b"":""70:5d:cc:bb:f4:36"",""s"":""korea7-11872"",""r"":-64,""f"":2432},{""b"":""58:86:94:da:94:90"",""s"":""hanwool"",""r"":-68,""f"":2422},{""b"":""cc:28:aa:93:d3:b0"",""s"":""GtopDent02"",""r"":-69,""f"":2457},{""b"":""ca:dd:6a:05:0b:c9"",""s"":""[LG_CeilingCassette A\/C]0bc9"",""r"":-71,""f"":2462},{""b"":""08:5d:dd:c8:ab:e9"",""s"":""olleh_WiFi_ABE5"",""r"":-74,""f"":2427},{""b"":""5a:86:94:ca:94:90"",""s"":""hanwool"",""r"":-75,""f"":5785},{""b"":""ca:dd:6a:39:4a:e1"",""s"":""[LG_CeilingCassette A\/C]4ae1"",""r"":-75,""f"":2462},{""b"":""28:4e:e9:65:e5:b0"",""s"":""KT_GiGA_E5AC"",""r"":-76,""f"":2447},{""b"":""0a:29:d5:d9:50:20"",""s"":""Public WiFi Secure"",""r"":-79,""f"":5560},{""b"":""0a:29:d5:d9:50:21"",""s"":""Public WiFi Free"",""r"":-80,""f"":5560}]",""
1790677351341,2026-09-29 19:22:31,car,37.5403384,127.0943014,9.935,0.0,,44.5,fused,0,LTE,NR_NSA,5G,true,false,true,false,false,50956032,240,3050,7,8223,450,06,-78,-9,-51,,4,1,,,,1259489,66060,10.0759,0.5285,1259469,66040,10.0758,0.5283,false,7,0,7,-74,240,2600,0.10144392,false,false,periodic,20,1,0,,5001,,,,"[{""type"":""LTE"",""pci"":240,""earfcn"":2600,""tac"":null,""rsrp"":-74,""rsrq"":-12,""rssi"":-53,""snr"":null,""ta"":1,""level"":4,""bands"":""5""},{""type"":""LTE"",""pci"":240,""earfcn"":100,""tac"":null,""rsrp"":-78,""rsrq"":-12,""rssi"":-55,""snr"":null,""ta"":1,""level"":4,""bands"":""1""},{""type"":""LTE"",""pci"":56,""earfcn"":2600,""tac"":null,""rsrp"":-82,""rsrq"":-20,""rssi"":-53,""snr"":null,""ta"":1,""level"":4,""bands"":""5""},{""type"":""LTE"",""pci"":50,""earfcn"":2600,""tac"":null,""rsrp"":-83,""rsrq"":-20,""rssi"":-51,""snr"":null,""ta"":1,""level"":4,""bands"":""5""},{""type"":""LTE"",""pci"":470,""earfcn"":100,""tac"":null,""rsrp"":-84,""rsrq"":-16,""rssi"":-55,""snr"":null,""ta"":1,""level"":4,""bands"":""1""},{""type"":""LTE"",""pci"":56,""earfcn"":100,""tac"":null,""rsrp"":-87,""rsrq"":-17,""rssi"":-55,""snr"":null,""ta"":1,""level"":3,""bands"":""1""},{""type"":""LTE"",""pci"":56,""earfcn"":3050,""tac"":null,""rsrp"":-92,""rsrq"":-18,""rssi"":-59,""snr"":null,""ta"":1,""level"":3,""bands"":""7""}]",1009.0646,56,0.397,0.524,50,3,,,,"[{""b"":""22:ec:72:6b:e7:11"",""s"":""Public WiFi Free"",""r"":-46,""f"":2412},{""b"":""26:ec:72:6b:e7:10"",""s"":""SEOUL_Secure"",""r"":-47,""f"":5640},{""b"":""1c:ec:72:6b:e7:11"",""s"":""Public WiFi Secure"",""r"":-47,""f"":2412},{""b"":""1c:ec:72:6b:e7:10"",""s"":""Public WiFi Secure"",""r"":-47,""f"":5640},{""b"":""22:ec:72:6b:e7:10"",""s"":""Public WiFi Free"",""r"":-47,""f"":5640},{""b"":""70:5d:cc:bb:f4:36"",""s"":""korea7-11872"",""r"":-60,""f"":2432},{""b"":""5a:86:94:ca:94:90"",""s"":""hanwool"",""r"":-61,""f"":5785},{""b"":""58:86:94:da:94:90"",""s"":""hanwool"",""r"":-66,""f"":2422},{""b"":""ca:dd:6a:05:0b:c9"",""s"":""[LG_CeilingCassette A\/C]0bc9"",""r"":-66,""f"":2462},{""b"":""58:86:94:da:93:18"",""s"":""hanwool"",""r"":-67,""f"":2447},{""b"":""cc:28:aa:93:d3:b0"",""s"":""GtopDent02"",""r"":-69,""f"":2457},{""b"":""42:23:aa:61:ee:2d"",""s"":""SK_WiFiGIGAEE2E_2.4G"",""r"":-70,""f"":2452},{""b"":""50:46:ae:79:0e:bf"",""s"":""KT_GiGA_0EBB"",""r"":-70,""f"":2447},{""b"":""42:23:aa:be:7d:7a"",""s"":""SK_WiFiGIGA7D78_2.4G"",""r"":-72,""f"":2412},{""b"":""0a:29:d5:d9:50:20"",""s"":""Public WiFi Secure"",""r"":-73,""f"":5560}]",""
1790677356364,2026-09-29 19:22:36,car,37.5403384,127.0943013,9.935,0.0,,44.5,fused,1,LTE,NR_NSA,5G,true,false,true,false,false,50956032,240,3050,7,8223,450,06,-78,-9,-51,,4,1,,,,1948,63501,0.0156,0.5080,1928,63481,0.0154,0.5078,false,7,0,7,-74,240,2600,4.859551E-5,false,false,periodic,25,1,0,,10025,,,,"[{""type"":""LTE"",""pci"":240,""earfcn"":2600,""tac"":null,""rsrp"":-74,""rsrq"":-12,""rssi"":-53,""snr"":null,""ta"":1,""level"":4,""bands"":""5""},{""type"":""LTE"",""pci"":240,""earfcn"":100,""tac"":null,""rsrp"":-78,""rsrq"":-12,""rssi"":-55,""snr"":null,""ta"":1,""level"":4,""bands"":""1""},{""type"":""LTE"",""pci"":56,""earfcn"":2600,""tac"":null,""rsrp"":-82,""rsrq"":-20,""rssi"":-53,""snr"":null,""ta"":1,""level"":4,""bands"":""5""},{""type"":""LTE"",""pci"":50,""earfcn"":2600,""tac"":null,""rsrp"":-83,""rsrq"":-20,""rssi"":-51,""snr"":null,""ta"":1,""level"":4,""bands"":""5""},{""type"":""LTE"",""pci"":470,""earfcn"":100,""tac"":null,""rsrp"":-84,""rsrq"":-16,""rssi"":-55,""snr"":null,""ta"":1,""level"":4,""bands"":""1""},{""type"":""LTE"",""pci"":56,""earfcn"":100,""tac"":null,""rsrp"":-87,""rsrq"":-17,""rssi"":-55,""snr"":null,""ta"":1,""level"":3,""bands"":""1""},{""type"":""LTE"",""pci"":56,""earfcn"":3050,""tac"":null,""rsrp"":-92,""rsrq"":-18,""rssi"":-59,""snr"":null,""ta"":1,""level"":3,""bands"":""7""}]",1009.0552,54,0.459,0.459,56,1,,,,"[{""b"":""26:ec:72:6b:e7:11"",""s"":""SEOUL_Secure"",""r"":-45,""f"":2412},{""b"":""1c:ec:72:6b:e7:11"",""s"":""Public WiFi Secure"",""r"":-45,""f"":2412},{""b"":""22:ec:72:6b:e7:11"",""s"":""Public WiFi Free"",""r"":-46,""f"":2412},{""b"":""26:ec:72:6b:e7:10"",""s"":""SEOUL_Secure"",""r"":-48,""f"":5640},{""b"":""1c:ec:72:6b:e7:10"",""s"":""Public WiFi Secure"",""r"":-49,""f"":5640},{""b"":""22:ec:72:6b:e7:10"",""s"":""Public WiFi Free"",""r"":-49,""f"":5640},{""b"":""5a:86:94:da:94:90"",""s"":"""",""r"":-66,""f"":5785},{""b"":""5a:86:94:ca:94:90"",""s"":""hanwool"",""r"":-66,""f"":5785},{""b"":""34:fc:99:16:e4:99"",""s"":""[system a\/c]_E30AJT0233763Z"",""r"":-71,""f"":2412},{""b"":""18:c5:01:25:39:7e"",""s"":""U+Net397C"",""r"":-71,""f"":2447},{""b"":""ca:dd:6a:05:0b:c9"",""s"":""[LG_CeilingCassette A\/C]0bc9"",""r"":-72,""f"":2462},{""b"":""b0:38:6c:05:af:14"",""s"":""hi_order_2G_0044_1"",""r"":-73,""f"":2452},{""b"":""06:29:d5:d9:50:20"",""s"":""Public WiFi Secure"",""r"":-74,""f"":2437},{""b"":""0c:96:cd:af:9b:cd"",""s"":""SK_WiFiGIGA9BCA_2.4G"",""r"":-74,""f"":2432},{""b"":""42:23:aa:61:ee:2d"",""s"":""SK_WiFiGIGAEE2E_2.4G"",""r"":-75,""f"":2452}]",""
1790677361386,2026-09-29 19:22:41,car,37.5403376,127.0943021,9.935,0.0,,45.39999771118164,fused,0,LTE,NR_NSA,5G,true,false,true,false,false,50956032,240,3050,7,8223,450,06,-76,-8,-51,,4,0,,,,2112,65227,0.0169,0.5218,2072,65187,0.0166,0.5215,false,7,0,7,-74,240,2600,0.024240648,false,false,periodic,30,0,2,,5003,,,,"[{""type"":""LTE"",""pci"":240,""earfcn"":2600,""tac"":null,""rsrp"":-74,""rsrq"":-9,""rssi"":-55,""snr"":null,""ta"":0,""level"":4,""bands"":""5""},{""type"":""LTE"",""pci"":240,""earfcn"":100,""tac"":null,""rsrp"":-75,""rsrq"":-9,""rssi"":-55,""snr"":null,""ta"":0,""level"":4,""bands"":""1""},{""type"":""LTE"",""pci"":56,""earfcn"":100,""tac"":null,""rsrp"":-80,""rsrq"":-16,""rssi"":-51,""snr"":null,""ta"":0,""level"":4,""bands"":""1""},{""type"":""LTE"",""pci"":470,""earfcn"":100,""tac"":null,""rsrp"":-81,""rsrq"":-15,""rssi"":-55,""snr"":null,""ta"":0,""level"":4,""bands"":""1""},{""type"":""LTE"",""pci"":50,""earfcn"":3050,""tac"":null,""rsrp"":-83,""rsrq"":-17,""rssi"":-55,""snr"":null,""ta"":0,""level"":4,""bands"":""7""},{""type"":""LTE"",""pci"":56,""earfcn"":2600,""tac"":null,""rsrp"":-84,""rsrq"":-19,""rssi"":-55,""snr"":null,""ta"":0,""level"":4,""bands"":""5""},{""type"":""LTE"",""pci"":56,""earfcn"":3050,""tac"":null,""rsrp"":-92,""rsrq"":-19,""rssi"":-59,""snr"":null,""ta"":0,""level"":3,""bands"":""7""}]",1009.12976,75,0.524,0.459,56,6,,,,"[{""b"":""26:ec:72:6b:e7:11"",""s"":""SEOUL_Secure"",""r"":-45,""f"":2412},{""b"":""1c:ec:72:6b:e7:11"",""s"":""Public WiFi Secure"",""r"":-45,""f"":2412},{""b"":""22:ec:72:6b:e7:11"",""s"":""Public WiFi Free"",""r"":-46,""f"":2412},{""b"":""26:ec:72:6b:e7:10"",""s"":""SEOUL_Secure"",""r"":-48,""f"":5640},{""b"":""1c:ec:72:6b:e7:10"",""s"":""Public WiFi Secure"",""r"":-49,""f"":5640},{""b"":""22:ec:72:6b:e7:10"",""s"":""Public WiFi Free"",""r"":-49,""f"":5640},{""b"":""5a:86:94:da:94:90"",""s"":"""",""r"":-66,""f"":5785},{""b"":""5a:86:94:ca:94:90"",""s"":""hanwool"",""r"":-66,""f"":5785},{""b"":""34:fc:99:16:e4:99"",""s"":""[system a\/c]_E30AJT0233763Z"",""r"":-71,""f"":2412},{""b"":""18:c5:01:25:39:7e"",""s"":""U+Net397C"",""r"":-71,""f"":2447},{""b"":""ca:dd:6a:05:0b:c9"",""s"":""[LG_CeilingCassette A\/C]0bc9"",""r"":-72,""f"":2462},{""b"":""b0:38:6c:05:af:14"",""s"":""hi_order_2G_0044_1"",""r"":-73,""f"":2452},{""b"":""06:29:d5:d9:50:20"",""s"":""Public WiFi Secure"",""r"":-74,""f"":2437},{""b"":""0c:96:cd:af:9b:cd"",""s"":""SK_WiFiGIGA9BCA_2.4G"",""r"":-74,""f"":2432},{""b"":""42:23:aa:61:ee:2d"",""s"":""SK_WiFiGIGAEE2E_2.4G"",""r"":-75,""f"":2452}]",""
1790677366409,2026-09-29 19:22:46,car,37.5402709,127.0941878,9.935,5.16,231.0,45.39999771118164,fused,1,LTE,NR_NSA,5G,true,false,true,false,false,50956032,240,3050,7,8223,450,06,-76,-8,-51,,4,0,,,,1934,65194,0.0155,0.5216,1914,65174,0.0153,0.5214,false,7,0,7,-74,240,2600,5.16,false,false,periodic,35,0,0,,10024,,,,"[{""type"":""LTE"",""pci"":240,""earfcn"":2600,""tac"":null,""rsrp"":-74,""rsrq"":-9,""rssi"":-55,""snr"":null,""ta"":0,""level"":4,""bands"":""5""},{""type"":""LTE"",""pci"":240,""earfcn"":100,""tac"":null,""rsrp"":-75,""rsrq"":-9,""rssi"":-55,""snr"":null,""ta"":0,""level"":4,""bands"":""1""},{""type"":""LTE"",""pci"":56,""earfcn"":100,""tac"":null,""rsrp"":-80,""rsrq"":-16,""rssi"":-51,""snr"":null,""ta"":0,""level"":4,""bands"":""1""},{""type"":""LTE"",""pci"":470,""earfcn"":100,""tac"":null,""rsrp"":-81,""rsrq"":-15,""rssi"":-55,""snr"":null,""ta"":0,""level"":4,""bands"":""1""},{""type"":""LTE"",""pci"":50,""earfcn"":3050,""tac"":null,""rsrp"":-83,""rsrq"":-17,""rssi"":-55,""snr"":null,""ta"":0,""level"":4,""bands"":""7""},{""type"":""LTE"",""pci"":56,""earfcn"":2600,""tac"":null,""rsrp"":-84,""rsrq"":-19,""rssi"":-55,""snr"":null,""ta"":0,""level"":4,""bands"":""5""},{""type"":""LTE"",""pci"":56,""earfcn"":3050,""tac"":null,""rsrp"":-92,""rsrq"":-19,""rssi"":-59,""snr"":null,""ta"":0,""level"":3,""bands"":""7""}]",1009.04626,57,0.524,0.459,59,1,,,,"[{""b"":""1c:ec:72:6b:e7:11"",""s"":""Public WiFi Secure"",""r"":-45,""f"":2412},{""b"":""22:ec:72:6b:e7:11"",""s"":""Public WiFi Free"",""r"":-45,""f"":2412},{""b"":""1c:ec:72:6b:e7:10"",""s"":""Public WiFi Secure"",""r"":-46,""f"":5640},{""b"":""26:ec:72:6b:e7:10"",""s"":""SEOUL_Secure"",""r"":-47,""f"":5640},{""b"":""22:ec:72:6b:e7:10"",""s"":""Public WiFi Free"",""r"":-47,""f"":5640},{""b"":""0c:96:cd:dd:f6:d1"",""s"":""KT_GiGA_F6CD"",""r"":-65,""f"":2427},{""b"":""5a:86:94:ca:94:90"",""s"":""hanwool"",""r"":-66,""f"":5785},{""b"":""1e:ec:72:6b:e7:0f"",""s"":""Public WiFi Secure"",""r"":-69,""f"":6115},{""b"":""1e:ec:72:6b:e7:00"",""s"":""Public WiFi Free"",""r"":-69,""f"":6115},{""b"":""1e:ec:72:6b:e7:01"",""s"":""SEOUL_Secure"",""r"":-69,""f"":6115},{""b"":""42:23:aa:be:7d:7a"",""s"":""SK_WiFiGIGA7D78_2.4G"",""r"":-69,""f"":2412},{""b"":""12:23:aa:be:7d:7a"",""s"":"""",""r"":-69,""f"":2412},{""b"":""00:23:aa:be:7d:7a"",""s"":""SK_WiFiGIGA7D78"",""r"":-69,""f"":2412},{""b"":""ca:dd:6a:05:0b:c9"",""s"":""[LG_CeilingCassette A\/C]0bc9"",""r"":-71,""f"":2462},{""b"":""28:4e:e9:65:e5:b0"",""s"":""KT_GiGA_E5AC"",""r"":-73,""f"":2447}]",""
1790677371436,2026-09-29 19:22:51,car,37.5400315,127.0937892,9.935,8.35,232.0,45.39999771118164,fused,0,LTE,NR_NSA,5G,true,false,true,false,false,50956032,240,3050,7,8223,450,06,-75,-8,-51,,4,1,,,,1975,65142,0.0158,0.5211,1955,65122,0.0156,0.5210,false,5,0,5,-76,240,100,8.35,false,false,periodic,40,0,1,,5001,,,,"[{""type"":""LTE"",""pci"":240,""earfcn"":100,""tac"":null,""rsrp"":-76,""rsrq"":-13,""rssi"":-53,""snr"":null,""ta"":1,""level"":4,""bands"":""1""},{""type"":""LTE"",""pci"":240,""earfcn"":2600,""tac"":null,""rsrp"":-78,""rsrq"":-11,""rssi"":-57,""snr"":null,""ta"":1,""level"":4,""bands"":""5""},{""type"":""LTE"",""pci"":470,""earfcn"":100,""tac"":null,""rsrp"":-81,""rsrq"":-17,""rssi"":-53,""snr"":null,""ta"":1,""level"":4,""bands"":""1""},{""type"":""LTE"",""pci"":56,""earfcn"":100,""tac"":null,""rsrp"":-82,""rsrq"":-19,""rssi"":-53,""snr"":null,""ta"":1,""level"":4,""bands"":""1""},{""type"":""LTE"",""pci"":56,""earfcn"":2600,""tac"":null,""rsrp"":-82,""rsrq"":-17,""rssi"":-57,""snr"":null,""ta"":1,""level"":4,""bands"":""5""}]",1008.9256,74,0.459,0.524,59,6,,,,"[{""b"":""1c:ec:72:6b:e7:11"",""s"":""Public WiFi Secure"",""r"":-45,""f"":2412},{""b"":""22:ec:72:6b:e7:11"",""s"":""Public WiFi Free"",""r"":-45,""f"":2412},{""b"":""1c:ec:72:6b:e7:10"",""s"":""Public WiFi Secure"",""r"":-46,""f"":5640},{""b"":""26:ec:72:6b:e7:10"",""s"":""SEOUL_Secure"",""r"":-47,""f"":5640},{""b"":""22:ec:72:6b:e7:10"",""s"":""Public WiFi Free"",""r"":-47,""f"":5640},{""b"":""0c:96:cd:dd:f6:d1"",""s"":""KT_GiGA_F6CD"",""r"":-65,""f"":2427},{""b"":""5a:86:94:ca:94:90"",""s"":""hanwool"",""r"":-66,""f"":5785},{""b"":""1e:ec:72:6b:e7:0f"",""s"":""Public WiFi Secure"",""r"":-69,""f"":6115},{""b"":""1e:ec:72:6b:e7:00"",""s"":""Public WiFi Free"",""r"":-69,""f"":6115},{""b"":""1e:ec:72:6b:e7:01"",""s"":""SEOUL_Secure"",""r"":-69,""f"":6115},{""b"":""42:23:aa:be:7d:7a"",""s"":""SK_WiFiGIGA7D78_2.4G"",""r"":-69,""f"":2412},{""b"":""12:23:aa:be:7d:7a"",""s"":"""",""r"":-69,""f"":2412},{""b"":""00:23:aa:be:7d:7a"",""s"":""SK_WiFiGIGA7D78"",""r"":-69,""f"":2412},{""b"":""ca:dd:6a:05:0b:c9"",""s"":""[LG_CeilingCassette A\/C]0bc9"",""r"":-71,""f"":2462},{""b"":""28:4e:e9:65:e5:b0"",""s"":""KT_GiGA_E5AC"",""r"":-73,""f"":2447}]",""
1790677376464,2026-09-29 19:22:56,car,37.539834,127.0934603,9.982,9.67,233.0,45.39999771118164,fused,1,LTE,NR_NSA,5G,true,false,true,false,false,50956032,240,3050,7,8223,450,06,-75,-8,-51,,4,1,,,,1932,65061,0.0155,0.5205,1912,65041,0.0153,0.5203,false,5,0,5,-76,240,100,9.67,false,false,periodic,45,0,0,,10028,,,,"[{""type"":""LTE"",""pci"":240,""earfcn"":100,""tac"":null,""rsrp"":-76,""rsrq"":-13,""rssi"":-53,""snr"":null,""ta"":1,""level"":4,""bands"":""1""},{""type"":""LTE"",""pci"":240,""earfcn"":2600,""tac"":null,""rsrp"":-78,""rsrq"":-11,""rssi"":-57,""snr"":null,""ta"":1,""level"":4,""bands"":""5""},{""type"":""LTE"",""pci"":470,""earfcn"":100,""tac"":null,""rsrp"":-81,""rsrq"":-17,""rssi"":-53,""snr"":null,""ta"":1,""level"":4,""bands"":""1""},{""type"":""LTE"",""pci"":56,""earfcn"":100,""tac"":null,""rsrp"":-82,""rsrq"":-19,""rssi"":-53,""snr"":null,""ta"":1,""level"":4,""bands"":""1""},{""type"":""LTE"",""pci"":56,""earfcn"":2600,""tac"":null,""rsrp"":-82,""rsrq"":-17,""rssi"":-57,""snr"":null,""ta"":1,""level"":4,""bands"":""5""}]",1008.8132,52,0.459,0.524,59,11,,,,"[{""b"":""1c:ec:72:6b:e7:11"",""s"":""Public WiFi Secure"",""r"":-45,""f"":2412},{""b"":""22:ec:72:6b:e7:11"",""s"":""Public WiFi Free"",""r"":-45,""f"":2412},{""b"":""1c:ec:72:6b:e7:10"",""s"":""Public WiFi Secure"",""r"":-46,""f"":5640},{""b"":""26:ec:72:6b:e7:10"",""s"":""SEOUL_Secure"",""r"":-47,""f"":5640},{""b"":""22:ec:72:6b:e7:10"",""s"":""Public WiFi Free"",""r"":-47,""f"":5640},{""b"":""0c:96:cd:dd:f6:d1"",""s"":""KT_GiGA_F6CD"",""r"":-65,""f"":2427},{""b"":""5a:86:94:ca:94:90"",""s"":""hanwool"",""r"":-66,""f"":5785},{""b"":""1e:ec:72:6b:e7:0f"",""s"":""Public WiFi Secure"",""r"":-69,""f"":6115},{""b"":""1e:ec:72:6b:e7:00"",""s"":""Public WiFi Free"",""r"":-69,""f"":6115},{""b"":""1e:ec:72:6b:e7:01"",""s"":""SEOUL_Secure"",""r"":-69,""f"":6115},{""b"":""42:23:aa:be:7d:7a"",""s"":""SK_WiFiGIGA7D78_2.4G"",""r"":-69,""f"":2412},{""b"":""12:23:aa:be:7d:7a"",""s"":"""",""r"":-69,""f"":2412},{""b"":""00:23:aa:be:7d:7a"",""s"":""SK_WiFiGIGA7D78"",""r"":-69,""f"":2412},{""b"":""ca:dd:6a:05:0b:c9"",""s"":""[LG_CeilingCassette A\/C]0bc9"",""r"":-71,""f"":2462},{""b"":""28:4e:e9:65:e5:b0"",""s"":""KT_GiGA_E5AC"",""r"":-73,""f"":2447}]",""
1790677381492,2026-09-29 19:23:01,car,37.539504,127.0928927,10.058,10.15,235.0,45.39999771118164,fused,0,LTE,NR_NSA,5G,true,false,true,false,false,50956032,240,3050,7,8223,450,06,-74,-8,-51,,4,0,,,,2120,63506,0.0170,0.5080,2101,63486,0.0168,0.5079,false,8,0,8,-77,240,100,10.15,false,false,periodic,50,0,1,,5001,,,,"[{""type"":""LTE"",""pci"":240,""earfcn"":100,""tac"":null,""rsrp"":-77,""rsrq"":-8,""rssi"":-59,""snr"":null,""ta"":0,""level"":4,""bands"":""1""},{""type"":""LTE"",""pci"":240,""earfcn"":2600,""tac"":null,""rsrp"":-80,""rsrq"":-9,""rssi"":-61,""snr"":null,""ta"":0,""level"":4,""bands"":""5""},{""type"":""LTE"",""pci"":56,""earfcn"":2600,""tac"":null,""rsrp"":-85,""rsrq"":-17,""rssi"":-55,""snr"":null,""ta"":0,""level"":4,""bands"":""5""},{""type"":""LTE"",""pci"":56,""earfcn"":100,""tac"":null,""rsrp"":-87,""rsrq"":-19,""rssi"":-59,""snr"":null,""ta"":0,""level"":3,""bands"":""1""},{""type"":""LTE"",""pci"":457,""earfcn"":100,""tac"":null,""rsrp"":-87,""rsrq"":-20,""rssi"":-57,""snr"":null,""ta"":0,""level"":3,""bands"":""1""},{""type"":""LTE"",""pci"":232,""earfcn"":3050,""tac"":null,""rsrp"":-88,""rsrq"":-19,""rssi"":-59,""snr"":null,""ta"":0,""level"":3,""bands"":""7""},{""type"":""LTE"",""pci"":50,""earfcn"":3050,""tac"":null,""rsrp"":-89,""rsrq"":-20,""rssi"":-59,""snr"":null,""ta"":0,""level"":3,""bands"":""7""},{""type"":""LTE"",""pci"":470,""earfcn"":100,""tac"":null,""rsrp"":-90,""rsrq"":-20,""rssi"":-61,""snr"":null,""ta"":0,""level"":3,""bands"":""1""}]",1008.7141,62,0.459,0.459,59,16,,,,"[{""b"":""1c:ec:72:6b:e7:11"",""s"":""Public WiFi Secure"",""r"":-45,""f"":2412},{""b"":""22:ec:72:6b:e7:11"",""s"":""Public WiFi Free"",""r"":-45,""f"":2412},{""b"":""1c:ec:72:6b:e7:10"",""s"":""Public WiFi Secure"",""r"":-46,""f"":5640},{""b"":""26:ec:72:6b:e7:10"",""s"":""SEOUL_Secure"",""r"":-47,""f"":5640},{""b"":""22:ec:72:6b:e7:10"",""s"":""Public WiFi Free"",""r"":-47,""f"":5640},{""b"":""0c:96:cd:dd:f6:d1"",""s"":""KT_GiGA_F6CD"",""r"":-65,""f"":2427},{""b"":""5a:86:94:ca:94:90"",""s"":""hanwool"",""r"":-66,""f"":5785},{""b"":""1e:ec:72:6b:e7:0f"",""s"":""Public WiFi Secure"",""r"":-69,""f"":6115},{""b"":""1e:ec:72:6b:e7:00"",""s"":""Public WiFi Free"",""r"":-69,""f"":6115},{""b"":""1e:ec:72:6b:e7:01"",""s"":""SEOUL_Secure"",""r"":-69,""f"":6115},{""b"":""42:23:aa:be:7d:7a"",""s"":""SK_WiFiGIGA7D78_2.4G"",""r"":-69,""f"":2412},{""b"":""12:23:aa:be:7d:7a"",""s"":"""",""r"":-69,""f"":2412},{""b"":""00:23:aa:be:7d:7a"",""s"":""SK_WiFiGIGA7D78"",""r"":-69,""f"":2412},{""b"":""ca:dd:6a:05:0b:c9"",""s"":""[LG_CeilingCassette A\/C]0bc9"",""r"":-71,""f"":2462},{""b"":""28:4e:e9:65:e5:b0"",""s"":""KT_GiGA_E5AC"",""r"":-73,""f"":2447}]",""
1790677386516,2026-09-29 19:23:06,car,37.5393141,127.0925391,9.988,8.61,235.0,45.39999771118164,fused,1,LTE,NR_NSA,5G,true,false,true,false,false,50956032,240,3050,7,8223,450,06,-74,-8,-51,,4,0,,,,2156,65269,0.0172,0.5222,2117,65229,0.0169,0.5218,false,8,0,8,-77,240,100,8.61,false,false,periodic,55,0,0,,10026,,,,"[{""type"":""LTE"",""pci"":240,""earfcn"":100,""tac"":null,""rsrp"":-77,""rsrq"":-8,""rssi"":-59,""snr"":null,""ta"":0,""level"":4,""bands"":""1""},{""type"":""LTE"",""pci"":240,""earfcn"":2600,""tac"":null,""rsrp"":-80,""rsrq"":-9,""rssi"":-61,""snr"":null,""ta"":0,""level"":4,""bands"":""5""},{""type"":""LTE"",""pci"":56,""earfcn"":2600,""tac"":null,""rsrp"":-85,""rsrq"":-17,""rssi"":-55,""snr"":null,""ta"":0,""level"":4,""bands"":""5""},{""type"":""LTE"",""pci"":56,""earfcn"":100,""tac"":null,""rsrp"":-87,""rsrq"":-19,""rssi"":-59,""snr"":null,""ta"":0,""level"":3,""bands"":""1""},{""type"":""LTE"",""pci"":457,""earfcn"":100,""tac"":null,""rsrp"":-87,""rsrq"":-20,""rssi"":-57,""snr"":null,""ta"":0,""level"":3,""bands"":""1""},{""type"":""LTE"",""pci"":232,""earfcn"":3050,""tac"":null,""rsrp"":-88,""rsrq"":-19,""rssi"":-59,""snr"":null,""ta"":0,""level"":3,""bands"":""7""},{""type"":""LTE"",""pci"":50,""earfcn"":3050,""tac"":null,""rsrp"":-89,""rsrq"":-20,""rssi"":-59,""snr"":null,""ta"":0,""level"":3,""bands"":""7""},{""type"":""LTE"",""pci"":470,""earfcn"":100,""tac"":null,""rsrp"":-90,""rsrq"":-20,""rssi"":-61,""snr"":null,""ta"":0,""level"":3,""bands"":""1""}]",1008.71094,51,0.418,0.459,59,21,,,,"[{""b"":""1c:ec:72:6b:e7:11"",""s"":""Public WiFi Secure"",""r"":-45,""f"":2412},{""b"":""22:ec:72:6b:e7:11"",""s"":""Public WiFi Free"",""r"":-45,""f"":2412},{""b"":""1c:ec:72:6b:e7:10"",""s"":""Public WiFi Secure"",""r"":-46,""f"":5640},{""b"":""26:ec:72:6b:e7:10"",""s"":""SEOUL_Secure"",""r"":-47,""f"":5640},{""b"":""22:ec:72:6b:e7:10"",""s"":""Public WiFi Free"",""r"":-47,""f"":5640},{""b"":""0c:96:cd:dd:f6:d1"",""s"":""KT_GiGA_F6CD"",""r"":-65,""f"":2427},{""b"":""5a:86:94:ca:94:90"",""s"":""hanwool"",""r"":-66,""f"":5785},{""b"":""1e:ec:72:6b:e7:0f"",""s"":""Public WiFi Secure"",""r"":-69,""f"":6115},{""b"":""1e:ec:72:6b:e7:00"",""s"":""Public WiFi Free"",""r"":-69,""f"":6115},{""b"":""1e:ec:72:6b:e7:01"",""s"":""SEOUL_Secure"",""r"":-69,""f"":6115},{""b"":""42:23:aa:be:7d:7a"",""s"":""SK_WiFiGIGA7D78_2.4G"",""r"":-69,""f"":2412},{""b"":""12:23:aa:be:7d:7a"",""s"":"""",""r"":-69,""f"":2412},{""b"":""00:23:aa:be:7d:7a"",""s"":""SK_WiFiGIGA7D78"",""r"":-69,""f"":2412},{""b"":""ca:dd:6a:05:0b:c9"",""s"":""[LG_CeilingCassette A\/C]0bc9"",""r"":-71,""f"":2462},{""b"":""28:4e:e9:65:e5:b0"",""s"":""KT_GiGA_E5AC"",""r"":-73,""f"":2447}]",""
1790677391544,2026-09-29 19:23:11,car,37.5391408,127.0922351,10.103,1.78,234.0,47.366842107931575,fused,0,LTE,NR_NSA,5G,true,false,true,false,false,50957058,232,3050,7,8223,450,06,-83,-11,-51,,4,0,,,,1889,65129,0.0151,0.5210,1869,65109,0.0150,0.5209,false,7,0,7,-84,240,2600,1.78,true,false,periodic,0,1,,,5000,50956032,-74,-8,"[{""type"":""LTE"",""pci"":240,""earfcn"":2600,""tac"":null,""rsrp"":-84,""rsrq"":-13,""rssi"":-61,""snr"":null,""ta"":0,""level"":4,""bands"":""5""},{""type"":""LTE"",""pci"":240,""earfcn"":100,""tac"":null,""rsrp"":-86,""rsrq"":-11,""rssi"":-61,""snr"":null,""ta"":0,""level"":3,""bands"":""1""},{""type"":""LTE"",""pci"":232,""earfcn"":100,""tac"":null,""rsrp"":-87,""rsrq"":-16,""rssi"":-61,""snr"":null,""ta"":0,""level"":3,""bands"":""1""},{""type"":""LTE"",""pci"":457,""earfcn"":100,""tac"":null,""rsrp"":-88,""rsrq"":-17,""rssi"":-61,""snr"":null,""ta"":0,""level"":3,""bands"":""1""},{""type"":""LTE"",""pci"":232,""earfcn"":2600,""tac"":null,""rsrp"":-89,""rsrq"":-16,""rssi"":-61,""snr"":null,""ta"":0,""level"":3,""bands"":""5""},{""type"":""LTE"",""pci"":240,""earfcn"":3050,""tac"":null,""rsrp"":-90,""rsrq"":-17,""rssi"":-63,""snr"":null,""ta"":0,""level"":3,""bands"":""7""},{""type"":""LTE"",""pci"":457,""earfcn"":2600,""tac"":null,""rsrp"":-90,""rsrq"":-17,""rssi"":-61,""snr"":null,""ta"":0,""level"":3,""bands"":""5""}]",1008.70715,58,0.459,0.459,59,26,,,,"[{""b"":""1c:ec:72:6b:e7:11"",""s"":""Public WiFi Secure"",""r"":-45,""f"":2412},{""b"":""22:ec:72:6b:e7:11"",""s"":""Public WiFi Free"",""r"":-45,""f"":2412},{""b"":""1c:ec:72:6b:e7:10"",""s"":""Public WiFi Secure"",""r"":-46,""f"":5640},{""b"":""26:ec:72:6b:e7:10"",""s"":""SEOUL_Secure"",""r"":-47,""f"":5640},{""b"":""22:ec:72:6b:e7:10"",""s"":""Public WiFi Free"",""r"":-47,""f"":5640},{""b"":""0c:96:cd:dd:f6:d1"",""s"":""KT_GiGA_F6CD"",""r"":-65,""f"":2427},{""b"":""5a:86:94:ca:94:90"",""s"":""hanwool"",""r"":-66,""f"":5785},{""b"":""1e:ec:72:6b:e7:0f"",""s"":""Public WiFi Secure"",""r"":-69,""f"":6115},{""b"":""1e:ec:72:6b:e7:00"",""s"":""Public WiFi Free"",""r"":-69,""f"":6115},{""b"":""1e:ec:72:6b:e7:01"",""s"":""SEOUL_Secure"",""r"":-69,""f"":6115},{""b"":""42:23:aa:be:7d:7a"",""s"":""SK_WiFiGIGA7D78_2.4G"",""r"":-69,""f"":2412},{""b"":""12:23:aa:be:7d:7a"",""s"":"""",""r"":-69,""f"":2412},{""b"":""00:23:aa:be:7d:7a"",""s"":""SK_WiFiGIGA7D78"",""r"":-69,""f"":2412},{""b"":""ca:dd:6a:05:0b:c9"",""s"":""[LG_CeilingCassette A\/C]0bc9"",""r"":-71,""f"":2462},{""b"":""28:4e:e9:65:e5:b0"",""s"":""KT_GiGA_E5AC"",""r"":-73,""f"":2447}]","[{""type"":""LTE"",""pci"":240,""earfcn"":100,""tac"":null,""rsrp"":-77,""rsrq"":-8,""rssi"":-59,""snr"":null,""ta"":0,""level"":4,""bands"":""1""},{""type"":""LTE"",""pci"":240,""earfcn"":2600,""tac"":null,""rsrp"":-80,""rsrq"":-9,""rssi"":-61,""snr"":null,""ta"":0,""level"":4,""bands"":""5""},{""type"":""LTE"",""pci"":56,""earfcn"":2600,""tac"":null,""rsrp"":-85,""rsrq"":-17,""rssi"":-55,""snr"":null,""ta"":0,""level"":4,""bands"":""5""},{""type"":""LTE"",""pci"":56,""earfcn"":100,""tac"":null,""rsrp"":-87,""rsrq"":-19,""rssi"":-59,""snr"":null,""ta"":0,""level"":3,""bands"":""1""},{""type"":""LTE"",""pci"":457,""earfcn"":100,""tac"":null,""rsrp"":-87,""rsrq"":-20,""rssi"":-57,""snr"":null,""ta"":0,""level"":3,""bands"":""1""},{""type"":""LTE"",""pci"":232,""earfcn"":3050,""tac"":null,""rsrp"":-88,""rsrq"":-19,""rssi"":-59,""snr"":null,""ta"":0,""level"":3,""bands"":""7""},{""type"":""LTE"",""pci"":50,""earfcn"":3050,""tac"":null,""rsrp"":-89,""rsrq"":-20,""rssi"":-59,""snr"":null,""ta"":0,""level"":3,""bands"":""7""},{""type"":""LTE"",""pci"":470,""earfcn"":100,""tac"":null,""rsrp"":-90,""rsrq"":-20,""rssi"":-61,""snr"":null,""ta"":0,""level"":3,""bands"":""1""}]"
1790677396568,2026-09-29 19:23:16,car,37.5391294,127.0922195,25.842,,,47.70000076293945,fused,0,LTE,NR_NSA,5G,true,false,true,false,false,50957058,232,3050,7,8223,450,06,-83,-11,-51,,4,0,,,,19927,67037,0.1594,0.5363,19907,67017,0.1593,0.5361,false,7,0,7,-84,240,2600,0.008099292,false,false,periodic,5,1,0,,10025,,,,"[{""type"":""LTE"",""pci"":240,""earfcn"":2600,""tac"":null,""rsrp"":-84,""rsrq"":-13,""rssi"":-61,""snr"":null,""ta"":0,""level"":4,""bands"":""5""},{""type"":""LTE"",""pci"":240,""earfcn"":100,""tac"":null,""rsrp"":-86,""rsrq"":-11,""rssi"":-61,""snr"":null,""ta"":0,""level"":3,""bands"":""1""},{""type"":""LTE"",""pci"":232,""earfcn"":100,""tac"":null,""rsrp"":-87,""rsrq"":-16,""rssi"":-61,""snr"":null,""ta"":0,""level"":3,""bands"":""1""},{""type"":""LTE"",""pci"":457,""earfcn"":100,""tac"":null,""rsrp"":-88,""rsrq"":-17,""rssi"":-61,""snr"":null,""ta"":0,""level"":3,""bands"":""1""},{""type"":""LTE"",""pci"":232,""earfcn"":2600,""tac"":null,""rsrp"":-89,""rsrq"":-16,""rssi"":-61,""snr"":null,""ta"":0,""level"":3,""bands"":""5""},{""type"":""LTE"",""pci"":240,""earfcn"":3050,""tac"":null,""rsrp"":-90,""rsrq"":-17,""rssi"":-63,""snr"":null,""ta"":0,""level"":3,""bands"":""7""},{""type"":""LTE"",""pci"":457,""earfcn"":2600,""tac"":null,""rsrp"":-90,""rsrq"":-17,""rssi"":-61,""snr"":null,""ta"":0,""level"":3,""bands"":""5""}]",1008.7953,51,0.459,0.524,54,0,,,,"[{""b"":""26:ec:72:6b:e7:10"",""s"":""SEOUL_Secure"",""r"":-49,""f"":5640},{""b"":""1c:ec:72:6b:e7:10"",""s"":""Public WiFi Secure"",""r"":-49,""f"":5640},{""b"":""22:ec:72:6b:e7:10"",""s"":""Public WiFi Free"",""r"":-49,""f"":5640},{""b"":""26:ec:72:6b:e7:11"",""s"":""SEOUL_Secure"",""r"":-52,""f"":2412},{""b"":""1c:ec:72:6b:e7:11"",""s"":""Public WiFi Secure"",""r"":-52,""f"":2412},{""b"":""22:ec:72:6b:e7:11"",""s"":""Public WiFi Free"",""r"":-54,""f"":2412},{""b"":""1e:39:29:77:4b:e8"",""s"":""[LG_CeilingCassette A\/C]4be8"",""r"":-66,""f"":2462},{""b"":""00:0f:00:90:e6:60"",""s"":""GNET_BB_GT900_90E660"",""r"":-66,""f"":2457},{""b"":""1e:ec:72:6b:e7:0f"",""s"":""Public WiFi Secure"",""r"":-68,""f"":6115},{""b"":""1e:ec:72:6b:e7:00"",""s"":""Public WiFi Free"",""r"":-68,""f"":6115},{""b"":""1e:ec:72:6b:e7:01"",""s"":""SEOUL_Secure"",""r"":-68,""f"":6115},{""b"":""8e:aa:b5:77:0c:79"",""s"":""W60-75_1638427467"",""r"":-71,""f"":2437},{""b"":""88:36:6c:93:a0:68"",""s"":""도시바다"",""r"":-71,""f"":2442},{""b"":""88:3c:1c:98:fa:10"",""s"":""U+NetFA11"",""r"":-71,""f"":2462},{""b"":""60:29:d5:a7:a9:a4"",""s"":""KT_GiGA_A9A0"",""r"":-73,""f"":2452}]",""
1790677401595,2026-09-29 19:23:21,car,37.5391235,127.0922131,17.752,0.26,233.0,47.70000076293945,fused,0,LTE,NR_NSA,5G,true,false,true,false,false,50957058,232,3050,7,8223,450,06,-82,-9,-55,,4,1,,,,2018,65389,0.0161,0.5231,1998,65438,0.0160,0.5235,false,8,0,8,-83,240,2600,0.26,false,false,periodic,10,1,1,,5001,,,,"[{""type"":""LTE"",""pci"":240,""earfcn"":2600,""tac"":null,""rsrp"":-83,""rsrq"":-14,""rssi"":-59,""snr"":null,""ta"":1,""level"":4,""bands"":""5""},{""type"":""LTE"",""pci"":457,""earfcn"":2600,""tac"":null,""rsrp"":-85,""rsrq"":-16,""rssi"":-59,""snr"":null,""ta"":1,""level"":4,""bands"":""5""},{""type"":""LTE"",""pci"":240,""earfcn"":100,""tac"":null,""rsrp"":-89,""rsrq"":-11,""rssi"":-65,""snr"":null,""ta"":1,""level"":3,""bands"":""1""},{""type"":""LTE"",""pci"":232,""earfcn"":100,""tac"":null,""rsrp"":-90,""rsrq"":-15,""rssi"":-65,""snr"":null,""ta"":1,""level"":3,""bands"":""1""},{""type"":""LTE"",""pci"":457,""earfcn"":100,""tac"":null,""rsrp"":-90,""rsrq"":-16,""rssi"":-65,""snr"":null,""ta"":1,""level"":3,""bands"":""1""},{""type"":""LTE"",""pci"":232,""earfcn"":2600,""tac"":null,""rsrp"":-90,""rsrq"":-16,""rssi"":-59,""snr"":null,""ta"":1,""level"":3,""bands"":""5""},{""type"":""LTE"",""pci"":50,""earfcn"":100,""tac"":null,""rsrp"":-91,""rsrq"":-20,""rssi"":-59,""snr"":null,""ta"":1,""level"":3,""bands"":""1""},{""type"":""LTE"",""pci"":240,""earfcn"":3050,""tac"":null,""rsrp"":-94,""rsrq"":-20,""rssi"":-63,""snr"":null,""ta"":1,""level"":3,""bands"":""7""}]",1008.81445,51,0.459,0.524,54,5,,,,"[{""b"":""26:ec:72:6b:e7:10"",""s"":""SEOUL_Secure"",""r"":-49,""f"":5640},{""b"":""1c:ec:72:6b:e7:10"",""s"":""Public WiFi Secure"",""r"":-49,""f"":5640},{""b"":""22:ec:72:6b:e7:10"",""s"":""Public WiFi Free"",""r"":-49,""f"":5640},{""b"":""26:ec:72:6b:e7:11"",""s"":""SEOUL_Secure"",""r"":-52,""f"":2412},{""b"":""1c:ec:72:6b:e7:11"",""s"":""Public WiFi Secure"",""r"":-52,""f"":2412},{""b"":""22:ec:72:6b:e7:11"",""s"":""Public WiFi Free"",""r"":-54,""f"":2412},{""b"":""1e:39:29:77:4b:e8"",""s"":""[LG_CeilingCassette A\/C]4be8"",""r"":-66,""f"":2462},{""b"":""00:0f:00:90:e6:60"",""s"":""GNET_BB_GT900_90E660"",""r"":-66,""f"":2457},{""b"":""1e:ec:72:6b:e7:0f"",""s"":""Public WiFi Secure"",""r"":-68,""f"":6115},{""b"":""1e:ec:72:6b:e7:00"",""s"":""Public WiFi Free"",""r"":-68,""f"":6115},{""b"":""1e:ec:72:6b:e7:01"",""s"":""SEOUL_Secure"",""r"":-68,""f"":6115},{""b"":""8e:aa:b5:77:0c:79"",""s"":""W60-75_1638427467"",""r"":-71,""f"":2437},{""b"":""88:36:6c:93:a0:68"",""s"":""도시바다"",""r"":-71,""f"":2442},{""b"":""88:3c:1c:98:fa:10"",""s"":""U+NetFA11"",""r"":-71,""f"":2462},{""b"":""60:29:d5:a7:a9:a4"",""s"":""KT_GiGA_A9A0"",""r"":-73,""f"":2452}]",""
1790677406625,2026-09-29 19:23:26,car,37.5390781,127.0921312,9.947,3.63,230.0,47.599998474121094,fused,1,LTE,NR_NSA,5G,true,false,true,false,false,50957058,232,3050,7,8223,450,06,-82,-9,-55,,4,1,,,,2193,63447,0.0175,0.5076,2153,63339,0.0172,0.5067,false,8,0,8,-83,240,2600,3.63,false,false,periodic,15,1,0,,10029,,,,"[{""type"":""LTE"",""pci"":240,""earfcn"":2600,""tac"":null,""rsrp"":-83,""rsrq"":-14,""rssi"":-59,""snr"":null,""ta"":1,""level"":4,""bands"":""5""},{""type"":""LTE"",""pci"":457,""earfcn"":2600,""tac"":null,""rsrp"":-85,""rsrq"":-16,""rssi"":-59,""snr"":null,""ta"":1,""level"":4,""bands"":""5""},{""type"":""LTE"",""pci"":240,""earfcn"":100,""tac"":null,""rsrp"":-89,""rsrq"":-11,""rssi"":-65,""snr"":null,""ta"":1,""level"":3,""bands"":""1""},{""type"":""LTE"",""pci"":232,""earfcn"":100,""tac"":null,""rsrp"":-90,""rsrq"":-15,""rssi"":-65,""snr"":null,""ta"":1,""level"":3,""bands"":""1""},{""type"":""LTE"",""pci"":457,""earfcn"":100,""tac"":null,""rsrp"":-90,""rsrq"":-16,""rssi"":-65,""snr"":null,""ta"":1,""level"":3,""bands"":""1""},{""type"":""LTE"",""pci"":232,""earfcn"":2600,""tac"":null,""rsrp"":-90,""rsrq"":-16,""rssi"":-59,""snr"":null,""ta"":1,""level"":3,""bands"":""5""},{""type"":""LTE"",""pci"":50,""earfcn"":100,""tac"":null,""rsrp"":-91,""rsrq"":-20,""rssi"":-59,""snr"":null,""ta"":1,""level"":3,""bands"":""1""},{""type"":""LTE"",""pci"":240,""earfcn"":3050,""tac"":null,""rsrp"":-94,""rsrq"":-20,""rssi"":-63,""snr"":null,""ta"":1,""level"":3,""bands"":""7""}]",1008.7772,52,0.509,0.459,47,3,,,,"[{""b"":""26:ec:72:6b:e7:11"",""s"":""SEOUL_Secure"",""r"":-45,""f"":2412},{""b"":""1c:ec:72:6b:e7:11"",""s"":""Public WiFi Secure"",""r"":-45,""f"":2412},{""b"":""22:ec:72:6b:e7:11"",""s"":""Public WiFi Free"",""r"":-45,""f"":2412},{""b"":""1c:ec:72:6b:e7:10"",""s"":""Public WiFi Secure"",""r"":-51,""f"":5640},{""b"":""22:ec:72:6b:e7:10"",""s"":""Public WiFi Free"",""r"":-51,""f"":5640},{""b"":""26:ec:72:6b:e7:10"",""s"":""SEOUL_Secure"",""r"":-52,""f"":5640},{""b"":""60:29:d5:a7:a9:a4"",""s"":""KT_GiGA_A9A0"",""r"":-67,""f"":2452},{""b"":""7c:8b:ca:a8:b9:46"",""s"":""TP-Link_B946"",""r"":-71,""f"":2457},{""b"":""c6:a9:4f:3d:90:63"",""s"":""SK_WiFiGIGA9060_2.4G"",""r"":-73,""f"":2437},{""b"":""70:2c:1f:7c:8d:db"",""s"":""[floor a\/c]_E30AJT0003770E"",""r"":-73,""f"":2412},{""b"":""8e:aa:b5:77:0c:79"",""s"":""W60-75_1638427467"",""r"":-73,""f"":2437},{""b"":""12:96:cd:57:96:0b"",""s"":"""",""r"":-74,""f"":2447},{""b"":""12:f4:5e:45:61:af"",""s"":"""",""r"":-75,""f"":2412},{""b"":""60:29:d5:97:47:56"",""s"":""KT_GiGA_4752"",""r"":-76,""f"":2432},{""b"":""66:29:d5:a7:a9:a3"",""s"":"""",""r"":-79,""f"":5805}]",""
1790677411649,2026-09-29 19:23:31,car,37.5388791,127.0918559,10.043,6.68,227.0,47.599998474121094,fused,0,LTE,NR_NSA,5G,true,false,true,false,false,50957058,232,3050,7,8223,450,06,-84,-8,-55,,4,0,,,,2105,65181,0.0168,0.5214,2085,65161,0.0167,0.5213,false,8,0,8,-82,240,100,6.68,false,false,periodic,20,1,-2,,5003,,,,"[{""type"":""LTE"",""pci"":240,""earfcn"":100,""tac"":null,""rsrp"":-82,""rsrq"":-10,""rssi"":-61,""snr"":null,""ta"":0,""level"":4,""bands"":""1""},{""type"":""LTE"",""pci"":232,""earfcn"":2600,""tac"":null,""rsrp"":-84,""rsrq"":-14,""rssi"":-59,""snr"":null,""ta"":0,""level"":4,""bands"":""5""},{""type"":""LTE"",""pci"":457,""earfcn"":2600,""tac"":null,""rsrp"":-85,""rsrq"":-15,""rssi"":-59,""snr"":null,""ta"":0,""level"":4,""bands"":""5""},{""type"":""LTE"",""pci"":240,""earfcn"":2600,""tac"":null,""rsrp"":-86,""rsrq"":-16,""rssi"":-59,""snr"":null,""ta"":0,""level"":3,""bands"":""5""},{""type"":""LTE"",""pci"":457,""earfcn"":100,""tac"":null,""rsrp"":-88,""rsrq"":-14,""rssi"":-61,""snr"":null,""ta"":0,""level"":3,""bands"":""1""},{""type"":""LTE"",""pci"":50,""earfcn"":100,""tac"":null,""rsrp"":-88,""rsrq"":-20,""rssi"":-57,""snr"":null,""ta"":0,""level"":3,""bands"":""1""},{""type"":""LTE"",""pci"":232,""earfcn"":100,""tac"":null,""rsrp"":-90,""rsrq"":-15,""rssi"":-61,""snr"":null,""ta"":0,""level"":3,""bands"":""1""},{""type"":""LTE"",""pci"":240,""earfcn"":3050,""tac"":null,""rsrp"":-95,""rsrq"":-16,""rssi"":-67,""snr"":null,""ta"":0,""level"":3,""bands"":""7""}]",1008.65424,55,0.524,0.459,47,8,,,,"[{""b"":""26:ec:72:6b:e7:11"",""s"":""SEOUL_Secure"",""r"":-45,""f"":2412},{""b"":""1c:ec:72:6b:e7:11"",""s"":""Public WiFi Secure"",""r"":-45,""f"":2412},{""b"":""22:ec:72:6b:e7:11"",""s"":""Public WiFi Free"",""r"":-45,""f"":2412},{""b"":""1c:ec:72:6b:e7:10"",""s"":""Public WiFi Secure"",""r"":-51,""f"":5640},{""b"":""22:ec:72:6b:e7:10"",""s"":""Public WiFi Free"",""r"":-51,""f"":5640},{""b"":""26:ec:72:6b:e7:10"",""s"":""SEOUL_Secure"",""r"":-52,""f"":5640},{""b"":""60:29:d5:a7:a9:a4"",""s"":""KT_GiGA_A9A0"",""r"":-67,""f"":2452},{""b"":""7c:8b:ca:a8:b9:46"",""s"":""TP-Link_B946"",""r"":-71,""f"":2457},{""b"":""c6:a9:4f:3d:90:63"",""s"":""SK_WiFiGIGA9060_2.4G"",""r"":-73,""f"":2437},{""b"":""70:2c:1f:7c:8d:db"",""s"":""[floor a\/c]_E30AJT0003770E"",""r"":-73,""f"":2412},{""b"":""8e:aa:b5:77:0c:79"",""s"":""W60-75_1638427467"",""r"":-73,""f"":2437},{""b"":""12:96:cd:57:96:0b"",""s"":"""",""r"":-74,""f"":2447},{""b"":""12:f4:5e:45:61:af"",""s"":"""",""r"":-75,""f"":2412},{""b"":""60:29:d5:97:47:56"",""s"":""KT_GiGA_4752"",""r"":-76,""f"":2432},{""b"":""66:29:d5:a7:a9:a3"",""s"":"""",""r"":-79,""f"":5805}]",""
1790677416674,2026-09-29 19:23:36,car,37.5387185,127.0915885,10.16,7.59,233.0,47.599998474121094,fused,1,LTE,NR_NSA,5G,true,false,true,false,false,50957058,232,3050,7,8223,450,06,-84,-8,-55,,4,0,,,,2353,65304,0.0188,0.5224,2333,65284,0.0187,0.5223,false,8,0,8,-82,240,100,7.59,false,false,periodic,25,1,0,,10026,,,,"[{""type"":""LTE"",""pci"":240,""earfcn"":100,""tac"":null,""rsrp"":-82,""rsrq"":-10,""rssi"":-61,""snr"":null,""ta"":0,""level"":4,""bands"":""1""},{""type"":""LTE"",""pci"":232,""earfcn"":2600,""tac"":null,""rsrp"":-84,""rsrq"":-14,""rssi"":-59,""snr"":null,""ta"":0,""level"":4,""bands"":""5""},{""type"":""LTE"",""pci"":457,""earfcn"":2600,""tac"":null,""rsrp"":-85,""rsrq"":-15,""rssi"":-59,""snr"":null,""ta"":0,""level"":4,""bands"":""5""},{""type"":""LTE"",""pci"":240,""earfcn"":2600,""tac"":null,""rsrp"":-86,""rsrq"":-16,""rssi"":-59,""snr"":null,""ta"":0,""level"":3,""bands"":""5""},{""type"":""LTE"",""pci"":457,""earfcn"":100,""tac"":null,""rsrp"":-88,""rsrq"":-14,""rssi"":-61,""snr"":null,""ta"":0,""level"":3,""bands"":""1""},{""type"":""LTE"",""pci"":50,""earfcn"":100,""tac"":null,""rsrp"":-88,""rsrq"":-20,""rssi"":-57,""snr"":null,""ta"":0,""level"":3,""bands"":""1""},{""type"":""LTE"",""pci"":232,""earfcn"":100,""tac"":null,""rsrp"":-90,""rsrq"":-15,""rssi"":-61,""snr"":null,""ta"":0,""level"":3,""bands"":""1""},{""type"":""LTE"",""pci"":240,""earfcn"":3050,""tac"":null,""rsrp"":-95,""rsrq"":-16,""rssi"":-67,""snr"":null,""ta"":0,""level"":3,""bands"":""7""}]",1008.5301,58,0.459,0.459,47,13,,,,"[{""b"":""26:ec:72:6b:e7:11"",""s"":""SEOUL_Secure"",""r"":-45,""f"":2412},{""b"":""1c:ec:72:6b:e7:11"",""s"":""Public WiFi Secure"",""r"":-45,""f"":2412},{""b"":""22:ec:72:6b:e7:11"",""s"":""Public WiFi Free"",""r"":-45,""f"":2412},{""b"":""1c:ec:72:6b:e7:10"",""s"":""Public WiFi Secure"",""r"":-51,""f"":5640},{""b"":""22:ec:72:6b:e7:10"",""s"":""Public WiFi Free"",""r"":-51,""f"":5640},{""b"":""26:ec:72:6b:e7:10"",""s"":""SEOUL_Secure"",""r"":-52,""f"":5640},{""b"":""60:29:d5:a7:a9:a4"",""s"":""KT_GiGA_A9A0"",""r"":-67,""f"":2452},{""b"":""7c:8b:ca:a8:b9:46"",""s"":""TP-Link_B946"",""r"":-71,""f"":2457},{""b"":""c6:a9:4f:3d:90:63"",""s"":""SK_WiFiGIGA9060_2.4G"",""r"":-73,""f"":2437},{""b"":""70:2c:1f:7c:8d:db"",""s"":""[floor a\/c]_E30AJT0003770E"",""r"":-73,""f"":2412},{""b"":""8e:aa:b5:77:0c:79"",""s"":""W60-75_1638427467"",""r"":-73,""f"":2437},{""b"":""12:96:cd:57:96:0b"",""s"":"""",""r"":-74,""f"":2447},{""b"":""12:f4:5e:45:61:af"",""s"":"""",""r"":-75,""f"":2412},{""b"":""60:29:d5:97:47:56"",""s"":""KT_GiGA_4752"",""r"":-76,""f"":2432},{""b"":""66:29:d5:a7:a9:a3"",""s"":"""",""r"":-79,""f"":5805}]",""
1790677421697,2026-09-29 19:23:41,car,37.5385367,127.091205,9.999,3.98,248.0,49.76338289955042,fused,0,LTE,NR_NSA,5G,true,false,true,false,false,50957058,232,3050,7,8223,450,06,-88,-9,-59,,3,0,,,,2775,65452,0.0222,0.5236,2755,65432,0.0220,0.5235,false,7,0,7,-85,232,2600,3.98,false,false,periodic,30,0,-4,,5004,,,,"[{""type"":""LTE"",""pci"":232,""earfcn"":2600,""tac"":null,""rsrp"":-85,""rsrq"":-13,""rssi"":-63,""snr"":null,""ta"":0,""level"":4,""bands"":""5""},{""type"":""LTE"",""pci"":457,""earfcn"":100,""tac"":null,""rsrp"":-90,""rsrq"":-14,""rssi"":-67,""snr"":null,""ta"":0,""level"":3,""bands"":""1""},{""type"":""LTE"",""pci"":240,""earfcn"":100,""tac"":null,""rsrp"":-91,""rsrq"":-15,""rssi"":-67,""snr"":null,""ta"":0,""level"":3,""bands"":""1""},{""type"":""LTE"",""pci"":227,""earfcn"":100,""tac"":null,""rsrp"":-93,""rsrq"":-18,""rssi"":-65,""snr"":null,""ta"":0,""level"":3,""bands"":""1""},{""type"":""LTE"",""pci"":232,""earfcn"":100,""tac"":null,""rsrp"":-93,""rsrq"":-16,""rssi"":-67,""snr"":null,""ta"":0,""level"":3,""bands"":""1""},{""type"":""LTE"",""pci"":240,""earfcn"":3050,""tac"":null,""rsrp"":-100,""rsrq"":-20,""rssi"":-69,""snr"":null,""ta"":0,""level"":2,""bands"":""7""},{""type"":""LTE"",""pci"":137,""earfcn"":3050,""tac"":null,""rsrp"":-100,""rsrq"":-16,""rssi"":-67,""snr"":null,""ta"":0,""level"":2,""bands"":""7""}]",1008.39923,82,0.459,0.459,47,18,,,,"[{""b"":""26:ec:72:6b:e7:11"",""s"":""SEOUL_Secure"",""r"":-45,""f"":2412},{""b"":""1c:ec:72:6b:e7:11"",""s"":""Public WiFi Secure"",""r"":-45,""f"":2412},{""b"":""22:ec:72:6b:e7:11"",""s"":""Public WiFi Free"",""r"":-45,""f"":2412},{""b"":""1c:ec:72:6b:e7:10"",""s"":""Public WiFi Secure"",""r"":-51,""f"":5640},{""b"":""22:ec:72:6b:e7:10"",""s"":""Public WiFi Free"",""r"":-51,""f"":5640},{""b"":""26:ec:72:6b:e7:10"",""s"":""SEOUL_Secure"",""r"":-52,""f"":5640},{""b"":""60:29:d5:a7:a9:a4"",""s"":""KT_GiGA_A9A0"",""r"":-67,""f"":2452},{""b"":""7c:8b:ca:a8:b9:46"",""s"":""TP-Link_B946"",""r"":-71,""f"":2457},{""b"":""c6:a9:4f:3d:90:63"",""s"":""SK_WiFiGIGA9060_2.4G"",""r"":-73,""f"":2437},{""b"":""70:2c:1f:7c:8d:db"",""s"":""[floor a\/c]_E30AJT0003770E"",""r"":-73,""f"":2412},{""b"":""8e:aa:b5:77:0c:79"",""s"":""W60-75_1638427467"",""r"":-73,""f"":2437},{""b"":""12:96:cd:57:96:0b"",""s"":"""",""r"":-74,""f"":2447},{""b"":""12:f4:5e:45:61:af"",""s"":"""",""r"":-75,""f"":2412},{""b"":""60:29:d5:97:47:56"",""s"":""KT_GiGA_4752"",""r"":-76,""f"":2432},{""b"":""66:29:d5:a7:a9:a3"",""s"":"""",""r"":-79,""f"":5805}]",""
1790677426723,2026-09-29 19:23:46,car,37.5384919,127.0910868,9.955,2.81,255.0,50.58117471028854,fused,1,LTE,NR_NSA,5G,true,false,true,false,false,50957058,232,3050,7,8223,450,06,-88,-9,-59,,3,0,,,,2601,65398,0.0208,0.5232,2581,65378,0.0206,0.5230,false,7,0,7,-85,232,2600,2.81,false,false,periodic,35,0,0,,10028,,,,"[{""type"":""LTE"",""pci"":232,""earfcn"":2600,""tac"":null,""rsrp"":-85,""rsrq"":-13,""rssi"":-63,""snr"":null,""ta"":0,""level"":4,""bands"":""5""},{""type"":""LTE"",""pci"":457,""earfcn"":100,""tac"":null,""rsrp"":-90,""rsrq"":-14,""rssi"":-67,""snr"":null,""ta"":0,""level"":3,""bands"":""1""},{""type"":""LTE"",""pci"":240,""earfcn"":100,""tac"":null,""rsrp"":-91,""rsrq"":-15,""rssi"":-67,""snr"":null,""ta"":0,""level"":3,""bands"":""1""},{""type"":""LTE"",""pci"":227,""earfcn"":100,""tac"":null,""rsrp"":-93,""rsrq"":-18,""rssi"":-65,""snr"":null,""ta"":0,""level"":3,""bands"":""1""},{""type"":""LTE"",""pci"":232,""earfcn"":100,""tac"":null,""rsrp"":-93,""rsrq"":-16,""rssi"":-67,""snr"":null,""ta"":0,""level"":3,""bands"":""1""},{""type"":""LTE"",""pci"":240,""earfcn"":3050,""tac"":null,""rsrp"":-100,""rsrq"":-20,""rssi"":-69,""snr"":null,""ta"":0,""level"":2,""bands"":""7""},{""type"":""LTE"",""pci"":137,""earfcn"":3050,""tac"":null,""rsrp"":-100,""rsrq"":-16,""rssi"":-67,""snr"":null,""ta"":0,""level"":2,""bands"":""7""}]",1008.382,58,0.459,0.524,23,3,,,,"[{""b"":""1c:ec:72:6b:e7:11"",""s"":""Public WiFi Secure"",""r"":-46,""f"":2412},{""b"":""22:ec:72:6b:e7:11"",""s"":""Public WiFi Free"",""r"":-46,""f"":2412},{""b"":""26:ec:72:6b:e7:10"",""s"":""SEOUL_Secure"",""r"":-53,""f"":5640},{""b"":""1c:ec:72:6b:e7:10"",""s"":""Public WiFi Secure"",""r"":-53,""f"":5640},{""b"":""22:ec:72:6b:e7:10"",""s"":""Public WiFi Free"",""r"":-54,""f"":5640},{""b"":""12:f4:5e:30:11:87"",""s"":"""",""r"":-68,""f"":2412},{""b"":""80:ca:4b:84:37:f2"",""s"":""U+Net37F0"",""r"":-72,""f"":2452},{""b"":""40:d5:21:62:c8:2d"",""s"":""Kia_RZlX"",""r"":-73,""f"":5805},{""b"":""1e:ec:72:6b:e7:0f"",""s"":""Public WiFi Secure"",""r"":-75,""f"":6115},{""b"":""d4:6e:0e:7b:5e:c6"",""s"":""TP-LINK_5EC6"",""r"":-75,""f"":2442},{""b"":""00:08:52:4a:19:11"",""s"":""SK_WiFi1910"",""r"":-75,""f"":2412},{""b"":""1e:ec:72:6b:e7:00"",""s"":""Public WiFi Free"",""r"":-75,""f"":6115},{""b"":""1e:ec:72:6b:e7:01"",""s"":""SEOUL_Secure"",""r"":-75,""f"":6115},{""b"":""80:ca:4b:84:37:f3"",""s"":""U+Net37F0_5G"",""r"":-76,""f"":5745},{""b"":""bc:10:2f:54:52:dc"",""s"":""Samsung AirPurifier_E50AJTAP189L"",""r"":-78,""f"":2412}]",""
1790677431738,2026-09-29 19:23:51,car,37.5384498,127.0909018,9.947,1.9,252.0,50.45096719397843,fused,0,LTE,NR_NSA,5G,true,false,true,false,false,50957058,232,3050,7,8223,450,06,-87,-8,-57,,3,0,,,,2043,63554,0.0163,0.5084,2003,63515,0.0160,0.5081,false,7,0,7,-91,232,2600,1.9,false,false,periodic,40,0,1,,5001,,,,"[{""type"":""LTE"",""pci"":232,""earfcn"":2600,""tac"":null,""rsrp"":-91,""rsrq"":-14,""rssi"":-65,""snr"":null,""ta"":0,""level"":3,""bands"":""5""},{""type"":""LTE"",""pci"":457,""earfcn"":2600,""tac"":null,""rsrp"":-94,""rsrq"":-15,""rssi"":-67,""snr"":null,""ta"":0,""level"":3,""bands"":""5""},{""type"":""LTE"",""pci"":65,""earfcn"":2600,""tac"":null,""rsrp"":-96,""rsrq"":-19,""rssi"":-67,""snr"":null,""ta"":0,""level"":2,""bands"":""5""},{""type"":""LTE"",""pci"":52,""earfcn"":2600,""tac"":null,""rsrp"":-96,""rsrq"":-17,""rssi"":-69,""snr"":null,""ta"":0,""level"":2,""bands"":""5""},{""type"":""LTE"",""pci"":232,""earfcn"":100,""tac"":null,""rsrp"":-96,""rsrq"":-13,""rssi"":-73,""snr"":null,""ta"":0,""level"":2,""bands"":""1""},{""type"":""LTE"",""pci"":137,""earfcn"":3050,""tac"":null,""rsrp"":-98,""rsrq"":-16,""rssi"":-71,""snr"":null,""ta"":0,""level"":2,""bands"":""7""},{""type"":""LTE"",""pci"":52,""earfcn"":100,""tac"":null,""rsrp"":-98,""rsrq"":-15,""rssi"":-73,""snr"":null,""ta"":0,""level"":2,""bands"":""1""}]",1008.3221,51,0.524,0.459,23,8,,,,"[{""b"":""1c:ec:72:6b:e7:11"",""s"":""Public WiFi Secure"",""r"":-46,""f"":2412},{""b"":""22:ec:72:6b:e7:11"",""s"":""Public WiFi Free"",""r"":-46,""f"":2412},{""b"":""26:ec:72:6b:e7:10"",""s"":""SEOUL_Secure"",""r"":-53,""f"":5640},{""b"":""1c:ec:72:6b:e7:10"",""s"":""Public WiFi Secure"",""r"":-53,""f"":5640},{""b"":""22:ec:72:6b:e7:10"",""s"":""Public WiFi Free"",""r"":-54,""f"":5640},{""b"":""12:f4:5e:30:11:87"",""s"":"""",""r"":-68,""f"":2412},{""b"":""80:ca:4b:84:37:f2"",""s"":""U+Net37F0"",""r"":-72,""f"":2452},{""b"":""40:d5:21:62:c8:2d"",""s"":""Kia_RZlX"",""r"":-73,""f"":5805},{""b"":""1e:ec:72:6b:e7:0f"",""s"":""Public WiFi Secure"",""r"":-75,""f"":6115},{""b"":""d4:6e:0e:7b:5e:c6"",""s"":""TP-LINK_5EC6"",""r"":-75,""f"":2442},{""b"":""00:08:52:4a:19:11"",""s"":""SK_WiFi1910"",""r"":-75,""f"":2412},{""b"":""1e:ec:72:6b:e7:00"",""s"":""Public WiFi Free"",""r"":-75,""f"":6115},{""b"":""1e:ec:72:6b:e7:01"",""s"":""SEOUL_Secure"",""r"":-75,""f"":6115},{""b"":""80:ca:4b:84:37:f3"",""s"":""U+Net37F0_5G"",""r"":-76,""f"":5745},{""b"":""bc:10:2f:54:52:dc"",""s"":""Samsung AirPurifier_E50AJTAP189L"",""r"":-78,""f"":2412}]",""
1790677436754,2026-09-29 19:23:56,car,37.5384325,127.0908552,9.946,0.44,251.0,50.86979712290666,fused,1,LTE,NR_NSA,5G,true,false,true,false,false,50957058,232,3050,7,8223,450,06,-87,-8,-57,,3,0,,,,2094,65285,0.0168,0.5223,2074,65265,0.0166,0.5221,false,7,0,7,-91,232,2600,0.44,false,false,periodic,45,0,0,,10019,,,,"[{""type"":""LTE"",""pci"":232,""earfcn"":2600,""tac"":null,""rsrp"":-91,""rsrq"":-14,""rssi"":-65,""snr"":null,""ta"":0,""level"":3,""bands"":""5""},{""type"":""LTE"",""pci"":457,""earfcn"":2600,""tac"":null,""rsrp"":-94,""rsrq"":-15,""rssi"":-67,""snr"":null,""ta"":0,""level"":3,""bands"":""5""},{""type"":""LTE"",""pci"":65,""earfcn"":2600,""tac"":null,""rsrp"":-96,""rsrq"":-19,""rssi"":-67,""snr"":null,""ta"":0,""level"":2,""bands"":""5""},{""type"":""LTE"",""pci"":52,""earfcn"":2600,""tac"":null,""rsrp"":-96,""rsrq"":-17,""rssi"":-69,""snr"":null,""ta"":0,""level"":2,""bands"":""5""},{""type"":""LTE"",""pci"":232,""earfcn"":100,""tac"":null,""rsrp"":-96,""rsrq"":-13,""rssi"":-73,""snr"":null,""ta"":0,""level"":2,""bands"":""1""},{""type"":""LTE"",""pci"":137,""earfcn"":3050,""tac"":null,""rsrp"":-98,""rsrq"":-16,""rssi"":-71,""snr"":null,""ta"":0,""level"":2,""bands"":""7""},{""type"":""LTE"",""pci"":52,""earfcn"":100,""tac"":null,""rsrp"":-98,""rsrq"":-15,""rssi"":-73,""snr"":null,""ta"":0,""level"":2,""bands"":""1""}]",1008.3055,52,0.459,0.459,23,13,,,,"[{""b"":""1c:ec:72:6b:e7:11"",""s"":""Public WiFi Secure"",""r"":-46,""f"":2412},{""b"":""22:ec:72:6b:e7:11"",""s"":""Public WiFi Free"",""r"":-46,""f"":2412},{""b"":""26:ec:72:6b:e7:10"",""s"":""SEOUL_Secure"",""r"":-53,""f"":5640},{""b"":""1c:ec:72:6b:e7:10"",""s"":""Public WiFi Secure"",""r"":-53,""f"":5640},{""b"":""22:ec:72:6b:e7:10"",""s"":""Public WiFi Free"",""r"":-54,""f"":5640},{""b"":""12:f4:5e:30:11:87"",""s"":"""",""r"":-68,""f"":2412},{""b"":""80:ca:4b:84:37:f2"",""s"":""U+Net37F0"",""r"":-72,""f"":2452},{""b"":""40:d5:21:62:c8:2d"",""s"":""Kia_RZlX"",""r"":-73,""f"":5805},{""b"":""1e:ec:72:6b:e7:0f"",""s"":""Public WiFi Secure"",""r"":-75,""f"":6115},{""b"":""d4:6e:0e:7b:5e:c6"",""s"":""TP-LINK_5EC6"",""r"":-75,""f"":2442},{""b"":""00:08:52:4a:19:11"",""s"":""SK_WiFi1910"",""r"":-75,""f"":2412},{""b"":""1e:ec:72:6b:e7:00"",""s"":""Public WiFi Free"",""r"":-75,""f"":6115},{""b"":""1e:ec:72:6b:e7:01"",""s"":""SEOUL_Secure"",""r"":-75,""f"":6115},{""b"":""80:ca:4b:84:37:f3"",""s"":""U+Net37F0_5G"",""r"":-76,""f"":5745},{""b"":""bc:10:2f:54:52:dc"",""s"":""Samsung AirPurifier_E50AJTAP189L"",""r"":-78,""f"":2412}]",""
1790677441776,2026-09-29 19:24:01,car,37.5384309,127.0908494,11.22,0.0,,51.05254404687035,fused,0,LTE,NR_NSA,5G,true,false,true,false,false,50957058,232,3050,7,8223,450,06,-91,-8,-63,,3,0,,,,7524,66388,0.0602,0.5311,7504,66368,0.0600,0.5309,false,10,0,10,-89,232,2600,2.1773872E-4,false,false,periodic,50,0,-4,,5002,,,,"[{""type"":""LTE"",""pci"":232,""earfcn"":2600,""tac"":null,""rsrp"":-89,""rsrq"":-13,""rssi"":-65,""snr"":null,""ta"":0,""level"":3,""bands"":""5""},{""type"":""LTE"",""pci"":232,""earfcn"":100,""tac"":null,""rsrp"":-91,""rsrq"":-11,""rssi"":-69,""snr"":null,""ta"":0,""level"":3,""bands"":""1""},{""type"":""LTE"",""pci"":457,""earfcn"":2600,""tac"":null,""rsrp"":-92,""rsrq"":-18,""rssi"":-65,""snr"":null,""ta"":0,""level"":3,""bands"":""5""},{""type"":""LTE"",""pci"":137,""earfcn"":2600,""tac"":null,""rsrp"":-92,""rsrq"":-18,""rssi"":-65,""snr"":null,""ta"":0,""level"":3,""bands"":""5""},{""type"":""LTE"",""pci"":52,""earfcn"":2600,""tac"":null,""rsrp"":-94,""rsrq"":-20,""rssi"":-65,""snr"":null,""ta"":0,""level"":3,""bands"":""5""},{""type"":""LTE"",""pci"":237,""earfcn"":2600,""tac"":null,""rsrp"":-94,""rsrq"":-17,""rssi"":-65,""snr"":null,""ta"":0,""level"":3,""bands"":""5""},{""type"":""LTE"",""pci"":65,""earfcn"":2600,""tac"":null,""rsrp"":-95,""rsrq"":-20,""rssi"":-65,""snr"":null,""ta"":0,""level"":3,""bands"":""5""},{""type"":""LTE"",""pci"":457,""earfcn"":100,""tac"":null,""rsrp"":-97,""rsrq"":-17,""rssi"":-69,""snr"":null,""ta"":0,""level"":2,""bands"":""1""},{""type"":""LTE"",""pci"":137,""earfcn"":3050,""tac"":null,""rsrp"":-98,""rsrq"":-12,""rssi"":-75,""snr"":null,""ta"":0,""level"":2,""bands"":""7""},{""type"":""LTE"",""pci"":240,""earfcn"":100,""tac"":null,""rsrp"":-98,""rsrq"":-16,""rssi"":-69,""snr"":null,""ta"":0,""level"":2,""bands"":""1""}]",1008.3214,52,0.459,0.459,45,4,,,,"[{""b"":""26:ec:72:6b:e7:11"",""s"":""SEOUL_Secure"",""r"":-46,""f"":2412},{""b"":""22:ec:72:6b:e7:11"",""s"":""Public WiFi Free"",""r"":-46,""f"":2412},{""b"":""1c:ec:72:6b:e7:11"",""s"":""Public WiFi Secure"",""r"":-47,""f"":2412},{""b"":""26:ec:72:6b:e7:10"",""s"":""SEOUL_Secure"",""r"":-53,""f"":5640},{""b"":""1c:ec:72:6b:e7:10"",""s"":""Public WiFi Secure"",""r"":-53,""f"":5640},{""b"":""22:ec:72:6b:e7:10"",""s"":""Public WiFi Free"",""r"":-54,""f"":5640},{""b"":""12:f4:5e:30:11:87"",""s"":"""",""r"":-68,""f"":2412},{""b"":""bc:62:ce:ec:c6:62"",""s"":""DLive_C65D"",""r"":-71,""f"":2462},{""b"":""40:d5:21:62:c8:2d"",""s"":""Kia_RZlX"",""r"":-73,""f"":5805},{""b"":""80:ca:4b:84:37:f2"",""s"":""U+Net37F0"",""r"":-73,""f"":2452},{""b"":""1e:ec:72:6b:e7:0f"",""s"":""Public WiFi Secure"",""r"":-75,""f"":6115},{""b"":""d4:6e:0e:7b:5e:c6"",""s"":""TP-LINK_5EC6"",""r"":-75,""f"":2442},{""b"":""1e:ec:72:6b:e7:00"",""s"":""Public WiFi Free"",""r"":-75,""f"":6115},{""b"":""1e:ec:72:6b:e7:01"",""s"":""SEOUL_Secure"",""r"":-75,""f"":6115},{""b"":""0c:96:cd:85:1c:6b"",""s"":""SK_WiFiGIGA_202_2.4G"",""r"":-76,""f"":2442}]",""
1790677446816,2026-09-29 19:24:06,car,37.5384309,127.0908494,9.938,0.0,,51.070628362485024,fused,1,LTE,NR_NSA,5G,true,false,true,false,false,50957058,232,3050,7,8223,450,06,-91,-8,-63,,3,0,,,,2170,65230,0.0174,0.5218,2150,65210,0.0172,0.5217,false,10,0,10,-89,232,2600,9.773238E-8,false,false,periodic,55,0,0,,10042,,,,"[{""type"":""LTE"",""pci"":232,""earfcn"":2600,""tac"":null,""rsrp"":-89,""rsrq"":-13,""rssi"":-65,""snr"":null,""ta"":0,""level"":3,""bands"":""5""},{""type"":""LTE"",""pci"":232,""earfcn"":100,""tac"":null,""rsrp"":-91,""rsrq"":-11,""rssi"":-69,""snr"":null,""ta"":0,""level"":3,""bands"":""1""},{""type"":""LTE"",""pci"":457,""earfcn"":2600,""tac"":null,""rsrp"":-92,""rsrq"":-18,""rssi"":-65,""snr"":null,""ta"":0,""level"":3,""bands"":""5""},{""type"":""LTE"",""pci"":137,""earfcn"":2600,""tac"":null,""rsrp"":-92,""rsrq"":-18,""rssi"":-65,""snr"":null,""ta"":0,""level"":3,""bands"":""5""},{""type"":""LTE"",""pci"":52,""earfcn"":2600,""tac"":null,""rsrp"":-94,""rsrq"":-20,""rssi"":-65,""snr"":null,""ta"":0,""level"":3,""bands"":""5""},{""type"":""LTE"",""pci"":237,""earfcn"":2600,""tac"":null,""rsrp"":-94,""rsrq"":-17,""rssi"":-65,""snr"":null,""ta"":0,""level"":3,""bands"":""5""},{""type"":""LTE"",""pci"":65,""earfcn"":2600,""tac"":null,""rsrp"":-95,""rsrq"":-20,""rssi"":-65,""snr"":null,""ta"":0,""level"":3,""bands"":""5""},{""type"":""LTE"",""pci"":457,""earfcn"":100,""tac"":null,""rsrp"":-97,""rsrq"":-17,""rssi"":-69,""snr"":null,""ta"":0,""level"":2,""bands"":""1""},{""type"":""LTE"",""pci"":137,""earfcn"":3050,""tac"":null,""rsrp"":-98,""rsrq"":-12,""rssi"":-75,""snr"":null,""ta"":0,""level"":2,""bands"":""7""},{""type"":""LTE"",""pci"":240,""earfcn"":100,""tac"":null,""rsrp"":-98,""rsrq"":-16,""rssi"":-69,""snr"":null,""ta"":0,""level"":2,""bands"":""1""}]",1008.3255,56,0.486,0.524,32,2,,,,"[{""b"":""26:ec:72:6b:e7:11"",""s"":""SEOUL_Secure"",""r"":-42,""f"":2412},{""b"":""1c:ec:72:6b:e7:11"",""s"":""Public WiFi Secure"",""r"":-42,""f"":2412},{""b"":""22:ec:72:6b:e7:11"",""s"":""Public WiFi Free"",""r"":-45,""f"":2412},{""b"":""26:ec:72:6b:e7:10"",""s"":""SEOUL_Secure"",""r"":-49,""f"":5640},{""b"":""1c:ec:72:6b:e7:10"",""s"":""Public WiFi Secure"",""r"":-49,""f"":5640},{""b"":""22:ec:72:6b:e7:10"",""s"":""Public WiFi Free"",""r"":-49,""f"":5640},{""b"":""80:ca:4b:9c:6e:d6"",""s"":""U+Net6ED4"",""r"":-69,""f"":2437},{""b"":""cc:1b:5a:0a:dc:e8"",""s"":""Krpost_WiFi_Secure"",""r"":-73,""f"":2437},{""b"":""cc:1b:5a:4a:dc:e8"",""s"":""Krpost_WiFi"",""r"":-73,""f"":2437},{""b"":""80:ca:4b:84:37:f2"",""s"":""U+Net37F0"",""r"":-74,""f"":2452},{""b"":""c6:a9:4f:c1:fd:ed"",""s"":""SK_WiFiGIGAFDEA_2.4G"",""r"":-74,""f"":2422},{""b"":""80:ca:4b:9c:6e:d7"",""s"":""U+Net6ED4_5G"",""r"":-80,""f"":5785},{""b"":""b4:a9:4f:03:33:79"",""s"":""CORNERguui"",""r"":-80,""f"":2442},{""b"":""bc:62:ce:fd:4b:52"",""s"":""DLive_4B4D"",""r"":-80,""f"":2412},{""b"":""28:4e:e9:74:1f:20"",""s"":""KT_GiGA_1F1C"",""r"":-81,""f"":2447}]",""
1790677451840,2026-09-29 19:24:11,car,37.5384309,127.0908494,9.938,0.0,,51.13433176279534,fused,0,LTE,NR_NSA,5G,true,false,true,false,false,50957058,232,3050,7,8223,450,06,-92,-8,-61,,3,0,,,,1259771,64348,10.0782,0.5148,1259731,64308,10.0778,0.5145,false,10,0,10,-90,232,2600,4.681553E-11,false,false,periodic,60,0,-1,,5002,,,,"[{""type"":""LTE"",""pci"":232,""earfcn"":2600,""tac"":null,""rsrp"":-90,""rsrq"":-14,""rssi"":-65,""snr"":null,""ta"":0,""level"":3,""bands"":""5""},{""type"":""LTE"",""pci"":232,""earfcn"":100,""tac"":null,""rsrp"":-90,""rsrq"":-10,""rssi"":-69,""snr"":null,""ta"":0,""level"":3,""bands"":""1""},{""type"":""LTE"",""pci"":457,""earfcn"":2600,""tac"":null,""rsrp"":-92,""rsrq"":-16,""rssi"":-65,""snr"":null,""ta"":0,""level"":3,""bands"":""5""},{""type"":""LTE"",""pci"":237,""earfcn"":2600,""tac"":null,""rsrp"":-95,""rsrq"":-18,""rssi"":-65,""snr"":null,""ta"":0,""level"":3,""bands"":""5""},{""type"":""LTE"",""pci"":240,""earfcn"":100,""tac"":null,""rsrp"":-95,""rsrq"":-16,""rssi"":-69,""snr"":null,""ta"":0,""level"":3,""bands"":""1""},{""type"":""LTE"",""pci"":257,""earfcn"":100,""tac"":null,""rsrp"":-95,""rsrq"":-16,""rssi"":-69,""snr"":null,""ta"":0,""level"":3,""bands"":""1""},{""type"":""LTE"",""pci"":137,""earfcn"":3050,""tac"":null,""rsrp"":-96,""rsrq"":-12,""rssi"":-75,""snr"":null,""ta"":0,""level"":2,""bands"":""7""},{""type"":""LTE"",""pci"":457,""earfcn"":100,""tac"":null,""rsrp"":-97,""rsrq"":-18,""rssi"":-69,""snr"":null,""ta"":0,""level"":2,""bands"":""1""},{""type"":""LTE"",""pci"":137,""earfcn"":2600,""tac"":null,""rsrp"":-98,""rsrq"":-20,""rssi"":-67,""snr"":null,""ta"":0,""level"":2,""bands"":""5""},{""type"":""LTE"",""pci"":257,""earfcn"":3050,""tac"":null,""rsrp"":-100,""rsrq"":-16,""rssi"":-75,""snr"":null,""ta"":0,""level"":2,""bands"":""7""}]",1008.3284,54,0.370,0.459,32,7,,,,"[{""b"":""26:ec:72:6b:e7:11"",""s"":""SEOUL_Secure"",""r"":-42,""f"":2412},{""b"":""1c:ec:72:6b:e7:11"",""s"":""Public WiFi Secure"",""r"":-42,""f"":2412},{""b"":""22:ec:72:6b:e7:11"",""s"":""Public WiFi Free"",""r"":-45,""f"":2412},{""b"":""26:ec:72:6b:e7:10"",""s"":""SEOUL_Secure"",""r"":-49,""f"":5640},{""b"":""1c:ec:72:6b:e7:10"",""s"":""Public WiFi Secure"",""r"":-49,""f"":5640},{""b"":""22:ec:72:6b:e7:10"",""s"":""Public WiFi Free"",""r"":-49,""f"":5640},{""b"":""80:ca:4b:9c:6e:d6"",""s"":""U+Net6ED4"",""r"":-69,""f"":2437},{""b"":""cc:1b:5a:0a:dc:e8"",""s"":""Krpost_WiFi_Secure"",""r"":-73,""f"":2437},{""b"":""cc:1b:5a:4a:dc:e8"",""s"":""Krpost_WiFi"",""r"":-73,""f"":2437},{""b"":""80:ca:4b:84:37:f2"",""s"":""U+Net37F0"",""r"":-74,""f"":2452},{""b"":""c6:a9:4f:c1:fd:ed"",""s"":""SK_WiFiGIGAFDEA_2.4G"",""r"":-74,""f"":2422},{""b"":""80:ca:4b:9c:6e:d7"",""s"":""U+Net6ED4_5G"",""r"":-80,""f"":5785},{""b"":""b4:a9:4f:03:33:79"",""s"":""CORNERguui"",""r"":-80,""f"":2442},{""b"":""bc:62:ce:fd:4b:52"",""s"":""DLive_4B4D"",""r"":-80,""f"":2412},{""b"":""28:4e:e9:74:1f:20"",""s"":""KT_GiGA_1F1C"",""r"":-81,""f"":2447}]",""
1790677456862,2026-09-29 19:24:16,car,37.5384309,127.0908494,9.938,0.0,,51.02640833582909,fused,1,LTE,NR_NSA,5G,true,false,true,false,false,50957058,232,3050,7,8223,450,06,-92,-8,-61,,3,0,,,,2126,65221,0.0170,0.5218,2106,65201,0.0168,0.5216,false,10,0,10,-90,232,2600,2.2425235E-14,false,false,periodic,65,0,0,,10025,,,,"[{""type"":""LTE"",""pci"":232,""earfcn"":2600,""tac"":null,""rsrp"":-90,""rsrq"":-14,""rssi"":-65,""snr"":null,""ta"":0,""level"":3,""bands"":""5""},{""type"":""LTE"",""pci"":232,""earfcn"":100,""tac"":null,""rsrp"":-90,""rsrq"":-10,""rssi"":-69,""snr"":null,""ta"":0,""level"":3,""bands"":""1""},{""type"":""LTE"",""pci"":457,""earfcn"":2600,""tac"":null,""rsrp"":-92,""rsrq"":-16,""rssi"":-65,""snr"":null,""ta"":0,""level"":3,""bands"":""5""},{""type"":""LTE"",""pci"":237,""earfcn"":2600,""tac"":null,""rsrp"":-95,""rsrq"":-18,""rssi"":-65,""snr"":null,""ta"":0,""level"":3,""bands"":""5""},{""type"":""LTE"",""pci"":240,""earfcn"":100,""tac"":null,""rsrp"":-95,""rsrq"":-16,""rssi"":-69,""snr"":null,""ta"":0,""level"":3,""bands"":""1""},{""type"":""LTE"",""pci"":257,""earfcn"":100,""tac"":null,""rsrp"":-95,""rsrq"":-16,""rssi"":-69,""snr"":null,""ta"":0,""level"":3,""bands"":""1""},{""type"":""LTE"",""pci"":137,""earfcn"":3050,""tac"":null,""rsrp"":-96,""rsrq"":-12,""rssi"":-75,""snr"":null,""ta"":0,""level"":2,""bands"":""7""},{""type"":""LTE"",""pci"":457,""earfcn"":100,""tac"":null,""rsrp"":-97,""rsrq"":-18,""rssi"":-69,""snr"":null,""ta"":0,""level"":2,""bands"":""1""},{""type"":""LTE"",""pci"":137,""earfcn"":2600,""tac"":null,""rsrp"":-98,""rsrq"":-20,""rssi"":-67,""snr"":null,""ta"":0,""level"":2,""bands"":""5""},{""type"":""LTE"",""pci"":257,""earfcn"":3050,""tac"":null,""rsrp"":-100,""rsrq"":-16,""rssi"":-75,""snr"":null,""ta"":0,""level"":2,""bands"":""7""}]",1008.32715,55,0.524,0.459,37,2,,,,"[{""b"":""26:ec:72:6b:e7:11"",""s"":""SEOUL_Secure"",""r"":-45,""f"":2412},{""b"":""1c:ec:72:6b:e7:11"",""s"":""Public WiFi Secure"",""r"":-46,""f"":2412},{""b"":""22:ec:72:6b:e7:11"",""s"":""Public WiFi Free"",""r"":-46,""f"":2412},{""b"":""26:ec:72:6b:e7:10"",""s"":""SEOUL_Secure"",""r"":-50,""f"":5640},{""b"":""1c:ec:72:6b:e7:10"",""s"":""Public WiFi Secure"",""r"":-51,""f"":5640},{""b"":""22:ec:72:6b:e7:10"",""s"":""Public WiFi Free"",""r"":-51,""f"":5640},{""b"":""cc:1b:5a:4a:dc:e8"",""s"":""Krpost_WiFi"",""r"":-72,""f"":2437},{""b"":""cc:1b:5a:0a:dc:e8"",""s"":""Krpost_WiFi_Secure"",""r"":-73,""f"":2437},{""b"":""0c:96:cd:85:1c:6b"",""s"":""SK_WiFiGIGA_202_2.4G"",""r"":-74,""f"":2442},{""b"":""28:4e:e9:75:a3:f4"",""s"":""KT_GiGA_A3F0"",""r"":-75,""f"":2447},{""b"":""b4:a9:4f:c1:fd:ed"",""s"":""SK_WiFiGIGAFDEA"",""r"":-76,""f"":2422},{""b"":""1e:ec:72:6b:e7:00"",""s"":""Public WiFi Free"",""r"":-76,""f"":6115},{""b"":""1e:ec:72:6b:e7:01"",""s"":""SEOUL_Secure"",""r"":-76,""f"":6115},{""b"":""1e:ec:72:6b:e7:0f"",""s"":""Public WiFi Secure"",""r"":-77,""f"":6115},{""b"":""80:ca:4b:9c:6e:d7"",""s"":""U+Net6ED4_5G"",""r"":-81,""f"":5785}]",""
1790677461889,2026-09-29 19:24:21,car,37.5384309,127.0908494,9.938,0.0,,51.093001581048924,fused,0,LTE,NR_NSA,5G,true,false,true,false,false,50957058,232,3050,7,8223,450,06,-92,-9,-63,,3,0,,,,1874,65472,0.0150,0.5238,1854,65452,0.0148,0.5236,false,11,0,11,-89,232,2600,1.0398085E-17,false,false,periodic,70,0,0,,5003,,,,"[{""type"":""LTE"",""pci"":232,""earfcn"":2600,""tac"":null,""rsrp"":-89,""rsrq"":-14,""rssi"":-65,""snr"":null,""ta"":0,""level"":3,""bands"":""5""},{""type"":""LTE"",""pci"":232,""earfcn"":100,""tac"":null,""rsrp"":-91,""rsrq"":-10,""rssi"":-69,""snr"":null,""ta"":0,""level"":3,""bands"":""1""},{""type"":""LTE"",""pci"":457,""earfcn"":2600,""tac"":null,""rsrp"":-92,""rsrq"":-15,""rssi"":-65,""snr"":null,""ta"":0,""level"":3,""bands"":""5""},{""type"":""LTE"",""pci"":257,""earfcn"":2600,""tac"":null,""rsrp"":-94,""rsrq"":-19,""rssi"":-65,""snr"":null,""ta"":0,""level"":3,""bands"":""5""},{""type"":""LTE"",""pci"":137,""earfcn"":2600,""tac"":null,""rsrp"":-95,""rsrq"":-20,""rssi"":-63,""snr"":null,""ta"":0,""level"":3,""bands"":""5""},{""type"":""LTE"",""pci"":257,""earfcn"":100,""tac"":null,""rsrp"":-95,""rsrq"":-17,""rssi"":-69,""snr"":null,""ta"":0,""level"":3,""bands"":""1""},{""type"":""LTE"",""pci"":237,""earfcn"":2600,""tac"":null,""rsrp"":-96,""rsrq"":-18,""rssi"":-65,""snr"":null,""ta"":0,""level"":2,""bands"":""5""},{""type"":""LTE"",""pci"":240,""earfcn"":100,""tac"":null,""rsrp"":-96,""rsrq"":-17,""rssi"":-69,""snr"":null,""ta"":0,""level"":2,""bands"":""1""},{""type"":""LTE"",""pci"":457,""earfcn"":100,""tac"":null,""rsrp"":-96,""rsrq"":-18,""rssi"":-67,""snr"":null,""ta"":0,""level"":2,""bands"":""1""},{""type"":""LTE"",""pci"":137,""earfcn"":3050,""tac"":null,""rsrp"":-98,""rsrq"":-13,""rssi"":-75,""snr"":null,""ta"":0,""level"":2,""bands"":""7""},{""type"":""LTE"",""pci"":257,""earfcn"":3050,""tac"":null,""rsrp"":-104,""rsrq"":-18,""rssi"":-75,""snr"":null,""ta"":0,""level"":2,""bands"":""7""}]",1008.3287,61,0.524,0.459,37,7,,,,"[{""b"":""26:ec:72:6b:e7:11"",""s"":""SEOUL_Secure"",""r"":-45,""f"":2412},{""b"":""1c:ec:72:6b:e7:11"",""s"":""Public WiFi Secure"",""r"":-46,""f"":2412},{""b"":""22:ec:72:6b:e7:11"",""s"":""Public WiFi Free"",""r"":-46,""f"":2412},{""b"":""26:ec:72:6b:e7:10"",""s"":""SEOUL_Secure"",""r"":-50,""f"":5640},{""b"":""1c:ec:72:6b:e7:10"",""s"":""Public WiFi Secure"",""r"":-51,""f"":5640},{""b"":""22:ec:72:6b:e7:10"",""s"":""Public WiFi Free"",""r"":-51,""f"":5640},{""b"":""cc:1b:5a:4a:dc:e8"",""s"":""Krpost_WiFi"",""r"":-72,""f"":2437},{""b"":""cc:1b:5a:0a:dc:e8"",""s"":""Krpost_WiFi_Secure"",""r"":-73,""f"":2437},{""b"":""0c:96:cd:85:1c:6b"",""s"":""SK_WiFiGIGA_202_2.4G"",""r"":-74,""f"":2442},{""b"":""28:4e:e9:75:a3:f4"",""s"":""KT_GiGA_A3F0"",""r"":-75,""f"":2447},{""b"":""b4:a9:4f:c1:fd:ed"",""s"":""SK_WiFiGIGAFDEA"",""r"":-76,""f"":2422},{""b"":""1e:ec:72:6b:e7:00"",""s"":""Public WiFi Free"",""r"":-76,""f"":6115},{""b"":""1e:ec:72:6b:e7:01"",""s"":""SEOUL_Secure"",""r"":-76,""f"":6115},{""b"":""1e:ec:72:6b:e7:0f"",""s"":""Public WiFi Secure"",""r"":-77,""f"":6115},{""b"":""80:ca:4b:9c:6e:d7"",""s"":""U+Net6ED4_5G"",""r"":-81,""f"":5785}]",""
1790677466915,2026-09-29 19:24:26,car,37.5384077,127.0908378,9.939,0.96,250.0,51.17372952610769,fused,2,LTE,NR_NSA,5G,true,false,true,false,false,50957058,232,3050,7,8223,450,06,-92,-9,-63,,3,0,,,,1914,65155,0.0153,0.5212,1894,65135,0.0152,0.5211,false,11,0,11,-89,232,2600,0.96,false,false,periodic,75,0,0,,10029,,,,"[{""type"":""LTE"",""pci"":232,""earfcn"":2600,""tac"":null,""rsrp"":-89,""rsrq"":-14,""rssi"":-65,""snr"":null,""ta"":0,""level"":3,""bands"":""5""},{""type"":""LTE"",""pci"":232,""earfcn"":100,""tac"":null,""rsrp"":-91,""rsrq"":-10,""rssi"":-69,""snr"":null,""ta"":0,""level"":3,""bands"":""1""},{""type"":""LTE"",""pci"":457,""earfcn"":2600,""tac"":null,""rsrp"":-92,""rsrq"":-15,""rssi"":-65,""snr"":null,""ta"":0,""level"":3,""bands"":""5""},{""type"":""LTE"",""pci"":257,""earfcn"":2600,""tac"":null,""rsrp"":-94,""rsrq"":-19,""rssi"":-65,""snr"":null,""ta"":0,""level"":3,""bands"":""5""},{""type"":""LTE"",""pci"":137,""earfcn"":2600,""tac"":null,""rsrp"":-95,""rsrq"":-20,""rssi"":-63,""snr"":null,""ta"":0,""level"":3,""bands"":""5""},{""type"":""LTE"",""pci"":257,""earfcn"":100,""tac"":null,""rsrp"":-95,""rsrq"":-17,""rssi"":-69,""snr"":null,""ta"":0,""level"":3,""bands"":""1""},{""type"":""LTE"",""pci"":237,""earfcn"":2600,""tac"":null,""rsrp"":-96,""rsrq"":-18,""rssi"":-65,""snr"":null,""ta"":0,""level"":2,""bands"":""5""},{""type"":""LTE"",""pci"":240,""earfcn"":100,""tac"":null,""rsrp"":-96,""rsrq"":-17,""rssi"":-69,""snr"":null,""ta"":0,""level"":2,""bands"":""1""},{""type"":""LTE"",""pci"":457,""earfcn"":100,""tac"":null,""rsrp"":-96,""rsrq"":-18,""rssi"":-67,""snr"":null,""ta"":0,""level"":2,""bands"":""1""},{""type"":""LTE"",""pci"":137,""earfcn"":3050,""tac"":null,""rsrp"":-98,""rsrq"":-13,""rssi"":-75,""snr"":null,""ta"":0,""level"":2,""bands"":""7""},{""type"":""LTE"",""pci"":257,""earfcn"":3050,""tac"":null,""rsrp"":-104,""rsrq"":-18,""rssi"":-75,""snr"":null,""ta"":0,""level"":2,""bands"":""7""}]",1008.3637,52,0.459,0.459,29,3,,,,"[{""b"":""1c:ec:72:6b:e7:11"",""s"":""Public WiFi Secure"",""r"":-46,""f"":2412},{""b"":""26:ec:72:6b:e7:10"",""s"":""SEOUL_Secure"",""r"":-48,""f"":5640},{""b"":""1c:ec:72:6b:e7:10"",""s"":""Public WiFi Secure"",""r"":-48,""f"":5640},{""b"":""22:ec:72:6b:e7:10"",""s"":""Public WiFi Free"",""r"":-48,""f"":5640},{""b"":""80:ca:4b:9c:6e:d6"",""s"":""U+Net6ED4"",""r"":-69,""f"":2437},{""b"":""cc:1b:5a:4a:dc:e8"",""s"":""Krpost_WiFi"",""r"":-73,""f"":2437},{""b"":""cc:1b:5a:0a:dc:e8"",""s"":""Krpost_WiFi_Secure"",""r"":-74,""f"":2437},{""b"":""00:08:52:4a:19:13"",""s"":"""",""r"":-75,""f"":2412},{""b"":""12:f4:5e:30:11:87"",""s"":"""",""r"":-75,""f"":2412},{""b"":""38:f4:5e:30:11:87"",""s"":""SK_1184_2.4G"",""r"":-77,""f"":2412},{""b"":""28:4e:e9:75:a3:f4"",""s"":""KT_GiGA_A3F0"",""r"":-79,""f"":2447},{""b"":""80:ca:4b:73:95:d2"",""s"":""U+Net95D0"",""r"":-80,""f"":2457},{""b"":""80:ca:4b:9c:6e:d7"",""s"":""U+Net6ED4_5G"",""r"":-81,""f"":5785},{""b"":""cc:1b:5a:4a:dc:ec"",""s"":""Krpost_WiFi"",""r"":-85,""f"":5580},{""b"":""cc:1b:5a:0a:dc:ec"",""s"":""Krpost_WiFi_Secure"",""r"":-85,""f"":5580}]",""
1790677471939,2026-09-29 19:24:31,car,37.5383576,127.0906219,9.944,5.05,252.0,51.13329114920661,fused,1,LTE,NR_NSA,5G,true,false,true,false,false,50957058,232,3050,7,8223,450,06,-87,-7,-59,,3,0,,,,1976,65181,0.0158,0.5214,1971,65161,0.0158,0.5213,false,8,0,8,-87,232,2600,5.05,false,false,periodic,80,0,5,,5000,,,,"[{""type"":""LTE"",""pci"":232,""earfcn"":2600,""tac"":null,""rsrp"":-87,""rsrq"":-12,""rssi"":-65,""snr"":null,""ta"":0,""level"":3,""bands"":""5""},{""type"":""LTE"",""pci"":232,""earfcn"":100,""tac"":null,""rsrp"":-90,""rsrq"":-10,""rssi"":-69,""snr"":null,""ta"":0,""level"":3,""bands"":""1""},{""type"":""LTE"",""pci"":457,""earfcn"":2600,""tac"":null,""rsrp"":-95,""rsrq"":-17,""rssi"":-67,""snr"":null,""ta"":0,""level"":3,""bands"":""5""},{""type"":""LTE"",""pci"":137,""earfcn"":3050,""tac"":null,""rsrp"":-98,""rsrq"":-12,""rssi"":-73,""snr"":null,""ta"":0,""level"":2,""bands"":""7""},{""type"":""LTE"",""pci"":237,""earfcn"":2600,""tac"":null,""rsrp"":-98,""rsrq"":-19,""rssi"":-67,""snr"":null,""ta"":0,""level"":2,""bands"":""5""},{""type"":""LTE"",""pci"":240,""earfcn"":100,""tac"":null,""rsrp"":-98,""rsrq"":-17,""rssi"":-69,""snr"":null,""ta"":0,""level"":2,""bands"":""1""},{""type"":""LTE"",""pci"":457,""earfcn"":100,""tac"":null,""rsrp"":-98,""rsrq"":-18,""rssi"":-69,""snr"":null,""ta"":0,""level"":2,""bands"":""1""},{""type"":""LTE"",""pci"":257,""earfcn"":100,""tac"":null,""rsrp"":-101,""rsrq"":-17,""rssi"":-69,""snr"":null,""ta"":0,""level"":2,""bands"":""1""}]",1008.219,51,0.459,0.524,37,1,,,,"[{""b"":""1c:ec:72:6b:e7:11"",""s"":""Public WiFi Secure"",""r"":-45,""f"":2412},{""b"":""22:ec:72:6b:e7:11"",""s"":""Public WiFi Free"",""r"":-45,""f"":2412},{""b"":""26:ec:72:6b:e7:11"",""s"":""SEOUL_Secure"",""r"":-46,""f"":2412},{""b"":""22:ec:72:6b:e7:10"",""s"":""Public WiFi Free"",""r"":-49,""f"":5640},{""b"":""26:ec:72:6b:e7:10"",""s"":""SEOUL_Secure"",""r"":-50,""f"":5640},{""b"":""1c:ec:72:6b:e7:10"",""s"":""Public WiFi Secure"",""r"":-50,""f"":5640},{""b"":""b4:a9:4f:ca:15:f3"",""s"":""KT_GiGA_15EF"",""r"":-71,""f"":2437},{""b"":""80:ca:4b:e6:c5:b6"",""s"":""U+NetC5B4"",""r"":-73,""f"":2437},{""b"":""90:de:80:43:5d:c2"",""s"":""GNET_BB_MVR_435DC2"",""r"":-74,""f"":2457},{""b"":""38:f4:5e:30:11:87"",""s"":""SK_1184_2.4G"",""r"":-76,""f"":2412},{""b"":""1e:bd:ad:14:2b:83"",""s"":""PublicWiFi@Seoul"",""r"":-76,""f"":2412},{""b"":""1e:bd:ad:14:2b:82"",""s"":""T wifi zone_secure"",""r"":-77,""f"":2412},{""b"":""18:bd:ad:14:2b:80"",""s"":""T wifi zone"",""r"":-78,""f"":2412},{""b"":""88:3c:1c:3e:03:ce"",""s"":""KT_GiGA_2G_03CA"",""r"":-79,""f"":2447},{""b"":""58:86:94:c5:e0:60"",""s"":""Han"",""r"":-86,""f"":5200}]",""
1790677476963,2026-09-29 19:24:36,car,37.5382602,127.0902369,10.122,6.67,252.0,53.29999923706055,fused,0,LTE,NR_NSA,5G,true,false,true,false,false,50957058,232,3050,7,8223,450,06,-87,-7,-59,,3,0,,,,1982,63441,0.0159,0.5075,1928,63401,0.0154,0.5072,false,8,0,8,-87,232,2600,6.67,false,false,periodic,85,0,0,,10020,,,,"[{""type"":""LTE"",""pci"":232,""earfcn"":2600,""tac"":null,""rsrp"":-87,""rsrq"":-12,""rssi"":-65,""snr"":null,""ta"":0,""level"":3,""bands"":""5""},{""type"":""LTE"",""pci"":232,""earfcn"":100,""tac"":null,""rsrp"":-90,""rsrq"":-10,""rssi"":-69,""snr"":null,""ta"":0,""level"":3,""bands"":""1""},{""type"":""LTE"",""pci"":457,""earfcn"":2600,""tac"":null,""rsrp"":-95,""rsrq"":-17,""rssi"":-67,""snr"":null,""ta"":0,""level"":3,""bands"":""5""},{""type"":""LTE"",""pci"":137,""earfcn"":3050,""tac"":null,""rsrp"":-98,""rsrq"":-12,""rssi"":-73,""snr"":null,""ta"":0,""level"":2,""bands"":""7""},{""type"":""LTE"",""pci"":237,""earfcn"":2600,""tac"":null,""rsrp"":-98,""rsrq"":-19,""rssi"":-67,""snr"":null,""ta"":0,""level"":2,""bands"":""5""},{""type"":""LTE"",""pci"":240,""earfcn"":100,""tac"":null,""rsrp"":-98,""rsrq"":-17,""rssi"":-69,""snr"":null,""ta"":0,""level"":2,""bands"":""1""},{""type"":""LTE"",""pci"":457,""earfcn"":100,""tac"":null,""rsrp"":-98,""rsrq"":-18,""rssi"":-69,""snr"":null,""ta"":0,""level"":2,""bands"":""1""},{""type"":""LTE"",""pci"":257,""earfcn"":100,""tac"":null,""rsrp"":-101,""rsrq"":-17,""rssi"":-69,""snr"":null,""ta"":0,""level"":2,""bands"":""1""}]",1008.21967,58,0.459,0.459,47,1,,,,"[{""b"":""1c:ec:72:6b:e7:11"",""s"":""Public WiFi Secure"",""r"":-44,""f"":2412},{""b"":""26:ec:72:6b:e7:11"",""s"":""SEOUL_Secure"",""r"":-46,""f"":2412},{""b"":""22:ec:72:6b:e7:11"",""s"":""Public WiFi Free"",""r"":-46,""f"":2412},{""b"":""26:ec:72:6b:e7:10"",""s"":""SEOUL_Secure"",""r"":-50,""f"":5640},{""b"":""1c:ec:72:6b:e7:10"",""s"":""Public WiFi Secure"",""r"":-50,""f"":5640},{""b"":""22:ec:72:6b:e7:10"",""s"":""Public WiFi Free"",""r"":-50,""f"":5640},{""b"":""80:ca:4b:67:13:5a"",""s"":""U+Net1358"",""r"":-71,""f"":2447},{""b"":""88:36:6c:94:fd:c0"",""s"":""tourmall"",""r"":-75,""f"":2472},{""b"":""1e:39:29:9a:b8:e7"",""s"":"""",""r"":-76,""f"":2437},{""b"":""b4:a9:4f:03:33:79"",""s"":""CORNERguui"",""r"":-78,""f"":2442},{""b"":""b4:a9:4f:c1:fd:ec"",""s"":""SK_WiFiGIGAFDEA"",""r"":-80,""f"":5200},{""b"":""ca:dd:6a:98:7d:2a"",""s"":""[LG_CeilingCassette A\/C]7d2a"",""r"":-80,""f"":2462},{""b"":""1e:ec:72:6b:e7:00"",""s"":""Public WiFi Free"",""r"":-80,""f"":6115},{""b"":""1e:ec:72:6b:e7:01"",""s"":""SEOUL_Secure"",""r"":-80,""f"":6115},{""b"":""dc:70:35:23:66:5a"",""s"":""U+Net6658"",""r"":-81,""f"":2447}]",""
1790677481973,2026-09-29 19:24:41,car,37.5381915,127.0899484,10.196,6.63,251.0,53.29999923706055,fused,1,LTE,NR_NSA,5G,true,false,true,false,false,50957058,232,3050,7,8223,450,06,-82,-8,-51,,4,0,,,,2011,65363,0.0161,0.5229,1991,65343,0.0159,0.5227,false,12,0,12,-79,232,2600,6.63,false,false,periodic,90,0,5,,5004,,,,"[{""type"":""LTE"",""pci"":232,""earfcn"":2600,""tac"":null,""rsrp"":-79,""rsrq"":-9,""rssi"":-61,""snr"":null,""ta"":0,""level"":4,""bands"":""5""},{""type"":""LTE"",""pci"":232,""earfcn"":100,""tac"":null,""rsrp"":-86,""rsrq"":-9,""rssi"":-69,""snr"":null,""ta"":0,""level"":3,""bands"":""1""},{""type"":""LTE"",""pci"":137,""earfcn"":3050,""tac"":null,""rsrp"":-91,""rsrq"":-17,""rssi"":-63,""snr"":null,""ta"":0,""level"":3,""bands"":""7""},{""type"":""LTE"",""pci"":226,""earfcn"":2600,""tac"":null,""rsrp"":-91,""rsrq"":-19,""rssi"":-61,""snr"":null,""ta"":0,""level"":3,""bands"":""5""},{""type"":""LTE"",""pci"":237,""earfcn"":2600,""tac"":null,""rsrp"":-92,""rsrq"":-20,""rssi"":-61,""snr"":null,""ta"":0,""level"":3,""bands"":""5""},{""type"":""LTE"",""pci"":137,""earfcn"":2600,""tac"":null,""rsrp"":-92,""rsrq"":-20,""rssi"":-61,""snr"":null,""ta"":0,""level"":3,""bands"":""5""},{""type"":""LTE"",""pci"":240,""earfcn"":100,""tac"":null,""rsrp"":-93,""rsrq"":-20,""rssi"":-63,""snr"":null,""ta"":0,""level"":3,""bands"":""1""},{""type"":""LTE"",""pci"":226,""earfcn"":100,""tac"":null,""rsrp"":-94,""rsrq"":-14,""rssi"":-69,""snr"":null,""ta"":0,""level"":3,""bands"":""1""},{""type"":""LTE"",""pci"":457,""earfcn"":2600,""tac"":null,""rsrp"":-95,""rsrq"":-20,""rssi"":-61,""snr"":null,""ta"":0,""level"":3,""bands"":""5""},{""type"":""LTE"",""pci"":237,""earfcn"":100,""tac"":null,""rsrp"":-95,""rsrq"":-17,""rssi"":-63,""snr"":null,""ta"":0,""level"":3,""bands"":""1""},{""type"":""LTE"",""pci"":457,""earfcn"":100,""tac"":null,""rsrp"":-96,""rsrq"":-18,""rssi"":-69,""snr"":null,""ta"":0,""level"":2,""bands"":""1""},{""type"":""LTE"",""pci"":257,""earfcn"":100,""tac"":null,""rsrp"":-96,""rsrq"":-20,""rssi"":-65,""snr"":null,""ta"":0,""level"":2,""bands"":""1""}]",1008.30255,52,0.524,0.459,47,6,,,,"[{""b"":""1c:ec:72:6b:e7:11"",""s"":""Public WiFi Secure"",""r"":-44,""f"":2412},{""b"":""26:ec:72:6b:e7:11"",""s"":""SEOUL_Secure"",""r"":-46,""f"":2412},{""b"":""22:ec:72:6b:e7:11"",""s"":""Public WiFi Free"",""r"":-46,""f"":2412},{""b"":""26:ec:72:6b:e7:10"",""s"":""SEOUL_Secure"",""r"":-50,""f"":5640},{""b"":""1c:ec:72:6b:e7:10"",""s"":""Public WiFi Secure"",""r"":-50,""f"":5640},{""b"":""22:ec:72:6b:e7:10"",""s"":""Public WiFi Free"",""r"":-50,""f"":5640},{""b"":""80:ca:4b:67:13:5a"",""s"":""U+Net1358"",""r"":-71,""f"":2447},{""b"":""88:36:6c:94:fd:c0"",""s"":""tourmall"",""r"":-75,""f"":2472},{""b"":""1e:39:29:9a:b8:e7"",""s"":"""",""r"":-76,""f"":2437},{""b"":""b4:a9:4f:03:33:79"",""s"":""CORNERguui"",""r"":-78,""f"":2442},{""b"":""b4:a9:4f:c1:fd:ec"",""s"":""SK_WiFiGIGAFDEA"",""r"":-80,""f"":5200},{""b"":""ca:dd:6a:98:7d:2a"",""s"":""[LG_CeilingCassette A\/C]7d2a"",""r"":-80,""f"":2462},{""b"":""1e:ec:72:6b:e7:00"",""s"":""Public WiFi Free"",""r"":-80,""f"":6115},{""b"":""1e:ec:72:6b:e7:01"",""s"":""SEOUL_Secure"",""r"":-80,""f"":6115},{""b"":""dc:70:35:23:66:5a"",""s"":""U+Net6658"",""r"":-81,""f"":2447}]",""
1790677486999,2026-09-29 19:24:46,car,37.5381137,127.0895929,10.034,3.55,259.0,51.57273901615741,fused,0,LTE,NR_NSA,5G,true,false,true,false,false,50957058,232,3050,7,8223,450,06,-82,-8,-51,,4,0,,,,1976,65155,0.0158,0.5212,1956,65135,0.0156,0.5211,false,12,0,12,-79,232,2600,3.55,false,false,periodic,95,0,0,,10027,,,,"[{""type"":""LTE"",""pci"":232,""earfcn"":2600,""tac"":null,""rsrp"":-79,""rsrq"":-9,""rssi"":-61,""snr"":null,""ta"":0,""level"":4,""bands"":""5""},{""type"":""LTE"",""pci"":232,""earfcn"":100,""tac"":null,""rsrp"":-86,""rsrq"":-9,""rssi"":-69,""snr"":null,""ta"":0,""level"":3,""bands"":""1""},{""type"":""LTE"",""pci"":137,""earfcn"":3050,""tac"":null,""rsrp"":-91,""rsrq"":-17,""rssi"":-63,""snr"":null,""ta"":0,""level"":3,""bands"":""7""},{""type"":""LTE"",""pci"":226,""earfcn"":2600,""tac"":null,""rsrp"":-91,""rsrq"":-19,""rssi"":-61,""snr"":null,""ta"":0,""level"":3,""bands"":""5""},{""type"":""LTE"",""pci"":237,""earfcn"":2600,""tac"":null,""rsrp"":-92,""rsrq"":-20,""rssi"":-61,""snr"":null,""ta"":0,""level"":3,""bands"":""5""},{""type"":""LTE"",""pci"":137,""earfcn"":2600,""tac"":null,""rsrp"":-92,""rsrq"":-20,""rssi"":-61,""snr"":null,""ta"":0,""level"":3,""bands"":""5""},{""type"":""LTE"",""pci"":240,""earfcn"":100,""tac"":null,""rsrp"":-93,""rsrq"":-20,""rssi"":-63,""snr"":null,""ta"":0,""level"":3,""bands"":""1""},{""type"":""LTE"",""pci"":226,""earfcn"":100,""tac"":null,""rsrp"":-94,""rsrq"":-14,""rssi"":-69,""snr"":null,""ta"":0,""level"":3,""bands"":""1""},{""type"":""LTE"",""pci"":457,""earfcn"":2600,""tac"":null,""rsrp"":-95,""rsrq"":-20,""rssi"":-61,""snr"":null,""ta"":0,""level"":3,""bands"":""5""},{""type"":""LTE"",""pci"":237,""earfcn"":100,""tac"":null,""rsrp"":-95,""rsrq"":-17,""rssi"":-63,""snr"":null,""ta"":0,""level"":3,""bands"":""1""},{""type"":""LTE"",""pci"":457,""earfcn"":100,""tac"":null,""rsrp"":-96,""rsrq"":-18,""rssi"":-69,""snr"":null,""ta"":0,""level"":2,""bands"":""1""},{""type"":""LTE"",""pci"":257,""earfcn"":100,""tac"":null,""rsrp"":-96,""rsrq"":-20,""rssi"":-65,""snr"":null,""ta"":0,""level"":2,""bands"":""1""}]",1008.4383,56,0.524,0.459,69,4,,,,"[{""b"":""22:ec:72:6b:e7:11"",""s"":""Public WiFi Free"",""r"":-45,""f"":2412},{""b"":""26:ec:72:6b:e7:11"",""s"":""SEOUL_Secure"",""r"":-46,""f"":2412},{""b"":""1c:ec:72:6b:e7:11"",""s"":""Public WiFi Secure"",""r"":-46,""f"":2412},{""b"":""26:ec:72:6b:e7:10"",""s"":""SEOUL_Secure"",""r"":-51,""f"":5640},{""b"":""1c:ec:72:6b:e7:10"",""s"":""Public WiFi Secure"",""r"":-51,""f"":5640},{""b"":""22:ec:72:6b:e7:10"",""s"":""Public WiFi Free"",""r"":-51,""f"":5640},{""b"":""b4:a9:4f:c1:fd:ed"",""s"":""SK_WiFiGIGAFDEA"",""r"":-55,""f"":2422},{""b"":""88:36:6c:94:fd:c0"",""s"":""tourmall"",""r"":-61,""f"":2472},{""b"":""80:ca:4b:73:95:d2"",""s"":""U+Net95D0"",""r"":-65,""f"":2457},{""b"":""0c:96:cd:e9:75:43"",""s"":""SK_WiFiGIGA7540_2.4G"",""r"":-65,""f"":2442},{""b"":""70:5d:cc:9f:92:48"",""s"":""골드치과"",""r"":-65,""f"":2452},{""b"":""ca:dd:6a:20:0a:db"",""s"":""[LG_CeilingCassette A\/C]0adb"",""r"":-67,""f"":2462},{""b"":""ca:dd:6a:4a:36:77"",""s"":""[LG_CeilingCassette A\/C]3677"",""r"":-69,""f"":2462},{""b"":""1e:ec:72:6b:e7:0f"",""s"":""Public WiFi Secure"",""r"":-70,""f"":6115},{""b"":""1e:ec:72:6b:e7:00"",""s"":""Public WiFi Free"",""r"":-71,""f"":6115}]",""
1790677492023,2026-09-29 19:24:52,car,37.5380914,127.0895343,10.118,0.0,,51.19082005739012,fused,1,LTE,NR_NSA,5G,true,false,true,false,false,50957057,137,3050,7,8223,450,06,-84,-14,-55,,4,0,,,,2034,65181,0.0163,0.5214,2014,65161,0.0161,0.5213,false,8,0,8,-77,137,2600,8.321857,true,false,periodic,0,1,,,4998,50957058,-82,-8,"[{""type"":""LTE"",""pci"":137,""earfcn"":2600,""tac"":null,""rsrp"":-77,""rsrq"":-11,""rssi"":-57,""snr"":null,""ta"":0,""level"":4,""bands"":""5""},{""type"":""LTE"",""pci"":232,""earfcn"":2600,""tac"":null,""rsrp"":-84,""rsrq"":-13,""rssi"":-57,""snr"":null,""ta"":0,""level"":4,""bands"":""5""},{""type"":""LTE"",""pci"":232,""earfcn"":3050,""tac"":null,""rsrp"":-86,""rsrq"":-16,""rssi"":-63,""snr"":null,""ta"":0,""level"":3,""bands"":""7""},{""type"":""LTE"",""pci"":232,""earfcn"":100,""tac"":null,""rsrp"":-87,""rsrq"":-14,""rssi"":-65,""snr"":null,""ta"":0,""level"":3,""bands"":""1""},{""type"":""LTE"",""pci"":227,""earfcn"":100,""tac"":null,""rsrp"":-88,""rsrq"":-18,""rssi"":-59,""snr"":null,""ta"":0,""level"":3,""bands"":""1""},{""type"":""LTE"",""pci"":237,""earfcn"":100,""tac"":null,""rsrp"":-91,""rsrq"":-18,""rssi"":-61,""snr"":null,""ta"":0,""level"":3,""bands"":""1""},{""type"":""LTE"",""pci"":137,""earfcn"":100,""tac"":null,""rsrp"":-93,""rsrq"":-19,""rssi"":-65,""snr"":null,""ta"":0,""level"":3,""bands"":""1""},{""type"":""LTE"",""pci"":226,""earfcn"":100,""tac"":null,""rsrp"":-95,""rsrq"":-20,""rssi"":-65,""snr"":null,""ta"":0,""level"":3,""bands"":""1""}]",1008.9428,52,0.459,0.524,69,9,,,,"[{""b"":""22:ec:72:6b:e7:11"",""s"":""Public WiFi Free"",""r"":-45,""f"":2412},{""b"":""26:ec:72:6b:e7:11"",""s"":""SEOUL_Secure"",""r"":-46,""f"":2412},{""b"":""1c:ec:72:6b:e7:11"",""s"":""Public WiFi Secure"",""r"":-46,""f"":2412},{""b"":""26:ec:72:6b:e7:10"",""s"":""SEOUL_Secure"",""r"":-51,""f"":5640},{""b"":""1c:ec:72:6b:e7:10"",""s"":""Public WiFi Secure"",""r"":-51,""f"":5640},{""b"":""22:ec:72:6b:e7:10"",""s"":""Public WiFi Free"",""r"":-51,""f"":5640},{""b"":""b4:a9:4f:c1:fd:ed"",""s"":""SK_WiFiGIGAFDEA"",""r"":-55,""f"":2422},{""b"":""88:36:6c:94:fd:c0"",""s"":""tourmall"",""r"":-61,""f"":2472},{""b"":""80:ca:4b:73:95:d2"",""s"":""U+Net95D0"",""r"":-65,""f"":2457},{""b"":""0c:96:cd:e9:75:43"",""s"":""SK_WiFiGIGA7540_2.4G"",""r"":-65,""f"":2442},{""b"":""70:5d:cc:9f:92:48"",""s"":""골드치과"",""r"":-65,""f"":2452},{""b"":""ca:dd:6a:20:0a:db"",""s"":""[LG_CeilingCassette A\/C]0adb"",""r"":-67,""f"":2462},{""b"":""ca:dd:6a:4a:36:77"",""s"":""[LG_CeilingCassette A\/C]3677"",""r"":-69,""f"":2462},{""b"":""1e:ec:72:6b:e7:0f"",""s"":""Public WiFi Secure"",""r"":-70,""f"":6115},{""b"":""1e:ec:72:6b:e7:00"",""s"":""Public WiFi Free"",""r"":-71,""f"":6115}]","[{""type"":""LTE"",""pci"":232,""earfcn"":2600,""tac"":null,""rsrp"":-79,""rsrq"":-9,""rssi"":-61,""snr"":null,""ta"":0,""level"":4,""bands"":""5""},{""type"":""LTE"",""pci"":232,""earfcn"":100,""tac"":null,""rsrp"":-86,""rsrq"":-9,""rssi"":-69,""snr"":null,""ta"":0,""level"":3,""bands"":""1""},{""type"":""LTE"",""pci"":137,""earfcn"":3050,""tac"":null,""rsrp"":-91,""rsrq"":-17,""rssi"":-63,""snr"":null,""ta"":0,""level"":3,""bands"":""7""},{""type"":""LTE"",""pci"":226,""earfcn"":2600,""tac"":null,""rsrp"":-91,""rsrq"":-19,""rssi"":-61,""snr"":null,""ta"":0,""level"":3,""bands"":""5""},{""type"":""LTE"",""pci"":237,""earfcn"":2600,""tac"":null,""rsrp"":-92,""rsrq"":-20,""rssi"":-61,""snr"":null,""ta"":0,""level"":3,""bands"":""5""},{""type"":""LTE"",""pci"":137,""earfcn"":2600,""tac"":null,""rsrp"":-92,""rsrq"":-20,""rssi"":-61,""snr"":null,""ta"":0,""level"":3,""bands"":""5""},{""type"":""LTE"",""pci"":240,""earfcn"":100,""tac"":null,""rsrp"":-93,""rsrq"":-20,""rssi"":-63,""snr"":null,""ta"":0,""level"":3,""bands"":""1""},{""type"":""LTE"",""pci"":226,""earfcn"":100,""tac"":null,""rsrp"":-94,""rsrq"":-14,""rssi"":-69,""snr"":null,""ta"":0,""level"":3,""bands"":""1""},{""type"":""LTE"",""pci"":457,""earfcn"":2600,""tac"":null,""rsrp"":-95,""rsrq"":-20,""rssi"":-61,""snr"":null,""ta"":0,""level"":3,""bands"":""5""},{""type"":""LTE"",""pci"":237,""earfcn"":100,""tac"":null,""rsrp"":-95,""rsrq"":-17,""rssi"":-63,""snr"":null,""ta"":0,""level"":3,""bands"":""1""},{""type"":""LTE"",""pci"":457,""earfcn"":100,""tac"":null,""rsrp"":-96,""rsrq"":-18,""rssi"":-69,""snr"":null,""ta"":0,""level"":2,""bands"":""1""},{""type"":""LTE"",""pci"":257,""earfcn"":100,""tac"":null,""rsrp"":-96,""rsrq"":-20,""rssi"":-65,""snr"":null,""ta"":0,""level"":2,""bands"":""1""}]"
1790677497034,2026-09-29 19:24:57,car,37.5380932,127.0895274,10.03,0.0,,50.207570632658545,fused,0,LTE,NR_NSA,5G,true,false,true,false,false,50957057,137,3050,7,8223,450,06,-75,-10,-51,0,4,0,,,,79726,78400,0.6378,0.6272,79686,78360,0.6375,0.6269,false,4,0,4,-77,137,100,0.19231257,false,false,periodic,5,1,9,,2094,,,,"[{""type"":""LTE"",""pci"":137,""earfcn"":100,""tac"":null,""rsrp"":-77,""rsrq"":-14,""rssi"":-55,""snr"":null,""ta"":0,""level"":4,""bands"":""1""},{""type"":""LTE"",""pci"":232,""earfcn"":2600,""tac"":null,""rsrp"":-80,""rsrq"":-13,""rssi"":-55,""snr"":null,""ta"":0,""level"":4,""bands"":""5""},{""type"":""LTE"",""pci"":137,""earfcn"":2600,""tac"":null,""rsrp"":-80,""rsrq"":-13,""rssi"":-55,""snr"":null,""ta"":0,""level"":4,""bands"":""5""},{""type"":""LTE"",""pci"":232,""earfcn"":3050,""tac"":null,""rsrp"":-81,""rsrq"":-16,""rssi"":-55,""snr"":null,""ta"":0,""level"":4,""bands"":""7""}]",1008.5286,57,0.459,0.459,90,4,,,,"[{""b"":""26:ec:72:6b:e7:11"",""s"":""SEOUL_Secure"",""r"":-42,""f"":2412},{""b"":""1c:ec:72:6b:e7:11"",""s"":""Public WiFi Secure"",""r"":-42,""f"":2412},{""b"":""22:ec:72:6b:e7:11"",""s"":""Public WiFi Free"",""r"":-42,""f"":2412},{""b"":""26:ec:72:6b:e7:10"",""s"":""SEOUL_Secure"",""r"":-45,""f"":5640},{""b"":""1c:ec:72:6b:e7:10"",""s"":""Public WiFi Secure"",""r"":-45,""f"":5640},{""b"":""22:ec:72:6b:e7:10"",""s"":""Public WiFi Free"",""r"":-45,""f"":5640},{""b"":""e8:65:d4:3f:4e:81"",""s"":""NEXT_8004N"",""r"":-63,""f"":2437},{""b"":""28:4e:e9:81:f9:b0"",""s"":""hi_order_2G_5050"",""r"":-67,""f"":2432},{""b"":""60:29:d5:44:98:cf"",""s"":""KT_GiGA_98CB"",""r"":-68,""f"":2452},{""b"":""88:36:6c:94:fd:c0"",""s"":""tourmall"",""r"":-68,""f"":2472},{""b"":""28:4e:e9:81:f9:af"",""s"":""hi_order_5G_5050"",""r"":-69,""f"":5765},{""b"":""08:8a:f1:16:b7:78"",""s"":""MERCUSYS_B778"",""r"":-69,""f"":2457},{""b"":""3a:4e:e9:81:f9:af"",""s"":"""",""r"":-69,""f"":5765},{""b"":""fe:19:28:3b:ad:11"",""s"":"""",""r"":-70,""f"":5785},{""b"":""e2:85:4d:dc:00:40"",""s"":""[LG_Wall-Mount A\/C]0040"",""r"":-70,""f"":2437}]",""
1790677502060,2026-09-29 19:25:02,car,37.5380898,127.0895286,10.417,0.0,,50.475540387844674,fused,0,LTE,NR_NSA,5G,true,false,true,false,false,50957057,137,3050,7,8223,450,06,-72,-9,-51,3,4,0,,,,213315,93894,1.7065,0.7512,213295,93874,1.7064,0.7510,false,5,0,5,-73,232,2600,0.14496155,false,false,periodic,10,1,3,3,2103,,,,"[{""type"":""LTE"",""pci"":232,""earfcn"":2600,""tac"":null,""rsrp"":-73,""rsrq"":-12,""rssi"":-51,""snr"":null,""ta"":0,""level"":4,""bands"":""5""},{""type"":""LTE"",""pci"":137,""earfcn"":2600,""tac"":null,""rsrp"":-74,""rsrq"":-14,""rssi"":-51,""snr"":null,""ta"":0,""level"":4,""bands"":""5""},{""type"":""LTE"",""pci"":137,""earfcn"":100,""tac"":null,""rsrp"":-78,""rsrq"":-12,""rssi"":-51,""snr"":null,""ta"":0,""level"":4,""bands"":""1""},{""type"":""LTE"",""pci"":232,""earfcn"":100,""tac"":null,""rsrp"":-82,""rsrq"":-16,""rssi"":-55,""snr"":null,""ta"":0,""level"":4,""bands"":""1""},{""type"":""LTE"",""pci"":232,""earfcn"":3050,""tac"":null,""rsrp"":-83,""rsrq"":-18,""rssi"":-53,""snr"":null,""ta"":0,""level"":4,""bands"":""7""}]",1008.5452,58,0.459,0.459,56,2,,,,"[{""b"":""26:ec:72:6b:e7:10"",""s"":""SEOUL_Secure"",""r"":-42,""f"":5640},{""b"":""1c:ec:72:6b:e7:10"",""s"":""Public WiFi Secure"",""r"":-42,""f"":5640},{""b"":""22:ec:72:6b:e7:10"",""s"":""Public WiFi Free"",""r"":-42,""f"":5640},{""b"":""28:4e:e9:81:f9:af"",""s"":""hi_order_5G_5050"",""r"":-65,""f"":5765},{""b"":""1e:ec:72:6b:e7:00"",""s"":""Public WiFi Free"",""r"":-66,""f"":6115},{""b"":""1e:ec:72:6b:e7:01"",""s"":""SEOUL_Secure"",""r"":-66,""f"":6115},{""b"":""1e:ec:72:6b:e7:0f"",""s"":""Public WiFi Secure"",""r"":-67,""f"":6115},{""b"":""28:4e:e9:7a:8b:a3"",""s"":""KT_GiGA_8B9F"",""r"":-69,""f"":2462},{""b"":""e2:85:4d:dc:00:40"",""s"":""[LG_Wall-Mount A\/C]0040"",""r"":-69,""f"":2437},{""b"":""34:fc:99:60:f8:b9"",""s"":""[system a\/c]_E30AJT0233384L"",""r"":-69,""f"":2412},{""b"":""80:ca:4b:73:95:d2"",""s"":""U+Net95D0"",""r"":-70,""f"":2457},{""b"":""34:fc:99:60:f7:30"",""s"":""[system a\/c]_E30AJT0233376D"",""r"":-72,""f"":2412},{""b"":""34:fc:99:43:88:74"",""s"":""[system a\/c]_E30AJT0233380Y"",""r"":-72,""f"":2412},{""b"":""80:ca:4b:73:95:d3"",""s"":""U+Net95D0_5G"",""r"":-73,""f"":5805},{""b"":""b0:7c:51:bb:ff:c4"",""s"":"""",""r"":-74,""f"":5660}]",""
1790677507071,2026-09-29 19:25:07,car,37.5380905,127.0895277,10.377,0.0,,50.152500602627285,fused,0,LTE,NR_NSA,5G,true,false,true,false,false,50957057,137,3050,7,8223,450,06,-77,-10,-51,4,4,0,,,,26521,69918,0.2122,0.5593,26739,69899,0.2139,0.5592,false,5,0,5,-79,232,2600,0.030836195,false,false,periodic,15,1,-5,1,2113,,,,"[{""type"":""LTE"",""pci"":232,""earfcn"":2600,""tac"":null,""rsrp"":-79,""rsrq"":-15,""rssi"":-53,""snr"":null,""ta"":0,""level"":4,""bands"":""5""},{""type"":""LTE"",""pci"":137,""earfcn"":2600,""tac"":null,""rsrp"":-79,""rsrq"":-13,""rssi"":-53,""snr"":null,""ta"":0,""level"":4,""bands"":""5""},{""type"":""LTE"",""pci"":137,""earfcn"":100,""tac"":null,""rsrp"":-79,""rsrq"":-12,""rssi"":-57,""snr"":null,""ta"":0,""level"":4,""bands"":""1""},{""type"":""LTE"",""pci"":232,""earfcn"":100,""tac"":null,""rsrp"":-82,""rsrq"":-15,""rssi"":-57,""snr"":null,""ta"":0,""level"":4,""bands"":""1""},{""type"":""LTE"",""pci"":232,""earfcn"":3050,""tac"":null,""rsrp"":-83,""rsrq"":-11,""rssi"":-59,""snr"":null,""ta"":0,""level"":4,""bands"":""7""}]",1008.51227,55,0.459,0.459,89,4,,,,"[{""b"":""26:ec:72:6b:e7:10"",""s"":""SEOUL_Secure"",""r"":-40,""f"":5640},{""b"":""1c:ec:72:6b:e7:10"",""s"":""Public WiFi Secure"",""r"":-40,""f"":5640},{""b"":""22:ec:72:6b:e7:10"",""s"":""Public WiFi Free"",""r"":-40,""f"":5640},{""b"":""26:ec:72:6b:e7:11"",""s"":""SEOUL_Secure"",""r"":-48,""f"":2412},{""b"":""1c:ec:72:6b:e7:11"",""s"":""Public WiFi Secure"",""r"":-48,""f"":2412},{""b"":""22:ec:72:6b:e7:11"",""s"":""Public WiFi Free"",""r"":-48,""f"":2412},{""b"":""e8:65:d4:3f:4e:81"",""s"":""NEXT_8004N"",""r"":-60,""f"":2437},{""b"":""1e:ec:72:6b:e7:0f"",""s"":""Public WiFi Secure"",""r"":-66,""f"":6115},{""b"":""28:4e:e9:81:f9:b0"",""s"":""hi_order_2G_5050"",""r"":-66,""f"":2432},{""b"":""1e:ec:72:6b:e7:00"",""s"":""Public WiFi Free"",""r"":-66,""f"":6115},{""b"":""1e:ec:72:6b:e7:01"",""s"":""SEOUL_Secure"",""r"":-66,""f"":6115},{""b"":""28:4e:e9:81:f9:af"",""s"":""hi_order_5G_5050"",""r"":-66,""f"":5765},{""b"":""3a:4e:e9:81:f9:af"",""s"":"""",""r"":-66,""f"":5765},{""b"":""88:36:6c:94:fd:c0"",""s"":""tourmall"",""r"":-68,""f"":2472},{""b"":""80:ca:4b:73:95:d2"",""s"":""U+Net95D0"",""r"":-69,""f"":2457}]",""
1790677512090,2026-09-29 19:25:12,car,37.5380902,127.0895272,10.399,0.0,,49.810017547996516,fused,0,LTE,NR_NSA,5G,true,false,true,false,false,50957057,137,3050,7,8223,450,06,-78,-10,-51,7,4,0,,,,15388,67536,0.1231,0.5403,15145,67516,0.1212,0.5401,false,5,0,5,-78,137,2600,0.22673428,false,false,periodic,20,1,-1,3,2131,,,,"[{""type"":""LTE"",""pci"":137,""earfcn"":2600,""tac"":null,""rsrp"":-78,""rsrq"":-11,""rssi"":-55,""snr"":null,""ta"":0,""level"":4,""bands"":""5""},{""type"":""LTE"",""pci"":232,""earfcn"":2600,""tac"":null,""rsrp"":-81,""rsrq"":-15,""rssi"":-55,""snr"":null,""ta"":0,""level"":4,""bands"":""5""},{""type"":""LTE"",""pci"":137,""earfcn"":100,""tac"":null,""rsrp"":-84,""rsrq"":-13,""rssi"":-59,""snr"":null,""ta"":0,""level"":4,""bands"":""1""},{""type"":""LTE"",""pci"":232,""earfcn"":100,""tac"":null,""rsrp"":-84,""rsrq"":-15,""rssi"":-59,""snr"":null,""ta"":0,""level"":4,""bands"":""1""},{""type"":""LTE"",""pci"":232,""earfcn"":3050,""tac"":null,""rsrp"":-87,""rsrq"":-14,""rssi"":-63,""snr"":null,""ta"":0,""level"":3,""bands"":""7""}]",1008.5233,73,0.524,0.524,89,9,,,,"[{""b"":""26:ec:72:6b:e7:10"",""s"":""SEOUL_Secure"",""r"":-40,""f"":5640},{""b"":""1c:ec:72:6b:e7:10"",""s"":""Public WiFi Secure"",""r"":-40,""f"":5640},{""b"":""22:ec:72:6b:e7:10"",""s"":""Public WiFi Free"",""r"":-40,""f"":5640},{""b"":""26:ec:72:6b:e7:11"",""s"":""SEOUL_Secure"",""r"":-48,""f"":2412},{""b"":""1c:ec:72:6b:e7:11"",""s"":""Public WiFi Secure"",""r"":-48,""f"":2412},{""b"":""22:ec:72:6b:e7:11"",""s"":""Public WiFi Free"",""r"":-48,""f"":2412},{""b"":""e8:65:d4:3f:4e:81"",""s"":""NEXT_8004N"",""r"":-60,""f"":2437},{""b"":""1e:ec:72:6b:e7:0f"",""s"":""Public WiFi Secure"",""r"":-66,""f"":6115},{""b"":""28:4e:e9:81:f9:b0"",""s"":""hi_order_2G_5050"",""r"":-66,""f"":2432},{""b"":""1e:ec:72:6b:e7:00"",""s"":""Public WiFi Free"",""r"":-66,""f"":6115},{""b"":""1e:ec:72:6b:e7:01"",""s"":""SEOUL_Secure"",""r"":-66,""f"":6115},{""b"":""28:4e:e9:81:f9:af"",""s"":""hi_order_5G_5050"",""r"":-66,""f"":5765},{""b"":""3a:4e:e9:81:f9:af"",""s"":"""",""r"":-66,""f"":5765},{""b"":""88:36:6c:94:fd:c0"",""s"":""tourmall"",""r"":-68,""f"":2472},{""b"":""80:ca:4b:73:95:d2"",""s"":""U+Net95D0"",""r"":-69,""f"":2457}]",""
1790677517108,2026-09-29 19:25:17,car,37.5380907,127.0895274,9.984,0.0,,49.825339413187194,fused,0,LTE,NR_NSA,5G,true,false,true,false,false,50957057,137,3050,7,8223,450,06,-78,-9,-51,12,4,0,,,,92862,72343,0.7429,0.5787,92828,72323,0.7426,0.5786,false,5,0,5,-72,232,2600,0.34666756,false,false,periodic,25,1,0,5,209,,,,"[{""type"":""LTE"",""pci"":232,""earfcn"":2600,""tac"":null,""rsrp"":-72,""rsrq"":-13,""rssi"":-51,""snr"":null,""ta"":0,""level"":4,""bands"":""5""},{""type"":""LTE"",""pci"":137,""earfcn"":2600,""tac"":null,""rsrp"":-73,""rsrq"":-13,""rssi"":-51,""snr"":null,""ta"":0,""level"":4,""bands"":""5""},{""type"":""LTE"",""pci"":137,""earfcn"":100,""tac"":null,""rsrp"":-79,""rsrq"":-9,""rssi"":-51,""snr"":null,""ta"":0,""level"":4,""bands"":""1""},{""type"":""LTE"",""pci"":232,""earfcn"":100,""tac"":null,""rsrp"":-80,""rsrq"":-10,""rssi"":-61,""snr"":null,""ta"":0,""level"":4,""bands"":""1""},{""type"":""LTE"",""pci"":232,""earfcn"":3050,""tac"":null,""rsrp"":-85,""rsrq"":-14,""rssi"":-57,""snr"":null,""ta"":0,""level"":4,""bands"":""7""}]",1008.6058,52,0.515,0.459,54,2,,,,"[{""b"":""26:ec:72:6b:e7:10"",""s"":""SEOUL_Secure"",""r"":-40,""f"":5640},{""b"":""1c:ec:72:6b:e7:10"",""s"":""Public WiFi Secure"",""r"":-40,""f"":5640},{""b"":""22:ec:72:6b:e7:10"",""s"":""Public WiFi Free"",""r"":-40,""f"":5640},{""b"":""34:fc:99:60:f8:b9"",""s"":""[system a\/c]_E30AJT0233384L"",""r"":-63,""f"":2412},{""b"":""1e:ec:72:6b:e7:0f"",""s"":""Public WiFi Secure"",""r"":-65,""f"":6115},{""b"":""1e:ec:72:6b:e7:00"",""s"":""Public WiFi Free"",""r"":-65,""f"":6115},{""b"":""1e:ec:72:6b:e7:01"",""s"":""SEOUL_Secure"",""r"":-65,""f"":6115},{""b"":""28:4e:e9:81:f9:af"",""s"":""hi_order_5G_5050"",""r"":-67,""f"":5765},{""b"":""3a:4e:e9:81:f9:af"",""s"":"""",""r"":-67,""f"":5765},{""b"":""34:fc:99:60:f7:30"",""s"":""[system a\/c]_E30AJT0233376D"",""r"":-69,""f"":2412},{""b"":""e2:85:4d:dc:00:40"",""s"":""[LG_Wall-Mount A\/C]0040"",""r"":-69,""f"":2437},{""b"":""88:36:6c:94:fd:c0"",""s"":""tourmall"",""r"":-69,""f"":2472},{""b"":""60:29:d5:44:98:cf"",""s"":""KT_GiGA_98CB"",""r"":-70,""f"":2452},{""b"":""38:f4:5e:72:55:57"",""s"":""KT_GiGA_5554"",""r"":-71,""f"":2442},{""b"":""40:d5:21:5d:3e:69"",""s"":""Hyundai_Pnyn"",""r"":-72,""f"":5785}]",""
1790677522138,2026-09-29 19:25:22,car,37.5380906,127.0895273,9.935,0.0,,51.70000076293945,fused,0,LTE,NR_NSA,5G,true,false,true,false,false,50957057,137,3050,7,8223,450,06,-78,-9,-51,12,4,0,,,,12279,72568,0.0982,0.5805,12239,72528,0.0979,0.5802,false,5,0,5,-72,232,2600,0.78127366,false,false,periodic,30,0,0,0,5239,,,,"[{""type"":""LTE"",""pci"":232,""earfcn"":2600,""tac"":null,""rsrp"":-72,""rsrq"":-13,""rssi"":-51,""snr"":null,""ta"":0,""level"":4,""bands"":""5""},{""type"":""LTE"",""pci"":137,""earfcn"":2600,""tac"":null,""rsrp"":-73,""rsrq"":-13,""rssi"":-51,""snr"":null,""ta"":0,""level"":4,""bands"":""5""},{""type"":""LTE"",""pci"":137,""earfcn"":100,""tac"":null,""rsrp"":-79,""rsrq"":-9,""rssi"":-51,""snr"":null,""ta"":0,""level"":4,""bands"":""1""},{""type"":""LTE"",""pci"":232,""earfcn"":100,""tac"":null,""rsrp"":-80,""rsrq"":-10,""rssi"":-61,""snr"":null,""ta"":0,""level"":4,""bands"":""1""},{""type"":""LTE"",""pci"":232,""earfcn"":3050,""tac"":null,""rsrp"":-85,""rsrq"":-14,""rssi"":-57,""snr"":null,""ta"":0,""level"":4,""bands"":""7""}]",1008.6761,55,0.459,0.459,54,7,,,,"[{""b"":""26:ec:72:6b:e7:10"",""s"":""SEOUL_Secure"",""r"":-40,""f"":5640},{""b"":""1c:ec:72:6b:e7:10"",""s"":""Public WiFi Secure"",""r"":-40,""f"":5640},{""b"":""22:ec:72:6b:e7:10"",""s"":""Public WiFi Free"",""r"":-40,""f"":5640},{""b"":""34:fc:99:60:f8:b9"",""s"":""[system a\/c]_E30AJT0233384L"",""r"":-63,""f"":2412},{""b"":""1e:ec:72:6b:e7:0f"",""s"":""Public WiFi Secure"",""r"":-65,""f"":6115},{""b"":""1e:ec:72:6b:e7:00"",""s"":""Public WiFi Free"",""r"":-65,""f"":6115},{""b"":""1e:ec:72:6b:e7:01"",""s"":""SEOUL_Secure"",""r"":-65,""f"":6115},{""b"":""28:4e:e9:81:f9:af"",""s"":""hi_order_5G_5050"",""r"":-67,""f"":5765},{""b"":""3a:4e:e9:81:f9:af"",""s"":"""",""r"":-67,""f"":5765},{""b"":""34:fc:99:60:f7:30"",""s"":""[system a\/c]_E30AJT0233376D"",""r"":-69,""f"":2412},{""b"":""e2:85:4d:dc:00:40"",""s"":""[LG_Wall-Mount A\/C]0040"",""r"":-69,""f"":2437},{""b"":""88:36:6c:94:fd:c0"",""s"":""tourmall"",""r"":-69,""f"":2472},{""b"":""60:29:d5:44:98:cf"",""s"":""KT_GiGA_98CB"",""r"":-70,""f"":2452},{""b"":""38:f4:5e:72:55:57"",""s"":""KT_GiGA_5554"",""r"":-71,""f"":2442},{""b"":""40:d5:21:5d:3e:69"",""s"":""Hyundai_Pnyn"",""r"":-72,""f"":5785}]",""
1790677527166,2026-09-29 19:25:27,car,37.5380909,127.089527,9.935,0.0,,51.70000076293945,fused,1,LTE,NR_NSA,5G,true,false,true,false,false,50957057,137,3050,7,8223,450,06,-78,-9,-51,12,4,0,,,,2088,65406,0.0167,0.5232,2068,65386,0.0165,0.5231,false,5,0,5,-72,232,2600,0.03173289,false,false,periodic,35,0,0,0,10267,,,,"[{""type"":""LTE"",""pci"":232,""earfcn"":2600,""tac"":null,""rsrp"":-72,""rsrq"":-13,""rssi"":-51,""snr"":null,""ta"":0,""level"":4,""bands"":""5""},{""type"":""LTE"",""pci"":137,""earfcn"":2600,""tac"":null,""rsrp"":-73,""rsrq"":-13,""rssi"":-51,""snr"":null,""ta"":0,""level"":4,""bands"":""5""},{""type"":""LTE"",""pci"":137,""earfcn"":100,""tac"":null,""rsrp"":-79,""rsrq"":-9,""rssi"":-51,""snr"":null,""ta"":0,""level"":4,""bands"":""1""},{""type"":""LTE"",""pci"":232,""earfcn"":100,""tac"":null,""rsrp"":-80,""rsrq"":-10,""rssi"":-61,""snr"":null,""ta"":0,""level"":4,""bands"":""1""},{""type"":""LTE"",""pci"":232,""earfcn"":3050,""tac"":null,""rsrp"":-85,""rsrq"":-14,""rssi"":-57,""snr"":null,""ta"":0,""level"":4,""bands"":""7""}]",1008.545,52,0.459,0.459,45,3,,,,"[{""b"":""26:ec:72:6b:e7:10"",""s"":""SEOUL_Secure"",""r"":-47,""f"":5640},{""b"":""1c:ec:72:6b:e7:10"",""s"":""Public WiFi Secure"",""r"":-47,""f"":5640},{""b"":""22:ec:72:6b:e7:10"",""s"":""Public WiFi Free"",""r"":-47,""f"":5640},{""b"":""1c:ec:72:6b:e7:11"",""s"":""Public WiFi Secure"",""r"":-51,""f"":2412},{""b"":""22:ec:72:6b:e7:11"",""s"":""Public WiFi Free"",""r"":-52,""f"":2412},{""b"":""e8:65:d4:3f:4e:81"",""s"":""NEXT_8004N"",""r"":-61,""f"":2437},{""b"":""28:4e:e9:81:f9:af"",""s"":""hi_order_5G_5050"",""r"":-67,""f"":5765},{""b"":""3a:4e:e9:81:f9:af"",""s"":"""",""r"":-67,""f"":5765},{""b"":""60:29:d5:44:98:cf"",""s"":""KT_GiGA_98CB"",""r"":-70,""f"":2452},{""b"":""34:fc:99:60:f8:b9"",""s"":""[system a\/c]_E30AJT0233384L"",""r"":-73,""f"":2412},{""b"":""40:d5:21:5d:3e:69"",""s"":""Hyundai_Pnyn"",""r"":-75,""f"":5785},{""b"":""22:ec:72:4b:de:65"",""s"":""KT_GiGA_Mesh_DE62"",""r"":-75,""f"":2457},{""b"":""1c:ec:72:4b:de:65"",""s"":""KT_GiGA_DE62"",""r"":-76,""f"":2457},{""b"":""80:ca:4b:73:95:d3"",""s"":""U+Net95D0_5G"",""r"":-77,""f"":5805},{""b"":""08:8a:f1:16:b7:78"",""s"":""MERCUSYS_B778"",""r"":-77,""f"":2457}]",""
1790677532192,2026-09-29 19:25:32,car,37.538091,127.0895269,9.935,0.0,,51.599998474121094,fused,0,LTE,NR_NSA,5G,true,false,true,false,false,50957057,137,3050,7,8223,450,06,-79,-9,-51,,4,0,,,,1961,65155,0.0157,0.5212,1941,65135,0.0155,0.5211,false,5,0,5,-79,232,2600,0.0032710591,false,false,periodic,40,0,-1,,5004,,,,"[{""type"":""LTE"",""pci"":232,""earfcn"":2600,""tac"":null,""rsrp"":-79,""rsrq"":-12,""rssi"":-61,""snr"":null,""ta"":0,""level"":4,""bands"":""5""},{""type"":""LTE"",""pci"":232,""earfcn"":3050,""tac"":null,""rsrp"":-84,""rsrq"":-13,""rssi"":-55,""snr"":null,""ta"":0,""level"":4,""bands"":""7""},{""type"":""LTE"",""pci"":137,""earfcn"":2600,""tac"":null,""rsrp"":-85,""rsrq"":-8,""rssi"":-61,""snr"":null,""ta"":0,""level"":4,""bands"":""5""},{""type"":""LTE"",""pci"":232,""earfcn"":100,""tac"":null,""rsrp"":-85,""rsrq"":-12,""rssi"":-63,""snr"":null,""ta"":0,""level"":4,""bands"":""1""},{""type"":""LTE"",""pci"":137,""earfcn"":100,""tac"":null,""rsrp"":-87,""rsrq"":-14,""rssi"":-63,""snr"":null,""ta"":0,""level"":3,""bands"":""1""}]",1008.55115,54,0.524,0.459,47,1,,,,"[{""b"":""1c:ec:72:6b:e7:10"",""s"":""Public WiFi Secure"",""r"":-50,""f"":5640},{""b"":""22:ec:72:6b:e7:10"",""s"":""Public WiFi Free"",""r"":-50,""f"":5640},{""b"":""26:ec:72:6b:e7:10"",""s"":""SEOUL_Secure"",""r"":-51,""f"":5640},{""b"":""26:ec:72:6b:e7:11"",""s"":""SEOUL_Secure"",""r"":-52,""f"":2412},{""b"":""1c:ec:72:6b:e7:11"",""s"":""Public WiFi Secure"",""r"":-52,""f"":2412},{""b"":""22:ec:72:6b:e7:11"",""s"":""Public WiFi Free"",""r"":-52,""f"":2412},{""b"":""b0:7c:51:7b:ff:c4"",""s"":"""",""r"":-53,""f"":2412},{""b"":""e8:65:d4:3f:4e:81"",""s"":""NEXT_8004N"",""r"":-64,""f"":2437},{""b"":""e2:85:4d:dc:00:40"",""s"":""[LG_Wall-Mount A\/C]0040"",""r"":-67,""f"":2437},{""b"":""88:36:6c:94:fd:c0"",""s"":""tourmall"",""r"":-68,""f"":2472},{""b"":""2c:05:47:c7:11:ff"",""s"":""70mai_d06_11ff"",""r"":-70,""f"":2437},{""b"":""28:4e:e9:81:f9:b0"",""s"":""hi_order_2G_5050"",""r"":-70,""f"":2432},{""b"":""b0:7c:51:7b:ff:c0"",""s"":""Public WiFi Secure"",""r"":-71,""f"":2412},{""b"":""60:29:d5:44:98:cf"",""s"":""KT_GiGA_98CB"",""r"":-71,""f"":2452},{""b"":""b4:a9:4f:c1:fd:ed"",""s"":""SK_WiFiGIGAFDEA"",""r"":-72,""f"":2422}]",""
1790677537217,2026-09-29 19:25:37,car,37.5380911,127.089527,9.935,0.0,,51.599998474121094,fused,1,LTE,NR_NSA,5G,true,false,true,false,false,50957057,137,3050,7,8223,450,06,-79,-9,-51,,4,0,,,,2019,65168,0.0162,0.5213,1999,65148,0.0160,0.5212,false,5,0,5,-79,232,2600,0.23019193,false,false,periodic,45,0,0,,10028,,,,"[{""type"":""LTE"",""pci"":232,""earfcn"":2600,""tac"":null,""rsrp"":-79,""rsrq"":-12,""rssi"":-61,""snr"":null,""ta"":0,""level"":4,""bands"":""5""},{""type"":""LTE"",""pci"":232,""earfcn"":3050,""tac"":null,""rsrp"":-84,""rsrq"":-13,""rssi"":-55,""snr"":null,""ta"":0,""level"":4,""bands"":""7""},{""type"":""LTE"",""pci"":137,""earfcn"":2600,""tac"":null,""rsrp"":-85,""rsrq"":-8,""rssi"":-61,""snr"":null,""ta"":0,""level"":4,""bands"":""5""},{""type"":""LTE"",""pci"":232,""earfcn"":100,""tac"":null,""rsrp"":-85,""rsrq"":-12,""rssi"":-63,""snr"":null,""ta"":0,""level"":4,""bands"":""1""},{""type"":""LTE"",""pci"":137,""earfcn"":100,""tac"":null,""rsrp"":-87,""rsrq"":-14,""rssi"":-63,""snr"":null,""ta"":0,""level"":3,""bands"":""1""}]",1008.57135,51,0.459,0.524,47,6,,,,"[{""b"":""1c:ec:72:6b:e7:10"",""s"":""Public WiFi Secure"",""r"":-50,""f"":5640},{""b"":""22:ec:72:6b:e7:10"",""s"":""Public WiFi Free"",""r"":-50,""f"":5640},{""b"":""26:ec:72:6b:e7:10"",""s"":""SEOUL_Secure"",""r"":-51,""f"":5640},{""b"":""26:ec:72:6b:e7:11"",""s"":""SEOUL_Secure"",""r"":-52,""f"":2412},{""b"":""1c:ec:72:6b:e7:11"",""s"":""Public WiFi Secure"",""r"":-52,""f"":2412},{""b"":""22:ec:72:6b:e7:11"",""s"":""Public WiFi Free"",""r"":-52,""f"":2412},{""b"":""b0:7c:51:7b:ff:c4"",""s"":"""",""r"":-53,""f"":2412},{""b"":""e8:65:d4:3f:4e:81"",""s"":""NEXT_8004N"",""r"":-64,""f"":2437},{""b"":""e2:85:4d:dc:00:40"",""s"":""[LG_Wall-Mount A\/C]0040"",""r"":-67,""f"":2437},{""b"":""88:36:6c:94:fd:c0"",""s"":""tourmall"",""r"":-68,""f"":2472},{""b"":""2c:05:47:c7:11:ff"",""s"":""70mai_d06_11ff"",""r"":-70,""f"":2437},{""b"":""28:4e:e9:81:f9:b0"",""s"":""hi_order_2G_5050"",""r"":-70,""f"":2432},{""b"":""b0:7c:51:7b:ff:c0"",""s"":""Public WiFi Secure"",""r"":-71,""f"":2412},{""b"":""60:29:d5:44:98:cf"",""s"":""KT_GiGA_98CB"",""r"":-71,""f"":2452},{""b"":""b4:a9:4f:c1:fd:ed"",""s"":""SK_WiFiGIGAFDEA"",""r"":-72,""f"":2422}]",""
1790677542241,2026-09-29 19:25:42,car,37.5380911,127.089527,9.935,0.0,,49.94423805646177,fused,0,LTE,NR_NSA,5G,true,false,true,false,false,50957057,137,3050,7,8223,450,06,-80,-11,-51,,4,0,,,,2381,65612,0.0190,0.5249,2342,65573,0.0187,0.5246,false,5,0,5,-80,137,100,4.709137E-4,false,false,periodic,50,0,-1,,5003,,,,"[{""type"":""LTE"",""pci"":137,""earfcn"":100,""tac"":null,""rsrp"":-80,""rsrq"":-13,""rssi"":-57,""snr"":null,""ta"":0,""level"":4,""bands"":""1""},{""type"":""LTE"",""pci"":232,""earfcn"":2600,""tac"":null,""rsrp"":-82,""rsrq"":-13,""rssi"":-59,""snr"":null,""ta"":0,""level"":4,""bands"":""5""},{""type"":""LTE"",""pci"":232,""earfcn"":3050,""tac"":null,""rsrp"":-83,""rsrq"":-13,""rssi"":-57,""snr"":null,""ta"":0,""level"":4,""bands"":""7""},{""type"":""LTE"",""pci"":232,""earfcn"":100,""tac"":null,""rsrp"":-84,""rsrq"":-13,""rssi"":-57,""snr"":null,""ta"":0,""level"":4,""bands"":""1""},{""type"":""LTE"",""pci"":137,""earfcn"":2600,""tac"":null,""rsrp"":-85,""rsrq"":-12,""rssi"":-59,""snr"":null,""ta"":0,""level"":4,""bands"":""5""}]",1008.57477,52,0.459,0.524,44,4,,,,"[{""b"":""1c:ec:72:6b:e7:10"",""s"":""Public WiFi Secure"",""r"":-46,""f"":5640},{""b"":""22:ec:72:6b:e7:10"",""s"":""Public WiFi Free"",""r"":-46,""f"":5640},{""b"":""26:ec:72:6b:e7:10"",""s"":""SEOUL_Secure"",""r"":-47,""f"":5640},{""b"":""22:ec:72:6b:e7:11"",""s"":""Public WiFi Free"",""r"":-47,""f"":2412},{""b"":""1c:ec:72:6b:e7:11"",""s"":""Public WiFi Secure"",""r"":-48,""f"":2412},{""b"":""e2:85:4d:dc:00:40"",""s"":""[LG_Wall-Mount A\/C]0040"",""r"":-68,""f"":2437},{""b"":""88:36:6c:94:fd:c0"",""s"":""tourmall"",""r"":-70,""f"":2472},{""b"":""28:4e:e9:81:f9:af"",""s"":""hi_order_5G_5050"",""r"":-70,""f"":5765},{""b"":""40:d5:21:5d:3e:69"",""s"":""Hyundai_Pnyn"",""r"":-72,""f"":5785},{""b"":""b0:7c:51:7b:ff:c4"",""s"":"""",""r"":-73,""f"":2412},{""b"":""38:f4:5e:10:fa:87"",""s"":""SK_FA84_2.4G"",""r"":-74,""f"":2412},{""b"":""0c:96:cd:28:2c:c3"",""s"":""KT_GiGA_2CBF"",""r"":-76,""f"":2427},{""b"":""e8:65:d4:3f:4e:85"",""s"":""NEXT_8004N_5G"",""r"":-76,""f"":5180},{""b"":""fe:19:28:3b:ad:11"",""s"":"""",""r"":-77,""f"":5785},{""b"":""60:29:d5:44:98:ce"",""s"":""KT_GiGA_5G_98CB"",""r"":-80,""f"":5200}]",""
1790677547266,2026-09-29 19:25:47,car,37.5380916,127.0895273,9.935,0.0,,51.70000076293945,fused,1,LTE,NR_NSA,5G,true,false,true,false,false,50957057,137,3050,7,8223,450,06,-80,-11,-51,,4,0,,,,1904,63490,0.0152,0.5079,1884,63471,0.0151,0.5078,false,5,0,5,-80,137,100,2.255239E-7,false,false,periodic,55,0,0,,10028,,,,"[{""type"":""LTE"",""pci"":137,""earfcn"":100,""tac"":null,""rsrp"":-80,""rsrq"":-13,""rssi"":-57,""snr"":null,""ta"":0,""level"":4,""bands"":""1""},{""type"":""LTE"",""pci"":232,""earfcn"":2600,""tac"":null,""rsrp"":-82,""rsrq"":-13,""rssi"":-59,""snr"":null,""ta"":0,""level"":4,""bands"":""5""},{""type"":""LTE"",""pci"":232,""earfcn"":3050,""tac"":null,""rsrp"":-83,""rsrq"":-13,""rssi"":-57,""snr"":null,""ta"":0,""level"":4,""bands"":""7""},{""type"":""LTE"",""pci"":232,""earfcn"":100,""tac"":null,""rsrp"":-84,""rsrq"":-13,""rssi"":-57,""snr"":null,""ta"":0,""level"":4,""bands"":""1""},{""type"":""LTE"",""pci"":137,""earfcn"":2600,""tac"":null,""rsrp"":-85,""rsrq"":-12,""rssi"":-59,""snr"":null,""ta"":0,""level"":4,""bands"":""5""}]",1008.562,52,0.524,0.459,49,4,,,,"[{""b"":""26:ec:72:6b:e7:10"",""s"":""SEOUL_Secure"",""r"":-47,""f"":5640},{""b"":""1c:ec:72:6b:e7:10"",""s"":""Public WiFi Secure"",""r"":-47,""f"":5640},{""b"":""22:ec:72:6b:e7:10"",""s"":""Public WiFi Free"",""r"":-47,""f"":5640},{""b"":""26:ec:72:6b:e7:11"",""s"":""SEOUL_Secure"",""r"":-50,""f"":2412},{""b"":""1c:ec:72:6b:e7:11"",""s"":""Public WiFi Secure"",""r"":-50,""f"":2412},{""b"":""22:ec:72:6b:e7:11"",""s"":""Public WiFi Free"",""r"":-50,""f"":2412},{""b"":""e8:65:d4:3f:4e:81"",""s"":""NEXT_8004N"",""r"":-61,""f"":2432},{""b"":""34:fc:99:60:f8:b9"",""s"":""[system a\/c]_E30AJT0233384L"",""r"":-68,""f"":2412},{""b"":""2c:05:47:c7:11:ff"",""s"":""70mai_d06_11ff"",""r"":-69,""f"":2437},{""b"":""60:29:d5:44:98:cf"",""s"":""KT_GiGA_98CB"",""r"":-69,""f"":2452},{""b"":""28:4e:e9:81:f9:af"",""s"":""hi_order_5G_5050"",""r"":-70,""f"":5765},{""b"":""3a:4e:e9:81:f9:af"",""s"":"""",""r"":-70,""f"":5765},{""b"":""86:25:19:e3:a7:68"",""s"":""DIRECT-68 C56x Series"",""r"":-74,""f"":2452},{""b"":""40:d5:21:5d:3e:69"",""s"":""Hyundai_Pnyn"",""r"":-74,""f"":5785},{""b"":""1e:ec:72:6b:e7:0f"",""s"":""Public WiFi Secure"",""r"":-76,""f"":6115}]",""
1790677552294,2026-09-29 19:25:52,car,37.5380828,127.0895079,9.935,1.57,248.0,51.70000076293945,fused,0,LTE,NR_NSA,5G,true,false,true,false,false,50957057,137,3050,7,8223,450,06,-81,-10,-53,,4,0,,,,1258876,65696,10.0710,0.5256,1258856,65676,10.0708,0.5254,false,6,0,6,-75,137,2600,1.57,false,false,periodic,60,0,-1,,5003,,,,"[{""type"":""LTE"",""pci"":137,""earfcn"":2600,""tac"":null,""rsrp"":-75,""rsrq"":-12,""rssi"":-53,""snr"":null,""ta"":0,""level"":4,""bands"":""5""},{""type"":""LTE"",""pci"":232,""earfcn"":2600,""tac"":null,""rsrp"":-83,""rsrq"":-17,""rssi"":-53,""snr"":null,""ta"":0,""level"":4,""bands"":""5""},{""type"":""LTE"",""pci"":232,""earfcn"":3050,""tac"":null,""rsrp"":-84,""rsrq"":-12,""rssi"":-63,""snr"":null,""ta"":0,""level"":4,""bands"":""7""},{""type"":""LTE"",""pci"":137,""earfcn"":100,""tac"":null,""rsrp"":-86,""rsrq"":-12,""rssi"":-65,""snr"":null,""ta"":0,""level"":3,""bands"":""1""},{""type"":""LTE"",""pci"":232,""earfcn"":100,""tac"":null,""rsrp"":-88,""rsrq"":-13,""rssi"":-65,""snr"":null,""ta"":0,""level"":3,""bands"":""1""},{""type"":""LTE"",""pci"":237,""earfcn"":100,""tac"":null,""rsrp"":-98,""rsrq"":-19,""rssi"":-67,""snr"":null,""ta"":0,""level"":2,""bands"":""1""}]",1008.6064,59,0.452,0.459,49,9,,,,"[{""b"":""26:ec:72:6b:e7:10"",""s"":""SEOUL_Secure"",""r"":-47,""f"":5640},{""b"":""1c:ec:72:6b:e7:10"",""s"":""Public WiFi Secure"",""r"":-47,""f"":5640},{""b"":""22:ec:72:6b:e7:10"",""s"":""Public WiFi Free"",""r"":-47,""f"":5640},{""b"":""26:ec:72:6b:e7:11"",""s"":""SEOUL_Secure"",""r"":-50,""f"":2412},{""b"":""1c:ec:72:6b:e7:11"",""s"":""Public WiFi Secure"",""r"":-50,""f"":2412},{""b"":""22:ec:72:6b:e7:11"",""s"":""Public WiFi Free"",""r"":-50,""f"":2412},{""b"":""e8:65:d4:3f:4e:81"",""s"":""NEXT_8004N"",""r"":-61,""f"":2432},{""b"":""34:fc:99:60:f8:b9"",""s"":""[system a\/c]_E30AJT0233384L"",""r"":-68,""f"":2412},{""b"":""2c:05:47:c7:11:ff"",""s"":""70mai_d06_11ff"",""r"":-69,""f"":2437},{""b"":""60:29:d5:44:98:cf"",""s"":""KT_GiGA_98CB"",""r"":-69,""f"":2452},{""b"":""28:4e:e9:81:f9:af"",""s"":""hi_order_5G_5050"",""r"":-70,""f"":5765},{""b"":""3a:4e:e9:81:f9:af"",""s"":"""",""r"":-70,""f"":5765},{""b"":""86:25:19:e3:a7:68"",""s"":""DIRECT-68 C56x Series"",""r"":-74,""f"":2452},{""b"":""40:d5:21:5d:3e:69"",""s"":""Hyundai_Pnyn"",""r"":-74,""f"":5785},{""b"":""1e:ec:72:6b:e7:0f"",""s"":""Public WiFi Secure"",""r"":-76,""f"":6115}]",""
1790677557317,2026-09-29 19:25:57,car,37.5380466,127.0893552,10.008,4.82,241.0,51.70000076293945,fused,1,LTE,NR_NSA,5G,true,false,true,false,false,50957057,137,3050,7,8223,450,06,-81,-10,-53,,4,0,,,,2005,65194,0.0160,0.5216,1986,65174,0.0159,0.5214,false,6,0,6,-75,137,2600,4.82,false,false,periodic,65,0,0,,10026,,,,"[{""type"":""LTE"",""pci"":137,""earfcn"":2600,""tac"":null,""rsrp"":-75,""rsrq"":-12,""rssi"":-53,""snr"":null,""ta"":0,""level"":4,""bands"":""5""},{""type"":""LTE"",""pci"":232,""earfcn"":2600,""tac"":null,""rsrp"":-83,""rsrq"":-17,""rssi"":-53,""snr"":null,""ta"":0,""level"":4,""bands"":""5""},{""type"":""LTE"",""pci"":232,""earfcn"":3050,""tac"":null,""rsrp"":-84,""rsrq"":-12,""rssi"":-63,""snr"":null,""ta"":0,""level"":4,""bands"":""7""},{""type"":""LTE"",""pci"":137,""earfcn"":100,""tac"":null,""rsrp"":-86,""rsrq"":-12,""rssi"":-65,""snr"":null,""ta"":0,""level"":3,""bands"":""1""},{""type"":""LTE"",""pci"":232,""earfcn"":100,""tac"":null,""rsrp"":-88,""rsrq"":-13,""rssi"":-65,""snr"":null,""ta"":0,""level"":3,""bands"":""1""},{""type"":""LTE"",""pci"":237,""earfcn"":100,""tac"":null,""rsrp"":-98,""rsrq"":-19,""rssi"":-67,""snr"":null,""ta"":0,""level"":2,""bands"":""1""}]",1008.5911,55,0.459,0.524,50,2,,,,"[{""b"":""1c:ec:72:6b:e7:10"",""s"":""Public WiFi Secure"",""r"":-49,""f"":5640},{""b"":""22:ec:72:6b:e7:10"",""s"":""Public WiFi Free"",""r"":-49,""f"":5640},{""b"":""26:ec:72:6b:e7:10"",""s"":""SEOUL_Secure"",""r"":-50,""f"":5640},{""b"":""26:ec:72:6b:e7:11"",""s"":""SEOUL_Secure"",""r"":-52,""f"":2412},{""b"":""1c:ec:72:6b:e7:11"",""s"":""Public WiFi Secure"",""r"":-52,""f"":2412},{""b"":""22:ec:72:6b:e7:11"",""s"":""Public WiFi Free"",""r"":-52,""f"":2412},{""b"":""88:36:6c:94:fd:c0"",""s"":""tourmall"",""r"":-72,""f"":2472},{""b"":""e2:85:4d:dc:00:40"",""s"":""[LG_Wall-Mount A\/C]0040"",""r"":-73,""f"":2437},{""b"":""12:f4:5e:10:fa:87"",""s"":"""",""r"":-74,""f"":2412},{""b"":""70:5d:cc:9f:92:48"",""s"":""골드치과"",""r"":-74,""f"":2452},{""b"":""08:8a:f1:16:b7:78"",""s"":""MERCUSYS_B778"",""r"":-74,""f"":2457},{""b"":""28:4e:e9:81:f9:af"",""s"":""hi_order_5G_5050"",""r"":-75,""f"":5765},{""b"":""3a:4e:e9:81:f9:af"",""s"":"""",""r"":-75,""f"":5765},{""b"":""80:ca:4b:f1:f1:9a"",""s"":""U+NetF198"",""r"":-77,""f"":2447},{""b"":""8a:ca:4b:73:95:d3"",""s"":"""",""r"":-78,""f"":5805}]",""
1790677562343,2026-09-29 19:26:02,car,37.5379117,127.0888708,10.464,9.15,254.0,51.70000076293945,fused,0,LTE,NR_NSA,5G,true,false,true,false,false,50957057,137,3050,7,8223,450,06,-79,-10,-51,,4,0,,,,1918,65155,0.0153,0.5212,1898,65135,0.0152,0.5211,false,8,0,8,-79,137,2600,9.15,false,false,periodic,70,0,2,,5003,,,,"[{""type"":""LTE"",""pci"":137,""earfcn"":2600,""tac"":null,""rsrp"":-79,""rsrq"":-12,""rssi"":-55,""snr"":null,""ta"":0,""level"":4,""bands"":""5""},{""type"":""LTE"",""pci"":232,""earfcn"":2600,""tac"":null,""rsrp"":-81,""rsrq"":-15,""rssi"":-57,""snr"":null,""ta"":0,""level"":4,""bands"":""5""},{""type"":""LTE"",""pci"":232,""earfcn"":3050,""tac"":null,""rsrp"":-85,""rsrq"":-17,""rssi"":-55,""snr"":null,""ta"":0,""level"":4,""bands"":""7""},{""type"":""LTE"",""pci"":137,""earfcn"":100,""tac"":null,""rsrp"":-85,""rsrq"":-10,""rssi"":-65,""snr"":null,""ta"":0,""level"":4,""bands"":""1""},{""type"":""LTE"",""pci"":257,""earfcn"":2600,""tac"":null,""rsrp"":-87,""rsrq"":-20,""rssi"":-57,""snr"":null,""ta"":0,""level"":3,""bands"":""5""},{""type"":""LTE"",""pci"":232,""earfcn"":100,""tac"":null,""rsrp"":-87,""rsrq"":-12,""rssi"":-65,""snr"":null,""ta"":0,""level"":3,""bands"":""1""},{""type"":""LTE"",""pci"":257,""earfcn"":3050,""tac"":null,""rsrp"":-89,""rsrq"":-16,""rssi"":-61,""snr"":null,""ta"":0,""level"":3,""bands"":""7""},{""type"":""LTE"",""pci"":257,""earfcn"":100,""tac"":null,""rsrp"":-94,""rsrq"":-14,""rssi"":-65,""snr"":null,""ta"":0,""level"":3,""bands"":""1""}]",1008.4555,50,0.524,0.524,45,5,,,,"[{""b"":""1c:ec:72:6b:e7:10"",""s"":""Public WiFi Secure"",""r"":-48,""f"":5640},{""b"":""22:ec:72:6b:e7:10"",""s"":""Public WiFi Free"",""r"":-48,""f"":5640},{""b"":""26:ec:72:6b:e7:10"",""s"":""SEOUL_Secure"",""r"":-49,""f"":5640},{""b"":""1c:ec:72:6b:e7:11"",""s"":""Public WiFi Secure"",""r"":-52,""f"":2412},{""b"":""22:ec:72:6b:e7:11"",""s"":""Public WiFi Free"",""r"":-54,""f"":2412},{""b"":""1e:ec:72:6b:e7:0f"",""s"":""Public WiFi Secure"",""r"":-71,""f"":6115},{""b"":""b4:a9:4f:c1:fd:ed"",""s"":""SK_WiFiGIGAFDEA"",""r"":-72,""f"":2422},{""b"":""1e:ec:72:6b:e7:00"",""s"":""Public WiFi Free"",""r"":-72,""f"":6115},{""b"":""1e:ec:72:6b:e7:01"",""s"":""SEOUL_Secure"",""r"":-72,""f"":6115},{""b"":""38:f4:5e:10:fa:87"",""s"":""SK_FA84_2.4G"",""r"":-72,""f"":2412},{""b"":""1c:ec:72:4b:de:66"",""s"":""KT_GiGA_5G_DE62"",""r"":-74,""f"":5180},{""b"":""22:ec:72:4b:de:66"",""s"":""KT_GiGA_Mesh_DE62"",""r"":-74,""f"":5180},{""b"":""26:ec:72:4b:de:66"",""s"":"""",""r"":-74,""f"":5180},{""b"":""88:36:6c:94:fd:c0"",""s"":""tourmall"",""r"":-76,""f"":2472},{""b"":""34:fc:99:60:f8:b9"",""s"":""[system a\/c]_E30AJT0233384L"",""r"":-78,""f"":2412}]",""
1790677567367,2026-09-29 19:26:07,car,37.5378213,127.0884859,10.479,7.77,252.0,51.70000076293945,fused,1,LTE,NR_NSA,5G,true,false,true,false,false,50957057,137,3050,7,8223,450,06,-79,-10,-51,,4,0,,,,2011,63441,0.0161,0.5075,1971,63401,0.0158,0.5072,false,8,0,8,-79,137,2600,7.77,false,false,periodic,75,0,0,,10026,,,,"[{""type"":""LTE"",""pci"":137,""earfcn"":2600,""tac"":null,""rsrp"":-79,""rsrq"":-12,""rssi"":-55,""snr"":null,""ta"":0,""level"":4,""bands"":""5""},{""type"":""LTE"",""pci"":232,""earfcn"":2600,""tac"":null,""rsrp"":-81,""rsrq"":-15,""rssi"":-57,""snr"":null,""ta"":0,""level"":4,""bands"":""5""},{""type"":""LTE"",""pci"":232,""earfcn"":3050,""tac"":null,""rsrp"":-85,""rsrq"":-17,""rssi"":-55,""snr"":null,""ta"":0,""level"":4,""bands"":""7""},{""type"":""LTE"",""pci"":137,""earfcn"":100,""tac"":null,""rsrp"":-85,""rsrq"":-10,""rssi"":-65,""snr"":null,""ta"":0,""level"":4,""bands"":""1""},{""type"":""LTE"",""pci"":257,""earfcn"":2600,""tac"":null,""rsrp"":-87,""rsrq"":-20,""rssi"":-57,""snr"":null,""ta"":0,""level"":3,""bands"":""5""},{""type"":""LTE"",""pci"":232,""earfcn"":100,""tac"":null,""rsrp"":-87,""rsrq"":-12,""rssi"":-65,""snr"":null,""ta"":0,""level"":3,""bands"":""1""},{""type"":""LTE"",""pci"":257,""earfcn"":3050,""tac"":null,""rsrp"":-89,""rsrq"":-16,""rssi"":-61,""snr"":null,""ta"":0,""level"":3,""bands"":""7""},{""type"":""LTE"",""pci"":257,""earfcn"":100,""tac"":null,""rsrp"":-94,""rsrq"":-14,""rssi"":-65,""snr"":null,""ta"":0,""level"":3,""bands"":""1""}]",1008.39685,53,0.524,0.459,45,10,,,,"[{""b"":""1c:ec:72:6b:e7:10"",""s"":""Public WiFi Secure"",""r"":-48,""f"":5640},{""b"":""22:ec:72:6b:e7:10"",""s"":""Public WiFi Free"",""r"":-48,""f"":5640},{""b"":""26:ec:72:6b:e7:10"",""s"":""SEOUL_Secure"",""r"":-49,""f"":5640},{""b"":""1c:ec:72:6b:e7:11"",""s"":""Public WiFi Secure"",""r"":-52,""f"":2412},{""b"":""22:ec:72:6b:e7:11"",""s"":""Public WiFi Free"",""r"":-54,""f"":2412},{""b"":""1e:ec:72:6b:e7:0f"",""s"":""Public WiFi Secure"",""r"":-71,""f"":6115},{""b"":""b4:a9:4f:c1:fd:ed"",""s"":""SK_WiFiGIGAFDEA"",""r"":-72,""f"":2422},{""b"":""1e:ec:72:6b:e7:00"",""s"":""Public WiFi Free"",""r"":-72,""f"":6115},{""b"":""1e:ec:72:6b:e7:01"",""s"":""SEOUL_Secure"",""r"":-72,""f"":6115},{""b"":""38:f4:5e:10:fa:87"",""s"":""SK_FA84_2.4G"",""r"":-72,""f"":2412},{""b"":""1c:ec:72:4b:de:66"",""s"":""KT_GiGA_5G_DE62"",""r"":-74,""f"":5180},{""b"":""22:ec:72:4b:de:66"",""s"":""KT_GiGA_Mesh_DE62"",""r"":-74,""f"":5180},{""b"":""26:ec:72:4b:de:66"",""s"":"""",""r"":-74,""f"":5180},{""b"":""88:36:6c:94:fd:c0"",""s"":""tourmall"",""r"":-76,""f"":2472},{""b"":""34:fc:99:60:f8:b9"",""s"":""[system a\/c]_E30AJT0233384L"",""r"":-78,""f"":2412}]",""
1790677572388,2026-09-29 19:26:12,car,37.5377379,127.0881485,10.987,2.64,252.0,51.70000076293945,fused,0,LTE,NR_NSA,5G,true,false,true,false,false,50957057,137,3050,7,8223,450,06,-75,-10,-51,,4,0,,,,1978,65220,0.0158,0.5218,1958,65200,0.0157,0.5216,false,12,0,12,-71,137,2600,2.64,false,false,periodic,80,0,4,,5004,,,,"[{""type"":""LTE"",""pci"":137,""earfcn"":2600,""tac"":null,""rsrp"":-71,""rsrq"":-9,""rssi"":-55,""snr"":null,""ta"":0,""level"":4,""bands"":""5""},{""type"":""LTE"",""pci"":137,""earfcn"":100,""tac"":null,""rsrp"":-73,""rsrq"":-9,""rssi"":-51,""snr"":null,""ta"":0,""level"":4,""bands"":""1""},{""type"":""LTE"",""pci"":232,""earfcn"":100,""tac"":null,""rsrp"":-78,""rsrq"":-19,""rssi"":-51,""snr"":null,""ta"":0,""level"":4,""bands"":""1""},{""type"":""LTE"",""pci"":52,""earfcn"":2600,""tac"":null,""rsrp"":-80,""rsrq"":-18,""rssi"":-51,""snr"":null,""ta"":0,""level"":4,""bands"":""5""},{""type"":""LTE"",""pci"":237,""earfcn"":2600,""tac"":null,""rsrp"":-83,""rsrq"":-16,""rssi"":-55,""snr"":null,""ta"":0,""level"":4,""bands"":""5""},{""type"":""LTE"",""pci"":232,""earfcn"":2600,""tac"":null,""rsrp"":-84,""rsrq"":-19,""rssi"":-57,""snr"":null,""ta"":0,""level"":4,""bands"":""5""},{""type"":""LTE"",""pci"":257,""earfcn"":2600,""tac"":null,""rsrp"":-84,""rsrq"":-14,""rssi"":-55,""snr"":null,""ta"":0,""level"":4,""bands"":""5""},{""type"":""LTE"",""pci"":257,""earfcn"":100,""tac"":null,""rsrp"":-85,""rsrq"":-18,""rssi"":-51,""snr"":null,""ta"":0,""level"":4,""bands"":""1""},{""type"":""LTE"",""pci"":139,""earfcn"":100,""tac"":null,""rsrp"":-87,""rsrq"":-19,""rssi"":-51,""snr"":null,""ta"":0,""level"":3,""bands"":""1""},{""type"":""LTE"",""pci"":139,""earfcn"":2600,""tac"":null,""rsrp"":-89,""rsrq"":-20,""rssi"":-57,""snr"":null,""ta"":0,""level"":3,""bands"":""5""},{""type"":""LTE"",""pci"":303,""earfcn"":3050,""tac"":null,""rsrp"":-92,""rsrq"":-18,""rssi"":-65,""snr"":null,""ta"":0,""level"":3,""bands"":""7""},{""type"":""LTE"",""pci"":24,""earfcn"":100,""tac"":null,""rsrp"":-94,""rsrq"":-20,""rssi"":-63,""snr"":null,""ta"":0,""level"":3,""bands"":""1""}]",1008.5063,53,0.459,0.459,45,15,,,,"[{""b"":""1c:ec:72:6b:e7:10"",""s"":""Public WiFi Secure"",""r"":-48,""f"":5640},{""b"":""22:ec:72:6b:e7:10"",""s"":""Public WiFi Free"",""r"":-48,""f"":5640},{""b"":""26:ec:72:6b:e7:10"",""s"":""SEOUL_Secure"",""r"":-49,""f"":5640},{""b"":""1c:ec:72:6b:e7:11"",""s"":""Public WiFi Secure"",""r"":-52,""f"":2412},{""b"":""22:ec:72:6b:e7:11"",""s"":""Public WiFi Free"",""r"":-54,""f"":2412},{""b"":""1e:ec:72:6b:e7:0f"",""s"":""Public WiFi Secure"",""r"":-71,""f"":6115},{""b"":""b4:a9:4f:c1:fd:ed"",""s"":""SK_WiFiGIGAFDEA"",""r"":-72,""f"":2422},{""b"":""1e:ec:72:6b:e7:00"",""s"":""Public WiFi Free"",""r"":-72,""f"":6115},{""b"":""1e:ec:72:6b:e7:01"",""s"":""SEOUL_Secure"",""r"":-72,""f"":6115},{""b"":""38:f4:5e:10:fa:87"",""s"":""SK_FA84_2.4G"",""r"":-72,""f"":2412},{""b"":""1c:ec:72:4b:de:66"",""s"":""KT_GiGA_5G_DE62"",""r"":-74,""f"":5180},{""b"":""22:ec:72:4b:de:66"",""s"":""KT_GiGA_Mesh_DE62"",""r"":-74,""f"":5180},{""b"":""26:ec:72:4b:de:66"",""s"":"""",""r"":-74,""f"":5180},{""b"":""88:36:6c:94:fd:c0"",""s"":""tourmall"",""r"":-76,""f"":2472},{""b"":""34:fc:99:60:f8:b9"",""s"":""[system a\/c]_E30AJT0233384L"",""r"":-78,""f"":2412}]",""
1790677577414,2026-09-29 19:26:17,car,37.5377326,127.0881127,11.095,0.0,,51.70000076293945,fused,1,LTE,NR_NSA,5G,true,false,true,false,false,50957057,137,3050,7,8223,450,06,-75,-10,-51,,4,0,,,,1890,65155,0.0151,0.5212,1870,65135,0.0150,0.5211,false,12,0,12,-71,137,2600,1.0194657,false,false,periodic,85,0,0,,10030,,,,"[{""type"":""LTE"",""pci"":137,""earfcn"":2600,""tac"":null,""rsrp"":-71,""rsrq"":-9,""rssi"":-55,""snr"":null,""ta"":0,""level"":4,""bands"":""5""},{""type"":""LTE"",""pci"":137,""earfcn"":100,""tac"":null,""rsrp"":-73,""rsrq"":-9,""rssi"":-51,""snr"":null,""ta"":0,""level"":4,""bands"":""1""},{""type"":""LTE"",""pci"":232,""earfcn"":100,""tac"":null,""rsrp"":-78,""rsrq"":-19,""rssi"":-51,""snr"":null,""ta"":0,""level"":4,""bands"":""1""},{""type"":""LTE"",""pci"":52,""earfcn"":2600,""tac"":null,""rsrp"":-80,""rsrq"":-18,""rssi"":-51,""snr"":null,""ta"":0,""level"":4,""bands"":""5""},{""type"":""LTE"",""pci"":237,""earfcn"":2600,""tac"":null,""rsrp"":-83,""rsrq"":-16,""rssi"":-55,""snr"":null,""ta"":0,""level"":4,""bands"":""5""},{""type"":""LTE"",""pci"":232,""earfcn"":2600,""tac"":null,""rsrp"":-84,""rsrq"":-19,""rssi"":-57,""snr"":null,""ta"":0,""level"":4,""bands"":""5""},{""type"":""LTE"",""pci"":257,""earfcn"":2600,""tac"":null,""rsrp"":-84,""rsrq"":-14,""rssi"":-55,""snr"":null,""ta"":0,""level"":4,""bands"":""5""},{""type"":""LTE"",""pci"":257,""earfcn"":100,""tac"":null,""rsrp"":-85,""rsrq"":-18,""rssi"":-51,""snr"":null,""ta"":0,""level"":4,""bands"":""1""},{""type"":""LTE"",""pci"":139,""earfcn"":100,""tac"":null,""rsrp"":-87,""rsrq"":-19,""rssi"":-51,""snr"":null,""ta"":0,""level"":3,""bands"":""1""},{""type"":""LTE"",""pci"":139,""earfcn"":2600,""tac"":null,""rsrp"":-89,""rsrq"":-20,""rssi"":-57,""snr"":null,""ta"":0,""level"":3,""bands"":""5""},{""type"":""LTE"",""pci"":303,""earfcn"":3050,""tac"":null,""rsrp"":-92,""rsrq"":-18,""rssi"":-65,""snr"":null,""ta"":0,""level"":3,""bands"":""7""},{""type"":""LTE"",""pci"":24,""earfcn"":100,""tac"":null,""rsrp"":-94,""rsrq"":-20,""rssi"":-63,""snr"":null,""ta"":0,""level"":3,""bands"":""1""}]",1008.65826,55,0.459,0.459,49,4,,,,"[{""b"":""26:ec:72:6b:e7:10"",""s"":""SEOUL_Secure"",""r"":-49,""f"":5640},{""b"":""1c:ec:72:6b:e7:10"",""s"":""Public WiFi Secure"",""r"":-50,""f"":5640},{""b"":""22:ec:72:6b:e7:10"",""s"":""Public WiFi Free"",""r"":-50,""f"":5640},{""b"":""26:ec:72:6b:e7:11"",""s"":""SEOUL_Secure"",""r"":-56,""f"":2412},{""b"":""00:88:ba:31:2a:cc"",""s"":""Public WiFi Free"",""r"":-60,""f"":2462},{""b"":""e6:ae:d0:0f:28:21"",""s"":""Public WiFi free"",""r"":-65,""f"":2412},{""b"":""02:88:ba:31:2a:cf"",""s"":""SEOUL"",""r"":-67,""f"":5180},{""b"":""b0:7c:51:7b:f1:c0"",""s"":""Public WiFi Secure"",""r"":-67,""f"":2472},{""b"":""b0:7c:51:7b:f1:c2"",""s"":""SEOUL"",""r"":-67,""f"":2472},{""b"":""e6:ae:d0:0f:28:20"",""s"":""SEOUL_Secure"",""r"":-68,""f"":2412},{""b"":""00:88:ba:31:2a:cf"",""s"":""Public WiFi Free"",""r"":-69,""f"":5180},{""b"":""ca:dd:6a:38:6f:7d"",""s"":""[LG_CeilingCassette A\/C]6f7d"",""r"":-69,""f"":2462},{""b"":""c0:c7:0a:5a:2f:51"",""s"":""Public_WiFi Free"",""r"":-70,""f"":2472},{""b"":""0a:88:ba:31:2a:cf"",""s"":""Public WiFi Secure"",""r"":-71,""f"":5180},{""b"":""06:88:ba:31:2a:cf"",""s"":""SEOUL_Secure"",""r"":-71,""f"":5180}]",""
1790677582438,2026-09-29 19:26:22,car,37.5377333,127.0881107,11.118,0.0,,51.70000076293945,fused,0,LTE,NR_NSA,5G,true,false,true,false,false,50957057,137,3050,7,8223,450,06,-76,-7,-51,,4,0,,,,2161,65512,0.0173,0.5241,2141,65492,0.0171,0.5239,false,10,0,10,-69,137,2600,6.61006E-4,false,false,periodic,90,0,-1,,5003,,,,"[{""type"":""LTE"",""pci"":137,""earfcn"":2600,""tac"":null,""rsrp"":-69,""rsrq"":-11,""rssi"":-51,""snr"":null,""ta"":0,""level"":4,""bands"":""5""},{""type"":""LTE"",""pci"":137,""earfcn"":100,""tac"":null,""rsrp"":-73,""rsrq"":-12,""rssi"":-51,""snr"":null,""ta"":0,""level"":4,""bands"":""1""},{""type"":""LTE"",""pci"":139,""earfcn"":2600,""tac"":null,""rsrp"":-74,""rsrq"":-17,""rssi"":-51,""snr"":null,""ta"":0,""level"":4,""bands"":""5""},{""type"":""LTE"",""pci"":237,""earfcn"":2600,""tac"":null,""rsrp"":-75,""rsrq"":-19,""rssi"":-51,""snr"":null,""ta"":0,""level"":4,""bands"":""5""},{""type"":""LTE"",""pci"":303,""earfcn"":2600,""tac"":null,""rsrp"":-77,""rsrq"":-19,""rssi"":-51,""snr"":null,""ta"":0,""level"":4,""bands"":""5""},{""type"":""LTE"",""pci"":257,""earfcn"":2600,""tac"":null,""rsrp"":-80,""rsrq"":-20,""rssi"":-51,""snr"":null,""ta"":0,""level"":4,""bands"":""5""},{""type"":""LTE"",""pci"":278,""earfcn"":100,""tac"":null,""rsrp"":-82,""rsrq"":-20,""rssi"":-51,""snr"":null,""ta"":0,""level"":4,""bands"":""1""},{""type"":""LTE"",""pci"":303,""earfcn"":100,""tac"":null,""rsrp"":-87,""rsrq"":-20,""rssi"":-53,""snr"":null,""ta"":0,""level"":3,""bands"":""1""},{""type"":""LTE"",""pci"":237,""earfcn"":100,""tac"":null,""rsrp"":-87,""rsrq"":-20,""rssi"":-55,""snr"":null,""ta"":0,""level"":3,""bands"":""1""},{""type"":""LTE"",""pci"":303,""earfcn"":3050,""tac"":null,""rsrp"":-96,""rsrq"":-20,""rssi"":-61,""snr"":null,""ta"":0,""level"":2,""bands"":""7""}]",1008.58624,57,0.459,0.524,49,9,,,,"[{""b"":""26:ec:72:6b:e7:10"",""s"":""SEOUL_Secure"",""r"":-49,""f"":5640},{""b"":""1c:ec:72:6b:e7:10"",""s"":""Public WiFi Secure"",""r"":-50,""f"":5640},{""b"":""22:ec:72:6b:e7:10"",""s"":""Public WiFi Free"",""r"":-50,""f"":5640},{""b"":""26:ec:72:6b:e7:11"",""s"":""SEOUL_Secure"",""r"":-56,""f"":2412},{""b"":""00:88:ba:31:2a:cc"",""s"":""Public WiFi Free"",""r"":-60,""f"":2462},{""b"":""e6:ae:d0:0f:28:21"",""s"":""Public WiFi free"",""r"":-65,""f"":2412},{""b"":""02:88:ba:31:2a:cf"",""s"":""SEOUL"",""r"":-67,""f"":5180},{""b"":""b0:7c:51:7b:f1:c0"",""s"":""Public WiFi Secure"",""r"":-67,""f"":2472},{""b"":""b0:7c:51:7b:f1:c2"",""s"":""SEOUL"",""r"":-67,""f"":2472},{""b"":""e6:ae:d0:0f:28:20"",""s"":""SEOUL_Secure"",""r"":-68,""f"":2412},{""b"":""00:88:ba:31:2a:cf"",""s"":""Public WiFi Free"",""r"":-69,""f"":5180},{""b"":""ca:dd:6a:38:6f:7d"",""s"":""[LG_CeilingCassette A\/C]6f7d"",""r"":-69,""f"":2462},{""b"":""c0:c7:0a:5a:2f:51"",""s"":""Public_WiFi Free"",""r"":-70,""f"":2472},{""b"":""0a:88:ba:31:2a:cf"",""s"":""Public WiFi Secure"",""r"":-71,""f"":5180},{""b"":""06:88:ba:31:2a:cf"",""s"":""SEOUL_Secure"",""r"":-71,""f"":5180}]",""
1790677587465,2026-09-29 19:26:27,car,37.5377313,127.0880803,10.457,1.74,253.0,51.29999923706055,fused,1,LTE,NR_NSA,5G,true,false,true,false,false,50957057,137,3050,7,8223,450,06,-76,-7,-51,,4,0,,,,1866,65094,0.0149,0.5208,1841,65122,0.0147,0.5210,false,10,0,10,-69,137,2600,1.74,false,false,periodic,95,0,0,,10032,,,,"[{""type"":""LTE"",""pci"":137,""earfcn"":2600,""tac"":null,""rsrp"":-69,""rsrq"":-11,""rssi"":-51,""snr"":null,""ta"":0,""level"":4,""bands"":""5""},{""type"":""LTE"",""pci"":137,""earfcn"":100,""tac"":null,""rsrp"":-73,""rsrq"":-12,""rssi"":-51,""snr"":null,""ta"":0,""level"":4,""bands"":""1""},{""type"":""LTE"",""pci"":139,""earfcn"":2600,""tac"":null,""rsrp"":-74,""rsrq"":-17,""rssi"":-51,""snr"":null,""ta"":0,""level"":4,""bands"":""5""},{""type"":""LTE"",""pci"":237,""earfcn"":2600,""tac"":null,""rsrp"":-75,""rsrq"":-19,""rssi"":-51,""snr"":null,""ta"":0,""level"":4,""bands"":""5""},{""type"":""LTE"",""pci"":303,""earfcn"":2600,""tac"":null,""rsrp"":-77,""rsrq"":-19,""rssi"":-51,""snr"":null,""ta"":0,""level"":4,""bands"":""5""},{""type"":""LTE"",""pci"":257,""earfcn"":2600,""tac"":null,""rsrp"":-80,""rsrq"":-20,""rssi"":-51,""snr"":null,""ta"":0,""level"":4,""bands"":""5""},{""type"":""LTE"",""pci"":278,""earfcn"":100,""tac"":null,""rsrp"":-82,""rsrq"":-20,""rssi"":-51,""snr"":null,""ta"":0,""level"":4,""bands"":""1""},{""type"":""LTE"",""pci"":303,""earfcn"":100,""tac"":null,""rsrp"":-87,""rsrq"":-20,""rssi"":-53,""snr"":null,""ta"":0,""level"":3,""bands"":""1""},{""type"":""LTE"",""pci"":237,""earfcn"":100,""tac"":null,""rsrp"":-87,""rsrq"":-20,""rssi"":-55,""snr"":null,""ta"":0,""level"":3,""bands"":""1""},{""type"":""LTE"",""pci"":303,""earfcn"":3050,""tac"":null,""rsrp"":-96,""rsrq"":-20,""rssi"":-61,""snr"":null,""ta"":0,""level"":2,""bands"":""7""}]",1008.626,56,0.459,0.524,56,2,,,,"[{""b"":""26:ec:72:6b:e7:11"",""s"":""SEOUL_Secure"",""r"":-47,""f"":2412},{""b"":""22:ec:72:6b:e7:11"",""s"":""Public WiFi Free"",""r"":-47,""f"":2412},{""b"":""1c:ec:72:6b:e7:11"",""s"":""Public WiFi Secure"",""r"":-49,""f"":2412},{""b"":""1c:ec:72:6b:e7:10"",""s"":""Public WiFi Secure"",""r"":-50,""f"":5640},{""b"":""26:ec:72:6b:e7:10"",""s"":""SEOUL_Secure"",""r"":-51,""f"":5640},{""b"":""22:ec:72:6b:e7:10"",""s"":""Public WiFi Free"",""r"":-51,""f"":5640},{""b"":""02:88:ba:31:2a:cc"",""s"":""SEOUL"",""r"":-53,""f"":2462},{""b"":""00:88:ba:31:2a:cc"",""s"":""Public WiFi Free"",""r"":-53,""f"":2462},{""b"":""06:88:ba:31:2a:cf"",""s"":""SEOUL_Secure"",""r"":-56,""f"":5180},{""b"":""0a:88:ba:31:2a:cf"",""s"":""Public WiFi Secure"",""r"":-57,""f"":5180},{""b"":""02:88:ba:31:2a:cf"",""s"":""SEOUL"",""r"":-57,""f"":5180},{""b"":""00:88:ba:31:2a:cf"",""s"":""Public WiFi Free"",""r"":-57,""f"":5180},{""b"":""c0:c7:0a:5a:2f:51"",""s"":""Public_WiFi Free"",""r"":-61,""f"":2472},{""b"":""c0:c7:0a:5a:2f:50"",""s"":""SEOUL"",""r"":-61,""f"":2472},{""b"":""c0:c7:0a:5a:2f:52"",""s"":""SEOUL_Secure"",""r"":-62,""f"":2472}]",""
1790677592495,2026-09-29 19:26:32,car,37.5376585,127.0878064,10.476,5.97,249.0,51.29999923706055,fused,0,LTE,NR_NSA,5G,true,false,true,false,false,50957057,137,3050,7,8223,450,06,-74,-8,-51,,4,0,,,,1917,63413,0.0153,0.5073,1883,63325,0.0151,0.5066,false,6,0,6,-64,137,2600,5.97,false,false,periodic,100,0,2,,5001,,,,"[{""type"":""LTE"",""pci"":137,""earfcn"":2600,""tac"":null,""rsrp"":-64,""rsrq"":-8,""rssi"":-51,""snr"":null,""ta"":0,""level"":4,""bands"":""5""},{""type"":""LTE"",""pci"":137,""earfcn"":100,""tac"":null,""rsrp"":-71,""rsrq"":-13,""rssi"":-51,""snr"":null,""ta"":0,""level"":4,""bands"":""1""},{""type"":""LTE"",""pci"":278,""earfcn"":2600,""tac"":null,""rsrp"":-74,""rsrq"":-17,""rssi"":-51,""snr"":null,""ta"":0,""level"":4,""bands"":""5""},{""type"":""LTE"",""pci"":303,""earfcn"":2600,""tac"":null,""rsrp"":-84,""rsrq"":-20,""rssi"":-51,""snr"":null,""ta"":0,""level"":4,""bands"":""5""},{""type"":""LTE"",""pci"":303,""earfcn"":100,""tac"":null,""rsrp"":-88,""rsrq"":-20,""rssi"":-55,""snr"":null,""ta"":0,""level"":3,""bands"":""1""},{""type"":""LTE"",""pci"":303,""earfcn"":3050,""tac"":null,""rsrp"":-99,""rsrq"":-20,""rssi"":-61,""snr"":null,""ta"":0,""level"":2,""bands"":""7""}]",1008.5847,55,0.459,0.459,56,7,,,,"[{""b"":""26:ec:72:6b:e7:11"",""s"":""SEOUL_Secure"",""r"":-47,""f"":2412},{""b"":""22:ec:72:6b:e7:11"",""s"":""Public WiFi Free"",""r"":-47,""f"":2412},{""b"":""1c:ec:72:6b:e7:11"",""s"":""Public WiFi Secure"",""r"":-49,""f"":2412},{""b"":""1c:ec:72:6b:e7:10"",""s"":""Public WiFi Secure"",""r"":-50,""f"":5640},{""b"":""26:ec:72:6b:e7:10"",""s"":""SEOUL_Secure"",""r"":-51,""f"":5640},{""b"":""22:ec:72:6b:e7:10"",""s"":""Public WiFi Free"",""r"":-51,""f"":5640},{""b"":""02:88:ba:31:2a:cc"",""s"":""SEOUL"",""r"":-53,""f"":2462},{""b"":""00:88:ba:31:2a:cc"",""s"":""Public WiFi Free"",""r"":-53,""f"":2462},{""b"":""06:88:ba:31:2a:cf"",""s"":""SEOUL_Secure"",""r"":-56,""f"":5180},{""b"":""0a:88:ba:31:2a:cf"",""s"":""Public WiFi Secure"",""r"":-57,""f"":5180},{""b"":""02:88:ba:31:2a:cf"",""s"":""SEOUL"",""r"":-57,""f"":5180},{""b"":""00:88:ba:31:2a:cf"",""s"":""Public WiFi Free"",""r"":-57,""f"":5180},{""b"":""c0:c7:0a:5a:2f:51"",""s"":""Public_WiFi Free"",""r"":-61,""f"":2472},{""b"":""c0:c7:0a:5a:2f:50"",""s"":""SEOUL"",""r"":-61,""f"":2472},{""b"":""c0:c7:0a:5a:2f:52"",""s"":""SEOUL_Secure"",""r"":-62,""f"":2472}]",""
1790677597536,2026-09-29 19:26:37,car,37.5375783,127.0875444,11.073,6.51,250.0,51.29999923706055,fused,1,LTE,NR_NSA,5G,true,false,true,false,false,50957057,137,3050,7,8223,450,06,-74,-8,-51,,4,0,,,,6568,66360,0.0525,0.5309,6548,66341,0.0524,0.5307,false,6,0,6,-64,137,2600,6.51,false,false,periodic,105,0,0,,10043,,,,"[{""type"":""LTE"",""pci"":137,""earfcn"":2600,""tac"":null,""rsrp"":-64,""rsrq"":-8,""rssi"":-51,""snr"":null,""ta"":0,""level"":4,""bands"":""5""},{""type"":""LTE"",""pci"":137,""earfcn"":100,""tac"":null,""rsrp"":-71,""rsrq"":-13,""rssi"":-51,""snr"":null,""ta"":0,""level"":4,""bands"":""1""},{""type"":""LTE"",""pci"":278,""earfcn"":2600,""tac"":null,""rsrp"":-74,""rsrq"":-17,""rssi"":-51,""snr"":null,""ta"":0,""level"":4,""bands"":""5""},{""type"":""LTE"",""pci"":303,""earfcn"":2600,""tac"":null,""rsrp"":-84,""rsrq"":-20,""rssi"":-51,""snr"":null,""ta"":0,""level"":4,""bands"":""5""},{""type"":""LTE"",""pci"":303,""earfcn"":100,""tac"":null,""rsrp"":-88,""rsrq"":-20,""rssi"":-55,""snr"":null,""ta"":0,""level"":3,""bands"":""1""},{""type"":""LTE"",""pci"":303,""earfcn"":3050,""tac"":null,""rsrp"":-99,""rsrq"":-20,""rssi"":-61,""snr"":null,""ta"":0,""level"":2,""bands"":""7""}]",1008.5985,52,0.459,0.459,57,5,,,,"[{""b"":""26:ec:72:6b:e7:11"",""s"":""SEOUL_Secure"",""r"":-49,""f"":2412},{""b"":""1c:ec:72:6b:e7:11"",""s"":""Public WiFi Secure"",""r"":-49,""f"":2412},{""b"":""22:ec:72:6b:e7:11"",""s"":""Public WiFi Free"",""r"":-50,""f"":2412},{""b"":""26:ec:72:6b:e7:10"",""s"":""SEOUL_Secure"",""r"":-53,""f"":5640},{""b"":""1c:ec:72:6b:e7:10"",""s"":""Public WiFi Secure"",""r"":-55,""f"":5640},{""b"":""22:ec:72:6b:e7:10"",""s"":""Public WiFi Free"",""r"":-55,""f"":5640},{""b"":""c0:c7:0a:5a:2f:52"",""s"":""SEOUL_Secure"",""r"":-57,""f"":2472},{""b"":""c0:c7:0a:5a:2f:51"",""s"":""Public_WiFi Free"",""r"":-59,""f"":2472},{""b"":""c0:c7:0a:5a:2f:50"",""s"":""SEOUL"",""r"":-59,""f"":2472},{""b"":""86:25:19:ca:68:fc"",""s"":""DIRECT-FC C51x Series"",""r"":-70,""f"":2437},{""b"":""c0:c7:0a:9a:2f:50"",""s"":""SEOUL"",""r"":-71,""f"":5580},{""b"":""b0:7c:51:7b:f1:c3"",""s"":""SEOUL_Secure"",""r"":-71,""f"":2472},{""b"":""c0:c7:0a:9a:2f:51"",""s"":""Public_WiFi Free"",""r"":-71,""f"":5580},{""b"":""c0:c7:0a:9a:2f:52"",""s"":""SEOUL_Secure"",""r"":-71,""f"":5580},{""b"":""b0:7c:51:7b:f1:c2"",""s"":""SEOUL"",""r"":-72,""f"":2472}]",""
1790677602560,2026-09-29 19:26:42,car,37.537458,127.0870594,11.024,7.75,250.0,51.29999923706055,fused,0,LTE,NR_NSA,5G,true,false,true,false,false,50957057,137,3050,7,8223,450,06,-91,-9,-61,,3,0,,,,1976,65181,0.0158,0.5214,1957,65161,0.0157,0.5213,false,11,0,11,-79,137,2600,7.75,false,false,periodic,110,0,-17,,5003,,,,"[{""type"":""LTE"",""pci"":137,""earfcn"":2600,""tac"":null,""rsrp"":-79,""rsrq"":-12,""rssi"":-53,""snr"":null,""ta"":0,""level"":4,""bands"":""5""},{""type"":""LTE"",""pci"":278,""earfcn"":2600,""tac"":null,""rsrp"":-81,""rsrq"":-11,""rssi"":-53,""snr"":null,""ta"":0,""level"":4,""bands"":""5""},{""type"":""LTE"",""pci"":137,""earfcn"":100,""tac"":null,""rsrp"":-86,""rsrq"":-12,""rssi"":-63,""snr"":null,""ta"":0,""level"":3,""bands"":""1""},{""type"":""LTE"",""pci"":278,""earfcn"":100,""tac"":null,""rsrp"":-86,""rsrq"":-13,""rssi"":-63,""snr"":null,""ta"":0,""level"":3,""bands"":""1""},{""type"":""LTE"",""pci"":293,""earfcn"":2600,""tac"":null,""rsrp"":-88,""rsrq"":-17,""rssi"":-61,""snr"":null,""ta"":0,""level"":3,""bands"":""5""},{""type"":""LTE"",""pci"":303,""earfcn"":100,""tac"":null,""rsrp"":-90,""rsrq"":-20,""rssi"":-59,""snr"":null,""ta"":0,""level"":3,""bands"":""1""},{""type"":""LTE"",""pci"":293,""earfcn"":100,""tac"":null,""rsrp"":-92,""rsrq"":-16,""rssi"":-67,""snr"":null,""ta"":0,""level"":3,""bands"":""1""},{""type"":""LTE"",""pci"":462,""earfcn"":100,""tac"":null,""rsrp"":-94,""rsrq"":-20,""rssi"":-63,""snr"":null,""ta"":0,""level"":3,""bands"":""1""},{""type"":""LTE"",""pci"":303,""earfcn"":2600,""tac"":null,""rsrp"":-95,""rsrq"":-20,""rssi"":-61,""snr"":null,""ta"":0,""level"":3,""bands"":""5""},{""type"":""LTE"",""pci"":232,""earfcn"":100,""tac"":null,""rsrp"":-97,""rsrq"":-20,""rssi"":-65,""snr"":null,""ta"":0,""level"":2,""bands"":""1""},{""type"":""LTE"",""pci"":400,""earfcn"":3050,""tac"":null,""rsrp"":-101,""rsrq"":-19,""rssi"":-73,""snr"":null,""ta"":0,""level"":2,""bands"":""7""}]",1008.69946,72,0.459,0.459,57,10,,,,"[{""b"":""26:ec:72:6b:e7:11"",""s"":""SEOUL_Secure"",""r"":-49,""f"":2412},{""b"":""1c:ec:72:6b:e7:11"",""s"":""Public WiFi Secure"",""r"":-49,""f"":2412},{""b"":""22:ec:72:6b:e7:11"",""s"":""Public WiFi Free"",""r"":-50,""f"":2412},{""b"":""26:ec:72:6b:e7:10"",""s"":""SEOUL_Secure"",""r"":-53,""f"":5640},{""b"":""1c:ec:72:6b:e7:10"",""s"":""Public WiFi Secure"",""r"":-55,""f"":5640},{""b"":""22:ec:72:6b:e7:10"",""s"":""Public WiFi Free"",""r"":-55,""f"":5640},{""b"":""c0:c7:0a:5a:2f:52"",""s"":""SEOUL_Secure"",""r"":-57,""f"":2472},{""b"":""c0:c7:0a:5a:2f:51"",""s"":""Public_WiFi Free"",""r"":-59,""f"":2472},{""b"":""c0:c7:0a:5a:2f:50"",""s"":""SEOUL"",""r"":-59,""f"":2472},{""b"":""86:25:19:ca:68:fc"",""s"":""DIRECT-FC C51x Series"",""r"":-70,""f"":2437},{""b"":""c0:c7:0a:9a:2f:50"",""s"":""SEOUL"",""r"":-71,""f"":5580},{""b"":""b0:7c:51:7b:f1:c3"",""s"":""SEOUL_Secure"",""r"":-71,""f"":2472},{""b"":""c0:c7:0a:9a:2f:51"",""s"":""Public_WiFi Free"",""r"":-71,""f"":5580},{""b"":""c0:c7:0a:9a:2f:52"",""s"":""SEOUL_Secure"",""r"":-71,""f"":5580},{""b"":""b0:7c:51:7b:f1:c2"",""s"":""SEOUL"",""r"":-72,""f"":2472}]",""
1790677607585,2026-09-29 19:26:47,car,37.5373823,127.0867324,12.177,6.97,251.0,51.29999923706055,fused,1,LTE,NR_NSA,5G,true,false,true,false,false,50957057,137,3050,7,8223,450,06,-91,-9,-61,,3,0,,,,2368,65304,0.0189,0.5224,2348,65284,0.0188,0.5223,false,11,0,11,-79,137,2600,6.97,false,false,periodic,115,0,0,,10029,,,,"[{""type"":""LTE"",""pci"":137,""earfcn"":2600,""tac"":null,""rsrp"":-79,""rsrq"":-12,""rssi"":-53,""snr"":null,""ta"":0,""level"":4,""bands"":""5""},{""type"":""LTE"",""pci"":278,""earfcn"":2600,""tac"":null,""rsrp"":-81,""rsrq"":-11,""rssi"":-53,""snr"":null,""ta"":0,""level"":4,""bands"":""5""},{""type"":""LTE"",""pci"":137,""earfcn"":100,""tac"":null,""rsrp"":-86,""rsrq"":-12,""rssi"":-63,""snr"":null,""ta"":0,""level"":3,""bands"":""1""},{""type"":""LTE"",""pci"":278,""earfcn"":100,""tac"":null,""rsrp"":-86,""rsrq"":-13,""rssi"":-63,""snr"":null,""ta"":0,""level"":3,""bands"":""1""},{""type"":""LTE"",""pci"":293,""earfcn"":2600,""tac"":null,""rsrp"":-88,""rsrq"":-17,""rssi"":-61,""snr"":null,""ta"":0,""level"":3,""bands"":""5""},{""type"":""LTE"",""pci"":303,""earfcn"":100,""tac"":null,""rsrp"":-90,""rsrq"":-20,""rssi"":-59,""snr"":null,""ta"":0,""level"":3,""bands"":""1""},{""type"":""LTE"",""pci"":293,""earfcn"":100,""tac"":null,""rsrp"":-92,""rsrq"":-16,""rssi"":-67,""snr"":null,""ta"":0,""level"":3,""bands"":""1""},{""type"":""LTE"",""pci"":462,""earfcn"":100,""tac"":null,""rsrp"":-94,""rsrq"":-20,""rssi"":-63,""snr"":null,""ta"":0,""level"":3,""bands"":""1""},{""type"":""LTE"",""pci"":303,""earfcn"":2600,""tac"":null,""rsrp"":-95,""rsrq"":-20,""rssi"":-61,""snr"":null,""ta"":0,""level"":3,""bands"":""5""},{""type"":""LTE"",""pci"":232,""earfcn"":100,""tac"":null,""rsrp"":-97,""rsrq"":-20,""rssi"":-65,""snr"":null,""ta"":0,""level"":2,""bands"":""1""},{""type"":""LTE"",""pci"":400,""earfcn"":3050,""tac"":null,""rsrp"":-101,""rsrq"":-19,""rssi"":-73,""snr"":null,""ta"":0,""level"":2,""bands"":""7""}]",1008.8206,72,0.459,0.459,32,4,,,,"[{""b"":""1c:ec:72:6b:e7:11"",""s"":""Public WiFi Secure"",""r"":-50,""f"":2412},{""b"":""26:ec:72:6b:e7:10"",""s"":""SEOUL_Secure"",""r"":-52,""f"":5640},{""b"":""1c:ec:72:6b:e7:10"",""s"":""Public WiFi Secure"",""r"":-52,""f"":5640},{""b"":""22:ec:72:6b:e7:10"",""s"":""Public WiFi Free"",""r"":-52,""f"":5640},{""b"":""1e:ec:72:6b:e7:0f"",""s"":""Public WiFi Secure"",""r"":-69,""f"":6115},{""b"":""1e:ec:72:6b:e7:00"",""s"":""Public WiFi Free"",""r"":-69,""f"":6115},{""b"":""1e:ec:72:6b:e7:01"",""s"":""SEOUL_Secure"",""r"":-69,""f"":6115},{""b"":""80:ca:4b:65:e9:62"",""s"":""구의 복싱 3G"",""r"":-71,""f"":2447},{""b"":""b0:7c:51:7b:f1:c3"",""s"":""SEOUL_Secure"",""r"":-74,""f"":2472},{""b"":""88:3c:1c:2d:89:ca"",""s"":""KT_GiGA_5G_89C7"",""r"":-77,""f"":5765},{""b"":""c6:a9:4f:60:e4:76"",""s"":""SK_WiFiGIGAE473_2.4G"",""r"":-79,""f"":2457},{""b"":""60:29:d5:40:98:3c"",""s"":""KT_GiGA_5G_9839"",""r"":-81,""f"":5785},{""b"":""b4:a9:4f:78:7e:d4"",""s"":""KT_GiGA_Mesh_5D80"",""r"":-83,""f"":5200},{""b"":""0a:29:d5:58:bd:00"",""s"":""metro_afc_5g"",""r"":-87,""f"":5240},{""b"":""00:07:89:6f:3e:01"",""s"":""olleh_GiGA_WiFi_3DFD"",""r"":-87,""f"":5745}]",""
1790677612610,2026-09-29 19:26:52,car,37.5372728,127.0862122,13.305,8.71,254.0,49.282004310857445,fused,0,LTE,NR_NSA,5G,true,false,true,false,false,50957573,439,3050,7,8223,450,06,-91,-7,-67,,3,0,,,,2629,65256,0.0210,0.5220,2589,65216,0.0207,0.5217,false,11,0,11,-73,278,2600,8.71,true,false,periodic,0,1,,,5004,50957057,-91,-9,"[{""type"":""LTE"",""pci"":278,""earfcn"":2600,""tac"":null,""rsrp"":-73,""rsrq"":-12,""rssi"":-51,""snr"":null,""ta"":0,""level"":4,""bands"":""5""},{""type"":""LTE"",""pci"":278,""earfcn"":100,""tac"":null,""rsrp"":-77,""rsrq"":-10,""rssi"":-57,""snr"":null,""ta"":0,""level"":4,""bands"":""1""},{""type"":""LTE"",""pci"":439,""earfcn"":100,""tac"":null,""rsrp"":-79,""rsrq"":-13,""rssi"":-57,""snr"":null,""ta"":0,""level"":4,""bands"":""1""},{""type"":""LTE"",""pci"":449,""earfcn"":2600,""tac"":null,""rsrp"":-83,""rsrq"":-20,""rssi"":-51,""snr"":null,""ta"":0,""level"":4,""bands"":""5""},{""type"":""LTE"",""pci"":137,""earfcn"":2600,""tac"":null,""rsrp"":-85,""rsrq"":-15,""rssi"":-61,""snr"":null,""ta"":0,""level"":4,""bands"":""5""},{""type"":""LTE"",""pci"":449,""earfcn"":100,""tac"":null,""rsrp"":-86,""rsrq"":-15,""rssi"":-61,""snr"":null,""ta"":0,""level"":3,""bands"":""1""},{""type"":""LTE"",""pci"":137,""earfcn"":100,""tac"":null,""rsrp"":-88,""rsrq"":-17,""rssi"":-61,""snr"":null,""ta"":0,""level"":3,""bands"":""1""},{""type"":""LTE"",""pci"":462,""earfcn"":100,""tac"":null,""rsrp"":-88,""rsrq"":-19,""rssi"":-57,""snr"":null,""ta"":0,""level"":3,""bands"":""1""},{""type"":""LTE"",""pci"":400,""earfcn"":100,""tac"":null,""rsrp"":-91,""rsrq"":-20,""rssi"":-61,""snr"":null,""ta"":0,""level"":3,""bands"":""1""},{""type"":""LTE"",""pci"":137,""earfcn"":3050,""tac"":null,""rsrp"":-101,""rsrq"":-20,""rssi"":-63,""snr"":null,""ta"":0,""level"":2,""bands"":""7""},{""type"":""LTE"",""pci"":42,""earfcn"":3050,""tac"":null,""rsrp"":-102,""rsrq"":-20,""rssi"":-65,""snr"":null,""ta"":0,""level"":2,""bands"":""7""}]",1008.9058,57,0.459,0.524,32,9,,,,"[{""b"":""1c:ec:72:6b:e7:11"",""s"":""Public WiFi Secure"",""r"":-50,""f"":2412},{""b"":""26:ec:72:6b:e7:10"",""s"":""SEOUL_Secure"",""r"":-52,""f"":5640},{""b"":""1c:ec:72:6b:e7:10"",""s"":""Public WiFi Secure"",""r"":-52,""f"":5640},{""b"":""22:ec:72:6b:e7:10"",""s"":""Public WiFi Free"",""r"":-52,""f"":5640},{""b"":""1e:ec:72:6b:e7:0f"",""s"":""Public WiFi Secure"",""r"":-69,""f"":6115},{""b"":""1e:ec:72:6b:e7:00"",""s"":""Public WiFi Free"",""r"":-69,""f"":6115},{""b"":""1e:ec:72:6b:e7:01"",""s"":""SEOUL_Secure"",""r"":-69,""f"":6115},{""b"":""80:ca:4b:65:e9:62"",""s"":""구의 복싱 3G"",""r"":-71,""f"":2447},{""b"":""b0:7c:51:7b:f1:c3"",""s"":""SEOUL_Secure"",""r"":-74,""f"":2472},{""b"":""88:3c:1c:2d:89:ca"",""s"":""KT_GiGA_5G_89C7"",""r"":-77,""f"":5765},{""b"":""c6:a9:4f:60:e4:76"",""s"":""SK_WiFiGIGAE473_2.4G"",""r"":-79,""f"":2457},{""b"":""60:29:d5:40:98:3c"",""s"":""KT_GiGA_5G_9839"",""r"":-81,""f"":5785},{""b"":""b4:a9:4f:78:7e:d4"",""s"":""KT_GiGA_Mesh_5D80"",""r"":-83,""f"":5200},{""b"":""0a:29:d5:58:bd:00"",""s"":""metro_afc_5g"",""r"":-87,""f"":5240},{""b"":""00:07:89:6f:3e:01"",""s"":""olleh_GiGA_WiFi_3DFD"",""r"":-87,""f"":5745}]","[{""type"":""LTE"",""pci"":137,""earfcn"":2600,""tac"":null,""rsrp"":-79,""rsrq"":-12,""rssi"":-53,""snr"":null,""ta"":0,""level"":4,""bands"":""5""},{""type"":""LTE"",""pci"":278,""earfcn"":2600,""tac"":null,""rsrp"":-81,""rsrq"":-11,""rssi"":-53,""snr"":null,""ta"":0,""level"":4,""bands"":""5""},{""type"":""LTE"",""pci"":137,""earfcn"":100,""tac"":null,""rsrp"":-86,""rsrq"":-12,""rssi"":-63,""snr"":null,""ta"":0,""level"":3,""bands"":""1""},{""type"":""LTE"",""pci"":278,""earfcn"":100,""tac"":null,""rsrp"":-86,""rsrq"":-13,""rssi"":-63,""snr"":null,""ta"":0,""level"":3,""bands"":""1""},{""type"":""LTE"",""pci"":293,""earfcn"":2600,""tac"":null,""rsrp"":-88,""rsrq"":-17,""rssi"":-61,""snr"":null,""ta"":0,""level"":3,""bands"":""5""},{""type"":""LTE"",""pci"":303,""earfcn"":100,""tac"":null,""rsrp"":-90,""rsrq"":-20,""rssi"":-59,""snr"":null,""ta"":0,""level"":3,""bands"":""1""},{""type"":""LTE"",""pci"":293,""earfcn"":100,""tac"":null,""rsrp"":-92,""rsrq"":-16,""rssi"":-67,""snr"":null,""ta"":0,""level"":3,""bands"":""1""},{""type"":""LTE"",""pci"":462,""earfcn"":100,""tac"":null,""rsrp"":-94,""rsrq"":-20,""rssi"":-63,""snr"":null,""ta"":0,""level"":3,""bands"":""1""},{""type"":""LTE"",""pci"":303,""earfcn"":2600,""tac"":null,""rsrp"":-95,""rsrq"":-20,""rssi"":-61,""snr"":null,""ta"":0,""level"":3,""bands"":""5""},{""type"":""LTE"",""pci"":232,""earfcn"":100,""tac"":null,""rsrp"":-97,""rsrq"":-20,""rssi"":-65,""snr"":null,""ta"":0,""level"":2,""bands"":""1""},{""type"":""LTE"",""pci"":400,""earfcn"":3050,""tac"":null,""rsrp"":-101,""rsrq"":-19,""rssi"":-73,""snr"":null,""ta"":0,""level"":2,""bands"":""7""}]"
1790677617634,2026-09-29 19:26:57,car,37.5371664,127.0858173,11.211,9.75,254.0,48.66784863436203,fused,1,LTE,NR_NSA,5G,true,false,true,false,false,50957573,439,3050,7,8223,450,06,-91,-7,-67,,3,0,,,,2478,65113,0.0198,0.5209,2458,65093,0.0197,0.5207,false,11,0,11,-73,278,2600,9.75,false,false,periodic,5,1,0,,10029,,,,"[{""type"":""LTE"",""pci"":278,""earfcn"":2600,""tac"":null,""rsrp"":-73,""rsrq"":-12,""rssi"":-51,""snr"":null,""ta"":0,""level"":4,""bands"":""5""},{""type"":""LTE"",""pci"":278,""earfcn"":100,""tac"":null,""rsrp"":-77,""rsrq"":-10,""rssi"":-57,""snr"":null,""ta"":0,""level"":4,""bands"":""1""},{""type"":""LTE"",""pci"":439,""earfcn"":100,""tac"":null,""rsrp"":-79,""rsrq"":-13,""rssi"":-57,""snr"":null,""ta"":0,""level"":4,""bands"":""1""},{""type"":""LTE"",""pci"":449,""earfcn"":2600,""tac"":null,""rsrp"":-83,""rsrq"":-20,""rssi"":-51,""snr"":null,""ta"":0,""level"":4,""bands"":""5""},{""type"":""LTE"",""pci"":137,""earfcn"":2600,""tac"":null,""rsrp"":-85,""rsrq"":-15,""rssi"":-61,""snr"":null,""ta"":0,""level"":4,""bands"":""5""},{""type"":""LTE"",""pci"":449,""earfcn"":100,""tac"":null,""rsrp"":-86,""rsrq"":-15,""rssi"":-61,""snr"":null,""ta"":0,""level"":3,""bands"":""1""},{""type"":""LTE"",""pci"":137,""earfcn"":100,""tac"":null,""rsrp"":-88,""rsrq"":-17,""rssi"":-61,""snr"":null,""ta"":0,""level"":3,""bands"":""1""},{""type"":""LTE"",""pci"":462,""earfcn"":100,""tac"":null,""rsrp"":-88,""rsrq"":-19,""rssi"":-57,""snr"":null,""ta"":0,""level"":3,""bands"":""1""},{""type"":""LTE"",""pci"":400,""earfcn"":100,""tac"":null,""rsrp"":-91,""rsrq"":-20,""rssi"":-61,""snr"":null,""ta"":0,""level"":3,""bands"":""1""},{""type"":""LTE"",""pci"":137,""earfcn"":3050,""tac"":null,""rsrp"":-101,""rsrq"":-20,""rssi"":-63,""snr"":null,""ta"":0,""level"":2,""bands"":""7""},{""type"":""LTE"",""pci"":42,""earfcn"":3050,""tac"":null,""rsrp"":-102,""rsrq"":-20,""rssi"":-65,""snr"":null,""ta"":0,""level"":2,""bands"":""7""}]",1008.93134,50,0.459,0.524,32,14,,,,"[{""b"":""1c:ec:72:6b:e7:11"",""s"":""Public WiFi Secure"",""r"":-50,""f"":2412},{""b"":""26:ec:72:6b:e7:10"",""s"":""SEOUL_Secure"",""r"":-52,""f"":5640},{""b"":""1c:ec:72:6b:e7:10"",""s"":""Public WiFi Secure"",""r"":-52,""f"":5640},{""b"":""22:ec:72:6b:e7:10"",""s"":""Public WiFi Free"",""r"":-52,""f"":5640},{""b"":""1e:ec:72:6b:e7:0f"",""s"":""Public WiFi Secure"",""r"":-69,""f"":6115},{""b"":""1e:ec:72:6b:e7:00"",""s"":""Public WiFi Free"",""r"":-69,""f"":6115},{""b"":""1e:ec:72:6b:e7:01"",""s"":""SEOUL_Secure"",""r"":-69,""f"":6115},{""b"":""80:ca:4b:65:e9:62"",""s"":""구의 복싱 3G"",""r"":-71,""f"":2447},{""b"":""b0:7c:51:7b:f1:c3"",""s"":""SEOUL_Secure"",""r"":-74,""f"":2472},{""b"":""88:3c:1c:2d:89:ca"",""s"":""KT_GiGA_5G_89C7"",""r"":-77,""f"":5765},{""b"":""c6:a9:4f:60:e4:76"",""s"":""SK_WiFiGIGAE473_2.4G"",""r"":-79,""f"":2457},{""b"":""60:29:d5:40:98:3c"",""s"":""KT_GiGA_5G_9839"",""r"":-81,""f"":5785},{""b"":""b4:a9:4f:78:7e:d4"",""s"":""KT_GiGA_Mesh_5D80"",""r"":-83,""f"":5200},{""b"":""0a:29:d5:58:bd:00"",""s"":""metro_afc_5g"",""r"":-87,""f"":5240},{""b"":""00:07:89:6f:3e:01"",""s"":""olleh_GiGA_WiFi_3DFD"",""r"":-87,""f"":5745}]",""
1790677622657,2026-09-29 19:27:02,car,37.5370066,127.0851846,13.723,9.78,254.0,48.570986442087936,fused,0,LTE,NR_NSA,5G,true,false,true,false,false,50956835,38,3050,7,8223,450,06,-99,-10,-67,,2,0,,,,2268,63535,0.0181,0.5083,2248,63515,0.0180,0.5081,false,15,0,15,-85,462,2600,9.78,true,false,periodic,0,2,,,5004,50957573,-91,-7,"[{""type"":""LTE"",""pci"":462,""earfcn"":2600,""tac"":null,""rsrp"":-85,""rsrq"":-12,""rssi"":-63,""snr"":null,""ta"":0,""level"":4,""bands"":""5""},{""type"":""LTE"",""pci"":38,""earfcn"":2600,""tac"":null,""rsrp"":-91,""rsrq"":-18,""rssi"":-63,""snr"":null,""ta"":0,""level"":3,""bands"":""5""},{""type"":""LTE"",""pci"":400,""earfcn"":2600,""tac"":null,""rsrp"":-92,""rsrq"":-17,""rssi"":-65,""snr"":null,""ta"":0,""level"":3,""bands"":""5""},{""type"":""LTE"",""pci"":278,""earfcn"":100,""tac"":null,""rsrp"":-93,""rsrq"":-12,""rssi"":-71,""snr"":null,""ta"":0,""level"":3,""bands"":""1""},{""type"":""LTE"",""pci"":449,""earfcn"":100,""tac"":null,""rsrp"":-93,""rsrq"":-15,""rssi"":-69,""snr"":null,""ta"":0,""level"":3,""bands"":""1""},{""type"":""LTE"",""pci"":278,""earfcn"":2600,""tac"":null,""rsrp"":-94,""rsrq"":-19,""rssi"":-63,""snr"":null,""ta"":0,""level"":3,""bands"":""5""},{""type"":""LTE"",""pci"":462,""earfcn"":100,""tac"":null,""rsrp"":-95,""rsrq"":-14,""rssi"":-71,""snr"":null,""ta"":0,""level"":3,""bands"":""1""},{""type"":""LTE"",""pci"":38,""earfcn"":100,""tac"":null,""rsrp"":-95,""rsrq"":-14,""rssi"":-71,""snr"":null,""ta"":0,""level"":3,""bands"":""1""},{""type"":""LTE"",""pci"":137,""earfcn"":100,""tac"":null,""rsrp"":-96,""rsrq"":-17,""rssi"":-69,""snr"":null,""ta"":0,""level"":2,""bands"":""1""},{""type"":""LTE"",""pci"":400,""earfcn"":100,""tac"":null,""rsrp"":-96,""rsrq"":-17,""rssi"":-65,""snr"":null,""ta"":0,""level"":2,""bands"":""1""},{""type"":""LTE"",""pci"":439,""earfcn"":100,""tac"":null,""rsrp"":-97,""rsrq"":-17,""rssi"":-69,""snr"":null,""ta"":0,""level"":2,""bands"":""1""},{""type"":""LTE"",""pci"":99,""earfcn"":3050,""tac"":null,""rsrp"":-104,""rsrq"":-18,""rssi"":-75,""snr"":null,""ta"":0,""level"":2,""bands"":""7""},{""type"":""LTE"",""pci"":439,""earfcn"":3050,""tac"":null,""rsrp"":-106,""rsrq"":-18,""rssi"":-75,""snr"":null,""ta"":0,""level"":1,""bands"":""7""},{""type"":""LTE"",""pci"":60,""earfcn"":3050,""tac"":null,""rsrp"":-108,""rsrq"":-19,""rssi"":-79,""snr"":null,""ta"":0,""level"":1,""bands"":""7""},{""type"":""LTE"",""pci"":115,""earfcn"":3050,""tac"":null,""rsrp"":-114,""rsrq"":-20,""rssi"":-81,""snr"":null,""ta"":0,""level"":1,""bands"":""7""}]",1009.0314,56,0.524,0.459,32,19,,,,"[{""b"":""1c:ec:72:6b:e7:11"",""s"":""Public WiFi Secure"",""r"":-50,""f"":2412},{""b"":""26:ec:72:6b:e7:10"",""s"":""SEOUL_Secure"",""r"":-52,""f"":5640},{""b"":""1c:ec:72:6b:e7:10"",""s"":""Public WiFi Secure"",""r"":-52,""f"":5640},{""b"":""22:ec:72:6b:e7:10"",""s"":""Public WiFi Free"",""r"":-52,""f"":5640},{""b"":""1e:ec:72:6b:e7:0f"",""s"":""Public WiFi Secure"",""r"":-69,""f"":6115},{""b"":""1e:ec:72:6b:e7:00"",""s"":""Public WiFi Free"",""r"":-69,""f"":6115},{""b"":""1e:ec:72:6b:e7:01"",""s"":""SEOUL_Secure"",""r"":-69,""f"":6115},{""b"":""80:ca:4b:65:e9:62"",""s"":""구의 복싱 3G"",""r"":-71,""f"":2447},{""b"":""b0:7c:51:7b:f1:c3"",""s"":""SEOUL_Secure"",""r"":-74,""f"":2472},{""b"":""88:3c:1c:2d:89:ca"",""s"":""KT_GiGA_5G_89C7"",""r"":-77,""f"":5765},{""b"":""c6:a9:4f:60:e4:76"",""s"":""SK_WiFiGIGAE473_2.4G"",""r"":-79,""f"":2457},{""b"":""60:29:d5:40:98:3c"",""s"":""KT_GiGA_5G_9839"",""r"":-81,""f"":5785},{""b"":""b4:a9:4f:78:7e:d4"",""s"":""KT_GiGA_Mesh_5D80"",""r"":-83,""f"":5200},{""b"":""0a:29:d5:58:bd:00"",""s"":""metro_afc_5g"",""r"":-87,""f"":5240},{""b"":""00:07:89:6f:3e:01"",""s"":""olleh_GiGA_WiFi_3DFD"",""r"":-87,""f"":5745}]","[{""type"":""LTE"",""pci"":278,""earfcn"":2600,""tac"":null,""rsrp"":-73,""rsrq"":-12,""rssi"":-51,""snr"":null,""ta"":0,""level"":4,""bands"":""5""},{""type"":""LTE"",""pci"":278,""earfcn"":100,""tac"":null,""rsrp"":-77,""rsrq"":-10,""rssi"":-57,""snr"":null,""ta"":0,""level"":4,""bands"":""1""},{""type"":""LTE"",""pci"":439,""earfcn"":100,""tac"":null,""rsrp"":-79,""rsrq"":-13,""rssi"":-57,""snr"":null,""ta"":0,""level"":4,""bands"":""1""},{""type"":""LTE"",""pci"":449,""earfcn"":2600,""tac"":null,""rsrp"":-83,""rsrq"":-20,""rssi"":-51,""snr"":null,""ta"":0,""level"":4,""bands"":""5""},{""type"":""LTE"",""pci"":137,""earfcn"":2600,""tac"":null,""rsrp"":-85,""rsrq"":-15,""rssi"":-61,""snr"":null,""ta"":0,""level"":4,""bands"":""5""},{""type"":""LTE"",""pci"":449,""earfcn"":100,""tac"":null,""rsrp"":-86,""rsrq"":-15,""rssi"":-61,""snr"":null,""ta"":0,""level"":3,""bands"":""1""},{""type"":""LTE"",""pci"":137,""earfcn"":100,""tac"":null,""rsrp"":-88,""rsrq"":-17,""rssi"":-61,""snr"":null,""ta"":0,""level"":3,""bands"":""1""},{""type"":""LTE"",""pci"":462,""earfcn"":100,""tac"":null,""rsrp"":-88,""rsrq"":-19,""rssi"":-57,""snr"":null,""ta"":0,""level"":3,""bands"":""1""},{""type"":""LTE"",""pci"":400,""earfcn"":100,""tac"":null,""rsrp"":-91,""rsrq"":-20,""rssi"":-61,""snr"":null,""ta"":0,""level"":3,""bands"":""1""},{""type"":""LTE"",""pci"":137,""earfcn"":3050,""tac"":null,""rsrp"":-101,""rsrq"":-20,""rssi"":-63,""snr"":null,""ta"":0,""level"":2,""bands"":""7""},{""type"":""LTE"",""pci"":42,""earfcn"":3050,""tac"":null,""rsrp"":-102,""rsrq"":-20,""rssi"":-65,""snr"":null,""ta"":0,""level"":2,""bands"":""7""}]"
1790677627682,2026-09-29 19:27:07,car,37.5369335,127.084833,13.195,8.73,256.0,48.610651226761206,fused,1,LTE,NR_NSA,5G,true,false,true,false,false,50956835,38,3050,7,8223,450,06,-99,-10,-67,,2,0,,,,2033,65168,0.0163,0.5213,2013,65148,0.0161,0.5212,false,15,0,15,-85,462,2600,8.73,false,false,periodic,5,2,0,,10028,,,,"[{""type"":""LTE"",""pci"":462,""earfcn"":2600,""tac"":null,""rsrp"":-85,""rsrq"":-12,""rssi"":-63,""snr"":null,""ta"":0,""level"":4,""bands"":""5""},{""type"":""LTE"",""pci"":38,""earfcn"":2600,""tac"":null,""rsrp"":-91,""rsrq"":-18,""rssi"":-63,""snr"":null,""ta"":0,""level"":3,""bands"":""5""},{""type"":""LTE"",""pci"":400,""earfcn"":2600,""tac"":null,""rsrp"":-92,""rsrq"":-17,""rssi"":-65,""snr"":null,""ta"":0,""level"":3,""bands"":""5""},{""type"":""LTE"",""pci"":278,""earfcn"":100,""tac"":null,""rsrp"":-93,""rsrq"":-12,""rssi"":-71,""snr"":null,""ta"":0,""level"":3,""bands"":""1""},{""type"":""LTE"",""pci"":449,""earfcn"":100,""tac"":null,""rsrp"":-93,""rsrq"":-15,""rssi"":-69,""snr"":null,""ta"":0,""level"":3,""bands"":""1""},{""type"":""LTE"",""pci"":278,""earfcn"":2600,""tac"":null,""rsrp"":-94,""rsrq"":-19,""rssi"":-63,""snr"":null,""ta"":0,""level"":3,""bands"":""5""},{""type"":""LTE"",""pci"":462,""earfcn"":100,""tac"":null,""rsrp"":-95,""rsrq"":-14,""rssi"":-71,""snr"":null,""ta"":0,""level"":3,""bands"":""1""},{""type"":""LTE"",""pci"":38,""earfcn"":100,""tac"":null,""rsrp"":-95,""rsrq"":-14,""rssi"":-71,""snr"":null,""ta"":0,""level"":3,""bands"":""1""},{""type"":""LTE"",""pci"":137,""earfcn"":100,""tac"":null,""rsrp"":-96,""rsrq"":-17,""rssi"":-69,""snr"":null,""ta"":0,""level"":2,""bands"":""1""},{""type"":""LTE"",""pci"":400,""earfcn"":100,""tac"":null,""rsrp"":-96,""rsrq"":-17,""rssi"":-65,""snr"":null,""ta"":0,""level"":2,""bands"":""1""},{""type"":""LTE"",""pci"":439,""earfcn"":100,""tac"":null,""rsrp"":-97,""rsrq"":-17,""rssi"":-69,""snr"":null,""ta"":0,""level"":2,""bands"":""1""},{""type"":""LTE"",""pci"":99,""earfcn"":3050,""tac"":null,""rsrp"":-104,""rsrq"":-18,""rssi"":-75,""snr"":null,""ta"":0,""level"":2,""bands"":""7""},{""type"":""LTE"",""pci"":439,""earfcn"":3050,""tac"":null,""rsrp"":-106,""rsrq"":-18,""rssi"":-75,""snr"":null,""ta"":0,""level"":1,""bands"":""7""},{""type"":""LTE"",""pci"":60,""earfcn"":3050,""tac"":null,""rsrp"":-108,""rsrq"":-19,""rssi"":-79,""snr"":null,""ta"":0,""level"":1,""bands"":""7""},{""type"":""LTE"",""pci"":115,""earfcn"":3050,""tac"":null,""rsrp"":-114,""rsrq"":-20,""rssi"":-81,""snr"":null,""ta"":0,""level"":1,""bands"":""7""}]",1008.8928,55,0.459,0.459,32,24,,,,"[{""b"":""1c:ec:72:6b:e7:11"",""s"":""Public WiFi Secure"",""r"":-50,""f"":2412},{""b"":""26:ec:72:6b:e7:10"",""s"":""SEOUL_Secure"",""r"":-52,""f"":5640},{""b"":""1c:ec:72:6b:e7:10"",""s"":""Public WiFi Secure"",""r"":-52,""f"":5640},{""b"":""22:ec:72:6b:e7:10"",""s"":""Public WiFi Free"",""r"":-52,""f"":5640},{""b"":""1e:ec:72:6b:e7:0f"",""s"":""Public WiFi Secure"",""r"":-69,""f"":6115},{""b"":""1e:ec:72:6b:e7:00"",""s"":""Public WiFi Free"",""r"":-69,""f"":6115},{""b"":""1e:ec:72:6b:e7:01"",""s"":""SEOUL_Secure"",""r"":-69,""f"":6115},{""b"":""80:ca:4b:65:e9:62"",""s"":""구의 복싱 3G"",""r"":-71,""f"":2447},{""b"":""b0:7c:51:7b:f1:c3"",""s"":""SEOUL_Secure"",""r"":-74,""f"":2472},{""b"":""88:3c:1c:2d:89:ca"",""s"":""KT_GiGA_5G_89C7"",""r"":-77,""f"":5765},{""b"":""c6:a9:4f:60:e4:76"",""s"":""SK_WiFiGIGAE473_2.4G"",""r"":-79,""f"":2457},{""b"":""60:29:d5:40:98:3c"",""s"":""KT_GiGA_5G_9839"",""r"":-81,""f"":5785},{""b"":""b4:a9:4f:78:7e:d4"",""s"":""KT_GiGA_Mesh_5D80"",""r"":-83,""f"":5200},{""b"":""0a:29:d5:58:bd:00"",""s"":""metro_afc_5g"",""r"":-87,""f"":5240},{""b"":""00:07:89:6f:3e:01"",""s"":""olleh_GiGA_WiFi_3DFD"",""r"":-87,""f"":5745}]",""
1790677632707,2026-09-29 19:27:12,car,37.5368353,127.0842072,10.62,7.79,254.0,48.49518934865041,fused,0,LTE,NR_NSA,5G,true,false,true,false,false,51207199,99,3050,7,8223,450,06,-75,-7,-51,,4,0,,,,2314,65256,0.0185,0.5220,2274,65216,0.0182,0.5217,false,6,0,6,-74,99,2600,7.79,true,false,periodic,0,3,,,5000,50956835,-99,-10,"[{""type"":""LTE"",""pci"":99,""earfcn"":2600,""tac"":null,""rsrp"":-74,""rsrq"":-11,""rssi"":-51,""snr"":null,""ta"":0,""level"":4,""bands"":""5""},{""type"":""LTE"",""pci"":99,""earfcn"":100,""tac"":null,""rsrp"":-79,""rsrq"":-12,""rssi"":-59,""snr"":null,""ta"":0,""level"":4,""bands"":""1""},{""type"":""LTE"",""pci"":462,""earfcn"":2600,""tac"":null,""rsrp"":-80,""rsrq"":-18,""rssi"":-51,""snr"":null,""ta"":0,""level"":4,""bands"":""5""},{""type"":""LTE"",""pci"":462,""earfcn"":100,""tac"":null,""rsrp"":-88,""rsrq"":-20,""rssi"":-59,""snr"":null,""ta"":0,""level"":3,""bands"":""1""},{""type"":""LTE"",""pci"":216,""earfcn"":3050,""tac"":null,""rsrp"":-90,""rsrq"":-14,""rssi"":-65,""snr"":null,""ta"":0,""level"":3,""bands"":""7""},{""type"":""LTE"",""pci"":95,""earfcn"":3050,""tac"":null,""rsrp"":-94,""rsrq"":-18,""rssi"":-65,""snr"":null,""ta"":0,""level"":3,""bands"":""7""}]",1009.04224,56,0.459,0.459,32,29,,,,"[{""b"":""1c:ec:72:6b:e7:11"",""s"":""Public WiFi Secure"",""r"":-50,""f"":2412},{""b"":""26:ec:72:6b:e7:10"",""s"":""SEOUL_Secure"",""r"":-52,""f"":5640},{""b"":""1c:ec:72:6b:e7:10"",""s"":""Public WiFi Secure"",""r"":-52,""f"":5640},{""b"":""22:ec:72:6b:e7:10"",""s"":""Public WiFi Free"",""r"":-52,""f"":5640},{""b"":""1e:ec:72:6b:e7:0f"",""s"":""Public WiFi Secure"",""r"":-69,""f"":6115},{""b"":""1e:ec:72:6b:e7:00"",""s"":""Public WiFi Free"",""r"":-69,""f"":6115},{""b"":""1e:ec:72:6b:e7:01"",""s"":""SEOUL_Secure"",""r"":-69,""f"":6115},{""b"":""80:ca:4b:65:e9:62"",""s"":""구의 복싱 3G"",""r"":-71,""f"":2447},{""b"":""b0:7c:51:7b:f1:c3"",""s"":""SEOUL_Secure"",""r"":-74,""f"":2472},{""b"":""88:3c:1c:2d:89:ca"",""s"":""KT_GiGA_5G_89C7"",""r"":-77,""f"":5765},{""b"":""c6:a9:4f:60:e4:76"",""s"":""SK_WiFiGIGAE473_2.4G"",""r"":-79,""f"":2457},{""b"":""60:29:d5:40:98:3c"",""s"":""KT_GiGA_5G_9839"",""r"":-81,""f"":5785},{""b"":""b4:a9:4f:78:7e:d4"",""s"":""KT_GiGA_Mesh_5D80"",""r"":-83,""f"":5200},{""b"":""0a:29:d5:58:bd:00"",""s"":""metro_afc_5g"",""r"":-87,""f"":5240},{""b"":""00:07:89:6f:3e:01"",""s"":""olleh_GiGA_WiFi_3DFD"",""r"":-87,""f"":5745}]","[{""type"":""LTE"",""pci"":462,""earfcn"":2600,""tac"":null,""rsrp"":-85,""rsrq"":-12,""rssi"":-63,""snr"":null,""ta"":0,""level"":4,""bands"":""5""},{""type"":""LTE"",""pci"":38,""earfcn"":2600,""tac"":null,""rsrp"":-91,""rsrq"":-18,""rssi"":-63,""snr"":null,""ta"":0,""level"":3,""bands"":""5""},{""type"":""LTE"",""pci"":400,""earfcn"":2600,""tac"":null,""rsrp"":-92,""rsrq"":-17,""rssi"":-65,""snr"":null,""ta"":0,""level"":3,""bands"":""5""},{""type"":""LTE"",""pci"":278,""earfcn"":100,""tac"":null,""rsrp"":-93,""rsrq"":-12,""rssi"":-71,""snr"":null,""ta"":0,""level"":3,""bands"":""1""},{""type"":""LTE"",""pci"":449,""earfcn"":100,""tac"":null,""rsrp"":-93,""rsrq"":-15,""rssi"":-69,""snr"":null,""ta"":0,""level"":3,""bands"":""1""},{""type"":""LTE"",""pci"":278,""earfcn"":2600,""tac"":null,""rsrp"":-94,""rsrq"":-19,""rssi"":-63,""snr"":null,""ta"":0,""level"":3,""bands"":""5""},{""type"":""LTE"",""pci"":462,""earfcn"":100,""tac"":null,""rsrp"":-95,""rsrq"":-14,""rssi"":-71,""snr"":null,""ta"":0,""level"":3,""bands"":""1""},{""type"":""LTE"",""pci"":38,""earfcn"":100,""tac"":null,""rsrp"":-95,""rsrq"":-14,""rssi"":-71,""snr"":null,""ta"":0,""level"":3,""bands"":""1""},{""type"":""LTE"",""pci"":137,""earfcn"":100,""tac"":null,""rsrp"":-96,""rsrq"":-17,""rssi"":-69,""snr"":null,""ta"":0,""level"":2,""bands"":""1""},{""type"":""LTE"",""pci"":400,""earfcn"":100,""tac"":null,""rsrp"":-96,""rsrq"":-17,""rssi"":-65,""snr"":null,""ta"":0,""level"":2,""bands"":""1""},{""type"":""LTE"",""pci"":439,""earfcn"":100,""tac"":null,""rsrp"":-97,""rsrq"":-17,""rssi"":-69,""snr"":null,""ta"":0,""level"":2,""bands"":""1""},{""type"":""LTE"",""pci"":99,""earfcn"":3050,""tac"":null,""rsrp"":-104,""rsrq"":-18,""rssi"":-75,""snr"":null,""ta"":0,""level"":2,""bands"":""7""},{""type"":""LTE"",""pci"":439,""earfcn"":3050,""tac"":null,""rsrp"":-106,""rsrq"":-18,""rssi"":-75,""snr"":null,""ta"":0,""level"":1,""bands"":""7""},{""type"":""LTE"",""pci"":60,""earfcn"":3050,""tac"":null,""rsrp"":-108,""rsrq"":-19,""rssi"":-79,""snr"":null,""ta"":0,""level"":1,""bands"":""7""},{""type"":""LTE"",""pci"":115,""earfcn"":3050,""tac"":null,""rsrp"":-114,""rsrq"":-20,""rssi"":-81,""snr"":null,""ta"":0,""level"":1,""bands"":""7""}]"
1790677634829,2026-09-29 19:27:14,car,37.5368621,127.0840569,10.823,8.13,258.0,48.25216577058031,fused,0,LTE,NR_NSA,5G,true,false,true,false,false,50959906,95,3050,7,8223,450,06,-85,-10,-51,12,4,0,,,,210269,99524,1.6822,0.7962,210269,99524,1.6822,0.7962,false,6,0,6,-78,95,100,8.13,true,false,handover,0,4,,,5,51207199,-75,-7,"[{""type"":""LTE"",""pci"":95,""earfcn"":100,""tac"":null,""rsrp"":-78,""rsrq"":-11,""rssi"":-57,""snr"":null,""ta"":0,""level"":4,""bands"":""1""},{""type"":""LTE"",""pci"":115,""earfcn"":100,""tac"":null,""rsrp"":-80,""rsrq"":-13,""rssi"":-57,""snr"":null,""ta"":0,""level"":4,""bands"":""1""},{""type"":""LTE"",""pci"":99,""earfcn"":100,""tac"":null,""rsrp"":-83,""rsrq"":-12,""rssi"":-57,""snr"":null,""ta"":0,""level"":4,""bands"":""1""},{""type"":""LTE"",""pci"":462,""earfcn"":100,""tac"":null,""rsrp"":-85,""rsrq"":-20,""rssi"":-55,""snr"":null,""ta"":0,""level"":4,""bands"":""1""},{""type"":""LTE"",""pci"":115,""earfcn"":3050,""tac"":null,""rsrp"":-86,""rsrq"":-12,""rssi"":-57,""snr"":null,""ta"":0,""level"":3,""bands"":""7""},{""type"":""LTE"",""pci"":99,""earfcn"":3050,""tac"":null,""rsrp"":-89,""rsrq"":-16,""rssi"":-57,""snr"":null,""ta"":0,""level"":3,""bands"":""7""}]",1009.03564,56,0.459,0.524,65,1,,,,"[{""b"":""26:ec:72:6b:e7:10"",""s"":""SEOUL_Secure"",""r"":-43,""f"":5640},{""b"":""1c:ec:72:6b:e7:10"",""s"":""Public WiFi Secure"",""r"":-43,""f"":5640},{""b"":""22:ec:72:6b:e7:10"",""s"":""Public WiFi Free"",""r"":-43,""f"":5640},{""b"":""22:ec:72:6b:e7:11"",""s"":""Public WiFi Free"",""r"":-49,""f"":2412},{""b"":""1e:39:29:7c:e7:fa"",""s"":""[LG_CeilingCassette A\/C]e7fa"",""r"":-65,""f"":2462},{""b"":""1e:ec:72:6b:e7:0f"",""s"":""Public WiFi Secure"",""r"":-67,""f"":6115},{""b"":""1e:ec:72:6b:e7:00"",""s"":""Public WiFi Free"",""r"":-68,""f"":6115},{""b"":""1e:ec:72:6b:e7:01"",""s"":""SEOUL_Secure"",""r"":-68,""f"":6115},{""b"":""30:de:4b:bf:41:f8"",""s"":""rehoboth"",""r"":-69,""f"":2412},{""b"":""1e:39:29:7c:e8:22"",""s"":""[LG_CeilingCassette A\/C]e822"",""r"":-70,""f"":2462},{""b"":""1c:39:29:22:10:ef"",""s"":""AT_401_RAC_056905_WW_10ef"",""r"":-70,""f"":2462},{""b"":""94:b3:4f:5b:9a:98"",""s"":""Public WiFi Secure"",""r"":-73,""f"":2412},{""b"":""58:86:94:05:64:ca"",""s"":""miso"",""r"":-74,""f"":2442},{""b"":""ba:a9:4f:2a:e9:e1"",""s"":"""",""r"":-77,""f"":2447},{""b"":""80:ca:4b:4b:4e:ef"",""s"":""U+Net4EEC_5G"",""r"":-79,""f"":5785}]","[{""type"":""LTE"",""pci"":99,""earfcn"":2600,""tac"":null,""rsrp"":-74,""rsrq"":-11,""rssi"":-51,""snr"":null,""ta"":0,""level"":4,""bands"":""5""},{""type"":""LTE"",""pci"":99,""earfcn"":100,""tac"":null,""rsrp"":-79,""rsrq"":-12,""rssi"":-59,""snr"":null,""ta"":0,""level"":4,""bands"":""1""},{""type"":""LTE"",""pci"":462,""earfcn"":2600,""tac"":null,""rsrp"":-80,""rsrq"":-18,""rssi"":-51,""snr"":null,""ta"":0,""level"":4,""bands"":""5""},{""type"":""LTE"",""pci"":462,""earfcn"":100,""tac"":null,""rsrp"":-88,""rsrq"":-20,""rssi"":-59,""snr"":null,""ta"":0,""level"":3,""bands"":""1""},{""type"":""LTE"",""pci"":216,""earfcn"":3050,""tac"":null,""rsrp"":-90,""rsrq"":-14,""rssi"":-65,""snr"":null,""ta"":0,""level"":3,""bands"":""7""},{""type"":""LTE"",""pci"":95,""earfcn"":3050,""tac"":null,""rsrp"":-94,""rsrq"":-18,""rssi"":-65,""snr"":null,""ta"":0,""level"":3,""bands"":""7""}]"
1790677637716,2026-09-29 19:27:17,car,37.5367676,127.0837222,11.094,8.5,262.0,47.75559616292525,fused,0,LTE,NR_NSA,5G,true,false,true,false,false,50959906,95,3050,7,8223,450,06,-85,-10,-51,12,4,0,,,,2508,64715,0.0201,0.5177,2473,64681,0.0198,0.5174,false,6,0,6,-78,95,100,8.5,false,false,periodic,2,4,0,0,2894,,,,"[{""type"":""LTE"",""pci"":95,""earfcn"":100,""tac"":null,""rsrp"":-78,""rsrq"":-11,""rssi"":-57,""snr"":null,""ta"":0,""level"":4,""bands"":""1""},{""type"":""LTE"",""pci"":115,""earfcn"":100,""tac"":null,""rsrp"":-80,""rsrq"":-13,""rssi"":-57,""snr"":null,""ta"":0,""level"":4,""bands"":""1""},{""type"":""LTE"",""pci"":99,""earfcn"":100,""tac"":null,""rsrp"":-83,""rsrq"":-12,""rssi"":-57,""snr"":null,""ta"":0,""level"":4,""bands"":""1""},{""type"":""LTE"",""pci"":462,""earfcn"":100,""tac"":null,""rsrp"":-85,""rsrq"":-20,""rssi"":-55,""snr"":null,""ta"":0,""level"":4,""bands"":""1""},{""type"":""LTE"",""pci"":115,""earfcn"":3050,""tac"":null,""rsrp"":-86,""rsrq"":-12,""rssi"":-57,""snr"":null,""ta"":0,""level"":3,""bands"":""7""},{""type"":""LTE"",""pci"":99,""earfcn"":3050,""tac"":null,""rsrp"":-89,""rsrq"":-16,""rssi"":-57,""snr"":null,""ta"":0,""level"":3,""bands"":""7""}]",1008.99506,74,0.459,0.524,93,0,,,,"[{""b"":""26:ec:72:6b:e7:10"",""s"":""SEOUL_Secure"",""r"":-40,""f"":5640},{""b"":""1c:ec:72:6b:e7:10"",""s"":""Public WiFi Secure"",""r"":-40,""f"":5640},{""b"":""22:ec:72:6b:e7:10"",""s"":""Public WiFi Free"",""r"":-40,""f"":5640},{""b"":""1e:ec:72:6b:e7:0f"",""s"":""Public WiFi Secure"",""r"":-60,""f"":6115},{""b"":""88:3c:1c:15:4c:35"",""s"":""yang"",""r"":-64,""f"":2422},{""b"":""28:4e:e9:a1:59:7b"",""s"":""KT_GiGA_5978"",""r"":-66,""f"":2447},{""b"":""08:5d:dd:43:fd:76"",""s"":""U+NetFD78"",""r"":-66,""f"":2437},{""b"":""58:86:94:d6:f7:6c"",""s"":""티오더1-2Gx꽃삼뚜껑"",""r"":-66,""f"":2447},{""b"":""80:ca:4b:92:69:7a"",""s"":""U+Net6978"",""r"":-68,""f"":2417},{""b"":""80:ca:4b:4b:4e:ee"",""s"":""U+Net4EEC"",""r"":-68,""f"":2462},{""b"":""1c:ec:72:16:08:77"",""s"":""Library_2.4G"",""r"":-69,""f"":2432},{""b"":""90:de:80:2e:a8:b9"",""s"":""GNET_BB_MVR_M1_2EA8B9"",""r"":-73,""f"":2437},{""b"":""80:ca:4b:4b:4e:ef"",""s"":""U+Net4EEC_5G"",""r"":-73,""f"":5785},{""b"":""8a:ca:4b:4b:4e:ef"",""s"":"""",""r"":-74,""f"":5785},{""b"":""0a:30:0d:97:27:1b"",""s"":""KT GiGA WiFi "",""r"":-74,""f"":5240}]",""
1790677641386,2026-09-29 19:27:21,car,37.5367436,127.0833084,10.841,8.17,281.0,47.643261615379274,fused,0,LTE,NR_NSA,5G,true,false,true,false,false,50956554,115,3050,7,8223,450,06,-73,-8,-51,10,4,0,,,,18233,72311,0.1459,0.5785,18206,72284,0.1456,0.5783,false,5,0,5,-61,115,2600,8.17,true,false,handover,0,5,,,4,50959906,-85,-10,"[{""type"":""LTE"",""pci"":115,""earfcn"":2600,""tac"":null,""rsrp"":-61,""rsrq"":-13,""rssi"":-51,""snr"":null,""ta"":0,""level"":4,""bands"":""5""},{""type"":""LTE"",""pci"":95,""earfcn"":2600,""tac"":null,""rsrp"":-62,""rsrq"":-13,""rssi"":-51,""snr"":null,""ta"":0,""level"":4,""bands"":""5""},{""type"":""LTE"",""pci"":95,""earfcn"":100,""tac"":null,""rsrp"":-70,""rsrq"":-10,""rssi"":-51,""snr"":null,""ta"":0,""level"":4,""bands"":""1""},{""type"":""LTE"",""pci"":115,""earfcn"":100,""tac"":null,""rsrp"":-72,""rsrq"":-8,""rssi"":-51,""snr"":null,""ta"":0,""level"":4,""bands"":""1""},{""type"":""LTE"",""pci"":95,""earfcn"":3050,""tac"":null,""rsrp"":-76,""rsrq"":-12,""rssi"":-51,""snr"":null,""ta"":0,""level"":4,""bands"":""7""}]",1008.9989,74,0.524,0.524,93,4,,,,"[{""b"":""26:ec:72:6b:e7:10"",""s"":""SEOUL_Secure"",""r"":-40,""f"":5640},{""b"":""1c:ec:72:6b:e7:10"",""s"":""Public WiFi Secure"",""r"":-40,""f"":5640},{""b"":""22:ec:72:6b:e7:10"",""s"":""Public WiFi Free"",""r"":-40,""f"":5640},{""b"":""1e:ec:72:6b:e7:0f"",""s"":""Public WiFi Secure"",""r"":-60,""f"":6115},{""b"":""88:3c:1c:15:4c:35"",""s"":""yang"",""r"":-64,""f"":2422},{""b"":""28:4e:e9:a1:59:7b"",""s"":""KT_GiGA_5978"",""r"":-66,""f"":2447},{""b"":""08:5d:dd:43:fd:76"",""s"":""U+NetFD78"",""r"":-66,""f"":2437},{""b"":""58:86:94:d6:f7:6c"",""s"":""티오더1-2Gx꽃삼뚜껑"",""r"":-66,""f"":2447},{""b"":""80:ca:4b:92:69:7a"",""s"":""U+Net6978"",""r"":-68,""f"":2417},{""b"":""80:ca:4b:4b:4e:ee"",""s"":""U+Net4EEC"",""r"":-68,""f"":2462},{""b"":""1c:ec:72:16:08:77"",""s"":""Library_2.4G"",""r"":-69,""f"":2432},{""b"":""90:de:80:2e:a8:b9"",""s"":""GNET_BB_MVR_M1_2EA8B9"",""r"":-73,""f"":2437},{""b"":""80:ca:4b:4b:4e:ef"",""s"":""U+Net4EEC_5G"",""r"":-73,""f"":5785},{""b"":""8a:ca:4b:4b:4e:ef"",""s"":"""",""r"":-74,""f"":5785},{""b"":""0a:30:0d:97:27:1b"",""s"":""KT GiGA WiFi "",""r"":-74,""f"":5240}]","[{""type"":""LTE"",""pci"":95,""earfcn"":100,""tac"":null,""rsrp"":-78,""rsrq"":-11,""rssi"":-57,""snr"":null,""ta"":0,""level"":4,""bands"":""1""},{""type"":""LTE"",""pci"":115,""earfcn"":100,""tac"":null,""rsrp"":-80,""rsrq"":-13,""rssi"":-57,""snr"":null,""ta"":0,""level"":4,""bands"":""1""},{""type"":""LTE"",""pci"":99,""earfcn"":100,""tac"":null,""rsrp"":-83,""rsrq"":-12,""rssi"":-57,""snr"":null,""ta"":0,""level"":4,""bands"":""1""},{""type"":""LTE"",""pci"":462,""earfcn"":100,""tac"":null,""rsrp"":-85,""rsrq"":-20,""rssi"":-55,""snr"":null,""ta"":0,""level"":4,""bands"":""1""},{""type"":""LTE"",""pci"":115,""earfcn"":3050,""tac"":null,""rsrp"":-86,""rsrq"":-12,""rssi"":-57,""snr"":null,""ta"":0,""level"":3,""bands"":""7""},{""type"":""LTE"",""pci"":99,""earfcn"":3050,""tac"":null,""rsrp"":-89,""rsrq"":-16,""rssi"":-57,""snr"":null,""ta"":0,""level"":3,""bands"":""7""}]"
1790677642741,2026-09-29 19:27:22,car,37.5367536,127.0832128,10.74,8.22,282.0,47.83246391928137,fused,0,LTE,NR_NSA,5G,true,false,true,false,false,50956554,115,3050,7,8223,450,06,-73,-8,-51,10,4,0,,,,31363,86305,0.2509,0.6904,31363,86305,0.2509,0.6904,false,5,0,5,-61,115,2600,8.22,false,false,periodic,1,4,0,0,1363,,,,"[{""type"":""LTE"",""pci"":115,""earfcn"":2600,""tac"":null,""rsrp"":-61,""rsrq"":-13,""rssi"":-51,""snr"":null,""ta"":0,""level"":4,""bands"":""5""},{""type"":""LTE"",""pci"":95,""earfcn"":2600,""tac"":null,""rsrp"":-62,""rsrq"":-13,""rssi"":-51,""snr"":null,""ta"":0,""level"":4,""bands"":""5""},{""type"":""LTE"",""pci"":95,""earfcn"":100,""tac"":null,""rsrp"":-70,""rsrq"":-10,""rssi"":-51,""snr"":null,""ta"":0,""level"":4,""bands"":""1""},{""type"":""LTE"",""pci"":115,""earfcn"":100,""tac"":null,""rsrp"":-72,""rsrq"":-8,""rssi"":-51,""snr"":null,""ta"":0,""level"":4,""bands"":""1""},{""type"":""LTE"",""pci"":95,""earfcn"":3050,""tac"":null,""rsrp"":-76,""rsrq"":-12,""rssi"":-51,""snr"":null,""ta"":0,""level"":4,""bands"":""7""}]",1009.0095,55,0.524,0.459,93,5,,,,"[{""b"":""26:ec:72:6b:e7:10"",""s"":""SEOUL_Secure"",""r"":-40,""f"":5640},{""b"":""1c:ec:72:6b:e7:10"",""s"":""Public WiFi Secure"",""r"":-40,""f"":5640},{""b"":""22:ec:72:6b:e7:10"",""s"":""Public WiFi Free"",""r"":-40,""f"":5640},{""b"":""1e:ec:72:6b:e7:0f"",""s"":""Public WiFi Secure"",""r"":-60,""f"":6115},{""b"":""88:3c:1c:15:4c:35"",""s"":""yang"",""r"":-64,""f"":2422},{""b"":""28:4e:e9:a1:59:7b"",""s"":""KT_GiGA_5978"",""r"":-66,""f"":2447},{""b"":""08:5d:dd:43:fd:76"",""s"":""U+NetFD78"",""r"":-66,""f"":2437},{""b"":""58:86:94:d6:f7:6c"",""s"":""티오더1-2Gx꽃삼뚜껑"",""r"":-66,""f"":2447},{""b"":""80:ca:4b:92:69:7a"",""s"":""U+Net6978"",""r"":-68,""f"":2417},{""b"":""80:ca:4b:4b:4e:ee"",""s"":""U+Net4EEC"",""r"":-68,""f"":2462},{""b"":""1c:ec:72:16:08:77"",""s"":""Library_2.4G"",""r"":-69,""f"":2432},{""b"":""90:de:80:2e:a8:b9"",""s"":""GNET_BB_MVR_M1_2EA8B9"",""r"":-73,""f"":2437},{""b"":""80:ca:4b:4b:4e:ef"",""s"":""U+Net4EEC_5G"",""r"":-73,""f"":5785},{""b"":""8a:ca:4b:4b:4e:ef"",""s"":"""",""r"":-74,""f"":5785},{""b"":""0a:30:0d:97:27:1b"",""s"":""KT GiGA WiFi "",""r"":-74,""f"":5240}]",""
1790677647779,2026-09-29 19:27:27,car,37.5368293,127.0828844,10.531,5.78,289.0,47.951166463118874,fused,1,LTE,NR_NSA,5G,true,false,true,false,false,50956554,115,3050,7,8223,450,06,-72,-10,-51,12,4,0,,,,6583,69655,0.0527,0.5572,6563,69635,0.0525,0.5571,false,5,0,5,-61,115,100,5.78,false,false,periodic,6,4,1,2,5004,,,,"[{""type"":""LTE"",""pci"":115,""earfcn"":100,""tac"":null,""rsrp"":-61,""rsrq"":-7,""rssi"":-51,""snr"":null,""ta"":0,""level"":4,""bands"":""1""},{""type"":""LTE"",""pci"":115,""earfcn"":2600,""tac"":null,""rsrp"":-63,""rsrq"":-13,""rssi"":-51,""snr"":null,""ta"":0,""level"":4,""bands"":""5""},{""type"":""LTE"",""pci"":95,""earfcn"":100,""tac"":null,""rsrp"":-65,""rsrq"":-11,""rssi"":-51,""snr"":null,""ta"":0,""level"":4,""bands"":""1""},{""type"":""LTE"",""pci"":95,""earfcn"":2600,""tac"":null,""rsrp"":-65,""rsrq"":-15,""rssi"":-51,""snr"":null,""ta"":0,""level"":4,""bands"":""5""},{""type"":""LTE"",""pci"":95,""earfcn"":3050,""tac"":null,""rsrp"":-72,""rsrq"":-11,""rssi"":-51,""snr"":null,""ta"":0,""level"":4,""bands"":""7""}]",1009.0554,52,0.459,0.459,93,10,,,,"[{""b"":""26:ec:72:6b:e7:10"",""s"":""SEOUL_Secure"",""r"":-40,""f"":5640},{""b"":""1c:ec:72:6b:e7:10"",""s"":""Public WiFi Secure"",""r"":-40,""f"":5640},{""b"":""22:ec:72:6b:e7:10"",""s"":""Public WiFi Free"",""r"":-40,""f"":5640},{""b"":""1e:ec:72:6b:e7:0f"",""s"":""Public WiFi Secure"",""r"":-60,""f"":6115},{""b"":""88:3c:1c:15:4c:35"",""s"":""yang"",""r"":-64,""f"":2422},{""b"":""28:4e:e9:a1:59:7b"",""s"":""KT_GiGA_5978"",""r"":-66,""f"":2447},{""b"":""08:5d:dd:43:fd:76"",""s"":""U+NetFD78"",""r"":-66,""f"":2437},{""b"":""58:86:94:d6:f7:6c"",""s"":""티오더1-2Gx꽃삼뚜껑"",""r"":-66,""f"":2447},{""b"":""80:ca:4b:92:69:7a"",""s"":""U+Net6978"",""r"":-68,""f"":2417},{""b"":""80:ca:4b:4b:4e:ee"",""s"":""U+Net4EEC"",""r"":-68,""f"":2462},{""b"":""1c:ec:72:16:08:77"",""s"":""Library_2.4G"",""r"":-69,""f"":2432},{""b"":""90:de:80:2e:a8:b9"",""s"":""GNET_BB_MVR_M1_2EA8B9"",""r"":-73,""f"":2437},{""b"":""80:ca:4b:4b:4e:ef"",""s"":""U+Net4EEC_5G"",""r"":-73,""f"":5785},{""b"":""8a:ca:4b:4b:4e:ef"",""s"":"""",""r"":-74,""f"":5785},{""b"":""0a:30:0d:97:27:1b"",""s"":""KT GiGA WiFi "",""r"":-74,""f"":5240}]",""
1790677652813,2026-09-29 19:27:32,car,37.5369312,127.0825166,10.788,1.46,290.0,47.52058643467701,fused,0,LTE,NR_NSA,5G,true,false,true,false,false,50956554,115,3050,7,8223,450,06,-72,-10,-51,12,4,0,,,,1257425,66033,10.0594,0.5283,1257386,65993,10.0591,0.5279,false,5,0,5,-61,115,100,1.46,false,false,periodic,11,3,0,0,10036,,,,"[{""type"":""LTE"",""pci"":115,""earfcn"":100,""tac"":null,""rsrp"":-61,""rsrq"":-7,""rssi"":-51,""snr"":null,""ta"":0,""level"":4,""bands"":""1""},{""type"":""LTE"",""pci"":115,""earfcn"":2600,""tac"":null,""rsrp"":-63,""rsrq"":-13,""rssi"":-51,""snr"":null,""ta"":0,""level"":4,""bands"":""5""},{""type"":""LTE"",""pci"":95,""earfcn"":100,""tac"":null,""rsrp"":-65,""rsrq"":-11,""rssi"":-51,""snr"":null,""ta"":0,""level"":4,""bands"":""1""},{""type"":""LTE"",""pci"":95,""earfcn"":2600,""tac"":null,""rsrp"":-65,""rsrq"":-15,""rssi"":-51,""snr"":null,""ta"":0,""level"":4,""bands"":""5""},{""type"":""LTE"",""pci"":95,""earfcn"":3050,""tac"":null,""rsrp"":-72,""rsrq"":-11,""rssi"":-51,""snr"":null,""ta"":0,""level"":4,""bands"":""7""}]",1009.10345,59,0.459,0.459,93,15,,,,"[{""b"":""26:ec:72:6b:e7:10"",""s"":""SEOUL_Secure"",""r"":-40,""f"":5640},{""b"":""1c:ec:72:6b:e7:10"",""s"":""Public WiFi Secure"",""r"":-40,""f"":5640},{""b"":""22:ec:72:6b:e7:10"",""s"":""Public WiFi Free"",""r"":-40,""f"":5640},{""b"":""1e:ec:72:6b:e7:0f"",""s"":""Public WiFi Secure"",""r"":-60,""f"":6115},{""b"":""88:3c:1c:15:4c:35"",""s"":""yang"",""r"":-64,""f"":2422},{""b"":""28:4e:e9:a1:59:7b"",""s"":""KT_GiGA_5978"",""r"":-66,""f"":2447},{""b"":""08:5d:dd:43:fd:76"",""s"":""U+NetFD78"",""r"":-66,""f"":2437},{""b"":""58:86:94:d6:f7:6c"",""s"":""티오더1-2Gx꽃삼뚜껑"",""r"":-66,""f"":2447},{""b"":""80:ca:4b:92:69:7a"",""s"":""U+Net6978"",""r"":-68,""f"":2417},{""b"":""80:ca:4b:4b:4e:ee"",""s"":""U+Net4EEC"",""r"":-68,""f"":2462},{""b"":""1c:ec:72:16:08:77"",""s"":""Library_2.4G"",""r"":-69,""f"":2432},{""b"":""90:de:80:2e:a8:b9"",""s"":""GNET_BB_MVR_M1_2EA8B9"",""r"":-73,""f"":2437},{""b"":""80:ca:4b:4b:4e:ef"",""s"":""U+Net4EEC_5G"",""r"":-73,""f"":5785},{""b"":""8a:ca:4b:4b:4e:ef"",""s"":"""",""r"":-74,""f"":5785},{""b"":""0a:30:0d:97:27:1b"",""s"":""KT GiGA WiFi "",""r"":-74,""f"":5240}]",""
1790677657832,2026-09-29 19:27:37,car,37.5369328,127.0825123,12.256,0.0,,46.98501658696733,fused,1,LTE,NR_NSA,5G,true,false,true,false,false,50957056,384,3050,7,8223,450,06,-83,-10,-51,,4,0,,,,9317,65591,0.0745,0.5247,9312,65571,0.0745,0.5246,false,9,0,9,-74,115,2600,2.6039796,true,false,periodic,0,4,,,5002,50956554,-72,-10,"[{""type"":""LTE"",""pci"":115,""earfcn"":2600,""tac"":null,""rsrp"":-74,""rsrq"":-10,""rssi"":-53,""snr"":null,""ta"":0,""level"":4,""bands"":""5""},{""type"":""LTE"",""pci"":384,""earfcn"":2600,""tac"":null,""rsrp"":-74,""rsrq"":-11,""rssi"":-51,""snr"":null,""ta"":0,""level"":4,""bands"":""5""},{""type"":""LTE"",""pci"":384,""earfcn"":100,""tac"":null,""rsrp"":-76,""rsrq"":-11,""rssi"":-51,""snr"":null,""ta"":0,""level"":4,""bands"":""1""},{""type"":""LTE"",""pci"":115,""earfcn"":3050,""tac"":null,""rsrp"":-80,""rsrq"":-10,""rssi"":-59,""snr"":null,""ta"":0,""level"":4,""bands"":""7""},{""type"":""LTE"",""pci"":115,""earfcn"":100,""tac"":null,""rsrp"":-80,""rsrq"":-9,""rssi"":-57,""snr"":null,""ta"":0,""level"":4,""bands"":""1""},{""type"":""LTE"",""pci"":341,""earfcn"":2600,""tac"":null,""rsrp"":-84,""rsrq"":-19,""rssi"":-53,""snr"":null,""ta"":0,""level"":4,""bands"":""5""},{""type"":""LTE"",""pci"":95,""earfcn"":2600,""tac"":null,""rsrp"":-87,""rsrq"":-20,""rssi"":-53,""snr"":null,""ta"":0,""level"":3,""bands"":""5""},{""type"":""LTE"",""pci"":341,""earfcn"":100,""tac"":null,""rsrp"":-89,""rsrq"":-20,""rssi"":-57,""snr"":null,""ta"":0,""level"":3,""bands"":""1""},{""type"":""LTE"",""pci"":341,""earfcn"":3050,""tac"":null,""rsrp"":-98,""rsrq"":-20,""rssi"":-69,""snr"":null,""ta"":0,""level"":2,""bands"":""7""}]",1009.1742,84,0.524,0.459,131,3,,,,"[{""b"":""1c:ec:72:6b:e7:10"",""s"":""Public WiFi Secure"",""r"":-40,""f"":5640},{""b"":""22:ec:72:6b:e7:10"",""s"":""Public WiFi Free"",""r"":-40,""f"":5640},{""b"":""26:ec:72:6b:e7:10"",""s"":""SEOUL_Secure"",""r"":-40,""f"":5640},{""b"":""26:ec:72:6b:e7:11"",""s"":""SEOUL_Secure"",""r"":-52,""f"":2412},{""b"":""66:ae:d0:0f:06:5a"",""s"":""Public WiFi secure"",""r"":-54,""f"":2412},{""b"":""06:88:ba:31:39:f7"",""s"":""SEOUL_Secure"",""r"":-54,""f"":5180},{""b"":""0a:88:ba:31:39:f7"",""s"":""Public WiFi Secure"",""r"":-55,""f"":5180},{""b"":""02:88:ba:31:39:f7"",""s"":""SEOUL"",""r"":-55,""f"":5180},{""b"":""66:ae:d0:0f:06:57"",""s"":""SEOUL"",""r"":-55,""f"":2412},{""b"":""66:ae:d0:0f:06:59"",""s"":""Public WiFi free"",""r"":-55,""f"":2412},{""b"":""00:88:ba:31:39:f7"",""s"":""Public WiFi Free"",""r"":-56,""f"":5180},{""b"":""76:ae:d0:0f:06:58"",""s"":""SEOUL"",""r"":-57,""f"":5785},{""b"":""a6:36:c7:93:f8:4a"",""s"":""[LG_CeilingCassette A\/C]f84a"",""r"":-58,""f"":2462},{""b"":""76:ae:d0:0f:06:59"",""s"":""SEOUL_Secure"",""r"":-58,""f"":5785},{""b"":""76:ae:d0:0f:06:5b"",""s"":""Public WiFi secure"",""r"":-58,""f"":5785}]","[{""type"":""LTE"",""pci"":115,""earfcn"":100,""tac"":null,""rsrp"":-61,""rsrq"":-7,""rssi"":-51,""snr"":null,""ta"":0,""level"":4,""bands"":""1""},{""type"":""LTE"",""pci"":115,""earfcn"":2600,""tac"":null,""rsrp"":-63,""rsrq"":-13,""rssi"":-51,""snr"":null,""ta"":0,""level"":4,""bands"":""5""},{""type"":""LTE"",""pci"":95,""earfcn"":100,""tac"":null,""rsrp"":-65,""rsrq"":-11,""rssi"":-51,""snr"":null,""ta"":0,""level"":4,""bands"":""1""},{""type"":""LTE"",""pci"":95,""earfcn"":2600,""tac"":null,""rsrp"":-65,""rsrq"":-15,""rssi"":-51,""snr"":null,""ta"":0,""level"":4,""bands"":""5""},{""type"":""LTE"",""pci"":95,""earfcn"":3050,""tac"":null,""rsrp"":-72,""rsrq"":-11,""rssi"":-51,""snr"":null,""ta"":0,""level"":4,""bands"":""7""}]"
1790677662873,2026-09-29 19:27:42,car,37.5369721,127.082446,10.544,2.85,297.0,45.0,fused,0,LTE,NR_NSA,5G,true,false,true,false,false,50957056,384,3050,7,8223,450,06,-83,-10,-51,,4,0,,,,2017,65006,0.0161,0.5200,1983,64986,0.0159,0.5199,false,9,0,9,-74,115,2600,2.85,false,false,periodic,5,3,0,,10045,,,,"[{""type"":""LTE"",""pci"":115,""earfcn"":2600,""tac"":null,""rsrp"":-74,""rsrq"":-10,""rssi"":-53,""snr"":null,""ta"":0,""level"":4,""bands"":""5""},{""type"":""LTE"",""pci"":384,""earfcn"":2600,""tac"":null,""rsrp"":-74,""rsrq"":-11,""rssi"":-51,""snr"":null,""ta"":0,""level"":4,""bands"":""5""},{""type"":""LTE"",""pci"":384,""earfcn"":100,""tac"":null,""rsrp"":-76,""rsrq"":-11,""rssi"":-51,""snr"":null,""ta"":0,""level"":4,""bands"":""1""},{""type"":""LTE"",""pci"":115,""earfcn"":3050,""tac"":null,""rsrp"":-80,""rsrq"":-10,""rssi"":-59,""snr"":null,""ta"":0,""level"":4,""bands"":""7""},{""type"":""LTE"",""pci"":115,""earfcn"":100,""tac"":null,""rsrp"":-80,""rsrq"":-9,""rssi"":-57,""snr"":null,""ta"":0,""level"":4,""bands"":""1""},{""type"":""LTE"",""pci"":341,""earfcn"":2600,""tac"":null,""rsrp"":-84,""rsrq"":-19,""rssi"":-53,""snr"":null,""ta"":0,""level"":4,""bands"":""5""},{""type"":""LTE"",""pci"":95,""earfcn"":2600,""tac"":null,""rsrp"":-87,""rsrq"":-20,""rssi"":-53,""snr"":null,""ta"":0,""level"":3,""bands"":""5""},{""type"":""LTE"",""pci"":341,""earfcn"":100,""tac"":null,""rsrp"":-89,""rsrq"":-20,""rssi"":-57,""snr"":null,""ta"":0,""level"":3,""bands"":""1""},{""type"":""LTE"",""pci"":341,""earfcn"":3050,""tac"":null,""rsrp"":-98,""rsrq"":-20,""rssi"":-69,""snr"":null,""ta"":0,""level"":2,""bands"":""7""}]",1009.21606,86,0.524,0.524,54,1,,,,"[{""b"":""26:ec:72:6b:e7:11"",""s"":""SEOUL_Secure"",""r"":-46,""f"":2412},{""b"":""26:ec:72:6b:e7:10"",""s"":""SEOUL_Secure"",""r"":-47,""f"":5640},{""b"":""22:ec:72:6b:e7:10"",""s"":""Public WiFi Free"",""r"":-47,""f"":5640},{""b"":""22:ec:72:6b:e7:11"",""s"":""Public WiFi Free"",""r"":-47,""f"":2412},{""b"":""1c:ec:72:6b:e7:11"",""s"":""Public WiFi Secure"",""r"":-48,""f"":2412},{""b"":""1c:ec:72:6b:e7:10"",""s"":""Public WiFi Secure"",""r"":-48,""f"":5640},{""b"":""66:ae:d0:0f:06:58"",""s"":""SEOUL_Secure"",""r"":-54,""f"":2412},{""b"":""66:ae:d0:0f:06:59"",""s"":""Public WiFi free"",""r"":-54,""f"":2412},{""b"":""a6:36:c7:93:f8:4a"",""s"":""[LG_CeilingCassette A\/C]f84a"",""r"":-55,""f"":2462},{""b"":""0a:88:ba:31:39:f7"",""s"":""Public WiFi Secure"",""r"":-55,""f"":5180},{""b"":""00:88:ba:31:39:f7"",""s"":""Public WiFi Free"",""r"":-55,""f"":5180},{""b"":""06:88:ba:31:39:f7"",""s"":""SEOUL_Secure"",""r"":-55,""f"":5180},{""b"":""02:88:ba:31:39:f7"",""s"":""SEOUL"",""r"":-55,""f"":5180},{""b"":""76:ae:d0:0f:06:5a"",""s"":""Public WiFi free"",""r"":-56,""f"":5785},{""b"":""76:ae:d0:0f:06:59"",""s"":""SEOUL_Secure"",""r"":-56,""f"":5785}]",""
1790677667899,2026-09-29 19:27:47,car,37.5370289,127.0822747,10.68,5.44,285.0,45.0,fused,1,LTE,NR_NSA,5G,true,false,true,false,false,50957056,384,3050,7,8223,450,06,-82,-11,-51,,4,0,,,,2246,65495,0.0180,0.5240,2226,65475,0.0178,0.5238,false,7,0,7,-77,384,100,5.44,false,false,periodic,10,2,1,,5003,,,,"[{""type"":""LTE"",""pci"":384,""earfcn"":100,""tac"":null,""rsrp"":-77,""rsrq"":-11,""rssi"":-55,""snr"":null,""ta"":0,""level"":4,""bands"":""1""},{""type"":""LTE"",""pci"":115,""earfcn"":3050,""tac"":null,""rsrp"":-81,""rsrq"":-12,""rssi"":-59,""snr"":null,""ta"":0,""level"":4,""bands"":""7""},{""type"":""LTE"",""pci"":115,""earfcn"":100,""tac"":null,""rsrp"":-82,""rsrq"":-15,""rssi"":-55,""snr"":null,""ta"":0,""level"":4,""bands"":""1""},{""type"":""LTE"",""pci"":384,""earfcn"":2600,""tac"":null,""rsrp"":-82,""rsrq"":-14,""rssi"":-59,""snr"":null,""ta"":0,""level"":4,""bands"":""5""},{""type"":""LTE"",""pci"":341,""earfcn"":2600,""tac"":null,""rsrp"":-86,""rsrq"":-15,""rssi"":-59,""snr"":null,""ta"":0,""level"":3,""bands"":""5""},{""type"":""LTE"",""pci"":341,""earfcn"":3050,""tac"":null,""rsrp"":-87,""rsrq"":-19,""rssi"":-63,""snr"":null,""ta"":0,""level"":3,""bands"":""7""},{""type"":""LTE"",""pci"":115,""earfcn"":2600,""tac"":null,""rsrp"":-87,""rsrq"":-14,""rssi"":-59,""snr"":null,""ta"":0,""level"":3,""bands"":""5""}]",1009.13275,79,0.459,0.524,49,3,,,,"[{""b"":""1c:ec:72:6b:e7:11"",""s"":""Public WiFi Secure"",""r"":-47,""f"":2412},{""b"":""1c:ec:72:6b:e7:10"",""s"":""Public WiFi Secure"",""r"":-48,""f"":5640},{""b"":""22:ec:72:6b:e7:11"",""s"":""Public WiFi Free"",""r"":-48,""f"":2412},{""b"":""26:ec:72:6b:e7:10"",""s"":""SEOUL_Secure"",""r"":-49,""f"":5640},{""b"":""22:ec:72:6b:e7:10"",""s"":""Public WiFi Free"",""r"":-49,""f"":5640},{""b"":""0a:88:ba:31:39:f7"",""s"":""Public WiFi Secure"",""r"":-50,""f"":5180},{""b"":""00:88:ba:31:39:f7"",""s"":""Public WiFi Free"",""r"":-50,""f"":5180},{""b"":""06:88:ba:31:39:f7"",""s"":""SEOUL_Secure"",""r"":-50,""f"":5180},{""b"":""02:88:ba:31:39:f7"",""s"":""SEOUL"",""r"":-50,""f"":5180},{""b"":""66:ae:d0:0f:06:5a"",""s"":""Public WiFi secure"",""r"":-59,""f"":2412},{""b"":""66:ae:d0:0f:06:59"",""s"":""Public WiFi free"",""r"":-61,""f"":2412},{""b"":""1e:ec:72:6b:e7:0f"",""s"":""Public WiFi Secure"",""r"":-62,""f"":6115},{""b"":""1e:ec:72:6b:e7:00"",""s"":""Public WiFi Free"",""r"":-62,""f"":6115},{""b"":""1e:ec:72:6b:e7:01"",""s"":""SEOUL_Secure"",""r"":-62,""f"":6115},{""b"":""66:ae:d0:0f:06:58"",""s"":""SEOUL_Secure"",""r"":-63,""f"":2412}]",""
1790677672928,2026-09-29 19:27:52,car,37.5371758,127.0819034,10.875,7.57,289.0,45.0,fused,1,LTE,NR_NSA,5G,true,false,true,false,false,50957056,384,3050,7,8223,450,06,-82,-11,-51,,4,0,,,,2149,63508,0.0172,0.5081,2129,63488,0.0170,0.5079,false,7,0,7,-77,384,100,7.57,false,false,periodic,15,1,0,,10031,,,,"[{""type"":""LTE"",""pci"":384,""earfcn"":100,""tac"":null,""rsrp"":-77,""rsrq"":-11,""rssi"":-55,""snr"":null,""ta"":0,""level"":4,""bands"":""1""},{""type"":""LTE"",""pci"":115,""earfcn"":3050,""tac"":null,""rsrp"":-81,""rsrq"":-12,""rssi"":-59,""snr"":null,""ta"":0,""level"":4,""bands"":""7""},{""type"":""LTE"",""pci"":115,""earfcn"":100,""tac"":null,""rsrp"":-82,""rsrq"":-15,""rssi"":-55,""snr"":null,""ta"":0,""level"":4,""bands"":""1""},{""type"":""LTE"",""pci"":384,""earfcn"":2600,""tac"":null,""rsrp"":-82,""rsrq"":-14,""rssi"":-59,""snr"":null,""ta"":0,""level"":4,""bands"":""5""},{""type"":""LTE"",""pci"":341,""earfcn"":2600,""tac"":null,""rsrp"":-86,""rsrq"":-15,""rssi"":-59,""snr"":null,""ta"":0,""level"":3,""bands"":""5""},{""type"":""LTE"",""pci"":341,""earfcn"":3050,""tac"":null,""rsrp"":-87,""rsrq"":-19,""rssi"":-63,""snr"":null,""ta"":0,""level"":3,""bands"":""7""},{""type"":""LTE"",""pci"":115,""earfcn"":2600,""tac"":null,""rsrp"":-87,""rsrq"":-14,""rssi"":-59,""snr"":null,""ta"":0,""level"":3,""bands"":""5""}]",1009.01337,84,0.459,0.459,49,8,,,,"[{""b"":""1c:ec:72:6b:e7:11"",""s"":""Public WiFi Secure"",""r"":-47,""f"":2412},{""b"":""1c:ec:72:6b:e7:10"",""s"":""Public WiFi Secure"",""r"":-48,""f"":5640},{""b"":""22:ec:72:6b:e7:11"",""s"":""Public WiFi Free"",""r"":-48,""f"":2412},{""b"":""26:ec:72:6b:e7:10"",""s"":""SEOUL_Secure"",""r"":-49,""f"":5640},{""b"":""22:ec:72:6b:e7:10"",""s"":""Public WiFi Free"",""r"":-49,""f"":5640},{""b"":""0a:88:ba:31:39:f7"",""s"":""Public WiFi Secure"",""r"":-50,""f"":5180},{""b"":""00:88:ba:31:39:f7"",""s"":""Public WiFi Free"",""r"":-50,""f"":5180},{""b"":""06:88:ba:31:39:f7"",""s"":""SEOUL_Secure"",""r"":-50,""f"":5180},{""b"":""02:88:ba:31:39:f7"",""s"":""SEOUL"",""r"":-50,""f"":5180},{""b"":""66:ae:d0:0f:06:5a"",""s"":""Public WiFi secure"",""r"":-59,""f"":2412},{""b"":""66:ae:d0:0f:06:59"",""s"":""Public WiFi free"",""r"":-61,""f"":2412},{""b"":""1e:ec:72:6b:e7:0f"",""s"":""Public WiFi Secure"",""r"":-62,""f"":6115},{""b"":""1e:ec:72:6b:e7:00"",""s"":""Public WiFi Free"",""r"":-62,""f"":6115},{""b"":""1e:ec:72:6b:e7:01"",""s"":""SEOUL_Secure"",""r"":-62,""f"":6115},{""b"":""66:ae:d0:0f:06:58"",""s"":""SEOUL_Secure"",""r"":-63,""f"":2412}]",""
1790677677951,2026-09-29 19:27:57,car,37.5372779,127.0813284,10.45,9.35,288.0,47.34123371593788,fused,0,LTE,NR_NSA,5G,true,false,true,false,false,50957056,384,3050,7,8223,450,06,-85,-8,-57,,4,0,,,,1925,65214,0.0154,0.5217,1885,65174,0.0151,0.5214,false,9,0,9,-80,384,100,9.35,false,false,periodic,20,1,-3,,5001,,,,"[{""type"":""LTE"",""pci"":384,""earfcn"":100,""tac"":null,""rsrp"":-80,""rsrq"":-15,""rssi"":-53,""snr"":null,""ta"":0,""level"":4,""bands"":""1""},{""type"":""LTE"",""pci"":384,""earfcn"":2600,""tac"":null,""rsrp"":-82,""rsrq"":-12,""rssi"":-61,""snr"":null,""ta"":0,""level"":4,""bands"":""5""},{""type"":""LTE"",""pci"":341,""earfcn"":100,""tac"":null,""rsrp"":-85,""rsrq"":-16,""rssi"":-53,""snr"":null,""ta"":0,""level"":4,""bands"":""1""},{""type"":""LTE"",""pci"":341,""earfcn"":3050,""tac"":null,""rsrp"":-89,""rsrq"":-14,""rssi"":-67,""snr"":null,""ta"":0,""level"":3,""bands"":""7""},{""type"":""LTE"",""pci"":115,""earfcn"":2600,""tac"":null,""rsrp"":-89,""rsrq"":-19,""rssi"":-61,""snr"":null,""ta"":0,""level"":3,""bands"":""5""},{""type"":""LTE"",""pci"":115,""earfcn"":100,""tac"":null,""rsrp"":-90,""rsrq"":-20,""rssi"":-59,""snr"":null,""ta"":0,""level"":3,""bands"":""1""},{""type"":""LTE"",""pci"":341,""earfcn"":2600,""tac"":null,""rsrp"":-91,""rsrq"":-18,""rssi"":-61,""snr"":null,""ta"":0,""level"":3,""bands"":""5""},{""type"":""LTE"",""pci"":115,""earfcn"":3050,""tac"":null,""rsrp"":-93,""rsrq"":-16,""rssi"":-67,""snr"":null,""ta"":0,""level"":3,""bands"":""7""},{""type"":""LTE"",""pci"":91,""earfcn"":3050,""tac"":null,""rsrp"":-97,""rsrq"":-19,""rssi"":-67,""snr"":null,""ta"":0,""level"":2,""bands"":""7""}]",1008.8875,54,0.459,0.459,49,13,,,,"[{""b"":""1c:ec:72:6b:e7:11"",""s"":""Public WiFi Secure"",""r"":-47,""f"":2412},{""b"":""1c:ec:72:6b:e7:10"",""s"":""Public WiFi Secure"",""r"":-48,""f"":5640},{""b"":""22:ec:72:6b:e7:11"",""s"":""Public WiFi Free"",""r"":-48,""f"":2412},{""b"":""26:ec:72:6b:e7:10"",""s"":""SEOUL_Secure"",""r"":-49,""f"":5640},{""b"":""22:ec:72:6b:e7:10"",""s"":""Public WiFi Free"",""r"":-49,""f"":5640},{""b"":""0a:88:ba:31:39:f7"",""s"":""Public WiFi Secure"",""r"":-50,""f"":5180},{""b"":""00:88:ba:31:39:f7"",""s"":""Public WiFi Free"",""r"":-50,""f"":5180},{""b"":""06:88:ba:31:39:f7"",""s"":""SEOUL_Secure"",""r"":-50,""f"":5180},{""b"":""02:88:ba:31:39:f7"",""s"":""SEOUL"",""r"":-50,""f"":5180},{""b"":""66:ae:d0:0f:06:5a"",""s"":""Public WiFi secure"",""r"":-59,""f"":2412},{""b"":""66:ae:d0:0f:06:59"",""s"":""Public WiFi free"",""r"":-61,""f"":2412},{""b"":""1e:ec:72:6b:e7:0f"",""s"":""Public WiFi Secure"",""r"":-62,""f"":6115},{""b"":""1e:ec:72:6b:e7:00"",""s"":""Public WiFi Free"",""r"":-62,""f"":6115},{""b"":""1e:ec:72:6b:e7:01"",""s"":""SEOUL_Secure"",""r"":-62,""f"":6115},{""b"":""66:ae:d0:0f:06:58"",""s"":""SEOUL_Secure"",""r"":-63,""f"":2412}]",""
1790677682966,2026-09-29 19:28:02,car,37.5373473,127.0810152,10.937,6.05,287.0,48.03747912705947,fused,1,LTE,NR_NSA,5G,true,false,true,false,false,50957056,384,3050,7,8223,450,06,-85,-8,-57,,4,0,,,,2052,65298,0.0164,0.5224,2032,65278,0.0163,0.5222,false,9,0,9,-80,384,100,6.05,false,false,periodic,25,1,0,,10017,,,,"[{""type"":""LTE"",""pci"":384,""earfcn"":100,""tac"":null,""rsrp"":-80,""rsrq"":-15,""rssi"":-53,""snr"":null,""ta"":0,""level"":4,""bands"":""1""},{""type"":""LTE"",""pci"":384,""earfcn"":2600,""tac"":null,""rsrp"":-82,""rsrq"":-12,""rssi"":-61,""snr"":null,""ta"":0,""level"":4,""bands"":""5""},{""type"":""LTE"",""pci"":341,""earfcn"":100,""tac"":null,""rsrp"":-85,""rsrq"":-16,""rssi"":-53,""snr"":null,""ta"":0,""level"":4,""bands"":""1""},{""type"":""LTE"",""pci"":341,""earfcn"":3050,""tac"":null,""rsrp"":-89,""rsrq"":-14,""rssi"":-67,""snr"":null,""ta"":0,""level"":3,""bands"":""7""},{""type"":""LTE"",""pci"":115,""earfcn"":2600,""tac"":null,""rsrp"":-89,""rsrq"":-19,""rssi"":-61,""snr"":null,""ta"":0,""level"":3,""bands"":""5""},{""type"":""LTE"",""pci"":115,""earfcn"":100,""tac"":null,""rsrp"":-90,""rsrq"":-20,""rssi"":-59,""snr"":null,""ta"":0,""level"":3,""bands"":""1""},{""type"":""LTE"",""pci"":341,""earfcn"":2600,""tac"":null,""rsrp"":-91,""rsrq"":-18,""rssi"":-61,""snr"":null,""ta"":0,""level"":3,""bands"":""5""},{""type"":""LTE"",""pci"":115,""earfcn"":3050,""tac"":null,""rsrp"":-93,""rsrq"":-16,""rssi"":-67,""snr"":null,""ta"":0,""level"":3,""bands"":""7""},{""type"":""LTE"",""pci"":91,""earfcn"":3050,""tac"":null,""rsrp"":-97,""rsrq"":-19,""rssi"":-67,""snr"":null,""ta"":0,""level"":2,""bands"":""7""}]",1008.9241,74,0.524,0.459,49,18,,,,"[{""b"":""1c:ec:72:6b:e7:11"",""s"":""Public WiFi Secure"",""r"":-47,""f"":2412},{""b"":""1c:ec:72:6b:e7:10"",""s"":""Public WiFi Secure"",""r"":-48,""f"":5640},{""b"":""22:ec:72:6b:e7:11"",""s"":""Public WiFi Free"",""r"":-48,""f"":2412},{""b"":""26:ec:72:6b:e7:10"",""s"":""SEOUL_Secure"",""r"":-49,""f"":5640},{""b"":""22:ec:72:6b:e7:10"",""s"":""Public WiFi Free"",""r"":-49,""f"":5640},{""b"":""0a:88:ba:31:39:f7"",""s"":""Public WiFi Secure"",""r"":-50,""f"":5180},{""b"":""00:88:ba:31:39:f7"",""s"":""Public WiFi Free"",""r"":-50,""f"":5180},{""b"":""06:88:ba:31:39:f7"",""s"":""SEOUL_Secure"",""r"":-50,""f"":5180},{""b"":""02:88:ba:31:39:f7"",""s"":""SEOUL"",""r"":-50,""f"":5180},{""b"":""66:ae:d0:0f:06:5a"",""s"":""Public WiFi secure"",""r"":-59,""f"":2412},{""b"":""66:ae:d0:0f:06:59"",""s"":""Public WiFi free"",""r"":-61,""f"":2412},{""b"":""1e:ec:72:6b:e7:0f"",""s"":""Public WiFi Secure"",""r"":-62,""f"":6115},{""b"":""1e:ec:72:6b:e7:00"",""s"":""Public WiFi Free"",""r"":-62,""f"":6115},{""b"":""1e:ec:72:6b:e7:01"",""s"":""SEOUL_Secure"",""r"":-62,""f"":6115},{""b"":""66:ae:d0:0f:06:58"",""s"":""SEOUL_Secure"",""r"":-63,""f"":2412}]",""
1790677687990,2026-09-29 19:28:07,car,37.5373535,127.0809729,16.706,0.77,286.0,47.39999771118164,fused,0,LTE,NR_NSA,5G,true,false,true,false,false,50957056,384,3050,7,8223,450,06,-90,-8,-59,,3,0,,,,7873,66359,0.0630,0.5309,7853,66339,0.0628,0.5307,false,9,0,9,-87,341,2600,0.77,false,false,periodic,30,0,-5,,5000,,,,"[{""type"":""LTE"",""pci"":341,""earfcn"":2600,""tac"":null,""rsrp"":-87,""rsrq"":-14,""rssi"":-67,""snr"":null,""ta"":0,""level"":3,""bands"":""5""},{""type"":""LTE"",""pci"":384,""earfcn"":100,""tac"":null,""rsrp"":-88,""rsrq"":-10,""rssi"":-67,""snr"":null,""ta"":0,""level"":3,""bands"":""1""},{""type"":""LTE"",""pci"":341,""earfcn"":100,""tac"":null,""rsrp"":-88,""rsrq"":-12,""rssi"":-67,""snr"":null,""ta"":0,""level"":3,""bands"":""1""},{""type"":""LTE"",""pci"":384,""earfcn"":2600,""tac"":null,""rsrp"":-89,""rsrq"":-12,""rssi"":-67,""snr"":null,""ta"":0,""level"":3,""bands"":""5""},{""type"":""LTE"",""pci"":341,""earfcn"":3050,""tac"":null,""rsrp"":-97,""rsrq"":-14,""rssi"":-71,""snr"":null,""ta"":0,""level"":2,""bands"":""7""},{""type"":""LTE"",""pci"":115,""earfcn"":100,""tac"":null,""rsrp"":-98,""rsrq"":-17,""rssi"":-67,""snr"":null,""ta"":0,""level"":2,""bands"":""1""},{""type"":""LTE"",""pci"":94,""earfcn"":3050,""tac"":null,""rsrp"":-99,""rsrq"":-16,""rssi"":-71,""snr"":null,""ta"":0,""level"":2,""bands"":""7""},{""type"":""LTE"",""pci"":115,""earfcn"":3050,""tac"":null,""rsrp"":-102,""rsrq"":-20,""rssi"":-75,""snr"":null,""ta"":0,""level"":2,""bands"":""7""},{""type"":""LTE"",""pci"":91,""earfcn"":3050,""tac"":null,""rsrp"":-103,""rsrq"":-20,""rssi"":-71,""snr"":null,""ta"":0,""level"":2,""bands"":""7""}]",1008.97784,71,0.459,0.524,70,3,,,,"[{""b"":""1c:ec:72:6b:e7:10"",""s"":""Public WiFi Secure"",""r"":-48,""f"":5640},{""b"":""26:ec:72:6b:e7:10"",""s"":""SEOUL_Secure"",""r"":-49,""f"":5640},{""b"":""22:ec:72:6b:e7:10"",""s"":""Public WiFi Free"",""r"":-49,""f"":5640},{""b"":""0a:88:ba:31:39:f7"",""s"":""Public WiFi Secure"",""r"":-50,""f"":5180},{""b"":""26:ec:72:6b:e7:11"",""s"":""SEOUL_Secure"",""r"":-50,""f"":2412},{""b"":""00:88:ba:31:39:f7"",""s"":""Public WiFi Free"",""r"":-50,""f"":5180},{""b"":""06:88:ba:31:39:f7"",""s"":""SEOUL_Secure"",""r"":-50,""f"":5180},{""b"":""02:88:ba:31:39:f7"",""s"":""SEOUL"",""r"":-50,""f"":5180},{""b"":""22:ec:72:6b:e7:11"",""s"":""Public WiFi Free"",""r"":-50,""f"":2412},{""b"":""1c:ec:72:6b:e7:11"",""s"":""Public WiFi Secure"",""r"":-51,""f"":2412},{""b"":""66:ae:d0:0f:06:5a"",""s"":""Public WiFi secure"",""r"":-59,""f"":2412},{""b"":""50:46:ae:38:43:0b"",""s"":""SK_WiFiGIGA4308_2.4G"",""r"":-61,""f"":2452},{""b"":""66:ae:d0:0f:06:59"",""s"":""Public WiFi free"",""r"":-61,""f"":2412},{""b"":""1e:ec:72:6b:e7:0f"",""s"":""Public WiFi Secure"",""r"":-62,""f"":6115},{""b"":""1e:ec:72:6b:e7:00"",""s"":""Public WiFi Free"",""r"":-62,""f"":6115}]",""
1790677693024,2026-09-29 19:28:13,car,37.5373592,127.0809493,10.453,0.46,286.0,47.39999771118164,fused,1,LTE,NR_NSA,5G,true,false,true,false,false,50957056,384,3050,7,8223,450,06,-90,-8,-59,,3,0,,,,1944,65051,0.0156,0.5204,1924,65031,0.0154,0.5202,false,9,0,9,-87,341,2600,0.46,false,false,periodic,35,0,0,,10035,,,,"[{""type"":""LTE"",""pci"":341,""earfcn"":2600,""tac"":null,""rsrp"":-87,""rsrq"":-14,""rssi"":-67,""snr"":null,""ta"":0,""level"":3,""bands"":""5""},{""type"":""LTE"",""pci"":384,""earfcn"":100,""tac"":null,""rsrp"":-88,""rsrq"":-10,""rssi"":-67,""snr"":null,""ta"":0,""level"":3,""bands"":""1""},{""type"":""LTE"",""pci"":341,""earfcn"":100,""tac"":null,""rsrp"":-88,""rsrq"":-12,""rssi"":-67,""snr"":null,""ta"":0,""level"":3,""bands"":""1""},{""type"":""LTE"",""pci"":384,""earfcn"":2600,""tac"":null,""rsrp"":-89,""rsrq"":-12,""rssi"":-67,""snr"":null,""ta"":0,""level"":3,""bands"":""5""},{""type"":""LTE"",""pci"":341,""earfcn"":3050,""tac"":null,""rsrp"":-97,""rsrq"":-14,""rssi"":-71,""snr"":null,""ta"":0,""level"":2,""bands"":""7""},{""type"":""LTE"",""pci"":115,""earfcn"":100,""tac"":null,""rsrp"":-98,""rsrq"":-17,""rssi"":-67,""snr"":null,""ta"":0,""level"":2,""bands"":""1""},{""type"":""LTE"",""pci"":94,""earfcn"":3050,""tac"":null,""rsrp"":-99,""rsrq"":-16,""rssi"":-71,""snr"":null,""ta"":0,""level"":2,""bands"":""7""},{""type"":""LTE"",""pci"":115,""earfcn"":3050,""tac"":null,""rsrp"":-102,""rsrq"":-20,""rssi"":-75,""snr"":null,""ta"":0,""level"":2,""bands"":""7""},{""type"":""LTE"",""pci"":91,""earfcn"":3050,""tac"":null,""rsrp"":-103,""rsrq"":-20,""rssi"":-71,""snr"":null,""ta"":0,""level"":2,""bands"":""7""}]",1008.9785,101,0.459,0.524,70,8,,,,"[{""b"":""1c:ec:72:6b:e7:10"",""s"":""Public WiFi Secure"",""r"":-48,""f"":5640},{""b"":""26:ec:72:6b:e7:10"",""s"":""SEOUL_Secure"",""r"":-49,""f"":5640},{""b"":""22:ec:72:6b:e7:10"",""s"":""Public WiFi Free"",""r"":-49,""f"":5640},{""b"":""0a:88:ba:31:39:f7"",""s"":""Public WiFi Secure"",""r"":-50,""f"":5180},{""b"":""26:ec:72:6b:e7:11"",""s"":""SEOUL_Secure"",""r"":-50,""f"":2412},{""b"":""00:88:ba:31:39:f7"",""s"":""Public WiFi Free"",""r"":-50,""f"":5180},{""b"":""06:88:ba:31:39:f7"",""s"":""SEOUL_Secure"",""r"":-50,""f"":5180},{""b"":""02:88:ba:31:39:f7"",""s"":""SEOUL"",""r"":-50,""f"":5180},{""b"":""22:ec:72:6b:e7:11"",""s"":""Public WiFi Free"",""r"":-50,""f"":2412},{""b"":""1c:ec:72:6b:e7:11"",""s"":""Public WiFi Secure"",""r"":-51,""f"":2412},{""b"":""66:ae:d0:0f:06:5a"",""s"":""Public WiFi secure"",""r"":-59,""f"":2412},{""b"":""50:46:ae:38:43:0b"",""s"":""SK_WiFiGIGA4308_2.4G"",""r"":-61,""f"":2452},{""b"":""66:ae:d0:0f:06:59"",""s"":""Public WiFi free"",""r"":-61,""f"":2412},{""b"":""1e:ec:72:6b:e7:0f"",""s"":""Public WiFi Secure"",""r"":-62,""f"":6115},{""b"":""1e:ec:72:6b:e7:00"",""s"":""Public WiFi Free"",""r"":-62,""f"":6115}]",""
1790677698053,2026-09-29 19:28:18,car,37.5373562,127.0809295,10.246,0.0,,47.29999923706055,fused,0,LTE,NR_NSA,5G,true,false,true,false,false,50957056,384,3050,7,8223,450,06,-93,-14,-59,,3,0,,,,1959,63425,0.0157,0.5074,1919,63385,0.0154,0.5071,false,8,0,8,-84,384,100,2.2032873E-4,false,false,periodic,40,0,-3,,5000,,,,"[{""type"":""LTE"",""pci"":384,""earfcn"":100,""tac"":null,""rsrp"":-84,""rsrq"":-13,""rssi"":-63,""snr"":null,""ta"":0,""level"":4,""bands"":""1""},{""type"":""LTE"",""pci"":341,""earfcn"":100,""tac"":null,""rsrp"":-87,""rsrq"":-13,""rssi"":-63,""snr"":null,""ta"":0,""level"":3,""bands"":""1""},{""type"":""LTE"",""pci"":341,""earfcn"":2600,""tac"":null,""rsrp"":-91,""rsrq"":-13,""rssi"":-67,""snr"":null,""ta"":0,""level"":3,""bands"":""5""},{""type"":""LTE"",""pci"":94,""earfcn"":100,""tac"":null,""rsrp"":-93,""rsrq"":-20,""rssi"":-63,""snr"":null,""ta"":0,""level"":3,""bands"":""1""},{""type"":""LTE"",""pci"":94,""earfcn"":3050,""tac"":null,""rsrp"":-94,""rsrq"":-16,""rssi"":-71,""snr"":null,""ta"":0,""level"":3,""bands"":""7""},{""type"":""LTE"",""pci"":384,""earfcn"":2600,""tac"":null,""rsrp"":-96,""rsrq"":-18,""rssi"":-67,""snr"":null,""ta"":0,""level"":2,""bands"":""5""},{""type"":""LTE"",""pci"":94,""earfcn"":2600,""tac"":null,""rsrp"":-97,""rsrq"":-19,""rssi"":-67,""snr"":null,""ta"":0,""level"":2,""bands"":""5""},{""type"":""LTE"",""pci"":341,""earfcn"":3050,""tac"":null,""rsrp"":-99,""rsrq"":-18,""rssi"":-71,""snr"":null,""ta"":0,""level"":2,""bands"":""7""}]",1008.9783,124,0.459,0.459,28,5,,,,"[{""b"":""26:ec:72:6b:e7:10"",""s"":""SEOUL_Secure"",""r"":-50,""f"":5640},{""b"":""1c:ec:72:6b:e7:10"",""s"":""Public WiFi Secure"",""r"":-50,""f"":5640},{""b"":""22:ec:72:6b:e7:10"",""s"":""Public WiFi Free"",""r"":-50,""f"":5640},{""b"":""1c:ec:72:6b:e7:11"",""s"":""Public WiFi Secure"",""r"":-51,""f"":2412},{""b"":""22:ec:72:6b:e7:11"",""s"":""Public WiFi Free"",""r"":-52,""f"":2412},{""b"":""26:ec:72:6b:e7:11"",""s"":""SEOUL_Secure"",""r"":-53,""f"":2412},{""b"":""56:46:ae:38:43:0b"",""s"":"""",""r"":-66,""f"":2452},{""b"":""50:46:ae:38:43:0b"",""s"":""SK_WiFiGIGA4308_2.4G"",""r"":-66,""f"":2452},{""b"":""1e:ec:72:6b:e7:0f"",""s"":""Public WiFi Secure"",""r"":-70,""f"":6115},{""b"":""1e:ec:72:6b:e7:00"",""s"":""Public WiFi Free"",""r"":-70,""f"":6115},{""b"":""1e:ec:72:6b:e7:01"",""s"":""SEOUL_Secure"",""r"":-70,""f"":6115},{""b"":""50:46:ae:38:43:0a"",""s"":""SK_WiFiGIGA4308_5G"",""r"":-71,""f"":5240},{""b"":""50:46:ae:72:47:ef"",""s"":""SK_WiFiGIGA47EC_2.4G"",""r"":-72,""f"":2442},{""b"":""0c:96:cd:b7:49:ed"",""s"":""SK_WiFiGIGA49EA_2.4G"",""r"":-74,""f"":2442},{""b"":""28:4e:e9:c6:b9:7d"",""s"":""SK_B97A_2.4G"",""r"":-77,""f"":2437}]",""
1790677703069,2026-09-29 19:28:23,car,37.5373562,127.0809295,10.166,0.0,,47.29999923706055,fused,1,LTE,NR_NSA,5G,true,false,true,false,false,50957056,384,3050,7,8223,450,06,-93,-14,-59,,3,0,,,,1949,65530,0.0156,0.5242,1930,65510,0.0154,0.5241,false,8,0,8,-84,384,100,3.4888797E-6,false,false,periodic,45,0,0,,10019,,,,"[{""type"":""LTE"",""pci"":384,""earfcn"":100,""tac"":null,""rsrp"":-84,""rsrq"":-13,""rssi"":-63,""snr"":null,""ta"":0,""level"":4,""bands"":""1""},{""type"":""LTE"",""pci"":341,""earfcn"":100,""tac"":null,""rsrp"":-87,""rsrq"":-13,""rssi"":-63,""snr"":null,""ta"":0,""level"":3,""bands"":""1""},{""type"":""LTE"",""pci"":341,""earfcn"":2600,""tac"":null,""rsrp"":-91,""rsrq"":-13,""rssi"":-67,""snr"":null,""ta"":0,""level"":3,""bands"":""5""},{""type"":""LTE"",""pci"":94,""earfcn"":100,""tac"":null,""rsrp"":-93,""rsrq"":-20,""rssi"":-63,""snr"":null,""ta"":0,""level"":3,""bands"":""1""},{""type"":""LTE"",""pci"":94,""earfcn"":3050,""tac"":null,""rsrp"":-94,""rsrq"":-16,""rssi"":-71,""snr"":null,""ta"":0,""level"":3,""bands"":""7""},{""type"":""LTE"",""pci"":384,""earfcn"":2600,""tac"":null,""rsrp"":-96,""rsrq"":-18,""rssi"":-67,""snr"":null,""ta"":0,""level"":2,""bands"":""5""},{""type"":""LTE"",""pci"":94,""earfcn"":2600,""tac"":null,""rsrp"":-97,""rsrq"":-19,""rssi"":-67,""snr"":null,""ta"":0,""level"":2,""bands"":""5""},{""type"":""LTE"",""pci"":341,""earfcn"":3050,""tac"":null,""rsrp"":-99,""rsrq"":-18,""rssi"":-71,""snr"":null,""ta"":0,""level"":2,""bands"":""7""}]",1008.98505,73,0.459,0.459,30,1,,,,"[{""b"":""26:ec:72:6b:e7:10"",""s"":""SEOUL_Secure"",""r"":-45,""f"":5640},{""b"":""22:ec:72:6b:e7:10"",""s"":""Public WiFi Free"",""r"":-45,""f"":5640},{""b"":""1c:ec:72:6b:e7:10"",""s"":""Public WiFi Secure"",""r"":-46,""f"":5640},{""b"":""26:ec:72:6b:e7:11"",""s"":""SEOUL_Secure"",""r"":-47,""f"":2412},{""b"":""1c:ec:72:6b:e7:11"",""s"":""Public WiFi Secure"",""r"":-47,""f"":2412},{""b"":""22:ec:72:6b:e7:11"",""s"":""Public WiFi Free"",""r"":-47,""f"":2412},{""b"":""50:46:ae:38:43:0b"",""s"":""SK_WiFiGIGA4308_2.4G"",""r"":-64,""f"":2452},{""b"":""50:46:ae:38:43:0a"",""s"":""SK_WiFiGIGA4308_5G"",""r"":-70,""f"":5240},{""b"":""ba:a9:4f:94:0e:90"",""s"":""KT_GiGA_Mesh_0E8C"",""r"":-72,""f"":2422},{""b"":""50:46:ae:72:47:ef"",""s"":""SK_WiFiGIGA47EC_2.4G"",""r"":-72,""f"":2442},{""b"":""b4:a9:4f:94:0e:90"",""s"":""KT_GiGA_0E8C"",""r"":-72,""f"":2422},{""b"":""28:4e:e9:c6:b9:7d"",""s"":""SK_B97A_2.4G"",""r"":-73,""f"":2437},{""b"":""00:26:66:d7:2a:f2"",""s"":""SEO 2F"",""r"":-76,""f"":2462},{""b"":""58:86:94:16:da:54"",""s"":""yongsung_2.4G"",""r"":-79,""f"":2447},{""b"":""98:77:e7:39:b1:1a"",""s"":""U+NetB119"",""r"":-81,""f"":2442}]",""
1790677708093,2026-09-29 19:28:28,car,37.5373562,127.0809295,10.145,0.0,,47.099998474121094,fused,0,LTE,NR_NSA,5G,true,false,true,false,false,50957056,384,3050,7,8223,450,06,-95,-14,-63,,3,1,,,,1704,65009,0.0136,0.5201,1684,64989,0.0135,0.5199,false,11,0,11,-81,341,2600,0.5259278,false,false,periodic,50,0,-2,,5000,,,,"[{""type"":""LTE"",""pci"":341,""earfcn"":2600,""tac"":null,""rsrp"":-81,""rsrq"":-14,""rssi"":-51,""snr"":null,""ta"":1,""level"":4,""bands"":""5""},{""type"":""LTE"",""pci"":384,""earfcn"":2600,""tac"":null,""rsrp"":-83,""rsrq"":-16,""rssi"":-57,""snr"":null,""ta"":1,""level"":4,""bands"":""5""},{""type"":""LTE"",""pci"":341,""earfcn"":100,""tac"":null,""rsrp"":-85,""rsrq"":-15,""rssi"":-51,""snr"":null,""ta"":1,""level"":4,""bands"":""1""},{""type"":""LTE"",""pci"":94,""earfcn"":2600,""tac"":null,""rsrp"":-86,""rsrq"":-18,""rssi"":-57,""snr"":null,""ta"":1,""level"":3,""bands"":""5""},{""type"":""LTE"",""pci"":91,""earfcn"":2600,""tac"":null,""rsrp"":-87,""rsrq"":-19,""rssi"":-57,""snr"":null,""ta"":1,""level"":3,""bands"":""5""},{""type"":""LTE"",""pci"":384,""earfcn"":100,""tac"":null,""rsrp"":-89,""rsrq"":-18,""rssi"":-61,""snr"":null,""ta"":1,""level"":3,""bands"":""1""},{""type"":""LTE"",""pci"":91,""earfcn"":100,""tac"":null,""rsrp"":-92,""rsrq"":-20,""rssi"":-61,""snr"":null,""ta"":1,""level"":3,""bands"":""1""},{""type"":""LTE"",""pci"":115,""earfcn"":100,""tac"":null,""rsrp"":-92,""rsrq"":-18,""rssi"":-61,""snr"":null,""ta"":1,""level"":3,""bands"":""1""},{""type"":""LTE"",""pci"":91,""earfcn"":3050,""tac"":null,""rsrp"":-95,""rsrq"":-18,""rssi"":-67,""snr"":null,""ta"":1,""level"":3,""bands"":""7""},{""type"":""LTE"",""pci"":94,""earfcn"":3050,""tac"":null,""rsrp"":-96,""rsrq"":-17,""rssi"":-67,""snr"":null,""ta"":1,""level"":2,""bands"":""7""},{""type"":""LTE"",""pci"":341,""earfcn"":3050,""tac"":null,""rsrp"":-97,""rsrq"":-18,""rssi"":-67,""snr"":null,""ta"":1,""level"":2,""bands"":""7""}]",1008.98505,108,0.524,0.459,30,6,,,,"[{""b"":""26:ec:72:6b:e7:10"",""s"":""SEOUL_Secure"",""r"":-45,""f"":5640},{""b"":""22:ec:72:6b:e7:10"",""s"":""Public WiFi Free"",""r"":-45,""f"":5640},{""b"":""1c:ec:72:6b:e7:10"",""s"":""Public WiFi Secure"",""r"":-46,""f"":5640},{""b"":""26:ec:72:6b:e7:11"",""s"":""SEOUL_Secure"",""r"":-47,""f"":2412},{""b"":""1c:ec:72:6b:e7:11"",""s"":""Public WiFi Secure"",""r"":-47,""f"":2412},{""b"":""22:ec:72:6b:e7:11"",""s"":""Public WiFi Free"",""r"":-47,""f"":2412},{""b"":""50:46:ae:38:43:0b"",""s"":""SK_WiFiGIGA4308_2.4G"",""r"":-64,""f"":2452},{""b"":""50:46:ae:38:43:0a"",""s"":""SK_WiFiGIGA4308_5G"",""r"":-70,""f"":5240},{""b"":""ba:a9:4f:94:0e:90"",""s"":""KT_GiGA_Mesh_0E8C"",""r"":-72,""f"":2422},{""b"":""50:46:ae:72:47:ef"",""s"":""SK_WiFiGIGA47EC_2.4G"",""r"":-72,""f"":2442},{""b"":""b4:a9:4f:94:0e:90"",""s"":""KT_GiGA_0E8C"",""r"":-72,""f"":2422},{""b"":""28:4e:e9:c6:b9:7d"",""s"":""SK_B97A_2.4G"",""r"":-73,""f"":2437},{""b"":""00:26:66:d7:2a:f2"",""s"":""SEO 2F"",""r"":-76,""f"":2462},{""b"":""58:86:94:16:da:54"",""s"":""yongsung_2.4G"",""r"":-79,""f"":2447},{""b"":""98:77:e7:39:b1:1a"",""s"":""U+NetB119"",""r"":-81,""f"":2442}]",""
1790677713117,2026-09-29 19:28:33,car,37.5373562,127.0809295,10.4,0.0,,47.39999771118164,fused,1,LTE,NR_NSA,5G,true,false,true,false,false,50957056,384,3050,7,8223,450,06,-95,-14,-63,,3,1,,,,1647,64955,0.0132,0.5196,1627,64935,0.0130,0.5195,false,11,0,11,-81,341,2600,0.0025017736,false,false,periodic,55,0,0,,10024,,,,"[{""type"":""LTE"",""pci"":341,""earfcn"":2600,""tac"":null,""rsrp"":-81,""rsrq"":-14,""rssi"":-51,""snr"":null,""ta"":1,""level"":4,""bands"":""5""},{""type"":""LTE"",""pci"":384,""earfcn"":2600,""tac"":null,""rsrp"":-83,""rsrq"":-16,""rssi"":-57,""snr"":null,""ta"":1,""level"":4,""bands"":""5""},{""type"":""LTE"",""pci"":341,""earfcn"":100,""tac"":null,""rsrp"":-85,""rsrq"":-15,""rssi"":-51,""snr"":null,""ta"":1,""level"":4,""bands"":""1""},{""type"":""LTE"",""pci"":94,""earfcn"":2600,""tac"":null,""rsrp"":-86,""rsrq"":-18,""rssi"":-57,""snr"":null,""ta"":1,""level"":3,""bands"":""5""},{""type"":""LTE"",""pci"":91,""earfcn"":2600,""tac"":null,""rsrp"":-87,""rsrq"":-19,""rssi"":-57,""snr"":null,""ta"":1,""level"":3,""bands"":""5""},{""type"":""LTE"",""pci"":384,""earfcn"":100,""tac"":null,""rsrp"":-89,""rsrq"":-18,""rssi"":-61,""snr"":null,""ta"":1,""level"":3,""bands"":""1""},{""type"":""LTE"",""pci"":91,""earfcn"":100,""tac"":null,""rsrp"":-92,""rsrq"":-20,""rssi"":-61,""snr"":null,""ta"":1,""level"":3,""bands"":""1""},{""type"":""LTE"",""pci"":115,""earfcn"":100,""tac"":null,""rsrp"":-92,""rsrq"":-18,""rssi"":-61,""snr"":null,""ta"":1,""level"":3,""bands"":""1""},{""type"":""LTE"",""pci"":91,""earfcn"":3050,""tac"":null,""rsrp"":-95,""rsrq"":-18,""rssi"":-67,""snr"":null,""ta"":1,""level"":3,""bands"":""7""},{""type"":""LTE"",""pci"":94,""earfcn"":3050,""tac"":null,""rsrp"":-96,""rsrq"":-17,""rssi"":-67,""snr"":null,""ta"":1,""level"":2,""bands"":""7""},{""type"":""LTE"",""pci"":341,""earfcn"":3050,""tac"":null,""rsrp"":-97,""rsrq"":-18,""rssi"":-67,""snr"":null,""ta"":1,""level"":2,""bands"":""7""}]",1008.9785,112,0.459,0.524,22,4,,,,"[{""b"":""26:ec:72:6b:e7:10"",""s"":""SEOUL_Secure"",""r"":-46,""f"":5640},{""b"":""1c:ec:72:6b:e7:10"",""s"":""Public WiFi Secure"",""r"":-46,""f"":5640},{""b"":""22:ec:72:6b:e7:10"",""s"":""Public WiFi Free"",""r"":-46,""f"":5640},{""b"":""26:ec:72:6b:e7:11"",""s"":""SEOUL_Secure"",""r"":-48,""f"":2412},{""b"":""1c:ec:72:6b:e7:11"",""s"":""Public WiFi Secure"",""r"":-49,""f"":2412},{""b"":""22:ec:72:6b:e7:11"",""s"":""Public WiFi Free"",""r"":-49,""f"":2412},{""b"":""50:46:ae:38:43:0a"",""s"":""SK_WiFiGIGA4308_5G"",""r"":-66,""f"":5240},{""b"":""50:46:ae:38:43:0b"",""s"":""SK_WiFiGIGA4308_2.4G"",""r"":-67,""f"":2452},{""b"":""50:46:ae:72:47:ef"",""s"":""SK_WiFiGIGA47EC_2.4G"",""r"":-73,""f"":2442},{""b"":""b0:38:6c:0e:e4:76"",""s"":""3층인터넷"",""r"":-76,""f"":2412},{""b"":""70:5d:cc:4d:ec:3c"",""s"":""yongsung"",""r"":-80,""f"":5805},{""b"":""0c:96:cd:b7:49:ec"",""s"":""SK_WiFiGIGA49EA_5G"",""r"":-83,""f"":5220},{""b"":""b4:a9:4f:94:0e:8f"",""s"":""KT_GiGA_5G_0E8C"",""r"":-84,""f"":5180},{""b"":""16:96:cd:b7:49:ec"",""s"":"""",""r"":-84,""f"":5220},{""b"":""ba:a9:4f:94:0e:8f"",""s"":""KT_GiGA_Mesh_0E8C"",""r"":-85,""f"":5180}]",""
1790677718138,2026-09-29 19:28:38,car,37.5373672,127.0809242,10.405,0.0,,47.39999771118164,fused,0,LTE,NR_NSA,5G,true,false,true,false,false,50957056,384,3050,7,8223,450,06,-92,-10,-61,,3,0,,,,1719,65062,0.0138,0.5205,1700,65042,0.0136,0.5203,false,10,0,10,-88,341,100,1.159979E-6,false,false,periodic,60,0,3,,5000,,,,"[{""type"":""LTE"",""pci"":341,""earfcn"":100,""tac"":null,""rsrp"":-88,""rsrq"":-11,""rssi"":-69,""snr"":null,""ta"":0,""level"":3,""bands"":""1""},{""type"":""LTE"",""pci"":341,""earfcn"":2600,""tac"":null,""rsrp"":-89,""rsrq"":-9,""rssi"":-69,""snr"":null,""ta"":0,""level"":3,""bands"":""5""},{""type"":""LTE"",""pci"":384,""earfcn"":2600,""tac"":null,""rsrp"":-94,""rsrq"":-14,""rssi"":-69,""snr"":null,""ta"":0,""level"":3,""bands"":""5""},{""type"":""LTE"",""pci"":91,""earfcn"":100,""tac"":null,""rsrp"":-94,""rsrq"":-16,""rssi"":-69,""snr"":null,""ta"":0,""level"":3,""bands"":""1""},{""type"":""LTE"",""pci"":384,""earfcn"":100,""tac"":null,""rsrp"":-95,""rsrq"":-12,""rssi"":-69,""snr"":null,""ta"":0,""level"":3,""bands"":""1""},{""type"":""LTE"",""pci"":94,""earfcn"":3050,""tac"":null,""rsrp"":-96,""rsrq"":-15,""rssi"":-69,""snr"":null,""ta"":0,""level"":2,""bands"":""7""},{""type"":""LTE"",""pci"":341,""earfcn"":3050,""tac"":null,""rsrp"":-97,""rsrq"":-15,""rssi"":-69,""snr"":null,""ta"":0,""level"":2,""bands"":""7""},{""type"":""LTE"",""pci"":94,""earfcn"":2600,""tac"":null,""rsrp"":-101,""rsrq"":-17,""rssi"":-69,""snr"":null,""ta"":0,""level"":2,""bands"":""5""},{""type"":""LTE"",""pci"":115,""earfcn"":100,""tac"":null,""rsrp"":-101,""rsrq"":-20,""rssi"":-69,""snr"":null,""ta"":0,""level"":2,""bands"":""1""},{""type"":""LTE"",""pci"":115,""earfcn"":3050,""tac"":null,""rsrp"":-102,""rsrq"":-19,""rssi"":-69,""snr"":null,""ta"":0,""level"":2,""bands"":""7""}]",1008.9827,127,0.459,0.524,23,2,,,,"[{""b"":""26:ec:72:6b:e7:10"",""s"":""SEOUL_Secure"",""r"":-44,""f"":5640},{""b"":""1c:ec:72:6b:e7:10"",""s"":""Public WiFi Secure"",""r"":-44,""f"":5640},{""b"":""22:ec:72:6b:e7:10"",""s"":""Public WiFi Free"",""r"":-44,""f"":5640},{""b"":""22:ec:72:6b:e7:11"",""s"":""Public WiFi Free"",""r"":-48,""f"":2412},{""b"":""1c:ec:72:6b:e7:11"",""s"":""Public WiFi Secure"",""r"":-49,""f"":2412},{""b"":""50:46:ae:38:43:0b"",""s"":""SK_WiFiGIGA4308_2.4G"",""r"":-60,""f"":2452},{""b"":""50:46:ae:38:43:0a"",""s"":""SK_WiFiGIGA4308_5G"",""r"":-66,""f"":5240},{""b"":""50:46:ae:72:47:ef"",""s"":""SK_WiFiGIGA47EC_2.4G"",""r"":-73,""f"":2442},{""b"":""b0:38:6c:0e:e4:76"",""s"":""3층인터넷"",""r"":-76,""f"":2412},{""b"":""14:85:54:92:f8:9a"",""s"":""Mayton_ProPlus-E075"",""r"":-80,""f"":5200},{""b"":""0c:96:cd:b7:49:ec"",""s"":""SK_WiFiGIGA49EA_5G"",""r"":-82,""f"":5220},{""b"":""16:96:cd:b7:49:ec"",""s"":"""",""r"":-82,""f"":5220},{""b"":""b4:a9:4f:94:0e:8f"",""s"":""KT_GiGA_5G_0E8C"",""r"":-83,""f"":5180},{""b"":""28:4e:e9:c6:b9:7c"",""s"":""SK_B97A_5G"",""r"":-84,""f"":5765},{""b"":""70:5d:cc:4d:ec:3c"",""s"":""yongsung"",""r"":-84,""f"":5805}]",""
1790677723161,2026-09-29 19:28:43,car,37.5373665,127.0809169,10.468,1.45,285.0,47.39999771118164,fused,1,LTE,NR_NSA,5G,true,false,true,false,false,50957056,384,3050,7,8223,450,06,-92,-10,-61,,3,0,,,,1571,63353,0.0126,0.5068,1531,63313,0.0122,0.5065,false,10,0,10,-88,341,100,1.45,false,false,periodic,65,0,0,,10023,,,,"[{""type"":""LTE"",""pci"":341,""earfcn"":100,""tac"":null,""rsrp"":-88,""rsrq"":-11,""rssi"":-69,""snr"":null,""ta"":0,""level"":3,""bands"":""1""},{""type"":""LTE"",""pci"":341,""earfcn"":2600,""tac"":null,""rsrp"":-89,""rsrq"":-9,""rssi"":-69,""snr"":null,""ta"":0,""level"":3,""bands"":""5""},{""type"":""LTE"",""pci"":384,""earfcn"":2600,""tac"":null,""rsrp"":-94,""rsrq"":-14,""rssi"":-69,""snr"":null,""ta"":0,""level"":3,""bands"":""5""},{""type"":""LTE"",""pci"":91,""earfcn"":100,""tac"":null,""rsrp"":-94,""rsrq"":-16,""rssi"":-69,""snr"":null,""ta"":0,""level"":3,""bands"":""1""},{""type"":""LTE"",""pci"":384,""earfcn"":100,""tac"":null,""rsrp"":-95,""rsrq"":-12,""rssi"":-69,""snr"":null,""ta"":0,""level"":3,""bands"":""1""},{""type"":""LTE"",""pci"":94,""earfcn"":3050,""tac"":null,""rsrp"":-96,""rsrq"":-15,""rssi"":-69,""snr"":null,""ta"":0,""level"":2,""bands"":""7""},{""type"":""LTE"",""pci"":341,""earfcn"":3050,""tac"":null,""rsrp"":-97,""rsrq"":-15,""rssi"":-69,""snr"":null,""ta"":0,""level"":2,""bands"":""7""},{""type"":""LTE"",""pci"":94,""earfcn"":2600,""tac"":null,""rsrp"":-101,""rsrq"":-17,""rssi"":-69,""snr"":null,""ta"":0,""level"":2,""bands"":""5""},{""type"":""LTE"",""pci"":115,""earfcn"":100,""tac"":null,""rsrp"":-101,""rsrq"":-20,""rssi"":-69,""snr"":null,""ta"":0,""level"":2,""bands"":""1""},{""type"":""LTE"",""pci"":115,""earfcn"":3050,""tac"":null,""rsrp"":-102,""rsrq"":-19,""rssi"":-69,""snr"":null,""ta"":0,""level"":2,""bands"":""7""}]",1009.03436,111,0.459,0.459,26,2,,,,"[{""b"":""26:ec:72:6b:e7:11"",""s"":""SEOUL_Secure"",""r"":-49,""f"":2412},{""b"":""26:ec:72:6b:e7:10"",""s"":""SEOUL_Secure"",""r"":-49,""f"":5640},{""b"":""1c:ec:72:6b:e7:11"",""s"":""Public WiFi Secure"",""r"":-49,""f"":2412},{""b"":""1c:ec:72:6b:e7:10"",""s"":""Public WiFi Secure"",""r"":-49,""f"":5640},{""b"":""22:ec:72:6b:e7:10"",""s"":""Public WiFi Free"",""r"":-49,""f"":5640},{""b"":""22:ec:72:6b:e7:11"",""s"":""Public WiFi Free"",""r"":-49,""f"":2412},{""b"":""50:46:ae:38:43:0b"",""s"":""SK_WiFiGIGA4308_2.4G"",""r"":-63,""f"":2452},{""b"":""50:46:ae:38:43:0a"",""s"":""SK_WiFiGIGA4308_5G"",""r"":-67,""f"":5240},{""b"":""1e:ec:72:6b:e7:0f"",""s"":""Public WiFi Secure"",""r"":-71,""f"":6115},{""b"":""14:85:54:92:f8:9a"",""s"":""Mayton_ProPlus-E075"",""r"":-77,""f"":5200},{""b"":""b0:38:6c:0e:e4:76"",""s"":""3층인터넷"",""r"":-77,""f"":2412},{""b"":""50:46:ae:72:47:ef"",""s"":""SK_WiFiGIGA47EC_2.4G"",""r"":-77,""f"":2442},{""b"":""1e:ec:72:6b:e7:00"",""s"":""Public WiFi Free"",""r"":-77,""f"":6115},{""b"":""1e:ec:72:6b:e7:01"",""s"":""SEOUL_Secure"",""r"":-77,""f"":6115},{""b"":""50:46:ae:0e:9b:81"",""s"":""Hyeminsalon"",""r"":-83,""f"":2412}]",""
1790677728184,2026-09-29 19:28:48,car,37.5374323,127.0806242,10.588,6.89,285.0,47.39999771118164,fused,0,LTE,NR_NSA,5G,true,false,true,false,false,50957056,384,3050,7,8223,450,06,-90,-8,-61,,3,0,,,,1635,64947,0.0131,0.5196,1615,64927,0.0129,0.5194,false,9,0,9,-83,115,2600,6.89,false,false,periodic,70,0,2,,4998,,,,"[{""type"":""LTE"",""pci"":115,""earfcn"":2600,""tac"":null,""rsrp"":-83,""rsrq"":-17,""rssi"":-55,""snr"":null,""ta"":0,""level"":4,""bands"":""5""},{""type"":""LTE"",""pci"":384,""earfcn"":100,""tac"":null,""rsrp"":-89,""rsrq"":-13,""rssi"":-55,""snr"":null,""ta"":0,""level"":3,""bands"":""1""},{""type"":""LTE"",""pci"":341,""earfcn"":2600,""tac"":null,""rsrp"":-92,""rsrq"":-13,""rssi"":-69,""snr"":null,""ta"":0,""level"":3,""bands"":""5""},{""type"":""LTE"",""pci"":341,""earfcn"":100,""tac"":null,""rsrp"":-92,""rsrq"":-12,""rssi"":-69,""snr"":null,""ta"":0,""level"":3,""bands"":""1""},{""type"":""LTE"",""pci"":94,""earfcn"":3050,""tac"":null,""rsrp"":-94,""rsrq"":-12,""rssi"":-73,""snr"":null,""ta"":0,""level"":3,""bands"":""7""},{""type"":""LTE"",""pci"":384,""earfcn"":2600,""tac"":null,""rsrp"":-95,""rsrq"":-17,""rssi"":-69,""snr"":null,""ta"":0,""level"":3,""bands"":""5""},{""type"":""LTE"",""pci"":94,""earfcn"":2600,""tac"":null,""rsrp"":-96,""rsrq"":-18,""rssi"":-69,""snr"":null,""ta"":0,""level"":2,""bands"":""5""},{""type"":""LTE"",""pci"":341,""earfcn"":3050,""tac"":null,""rsrp"":-97,""rsrq"":-15,""rssi"":-73,""snr"":null,""ta"":0,""level"":2,""bands"":""7""},{""type"":""LTE"",""pci"":91,""earfcn"":100,""tac"":null,""rsrp"":-97,""rsrq"":-17,""rssi"":-69,""snr"":null,""ta"":0,""level"":2,""bands"":""1""}]",1008.89496,111,0.459,0.459,27,4,,,,"[{""b"":""26:ec:72:6b:e7:10"",""s"":""SEOUL_Secure"",""r"":-48,""f"":5640},{""b"":""1c:ec:72:6b:e7:10"",""s"":""Public WiFi Secure"",""r"":-48,""f"":5640},{""b"":""22:ec:72:6b:e7:10"",""s"":""Public WiFi Free"",""r"":-48,""f"":5640},{""b"":""22:ec:72:6b:e7:11"",""s"":""Public WiFi Free"",""r"":-48,""f"":2412},{""b"":""26:ec:72:6b:e7:11"",""s"":""SEOUL_Secure"",""r"":-49,""f"":2412},{""b"":""1c:ec:72:6b:e7:11"",""s"":""Public WiFi Secure"",""r"":-49,""f"":2412},{""b"":""50:46:ae:38:43:0b"",""s"":""SK_WiFiGIGA4308_2.4G"",""r"":-62,""f"":2452},{""b"":""56:46:ae:38:43:0b"",""s"":"""",""r"":-63,""f"":2452},{""b"":""28:4e:e9:c6:b9:7d"",""s"":""SK_B97A_2.4G"",""r"":-70,""f"":2437},{""b"":""50:46:ae:38:43:0a"",""s"":""SK_WiFiGIGA4308_5G"",""r"":-72,""f"":5240},{""b"":""14:85:54:92:f8:9a"",""s"":""Mayton_ProPlus-E075"",""r"":-76,""f"":5200},{""b"":""50:46:ae:72:47:ef"",""s"":""SK_WiFiGIGA47EC_2.4G"",""r"":-77,""f"":2442},{""b"":""1e:ec:72:6b:e7:0f"",""s"":""Public WiFi Secure"",""r"":-80,""f"":6115},{""b"":""70:5d:cc:4d:ec:3c"",""s"":""yongsung"",""r"":-81,""f"":5805},{""b"":""1e:ec:72:6b:e7:00"",""s"":""Public WiFi Free"",""r"":-81,""f"":6115}]",""
1790677733206,2026-09-29 19:28:53,car,37.5375188,127.0802752,10.47,8.57,287.0,47.39999771118164,fused,1,LTE,NR_NSA,5G,true,false,true,false,false,50957056,384,3050,7,8223,450,06,-90,-8,-61,,3,0,,,,1616,65115,0.0129,0.5209,1596,65095,0.0128,0.5208,false,9,0,9,-83,115,2600,8.57,false,false,periodic,75,0,0,,10022,,,,"[{""type"":""LTE"",""pci"":115,""earfcn"":2600,""tac"":null,""rsrp"":-83,""rsrq"":-17,""rssi"":-55,""snr"":null,""ta"":0,""level"":4,""bands"":""5""},{""type"":""LTE"",""pci"":384,""earfcn"":100,""tac"":null,""rsrp"":-89,""rsrq"":-13,""rssi"":-55,""snr"":null,""ta"":0,""level"":3,""bands"":""1""},{""type"":""LTE"",""pci"":341,""earfcn"":2600,""tac"":null,""rsrp"":-92,""rsrq"":-13,""rssi"":-69,""snr"":null,""ta"":0,""level"":3,""bands"":""5""},{""type"":""LTE"",""pci"":341,""earfcn"":100,""tac"":null,""rsrp"":-92,""rsrq"":-12,""rssi"":-69,""snr"":null,""ta"":0,""level"":3,""bands"":""1""},{""type"":""LTE"",""pci"":94,""earfcn"":3050,""tac"":null,""rsrp"":-94,""rsrq"":-12,""rssi"":-73,""snr"":null,""ta"":0,""level"":3,""bands"":""7""},{""type"":""LTE"",""pci"":384,""earfcn"":2600,""tac"":null,""rsrp"":-95,""rsrq"":-17,""rssi"":-69,""snr"":null,""ta"":0,""level"":3,""bands"":""5""},{""type"":""LTE"",""pci"":94,""earfcn"":2600,""tac"":null,""rsrp"":-96,""rsrq"":-18,""rssi"":-69,""snr"":null,""ta"":0,""level"":2,""bands"":""5""},{""type"":""LTE"",""pci"":341,""earfcn"":3050,""tac"":null,""rsrp"":-97,""rsrq"":-15,""rssi"":-73,""snr"":null,""ta"":0,""level"":2,""bands"":""7""},{""type"":""LTE"",""pci"":91,""earfcn"":100,""tac"":null,""rsrp"":-97,""rsrq"":-17,""rssi"":-69,""snr"":null,""ta"":0,""level"":2,""bands"":""1""}]",1008.8066,359,0.459,0.459,27,9,,,,"[{""b"":""26:ec:72:6b:e7:10"",""s"":""SEOUL_Secure"",""r"":-48,""f"":5640},{""b"":""1c:ec:72:6b:e7:10"",""s"":""Public WiFi Secure"",""r"":-48,""f"":5640},{""b"":""22:ec:72:6b:e7:10"",""s"":""Public WiFi Free"",""r"":-48,""f"":5640},{""b"":""22:ec:72:6b:e7:11"",""s"":""Public WiFi Free"",""r"":-48,""f"":2412},{""b"":""26:ec:72:6b:e7:11"",""s"":""SEOUL_Secure"",""r"":-49,""f"":2412},{""b"":""1c:ec:72:6b:e7:11"",""s"":""Public WiFi Secure"",""r"":-49,""f"":2412},{""b"":""50:46:ae:38:43:0b"",""s"":""SK_WiFiGIGA4308_2.4G"",""r"":-62,""f"":2452},{""b"":""56:46:ae:38:43:0b"",""s"":"""",""r"":-63,""f"":2452},{""b"":""28:4e:e9:c6:b9:7d"",""s"":""SK_B97A_2.4G"",""r"":-70,""f"":2437},{""b"":""50:46:ae:38:43:0a"",""s"":""SK_WiFiGIGA4308_5G"",""r"":-72,""f"":5240},{""b"":""14:85:54:92:f8:9a"",""s"":""Mayton_ProPlus-E075"",""r"":-76,""f"":5200},{""b"":""50:46:ae:72:47:ef"",""s"":""SK_WiFiGIGA47EC_2.4G"",""r"":-77,""f"":2442},{""b"":""1e:ec:72:6b:e7:0f"",""s"":""Public WiFi Secure"",""r"":-80,""f"":6115},{""b"":""70:5d:cc:4d:ec:3c"",""s"":""yongsung"",""r"":-81,""f"":5805},{""b"":""1e:ec:72:6b:e7:00"",""s"":""Public WiFi Free"",""r"":-81,""f"":6115}]",""
1790677738250,2026-09-29 19:28:58,car,37.537701,127.0796375,10.794,9.93,289.0,47.39999771118164,fused,0,LTE,NR_NSA,5G,true,false,true,false,false,52545792,94,3050,7,8282,450,06,-90,-10,-59,,3,0,,,,1926,64922,0.0154,0.5194,1906,64902,0.0152,0.5192,false,8,0,8,-85,341,2600,9.93,true,false,periodic,0,1,,,5005,50957056,-90,-8,"[{""type"":""LTE"",""pci"":341,""earfcn"":2600,""tac"":null,""rsrp"":-85,""rsrq"":-10,""rssi"":-67,""snr"":null,""ta"":0,""level"":4,""bands"":""5""},{""type"":""LTE"",""pci"":94,""earfcn"":2600,""tac"":null,""rsrp"":-89,""rsrq"":-8,""rssi"":-67,""snr"":null,""ta"":0,""level"":3,""bands"":""5""},{""type"":""LTE"",""pci"":341,""earfcn"":100,""tac"":null,""rsrp"":-90,""rsrq"":-9,""rssi"":-71,""snr"":null,""ta"":0,""level"":3,""bands"":""1""},{""type"":""LTE"",""pci"":94,""earfcn"":100,""tac"":null,""rsrp"":-91,""rsrq"":-11,""rssi"":-71,""snr"":null,""ta"":0,""level"":3,""bands"":""1""},{""type"":""LTE"",""pci"":341,""earfcn"":3050,""tac"":null,""rsrp"":-94,""rsrq"":-11,""rssi"":-75,""snr"":null,""ta"":0,""level"":3,""bands"":""7""},{""type"":""LTE"",""pci"":384,""earfcn"":2600,""tac"":null,""rsrp"":-99,""rsrq"":-20,""rssi"":-67,""snr"":null,""ta"":0,""level"":2,""bands"":""5""},{""type"":""LTE"",""pci"":384,""earfcn"":100,""tac"":null,""rsrp"":-100,""rsrq"":-16,""rssi"":-71,""snr"":null,""ta"":0,""level"":2,""bands"":""1""},{""type"":""LTE"",""pci"":384,""earfcn"":3050,""tac"":null,""rsrp"":-103,""rsrq"":-18,""rssi"":-75,""snr"":null,""ta"":0,""level"":2,""bands"":""7""}]",1008.71497,69,0.459,0.459,27,14,,,,"[{""b"":""26:ec:72:6b:e7:10"",""s"":""SEOUL_Secure"",""r"":-48,""f"":5640},{""b"":""1c:ec:72:6b:e7:10"",""s"":""Public WiFi Secure"",""r"":-48,""f"":5640},{""b"":""22:ec:72:6b:e7:10"",""s"":""Public WiFi Free"",""r"":-48,""f"":5640},{""b"":""22:ec:72:6b:e7:11"",""s"":""Public WiFi Free"",""r"":-48,""f"":2412},{""b"":""26:ec:72:6b:e7:11"",""s"":""SEOUL_Secure"",""r"":-49,""f"":2412},{""b"":""1c:ec:72:6b:e7:11"",""s"":""Public WiFi Secure"",""r"":-49,""f"":2412},{""b"":""50:46:ae:38:43:0b"",""s"":""SK_WiFiGIGA4308_2.4G"",""r"":-62,""f"":2452},{""b"":""56:46:ae:38:43:0b"",""s"":"""",""r"":-63,""f"":2452},{""b"":""28:4e:e9:c6:b9:7d"",""s"":""SK_B97A_2.4G"",""r"":-70,""f"":2437},{""b"":""50:46:ae:38:43:0a"",""s"":""SK_WiFiGIGA4308_5G"",""r"":-72,""f"":5240},{""b"":""14:85:54:92:f8:9a"",""s"":""Mayton_ProPlus-E075"",""r"":-76,""f"":5200},{""b"":""50:46:ae:72:47:ef"",""s"":""SK_WiFiGIGA47EC_2.4G"",""r"":-77,""f"":2442},{""b"":""1e:ec:72:6b:e7:0f"",""s"":""Public WiFi Secure"",""r"":-80,""f"":6115},{""b"":""70:5d:cc:4d:ec:3c"",""s"":""yongsung"",""r"":-81,""f"":5805},{""b"":""1e:ec:72:6b:e7:00"",""s"":""Public WiFi Free"",""r"":-81,""f"":6115}]","[{""type"":""LTE"",""pci"":115,""earfcn"":2600,""tac"":null,""rsrp"":-83,""rsrq"":-17,""rssi"":-55,""snr"":null,""ta"":0,""level"":4,""bands"":""5""},{""type"":""LTE"",""pci"":384,""earfcn"":100,""tac"":null,""rsrp"":-89,""rsrq"":-13,""rssi"":-55,""snr"":null,""ta"":0,""level"":3,""bands"":""1""},{""type"":""LTE"",""pci"":341,""earfcn"":2600,""tac"":null,""rsrp"":-92,""rsrq"":-13,""rssi"":-69,""snr"":null,""ta"":0,""level"":3,""bands"":""5""},{""type"":""LTE"",""pci"":341,""earfcn"":100,""tac"":null,""rsrp"":-92,""rsrq"":-12,""rssi"":-69,""snr"":null,""ta"":0,""level"":3,""bands"":""1""},{""type"":""LTE"",""pci"":94,""earfcn"":3050,""tac"":null,""rsrp"":-94,""rsrq"":-12,""rssi"":-73,""snr"":null,""ta"":0,""level"":3,""bands"":""7""},{""type"":""LTE"",""pci"":384,""earfcn"":2600,""tac"":null,""rsrp"":-95,""rsrq"":-17,""rssi"":-69,""snr"":null,""ta"":0,""level"":3,""bands"":""5""},{""type"":""LTE"",""pci"":94,""earfcn"":2600,""tac"":null,""rsrp"":-96,""rsrq"":-18,""rssi"":-69,""snr"":null,""ta"":0,""level"":2,""bands"":""5""},{""type"":""LTE"",""pci"":341,""earfcn"":3050,""tac"":null,""rsrp"":-97,""rsrq"":-15,""rssi"":-73,""snr"":null,""ta"":0,""level"":2,""bands"":""7""},{""type"":""LTE"",""pci"":91,""earfcn"":100,""tac"":null,""rsrp"":-97,""rsrq"":-17,""rssi"":-69,""snr"":null,""ta"":0,""level"":2,""bands"":""1""}]"
1790677743275,2026-09-29 19:29:03,car,37.5378223,127.0791192,10.642,8.64,288.0,49.389958967209786,fused,0,LTE,NR_NSA,5G,true,false,true,false,false,52545792,94,3050,7,8282,450,06,-90,-10,-59,,3,0,,,,2039,65188,0.0163,0.5215,1999,65148,0.0160,0.5212,false,8,0,8,-85,341,2600,8.64,false,false,periodic,5,1,0,,10029,,,,"[{""type"":""LTE"",""pci"":341,""earfcn"":2600,""tac"":null,""rsrp"":-85,""rsrq"":-10,""rssi"":-67,""snr"":null,""ta"":0,""level"":4,""bands"":""5""},{""type"":""LTE"",""pci"":94,""earfcn"":2600,""tac"":null,""rsrp"":-89,""rsrq"":-8,""rssi"":-67,""snr"":null,""ta"":0,""level"":3,""bands"":""5""},{""type"":""LTE"",""pci"":341,""earfcn"":100,""tac"":null,""rsrp"":-90,""rsrq"":-9,""rssi"":-71,""snr"":null,""ta"":0,""level"":3,""bands"":""1""},{""type"":""LTE"",""pci"":94,""earfcn"":100,""tac"":null,""rsrp"":-91,""rsrq"":-11,""rssi"":-71,""snr"":null,""ta"":0,""level"":3,""bands"":""1""},{""type"":""LTE"",""pci"":341,""earfcn"":3050,""tac"":null,""rsrp"":-94,""rsrq"":-11,""rssi"":-75,""snr"":null,""ta"":0,""level"":3,""bands"":""7""},{""type"":""LTE"",""pci"":384,""earfcn"":2600,""tac"":null,""rsrp"":-99,""rsrq"":-20,""rssi"":-67,""snr"":null,""ta"":0,""level"":2,""bands"":""5""},{""type"":""LTE"",""pci"":384,""earfcn"":100,""tac"":null,""rsrp"":-100,""rsrq"":-16,""rssi"":-71,""snr"":null,""ta"":0,""level"":2,""bands"":""1""},{""type"":""LTE"",""pci"":384,""earfcn"":3050,""tac"":null,""rsrp"":-103,""rsrq"":-18,""rssi"":-75,""snr"":null,""ta"":0,""level"":2,""bands"":""7""}]",1008.7258,53,0.524,0.524,27,19,,,,"[{""b"":""26:ec:72:6b:e7:10"",""s"":""SEOUL_Secure"",""r"":-48,""f"":5640},{""b"":""1c:ec:72:6b:e7:10"",""s"":""Public WiFi Secure"",""r"":-48,""f"":5640},{""b"":""22:ec:72:6b:e7:10"",""s"":""Public WiFi Free"",""r"":-48,""f"":5640},{""b"":""22:ec:72:6b:e7:11"",""s"":""Public WiFi Free"",""r"":-48,""f"":2412},{""b"":""26:ec:72:6b:e7:11"",""s"":""SEOUL_Secure"",""r"":-49,""f"":2412},{""b"":""1c:ec:72:6b:e7:11"",""s"":""Public WiFi Secure"",""r"":-49,""f"":2412},{""b"":""50:46:ae:38:43:0b"",""s"":""SK_WiFiGIGA4308_2.4G"",""r"":-62,""f"":2452},{""b"":""56:46:ae:38:43:0b"",""s"":"""",""r"":-63,""f"":2452},{""b"":""28:4e:e9:c6:b9:7d"",""s"":""SK_B97A_2.4G"",""r"":-70,""f"":2437},{""b"":""50:46:ae:38:43:0a"",""s"":""SK_WiFiGIGA4308_5G"",""r"":-72,""f"":5240},{""b"":""14:85:54:92:f8:9a"",""s"":""Mayton_ProPlus-E075"",""r"":-76,""f"":5200},{""b"":""50:46:ae:72:47:ef"",""s"":""SK_WiFiGIGA47EC_2.4G"",""r"":-77,""f"":2442},{""b"":""1e:ec:72:6b:e7:0f"",""s"":""Public WiFi Secure"",""r"":-80,""f"":6115},{""b"":""70:5d:cc:4d:ec:3c"",""s"":""yongsung"",""r"":-81,""f"":5805},{""b"":""1e:ec:72:6b:e7:00"",""s"":""Public WiFi Free"",""r"":-81,""f"":6115}]",""
1790677748296,2026-09-29 19:29:08,car,37.5378901,127.0788081,10.674,5.77,288.0,49.500692598428614,fused,1,LTE,NR_NSA,5G,true,false,true,false,false,52545792,94,3050,7,8282,450,06,-80,-8,-53,,4,0,,,,1980,63527,0.0158,0.5082,1960,63507,0.0157,0.5081,false,7,0,7,-85,94,2600,5.77,false,false,periodic,10,1,10,,5003,,,,"[{""type"":""LTE"",""pci"":94,""earfcn"":2600,""tac"":null,""rsrp"":-85,""rsrq"":-8,""rssi"":-67,""snr"":null,""ta"":0,""level"":4,""bands"":""5""},{""type"":""LTE"",""pci"":94,""earfcn"":100,""tac"":null,""rsrp"":-87,""rsrq"":-9,""rssi"":-67,""snr"":null,""ta"":0,""level"":3,""bands"":""1""},{""type"":""LTE"",""pci"":72,""earfcn"":2600,""tac"":null,""rsrp"":-92,""rsrq"":-15,""rssi"":-67,""snr"":null,""ta"":0,""level"":3,""bands"":""5""},{""type"":""LTE"",""pci"":72,""earfcn"":100,""tac"":null,""rsrp"":-94,""rsrq"":-17,""rssi"":-67,""snr"":null,""ta"":0,""level"":3,""bands"":""1""},{""type"":""LTE"",""pci"":341,""earfcn"":100,""tac"":null,""rsrp"":-95,""rsrq"":-17,""rssi"":-67,""snr"":null,""ta"":0,""level"":3,""bands"":""1""},{""type"":""LTE"",""pci"":341,""earfcn"":3050,""tac"":null,""rsrp"":-97,""rsrq"":-16,""rssi"":-65,""snr"":null,""ta"":0,""level"":2,""bands"":""7""},{""type"":""LTE"",""pci"":341,""earfcn"":2600,""tac"":null,""rsrp"":-97,""rsrq"":-18,""rssi"":-67,""snr"":null,""ta"":0,""level"":2,""bands"":""5""}]",1008.8489,50,0.459,0.459,27,25,,,,"[{""b"":""26:ec:72:6b:e7:10"",""s"":""SEOUL_Secure"",""r"":-48,""f"":5640},{""b"":""1c:ec:72:6b:e7:10"",""s"":""Public WiFi Secure"",""r"":-48,""f"":5640},{""b"":""22:ec:72:6b:e7:10"",""s"":""Public WiFi Free"",""r"":-48,""f"":5640},{""b"":""22:ec:72:6b:e7:11"",""s"":""Public WiFi Free"",""r"":-48,""f"":2412},{""b"":""26:ec:72:6b:e7:11"",""s"":""SEOUL_Secure"",""r"":-49,""f"":2412},{""b"":""1c:ec:72:6b:e7:11"",""s"":""Public WiFi Secure"",""r"":-49,""f"":2412},{""b"":""50:46:ae:38:43:0b"",""s"":""SK_WiFiGIGA4308_2.4G"",""r"":-62,""f"":2452},{""b"":""56:46:ae:38:43:0b"",""s"":"""",""r"":-63,""f"":2452},{""b"":""28:4e:e9:c6:b9:7d"",""s"":""SK_B97A_2.4G"",""r"":-70,""f"":2437},{""b"":""50:46:ae:38:43:0a"",""s"":""SK_WiFiGIGA4308_5G"",""r"":-72,""f"":5240},{""b"":""14:85:54:92:f8:9a"",""s"":""Mayton_ProPlus-E075"",""r"":-76,""f"":5200},{""b"":""50:46:ae:72:47:ef"",""s"":""SK_WiFiGIGA47EC_2.4G"",""r"":-77,""f"":2442},{""b"":""1e:ec:72:6b:e7:0f"",""s"":""Public WiFi Secure"",""r"":-80,""f"":6115},{""b"":""70:5d:cc:4d:ec:3c"",""s"":""yongsung"",""r"":-81,""f"":5805},{""b"":""1e:ec:72:6b:e7:00"",""s"":""Public WiFi Free"",""r"":-81,""f"":6115}]",""
1790677753319,2026-09-29 19:29:13,car,37.5379296,127.0786256,10.825,0.0,,47.39999771118164,fused,0,LTE,NR_NSA,5G,true,false,true,false,false,52545792,94,3050,7,8282,450,06,-80,-8,-53,,4,0,,,,1260175,66198,10.0814,0.5296,1260155,66178,10.0812,0.5294,false,7,0,7,-85,94,2600,1.1659987,false,false,periodic,15,1,0,,10028,,,,"[{""type"":""LTE"",""pci"":94,""earfcn"":2600,""tac"":null,""rsrp"":-85,""rsrq"":-8,""rssi"":-67,""snr"":null,""ta"":0,""level"":4,""bands"":""5""},{""type"":""LTE"",""pci"":94,""earfcn"":100,""tac"":null,""rsrp"":-87,""rsrq"":-9,""rssi"":-67,""snr"":null,""ta"":0,""level"":3,""bands"":""1""},{""type"":""LTE"",""pci"":72,""earfcn"":2600,""tac"":null,""rsrp"":-92,""rsrq"":-15,""rssi"":-67,""snr"":null,""ta"":0,""level"":3,""bands"":""5""},{""type"":""LTE"",""pci"":72,""earfcn"":100,""tac"":null,""rsrp"":-94,""rsrq"":-17,""rssi"":-67,""snr"":null,""ta"":0,""level"":3,""bands"":""1""},{""type"":""LTE"",""pci"":341,""earfcn"":100,""tac"":null,""rsrp"":-95,""rsrq"":-17,""rssi"":-67,""snr"":null,""ta"":0,""level"":3,""bands"":""1""},{""type"":""LTE"",""pci"":341,""earfcn"":3050,""tac"":null,""rsrp"":-97,""rsrq"":-16,""rssi"":-65,""snr"":null,""ta"":0,""level"":2,""bands"":""7""},{""type"":""LTE"",""pci"":341,""earfcn"":2600,""tac"":null,""rsrp"":-97,""rsrq"":-18,""rssi"":-67,""snr"":null,""ta"":0,""level"":2,""bands"":""5""}]",1008.9904,77,0.524,0.459,27,30,,,,"[{""b"":""26:ec:72:6b:e7:10"",""s"":""SEOUL_Secure"",""r"":-48,""f"":5640},{""b"":""1c:ec:72:6b:e7:10"",""s"":""Public WiFi Secure"",""r"":-48,""f"":5640},{""b"":""22:ec:72:6b:e7:10"",""s"":""Public WiFi Free"",""r"":-48,""f"":5640},{""b"":""22:ec:72:6b:e7:11"",""s"":""Public WiFi Free"",""r"":-48,""f"":2412},{""b"":""26:ec:72:6b:e7:11"",""s"":""SEOUL_Secure"",""r"":-49,""f"":2412},{""b"":""1c:ec:72:6b:e7:11"",""s"":""Public WiFi Secure"",""r"":-49,""f"":2412},{""b"":""50:46:ae:38:43:0b"",""s"":""SK_WiFiGIGA4308_2.4G"",""r"":-62,""f"":2452},{""b"":""56:46:ae:38:43:0b"",""s"":"""",""r"":-63,""f"":2452},{""b"":""28:4e:e9:c6:b9:7d"",""s"":""SK_B97A_2.4G"",""r"":-70,""f"":2437},{""b"":""50:46:ae:38:43:0a"",""s"":""SK_WiFiGIGA4308_5G"",""r"":-72,""f"":5240},{""b"":""14:85:54:92:f8:9a"",""s"":""Mayton_ProPlus-E075"",""r"":-76,""f"":5200},{""b"":""50:46:ae:72:47:ef"",""s"":""SK_WiFiGIGA47EC_2.4G"",""r"":-77,""f"":2442},{""b"":""1e:ec:72:6b:e7:0f"",""s"":""Public WiFi Secure"",""r"":-80,""f"":6115},{""b"":""70:5d:cc:4d:ec:3c"",""s"":""yongsung"",""r"":-81,""f"":5805},{""b"":""1e:ec:72:6b:e7:00"",""s"":""Public WiFi Free"",""r"":-81,""f"":6115}]",""
1790677756962,2026-09-29 19:29:16,car,37.5379264,127.0786302,10.429,0.0,,47.39999771118164,fused,0,LTE,NR_NSA,5G,true,false,true,false,false,52545793,107,3050,7,8282,450,06,-83,-7,-53,12,4,0,,,,1966,65555,0.0157,0.5244,1938,65528,0.0155,0.5242,false,9,0,9,-86,107,2600,0.42643836,true,false,handover,0,2,,,2,52545792,-80,-8,"[{""type"":""LTE"",""pci"":107,""earfcn"":2600,""tac"":null,""rsrp"":-86,""rsrq"":-13,""rssi"":-63,""snr"":null,""ta"":0,""level"":3,""bands"":""5""},{""type"":""LTE"",""pci"":94,""earfcn"":3050,""tac"":null,""rsrp"":-93,""rsrq"":-13,""rssi"":-67,""snr"":null,""ta"":0,""level"":3,""bands"":""7""},{""type"":""LTE"",""pci"":72,""earfcn"":100,""tac"":null,""rsrp"":-94,""rsrq"":-14,""rssi"":-69,""snr"":null,""ta"":0,""level"":3,""bands"":""1""},{""type"":""LTE"",""pci"":107,""earfcn"":100,""tac"":null,""rsrp"":-94,""rsrq"":-14,""rssi"":-69,""snr"":null,""ta"":0,""level"":3,""bands"":""1""},{""type"":""LTE"",""pci"":72,""earfcn"":2600,""tac"":null,""rsrp"":-94,""rsrq"":-18,""rssi"":-63,""snr"":null,""ta"":0,""level"":3,""bands"":""5""},{""type"":""LTE"",""pci"":94,""earfcn"":100,""tac"":null,""rsrp"":-96,""rsrq"":-16,""rssi"":-69,""snr"":null,""ta"":0,""level"":2,""bands"":""1""},{""type"":""LTE"",""pci"":94,""earfcn"":2600,""tac"":null,""rsrp"":-96,""rsrq"":-17,""rssi"":-67,""snr"":null,""ta"":0,""level"":2,""bands"":""5""},{""type"":""LTE"",""pci"":341,""earfcn"":2600,""tac"":null,""rsrp"":-96,""rsrq"":-20,""rssi"":-63,""snr"":null,""ta"":0,""level"":2,""bands"":""5""},{""type"":""LTE"",""pci"":150,""earfcn"":100,""tac"":null,""rsrp"":-103,""rsrq"":-20,""rssi"":-67,""snr"":null,""ta"":0,""level"":2,""bands"":""1""}]",1008.9721,63,0.459,0.524,34,3,,,,"[{""b"":""26:ec:72:6b:e7:11"",""s"":""SEOUL_Secure"",""r"":-46,""f"":2412},{""b"":""22:ec:72:6b:e7:11"",""s"":""Public WiFi Free"",""r"":-46,""f"":2412},{""b"":""26:ec:72:6b:e7:10"",""s"":""SEOUL_Secure"",""r"":-48,""f"":5640},{""b"":""1c:ec:72:6b:e7:10"",""s"":""Public WiFi Secure"",""r"":-48,""f"":5640},{""b"":""22:ec:72:6b:e7:10"",""s"":""Public WiFi Free"",""r"":-48,""f"":5640},{""b"":""88:3c:1c:78:6f:44"",""s"":""U+Net6F45"",""r"":-70,""f"":2462},{""b"":""0c:96:cd:88:72:ab"",""s"":""SK_WiFiGIGA72A8_2.4G"",""r"":-71,""f"":2452},{""b"":""1e:ec:72:6b:e7:0f"",""s"":""Public WiFi Secure"",""r"":-72,""f"":6115},{""b"":""90:de:80:9f:09:a8"",""s"":""GNET_BB_CATCHON_3WAY_9F09A8"",""r"":-72,""f"":2457},{""b"":""88:36:6c:e7:2b:6c"",""s"":""kwanggeon1f_2.4g"",""r"":-73,""f"":2417},{""b"":""90:de:80:62:9a:ac"",""s"":""GNET_BB_M7_629AAC"",""r"":-73,""f"":2457},{""b"":""1e:ec:72:6b:e7:00"",""s"":""Public WiFi Free"",""r"":-73,""f"":6115},{""b"":""1e:ec:72:6b:e7:01"",""s"":""SEOUL_Secure"",""r"":-73,""f"":6115},{""b"":""70:5d:cc:13:50:c2"",""s"":""건대고시원 사무실"",""r"":-74,""f"":2432},{""b"":""88:3c:1c:78:6f:43"",""s"":""U+Net6F45_5G"",""r"":-76,""f"":5745}]","[{""type"":""LTE"",""pci"":94,""earfcn"":2600,""tac"":null,""rsrp"":-85,""rsrq"":-8,""rssi"":-67,""snr"":null,""ta"":0,""level"":4,""bands"":""5""},{""type"":""LTE"",""pci"":94,""earfcn"":100,""tac"":null,""rsrp"":-87,""rsrq"":-9,""rssi"":-67,""snr"":null,""ta"":0,""level"":3,""bands"":""1""},{""type"":""LTE"",""pci"":72,""earfcn"":2600,""tac"":null,""rsrp"":-92,""rsrq"":-15,""rssi"":-67,""snr"":null,""ta"":0,""level"":3,""bands"":""5""},{""type"":""LTE"",""pci"":72,""earfcn"":100,""tac"":null,""rsrp"":-94,""rsrq"":-17,""rssi"":-67,""snr"":null,""ta"":0,""level"":3,""bands"":""1""},{""type"":""LTE"",""pci"":341,""earfcn"":100,""tac"":null,""rsrp"":-95,""rsrq"":-17,""rssi"":-67,""snr"":null,""ta"":0,""level"":3,""bands"":""1""},{""type"":""LTE"",""pci"":341,""earfcn"":3050,""tac"":null,""rsrp"":-97,""rsrq"":-16,""rssi"":-65,""snr"":null,""ta"":0,""level"":2,""bands"":""7""},{""type"":""LTE"",""pci"":341,""earfcn"":2600,""tac"":null,""rsrp"":-97,""rsrq"":-18,""rssi"":-67,""snr"":null,""ta"":0,""level"":2,""bands"":""5""}]"
1790677758344,2026-09-29 19:29:18,car,37.5379264,127.0786302,10.429,0.0,,47.39999771118164,fused,1,LTE,NR_NSA,5G,true,false,true,false,false,52545793,107,3050,7,8282,450,06,-83,-7,-53,12,4,0,,,,1719,63979,0.0138,0.5118,1719,63979,0.0138,0.5118,false,9,0,9,-86,107,2600,0.60313916,false,false,periodic,1,2,0,0,1386,,,,"[{""type"":""LTE"",""pci"":107,""earfcn"":2600,""tac"":null,""rsrp"":-86,""rsrq"":-13,""rssi"":-63,""snr"":null,""ta"":0,""level"":3,""bands"":""5""},{""type"":""LTE"",""pci"":94,""earfcn"":3050,""tac"":null,""rsrp"":-93,""rsrq"":-13,""rssi"":-67,""snr"":null,""ta"":0,""level"":3,""bands"":""7""},{""type"":""LTE"",""pci"":72,""earfcn"":100,""tac"":null,""rsrp"":-94,""rsrq"":-14,""rssi"":-69,""snr"":null,""ta"":0,""level"":3,""bands"":""1""},{""type"":""LTE"",""pci"":107,""earfcn"":100,""tac"":null,""rsrp"":-94,""rsrq"":-14,""rssi"":-69,""snr"":null,""ta"":0,""level"":3,""bands"":""1""},{""type"":""LTE"",""pci"":72,""earfcn"":2600,""tac"":null,""rsrp"":-94,""rsrq"":-18,""rssi"":-63,""snr"":null,""ta"":0,""level"":3,""bands"":""5""},{""type"":""LTE"",""pci"":94,""earfcn"":100,""tac"":null,""rsrp"":-96,""rsrq"":-16,""rssi"":-69,""snr"":null,""ta"":0,""level"":2,""bands"":""1""},{""type"":""LTE"",""pci"":94,""earfcn"":2600,""tac"":null,""rsrp"":-96,""rsrq"":-17,""rssi"":-67,""snr"":null,""ta"":0,""level"":2,""bands"":""5""},{""type"":""LTE"",""pci"":341,""earfcn"":2600,""tac"":null,""rsrp"":-96,""rsrq"":-20,""rssi"":-63,""snr"":null,""ta"":0,""level"":2,""bands"":""5""},{""type"":""LTE"",""pci"":150,""earfcn"":100,""tac"":null,""rsrp"":-103,""rsrq"":-20,""rssi"":-67,""snr"":null,""ta"":0,""level"":2,""bands"":""1""}]",1008.9991,63,0.524,0.524,34,5,,,,"[{""b"":""26:ec:72:6b:e7:11"",""s"":""SEOUL_Secure"",""r"":-46,""f"":2412},{""b"":""22:ec:72:6b:e7:11"",""s"":""Public WiFi Free"",""r"":-46,""f"":2412},{""b"":""26:ec:72:6b:e7:10"",""s"":""SEOUL_Secure"",""r"":-48,""f"":5640},{""b"":""1c:ec:72:6b:e7:10"",""s"":""Public WiFi Secure"",""r"":-48,""f"":5640},{""b"":""22:ec:72:6b:e7:10"",""s"":""Public WiFi Free"",""r"":-48,""f"":5640},{""b"":""88:3c:1c:78:6f:44"",""s"":""U+Net6F45"",""r"":-70,""f"":2462},{""b"":""0c:96:cd:88:72:ab"",""s"":""SK_WiFiGIGA72A8_2.4G"",""r"":-71,""f"":2452},{""b"":""1e:ec:72:6b:e7:0f"",""s"":""Public WiFi Secure"",""r"":-72,""f"":6115},{""b"":""90:de:80:9f:09:a8"",""s"":""GNET_BB_CATCHON_3WAY_9F09A8"",""r"":-72,""f"":2457},{""b"":""88:36:6c:e7:2b:6c"",""s"":""kwanggeon1f_2.4g"",""r"":-73,""f"":2417},{""b"":""90:de:80:62:9a:ac"",""s"":""GNET_BB_M7_629AAC"",""r"":-73,""f"":2457},{""b"":""1e:ec:72:6b:e7:00"",""s"":""Public WiFi Free"",""r"":-73,""f"":6115},{""b"":""1e:ec:72:6b:e7:01"",""s"":""SEOUL_Secure"",""r"":-73,""f"":6115},{""b"":""70:5d:cc:13:50:c2"",""s"":""건대고시원 사무실"",""r"":-74,""f"":2432},{""b"":""88:3c:1c:78:6f:43"",""s"":""U+Net6F45_5G"",""r"":-76,""f"":5745}]",""
1790677763355,2026-09-29 19:29:23,car,37.5379103,127.0785701,9.978,3.22,289.0,47.39999771118164,fused,0,LTE,NR_NSA,5G,true,false,true,false,false,52545793,107,3050,7,8282,450,06,-83,-7,-53,12,4,0,,,,2154,64044,0.0172,0.5124,2134,64024,0.0171,0.5122,false,9,0,9,-86,107,2600,3.22,false,false,periodic,6,2,0,0,6398,,,,"[{""type"":""LTE"",""pci"":107,""earfcn"":2600,""tac"":null,""rsrp"":-86,""rsrq"":-13,""rssi"":-63,""snr"":null,""ta"":0,""level"":3,""bands"":""5""},{""type"":""LTE"",""pci"":94,""earfcn"":3050,""tac"":null,""rsrp"":-93,""rsrq"":-13,""rssi"":-67,""snr"":null,""ta"":0,""level"":3,""bands"":""7""},{""type"":""LTE"",""pci"":72,""earfcn"":100,""tac"":null,""rsrp"":-94,""rsrq"":-14,""rssi"":-69,""snr"":null,""ta"":0,""level"":3,""bands"":""1""},{""type"":""LTE"",""pci"":107,""earfcn"":100,""tac"":null,""rsrp"":-94,""rsrq"":-14,""rssi"":-69,""snr"":null,""ta"":0,""level"":3,""bands"":""1""},{""type"":""LTE"",""pci"":72,""earfcn"":2600,""tac"":null,""rsrp"":-94,""rsrq"":-18,""rssi"":-63,""snr"":null,""ta"":0,""level"":3,""bands"":""5""},{""type"":""LTE"",""pci"":94,""earfcn"":100,""tac"":null,""rsrp"":-96,""rsrq"":-16,""rssi"":-69,""snr"":null,""ta"":0,""level"":2,""bands"":""1""},{""type"":""LTE"",""pci"":94,""earfcn"":2600,""tac"":null,""rsrp"":-96,""rsrq"":-17,""rssi"":-67,""snr"":null,""ta"":0,""level"":2,""bands"":""5""},{""type"":""LTE"",""pci"":341,""earfcn"":2600,""tac"":null,""rsrp"":-96,""rsrq"":-20,""rssi"":-63,""snr"":null,""ta"":0,""level"":2,""bands"":""5""},{""type"":""LTE"",""pci"":150,""earfcn"":100,""tac"":null,""rsrp"":-103,""rsrq"":-20,""rssi"":-67,""snr"":null,""ta"":0,""level"":2,""bands"":""1""}]",1009.04266,54,0.459,0.459,34,10,,,,"[{""b"":""26:ec:72:6b:e7:11"",""s"":""SEOUL_Secure"",""r"":-46,""f"":2412},{""b"":""22:ec:72:6b:e7:11"",""s"":""Public WiFi Free"",""r"":-46,""f"":2412},{""b"":""26:ec:72:6b:e7:10"",""s"":""SEOUL_Secure"",""r"":-48,""f"":5640},{""b"":""1c:ec:72:6b:e7:10"",""s"":""Public WiFi Secure"",""r"":-48,""f"":5640},{""b"":""22:ec:72:6b:e7:10"",""s"":""Public WiFi Free"",""r"":-48,""f"":5640},{""b"":""88:3c:1c:78:6f:44"",""s"":""U+Net6F45"",""r"":-70,""f"":2462},{""b"":""0c:96:cd:88:72:ab"",""s"":""SK_WiFiGIGA72A8_2.4G"",""r"":-71,""f"":2452},{""b"":""1e:ec:72:6b:e7:0f"",""s"":""Public WiFi Secure"",""r"":-72,""f"":6115},{""b"":""90:de:80:9f:09:a8"",""s"":""GNET_BB_CATCHON_3WAY_9F09A8"",""r"":-72,""f"":2457},{""b"":""88:36:6c:e7:2b:6c"",""s"":""kwanggeon1f_2.4g"",""r"":-73,""f"":2417},{""b"":""90:de:80:62:9a:ac"",""s"":""GNET_BB_M7_629AAC"",""r"":-73,""f"":2457},{""b"":""1e:ec:72:6b:e7:00"",""s"":""Public WiFi Free"",""r"":-73,""f"":6115},{""b"":""1e:ec:72:6b:e7:01"",""s"":""SEOUL_Secure"",""r"":-73,""f"":6115},{""b"":""70:5d:cc:13:50:c2"",""s"":""건대고시원 사무실"",""r"":-74,""f"":2432},{""b"":""88:3c:1c:78:6f:43"",""s"":""U+Net6F45_5G"",""r"":-76,""f"":5745}]",""
1790677768370,2026-09-29 19:29:28,car,37.5379776,127.0783314,10.086,7.5,286.0,48.29999923706055,fused,1,LTE,NR_NSA,5G,true,false,true,false,false,52545793,107,3050,7,8282,450,06,-83,-7,-53,12,4,0,,,,16017,67488,0.1281,0.5399,15977,67448,0.1278,0.5396,false,9,0,9,-86,107,2600,7.5,false,false,periodic,11,1,0,0,11416,,,,"[{""type"":""LTE"",""pci"":107,""earfcn"":2600,""tac"":null,""rsrp"":-86,""rsrq"":-13,""rssi"":-63,""snr"":null,""ta"":0,""level"":3,""bands"":""5""},{""type"":""LTE"",""pci"":94,""earfcn"":3050,""tac"":null,""rsrp"":-93,""rsrq"":-13,""rssi"":-67,""snr"":null,""ta"":0,""level"":3,""bands"":""7""},{""type"":""LTE"",""pci"":72,""earfcn"":100,""tac"":null,""rsrp"":-94,""rsrq"":-14,""rssi"":-69,""snr"":null,""ta"":0,""level"":3,""bands"":""1""},{""type"":""LTE"",""pci"":107,""earfcn"":100,""tac"":null,""rsrp"":-94,""rsrq"":-14,""rssi"":-69,""snr"":null,""ta"":0,""level"":3,""bands"":""1""},{""type"":""LTE"",""pci"":72,""earfcn"":2600,""tac"":null,""rsrp"":-94,""rsrq"":-18,""rssi"":-63,""snr"":null,""ta"":0,""level"":3,""bands"":""5""},{""type"":""LTE"",""pci"":94,""earfcn"":100,""tac"":null,""rsrp"":-96,""rsrq"":-16,""rssi"":-69,""snr"":null,""ta"":0,""level"":2,""bands"":""1""},{""type"":""LTE"",""pci"":94,""earfcn"":2600,""tac"":null,""rsrp"":-96,""rsrq"":-17,""rssi"":-67,""snr"":null,""ta"":0,""level"":2,""bands"":""5""},{""type"":""LTE"",""pci"":341,""earfcn"":2600,""tac"":null,""rsrp"":-96,""rsrq"":-20,""rssi"":-63,""snr"":null,""ta"":0,""level"":2,""bands"":""5""},{""type"":""LTE"",""pci"":150,""earfcn"":100,""tac"":null,""rsrp"":-103,""rsrq"":-20,""rssi"":-67,""snr"":null,""ta"":0,""level"":2,""bands"":""1""}]",1009.0471,52,0.459,0.459,30,4,,,,"[{""b"":""26:ec:72:6b:e7:10"",""s"":""SEOUL_Secure"",""r"":-46,""f"":5640},{""b"":""1c:ec:72:6b:e7:10"",""s"":""Public WiFi Secure"",""r"":-46,""f"":5640},{""b"":""22:ec:72:6b:e7:10"",""s"":""Public WiFi Free"",""r"":-46,""f"":5640},{""b"":""22:ec:72:6b:e7:11"",""s"":""Public WiFi Free"",""r"":-51,""f"":2412},{""b"":""26:ec:72:6b:e7:11"",""s"":""SEOUL_Secure"",""r"":-52,""f"":2412},{""b"":""88:36:6c:e7:2b:6e"",""s"":""kwanggeon1f_5g"",""r"":-68,""f"":5745},{""b"":""90:de:80:62:9a:ac"",""s"":""GNET_BB_M7_629AAC"",""r"":-73,""f"":2457},{""b"":""1e:39:29:70:c8:d8"",""s"":""[LG_CeilingCassette A\/C]c8d8"",""r"":-75,""f"":2462},{""b"":""88:3c:1c:78:6f:43"",""s"":""U+Net6F45_5G"",""r"":-77,""f"":5745},{""b"":""86:25:19:e4:7f:c7"",""s"":""DIRECT-C7 C56x Series"",""r"":-77,""f"":2412},{""b"":""dc:8e:8d:bf:ea:b3"",""s"":""STAYONE_408"",""r"":-78,""f"":2462},{""b"":""12:96:cd:88:72:ab"",""s"":"""",""r"":-78,""f"":2452},{""b"":""58:86:94:27:82:54"",""s"":""KB_magiccar_5G"",""r"":-85,""f"":5745},{""b"":""70:5d:cc:8a:08:3c"",""s"":""lmfdsDev5G"",""r"":-86,""f"":5745},{""b"":""28:4e:e9:a3:22:47"",""s"":""KT_GiGA_5G_2244"",""r"":-87,""f"":5200}]",""
1790677773391,2026-09-29 19:29:33,car,37.5381478,127.0776924,9.959,11.46,287.0,48.29999923706055,fused,0,LTE,NR_NSA,5G,true,false,true,false,false,52545793,107,3050,7,8282,450,06,-83,-7,-55,,4,0,,,,2371,65340,0.0190,0.5227,2351,65320,0.0188,0.5226,false,9,0,9,-79,107,100,11.46,false,false,periodic,16,1,0,,5002,,,,"[{""type"":""LTE"",""pci"":107,""earfcn"":100,""tac"":null,""rsrp"":-79,""rsrq"":-9,""rssi"":-61,""snr"":null,""ta"":0,""level"":4,""bands"":""1""},{""type"":""LTE"",""pci"":94,""earfcn"":100,""tac"":null,""rsrp"":-90,""rsrq"":-18,""rssi"":-61,""snr"":null,""ta"":0,""level"":3,""bands"":""1""},{""type"":""LTE"",""pci"":107,""earfcn"":2600,""tac"":null,""rsrp"":-90,""rsrq"":-11,""rssi"":-69,""snr"":null,""ta"":0,""level"":3,""bands"":""5""},{""type"":""LTE"",""pci"":131,""earfcn"":2600,""tac"":null,""rsrp"":-90,""rsrq"":-20,""rssi"":-59,""snr"":null,""ta"":0,""level"":3,""bands"":""5""},{""type"":""LTE"",""pci"":72,""earfcn"":2600,""tac"":null,""rsrp"":-91,""rsrq"":-19,""rssi"":-61,""snr"":null,""ta"":0,""level"":3,""bands"":""5""},{""type"":""LTE"",""pci"":94,""earfcn"":3050,""tac"":null,""rsrp"":-92,""rsrq"":-15,""rssi"":-63,""snr"":null,""ta"":0,""level"":3,""bands"":""7""},{""type"":""LTE"",""pci"":94,""earfcn"":2600,""tac"":null,""rsrp"":-92,""rsrq"":-15,""rssi"":-67,""snr"":null,""ta"":0,""level"":3,""bands"":""5""},{""type"":""LTE"",""pci"":72,""earfcn"":100,""tac"":null,""rsrp"":-93,""rsrq"":-18,""rssi"":-61,""snr"":null,""ta"":0,""level"":3,""bands"":""1""},{""type"":""LTE"",""pci"":150,""earfcn"":3050,""tac"":null,""rsrp"":-94,""rsrq"":-20,""rssi"":-63,""snr"":null,""ta"":0,""level"":3,""bands"":""7""}]",1009.06116,53,0.524,0.459,30,9,,,,"[{""b"":""26:ec:72:6b:e7:10"",""s"":""SEOUL_Secure"",""r"":-46,""f"":5640},{""b"":""1c:ec:72:6b:e7:10"",""s"":""Public WiFi Secure"",""r"":-46,""f"":5640},{""b"":""22:ec:72:6b:e7:10"",""s"":""Public WiFi Free"",""r"":-46,""f"":5640},{""b"":""22:ec:72:6b:e7:11"",""s"":""Public WiFi Free"",""r"":-51,""f"":2412},{""b"":""26:ec:72:6b:e7:11"",""s"":""SEOUL_Secure"",""r"":-52,""f"":2412},{""b"":""88:36:6c:e7:2b:6e"",""s"":""kwanggeon1f_5g"",""r"":-68,""f"":5745},{""b"":""90:de:80:62:9a:ac"",""s"":""GNET_BB_M7_629AAC"",""r"":-73,""f"":2457},{""b"":""1e:39:29:70:c8:d8"",""s"":""[LG_CeilingCassette A\/C]c8d8"",""r"":-75,""f"":2462},{""b"":""88:3c:1c:78:6f:43"",""s"":""U+Net6F45_5G"",""r"":-77,""f"":5745},{""b"":""86:25:19:e4:7f:c7"",""s"":""DIRECT-C7 C56x Series"",""r"":-77,""f"":2412},{""b"":""dc:8e:8d:bf:ea:b3"",""s"":""STAYONE_408"",""r"":-78,""f"":2462},{""b"":""12:96:cd:88:72:ab"",""s"":"""",""r"":-78,""f"":2452},{""b"":""58:86:94:27:82:54"",""s"":""KB_magiccar_5G"",""r"":-85,""f"":5745},{""b"":""70:5d:cc:8a:08:3c"",""s"":""lmfdsDev5G"",""r"":-86,""f"":5745},{""b"":""28:4e:e9:a3:22:47"",""s"":""KT_GiGA_5G_2244"",""r"":-87,""f"":5200}]",""
1790677778406,2026-09-29 19:29:38,car,37.5382524,127.0771353,10.052,12.51,287.0,48.29999923706055,fused,1,LTE,NR_NSA,5G,true,false,true,false,false,52545793,107,3050,7,8282,450,06,-83,-7,-55,,4,0,,,,2509,65487,0.0201,0.5239,2489,65467,0.0199,0.5237,false,9,0,9,-79,107,100,12.51,false,false,periodic,21,1,0,,10017,,,,"[{""type"":""LTE"",""pci"":107,""earfcn"":100,""tac"":null,""rsrp"":-79,""rsrq"":-9,""rssi"":-61,""snr"":null,""ta"":0,""level"":4,""bands"":""1""},{""type"":""LTE"",""pci"":94,""earfcn"":100,""tac"":null,""rsrp"":-90,""rsrq"":-18,""rssi"":-61,""snr"":null,""ta"":0,""level"":3,""bands"":""1""},{""type"":""LTE"",""pci"":107,""earfcn"":2600,""tac"":null,""rsrp"":-90,""rsrq"":-11,""rssi"":-69,""snr"":null,""ta"":0,""level"":3,""bands"":""5""},{""type"":""LTE"",""pci"":131,""earfcn"":2600,""tac"":null,""rsrp"":-90,""rsrq"":-20,""rssi"":-59,""snr"":null,""ta"":0,""level"":3,""bands"":""5""},{""type"":""LTE"",""pci"":72,""earfcn"":2600,""tac"":null,""rsrp"":-91,""rsrq"":-19,""rssi"":-61,""snr"":null,""ta"":0,""level"":3,""bands"":""5""},{""type"":""LTE"",""pci"":94,""earfcn"":3050,""tac"":null,""rsrp"":-92,""rsrq"":-15,""rssi"":-63,""snr"":null,""ta"":0,""level"":3,""bands"":""7""},{""type"":""LTE"",""pci"":94,""earfcn"":2600,""tac"":null,""rsrp"":-92,""rsrq"":-15,""rssi"":-67,""snr"":null,""ta"":0,""level"":3,""bands"":""5""},{""type"":""LTE"",""pci"":72,""earfcn"":100,""tac"":null,""rsrp"":-93,""rsrq"":-18,""rssi"":-61,""snr"":null,""ta"":0,""level"":3,""bands"":""1""},{""type"":""LTE"",""pci"":150,""earfcn"":3050,""tac"":null,""rsrp"":-94,""rsrq"":-20,""rssi"":-63,""snr"":null,""ta"":0,""level"":3,""bands"":""7""}]",1009.19543,60,0.459,0.524,30,14,,,,"[{""b"":""26:ec:72:6b:e7:10"",""s"":""SEOUL_Secure"",""r"":-46,""f"":5640},{""b"":""1c:ec:72:6b:e7:10"",""s"":""Public WiFi Secure"",""r"":-46,""f"":5640},{""b"":""22:ec:72:6b:e7:10"",""s"":""Public WiFi Free"",""r"":-46,""f"":5640},{""b"":""22:ec:72:6b:e7:11"",""s"":""Public WiFi Free"",""r"":-51,""f"":2412},{""b"":""26:ec:72:6b:e7:11"",""s"":""SEOUL_Secure"",""r"":-52,""f"":2412},{""b"":""88:36:6c:e7:2b:6e"",""s"":""kwanggeon1f_5g"",""r"":-68,""f"":5745},{""b"":""90:de:80:62:9a:ac"",""s"":""GNET_BB_M7_629AAC"",""r"":-73,""f"":2457},{""b"":""1e:39:29:70:c8:d8"",""s"":""[LG_CeilingCassette A\/C]c8d8"",""r"":-75,""f"":2462},{""b"":""88:3c:1c:78:6f:43"",""s"":""U+Net6F45_5G"",""r"":-77,""f"":5745},{""b"":""86:25:19:e4:7f:c7"",""s"":""DIRECT-C7 C56x Series"",""r"":-77,""f"":2412},{""b"":""dc:8e:8d:bf:ea:b3"",""s"":""STAYONE_408"",""r"":-78,""f"":2462},{""b"":""12:96:cd:88:72:ab"",""s"":"""",""r"":-78,""f"":2452},{""b"":""58:86:94:27:82:54"",""s"":""KB_magiccar_5G"",""r"":-85,""f"":5745},{""b"":""70:5d:cc:8a:08:3c"",""s"":""lmfdsDev5G"",""r"":-86,""f"":5745},{""b"":""28:4e:e9:a3:22:47"",""s"":""KT_GiGA_5G_2244"",""r"":-87,""f"":5200}]",""
1790677783426,2026-09-29 19:29:43,car,37.5384249,127.0763519,9.935,11.36,286.0,47.39999771118164,fused,0,LTE,NR_NSA,5G,true,false,true,false,false,52545793,107,3050,7,8282,450,06,-82,-6,-55,,4,0,,,,2126,63579,0.0170,0.5086,2106,63559,0.0168,0.5085,false,7,0,7,-78,107,100,11.36,false,false,periodic,26,1,1,,4999,,,,"[{""type"":""LTE"",""pci"":107,""earfcn"":100,""tac"":null,""rsrp"":-78,""rsrq"":-9,""rssi"":-59,""snr"":null,""ta"":0,""level"":4,""bands"":""1""},{""type"":""LTE"",""pci"":107,""earfcn"":2600,""tac"":null,""rsrp"":-82,""rsrq"":-11,""rssi"":-59,""snr"":null,""ta"":0,""level"":4,""bands"":""5""},{""type"":""LTE"",""pci"":126,""earfcn"":100,""tac"":null,""rsrp"":-90,""rsrq"":-14,""rssi"":-61,""snr"":null,""ta"":0,""level"":3,""bands"":""1""},{""type"":""LTE"",""pci"":94,""earfcn"":100,""tac"":null,""rsrp"":-91,""rsrq"":-20,""rssi"":-59,""snr"":null,""ta"":0,""level"":3,""bands"":""1""},{""type"":""LTE"",""pci"":126,""earfcn"":3050,""tac"":null,""rsrp"":-93,""rsrq"":-15,""rssi"":-61,""snr"":null,""ta"":0,""level"":3,""bands"":""7""},{""type"":""LTE"",""pci"":85,""earfcn"":100,""tac"":null,""rsrp"":-93,""rsrq"":-20,""rssi"":-59,""snr"":null,""ta"":0,""level"":3,""bands"":""1""},{""type"":""LTE"",""pci"":94,""earfcn"":2600,""tac"":null,""rsrp"":-93,""rsrq"":-20,""rssi"":-61,""snr"":null,""ta"":0,""level"":3,""bands"":""5""}]",1009.3172,55,0.459,0.459,53,0,,,,"[{""b"":""22:ec:72:6b:e7:10"",""s"":""Public WiFi Free"",""r"":-42,""f"":5640},{""b"":""26:ec:72:6b:e7:10"",""s"":""SEOUL_Secure"",""r"":-43,""f"":5640},{""b"":""1c:ec:72:6b:e7:10"",""s"":""Public WiFi Secure"",""r"":-43,""f"":5640},{""b"":""1c:ec:72:6b:e7:11"",""s"":""Public WiFi Secure"",""r"":-46,""f"":2412},{""b"":""2a:d1:3f:18:78:24"",""s"":""SEOUL_Secure"",""r"":-66,""f"":2412},{""b"":""88:3c:1c:3a:4d:29"",""s"":""KT_GiGA_2G_4D25"",""r"":-66,""f"":2447},{""b"":""24:d1:3f:18:78:24"",""s"":""SEOUL"",""r"":-67,""f"":2412},{""b"":""00:07:89:c6:3e:99"",""s"":""KT_GiGA_5G_Wave2_3E95"",""r"":-70,""f"":5785},{""b"":""2e:d1:3f:18:78:23"",""s"":""Public WiFi Secure"",""r"":-70,""f"":5620},{""b"":""24:d1:3f:18:78:23"",""s"":""SEOUL"",""r"":-71,""f"":5620},{""b"":""bc:62:ce:0c:0d:5c"",""s"":"""",""r"":-71,""f"":2412},{""b"":""2a:d1:3f:18:78:23"",""s"":""SEOUL_Secure"",""r"":-72,""f"":5620},{""b"":""58:86:94:20:54:66"",""s"":""0104"",""r"":-72,""f"":2447},{""b"":""12:07:89:c6:3e:99"",""s"":"""",""r"":-73,""f"":5785},{""b"":""00:23:aa:4f:2f:2a"",""s"":""SK_WiFiGIGA2F2B"",""r"":-73,""f"":2462}]",""
1790677788442,2026-09-29 19:29:48,car,37.5385506,127.0758666,10.04,10.98,288.0,45.0698501758592,fused,1,LTE,NR_NSA,5G,true,false,true,false,false,52545793,107,3050,7,8282,450,06,-82,-6,-55,,4,0,,,,2223,65535,0.0178,0.5243,2183,65496,0.0175,0.5240,false,7,0,7,-78,107,100,10.98,false,false,periodic,31,0,0,,10017,,,,"[{""type"":""LTE"",""pci"":107,""earfcn"":100,""tac"":null,""rsrp"":-78,""rsrq"":-9,""rssi"":-59,""snr"":null,""ta"":0,""level"":4,""bands"":""1""},{""type"":""LTE"",""pci"":107,""earfcn"":2600,""tac"":null,""rsrp"":-82,""rsrq"":-11,""rssi"":-59,""snr"":null,""ta"":0,""level"":4,""bands"":""5""},{""type"":""LTE"",""pci"":126,""earfcn"":100,""tac"":null,""rsrp"":-90,""rsrq"":-14,""rssi"":-61,""snr"":null,""ta"":0,""level"":3,""bands"":""1""},{""type"":""LTE"",""pci"":94,""earfcn"":100,""tac"":null,""rsrp"":-91,""rsrq"":-20,""rssi"":-59,""snr"":null,""ta"":0,""level"":3,""bands"":""1""},{""type"":""LTE"",""pci"":126,""earfcn"":3050,""tac"":null,""rsrp"":-93,""rsrq"":-15,""rssi"":-61,""snr"":null,""ta"":0,""level"":3,""bands"":""7""},{""type"":""LTE"",""pci"":85,""earfcn"":100,""tac"":null,""rsrp"":-93,""rsrq"":-20,""rssi"":-59,""snr"":null,""ta"":0,""level"":3,""bands"":""1""},{""type"":""LTE"",""pci"":94,""earfcn"":2600,""tac"":null,""rsrp"":-93,""rsrq"":-20,""rssi"":-61,""snr"":null,""ta"":0,""level"":3,""bands"":""5""}]",1009.40155,54,0.459,0.459,53,5,,,,"[{""b"":""22:ec:72:6b:e7:10"",""s"":""Public WiFi Free"",""r"":-42,""f"":5640},{""b"":""26:ec:72:6b:e7:10"",""s"":""SEOUL_Secure"",""r"":-43,""f"":5640},{""b"":""1c:ec:72:6b:e7:10"",""s"":""Public WiFi Secure"",""r"":-43,""f"":5640},{""b"":""1c:ec:72:6b:e7:11"",""s"":""Public WiFi Secure"",""r"":-46,""f"":2412},{""b"":""2a:d1:3f:18:78:24"",""s"":""SEOUL_Secure"",""r"":-66,""f"":2412},{""b"":""88:3c:1c:3a:4d:29"",""s"":""KT_GiGA_2G_4D25"",""r"":-66,""f"":2447},{""b"":""24:d1:3f:18:78:24"",""s"":""SEOUL"",""r"":-67,""f"":2412},{""b"":""00:07:89:c6:3e:99"",""s"":""KT_GiGA_5G_Wave2_3E95"",""r"":-70,""f"":5785},{""b"":""2e:d1:3f:18:78:23"",""s"":""Public WiFi Secure"",""r"":-70,""f"":5620},{""b"":""24:d1:3f:18:78:23"",""s"":""SEOUL"",""r"":-71,""f"":5620},{""b"":""bc:62:ce:0c:0d:5c"",""s"":"""",""r"":-71,""f"":2412},{""b"":""2a:d1:3f:18:78:23"",""s"":""SEOUL_Secure"",""r"":-72,""f"":5620},{""b"":""58:86:94:20:54:66"",""s"":""0104"",""r"":-72,""f"":2447},{""b"":""12:07:89:c6:3e:99"",""s"":"""",""r"":-73,""f"":5785},{""b"":""00:23:aa:4f:2f:2a"",""s"":""SK_WiFiGIGA2F2B"",""r"":-73,""f"":2462}]",""
1790677793466,2026-09-29 19:29:53,car,37.5387028,127.07528,10.217,7.15,295.0,44.19488892413396,fused,0,LTE,NR_NSA,5G,true,false,true,false,false,52545282,111,3050,7,8282,450,06,-82,-7,-57,,4,0,,,,2005,65181,0.0160,0.5214,1985,65161,0.0159,0.5213,false,8,0,8,-78,111,100,7.15,true,false,periodic,0,1,,,5000,52545793,-82,-6,"[{""type"":""LTE"",""pci"":111,""earfcn"":100,""tac"":null,""rsrp"":-78,""rsrq"":-9,""rssi"":-59,""snr"":null,""ta"":0,""level"":4,""bands"":""1""},{""type"":""LTE"",""pci"":111,""earfcn"":2600,""tac"":null,""rsrp"":-87,""rsrq"":-8,""rssi"":-67,""snr"":null,""ta"":0,""level"":3,""bands"":""5""},{""type"":""LTE"",""pci"":107,""earfcn"":100,""tac"":null,""rsrp"":-89,""rsrq"":-17,""rssi"":-59,""snr"":null,""ta"":0,""level"":3,""bands"":""1""},{""type"":""LTE"",""pci"":107,""earfcn"":2600,""tac"":null,""rsrp"":-89,""rsrq"":-12,""rssi"":-67,""snr"":null,""ta"":0,""level"":3,""bands"":""5""},{""type"":""LTE"",""pci"":85,""earfcn"":100,""tac"":null,""rsrp"":-90,""rsrq"":-20,""rssi"":-57,""snr"":null,""ta"":0,""level"":3,""bands"":""1""},{""type"":""LTE"",""pci"":107,""earfcn"":3050,""tac"":null,""rsrp"":-91,""rsrq"":-15,""rssi"":-65,""snr"":null,""ta"":0,""level"":3,""bands"":""7""},{""type"":""LTE"",""pci"":126,""earfcn"":100,""tac"":null,""rsrp"":-92,""rsrq"":-20,""rssi"":-59,""snr"":null,""ta"":0,""level"":3,""bands"":""1""},{""type"":""LTE"",""pci"":305,""earfcn"":3050,""tac"":null,""rsrp"":-96,""rsrq"":-20,""rssi"":-65,""snr"":null,""ta"":0,""level"":2,""bands"":""7""}]",1009.46063,54,0.524,0.459,53,10,,,,"[{""b"":""22:ec:72:6b:e7:10"",""s"":""Public WiFi Free"",""r"":-42,""f"":5640},{""b"":""26:ec:72:6b:e7:10"",""s"":""SEOUL_Secure"",""r"":-43,""f"":5640},{""b"":""1c:ec:72:6b:e7:10"",""s"":""Public WiFi Secure"",""r"":-43,""f"":5640},{""b"":""1c:ec:72:6b:e7:11"",""s"":""Public WiFi Secure"",""r"":-46,""f"":2412},{""b"":""2a:d1:3f:18:78:24"",""s"":""SEOUL_Secure"",""r"":-66,""f"":2412},{""b"":""88:3c:1c:3a:4d:29"",""s"":""KT_GiGA_2G_4D25"",""r"":-66,""f"":2447},{""b"":""24:d1:3f:18:78:24"",""s"":""SEOUL"",""r"":-67,""f"":2412},{""b"":""00:07:89:c6:3e:99"",""s"":""KT_GiGA_5G_Wave2_3E95"",""r"":-70,""f"":5785},{""b"":""2e:d1:3f:18:78:23"",""s"":""Public WiFi Secure"",""r"":-70,""f"":5620},{""b"":""24:d1:3f:18:78:23"",""s"":""SEOUL"",""r"":-71,""f"":5620},{""b"":""bc:62:ce:0c:0d:5c"",""s"":"""",""r"":-71,""f"":2412},{""b"":""2a:d1:3f:18:78:23"",""s"":""SEOUL_Secure"",""r"":-72,""f"":5620},{""b"":""58:86:94:20:54:66"",""s"":""0104"",""r"":-72,""f"":2447},{""b"":""12:07:89:c6:3e:99"",""s"":"""",""r"":-73,""f"":5785},{""b"":""00:23:aa:4f:2f:2a"",""s"":""SK_WiFiGIGA2F2B"",""r"":-73,""f"":2462}]","[{""type"":""LTE"",""pci"":107,""earfcn"":100,""tac"":null,""rsrp"":-78,""rsrq"":-9,""rssi"":-59,""snr"":null,""ta"":0,""level"":4,""bands"":""1""},{""type"":""LTE"",""pci"":107,""earfcn"":2600,""tac"":null,""rsrp"":-82,""rsrq"":-11,""rssi"":-59,""snr"":null,""ta"":0,""level"":4,""bands"":""5""},{""type"":""LTE"",""pci"":126,""earfcn"":100,""tac"":null,""rsrp"":-90,""rsrq"":-14,""rssi"":-61,""snr"":null,""ta"":0,""level"":3,""bands"":""1""},{""type"":""LTE"",""pci"":94,""earfcn"":100,""tac"":null,""rsrp"":-91,""rsrq"":-20,""rssi"":-59,""snr"":null,""ta"":0,""level"":3,""bands"":""1""},{""type"":""LTE"",""pci"":126,""earfcn"":3050,""tac"":null,""rsrp"":-93,""rsrq"":-15,""rssi"":-61,""snr"":null,""ta"":0,""level"":3,""bands"":""7""},{""type"":""LTE"",""pci"":85,""earfcn"":100,""tac"":null,""rsrp"":-93,""rsrq"":-20,""rssi"":-59,""snr"":null,""ta"":0,""level"":3,""bands"":""1""},{""type"":""LTE"",""pci"":94,""earfcn"":2600,""tac"":null,""rsrp"":-93,""rsrq"":-20,""rssi"":-61,""snr"":null,""ta"":0,""level"":3,""bands"":""5""}]"
1790677798485,2026-09-29 19:29:58,car,37.5387834,127.0750427,11.193,4.77,302.0,44.23978014205629,fused,1,LTE,NR_NSA,5G,true,false,true,false,false,52545282,111,3050,7,8282,450,06,-82,-7,-57,,4,0,,,,2129,65272,0.0170,0.5222,2109,65252,0.0169,0.5220,false,8,0,8,-78,111,100,4.77,false,false,periodic,5,1,0,,10021,,,,"[{""type"":""LTE"",""pci"":111,""earfcn"":100,""tac"":null,""rsrp"":-78,""rsrq"":-9,""rssi"":-59,""snr"":null,""ta"":0,""level"":4,""bands"":""1""},{""type"":""LTE"",""pci"":111,""earfcn"":2600,""tac"":null,""rsrp"":-87,""rsrq"":-8,""rssi"":-67,""snr"":null,""ta"":0,""level"":3,""bands"":""5""},{""type"":""LTE"",""pci"":107,""earfcn"":100,""tac"":null,""rsrp"":-89,""rsrq"":-17,""rssi"":-59,""snr"":null,""ta"":0,""level"":3,""bands"":""1""},{""type"":""LTE"",""pci"":107,""earfcn"":2600,""tac"":null,""rsrp"":-89,""rsrq"":-12,""rssi"":-67,""snr"":null,""ta"":0,""level"":3,""bands"":""5""},{""type"":""LTE"",""pci"":85,""earfcn"":100,""tac"":null,""rsrp"":-90,""rsrq"":-20,""rssi"":-57,""snr"":null,""ta"":0,""level"":3,""bands"":""1""},{""type"":""LTE"",""pci"":107,""earfcn"":3050,""tac"":null,""rsrp"":-91,""rsrq"":-15,""rssi"":-65,""snr"":null,""ta"":0,""level"":3,""bands"":""7""},{""type"":""LTE"",""pci"":126,""earfcn"":100,""tac"":null,""rsrp"":-92,""rsrq"":-20,""rssi"":-59,""snr"":null,""ta"":0,""level"":3,""bands"":""1""},{""type"":""LTE"",""pci"":305,""earfcn"":3050,""tac"":null,""rsrp"":-96,""rsrq"":-20,""rssi"":-65,""snr"":null,""ta"":0,""level"":2,""bands"":""7""}]",1009.39374,59,0.524,0.524,53,15,,,,"[{""b"":""22:ec:72:6b:e7:10"",""s"":""Public WiFi Free"",""r"":-42,""f"":5640},{""b"":""26:ec:72:6b:e7:10"",""s"":""SEOUL_Secure"",""r"":-43,""f"":5640},{""b"":""1c:ec:72:6b:e7:10"",""s"":""Public WiFi Secure"",""r"":-43,""f"":5640},{""b"":""1c:ec:72:6b:e7:11"",""s"":""Public WiFi Secure"",""r"":-46,""f"":2412},{""b"":""2a:d1:3f:18:78:24"",""s"":""SEOUL_Secure"",""r"":-66,""f"":2412},{""b"":""88:3c:1c:3a:4d:29"",""s"":""KT_GiGA_2G_4D25"",""r"":-66,""f"":2447},{""b"":""24:d1:3f:18:78:24"",""s"":""SEOUL"",""r"":-67,""f"":2412},{""b"":""00:07:89:c6:3e:99"",""s"":""KT_GiGA_5G_Wave2_3E95"",""r"":-70,""f"":5785},{""b"":""2e:d1:3f:18:78:23"",""s"":""Public WiFi Secure"",""r"":-70,""f"":5620},{""b"":""24:d1:3f:18:78:23"",""s"":""SEOUL"",""r"":-71,""f"":5620},{""b"":""bc:62:ce:0c:0d:5c"",""s"":"""",""r"":-71,""f"":2412},{""b"":""2a:d1:3f:18:78:23"",""s"":""SEOUL_Secure"",""r"":-72,""f"":5620},{""b"":""58:86:94:20:54:66"",""s"":""0104"",""r"":-72,""f"":2447},{""b"":""12:07:89:c6:3e:99"",""s"":"""",""r"":-73,""f"":5785},{""b"":""00:23:aa:4f:2f:2a"",""s"":""SK_WiFiGIGA2F2B"",""r"":-73,""f"":2462}]",""
1790677803513,2026-09-29 19:30:03,car,37.5387437,127.0749601,10.585,0.31,241.0,43.934111305036765,fused,0,LTE,NR_NSA,5G,true,false,true,false,false,52545282,111,3050,7,8282,450,06,-89,-12,-53,,3,0,,,,2317,65223,0.0185,0.5218,2297,65203,0.0184,0.5216,false,13,0,13,-84,111,100,0.31,false,false,periodic,10,1,-7,,5002,,,,"[{""type"":""LTE"",""pci"":111,""earfcn"":100,""tac"":null,""rsrp"":-84,""rsrq"":-10,""rssi"":-65,""snr"":null,""ta"":0,""level"":4,""bands"":""1""},{""type"":""LTE"",""pci"":305,""earfcn"":3050,""tac"":null,""rsrp"":-89,""rsrq"":-12,""rssi"":-65,""snr"":null,""ta"":0,""level"":3,""bands"":""7""},{""type"":""LTE"",""pci"":305,""earfcn"":2600,""tac"":null,""rsrp"":-89,""rsrq"":-17,""rssi"":-61,""snr"":null,""ta"":0,""level"":3,""bands"":""5""},{""type"":""LTE"",""pci"":174,""earfcn"":100,""tac"":null,""rsrp"":-90,""rsrq"":-13,""rssi"":-65,""snr"":null,""ta"":0,""level"":3,""bands"":""1""},{""type"":""LTE"",""pci"":107,""earfcn"":2600,""tac"":null,""rsrp"":-90,""rsrq"":-19,""rssi"":-61,""snr"":null,""ta"":0,""level"":3,""bands"":""5""},{""type"":""LTE"",""pci"":111,""earfcn"":2600,""tac"":null,""rsrp"":-92,""rsrq"":-16,""rssi"":-61,""snr"":null,""ta"":0,""level"":3,""bands"":""5""},{""type"":""LTE"",""pci"":174,""earfcn"":3050,""tac"":null,""rsrp"":-93,""rsrq"":-15,""rssi"":-63,""snr"":null,""ta"":0,""level"":3,""bands"":""7""},{""type"":""LTE"",""pci"":107,""earfcn"":3050,""tac"":null,""rsrp"":-94,""rsrq"":-17,""rssi"":-65,""snr"":null,""ta"":0,""level"":3,""bands"":""7""},{""type"":""LTE"",""pci"":298,""earfcn"":3050,""tac"":null,""rsrp"":-94,""rsrq"":-17,""rssi"":-65,""snr"":null,""ta"":0,""level"":3,""bands"":""7""},{""type"":""LTE"",""pci"":305,""earfcn"":100,""tac"":null,""rsrp"":-94,""rsrq"":-15,""rssi"":-65,""snr"":null,""ta"":0,""level"":3,""bands"":""1""},{""type"":""LTE"",""pci"":107,""earfcn"":100,""tac"":null,""rsrp"":-94,""rsrq"":-20,""rssi"":-65,""snr"":null,""ta"":0,""level"":3,""bands"":""1""},{""type"":""LTE"",""pci"":85,""earfcn"":2600,""tac"":null,""rsrp"":-94,""rsrq"":-15,""rssi"":-65,""snr"":null,""ta"":0,""level"":3,""bands"":""5""},{""type"":""LTE"",""pci"":412,""earfcn"":3050,""tac"":null,""rsrp"":-95,""rsrq"":-15,""rssi"":-65,""snr"":null,""ta"":0,""level"":3,""bands"":""7""}]",1009.60474,51,0.459,0.524,53,20,,,,"[{""b"":""22:ec:72:6b:e7:10"",""s"":""Public WiFi Free"",""r"":-42,""f"":5640},{""b"":""26:ec:72:6b:e7:10"",""s"":""SEOUL_Secure"",""r"":-43,""f"":5640},{""b"":""1c:ec:72:6b:e7:10"",""s"":""Public WiFi Secure"",""r"":-43,""f"":5640},{""b"":""1c:ec:72:6b:e7:11"",""s"":""Public WiFi Secure"",""r"":-46,""f"":2412},{""b"":""2a:d1:3f:18:78:24"",""s"":""SEOUL_Secure"",""r"":-66,""f"":2412},{""b"":""88:3c:1c:3a:4d:29"",""s"":""KT_GiGA_2G_4D25"",""r"":-66,""f"":2447},{""b"":""24:d1:3f:18:78:24"",""s"":""SEOUL"",""r"":-67,""f"":2412},{""b"":""00:07:89:c6:3e:99"",""s"":""KT_GiGA_5G_Wave2_3E95"",""r"":-70,""f"":5785},{""b"":""2e:d1:3f:18:78:23"",""s"":""Public WiFi Secure"",""r"":-70,""f"":5620},{""b"":""24:d1:3f:18:78:23"",""s"":""SEOUL"",""r"":-71,""f"":5620},{""b"":""bc:62:ce:0c:0d:5c"",""s"":"""",""r"":-71,""f"":2412},{""b"":""2a:d1:3f:18:78:23"",""s"":""SEOUL_Secure"",""r"":-72,""f"":5620},{""b"":""58:86:94:20:54:66"",""s"":""0104"",""r"":-72,""f"":2447},{""b"":""12:07:89:c6:3e:99"",""s"":"""",""r"":-73,""f"":5785},{""b"":""00:23:aa:4f:2f:2a"",""s"":""SK_WiFiGIGA2F2B"",""r"":-73,""f"":2462}]",""
1790677808542,2026-09-29 19:30:08,car,37.5387661,127.0749463,9.835,1.37,356.0,42.099998474121094,fused,1,LTE,NR_NSA,5G,true,false,true,false,false,52545282,111,3050,7,8282,450,06,-89,-12,-53,,3,0,,,,6801,64665,0.0544,0.5173,6781,64645,0.0542,0.5172,false,13,0,13,-84,111,100,1.37,false,false,periodic,15,1,0,,10031,,,,"[{""type"":""LTE"",""pci"":111,""earfcn"":100,""tac"":null,""rsrp"":-84,""rsrq"":-10,""rssi"":-65,""snr"":null,""ta"":0,""level"":4,""bands"":""1""},{""type"":""LTE"",""pci"":305,""earfcn"":3050,""tac"":null,""rsrp"":-89,""rsrq"":-12,""rssi"":-65,""snr"":null,""ta"":0,""level"":3,""bands"":""7""},{""type"":""LTE"",""pci"":305,""earfcn"":2600,""tac"":null,""rsrp"":-89,""rsrq"":-17,""rssi"":-61,""snr"":null,""ta"":0,""level"":3,""bands"":""5""},{""type"":""LTE"",""pci"":174,""earfcn"":100,""tac"":null,""rsrp"":-90,""rsrq"":-13,""rssi"":-65,""snr"":null,""ta"":0,""level"":3,""bands"":""1""},{""type"":""LTE"",""pci"":107,""earfcn"":2600,""tac"":null,""rsrp"":-90,""rsrq"":-19,""rssi"":-61,""snr"":null,""ta"":0,""level"":3,""bands"":""5""},{""type"":""LTE"",""pci"":111,""earfcn"":2600,""tac"":null,""rsrp"":-92,""rsrq"":-16,""rssi"":-61,""snr"":null,""ta"":0,""level"":3,""bands"":""5""},{""type"":""LTE"",""pci"":174,""earfcn"":3050,""tac"":null,""rsrp"":-93,""rsrq"":-15,""rssi"":-63,""snr"":null,""ta"":0,""level"":3,""bands"":""7""},{""type"":""LTE"",""pci"":107,""earfcn"":3050,""tac"":null,""rsrp"":-94,""rsrq"":-17,""rssi"":-65,""snr"":null,""ta"":0,""level"":3,""bands"":""7""},{""type"":""LTE"",""pci"":298,""earfcn"":3050,""tac"":null,""rsrp"":-94,""rsrq"":-17,""rssi"":-65,""snr"":null,""ta"":0,""level"":3,""bands"":""7""},{""type"":""LTE"",""pci"":305,""earfcn"":100,""tac"":null,""rsrp"":-94,""rsrq"":-15,""rssi"":-65,""snr"":null,""ta"":0,""level"":3,""bands"":""1""},{""type"":""LTE"",""pci"":107,""earfcn"":100,""tac"":null,""rsrp"":-94,""rsrq"":-20,""rssi"":-65,""snr"":null,""ta"":0,""level"":3,""bands"":""1""},{""type"":""LTE"",""pci"":85,""earfcn"":2600,""tac"":null,""rsrp"":-94,""rsrq"":-15,""rssi"":-65,""snr"":null,""ta"":0,""level"":3,""bands"":""5""},{""type"":""LTE"",""pci"":412,""earfcn"":3050,""tac"":null,""rsrp"":-95,""rsrq"":-15,""rssi"":-65,""snr"":null,""ta"":0,""level"":3,""bands"":""7""}]",1009.6445,86,0.459,0.459,97,4,,,,"[{""b"":""1c:ec:72:6b:e7:11"",""s"":""Public WiFi Secure"",""r"":-40,""f"":2412},{""b"":""26:ec:72:6b:e7:11"",""s"":""SEOUL_Secure"",""r"":-40,""f"":2412},{""b"":""22:ec:72:6b:e7:11"",""s"":""Public WiFi Free"",""r"":-41,""f"":2412},{""b"":""22:ec:72:6b:e7:10"",""s"":""Public WiFi Free"",""r"":-42,""f"":5640},{""b"":""1c:ec:72:6b:e7:10"",""s"":""Public WiFi Secure"",""r"":-43,""f"":5640},{""b"":""26:ec:72:6b:e7:10"",""s"":""SEOUL_Secure"",""r"":-43,""f"":5640},{""b"":""2a:d1:3f:18:78:24"",""s"":""SEOUL_Secure"",""r"":-66,""f"":2412},{""b"":""88:3c:1c:3a:4d:29"",""s"":""KT_GiGA_2G_4D25"",""r"":-66,""f"":2447},{""b"":""28:87:ba:4f:c8:70"",""s"":""TP-Link_C870"",""r"":-67,""f"":2437},{""b"":""24:d1:3f:18:78:24"",""s"":""SEOUL"",""r"":-67,""f"":2412},{""b"":""00:07:89:2f:b2:63"",""s"":""olleh_WiFi_B260"",""r"":-67,""f"":2422},{""b"":""00:07:89:c6:3e:99"",""s"":""KT_GiGA_5G_Wave2_3E95"",""r"":-70,""f"":5785},{""b"":""28:4e:e9:53:3b:3e"",""s"":""U+Net3B3F"",""r"":-70,""f"":2412},{""b"":""12:e8:a7:a2:11:54"",""s"":""DIRECT-BMW 87759"",""r"":-70,""f"":2462},{""b"":""58:86:94:46:30:7a"",""s"":""iptime-song"",""r"":-70,""f"":2432}]",""
1790677813574,2026-09-29 19:30:13,car,37.5387825,127.0749296,3.79,0.94,313.0,41.70000076293945,fused,0,LTE,NR_NSA,5G,true,false,true,false,false,52545282,111,3050,7,8282,450,06,-88,-14,-53,,3,0,,,,2389,65148,0.0191,0.5212,2349,65108,0.0188,0.5209,false,15,0,15,-73,85,2600,0.94,false,false,periodic,20,1,1,,5003,,,,"[{""type"":""LTE"",""pci"":85,""earfcn"":2600,""tac"":null,""rsrp"":-73,""rsrq"":-8,""rssi"":-55,""snr"":null,""ta"":0,""level"":4,""bands"":""5""},{""type"":""LTE"",""pci"":111,""earfcn"":2600,""tac"":null,""rsrp"":-81,""rsrq"":-15,""rssi"":-55,""snr"":null,""ta"":0,""level"":4,""bands"":""5""},{""type"":""LTE"",""pci"":298,""earfcn"":100,""tac"":null,""rsrp"":-87,""rsrq"":-14,""rssi"":-63,""snr"":null,""ta"":0,""level"":3,""bands"":""1""},{""type"":""LTE"",""pci"":111,""earfcn"":100,""tac"":null,""rsrp"":-88,""rsrq"":-13,""rssi"":-63,""snr"":null,""ta"":0,""level"":3,""bands"":""1""},{""type"":""LTE"",""pci"":412,""earfcn"":100,""tac"":null,""rsrp"":-88,""rsrq"":-17,""rssi"":-57,""snr"":null,""ta"":0,""level"":3,""bands"":""1""},{""type"":""LTE"",""pci"":298,""earfcn"":3050,""tac"":null,""rsrp"":-90,""rsrq"":-16,""rssi"":-63,""snr"":null,""ta"":0,""level"":3,""bands"":""7""},{""type"":""LTE"",""pci"":305,""earfcn"":3050,""tac"":null,""rsrp"":-90,""rsrq"":-16,""rssi"":-63,""snr"":null,""ta"":0,""level"":3,""bands"":""7""},{""type"":""LTE"",""pci"":174,""earfcn"":100,""tac"":null,""rsrp"":-90,""rsrq"":-17,""rssi"":-63,""snr"":null,""ta"":0,""level"":3,""bands"":""1""},{""type"":""LTE"",""pci"":305,""earfcn"":100,""tac"":null,""rsrp"":-91,""rsrq"":-17,""rssi"":-63,""snr"":null,""ta"":0,""level"":3,""bands"":""1""},{""type"":""LTE"",""pci"":85,""earfcn"":100,""tac"":null,""rsrp"":-91,""rsrq"":-14,""rssi"":-63,""snr"":null,""ta"":0,""level"":3,""bands"":""1""},{""type"":""LTE"",""pci"":107,""earfcn"":100,""tac"":null,""rsrp"":-91,""rsrq"":-14,""rssi"":-63,""snr"":null,""ta"":0,""level"":3,""bands"":""1""},{""type"":""LTE"",""pci"":107,""earfcn"":3050,""tac"":null,""rsrp"":-92,""rsrq"":-17,""rssi"":-65,""snr"":null,""ta"":0,""level"":3,""bands"":""7""},{""type"":""LTE"",""pci"":383,""earfcn"":3050,""tac"":null,""rsrp"":-92,""rsrq"":-17,""rssi"":-63,""snr"":null,""ta"":0,""level"":3,""bands"":""7""},{""type"":""LTE"",""pci"":174,""earfcn"":3050,""tac"":null,""rsrp"":-92,""rsrq"":-17,""rssi"":-63,""snr"":null,""ta"":0,""level"":3,""bands"":""7""},{""type"":""LTE"",""pci"":412,""earfcn"":3050,""tac"":null,""rsrp"":-93,""rsrq"":-19,""rssi"":-63,""snr"":null,""ta"":0,""level"":3,""bands"":""7""}]",1009.57776,213,0.459,0.459,57,3,,,,"[{""b"":""22:ec:72:6b:e7:11"",""s"":""Public WiFi Free"",""r"":-41,""f"":2412},{""b"":""1c:ec:72:6b:e7:11"",""s"":""Public WiFi Secure"",""r"":-42,""f"":2412},{""b"":""26:ec:72:6b:e7:10"",""s"":""SEOUL_Secure"",""r"":-46,""f"":5640},{""b"":""1c:ec:72:6b:e7:10"",""s"":""Public WiFi Secure"",""r"":-46,""f"":5640},{""b"":""22:ec:72:6b:e7:10"",""s"":""Public WiFi Free"",""r"":-46,""f"":5640},{""b"":""58:86:94:46:30:78"",""s"":""iptime-song_5G"",""r"":-68,""f"":5745},{""b"":""0c:96:cd:f8:7d:03"",""s"":""KT_GiGA_7CFF"",""r"":-72,""f"":2447},{""b"":""58:86:94:46:30:7a"",""s"":""iptime-song"",""r"":-75,""f"":2432},{""b"":""58:86:94:60:1a:6e"",""s"":""Yujin222"",""r"":-75,""f"":2412},{""b"":""28:4e:e9:53:3b:3e"",""s"":""U+Net3B3F"",""r"":-76,""f"":2412},{""b"":""1c:ec:72:44:68:1f"",""s"":""KT_GiGA_681C"",""r"":-77,""f"":2457},{""b"":""a2:08:ad:0d:a8:d5"",""s"":""민찬의 S25+"",""r"":-77,""f"":2412},{""b"":""b4:a9:4f:a6:fc:3a"",""s"":""KT_GiGA_FC36"",""r"":-77,""f"":2437},{""b"":""28:87:ba:4f:c8:70"",""s"":""TP-Link_C870"",""r"":-78,""f"":2437},{""b"":""1e:39:29:d5:97:01"",""s"":""[LG_CeilingCassette A\/C]9701"",""r"":-78,""f"":2462}]",""
1790677818603,2026-09-29 19:30:18,car,37.5388042,127.0748461,3.831,1.93,277.0,41.599998474121094,fused,1,LTE,NR_NSA,5G,true,false,true,false,false,52545282,111,3050,7,8282,450,06,-88,-14,-53,,3,0,,,,2183,65138,0.0175,0.5211,2163,65118,0.0173,0.5209,false,15,0,15,-73,85,2600,1.93,false,false,periodic,25,1,0,,10032,,,,"[{""type"":""LTE"",""pci"":85,""earfcn"":2600,""tac"":null,""rsrp"":-73,""rsrq"":-8,""rssi"":-55,""snr"":null,""ta"":0,""level"":4,""bands"":""5""},{""type"":""LTE"",""pci"":111,""earfcn"":2600,""tac"":null,""rsrp"":-81,""rsrq"":-15,""rssi"":-55,""snr"":null,""ta"":0,""level"":4,""bands"":""5""},{""type"":""LTE"",""pci"":298,""earfcn"":100,""tac"":null,""rsrp"":-87,""rsrq"":-14,""rssi"":-63,""snr"":null,""ta"":0,""level"":3,""bands"":""1""},{""type"":""LTE"",""pci"":111,""earfcn"":100,""tac"":null,""rsrp"":-88,""rsrq"":-13,""rssi"":-63,""snr"":null,""ta"":0,""level"":3,""bands"":""1""},{""type"":""LTE"",""pci"":412,""earfcn"":100,""tac"":null,""rsrp"":-88,""rsrq"":-17,""rssi"":-57,""snr"":null,""ta"":0,""level"":3,""bands"":""1""},{""type"":""LTE"",""pci"":298,""earfcn"":3050,""tac"":null,""rsrp"":-90,""rsrq"":-16,""rssi"":-63,""snr"":null,""ta"":0,""level"":3,""bands"":""7""},{""type"":""LTE"",""pci"":305,""earfcn"":3050,""tac"":null,""rsrp"":-90,""rsrq"":-16,""rssi"":-63,""snr"":null,""ta"":0,""level"":3,""bands"":""7""},{""type"":""LTE"",""pci"":174,""earfcn"":100,""tac"":null,""rsrp"":-90,""rsrq"":-17,""rssi"":-63,""snr"":null,""ta"":0,""level"":3,""bands"":""1""},{""type"":""LTE"",""pci"":305,""earfcn"":100,""tac"":null,""rsrp"":-91,""rsrq"":-17,""rssi"":-63,""snr"":null,""ta"":0,""level"":3,""bands"":""1""},{""type"":""LTE"",""pci"":85,""earfcn"":100,""tac"":null,""rsrp"":-91,""rsrq"":-14,""rssi"":-63,""snr"":null,""ta"":0,""level"":3,""bands"":""1""},{""type"":""LTE"",""pci"":107,""earfcn"":100,""tac"":null,""rsrp"":-91,""rsrq"":-14,""rssi"":-63,""snr"":null,""ta"":0,""level"":3,""bands"":""1""},{""type"":""LTE"",""pci"":107,""earfcn"":3050,""tac"":null,""rsrp"":-92,""rsrq"":-17,""rssi"":-65,""snr"":null,""ta"":0,""level"":3,""bands"":""7""},{""type"":""LTE"",""pci"":383,""earfcn"":3050,""tac"":null,""rsrp"":-92,""rsrq"":-17,""rssi"":-63,""snr"":null,""ta"":0,""level"":3,""bands"":""7""},{""type"":""LTE"",""pci"":174,""earfcn"":3050,""tac"":null,""rsrp"":-92,""rsrq"":-17,""rssi"":-63,""snr"":null,""ta"":0,""level"":3,""bands"":""7""},{""type"":""LTE"",""pci"":412,""earfcn"":3050,""tac"":null,""rsrp"":-93,""rsrq"":-19,""rssi"":-63,""snr"":null,""ta"":0,""level"":3,""bands"":""7""}]",1009.4819,55,0.459,0.459,79,5,,,,"[{""b"":""26:ec:72:6b:e7:11"",""s"":""SEOUL_Secure"",""r"":-47,""f"":2412},{""b"":""26:ec:72:6b:e7:10"",""s"":""SEOUL_Secure"",""r"":-47,""f"":5640},{""b"":""1c:ec:72:6b:e7:11"",""s"":""Public WiFi Secure"",""r"":-47,""f"":2412},{""b"":""1c:ec:72:6b:e7:10"",""s"":""Public WiFi Secure"",""r"":-47,""f"":5640},{""b"":""22:ec:72:6b:e7:10"",""s"":""Public WiFi Free"",""r"":-47,""f"":5640},{""b"":""22:ec:72:6b:e7:11"",""s"":""Public WiFi Free"",""r"":-47,""f"":2412},{""b"":""1e:ec:72:6b:e7:0f"",""s"":""Public WiFi Secure"",""r"":-65,""f"":6115},{""b"":""1e:ec:72:6b:e7:00"",""s"":""Public WiFi Free"",""r"":-66,""f"":6115},{""b"":""1e:ec:72:6b:e7:01"",""s"":""SEOUL_Secure"",""r"":-66,""f"":6115},{""b"":""58:86:94:46:30:78"",""s"":""iptime-song_5G"",""r"":-69,""f"":5745},{""b"":""58:86:94:46:30:7a"",""s"":""iptime-song"",""r"":-70,""f"":2432},{""b"":""0c:96:cd:f8:7d:03"",""s"":""KT_GiGA_7CFF"",""r"":-71,""f"":2447},{""b"":""a6:36:c7:0b:3d:ed"",""s"":""[LG_Wall-Mount A\/C]3ded"",""r"":-72,""f"":2462},{""b"":""ea:46:ee:26:9a:dd"",""s"":"""",""r"":-73,""f"":2437},{""b"":""b4:a9:4f:a6:fc:3a"",""s"":""KT_GiGA_FC36"",""r"":-74,""f"":2437}]",""
1790677823634,2026-09-29 19:30:23,car,37.5387364,127.0747458,10.552,1.9969683,195.18811,41.70000076293945,fused,0,LTE,NR_NSA,5G,true,false,true,false,false,52545281,305,3050,7,8282,450,06,-84,-14,-51,,4,1,,,,2134,65421,0.0171,0.5234,2114,65401,0.0169,0.5232,false,12,0,12,-71,298,2600,1.9969683,true,false,periodic,0,1,,,5005,52545282,-88,-14,"[{""type"":""LTE"",""pci"":298,""earfcn"":2600,""tac"":null,""rsrp"":-71,""rsrq"":-16,""rssi"":-51,""snr"":null,""ta"":1,""level"":4,""bands"":""5""},{""type"":""LTE"",""pci"":85,""earfcn"":2600,""tac"":null,""rsrp"":-72,""rsrq"":-16,""rssi"":-51,""snr"":null,""ta"":1,""level"":4,""bands"":""5""},{""type"":""LTE"",""pci"":111,""earfcn"":2600,""tac"":null,""rsrp"":-74,""rsrq"":-18,""rssi"":-51,""snr"":null,""ta"":1,""level"":4,""bands"":""5""},{""type"":""LTE"",""pci"":305,""earfcn"":2600,""tac"":null,""rsrp"":-75,""rsrq"":-18,""rssi"":-51,""snr"":null,""ta"":1,""level"":4,""bands"":""5""},{""type"":""LTE"",""pci"":174,""earfcn"":2600,""tac"":null,""rsrp"":-75,""rsrq"":-17,""rssi"":-51,""snr"":null,""ta"":1,""level"":4,""bands"":""5""},{""type"":""LTE"",""pci"":305,""earfcn"":100,""tac"":null,""rsrp"":-80,""rsrq"":-17,""rssi"":-53,""snr"":null,""ta"":1,""level"":4,""bands"":""1""},{""type"":""LTE"",""pci"":298,""earfcn"":100,""tac"":null,""rsrp"":-81,""rsrq"":-16,""rssi"":-51,""snr"":null,""ta"":1,""level"":4,""bands"":""1""},{""type"":""LTE"",""pci"":174,""earfcn"":100,""tac"":null,""rsrp"":-83,""rsrq"":-20,""rssi"":-53,""snr"":null,""ta"":1,""level"":4,""bands"":""1""},{""type"":""LTE"",""pci"":298,""earfcn"":3050,""tac"":null,""rsrp"":-86,""rsrq"":-15,""rssi"":-61,""snr"":null,""ta"":1,""level"":3,""bands"":""7""},{""type"":""LTE"",""pci"":111,""earfcn"":3050,""tac"":null,""rsrp"":-87,""rsrq"":-16,""rssi"":-61,""snr"":null,""ta"":1,""level"":3,""bands"":""7""},{""type"":""LTE"",""pci"":85,""earfcn"":100,""tac"":null,""rsrp"":-87,""rsrq"":-20,""rssi"":-57,""snr"":null,""ta"":1,""level"":3,""bands"":""1""},{""type"":""LTE"",""pci"":174,""earfcn"":3050,""tac"":null,""rsrp"":-89,""rsrq"":-16,""rssi"":-61,""snr"":null,""ta"":1,""level"":3,""bands"":""7""}]",1009.58026,74,0.459,0.459,84,1,,,,"[{""b"":""26:ec:72:6b:e7:10"",""s"":""SEOUL_Secure"",""r"":-53,""f"":5640},{""b"":""22:ec:72:6b:e7:10"",""s"":""Public WiFi Free"",""r"":-53,""f"":5640},{""b"":""1c:ec:72:6b:e7:10"",""s"":""Public WiFi Secure"",""r"":-55,""f"":5640},{""b"":""1c:ec:72:6b:e7:11"",""s"":""Public WiFi Secure"",""r"":-56,""f"":2412},{""b"":""22:ec:72:6b:e7:11"",""s"":""Public WiFi Free"",""r"":-57,""f"":2412},{""b"":""6e:5a:b0:51:b0:8c"",""s"":"""",""r"":-62,""f"":5785},{""b"":""28:4e:e9:53:3b:3e"",""s"":""U+Net3B3F"",""r"":-62,""f"":2412},{""b"":""6e:5a:b0:21:b0:8c"",""s"":"""",""r"":-65,""f"":2442},{""b"":""6c:5a:b0:01:b0:8c"",""s"":"""",""r"":-68,""f"":2442},{""b"":""32:4e:e9:53:3b:3d"",""s"":"""",""r"":-70,""f"":5180},{""b"":""1e:39:29:d5:79:8b"",""s"":""[LG_CeilingCassette A\/C]798b"",""r"":-71,""f"":2462},{""b"":""28:4e:e9:53:3b:3d"",""s"":""U+Net3B3F_5G"",""r"":-71,""f"":5180},{""b"":""60:29:d5:9a:27:5e"",""s"":""KT_GiGA_275A"",""r"":-72,""f"":2452},{""b"":""a8:ca:b9:02:8e:0e"",""s"":""KONKUK-GUEST"",""r"":-73,""f"":2472},{""b"":""b0:38:6c:02:a3:a4"",""s"":""iptime_157"",""r"":-73,""f"":2457}]","[{""type"":""LTE"",""pci"":85,""earfcn"":2600,""tac"":null,""rsrp"":-73,""rsrq"":-8,""rssi"":-55,""snr"":null,""ta"":0,""level"":4,""bands"":""5""},{""type"":""LTE"",""pci"":111,""earfcn"":2600,""tac"":null,""rsrp"":-81,""rsrq"":-15,""rssi"":-55,""snr"":null,""ta"":0,""level"":4,""bands"":""5""},{""type"":""LTE"",""pci"":298,""earfcn"":100,""tac"":null,""rsrp"":-87,""rsrq"":-14,""rssi"":-63,""snr"":null,""ta"":0,""level"":3,""bands"":""1""},{""type"":""LTE"",""pci"":111,""earfcn"":100,""tac"":null,""rsrp"":-88,""rsrq"":-13,""rssi"":-63,""snr"":null,""ta"":0,""level"":3,""bands"":""1""},{""type"":""LTE"",""pci"":412,""earfcn"":100,""tac"":null,""rsrp"":-88,""rsrq"":-17,""rssi"":-57,""snr"":null,""ta"":0,""level"":3,""bands"":""1""},{""type"":""LTE"",""pci"":298,""earfcn"":3050,""tac"":null,""rsrp"":-90,""rsrq"":-16,""rssi"":-63,""snr"":null,""ta"":0,""level"":3,""bands"":""7""},{""type"":""LTE"",""pci"":305,""earfcn"":3050,""tac"":null,""rsrp"":-90,""rsrq"":-16,""rssi"":-63,""snr"":null,""ta"":0,""level"":3,""bands"":""7""},{""type"":""LTE"",""pci"":174,""earfcn"":100,""tac"":null,""rsrp"":-90,""rsrq"":-17,""rssi"":-63,""snr"":null,""ta"":0,""level"":3,""bands"":""1""},{""type"":""LTE"",""pci"":305,""earfcn"":100,""tac"":null,""rsrp"":-91,""rsrq"":-17,""rssi"":-63,""snr"":null,""ta"":0,""level"":3,""bands"":""1""},{""type"":""LTE"",""pci"":85,""earfcn"":100,""tac"":null,""rsrp"":-91,""rsrq"":-14,""rssi"":-63,""snr"":null,""ta"":0,""level"":3,""bands"":""1""},{""type"":""LTE"",""pci"":107,""earfcn"":100,""tac"":null,""rsrp"":-91,""rsrq"":-14,""rssi"":-63,""snr"":null,""ta"":0,""level"":3,""bands"":""1""},{""type"":""LTE"",""pci"":107,""earfcn"":3050,""tac"":null,""rsrp"":-92,""rsrq"":-17,""rssi"":-65,""snr"":null,""ta"":0,""level"":3,""bands"":""7""},{""type"":""LTE"",""pci"":383,""earfcn"":3050,""tac"":null,""rsrp"":-92,""rsrq"":-17,""rssi"":-63,""snr"":null,""ta"":0,""level"":3,""bands"":""7""},{""type"":""LTE"",""pci"":174,""earfcn"":3050,""tac"":null,""rsrp"":-92,""rsrq"":-17,""rssi"":-63,""snr"":null,""ta"":0,""level"":3,""bands"":""7""},{""type"":""LTE"",""pci"":412,""earfcn"":3050,""tac"":null,""rsrp"":-93,""rsrq"":-19,""rssi"":-63,""snr"":null,""ta"":0,""level"":3,""bands"":""7""}]"
1790677828664,2026-09-29 19:30:28,car,37.5386903,127.0746724,10.113,2.2714918,229.17729,41.70000076293945,fused,0,LTE,NR_NSA,5G,true,false,true,false,false,52545281,305,3050,7,8282,450,06,-84,-14,-51,,4,1,,,,2305,65211,0.0184,0.5217,2285,65192,0.0183,0.5215,false,12,0,12,-71,298,2600,2.2714918,false,false,periodic,5,1,0,,10034,,,,"[{""type"":""LTE"",""pci"":298,""earfcn"":2600,""tac"":null,""rsrp"":-71,""rsrq"":-16,""rssi"":-51,""snr"":null,""ta"":1,""level"":4,""bands"":""5""},{""type"":""LTE"",""pci"":85,""earfcn"":2600,""tac"":null,""rsrp"":-72,""rsrq"":-16,""rssi"":-51,""snr"":null,""ta"":1,""level"":4,""bands"":""5""},{""type"":""LTE"",""pci"":111,""earfcn"":2600,""tac"":null,""rsrp"":-74,""rsrq"":-18,""rssi"":-51,""snr"":null,""ta"":1,""level"":4,""bands"":""5""},{""type"":""LTE"",""pci"":305,""earfcn"":2600,""tac"":null,""rsrp"":-75,""rsrq"":-18,""rssi"":-51,""snr"":null,""ta"":1,""level"":4,""bands"":""5""},{""type"":""LTE"",""pci"":174,""earfcn"":2600,""tac"":null,""rsrp"":-75,""rsrq"":-17,""rssi"":-51,""snr"":null,""ta"":1,""level"":4,""bands"":""5""},{""type"":""LTE"",""pci"":305,""earfcn"":100,""tac"":null,""rsrp"":-80,""rsrq"":-17,""rssi"":-53,""snr"":null,""ta"":1,""level"":4,""bands"":""1""},{""type"":""LTE"",""pci"":298,""earfcn"":100,""tac"":null,""rsrp"":-81,""rsrq"":-16,""rssi"":-51,""snr"":null,""ta"":1,""level"":4,""bands"":""1""},{""type"":""LTE"",""pci"":174,""earfcn"":100,""tac"":null,""rsrp"":-83,""rsrq"":-20,""rssi"":-53,""snr"":null,""ta"":1,""level"":4,""bands"":""1""},{""type"":""LTE"",""pci"":298,""earfcn"":3050,""tac"":null,""rsrp"":-86,""rsrq"":-15,""rssi"":-61,""snr"":null,""ta"":1,""level"":3,""bands"":""7""},{""type"":""LTE"",""pci"":111,""earfcn"":3050,""tac"":null,""rsrp"":-87,""rsrq"":-16,""rssi"":-61,""snr"":null,""ta"":1,""level"":3,""bands"":""7""},{""type"":""LTE"",""pci"":85,""earfcn"":100,""tac"":null,""rsrp"":-87,""rsrq"":-20,""rssi"":-57,""snr"":null,""ta"":1,""level"":3,""bands"":""1""},{""type"":""LTE"",""pci"":174,""earfcn"":3050,""tac"":null,""rsrp"":-89,""rsrq"":-16,""rssi"":-61,""snr"":null,""ta"":1,""level"":3,""bands"":""7""}]",1009.53076,54,0.473,0.524,84,6,,,,"[{""b"":""26:ec:72:6b:e7:10"",""s"":""SEOUL_Secure"",""r"":-53,""f"":5640},{""b"":""22:ec:72:6b:e7:10"",""s"":""Public WiFi Free"",""r"":-53,""f"":5640},{""b"":""1c:ec:72:6b:e7:10"",""s"":""Public WiFi Secure"",""r"":-55,""f"":5640},{""b"":""1c:ec:72:6b:e7:11"",""s"":""Public WiFi Secure"",""r"":-56,""f"":2412},{""b"":""22:ec:72:6b:e7:11"",""s"":""Public WiFi Free"",""r"":-57,""f"":2412},{""b"":""6e:5a:b0:51:b0:8c"",""s"":"""",""r"":-62,""f"":5785},{""b"":""28:4e:e9:53:3b:3e"",""s"":""U+Net3B3F"",""r"":-62,""f"":2412},{""b"":""6e:5a:b0:21:b0:8c"",""s"":"""",""r"":-65,""f"":2442},{""b"":""6c:5a:b0:01:b0:8c"",""s"":"""",""r"":-68,""f"":2442},{""b"":""32:4e:e9:53:3b:3d"",""s"":"""",""r"":-70,""f"":5180},{""b"":""1e:39:29:d5:79:8b"",""s"":""[LG_CeilingCassette A\/C]798b"",""r"":-71,""f"":2462},{""b"":""28:4e:e9:53:3b:3d"",""s"":""U+Net3B3F_5G"",""r"":-71,""f"":5180},{""b"":""60:29:d5:9a:27:5e"",""s"":""KT_GiGA_275A"",""r"":-72,""f"":2452},{""b"":""a8:ca:b9:02:8e:0e"",""s"":""KONKUK-GUEST"",""r"":-73,""f"":2472},{""b"":""b0:38:6c:02:a3:a4"",""s"":""iptime_157"",""r"":-73,""f"":2457}]",""
1790677833695,2026-09-29 19:30:33,car,37.538636,127.0745511,8.755,1.9605848,217.40456,41.89999771118164,fused,0,LTE,NR_NSA,5G,true,false,true,false,false,52545282,111,3050,7,8282,450,06,-58,-11,-51,,4,0,,,,2100,65150,0.0168,0.5212,2061,65111,0.0165,0.5209,false,15,0,15,-65,298,3050,1.9605848,true,true,periodic,0,2,,,4998,52545281,-84,-14,"[{""type"":""LTE"",""pci"":298,""earfcn"":3050,""tac"":null,""rsrp"":-65,""rsrq"":-20,""rssi"":-51,""snr"":null,""ta"":0,""level"":4,""bands"":""7""},{""type"":""LTE"",""pci"":111,""earfcn"":2600,""tac"":null,""rsrp"":-65,""rsrq"":-7,""rssi"":-51,""snr"":null,""ta"":0,""level"":4,""bands"":""5""},{""type"":""LTE"",""pci"":180,""earfcn"":3050,""tac"":null,""rsrp"":-69,""rsrq"":-20,""rssi"":-51,""snr"":null,""ta"":0,""level"":4,""bands"":""7""},{""type"":""LTE"",""pci"":111,""earfcn"":100,""tac"":null,""rsrp"":-71,""rsrq"":-14,""rssi"":-51,""snr"":null,""ta"":0,""level"":4,""bands"":""1""},{""type"":""LTE"",""pci"":85,""earfcn"":100,""tac"":null,""rsrp"":-72,""rsrq"":-19,""rssi"":-51,""snr"":null,""ta"":0,""level"":4,""bands"":""1""},{""type"":""LTE"",""pci"":305,""earfcn"":3050,""tac"":null,""rsrp"":-74,""rsrq"":-18,""rssi"":-51,""snr"":null,""ta"":0,""level"":4,""bands"":""7""},{""type"":""LTE"",""pci"":107,""earfcn"":3050,""tac"":null,""rsrp"":-75,""rsrq"":-18,""rssi"":-51,""snr"":null,""ta"":0,""level"":4,""bands"":""7""},{""type"":""LTE"",""pci"":174,""earfcn"":2600,""tac"":null,""rsrp"":-75,""rsrq"":-17,""rssi"":-51,""snr"":null,""ta"":0,""level"":4,""bands"":""5""},{""type"":""LTE"",""pci"":305,""earfcn"":100,""tac"":null,""rsrp"":-78,""rsrq"":-19,""rssi"":-51,""snr"":null,""ta"":0,""level"":4,""bands"":""1""},{""type"":""LTE"",""pci"":107,""earfcn"":100,""tac"":null,""rsrp"":-78,""rsrq"":-20,""rssi"":-51,""snr"":null,""ta"":0,""level"":4,""bands"":""1""},{""type"":""LTE"",""pci"":305,""earfcn"":2600,""tac"":null,""rsrp"":-79,""rsrq"":-20,""rssi"":-51,""snr"":null,""ta"":0,""level"":4,""bands"":""5""},{""type"":""LTE"",""pci"":174,""earfcn"":100,""tac"":null,""rsrp"":-81,""rsrq"":-20,""rssi"":-51,""snr"":null,""ta"":0,""level"":4,""bands"":""1""},{""type"":""LTE"",""pci"":107,""earfcn"":2600,""tac"":null,""rsrp"":-82,""rsrq"":-20,""rssi"":-51,""snr"":null,""ta"":0,""level"":4,""bands"":""5""},{""type"":""LTE"",""pci"":298,""earfcn"":100,""tac"":null,""rsrp"":-86,""rsrq"":-19,""rssi"":-57,""snr"":null,""ta"":0,""level"":3,""bands"":""1""},{""type"":""LTE"",""pci"":298,""earfcn"":2600,""tac"":null,""rsrp"":-87,""rsrq"":-20,""rssi"":-51,""snr"":null,""ta"":0,""level"":3,""bands"":""5""}]",1009.582,50,0.524,0.524,74,1,,,,"[{""b"":""38:f4:5e:23:db:3b"",""s"":""SK_DB38_2.4G"",""r"":-60,""f"":2417},{""b"":""b4:a9:4f:a6:fc:3a"",""s"":""KT_GiGA_FC36"",""r"":-64,""f"":2437},{""b"":""1c:ec:72:6b:e7:11"",""s"":""Public WiFi Secure"",""r"":-66,""f"":2412},{""b"":""00:07:89:2f:b2:64"",""s"":""olleh_GiGA_WiFi_B260"",""r"":-66,""f"":5745},{""b"":""1c:ec:72:6b:e7:10"",""s"":""Public WiFi Secure"",""r"":-67,""f"":5640},{""b"":""22:ec:72:6b:e7:10"",""s"":""Public WiFi Free"",""r"":-67,""f"":5640},{""b"":""26:ec:72:6b:e7:10"",""s"":""SEOUL_Secure"",""r"":-68,""f"":5640},{""b"":""1e:39:29:d5:97:0d"",""s"":""[LG_CeilingCassette A\/C]970d"",""r"":-68,""f"":2462},{""b"":""22:ec:72:6b:e7:11"",""s"":""Public WiFi Free"",""r"":-68,""f"":2412},{""b"":""38:f4:5e:23:db:3a"",""s"":""SK_DB38_5G"",""r"":-69,""f"":5765},{""b"":""60:29:d5:1b:11:46"",""s"":""KT_GiGA_2G_Wave2_1142"",""r"":-69,""f"":2437},{""b"":""88:36:6c:b2:53:dc"",""s"":""KBERI"",""r"":-70,""f"":2462},{""b"":""88:36:6c:2f:45:e2"",""s"":""Davis"",""r"":-71,""f"":2417},{""b"":""1e:39:29:85:1c:ce"",""s"":""[LG_AirPurifier]1cce"",""r"":-72,""f"":2462},{""b"":""60:29:d5:9a:27:5e"",""s"":""KT_GiGA_275A"",""r"":-72,""f"":2452}]","[{""type"":""LTE"",""pci"":298,""earfcn"":2600,""tac"":null,""rsrp"":-71,""rsrq"":-16,""rssi"":-51,""snr"":null,""ta"":1,""level"":4,""bands"":""5""},{""type"":""LTE"",""pci"":85,""earfcn"":2600,""tac"":null,""rsrp"":-72,""rsrq"":-16,""rssi"":-51,""snr"":null,""ta"":1,""level"":4,""bands"":""5""},{""type"":""LTE"",""pci"":111,""earfcn"":2600,""tac"":null,""rsrp"":-74,""rsrq"":-18,""rssi"":-51,""snr"":null,""ta"":1,""level"":4,""bands"":""5""},{""type"":""LTE"",""pci"":305,""earfcn"":2600,""tac"":null,""rsrp"":-75,""rsrq"":-18,""rssi"":-51,""snr"":null,""ta"":1,""level"":4,""bands"":""5""},{""type"":""LTE"",""pci"":174,""earfcn"":2600,""tac"":null,""rsrp"":-75,""rsrq"":-17,""rssi"":-51,""snr"":null,""ta"":1,""level"":4,""bands"":""5""},{""type"":""LTE"",""pci"":305,""earfcn"":100,""tac"":null,""rsrp"":-80,""rsrq"":-17,""rssi"":-53,""snr"":null,""ta"":1,""level"":4,""bands"":""1""},{""type"":""LTE"",""pci"":298,""earfcn"":100,""tac"":null,""rsrp"":-81,""rsrq"":-16,""rssi"":-51,""snr"":null,""ta"":1,""level"":4,""bands"":""1""},{""type"":""LTE"",""pci"":174,""earfcn"":100,""tac"":null,""rsrp"":-83,""rsrq"":-20,""rssi"":-53,""snr"":null,""ta"":1,""level"":4,""bands"":""1""},{""type"":""LTE"",""pci"":298,""earfcn"":3050,""tac"":null,""rsrp"":-86,""rsrq"":-15,""rssi"":-61,""snr"":null,""ta"":1,""level"":3,""bands"":""7""},{""type"":""LTE"",""pci"":111,""earfcn"":3050,""tac"":null,""rsrp"":-87,""rsrq"":-16,""rssi"":-61,""snr"":null,""ta"":1,""level"":3,""bands"":""7""},{""type"":""LTE"",""pci"":85,""earfcn"":100,""tac"":null,""rsrp"":-87,""rsrq"":-20,""rssi"":-57,""snr"":null,""ta"":1,""level"":3,""bands"":""1""},{""type"":""LTE"",""pci"":174,""earfcn"":3050,""tac"":null,""rsrp"":-89,""rsrq"":-16,""rssi"":-61,""snr"":null,""ta"":1,""level"":3,""bands"":""7""}]"
1790677838709,2026-09-29 19:30:38,car,37.5386066,127.0745357,7.488,0.6690993,261.57233,41.89999771118164,fused,1,LTE,NR_NSA,5G,true,false,true,false,false,52545282,111,3050,7,8282,450,06,-58,-11,-51,,4,0,,,,1986,63573,0.0159,0.5086,1966,63554,0.0157,0.5084,false,15,0,15,-65,298,3050,0.6690993,false,false,periodic,5,2,0,,10013,,,,"[{""type"":""LTE"",""pci"":298,""earfcn"":3050,""tac"":null,""rsrp"":-65,""rsrq"":-20,""rssi"":-51,""snr"":null,""ta"":0,""level"":4,""bands"":""7""},{""type"":""LTE"",""pci"":111,""earfcn"":2600,""tac"":null,""rsrp"":-65,""rsrq"":-7,""rssi"":-51,""snr"":null,""ta"":0,""level"":4,""bands"":""5""},{""type"":""LTE"",""pci"":180,""earfcn"":3050,""tac"":null,""rsrp"":-69,""rsrq"":-20,""rssi"":-51,""snr"":null,""ta"":0,""level"":4,""bands"":""7""},{""type"":""LTE"",""pci"":111,""earfcn"":100,""tac"":null,""rsrp"":-71,""rsrq"":-14,""rssi"":-51,""snr"":null,""ta"":0,""level"":4,""bands"":""1""},{""type"":""LTE"",""pci"":85,""earfcn"":100,""tac"":null,""rsrp"":-72,""rsrq"":-19,""rssi"":-51,""snr"":null,""ta"":0,""level"":4,""bands"":""1""},{""type"":""LTE"",""pci"":305,""earfcn"":3050,""tac"":null,""rsrp"":-74,""rsrq"":-18,""rssi"":-51,""snr"":null,""ta"":0,""level"":4,""bands"":""7""},{""type"":""LTE"",""pci"":107,""earfcn"":3050,""tac"":null,""rsrp"":-75,""rsrq"":-18,""rssi"":-51,""snr"":null,""ta"":0,""level"":4,""bands"":""7""},{""type"":""LTE"",""pci"":174,""earfcn"":2600,""tac"":null,""rsrp"":-75,""rsrq"":-17,""rssi"":-51,""snr"":null,""ta"":0,""level"":4,""bands"":""5""},{""type"":""LTE"",""pci"":305,""earfcn"":100,""tac"":null,""rsrp"":-78,""rsrq"":-19,""rssi"":-51,""snr"":null,""ta"":0,""level"":4,""bands"":""1""},{""type"":""LTE"",""pci"":107,""earfcn"":100,""tac"":null,""rsrp"":-78,""rsrq"":-20,""rssi"":-51,""snr"":null,""ta"":0,""level"":4,""bands"":""1""},{""type"":""LTE"",""pci"":305,""earfcn"":2600,""tac"":null,""rsrp"":-79,""rsrq"":-20,""rssi"":-51,""snr"":null,""ta"":0,""level"":4,""bands"":""5""},{""type"":""LTE"",""pci"":174,""earfcn"":100,""tac"":null,""rsrp"":-81,""rsrq"":-20,""rssi"":-51,""snr"":null,""ta"":0,""level"":4,""bands"":""1""},{""type"":""LTE"",""pci"":107,""earfcn"":2600,""tac"":null,""rsrp"":-82,""rsrq"":-20,""rssi"":-51,""snr"":null,""ta"":0,""level"":4,""bands"":""5""},{""type"":""LTE"",""pci"":298,""earfcn"":100,""tac"":null,""rsrp"":-86,""rsrq"":-19,""rssi"":-57,""snr"":null,""ta"":0,""level"":3,""bands"":""1""},{""type"":""LTE"",""pci"":298,""earfcn"":2600,""tac"":null,""rsrp"":-87,""rsrq"":-20,""rssi"":-51,""snr"":null,""ta"":0,""level"":3,""bands"":""5""}]",1009.6491,72,0.524,0.459,74,6,,,,"[{""b"":""38:f4:5e:23:db:3b"",""s"":""SK_DB38_2.4G"",""r"":-60,""f"":2417},{""b"":""b4:a9:4f:a6:fc:3a"",""s"":""KT_GiGA_FC36"",""r"":-64,""f"":2437},{""b"":""1c:ec:72:6b:e7:11"",""s"":""Public WiFi Secure"",""r"":-66,""f"":2412},{""b"":""00:07:89:2f:b2:64"",""s"":""olleh_GiGA_WiFi_B260"",""r"":-66,""f"":5745},{""b"":""1c:ec:72:6b:e7:10"",""s"":""Public WiFi Secure"",""r"":-67,""f"":5640},{""b"":""22:ec:72:6b:e7:10"",""s"":""Public WiFi Free"",""r"":-67,""f"":5640},{""b"":""26:ec:72:6b:e7:10"",""s"":""SEOUL_Secure"",""r"":-68,""f"":5640},{""b"":""1e:39:29:d5:97:0d"",""s"":""[LG_CeilingCassette A\/C]970d"",""r"":-68,""f"":2462},{""b"":""22:ec:72:6b:e7:11"",""s"":""Public WiFi Free"",""r"":-68,""f"":2412},{""b"":""38:f4:5e:23:db:3a"",""s"":""SK_DB38_5G"",""r"":-69,""f"":5765},{""b"":""60:29:d5:1b:11:46"",""s"":""KT_GiGA_2G_Wave2_1142"",""r"":-69,""f"":2437},{""b"":""88:36:6c:b2:53:dc"",""s"":""KBERI"",""r"":-70,""f"":2462},{""b"":""88:36:6c:2f:45:e2"",""s"":""Davis"",""r"":-71,""f"":2417},{""b"":""1e:39:29:85:1c:ce"",""s"":""[LG_AirPurifier]1cce"",""r"":-72,""f"":2462},{""b"":""60:29:d5:9a:27:5e"",""s"":""KT_GiGA_275A"",""r"":-72,""f"":2452}]",""
1790677843737,2026-09-29 19:30:43,car,37.5386049,127.0745661,3.634,0.05995484,,41.70000076293945,fused,0,LTE,NR_NSA,5G,true,false,true,false,false,52545282,111,3050,7,8282,450,06,-76,-13,-51,,4,0,,,,2244,65208,0.0180,0.5217,2224,65188,0.0178,0.5215,false,10,0,10,-79,305,3050,0.0065865144,false,false,periodic,10,2,-18,,4998,,,,"[{""type"":""LTE"",""pci"":305,""earfcn"":3050,""tac"":null,""rsrp"":-79,""rsrq"":-16,""rssi"":-51,""snr"":null,""ta"":0,""level"":4,""bands"":""7""},{""type"":""LTE"",""pci"":111,""earfcn"":100,""tac"":null,""rsrp"":-79,""rsrq"":-16,""rssi"":-53,""snr"":null,""ta"":0,""level"":4,""bands"":""1""},{""type"":""LTE"",""pci"":305,""earfcn"":100,""tac"":null,""rsrp"":-80,""rsrq"":-16,""rssi"":-53,""snr"":null,""ta"":0,""level"":4,""bands"":""1""},{""type"":""LTE"",""pci"":111,""earfcn"":2600,""tac"":null,""rsrp"":-80,""rsrq"":-16,""rssi"":-55,""snr"":null,""ta"":0,""level"":4,""bands"":""5""},{""type"":""LTE"",""pci"":305,""earfcn"":2600,""tac"":null,""rsrp"":-81,""rsrq"":-17,""rssi"":-55,""snr"":null,""ta"":0,""level"":4,""bands"":""5""},{""type"":""LTE"",""pci"":298,""earfcn"":100,""tac"":null,""rsrp"":-82,""rsrq"":-17,""rssi"":-53,""snr"":null,""ta"":0,""level"":4,""bands"":""1""},{""type"":""LTE"",""pci"":107,""earfcn"":3050,""tac"":null,""rsrp"":-83,""rsrq"":-20,""rssi"":-53,""snr"":null,""ta"":0,""level"":4,""bands"":""7""},{""type"":""LTE"",""pci"":107,""earfcn"":100,""tac"":null,""rsrp"":-83,""rsrq"":-17,""rssi"":-55,""snr"":null,""ta"":0,""level"":4,""bands"":""1""},{""type"":""LTE"",""pci"":85,""earfcn"":100,""tac"":null,""rsrp"":-84,""rsrq"":-20,""rssi"":-53,""snr"":null,""ta"":0,""level"":4,""bands"":""1""},{""type"":""LTE"",""pci"":107,""earfcn"":2600,""tac"":null,""rsrp"":-90,""rsrq"":-20,""rssi"":-59,""snr"":null,""ta"":0,""level"":3,""bands"":""5""}]",1009.6555,51,0.459,0.459,73,0,,,,"[{""b"":""a2:08:ad:0d:a8:d5"",""s"":""민찬의 S25+"",""r"":-44,""f"":2412},{""b"":""38:f4:5e:23:db:3b"",""s"":""SK_DB38_2.4G"",""r"":-57,""f"":2417},{""b"":""6c:5a:b0:01:b0:8c"",""s"":"""",""r"":-59,""f"":2442},{""b"":""6e:5a:b0:21:b0:8c"",""s"":"""",""r"":-62,""f"":2442},{""b"":""28:4e:e9:53:3b:3e"",""s"":""U+Net3B3F"",""r"":-63,""f"":2412},{""b"":""b4:a9:4f:a6:fc:3a"",""s"":""KT_GiGA_FC36"",""r"":-63,""f"":2437},{""b"":""58:86:94:38:ff:aa"",""s"":""paikscoffee"",""r"":-63,""f"":2437},{""b"":""6c:5a:b0:01:b0:8e"",""s"":"""",""r"":-65,""f"":5785},{""b"":""6e:5a:b0:51:b0:8c"",""s"":"""",""r"":-65,""f"":5785},{""b"":""c6:a9:4f:a6:fc:39"",""s"":"""",""r"":-65,""f"":5765},{""b"":""b4:a9:4f:a6:fc:39"",""s"":""KT_GiGA_5G_FC36"",""r"":-66,""f"":5765},{""b"":""90:de:80:21:61:30"",""s"":""GNET_BB_5WAY_216130"",""r"":-66,""f"":2457},{""b"":""00:07:89:2f:b2:64"",""s"":""olleh_GiGA_WiFi_B260"",""r"":-66,""f"":5745},{""b"":""c6:6e:1f:85:ff:10"",""s"":""paris-staff"",""r"":-67,""f"":2462},{""b"":""28:ac:67:0b:95:04"",""s"":""NEXT-606N"",""r"":-69,""f"":2412}]",""
1790677848752,2026-09-29 19:30:48,car,37.5386043,127.0745677,3.384,0.087006845,,41.70000076293945,fused,1,LTE,NR_NSA,5G,true,false,true,false,false,52545282,111,3050,7,8282,450,06,-76,-13,-51,,4,0,,,,2157,65324,0.0173,0.5226,2137,65304,0.0171,0.5224,false,10,0,10,-79,305,3050,1.7245585,false,false,periodic,15,2,0,,10016,,,,"[{""type"":""LTE"",""pci"":305,""earfcn"":3050,""tac"":null,""rsrp"":-79,""rsrq"":-16,""rssi"":-51,""snr"":null,""ta"":0,""level"":4,""bands"":""7""},{""type"":""LTE"",""pci"":111,""earfcn"":100,""tac"":null,""rsrp"":-79,""rsrq"":-16,""rssi"":-53,""snr"":null,""ta"":0,""level"":4,""bands"":""1""},{""type"":""LTE"",""pci"":305,""earfcn"":100,""tac"":null,""rsrp"":-80,""rsrq"":-16,""rssi"":-53,""snr"":null,""ta"":0,""level"":4,""bands"":""1""},{""type"":""LTE"",""pci"":111,""earfcn"":2600,""tac"":null,""rsrp"":-80,""rsrq"":-16,""rssi"":-55,""snr"":null,""ta"":0,""level"":4,""bands"":""5""},{""type"":""LTE"",""pci"":305,""earfcn"":2600,""tac"":null,""rsrp"":-81,""rsrq"":-17,""rssi"":-55,""snr"":null,""ta"":0,""level"":4,""bands"":""5""},{""type"":""LTE"",""pci"":298,""earfcn"":100,""tac"":null,""rsrp"":-82,""rsrq"":-17,""rssi"":-53,""snr"":null,""ta"":0,""level"":4,""bands"":""1""},{""type"":""LTE"",""pci"":107,""earfcn"":3050,""tac"":null,""rsrp"":-83,""rsrq"":-20,""rssi"":-53,""snr"":null,""ta"":0,""level"":4,""bands"":""7""},{""type"":""LTE"",""pci"":107,""earfcn"":100,""tac"":null,""rsrp"":-83,""rsrq"":-17,""rssi"":-55,""snr"":null,""ta"":0,""level"":4,""bands"":""1""},{""type"":""LTE"",""pci"":85,""earfcn"":100,""tac"":null,""rsrp"":-84,""rsrq"":-20,""rssi"":-53,""snr"":null,""ta"":0,""level"":4,""bands"":""1""},{""type"":""LTE"",""pci"":107,""earfcn"":2600,""tac"":null,""rsrp"":-90,""rsrq"":-20,""rssi"":-59,""snr"":null,""ta"":0,""level"":3,""bands"":""5""}]",1009.637,56,0.524,0.459,73,5,,,,"[{""b"":""a2:08:ad:0d:a8:d5"",""s"":""민찬의 S25+"",""r"":-44,""f"":2412},{""b"":""38:f4:5e:23:db:3b"",""s"":""SK_DB38_2.4G"",""r"":-57,""f"":2417},{""b"":""6c:5a:b0:01:b0:8c"",""s"":"""",""r"":-59,""f"":2442},{""b"":""6e:5a:b0:21:b0:8c"",""s"":"""",""r"":-62,""f"":2442},{""b"":""28:4e:e9:53:3b:3e"",""s"":""U+Net3B3F"",""r"":-63,""f"":2412},{""b"":""b4:a9:4f:a6:fc:3a"",""s"":""KT_GiGA_FC36"",""r"":-63,""f"":2437},{""b"":""58:86:94:38:ff:aa"",""s"":""paikscoffee"",""r"":-63,""f"":2437},{""b"":""6c:5a:b0:01:b0:8e"",""s"":"""",""r"":-65,""f"":5785},{""b"":""6e:5a:b0:51:b0:8c"",""s"":"""",""r"":-65,""f"":5785},{""b"":""c6:a9:4f:a6:fc:39"",""s"":"""",""r"":-65,""f"":5765},{""b"":""b4:a9:4f:a6:fc:39"",""s"":""KT_GiGA_5G_FC36"",""r"":-66,""f"":5765},{""b"":""90:de:80:21:61:30"",""s"":""GNET_BB_5WAY_216130"",""r"":-66,""f"":2457},{""b"":""00:07:89:2f:b2:64"",""s"":""olleh_GiGA_WiFi_B260"",""r"":-66,""f"":5745},{""b"":""c6:6e:1f:85:ff:10"",""s"":""paris-staff"",""r"":-67,""f"":2462},{""b"":""28:ac:67:0b:95:04"",""s"":""NEXT-606N"",""r"":-69,""f"":2412}]",""
1790677853780,2026-09-29 19:30:53,car,37.5386018,127.0745721,3.544,0.28686988,163.49878,41.70000076293945,fused,0,LTE,NR_NSA,5G,true,false,true,false,false,52545282,111,3050,7,8282,450,06,-71,-7,-51,,4,0,,,,1259169,65530,10.0734,0.5242,1259149,65510,10.0732,0.5241,false,12,0,12,-80,111,100,0.28686988,false,false,periodic,20,1,5,,5005,,,,"[{""type"":""LTE"",""pci"":111,""earfcn"":100,""tac"":null,""rsrp"":-80,""rsrq"":-11,""rssi"":-59,""snr"":null,""ta"":0,""level"":4,""bands"":""1""},{""type"":""LTE"",""pci"":305,""earfcn"":2600,""tac"":null,""rsrp"":-83,""rsrq"":-15,""rssi"":-59,""snr"":null,""ta"":0,""level"":4,""bands"":""5""},{""type"":""LTE"",""pci"":111,""earfcn"":2600,""tac"":null,""rsrp"":-83,""rsrq"":-14,""rssi"":-59,""snr"":null,""ta"":0,""level"":4,""bands"":""5""},{""type"":""LTE"",""pci"":305,""earfcn"":3050,""tac"":null,""rsrp"":-84,""rsrq"":-17,""rssi"":-57,""snr"":null,""ta"":0,""level"":4,""bands"":""7""},{""type"":""LTE"",""pci"":117,""earfcn"":2600,""tac"":null,""rsrp"":-84,""rsrq"":-18,""rssi"":-57,""snr"":null,""ta"":0,""level"":4,""bands"":""5""},{""type"":""LTE"",""pci"":107,""earfcn"":100,""tac"":null,""rsrp"":-85,""rsrq"":-18,""rssi"":-57,""snr"":null,""ta"":0,""level"":4,""bands"":""1""},{""type"":""LTE"",""pci"":174,""earfcn"":100,""tac"":null,""rsrp"":-86,""rsrq"":-17,""rssi"":-59,""snr"":null,""ta"":0,""level"":3,""bands"":""1""},{""type"":""LTE"",""pci"":174,""earfcn"":2600,""tac"":null,""rsrp"":-86,""rsrq"":-17,""rssi"":-59,""snr"":null,""ta"":0,""level"":3,""bands"":""5""},{""type"":""LTE"",""pci"":107,""earfcn"":3050,""tac"":null,""rsrp"":-87,""rsrq"":-19,""rssi"":-57,""snr"":null,""ta"":0,""level"":3,""bands"":""7""},{""type"":""LTE"",""pci"":305,""earfcn"":100,""tac"":null,""rsrp"":-87,""rsrq"":-16,""rssi"":-59,""snr"":null,""ta"":0,""level"":3,""bands"":""1""},{""type"":""LTE"",""pci"":298,""earfcn"":100,""tac"":null,""rsrp"":-87,""rsrq"":-19,""rssi"":-57,""snr"":null,""ta"":0,""level"":3,""bands"":""1""},{""type"":""LTE"",""pci"":107,""earfcn"":2600,""tac"":null,""rsrp"":-89,""rsrq"":-20,""rssi"":-57,""snr"":null,""ta"":0,""level"":3,""bands"":""5""}]",1009.6179,51,0.524,0.524,83,3,,,,"[{""b"":""26:ec:72:6b:e7:10"",""s"":""SEOUL_Secure"",""r"":-58,""f"":5640},{""b"":""22:ec:72:6b:e7:10"",""s"":""Public WiFi Free"",""r"":-58,""f"":5640},{""b"":""1c:ec:72:6b:e7:10"",""s"":""Public WiFi Secure"",""r"":-59,""f"":5640},{""b"":""b4:a9:4f:a6:fc:3a"",""s"":""KT_GiGA_FC36"",""r"":-60,""f"":2437},{""b"":""b4:a9:4f:a6:fc:39"",""s"":""KT_GiGA_5G_FC36"",""r"":-62,""f"":5765},{""b"":""c6:a9:4f:a6:fc:39"",""s"":"""",""r"":-63,""f"":5765},{""b"":""90:de:80:21:61:30"",""s"":""GNET_BB_5WAY_216130"",""r"":-65,""f"":2457},{""b"":""28:4e:e9:53:3b:3e"",""s"":""U+Net3B3F"",""r"":-65,""f"":2412},{""b"":""00:07:89:2f:b2:64"",""s"":""olleh_GiGA_WiFi_B260"",""r"":-65,""f"":5745},{""b"":""88:36:6c:2f:45:e2"",""s"":""Davis"",""r"":-66,""f"":2417},{""b"":""86:25:19:c1:2a:a1"",""s"":""DIRECT-A1 C56x Series"",""r"":-66,""f"":2412},{""b"":""d8:38:fc:69:9a:a8"",""s"":""STR_WLAN"",""r"":-67,""f"":2462},{""b"":""b4:a9:4f:99:94:31"",""s"":""KT_GiGA_942E"",""r"":-67,""f"":2417},{""b"":""1c:ec:72:6b:e7:11"",""s"":""Public WiFi Secure"",""r"":-69,""f"":2412},{""b"":""32:4e:e9:53:3b:3d"",""s"":"""",""r"":-69,""f"":5180}]",""
1790677858814,2026-09-29 19:30:58,car,37.5385726,127.0745546,4.093,0.83960515,248.7246,41.70000076293945,fused,0,LTE,NR_NSA,5G,true,false,true,false,false,52545282,111,3050,7,8282,450,06,-71,-7,-51,,4,0,,,,2164,63382,0.0173,0.5071,2124,63343,0.0170,0.5067,false,12,0,12,-80,111,100,0.83960515,false,false,periodic,25,1,0,,10037,,,,"[{""type"":""LTE"",""pci"":111,""earfcn"":100,""tac"":null,""rsrp"":-80,""rsrq"":-11,""rssi"":-59,""snr"":null,""ta"":0,""level"":4,""bands"":""1""},{""type"":""LTE"",""pci"":305,""earfcn"":2600,""tac"":null,""rsrp"":-83,""rsrq"":-15,""rssi"":-59,""snr"":null,""ta"":0,""level"":4,""bands"":""5""},{""type"":""LTE"",""pci"":111,""earfcn"":2600,""tac"":null,""rsrp"":-83,""rsrq"":-14,""rssi"":-59,""snr"":null,""ta"":0,""level"":4,""bands"":""5""},{""type"":""LTE"",""pci"":305,""earfcn"":3050,""tac"":null,""rsrp"":-84,""rsrq"":-17,""rssi"":-57,""snr"":null,""ta"":0,""level"":4,""bands"":""7""},{""type"":""LTE"",""pci"":117,""earfcn"":2600,""tac"":null,""rsrp"":-84,""rsrq"":-18,""rssi"":-57,""snr"":null,""ta"":0,""level"":4,""bands"":""5""},{""type"":""LTE"",""pci"":107,""earfcn"":100,""tac"":null,""rsrp"":-85,""rsrq"":-18,""rssi"":-57,""snr"":null,""ta"":0,""level"":4,""bands"":""1""},{""type"":""LTE"",""pci"":174,""earfcn"":100,""tac"":null,""rsrp"":-86,""rsrq"":-17,""rssi"":-59,""snr"":null,""ta"":0,""level"":3,""bands"":""1""},{""type"":""LTE"",""pci"":174,""earfcn"":2600,""tac"":null,""rsrp"":-86,""rsrq"":-17,""rssi"":-59,""snr"":null,""ta"":0,""level"":3,""bands"":""5""},{""type"":""LTE"",""pci"":107,""earfcn"":3050,""tac"":null,""rsrp"":-87,""rsrq"":-19,""rssi"":-57,""snr"":null,""ta"":0,""level"":3,""bands"":""7""},{""type"":""LTE"",""pci"":305,""earfcn"":100,""tac"":null,""rsrp"":-87,""rsrq"":-16,""rssi"":-59,""snr"":null,""ta"":0,""level"":3,""bands"":""1""},{""type"":""LTE"",""pci"":298,""earfcn"":100,""tac"":null,""rsrp"":-87,""rsrq"":-19,""rssi"":-57,""snr"":null,""ta"":0,""level"":3,""bands"":""1""},{""type"":""LTE"",""pci"":107,""earfcn"":2600,""tac"":null,""rsrp"":-89,""rsrq"":-20,""rssi"":-57,""snr"":null,""ta"":0,""level"":3,""bands"":""5""}]",1009.62085,55,0.524,0.459,82,1,,,,"[{""b"":""a2:08:ad:0d:a8:d5"",""s"":""민찬의 S25+"",""r"":-51,""f"":2412},{""b"":""6c:5a:b0:01:b0:8e"",""s"":"""",""r"":-60,""f"":5785},{""b"":""6e:5a:b0:51:b0:8c"",""s"":"""",""r"":-60,""f"":5785},{""b"":""38:f4:5e:23:db:3b"",""s"":""SK_DB38_2.4G"",""r"":-61,""f"":2417},{""b"":""6c:5a:b0:01:b0:8c"",""s"":"""",""r"":-62,""f"":2442},{""b"":""38:f4:5e:23:db:3a"",""s"":""SK_DB38_5G"",""r"":-63,""f"":5765},{""b"":""b4:a9:4f:99:94:31"",""s"":""KT_GiGA_942E"",""r"":-65,""f"":2417},{""b"":""5a:cd:c7:19:99:f6"",""s"":"""",""r"":-69,""f"":2412},{""b"":""28:4e:e9:93:8d:f8"",""s"":""U+Net8DF9"",""r"":-70,""f"":2412},{""b"":""a8:ca:b9:02:8e:0f"",""s"":""KONKUK"",""r"":-71,""f"":2472},{""b"":""c6:a9:4f:a6:fc:39"",""s"":"""",""r"":-72,""f"":5765},{""b"":""1c:ec:72:44:68:1f"",""s"":""KT_GiGA_681C"",""r"":-73,""f"":2457},{""b"":""b4:a9:4f:a6:fc:39"",""s"":""KT_GiGA_5G_FC36"",""r"":-73,""f"":5765},{""b"":""88:36:6c:2f:45:e2"",""s"":""Davis"",""r"":-73,""f"":2417},{""b"":""60:29:d5:9a:27:5e"",""s"":""KT_GiGA_275A"",""r"":-73,""f"":2452}]",""
1790677863834,2026-09-29 19:31:03,car,37.5385799,127.0745262,4.44,0.24448858,309.64755,41.70000076293945,fused,0,LTE,NR_NSA,5G,true,false,true,false,false,52545281,305,3050,7,8282,450,06,-76,-8,-51,,4,1,,,,1978,65233,0.0158,0.5219,1958,65213,0.0157,0.5217,false,13,0,13,-82,305,100,0.24448858,true,false,periodic,0,1,,,5001,52545282,-71,-7,"[{""type"":""LTE"",""pci"":305,""earfcn"":100,""tac"":null,""rsrp"":-82,""rsrq"":-14,""rssi"":-59,""snr"":null,""ta"":1,""level"":4,""bands"":""1""},{""type"":""LTE"",""pci"":305,""earfcn"":2600,""tac"":null,""rsrp"":-82,""rsrq"":-10,""rssi"":-59,""snr"":null,""ta"":1,""level"":4,""bands"":""5""},{""type"":""LTE"",""pci"":111,""earfcn"":2600,""tac"":null,""rsrp"":-82,""rsrq"":-14,""rssi"":-59,""snr"":null,""ta"":1,""level"":4,""bands"":""5""},{""type"":""LTE"",""pci"":111,""earfcn"":100,""tac"":null,""rsrp"":-83,""rsrq"":-16,""rssi"":-59,""snr"":null,""ta"":1,""level"":4,""bands"":""1""},{""type"":""LTE"",""pci"":111,""earfcn"":3050,""tac"":null,""rsrp"":-84,""rsrq"":-16,""rssi"":-57,""snr"":null,""ta"":1,""level"":4,""bands"":""7""},{""type"":""LTE"",""pci"":174,""earfcn"":100,""tac"":null,""rsrp"":-84,""rsrq"":-17,""rssi"":-59,""snr"":null,""ta"":1,""level"":4,""bands"":""1""},{""type"":""LTE"",""pci"":174,""earfcn"":2600,""tac"":null,""rsrp"":-84,""rsrq"":-15,""rssi"":-59,""snr"":null,""ta"":1,""level"":4,""bands"":""5""},{""type"":""LTE"",""pci"":174,""earfcn"":3050,""tac"":null,""rsrp"":-86,""rsrq"":-19,""rssi"":-57,""snr"":null,""ta"":1,""level"":3,""bands"":""7""},{""type"":""LTE"",""pci"":298,""earfcn"":100,""tac"":null,""rsrp"":-86,""rsrq"":-17,""rssi"":-59,""snr"":null,""ta"":1,""level"":3,""bands"":""1""},{""type"":""LTE"",""pci"":298,""earfcn"":3050,""tac"":null,""rsrp"":-87,""rsrq"":-19,""rssi"":-57,""snr"":null,""ta"":1,""level"":3,""bands"":""7""},{""type"":""LTE"",""pci"":107,""earfcn"":100,""tac"":null,""rsrp"":-87,""rsrq"":-20,""rssi"":-59,""snr"":null,""ta"":1,""level"":3,""bands"":""1""},{""type"":""LTE"",""pci"":85,""earfcn"":2600,""tac"":null,""rsrp"":-87,""rsrq"":-18,""rssi"":-57,""snr"":null,""ta"":1,""level"":3,""bands"":""5""},{""type"":""LTE"",""pci"":298,""earfcn"":2600,""tac"":null,""rsrp"":-87,""rsrq"":-19,""rssi"":-55,""snr"":null,""ta"":1,""level"":3,""bands"":""5""}]",1009.6258,88,0.459,0.459,82,6,,,,"[{""b"":""a2:08:ad:0d:a8:d5"",""s"":""민찬의 S25+"",""r"":-51,""f"":2412},{""b"":""6c:5a:b0:01:b0:8e"",""s"":"""",""r"":-60,""f"":5785},{""b"":""6e:5a:b0:51:b0:8c"",""s"":"""",""r"":-60,""f"":5785},{""b"":""38:f4:5e:23:db:3b"",""s"":""SK_DB38_2.4G"",""r"":-61,""f"":2417},{""b"":""6c:5a:b0:01:b0:8c"",""s"":"""",""r"":-62,""f"":2442},{""b"":""38:f4:5e:23:db:3a"",""s"":""SK_DB38_5G"",""r"":-63,""f"":5765},{""b"":""b4:a9:4f:99:94:31"",""s"":""KT_GiGA_942E"",""r"":-65,""f"":2417},{""b"":""5a:cd:c7:19:99:f6"",""s"":"""",""r"":-69,""f"":2412},{""b"":""28:4e:e9:93:8d:f8"",""s"":""U+Net8DF9"",""r"":-70,""f"":2412},{""b"":""a8:ca:b9:02:8e:0f"",""s"":""KONKUK"",""r"":-71,""f"":2472},{""b"":""c6:a9:4f:a6:fc:39"",""s"":"""",""r"":-72,""f"":5765},{""b"":""1c:ec:72:44:68:1f"",""s"":""KT_GiGA_681C"",""r"":-73,""f"":2457},{""b"":""b4:a9:4f:a6:fc:39"",""s"":""KT_GiGA_5G_FC36"",""r"":-73,""f"":5765},{""b"":""88:36:6c:2f:45:e2"",""s"":""Davis"",""r"":-73,""f"":2417},{""b"":""60:29:d5:9a:27:5e"",""s"":""KT_GiGA_275A"",""r"":-73,""f"":2452}]","[{""type"":""LTE"",""pci"":111,""earfcn"":100,""tac"":null,""rsrp"":-80,""rsrq"":-11,""rssi"":-59,""snr"":null,""ta"":0,""level"":4,""bands"":""1""},{""type"":""LTE"",""pci"":305,""earfcn"":2600,""tac"":null,""rsrp"":-83,""rsrq"":-15,""rssi"":-59,""snr"":null,""ta"":0,""level"":4,""bands"":""5""},{""type"":""LTE"",""pci"":111,""earfcn"":2600,""tac"":null,""rsrp"":-83,""rsrq"":-14,""rssi"":-59,""snr"":null,""ta"":0,""level"":4,""bands"":""5""},{""type"":""LTE"",""pci"":305,""earfcn"":3050,""tac"":null,""rsrp"":-84,""rsrq"":-17,""rssi"":-57,""snr"":null,""ta"":0,""level"":4,""bands"":""7""},{""type"":""LTE"",""pci"":117,""earfcn"":2600,""tac"":null,""rsrp"":-84,""rsrq"":-18,""rssi"":-57,""snr"":null,""ta"":0,""level"":4,""bands"":""5""},{""type"":""LTE"",""pci"":107,""earfcn"":100,""tac"":null,""rsrp"":-85,""rsrq"":-18,""rssi"":-57,""snr"":null,""ta"":0,""level"":4,""bands"":""1""},{""type"":""LTE"",""pci"":174,""earfcn"":100,""tac"":null,""rsrp"":-86,""rsrq"":-17,""rssi"":-59,""snr"":null,""ta"":0,""level"":3,""bands"":""1""},{""type"":""LTE"",""pci"":174,""earfcn"":2600,""tac"":null,""rsrp"":-86,""rsrq"":-17,""rssi"":-59,""snr"":null,""ta"":0,""level"":3,""bands"":""5""},{""type"":""LTE"",""pci"":107,""earfcn"":3050,""tac"":null,""rsrp"":-87,""rsrq"":-19,""rssi"":-57,""snr"":null,""ta"":0,""level"":3,""bands"":""7""},{""type"":""LTE"",""pci"":305,""earfcn"":100,""tac"":null,""rsrp"":-87,""rsrq"":-16,""rssi"":-59,""snr"":null,""ta"":0,""level"":3,""bands"":""1""},{""type"":""LTE"",""pci"":298,""earfcn"":100,""tac"":null,""rsrp"":-87,""rsrq"":-19,""rssi"":-57,""snr"":null,""ta"":0,""level"":3,""bands"":""1""},{""type"":""LTE"",""pci"":107,""earfcn"":2600,""tac"":null,""rsrp"":-89,""rsrq"":-20,""rssi"":-57,""snr"":null,""ta"":0,""level"":3,""bands"":""5""}]"
1790677868865,2026-09-29 19:31:08,car,37.5385766,127.0745298,3.874,0.08814914,,41.70000076293945,fused,1,LTE,NR_NSA,5G,true,false,true,false,false,52545281,305,3050,7,8282,450,06,-76,-8,-51,,4,1,,,,1902,65090,0.0152,0.5207,1882,65070,0.0151,0.5206,false,13,0,13,-82,305,100,0.0070497748,false,false,periodic,5,1,0,,10032,,,,"[{""type"":""LTE"",""pci"":305,""earfcn"":100,""tac"":null,""rsrp"":-82,""rsrq"":-14,""rssi"":-59,""snr"":null,""ta"":1,""level"":4,""bands"":""1""},{""type"":""LTE"",""pci"":305,""earfcn"":2600,""tac"":null,""rsrp"":-82,""rsrq"":-10,""rssi"":-59,""snr"":null,""ta"":1,""level"":4,""bands"":""5""},{""type"":""LTE"",""pci"":111,""earfcn"":2600,""tac"":null,""rsrp"":-82,""rsrq"":-14,""rssi"":-59,""snr"":null,""ta"":1,""level"":4,""bands"":""5""},{""type"":""LTE"",""pci"":111,""earfcn"":100,""tac"":null,""rsrp"":-83,""rsrq"":-16,""rssi"":-59,""snr"":null,""ta"":1,""level"":4,""bands"":""1""},{""type"":""LTE"",""pci"":111,""earfcn"":3050,""tac"":null,""rsrp"":-84,""rsrq"":-16,""rssi"":-57,""snr"":null,""ta"":1,""level"":4,""bands"":""7""},{""type"":""LTE"",""pci"":174,""earfcn"":100,""tac"":null,""rsrp"":-84,""rsrq"":-17,""rssi"":-59,""snr"":null,""ta"":1,""level"":4,""bands"":""1""},{""type"":""LTE"",""pci"":174,""earfcn"":2600,""tac"":null,""rsrp"":-84,""rsrq"":-15,""rssi"":-59,""snr"":null,""ta"":1,""level"":4,""bands"":""5""},{""type"":""LTE"",""pci"":174,""earfcn"":3050,""tac"":null,""rsrp"":-86,""rsrq"":-19,""rssi"":-57,""snr"":null,""ta"":1,""level"":3,""bands"":""7""},{""type"":""LTE"",""pci"":298,""earfcn"":100,""tac"":null,""rsrp"":-86,""rsrq"":-17,""rssi"":-59,""snr"":null,""ta"":1,""level"":3,""bands"":""1""},{""type"":""LTE"",""pci"":298,""earfcn"":3050,""tac"":null,""rsrp"":-87,""rsrq"":-19,""rssi"":-57,""snr"":null,""ta"":1,""level"":3,""bands"":""7""},{""type"":""LTE"",""pci"":107,""earfcn"":100,""tac"":null,""rsrp"":-87,""rsrq"":-20,""rssi"":-59,""snr"":null,""ta"":1,""level"":3,""bands"":""1""},{""type"":""LTE"",""pci"":85,""earfcn"":2600,""tac"":null,""rsrp"":-87,""rsrq"":-18,""rssi"":-57,""snr"":null,""ta"":1,""level"":3,""bands"":""5""},{""type"":""LTE"",""pci"":298,""earfcn"":2600,""tac"":null,""rsrp"":-87,""rsrq"":-19,""rssi"":-55,""snr"":null,""ta"":1,""level"":3,""bands"":""5""}]",1009.6115,57,0.524,0.459,77,4,,,,"[{""b"":""0c:cf:89:5f:6d:df"",""s"":""INNOVV_K3_6ddf"",""r"":-61,""f"":2432},{""b"":""64:e5:99:3c:f3:34"",""s"":""311ho"",""r"":-70,""f"":2462},{""b"":""28:4e:e9:a1:6f:39"",""s"":""KT_GiGA_6F35"",""r"":-71,""f"":2422},{""b"":""a8:ca:b9:02:1b:ec"",""s"":"""",""r"":-72,""f"":2452},{""b"":""18:c5:01:98:d8:f6"",""s"":""JUNGF4"",""r"":-72,""f"":2427},{""b"":""38:f4:5e:11:76:93"",""s"":""SK_7690_2.4G"",""r"":-73,""f"":2412},{""b"":""a8:ca:b9:02:1b:ef"",""s"":""KONKUK"",""r"":-73,""f"":2452},{""b"":""b4:a9:4f:99:94:30"",""s"":""KT_GiGA_5G_942E"",""r"":-73,""f"":5805},{""b"":""b4:a9:4f:a6:fc:3a"",""s"":""KT_GiGA_FC36"",""r"":-73,""f"":2437},{""b"":""1e:39:29:85:18:98"",""s"":""[LG_AirPurifier]1898"",""r"":-74,""f"":2462},{""b"":""a8:ca:b9:02:1b:ed"",""s"":""eduroam"",""r"":-74,""f"":2452},{""b"":""a8:ca:b9:02:1b:ee"",""s"":""KONKUK-GUEST"",""r"":-74,""f"":2452},{""b"":""60:29:d5:1b:11:46"",""s"":""KT_GiGA_2G_Wave2_1142"",""r"":-74,""f"":2437},{""b"":""90:de:80:fd:ff:3b"",""s"":""GNET_BB_KINGDOM_FDFF3B"",""r"":-74,""f"":2457},{""b"":""b4:a9:4f:a6:fc:39"",""s"":""KT_GiGA_5G_FC36"",""r"":-76,""f"":5765}]",""
1790677873894,2026-09-29 19:31:13,car,37.5385722,127.0745305,3.674,0.14080217,292.5648,42.39999771118164,fused,0,LTE,NR_NSA,5G,true,false,true,false,false,52545281,305,3050,7,8282,450,06,-75,-9,-51,,4,0,,,,1896,65138,0.0152,0.5211,1876,65118,0.0150,0.5209,false,10,0,10,-76,305,2600,0.14080217,false,false,periodic,10,1,1,,5003,,,,"[{""type"":""LTE"",""pci"":305,""earfcn"":2600,""tac"":null,""rsrp"":-76,""rsrq"":-8,""rssi"":-57,""snr"":null,""ta"":0,""level"":4,""bands"":""5""},{""type"":""LTE"",""pci"":174,""earfcn"":2600,""tac"":null,""rsrp"":-80,""rsrq"":-14,""rssi"":-57,""snr"":null,""ta"":0,""level"":4,""bands"":""5""},{""type"":""LTE"",""pci"":305,""earfcn"":100,""tac"":null,""rsrp"":-81,""rsrq"":-9,""rssi"":-61,""snr"":null,""ta"":0,""level"":4,""bands"":""1""},{""type"":""LTE"",""pci"":298,""earfcn"":2600,""tac"":null,""rsrp"":-82,""rsrq"":-16,""rssi"":-57,""snr"":null,""ta"":0,""level"":4,""bands"":""5""},{""type"":""LTE"",""pci"":111,""earfcn"":2600,""tac"":null,""rsrp"":-83,""rsrq"":-17,""rssi"":-57,""snr"":null,""ta"":0,""level"":4,""bands"":""5""},{""type"":""LTE"",""pci"":174,""earfcn"":3050,""tac"":null,""rsrp"":-85,""rsrq"":-17,""rssi"":-57,""snr"":null,""ta"":0,""level"":4,""bands"":""7""},{""type"":""LTE"",""pci"":111,""earfcn"":3050,""tac"":null,""rsrp"":-85,""rsrq"":-20,""rssi"":-53,""snr"":null,""ta"":0,""level"":4,""bands"":""7""},{""type"":""LTE"",""pci"":174,""earfcn"":100,""tac"":null,""rsrp"":-86,""rsrq"":-16,""rssi"":-61,""snr"":null,""ta"":0,""level"":3,""bands"":""1""},{""type"":""LTE"",""pci"":111,""earfcn"":100,""tac"":null,""rsrp"":-88,""rsrq"":-18,""rssi"":-61,""snr"":null,""ta"":0,""level"":3,""bands"":""1""},{""type"":""LTE"",""pci"":180,""earfcn"":100,""tac"":null,""rsrp"":-92,""rsrq"":-20,""rssi"":-61,""snr"":null,""ta"":0,""level"":3,""bands"":""1""}]",1009.57666,69,0.459,0.459,76,2,,,,"[{""b"":""6c:5a:b0:01:b0:8c"",""s"":"""",""r"":-66,""f"":2442},{""b"":""36:e6:e6:8f:db:aa"",""s"":""[LG_Wall-Mount A\/C]dbaa"",""r"":-66,""f"":2462},{""b"":""90:9f:33:6c:b1:3e"",""s"":""haksil"",""r"":-69,""f"":2432},{""b"":""9e:f5:5f:01:9d:7f"",""s"":""MINI 25896"",""r"":-69,""f"":2462},{""b"":""26:ec:72:6b:d1:c9"",""s"":""SEOUL_Secure"",""r"":-71,""f"":2437},{""b"":""90:de:80:fd:ff:3b"",""s"":""GNET_BB_KINGDOM_FDFF3B"",""r"":-71,""f"":2457},{""b"":""28:4e:e9:a1:6f:39"",""s"":""KT_GiGA_6F35"",""r"":-72,""f"":2422},{""b"":""22:ec:72:6b:e7:11"",""s"":""Public WiFi Free"",""r"":-72,""f"":2412},{""b"":""18:c5:01:98:d8:f6"",""s"":""JUNGF4"",""r"":-74,""f"":2427},{""b"":""1c:ec:72:6b:e7:11"",""s"":""Public WiFi Secure"",""r"":-74,""f"":2412},{""b"":""20:db:ab:6d:3a:0e"",""s"":""KONKUK"",""r"":-74,""f"":2472},{""b"":""88:3c:1c:bb:bf:bb"",""s"":""KT_GiGA_2G_Wave2_BFB7"",""r"":-75,""f"":2447},{""b"":""26:ec:72:6b:e7:10"",""s"":""SEOUL_Secure"",""r"":-75,""f"":5640},{""b"":""b4:a9:4f:99:94:30"",""s"":""KT_GiGA_5G_942E"",""r"":-75,""f"":5805},{""b"":""28:4e:e9:53:3b:3d"",""s"":""U+Net3B3F_5G"",""r"":-75,""f"":5180}]",""
1790677878921,2026-09-29 19:31:18,car,37.5385848,127.0744627,3.625,1.4563625,292.19864,41.70000076293945,fused,0,LTE,NR_NSA,5G,true,false,true,false,false,52545281,305,3050,7,8282,450,06,-75,-9,-51,,4,0,,,,1866,65094,0.0149,0.5208,1826,65054,0.0146,0.5204,false,10,0,10,-76,305,2600,1.4563625,false,false,periodic,15,1,0,,10031,,,,"[{""type"":""LTE"",""pci"":305,""earfcn"":2600,""tac"":null,""rsrp"":-76,""rsrq"":-8,""rssi"":-57,""snr"":null,""ta"":0,""level"":4,""bands"":""5""},{""type"":""LTE"",""pci"":174,""earfcn"":2600,""tac"":null,""rsrp"":-80,""rsrq"":-14,""rssi"":-57,""snr"":null,""ta"":0,""level"":4,""bands"":""5""},{""type"":""LTE"",""pci"":305,""earfcn"":100,""tac"":null,""rsrp"":-81,""rsrq"":-9,""rssi"":-61,""snr"":null,""ta"":0,""level"":4,""bands"":""1""},{""type"":""LTE"",""pci"":298,""earfcn"":2600,""tac"":null,""rsrp"":-82,""rsrq"":-16,""rssi"":-57,""snr"":null,""ta"":0,""level"":4,""bands"":""5""},{""type"":""LTE"",""pci"":111,""earfcn"":2600,""tac"":null,""rsrp"":-83,""rsrq"":-17,""rssi"":-57,""snr"":null,""ta"":0,""level"":4,""bands"":""5""},{""type"":""LTE"",""pci"":174,""earfcn"":3050,""tac"":null,""rsrp"":-85,""rsrq"":-17,""rssi"":-57,""snr"":null,""ta"":0,""level"":4,""bands"":""7""},{""type"":""LTE"",""pci"":111,""earfcn"":3050,""tac"":null,""rsrp"":-85,""rsrq"":-20,""rssi"":-53,""snr"":null,""ta"":0,""level"":4,""bands"":""7""},{""type"":""LTE"",""pci"":174,""earfcn"":100,""tac"":null,""rsrp"":-86,""rsrq"":-16,""rssi"":-61,""snr"":null,""ta"":0,""level"":3,""bands"":""1""},{""type"":""LTE"",""pci"":111,""earfcn"":100,""tac"":null,""rsrp"":-88,""rsrq"":-18,""rssi"":-61,""snr"":null,""ta"":0,""level"":3,""bands"":""1""},{""type"":""LTE"",""pci"":180,""earfcn"":100,""tac"":null,""rsrp"":-92,""rsrq"":-20,""rssi"":-61,""snr"":null,""ta"":0,""level"":3,""bands"":""1""}]",1009.6553,73,0.459,0.524,66,4,,,,"[{""b"":""0c:cf:89:5f:6d:df"",""s"":""INNOVV_K3_6ddf"",""r"":-66,""f"":2432},{""b"":""b4:a9:4f:a6:fc:3a"",""s"":""KT_GiGA_FC36"",""r"":-68,""f"":2437},{""b"":""b4:a9:4f:99:94:30"",""s"":""KT_GiGA_5G_942E"",""r"":-69,""f"":5805},{""b"":""ca:dd:6a:23:19:4f"",""s"":""[LG_CeilingCassette A\/C]194f"",""r"":-70,""f"":2462},{""b"":""70:5d:cc:d3:4a:2c"",""s"":""protein"",""r"":-70,""f"":2427},{""b"":""1e:39:29:85:1c:ce"",""s"":""[LG_AirPurifier]1cce"",""r"":-71,""f"":2462},{""b"":""38:f4:5e:23:db:3a"",""s"":""SK_DB38_5G"",""r"":-72,""f"":5765},{""b"":""88:36:6c:b2:53:dc"",""s"":""KBERI"",""r"":-74,""f"":2462},{""b"":""18:c5:01:98:d8:f6"",""s"":""JUNGF4"",""r"":-74,""f"":2427},{""b"":""60:29:d5:1b:11:46"",""s"":""KT_GiGA_2G_Wave2_1142"",""r"":-74,""f"":2437},{""b"":""26:ec:72:6b:d1:c9"",""s"":""SEOUL_Secure"",""r"":-75,""f"":2437},{""b"":""26:ec:72:6b:d1:c8"",""s"":""SEOUL_Secure"",""r"":-75,""f"":5300},{""b"":""22:ec:72:6b:d1:c8"",""s"":""Public WiFi Free"",""r"":-75,""f"":5300},{""b"":""1c:ec:72:6b:d1:c8"",""s"":""Public WiFi Secure"",""r"":-75,""f"":5300},{""b"":""28:4e:e9:53:3b:3d"",""s"":""U+Net3B3F_5G"",""r"":-75,""f"":5180}]",""
1790677883960,2026-09-29 19:31:23,car,37.53861,127.0743545,3.981,1.4933294,293.69046,41.70000076293945,fused,0,LTE,NR_NSA,5G,true,false,true,false,false,52545281,305,3050,7,8282,450,06,-72,-7,-51,12,4,0,,,,29221,68002,0.2338,0.5440,29202,67983,0.2336,0.5439,false,13,0,13,-71,305,2600,1.4933294,false,false,periodic,20,1,3,,2791,,,,"[{""type"":""LTE"",""pci"":305,""earfcn"":2600,""tac"":null,""rsrp"":-71,""rsrq"":-8,""rssi"":-53,""snr"":null,""ta"":0,""level"":4,""bands"":""5""},{""type"":""LTE"",""pci"":305,""earfcn"":100,""tac"":null,""rsrp"":-75,""rsrq"":-13,""rssi"":-51,""snr"":null,""ta"":0,""level"":4,""bands"":""1""},{""type"":""LTE"",""pci"":111,""earfcn"":100,""tac"":null,""rsrp"":-79,""rsrq"":-17,""rssi"":-51,""snr"":null,""ta"":0,""level"":4,""bands"":""1""},{""type"":""LTE"",""pci"":180,""earfcn"":2600,""tac"":null,""rsrp"":-82,""rsrq"":-17,""rssi"":-53,""snr"":null,""ta"":0,""level"":4,""bands"":""5""},{""type"":""LTE"",""pci"":298,""earfcn"":3050,""tac"":null,""rsrp"":-84,""rsrq"":-18,""rssi"":-59,""snr"":null,""ta"":0,""level"":4,""bands"":""7""},{""type"":""LTE"",""pci"":180,""earfcn"":100,""tac"":null,""rsrp"":-84,""rsrq"":-19,""rssi"":-53,""snr"":null,""ta"":0,""level"":4,""bands"":""1""},{""type"":""LTE"",""pci"":174,""earfcn"":2600,""tac"":null,""rsrp"":-84,""rsrq"":-20,""rssi"":-53,""snr"":null,""ta"":0,""level"":4,""bands"":""5""},{""type"":""LTE"",""pci"":174,""earfcn"":3050,""tac"":null,""rsrp"":-85,""rsrq"":-19,""rssi"":-59,""snr"":null,""ta"":0,""level"":4,""bands"":""7""},{""type"":""LTE"",""pci"":174,""earfcn"":100,""tac"":null,""rsrp"":-85,""rsrq"":-16,""rssi"":-53,""snr"":null,""ta"":0,""level"":4,""bands"":""1""},{""type"":""LTE"",""pci"":298,""earfcn"":100,""tac"":null,""rsrp"":-87,""rsrq"":-20,""rssi"":-55,""snr"":null,""ta"":0,""level"":3,""bands"":""1""},{""type"":""LTE"",""pci"":111,""earfcn"":3050,""tac"":null,""rsrp"":-88,""rsrq"":-19,""rssi"":-59,""snr"":null,""ta"":0,""level"":3,""bands"":""7""},{""type"":""LTE"",""pci"":111,""earfcn"":2600,""tac"":null,""rsrp"":-88,""rsrq"":-20,""rssi"":-55,""snr"":null,""ta"":0,""level"":3,""bands"":""5""},{""type"":""LTE"",""pci"":298,""earfcn"":2600,""tac"":null,""rsrp"":-88,""rsrq"":-20,""rssi"":-53,""snr"":null,""ta"":0,""level"":3,""bands"":""5""}]",1009.63153,74,0.524,0.524,67,1,,,,"[{""b"":""a2:08:ad:0d:a8:d5"",""s"":""민찬의 S25+"",""r"":-46,""f"":2412},{""b"":""5a:cd:c7:19:99:f6"",""s"":"""",""r"":-58,""f"":2412},{""b"":""22:ec:72:6b:d1:c8"",""s"":""Public WiFi Free"",""r"":-65,""f"":5300},{""b"":""1c:ec:72:6b:d1:c8"",""s"":""Public WiFi Secure"",""r"":-65,""f"":5300},{""b"":""26:ec:72:6b:d1:c8"",""s"":""SEOUL_Secure"",""r"":-68,""f"":5300},{""b"":""90:de:80:10:75:f6"",""s"":""GNET_BB_MVR-S1_1075F6"",""r"":-72,""f"":2457},{""b"":""1e:39:29:50:d9:87"",""s"":""[LG_CeilingCassette A\/C]d987"",""r"":-73,""f"":2462},{""b"":""b4:a9:4f:a6:fc:3a"",""s"":""KT_GiGA_FC36"",""r"":-73,""f"":2437},{""b"":""98:60:22:61:20:79"",""s"":""VBTEST"",""r"":-74,""f"":5580},{""b"":""d8:47:32:fb:5e:36"",""s"":""densys new_5G"",""r"":-74,""f"":5785},{""b"":""a8:ca:b9:02:1b:ef"",""s"":"""",""r"":-75,""f"":2452},{""b"":""64:e5:99:3c:f3:34"",""s"":""311ho"",""r"":-75,""f"":2462},{""b"":""88:36:6c:2f:45:e2"",""s"":""Davis"",""r"":-76,""f"":2417},{""b"":""b4:a9:4f:99:94:30"",""s"":""KT_GiGA_5G_942E"",""r"":-78,""f"":5805},{""b"":""68:8f:c9:5e:14:c5"",""s"":""DVR-0c991bda"",""r"":-79,""f"":5180}]",""
1790677888975,2026-09-29 19:31:28,car,37.5385917,127.0742821,3.794,1.4413702,272.75626,42.29999923706055,fused,0,LTE,NR_NSA,5G,true,false,true,false,false,52545281,305,3050,7,8282,450,06,-74,-7,-51,11,4,0,,,,2066,63617,0.0165,0.5089,2046,63597,0.0164,0.5088,false,11,0,11,-71,305,100,1.4413702,false,false,periodic,25,1,-2,-1,1868,,,,"[{""type"":""LTE"",""pci"":305,""earfcn"":100,""tac"":null,""rsrp"":-71,""rsrq"":-8,""rssi"":-53,""snr"":null,""ta"":0,""level"":4,""bands"":""1""},{""type"":""LTE"",""pci"":305,""earfcn"":2600,""tac"":null,""rsrp"":-80,""rsrq"":-11,""rssi"":-57,""snr"":null,""ta"":0,""level"":4,""bands"":""5""},{""type"":""LTE"",""pci"":180,""earfcn"":3050,""tac"":null,""rsrp"":-82,""rsrq"":-19,""rssi"":-53,""snr"":null,""ta"":0,""level"":4,""bands"":""7""},{""type"":""LTE"",""pci"":298,""earfcn"":100,""tac"":null,""rsrp"":-82,""rsrq"":-19,""rssi"":-53,""snr"":null,""ta"":0,""level"":4,""bands"":""1""},{""type"":""LTE"",""pci"":298,""earfcn"":3050,""tac"":null,""rsrp"":-83,""rsrq"":-17,""rssi"":-55,""snr"":null,""ta"":0,""level"":4,""bands"":""7""},{""type"":""LTE"",""pci"":174,""earfcn"":100,""tac"":null,""rsrp"":-83,""rsrq"":-20,""rssi"":-53,""snr"":null,""ta"":0,""level"":4,""bands"":""1""},{""type"":""LTE"",""pci"":111,""earfcn"":3050,""tac"":null,""rsrp"":-84,""rsrq"":-20,""rssi"":-53,""snr"":null,""ta"":0,""level"":4,""bands"":""7""},{""type"":""LTE"",""pci"":180,""earfcn"":2600,""tac"":null,""rsrp"":-84,""rsrq"":-16,""rssi"":-57,""snr"":null,""ta"":0,""level"":4,""bands"":""5""},{""type"":""LTE"",""pci"":111,""earfcn"":100,""tac"":null,""rsrp"":-86,""rsrq"":-20,""rssi"":-53,""snr"":null,""ta"":0,""level"":3,""bands"":""1""},{""type"":""LTE"",""pci"":111,""earfcn"":2600,""tac"":null,""rsrp"":-87,""rsrq"":-16,""rssi"":-57,""snr"":null,""ta"":0,""level"":3,""bands"":""5""},{""type"":""LTE"",""pci"":298,""earfcn"":2600,""tac"":null,""rsrp"":-87,""rsrq"":-16,""rssi"":-57,""snr"":null,""ta"":0,""level"":3,""bands"":""5""}]",1009.61835,87,0.459,0.459,89,3,,,,"[{""b"":""a2:08:ad:0d:a8:d5"",""s"":""민찬의 S25+"",""r"":-42,""f"":2412},{""b"":""1c:ec:72:6b:d1:c9"",""s"":""Public WiFi Secure"",""r"":-61,""f"":2437},{""b"":""22:ec:72:6b:d1:c9"",""s"":""Public WiFi Free"",""r"":-64,""f"":2437},{""b"":""22:ec:72:6b:d1:c8"",""s"":""Public WiFi Free"",""r"":-64,""f"":5300},{""b"":""1c:ec:72:6b:d1:c8"",""s"":""Public WiFi Secure"",""r"":-64,""f"":5300},{""b"":""26:ec:72:6b:d1:c9"",""s"":""SEOUL_Secure"",""r"":-65,""f"":2437},{""b"":""26:ec:72:6b:d1:c8"",""s"":""SEOUL_Secure"",""r"":-65,""f"":5300},{""b"":""70:5d:cc:03:99:9c"",""s"":""telecop"",""r"":-69,""f"":2422},{""b"":""28:ac:67:2e:49:e0"",""s"":""ADTCAPS_WiFi"",""r"":-70,""f"":2412},{""b"":""a8:ca:b9:02:1b:ee"",""s"":""KONKUK-GUEST"",""r"":-71,""f"":2452},{""b"":""28:4e:e9:a1:6f:39"",""s"":""KT_GiGA_6F35"",""r"":-71,""f"":2422},{""b"":""a8:ca:b9:02:1b:ed"",""s"":""eduroam"",""r"":-72,""f"":2452},{""b"":""64:e5:99:3c:f3:34"",""s"":""311ho"",""r"":-72,""f"":2462},{""b"":""b4:a9:4f:a6:fc:3a"",""s"":""KT_GiGA_FC36"",""r"":-72,""f"":2437},{""b"":""a8:ca:b9:02:1b:ef"",""s"":""KONKUK"",""r"":-73,""f"":2452}]",""
1790677893987,2026-09-29 19:31:33,car,37.5386003,127.0741889,4.357,1.4506837,276.6356,42.29999923706055,fused,0,LTE,NR_NSA,5G,true,false,true,false,false,52545281,305,3050,7,8282,450,06,-74,-7,-51,11,4,0,,,,2010,65337,0.0161,0.5227,1990,65317,0.0159,0.5225,false,11,0,11,-71,305,100,1.4506837,false,false,periodic,30,0,0,0,6881,,,,"[{""type"":""LTE"",""pci"":305,""earfcn"":100,""tac"":null,""rsrp"":-71,""rsrq"":-8,""rssi"":-53,""snr"":null,""ta"":0,""level"":4,""bands"":""1""},{""type"":""LTE"",""pci"":305,""earfcn"":2600,""tac"":null,""rsrp"":-80,""rsrq"":-11,""rssi"":-57,""snr"":null,""ta"":0,""level"":4,""bands"":""5""},{""type"":""LTE"",""pci"":180,""earfcn"":3050,""tac"":null,""rsrp"":-82,""rsrq"":-19,""rssi"":-53,""snr"":null,""ta"":0,""level"":4,""bands"":""7""},{""type"":""LTE"",""pci"":298,""earfcn"":100,""tac"":null,""rsrp"":-82,""rsrq"":-19,""rssi"":-53,""snr"":null,""ta"":0,""level"":4,""bands"":""1""},{""type"":""LTE"",""pci"":298,""earfcn"":3050,""tac"":null,""rsrp"":-83,""rsrq"":-17,""rssi"":-55,""snr"":null,""ta"":0,""level"":4,""bands"":""7""},{""type"":""LTE"",""pci"":174,""earfcn"":100,""tac"":null,""rsrp"":-83,""rsrq"":-20,""rssi"":-53,""snr"":null,""ta"":0,""level"":4,""bands"":""1""},{""type"":""LTE"",""pci"":111,""earfcn"":3050,""tac"":null,""rsrp"":-84,""rsrq"":-20,""rssi"":-53,""snr"":null,""ta"":0,""level"":4,""bands"":""7""},{""type"":""LTE"",""pci"":180,""earfcn"":2600,""tac"":null,""rsrp"":-84,""rsrq"":-16,""rssi"":-57,""snr"":null,""ta"":0,""level"":4,""bands"":""5""},{""type"":""LTE"",""pci"":111,""earfcn"":100,""tac"":null,""rsrp"":-86,""rsrq"":-20,""rssi"":-53,""snr"":null,""ta"":0,""level"":3,""bands"":""1""},{""type"":""LTE"",""pci"":111,""earfcn"":2600,""tac"":null,""rsrp"":-87,""rsrq"":-16,""rssi"":-57,""snr"":null,""ta"":0,""level"":3,""bands"":""5""},{""type"":""LTE"",""pci"":298,""earfcn"":2600,""tac"":null,""rsrp"":-87,""rsrq"":-16,""rssi"":-57,""snr"":null,""ta"":0,""level"":3,""bands"":""5""}]",1009.6572,74,0.459,0.459,89,8,,,,"[{""b"":""a2:08:ad:0d:a8:d5"",""s"":""민찬의 S25+"",""r"":-42,""f"":2412},{""b"":""1c:ec:72:6b:d1:c9"",""s"":""Public WiFi Secure"",""r"":-61,""f"":2437},{""b"":""22:ec:72:6b:d1:c9"",""s"":""Public WiFi Free"",""r"":-64,""f"":2437},{""b"":""22:ec:72:6b:d1:c8"",""s"":""Public WiFi Free"",""r"":-64,""f"":5300},{""b"":""1c:ec:72:6b:d1:c8"",""s"":""Public WiFi Secure"",""r"":-64,""f"":5300},{""b"":""26:ec:72:6b:d1:c9"",""s"":""SEOUL_Secure"",""r"":-65,""f"":2437},{""b"":""26:ec:72:6b:d1:c8"",""s"":""SEOUL_Secure"",""r"":-65,""f"":5300},{""b"":""70:5d:cc:03:99:9c"",""s"":""telecop"",""r"":-69,""f"":2422},{""b"":""28:ac:67:2e:49:e0"",""s"":""ADTCAPS_WiFi"",""r"":-70,""f"":2412},{""b"":""a8:ca:b9:02:1b:ee"",""s"":""KONKUK-GUEST"",""r"":-71,""f"":2452},{""b"":""28:4e:e9:a1:6f:39"",""s"":""KT_GiGA_6F35"",""r"":-71,""f"":2422},{""b"":""a8:ca:b9:02:1b:ed"",""s"":""eduroam"",""r"":-72,""f"":2452},{""b"":""64:e5:99:3c:f3:34"",""s"":""311ho"",""r"":-72,""f"":2462},{""b"":""b4:a9:4f:a6:fc:3a"",""s"":""KT_GiGA_FC36"",""r"":-72,""f"":2437},{""b"":""a8:ca:b9:02:1b:ef"",""s"":""KONKUK"",""r"":-73,""f"":2452}]",""
1790677899006,2026-09-29 19:31:39,car,37.5386046,127.0741009,6.326,1.3299662,277.14874,41.5,fused,0,LTE,NR_NSA,5G,true,false,true,false,false,52545281,305,3050,7,8282,450,06,-76,-11,-51,8,4,0,,,,1884,65265,0.0151,0.5221,1844,65226,0.0148,0.5218,false,11,0,11,-65,305,100,1.3299662,false,false,periodic,35,0,-2,-3,364,,,,"[{""type"":""LTE"",""pci"":305,""earfcn"":100,""tac"":null,""rsrp"":-65,""rsrq"":-8,""rssi"":-51,""snr"":null,""ta"":0,""level"":4,""bands"":""1""},{""type"":""LTE"",""pci"":305,""earfcn"":2600,""tac"":null,""rsrp"":-67,""rsrq"":-7,""rssi"":-51,""snr"":null,""ta"":0,""level"":4,""bands"":""5""},{""type"":""LTE"",""pci"":298,""earfcn"":100,""tac"":null,""rsrp"":-76,""rsrq"":-13,""rssi"":-51,""snr"":null,""ta"":0,""level"":4,""bands"":""1""},{""type"":""LTE"",""pci"":180,""earfcn"":100,""tac"":null,""rsrp"":-78,""rsrq"":-17,""rssi"":-51,""snr"":null,""ta"":0,""level"":4,""bands"":""1""},{""type"":""LTE"",""pci"":174,""earfcn"":100,""tac"":null,""rsrp"":-78,""rsrq"":-17,""rssi"":-51,""snr"":null,""ta"":0,""level"":4,""bands"":""1""},{""type"":""LTE"",""pci"":180,""earfcn"":3050,""tac"":null,""rsrp"":-79,""rsrq"":-14,""rssi"":-57,""snr"":null,""ta"":0,""level"":4,""bands"":""7""},{""type"":""LTE"",""pci"":174,""earfcn"":3050,""tac"":null,""rsrp"":-81,""rsrq"":-19,""rssi"":-53,""snr"":null,""ta"":0,""level"":4,""bands"":""7""},{""type"":""LTE"",""pci"":298,""earfcn"":3050,""tac"":null,""rsrp"":-82,""rsrq"":-15,""rssi"":-57,""snr"":null,""ta"":0,""level"":4,""bands"":""7""},{""type"":""LTE"",""pci"":174,""earfcn"":2600,""tac"":null,""rsrp"":-82,""rsrq"":-20,""rssi"":-51,""snr"":null,""ta"":0,""level"":4,""bands"":""5""},{""type"":""LTE"",""pci"":298,""earfcn"":2600,""tac"":null,""rsrp"":-82,""rsrq"":-14,""rssi"":-51,""snr"":null,""ta"":0,""level"":4,""bands"":""5""},{""type"":""LTE"",""pci"":180,""earfcn"":2600,""tac"":null,""rsrp"":-85,""rsrq"":-20,""rssi"":-51,""snr"":null,""ta"":0,""level"":4,""bands"":""5""}]",1009.6077,68,0.459,0.524,78,1,,,,"[{""b"":""28:ac:67:2e:49:e0"",""s"":""ADTCAPS_WiFi"",""r"":-65,""f"":2412},{""b"":""b4:a9:4f:a6:fc:3a"",""s"":""KT_GiGA_FC36"",""r"":-70,""f"":2437},{""b"":""a8:ca:b9:04:10:0c"",""s"":"""",""r"":-71,""f"":2452},{""b"":""70:5d:cc:60:fc:88"",""s"":""502"",""r"":-71,""f"":2457},{""b"":""64:e5:99:3c:f3:34"",""s"":""311ho"",""r"":-71,""f"":2462},{""b"":""a8:ca:b9:04:01:8b"",""s"":"""",""r"":-72,""f"":2452},{""b"":""26:ec:72:6b:d1:c9"",""s"":""SEOUL_Secure"",""r"":-74,""f"":2437},{""b"":""08:5d:dd:dd:b7:cf"",""s"":""SK_WiFiGIGAB7CC"",""r"":-74,""f"":2447},{""b"":""1e:39:29:85:18:98"",""s"":""[LG_AirPurifier]1898"",""r"":-74,""f"":2462},{""b"":""a8:ca:b9:04:01:8c"",""s"":"""",""r"":-74,""f"":2452},{""b"":""0c:96:cd:bc:de:c4"",""s"":""KT_GiGA_DEC0"",""r"":-74,""f"":2427},{""b"":""3a:5d:dd:dd:b7:cf"",""s"":""SK_WiFiGIGAB7CC_2.4G"",""r"":-74,""f"":2447},{""b"":""1e:39:29:84:c3:e2"",""s"":""[LG_AirPurifier]c3e2"",""r"":-74,""f"":2462},{""b"":""b2:38:6c:4f:c3:84"",""s"":""KEGE 회의실 B_5G"",""r"":-75,""f"":5180},{""b"":""08:5d:dd:ae:db:df"",""s"":""U+NetDBE0"",""r"":-76,""f"":2412}]",""
1790677904022,2026-09-29 19:31:44,car,37.5386182,127.074055,6.436,1.3426868,288.97546,41.5,fused,0,LTE,NR_NSA,5G,true,false,true,false,false,52545281,305,3050,7,8282,450,06,-72,-7,-51,8,4,0,,,,2117,65269,0.0169,0.5222,2097,65249,0.0168,0.5220,false,11,0,11,-63,305,2600,1.3426868,false,false,periodic,40,0,4,0,381,,,,"[{""type"":""LTE"",""pci"":305,""earfcn"":2600,""tac"":null,""rsrp"":-63,""rsrq"":-13,""rssi"":-51,""snr"":null,""ta"":0,""level"":4,""bands"":""5""},{""type"":""LTE"",""pci"":305,""earfcn"":100,""tac"":null,""rsrp"":-71,""rsrq"":-8,""rssi"":-53,""snr"":null,""ta"":0,""level"":4,""bands"":""1""},{""type"":""LTE"",""pci"":298,""earfcn"":2600,""tac"":null,""rsrp"":-73,""rsrq"":-14,""rssi"":-51,""snr"":null,""ta"":0,""level"":4,""bands"":""5""},{""type"":""LTE"",""pci"":174,""earfcn"":2600,""tac"":null,""rsrp"":-77,""rsrq"":-20,""rssi"":-51,""snr"":null,""ta"":0,""level"":4,""bands"":""5""},{""type"":""LTE"",""pci"":298,""earfcn"":3050,""tac"":null,""rsrp"":-81,""rsrq"":-16,""rssi"":-53,""snr"":null,""ta"":0,""level"":4,""bands"":""7""},{""type"":""LTE"",""pci"":180,""earfcn"":2600,""tac"":null,""rsrp"":-81,""rsrq"":-20,""rssi"":-51,""snr"":null,""ta"":0,""level"":4,""bands"":""5""},{""type"":""LTE"",""pci"":298,""earfcn"":100,""tac"":null,""rsrp"":-82,""rsrq"":-17,""rssi"":-53,""snr"":null,""ta"":0,""level"":4,""bands"":""1""},{""type"":""LTE"",""pci"":180,""earfcn"":100,""tac"":null,""rsrp"":-82,""rsrq"":-20,""rssi"":-53,""snr"":null,""ta"":0,""level"":4,""bands"":""1""},{""type"":""LTE"",""pci"":180,""earfcn"":3050,""tac"":null,""rsrp"":-84,""rsrq"":-20,""rssi"":-51,""snr"":null,""ta"":0,""level"":4,""bands"":""7""},{""type"":""LTE"",""pci"":174,""earfcn"":3050,""tac"":null,""rsrp"":-85,""rsrq"":-20,""rssi"":-51,""snr"":null,""ta"":0,""level"":4,""bands"":""7""},{""type"":""LTE"",""pci"":174,""earfcn"":100,""tac"":null,""rsrp"":-87,""rsrq"":-17,""rssi"":-53,""snr"":null,""ta"":0,""level"":3,""bands"":""1""}]",1009.6657,70,0.459,0.524,78,6,,,,"[{""b"":""28:ac:67:2e:49:e0"",""s"":""ADTCAPS_WiFi"",""r"":-65,""f"":2412},{""b"":""b4:a9:4f:a6:fc:3a"",""s"":""KT_GiGA_FC36"",""r"":-70,""f"":2437},{""b"":""a8:ca:b9:04:10:0c"",""s"":"""",""r"":-71,""f"":2452},{""b"":""70:5d:cc:60:fc:88"",""s"":""502"",""r"":-71,""f"":2457},{""b"":""64:e5:99:3c:f3:34"",""s"":""311ho"",""r"":-71,""f"":2462},{""b"":""a8:ca:b9:04:01:8b"",""s"":"""",""r"":-72,""f"":2452},{""b"":""26:ec:72:6b:d1:c9"",""s"":""SEOUL_Secure"",""r"":-74,""f"":2437},{""b"":""08:5d:dd:dd:b7:cf"",""s"":""SK_WiFiGIGAB7CC"",""r"":-74,""f"":2447},{""b"":""1e:39:29:85:18:98"",""s"":""[LG_AirPurifier]1898"",""r"":-74,""f"":2462},{""b"":""a8:ca:b9:04:01:8c"",""s"":"""",""r"":-74,""f"":2452},{""b"":""0c:96:cd:bc:de:c4"",""s"":""KT_GiGA_DEC0"",""r"":-74,""f"":2427},{""b"":""3a:5d:dd:dd:b7:cf"",""s"":""SK_WiFiGIGAB7CC_2.4G"",""r"":-74,""f"":2447},{""b"":""1e:39:29:84:c3:e2"",""s"":""[LG_AirPurifier]c3e2"",""r"":-74,""f"":2462},{""b"":""b2:38:6c:4f:c3:84"",""s"":""KEGE 회의실 B_5G"",""r"":-75,""f"":5180},{""b"":""08:5d:dd:ae:db:df"",""s"":""U+NetDBE0"",""r"":-76,""f"":2412}]",""
1790677909039,2026-09-29 19:31:49,car,37.538633,127.0740118,5.992,1.118184,290.12347,42.29999923706055,fused,0,LTE,NR_NSA,5G,true,false,true,false,false,52545281,305,3050,7,8282,450,06,-73,-9,-51,14,4,0,,,,1994,63577,0.0160,0.5086,1974,63557,0.0158,0.5085,false,9,0,9,-66,305,2600,1.118184,false,false,periodic,45,0,-1,6,393,,,,"[{""type"":""LTE"",""pci"":305,""earfcn"":2600,""tac"":null,""rsrp"":-66,""rsrq"":-8,""rssi"":-51,""snr"":null,""ta"":0,""level"":4,""bands"":""5""},{""type"":""LTE"",""pci"":298,""earfcn"":2600,""tac"":null,""rsrp"":-76,""rsrq"":-13,""rssi"":-51,""snr"":null,""ta"":0,""level"":4,""bands"":""5""},{""type"":""LTE"",""pci"":298,""earfcn"":3050,""tac"":null,""rsrp"":-78,""rsrq"":-14,""rssi"":-51,""snr"":null,""ta"":0,""level"":4,""bands"":""7""},{""type"":""LTE"",""pci"":298,""earfcn"":100,""tac"":null,""rsrp"":-78,""rsrq"":-9,""rssi"":-59,""snr"":null,""ta"":0,""level"":4,""bands"":""1""},{""type"":""LTE"",""pci"":174,""earfcn"":2600,""tac"":null,""rsrp"":-78,""rsrq"":-20,""rssi"":-51,""snr"":null,""ta"":0,""level"":4,""bands"":""5""},{""type"":""LTE"",""pci"":305,""earfcn"":100,""tac"":null,""rsrp"":-80,""rsrq"":-8,""rssi"":-59,""snr"":null,""ta"":0,""level"":4,""bands"":""1""},{""type"":""LTE"",""pci"":180,""earfcn"":2600,""tac"":null,""rsrp"":-81,""rsrq"":-20,""rssi"":-51,""snr"":null,""ta"":0,""level"":4,""bands"":""5""},{""type"":""LTE"",""pci"":180,""earfcn"":3050,""tac"":null,""rsrp"":-82,""rsrq"":-18,""rssi"":-55,""snr"":null,""ta"":0,""level"":4,""bands"":""7""},{""type"":""LTE"",""pci"":174,""earfcn"":3050,""tac"":null,""rsrp"":-85,""rsrq"":-19,""rssi"":-53,""snr"":null,""ta"":0,""level"":4,""bands"":""7""}]",1009.69226,81,0.524,0.459,99,2,,,,"[{""b"":""5a:cd:c7:19:99:f6"",""s"":"""",""r"":-51,""f"":2437},{""b"":""a2:08:ad:0d:a8:d5"",""s"":""민찬의 S25+"",""r"":-63,""f"":2412},{""b"":""66:83:e7:ee:4e:1e"",""s"":"""",""r"":-68,""f"":2437},{""b"":""b2:38:6c:4f:c3:84"",""s"":""KEGE 회의실 B_5G"",""r"":-68,""f"":5180},{""b"":""42:2f:86:e9:0c:4e"",""s"":""AT_401_CST_570004_WW_0c4e"",""r"":-71,""f"":2462},{""b"":""1e:39:29:85:18:98"",""s"":""[LG_AirPurifier]1898"",""r"":-71,""f"":2462},{""b"":""70:5d:cc:60:fc:88"",""s"":""502"",""r"":-72,""f"":2457},{""b"":""f0:a7:31:47:5b:6f"",""s"":""428"",""r"":-72,""f"":2422},{""b"":""64:e5:99:3c:f3:34"",""s"":""311ho"",""r"":-73,""f"":2462},{""b"":""70:5d:cc:a3:9d:d2"",""s"":""일품양평"",""r"":-73,""f"":2447},{""b"":""70:5d:cc:d3:4a:2c"",""s"":""protein"",""r"":-73,""f"":2427},{""b"":""28:4e:e9:a1:6f:39"",""s"":""KT_GiGA_6F35"",""r"":-74,""f"":2422},{""b"":""06:29:d5:1d:c5:40"",""s"":""Public WiFi Free LGU+"",""r"":-75,""f"":2432},{""b"":""b0:38:6c:6f:c3:84"",""s"":""KEGE 회의실 B_2.4G"",""r"":-75,""f"":2417},{""b"":""9e:f5:5f:01:9d:7f"",""s"":""MINI 25896"",""r"":-76,""f"":2462}]",""
1790677914060,2026-09-29 19:31:54,car,37.538636,127.0739509,5.695,1.1249466,269.20923,41.89298493103859,fused,0,LTE,NR_NSA,5G,true,false,true,false,false,52545281,305,3050,7,8282,450,06,-73,-9,-51,14,4,0,,,,1920,65220,0.0154,0.5218,1900,65200,0.0152,0.5216,false,9,0,9,-66,305,2600,1.1249466,false,false,periodic,50,0,0,0,5417,,,,"[{""type"":""LTE"",""pci"":305,""earfcn"":2600,""tac"":null,""rsrp"":-66,""rsrq"":-8,""rssi"":-51,""snr"":null,""ta"":0,""level"":4,""bands"":""5""},{""type"":""LTE"",""pci"":298,""earfcn"":2600,""tac"":null,""rsrp"":-76,""rsrq"":-13,""rssi"":-51,""snr"":null,""ta"":0,""level"":4,""bands"":""5""},{""type"":""LTE"",""pci"":298,""earfcn"":3050,""tac"":null,""rsrp"":-78,""rsrq"":-14,""rssi"":-51,""snr"":null,""ta"":0,""level"":4,""bands"":""7""},{""type"":""LTE"",""pci"":298,""earfcn"":100,""tac"":null,""rsrp"":-78,""rsrq"":-9,""rssi"":-59,""snr"":null,""ta"":0,""level"":4,""bands"":""1""},{""type"":""LTE"",""pci"":174,""earfcn"":2600,""tac"":null,""rsrp"":-78,""rsrq"":-20,""rssi"":-51,""snr"":null,""ta"":0,""level"":4,""bands"":""5""},{""type"":""LTE"",""pci"":305,""earfcn"":100,""tac"":null,""rsrp"":-80,""rsrq"":-8,""rssi"":-59,""snr"":null,""ta"":0,""level"":4,""bands"":""1""},{""type"":""LTE"",""pci"":180,""earfcn"":2600,""tac"":null,""rsrp"":-81,""rsrq"":-20,""rssi"":-51,""snr"":null,""ta"":0,""level"":4,""bands"":""5""},{""type"":""LTE"",""pci"":180,""earfcn"":3050,""tac"":null,""rsrp"":-82,""rsrq"":-18,""rssi"":-55,""snr"":null,""ta"":0,""level"":4,""bands"":""7""},{""type"":""LTE"",""pci"":174,""earfcn"":3050,""tac"":null,""rsrp"":-85,""rsrq"":-19,""rssi"":-53,""snr"":null,""ta"":0,""level"":4,""bands"":""7""}]",1009.61365,73,0.524,0.459,99,8,,,,"[{""b"":""5a:cd:c7:19:99:f6"",""s"":"""",""r"":-51,""f"":2437},{""b"":""a2:08:ad:0d:a8:d5"",""s"":""민찬의 S25+"",""r"":-63,""f"":2412},{""b"":""66:83:e7:ee:4e:1e"",""s"":"""",""r"":-68,""f"":2437},{""b"":""b2:38:6c:4f:c3:84"",""s"":""KEGE 회의실 B_5G"",""r"":-68,""f"":5180},{""b"":""42:2f:86:e9:0c:4e"",""s"":""AT_401_CST_570004_WW_0c4e"",""r"":-71,""f"":2462},{""b"":""1e:39:29:85:18:98"",""s"":""[LG_AirPurifier]1898"",""r"":-71,""f"":2462},{""b"":""70:5d:cc:60:fc:88"",""s"":""502"",""r"":-72,""f"":2457},{""b"":""f0:a7:31:47:5b:6f"",""s"":""428"",""r"":-72,""f"":2422},{""b"":""64:e5:99:3c:f3:34"",""s"":""311ho"",""r"":-73,""f"":2462},{""b"":""70:5d:cc:a3:9d:d2"",""s"":""일품양평"",""r"":-73,""f"":2447},{""b"":""70:5d:cc:d3:4a:2c"",""s"":""protein"",""r"":-73,""f"":2427},{""b"":""28:4e:e9:a1:6f:39"",""s"":""KT_GiGA_6F35"",""r"":-74,""f"":2422},{""b"":""06:29:d5:1d:c5:40"",""s"":""Public WiFi Free LGU+"",""r"":-75,""f"":2432},{""b"":""b0:38:6c:6f:c3:84"",""s"":""KEGE 회의실 B_2.4G"",""r"":-75,""f"":2417},{""b"":""9e:f5:5f:01:9d:7f"",""s"":""MINI 25896"",""r"":-76,""f"":2462}]",""
1790677919096,2026-09-29 19:31:59,car,37.5386278,127.0738817,6.746,1.2260816,259.27454,41.70000076293945,fused,0,LTE,NR_NSA,5G,true,false,true,false,false,52545281,305,3050,7,8282,450,06,-73,-9,-51,14,4,0,,,,2078,65415,0.0166,0.5233,2058,65395,0.0165,0.5232,false,9,0,9,-66,305,2600,1.2260816,false,false,periodic,55,0,0,0,10448,,,,"[{""type"":""LTE"",""pci"":305,""earfcn"":2600,""tac"":null,""rsrp"":-66,""rsrq"":-8,""rssi"":-51,""snr"":null,""ta"":0,""level"":4,""bands"":""5""},{""type"":""LTE"",""pci"":298,""earfcn"":2600,""tac"":null,""rsrp"":-76,""rsrq"":-13,""rssi"":-51,""snr"":null,""ta"":0,""level"":4,""bands"":""5""},{""type"":""LTE"",""pci"":298,""earfcn"":3050,""tac"":null,""rsrp"":-78,""rsrq"":-14,""rssi"":-51,""snr"":null,""ta"":0,""level"":4,""bands"":""7""},{""type"":""LTE"",""pci"":298,""earfcn"":100,""tac"":null,""rsrp"":-78,""rsrq"":-9,""rssi"":-59,""snr"":null,""ta"":0,""level"":4,""bands"":""1""},{""type"":""LTE"",""pci"":174,""earfcn"":2600,""tac"":null,""rsrp"":-78,""rsrq"":-20,""rssi"":-51,""snr"":null,""ta"":0,""level"":4,""bands"":""5""},{""type"":""LTE"",""pci"":305,""earfcn"":100,""tac"":null,""rsrp"":-80,""rsrq"":-8,""rssi"":-59,""snr"":null,""ta"":0,""level"":4,""bands"":""1""},{""type"":""LTE"",""pci"":180,""earfcn"":2600,""tac"":null,""rsrp"":-81,""rsrq"":-20,""rssi"":-51,""snr"":null,""ta"":0,""level"":4,""bands"":""5""},{""type"":""LTE"",""pci"":180,""earfcn"":3050,""tac"":null,""rsrp"":-82,""rsrq"":-18,""rssi"":-55,""snr"":null,""ta"":0,""level"":4,""bands"":""7""},{""type"":""LTE"",""pci"":174,""earfcn"":3050,""tac"":null,""rsrp"":-85,""rsrq"":-19,""rssi"":-53,""snr"":null,""ta"":0,""level"":4,""bands"":""7""}]",1009.5877,95,0.497,0.459,69,3,,,,"[{""b"":""d8:47:32:fb:5e:37"",""s"":""densys new"",""r"":-67,""f"":2417},{""b"":""42:2f:86:e9:0c:4e"",""s"":""AT_401_CST_570004_WW_0c4e"",""r"":-70,""f"":2462},{""b"":""a8:ca:b9:04:10:0e"",""s"":""KONKUK-GUEST"",""r"":-72,""f"":2452},{""b"":""bc:10:2f:86:56:23"",""s"":""[system a\/c]_E30AJT0233970X"",""r"":-72,""f"":2412},{""b"":""a8:ca:b9:04:10:0c"",""s"":"""",""r"":-73,""f"":2452},{""b"":""a8:ca:b9:04:10:0d"",""s"":""eduroam"",""r"":-73,""f"":2452},{""b"":""70:5d:cc:a3:9d:d2"",""s"":""일품양평"",""r"":-73,""f"":2447},{""b"":""1c:ec:72:44:68:1f"",""s"":""KT_GiGA_681C"",""r"":-74,""f"":2457},{""b"":""a8:ca:b9:04:10:0b"",""s"":"""",""r"":-74,""f"":2452},{""b"":""70:5d:cc:03:99:9c"",""s"":""telecop"",""r"":-74,""f"":2422},{""b"":""b4:a9:4f:a9:59:85"",""s"":""KT_GiGA_5981"",""r"":-74,""f"":2452},{""b"":""60:83:e7:ee:4e:1f"",""s"":""hi_order_5G_9969"",""r"":-74,""f"":5180},{""b"":""a8:ca:b9:04:10:0f"",""s"":"""",""r"":-75,""f"":2452},{""b"":""28:6b:b4:e2:c9:c1"",""s"":""[system a\/c]_E30AJT0233411W"",""r"":-75,""f"":2412},{""b"":""5a:86:94:4c:0a:94"",""s"":""KUVMTH_ECC 5G"",""r"":-76,""f"":5745}]",""
1790677924108,2026-09-29 19:32:04,car,37.5386088,127.073841,6.654,1.08378,252.89134,42.20000076293945,fused,0,LTE,NR_NSA,5G,true,false,true,false,false,52545281,305,3050,7,8282,450,06,-77,-10,-51,,4,0,,,,1902,65315,0.0152,0.5225,1862,65275,0.0149,0.5222,false,9,0,9,-61,305,2600,1.08378,false,false,periodic,60,0,-4,,5000,,,,"[{""type"":""LTE"",""pci"":305,""earfcn"":2600,""tac"":null,""rsrp"":-61,""rsrq"":-7,""rssi"":-51,""snr"":null,""ta"":0,""level"":4,""bands"":""5""},{""type"":""LTE"",""pci"":305,""earfcn"":100,""tac"":null,""rsrp"":-66,""rsrq"":-8,""rssi"":-51,""snr"":null,""ta"":0,""level"":4,""bands"":""1""},{""type"":""LTE"",""pci"":298,""earfcn"":2600,""tac"":null,""rsrp"":-77,""rsrq"":-20,""rssi"":-51,""snr"":null,""ta"":0,""level"":4,""bands"":""5""},{""type"":""LTE"",""pci"":298,""earfcn"":3050,""tac"":null,""rsrp"":-78,""rsrq"":-12,""rssi"":-57,""snr"":null,""ta"":0,""level"":4,""bands"":""7""},{""type"":""LTE"",""pci"":180,""earfcn"":3050,""tac"":null,""rsrp"":-80,""rsrq"":-16,""rssi"":-53,""snr"":null,""ta"":0,""level"":4,""bands"":""7""},{""type"":""LTE"",""pci"":180,""earfcn"":2600,""tac"":null,""rsrp"":-81,""rsrq"":-20,""rssi"":-51,""snr"":null,""ta"":0,""level"":4,""bands"":""5""},{""type"":""LTE"",""pci"":174,""earfcn"":100,""tac"":null,""rsrp"":-82,""rsrq"":-19,""rssi"":-53,""snr"":null,""ta"":0,""level"":4,""bands"":""1""},{""type"":""LTE"",""pci"":298,""earfcn"":100,""tac"":null,""rsrp"":-83,""rsrq"":-17,""rssi"":-51,""snr"":null,""ta"":0,""level"":4,""bands"":""1""},{""type"":""LTE"",""pci"":174,""earfcn"":3050,""tac"":null,""rsrp"":-85,""rsrq"":-19,""rssi"":-57,""snr"":null,""ta"":0,""level"":4,""bands"":""7""}]",1009.60876,111,0.524,0.524,47,1,,,,"[{""b"":""70:5d:cc:d3:4a:2c"",""s"":""protein"",""r"":-64,""f"":2427},{""b"":""b2:38:6c:4f:c3:84"",""s"":""KEGE 회의실 B_5G"",""r"":-70,""f"":5180},{""b"":""b4:a9:4f:a9:59:85"",""s"":""KT_GiGA_5981"",""r"":-71,""f"":2452},{""b"":""ba:8c:d9:c7:cf:da"",""s"":""Galaxy S25+ E8FB"",""r"":-73,""f"":2437},{""b"":""1e:39:29:85:18:98"",""s"":""[LG_AirPurifier]1898"",""r"":-74,""f"":2462},{""b"":""b4:a9:4f:a6:fc:3a"",""s"":""KT_GiGA_FC36"",""r"":-74,""f"":2437},{""b"":""66:83:e7:ee:4e:1f"",""s"":"""",""r"":-77,""f"":5180},{""b"":""60:83:e7:ee:4e:1f"",""s"":""hi_order_5G_9969"",""r"":-78,""f"":5180},{""b"":""88:36:6c:b2:53:dc"",""s"":""KBERI"",""r"":-79,""f"":2462},{""b"":""f4:d9:fb:d0:51:6e"",""s"":"""",""r"":-80,""f"":2432},{""b"":""bc:10:2f:86:56:23"",""s"":""[system a\/c]_E30AJT0233970X"",""r"":-80,""f"":2412},{""b"":""56:46:ae:9e:de:a1"",""s"":"""",""r"":-80,""f"":2442},{""b"":""dc:8e:8d:37:72:d6"",""s"":""DLive_72D1"",""r"":-81,""f"":2412},{""b"":""c6:a9:4f:a9:59:84"",""s"":"""",""r"":-81,""f"":5805},{""b"":""b4:a9:4f:a9:59:84"",""s"":""KT_GiGA_5G_5981"",""r"":-81,""f"":5805}]",""
1790677929122,2026-09-29 19:32:09,car,37.5385978,127.073812,5.53,0.9856268,258.8246,42.20000076293945,fused,0,LTE,NR_NSA,5G,true,false,true,false,false,52545281,305,3050,7,8282,450,06,-77,-10,-51,,4,0,,,,2099,63668,0.0168,0.5093,2079,63648,0.0166,0.5092,false,9,0,9,-61,305,2600,0.9856268,false,false,periodic,65,0,0,,10013,,,,"[{""type"":""LTE"",""pci"":305,""earfcn"":2600,""tac"":null,""rsrp"":-61,""rsrq"":-7,""rssi"":-51,""snr"":null,""ta"":0,""level"":4,""bands"":""5""},{""type"":""LTE"",""pci"":305,""earfcn"":100,""tac"":null,""rsrp"":-66,""rsrq"":-8,""rssi"":-51,""snr"":null,""ta"":0,""level"":4,""bands"":""1""},{""type"":""LTE"",""pci"":298,""earfcn"":2600,""tac"":null,""rsrp"":-77,""rsrq"":-20,""rssi"":-51,""snr"":null,""ta"":0,""level"":4,""bands"":""5""},{""type"":""LTE"",""pci"":298,""earfcn"":3050,""tac"":null,""rsrp"":-78,""rsrq"":-12,""rssi"":-57,""snr"":null,""ta"":0,""level"":4,""bands"":""7""},{""type"":""LTE"",""pci"":180,""earfcn"":3050,""tac"":null,""rsrp"":-80,""rsrq"":-16,""rssi"":-53,""snr"":null,""ta"":0,""level"":4,""bands"":""7""},{""type"":""LTE"",""pci"":180,""earfcn"":2600,""tac"":null,""rsrp"":-81,""rsrq"":-20,""rssi"":-51,""snr"":null,""ta"":0,""level"":4,""bands"":""5""},{""type"":""LTE"",""pci"":174,""earfcn"":100,""tac"":null,""rsrp"":-82,""rsrq"":-19,""rssi"":-53,""snr"":null,""ta"":0,""level"":4,""bands"":""1""},{""type"":""LTE"",""pci"":298,""earfcn"":100,""tac"":null,""rsrp"":-83,""rsrq"":-17,""rssi"":-51,""snr"":null,""ta"":0,""level"":4,""bands"":""1""},{""type"":""LTE"",""pci"":174,""earfcn"":3050,""tac"":null,""rsrp"":-85,""rsrq"":-19,""rssi"":-57,""snr"":null,""ta"":0,""level"":4,""bands"":""7""}]",1009.57495,74,0.459,0.459,47,6,,,,"[{""b"":""70:5d:cc:d3:4a:2c"",""s"":""protein"",""r"":-64,""f"":2427},{""b"":""b2:38:6c:4f:c3:84"",""s"":""KEGE 회의실 B_5G"",""r"":-70,""f"":5180},{""b"":""b4:a9:4f:a9:59:85"",""s"":""KT_GiGA_5981"",""r"":-71,""f"":2452},{""b"":""ba:8c:d9:c7:cf:da"",""s"":""Galaxy S25+ E8FB"",""r"":-73,""f"":2437},{""b"":""1e:39:29:85:18:98"",""s"":""[LG_AirPurifier]1898"",""r"":-74,""f"":2462},{""b"":""b4:a9:4f:a6:fc:3a"",""s"":""KT_GiGA_FC36"",""r"":-74,""f"":2437},{""b"":""66:83:e7:ee:4e:1f"",""s"":"""",""r"":-77,""f"":5180},{""b"":""60:83:e7:ee:4e:1f"",""s"":""hi_order_5G_9969"",""r"":-78,""f"":5180},{""b"":""88:36:6c:b2:53:dc"",""s"":""KBERI"",""r"":-79,""f"":2462},{""b"":""f4:d9:fb:d0:51:6e"",""s"":"""",""r"":-80,""f"":2432},{""b"":""bc:10:2f:86:56:23"",""s"":""[system a\/c]_E30AJT0233970X"",""r"":-80,""f"":2412},{""b"":""56:46:ae:9e:de:a1"",""s"":"""",""r"":-80,""f"":2442},{""b"":""dc:8e:8d:37:72:d6"",""s"":""DLive_72D1"",""r"":-81,""f"":2412},{""b"":""c6:a9:4f:a9:59:84"",""s"":"""",""r"":-81,""f"":5805},{""b"":""b4:a9:4f:a9:59:84"",""s"":""KT_GiGA_5G_5981"",""r"":-81,""f"":5805}]",""
1790677930710,2026-09-29 19:32:10,car,37.5386109,127.0737778,5.479,1.0616069,275.64062,42.20000076293945,fused,0,LTE,NR_NSA,5G,true,false,true,false,false,52545283,298,3050,7,8282,450,06,-74,-11,-51,-1,4,0,,,,1813,66816,0.0145,0.5345,1813,66816,0.0145,0.5345,false,11,0,11,-54,305,2600,1.0616069,true,false,handover,0,1,,,9,52545281,-77,-10,"[{""type"":""LTE"",""pci"":305,""earfcn"":2600,""tac"":null,""rsrp"":-54,""rsrq"":-11,""rssi"":-51,""snr"":null,""ta"":0,""level"":4,""bands"":""5""},{""type"":""LTE"",""pci"":305,""earfcn"":100,""tac"":null,""rsrp"":-61,""rsrq"":-10,""rssi"":-51,""snr"":null,""ta"":0,""level"":4,""bands"":""1""},{""type"":""LTE"",""pci"":298,""earfcn"":2600,""tac"":null,""rsrp"":-63,""rsrq"":-13,""rssi"":-51,""snr"":null,""ta"":0,""level"":4,""bands"":""5""},{""type"":""LTE"",""pci"":394,""earfcn"":2600,""tac"":null,""rsrp"":-65,""rsrq"":-16,""rssi"":-51,""snr"":null,""ta"":0,""level"":4,""bands"":""5""},{""type"":""LTE"",""pci"":174,""earfcn"":2600,""tac"":null,""rsrp"":-68,""rsrq"":-20,""rssi"":-51,""snr"":null,""ta"":0,""level"":4,""bands"":""5""},{""type"":""LTE"",""pci"":298,""earfcn"":100,""tac"":null,""rsrp"":-73,""rsrq"":-15,""rssi"":-51,""snr"":null,""ta"":0,""level"":4,""bands"":""1""},{""type"":""LTE"",""pci"":174,""earfcn"":100,""tac"":null,""rsrp"":-73,""rsrq"":-18,""rssi"":-51,""snr"":null,""ta"":0,""level"":4,""bands"":""1""},{""type"":""LTE"",""pci"":479,""earfcn"":100,""tac"":null,""rsrp"":-74,""rsrq"":-18,""rssi"":-51,""snr"":null,""ta"":0,""level"":4,""bands"":""1""},{""type"":""LTE"",""pci"":305,""earfcn"":3050,""tac"":null,""rsrp"":-77,""rsrq"":-14,""rssi"":-53,""snr"":null,""ta"":0,""level"":4,""bands"":""7""},{""type"":""LTE"",""pci"":174,""earfcn"":3050,""tac"":null,""rsrp"":-82,""rsrq"":-19,""rssi"":-53,""snr"":null,""ta"":0,""level"":4,""bands"":""7""},{""type"":""LTE"",""pci"":396,""earfcn"":3050,""tac"":null,""rsrp"":-83,""rsrq"":-18,""rssi"":-53,""snr"":null,""ta"":0,""level"":4,""bands"":""7""}]",1009.55817,74,0.459,0.459,72,1,,,,"[{""b"":""60:83:e7:ee:4e:1e"",""s"":""hi_order_5G_9969"",""r"":-60,""f"":2437},{""b"":""b4:a9:4f:a9:59:85"",""s"":""KT_GiGA_5981"",""r"":-66,""f"":2452},{""b"":""60:83:e7:ee:4e:1f"",""s"":""hi_order_5G_9969"",""r"":-66,""f"":5180},{""b"":""66:83:e7:ee:4e:1f"",""s"":"""",""r"":-67,""f"":5180},{""b"":""b4:a9:4f:a9:59:84"",""s"":""KT_GiGA_5G_5981"",""r"":-70,""f"":5805},{""b"":""a8:ca:b9:04:10:0f"",""s"":"""",""r"":-72,""f"":2452},{""b"":""b4:a9:4f:a6:fc:3a"",""s"":""KT_GiGA_FC36"",""r"":-72,""f"":2437},{""b"":""a8:ca:b9:04:10:0e"",""s"":""KONKUK-GUEST"",""r"":-73,""f"":2452},{""b"":""c6:a9:4f:a9:59:84"",""s"":"""",""r"":-73,""f"":5805},{""b"":""28:4e:e9:a1:6f:39"",""s"":""KT_GiGA_6F35"",""r"":-73,""f"":2422},{""b"":""a2:08:ad:0d:a8:d5"",""s"":""민찬의 S25+"",""r"":-73,""f"":2412},{""b"":""78:28:09:0d:77:30"",""s"":""anygate"",""r"":-74,""f"":2417},{""b"":""42:2f:86:e9:0c:4e"",""s"":""AT_401_CST_570004_WW_0c4e"",""r"":-74,""f"":2462},{""b"":""60:83:e7:13:4b:e2"",""s"":""ASML"",""r"":-74,""f"":2457},{""b"":""88:36:6c:69:f4:6a"",""s"":""501_2.4G"",""r"":-75,""f"":2422}]","[{""type"":""LTE"",""pci"":305,""earfcn"":2600,""tac"":null,""rsrp"":-61,""rsrq"":-7,""rssi"":-51,""snr"":null,""ta"":0,""level"":4,""bands"":""5""},{""type"":""LTE"",""pci"":305,""earfcn"":100,""tac"":null,""rsrp"":-66,""rsrq"":-8,""rssi"":-51,""snr"":null,""ta"":0,""level"":4,""bands"":""1""},{""type"":""LTE"",""pci"":298,""earfcn"":2600,""tac"":null,""rsrp"":-77,""rsrq"":-20,""rssi"":-51,""snr"":null,""ta"":0,""level"":4,""bands"":""5""},{""type"":""LTE"",""pci"":298,""earfcn"":3050,""tac"":null,""rsrp"":-78,""rsrq"":-12,""rssi"":-57,""snr"":null,""ta"":0,""level"":4,""bands"":""7""},{""type"":""LTE"",""pci"":180,""earfcn"":3050,""tac"":null,""rsrp"":-80,""rsrq"":-16,""rssi"":-53,""snr"":null,""ta"":0,""level"":4,""bands"":""7""},{""type"":""LTE"",""pci"":180,""earfcn"":2600,""tac"":null,""rsrp"":-81,""rsrq"":-20,""rssi"":-51,""snr"":null,""ta"":0,""level"":4,""bands"":""5""},{""type"":""LTE"",""pci"":174,""earfcn"":100,""tac"":null,""rsrp"":-82,""rsrq"":-19,""rssi"":-53,""snr"":null,""ta"":0,""level"":4,""bands"":""1""},{""type"":""LTE"",""pci"":298,""earfcn"":100,""tac"":null,""rsrp"":-83,""rsrq"":-17,""rssi"":-51,""snr"":null,""ta"":0,""level"":4,""bands"":""1""},{""type"":""LTE"",""pci"":174,""earfcn"":3050,""tac"":null,""rsrp"":-85,""rsrq"":-19,""rssi"":-57,""snr"":null,""ta"":0,""level"":4,""bands"":""7""}]"
1790677934134,2026-09-29 19:32:14,car,37.5386365,127.0737379,5.581,1.1357701,298.38004,42.20000076293945,fused,0,LTE,NR_NSA,5G,true,false,true,false,false,52545283,298,3050,7,8282,450,06,-74,-11,-51,-1,4,0,,,,2267,64770,0.0181,0.5182,2238,64741,0.0179,0.5179,false,11,0,11,-54,305,2600,1.1357701,false,false,periodic,3,1,0,0,3434,,,,"[{""type"":""LTE"",""pci"":305,""earfcn"":2600,""tac"":null,""rsrp"":-54,""rsrq"":-11,""rssi"":-51,""snr"":null,""ta"":0,""level"":4,""bands"":""5""},{""type"":""LTE"",""pci"":305,""earfcn"":100,""tac"":null,""rsrp"":-61,""rsrq"":-10,""rssi"":-51,""snr"":null,""ta"":0,""level"":4,""bands"":""1""},{""type"":""LTE"",""pci"":298,""earfcn"":2600,""tac"":null,""rsrp"":-63,""rsrq"":-13,""rssi"":-51,""snr"":null,""ta"":0,""level"":4,""bands"":""5""},{""type"":""LTE"",""pci"":394,""earfcn"":2600,""tac"":null,""rsrp"":-65,""rsrq"":-16,""rssi"":-51,""snr"":null,""ta"":0,""level"":4,""bands"":""5""},{""type"":""LTE"",""pci"":174,""earfcn"":2600,""tac"":null,""rsrp"":-68,""rsrq"":-20,""rssi"":-51,""snr"":null,""ta"":0,""level"":4,""bands"":""5""},{""type"":""LTE"",""pci"":298,""earfcn"":100,""tac"":null,""rsrp"":-73,""rsrq"":-15,""rssi"":-51,""snr"":null,""ta"":0,""level"":4,""bands"":""1""},{""type"":""LTE"",""pci"":174,""earfcn"":100,""tac"":null,""rsrp"":-73,""rsrq"":-18,""rssi"":-51,""snr"":null,""ta"":0,""level"":4,""bands"":""1""},{""type"":""LTE"",""pci"":479,""earfcn"":100,""tac"":null,""rsrp"":-74,""rsrq"":-18,""rssi"":-51,""snr"":null,""ta"":0,""level"":4,""bands"":""1""},{""type"":""LTE"",""pci"":305,""earfcn"":3050,""tac"":null,""rsrp"":-77,""rsrq"":-14,""rssi"":-53,""snr"":null,""ta"":0,""level"":4,""bands"":""7""},{""type"":""LTE"",""pci"":174,""earfcn"":3050,""tac"":null,""rsrp"":-82,""rsrq"":-19,""rssi"":-53,""snr"":null,""ta"":0,""level"":4,""bands"":""7""},{""type"":""LTE"",""pci"":396,""earfcn"":3050,""tac"":null,""rsrp"":-83,""rsrq"":-18,""rssi"":-53,""snr"":null,""ta"":0,""level"":4,""bands"":""7""}]",1009.5359,55,0.459,0.459,53,0,,,,"[{""b"":""60:83:e7:ee:4e:1e"",""s"":""hi_order_5G_9969"",""r"":-56,""f"":2437},{""b"":""b4:a9:4f:a9:59:85"",""s"":""KT_GiGA_5981"",""r"":-59,""f"":2452},{""b"":""60:83:e7:ee:4e:1f"",""s"":""hi_order_5G_9969"",""r"":-59,""f"":5180},{""b"":""70:5d:cc:a3:9d:d2"",""s"":""일품양평"",""r"":-59,""f"":2447},{""b"":""b4:a9:4f:a9:59:84"",""s"":""KT_GiGA_5G_5981"",""r"":-64,""f"":5805},{""b"":""e6:97:64:15:2b:57"",""s"":"""",""r"":-66,""f"":2437},{""b"":""bc:10:2f:86:56:23"",""s"":""[system a\/c]_E30AJT0233970X"",""r"":-68,""f"":2412},{""b"":""7c:95:b1:79:57:a4"",""s"":"""",""r"":-70,""f"":5785},{""b"":""a2:08:ad:0d:a8:d5"",""s"":""민찬의 S25+"",""r"":-72,""f"":2412},{""b"":""42:2f:86:e9:0c:4e"",""s"":""AT_401_CST_570004_WW_0c4e"",""r"":-74,""f"":2462},{""b"":""88:36:6c:2f:45:e2"",""s"":""Davis"",""r"":-76,""f"":2417},{""b"":""1e:39:29:9c:65:d7"",""s"":""[LG_CeilingCassette A\/C]65d7"",""r"":-76,""f"":2462},{""b"":""58:86:94:60:1a:6e"",""s"":""Yujin222"",""r"":-77,""f"":2412},{""b"":""7c:95:b1:79:57:b4"",""s"":"""",""r"":-78,""f"":6775},{""b"":""4e:f7:70:bb:d7:56"",""s"":"""",""r"":-78,""f"":2437}]",""
1790677939148,2026-09-29 19:32:19,car,37.5386633,127.0736769,5.398,1.3217616,289.6567,42.20000076293945,fused,0,LTE,NR_NSA,5G,true,false,true,false,false,52545283,298,3050,7,8282,450,06,-67,-10,-51,0,4,0,,,,1995,65337,0.0160,0.5227,1975,65317,0.0158,0.5225,false,7,0,7,-58,394,2600,1.3217616,false,false,periodic,8,1,7,1,5000,,,,"[{""type"":""LTE"",""pci"":394,""earfcn"":2600,""tac"":null,""rsrp"":-58,""rsrq"":-13,""rssi"":-51,""snr"":null,""ta"":0,""level"":4,""bands"":""5""},{""type"":""LTE"",""pci"":305,""earfcn"":2600,""tac"":null,""rsrp"":-61,""rsrq"":-15,""rssi"":-51,""snr"":null,""ta"":0,""level"":4,""bands"":""5""},{""type"":""LTE"",""pci"":305,""earfcn"":100,""tac"":null,""rsrp"":-64,""rsrq"":-10,""rssi"":-51,""snr"":null,""ta"":0,""level"":4,""bands"":""1""},{""type"":""LTE"",""pci"":305,""earfcn"":3050,""tac"":null,""rsrp"":-72,""rsrq"":-13,""rssi"":-51,""snr"":null,""ta"":0,""level"":4,""bands"":""7""},{""type"":""LTE"",""pci"":298,""earfcn"":100,""tac"":null,""rsrp"":-72,""rsrq"":-16,""rssi"":-51,""snr"":null,""ta"":0,""level"":4,""bands"":""1""},{""type"":""LTE"",""pci"":174,""earfcn"":100,""tac"":null,""rsrp"":-73,""rsrq"":-19,""rssi"":-51,""snr"":null,""ta"":0,""level"":4,""bands"":""1""},{""type"":""LTE"",""pci"":396,""earfcn"":3050,""tac"":null,""rsrp"":-74,""rsrq"":-17,""rssi"":-51,""snr"":null,""ta"":0,""level"":4,""bands"":""7""}]",1009.54755,57,0.459,0.459,89,2,,,,"[{""b"":""b4:a9:4f:a9:59:85"",""s"":""KT_GiGA_5981"",""r"":-53,""f"":2452},{""b"":""bc:10:2f:86:56:23"",""s"":""[system a\/c]_E30AJT0233970X"",""r"":-57,""f"":2412},{""b"":""66:83:e7:ee:4e:1f"",""s"":"""",""r"":-58,""f"":5180},{""b"":""b4:a9:4f:a9:59:84"",""s"":""KT_GiGA_5G_5981"",""r"":-58,""f"":5805},{""b"":""60:83:e7:ee:4e:1f"",""s"":""hi_order_5G_9969"",""r"":-58,""f"":5180},{""b"":""7c:95:b1:79:57:a4"",""s"":"""",""r"":-61,""f"":5785},{""b"":""60:83:e7:ee:4e:1e"",""s"":""hi_order_5G_9969"",""r"":-61,""f"":2437},{""b"":""06:29:d5:1d:c5:41"",""s"":""U+zone_2.4GHz"",""r"":-65,""f"":2432},{""b"":""06:29:d5:1d:c5:40"",""s"":""Public WiFi Free LGU+"",""r"":-65,""f"":2432},{""b"":""06:29:d5:1d:c5:43"",""s"":""Public WiFi Secure_2G"",""r"":-66,""f"":2432},{""b"":""06:29:d5:1d:c5:42"",""s"":""FREE_U+zone_2.4GHz"",""r"":-66,""f"":2432},{""b"":""a2:08:ad:0d:a8:d5"",""s"":""민찬의 S25+"",""r"":-66,""f"":2412},{""b"":""70:5d:cc:d3:4a:2c"",""s"":""protein"",""r"":-66,""f"":2427},{""b"":""a8:ca:b9:04:10:0f"",""s"":"""",""r"":-69,""f"":2452},{""b"":""a8:ca:b9:04:10:0e"",""s"":""KONKUK-GUEST"",""r"":-70,""f"":2452}]",""
1790677944163,2026-09-29 19:32:24,car,37.538687,127.0736088,5.999,1.2513325,291.04263,42.099998474121094,fused,0,LTE,NR_NSA,5G,true,false,true,false,false,52545283,298,3050,7,8282,450,06,-67,-10,-51,0,4,0,,,,2361,65668,0.0189,0.5253,2321,65628,0.0186,0.5250,false,7,0,7,-58,394,2600,1.2513325,false,false,periodic,13,1,0,0,10018,,,,"[{""type"":""LTE"",""pci"":394,""earfcn"":2600,""tac"":null,""rsrp"":-58,""rsrq"":-13,""rssi"":-51,""snr"":null,""ta"":0,""level"":4,""bands"":""5""},{""type"":""LTE"",""pci"":305,""earfcn"":2600,""tac"":null,""rsrp"":-61,""rsrq"":-15,""rssi"":-51,""snr"":null,""ta"":0,""level"":4,""bands"":""5""},{""type"":""LTE"",""pci"":305,""earfcn"":100,""tac"":null,""rsrp"":-64,""rsrq"":-10,""rssi"":-51,""snr"":null,""ta"":0,""level"":4,""bands"":""1""},{""type"":""LTE"",""pci"":305,""earfcn"":3050,""tac"":null,""rsrp"":-72,""rsrq"":-13,""rssi"":-51,""snr"":null,""ta"":0,""level"":4,""bands"":""7""},{""type"":""LTE"",""pci"":298,""earfcn"":100,""tac"":null,""rsrp"":-72,""rsrq"":-16,""rssi"":-51,""snr"":null,""ta"":0,""level"":4,""bands"":""1""},{""type"":""LTE"",""pci"":174,""earfcn"":100,""tac"":null,""rsrp"":-73,""rsrq"":-19,""rssi"":-51,""snr"":null,""ta"":0,""level"":4,""bands"":""1""},{""type"":""LTE"",""pci"":396,""earfcn"":3050,""tac"":null,""rsrp"":-74,""rsrq"":-17,""rssi"":-51,""snr"":null,""ta"":0,""level"":4,""bands"":""7""}]",1009.5435,74,0.468,0.524,89,7,,,,"[{""b"":""b4:a9:4f:a9:59:85"",""s"":""KT_GiGA_5981"",""r"":-53,""f"":2452},{""b"":""bc:10:2f:86:56:23"",""s"":""[system a\/c]_E30AJT0233970X"",""r"":-57,""f"":2412},{""b"":""66:83:e7:ee:4e:1f"",""s"":"""",""r"":-58,""f"":5180},{""b"":""b4:a9:4f:a9:59:84"",""s"":""KT_GiGA_5G_5981"",""r"":-58,""f"":5805},{""b"":""60:83:e7:ee:4e:1f"",""s"":""hi_order_5G_9969"",""r"":-58,""f"":5180},{""b"":""7c:95:b1:79:57:a4"",""s"":"""",""r"":-61,""f"":5785},{""b"":""60:83:e7:ee:4e:1e"",""s"":""hi_order_5G_9969"",""r"":-61,""f"":2437},{""b"":""06:29:d5:1d:c5:41"",""s"":""U+zone_2.4GHz"",""r"":-65,""f"":2432},{""b"":""06:29:d5:1d:c5:40"",""s"":""Public WiFi Free LGU+"",""r"":-65,""f"":2432},{""b"":""06:29:d5:1d:c5:43"",""s"":""Public WiFi Secure_2G"",""r"":-66,""f"":2432},{""b"":""06:29:d5:1d:c5:42"",""s"":""FREE_U+zone_2.4GHz"",""r"":-66,""f"":2432},{""b"":""a2:08:ad:0d:a8:d5"",""s"":""민찬의 S25+"",""r"":-66,""f"":2412},{""b"":""70:5d:cc:d3:4a:2c"",""s"":""protein"",""r"":-66,""f"":2427},{""b"":""a8:ca:b9:04:10:0f"",""s"":"""",""r"":-69,""f"":2452},{""b"":""a8:ca:b9:04:10:0e"",""s"":""KONKUK-GUEST"",""r"":-70,""f"":2452}]",""
1790677945252,2026-09-29 19:32:25,car,37.5386974,127.073596,5.988,1.385097,305.69058,42.099998474121094,fused,0,LTE,NR_NSA,5G,true,false,true,false,false,52545281,305,3050,7,8282,450,06,-69,-11,-51,7,4,0,,,,2093,65175,0.0167,0.5214,2093,65175,0.0167,0.5214,false,7,0,7,-64,305,2600,1.385097,true,true,handover,0,2,,,6,52545283,-67,-10,"[{""type"":""LTE"",""pci"":305,""earfcn"":2600,""tac"":null,""rsrp"":-64,""rsrq"":-10,""rssi"":-51,""snr"":null,""ta"":0,""level"":4,""bands"":""5""},{""type"":""LTE"",""pci"":298,""earfcn"":2600,""tac"":null,""rsrp"":-64,""rsrq"":-8,""rssi"":-51,""snr"":null,""ta"":0,""level"":4,""bands"":""5""},{""type"":""LTE"",""pci"":305,""earfcn"":100,""tac"":null,""rsrp"":-68,""rsrq"":-12,""rssi"":-51,""snr"":null,""ta"":0,""level"":4,""bands"":""1""},{""type"":""LTE"",""pci"":298,""earfcn"":3050,""tac"":null,""rsrp"":-72,""rsrq"":-14,""rssi"":-51,""snr"":null,""ta"":0,""level"":4,""bands"":""7""},{""type"":""LTE"",""pci"":298,""earfcn"":100,""tac"":null,""rsrp"":-72,""rsrq"":-15,""rssi"":-51,""snr"":null,""ta"":0,""level"":4,""bands"":""1""},{""type"":""LTE"",""pci"":174,""earfcn"":100,""tac"":null,""rsrp"":-75,""rsrq"":-16,""rssi"":-51,""snr"":null,""ta"":0,""level"":4,""bands"":""1""},{""type"":""LTE"",""pci"":174,""earfcn"":2600,""tac"":null,""rsrp"":-79,""rsrq"":-20,""rssi"":-51,""snr"":null,""ta"":0,""level"":4,""bands"":""5""}]",1009.57904,74,0.459,0.524,89,8,,,,"[{""b"":""b4:a9:4f:a9:59:85"",""s"":""KT_GiGA_5981"",""r"":-53,""f"":2452},{""b"":""bc:10:2f:86:56:23"",""s"":""[system a\/c]_E30AJT0233970X"",""r"":-57,""f"":2412},{""b"":""66:83:e7:ee:4e:1f"",""s"":"""",""r"":-58,""f"":5180},{""b"":""b4:a9:4f:a9:59:84"",""s"":""KT_GiGA_5G_5981"",""r"":-58,""f"":5805},{""b"":""60:83:e7:ee:4e:1f"",""s"":""hi_order_5G_9969"",""r"":-58,""f"":5180},{""b"":""7c:95:b1:79:57:a4"",""s"":"""",""r"":-61,""f"":5785},{""b"":""60:83:e7:ee:4e:1e"",""s"":""hi_order_5G_9969"",""r"":-61,""f"":2437},{""b"":""06:29:d5:1d:c5:41"",""s"":""U+zone_2.4GHz"",""r"":-65,""f"":2432},{""b"":""06:29:d5:1d:c5:40"",""s"":""Public WiFi Free LGU+"",""r"":-65,""f"":2432},{""b"":""06:29:d5:1d:c5:43"",""s"":""Public WiFi Secure_2G"",""r"":-66,""f"":2432},{""b"":""06:29:d5:1d:c5:42"",""s"":""FREE_U+zone_2.4GHz"",""r"":-66,""f"":2432},{""b"":""a2:08:ad:0d:a8:d5"",""s"":""민찬의 S25+"",""r"":-66,""f"":2412},{""b"":""70:5d:cc:d3:4a:2c"",""s"":""protein"",""r"":-66,""f"":2427},{""b"":""a8:ca:b9:04:10:0f"",""s"":"""",""r"":-69,""f"":2452},{""b"":""a8:ca:b9:04:10:0e"",""s"":""KONKUK-GUEST"",""r"":-70,""f"":2452}]","[{""type"":""LTE"",""pci"":394,""earfcn"":2600,""tac"":null,""rsrp"":-58,""rsrq"":-13,""rssi"":-51,""snr"":null,""ta"":0,""level"":4,""bands"":""5""},{""type"":""LTE"",""pci"":305,""earfcn"":2600,""tac"":null,""rsrp"":-61,""rsrq"":-15,""rssi"":-51,""snr"":null,""ta"":0,""level"":4,""bands"":""5""},{""type"":""LTE"",""pci"":305,""earfcn"":100,""tac"":null,""rsrp"":-64,""rsrq"":-10,""rssi"":-51,""snr"":null,""ta"":0,""level"":4,""bands"":""1""},{""type"":""LTE"",""pci"":305,""earfcn"":3050,""tac"":null,""rsrp"":-72,""rsrq"":-13,""rssi"":-51,""snr"":null,""ta"":0,""level"":4,""bands"":""7""},{""type"":""LTE"",""pci"":298,""earfcn"":100,""tac"":null,""rsrp"":-72,""rsrq"":-16,""rssi"":-51,""snr"":null,""ta"":0,""level"":4,""bands"":""1""},{""type"":""LTE"",""pci"":174,""earfcn"":100,""tac"":null,""rsrp"":-73,""rsrq"":-19,""rssi"":-51,""snr"":null,""ta"":0,""level"":4,""bands"":""1""},{""type"":""LTE"",""pci"":396,""earfcn"":3050,""tac"":null,""rsrp"":-74,""rsrq"":-17,""rssi"":-51,""snr"":null,""ta"":0,""level"":4,""bands"":""7""}]"
1790677948167,2026-09-29 19:32:28,car,37.5387188,127.0735677,5.985,1.4683537,315.9315,42.39999771118164,fused,0,LTE,NR_NSA,5G,true,false,true,false,false,52545283,298,3050,7,8282,450,06,-64,-13,-51,7,4,1,,,,2344,64473,0.0188,0.5158,2310,64439,0.0185,0.5155,false,7,0,7,-64,305,2600,1.4683537,true,true,handover,0,3,,,3,52545281,-69,-11,"[{""type"":""LTE"",""pci"":305,""earfcn"":2600,""tac"":null,""rsrp"":-64,""rsrq"":-11,""rssi"":-51,""snr"":null,""ta"":1,""level"":4,""bands"":""5""},{""type"":""LTE"",""pci"":298,""earfcn"":100,""tac"":null,""rsrp"":-65,""rsrq"":-11,""rssi"":-51,""snr"":null,""ta"":1,""level"":4,""bands"":""1""},{""type"":""LTE"",""pci"":298,""earfcn"":2600,""tac"":null,""rsrp"":-65,""rsrq"":-9,""rssi"":-51,""snr"":null,""ta"":1,""level"":4,""bands"":""5""},{""type"":""LTE"",""pci"":174,""earfcn"":100,""tac"":null,""rsrp"":-71,""rsrq"":-19,""rssi"":-51,""snr"":null,""ta"":1,""level"":4,""bands"":""1""},{""type"":""LTE"",""pci"":305,""earfcn"":100,""tac"":null,""rsrp"":-73,""rsrq"":-15,""rssi"":-51,""snr"":null,""ta"":1,""level"":4,""bands"":""1""},{""type"":""LTE"",""pci"":305,""earfcn"":3050,""tac"":null,""rsrp"":-75,""rsrq"":-20,""rssi"":-51,""snr"":null,""ta"":1,""level"":4,""bands"":""7""},{""type"":""LTE"",""pci"":174,""earfcn"":2600,""tac"":null,""rsrp"":-76,""rsrq"":-20,""rssi"":-51,""snr"":null,""ta"":1,""level"":4,""bands"":""5""}]",1009.56836,68,0.459,0.459,77,2,,,,"[{""b"":""e6:97:64:15:2b:57"",""s"":"""",""r"":-63,""f"":2437},{""b"":""a2:08:ad:0d:a8:d5"",""s"":""민찬의 S25+"",""r"":-64,""f"":2412},{""b"":""20:db:ab:6d:94:4b"",""s"":"""",""r"":-69,""f"":2472},{""b"":""bc:10:2f:86:56:23"",""s"":""[system a\/c]_E30AJT0233970X"",""r"":-70,""f"":2412},{""b"":""60:83:e7:ee:4e:1f"",""s"":""hi_order_5G_9969"",""r"":-74,""f"":5180},{""b"":""b4:a9:4f:a6:fc:3a"",""s"":""KT_GiGA_FC36"",""r"":-74,""f"":2437},{""b"":""66:83:e7:ee:4e:1f"",""s"":"""",""r"":-75,""f"":5180},{""b"":""b4:a9:4f:a9:59:84"",""s"":""KT_GiGA_5G_5981"",""r"":-75,""f"":5805},{""b"":""20:db:ab:6b:00:4d"",""s"":""KONKUK-GUEST"",""r"":-75,""f"":2412},{""b"":""90:9f:33:ba:3f:22"",""s"":""iptime"",""r"":-76,""f"":2417},{""b"":""64:e5:99:e5:9d:80"",""s"":""rslab"",""r"":-76,""f"":2447},{""b"":""20:db:ab:6d:34:0c"",""s"":""eduroam"",""r"":-77,""f"":2432},{""b"":""42:2f:86:e9:0c:4e"",""s"":""AT_401_CST_570004_WW_0c4e"",""r"":-77,""f"":2462},{""b"":""20:db:ab:67:8f:ca"",""s"":"""",""r"":-77,""f"":2452},{""b"":""20:db:ab:6d:34:0a"",""s"":"""",""r"":-78,""f"":2432}]","[{""type"":""LTE"",""pci"":305,""earfcn"":2600,""tac"":null,""rsrp"":-64,""rsrq"":-10,""rssi"":-51,""snr"":null,""ta"":0,""level"":4,""bands"":""5""},{""type"":""LTE"",""pci"":298,""earfcn"":2600,""tac"":null,""rsrp"":-64,""rsrq"":-8,""rssi"":-51,""snr"":null,""ta"":0,""level"":4,""bands"":""5""},{""type"":""LTE"",""pci"":305,""earfcn"":100,""tac"":null,""rsrp"":-68,""rsrq"":-12,""rssi"":-51,""snr"":null,""ta"":0,""level"":4,""bands"":""1""},{""type"":""LTE"",""pci"":298,""earfcn"":3050,""tac"":null,""rsrp"":-72,""rsrq"":-14,""rssi"":-51,""snr"":null,""ta"":0,""level"":4,""bands"":""7""},{""type"":""LTE"",""pci"":298,""earfcn"":100,""tac"":null,""rsrp"":-72,""rsrq"":-15,""rssi"":-51,""snr"":null,""ta"":0,""level"":4,""bands"":""1""},{""type"":""LTE"",""pci"":174,""earfcn"":100,""tac"":null,""rsrp"":-75,""rsrq"":-16,""rssi"":-51,""snr"":null,""ta"":0,""level"":4,""bands"":""1""},{""type"":""LTE"",""pci"":174,""earfcn"":2600,""tac"":null,""rsrp"":-79,""rsrq"":-20,""rssi"":-51,""snr"":null,""ta"":0,""level"":4,""bands"":""5""}]"
1790677949192,2026-09-29 19:32:29,car,37.5387258,127.0735581,5.927,1.4561695,295.2821,42.39999771118164,fused,0,LTE,NR_NSA,5G,true,false,true,false,false,52545283,298,3050,7,8282,450,06,-64,-13,-51,7,4,1,,,,120679,125632,0.9654,1.0051,120679,125632,0.9654,1.0051,false,7,0,7,-64,305,2600,1.4561695,false,false,periodic,1,3,0,0,1028,,,,"[{""type"":""LTE"",""pci"":305,""earfcn"":2600,""tac"":null,""rsrp"":-64,""rsrq"":-11,""rssi"":-51,""snr"":null,""ta"":1,""level"":4,""bands"":""5""},{""type"":""LTE"",""pci"":298,""earfcn"":100,""tac"":null,""rsrp"":-65,""rsrq"":-11,""rssi"":-51,""snr"":null,""ta"":1,""level"":4,""bands"":""1""},{""type"":""LTE"",""pci"":298,""earfcn"":2600,""tac"":null,""rsrp"":-65,""rsrq"":-9,""rssi"":-51,""snr"":null,""ta"":1,""level"":4,""bands"":""5""},{""type"":""LTE"",""pci"":174,""earfcn"":100,""tac"":null,""rsrp"":-71,""rsrq"":-19,""rssi"":-51,""snr"":null,""ta"":1,""level"":4,""bands"":""1""},{""type"":""LTE"",""pci"":305,""earfcn"":100,""tac"":null,""rsrp"":-73,""rsrq"":-15,""rssi"":-51,""snr"":null,""ta"":1,""level"":4,""bands"":""1""},{""type"":""LTE"",""pci"":305,""earfcn"":3050,""tac"":null,""rsrp"":-75,""rsrq"":-20,""rssi"":-51,""snr"":null,""ta"":1,""level"":4,""bands"":""7""},{""type"":""LTE"",""pci"":174,""earfcn"":2600,""tac"":null,""rsrp"":-76,""rsrq"":-20,""rssi"":-51,""snr"":null,""ta"":1,""level"":4,""bands"":""5""}]",1009.63763,68,0.534,0.459,77,3,,,,"[{""b"":""e6:97:64:15:2b:57"",""s"":"""",""r"":-63,""f"":2437},{""b"":""a2:08:ad:0d:a8:d5"",""s"":""민찬의 S25+"",""r"":-64,""f"":2412},{""b"":""20:db:ab:6d:94:4b"",""s"":"""",""r"":-69,""f"":2472},{""b"":""bc:10:2f:86:56:23"",""s"":""[system a\/c]_E30AJT0233970X"",""r"":-70,""f"":2412},{""b"":""60:83:e7:ee:4e:1f"",""s"":""hi_order_5G_9969"",""r"":-74,""f"":5180},{""b"":""b4:a9:4f:a6:fc:3a"",""s"":""KT_GiGA_FC36"",""r"":-74,""f"":2437},{""b"":""66:83:e7:ee:4e:1f"",""s"":"""",""r"":-75,""f"":5180},{""b"":""b4:a9:4f:a9:59:84"",""s"":""KT_GiGA_5G_5981"",""r"":-75,""f"":5805},{""b"":""20:db:ab:6b:00:4d"",""s"":""KONKUK-GUEST"",""r"":-75,""f"":2412},{""b"":""90:9f:33:ba:3f:22"",""s"":""iptime"",""r"":-76,""f"":2417},{""b"":""64:e5:99:e5:9d:80"",""s"":""rslab"",""r"":-76,""f"":2447},{""b"":""20:db:ab:6d:34:0c"",""s"":""eduroam"",""r"":-77,""f"":2432},{""b"":""42:2f:86:e9:0c:4e"",""s"":""AT_401_CST_570004_WW_0c4e"",""r"":-77,""f"":2462},{""b"":""20:db:ab:67:8f:ca"",""s"":"""",""r"":-77,""f"":2452},{""b"":""20:db:ab:6d:34:0a"",""s"":"""",""r"":-78,""f"":2432}]",""
